event_id,audio_path,label,split,source_index,source_filename,sha256,provenance,beans_max_duration_s,duration_protocol,condition
test_6,/root/animal-omni-kv/data/beans/interventions/dogs_all/full_0-8k/test_6.wav,Mac,test,6,Mac-2-P-2f.wav,333f5f3caa43a64c2c717f2f877eaf28150c36130446bbb571ae8ee75dd3df77,hf:beans_dogs/test-00000-of-00001.parquet,10.0,mono_mean_prefix_truncate_zero_pad_before_qwen_resample,full_0-8k
test_6,/root/animal-omni-kv/data/beans/interventions/dogs_all/lp_0-1000/test_6.wav,Mac,test,6,Mac-2-P-2f.wav,333f5f3caa43a64c2c717f2f877eaf28150c36130446bbb571ae8ee75dd3df77,hf:beans_dogs/test-00000-of-00001.parquet,10.0,mono_mean_prefix_truncate_zero_pad_before_qwen_resample,lp_0-1000
test_16,/root/animal-omni-kv/data/beans/interventions/dogs_all/full_0-8k/test_16.wav,Mac,test,16,Mac-8-A-8.wav,1bd655b98a146267b00200375897eba4ac6f8ccda80019c1af0ffc386abca54a,hf:beans_dogs/test-00000-of-00001.parquet,10.0,mono_mean_prefix_truncate_zero_pad_before_qwen_resample,full_0-8k
test_16,/root/animal-omni-kv/data/beans/interventions/dogs_all/lp_0-1000/test_16.wav,Mac,test,16,Mac-8-A-8.wav,1bd655b98a146267b00200375897eba4ac6f8ccda80019c1af0ffc386abca54a,hf:beans_dogs/test-00000-of-00001.parquet,10.0,mono_mean_prefix_truncate_zero_pad_before_qwen_resample,lp_0-1000
test_18,/root/animal-omni-kv/data/beans/interventions/dogs_all/full_0-8k/test_18.wav,Mac,test,18,Mac-7-P-7b.wav,e7b80e77834a4194c91f7951eb73455b845fb3315bfa6bfc28e13387adbb1610,hf:beans_dogs/test-00000-of-00001.parquet,10.0,mono_mean_prefix_truncate_zero_pad_before_qwen_resample,full_0-8k
test_18,/root/animal-omni-kv/data/beans/interventions/dogs_all/lp_0-1000/test_18.wav,Mac,test,18,Mac-7-P-7b.wav,e7b80e77834a4194c91f7951eb73455b845fb3315bfa6bfc28e13387adbb1610,hf:beans_dogs/test-00000-of-00001.parquet,10.0,mono_mean_prefix_truncate_zero_pad_before_qwen_resample,lp_0-1000
test_19,/root/animal-omni-kv/data/beans/interventions/dogs_all/full_0-8k/test_19.wav,Mac,test,19,Mac-7-C-5a.wav,92301afb82c1bec0521a16a447f18c208f282603fa1b8d798c4a2f186263c724,hf:beans_dogs/test-00000-of-00001.parquet,10.0,mono_mean_prefix_truncate_zero_pad_before_qwen_resample,full_0-8k
test_19,/root/animal-omni-kv/data/beans/interventions/dogs_all/lp_0-1000/test_19.wav,Mac,test,19,Mac-7-C-5a.wav,92301afb82c1bec0521a16a447f18c208f282603fa1b8d798c4a2f186263c724,hf:beans_dogs/test-00000-of-00001.parquet,10.0,mono_mean_prefix_truncate_zero_pad_before_qwen_resample,lp_0-1000
test_20,/root/animal-omni-kv/data/beans/interventions/dogs_all/full_0-8k/test_20.wav,Mac,test,20,Mac-7-C-5b.wav,27c0fbecd20550b6d3e07166ff2d0d19b74068ee2b11298d467f7187c1db445d,hf:beans_dogs/test-00000-of-00001.parquet,10.0,mono_mean_prefix_truncate_zero_pad_before_qwen_resample,full_0-8k
test_20,/root/animal-omni-kv/data/beans/interventions/dogs_all/lp_0-1000/test_20.wav,Mac,test,20,Mac-7-C-5b.wav,27c0fbecd20550b6d3e07166ff2d0d19b74068ee2b11298d467f7187c1db445d,hf:beans_dogs/test-00000-of-00001.parquet,10.0,mono_mean_prefix_truncate_zero_pad_before_qwen_resample,lp_0-1000
test_32,/root/animal-omni-kv/data/beans/interventions/dogs_all/full_0-8k/test_32.wav,Mac,test,32,Mac-9-C-7f.wav,dc8e31d0378feb6d9ef7439a96edd724db20383be72419887ea460395966e2ef,hf:beans_dogs/test-00000-of-00001.parquet,10.0,mono_mean_prefix_truncate_zero_pad_before_qwen_resample,full_0-8k
test_32,/root/animal-omni-kv/data/beans/interventions/dogs_all/lp_0-1000/test_32.wav,Mac,test,32,Mac-9-C-7f.wav,dc8e31d0378feb6d9ef7439a96edd724db20383be72419887ea460395966e2ef,hf:beans_dogs/test-00000-of-00001.parquet,10.0,mono_mean_prefix_truncate_zero_pad_before_qwen_resample,lp_0-1000
test_33,/root/animal-omni-kv/data/beans/interventions/dogs_all/full_0-8k/test_33.wav,Mac,test,33,Mac-9-C-7e.wav,df921b55efc7f07b1a17a584b4bc58155c856930be8a051c8df5f7fffe349a61,hf:beans_dogs/test-00000-of-00001.parquet,10.0,mono_mean_prefix_truncate_zero_pad_before_qwen_resample,full_0-8k
test_33,/root/animal-omni-kv/data/beans/interventions/dogs_all/lp_0-1000/test_33.wav,Mac,test,33,Mac-9-C-7e.wav,df921b55efc7f07b1a17a584b4bc58155c856930be8a051c8df5f7fffe349a61,hf:beans_dogs/test-00000-of-00001.parquet,10.0,mono_mean_prefix_truncate_zero_pad_before_qwen_resample,lp_0-1000
test_40,/root/animal-omni-kv/data/beans/interventions/dogs_all/full_0-8k/test_40.wav,Mac,test,40,Mac-5-A-5.wav,3663026fadbeb642da172a3ec9fae141df86567f956b6ef4e9e05a1f87ab8fd4,hf:beans_dogs/test-00000-of-00001.parquet,10.0,mono_mean_prefix_truncate_zero_pad_before_qwen_resample,full_0-8k
test_40,/root/animal-omni-kv/data/beans/interventions/dogs_all/lp_0-1000/test_40.wav,Mac,test,40,Mac-5-A-5.wav,3663026fadbeb642da172a3ec9fae141df86567f956b6ef4e9e05a1f87ab8fd4,hf:beans_dogs/test-00000-of-00001.parquet,10.0,mono_mean_prefix_truncate_zero_pad_before_qwen_resample,lp_0-1000
test_53,/root/animal-omni-kv/data/beans/interventions/dogs_all/full_0-8k/test_53.wav,Mac,test,53,Mac-11-C-9a.wav,04464efcd15d5933b3cf6ebfdfe147ba6cacedf363399cb6b986833ad5853862,hf:beans_dogs/test-00000-of-00001.parquet,10.0,mono_mean_prefix_truncate_zero_pad_before_qwen_resample,full_0-8k
test_53,/root/animal-omni-kv/data/beans/interventions/dogs_all/lp_0-1000/test_53.wav,Mac,test,53,Mac-11-C-9a.wav,04464efcd15d5933b3cf6ebfdfe147ba6cacedf363399cb6b986833ad5853862,hf:beans_dogs/test-00000-of-00001.parquet,10.0,mono_mean_prefix_truncate_zero_pad_before_qwen_resample,lp_0-1000
test_58,/root/animal-omni-kv/data/beans/interventions/dogs_all/full_0-8k/test_58.wav,Mac,test,58,Mac-1-C-1d.wav,b2f0f4edab95d9528b74b08aa6527012f320cc4f42da96c78ae85e94d5017cd7,hf:beans_dogs/test-00000-of-00001.parquet,10.0,mono_mean_prefix_truncate_zero_pad_before_qwen_resample,full_0-8k
test_58,/root/animal-omni-kv/data/beans/interventions/dogs_all/lp_0-1000/test_58.wav,Mac,test,58,Mac-1-C-1d.wav,b2f0f4edab95d9528b74b08aa6527012f320cc4f42da96c78ae85e94d5017cd7,hf:beans_dogs/test-00000-of-00001.parquet,10.0,mono_mean_prefix_truncate_zero_pad_before_qwen_resample,lp_0-1000
test_60,/root/animal-omni-kv/data/beans/interventions/dogs_all/full_0-8k/test_60.wav,Mac,test,60,Mac-1-C-1b.wav,50cb8733b34c2574af498b3b59d1e1ed2c330086b77617f12e04c424d1ebcae9,hf:beans_dogs/test-00000-of-00001.parquet,10.0,mono_mean_prefix_truncate_zero_pad_before_qwen_resample,full_0-8k
test_60,/root/animal-omni-kv/data/beans/interventions/dogs_all/lp_0-1000/test_60.wav,Mac,test,60,Mac-1-C-1b.wav,50cb8733b34c2574af498b3b59d1e1ed2c330086b77617f12e04c424d1ebcae9,hf:beans_dogs/test-00000-of-00001.parquet,10.0,mono_mean_prefix_truncate_zero_pad_before_qwen_resample,lp_0-1000
test_62,/root/animal-omni-kv/data/beans/interventions/dogs_all/full_0-8k/test_62.wav,Mac,test,62,Mac-1-C-1i.wav,fb54c9fa815c18597a98bbe9db2857ef295935867a80e929e7c93d86a82b4a37,hf:beans_dogs/test-00000-of-00001.parquet,10.0,mono_mean_prefix_truncate_zero_pad_before_qwen_resample,full_0-8k
test_62,/root/animal-omni-kv/data/beans/interventions/dogs_all/lp_0-1000/test_62.wav,Mac,test,62,Mac-1-C-1i.wav,fb54c9fa815c18597a98bbe9db2857ef295935867a80e929e7c93d86a82b4a37,hf:beans_dogs/test-00000-of-00001.parquet,10.0,mono_mean_prefix_truncate_zero_pad_before_qwen_resample,lp_0-1000
test_66,/root/animal-omni-kv/data/beans/interventions/dogs_all/full_0-8k/test_66.wav,Mac,test,66,Mac-1-C-1g.wav,5da596cef7488d068053d06d5418dba496a9cd2bf5077a715660f8f827d92375,hf:beans_dogs/test-00000-of-00001.parquet,10.0,mono_mean_prefix_truncate_zero_pad_before_qwen_resample,full_0-8k
test_66,/root/animal-omni-kv/data/beans/interventions/dogs_all/lp_0-1000/test_66.wav,Mac,test,66,Mac-1-C-1g.wav,5da596cef7488d068053d06d5418dba496a9cd2bf5077a715660f8f827d92375,hf:beans_dogs/test-00000-of-00001.parquet,10.0,mono_mean_prefix_truncate_zero_pad_before_qwen_resample,lp_0-1000
test_67,/root/animal-omni-kv/data/beans/interventions/dogs_all/full_0-8k/test_67.wav,Mac,test,67,Mac-1-P-1a.wav,b586a10383cb107330f5a9c918df4f12fcb910b79b2731b727eee1d4fab44d68,hf:beans_dogs/test-00000-of-00001.parquet,10.0,mono_mean_prefix_truncate_zero_pad_before_qwen_resample,full_0-8k
test_67,/root/animal-omni-kv/data/beans/interventions/dogs_all/lp_0-1000/test_67.wav,Mac,test,67,Mac-1-P-1a.wav,b586a10383cb107330f5a9c918df4f12fcb910b79b2731b727eee1d4fab44d68,hf:beans_dogs/test-00000-of-00001.parquet,10.0,mono_mean_prefix_truncate_zero_pad_before_qwen_resample,lp_0-1000
test_78,/root/animal-omni-kv/data/beans/interventions/dogs_all/full_0-8k/test_78.wav,Mac,test,78,Mac-6-P-6b.wav,8cca9a24b9372b9761f2be0a39e3085a12434f8ba90df5d2a54f402081b8fb22,hf:beans_dogs/test-00000-of-00001.parquet,10.0,mono_mean_prefix_truncate_zero_pad_before_qwen_resample,full_0-8k
test_78,/root/animal-omni-kv/data/beans/interventions/dogs_all/lp_0-1000/test_78.wav,Mac,test,78,Mac-6-P-6b.wav,8cca9a24b9372b9761f2be0a39e3085a12434f8ba90df5d2a54f402081b8fb22,hf:beans_dogs/test-00000-of-00001.parquet,10.0,mono_mean_prefix_truncate_zero_pad_before_qwen_resample,lp_0-1000
test_80,/root/animal-omni-kv/data/beans/interventions/dogs_all/full_0-8k/test_80.wav,Mac,test,80,Mac-6-P-6a.wav,b4298d9395414c42619395d94c97bf7738ceb7f2596bc5292eb1d82ef8b49c57,hf:beans_dogs/test-00000-of-00001.parquet,10.0,mono_mean_prefix_truncate_zero_pad_before_qwen_resample,full_0-8k
test_80,/root/animal-omni-kv/data/beans/interventions/dogs_all/lp_0-1000/test_80.wav,Mac,test,80,Mac-6-P-6a.wav,b4298d9395414c42619395d94c97bf7738ceb7f2596bc5292eb1d82ef8b49c57,hf:beans_dogs/test-00000-of-00001.parquet,10.0,mono_mean_prefix_truncate_zero_pad_before_qwen_resample,lp_0-1000
test_81,/root/animal-omni-kv/data/beans/interventions/dogs_all/full_0-8k/test_81.wav,Mac,test,81,Mac-6-C-4.wav,c33eb22e430e69befe754c57938df2e8afea0b05f3daaec4b61944d90185bbe1,hf:beans_dogs/test-00000-of-00001.parquet,10.0,mono_mean_prefix_truncate_zero_pad_before_qwen_resample,full_0-8k
test_81,/root/animal-omni-kv/data/beans/interventions/dogs_all/lp_0-1000/test_81.wav,Mac,test,81,Mac-6-C-4.wav,c33eb22e430e69befe754c57938df2e8afea0b05f3daaec4b61944d90185bbe1,hf:beans_dogs/test-00000-of-00001.parquet,10.0,mono_mean_prefix_truncate_zero_pad_before_qwen_resample,lp_0-1000
test_82,/root/animal-omni-kv/data/beans/interventions/dogs_all/full_0-8k/test_82.wav,Mac,test,82,Mac-6-A-6.wav,1bda1fb16455cd2cbb79f370b50d2ce994a47b49c2c15315c828d8bcd9437b69,hf:beans_dogs/test-00000-of-00001.parquet,10.0,mono_mean_prefix_truncate_zero_pad_before_qwen_resample,full_0-8k
test_82,/root/animal-omni-kv/data/beans/interventions/dogs_all/lp_0-1000/test_82.wav,Mac,test,82,Mac-6-A-6.wav,1bda1fb16455cd2cbb79f370b50d2ce994a47b49c2c15315c828d8bcd9437b69,hf:beans_dogs/test-00000-of-00001.parquet,10.0,mono_mean_prefix_truncate_zero_pad_before_qwen_resample,lp_0-1000
test_92,/root/animal-omni-kv/data/beans/interventions/dogs_all/full_0-8k/test_92.wav,Rudy,test,92,Rudy-2-A-2.wav,97da8d24af9ae73fa4a9f0e4e884c162e82251cc32f2870bacdb80cff0f21f85,hf:beans_dogs/test-00000-of-00001.parquet,10.0,mono_mean_prefix_truncate_zero_pad_before_qwen_resample,full_0-8k
test_92,/root/animal-omni-kv/data/beans/interventions/dogs_all/lp_0-1000/test_92.wav,Rudy,test,92,Rudy-2-A-2.wav,97da8d24af9ae73fa4a9f0e4e884c162e82251cc32f2870bacdb80cff0f21f85,hf:beans_dogs/test-00000-of-00001.parquet,10.0,mono_mean_prefix_truncate_zero_pad_before_qwen_resample,lp_0-1000
test_93,/root/animal-omni-kv/data/beans/interventions/dogs_all/full_0-8k/test_93.wav,Rudy,test,93,Rudy-2-P-2e.wav,2426b5a484399c1b4fc23061a4219ab1986079b0d25bf41240203fb8d4cdfb44,hf:beans_dogs/test-00000-of-00001.parquet,10.0,mono_mean_prefix_truncate_zero_pad_before_qwen_resample,full_0-8k
test_93,/root/animal-omni-kv/data/beans/interventions/dogs_all/lp_0-1000/test_93.wav,Rudy,test,93,Rudy-2-P-2e.wav,2426b5a484399c1b4fc23061a4219ab1986079b0d25bf41240203fb8d4cdfb44,hf:beans_dogs/test-00000-of-00001.parquet,10.0,mono_mean_prefix_truncate_zero_pad_before_qwen_resample,lp_0-1000
test_94,/root/animal-omni-kv/data/beans/interventions/dogs_all/full_0-8k/test_94.wav,Rudy,test,94,Rudy-2-P-2b.wav,917356c990256ec24da207db9d8764947e583cd72fe8ae4a67fcd00befeff9a2,hf:beans_dogs/test-00000-of-00001.parquet,10.0,mono_mean_prefix_truncate_zero_pad_before_qwen_resample,full_0-8k
test_94,/root/animal-omni-kv/data/beans/interventions/dogs_all/lp_0-1000/test_94.wav,Rudy,test,94,Rudy-2-P-2b.wav,917356c990256ec24da207db9d8764947e583cd72fe8ae4a67fcd00befeff9a2,hf:beans_dogs/test-00000-of-00001.parquet,10.0,mono_mean_prefix_truncate_zero_pad_before_qwen_resample,lp_0-1000
test_103,/root/animal-omni-kv/data/beans/interventions/dogs_all/full_0-8k/test_103.wav,Rudy,test,103,Rudy-3-P-3d.wav,4f2ee4e091e0744cd98baca36e65387c8e208dd0cb39ceacfd033fc20a5de10b,hf:beans_dogs/test-00000-of-00001.parquet,10.0,mono_mean_prefix_truncate_zero_pad_before_qwen_resample,full_0-8k
test_103,/root/animal-omni-kv/data/beans/interventions/dogs_all/lp_0-1000/test_103.wav,Rudy,test,103,Rudy-3-P-3d.wav,4f2ee4e091e0744cd98baca36e65387c8e208dd0cb39ceacfd033fc20a5de10b,hf:beans_dogs/test-00000-of-00001.parquet,10.0,mono_mean_prefix_truncate_zero_pad_before_qwen_resample,lp_0-1000
test_115,/root/animal-omni-kv/data/beans/interventions/dogs_all/full_0-8k/test_115.wav,Siggy,test,115,Siggy-5-C-5b.wav,61d108019485c5cd0c5cd6d5cc0cf4f06a359522b83a33410ac99796a4afdb25,hf:beans_dogs/test-00000-of-00001.parquet,10.0,mono_mean_prefix_truncate_zero_pad_before_qwen_resample,full_0-8k
test_115,/root/animal-omni-kv/data/beans/interventions/dogs_all/lp_0-1000/test_115.wav,Siggy,test,115,Siggy-5-C-5b.wav,61d108019485c5cd0c5cd6d5cc0cf4f06a359522b83a33410ac99796a4afdb25,hf:beans_dogs/test-00000-of-00001.parquet,10.0,mono_mean_prefix_truncate_zero_pad_before_qwen_resample,lp_0-1000
test_118,/root/animal-omni-kv/data/beans/interventions/dogs_all/full_0-8k/test_118.wav,Siggy,test,118,Siggy-5-C-5c.wav,67d9ae7ea207d1cf9fec914d23f1003de04ea757e2a1e1818c3ebdb12d36655f,hf:beans_dogs/test-00000-of-00001.parquet,10.0,mono_mean_prefix_truncate_zero_pad_before_qwen_resample,full_0-8k
test_118,/root/animal-omni-kv/data/beans/interventions/dogs_all/lp_0-1000/test_118.wav,Siggy,test,118,Siggy-5-C-5c.wav,67d9ae7ea207d1cf9fec914d23f1003de04ea757e2a1e1818c3ebdb12d36655f,hf:beans_dogs/test-00000-of-00001.parquet,10.0,mono_mean_prefix_truncate_zero_pad_before_qwen_resample,lp_0-1000
test_123,/root/animal-omni-kv/data/beans/interventions/dogs_all/full_0-8k/test_123.wav,Siggy,test,123,Siggy-7-P-7c.wav,a36c4535cf433056928019d8bf8482bcdb1ce4b882d31a430c0ff85b1f1bb239,hf:beans_dogs/test-00000-of-00001.parquet,10.0,mono_mean_prefix_truncate_zero_pad_before_qwen_resample,full_0-8k
test_123,/root/animal-omni-kv/data/beans/interventions/dogs_all/lp_0-1000/test_123.wav,Siggy,test,123,Siggy-7-P-7c.wav,a36c4535cf433056928019d8bf8482bcdb1ce4b882d31a430c0ff85b1f1bb239,hf:beans_dogs/test-00000-of-00001.parquet,10.0,mono_mean_prefix_truncate_zero_pad_before_qwen_resample,lp_0-1000
test_126,/root/animal-omni-kv/data/beans/interventions/dogs_all/full_0-8k/test_126.wav,Siggy,test,126,Siggy-7-P-7e.wav,e3e80c24d8c974bbf341317fa36ac4c5ef4ea4216c95417a7901c1cb1205fcc4,hf:beans_dogs/test-00000-of-00001.parquet,10.0,mono_mean_prefix_truncate_zero_pad_before_qwen_resample,full_0-8k
test_126,/root/animal-omni-kv/data/beans/interventions/dogs_all/lp_0-1000/test_126.wav,Siggy,test,126,Siggy-7-P-7e.wav,e3e80c24d8c974bbf341317fa36ac4c5ef4ea4216c95417a7901c1cb1205fcc4,hf:beans_dogs/test-00000-of-00001.parquet,10.0,mono_mean_prefix_truncate_zero_pad_before_qwen_resample,lp_0-1000
test_129,/root/animal-omni-kv/data/beans/interventions/dogs_all/full_0-8k/test_129.wav,Siggy,test,129,Siggy-9-C-9c.wav,05f59e753f8a7b168f9d1ca9c2f7d0ba0074c4fc118de3f25e4085e363317c59,hf:beans_dogs/test-00000-of-00001.parquet,10.0,mono_mean_prefix_truncate_zero_pad_before_qwen_resample,full_0-8k
test_129,/root/animal-omni-kv/data/beans/interventions/dogs_all/lp_0-1000/test_129.wav,Siggy,test,129,Siggy-9-C-9c.wav,05f59e753f8a7b168f9d1ca9c2f7d0ba0074c4fc118de3f25e4085e363317c59,hf:beans_dogs/test-00000-of-00001.parquet,10.0,mono_mean_prefix_truncate_zero_pad_before_qwen_resample,lp_0-1000
test_130,/root/animal-omni-kv/data/beans/interventions/dogs_all/full_0-8k/test_130.wav,Siggy,test,130,Siggy-9-P-8b.wav,e55e6f4520853ae07b253e5b13c2e5e50f1ab8575831d723a69ba301f7f57b17,hf:beans_dogs/test-00000-of-00001.parquet,10.0,mono_mean_prefix_truncate_zero_pad_before_qwen_resample,full_0-8k
test_130,/root/animal-omni-kv/data/beans/interventions/dogs_all/lp_0-1000/test_130.wav,Siggy,test,130,Siggy-9-P-8b.wav,e55e6f4520853ae07b253e5b13c2e5e50f1ab8575831d723a69ba301f7f57b17,hf:beans_dogs/test-00000-of-00001.parquet,10.0,mono_mean_prefix_truncate_zero_pad_before_qwen_resample,lp_0-1000
test_131,/root/animal-omni-kv/data/beans/interventions/dogs_all/full_0-8k/test_131.wav,Siggy,test,131,Siggy-9-C-9b.wav,f246fc2ffc05361bddca77839c4a57ac8acb794022e8672eafab7857b33a8bf4,hf:beans_dogs/test-00000-of-00001.parquet,10.0,mono_mean_prefix_truncate_zero_pad_before_qwen_resample,full_0-8k
test_131,/root/animal-omni-kv/data/beans/interventions/dogs_all/lp_0-1000/test_131.wav,Siggy,test,131,Siggy-9-C-9b.wav,f246fc2ffc05361bddca77839c4a57ac8acb794022e8672eafab7857b33a8bf4,hf:beans_dogs/test-00000-of-00001.parquet,10.0,mono_mean_prefix_truncate_zero_pad_before_qwen_resample,lp_0-1000
test_136,/root/animal-omni-kv/data/beans/interventions/dogs_all/full_0-8k/test_136.wav,Siggy,test,136,Siggy-9-A-9.wav,133a9bdba6b694d77dc11958fba549b5c2e717d68fe2339b67e6346f137fb1c3,hf:beans_dogs/test-00000-of-00001.parquet,10.0,mono_mean_prefix_truncate_zero_pad_before_qwen_resample,full_0-8k
test_136,/root/animal-omni-kv/data/beans/interventions/dogs_all/lp_0-1000/test_136.wav,Siggy,test,136,Siggy-9-A-9.wav,133a9bdba6b694d77dc11958fba549b5c2e717d68fe2339b67e6346f137fb1c3,hf:beans_dogs/test-00000-of-00001.parquet,10.0,mono_mean_prefix_truncate_zero_pad_before_qwen_resample,lp_0-1000
test_141,/root/animal-omni-kv/data/beans/interventions/dogs_all/full_0-8k/test_141.wav,Siggy,test,141,Siggy-2-C-2a.wav,d2ec36033e0b04cf4c496de9bae7dca66e42de36bb5a9af864b522a5c975310f,hf:beans_dogs/test-00000-of-00001.parquet,10.0,mono_mean_prefix_truncate_zero_pad_before_qwen_resample,full_0-8k
test_141,/root/animal-omni-kv/data/beans/interventions/dogs_all/lp_0-1000/test_141.wav,Siggy,test,141,Siggy-2-C-2a.wav,d2ec36033e0b04cf4c496de9bae7dca66e42de36bb5a9af864b522a5c975310f,hf:beans_dogs/test-00000-of-00001.parquet,10.0,mono_mean_prefix_truncate_zero_pad_before_qwen_resample,lp_0-1000
test_143,/root/animal-omni-kv/data/beans/interventions/dogs_all/full_0-8k/test_143.wav,Siggy,test,143,Siggy-2-C-2b.wav,38bcf6f84bcc339d6de42aec1d1bc6e9517302a697f4c37b3495209a67553fb7,hf:beans_dogs/test-00000-of-00001.parquet,10.0,mono_mean_prefix_truncate_zero_pad_before_qwen_resample,full_0-8k
test_143,/root/animal-omni-kv/data/beans/interventions/dogs_all/lp_0-1000/test_143.wav,Siggy,test,143,Siggy-2-C-2b.wav,38bcf6f84bcc339d6de42aec1d1bc6e9517302a697f4c37b3495209a67553fb7,hf:beans_dogs/test-00000-of-00001.parquet,10.0,mono_mean_prefix_truncate_zero_pad_before_qwen_resample,lp_0-1000
test_147,/root/animal-omni-kv/data/beans/interventions/dogs_all/full_0-8k/test_147.wav,Siggy,test,147,Siggy-1-C-1d.wav,238e1b88045a7c273013142e8968f1c0967068e1dfbc870415cf47e8be177bfd,hf:beans_dogs/test-00000-of-00001.parquet,10.0,mono_mean_prefix_truncate_zero_pad_before_qwen_resample,full_0-8k
test_147,/root/animal-omni-kv/data/beans/interventions/dogs_all/lp_0-1000/test_147.wav,Siggy,test,147,Siggy-1-C-1d.wav,238e1b88045a7c273013142e8968f1c0967068e1dfbc870415cf47e8be177bfd,hf:beans_dogs/test-00000-of-00001.parquet,10.0,mono_mean_prefix_truncate_zero_pad_before_qwen_resample,lp_0-1000
test_155,/root/animal-omni-kv/data/beans/interventions/dogs_all/full_0-8k/test_155.wav,Siggy,test,155,Siggy-1-C-1e.wav,b927fddd89e4c53308c4e3eb59cfca9bde78dc1b835b542b4f9ac184d5b69a79,hf:beans_dogs/test-00000-of-00001.parquet,10.0,mono_mean_prefix_truncate_zero_pad_before_qwen_resample,full_0-8k
test_155,/root/animal-omni-kv/data/beans/interventions/dogs_all/lp_0-1000/test_155.wav,Siggy,test,155,Siggy-1-C-1e.wav,b927fddd89e4c53308c4e3eb59cfca9bde78dc1b835b542b4f9ac184d5b69a79,hf:beans_dogs/test-00000-of-00001.parquet,10.0,mono_mean_prefix_truncate_zero_pad_before_qwen_resample,lp_0-1000
test_170,/root/animal-omni-kv/data/beans/interventions/dogs_all/full_0-8k/test_170.wav,Siggy,test,170,Siggy-4-C-4a.wav,b0d01fa2e143607bba700df7b53b563942408094159e7c14b9436bfdf89d9890,hf:beans_dogs/test-00000-of-00001.parquet,10.0,mono_mean_prefix_truncate_zero_pad_before_qwen_resample,full_0-8k
test_170,/root/animal-omni-kv/data/beans/interventions/dogs_all/lp_0-1000/test_170.wav,Siggy,test,170,Siggy-4-C-4a.wav,b0d01fa2e143607bba700df7b53b563942408094159e7c14b9436bfdf89d9890,hf:beans_dogs/test-00000-of-00001.parquet,10.0,mono_mean_prefix_truncate_zero_pad_before_qwen_resample,lp_0-1000
test_172,/root/animal-omni-kv/data/beans/interventions/dogs_all/full_0-8k/test_172.wav,Siggy,test,172,Siggy-4-P-4a.wav,77f49a07e39cd6c81351b6fb72cfafaa740b62bad95f34ffc056c9622ec30205,hf:beans_dogs/test-00000-of-00001.parquet,10.0,mono_mean_prefix_truncate_zero_pad_before_qwen_resample,full_0-8k
test_172,/root/animal-omni-kv/data/beans/interventions/dogs_all/lp_0-1000/test_172.wav,Siggy,test,172,Siggy-4-P-4a.wav,77f49a07e39cd6c81351b6fb72cfafaa740b62bad95f34ffc056c9622ec30205,hf:beans_dogs/test-00000-of-00001.parquet,10.0,mono_mean_prefix_truncate_zero_pad_before_qwen_resample,lp_0-1000
test_181,/root/animal-omni-kv/data/beans/interventions/dogs_all/full_0-8k/test_181.wav,Louie,test,181,Louie-5-A-5c.wav,e34848ff9287b99d4873f10222bda6ae45ab8d01226196dfb149f6e9f5a95afb,hf:beans_dogs/test-00000-of-00001.parquet,10.0,mono_mean_prefix_truncate_zero_pad_before_qwen_resample,full_0-8k
test_181,/root/animal-omni-kv/data/beans/interventions/dogs_all/lp_0-1000/test_181.wav,Louie,test,181,Louie-5-A-5c.wav,e34848ff9287b99d4873f10222bda6ae45ab8d01226196dfb149f6e9f5a95afb,hf:beans_dogs/test-00000-of-00001.parquet,10.0,mono_mean_prefix_truncate_zero_pad_before_qwen_resample,lp_0-1000
test_182,/root/animal-omni-kv/data/beans/interventions/dogs_all/full_0-8k/test_182.wav,Louie,test,182,Louie-5-A-5b.wav,4b8f73c741b1331c9cef9f53a9fed37a1845a960f9993a5f686017514daefb35,hf:beans_dogs/test-00000-of-00001.parquet,10.0,mono_mean_prefix_truncate_zero_pad_before_qwen_resample,full_0-8k
test_182,/root/animal-omni-kv/data/beans/interventions/dogs_all/lp_0-1000/test_182.wav,Louie,test,182,Louie-5-A-5b.wav,4b8f73c741b1331c9cef9f53a9fed37a1845a960f9993a5f686017514daefb35,hf:beans_dogs/test-00000-of-00001.parquet,10.0,mono_mean_prefix_truncate_zero_pad_before_qwen_resample,lp_0-1000
test_184,/root/animal-omni-kv/data/beans/interventions/dogs_all/full_0-8k/test_184.wav,Louie,test,184,Louie-1-C-1d.wav,2e67a7136163a07fa338b45e1c660434eb9a241329844a935efe4c8c065e2d1e,hf:beans_dogs/test-00000-of-00001.parquet,10.0,mono_mean_prefix_truncate_zero_pad_before_qwen_resample,full_0-8k
test_184,/root/animal-omni-kv/data/beans/interventions/dogs_all/lp_0-1000/test_184.wav,Louie,test,184,Louie-1-C-1d.wav,2e67a7136163a07fa338b45e1c660434eb9a241329844a935efe4c8c065e2d1e,hf:beans_dogs/test-00000-of-00001.parquet,10.0,mono_mean_prefix_truncate_zero_pad_before_qwen_resample,lp_0-1000
test_188,/root/animal-omni-kv/data/beans/interventions/dogs_all/full_0-8k/test_188.wav,Louie,test,188,Louie-1-C-1e.wav,40a0070db13041c342676557e429a9a355ec31c200e1f48cc441189805bfaa14,hf:beans_dogs/test-00000-of-00001.parquet,10.0,mono_mean_prefix_truncate_zero_pad_before_qwen_resample,full_0-8k
test_188,/root/animal-omni-kv/data/beans/interventions/dogs_all/lp_0-1000/test_188.wav,Louie,test,188,Louie-1-C-1e.wav,40a0070db13041c342676557e429a9a355ec31c200e1f48cc441189805bfaa14,hf:beans_dogs/test-00000-of-00001.parquet,10.0,mono_mean_prefix_truncate_zero_pad_before_qwen_resample,lp_0-1000
test_190,/root/animal-omni-kv/data/beans/interventions/dogs_all/full_0-8k/test_190.wav,Louie,test,190,Louie-1-C-1c.wav,c817e9ef9d37f8878b2b42e3d9040a2098f735ed113ec07c8536217bf139a537,hf:beans_dogs/test-00000-of-00001.parquet,10.0,mono_mean_prefix_truncate_zero_pad_before_qwen_resample,full_0-8k
test_190,/root/animal-omni-kv/data/beans/interventions/dogs_all/lp_0-1000/test_190.wav,Louie,test,190,Louie-1-C-1c.wav,c817e9ef9d37f8878b2b42e3d9040a2098f735ed113ec07c8536217bf139a537,hf:beans_dogs/test-00000-of-00001.parquet,10.0,mono_mean_prefix_truncate_zero_pad_before_qwen_resample,lp_0-1000
test_209,/root/animal-omni-kv/data/beans/interventions/dogs_all/full_0-8k/test_209.wav,Louie,test,209,Louis-2-A-2a.wav,e7ac75a94afd465644256a07416cea301418cc2b8c6a7b57c2ae5c987050563d,hf:beans_dogs/test-00000-of-00001.parquet,10.0,mono_mean_prefix_truncate_zero_pad_before_qwen_resample,full_0-8k
test_209,/root/animal-omni-kv/data/beans/interventions/dogs_all/lp_0-1000/test_209.wav,Louie,test,209,Louis-2-A-2a.wav,e7ac75a94afd465644256a07416cea301418cc2b8c6a7b57c2ae5c987050563d,hf:beans_dogs/test-00000-of-00001.parquet,10.0,mono_mean_prefix_truncate_zero_pad_before_qwen_resample,lp_0-1000
test_210,/root/animal-omni-kv/data/beans/interventions/dogs_all/full_0-8k/test_210.wav,Louie,test,210,Louis-2-P-2.wav,b95a0a4ad82abe18583a0ae3e8af506803983753d290f36abdb3b88019d9546b,hf:beans_dogs/test-00000-of-00001.parquet,10.0,mono_mean_prefix_truncate_zero_pad_before_qwen_resample,full_0-8k
test_210,/root/animal-omni-kv/data/beans/interventions/dogs_all/lp_0-1000/test_210.wav,Louie,test,210,Louis-2-P-2.wav,b95a0a4ad82abe18583a0ae3e8af506803983753d290f36abdb3b88019d9546b,hf:beans_dogs/test-00000-of-00001.parquet,10.0,mono_mean_prefix_truncate_zero_pad_before_qwen_resample,lp_0-1000
test_213,/root/animal-omni-kv/data/beans/interventions/dogs_all/full_0-8k/test_213.wav,Zoe,test,213,Zoe-8-C-5c(7_18_00).wav,1dfa06f0241a108ebaae72e744c795d67ed3402aa41e29bb355d1eaf75a0a502,hf:beans_dogs/test-00000-of-00001.parquet,10.0,mono_mean_prefix_truncate_zero_pad_before_qwen_resample,full_0-8k
test_213,/root/animal-omni-kv/data/beans/interventions/dogs_all/lp_0-1000/test_213.wav,Zoe,test,213,Zoe-8-C-5c(7_18_00).wav,1dfa06f0241a108ebaae72e744c795d67ed3402aa41e29bb355d1eaf75a0a502,hf:beans_dogs/test-00000-of-00001.parquet,10.0,mono_mean_prefix_truncate_zero_pad_before_qwen_resample,lp_0-1000
test_216,/root/animal-omni-kv/data/beans/interventions/dogs_all/full_0-8k/test_216.wav,Zoe,test,216,Zoe-8-C-5b(7_18_00).wav,6f1fae5bea04cb57a2d77931a9e085ef8052f275c35336642ff7c3b312c04ba6,hf:beans_dogs/test-00000-of-00001.parquet,10.0,mono_mean_prefix_truncate_zero_pad_before_qwen_resample,full_0-8k
test_216,/root/animal-omni-kv/data/beans/interventions/dogs_all/lp_0-1000/test_216.wav,Zoe,test,216,Zoe-8-C-5b(7_18_00).wav,6f1fae5bea04cb57a2d77931a9e085ef8052f275c35336642ff7c3b312c04ba6,hf:beans_dogs/test-00000-of-00001.parquet,10.0,mono_mean_prefix_truncate_zero_pad_before_qwen_resample,lp_0-1000
test_220,/root/animal-omni-kv/data/beans/interventions/dogs_all/full_0-8k/test_220.wav,Zoe,test,220,Zoe-6-P-5b(7_16_00).wav,f3e6d0ff120b29d5b727b9842f342a1033ba067b364603d155a0e55fafd1d159,hf:beans_dogs/test-00000-of-00001.parquet,10.0,mono_mean_prefix_truncate_zero_pad_before_qwen_resample,full_0-8k
test_220,/root/animal-omni-kv/data/beans/interventions/dogs_all/lp_0-1000/test_220.wav,Zoe,test,220,Zoe-6-P-5b(7_16_00).wav,f3e6d0ff120b29d5b727b9842f342a1033ba067b364603d155a0e55fafd1d159,hf:beans_dogs/test-00000-of-00001.parquet,10.0,mono_mean_prefix_truncate_zero_pad_before_qwen_resample,lp_0-1000
test_229,/root/animal-omni-kv/data/beans/interventions/dogs_all/full_0-8k/test_229.wav,Zoe,test,229,Zoe-5-C-4g(7_14_00).wav,308960b7bc3602215f95da28f7ecfa7ac65862b5862c937a4cce7501e1341520,hf:beans_dogs/test-00000-of-00001.parquet,10.0,mono_mean_prefix_truncate_zero_pad_before_qwen_resample,full_0-8k
test_229,/root/animal-omni-kv/data/beans/interventions/dogs_all/lp_0-1000/test_229.wav,Zoe,test,229,Zoe-5-C-4g(7_14_00).wav,308960b7bc3602215f95da28f7ecfa7ac65862b5862c937a4cce7501e1341520,hf:beans_dogs/test-00000-of-00001.parquet,10.0,mono_mean_prefix_truncate_zero_pad_before_qwen_resample,lp_0-1000
test_230,/root/animal-omni-kv/data/beans/interventions/dogs_all/full_0-8k/test_230.wav,Zoe,test,230,Zoe-5-C-4d(7_14_00).wav,c566a4e0596a42389fa18e5b26a2374ee77df1e8d9ac6876c04cce819bbb4c6b,hf:beans_dogs/test-00000-of-00001.parquet,10.0,mono_mean_prefix_truncate_zero_pad_before_qwen_resample,full_0-8k
test_230,/root/animal-omni-kv/data/beans/interventions/dogs_all/lp_0-1000/test_230.wav,Zoe,test,230,Zoe-5-C-4d(7_14_00).wav,c566a4e0596a42389fa18e5b26a2374ee77df1e8d9ac6876c04cce819bbb4c6b,hf:beans_dogs/test-00000-of-00001.parquet,10.0,mono_mean_prefix_truncate_zero_pad_before_qwen_resample,lp_0-1000
test_237,/root/animal-omni-kv/data/beans/interventions/dogs_all/full_0-8k/test_237.wav,Zoe,test,237,Zoe-5-C-4f(7_14_00).wav,072333ab5d14dc9da399f5cb2ac3e20e5338579c379758c225aecf69548f0c2b,hf:beans_dogs/test-00000-of-00001.parquet,10.0,mono_mean_prefix_truncate_zero_pad_before_qwen_resample,full_0-8k
test_237,/root/animal-omni-kv/data/beans/interventions/dogs_all/lp_0-1000/test_237.wav,Zoe,test,237,Zoe-5-C-4f(7_14_00).wav,072333ab5d14dc9da399f5cb2ac3e20e5338579c379758c225aecf69548f0c2b,hf:beans_dogs/test-00000-of-00001.parquet,10.0,mono_mean_prefix_truncate_zero_pad_before_qwen_resample,lp_0-1000
test_238,/root/animal-omni-kv/data/beans/interventions/dogs_all/full_0-8k/test_238.wav,Zoe,test,238,Zoe-5-P-4a(7_14_00).wav,70d4a56a46daf568b9251af8301b027400bba583e5f2ebe1096ed6b51df34f2e,hf:beans_dogs/test-00000-of-00001.parquet,10.0,mono_mean_prefix_truncate_zero_pad_before_qwen_resample,full_0-8k
test_238,/root/animal-omni-kv/data/beans/interventions/dogs_all/lp_0-1000/test_238.wav,Zoe,test,238,Zoe-5-P-4a(7_14_00).wav,70d4a56a46daf568b9251af8301b027400bba583e5f2ebe1096ed6b51df34f2e,hf:beans_dogs/test-00000-of-00001.parquet,10.0,mono_mean_prefix_truncate_zero_pad_before_qwen_resample,lp_0-1000
test_241,/root/animal-omni-kv/data/beans/interventions/dogs_all/full_0-8k/test_241.wav,Zoe,test,241,Zoe-5-C-4h(7_14_00).wav,272dacc614c55fe7331bd509119426a9718379352f3e207d1e991ee0771105d8,hf:beans_dogs/test-00000-of-00001.parquet,10.0,mono_mean_prefix_truncate_zero_pad_before_qwen_resample,full_0-8k
test_241,/root/animal-omni-kv/data/beans/interventions/dogs_all/lp_0-1000/test_241.wav,Zoe,test,241,Zoe-5-C-4h(7_14_00).wav,272dacc614c55fe7331bd509119426a9718379352f3e207d1e991ee0771105d8,hf:beans_dogs/test-00000-of-00001.parquet,10.0,mono_mean_prefix_truncate_zero_pad_before_qwen_resample,lp_0-1000
test_246,/root/animal-omni-kv/data/beans/interventions/dogs_all/full_0-8k/test_246.wav,Zoe,test,246,Zoe-4-C-3L.wav,0923745e32eb59669fc11ca50dace93b9f877d78415183fd425c05a6163b99e6,hf:beans_dogs/test-00000-of-00001.parquet,10.0,mono_mean_prefix_truncate_zero_pad_before_qwen_resample,full_0-8k
test_246,/root/animal-omni-kv/data/beans/interventions/dogs_all/lp_0-1000/test_246.wav,Zoe,test,246,Zoe-4-C-3L.wav,0923745e32eb59669fc11ca50dace93b9f877d78415183fd425c05a6163b99e6,hf:beans_dogs/test-00000-of-00001.parquet,10.0,mono_mean_prefix_truncate_zero_pad_before_qwen_resample,lp_0-1000
test_248,/root/animal-omni-kv/data/beans/interventions/dogs_all/full_0-8k/test_248.wav,Zoe,test,248,Zoe-4-C-3b.wav,06be102f7cda00d5a606d2f495334cb134204563d474024debb3a5208903f99c,hf:beans_dogs/test-00000-of-00001.parquet,10.0,mono_mean_prefix_truncate_zero_pad_before_qwen_resample,full_0-8k
test_248,/root/animal-omni-kv/data/beans/interventions/dogs_all/lp_0-1000/test_248.wav,Zoe,test,248,Zoe-4-C-3b.wav,06be102f7cda00d5a606d2f495334cb134204563d474024debb3a5208903f99c,hf:beans_dogs/test-00000-of-00001.parquet,10.0,mono_mean_prefix_truncate_zero_pad_before_qwen_resample,lp_0-1000
test_255,/root/animal-omni-kv/data/beans/interventions/dogs_all/full_0-8k/test_255.wav,Zoe,test,255,Zoe-4-C-3n.wav,b3b5b73be52121425a32c4212b094eebef20486ce71ad71bf4bd3a7fcd7fbb6b,hf:beans_dogs/test-00000-of-00001.parquet,10.0,mono_mean_prefix_truncate_zero_pad_before_qwen_resample,full_0-8k
test_255,/root/animal-omni-kv/data/beans/interventions/dogs_all/lp_0-1000/test_255.wav,Zoe,test,255,Zoe-4-C-3n.wav,b3b5b73be52121425a32c4212b094eebef20486ce71ad71bf4bd3a7fcd7fbb6b,hf:beans_dogs/test-00000-of-00001.parquet,10.0,mono_mean_prefix_truncate_zero_pad_before_qwen_resample,lp_0-1000
test_270,/root/animal-omni-kv/data/beans/interventions/dogs_all/full_0-8k/test_270.wav,Zoe,test,270,Zoe-2-A-2a.wav,2ab974ddcad1c8fbb3edff1ca8383aa0cecc23903dd29bc388556fb03a2238e4,hf:beans_dogs/test-00000-of-00001.parquet,10.0,mono_mean_prefix_truncate_zero_pad_before_qwen_resample,full_0-8k
test_270,/root/animal-omni-kv/data/beans/interventions/dogs_all/lp_0-1000/test_270.wav,Zoe,test,270,Zoe-2-A-2a.wav,2ab974ddcad1c8fbb3edff1ca8383aa0cecc23903dd29bc388556fb03a2238e4,hf:beans_dogs/test-00000-of-00001.parquet,10.0,mono_mean_prefix_truncate_zero_pad_before_qwen_resample,lp_0-1000
test_272,/root/animal-omni-kv/data/beans/interventions/dogs_all/full_0-8k/test_272.wav,Zoe,test,272,Zoe-1-C-1c.wav,c48ceb1b16852b0eb46f9d4bc9c4f2ece71ac3fc442a5f5652678b24be94e611,hf:beans_dogs/test-00000-of-00001.parquet,10.0,mono_mean_prefix_truncate_zero_pad_before_qwen_resample,full_0-8k
test_272,/root/animal-omni-kv/data/beans/interventions/dogs_all/lp_0-1000/test_272.wav,Zoe,test,272,Zoe-1-C-1c.wav,c48ceb1b16852b0eb46f9d4bc9c4f2ece71ac3fc442a5f5652678b24be94e611,hf:beans_dogs/test-00000-of-00001.parquet,10.0,mono_mean_prefix_truncate_zero_pad_before_qwen_resample,lp_0-1000
test_275,/root/animal-omni-kv/data/beans/interventions/dogs_all/full_0-8k/test_275.wav,Zoe,test,275,Zoe-1-P-1d.wav,f2bf849712be19443d0a53c3a1834030a909a0e1656b3bae0bb1d530e6c8fa75,hf:beans_dogs/test-00000-of-00001.parquet,10.0,mono_mean_prefix_truncate_zero_pad_before_qwen_resample,full_0-8k
test_275,/root/animal-omni-kv/data/beans/interventions/dogs_all/lp_0-1000/test_275.wav,Zoe,test,275,Zoe-1-P-1d.wav,f2bf849712be19443d0a53c3a1834030a909a0e1656b3bae0bb1d530e6c8fa75,hf:beans_dogs/test-00000-of-00001.parquet,10.0,mono_mean_prefix_truncate_zero_pad_before_qwen_resample,lp_0-1000
test_284,/root/animal-omni-kv/data/beans/interventions/dogs_all/full_0-8k/test_284.wav,Zoe,test,284,Zoe-7-A-5(7_17_00).wav,52b32ef1fd45e596d3b00041019e9b4c9645bfef12262e0df06582240cec2407,hf:beans_dogs/test-00000-of-00001.parquet,10.0,mono_mean_prefix_truncate_zero_pad_before_qwen_resample,full_0-8k
test_284,/root/animal-omni-kv/data/beans/interventions/dogs_all/lp_0-1000/test_284.wav,Zoe,test,284,Zoe-7-A-5(7_17_00).wav,52b32ef1fd45e596d3b00041019e9b4c9645bfef12262e0df06582240cec2407,hf:beans_dogs/test-00000-of-00001.parquet,10.0,mono_mean_prefix_truncate_zero_pad_before_qwen_resample,lp_0-1000
test_289,/root/animal-omni-kv/data/beans/interventions/dogs_all/full_0-8k/test_289.wav,Roodie,test,289,Roodie-4-C-4j.wav,a304082bad174d01504a5ea841fad2e0592617cca67e45ff298faa21d2aa16b6,hf:beans_dogs/test-00000-of-00001.parquet,10.0,mono_mean_prefix_truncate_zero_pad_before_qwen_resample,full_0-8k
test_289,/root/animal-omni-kv/data/beans/interventions/dogs_all/lp_0-1000/test_289.wav,Roodie,test,289,Roodie-4-C-4j.wav,a304082bad174d01504a5ea841fad2e0592617cca67e45ff298faa21d2aa16b6,hf:beans_dogs/test-00000-of-00001.parquet,10.0,mono_mean_prefix_truncate_zero_pad_before_qwen_resample,lp_0-1000
test_290,/root/animal-omni-kv/data/beans/interventions/dogs_all/full_0-8k/test_290.wav,Roodie,test,290,Roodie-4-C-4a.wav,7febf4526890ccd037371d693f5de92ab9ea86bef378b4f72412bef420674602,hf:beans_dogs/test-00000-of-00001.parquet,10.0,mono_mean_prefix_truncate_zero_pad_before_qwen_resample,full_0-8k
test_290,/root/animal-omni-kv/data/beans/interventions/dogs_all/lp_0-1000/test_290.wav,Roodie,test,290,Roodie-4-C-4a.wav,7febf4526890ccd037371d693f5de92ab9ea86bef378b4f72412bef420674602,hf:beans_dogs/test-00000-of-00001.parquet,10.0,mono_mean_prefix_truncate_zero_pad_before_qwen_resample,lp_0-1000
test_299,/root/animal-omni-kv/data/beans/interventions/dogs_all/full_0-8k/test_299.wav,Roodie,test,299,Roodie-4-C-4e.wav,bb12bff393a8cf2904613d6d043a3f547b3d64ea1502a82892ef9c6725454d4f,hf:beans_dogs/test-00000-of-00001.parquet,10.0,mono_mean_prefix_truncate_zero_pad_before_qwen_resample,full_0-8k
test_299,/root/animal-omni-kv/data/beans/interventions/dogs_all/lp_0-1000/test_299.wav,Roodie,test,299,Roodie-4-C-4e.wav,bb12bff393a8cf2904613d6d043a3f547b3d64ea1502a82892ef9c6725454d4f,hf:beans_dogs/test-00000-of-00001.parquet,10.0,mono_mean_prefix_truncate_zero_pad_before_qwen_resample,lp_0-1000
test_300,/root/animal-omni-kv/data/beans/interventions/dogs_all/full_0-8k/test_300.wav,Roodie,test,300,Roodie-4-C-4i.wav,82010193dd5698e6a318c441510ab24621d57e1479cc9579242b5a3c08e57b5e,hf:beans_dogs/test-00000-of-00001.parquet,10.0,mono_mean_prefix_truncate_zero_pad_before_qwen_resample,full_0-8k
test_300,/root/animal-omni-kv/data/beans/interventions/dogs_all/lp_0-1000/test_300.wav,Roodie,test,300,Roodie-4-C-4i.wav,82010193dd5698e6a318c441510ab24621d57e1479cc9579242b5a3c08e57b5e,hf:beans_dogs/test-00000-of-00001.parquet,10.0,mono_mean_prefix_truncate_zero_pad_before_qwen_resample,lp_0-1000
test_301,/root/animal-omni-kv/data/beans/interventions/dogs_all/full_0-8k/test_301.wav,Roodie,test,301,Roodie-4-C-4g.wav,cd9e8e0475bda3e46da3994bdf7c5f49add074b56667d01202ddfe59bbf696b0,hf:beans_dogs/test-00000-of-00001.parquet,10.0,mono_mean_prefix_truncate_zero_pad_before_qwen_resample,full_0-8k
test_301,/root/animal-omni-kv/data/beans/interventions/dogs_all/lp_0-1000/test_301.wav,Roodie,test,301,Roodie-4-C-4g.wav,cd9e8e0475bda3e46da3994bdf7c5f49add074b56667d01202ddfe59bbf696b0,hf:beans_dogs/test-00000-of-00001.parquet,10.0,mono_mean_prefix_truncate_zero_pad_before_qwen_resample,lp_0-1000
test_304,/root/animal-omni-kv/data/beans/interventions/dogs_all/full_0-8k/test_304.wav,Roodie,test,304,Roodie-1-C-1a.wav,00a9b10c59880007ef55ffd78b0d2c97aa726c84c9fa67d7bafb5aae042e2cb8,hf:beans_dogs/test-00000-of-00001.parquet,10.0,mono_mean_prefix_truncate_zero_pad_before_qwen_resample,full_0-8k
test_304,/root/animal-omni-kv/data/beans/interventions/dogs_all/lp_0-1000/test_304.wav,Roodie,test,304,Roodie-1-C-1a.wav,00a9b10c59880007ef55ffd78b0d2c97aa726c84c9fa67d7bafb5aae042e2cb8,hf:beans_dogs/test-00000-of-00001.parquet,10.0,mono_mean_prefix_truncate_zero_pad_before_qwen_resample,lp_0-1000
test_307,/root/animal-omni-kv/data/beans/interventions/dogs_all/full_0-8k/test_307.wav,Roodie,test,307,Roodie-1-C-1h.wav,ee404ce4f711273d7f74094e0a722fa0415b87732f349e1bb7c821ec472c13eb,hf:beans_dogs/test-00000-of-00001.parquet,10.0,mono_mean_prefix_truncate_zero_pad_before_qwen_resample,full_0-8k
test_307,/root/animal-omni-kv/data/beans/interventions/dogs_all/lp_0-1000/test_307.wav,Roodie,test,307,Roodie-1-C-1h.wav,ee404ce4f711273d7f74094e0a722fa0415b87732f349e1bb7c821ec472c13eb,hf:beans_dogs/test-00000-of-00001.parquet,10.0,mono_mean_prefix_truncate_zero_pad_before_qwen_resample,lp_0-1000
test_314,/root/animal-omni-kv/data/beans/interventions/dogs_all/full_0-8k/test_314.wav,Roodie,test,314,Roodie-1-P-1i.wav,f8e7c28458ea1aff9727fe7f5cc5af46c8c04533cf34801dca1e513bf89553e8,hf:beans_dogs/test-00000-of-00001.parquet,10.0,mono_mean_prefix_truncate_zero_pad_before_qwen_resample,full_0-8k
test_314,/root/animal-omni-kv/data/beans/interventions/dogs_all/lp_0-1000/test_314.wav,Roodie,test,314,Roodie-1-P-1i.wav,f8e7c28458ea1aff9727fe7f5cc5af46c8c04533cf34801dca1e513bf89553e8,hf:beans_dogs/test-00000-of-00001.parquet,10.0,mono_mean_prefix_truncate_zero_pad_before_qwen_resample,lp_0-1000
test_316,/root/animal-omni-kv/data/beans/interventions/dogs_all/full_0-8k/test_316.wav,Roodie,test,316,Roodie-1-C-1j.wav,7cd6cbd49f98110ee5fcbffb6064ac0247c6fab984a1ae4511791438381fb6c4,hf:beans_dogs/test-00000-of-00001.parquet,10.0,mono_mean_prefix_truncate_zero_pad_before_qwen_resample,full_0-8k
test_316,/root/animal-omni-kv/data/beans/interventions/dogs_all/lp_0-1000/test_316.wav,Roodie,test,316,Roodie-1-C-1j.wav,7cd6cbd49f98110ee5fcbffb6064ac0247c6fab984a1ae4511791438381fb6c4,hf:beans_dogs/test-00000-of-00001.parquet,10.0,mono_mean_prefix_truncate_zero_pad_before_qwen_resample,lp_0-1000
test_320,/root/animal-omni-kv/data/beans/interventions/dogs_all/full_0-8k/test_320.wav,Roodie,test,320,Roodie-1-P-1b.wav,b01165b0c1285eb7a659c731a0c94918b6ac2d77e4bf0af633660c6bfb7ee382,hf:beans_dogs/test-00000-of-00001.parquet,10.0,mono_mean_prefix_truncate_zero_pad_before_qwen_resample,full_0-8k
test_320,/root/animal-omni-kv/data/beans/interventions/dogs_all/lp_0-1000/test_320.wav,Roodie,test,320,Roodie-1-P-1b.wav,b01165b0c1285eb7a659c731a0c94918b6ac2d77e4bf0af633660c6bfb7ee382,hf:beans_dogs/test-00000-of-00001.parquet,10.0,mono_mean_prefix_truncate_zero_pad_before_qwen_resample,lp_0-1000
test_336,/root/animal-omni-kv/data/beans/interventions/dogs_all/full_0-8k/test_336.wav,Roodie,test,336,Roodie-3-P-3a.wav,bd5d34ef578f564bacd4284b3ad636e4e26eebeb3f431c79d7663919640e2bb1,hf:beans_dogs/test-00000-of-00001.parquet,10.0,mono_mean_prefix_truncate_zero_pad_before_qwen_resample,full_0-8k
test_336,/root/animal-omni-kv/data/beans/interventions/dogs_all/lp_0-1000/test_336.wav,Roodie,test,336,Roodie-3-P-3a.wav,bd5d34ef578f564bacd4284b3ad636e4e26eebeb3f431c79d7663919640e2bb1,hf:beans_dogs/test-00000-of-00001.parquet,10.0,mono_mean_prefix_truncate_zero_pad_before_qwen_resample,lp_0-1000
test_337,/root/animal-omni-kv/data/beans/interventions/dogs_all/full_0-8k/test_337.wav,Roodie,test,337,Roodie-3-C-3h.wav,00f975545dca49c57aaa1e722d9a0e54d2c4f8234449613893e01fa7db49a2a6,hf:beans_dogs/test-00000-of-00001.parquet,10.0,mono_mean_prefix_truncate_zero_pad_before_qwen_resample,full_0-8k
test_337,/root/animal-omni-kv/data/beans/interventions/dogs_all/lp_0-1000/test_337.wav,Roodie,test,337,Roodie-3-C-3h.wav,00f975545dca49c57aaa1e722d9a0e54d2c4f8234449613893e01fa7db49a2a6,hf:beans_dogs/test-00000-of-00001.parquet,10.0,mono_mean_prefix_truncate_zero_pad_before_qwen_resample,lp_0-1000
test_342,/root/animal-omni-kv/data/beans/interventions/dogs_all/full_0-8k/test_342.wav,Roodie,test,342,Roodie-7-C-7d.wav,17b369e9776d4901ef00d4f18f84404f5cc1c33be96fdb0425bf4393a1e8075e,hf:beans_dogs/test-00000-of-00001.parquet,10.0,mono_mean_prefix_truncate_zero_pad_before_qwen_resample,full_0-8k
test_342,/root/animal-omni-kv/data/beans/interventions/dogs_all/lp_0-1000/test_342.wav,Roodie,test,342,Roodie-7-C-7d.wav,17b369e9776d4901ef00d4f18f84404f5cc1c33be96fdb0425bf4393a1e8075e,hf:beans_dogs/test-00000-of-00001.parquet,10.0,mono_mean_prefix_truncate_zero_pad_before_qwen_resample,lp_0-1000
test_344,/root/animal-omni-kv/data/beans/interventions/dogs_all/full_0-8k/test_344.wav,Roodie,test,344,Roodie-7-P-7a.wav,470b7e6605d9f4b840d623a7dcf692b53c7f85407dbcb3a4845ee7aa54070f84,hf:beans_dogs/test-00000-of-00001.parquet,10.0,mono_mean_prefix_truncate_zero_pad_before_qwen_resample,full_0-8k
test_344,/root/animal-omni-kv/data/beans/interventions/dogs_all/lp_0-1000/test_344.wav,Roodie,test,344,Roodie-7-P-7a.wav,470b7e6605d9f4b840d623a7dcf692b53c7f85407dbcb3a4845ee7aa54070f84,hf:beans_dogs/test-00000-of-00001.parquet,10.0,mono_mean_prefix_truncate_zero_pad_before_qwen_resample,lp_0-1000
test_349,/root/animal-omni-kv/data/beans/interventions/dogs_all/full_0-8k/test_349.wav,Roodie,test,349,Roodie-7-C-7c.wav,bbc33bc14e0f760d97814bf1458cce5abf41e8b838d3aa026048dadc5a07e3fd,hf:beans_dogs/test-00000-of-00001.parquet,10.0,mono_mean_prefix_truncate_zero_pad_before_qwen_resample,full_0-8k
test_349,/root/animal-omni-kv/data/beans/interventions/dogs_all/lp_0-1000/test_349.wav,Roodie,test,349,Roodie-7-C-7c.wav,bbc33bc14e0f760d97814bf1458cce5abf41e8b838d3aa026048dadc5a07e3fd,hf:beans_dogs/test-00000-of-00001.parquet,10.0,mono_mean_prefix_truncate_zero_pad_before_qwen_resample,lp_0-1000
test_350,/root/animal-omni-kv/data/beans/interventions/dogs_all/full_0-8k/test_350.wav,Roodie,test,350,Roodie-7-C-7a.wav,45723dbf81ebe26a5ace83a426b063d1765999ff0c342116edf6af08509268fa,hf:beans_dogs/test-00000-of-00001.parquet,10.0,mono_mean_prefix_truncate_zero_pad_before_qwen_resample,full_0-8k
test_350,/root/animal-omni-kv/data/beans/interventions/dogs_all/lp_0-1000/test_350.wav,Roodie,test,350,Roodie-7-C-7a.wav,45723dbf81ebe26a5ace83a426b063d1765999ff0c342116edf6af08509268fa,hf:beans_dogs/test-00000-of-00001.parquet,10.0,mono_mean_prefix_truncate_zero_pad_before_qwen_resample,lp_0-1000
test_354,/root/animal-omni-kv/data/beans/interventions/dogs_all/full_0-8k/test_354.wav,Roodie,test,354,Roodie-2-A-2b.wav,a651451e878c9dce2dde84313a2a68380770bb4eb3bbc7a61b9f5522dc373f9f,hf:beans_dogs/test-00000-of-00001.parquet,10.0,mono_mean_prefix_truncate_zero_pad_before_qwen_resample,full_0-8k
test_354,/root/animal-omni-kv/data/beans/interventions/dogs_all/lp_0-1000/test_354.wav,Roodie,test,354,Roodie-2-A-2b.wav,a651451e878c9dce2dde84313a2a68380770bb4eb3bbc7a61b9f5522dc373f9f,hf:beans_dogs/test-00000-of-00001.parquet,10.0,mono_mean_prefix_truncate_zero_pad_before_qwen_resample,lp_0-1000
test_370,/root/animal-omni-kv/data/beans/interventions/dogs_all/full_0-8k/test_370.wav,Roodie,test,370,Roodie-2-C-2i.wav,1903046a9cc98f0d9d7bf3edb5a8eae2c45aa5d6836adc6b41834d77f11d330c,hf:beans_dogs/test-00000-of-00001.parquet,10.0,mono_mean_prefix_truncate_zero_pad_before_qwen_resample,full_0-8k
test_370,/root/animal-omni-kv/data/beans/interventions/dogs_all/lp_0-1000/test_370.wav,Roodie,test,370,Roodie-2-C-2i.wav,1903046a9cc98f0d9d7bf3edb5a8eae2c45aa5d6836adc6b41834d77f11d330c,hf:beans_dogs/test-00000-of-00001.parquet,10.0,mono_mean_prefix_truncate_zero_pad_before_qwen_resample,lp_0-1000
test_378,/root/animal-omni-kv/data/beans/interventions/dogs_all/full_0-8k/test_378.wav,Roodie,test,378,Roodie-5-P-5b.wav,ecd31a2a1199bb6469c11c0d39a9325c555452bd86b71222571325251e1bcad4,hf:beans_dogs/test-00000-of-00001.parquet,10.0,mono_mean_prefix_truncate_zero_pad_before_qwen_resample,full_0-8k
test_378,/root/animal-omni-kv/data/beans/interventions/dogs_all/lp_0-1000/test_378.wav,Roodie,test,378,Roodie-5-P-5b.wav,ecd31a2a1199bb6469c11c0d39a9325c555452bd86b71222571325251e1bcad4,hf:beans_dogs/test-00000-of-00001.parquet,10.0,mono_mean_prefix_truncate_zero_pad_before_qwen_resample,lp_0-1000
test_381,/root/animal-omni-kv/data/beans/interventions/dogs_all/full_0-8k/test_381.wav,Roodie,test,381,Roodie-5-C-5b.wav,f7ca3fb96c050ecd44b80943ad22076f92d8aaff58e539b8b585b2b1ca21e73a,hf:beans_dogs/test-00000-of-00001.parquet,10.0,mono_mean_prefix_truncate_zero_pad_before_qwen_resample,full_0-8k
test_381,/root/animal-omni-kv/data/beans/interventions/dogs_all/lp_0-1000/test_381.wav,Roodie,test,381,Roodie-5-C-5b.wav,f7ca3fb96c050ecd44b80943ad22076f92d8aaff58e539b8b585b2b1ca21e73a,hf:beans_dogs/test-00000-of-00001.parquet,10.0,mono_mean_prefix_truncate_zero_pad_before_qwen_resample,lp_0-1000
test_387,/root/animal-omni-kv/data/beans/interventions/dogs_all/full_0-8k/test_387.wav,Roodie,test,387,Roodie-5-P-5c.wav,3a2c7060c5c428871ae4d674c63b4f246a8385503df67416b445cb429ee8d991,hf:beans_dogs/test-00000-of-00001.parquet,10.0,mono_mean_prefix_truncate_zero_pad_before_qwen_resample,full_0-8k
test_387,/root/animal-omni-kv/data/beans/interventions/dogs_all/lp_0-1000/test_387.wav,Roodie,test,387,Roodie-5-P-5c.wav,3a2c7060c5c428871ae4d674c63b4f246a8385503df67416b445cb429ee8d991,hf:beans_dogs/test-00000-of-00001.parquet,10.0,mono_mean_prefix_truncate_zero_pad_before_qwen_resample,lp_0-1000
test_392,/root/animal-omni-kv/data/beans/interventions/dogs_all/full_0-8k/test_392.wav,Roodie,test,392,Roodie-9-C-9f.wav,8cfae1ebd55e4056453b0ca80fa7f6789a24445e2d38ae041f7e9780a848a877,hf:beans_dogs/test-00000-of-00001.parquet,10.0,mono_mean_prefix_truncate_zero_pad_before_qwen_resample,full_0-8k
test_392,/root/animal-omni-kv/data/beans/interventions/dogs_all/lp_0-1000/test_392.wav,Roodie,test,392,Roodie-9-C-9f.wav,8cfae1ebd55e4056453b0ca80fa7f6789a24445e2d38ae041f7e9780a848a877,hf:beans_dogs/test-00000-of-00001.parquet,10.0,mono_mean_prefix_truncate_zero_pad_before_qwen_resample,lp_0-1000
test_401,/root/animal-omni-kv/data/beans/interventions/dogs_all/full_0-8k/test_401.wav,Roodie,test,401,Roodie-6-C-6h.wav,7aa0ef6fdf12e422ca5f43582564d16d440020b1b97a2374d459ad912ffa5800,hf:beans_dogs/test-00000-of-00001.parquet,10.0,mono_mean_prefix_truncate_zero_pad_before_qwen_resample,full_0-8k
test_401,/root/animal-omni-kv/data/beans/interventions/dogs_all/lp_0-1000/test_401.wav,Roodie,test,401,Roodie-6-C-6h.wav,7aa0ef6fdf12e422ca5f43582564d16d440020b1b97a2374d459ad912ffa5800,hf:beans_dogs/test-00000-of-00001.parquet,10.0,mono_mean_prefix_truncate_zero_pad_before_qwen_resample,lp_0-1000
test_410,/root/animal-omni-kv/data/beans/interventions/dogs_all/full_0-8k/test_410.wav,Roodie,test,410,Roodie-6-C-6m.wav,29a4cd45e3dfe3c2a5e3a70c99f4bb8c4c62bda82fd306e35de9edf10b59115f,hf:beans_dogs/test-00000-of-00001.parquet,10.0,mono_mean_prefix_truncate_zero_pad_before_qwen_resample,full_0-8k
test_410,/root/animal-omni-kv/data/beans/interventions/dogs_all/lp_0-1000/test_410.wav,Roodie,test,410,Roodie-6-C-6m.wav,29a4cd45e3dfe3c2a5e3a70c99f4bb8c4c62bda82fd306e35de9edf10b59115f,hf:beans_dogs/test-00000-of-00001.parquet,10.0,mono_mean_prefix_truncate_zero_pad_before_qwen_resample,lp_0-1000
test_417,/root/animal-omni-kv/data/beans/interventions/dogs_all/full_0-8k/test_417.wav,Roodie,test,417,Roodie-8-C-8o.wav,b2db4f0d7e6d8ae18bec883ad9b25950bfcca86ba874ddfceff305738c78dc10,hf:beans_dogs/test-00000-of-00001.parquet,10.0,mono_mean_prefix_truncate_zero_pad_before_qwen_resample,full_0-8k
test_417,/root/animal-omni-kv/data/beans/interventions/dogs_all/lp_0-1000/test_417.wav,Roodie,test,417,Roodie-8-C-8o.wav,b2db4f0d7e6d8ae18bec883ad9b25950bfcca86ba874ddfceff305738c78dc10,hf:beans_dogs/test-00000-of-00001.parquet,10.0,mono_mean_prefix_truncate_zero_pad_before_qwen_resample,lp_0-1000
test_419,/root/animal-omni-kv/data/beans/interventions/dogs_all/full_0-8k/test_419.wav,Roodie,test,419,Roodie-8-C-8m.wav,a5c03d2d31786b8d6c0983f592b5d26b9d572c7263dbac746fe66e7757193cd1,hf:beans_dogs/test-00000-of-00001.parquet,10.0,mono_mean_prefix_truncate_zero_pad_before_qwen_resample,full_0-8k
test_419,/root/animal-omni-kv/data/beans/interventions/dogs_all/lp_0-1000/test_419.wav,Roodie,test,419,Roodie-8-C-8m.wav,a5c03d2d31786b8d6c0983f592b5d26b9d572c7263dbac746fe66e7757193cd1,hf:beans_dogs/test-00000-of-00001.parquet,10.0,mono_mean_prefix_truncate_zero_pad_before_qwen_resample,lp_0-1000
test_420,/root/animal-omni-kv/data/beans/interventions/dogs_all/full_0-8k/test_420.wav,Roodie,test,420,Roodie-8-C-8f.wav,0674a309a9c2a7f271cbba27cc1cf969d6b73c092a14607c77604bd57230de89,hf:beans_dogs/test-00000-of-00001.parquet,10.0,mono_mean_prefix_truncate_zero_pad_before_qwen_resample,full_0-8k
test_420,/root/animal-omni-kv/data/beans/interventions/dogs_all/lp_0-1000/test_420.wav,Roodie,test,420,Roodie-8-C-8f.wav,0674a309a9c2a7f271cbba27cc1cf969d6b73c092a14607c77604bd57230de89,hf:beans_dogs/test-00000-of-00001.parquet,10.0,mono_mean_prefix_truncate_zero_pad_before_qwen_resample,lp_0-1000
test_427,/root/animal-omni-kv/data/beans/interventions/dogs_all/full_0-8k/test_427.wav,Roodie,test,427,Roodie-8-C-8L.wav,2224cc00ff911c670e3bac74218b377c81f8d1b0e30649d2483ccc2b284cc024,hf:beans_dogs/test-00000-of-00001.parquet,10.0,mono_mean_prefix_truncate_zero_pad_before_qwen_resample,full_0-8k
test_427,/root/animal-omni-kv/data/beans/interventions/dogs_all/lp_0-1000/test_427.wav,Roodie,test,427,Roodie-8-C-8L.wav,2224cc00ff911c670e3bac74218b377c81f8d1b0e30649d2483ccc2b284cc024,hf:beans_dogs/test-00000-of-00001.parquet,10.0,mono_mean_prefix_truncate_zero_pad_before_qwen_resample,lp_0-1000
test_428,/root/animal-omni-kv/data/beans/interventions/dogs_all/full_0-8k/test_428.wav,Roodie,test,428,Roodie-8-C-8e.wav,c286a10d81cf6de3e53eea86d4b7509553565042981be0452332cf1d9b57171d,hf:beans_dogs/test-00000-of-00001.parquet,10.0,mono_mean_prefix_truncate_zero_pad_before_qwen_resample,full_0-8k
test_428,/root/animal-omni-kv/data/beans/interventions/dogs_all/lp_0-1000/test_428.wav,Roodie,test,428,Roodie-8-C-8e.wav,c286a10d81cf6de3e53eea86d4b7509553565042981be0452332cf1d9b57171d,hf:beans_dogs/test-00000-of-00001.parquet,10.0,mono_mean_prefix_truncate_zero_pad_before_qwen_resample,lp_0-1000
test_431,/root/animal-omni-kv/data/beans/interventions/dogs_all/full_0-8k/test_431.wav,Roodie,test,431,Roodie-8-P-8b.wav,da692c9c2079874dadce52ee7b1c0af0c7d351bd5b2940759b73be0812d7df28,hf:beans_dogs/test-00000-of-00001.parquet,10.0,mono_mean_prefix_truncate_zero_pad_before_qwen_resample,full_0-8k
test_431,/root/animal-omni-kv/data/beans/interventions/dogs_all/lp_0-1000/test_431.wav,Roodie,test,431,Roodie-8-P-8b.wav,da692c9c2079874dadce52ee7b1c0af0c7d351bd5b2940759b73be0812d7df28,hf:beans_dogs/test-00000-of-00001.parquet,10.0,mono_mean_prefix_truncate_zero_pad_before_qwen_resample,lp_0-1000
test_444,/root/animal-omni-kv/data/beans/interventions/dogs_all/full_0-8k/test_444.wav,Farley,test,444,Farley-5-A-4a.wav,d346f364b5ae983019d19071b3c5f3b07e8a029fb38dd5db1ab98bd461194f74,hf:beans_dogs/test-00000-of-00001.parquet,10.0,mono_mean_prefix_truncate_zero_pad_before_qwen_resample,full_0-8k
test_444,/root/animal-omni-kv/data/beans/interventions/dogs_all/lp_0-1000/test_444.wav,Farley,test,444,Farley-5-A-4a.wav,d346f364b5ae983019d19071b3c5f3b07e8a029fb38dd5db1ab98bd461194f74,hf:beans_dogs/test-00000-of-00001.parquet,10.0,mono_mean_prefix_truncate_zero_pad_before_qwen_resample,lp_0-1000
test_447,/root/animal-omni-kv/data/beans/interventions/dogs_all/full_0-8k/test_447.wav,Farley,test,447,Farley-5-C-5a.wav,268de1f7c31e8e7b661f4b65583ef68b975103b8490611168ce1f5b3fae9cc6e,hf:beans_dogs/test-00000-of-00001.parquet,10.0,mono_mean_prefix_truncate_zero_pad_before_qwen_resample,full_0-8k
test_447,/root/animal-omni-kv/data/beans/interventions/dogs_all/lp_0-1000/test_447.wav,Farley,test,447,Farley-5-C-5a.wav,268de1f7c31e8e7b661f4b65583ef68b975103b8490611168ce1f5b3fae9cc6e,hf:beans_dogs/test-00000-of-00001.parquet,10.0,mono_mean_prefix_truncate_zero_pad_before_qwen_resample,lp_0-1000
test_451,/root/animal-omni-kv/data/beans/interventions/dogs_all/full_0-8k/test_451.wav,Farley,test,451,Farley-7-P-7.wav,3d5659e7d7d3bcd68899ad1faf2378f274b51e6e7bed242a06ba69259df66713,hf:beans_dogs/test-00000-of-00001.parquet,10.0,mono_mean_prefix_truncate_zero_pad_before_qwen_resample,full_0-8k
test_451,/root/animal-omni-kv/data/beans/interventions/dogs_all/lp_0-1000/test_451.wav,Farley,test,451,Farley-7-P-7.wav,3d5659e7d7d3bcd68899ad1faf2378f274b51e6e7bed242a06ba69259df66713,hf:beans_dogs/test-00000-of-00001.parquet,10.0,mono_mean_prefix_truncate_zero_pad_before_qwen_resample,lp_0-1000
test_455,/root/animal-omni-kv/data/beans/interventions/dogs_all/full_0-8k/test_455.wav,Farley,test,455,Farley-7-A-6.wav,0a5a88b6a1451d41cf0a47462694258d10f569a12b42b29080e289a957c0d594,hf:beans_dogs/test-00000-of-00001.parquet,10.0,mono_mean_prefix_truncate_zero_pad_before_qwen_resample,full_0-8k
test_455,/root/animal-omni-kv/data/beans/interventions/dogs_all/lp_0-1000/test_455.wav,Farley,test,455,Farley-7-A-6.wav,0a5a88b6a1451d41cf0a47462694258d10f569a12b42b29080e289a957c0d594,hf:beans_dogs/test-00000-of-00001.parquet,10.0,mono_mean_prefix_truncate_zero_pad_before_qwen_resample,lp_0-1000
test_475,/root/animal-omni-kv/data/beans/interventions/dogs_all/full_0-8k/test_475.wav,Farley,test,475,Farley-2-C-2b.wav,fcd7f0f5b616af257d1caece831ef210a6e37e606f1fb1ec283649af8f9a9b26,hf:beans_dogs/test-00000-of-00001.parquet,10.0,mono_mean_prefix_truncate_zero_pad_before_qwen_resample,full_0-8k
test_475,/root/animal-omni-kv/data/beans/interventions/dogs_all/lp_0-1000/test_475.wav,Farley,test,475,Farley-2-C-2b.wav,fcd7f0f5b616af257d1caece831ef210a6e37e606f1fb1ec283649af8f9a9b26,hf:beans_dogs/test-00000-of-00001.parquet,10.0,mono_mean_prefix_truncate_zero_pad_before_qwen_resample,lp_0-1000
test_476,/root/animal-omni-kv/data/beans/interventions/dogs_all/full_0-8k/test_476.wav,Farley,test,476,Farley-2-C-2c.wav,d42aec54b9738adb36ce1479c1194924e0ce28da16a52bcace32d26436648fec,hf:beans_dogs/test-00000-of-00001.parquet,10.0,mono_mean_prefix_truncate_zero_pad_before_qwen_resample,full_0-8k
test_476,/root/animal-omni-kv/data/beans/interventions/dogs_all/lp_0-1000/test_476.wav,Farley,test,476,Farley-2-C-2c.wav,d42aec54b9738adb36ce1479c1194924e0ce28da16a52bcace32d26436648fec,hf:beans_dogs/test-00000-of-00001.parquet,10.0,mono_mean_prefix_truncate_zero_pad_before_qwen_resample,lp_0-1000
test_477,/root/animal-omni-kv/data/beans/interventions/dogs_all/full_0-8k/test_477.wav,Farley,test,477,Farley-2-C-2a.wav,04561b284f125db7297c8933300810292beb58c66883e9b86008006d44d5a439,hf:beans_dogs/test-00000-of-00001.parquet,10.0,mono_mean_prefix_truncate_zero_pad_before_qwen_resample,full_0-8k
test_477,/root/animal-omni-kv/data/beans/interventions/dogs_all/lp_0-1000/test_477.wav,Farley,test,477,Farley-2-C-2a.wav,04561b284f125db7297c8933300810292beb58c66883e9b86008006d44d5a439,hf:beans_dogs/test-00000-of-00001.parquet,10.0,mono_mean_prefix_truncate_zero_pad_before_qwen_resample,lp_0-1000
test_482,/root/animal-omni-kv/data/beans/interventions/dogs_all/full_0-8k/test_482.wav,Farley,test,482,Farley-8-P-8.wav,73bc132a2fd9a0d0631723ee36756141295d882ba850fc0faafcb3e16c49e772,hf:beans_dogs/test-00000-of-00001.parquet,10.0,mono_mean_prefix_truncate_zero_pad_before_qwen_resample,full_0-8k
test_482,/root/animal-omni-kv/data/beans/interventions/dogs_all/lp_0-1000/test_482.wav,Farley,test,482,Farley-8-P-8.wav,73bc132a2fd9a0d0631723ee36756141295d882ba850fc0faafcb3e16c49e772,hf:beans_dogs/test-00000-of-00001.parquet,10.0,mono_mean_prefix_truncate_zero_pad_before_qwen_resample,lp_0-1000
test_485,/root/animal-omni-kv/data/beans/interventions/dogs_all/full_0-8k/test_485.wav,Farley,test,485,Farley-8-C-6c.wav,41c27c5b17c431406d9e8055e38915df7ffa3be9cfbfefd59e16ac8a0534317c,hf:beans_dogs/test-00000-of-00001.parquet,10.0,mono_mean_prefix_truncate_zero_pad_before_qwen_resample,full_0-8k
test_485,/root/animal-omni-kv/data/beans/interventions/dogs_all/lp_0-1000/test_485.wav,Farley,test,485,Farley-8-C-6c.wav,41c27c5b17c431406d9e8055e38915df7ffa3be9cfbfefd59e16ac8a0534317c,hf:beans_dogs/test-00000-of-00001.parquet,10.0,mono_mean_prefix_truncate_zero_pad_before_qwen_resample,lp_0-1000
test_488,/root/animal-omni-kv/data/beans/interventions/dogs_all/full_0-8k/test_488.wav,Farley,test,488,Farley-6-A-5.wav,8b242276c91cb5b98ab10251fa24de242fe71701cf74535ab9c732c331350878,hf:beans_dogs/test-00000-of-00001.parquet,10.0,mono_mean_prefix_truncate_zero_pad_before_qwen_resample,full_0-8k
test_488,/root/animal-omni-kv/data/beans/interventions/dogs_all/lp_0-1000/test_488.wav,Farley,test,488,Farley-6-A-5.wav,8b242276c91cb5b98ab10251fa24de242fe71701cf74535ab9c732c331350878,hf:beans_dogs/test-00000-of-00001.parquet,10.0,mono_mean_prefix_truncate_zero_pad_before_qwen_resample,lp_0-1000
test_489,/root/animal-omni-kv/data/beans/interventions/dogs_all/full_0-8k/test_489.wav,Keri,test,489,Keri-8-C-6f.wav,91178de66736e8196b5124245414dc3fb26b0c4f04700aa570258d195853d51c,hf:beans_dogs/test-00000-of-00001.parquet,10.0,mono_mean_prefix_truncate_zero_pad_before_qwen_resample,full_0-8k
test_489,/root/animal-omni-kv/data/beans/interventions/dogs_all/lp_0-1000/test_489.wav,Keri,test,489,Keri-8-C-6f.wav,91178de66736e8196b5124245414dc3fb26b0c4f04700aa570258d195853d51c,hf:beans_dogs/test-00000-of-00001.parquet,10.0,mono_mean_prefix_truncate_zero_pad_before_qwen_resample,lp_0-1000
test_493,/root/animal-omni-kv/data/beans/interventions/dogs_all/full_0-8k/test_493.wav,Keri,test,493,Keri-8-C-6c.wav,aca21b33bd7627128dc8ee92b0ab92b27d5cbb344a684ac9a5e7df14b6904c20,hf:beans_dogs/test-00000-of-00001.parquet,10.0,mono_mean_prefix_truncate_zero_pad_before_qwen_resample,full_0-8k
test_493,/root/animal-omni-kv/data/beans/interventions/dogs_all/lp_0-1000/test_493.wav,Keri,test,493,Keri-8-C-6c.wav,aca21b33bd7627128dc8ee92b0ab92b27d5cbb344a684ac9a5e7df14b6904c20,hf:beans_dogs/test-00000-of-00001.parquet,10.0,mono_mean_prefix_truncate_zero_pad_before_qwen_resample,lp_0-1000
test_497,/root/animal-omni-kv/data/beans/interventions/dogs_all/full_0-8k/test_497.wav,Keri,test,497,Keri-8-C-6e.wav,72a68356be18369181a83481da2c04f050f0de74cc5b64619208fe7898fd912b,hf:beans_dogs/test-00000-of-00001.parquet,10.0,mono_mean_prefix_truncate_zero_pad_before_qwen_resample,full_0-8k
test_497,/root/animal-omni-kv/data/beans/interventions/dogs_all/lp_0-1000/test_497.wav,Keri,test,497,Keri-8-C-6e.wav,72a68356be18369181a83481da2c04f050f0de74cc5b64619208fe7898fd912b,hf:beans_dogs/test-00000-of-00001.parquet,10.0,mono_mean_prefix_truncate_zero_pad_before_qwen_resample,lp_0-1000
test_500,/root/animal-omni-kv/data/beans/interventions/dogs_all/full_0-8k/test_500.wav,Keri,test,500,Keri3-A-3c.wav,e8530a2a72cedda2e4cc521487b60e472368bcbcbd07f7d77349e5dc580116d5,hf:beans_dogs/test-00000-of-00001.parquet,10.0,mono_mean_prefix_truncate_zero_pad_before_qwen_resample,full_0-8k
test_500,/root/animal-omni-kv/data/beans/interventions/dogs_all/lp_0-1000/test_500.wav,Keri,test,500,Keri3-A-3c.wav,e8530a2a72cedda2e4cc521487b60e472368bcbcbd07f7d77349e5dc580116d5,hf:beans_dogs/test-00000-of-00001.parquet,10.0,mono_mean_prefix_truncate_zero_pad_before_qwen_resample,lp_0-1000
test_512,/root/animal-omni-kv/data/beans/interventions/dogs_all/full_0-8k/test_512.wav,Keri,test,512,Keri-7-P-7b.wav,7fc4f9446442949263728a584183fbe15411741d279e5334e20776e2439e4d1d,hf:beans_dogs/test-00000-of-00001.parquet,10.0,mono_mean_prefix_truncate_zero_pad_before_qwen_resample,full_0-8k
test_512,/root/animal-omni-kv/data/beans/interventions/dogs_all/lp_0-1000/test_512.wav,Keri,test,512,Keri-7-P-7b.wav,7fc4f9446442949263728a584183fbe15411741d279e5334e20776e2439e4d1d,hf:beans_dogs/test-00000-of-00001.parquet,10.0,mono_mean_prefix_truncate_zero_pad_before_qwen_resample,lp_0-1000
test_516,/root/animal-omni-kv/data/beans/interventions/dogs_all/full_0-8k/test_516.wav,Keri,test,516,Keri-7-C-5a.wav,69eba34dfb672a38cde3758e845917096c22c315526b0a2ff95023dffe41c9b5,hf:beans_dogs/test-00000-of-00001.parquet,10.0,mono_mean_prefix_truncate_zero_pad_before_qwen_resample,full_0-8k
test_516,/root/animal-omni-kv/data/beans/interventions/dogs_all/lp_0-1000/test_516.wav,Keri,test,516,Keri-7-C-5a.wav,69eba34dfb672a38cde3758e845917096c22c315526b0a2ff95023dffe41c9b5,hf:beans_dogs/test-00000-of-00001.parquet,10.0,mono_mean_prefix_truncate_zero_pad_before_qwen_resample,lp_0-1000
test_524,/root/animal-omni-kv/data/beans/interventions/dogs_all/full_0-8k/test_524.wav,Keri,test,524,Keri-6-A-6.wav,0a941562b64c5ece56ad860ed84f60311af5b4f8f2bd151713d98f09c7359b44,hf:beans_dogs/test-00000-of-00001.parquet,10.0,mono_mean_prefix_truncate_zero_pad_before_qwen_resample,full_0-8k
test_524,/root/animal-omni-kv/data/beans/interventions/dogs_all/lp_0-1000/test_524.wav,Keri,test,524,Keri-6-A-6.wav,0a941562b64c5ece56ad860ed84f60311af5b4f8f2bd151713d98f09c7359b44,hf:beans_dogs/test-00000-of-00001.parquet,10.0,mono_mean_prefix_truncate_zero_pad_before_qwen_resample,lp_0-1000
test_528,/root/animal-omni-kv/data/beans/interventions/dogs_all/full_0-8k/test_528.wav,Keri,test,528,Keri-P-1a.wav,171121f2505121f882fe0fdebd266f02c53771c757e1cf00fd8dbf245ba78eb5,hf:beans_dogs/test-00000-of-00001.parquet,10.0,mono_mean_prefix_truncate_zero_pad_before_qwen_resample,full_0-8k
test_528,/root/animal-omni-kv/data/beans/interventions/dogs_all/lp_0-1000/test_528.wav,Keri,test,528,Keri-P-1a.wav,171121f2505121f882fe0fdebd266f02c53771c757e1cf00fd8dbf245ba78eb5,hf:beans_dogs/test-00000-of-00001.parquet,10.0,mono_mean_prefix_truncate_zero_pad_before_qwen_resample,lp_0-1000
test_532,/root/animal-omni-kv/data/beans/interventions/dogs_all/full_0-8k/test_532.wav,Freid,test,532,Freid-P-7d.wav,cd1a64ffeccf4eb8a1f7858e0cc9e5233059bc1f6cb9ed6288c613434d72b512,hf:beans_dogs/test-00000-of-00001.parquet,10.0,mono_mean_prefix_truncate_zero_pad_before_qwen_resample,full_0-8k
test_532,/root/animal-omni-kv/data/beans/interventions/dogs_all/lp_0-1000/test_532.wav,Freid,test,532,Freid-P-7d.wav,cd1a64ffeccf4eb8a1f7858e0cc9e5233059bc1f6cb9ed6288c613434d72b512,hf:beans_dogs/test-00000-of-00001.parquet,10.0,mono_mean_prefix_truncate_zero_pad_before_qwen_resample,lp_0-1000
test_534,/root/animal-omni-kv/data/beans/interventions/dogs_all/full_0-8k/test_534.wav,Freid,test,534,Freid-P-7b.wav,82f6c35f8c726423125cc35292959d73e815a31f954e924dfd5b6db8fcd8d3ac,hf:beans_dogs/test-00000-of-00001.parquet,10.0,mono_mean_prefix_truncate_zero_pad_before_qwen_resample,full_0-8k
test_534,/root/animal-omni-kv/data/beans/interventions/dogs_all/lp_0-1000/test_534.wav,Freid,test,534,Freid-P-7b.wav,82f6c35f8c726423125cc35292959d73e815a31f954e924dfd5b6db8fcd8d3ac,hf:beans_dogs/test-00000-of-00001.parquet,10.0,mono_mean_prefix_truncate_zero_pad_before_qwen_resample,lp_0-1000
test_537,/root/animal-omni-kv/data/beans/interventions/dogs_all/full_0-8k/test_537.wav,Freid,test,537,Freid-A-3.2.wav,0e55a437f37477eebd5603c4ade2ee4d009dabd64804cae5d2c7c432e025debe,hf:beans_dogs/test-00000-of-00001.parquet,10.0,mono_mean_prefix_truncate_zero_pad_before_qwen_resample,full_0-8k
test_537,/root/animal-omni-kv/data/beans/interventions/dogs_all/lp_0-1000/test_537.wav,Freid,test,537,Freid-A-3.2.wav,0e55a437f37477eebd5603c4ade2ee4d009dabd64804cae5d2c7c432e025debe,hf:beans_dogs/test-00000-of-00001.parquet,10.0,mono_mean_prefix_truncate_zero_pad_before_qwen_resample,lp_0-1000
test_542,/root/animal-omni-kv/data/beans/interventions/dogs_all/full_0-8k/test_542.wav,Freid,test,542,Freid-2-A-2.wav,1ac3be5b36aa034677965335d3ff1d5961c834e47bf617854ceabf565794feb6,hf:beans_dogs/test-00000-of-00001.parquet,10.0,mono_mean_prefix_truncate_zero_pad_before_qwen_resample,full_0-8k
test_542,/root/animal-omni-kv/data/beans/interventions/dogs_all/lp_0-1000/test_542.wav,Freid,test,542,Freid-2-A-2.wav,1ac3be5b36aa034677965335d3ff1d5961c834e47bf617854ceabf565794feb6,hf:beans_dogs/test-00000-of-00001.parquet,10.0,mono_mean_prefix_truncate_zero_pad_before_qwen_resample,lp_0-1000
test_544,/root/animal-omni-kv/data/beans/interventions/dogs_all/full_0-8k/test_544.wav,Freid,test,544,Freid-2-P-2e.wav,07a4e5b07680f30bf1737401a60ab806b89d5382edbf3bfd432545287e78c52a,hf:beans_dogs/test-00000-of-00001.parquet,10.0,mono_mean_prefix_truncate_zero_pad_before_qwen_resample,full_0-8k
test_544,/root/animal-omni-kv/data/beans/interventions/dogs_all/lp_0-1000/test_544.wav,Freid,test,544,Freid-2-P-2e.wav,07a4e5b07680f30bf1737401a60ab806b89d5382edbf3bfd432545287e78c52a,hf:beans_dogs/test-00000-of-00001.parquet,10.0,mono_mean_prefix_truncate_zero_pad_before_qwen_resample,lp_0-1000
test_550,/root/animal-omni-kv/data/beans/interventions/dogs_all/full_0-8k/test_550.wav,Freid,test,550,Freid-P-8b.wav,0d54f5e3996fef37d152cc88b5e12c47db3f6f9a1b143392f8289a7fbbf4f6fa,hf:beans_dogs/test-00000-of-00001.parquet,10.0,mono_mean_prefix_truncate_zero_pad_before_qwen_resample,full_0-8k
test_550,/root/animal-omni-kv/data/beans/interventions/dogs_all/lp_0-1000/test_550.wav,Freid,test,550,Freid-P-8b.wav,0d54f5e3996fef37d152cc88b5e12c47db3f6f9a1b143392f8289a7fbbf4f6fa,hf:beans_dogs/test-00000-of-00001.parquet,10.0,mono_mean_prefix_truncate_zero_pad_before_qwen_resample,lp_0-1000
test_558,/root/animal-omni-kv/data/beans/interventions/dogs_all/full_0-8k/test_558.wav,Freid,test,558,Freid-4-P-4a.wav,f06bb93f355fa797c61c508c8234f8856e27130a6e32b4659e1e5a2d8f869f89,hf:beans_dogs/test-00000-of-00001.parquet,10.0,mono_mean_prefix_truncate_zero_pad_before_qwen_resample,full_0-8k
test_558,/root/animal-omni-kv/data/beans/interventions/dogs_all/lp_0-1000/test_558.wav,Freid,test,558,Freid-4-P-4a.wav,f06bb93f355fa797c61c508c8234f8856e27130a6e32b4659e1e5a2d8f869f89,hf:beans_dogs/test-00000-of-00001.parquet,10.0,mono_mean_prefix_truncate_zero_pad_before_qwen_resample,lp_0-1000
test_559,/root/animal-omni-kv/data/beans/interventions/dogs_all/full_0-8k/test_559.wav,Freid,test,559,Freid-4-P-4b.wav,4571c692db2bddd1f0eda8a02ea1fb5eb34fbaad97a31488c3722e9abfe7e6d4,hf:beans_dogs/test-00000-of-00001.parquet,10.0,mono_mean_prefix_truncate_zero_pad_before_qwen_resample,full_0-8k
test_559,/root/animal-omni-kv/data/beans/interventions/dogs_all/lp_0-1000/test_559.wav,Freid,test,559,Freid-4-P-4b.wav,4571c692db2bddd1f0eda8a02ea1fb5eb34fbaad97a31488c3722e9abfe7e6d4,hf:beans_dogs/test-00000-of-00001.parquet,10.0,mono_mean_prefix_truncate_zero_pad_before_qwen_resample,lp_0-1000
test_566,/root/animal-omni-kv/data/beans/interventions/dogs_all/full_0-8k/test_566.wav,Freid,test,566,Fried-1-A-1.wav,dc5542b111b063b6f2521388023a54f7de9374335d6dcca9850fff035aefab48,hf:beans_dogs/test-00000-of-00001.parquet,10.0,mono_mean_prefix_truncate_zero_pad_before_qwen_resample,full_0-8k
test_566,/root/animal-omni-kv/data/beans/interventions/dogs_all/lp_0-1000/test_566.wav,Freid,test,566,Fried-1-A-1.wav,dc5542b111b063b6f2521388023a54f7de9374335d6dcca9850fff035aefab48,hf:beans_dogs/test-00000-of-00001.parquet,10.0,mono_mean_prefix_truncate_zero_pad_before_qwen_resample,lp_0-1000
test_570,/root/animal-omni-kv/data/beans/interventions/dogs_all/full_0-8k/test_570.wav,Luke,test,570,Luke-6-C-6c.wav,dc069d3dc08acc4d9caae603082b4d57838e766e6b4f60b28d3a3f1fe4c9621c,hf:beans_dogs/test-00000-of-00001.parquet,10.0,mono_mean_prefix_truncate_zero_pad_before_qwen_resample,full_0-8k
test_570,/root/animal-omni-kv/data/beans/interventions/dogs_all/lp_0-1000/test_570.wav,Luke,test,570,Luke-6-C-6c.wav,dc069d3dc08acc4d9caae603082b4d57838e766e6b4f60b28d3a3f1fe4c9621c,hf:beans_dogs/test-00000-of-00001.parquet,10.0,mono_mean_prefix_truncate_zero_pad_before_qwen_resample,lp_0-1000
test_571,/root/animal-omni-kv/data/beans/interventions/dogs_all/full_0-8k/test_571.wav,Luke,test,571,Luke-6-C-6b.wav,f331c79df570fab906079b000b55ed4e188d7c0066055ea76c31f017f140a1d8,hf:beans_dogs/test-00000-of-00001.parquet,10.0,mono_mean_prefix_truncate_zero_pad_before_qwen_resample,full_0-8k
test_571,/root/animal-omni-kv/data/beans/interventions/dogs_all/lp_0-1000/test_571.wav,Luke,test,571,Luke-6-C-6b.wav,f331c79df570fab906079b000b55ed4e188d7c0066055ea76c31f017f140a1d8,hf:beans_dogs/test-00000-of-00001.parquet,10.0,mono_mean_prefix_truncate_zero_pad_before_qwen_resample,lp_0-1000
test_578,/root/animal-omni-kv/data/beans/interventions/dogs_all/full_0-8k/test_578.wav,Luke,test,578,Luke-6-A-5a.wav,ffb9c809b6f8447bf3f4d9c69a39cf6d8ca69e97f3baeb75e0bd57704d6136f0,hf:beans_dogs/test-00000-of-00001.parquet,10.0,mono_mean_prefix_truncate_zero_pad_before_qwen_resample,full_0-8k
test_578,/root/animal-omni-kv/data/beans/interventions/dogs_all/lp_0-1000/test_578.wav,Luke,test,578,Luke-6-A-5a.wav,ffb9c809b6f8447bf3f4d9c69a39cf6d8ca69e97f3baeb75e0bd57704d6136f0,hf:beans_dogs/test-00000-of-00001.parquet,10.0,mono_mean_prefix_truncate_zero_pad_before_qwen_resample,lp_0-1000
test_581,/root/animal-omni-kv/data/beans/interventions/dogs_all/full_0-8k/test_581.wav,Luke,test,581,Luke-6-A-5c.wav,56ca9dfd7dbb180e2d367534e86d1199a33cb926b6a329fd97303eeff7ef6ea6,hf:beans_dogs/test-00000-of-00001.parquet,10.0,mono_mean_prefix_truncate_zero_pad_before_qwen_resample,full_0-8k
test_581,/root/animal-omni-kv/data/beans/interventions/dogs_all/lp_0-1000/test_581.wav,Luke,test,581,Luke-6-A-5c.wav,56ca9dfd7dbb180e2d367534e86d1199a33cb926b6a329fd97303eeff7ef6ea6,hf:beans_dogs/test-00000-of-00001.parquet,10.0,mono_mean_prefix_truncate_zero_pad_before_qwen_resample,lp_0-1000
test_586,/root/animal-omni-kv/data/beans/interventions/dogs_all/full_0-8k/test_586.wav,Luke,test,586,Luke-C-4a.wav,a958099bad45a3e90cc614061bc76430d5eb9d9ae54fd36c64e8b6da14aa2a7f,hf:beans_dogs/test-00000-of-00001.parquet,10.0,mono_mean_prefix_truncate_zero_pad_before_qwen_resample,full_0-8k
test_586,/root/animal-omni-kv/data/beans/interventions/dogs_all/lp_0-1000/test_586.wav,Luke,test,586,Luke-C-4a.wav,a958099bad45a3e90cc614061bc76430d5eb9d9ae54fd36c64e8b6da14aa2a7f,hf:beans_dogs/test-00000-of-00001.parquet,10.0,mono_mean_prefix_truncate_zero_pad_before_qwen_resample,lp_0-1000
test_593,/root/animal-omni-kv/data/beans/interventions/dogs_all/full_0-8k/test_593.wav,Luke,test,593,Luke-C-2L.wav,cab7642ada405cfc311270ffe7cca230371cebf17d7350cd534ef12b0166de3a,hf:beans_dogs/test-00000-of-00001.parquet,10.0,mono_mean_prefix_truncate_zero_pad_before_qwen_resample,full_0-8k
test_593,/root/animal-omni-kv/data/beans/interventions/dogs_all/lp_0-1000/test_593.wav,Luke,test,593,Luke-C-2L.wav,cab7642ada405cfc311270ffe7cca230371cebf17d7350cd534ef12b0166de3a,hf:beans_dogs/test-00000-of-00001.parquet,10.0,mono_mean_prefix_truncate_zero_pad_before_qwen_resample,lp_0-1000
test_596,/root/animal-omni-kv/data/beans/interventions/dogs_all/full_0-8k/test_596.wav,Luke,test,596,Luke-C-2p.wav,3adf19d717a064385e54420de215caadf4d983faadd1efbc0dfd3f641c3e4d8e,hf:beans_dogs/test-00000-of-00001.parquet,10.0,mono_mean_prefix_truncate_zero_pad_before_qwen_resample,full_0-8k
test_596,/root/animal-omni-kv/data/beans/interventions/dogs_all/lp_0-1000/test_596.wav,Luke,test,596,Luke-C-2p.wav,3adf19d717a064385e54420de215caadf4d983faadd1efbc0dfd3f641c3e4d8e,hf:beans_dogs/test-00000-of-00001.parquet,10.0,mono_mean_prefix_truncate_zero_pad_before_qwen_resample,lp_0-1000
test_601,/root/animal-omni-kv/data/beans/interventions/dogs_all/full_0-8k/test_601.wav,Luke,test,601,Luke-C-2c.wav,7af9ea6c2f5f2d8fc80c538ccd47cabded418bc81210d8509e963c83386d4f56,hf:beans_dogs/test-00000-of-00001.parquet,10.0,mono_mean_prefix_truncate_zero_pad_before_qwen_resample,full_0-8k
test_601,/root/animal-omni-kv/data/beans/interventions/dogs_all/lp_0-1000/test_601.wav,Luke,test,601,Luke-C-2c.wav,7af9ea6c2f5f2d8fc80c538ccd47cabded418bc81210d8509e963c83386d4f56,hf:beans_dogs/test-00000-of-00001.parquet,10.0,mono_mean_prefix_truncate_zero_pad_before_qwen_resample,lp_0-1000
test_608,/root/animal-omni-kv/data/beans/interventions/dogs_all/full_0-8k/test_608.wav,Luke,test,608,Luke-C-2j.wav,d6209400df5305428e13c516a9554bbf2b47922ddff5eb87910ff8476a6838e7,hf:beans_dogs/test-00000-of-00001.parquet,10.0,mono_mean_prefix_truncate_zero_pad_before_qwen_resample,full_0-8k
test_608,/root/animal-omni-kv/data/beans/interventions/dogs_all/lp_0-1000/test_608.wav,Luke,test,608,Luke-C-2j.wav,d6209400df5305428e13c516a9554bbf2b47922ddff5eb87910ff8476a6838e7,hf:beans_dogs/test-00000-of-00001.parquet,10.0,mono_mean_prefix_truncate_zero_pad_before_qwen_resample,lp_0-1000
test_622,/root/animal-omni-kv/data/beans/interventions/dogs_all/full_0-8k/test_622.wav,Luke,test,622,Luke-C-3n.wav,6305e795aa2c7a34ae89fb99053a19639f2dd4a07a8be10a518008da8fd996af,hf:beans_dogs/test-00000-of-00001.parquet,10.0,mono_mean_prefix_truncate_zero_pad_before_qwen_resample,full_0-8k
test_622,/root/animal-omni-kv/data/beans/interventions/dogs_all/lp_0-1000/test_622.wav,Luke,test,622,Luke-C-3n.wav,6305e795aa2c7a34ae89fb99053a19639f2dd4a07a8be10a518008da8fd996af,hf:beans_dogs/test-00000-of-00001.parquet,10.0,mono_mean_prefix_truncate_zero_pad_before_qwen_resample,lp_0-1000
test_623,/root/animal-omni-kv/data/beans/interventions/dogs_all/full_0-8k/test_623.wav,Luke,test,623,Luke-C-3h.wav,a3969ce1071e74767708805868f676594a8312fd32aafa523585bfd883f6eb41,hf:beans_dogs/test-00000-of-00001.parquet,10.0,mono_mean_prefix_truncate_zero_pad_before_qwen_resample,full_0-8k
test_623,/root/animal-omni-kv/data/beans/interventions/dogs_all/lp_0-1000/test_623.wav,Luke,test,623,Luke-C-3h.wav,a3969ce1071e74767708805868f676594a8312fd32aafa523585bfd883f6eb41,hf:beans_dogs/test-00000-of-00001.parquet,10.0,mono_mean_prefix_truncate_zero_pad_before_qwen_resample,lp_0-1000
test_624,/root/animal-omni-kv/data/beans/interventions/dogs_all/full_0-8k/test_624.wav,Luke,test,624,Luke-C-3f.wav,76153d80e13130155428c662ec6354a1f2efc303a800a052eefbaf032fede820,hf:beans_dogs/test-00000-of-00001.parquet,10.0,mono_mean_prefix_truncate_zero_pad_before_qwen_resample,full_0-8k
test_624,/root/animal-omni-kv/data/beans/interventions/dogs_all/lp_0-1000/test_624.wav,Luke,test,624,Luke-C-3f.wav,76153d80e13130155428c662ec6354a1f2efc303a800a052eefbaf032fede820,hf:beans_dogs/test-00000-of-00001.parquet,10.0,mono_mean_prefix_truncate_zero_pad_before_qwen_resample,lp_0-1000
test_625,/root/animal-omni-kv/data/beans/interventions/dogs_all/full_0-8k/test_625.wav,Luke,test,625,Luke-C-3L.wav,d66a0a4914444228c5d6464bf23f7cd6a2edc89c0a5327c4bbd773767cfd5764,hf:beans_dogs/test-00000-of-00001.parquet,10.0,mono_mean_prefix_truncate_zero_pad_before_qwen_resample,full_0-8k
test_625,/root/animal-omni-kv/data/beans/interventions/dogs_all/lp_0-1000/test_625.wav,Luke,test,625,Luke-C-3L.wav,d66a0a4914444228c5d6464bf23f7cd6a2edc89c0a5327c4bbd773767cfd5764,hf:beans_dogs/test-00000-of-00001.parquet,10.0,mono_mean_prefix_truncate_zero_pad_before_qwen_resample,lp_0-1000
test_627,/root/animal-omni-kv/data/beans/interventions/dogs_all/full_0-8k/test_627.wav,Luke,test,627,Luke-C-3p.wav,9112f64b4cdc07014003596630645c23f7720f7715ad9de2c96610d592d444b0,hf:beans_dogs/test-00000-of-00001.parquet,10.0,mono_mean_prefix_truncate_zero_pad_before_qwen_resample,full_0-8k
test_627,/root/animal-omni-kv/data/beans/interventions/dogs_all/lp_0-1000/test_627.wav,Luke,test,627,Luke-C-3p.wav,9112f64b4cdc07014003596630645c23f7720f7715ad9de2c96610d592d444b0,hf:beans_dogs/test-00000-of-00001.parquet,10.0,mono_mean_prefix_truncate_zero_pad_before_qwen_resample,lp_0-1000
test_641,/root/animal-omni-kv/data/beans/interventions/dogs_all/full_0-8k/test_641.wav,Luke,test,641,Luke-A-1r.wav,e3e53dd1dd17958e102ad3b42a3fb121d20bec9806e365a019c0d9f71ffd9dfe,hf:beans_dogs/test-00000-of-00001.parquet,10.0,mono_mean_prefix_truncate_zero_pad_before_qwen_resample,full_0-8k
test_641,/root/animal-omni-kv/data/beans/interventions/dogs_all/lp_0-1000/test_641.wav,Luke,test,641,Luke-A-1r.wav,e3e53dd1dd17958e102ad3b42a3fb121d20bec9806e365a019c0d9f71ffd9dfe,hf:beans_dogs/test-00000-of-00001.parquet,10.0,mono_mean_prefix_truncate_zero_pad_before_qwen_resample,lp_0-1000
test_650,/root/animal-omni-kv/data/beans/interventions/dogs_all/full_0-8k/test_650.wav,Luke,test,650,Luke-C-1b.wav,855690dddec7d931f4bc892d888fd4b0f51908a52fe8f0d6e82e5f25b5afa524,hf:beans_dogs/test-00000-of-00001.parquet,10.0,mono_mean_prefix_truncate_zero_pad_before_qwen_resample,full_0-8k
test_650,/root/animal-omni-kv/data/beans/interventions/dogs_all/lp_0-1000/test_650.wav,Luke,test,650,Luke-C-1b.wav,855690dddec7d931f4bc892d888fd4b0f51908a52fe8f0d6e82e5f25b5afa524,hf:beans_dogs/test-00000-of-00001.parquet,10.0,mono_mean_prefix_truncate_zero_pad_before_qwen_resample,lp_0-1000
test_659,/root/animal-omni-kv/data/beans/interventions/dogs_all/full_0-8k/test_659.wav,Luke,test,659,Luke-C-1k.wav,96675fbfea35aecbb87fcafcd9d0a66a5d0bd33f6608b897c9c5d2ce6085531c,hf:beans_dogs/test-00000-of-00001.parquet,10.0,mono_mean_prefix_truncate_zero_pad_before_qwen_resample,full_0-8k
test_659,/root/animal-omni-kv/data/beans/interventions/dogs_all/lp_0-1000/test_659.wav,Luke,test,659,Luke-C-1k.wav,96675fbfea35aecbb87fcafcd9d0a66a5d0bd33f6608b897c9c5d2ce6085531c,hf:beans_dogs/test-00000-of-00001.parquet,10.0,mono_mean_prefix_truncate_zero_pad_before_qwen_resample,lp_0-1000
test_665,/root/animal-omni-kv/data/beans/interventions/dogs_all/full_0-8k/test_665.wav,Luke,test,665,Luke-5-A-5b.wav,52efe6ce5ba0c0528584b5f311e9e4a0f273e905da7cf3ddbf2416ad28bc0ff0,hf:beans_dogs/test-00000-of-00001.parquet,10.0,mono_mean_prefix_truncate_zero_pad_before_qwen_resample,full_0-8k
test_665,/root/animal-omni-kv/data/beans/interventions/dogs_all/lp_0-1000/test_665.wav,Luke,test,665,Luke-5-A-5b.wav,52efe6ce5ba0c0528584b5f311e9e4a0f273e905da7cf3ddbf2416ad28bc0ff0,hf:beans_dogs/test-00000-of-00001.parquet,10.0,mono_mean_prefix_truncate_zero_pad_before_qwen_resample,lp_0-1000
test_667,/root/animal-omni-kv/data/beans/interventions/dogs_all/full_0-8k/test_667.wav,Luke,test,667,Luke-5-C-5s.wav,ca4d3a6aa50776a639e885cecb2c54b36fa7b9e1e39f9438c8508c35318202a2,hf:beans_dogs/test-00000-of-00001.parquet,10.0,mono_mean_prefix_truncate_zero_pad_before_qwen_resample,full_0-8k
test_667,/root/animal-omni-kv/data/beans/interventions/dogs_all/lp_0-1000/test_667.wav,Luke,test,667,Luke-5-C-5s.wav,ca4d3a6aa50776a639e885cecb2c54b36fa7b9e1e39f9438c8508c35318202a2,hf:beans_dogs/test-00000-of-00001.parquet,10.0,mono_mean_prefix_truncate_zero_pad_before_qwen_resample,lp_0-1000
test_668,/root/animal-omni-kv/data/beans/interventions/dogs_all/full_0-8k/test_668.wav,Luke,test,668,Luke-5-C-5h.wav,c70530b24b7d03115105df56d7f15d19df195142ce01fdec936cd227a48cc1ea,hf:beans_dogs/test-00000-of-00001.parquet,10.0,mono_mean_prefix_truncate_zero_pad_before_qwen_resample,full_0-8k
test_668,/root/animal-omni-kv/data/beans/interventions/dogs_all/lp_0-1000/test_668.wav,Luke,test,668,Luke-5-C-5h.wav,c70530b24b7d03115105df56d7f15d19df195142ce01fdec936cd227a48cc1ea,hf:beans_dogs/test-00000-of-00001.parquet,10.0,mono_mean_prefix_truncate_zero_pad_before_qwen_resample,lp_0-1000
test_676,/root/animal-omni-kv/data/beans/interventions/dogs_all/full_0-8k/test_676.wav,Luke,test,676,luke-5-C-5i.wav,af1e9d65cf527f96e48b9b52f3ec51e7f701a30834622651f929b87b73290cb9,hf:beans_dogs/test-00000-of-00001.parquet,10.0,mono_mean_prefix_truncate_zero_pad_before_qwen_resample,full_0-8k
test_676,/root/animal-omni-kv/data/beans/interventions/dogs_all/lp_0-1000/test_676.wav,Luke,test,676,luke-5-C-5i.wav,af1e9d65cf527f96e48b9b52f3ec51e7f701a30834622651f929b87b73290cb9,hf:beans_dogs/test-00000-of-00001.parquet,10.0,mono_mean_prefix_truncate_zero_pad_before_qwen_resample,lp_0-1000
test_680,/root/animal-omni-kv/data/beans/interventions/dogs_all/full_0-8k/test_680.wav,Luke,test,680,Luke-5-C-5q.wav,357feeb209b59d7c47edc871282320494f4fff0f5859260f7911bd5c81854e94,hf:beans_dogs/test-00000-of-00001.parquet,10.0,mono_mean_prefix_truncate_zero_pad_before_qwen_resample,full_0-8k
test_680,/root/animal-omni-kv/data/beans/interventions/dogs_all/lp_0-1000/test_680.wav,Luke,test,680,Luke-5-C-5q.wav,357feeb209b59d7c47edc871282320494f4fff0f5859260f7911bd5c81854e94,hf:beans_dogs/test-00000-of-00001.parquet,10.0,mono_mean_prefix_truncate_zero_pad_before_qwen_resample,lp_0-1000
test_682,/root/animal-omni-kv/data/beans/interventions/dogs_all/full_0-8k/test_682.wav,Luke,test,682,Luke-5-P-4a.wav,151c605a3622e83241596f7a16f2c5d29ed2543a76dd15891834f81f82a2e808,hf:beans_dogs/test-00000-of-00001.parquet,10.0,mono_mean_prefix_truncate_zero_pad_before_qwen_resample,full_0-8k
test_682,/root/animal-omni-kv/data/beans/interventions/dogs_all/lp_0-1000/test_682.wav,Luke,test,682,Luke-5-P-4a.wav,151c605a3622e83241596f7a16f2c5d29ed2543a76dd15891834f81f82a2e808,hf:beans_dogs/test-00000-of-00001.parquet,10.0,mono_mean_prefix_truncate_zero_pad_before_qwen_resample,lp_0-1000
test_684,/root/animal-omni-kv/data/beans/interventions/dogs_all/full_0-8k/test_684.wav,Luke,test,684,Luke-5-C-5r.wav,b0c0e359d7519f6c0edd61e9118b2ef282449c1cb736ff9650bded54c5d117ec,hf:beans_dogs/test-00000-of-00001.parquet,10.0,mono_mean_prefix_truncate_zero_pad_before_qwen_resample,full_0-8k
test_684,/root/animal-omni-kv/data/beans/interventions/dogs_all/lp_0-1000/test_684.wav,Luke,test,684,Luke-5-C-5r.wav,b0c0e359d7519f6c0edd61e9118b2ef282449c1cb736ff9650bded54c5d117ec,hf:beans_dogs/test-00000-of-00001.parquet,10.0,mono_mean_prefix_truncate_zero_pad_before_qwen_resample,lp_0-1000
train_0,/root/animal-omni-kv/data/beans/interventions/dogs_all/full_0-8k/train_0.wav,Mac,train,0,Mac-3-A-3.wav,7d254f392d7aed2c3a194a319bb8a1b291e8b5b6484900f578d0ebfe385f0e5f,hf:beans_dogs/train-00000-of-00002.parquet,10.0,mono_mean_prefix_truncate_zero_pad_before_qwen_resample,full_0-8k
train_0,/root/animal-omni-kv/data/beans/interventions/dogs_all/lp_0-1000/train_0.wav,Mac,train,0,Mac-3-A-3.wav,7d254f392d7aed2c3a194a319bb8a1b291e8b5b6484900f578d0ebfe385f0e5f,hf:beans_dogs/train-00000-of-00002.parquet,10.0,mono_mean_prefix_truncate_zero_pad_before_qwen_resample,lp_0-1000
train_1,/root/animal-omni-kv/data/beans/interventions/dogs_all/full_0-8k/train_1.wav,Mac,train,1,Mac-3-P-3.wav,720c5d0aa1df3e83222cd9706927a7656e4bf6fb7ed0be143cdec2c0ad75cfa2,hf:beans_dogs/train-00000-of-00002.parquet,10.0,mono_mean_prefix_truncate_zero_pad_before_qwen_resample,full_0-8k
train_1,/root/animal-omni-kv/data/beans/interventions/dogs_all/lp_0-1000/train_1.wav,Mac,train,1,Mac-3-P-3.wav,720c5d0aa1df3e83222cd9706927a7656e4bf6fb7ed0be143cdec2c0ad75cfa2,hf:beans_dogs/train-00000-of-00002.parquet,10.0,mono_mean_prefix_truncate_zero_pad_before_qwen_resample,lp_0-1000
train_2,/root/animal-omni-kv/data/beans/interventions/dogs_all/full_0-8k/train_2.wav,Mac,train,2,Mac-2-P-2d.wav,8afc12bb913dfdc0e276a22e7cc917af0b86937956576fc503fd2a3e2139f67b,hf:beans_dogs/train-00000-of-00002.parquet,10.0,mono_mean_prefix_truncate_zero_pad_before_qwen_resample,full_0-8k
train_2,/root/animal-omni-kv/data/beans/interventions/dogs_all/lp_0-1000/train_2.wav,Mac,train,2,Mac-2-P-2d.wav,8afc12bb913dfdc0e276a22e7cc917af0b86937956576fc503fd2a3e2139f67b,hf:beans_dogs/train-00000-of-00002.parquet,10.0,mono_mean_prefix_truncate_zero_pad_before_qwen_resample,lp_0-1000
train_3,/root/animal-omni-kv/data/beans/interventions/dogs_all/full_0-8k/train_3.wav,Mac,train,3,Mac-2-P-2b.wav,c01b9c2ee5cb4a8df5b70a6458791b1d64c6d7552daf96b453df73f7499784a2,hf:beans_dogs/train-00000-of-00002.parquet,10.0,mono_mean_prefix_truncate_zero_pad_before_qwen_resample,full_0-8k
train_3,/root/animal-omni-kv/data/beans/interventions/dogs_all/lp_0-1000/train_3.wav,Mac,train,3,Mac-2-P-2b.wav,c01b9c2ee5cb4a8df5b70a6458791b1d64c6d7552daf96b453df73f7499784a2,hf:beans_dogs/train-00000-of-00002.parquet,10.0,mono_mean_prefix_truncate_zero_pad_before_qwen_resample,lp_0-1000
train_5,/root/animal-omni-kv/data/beans/interventions/dogs_all/full_0-8k/train_5.wav,Mac,train,5,Mac-2-P-2g.wav,15f79a0bb257486bda841c90531faa17f07eb67628f308569e72c689376bfcd2,hf:beans_dogs/train-00000-of-00002.parquet,10.0,mono_mean_prefix_truncate_zero_pad_before_qwen_resample,full_0-8k
train_5,/root/animal-omni-kv/data/beans/interventions/dogs_all/lp_0-1000/train_5.wav,Mac,train,5,Mac-2-P-2g.wav,15f79a0bb257486bda841c90531faa17f07eb67628f308569e72c689376bfcd2,hf:beans_dogs/train-00000-of-00002.parquet,10.0,mono_mean_prefix_truncate_zero_pad_before_qwen_resample,lp_0-1000
train_8,/root/animal-omni-kv/data/beans/interventions/dogs_all/full_0-8k/train_8.wav,Mac,train,8,Mac-2-P-2c.wav,0d2a7b9f3dadce19539cfcacc936e385204b343a0d344ff18730820a636b06fc,hf:beans_dogs/train-00000-of-00002.parquet,10.0,mono_mean_prefix_truncate_zero_pad_before_qwen_resample,full_0-8k
train_8,/root/animal-omni-kv/data/beans/interventions/dogs_all/lp_0-1000/train_8.wav,Mac,train,8,Mac-2-P-2c.wav,0d2a7b9f3dadce19539cfcacc936e385204b343a0d344ff18730820a636b06fc,hf:beans_dogs/train-00000-of-00002.parquet,10.0,mono_mean_prefix_truncate_zero_pad_before_qwen_resample,lp_0-1000
train_9,/root/animal-omni-kv/data/beans/interventions/dogs_all/full_0-8k/train_9.wav,Mac,train,9,Mac-2-A-2b.wav,1d88f469021aaf63e29aecfa868e9e82595ec1962b4277cef22c15aee1fd515a,hf:beans_dogs/train-00000-of-00002.parquet,10.0,mono_mean_prefix_truncate_zero_pad_before_qwen_resample,full_0-8k
train_9,/root/animal-omni-kv/data/beans/interventions/dogs_all/lp_0-1000/train_9.wav,Mac,train,9,Mac-2-A-2b.wav,1d88f469021aaf63e29aecfa868e9e82595ec1962b4277cef22c15aee1fd515a,hf:beans_dogs/train-00000-of-00002.parquet,10.0,mono_mean_prefix_truncate_zero_pad_before_qwen_resample,lp_0-1000
train_10,/root/animal-omni-kv/data/beans/interventions/dogs_all/full_0-8k/train_10.wav,Mac,train,10,Mac-2-P-2e.wav,e8cb90e820caa24d13f09791e6aaad5e7f93cd76374f9488dd7a0a2b0f82919e,hf:beans_dogs/train-00000-of-00002.parquet,10.0,mono_mean_prefix_truncate_zero_pad_before_qwen_resample,full_0-8k
train_10,/root/animal-omni-kv/data/beans/interventions/dogs_all/lp_0-1000/train_10.wav,Mac,train,10,Mac-2-P-2e.wav,e8cb90e820caa24d13f09791e6aaad5e7f93cd76374f9488dd7a0a2b0f82919e,hf:beans_dogs/train-00000-of-00002.parquet,10.0,mono_mean_prefix_truncate_zero_pad_before_qwen_resample,lp_0-1000
train_11,/root/animal-omni-kv/data/beans/interventions/dogs_all/full_0-8k/train_11.wav,Mac,train,11,Mac-8-P-8a.wav,cc5b4eb34e91e5350c29d99e1283f53f9a32d69a21ca81f1c0b19e6e9f286a30,hf:beans_dogs/train-00000-of-00002.parquet,10.0,mono_mean_prefix_truncate_zero_pad_before_qwen_resample,full_0-8k
train_11,/root/animal-omni-kv/data/beans/interventions/dogs_all/lp_0-1000/train_11.wav,Mac,train,11,Mac-8-P-8a.wav,cc5b4eb34e91e5350c29d99e1283f53f9a32d69a21ca81f1c0b19e6e9f286a30,hf:beans_dogs/train-00000-of-00002.parquet,10.0,mono_mean_prefix_truncate_zero_pad_before_qwen_resample,lp_0-1000
train_12,/root/animal-omni-kv/data/beans/interventions/dogs_all/full_0-8k/train_12.wav,Mac,train,12,Mac-8-C-6b.wav,69553c789761121414e3af991ad2abd20a5cd3b68265eda4ddc380fa01782823,hf:beans_dogs/train-00000-of-00002.parquet,10.0,mono_mean_prefix_truncate_zero_pad_before_qwen_resample,full_0-8k
train_12,/root/animal-omni-kv/data/beans/interventions/dogs_all/lp_0-1000/train_12.wav,Mac,train,12,Mac-8-C-6b.wav,69553c789761121414e3af991ad2abd20a5cd3b68265eda4ddc380fa01782823,hf:beans_dogs/train-00000-of-00002.parquet,10.0,mono_mean_prefix_truncate_zero_pad_before_qwen_resample,lp_0-1000
train_14,/root/animal-omni-kv/data/beans/interventions/dogs_all/full_0-8k/train_14.wav,Mac,train,14,Mac-8-C-6c.wav,c14bc0c44b969b1ba2ff2df216aa6937432cc33235d066bee11a100fb88304e3,hf:beans_dogs/train-00000-of-00002.parquet,10.0,mono_mean_prefix_truncate_zero_pad_before_qwen_resample,full_0-8k
train_14,/root/animal-omni-kv/data/beans/interventions/dogs_all/lp_0-1000/train_14.wav,Mac,train,14,Mac-8-C-6c.wav,c14bc0c44b969b1ba2ff2df216aa6937432cc33235d066bee11a100fb88304e3,hf:beans_dogs/train-00000-of-00002.parquet,10.0,mono_mean_prefix_truncate_zero_pad_before_qwen_resample,lp_0-1000
train_15,/root/animal-omni-kv/data/beans/interventions/dogs_all/full_0-8k/train_15.wav,Mac,train,15,Mac-8-P-8b.wav,2bd5d59720a5cfe9b7b44ec83aed91fdc741291257d8651c3f6cf701266a176a,hf:beans_dogs/train-00000-of-00002.parquet,10.0,mono_mean_prefix_truncate_zero_pad_before_qwen_resample,full_0-8k
train_15,/root/animal-omni-kv/data/beans/interventions/dogs_all/lp_0-1000/train_15.wav,Mac,train,15,Mac-8-P-8b.wav,2bd5d59720a5cfe9b7b44ec83aed91fdc741291257d8651c3f6cf701266a176a,hf:beans_dogs/train-00000-of-00002.parquet,10.0,mono_mean_prefix_truncate_zero_pad_before_qwen_resample,lp_0-1000
train_17,/root/animal-omni-kv/data/beans/interventions/dogs_all/full_0-8k/train_17.wav,Mac,train,17,Mac-8-C-6a.wav,679f723326ea0a865ca69b019d66316f5ba9b8d33cc91ef54a802d9adba1d9ba,hf:beans_dogs/train-00000-of-00002.parquet,10.0,mono_mean_prefix_truncate_zero_pad_before_qwen_resample,full_0-8k
train_17,/root/animal-omni-kv/data/beans/interventions/dogs_all/lp_0-1000/train_17.wav,Mac,train,17,Mac-8-C-6a.wav,679f723326ea0a865ca69b019d66316f5ba9b8d33cc91ef54a802d9adba1d9ba,hf:beans_dogs/train-00000-of-00002.parquet,10.0,mono_mean_prefix_truncate_zero_pad_before_qwen_resample,lp_0-1000
train_22,/root/animal-omni-kv/data/beans/interventions/dogs_all/full_0-8k/train_22.wav,Mac,train,22,Mac-7-P-7a.wav,0dcd5af5741442c9c2362c7c18564b866407504dae7cf1ab946ef8c69cbc6da0,hf:beans_dogs/train-00000-of-00002.parquet,10.0,mono_mean_prefix_truncate_zero_pad_before_qwen_resample,full_0-8k
train_22,/root/animal-omni-kv/data/beans/interventions/dogs_all/lp_0-1000/train_22.wav,Mac,train,22,Mac-7-P-7a.wav,0dcd5af5741442c9c2362c7c18564b866407504dae7cf1ab946ef8c69cbc6da0,hf:beans_dogs/train-00000-of-00002.parquet,10.0,mono_mean_prefix_truncate_zero_pad_before_qwen_resample,lp_0-1000
train_23,/root/animal-omni-kv/data/beans/interventions/dogs_all/full_0-8k/train_23.wav,Mac,train,23,Mac-7-C-5d.wav,291cfe452e7ee280ed2316e4c11820ff9e5ebabf5c7d53bb40f5bf01144e51ac,hf:beans_dogs/train-00000-of-00002.parquet,10.0,mono_mean_prefix_truncate_zero_pad_before_qwen_resample,full_0-8k
train_23,/root/animal-omni-kv/data/beans/interventions/dogs_all/lp_0-1000/train_23.wav,Mac,train,23,Mac-7-C-5d.wav,291cfe452e7ee280ed2316e4c11820ff9e5ebabf5c7d53bb40f5bf01144e51ac,hf:beans_dogs/train-00000-of-00002.parquet,10.0,mono_mean_prefix_truncate_zero_pad_before_qwen_resample,lp_0-1000
train_24,/root/animal-omni-kv/data/beans/interventions/dogs_all/full_0-8k/train_24.wav,Mac,train,24,Mac-7-C-5c.wav,18ae3244ed0894075e2f975e492d56a082cedabc0fb7b178da8bddb017afc8b8,hf:beans_dogs/train-00000-of-00002.parquet,10.0,mono_mean_prefix_truncate_zero_pad_before_qwen_resample,full_0-8k
train_24,/root/animal-omni-kv/data/beans/interventions/dogs_all/lp_0-1000/train_24.wav,Mac,train,24,Mac-7-C-5c.wav,18ae3244ed0894075e2f975e492d56a082cedabc0fb7b178da8bddb017afc8b8,hf:beans_dogs/train-00000-of-00002.parquet,10.0,mono_mean_prefix_truncate_zero_pad_before_qwen_resample,lp_0-1000
train_25,/root/animal-omni-kv/data/beans/interventions/dogs_all/full_0-8k/train_25.wav,Mac,train,25,Mac-9-P-9a.wav,777b662123a1d0a10026c5e445a991af058a96fa87ca50caf3cb55c79ab033ef,hf:beans_dogs/train-00000-of-00002.parquet,10.0,mono_mean_prefix_truncate_zero_pad_before_qwen_resample,full_0-8k
train_25,/root/animal-omni-kv/data/beans/interventions/dogs_all/lp_0-1000/train_25.wav,Mac,train,25,Mac-9-P-9a.wav,777b662123a1d0a10026c5e445a991af058a96fa87ca50caf3cb55c79ab033ef,hf:beans_dogs/train-00000-of-00002.parquet,10.0,mono_mean_prefix_truncate_zero_pad_before_qwen_resample,lp_0-1000
train_28,/root/animal-omni-kv/data/beans/interventions/dogs_all/full_0-8k/train_28.wav,Mac,train,28,Mac-9-C-7g.wav,0dfce35f5bbfd65bdc3b9d69414fdbaac1b75ccf3359feb18380d7d65c696ebc,hf:beans_dogs/train-00000-of-00002.parquet,10.0,mono_mean_prefix_truncate_zero_pad_before_qwen_resample,full_0-8k
train_28,/root/animal-omni-kv/data/beans/interventions/dogs_all/lp_0-1000/train_28.wav,Mac,train,28,Mac-9-C-7g.wav,0dfce35f5bbfd65bdc3b9d69414fdbaac1b75ccf3359feb18380d7d65c696ebc,hf:beans_dogs/train-00000-of-00002.parquet,10.0,mono_mean_prefix_truncate_zero_pad_before_qwen_resample,lp_0-1000
train_30,/root/animal-omni-kv/data/beans/interventions/dogs_all/full_0-8k/train_30.wav,Mac,train,30,Mac-9-A-9.wav,2f61569b0afe3d65f3656fc5f4d060af552f799e47cddfe4cd6918538720eedc,hf:beans_dogs/train-00000-of-00002.parquet,10.0,mono_mean_prefix_truncate_zero_pad_before_qwen_resample,full_0-8k
train_30,/root/animal-omni-kv/data/beans/interventions/dogs_all/lp_0-1000/train_30.wav,Mac,train,30,Mac-9-A-9.wav,2f61569b0afe3d65f3656fc5f4d060af552f799e47cddfe4cd6918538720eedc,hf:beans_dogs/train-00000-of-00002.parquet,10.0,mono_mean_prefix_truncate_zero_pad_before_qwen_resample,lp_0-1000
train_31,/root/animal-omni-kv/data/beans/interventions/dogs_all/full_0-8k/train_31.wav,Mac,train,31,Mac-9-C-7a.wav,5b436714ac7a86a9a948d569210dab8f4fd26fbd2cb6058f27c504ec76bcc976,hf:beans_dogs/train-00000-of-00002.parquet,10.0,mono_mean_prefix_truncate_zero_pad_before_qwen_resample,full_0-8k
train_31,/root/animal-omni-kv/data/beans/interventions/dogs_all/lp_0-1000/train_31.wav,Mac,train,31,Mac-9-C-7a.wav,5b436714ac7a86a9a948d569210dab8f4fd26fbd2cb6058f27c504ec76bcc976,hf:beans_dogs/train-00000-of-00002.parquet,10.0,mono_mean_prefix_truncate_zero_pad_before_qwen_resample,lp_0-1000
train_34,/root/animal-omni-kv/data/beans/interventions/dogs_all/full_0-8k/train_34.wav,Mac,train,34,Mac-9-C-7i.wav,ccf924e2892e4efe4d009acb2c06129ad9edb1d9bb924dbfc38ff8f65b21d73b,hf:beans_dogs/train-00000-of-00002.parquet,10.0,mono_mean_prefix_truncate_zero_pad_before_qwen_resample,full_0-8k
train_34,/root/animal-omni-kv/data/beans/interventions/dogs_all/lp_0-1000/train_34.wav,Mac,train,34,Mac-9-C-7i.wav,ccf924e2892e4efe4d009acb2c06129ad9edb1d9bb924dbfc38ff8f65b21d73b,hf:beans_dogs/train-00000-of-00002.parquet,10.0,mono_mean_prefix_truncate_zero_pad_before_qwen_resample,lp_0-1000
train_35,/root/animal-omni-kv/data/beans/interventions/dogs_all/full_0-8k/train_35.wav,Mac,train,35,Mac-9-C-7b.wav,f60f938e83fe70a9a82078ad9419a8967ad555a6fa33ca42375aa9bc72b9c647,hf:beans_dogs/train-00000-of-00002.parquet,10.0,mono_mean_prefix_truncate_zero_pad_before_qwen_resample,full_0-8k
train_35,/root/animal-omni-kv/data/beans/interventions/dogs_all/lp_0-1000/train_35.wav,Mac,train,35,Mac-9-C-7b.wav,f60f938e83fe70a9a82078ad9419a8967ad555a6fa33ca42375aa9bc72b9c647,hf:beans_dogs/train-00000-of-00002.parquet,10.0,mono_mean_prefix_truncate_zero_pad_before_qwen_resample,lp_0-1000
train_36,/root/animal-omni-kv/data/beans/interventions/dogs_all/full_0-8k/train_36.wav,Mac,train,36,Mac-9-P-9b.wav,2dda1b375fb2d36342536afb21e3103b54a841ad416ecc513df0e200d9e5e5ae,hf:beans_dogs/train-00000-of-00002.parquet,10.0,mono_mean_prefix_truncate_zero_pad_before_qwen_resample,full_0-8k
train_36,/root/animal-omni-kv/data/beans/interventions/dogs_all/lp_0-1000/train_36.wav,Mac,train,36,Mac-9-P-9b.wav,2dda1b375fb2d36342536afb21e3103b54a841ad416ecc513df0e200d9e5e5ae,hf:beans_dogs/train-00000-of-00002.parquet,10.0,mono_mean_prefix_truncate_zero_pad_before_qwen_resample,lp_0-1000
train_38,/root/animal-omni-kv/data/beans/interventions/dogs_all/full_0-8k/train_38.wav,Mac,train,38,Mac-9-P-9c.wav,a28600d7ea39806882a8b81225d9310a9abb3d675d51fce3d681d9cc4d7f565a,hf:beans_dogs/train-00000-of-00002.parquet,10.0,mono_mean_prefix_truncate_zero_pad_before_qwen_resample,full_0-8k
train_38,/root/animal-omni-kv/data/beans/interventions/dogs_all/lp_0-1000/train_38.wav,Mac,train,38,Mac-9-P-9c.wav,a28600d7ea39806882a8b81225d9310a9abb3d675d51fce3d681d9cc4d7f565a,hf:beans_dogs/train-00000-of-00002.parquet,10.0,mono_mean_prefix_truncate_zero_pad_before_qwen_resample,lp_0-1000
train_39,/root/animal-omni-kv/data/beans/interventions/dogs_all/full_0-8k/train_39.wav,Mac,train,39,Mac-5-C-3f.wav,ddbb2291b80cecf6463d390a822b222e2092d5a89c6c9b9c4808aa3064125ff4,hf:beans_dogs/train-00000-of-00002.parquet,10.0,mono_mean_prefix_truncate_zero_pad_before_qwen_resample,full_0-8k
train_39,/root/animal-omni-kv/data/beans/interventions/dogs_all/lp_0-1000/train_39.wav,Mac,train,39,Mac-5-C-3f.wav,ddbb2291b80cecf6463d390a822b222e2092d5a89c6c9b9c4808aa3064125ff4,hf:beans_dogs/train-00000-of-00002.parquet,10.0,mono_mean_prefix_truncate_zero_pad_before_qwen_resample,lp_0-1000
train_41,/root/animal-omni-kv/data/beans/interventions/dogs_all/full_0-8k/train_41.wav,Mac,train,41,Mac-5-P-5b.wav,087a0cb8056b810b092797c001ef9186837e975e62cdfe8abcfdf3d78b16b83d,hf:beans_dogs/train-00000-of-00002.parquet,10.0,mono_mean_prefix_truncate_zero_pad_before_qwen_resample,full_0-8k
train_41,/root/animal-omni-kv/data/beans/interventions/dogs_all/lp_0-1000/train_41.wav,Mac,train,41,Mac-5-P-5b.wav,087a0cb8056b810b092797c001ef9186837e975e62cdfe8abcfdf3d78b16b83d,hf:beans_dogs/train-00000-of-00002.parquet,10.0,mono_mean_prefix_truncate_zero_pad_before_qwen_resample,lp_0-1000
train_42,/root/animal-omni-kv/data/beans/interventions/dogs_all/full_0-8k/train_42.wav,Mac,train,42,Mac-5-C-3j.wav,3cfd7bd5b230ba8370dc00a73dd11b9aa4120853fb873a8bdc0706ebae3a8325,hf:beans_dogs/train-00000-of-00002.parquet,10.0,mono_mean_prefix_truncate_zero_pad_before_qwen_resample,full_0-8k
train_42,/root/animal-omni-kv/data/beans/interventions/dogs_all/lp_0-1000/train_42.wav,Mac,train,42,Mac-5-C-3j.wav,3cfd7bd5b230ba8370dc00a73dd11b9aa4120853fb873a8bdc0706ebae3a8325,hf:beans_dogs/train-00000-of-00002.parquet,10.0,mono_mean_prefix_truncate_zero_pad_before_qwen_resample,lp_0-1000
train_43,/root/animal-omni-kv/data/beans/interventions/dogs_all/full_0-8k/train_43.wav,Mac,train,43,Mac-5-C-3h.wav,5ba391907221f0bbd2ead8fcdcd3da197f1c166b706cfee0178b1613699625fa,hf:beans_dogs/train-00000-of-00002.parquet,10.0,mono_mean_prefix_truncate_zero_pad_before_qwen_resample,full_0-8k
train_43,/root/animal-omni-kv/data/beans/interventions/dogs_all/lp_0-1000/train_43.wav,Mac,train,43,Mac-5-C-3h.wav,5ba391907221f0bbd2ead8fcdcd3da197f1c166b706cfee0178b1613699625fa,hf:beans_dogs/train-00000-of-00002.parquet,10.0,mono_mean_prefix_truncate_zero_pad_before_qwen_resample,lp_0-1000
train_44,/root/animal-omni-kv/data/beans/interventions/dogs_all/full_0-8k/train_44.wav,Mac,train,44,Mac-5-C-3a.wav,1681845ebfceb375c77f5800e29e80b16b4413d152ce41d5e84ca873e56a81a0,hf:beans_dogs/train-00000-of-00002.parquet,10.0,mono_mean_prefix_truncate_zero_pad_before_qwen_resample,full_0-8k
train_44,/root/animal-omni-kv/data/beans/interventions/dogs_all/lp_0-1000/train_44.wav,Mac,train,44,Mac-5-C-3a.wav,1681845ebfceb375c77f5800e29e80b16b4413d152ce41d5e84ca873e56a81a0,hf:beans_dogs/train-00000-of-00002.parquet,10.0,mono_mean_prefix_truncate_zero_pad_before_qwen_resample,lp_0-1000
train_45,/root/animal-omni-kv/data/beans/interventions/dogs_all/full_0-8k/train_45.wav,Mac,train,45,Mac-5-C-3e.wav,28e49615f0bc14758559c18b695b4d1a223ec0cbfd0236cecae2819dac793bfa,hf:beans_dogs/train-00000-of-00002.parquet,10.0,mono_mean_prefix_truncate_zero_pad_before_qwen_resample,full_0-8k
train_45,/root/animal-omni-kv/data/beans/interventions/dogs_all/lp_0-1000/train_45.wav,Mac,train,45,Mac-5-C-3e.wav,28e49615f0bc14758559c18b695b4d1a223ec0cbfd0236cecae2819dac793bfa,hf:beans_dogs/train-00000-of-00002.parquet,10.0,mono_mean_prefix_truncate_zero_pad_before_qwen_resample,lp_0-1000
train_48,/root/animal-omni-kv/data/beans/interventions/dogs_all/full_0-8k/train_48.wav,Mac,train,48,Mac-5-P-5a.wav,ab78bd5588d9f0d736e25be4a64ebb816713927ea63f0e8e17379b9645e0689e,hf:beans_dogs/train-00000-of-00002.parquet,10.0,mono_mean_prefix_truncate_zero_pad_before_qwen_resample,full_0-8k
train_48,/root/animal-omni-kv/data/beans/interventions/dogs_all/lp_0-1000/train_48.wav,Mac,train,48,Mac-5-P-5a.wav,ab78bd5588d9f0d736e25be4a64ebb816713927ea63f0e8e17379b9645e0689e,hf:beans_dogs/train-00000-of-00002.parquet,10.0,mono_mean_prefix_truncate_zero_pad_before_qwen_resample,lp_0-1000
train_49,/root/animal-omni-kv/data/beans/interventions/dogs_all/full_0-8k/train_49.wav,Mac,train,49,Mac-5-C-3c.wav,6212b98f13b23d8fb7f6ec9c4ef2c37662b607876e0e1e5c4c3b8444fe652a71,hf:beans_dogs/train-00000-of-00002.parquet,10.0,mono_mean_prefix_truncate_zero_pad_before_qwen_resample,full_0-8k
train_49,/root/animal-omni-kv/data/beans/interventions/dogs_all/lp_0-1000/train_49.wav,Mac,train,49,Mac-5-C-3c.wav,6212b98f13b23d8fb7f6ec9c4ef2c37662b607876e0e1e5c4c3b8444fe652a71,hf:beans_dogs/train-00000-of-00002.parquet,10.0,mono_mean_prefix_truncate_zero_pad_before_qwen_resample,lp_0-1000
train_51,/root/animal-omni-kv/data/beans/interventions/dogs_all/full_0-8k/train_51.wav,Mac,train,51,Mac-11-A-11.wav,7327c169f94db92826ec3a6f411dc626f414510ff205599d4a108c5626188cad,hf:beans_dogs/train-00000-of-00002.parquet,10.0,mono_mean_prefix_truncate_zero_pad_before_qwen_resample,full_0-8k
train_51,/root/animal-omni-kv/data/beans/interventions/dogs_all/lp_0-1000/train_51.wav,Mac,train,51,Mac-11-A-11.wav,7327c169f94db92826ec3a6f411dc626f414510ff205599d4a108c5626188cad,hf:beans_dogs/train-00000-of-00002.parquet,10.0,mono_mean_prefix_truncate_zero_pad_before_qwen_resample,lp_0-1000
train_52,/root/animal-omni-kv/data/beans/interventions/dogs_all/full_0-8k/train_52.wav,Mac,train,52,Mac-11-C-9c.wav,a442a2ae89eab3c5ce927771eeb0227a09b249ccefb3607085f3a6694ecbae71,hf:beans_dogs/train-00000-of-00002.parquet,10.0,mono_mean_prefix_truncate_zero_pad_before_qwen_resample,full_0-8k
train_52,/root/animal-omni-kv/data/beans/interventions/dogs_all/lp_0-1000/train_52.wav,Mac,train,52,Mac-11-C-9c.wav,a442a2ae89eab3c5ce927771eeb0227a09b249ccefb3607085f3a6694ecbae71,hf:beans_dogs/train-00000-of-00002.parquet,10.0,mono_mean_prefix_truncate_zero_pad_before_qwen_resample,lp_0-1000
train_54,/root/animal-omni-kv/data/beans/interventions/dogs_all/full_0-8k/train_54.wav,Mac,train,54,Mac-11-C-9b.wav,15427baef37d8496289396db8b2d6f9f3e3fe879f284f77919c4a0842d888a27,hf:beans_dogs/train-00000-of-00002.parquet,10.0,mono_mean_prefix_truncate_zero_pad_before_qwen_resample,full_0-8k
train_54,/root/animal-omni-kv/data/beans/interventions/dogs_all/lp_0-1000/train_54.wav,Mac,train,54,Mac-11-C-9b.wav,15427baef37d8496289396db8b2d6f9f3e3fe879f284f77919c4a0842d888a27,hf:beans_dogs/train-00000-of-00002.parquet,10.0,mono_mean_prefix_truncate_zero_pad_before_qwen_resample,lp_0-1000
train_55,/root/animal-omni-kv/data/beans/interventions/dogs_all/full_0-8k/train_55.wav,Mac,train,55,Mac-1-A-1b.wav,f54939fe811e790763cc371d8166c0accdf8bf4f431ffce67877440311d1283f,hf:beans_dogs/train-00000-of-00002.parquet,10.0,mono_mean_prefix_truncate_zero_pad_before_qwen_resample,full_0-8k
train_55,/root/animal-omni-kv/data/beans/interventions/dogs_all/lp_0-1000/train_55.wav,Mac,train,55,Mac-1-A-1b.wav,f54939fe811e790763cc371d8166c0accdf8bf4f431ffce67877440311d1283f,hf:beans_dogs/train-00000-of-00002.parquet,10.0,mono_mean_prefix_truncate_zero_pad_before_qwen_resample,lp_0-1000
train_56,/root/animal-omni-kv/data/beans/interventions/dogs_all/full_0-8k/train_56.wav,Mac,train,56,Mac-1-C-1a.wav,bdeadfbf9f12d4643c2c266f2a9729d9c0aaae8d899d1dcc336f309a858e916d,hf:beans_dogs/train-00000-of-00002.parquet,10.0,mono_mean_prefix_truncate_zero_pad_before_qwen_resample,full_0-8k
train_56,/root/animal-omni-kv/data/beans/interventions/dogs_all/lp_0-1000/train_56.wav,Mac,train,56,Mac-1-C-1a.wav,bdeadfbf9f12d4643c2c266f2a9729d9c0aaae8d899d1dcc336f309a858e916d,hf:beans_dogs/train-00000-of-00002.parquet,10.0,mono_mean_prefix_truncate_zero_pad_before_qwen_resample,lp_0-1000
train_59,/root/animal-omni-kv/data/beans/interventions/dogs_all/full_0-8k/train_59.wav,Mac,train,59,Mac-1-C-1c.wav,b0a7a8a4d4168fbd33220c33680e97d167ac38f97b9b6dccfdaf9ce9a2b9b0f2,hf:beans_dogs/train-00000-of-00002.parquet,10.0,mono_mean_prefix_truncate_zero_pad_before_qwen_resample,full_0-8k
train_59,/root/animal-omni-kv/data/beans/interventions/dogs_all/lp_0-1000/train_59.wav,Mac,train,59,Mac-1-C-1c.wav,b0a7a8a4d4168fbd33220c33680e97d167ac38f97b9b6dccfdaf9ce9a2b9b0f2,hf:beans_dogs/train-00000-of-00002.parquet,10.0,mono_mean_prefix_truncate_zero_pad_before_qwen_resample,lp_0-1000
train_61,/root/animal-omni-kv/data/beans/interventions/dogs_all/full_0-8k/train_61.wav,Mac,train,61,Mac-1-A-1c.wav,81acd692c34a6141387652fc230580afded157f72ae4a097808dc695e986ebee,hf:beans_dogs/train-00000-of-00002.parquet,10.0,mono_mean_prefix_truncate_zero_pad_before_qwen_resample,full_0-8k
train_61,/root/animal-omni-kv/data/beans/interventions/dogs_all/lp_0-1000/train_61.wav,Mac,train,61,Mac-1-A-1c.wav,81acd692c34a6141387652fc230580afded157f72ae4a097808dc695e986ebee,hf:beans_dogs/train-00000-of-00002.parquet,10.0,mono_mean_prefix_truncate_zero_pad_before_qwen_resample,lp_0-1000
train_63,/root/animal-omni-kv/data/beans/interventions/dogs_all/full_0-8k/train_63.wav,Mac,train,63,Mac-1-C-1h.wav,df7ea3ed95728a58517648c0fcaea926c1cda0d800bda36473eeb353911dcdec,hf:beans_dogs/train-00000-of-00002.parquet,10.0,mono_mean_prefix_truncate_zero_pad_before_qwen_resample,full_0-8k
train_63,/root/animal-omni-kv/data/beans/interventions/dogs_all/lp_0-1000/train_63.wav,Mac,train,63,Mac-1-C-1h.wav,df7ea3ed95728a58517648c0fcaea926c1cda0d800bda36473eeb353911dcdec,hf:beans_dogs/train-00000-of-00002.parquet,10.0,mono_mean_prefix_truncate_zero_pad_before_qwen_resample,lp_0-1000
train_64,/root/animal-omni-kv/data/beans/interventions/dogs_all/full_0-8k/train_64.wav,Mac,train,64,Mac-1-C-1j.wav,57237e84dab131d384f9e96f8ab8e5734d439d993f4cdbc987bdb4603602201d,hf:beans_dogs/train-00000-of-00002.parquet,10.0,mono_mean_prefix_truncate_zero_pad_before_qwen_resample,full_0-8k
train_64,/root/animal-omni-kv/data/beans/interventions/dogs_all/lp_0-1000/train_64.wav,Mac,train,64,Mac-1-C-1j.wav,57237e84dab131d384f9e96f8ab8e5734d439d993f4cdbc987bdb4603602201d,hf:beans_dogs/train-00000-of-00002.parquet,10.0,mono_mean_prefix_truncate_zero_pad_before_qwen_resample,lp_0-1000
train_65,/root/animal-omni-kv/data/beans/interventions/dogs_all/full_0-8k/train_65.wav,Mac,train,65,Mac-1-P-1c.wav,142944f6d622963be7489c416d4df5a2e932607856510c295322a10dc974dd3e,hf:beans_dogs/train-00000-of-00002.parquet,10.0,mono_mean_prefix_truncate_zero_pad_before_qwen_resample,full_0-8k
train_65,/root/animal-omni-kv/data/beans/interventions/dogs_all/lp_0-1000/train_65.wav,Mac,train,65,Mac-1-P-1c.wav,142944f6d622963be7489c416d4df5a2e932607856510c295322a10dc974dd3e,hf:beans_dogs/train-00000-of-00002.parquet,10.0,mono_mean_prefix_truncate_zero_pad_before_qwen_resample,lp_0-1000
train_68,/root/animal-omni-kv/data/beans/interventions/dogs_all/full_0-8k/train_68.wav,Mac,train,68,Mac-1-C-1e.wav,a2aa14f969c4841660ab53866dac9d88026ed217316da667b13a613e667d9f35,hf:beans_dogs/train-00000-of-00002.parquet,10.0,mono_mean_prefix_truncate_zero_pad_before_qwen_resample,full_0-8k
train_68,/root/animal-omni-kv/data/beans/interventions/dogs_all/lp_0-1000/train_68.wav,Mac,train,68,Mac-1-C-1e.wav,a2aa14f969c4841660ab53866dac9d88026ed217316da667b13a613e667d9f35,hf:beans_dogs/train-00000-of-00002.parquet,10.0,mono_mean_prefix_truncate_zero_pad_before_qwen_resample,lp_0-1000
train_69,/root/animal-omni-kv/data/beans/interventions/dogs_all/full_0-8k/train_69.wav,Mac,train,69,Mac-1-A-1a.wav,38514fff8f75bf8943a9ebc34b31f35683ffc872d5ed5189fee56419b36993d1,hf:beans_dogs/train-00000-of-00002.parquet,10.0,mono_mean_prefix_truncate_zero_pad_before_qwen_resample,full_0-8k
train_69,/root/animal-omni-kv/data/beans/interventions/dogs_all/lp_0-1000/train_69.wav,Mac,train,69,Mac-1-A-1a.wav,38514fff8f75bf8943a9ebc34b31f35683ffc872d5ed5189fee56419b36993d1,hf:beans_dogs/train-00000-of-00002.parquet,10.0,mono_mean_prefix_truncate_zero_pad_before_qwen_resample,lp_0-1000
train_72,/root/animal-omni-kv/data/beans/interventions/dogs_all/full_0-8k/train_72.wav,Mac,train,72,Mac-10-C-8c.wav,d335609d646e50c6890a0eb6c82bcc51404cde77a2a133237479036d5f3e6ef4,hf:beans_dogs/train-00000-of-00002.parquet,10.0,mono_mean_prefix_truncate_zero_pad_before_qwen_resample,full_0-8k
train_72,/root/animal-omni-kv/data/beans/interventions/dogs_all/lp_0-1000/train_72.wav,Mac,train,72,Mac-10-C-8c.wav,d335609d646e50c6890a0eb6c82bcc51404cde77a2a133237479036d5f3e6ef4,hf:beans_dogs/train-00000-of-00002.parquet,10.0,mono_mean_prefix_truncate_zero_pad_before_qwen_resample,lp_0-1000
train_73,/root/animal-omni-kv/data/beans/interventions/dogs_all/full_0-8k/train_73.wav,Mac,train,73,Mac-10-P-10b.wav,d0d79057d4a31ec0e4b65d9c9f102b5617a9e66a8bf4022cff02b06e91f787e4,hf:beans_dogs/train-00000-of-00002.parquet,10.0,mono_mean_prefix_truncate_zero_pad_before_qwen_resample,full_0-8k
train_73,/root/animal-omni-kv/data/beans/interventions/dogs_all/lp_0-1000/train_73.wav,Mac,train,73,Mac-10-P-10b.wav,d0d79057d4a31ec0e4b65d9c9f102b5617a9e66a8bf4022cff02b06e91f787e4,hf:beans_dogs/train-00000-of-00002.parquet,10.0,mono_mean_prefix_truncate_zero_pad_before_qwen_resample,lp_0-1000
train_74,/root/animal-omni-kv/data/beans/interventions/dogs_all/full_0-8k/train_74.wav,Mac,train,74,Mac-10-C-8b.wav,d8a92437ee286a152b945e7d0f7550a7586d24fa7b12c9f9cf8cf02845c2ca45,hf:beans_dogs/train-00000-of-00002.parquet,10.0,mono_mean_prefix_truncate_zero_pad_before_qwen_resample,full_0-8k
train_74,/root/animal-omni-kv/data/beans/interventions/dogs_all/lp_0-1000/train_74.wav,Mac,train,74,Mac-10-C-8b.wav,d8a92437ee286a152b945e7d0f7550a7586d24fa7b12c9f9cf8cf02845c2ca45,hf:beans_dogs/train-00000-of-00002.parquet,10.0,mono_mean_prefix_truncate_zero_pad_before_qwen_resample,lp_0-1000
train_76,/root/animal-omni-kv/data/beans/interventions/dogs_all/full_0-8k/train_76.wav,Mac,train,76,Mac-10-P-10c.wav,38b8a9d526e0e3676a322678712d1dd6035a70f7e086debcc510695f10aa7d62,hf:beans_dogs/train-00000-of-00002.parquet,10.0,mono_mean_prefix_truncate_zero_pad_before_qwen_resample,full_0-8k
train_76,/root/animal-omni-kv/data/beans/interventions/dogs_all/lp_0-1000/train_76.wav,Mac,train,76,Mac-10-P-10c.wav,38b8a9d526e0e3676a322678712d1dd6035a70f7e086debcc510695f10aa7d62,hf:beans_dogs/train-00000-of-00002.parquet,10.0,mono_mean_prefix_truncate_zero_pad_before_qwen_resample,lp_0-1000
train_83,/root/animal-omni-kv/data/beans/interventions/dogs_all/full_0-8k/train_83.wav,Mac,train,83,Mac-4-A-4.wav,8f5fdf0b9a4549d5b10c3ffbe2ddeb38dd3e2c0a11229666c51a199ceea96dc6,hf:beans_dogs/train-00000-of-00002.parquet,10.0,mono_mean_prefix_truncate_zero_pad_before_qwen_resample,full_0-8k
train_83,/root/animal-omni-kv/data/beans/interventions/dogs_all/lp_0-1000/train_83.wav,Mac,train,83,Mac-4-A-4.wav,8f5fdf0b9a4549d5b10c3ffbe2ddeb38dd3e2c0a11229666c51a199ceea96dc6,hf:beans_dogs/train-00000-of-00002.parquet,10.0,mono_mean_prefix_truncate_zero_pad_before_qwen_resample,lp_0-1000
train_84,/root/animal-omni-kv/data/beans/interventions/dogs_all/full_0-8k/train_84.wav,Mac,train,84,Mac-4-P-4b.wav,d9939bef4c87de4e55c4e9fa7f78f05ce8adb92121c3980dccae4af5400b5b9b,hf:beans_dogs/train-00000-of-00002.parquet,10.0,mono_mean_prefix_truncate_zero_pad_before_qwen_resample,full_0-8k
train_84,/root/animal-omni-kv/data/beans/interventions/dogs_all/lp_0-1000/train_84.wav,Mac,train,84,Mac-4-P-4b.wav,d9939bef4c87de4e55c4e9fa7f78f05ce8adb92121c3980dccae4af5400b5b9b,hf:beans_dogs/train-00000-of-00002.parquet,10.0,mono_mean_prefix_truncate_zero_pad_before_qwen_resample,lp_0-1000
train_85,/root/animal-omni-kv/data/beans/interventions/dogs_all/full_0-8k/train_85.wav,Mac,train,85,Mac-4-P-4a.wav,2a2d9ec01670a41f925b5913f1a58c6a626eddfbd6e0ae4e84d53e9b86d67630,hf:beans_dogs/train-00000-of-00002.parquet,10.0,mono_mean_prefix_truncate_zero_pad_before_qwen_resample,full_0-8k
train_85,/root/animal-omni-kv/data/beans/interventions/dogs_all/lp_0-1000/train_85.wav,Mac,train,85,Mac-4-P-4a.wav,2a2d9ec01670a41f925b5913f1a58c6a626eddfbd6e0ae4e84d53e9b86d67630,hf:beans_dogs/train-00000-of-00002.parquet,10.0,mono_mean_prefix_truncate_zero_pad_before_qwen_resample,lp_0-1000
train_86,/root/animal-omni-kv/data/beans/interventions/dogs_all/full_0-8k/train_86.wav,Rudy,train,86,Rudy-4-P-4b.wav,4583d38ad74b10034aeefb0e83ee99de1bd36bc3507b709ee53875ea592ff16f,hf:beans_dogs/train-00000-of-00002.parquet,10.0,mono_mean_prefix_truncate_zero_pad_before_qwen_resample,full_0-8k
train_86,/root/animal-omni-kv/data/beans/interventions/dogs_all/lp_0-1000/train_86.wav,Rudy,train,86,Rudy-4-P-4b.wav,4583d38ad74b10034aeefb0e83ee99de1bd36bc3507b709ee53875ea592ff16f,hf:beans_dogs/train-00000-of-00002.parquet,10.0,mono_mean_prefix_truncate_zero_pad_before_qwen_resample,lp_0-1000
train_87,/root/animal-omni-kv/data/beans/interventions/dogs_all/full_0-8k/train_87.wav,Rudy,train,87,Rudy-4-A-4.wav,11c7bb04829c254cffd14fdc7f3cd32ec665042742d2e8809effa2cec7437911,hf:beans_dogs/train-00000-of-00002.parquet,10.0,mono_mean_prefix_truncate_zero_pad_before_qwen_resample,full_0-8k
train_87,/root/animal-omni-kv/data/beans/interventions/dogs_all/lp_0-1000/train_87.wav,Rudy,train,87,Rudy-4-A-4.wav,11c7bb04829c254cffd14fdc7f3cd32ec665042742d2e8809effa2cec7437911,hf:beans_dogs/train-00000-of-00002.parquet,10.0,mono_mean_prefix_truncate_zero_pad_before_qwen_resample,lp_0-1000
train_88,/root/animal-omni-kv/data/beans/interventions/dogs_all/full_0-8k/train_88.wav,Rudy,train,88,Rudy-4-P-4a.wav,34ea1f6a3f19c028d6e7ef9758bd8550edbf8917ddf6c2046b50208f1e80bc81,hf:beans_dogs/train-00000-of-00002.parquet,10.0,mono_mean_prefix_truncate_zero_pad_before_qwen_resample,full_0-8k
train_88,/root/animal-omni-kv/data/beans/interventions/dogs_all/lp_0-1000/train_88.wav,Rudy,train,88,Rudy-4-P-4a.wav,34ea1f6a3f19c028d6e7ef9758bd8550edbf8917ddf6c2046b50208f1e80bc81,hf:beans_dogs/train-00000-of-00002.parquet,10.0,mono_mean_prefix_truncate_zero_pad_before_qwen_resample,lp_0-1000
train_90,/root/animal-omni-kv/data/beans/interventions/dogs_all/full_0-8k/train_90.wav,Rudy,train,90,Rudy-2-P-2d.wav,ba437b2762103c7094bba050a5cc175a41b84002c72516ef1187a0001fe7c613,hf:beans_dogs/train-00000-of-00002.parquet,10.0,mono_mean_prefix_truncate_zero_pad_before_qwen_resample,full_0-8k
train_90,/root/animal-omni-kv/data/beans/interventions/dogs_all/lp_0-1000/train_90.wav,Rudy,train,90,Rudy-2-P-2d.wav,ba437b2762103c7094bba050a5cc175a41b84002c72516ef1187a0001fe7c613,hf:beans_dogs/train-00000-of-00002.parquet,10.0,mono_mean_prefix_truncate_zero_pad_before_qwen_resample,lp_0-1000
train_91,/root/animal-omni-kv/data/beans/interventions/dogs_all/full_0-8k/train_91.wav,Rudy,train,91,Rudy-2-P-2c.wav,81f0d6ea22395521f492ad33042ffd9bd05b058cf76fc2dfa3b5dcad15e851c6,hf:beans_dogs/train-00000-of-00002.parquet,10.0,mono_mean_prefix_truncate_zero_pad_before_qwen_resample,full_0-8k
train_91,/root/animal-omni-kv/data/beans/interventions/dogs_all/lp_0-1000/train_91.wav,Rudy,train,91,Rudy-2-P-2c.wav,81f0d6ea22395521f492ad33042ffd9bd05b058cf76fc2dfa3b5dcad15e851c6,hf:beans_dogs/train-00000-of-00002.parquet,10.0,mono_mean_prefix_truncate_zero_pad_before_qwen_resample,lp_0-1000
train_95,/root/animal-omni-kv/data/beans/interventions/dogs_all/full_0-8k/train_95.wav,Rudy,train,95,Rudy-1-A-1a.wav,b87a3698f36ac0157b86b2402e1300dac2b98c834a62a4a7c6cc6569a2da642c,hf:beans_dogs/train-00000-of-00002.parquet,10.0,mono_mean_prefix_truncate_zero_pad_before_qwen_resample,full_0-8k
train_95,/root/animal-omni-kv/data/beans/interventions/dogs_all/lp_0-1000/train_95.wav,Rudy,train,95,Rudy-1-A-1a.wav,b87a3698f36ac0157b86b2402e1300dac2b98c834a62a4a7c6cc6569a2da642c,hf:beans_dogs/train-00000-of-00002.parquet,10.0,mono_mean_prefix_truncate_zero_pad_before_qwen_resample,lp_0-1000
train_97,/root/animal-omni-kv/data/beans/interventions/dogs_all/full_0-8k/train_97.wav,Rudy,train,97,Rudy-1-P-1.wav,cc488a7c71a5776207a7f6cfb06d923b1972541bda1bcec3b481f7312dffd2b8,hf:beans_dogs/train-00000-of-00002.parquet,10.0,mono_mean_prefix_truncate_zero_pad_before_qwen_resample,full_0-8k
train_97,/root/animal-omni-kv/data/beans/interventions/dogs_all/lp_0-1000/train_97.wav,Rudy,train,97,Rudy-1-P-1.wav,cc488a7c71a5776207a7f6cfb06d923b1972541bda1bcec3b481f7312dffd2b8,hf:beans_dogs/train-00000-of-00002.parquet,10.0,mono_mean_prefix_truncate_zero_pad_before_qwen_resample,lp_0-1000
train_99,/root/animal-omni-kv/data/beans/interventions/dogs_all/full_0-8k/train_99.wav,Rudy,train,99,Rudy-5-P-5c.wav,1041b3703afef5dbbede122790464f5b64995f9ab4a55c327a2402827f331320,hf:beans_dogs/train-00000-of-00002.parquet,10.0,mono_mean_prefix_truncate_zero_pad_before_qwen_resample,full_0-8k
train_99,/root/animal-omni-kv/data/beans/interventions/dogs_all/lp_0-1000/train_99.wav,Rudy,train,99,Rudy-5-P-5c.wav,1041b3703afef5dbbede122790464f5b64995f9ab4a55c327a2402827f331320,hf:beans_dogs/train-00000-of-00002.parquet,10.0,mono_mean_prefix_truncate_zero_pad_before_qwen_resample,lp_0-1000
train_100,/root/animal-omni-kv/data/beans/interventions/dogs_all/full_0-8k/train_100.wav,Rudy,train,100,Rudy-5-P-5a.wav,403959ed902043f187cee611aa8d25ff58c7a87db0779588ac157ef245d6088b,hf:beans_dogs/train-00000-of-00002.parquet,10.0,mono_mean_prefix_truncate_zero_pad_before_qwen_resample,full_0-8k
train_100,/root/animal-omni-kv/data/beans/interventions/dogs_all/lp_0-1000/train_100.wav,Rudy,train,100,Rudy-5-P-5a.wav,403959ed902043f187cee611aa8d25ff58c7a87db0779588ac157ef245d6088b,hf:beans_dogs/train-00000-of-00002.parquet,10.0,mono_mean_prefix_truncate_zero_pad_before_qwen_resample,lp_0-1000
train_101,/root/animal-omni-kv/data/beans/interventions/dogs_all/full_0-8k/train_101.wav,Rudy,train,101,Rudy-3-P-3c.wav,c89f3194fa2bad6a41f6bc5f4776178f40116f77feeeceb8f9f1ff9b52362e24,hf:beans_dogs/train-00000-of-00002.parquet,10.0,mono_mean_prefix_truncate_zero_pad_before_qwen_resample,full_0-8k
train_101,/root/animal-omni-kv/data/beans/interventions/dogs_all/lp_0-1000/train_101.wav,Rudy,train,101,Rudy-3-P-3c.wav,c89f3194fa2bad6a41f6bc5f4776178f40116f77feeeceb8f9f1ff9b52362e24,hf:beans_dogs/train-00000-of-00002.parquet,10.0,mono_mean_prefix_truncate_zero_pad_before_qwen_resample,lp_0-1000
train_104,/root/animal-omni-kv/data/beans/interventions/dogs_all/full_0-8k/train_104.wav,Rudy,train,104,Rudy-3-P-3a.wav,77eae9107d9110f4e85216c86b36c2c13060217980014b1ca46d1bba39ce7bcc,hf:beans_dogs/train-00000-of-00002.parquet,10.0,mono_mean_prefix_truncate_zero_pad_before_qwen_resample,full_0-8k
train_104,/root/animal-omni-kv/data/beans/interventions/dogs_all/lp_0-1000/train_104.wav,Rudy,train,104,Rudy-3-P-3a.wav,77eae9107d9110f4e85216c86b36c2c13060217980014b1ca46d1bba39ce7bcc,hf:beans_dogs/train-00000-of-00002.parquet,10.0,mono_mean_prefix_truncate_zero_pad_before_qwen_resample,lp_0-1000
train_105,/root/animal-omni-kv/data/beans/interventions/dogs_all/full_0-8k/train_105.wav,Rudy,train,105,Rudy-3-A-3.wav,d15a596ca8b70edf63a68b16f5a4966fc23ccddf939f0b2b41782317a8091226,hf:beans_dogs/train-00000-of-00002.parquet,10.0,mono_mean_prefix_truncate_zero_pad_before_qwen_resample,full_0-8k
train_105,/root/animal-omni-kv/data/beans/interventions/dogs_all/lp_0-1000/train_105.wav,Rudy,train,105,Rudy-3-A-3.wav,d15a596ca8b70edf63a68b16f5a4966fc23ccddf939f0b2b41782317a8091226,hf:beans_dogs/train-00000-of-00002.parquet,10.0,mono_mean_prefix_truncate_zero_pad_before_qwen_resample,lp_0-1000
train_106,/root/animal-omni-kv/data/beans/interventions/dogs_all/full_0-8k/train_106.wav,Rudy,train,106,Rudy-3-P-3b.wav,16ff8659912164c6d67da33926f50d6b00c2925a372604e73f92ea3d7c4a0bf6,hf:beans_dogs/train-00000-of-00002.parquet,10.0,mono_mean_prefix_truncate_zero_pad_before_qwen_resample,full_0-8k
train_106,/root/animal-omni-kv/data/beans/interventions/dogs_all/lp_0-1000/train_106.wav,Rudy,train,106,Rudy-3-P-3b.wav,16ff8659912164c6d67da33926f50d6b00c2925a372604e73f92ea3d7c4a0bf6,hf:beans_dogs/train-00000-of-00002.parquet,10.0,mono_mean_prefix_truncate_zero_pad_before_qwen_resample,lp_0-1000
train_107,/root/animal-omni-kv/data/beans/interventions/dogs_all/full_0-8k/train_107.wav,Siggy,train,107,Siggy-6-A-6.wav,98140586c5c794a0e39c995f79be71333000aed9a10f95a5cea5826ea1c9cf0f,hf:beans_dogs/train-00000-of-00002.parquet,10.0,mono_mean_prefix_truncate_zero_pad_before_qwen_resample,full_0-8k
train_107,/root/animal-omni-kv/data/beans/interventions/dogs_all/lp_0-1000/train_107.wav,Siggy,train,107,Siggy-6-A-6.wav,98140586c5c794a0e39c995f79be71333000aed9a10f95a5cea5826ea1c9cf0f,hf:beans_dogs/train-00000-of-00002.parquet,10.0,mono_mean_prefix_truncate_zero_pad_before_qwen_resample,lp_0-1000
train_108,/root/animal-omni-kv/data/beans/interventions/dogs_all/full_0-8k/train_108.wav,Siggy,train,108,Siggy-6-C-6c.wav,6c36dfc2c5a3fcb043b562897390191d678508f4bcde99633ff438bac26a9486,hf:beans_dogs/train-00000-of-00002.parquet,10.0,mono_mean_prefix_truncate_zero_pad_before_qwen_resample,full_0-8k
train_108,/root/animal-omni-kv/data/beans/interventions/dogs_all/lp_0-1000/train_108.wav,Siggy,train,108,Siggy-6-C-6c.wav,6c36dfc2c5a3fcb043b562897390191d678508f4bcde99633ff438bac26a9486,hf:beans_dogs/train-00000-of-00002.parquet,10.0,mono_mean_prefix_truncate_zero_pad_before_qwen_resample,lp_0-1000
train_109,/root/animal-omni-kv/data/beans/interventions/dogs_all/full_0-8k/train_109.wav,Siggy,train,109,Siggy-6-C-6a.wav,f03233ffd6dec0aa90c11166f5df7502583e125ac3ec8370f37e2d86d61e866f,hf:beans_dogs/train-00000-of-00002.parquet,10.0,mono_mean_prefix_truncate_zero_pad_before_qwen_resample,full_0-8k
train_109,/root/animal-omni-kv/data/beans/interventions/dogs_all/lp_0-1000/train_109.wav,Siggy,train,109,Siggy-6-C-6a.wav,f03233ffd6dec0aa90c11166f5df7502583e125ac3ec8370f37e2d86d61e866f,hf:beans_dogs/train-00000-of-00002.parquet,10.0,mono_mean_prefix_truncate_zero_pad_before_qwen_resample,lp_0-1000
train_110,/root/animal-omni-kv/data/beans/interventions/dogs_all/full_0-8k/train_110.wav,Siggy,train,110,Siggy-6-C-6d.wav,29b159e3f895ff6b4b716dd9c5521c1b46ed67e16c8da6f21a14d6432ad089bf,hf:beans_dogs/train-00000-of-00002.parquet,10.0,mono_mean_prefix_truncate_zero_pad_before_qwen_resample,full_0-8k
train_110,/root/animal-omni-kv/data/beans/interventions/dogs_all/lp_0-1000/train_110.wav,Siggy,train,110,Siggy-6-C-6d.wav,29b159e3f895ff6b4b716dd9c5521c1b46ed67e16c8da6f21a14d6432ad089bf,hf:beans_dogs/train-00000-of-00002.parquet,10.0,mono_mean_prefix_truncate_zero_pad_before_qwen_resample,lp_0-1000
train_111,/root/animal-omni-kv/data/beans/interventions/dogs_all/full_0-8k/train_111.wav,Siggy,train,111,Siggy-6-C-6b.wav,3adbb885900585acd24237992012de4909704bf18d7c6789f7ec7060b6b38995,hf:beans_dogs/train-00000-of-00002.parquet,10.0,mono_mean_prefix_truncate_zero_pad_before_qwen_resample,full_0-8k
train_111,/root/animal-omni-kv/data/beans/interventions/dogs_all/lp_0-1000/train_111.wav,Siggy,train,111,Siggy-6-C-6b.wav,3adbb885900585acd24237992012de4909704bf18d7c6789f7ec7060b6b38995,hf:beans_dogs/train-00000-of-00002.parquet,10.0,mono_mean_prefix_truncate_zero_pad_before_qwen_resample,lp_0-1000
train_112,/root/animal-omni-kv/data/beans/interventions/dogs_all/full_0-8k/train_112.wav,Siggy,train,112,Siggy-6-P-6a.wav,dc42135df4a4d97ddac5389f021af613969ef89304840bfb9ff690e514ae726c,hf:beans_dogs/train-00000-of-00002.parquet,10.0,mono_mean_prefix_truncate_zero_pad_before_qwen_resample,full_0-8k
train_112,/root/animal-omni-kv/data/beans/interventions/dogs_all/lp_0-1000/train_112.wav,Siggy,train,112,Siggy-6-P-6a.wav,dc42135df4a4d97ddac5389f021af613969ef89304840bfb9ff690e514ae726c,hf:beans_dogs/train-00000-of-00002.parquet,10.0,mono_mean_prefix_truncate_zero_pad_before_qwen_resample,lp_0-1000
train_113,/root/animal-omni-kv/data/beans/interventions/dogs_all/full_0-8k/train_113.wav,Siggy,train,113,Siggy-6-P-6b.wav,ed42ea9cc4c98b974f2c126843a7a41a440e1e16fb7b8a66a1f17e2ec49573ed,hf:beans_dogs/train-00000-of-00002.parquet,10.0,mono_mean_prefix_truncate_zero_pad_before_qwen_resample,full_0-8k
train_113,/root/animal-omni-kv/data/beans/interventions/dogs_all/lp_0-1000/train_113.wav,Siggy,train,113,Siggy-6-P-6b.wav,ed42ea9cc4c98b974f2c126843a7a41a440e1e16fb7b8a66a1f17e2ec49573ed,hf:beans_dogs/train-00000-of-00002.parquet,10.0,mono_mean_prefix_truncate_zero_pad_before_qwen_resample,lp_0-1000
train_114,/root/animal-omni-kv/data/beans/interventions/dogs_all/full_0-8k/train_114.wav,Siggy,train,114,Siggy-5-P-5a.wav,a345f82e941ed4459364ab8310143667440d7e1f6d4181109ee7b82d94e2ee61,hf:beans_dogs/train-00000-of-00002.parquet,10.0,mono_mean_prefix_truncate_zero_pad_before_qwen_resample,full_0-8k
train_114,/root/animal-omni-kv/data/beans/interventions/dogs_all/lp_0-1000/train_114.wav,Siggy,train,114,Siggy-5-P-5a.wav,a345f82e941ed4459364ab8310143667440d7e1f6d4181109ee7b82d94e2ee61,hf:beans_dogs/train-00000-of-00002.parquet,10.0,mono_mean_prefix_truncate_zero_pad_before_qwen_resample,lp_0-1000
train_116,/root/animal-omni-kv/data/beans/interventions/dogs_all/full_0-8k/train_116.wav,Siggy,train,116,Siggy-5-P-5b.wav,56f495597a48378d530b29777bb99111fe704eb44df2525fbe25b0412c978388,hf:beans_dogs/train-00000-of-00002.parquet,10.0,mono_mean_prefix_truncate_zero_pad_before_qwen_resample,full_0-8k
train_116,/root/animal-omni-kv/data/beans/interventions/dogs_all/lp_0-1000/train_116.wav,Siggy,train,116,Siggy-5-P-5b.wav,56f495597a48378d530b29777bb99111fe704eb44df2525fbe25b0412c978388,hf:beans_dogs/train-00000-of-00002.parquet,10.0,mono_mean_prefix_truncate_zero_pad_before_qwen_resample,lp_0-1000
train_117,/root/animal-omni-kv/data/beans/interventions/dogs_all/full_0-8k/train_117.wav,Siggy,train,117,Siggy-5-A-5.wav,72959bab9ea997b0f135bd8ef2943eeaaddec32c452144659083def46d6e528d,hf:beans_dogs/train-00000-of-00002.parquet,10.0,mono_mean_prefix_truncate_zero_pad_before_qwen_resample,full_0-8k
train_117,/root/animal-omni-kv/data/beans/interventions/dogs_all/lp_0-1000/train_117.wav,Siggy,train,117,Siggy-5-A-5.wav,72959bab9ea997b0f135bd8ef2943eeaaddec32c452144659083def46d6e528d,hf:beans_dogs/train-00000-of-00002.parquet,10.0,mono_mean_prefix_truncate_zero_pad_before_qwen_resample,lp_0-1000
train_120,/root/animal-omni-kv/data/beans/interventions/dogs_all/full_0-8k/train_120.wav,Siggy,train,120,Siggy-5-C-5a.wav,faf7abb1c3b2bee6fd3aa1dd487dec9860803e82fc937f8e18ea6ed5a022fc0c,hf:beans_dogs/train-00000-of-00002.parquet,10.0,mono_mean_prefix_truncate_zero_pad_before_qwen_resample,full_0-8k
train_120,/root/animal-omni-kv/data/beans/interventions/dogs_all/lp_0-1000/train_120.wav,Siggy,train,120,Siggy-5-C-5a.wav,faf7abb1c3b2bee6fd3aa1dd487dec9860803e82fc937f8e18ea6ed5a022fc0c,hf:beans_dogs/train-00000-of-00002.parquet,10.0,mono_mean_prefix_truncate_zero_pad_before_qwen_resample,lp_0-1000
train_121,/root/animal-omni-kv/data/beans/interventions/dogs_all/full_0-8k/train_121.wav,Siggy,train,121,Siggy-7-C-7b.wav,6b9702aa46f981fe49af21ed5174a746527f6dc404babe223c18f8c383b3429f,hf:beans_dogs/train-00000-of-00002.parquet,10.0,mono_mean_prefix_truncate_zero_pad_before_qwen_resample,full_0-8k
train_121,/root/animal-omni-kv/data/beans/interventions/dogs_all/lp_0-1000/train_121.wav,Siggy,train,121,Siggy-7-C-7b.wav,6b9702aa46f981fe49af21ed5174a746527f6dc404babe223c18f8c383b3429f,hf:beans_dogs/train-00000-of-00002.parquet,10.0,mono_mean_prefix_truncate_zero_pad_before_qwen_resample,lp_0-1000
train_122,/root/animal-omni-kv/data/beans/interventions/dogs_all/full_0-8k/train_122.wav,Siggy,train,122,Siggy-7-C-7a.wav,440b2117818ad7a90896f6d105a990f6d71b3847872cd5eee03b5078377d58c7,hf:beans_dogs/train-00000-of-00002.parquet,10.0,mono_mean_prefix_truncate_zero_pad_before_qwen_resample,full_0-8k
train_122,/root/animal-omni-kv/data/beans/interventions/dogs_all/lp_0-1000/train_122.wav,Siggy,train,122,Siggy-7-C-7a.wav,440b2117818ad7a90896f6d105a990f6d71b3847872cd5eee03b5078377d58c7,hf:beans_dogs/train-00000-of-00002.parquet,10.0,mono_mean_prefix_truncate_zero_pad_before_qwen_resample,lp_0-1000
train_124,/root/animal-omni-kv/data/beans/interventions/dogs_all/full_0-8k/train_124.wav,Siggy,train,124,Siggy-7-P-7f.wav,1334e1fb22d8d31a035b4f3f32c8e74552d9591dbbb00bb6274fea419e4e42d9,hf:beans_dogs/train-00000-of-00002.parquet,10.0,mono_mean_prefix_truncate_zero_pad_before_qwen_resample,full_0-8k
train_124,/root/animal-omni-kv/data/beans/interventions/dogs_all/lp_0-1000/train_124.wav,Siggy,train,124,Siggy-7-P-7f.wav,1334e1fb22d8d31a035b4f3f32c8e74552d9591dbbb00bb6274fea419e4e42d9,hf:beans_dogs/train-00000-of-00002.parquet,10.0,mono_mean_prefix_truncate_zero_pad_before_qwen_resample,lp_0-1000
train_127,/root/animal-omni-kv/data/beans/interventions/dogs_all/full_0-8k/train_127.wav,Siggy,train,127,Siggy-7-P-7a.wav,374dd4f0a6d359ff517af286a23defbca3a90204746e1c3a5c286b259df890bc,hf:beans_dogs/train-00000-of-00002.parquet,10.0,mono_mean_prefix_truncate_zero_pad_before_qwen_resample,full_0-8k
train_127,/root/animal-omni-kv/data/beans/interventions/dogs_all/lp_0-1000/train_127.wav,Siggy,train,127,Siggy-7-P-7a.wav,374dd4f0a6d359ff517af286a23defbca3a90204746e1c3a5c286b259df890bc,hf:beans_dogs/train-00000-of-00002.parquet,10.0,mono_mean_prefix_truncate_zero_pad_before_qwen_resample,lp_0-1000
train_132,/root/animal-omni-kv/data/beans/interventions/dogs_all/full_0-8k/train_132.wav,Siggy,train,132,Siggy-9-C-9f.wav,060f8fcddb471bf1abd29ac4e203248e50a7a50d09e87180bf28f7a25a01d939,hf:beans_dogs/train-00000-of-00002.parquet,10.0,mono_mean_prefix_truncate_zero_pad_before_qwen_resample,full_0-8k
train_132,/root/animal-omni-kv/data/beans/interventions/dogs_all/lp_0-1000/train_132.wav,Siggy,train,132,Siggy-9-C-9f.wav,060f8fcddb471bf1abd29ac4e203248e50a7a50d09e87180bf28f7a25a01d939,hf:beans_dogs/train-00000-of-00002.parquet,10.0,mono_mean_prefix_truncate_zero_pad_before_qwen_resample,lp_0-1000
train_133,/root/animal-omni-kv/data/beans/interventions/dogs_all/full_0-8k/train_133.wav,Siggy,train,133,Siggy-9-C-9a.wav,0ed0d97a035f6f455ad778266cbb63fb167e210bf00140a3d932796fb791a745,hf:beans_dogs/train-00000-of-00002.parquet,10.0,mono_mean_prefix_truncate_zero_pad_before_qwen_resample,full_0-8k
train_133,/root/animal-omni-kv/data/beans/interventions/dogs_all/lp_0-1000/train_133.wav,Siggy,train,133,Siggy-9-C-9a.wav,0ed0d97a035f6f455ad778266cbb63fb167e210bf00140a3d932796fb791a745,hf:beans_dogs/train-00000-of-00002.parquet,10.0,mono_mean_prefix_truncate_zero_pad_before_qwen_resample,lp_0-1000
train_134,/root/animal-omni-kv/data/beans/interventions/dogs_all/full_0-8k/train_134.wav,Siggy,train,134,Siggy-9-P-8a.wav,c7bf1a397135349bf92f1ab9f6c6e00e714362f5c64ff0ad38242c31942630d5,hf:beans_dogs/train-00000-of-00002.parquet,10.0,mono_mean_prefix_truncate_zero_pad_before_qwen_resample,full_0-8k
train_134,/root/animal-omni-kv/data/beans/interventions/dogs_all/lp_0-1000/train_134.wav,Siggy,train,134,Siggy-9-P-8a.wav,c7bf1a397135349bf92f1ab9f6c6e00e714362f5c64ff0ad38242c31942630d5,hf:beans_dogs/train-00000-of-00002.parquet,10.0,mono_mean_prefix_truncate_zero_pad_before_qwen_resample,lp_0-1000
train_135,/root/animal-omni-kv/data/beans/interventions/dogs_all/full_0-8k/train_135.wav,Siggy,train,135,Siggy-9-C-9d.wav,4528b515b17d0203384085021681b646a597385f3d7dc667bddb6eb3a619b758,hf:beans_dogs/train-00000-of-00002.parquet,10.0,mono_mean_prefix_truncate_zero_pad_before_qwen_resample,full_0-8k
train_135,/root/animal-omni-kv/data/beans/interventions/dogs_all/lp_0-1000/train_135.wav,Siggy,train,135,Siggy-9-C-9d.wav,4528b515b17d0203384085021681b646a597385f3d7dc667bddb6eb3a619b758,hf:beans_dogs/train-00000-of-00002.parquet,10.0,mono_mean_prefix_truncate_zero_pad_before_qwen_resample,lp_0-1000
train_137,/root/animal-omni-kv/data/beans/interventions/dogs_all/full_0-8k/train_137.wav,Siggy,train,137,Siggy-9-C-9e.wav,2e6c2b5f270c8aea60342036abb56b5746b0d1cd1bdbc6339dc82c74215c2e0e,hf:beans_dogs/train-00000-of-00002.parquet,10.0,mono_mean_prefix_truncate_zero_pad_before_qwen_resample,full_0-8k
train_137,/root/animal-omni-kv/data/beans/interventions/dogs_all/lp_0-1000/train_137.wav,Siggy,train,137,Siggy-9-C-9e.wav,2e6c2b5f270c8aea60342036abb56b5746b0d1cd1bdbc6339dc82c74215c2e0e,hf:beans_dogs/train-00000-of-00002.parquet,10.0,mono_mean_prefix_truncate_zero_pad_before_qwen_resample,lp_0-1000
train_138,/root/animal-omni-kv/data/beans/interventions/dogs_all/full_0-8k/train_138.wav,Siggy,train,138,Siggy-2-A-2b.wav,5707ffe55201bb8bf17fcc8fa51fbab9dea515a5b30d3de84e561bc5cf975bee,hf:beans_dogs/train-00000-of-00002.parquet,10.0,mono_mean_prefix_truncate_zero_pad_before_qwen_resample,full_0-8k
train_138,/root/animal-omni-kv/data/beans/interventions/dogs_all/lp_0-1000/train_138.wav,Siggy,train,138,Siggy-2-A-2b.wav,5707ffe55201bb8bf17fcc8fa51fbab9dea515a5b30d3de84e561bc5cf975bee,hf:beans_dogs/train-00000-of-00002.parquet,10.0,mono_mean_prefix_truncate_zero_pad_before_qwen_resample,lp_0-1000
train_139,/root/animal-omni-kv/data/beans/interventions/dogs_all/full_0-8k/train_139.wav,Siggy,train,139,Siggy-2-C-2c.wav,15e17931fc9200869dd910ea02e7477e157ecbc5e1f093276242f3423fbb9c86,hf:beans_dogs/train-00000-of-00002.parquet,10.0,mono_mean_prefix_truncate_zero_pad_before_qwen_resample,full_0-8k
train_139,/root/animal-omni-kv/data/beans/interventions/dogs_all/lp_0-1000/train_139.wav,Siggy,train,139,Siggy-2-C-2c.wav,15e17931fc9200869dd910ea02e7477e157ecbc5e1f093276242f3423fbb9c86,hf:beans_dogs/train-00000-of-00002.parquet,10.0,mono_mean_prefix_truncate_zero_pad_before_qwen_resample,lp_0-1000
train_140,/root/animal-omni-kv/data/beans/interventions/dogs_all/full_0-8k/train_140.wav,Siggy,train,140,Siggy-2-A-2a.wav,99658c4178b0acec9a886577401d11b327130da81c03a586323042d8cbd96b8b,hf:beans_dogs/train-00000-of-00002.parquet,10.0,mono_mean_prefix_truncate_zero_pad_before_qwen_resample,full_0-8k
train_140,/root/animal-omni-kv/data/beans/interventions/dogs_all/lp_0-1000/train_140.wav,Siggy,train,140,Siggy-2-A-2a.wav,99658c4178b0acec9a886577401d11b327130da81c03a586323042d8cbd96b8b,hf:beans_dogs/train-00000-of-00002.parquet,10.0,mono_mean_prefix_truncate_zero_pad_before_qwen_resample,lp_0-1000
train_144,/root/animal-omni-kv/data/beans/interventions/dogs_all/full_0-8k/train_144.wav,Siggy,train,144,Siggy-8-C-8b.wav,1bb1c22312f06afda222abb517bb3ac29f34a04766abeb8827e009942aef78c4,hf:beans_dogs/train-00000-of-00002.parquet,10.0,mono_mean_prefix_truncate_zero_pad_before_qwen_resample,full_0-8k
train_144,/root/animal-omni-kv/data/beans/interventions/dogs_all/lp_0-1000/train_144.wav,Siggy,train,144,Siggy-8-C-8b.wav,1bb1c22312f06afda222abb517bb3ac29f34a04766abeb8827e009942aef78c4,hf:beans_dogs/train-00000-of-00002.parquet,10.0,mono_mean_prefix_truncate_zero_pad_before_qwen_resample,lp_0-1000
train_145,/root/animal-omni-kv/data/beans/interventions/dogs_all/full_0-8k/train_145.wav,Siggy,train,145,Siggy-8-A-8.wav,7d145b01eb4fe56173b015a5c3e654580ab242d8fc818ee0ddc95ddf9ef47440,hf:beans_dogs/train-00000-of-00002.parquet,10.0,mono_mean_prefix_truncate_zero_pad_before_qwen_resample,full_0-8k
train_145,/root/animal-omni-kv/data/beans/interventions/dogs_all/lp_0-1000/train_145.wav,Siggy,train,145,Siggy-8-A-8.wav,7d145b01eb4fe56173b015a5c3e654580ab242d8fc818ee0ddc95ddf9ef47440,hf:beans_dogs/train-00000-of-00002.parquet,10.0,mono_mean_prefix_truncate_zero_pad_before_qwen_resample,lp_0-1000
train_146,/root/animal-omni-kv/data/beans/interventions/dogs_all/full_0-8k/train_146.wav,Siggy,train,146,Siggy-8-C-8a.wav,67dedc1c248bac2a171c64ec82c8df908a51b0e571da21b0bdb1a59fb3b78294,hf:beans_dogs/train-00000-of-00002.parquet,10.0,mono_mean_prefix_truncate_zero_pad_before_qwen_resample,full_0-8k
train_146,/root/animal-omni-kv/data/beans/interventions/dogs_all/lp_0-1000/train_146.wav,Siggy,train,146,Siggy-8-C-8a.wav,67dedc1c248bac2a171c64ec82c8df908a51b0e571da21b0bdb1a59fb3b78294,hf:beans_dogs/train-00000-of-00002.parquet,10.0,mono_mean_prefix_truncate_zero_pad_before_qwen_resample,lp_0-1000
train_148,/root/animal-omni-kv/data/beans/interventions/dogs_all/full_0-8k/train_148.wav,Siggy,train,148,Siggy-1-C-1b.wav,889cfb8d190dda514a901e6ab8cebcea4f13fb9a0a9856fbe4b036c25ad85716,hf:beans_dogs/train-00000-of-00002.parquet,10.0,mono_mean_prefix_truncate_zero_pad_before_qwen_resample,full_0-8k
train_148,/root/animal-omni-kv/data/beans/interventions/dogs_all/lp_0-1000/train_148.wav,Siggy,train,148,Siggy-1-C-1b.wav,889cfb8d190dda514a901e6ab8cebcea4f13fb9a0a9856fbe4b036c25ad85716,hf:beans_dogs/train-00000-of-00002.parquet,10.0,mono_mean_prefix_truncate_zero_pad_before_qwen_resample,lp_0-1000
train_149,/root/animal-omni-kv/data/beans/interventions/dogs_all/full_0-8k/train_149.wav,Siggy,train,149,Siggy-1-C-1f.wav,9a8dea939c3cfec12fda1a82491f4c12e816de247b1106924511d0f2045e1199,hf:beans_dogs/train-00000-of-00002.parquet,10.0,mono_mean_prefix_truncate_zero_pad_before_qwen_resample,full_0-8k
train_149,/root/animal-omni-kv/data/beans/interventions/dogs_all/lp_0-1000/train_149.wav,Siggy,train,149,Siggy-1-C-1f.wav,9a8dea939c3cfec12fda1a82491f4c12e816de247b1106924511d0f2045e1199,hf:beans_dogs/train-00000-of-00002.parquet,10.0,mono_mean_prefix_truncate_zero_pad_before_qwen_resample,lp_0-1000
train_150,/root/animal-omni-kv/data/beans/interventions/dogs_all/full_0-8k/train_150.wav,Siggy,train,150,Siggy-1-P-1.wav,557331bb08c214d6d747e3c5a51bd20d0a1bff7e24dbc1f365625fdd566ac31f,hf:beans_dogs/train-00000-of-00002.parquet,10.0,mono_mean_prefix_truncate_zero_pad_before_qwen_resample,full_0-8k
train_150,/root/animal-omni-kv/data/beans/interventions/dogs_all/lp_0-1000/train_150.wav,Siggy,train,150,Siggy-1-P-1.wav,557331bb08c214d6d747e3c5a51bd20d0a1bff7e24dbc1f365625fdd566ac31f,hf:beans_dogs/train-00000-of-00002.parquet,10.0,mono_mean_prefix_truncate_zero_pad_before_qwen_resample,lp_0-1000
train_151,/root/animal-omni-kv/data/beans/interventions/dogs_all/full_0-8k/train_151.wav,Siggy,train,151,Siggy-1-C-1g.wav,aff9ef7b6f5bb66805369e6bbcc3bc5794805442ebe8a655cc261d8efb490683,hf:beans_dogs/train-00000-of-00002.parquet,10.0,mono_mean_prefix_truncate_zero_pad_before_qwen_resample,full_0-8k
train_151,/root/animal-omni-kv/data/beans/interventions/dogs_all/lp_0-1000/train_151.wav,Siggy,train,151,Siggy-1-C-1g.wav,aff9ef7b6f5bb66805369e6bbcc3bc5794805442ebe8a655cc261d8efb490683,hf:beans_dogs/train-00000-of-00002.parquet,10.0,mono_mean_prefix_truncate_zero_pad_before_qwen_resample,lp_0-1000
train_152,/root/animal-omni-kv/data/beans/interventions/dogs_all/full_0-8k/train_152.wav,Siggy,train,152,Siggy-1-C-1c.wav,376dc56896aa29521deefa8cf064284f94a43c2e2d4fba026b7714cc917df38f,hf:beans_dogs/train-00000-of-00002.parquet,10.0,mono_mean_prefix_truncate_zero_pad_before_qwen_resample,full_0-8k
train_152,/root/animal-omni-kv/data/beans/interventions/dogs_all/lp_0-1000/train_152.wav,Siggy,train,152,Siggy-1-C-1c.wav,376dc56896aa29521deefa8cf064284f94a43c2e2d4fba026b7714cc917df38f,hf:beans_dogs/train-00000-of-00002.parquet,10.0,mono_mean_prefix_truncate_zero_pad_before_qwen_resample,lp_0-1000
train_153,/root/animal-omni-kv/data/beans/interventions/dogs_all/full_0-8k/train_153.wav,Siggy,train,153,Siggy-1-A-1.wav,dcf57e6e5bb1e27618bd7eea87707c5e9c53b31f21a158bd131dd0bc51374570,hf:beans_dogs/train-00000-of-00002.parquet,10.0,mono_mean_prefix_truncate_zero_pad_before_qwen_resample,full_0-8k
train_153,/root/animal-omni-kv/data/beans/interventions/dogs_all/lp_0-1000/train_153.wav,Siggy,train,153,Siggy-1-A-1.wav,dcf57e6e5bb1e27618bd7eea87707c5e9c53b31f21a158bd131dd0bc51374570,hf:beans_dogs/train-00000-of-00002.parquet,10.0,mono_mean_prefix_truncate_zero_pad_before_qwen_resample,lp_0-1000
train_156,/root/animal-omni-kv/data/beans/interventions/dogs_all/full_0-8k/train_156.wav,Siggy,train,156,Siggy-3-C-3g.wav,bd9cbfc0c927f224be0d201ee98b61039625c4fed34279db40ad42cc42b7a4d4,hf:beans_dogs/train-00000-of-00002.parquet,10.0,mono_mean_prefix_truncate_zero_pad_before_qwen_resample,full_0-8k
train_156,/root/animal-omni-kv/data/beans/interventions/dogs_all/lp_0-1000/train_156.wav,Siggy,train,156,Siggy-3-C-3g.wav,bd9cbfc0c927f224be0d201ee98b61039625c4fed34279db40ad42cc42b7a4d4,hf:beans_dogs/train-00000-of-00002.parquet,10.0,mono_mean_prefix_truncate_zero_pad_before_qwen_resample,lp_0-1000
train_158,/root/animal-omni-kv/data/beans/interventions/dogs_all/full_0-8k/train_158.wav,Siggy,train,158,Siggy-3-C-3h.wav,7316013257ea8352a86810665a4d4c2898ee9e069d04a163feedeb1c63b265b7,hf:beans_dogs/train-00000-of-00002.parquet,10.0,mono_mean_prefix_truncate_zero_pad_before_qwen_resample,full_0-8k
train_158,/root/animal-omni-kv/data/beans/interventions/dogs_all/lp_0-1000/train_158.wav,Siggy,train,158,Siggy-3-C-3h.wav,7316013257ea8352a86810665a4d4c2898ee9e069d04a163feedeb1c63b265b7,hf:beans_dogs/train-00000-of-00002.parquet,10.0,mono_mean_prefix_truncate_zero_pad_before_qwen_resample,lp_0-1000
train_159,/root/animal-omni-kv/data/beans/interventions/dogs_all/full_0-8k/train_159.wav,Siggy,train,159,Siggy-3-P-3b.wav,0ddc4a56eace5179e5d8c4396babaf77ed219c54cd364774cfd91741af631eb2,hf:beans_dogs/train-00000-of-00002.parquet,10.0,mono_mean_prefix_truncate_zero_pad_before_qwen_resample,full_0-8k
train_159,/root/animal-omni-kv/data/beans/interventions/dogs_all/lp_0-1000/train_159.wav,Siggy,train,159,Siggy-3-P-3b.wav,0ddc4a56eace5179e5d8c4396babaf77ed219c54cd364774cfd91741af631eb2,hf:beans_dogs/train-00000-of-00002.parquet,10.0,mono_mean_prefix_truncate_zero_pad_before_qwen_resample,lp_0-1000
train_160,/root/animal-omni-kv/data/beans/interventions/dogs_all/full_0-8k/train_160.wav,Siggy,train,160,Siggy-3-C-3a.wav,47eaf9c0114b6461986f36a1fff8a8971bf95678420aacf1201f7950871ff9e4,hf:beans_dogs/train-00000-of-00002.parquet,10.0,mono_mean_prefix_truncate_zero_pad_before_qwen_resample,full_0-8k
train_160,/root/animal-omni-kv/data/beans/interventions/dogs_all/lp_0-1000/train_160.wav,Siggy,train,160,Siggy-3-C-3a.wav,47eaf9c0114b6461986f36a1fff8a8971bf95678420aacf1201f7950871ff9e4,hf:beans_dogs/train-00000-of-00002.parquet,10.0,mono_mean_prefix_truncate_zero_pad_before_qwen_resample,lp_0-1000
train_162,/root/animal-omni-kv/data/beans/interventions/dogs_all/full_0-8k/train_162.wav,Siggy,train,162,Siggy-3-C-3f.wav,2aff0cc4b1c5f76789833cdbbaaf0970231d933749529242910d0b51bef738e8,hf:beans_dogs/train-00000-of-00002.parquet,10.0,mono_mean_prefix_truncate_zero_pad_before_qwen_resample,full_0-8k
train_162,/root/animal-omni-kv/data/beans/interventions/dogs_all/lp_0-1000/train_162.wav,Siggy,train,162,Siggy-3-C-3f.wav,2aff0cc4b1c5f76789833cdbbaaf0970231d933749529242910d0b51bef738e8,hf:beans_dogs/train-00000-of-00002.parquet,10.0,mono_mean_prefix_truncate_zero_pad_before_qwen_resample,lp_0-1000
train_164,/root/animal-omni-kv/data/beans/interventions/dogs_all/full_0-8k/train_164.wav,Siggy,train,164,Siggy-3-C-3c.wav,7f02d28f07a8be88e3af29c03656c1f3402fb4d271bb1b8eb43ec0cacbfef243,hf:beans_dogs/train-00000-of-00002.parquet,10.0,mono_mean_prefix_truncate_zero_pad_before_qwen_resample,full_0-8k
train_164,/root/animal-omni-kv/data/beans/interventions/dogs_all/lp_0-1000/train_164.wav,Siggy,train,164,Siggy-3-C-3c.wav,7f02d28f07a8be88e3af29c03656c1f3402fb4d271bb1b8eb43ec0cacbfef243,hf:beans_dogs/train-00000-of-00002.parquet,10.0,mono_mean_prefix_truncate_zero_pad_before_qwen_resample,lp_0-1000
train_165,/root/animal-omni-kv/data/beans/interventions/dogs_all/full_0-8k/train_165.wav,Siggy,train,165,Siggy-3-P-3d.wav,133b40c9a94170569e904ba0384438ecd5c08bd9417d45e3ab0a580848768af0,hf:beans_dogs/train-00000-of-00002.parquet,10.0,mono_mean_prefix_truncate_zero_pad_before_qwen_resample,full_0-8k
train_165,/root/animal-omni-kv/data/beans/interventions/dogs_all/lp_0-1000/train_165.wav,Siggy,train,165,Siggy-3-P-3d.wav,133b40c9a94170569e904ba0384438ecd5c08bd9417d45e3ab0a580848768af0,hf:beans_dogs/train-00000-of-00002.parquet,10.0,mono_mean_prefix_truncate_zero_pad_before_qwen_resample,lp_0-1000
train_167,/root/animal-omni-kv/data/beans/interventions/dogs_all/full_0-8k/train_167.wav,Siggy,train,167,Siggy-3-P-3a.wav,9f62480232af50fc6518d323f50567a648bb4477b65c19cf95d5da71111b448f,hf:beans_dogs/train-00000-of-00002.parquet,10.0,mono_mean_prefix_truncate_zero_pad_before_qwen_resample,full_0-8k
train_167,/root/animal-omni-kv/data/beans/interventions/dogs_all/lp_0-1000/train_167.wav,Siggy,train,167,Siggy-3-P-3a.wav,9f62480232af50fc6518d323f50567a648bb4477b65c19cf95d5da71111b448f,hf:beans_dogs/train-00000-of-00002.parquet,10.0,mono_mean_prefix_truncate_zero_pad_before_qwen_resample,lp_0-1000
train_169,/root/animal-omni-kv/data/beans/interventions/dogs_all/full_0-8k/train_169.wav,Siggy,train,169,Siggy-4-C-4d.wav,6d6ebd7d65822d74c938714617472089d9fe45dc43dc928afe74fe72547c3ea9,hf:beans_dogs/train-00000-of-00002.parquet,10.0,mono_mean_prefix_truncate_zero_pad_before_qwen_resample,full_0-8k
train_169,/root/animal-omni-kv/data/beans/interventions/dogs_all/lp_0-1000/train_169.wav,Siggy,train,169,Siggy-4-C-4d.wav,6d6ebd7d65822d74c938714617472089d9fe45dc43dc928afe74fe72547c3ea9,hf:beans_dogs/train-00000-of-00002.parquet,10.0,mono_mean_prefix_truncate_zero_pad_before_qwen_resample,lp_0-1000
train_173,/root/animal-omni-kv/data/beans/interventions/dogs_all/full_0-8k/train_173.wav,Siggy,train,173,Siggy-4-C-4c.wav,2f7806c5431b7f26fa0b247181b03cf482e3b1bf18d05136ee463caf779722f8,hf:beans_dogs/train-00000-of-00002.parquet,10.0,mono_mean_prefix_truncate_zero_pad_before_qwen_resample,full_0-8k
train_173,/root/animal-omni-kv/data/beans/interventions/dogs_all/lp_0-1000/train_173.wav,Siggy,train,173,Siggy-4-C-4c.wav,2f7806c5431b7f26fa0b247181b03cf482e3b1bf18d05136ee463caf779722f8,hf:beans_dogs/train-00000-of-00002.parquet,10.0,mono_mean_prefix_truncate_zero_pad_before_qwen_resample,lp_0-1000
train_176,/root/animal-omni-kv/data/beans/interventions/dogs_all/full_0-8k/train_176.wav,Siggy,train,176,Siggy-4-C-4f.wav,a136e1e9527683123973891a1650f29c2713d3aec1f4a1fae3e91f4f1629a612,hf:beans_dogs/train-00000-of-00002.parquet,10.0,mono_mean_prefix_truncate_zero_pad_before_qwen_resample,full_0-8k
train_176,/root/animal-omni-kv/data/beans/interventions/dogs_all/lp_0-1000/train_176.wav,Siggy,train,176,Siggy-4-C-4f.wav,a136e1e9527683123973891a1650f29c2713d3aec1f4a1fae3e91f4f1629a612,hf:beans_dogs/train-00000-of-00002.parquet,10.0,mono_mean_prefix_truncate_zero_pad_before_qwen_resample,lp_0-1000
train_178,/root/animal-omni-kv/data/beans/interventions/dogs_all/full_0-8k/train_178.wav,Louie,train,178,Louie-5-C-5b.wav,a5a2d4c116490bdad5182131213d54bd10e49b0e78a47801f356843184ecf67e,hf:beans_dogs/train-00000-of-00002.parquet,10.0,mono_mean_prefix_truncate_zero_pad_before_qwen_resample,full_0-8k
train_178,/root/animal-omni-kv/data/beans/interventions/dogs_all/lp_0-1000/train_178.wav,Louie,train,178,Louie-5-C-5b.wav,a5a2d4c116490bdad5182131213d54bd10e49b0e78a47801f356843184ecf67e,hf:beans_dogs/train-00000-of-00002.parquet,10.0,mono_mean_prefix_truncate_zero_pad_before_qwen_resample,lp_0-1000
train_179,/root/animal-omni-kv/data/beans/interventions/dogs_all/full_0-8k/train_179.wav,Louie,train,179,Louie-5-C-5a.wav,69d3e7be732fe58ff4640fffd407a4ff39fc4abe4a877c6ca36e8ca106e7e3e3,hf:beans_dogs/train-00000-of-00002.parquet,10.0,mono_mean_prefix_truncate_zero_pad_before_qwen_resample,full_0-8k
train_179,/root/animal-omni-kv/data/beans/interventions/dogs_all/lp_0-1000/train_179.wav,Louie,train,179,Louie-5-C-5a.wav,69d3e7be732fe58ff4640fffd407a4ff39fc4abe4a877c6ca36e8ca106e7e3e3,hf:beans_dogs/train-00000-of-00002.parquet,10.0,mono_mean_prefix_truncate_zero_pad_before_qwen_resample,lp_0-1000
train_180,/root/animal-omni-kv/data/beans/interventions/dogs_all/full_0-8k/train_180.wav,Louie,train,180,Louie-5-P-5.wav,c684465edda30b6d778fd8d6828bf3b096e64972acb3a8de8f394efd1b4ec5e5,hf:beans_dogs/train-00000-of-00002.parquet,10.0,mono_mean_prefix_truncate_zero_pad_before_qwen_resample,full_0-8k
train_180,/root/animal-omni-kv/data/beans/interventions/dogs_all/lp_0-1000/train_180.wav,Louie,train,180,Louie-5-P-5.wav,c684465edda30b6d778fd8d6828bf3b096e64972acb3a8de8f394efd1b4ec5e5,hf:beans_dogs/train-00000-of-00002.parquet,10.0,mono_mean_prefix_truncate_zero_pad_before_qwen_resample,lp_0-1000
train_183,/root/animal-omni-kv/data/beans/interventions/dogs_all/full_0-8k/train_183.wav,Louie,train,183,Louie-5-A-5a.wav,6a7932434a7d82a0c26000347c27469559409b0b57a170c07554db0efc34b667,hf:beans_dogs/train-00000-of-00002.parquet,10.0,mono_mean_prefix_truncate_zero_pad_before_qwen_resample,full_0-8k
train_183,/root/animal-omni-kv/data/beans/interventions/dogs_all/lp_0-1000/train_183.wav,Louie,train,183,Louie-5-A-5a.wav,6a7932434a7d82a0c26000347c27469559409b0b57a170c07554db0efc34b667,hf:beans_dogs/train-00000-of-00002.parquet,10.0,mono_mean_prefix_truncate_zero_pad_before_qwen_resample,lp_0-1000
train_185,/root/animal-omni-kv/data/beans/interventions/dogs_all/full_0-8k/train_185.wav,Louie,train,185,Louie-1-C-1b.wav,e721a82ce04b4ba5a3e0dca987570d85013eee60e55da7e52ddf479a7c092f64,hf:beans_dogs/train-00000-of-00002.parquet,10.0,mono_mean_prefix_truncate_zero_pad_before_qwen_resample,full_0-8k
train_185,/root/animal-omni-kv/data/beans/interventions/dogs_all/lp_0-1000/train_185.wav,Louie,train,185,Louie-1-C-1b.wav,e721a82ce04b4ba5a3e0dca987570d85013eee60e55da7e52ddf479a7c092f64,hf:beans_dogs/train-00000-of-00002.parquet,10.0,mono_mean_prefix_truncate_zero_pad_before_qwen_resample,lp_0-1000
train_186,/root/animal-omni-kv/data/beans/interventions/dogs_all/full_0-8k/train_186.wav,Louie,train,186,Louie-1-A-1a_.wav,b82d8490af79a8643ca247df0c5be657fbeeb0f1f175aec928cb480441475f38,hf:beans_dogs/train-00000-of-00002.parquet,10.0,mono_mean_prefix_truncate_zero_pad_before_qwen_resample,full_0-8k
train_186,/root/animal-omni-kv/data/beans/interventions/dogs_all/lp_0-1000/train_186.wav,Louie,train,186,Louie-1-A-1a_.wav,b82d8490af79a8643ca247df0c5be657fbeeb0f1f175aec928cb480441475f38,hf:beans_dogs/train-00000-of-00002.parquet,10.0,mono_mean_prefix_truncate_zero_pad_before_qwen_resample,lp_0-1000
train_187,/root/animal-omni-kv/data/beans/interventions/dogs_all/full_0-8k/train_187.wav,Louie,train,187,Louie-1-A-1b.wav,dea8a1fe7a043948b6ea9d1423f27e3dc93414d56b223994176afe79d00fd7e9,hf:beans_dogs/train-00000-of-00002.parquet,10.0,mono_mean_prefix_truncate_zero_pad_before_qwen_resample,full_0-8k
train_187,/root/animal-omni-kv/data/beans/interventions/dogs_all/lp_0-1000/train_187.wav,Louie,train,187,Louie-1-A-1b.wav,dea8a1fe7a043948b6ea9d1423f27e3dc93414d56b223994176afe79d00fd7e9,hf:beans_dogs/train-00000-of-00002.parquet,10.0,mono_mean_prefix_truncate_zero_pad_before_qwen_resample,lp_0-1000
train_189,/root/animal-omni-kv/data/beans/interventions/dogs_all/full_0-8k/train_189.wav,Louie,train,189,Louie-1-P-1.wav,bd6d5dee4804ac88a444dcc2057a0fc6ad709471d5d5dd840de54a1ebb1b2f98,hf:beans_dogs/train-00000-of-00002.parquet,10.0,mono_mean_prefix_truncate_zero_pad_before_qwen_resample,full_0-8k
train_189,/root/animal-omni-kv/data/beans/interventions/dogs_all/lp_0-1000/train_189.wav,Louie,train,189,Louie-1-P-1.wav,bd6d5dee4804ac88a444dcc2057a0fc6ad709471d5d5dd840de54a1ebb1b2f98,hf:beans_dogs/train-00000-of-00002.parquet,10.0,mono_mean_prefix_truncate_zero_pad_before_qwen_resample,lp_0-1000
train_191,/root/animal-omni-kv/data/beans/interventions/dogs_all/full_0-8k/train_191.wav,Louie,train,191,Louie-1-C-1f.wav,f2011165a6d61fdeb7bf240eff9fbed3e629b90e023e41c679284a2abe3876fa,hf:beans_dogs/train-00000-of-00002.parquet,10.0,mono_mean_prefix_truncate_zero_pad_before_qwen_resample,full_0-8k
train_191,/root/animal-omni-kv/data/beans/interventions/dogs_all/lp_0-1000/train_191.wav,Louie,train,191,Louie-1-C-1f.wav,f2011165a6d61fdeb7bf240eff9fbed3e629b90e023e41c679284a2abe3876fa,hf:beans_dogs/train-00000-of-00002.parquet,10.0,mono_mean_prefix_truncate_zero_pad_before_qwen_resample,lp_0-1000
train_193,/root/animal-omni-kv/data/beans/interventions/dogs_all/full_0-8k/train_193.wav,Louie,train,193,Louie-4-A-4.wav,741b91c5a4e431035780a544cdbfc8ff64ecdf66195b4a644c3db3172af28d99,hf:beans_dogs/train-00000-of-00002.parquet,10.0,mono_mean_prefix_truncate_zero_pad_before_qwen_resample,full_0-8k
train_193,/root/animal-omni-kv/data/beans/interventions/dogs_all/lp_0-1000/train_193.wav,Louie,train,193,Louie-4-A-4.wav,741b91c5a4e431035780a544cdbfc8ff64ecdf66195b4a644c3db3172af28d99,hf:beans_dogs/train-00000-of-00002.parquet,10.0,mono_mean_prefix_truncate_zero_pad_before_qwen_resample,lp_0-1000
train_195,/root/animal-omni-kv/data/beans/interventions/dogs_all/full_0-8k/train_195.wav,Louie,train,195,Louie-4-P-4b.wav,0c34a544beeede8796b7bf3d5b8cee1008b02cea6261c354b270ec4c4978e00b,hf:beans_dogs/train-00000-of-00002.parquet,10.0,mono_mean_prefix_truncate_zero_pad_before_qwen_resample,full_0-8k
train_195,/root/animal-omni-kv/data/beans/interventions/dogs_all/lp_0-1000/train_195.wav,Louie,train,195,Louie-4-P-4b.wav,0c34a544beeede8796b7bf3d5b8cee1008b02cea6261c354b270ec4c4978e00b,hf:beans_dogs/train-00000-of-00002.parquet,10.0,mono_mean_prefix_truncate_zero_pad_before_qwen_resample,lp_0-1000
train_196,/root/animal-omni-kv/data/beans/interventions/dogs_all/full_0-8k/train_196.wav,Louie,train,196,Louie-4-C-4a.wav,3dff3550d7d106cc449837ba9e4563746ae5ad42963da1ff6b216d861e394b13,hf:beans_dogs/train-00000-of-00002.parquet,10.0,mono_mean_prefix_truncate_zero_pad_before_qwen_resample,full_0-8k
train_196,/root/animal-omni-kv/data/beans/interventions/dogs_all/lp_0-1000/train_196.wav,Louie,train,196,Louie-4-C-4a.wav,3dff3550d7d106cc449837ba9e4563746ae5ad42963da1ff6b216d861e394b13,hf:beans_dogs/train-00000-of-00002.parquet,10.0,mono_mean_prefix_truncate_zero_pad_before_qwen_resample,lp_0-1000
train_198,/root/animal-omni-kv/data/beans/interventions/dogs_all/full_0-8k/train_198.wav,Louie,train,198,Louie-3-C-3b.wav,c5f35759a4a7a5a966c6c1816ba9426fd4afe0884b038c11edde56217c9c9bb9,hf:beans_dogs/train-00000-of-00002.parquet,10.0,mono_mean_prefix_truncate_zero_pad_before_qwen_resample,full_0-8k
train_198,/root/animal-omni-kv/data/beans/interventions/dogs_all/lp_0-1000/train_198.wav,Louie,train,198,Louie-3-C-3b.wav,c5f35759a4a7a5a966c6c1816ba9426fd4afe0884b038c11edde56217c9c9bb9,hf:beans_dogs/train-00000-of-00002.parquet,10.0,mono_mean_prefix_truncate_zero_pad_before_qwen_resample,lp_0-1000
train_199,/root/animal-omni-kv/data/beans/interventions/dogs_all/full_0-8k/train_199.wav,Louie,train,199,Louie-3-C-3a.wav,a5edb82b78c851a38b74479958838c76ac9bc4ad5e025ab4a3e6780415c0f10c,hf:beans_dogs/train-00000-of-00002.parquet,10.0,mono_mean_prefix_truncate_zero_pad_before_qwen_resample,full_0-8k
train_199,/root/animal-omni-kv/data/beans/interventions/dogs_all/lp_0-1000/train_199.wav,Louie,train,199,Louie-3-C-3a.wav,a5edb82b78c851a38b74479958838c76ac9bc4ad5e025ab4a3e6780415c0f10c,hf:beans_dogs/train-00000-of-00002.parquet,10.0,mono_mean_prefix_truncate_zero_pad_before_qwen_resample,lp_0-1000
train_201,/root/animal-omni-kv/data/beans/interventions/dogs_all/full_0-8k/train_201.wav,Louie,train,201,Louie-3-A-3.wav,026ad832a8bcf4b67ac6716a164cd0ae8b3b6873758e4acf6661838222bd877e,hf:beans_dogs/train-00000-of-00002.parquet,10.0,mono_mean_prefix_truncate_zero_pad_before_qwen_resample,full_0-8k
train_201,/root/animal-omni-kv/data/beans/interventions/dogs_all/lp_0-1000/train_201.wav,Louie,train,201,Louie-3-A-3.wav,026ad832a8bcf4b67ac6716a164cd0ae8b3b6873758e4acf6661838222bd877e,hf:beans_dogs/train-00000-of-00002.parquet,10.0,mono_mean_prefix_truncate_zero_pad_before_qwen_resample,lp_0-1000
train_202,/root/animal-omni-kv/data/beans/interventions/dogs_all/full_0-8k/train_202.wav,Louie,train,202,Louie-3-C-3c.wav,520c8aa52eccf6efd10183e2551f1bdea3d7d9a7f3bfede4dac12303ec029644,hf:beans_dogs/train-00000-of-00002.parquet,10.0,mono_mean_prefix_truncate_zero_pad_before_qwen_resample,full_0-8k
train_202,/root/animal-omni-kv/data/beans/interventions/dogs_all/lp_0-1000/train_202.wav,Louie,train,202,Louie-3-C-3c.wav,520c8aa52eccf6efd10183e2551f1bdea3d7d9a7f3bfede4dac12303ec029644,hf:beans_dogs/train-00000-of-00002.parquet,10.0,mono_mean_prefix_truncate_zero_pad_before_qwen_resample,lp_0-1000
train_203,/root/animal-omni-kv/data/beans/interventions/dogs_all/full_0-8k/train_203.wav,Louie,train,203,Louis-2-A-2b.wav,75dd1225636b0eab9979b58882f869bae865934fd4478d9d180574ba0e6bec7f,hf:beans_dogs/train-00000-of-00002.parquet,10.0,mono_mean_prefix_truncate_zero_pad_before_qwen_resample,full_0-8k
train_203,/root/animal-omni-kv/data/beans/interventions/dogs_all/lp_0-1000/train_203.wav,Louie,train,203,Louis-2-A-2b.wav,75dd1225636b0eab9979b58882f869bae865934fd4478d9d180574ba0e6bec7f,hf:beans_dogs/train-00000-of-00002.parquet,10.0,mono_mean_prefix_truncate_zero_pad_before_qwen_resample,lp_0-1000
train_204,/root/animal-omni-kv/data/beans/interventions/dogs_all/full_0-8k/train_204.wav,Louie,train,204,Louis-2-C-2e.wav,a03fb3607d593baa40d481a968e18a3f0647f2c310e94a10c238451aac6293a0,hf:beans_dogs/train-00000-of-00002.parquet,10.0,mono_mean_prefix_truncate_zero_pad_before_qwen_resample,full_0-8k
train_204,/root/animal-omni-kv/data/beans/interventions/dogs_all/lp_0-1000/train_204.wav,Louie,train,204,Louis-2-C-2e.wav,a03fb3607d593baa40d481a968e18a3f0647f2c310e94a10c238451aac6293a0,hf:beans_dogs/train-00000-of-00002.parquet,10.0,mono_mean_prefix_truncate_zero_pad_before_qwen_resample,lp_0-1000
train_207,/root/animal-omni-kv/data/beans/interventions/dogs_all/full_0-8k/train_207.wav,Louie,train,207,Louis-2-C-2b.wav,801d60cbac37ce7f431b17d5081f2a5ee850f8e94782a7ea3e6857d4dabe3667,hf:beans_dogs/train-00000-of-00002.parquet,10.0,mono_mean_prefix_truncate_zero_pad_before_qwen_resample,full_0-8k
train_207,/root/animal-omni-kv/data/beans/interventions/dogs_all/lp_0-1000/train_207.wav,Louie,train,207,Louis-2-C-2b.wav,801d60cbac37ce7f431b17d5081f2a5ee850f8e94782a7ea3e6857d4dabe3667,hf:beans_dogs/train-00000-of-00002.parquet,10.0,mono_mean_prefix_truncate_zero_pad_before_qwen_resample,lp_0-1000
train_208,/root/animal-omni-kv/data/beans/interventions/dogs_all/full_0-8k/train_208.wav,Louie,train,208,Louis-2-C-2d.wav,a3c11aeb49448f190d4f2b8fd20f971914e97dc986d159f335c9ec99e4449f81,hf:beans_dogs/train-00000-of-00002.parquet,10.0,mono_mean_prefix_truncate_zero_pad_before_qwen_resample,full_0-8k
train_208,/root/animal-omni-kv/data/beans/interventions/dogs_all/lp_0-1000/train_208.wav,Louie,train,208,Louis-2-C-2d.wav,a3c11aeb49448f190d4f2b8fd20f971914e97dc986d159f335c9ec99e4449f81,hf:beans_dogs/train-00000-of-00002.parquet,10.0,mono_mean_prefix_truncate_zero_pad_before_qwen_resample,lp_0-1000
train_211,/root/animal-omni-kv/data/beans/interventions/dogs_all/full_0-8k/train_211.wav,Zoe,train,211,Zoe-8-C-5a(7_18_00).wav,55a48735eeaa8ac64399dc2d1a7dcccb58b56851ab7eb88cdbf68fe0457065bf,hf:beans_dogs/train-00000-of-00002.parquet,10.0,mono_mean_prefix_truncate_zero_pad_before_qwen_resample,full_0-8k
train_211,/root/animal-omni-kv/data/beans/interventions/dogs_all/lp_0-1000/train_211.wav,Zoe,train,211,Zoe-8-C-5a(7_18_00).wav,55a48735eeaa8ac64399dc2d1a7dcccb58b56851ab7eb88cdbf68fe0457065bf,hf:beans_dogs/train-00000-of-00002.parquet,10.0,mono_mean_prefix_truncate_zero_pad_before_qwen_resample,lp_0-1000
train_212,/root/animal-omni-kv/data/beans/interventions/dogs_all/full_0-8k/train_212.wav,Zoe,train,212,Zoe-8-C-5d(7_18_00).wav,b0534f4a63e6455022301cf1c50279c92fc8e422ab612814282dd40b7da11ae8,hf:beans_dogs/train-00000-of-00002.parquet,10.0,mono_mean_prefix_truncate_zero_pad_before_qwen_resample,full_0-8k
train_212,/root/animal-omni-kv/data/beans/interventions/dogs_all/lp_0-1000/train_212.wav,Zoe,train,212,Zoe-8-C-5d(7_18_00).wav,b0534f4a63e6455022301cf1c50279c92fc8e422ab612814282dd40b7da11ae8,hf:beans_dogs/train-00000-of-00002.parquet,10.0,mono_mean_prefix_truncate_zero_pad_before_qwen_resample,lp_0-1000
train_217,/root/animal-omni-kv/data/beans/interventions/dogs_all/full_0-8k/train_217.wav,Zoe,train,217,Zoe-6-A-4(7_16_00).wav,ff7dc163b3b73742249fad2b762066eca4381a113b6547107029c4c0364f9c3d,hf:beans_dogs/train-00000-of-00002.parquet,10.0,mono_mean_prefix_truncate_zero_pad_before_qwen_resample,full_0-8k
train_217,/root/animal-omni-kv/data/beans/interventions/dogs_all/lp_0-1000/train_217.wav,Zoe,train,217,Zoe-6-A-4(7_16_00).wav,ff7dc163b3b73742249fad2b762066eca4381a113b6547107029c4c0364f9c3d,hf:beans_dogs/train-00000-of-00002.parquet,10.0,mono_mean_prefix_truncate_zero_pad_before_qwen_resample,lp_0-1000
train_219,/root/animal-omni-kv/data/beans/interventions/dogs_all/full_0-8k/train_219.wav,Zoe,train,219,Zoe-6-P-5c(7_16_00).wav,170f7ab5d8160a1651cc44abacd030210b804be8b2032409087b1254203d9786,hf:beans_dogs/train-00000-of-00002.parquet,10.0,mono_mean_prefix_truncate_zero_pad_before_qwen_resample,full_0-8k
train_219,/root/animal-omni-kv/data/beans/interventions/dogs_all/lp_0-1000/train_219.wav,Zoe,train,219,Zoe-6-P-5c(7_16_00).wav,170f7ab5d8160a1651cc44abacd030210b804be8b2032409087b1254203d9786,hf:beans_dogs/train-00000-of-00002.parquet,10.0,mono_mean_prefix_truncate_zero_pad_before_qwen_resample,lp_0-1000
train_221,/root/animal-omni-kv/data/beans/interventions/dogs_all/full_0-8k/train_221.wav,Zoe,train,221,Zoe-3-P-2.wav,e5b8b7294d680ef81424dcf361906060e91e72d7c08a51042b43c36b76c1e521,hf:beans_dogs/train-00000-of-00002.parquet,10.0,mono_mean_prefix_truncate_zero_pad_before_qwen_resample,full_0-8k
train_221,/root/animal-omni-kv/data/beans/interventions/dogs_all/lp_0-1000/train_221.wav,Zoe,train,221,Zoe-3-P-2.wav,e5b8b7294d680ef81424dcf361906060e91e72d7c08a51042b43c36b76c1e521,hf:beans_dogs/train-00000-of-00002.parquet,10.0,mono_mean_prefix_truncate_zero_pad_before_qwen_resample,lp_0-1000
train_222,/root/animal-omni-kv/data/beans/interventions/dogs_all/full_0-8k/train_222.wav,Zoe,train,222,Zoe-9-P-6e(7_22_00).wav,8d3ea192c891b8bc50f6290cd59b8b4d8bde6ef245217bf527a6808c0e42cc92,hf:beans_dogs/train-00000-of-00002.parquet,10.0,mono_mean_prefix_truncate_zero_pad_before_qwen_resample,full_0-8k
train_222,/root/animal-omni-kv/data/beans/interventions/dogs_all/lp_0-1000/train_222.wav,Zoe,train,222,Zoe-9-P-6e(7_22_00).wav,8d3ea192c891b8bc50f6290cd59b8b4d8bde6ef245217bf527a6808c0e42cc92,hf:beans_dogs/train-00000-of-00002.parquet,10.0,mono_mean_prefix_truncate_zero_pad_before_qwen_resample,lp_0-1000
train_224,/root/animal-omni-kv/data/beans/interventions/dogs_all/full_0-8k/train_224.wav,Zoe,train,224,Zoe-9-P-6b(7_22_00).wav,819130c2caa106d824a9ada94e4832f958322434b6776b5f1477b7e3cfbd61b9,hf:beans_dogs/train-00000-of-00002.parquet,10.0,mono_mean_prefix_truncate_zero_pad_before_qwen_resample,full_0-8k
train_224,/root/animal-omni-kv/data/beans/interventions/dogs_all/lp_0-1000/train_224.wav,Zoe,train,224,Zoe-9-P-6b(7_22_00).wav,819130c2caa106d824a9ada94e4832f958322434b6776b5f1477b7e3cfbd61b9,hf:beans_dogs/train-00000-of-00002.parquet,10.0,mono_mean_prefix_truncate_zero_pad_before_qwen_resample,lp_0-1000
train_225,/root/animal-omni-kv/data/beans/interventions/dogs_all/full_0-8k/train_225.wav,Zoe,train,225,Zoe-9-P-6c(7_22_00).wav,a4ba151919114f2bba19b26ee2b43d53e61b19995fc8e19734b4cabc72dc22a0,hf:beans_dogs/train-00000-of-00002.parquet,10.0,mono_mean_prefix_truncate_zero_pad_before_qwen_resample,full_0-8k
train_225,/root/animal-omni-kv/data/beans/interventions/dogs_all/lp_0-1000/train_225.wav,Zoe,train,225,Zoe-9-P-6c(7_22_00).wav,a4ba151919114f2bba19b26ee2b43d53e61b19995fc8e19734b4cabc72dc22a0,hf:beans_dogs/train-00000-of-00002.parquet,10.0,mono_mean_prefix_truncate_zero_pad_before_qwen_resample,lp_0-1000
train_226,/root/animal-omni-kv/data/beans/interventions/dogs_all/full_0-8k/train_226.wav,Zoe,train,226,Zoe-9-P-6d(7_22_00).wav,b817d409f7eef1e3e1fd1a473412c4b339591a261db7ab8dd1d5940ea8edd669,hf:beans_dogs/train-00000-of-00002.parquet,10.0,mono_mean_prefix_truncate_zero_pad_before_qwen_resample,full_0-8k
train_226,/root/animal-omni-kv/data/beans/interventions/dogs_all/lp_0-1000/train_226.wav,Zoe,train,226,Zoe-9-P-6d(7_22_00).wav,b817d409f7eef1e3e1fd1a473412c4b339591a261db7ab8dd1d5940ea8edd669,hf:beans_dogs/train-00000-of-00002.parquet,10.0,mono_mean_prefix_truncate_zero_pad_before_qwen_resample,lp_0-1000
train_228,/root/animal-omni-kv/data/beans/interventions/dogs_all/full_0-8k/train_228.wav,Zoe,train,228,Zoe-9-P-6g(7_22_00).wav,da570c29c7d0802cdc17d0ca91a6a9585ef2c40e6e7ff0802120e9d68a1f85e3,hf:beans_dogs/train-00000-of-00002.parquet,10.0,mono_mean_prefix_truncate_zero_pad_before_qwen_resample,full_0-8k
train_228,/root/animal-omni-kv/data/beans/interventions/dogs_all/lp_0-1000/train_228.wav,Zoe,train,228,Zoe-9-P-6g(7_22_00).wav,da570c29c7d0802cdc17d0ca91a6a9585ef2c40e6e7ff0802120e9d68a1f85e3,hf:beans_dogs/train-00000-of-00002.parquet,10.0,mono_mean_prefix_truncate_zero_pad_before_qwen_resample,lp_0-1000
train_231,/root/animal-omni-kv/data/beans/interventions/dogs_all/full_0-8k/train_231.wav,Zoe,train,231,Zoe-5-P-4c(7_14_00).wav,0b4e64032b356fad1a3fca6161182e99079fca17f510fd4506e050829caf90a2,hf:beans_dogs/train-00000-of-00002.parquet,10.0,mono_mean_prefix_truncate_zero_pad_before_qwen_resample,full_0-8k
train_231,/root/animal-omni-kv/data/beans/interventions/dogs_all/lp_0-1000/train_231.wav,Zoe,train,231,Zoe-5-P-4c(7_14_00).wav,0b4e64032b356fad1a3fca6161182e99079fca17f510fd4506e050829caf90a2,hf:beans_dogs/train-00000-of-00002.parquet,10.0,mono_mean_prefix_truncate_zero_pad_before_qwen_resample,lp_0-1000
train_232,/root/animal-omni-kv/data/beans/interventions/dogs_all/full_0-8k/train_232.wav,Zoe,train,232,Zoe-5-C-4c(7_14_00).wav,94375909f93dd4395195bf1a0c300429a89b7738aed0d41959fb876bd9cab2a3,hf:beans_dogs/train-00000-of-00002.parquet,10.0,mono_mean_prefix_truncate_zero_pad_before_qwen_resample,full_0-8k
train_232,/root/animal-omni-kv/data/beans/interventions/dogs_all/lp_0-1000/train_232.wav,Zoe,train,232,Zoe-5-C-4c(7_14_00).wav,94375909f93dd4395195bf1a0c300429a89b7738aed0d41959fb876bd9cab2a3,hf:beans_dogs/train-00000-of-00002.parquet,10.0,mono_mean_prefix_truncate_zero_pad_before_qwen_resample,lp_0-1000
train_233,/root/animal-omni-kv/data/beans/interventions/dogs_all/full_0-8k/train_233.wav,Zoe,train,233,Zoe-5-P-4b(7_14_00).wav,ea7805d70e2124a7865f2068e2d25b640ce72ea2e8501d3fe7bf5067883abdc5,hf:beans_dogs/train-00000-of-00002.parquet,10.0,mono_mean_prefix_truncate_zero_pad_before_qwen_resample,full_0-8k
train_233,/root/animal-omni-kv/data/beans/interventions/dogs_all/lp_0-1000/train_233.wav,Zoe,train,233,Zoe-5-P-4b(7_14_00).wav,ea7805d70e2124a7865f2068e2d25b640ce72ea2e8501d3fe7bf5067883abdc5,hf:beans_dogs/train-00000-of-00002.parquet,10.0,mono_mean_prefix_truncate_zero_pad_before_qwen_resample,lp_0-1000
train_234,/root/animal-omni-kv/data/beans/interventions/dogs_all/full_0-8k/train_234.wav,Zoe,train,234,Zoe-5-C-4a(7_14_00).wav,a2301d48828a5a2d5599d04466bc44853215f10655eb80bdda0b809c7f722f73,hf:beans_dogs/train-00000-of-00002.parquet,10.0,mono_mean_prefix_truncate_zero_pad_before_qwen_resample,full_0-8k
train_234,/root/animal-omni-kv/data/beans/interventions/dogs_all/lp_0-1000/train_234.wav,Zoe,train,234,Zoe-5-C-4a(7_14_00).wav,a2301d48828a5a2d5599d04466bc44853215f10655eb80bdda0b809c7f722f73,hf:beans_dogs/train-00000-of-00002.parquet,10.0,mono_mean_prefix_truncate_zero_pad_before_qwen_resample,lp_0-1000
train_235,/root/animal-omni-kv/data/beans/interventions/dogs_all/full_0-8k/train_235.wav,Zoe,train,235,Zoe-5-C-4b(7_14_00).wav,44cc4d60a95f348d25af800704cae2671e66075b59cb40363bf03cedbf25b656,hf:beans_dogs/train-00000-of-00002.parquet,10.0,mono_mean_prefix_truncate_zero_pad_before_qwen_resample,full_0-8k
train_235,/root/animal-omni-kv/data/beans/interventions/dogs_all/lp_0-1000/train_235.wav,Zoe,train,235,Zoe-5-C-4b(7_14_00).wav,44cc4d60a95f348d25af800704cae2671e66075b59cb40363bf03cedbf25b656,hf:beans_dogs/train-00000-of-00002.parquet,10.0,mono_mean_prefix_truncate_zero_pad_before_qwen_resample,lp_0-1000
train_240,/root/animal-omni-kv/data/beans/interventions/dogs_all/full_0-8k/train_240.wav,Zoe,train,240,Zoe-5-C-4e(7_14_00).wav,52f50b7197770990466319c02fa3194d448ac0b85783cadc444dcb6eb7d54ee9,hf:beans_dogs/train-00000-of-00002.parquet,10.0,mono_mean_prefix_truncate_zero_pad_before_qwen_resample,full_0-8k
train_240,/root/animal-omni-kv/data/beans/interventions/dogs_all/lp_0-1000/train_240.wav,Zoe,train,240,Zoe-5-C-4e(7_14_00).wav,52f50b7197770990466319c02fa3194d448ac0b85783cadc444dcb6eb7d54ee9,hf:beans_dogs/train-00000-of-00002.parquet,10.0,mono_mean_prefix_truncate_zero_pad_before_qwen_resample,lp_0-1000
train_242,/root/animal-omni-kv/data/beans/interventions/dogs_all/full_0-8k/train_242.wav,Zoe,train,242,Zoe-4-C-3f.wav,3ba310c140a89b8098682cff18ed6a33d7b7a73bbd1ec1320a23c347454629b7,hf:beans_dogs/train-00000-of-00002.parquet,10.0,mono_mean_prefix_truncate_zero_pad_before_qwen_resample,full_0-8k
train_242,/root/animal-omni-kv/data/beans/interventions/dogs_all/lp_0-1000/train_242.wav,Zoe,train,242,Zoe-4-C-3f.wav,3ba310c140a89b8098682cff18ed6a33d7b7a73bbd1ec1320a23c347454629b7,hf:beans_dogs/train-00000-of-00002.parquet,10.0,mono_mean_prefix_truncate_zero_pad_before_qwen_resample,lp_0-1000
train_243,/root/animal-omni-kv/data/beans/interventions/dogs_all/full_0-8k/train_243.wav,Zoe,train,243,Zoe-4-C-3j.wav,776ec703205417edede5e18365f1ea7152446ca1bda7f9278ac9a18714ba1dde,hf:beans_dogs/train-00000-of-00002.parquet,10.0,mono_mean_prefix_truncate_zero_pad_before_qwen_resample,full_0-8k
train_243,/root/animal-omni-kv/data/beans/interventions/dogs_all/lp_0-1000/train_243.wav,Zoe,train,243,Zoe-4-C-3j.wav,776ec703205417edede5e18365f1ea7152446ca1bda7f9278ac9a18714ba1dde,hf:beans_dogs/train-00000-of-00002.parquet,10.0,mono_mean_prefix_truncate_zero_pad_before_qwen_resample,lp_0-1000
train_244,/root/animal-omni-kv/data/beans/interventions/dogs_all/full_0-8k/train_244.wav,Zoe,train,244,Zoe-4-C-3m.wav,8981c4ec434db7fb0e117252df4c6a825d44aa169bcf4f82b438bf44bde919d7,hf:beans_dogs/train-00000-of-00002.parquet,10.0,mono_mean_prefix_truncate_zero_pad_before_qwen_resample,full_0-8k
train_244,/root/animal-omni-kv/data/beans/interventions/dogs_all/lp_0-1000/train_244.wav,Zoe,train,244,Zoe-4-C-3m.wav,8981c4ec434db7fb0e117252df4c6a825d44aa169bcf4f82b438bf44bde919d7,hf:beans_dogs/train-00000-of-00002.parquet,10.0,mono_mean_prefix_truncate_zero_pad_before_qwen_resample,lp_0-1000
train_245,/root/animal-omni-kv/data/beans/interventions/dogs_all/full_0-8k/train_245.wav,Zoe,train,245,Zoe-4-C-3g.wav,ded608d66f381e5fcd6a778a447ef6a240ef0e0573f0bc79f1e0cbaa0aca347f,hf:beans_dogs/train-00000-of-00002.parquet,10.0,mono_mean_prefix_truncate_zero_pad_before_qwen_resample,full_0-8k
train_245,/root/animal-omni-kv/data/beans/interventions/dogs_all/lp_0-1000/train_245.wav,Zoe,train,245,Zoe-4-C-3g.wav,ded608d66f381e5fcd6a778a447ef6a240ef0e0573f0bc79f1e0cbaa0aca347f,hf:beans_dogs/train-00000-of-00002.parquet,10.0,mono_mean_prefix_truncate_zero_pad_before_qwen_resample,lp_0-1000
train_250,/root/animal-omni-kv/data/beans/interventions/dogs_all/full_0-8k/train_250.wav,Zoe,train,250,Zoe-4-C-3h.wav,f2c21dbdebcc3c3fa0b435195f9e760aacbc1b0dbb546aabdc0f4f1ac74f5acf,hf:beans_dogs/train-00000-of-00002.parquet,10.0,mono_mean_prefix_truncate_zero_pad_before_qwen_resample,full_0-8k
train_250,/root/animal-omni-kv/data/beans/interventions/dogs_all/lp_0-1000/train_250.wav,Zoe,train,250,Zoe-4-C-3h.wav,f2c21dbdebcc3c3fa0b435195f9e760aacbc1b0dbb546aabdc0f4f1ac74f5acf,hf:beans_dogs/train-00000-of-00002.parquet,10.0,mono_mean_prefix_truncate_zero_pad_before_qwen_resample,lp_0-1000
train_251,/root/animal-omni-kv/data/beans/interventions/dogs_all/full_0-8k/train_251.wav,Zoe,train,251,Zzoe-4-C-3c.wav,723b19a769a80908bce39d71674337dbdbb99444ae1383e24e48bca2c99d07e8,hf:beans_dogs/train-00000-of-00002.parquet,10.0,mono_mean_prefix_truncate_zero_pad_before_qwen_resample,full_0-8k
train_251,/root/animal-omni-kv/data/beans/interventions/dogs_all/lp_0-1000/train_251.wav,Zoe,train,251,Zzoe-4-C-3c.wav,723b19a769a80908bce39d71674337dbdbb99444ae1383e24e48bca2c99d07e8,hf:beans_dogs/train-00000-of-00002.parquet,10.0,mono_mean_prefix_truncate_zero_pad_before_qwen_resample,lp_0-1000
train_252,/root/animal-omni-kv/data/beans/interventions/dogs_all/full_0-8k/train_252.wav,Zoe,train,252,Zoe-4-C-3d.wav,31e207c0acb70de3019bf84417fd49dd1872c9de15cd7b8ec47048647fbef094,hf:beans_dogs/train-00000-of-00002.parquet,10.0,mono_mean_prefix_truncate_zero_pad_before_qwen_resample,full_0-8k
train_252,/root/animal-omni-kv/data/beans/interventions/dogs_all/lp_0-1000/train_252.wav,Zoe,train,252,Zoe-4-C-3d.wav,31e207c0acb70de3019bf84417fd49dd1872c9de15cd7b8ec47048647fbef094,hf:beans_dogs/train-00000-of-00002.parquet,10.0,mono_mean_prefix_truncate_zero_pad_before_qwen_resample,lp_0-1000
train_253,/root/animal-omni-kv/data/beans/interventions/dogs_all/full_0-8k/train_253.wav,Zoe,train,253,Zoe-4-C-3o.wav,aed862ff048f9dde16d51f62c283f66e837a86b9f3ae36ffe5c4cfb239184717,hf:beans_dogs/train-00000-of-00002.parquet,10.0,mono_mean_prefix_truncate_zero_pad_before_qwen_resample,full_0-8k
train_253,/root/animal-omni-kv/data/beans/interventions/dogs_all/lp_0-1000/train_253.wav,Zoe,train,253,Zoe-4-C-3o.wav,aed862ff048f9dde16d51f62c283f66e837a86b9f3ae36ffe5c4cfb239184717,hf:beans_dogs/train-00000-of-00002.parquet,10.0,mono_mean_prefix_truncate_zero_pad_before_qwen_resample,lp_0-1000
train_256,/root/animal-omni-kv/data/beans/interventions/dogs_all/full_0-8k/train_256.wav,Zoe,train,256,Zoe-4-P-3b.wav,f040e05e65a97e5f39b732e78e7c8907dc0c2f3f58bf6ec5dadebbe816392077,hf:beans_dogs/train-00000-of-00002.parquet,10.0,mono_mean_prefix_truncate_zero_pad_before_qwen_resample,full_0-8k
train_256,/root/animal-omni-kv/data/beans/interventions/dogs_all/lp_0-1000/train_256.wav,Zoe,train,256,Zoe-4-P-3b.wav,f040e05e65a97e5f39b732e78e7c8907dc0c2f3f58bf6ec5dadebbe816392077,hf:beans_dogs/train-00000-of-00002.parquet,10.0,mono_mean_prefix_truncate_zero_pad_before_qwen_resample,lp_0-1000
train_257,/root/animal-omni-kv/data/beans/interventions/dogs_all/full_0-8k/train_257.wav,Zoe,train,257,Zoe-4-P-3a.wav,2056476ec4971c0ac6a72be61d64fe55ba34dc991858fa0ff87ee5093758276a,hf:beans_dogs/train-00000-of-00002.parquet,10.0,mono_mean_prefix_truncate_zero_pad_before_qwen_resample,full_0-8k
train_257,/root/animal-omni-kv/data/beans/interventions/dogs_all/lp_0-1000/train_257.wav,Zoe,train,257,Zoe-4-P-3a.wav,2056476ec4971c0ac6a72be61d64fe55ba34dc991858fa0ff87ee5093758276a,hf:beans_dogs/train-00000-of-00002.parquet,10.0,mono_mean_prefix_truncate_zero_pad_before_qwen_resample,lp_0-1000
train_259,/root/animal-omni-kv/data/beans/interventions/dogs_all/full_0-8k/train_259.wav,Zoe,train,259,Zoe-4-C-3i.wav,5f3ea9d494997f8152219d769d8093548d033c85f3b6b7601bdd587b5c97d72d,hf:beans_dogs/train-00000-of-00002.parquet,10.0,mono_mean_prefix_truncate_zero_pad_before_qwen_resample,full_0-8k
train_259,/root/animal-omni-kv/data/beans/interventions/dogs_all/lp_0-1000/train_259.wav,Zoe,train,259,Zoe-4-C-3i.wav,5f3ea9d494997f8152219d769d8093548d033c85f3b6b7601bdd587b5c97d72d,hf:beans_dogs/train-00000-of-00002.parquet,10.0,mono_mean_prefix_truncate_zero_pad_before_qwen_resample,lp_0-1000
train_260,/root/animal-omni-kv/data/beans/interventions/dogs_all/full_0-8k/train_260.wav,Zoe,train,260,Zoe-2-C-2c.wav,304a651f4a1198bacafede749fce67c482b6ff9e4fb374cd4316881ba125417a,hf:beans_dogs/train-00000-of-00002.parquet,10.0,mono_mean_prefix_truncate_zero_pad_before_qwen_resample,full_0-8k
train_260,/root/animal-omni-kv/data/beans/interventions/dogs_all/lp_0-1000/train_260.wav,Zoe,train,260,Zoe-2-C-2c.wav,304a651f4a1198bacafede749fce67c482b6ff9e4fb374cd4316881ba125417a,hf:beans_dogs/train-00000-of-00002.parquet,10.0,mono_mean_prefix_truncate_zero_pad_before_qwen_resample,lp_0-1000
train_261,/root/animal-omni-kv/data/beans/interventions/dogs_all/full_0-8k/train_261.wav,Zoe,train,261,Zoe-2-C-2g.wav,b8b2f8cb6d432e289f6a400974dff41b7fa50747ebca030ad63630ca36ff14c4,hf:beans_dogs/train-00000-of-00002.parquet,10.0,mono_mean_prefix_truncate_zero_pad_before_qwen_resample,full_0-8k
train_261,/root/animal-omni-kv/data/beans/interventions/dogs_all/lp_0-1000/train_261.wav,Zoe,train,261,Zoe-2-C-2g.wav,b8b2f8cb6d432e289f6a400974dff41b7fa50747ebca030ad63630ca36ff14c4,hf:beans_dogs/train-00000-of-00002.parquet,10.0,mono_mean_prefix_truncate_zero_pad_before_qwen_resample,lp_0-1000
train_262,/root/animal-omni-kv/data/beans/interventions/dogs_all/full_0-8k/train_262.wav,Zoe,train,262,Zoe-2-C-2a.wav,896d1e5d7975958cae3e3653b66b75d082964b48823b629fbdef58c34c8d5aa3,hf:beans_dogs/train-00000-of-00002.parquet,10.0,mono_mean_prefix_truncate_zero_pad_before_qwen_resample,full_0-8k
train_262,/root/animal-omni-kv/data/beans/interventions/dogs_all/lp_0-1000/train_262.wav,Zoe,train,262,Zoe-2-C-2a.wav,896d1e5d7975958cae3e3653b66b75d082964b48823b629fbdef58c34c8d5aa3,hf:beans_dogs/train-00000-of-00002.parquet,10.0,mono_mean_prefix_truncate_zero_pad_before_qwen_resample,lp_0-1000
train_263,/root/animal-omni-kv/data/beans/interventions/dogs_all/full_0-8k/train_263.wav,Zoe,train,263,Zoe-2-C-2e.wav,d0f4449105f9564679547b9868ac3b03050b19fda9dfd8514efe5a46ecf3baed,hf:beans_dogs/train-00000-of-00002.parquet,10.0,mono_mean_prefix_truncate_zero_pad_before_qwen_resample,full_0-8k
train_263,/root/animal-omni-kv/data/beans/interventions/dogs_all/lp_0-1000/train_263.wav,Zoe,train,263,Zoe-2-C-2e.wav,d0f4449105f9564679547b9868ac3b03050b19fda9dfd8514efe5a46ecf3baed,hf:beans_dogs/train-00000-of-00002.parquet,10.0,mono_mean_prefix_truncate_zero_pad_before_qwen_resample,lp_0-1000
train_265,/root/animal-omni-kv/data/beans/interventions/dogs_all/full_0-8k/train_265.wav,Zoe,train,265,Zoe-2-C-2f.wav,21276adf169938eeff472a1bf3155d8b9289fa5cf410dd2d0ba7d1453b849b13,hf:beans_dogs/train-00000-of-00002.parquet,10.0,mono_mean_prefix_truncate_zero_pad_before_qwen_resample,full_0-8k
train_265,/root/animal-omni-kv/data/beans/interventions/dogs_all/lp_0-1000/train_265.wav,Zoe,train,265,Zoe-2-C-2f.wav,21276adf169938eeff472a1bf3155d8b9289fa5cf410dd2d0ba7d1453b849b13,hf:beans_dogs/train-00000-of-00002.parquet,10.0,mono_mean_prefix_truncate_zero_pad_before_qwen_resample,lp_0-1000
train_266,/root/animal-omni-kv/data/beans/interventions/dogs_all/full_0-8k/train_266.wav,Zoe,train,266,Zoe-2-C-2h.wav,e6b12d90caaa57e99029129248a59f574018b7de21e1fd76ba565281a408e8a7,hf:beans_dogs/train-00000-of-00002.parquet,10.0,mono_mean_prefix_truncate_zero_pad_before_qwen_resample,full_0-8k
train_266,/root/animal-omni-kv/data/beans/interventions/dogs_all/lp_0-1000/train_266.wav,Zoe,train,266,Zoe-2-C-2h.wav,e6b12d90caaa57e99029129248a59f574018b7de21e1fd76ba565281a408e8a7,hf:beans_dogs/train-00000-of-00002.parquet,10.0,mono_mean_prefix_truncate_zero_pad_before_qwen_resample,lp_0-1000
train_268,/root/animal-omni-kv/data/beans/interventions/dogs_all/full_0-8k/train_268.wav,Zoe,train,268,Zoe-2-C-2d.wav,45db2da43f190eafde5db1a696ac0a64f8b2b1701b0827cda40542e60d0f3b58,hf:beans_dogs/train-00000-of-00002.parquet,10.0,mono_mean_prefix_truncate_zero_pad_before_qwen_resample,full_0-8k
train_268,/root/animal-omni-kv/data/beans/interventions/dogs_all/lp_0-1000/train_268.wav,Zoe,train,268,Zoe-2-C-2d.wav,45db2da43f190eafde5db1a696ac0a64f8b2b1701b0827cda40542e60d0f3b58,hf:beans_dogs/train-00000-of-00002.parquet,10.0,mono_mean_prefix_truncate_zero_pad_before_qwen_resample,lp_0-1000
train_269,/root/animal-omni-kv/data/beans/interventions/dogs_all/full_0-8k/train_269.wav,Zoe,train,269,Zoe-2-C-2b.wav,180e89a9e1fc568c8b1d07003f47339a76495012bda7234427a8cd34fff39bab,hf:beans_dogs/train-00000-of-00002.parquet,10.0,mono_mean_prefix_truncate_zero_pad_before_qwen_resample,full_0-8k
train_269,/root/animal-omni-kv/data/beans/interventions/dogs_all/lp_0-1000/train_269.wav,Zoe,train,269,Zoe-2-C-2b.wav,180e89a9e1fc568c8b1d07003f47339a76495012bda7234427a8cd34fff39bab,hf:beans_dogs/train-00000-of-00002.parquet,10.0,mono_mean_prefix_truncate_zero_pad_before_qwen_resample,lp_0-1000
train_271,/root/animal-omni-kv/data/beans/interventions/dogs_all/full_0-8k/train_271.wav,Zoe,train,271,Zoe-1-P-1c.wav,8f82397d95f089b55f3f48b47e979960e796591e59ee6fb13f952d309c1bc10f,hf:beans_dogs/train-00000-of-00002.parquet,10.0,mono_mean_prefix_truncate_zero_pad_before_qwen_resample,full_0-8k
train_271,/root/animal-omni-kv/data/beans/interventions/dogs_all/lp_0-1000/train_271.wav,Zoe,train,271,Zoe-1-P-1c.wav,8f82397d95f089b55f3f48b47e979960e796591e59ee6fb13f952d309c1bc10f,hf:beans_dogs/train-00000-of-00002.parquet,10.0,mono_mean_prefix_truncate_zero_pad_before_qwen_resample,lp_0-1000
train_273,/root/animal-omni-kv/data/beans/interventions/dogs_all/full_0-8k/train_273.wav,Zoe,train,273,Zoe-1-C-1d.wav,b8ef2218bb3f36e41ba738f54dd86067ef1b68e2ef75cb982ae7cf00203f88d1,hf:beans_dogs/train-00000-of-00002.parquet,10.0,mono_mean_prefix_truncate_zero_pad_before_qwen_resample,full_0-8k
train_273,/root/animal-omni-kv/data/beans/interventions/dogs_all/lp_0-1000/train_273.wav,Zoe,train,273,Zoe-1-C-1d.wav,b8ef2218bb3f36e41ba738f54dd86067ef1b68e2ef75cb982ae7cf00203f88d1,hf:beans_dogs/train-00000-of-00002.parquet,10.0,mono_mean_prefix_truncate_zero_pad_before_qwen_resample,lp_0-1000
train_274,/root/animal-omni-kv/data/beans/interventions/dogs_all/full_0-8k/train_274.wav,Zoe,train,274,Zoe-1-P-1a.wav,6850758ea44881cc8d65e4603077547ca106305b10fc4d1f17c1f625c89d196b,hf:beans_dogs/train-00000-of-00002.parquet,10.0,mono_mean_prefix_truncate_zero_pad_before_qwen_resample,full_0-8k
train_274,/root/animal-omni-kv/data/beans/interventions/dogs_all/lp_0-1000/train_274.wav,Zoe,train,274,Zoe-1-P-1a.wav,6850758ea44881cc8d65e4603077547ca106305b10fc4d1f17c1f625c89d196b,hf:beans_dogs/train-00000-of-00002.parquet,10.0,mono_mean_prefix_truncate_zero_pad_before_qwen_resample,lp_0-1000
train_277,/root/animal-omni-kv/data/beans/interventions/dogs_all/full_0-8k/train_277.wav,Zoe,train,277,Zoe-1-C-1g.wav,385079a304702600ce47134155e2a340e51486374fb2fb79c3bc79fbb07e5b05,hf:beans_dogs/train-00000-of-00002.parquet,10.0,mono_mean_prefix_truncate_zero_pad_before_qwen_resample,full_0-8k
train_277,/root/animal-omni-kv/data/beans/interventions/dogs_all/lp_0-1000/train_277.wav,Zoe,train,277,Zoe-1-C-1g.wav,385079a304702600ce47134155e2a340e51486374fb2fb79c3bc79fbb07e5b05,hf:beans_dogs/train-00000-of-00002.parquet,10.0,mono_mean_prefix_truncate_zero_pad_before_qwen_resample,lp_0-1000
train_278,/root/animal-omni-kv/data/beans/interventions/dogs_all/full_0-8k/train_278.wav,Zoe,train,278,Zoe-1-C-1f.wav,f16b5b5e34d69f295a513124fa0461145029222d2a34b4c433c863ba927bd956,hf:beans_dogs/train-00000-of-00002.parquet,10.0,mono_mean_prefix_truncate_zero_pad_before_qwen_resample,full_0-8k
train_278,/root/animal-omni-kv/data/beans/interventions/dogs_all/lp_0-1000/train_278.wav,Zoe,train,278,Zoe-1-C-1f.wav,f16b5b5e34d69f295a513124fa0461145029222d2a34b4c433c863ba927bd956,hf:beans_dogs/train-00000-of-00002.parquet,10.0,mono_mean_prefix_truncate_zero_pad_before_qwen_resample,lp_0-1000
train_280,/root/animal-omni-kv/data/beans/interventions/dogs_all/full_0-8k/train_280.wav,Zoe,train,280,Zoe-1-C-1h.wav,3f5d0cfdbed0c43ad7893a824aca3a57caac7928a2cf1e6e962464c188cd448b,hf:beans_dogs/train-00000-of-00002.parquet,10.0,mono_mean_prefix_truncate_zero_pad_before_qwen_resample,full_0-8k
train_280,/root/animal-omni-kv/data/beans/interventions/dogs_all/lp_0-1000/train_280.wav,Zoe,train,280,Zoe-1-C-1h.wav,3f5d0cfdbed0c43ad7893a824aca3a57caac7928a2cf1e6e962464c188cd448b,hf:beans_dogs/train-00000-of-00002.parquet,10.0,mono_mean_prefix_truncate_zero_pad_before_qwen_resample,lp_0-1000
train_281,/root/animal-omni-kv/data/beans/interventions/dogs_all/full_0-8k/train_281.wav,Zoe,train,281,Zoe-1-P-1b.wav,b53870ec61ac947f5a6e149746942756c49ac9c09f20fdd5352a1310953c845f,hf:beans_dogs/train-00000-of-00002.parquet,10.0,mono_mean_prefix_truncate_zero_pad_before_qwen_resample,full_0-8k
train_281,/root/animal-omni-kv/data/beans/interventions/dogs_all/lp_0-1000/train_281.wav,Zoe,train,281,Zoe-1-P-1b.wav,b53870ec61ac947f5a6e149746942756c49ac9c09f20fdd5352a1310953c845f,hf:beans_dogs/train-00000-of-00002.parquet,10.0,mono_mean_prefix_truncate_zero_pad_before_qwen_resample,lp_0-1000
train_282,/root/animal-omni-kv/data/beans/interventions/dogs_all/full_0-8k/train_282.wav,Zoe,train,282,Zoe-1-C-1b.wav,d3eb645cc363ed5eef1c20cc1df4a874701517be49b9c095b4aa95da5d712c45,hf:beans_dogs/train-00000-of-00002.parquet,10.0,mono_mean_prefix_truncate_zero_pad_before_qwen_resample,full_0-8k
train_282,/root/animal-omni-kv/data/beans/interventions/dogs_all/lp_0-1000/train_282.wav,Zoe,train,282,Zoe-1-C-1b.wav,d3eb645cc363ed5eef1c20cc1df4a874701517be49b9c095b4aa95da5d712c45,hf:beans_dogs/train-00000-of-00002.parquet,10.0,mono_mean_prefix_truncate_zero_pad_before_qwen_resample,lp_0-1000
train_283,/root/animal-omni-kv/data/beans/interventions/dogs_all/full_0-8k/train_283.wav,Zoe,train,283,Zoe-1-A-1.wav,96154265e231b2962c01af81dc44b5b77a435bc4803a3795dc32d7072d32d886,hf:beans_dogs/train-00000-of-00002.parquet,10.0,mono_mean_prefix_truncate_zero_pad_before_qwen_resample,full_0-8k
train_283,/root/animal-omni-kv/data/beans/interventions/dogs_all/lp_0-1000/train_283.wav,Zoe,train,283,Zoe-1-A-1.wav,96154265e231b2962c01af81dc44b5b77a435bc4803a3795dc32d7072d32d886,hf:beans_dogs/train-00000-of-00002.parquet,10.0,mono_mean_prefix_truncate_zero_pad_before_qwen_resample,lp_0-1000
train_285,/root/animal-omni-kv/data/beans/interventions/dogs_all/full_0-8k/train_285.wav,Roodie,train,285,Roodie-4-P-4f.wav,ebd7f7def8cefc79f13174f1fa86dffb559b5c78723ff6afdc1f08c3fef302a6,hf:beans_dogs/train-00000-of-00002.parquet,10.0,mono_mean_prefix_truncate_zero_pad_before_qwen_resample,full_0-8k
train_285,/root/animal-omni-kv/data/beans/interventions/dogs_all/lp_0-1000/train_285.wav,Roodie,train,285,Roodie-4-P-4f.wav,ebd7f7def8cefc79f13174f1fa86dffb559b5c78723ff6afdc1f08c3fef302a6,hf:beans_dogs/train-00000-of-00002.parquet,10.0,mono_mean_prefix_truncate_zero_pad_before_qwen_resample,lp_0-1000
train_286,/root/animal-omni-kv/data/beans/interventions/dogs_all/full_0-8k/train_286.wav,Roodie,train,286,Roodie-4-P-4a.wav,6485afeca93f0b6ba7e872172a92286e7502e8b188ec9e780f42fab0e81f6c63,hf:beans_dogs/train-00000-of-00002.parquet,10.0,mono_mean_prefix_truncate_zero_pad_before_qwen_resample,full_0-8k
train_286,/root/animal-omni-kv/data/beans/interventions/dogs_all/lp_0-1000/train_286.wav,Roodie,train,286,Roodie-4-P-4a.wav,6485afeca93f0b6ba7e872172a92286e7502e8b188ec9e780f42fab0e81f6c63,hf:beans_dogs/train-00000-of-00002.parquet,10.0,mono_mean_prefix_truncate_zero_pad_before_qwen_resample,lp_0-1000
train_287,/root/animal-omni-kv/data/beans/interventions/dogs_all/full_0-8k/train_287.wav,Roodie,train,287,Roodie-4-C-4c.wav,f48315c4cd94cde2071a528296c277495c546387287c8750f0d5141aecbeed23,hf:beans_dogs/train-00000-of-00002.parquet,10.0,mono_mean_prefix_truncate_zero_pad_before_qwen_resample,full_0-8k
train_287,/root/animal-omni-kv/data/beans/interventions/dogs_all/lp_0-1000/train_287.wav,Roodie,train,287,Roodie-4-C-4c.wav,f48315c4cd94cde2071a528296c277495c546387287c8750f0d5141aecbeed23,hf:beans_dogs/train-00000-of-00002.parquet,10.0,mono_mean_prefix_truncate_zero_pad_before_qwen_resample,lp_0-1000
train_288,/root/animal-omni-kv/data/beans/interventions/dogs_all/full_0-8k/train_288.wav,Roodie,train,288,Roodie-4-C-4d.wav,2a9b1e98c56327959f154811702ff3b7470228b6c5987e5031a07fc0e84a1501,hf:beans_dogs/train-00000-of-00002.parquet,10.0,mono_mean_prefix_truncate_zero_pad_before_qwen_resample,full_0-8k
train_288,/root/animal-omni-kv/data/beans/interventions/dogs_all/lp_0-1000/train_288.wav,Roodie,train,288,Roodie-4-C-4d.wav,2a9b1e98c56327959f154811702ff3b7470228b6c5987e5031a07fc0e84a1501,hf:beans_dogs/train-00000-of-00002.parquet,10.0,mono_mean_prefix_truncate_zero_pad_before_qwen_resample,lp_0-1000
train_291,/root/animal-omni-kv/data/beans/interventions/dogs_all/full_0-8k/train_291.wav,Roodie,train,291,Roodie-4-P-4c.wav,eec3a1e2f3243fe63ebb8a9ff987b96505666eafec0e7296ce7c5933458c8352,hf:beans_dogs/train-00000-of-00002.parquet,10.0,mono_mean_prefix_truncate_zero_pad_before_qwen_resample,full_0-8k
train_291,/root/animal-omni-kv/data/beans/interventions/dogs_all/lp_0-1000/train_291.wav,Roodie,train,291,Roodie-4-P-4c.wav,eec3a1e2f3243fe63ebb8a9ff987b96505666eafec0e7296ce7c5933458c8352,hf:beans_dogs/train-00000-of-00002.parquet,10.0,mono_mean_prefix_truncate_zero_pad_before_qwen_resample,lp_0-1000
train_294,/root/animal-omni-kv/data/beans/interventions/dogs_all/full_0-8k/train_294.wav,Roodie,train,294,Roodie-4-P-4d.wav,5231dbb1766d174960651dfc75e7527e68e11983bca23900028afc439638536b,hf:beans_dogs/train-00000-of-00002.parquet,10.0,mono_mean_prefix_truncate_zero_pad_before_qwen_resample,full_0-8k
train_294,/root/animal-omni-kv/data/beans/interventions/dogs_all/lp_0-1000/train_294.wav,Roodie,train,294,Roodie-4-P-4d.wav,5231dbb1766d174960651dfc75e7527e68e11983bca23900028afc439638536b,hf:beans_dogs/train-00000-of-00002.parquet,10.0,mono_mean_prefix_truncate_zero_pad_before_qwen_resample,lp_0-1000
train_295,/root/animal-omni-kv/data/beans/interventions/dogs_all/full_0-8k/train_295.wav,Roodie,train,295,Roodie-4-C-4h.wav,53321c90e7a5164e31bf98da97e976c7412c7463b96e5b25c0b7a4dee615a45c,hf:beans_dogs/train-00000-of-00002.parquet,10.0,mono_mean_prefix_truncate_zero_pad_before_qwen_resample,full_0-8k
train_295,/root/animal-omni-kv/data/beans/interventions/dogs_all/lp_0-1000/train_295.wav,Roodie,train,295,Roodie-4-C-4h.wav,53321c90e7a5164e31bf98da97e976c7412c7463b96e5b25c0b7a4dee615a45c,hf:beans_dogs/train-00000-of-00002.parquet,10.0,mono_mean_prefix_truncate_zero_pad_before_qwen_resample,lp_0-1000
train_296,/root/animal-omni-kv/data/beans/interventions/dogs_all/full_0-8k/train_296.wav,Roodie,train,296,Roodie-4-P-4b.wav,211df07b1536f7079086458d927668c5259aaf43a3c57ca667fc65255a31e9e8,hf:beans_dogs/train-00000-of-00002.parquet,10.0,mono_mean_prefix_truncate_zero_pad_before_qwen_resample,full_0-8k
train_296,/root/animal-omni-kv/data/beans/interventions/dogs_all/lp_0-1000/train_296.wav,Roodie,train,296,Roodie-4-P-4b.wav,211df07b1536f7079086458d927668c5259aaf43a3c57ca667fc65255a31e9e8,hf:beans_dogs/train-00000-of-00002.parquet,10.0,mono_mean_prefix_truncate_zero_pad_before_qwen_resample,lp_0-1000
train_298,/root/animal-omni-kv/data/beans/interventions/dogs_all/full_0-8k/train_298.wav,Roodie,train,298,Roodie-4-C-4b.wav,84294dbd4e51307709869ad6de197470494378dad5fc24ffedf4eb91e3db208c,hf:beans_dogs/train-00000-of-00002.parquet,10.0,mono_mean_prefix_truncate_zero_pad_before_qwen_resample,full_0-8k
train_298,/root/animal-omni-kv/data/beans/interventions/dogs_all/lp_0-1000/train_298.wav,Roodie,train,298,Roodie-4-C-4b.wav,84294dbd4e51307709869ad6de197470494378dad5fc24ffedf4eb91e3db208c,hf:beans_dogs/train-00000-of-00002.parquet,10.0,mono_mean_prefix_truncate_zero_pad_before_qwen_resample,lp_0-1000
train_302,/root/animal-omni-kv/data/beans/interventions/dogs_all/full_0-8k/train_302.wav,Roodie,train,302,Roodie-1-P-1a.wav,a36286e8f4cb2d72df11f0273a474a2fd52341427ac630eb9b5076605d280509,hf:beans_dogs/train-00000-of-00002.parquet,10.0,mono_mean_prefix_truncate_zero_pad_before_qwen_resample,full_0-8k
train_302,/root/animal-omni-kv/data/beans/interventions/dogs_all/lp_0-1000/train_302.wav,Roodie,train,302,Roodie-1-P-1a.wav,a36286e8f4cb2d72df11f0273a474a2fd52341427ac630eb9b5076605d280509,hf:beans_dogs/train-00000-of-00002.parquet,10.0,mono_mean_prefix_truncate_zero_pad_before_qwen_resample,lp_0-1000
train_305,/root/animal-omni-kv/data/beans/interventions/dogs_all/full_0-8k/train_305.wav,Roodie,train,305,Roodie-1-P-1c.wav,59a413f9f2f527e5b31138711c2651494a4e992ea88be5c81d261b2eb9fb28ab,hf:beans_dogs/train-00000-of-00002.parquet,10.0,mono_mean_prefix_truncate_zero_pad_before_qwen_resample,full_0-8k
train_305,/root/animal-omni-kv/data/beans/interventions/dogs_all/lp_0-1000/train_305.wav,Roodie,train,305,Roodie-1-P-1c.wav,59a413f9f2f527e5b31138711c2651494a4e992ea88be5c81d261b2eb9fb28ab,hf:beans_dogs/train-00000-of-00002.parquet,10.0,mono_mean_prefix_truncate_zero_pad_before_qwen_resample,lp_0-1000
train_306,/root/animal-omni-kv/data/beans/interventions/dogs_all/full_0-8k/train_306.wav,Roodie,train,306,Roodie-1-C-1g.wav,0b797277eb34b345778055833a4e34d9c1556833e401697d8bfb69c66d283c68,hf:beans_dogs/train-00000-of-00002.parquet,10.0,mono_mean_prefix_truncate_zero_pad_before_qwen_resample,full_0-8k
train_306,/root/animal-omni-kv/data/beans/interventions/dogs_all/lp_0-1000/train_306.wav,Roodie,train,306,Roodie-1-C-1g.wav,0b797277eb34b345778055833a4e34d9c1556833e401697d8bfb69c66d283c68,hf:beans_dogs/train-00000-of-00002.parquet,10.0,mono_mean_prefix_truncate_zero_pad_before_qwen_resample,lp_0-1000
train_308,/root/animal-omni-kv/data/beans/interventions/dogs_all/full_0-8k/train_308.wav,Roodie,train,308,Roodie-1-C-1i.wav,ddd19043bceff29b2eebeaece6fcd8cddde896b5b4cb933f42fdfc14965ce363,hf:beans_dogs/train-00000-of-00002.parquet,10.0,mono_mean_prefix_truncate_zero_pad_before_qwen_resample,full_0-8k
train_308,/root/animal-omni-kv/data/beans/interventions/dogs_all/lp_0-1000/train_308.wav,Roodie,train,308,Roodie-1-C-1i.wav,ddd19043bceff29b2eebeaece6fcd8cddde896b5b4cb933f42fdfc14965ce363,hf:beans_dogs/train-00000-of-00002.parquet,10.0,mono_mean_prefix_truncate_zero_pad_before_qwen_resample,lp_0-1000
train_309,/root/animal-omni-kv/data/beans/interventions/dogs_all/full_0-8k/train_309.wav,Roodie,train,309,Roodie-1-C-1d.wav,52989951938d43f74dd0c1cec6727ba900f4c96f3667fdf2dd4c4bf4247da968,hf:beans_dogs/train-00000-of-00002.parquet,10.0,mono_mean_prefix_truncate_zero_pad_before_qwen_resample,full_0-8k
train_309,/root/animal-omni-kv/data/beans/interventions/dogs_all/lp_0-1000/train_309.wav,Roodie,train,309,Roodie-1-C-1d.wav,52989951938d43f74dd0c1cec6727ba900f4c96f3667fdf2dd4c4bf4247da968,hf:beans_dogs/train-00000-of-00002.parquet,10.0,mono_mean_prefix_truncate_zero_pad_before_qwen_resample,lp_0-1000
train_310,/root/animal-omni-kv/data/beans/interventions/dogs_all/full_0-8k/train_310.wav,Roodie,train,310,Roodie-1-P-1d.wav,4c87b0f4f0f115c93af36f01a8ea38f997ac4607f21138d0394961e6f990cabd,hf:beans_dogs/train-00000-of-00002.parquet,10.0,mono_mean_prefix_truncate_zero_pad_before_qwen_resample,full_0-8k
train_310,/root/animal-omni-kv/data/beans/interventions/dogs_all/lp_0-1000/train_310.wav,Roodie,train,310,Roodie-1-P-1d.wav,4c87b0f4f0f115c93af36f01a8ea38f997ac4607f21138d0394961e6f990cabd,hf:beans_dogs/train-00000-of-00002.parquet,10.0,mono_mean_prefix_truncate_zero_pad_before_qwen_resample,lp_0-1000
train_311,/root/animal-omni-kv/data/beans/interventions/dogs_all/full_0-8k/train_311.wav,Roodie,train,311,Roodie-1-P-1h.wav,7eee6e58b1cbc03dbbb3cc4eb6e916a476c81ae70cdd0b767eb107f084fce51a,hf:beans_dogs/train-00000-of-00002.parquet,10.0,mono_mean_prefix_truncate_zero_pad_before_qwen_resample,full_0-8k
train_311,/root/animal-omni-kv/data/beans/interventions/dogs_all/lp_0-1000/train_311.wav,Roodie,train,311,Roodie-1-P-1h.wav,7eee6e58b1cbc03dbbb3cc4eb6e916a476c81ae70cdd0b767eb107f084fce51a,hf:beans_dogs/train-00000-of-00002.parquet,10.0,mono_mean_prefix_truncate_zero_pad_before_qwen_resample,lp_0-1000
train_312,/root/animal-omni-kv/data/beans/interventions/dogs_all/full_0-8k/train_312.wav,Roodie,train,312,Roodie-1-C-1e.wav,7633dc351752d79ce1fbdb68d05c5ca0efda3bd40ae964edbf89bfd0c1da13c2,hf:beans_dogs/train-00000-of-00002.parquet,10.0,mono_mean_prefix_truncate_zero_pad_before_qwen_resample,full_0-8k
train_312,/root/animal-omni-kv/data/beans/interventions/dogs_all/lp_0-1000/train_312.wav,Roodie,train,312,Roodie-1-C-1e.wav,7633dc351752d79ce1fbdb68d05c5ca0efda3bd40ae964edbf89bfd0c1da13c2,hf:beans_dogs/train-00000-of-00002.parquet,10.0,mono_mean_prefix_truncate_zero_pad_before_qwen_resample,lp_0-1000
train_313,/root/animal-omni-kv/data/beans/interventions/dogs_all/full_0-8k/train_313.wav,Roodie,train,313,Roodie-1-C-1f.wav,47230e121bba3ed99f0415f2d2a9ad4eb52a2b8e285b0899b4efd705e522a745,hf:beans_dogs/train-00000-of-00002.parquet,10.0,mono_mean_prefix_truncate_zero_pad_before_qwen_resample,full_0-8k
train_313,/root/animal-omni-kv/data/beans/interventions/dogs_all/lp_0-1000/train_313.wav,Roodie,train,313,Roodie-1-C-1f.wav,47230e121bba3ed99f0415f2d2a9ad4eb52a2b8e285b0899b4efd705e522a745,hf:beans_dogs/train-00000-of-00002.parquet,10.0,mono_mean_prefix_truncate_zero_pad_before_qwen_resample,lp_0-1000
train_315,/root/animal-omni-kv/data/beans/interventions/dogs_all/full_0-8k/train_315.wav,Roodie,train,315,Roodie-1-P-1g.wav,5b065ba35660479fc22a315efe97fba2a3cef58283f6b856a7a45cb0d8353b02,hf:beans_dogs/train-00000-of-00002.parquet,10.0,mono_mean_prefix_truncate_zero_pad_before_qwen_resample,full_0-8k
train_315,/root/animal-omni-kv/data/beans/interventions/dogs_all/lp_0-1000/train_315.wav,Roodie,train,315,Roodie-1-P-1g.wav,5b065ba35660479fc22a315efe97fba2a3cef58283f6b856a7a45cb0d8353b02,hf:beans_dogs/train-00000-of-00002.parquet,10.0,mono_mean_prefix_truncate_zero_pad_before_qwen_resample,lp_0-1000
train_317,/root/animal-omni-kv/data/beans/interventions/dogs_all/full_0-8k/train_317.wav,Roodie,train,317,Roodie-1-C-1c.wav,344d5342fbb9496aa5e4e3073a553dec162f60fbdd31efd06e660c66329d480b,hf:beans_dogs/train-00000-of-00002.parquet,10.0,mono_mean_prefix_truncate_zero_pad_before_qwen_resample,full_0-8k
train_317,/root/animal-omni-kv/data/beans/interventions/dogs_all/lp_0-1000/train_317.wav,Roodie,train,317,Roodie-1-C-1c.wav,344d5342fbb9496aa5e4e3073a553dec162f60fbdd31efd06e660c66329d480b,hf:beans_dogs/train-00000-of-00002.parquet,10.0,mono_mean_prefix_truncate_zero_pad_before_qwen_resample,lp_0-1000
train_318,/root/animal-omni-kv/data/beans/interventions/dogs_all/full_0-8k/train_318.wav,Roodie,train,318,Roodie-1-C-1k.wav,3ad391aba5f2fce572592b5ac44e1cd541075e60e49fc5f52fd7cf3fcb978d95,hf:beans_dogs/train-00000-of-00002.parquet,10.0,mono_mean_prefix_truncate_zero_pad_before_qwen_resample,full_0-8k
train_318,/root/animal-omni-kv/data/beans/interventions/dogs_all/lp_0-1000/train_318.wav,Roodie,train,318,Roodie-1-C-1k.wav,3ad391aba5f2fce572592b5ac44e1cd541075e60e49fc5f52fd7cf3fcb978d95,hf:beans_dogs/train-00000-of-00002.parquet,10.0,mono_mean_prefix_truncate_zero_pad_before_qwen_resample,lp_0-1000
train_319,/root/animal-omni-kv/data/beans/interventions/dogs_all/full_0-8k/train_319.wav,Roodie,train,319,Roodie-1-C-1b.wav,38f0854d0dc8966cdb7364ba19d127d99a7a5b9fd5f2d638ab18000998164128,hf:beans_dogs/train-00000-of-00002.parquet,10.0,mono_mean_prefix_truncate_zero_pad_before_qwen_resample,full_0-8k
train_319,/root/animal-omni-kv/data/beans/interventions/dogs_all/lp_0-1000/train_319.wav,Roodie,train,319,Roodie-1-C-1b.wav,38f0854d0dc8966cdb7364ba19d127d99a7a5b9fd5f2d638ab18000998164128,hf:beans_dogs/train-00000-of-00002.parquet,10.0,mono_mean_prefix_truncate_zero_pad_before_qwen_resample,lp_0-1000
train_321,/root/animal-omni-kv/data/beans/interventions/dogs_all/full_0-8k/train_321.wav,Roodie,train,321,Roodie-1-P-1f.wav,0cdf73e1ab145e78f894e745ede598a4565f1eacb226f0b47cefe1a563e7e2c8,hf:beans_dogs/train-00000-of-00002.parquet,10.0,mono_mean_prefix_truncate_zero_pad_before_qwen_resample,full_0-8k
train_321,/root/animal-omni-kv/data/beans/interventions/dogs_all/lp_0-1000/train_321.wav,Roodie,train,321,Roodie-1-P-1f.wav,0cdf73e1ab145e78f894e745ede598a4565f1eacb226f0b47cefe1a563e7e2c8,hf:beans_dogs/train-00000-of-00002.parquet,10.0,mono_mean_prefix_truncate_zero_pad_before_qwen_resample,lp_0-1000
train_322,/root/animal-omni-kv/data/beans/interventions/dogs_all/full_0-8k/train_322.wav,Roodie,train,322,Roodie-1-C-1L.wav,c980deb302c75708b685dac7cff7e418c805178f8f2faadf76ff1ca2c24b57ef,hf:beans_dogs/train-00000-of-00002.parquet,10.0,mono_mean_prefix_truncate_zero_pad_before_qwen_resample,full_0-8k
train_322,/root/animal-omni-kv/data/beans/interventions/dogs_all/lp_0-1000/train_322.wav,Roodie,train,322,Roodie-1-C-1L.wav,c980deb302c75708b685dac7cff7e418c805178f8f2faadf76ff1ca2c24b57ef,hf:beans_dogs/train-00000-of-00002.parquet,10.0,mono_mean_prefix_truncate_zero_pad_before_qwen_resample,lp_0-1000
train_323,/root/animal-omni-kv/data/beans/interventions/dogs_all/full_0-8k/train_323.wav,Roodie,train,323,Roodie-3-C-3e.wav,736e4e852038001413ac1394e1c6c9a2039dd42a81800993ed505cada5688dcb,hf:beans_dogs/train-00000-of-00002.parquet,10.0,mono_mean_prefix_truncate_zero_pad_before_qwen_resample,full_0-8k
train_323,/root/animal-omni-kv/data/beans/interventions/dogs_all/lp_0-1000/train_323.wav,Roodie,train,323,Roodie-3-C-3e.wav,736e4e852038001413ac1394e1c6c9a2039dd42a81800993ed505cada5688dcb,hf:beans_dogs/train-00000-of-00002.parquet,10.0,mono_mean_prefix_truncate_zero_pad_before_qwen_resample,lp_0-1000
train_325,/root/animal-omni-kv/data/beans/interventions/dogs_all/full_0-8k/train_325.wav,Roodie,train,325,Roodie-3-C-3m.wav,04b30aabce0f8f49ed1de818f245ccb4b83ae5c9fe45dd50e2847cc5f8d454f5,hf:beans_dogs/train-00000-of-00002.parquet,10.0,mono_mean_prefix_truncate_zero_pad_before_qwen_resample,full_0-8k
train_325,/root/animal-omni-kv/data/beans/interventions/dogs_all/lp_0-1000/train_325.wav,Roodie,train,325,Roodie-3-C-3m.wav,04b30aabce0f8f49ed1de818f245ccb4b83ae5c9fe45dd50e2847cc5f8d454f5,hf:beans_dogs/train-00000-of-00002.parquet,10.0,mono_mean_prefix_truncate_zero_pad_before_qwen_resample,lp_0-1000
train_326,/root/animal-omni-kv/data/beans/interventions/dogs_all/full_0-8k/train_326.wav,Roodie,train,326,Roodie-3-A-2.wav,2a616a5f22b551a69d92fc4156abd816db8970e0cacc6801a7f089c442e2739d,hf:beans_dogs/train-00000-of-00002.parquet,10.0,mono_mean_prefix_truncate_zero_pad_before_qwen_resample,full_0-8k
train_326,/root/animal-omni-kv/data/beans/interventions/dogs_all/lp_0-1000/train_326.wav,Roodie,train,326,Roodie-3-A-2.wav,2a616a5f22b551a69d92fc4156abd816db8970e0cacc6801a7f089c442e2739d,hf:beans_dogs/train-00000-of-00002.parquet,10.0,mono_mean_prefix_truncate_zero_pad_before_qwen_resample,lp_0-1000
train_327,/root/animal-omni-kv/data/beans/interventions/dogs_all/full_0-8k/train_327.wav,Roodie,train,327,Roodie-3-C-3f.wav,2d078527d62e3c780110b9ed4a7e11ac8870f4cd9aee49db24c4ecb124ea4d9c,hf:beans_dogs/train-00000-of-00002.parquet,10.0,mono_mean_prefix_truncate_zero_pad_before_qwen_resample,full_0-8k
train_327,/root/animal-omni-kv/data/beans/interventions/dogs_all/lp_0-1000/train_327.wav,Roodie,train,327,Roodie-3-C-3f.wav,2d078527d62e3c780110b9ed4a7e11ac8870f4cd9aee49db24c4ecb124ea4d9c,hf:beans_dogs/train-00000-of-00002.parquet,10.0,mono_mean_prefix_truncate_zero_pad_before_qwen_resample,lp_0-1000
train_328,/root/animal-omni-kv/data/beans/interventions/dogs_all/full_0-8k/train_328.wav,Roodie,train,328,Roodie-3-P-3c.wav,3e9f3df6f7f6ba4323171e90299ec8c834e429e175a3c8e314de2dc27eaee166,hf:beans_dogs/train-00000-of-00002.parquet,10.0,mono_mean_prefix_truncate_zero_pad_before_qwen_resample,full_0-8k
train_328,/root/animal-omni-kv/data/beans/interventions/dogs_all/lp_0-1000/train_328.wav,Roodie,train,328,Roodie-3-P-3c.wav,3e9f3df6f7f6ba4323171e90299ec8c834e429e175a3c8e314de2dc27eaee166,hf:beans_dogs/train-00000-of-00002.parquet,10.0,mono_mean_prefix_truncate_zero_pad_before_qwen_resample,lp_0-1000
train_329,/root/animal-omni-kv/data/beans/interventions/dogs_all/full_0-8k/train_329.wav,Roodie,train,329,Roodie-3-P-3d.wav,c643f6541332ba937ccd56cb194cf5493fa1cbd5c0711505755513ac541efbcc,hf:beans_dogs/train-00000-of-00002.parquet,10.0,mono_mean_prefix_truncate_zero_pad_before_qwen_resample,full_0-8k
train_329,/root/animal-omni-kv/data/beans/interventions/dogs_all/lp_0-1000/train_329.wav,Roodie,train,329,Roodie-3-P-3d.wav,c643f6541332ba937ccd56cb194cf5493fa1cbd5c0711505755513ac541efbcc,hf:beans_dogs/train-00000-of-00002.parquet,10.0,mono_mean_prefix_truncate_zero_pad_before_qwen_resample,lp_0-1000
train_330,/root/animal-omni-kv/data/beans/interventions/dogs_all/full_0-8k/train_330.wav,Roodie,train,330,Roodie-3-C-3c.wav,066aa34434aec952ee6823aad842aecb3610bc6a15232a0b143909874228149f,hf:beans_dogs/train-00000-of-00002.parquet,10.0,mono_mean_prefix_truncate_zero_pad_before_qwen_resample,full_0-8k
train_330,/root/animal-omni-kv/data/beans/interventions/dogs_all/lp_0-1000/train_330.wav,Roodie,train,330,Roodie-3-C-3c.wav,066aa34434aec952ee6823aad842aecb3610bc6a15232a0b143909874228149f,hf:beans_dogs/train-00000-of-00002.parquet,10.0,mono_mean_prefix_truncate_zero_pad_before_qwen_resample,lp_0-1000
train_332,/root/animal-omni-kv/data/beans/interventions/dogs_all/full_0-8k/train_332.wav,Roodie,train,332,Roodie-3-C-3d.wav,4ff681dbf9c12091fb9662e0461d9c1d845e0d21bf17e1f33bb5973d479d3d4e,hf:beans_dogs/train-00000-of-00002.parquet,10.0,mono_mean_prefix_truncate_zero_pad_before_qwen_resample,full_0-8k
train_332,/root/animal-omni-kv/data/beans/interventions/dogs_all/lp_0-1000/train_332.wav,Roodie,train,332,Roodie-3-C-3d.wav,4ff681dbf9c12091fb9662e0461d9c1d845e0d21bf17e1f33bb5973d479d3d4e,hf:beans_dogs/train-00000-of-00002.parquet,10.0,mono_mean_prefix_truncate_zero_pad_before_qwen_resample,lp_0-1000
train_334,/root/animal-omni-kv/data/beans/interventions/dogs_all/full_0-8k/train_334.wav,Roodie,train,334,Roodie-3-C-3j.wav,02c120b5e5c2655b55bab5dd9ea8d86858bb9371b4dc734a4142981bf6267b70,hf:beans_dogs/train-00000-of-00002.parquet,10.0,mono_mean_prefix_truncate_zero_pad_before_qwen_resample,full_0-8k
train_334,/root/animal-omni-kv/data/beans/interventions/dogs_all/lp_0-1000/train_334.wav,Roodie,train,334,Roodie-3-C-3j.wav,02c120b5e5c2655b55bab5dd9ea8d86858bb9371b4dc734a4142981bf6267b70,hf:beans_dogs/train-00000-of-00002.parquet,10.0,mono_mean_prefix_truncate_zero_pad_before_qwen_resample,lp_0-1000
train_340,/root/animal-omni-kv/data/beans/interventions/dogs_all/full_0-8k/train_340.wav,Roodie,train,340,Roodie-3-C-3i.wav,54aa23385d62fb0aaccb65445bf7fd9a6311f6cbd9297212bfcb414cba9f2109,hf:beans_dogs/train-00000-of-00002.parquet,10.0,mono_mean_prefix_truncate_zero_pad_before_qwen_resample,full_0-8k
train_340,/root/animal-omni-kv/data/beans/interventions/dogs_all/lp_0-1000/train_340.wav,Roodie,train,340,Roodie-3-C-3i.wav,54aa23385d62fb0aaccb65445bf7fd9a6311f6cbd9297212bfcb414cba9f2109,hf:beans_dogs/train-00000-of-00002.parquet,10.0,mono_mean_prefix_truncate_zero_pad_before_qwen_resample,lp_0-1000
train_343,/root/animal-omni-kv/data/beans/interventions/dogs_all/full_0-8k/train_343.wav,Roodie,train,343,Roodie-7-P-7c.wav,6a0a1344baee8b7dcf665f10e9e7b0e2dc598644a4bd99acf701c260817ef53c,hf:beans_dogs/train-00000-of-00002.parquet,10.0,mono_mean_prefix_truncate_zero_pad_before_qwen_resample,full_0-8k
train_343,/root/animal-omni-kv/data/beans/interventions/dogs_all/lp_0-1000/train_343.wav,Roodie,train,343,Roodie-7-P-7c.wav,6a0a1344baee8b7dcf665f10e9e7b0e2dc598644a4bd99acf701c260817ef53c,hf:beans_dogs/train-00000-of-00002.parquet,10.0,mono_mean_prefix_truncate_zero_pad_before_qwen_resample,lp_0-1000
train_345,/root/animal-omni-kv/data/beans/interventions/dogs_all/full_0-8k/train_345.wav,Roodie,train,345,Roodie-7-C-7g.wav,5184814cb6a32d54a43a83ee33d204c135dff767380807b72230dbd7b175f347,hf:beans_dogs/train-00000-of-00002.parquet,10.0,mono_mean_prefix_truncate_zero_pad_before_qwen_resample,full_0-8k
train_345,/root/animal-omni-kv/data/beans/interventions/dogs_all/lp_0-1000/train_345.wav,Roodie,train,345,Roodie-7-C-7g.wav,5184814cb6a32d54a43a83ee33d204c135dff767380807b72230dbd7b175f347,hf:beans_dogs/train-00000-of-00002.parquet,10.0,mono_mean_prefix_truncate_zero_pad_before_qwen_resample,lp_0-1000
train_348,/root/animal-omni-kv/data/beans/interventions/dogs_all/full_0-8k/train_348.wav,Roodie,train,348,Roodie-7-C-7f.wav,1d347681dc6eab01e92f556db11254fe370a5061bd615bc6c58877fa98d85fc7,hf:beans_dogs/train-00000-of-00002.parquet,10.0,mono_mean_prefix_truncate_zero_pad_before_qwen_resample,full_0-8k
train_348,/root/animal-omni-kv/data/beans/interventions/dogs_all/lp_0-1000/train_348.wav,Roodie,train,348,Roodie-7-C-7f.wav,1d347681dc6eab01e92f556db11254fe370a5061bd615bc6c58877fa98d85fc7,hf:beans_dogs/train-00000-of-00002.parquet,10.0,mono_mean_prefix_truncate_zero_pad_before_qwen_resample,lp_0-1000
train_351,/root/animal-omni-kv/data/beans/interventions/dogs_all/full_0-8k/train_351.wav,Roodie,train,351,Roodie-7-C-7b.wav,d7b29f027624121b851354d2d54f50f9b14d4d8d97af62abe28bf9f3f5376bbf,hf:beans_dogs/train-00001-of-00002.parquet,10.0,mono_mean_prefix_truncate_zero_pad_before_qwen_resample,full_0-8k
train_351,/root/animal-omni-kv/data/beans/interventions/dogs_all/lp_0-1000/train_351.wav,Roodie,train,351,Roodie-7-C-7b.wav,d7b29f027624121b851354d2d54f50f9b14d4d8d97af62abe28bf9f3f5376bbf,hf:beans_dogs/train-00001-of-00002.parquet,10.0,mono_mean_prefix_truncate_zero_pad_before_qwen_resample,lp_0-1000
train_353,/root/animal-omni-kv/data/beans/interventions/dogs_all/full_0-8k/train_353.wav,Roodie,train,353,Roodie-2-C-2a.wav,78896d59004252048b8603303639567a29db9c6e5c2be1f3694d040227cc441c,hf:beans_dogs/train-00001-of-00002.parquet,10.0,mono_mean_prefix_truncate_zero_pad_before_qwen_resample,full_0-8k
train_353,/root/animal-omni-kv/data/beans/interventions/dogs_all/lp_0-1000/train_353.wav,Roodie,train,353,Roodie-2-C-2a.wav,78896d59004252048b8603303639567a29db9c6e5c2be1f3694d040227cc441c,hf:beans_dogs/train-00001-of-00002.parquet,10.0,mono_mean_prefix_truncate_zero_pad_before_qwen_resample,lp_0-1000
train_355,/root/animal-omni-kv/data/beans/interventions/dogs_all/full_0-8k/train_355.wav,Roodie,train,355,Roodie-2-C-2L.wav,393df5261ed5b32ecd345ce8a2a50283148aa73a903f9ac0d0aa7a3e01208e15,hf:beans_dogs/train-00001-of-00002.parquet,10.0,mono_mean_prefix_truncate_zero_pad_before_qwen_resample,full_0-8k
train_355,/root/animal-omni-kv/data/beans/interventions/dogs_all/lp_0-1000/train_355.wav,Roodie,train,355,Roodie-2-C-2L.wav,393df5261ed5b32ecd345ce8a2a50283148aa73a903f9ac0d0aa7a3e01208e15,hf:beans_dogs/train-00001-of-00002.parquet,10.0,mono_mean_prefix_truncate_zero_pad_before_qwen_resample,lp_0-1000
train_356,/root/animal-omni-kv/data/beans/interventions/dogs_all/full_0-8k/train_356.wav,Roodie,train,356,Roodie-2-C-2d.wav,43f8c35c18af5c3421ab93956220e4dc4702a44061936be2c1b47bebe07ea4f7,hf:beans_dogs/train-00001-of-00002.parquet,10.0,mono_mean_prefix_truncate_zero_pad_before_qwen_resample,full_0-8k
train_356,/root/animal-omni-kv/data/beans/interventions/dogs_all/lp_0-1000/train_356.wav,Roodie,train,356,Roodie-2-C-2d.wav,43f8c35c18af5c3421ab93956220e4dc4702a44061936be2c1b47bebe07ea4f7,hf:beans_dogs/train-00001-of-00002.parquet,10.0,mono_mean_prefix_truncate_zero_pad_before_qwen_resample,lp_0-1000
train_357,/root/animal-omni-kv/data/beans/interventions/dogs_all/full_0-8k/train_357.wav,Roodie,train,357,Roodie-2-C-2h.wav,6bac066137b897822cfe686a7604fb994876deca66237907afa921091f608725,hf:beans_dogs/train-00001-of-00002.parquet,10.0,mono_mean_prefix_truncate_zero_pad_before_qwen_resample,full_0-8k
train_357,/root/animal-omni-kv/data/beans/interventions/dogs_all/lp_0-1000/train_357.wav,Roodie,train,357,Roodie-2-C-2h.wav,6bac066137b897822cfe686a7604fb994876deca66237907afa921091f608725,hf:beans_dogs/train-00001-of-00002.parquet,10.0,mono_mean_prefix_truncate_zero_pad_before_qwen_resample,lp_0-1000
train_358,/root/animal-omni-kv/data/beans/interventions/dogs_all/full_0-8k/train_358.wav,Roodie,train,358,Roodie-2-P-1a.wav,c389dbc9cb04a48aaba6ac47f94a04789ee121845366528193181f476020281f,hf:beans_dogs/train-00001-of-00002.parquet,10.0,mono_mean_prefix_truncate_zero_pad_before_qwen_resample,full_0-8k
train_358,/root/animal-omni-kv/data/beans/interventions/dogs_all/lp_0-1000/train_358.wav,Roodie,train,358,Roodie-2-P-1a.wav,c389dbc9cb04a48aaba6ac47f94a04789ee121845366528193181f476020281f,hf:beans_dogs/train-00001-of-00002.parquet,10.0,mono_mean_prefix_truncate_zero_pad_before_qwen_resample,lp_0-1000
train_359,/root/animal-omni-kv/data/beans/interventions/dogs_all/full_0-8k/train_359.wav,Roodie,train,359,Roodie-2-C-2b.wav,050d730a4df0e3c3bdf00b1836b818537bbc519a4f7923caad925fa4857f7c9a,hf:beans_dogs/train-00001-of-00002.parquet,10.0,mono_mean_prefix_truncate_zero_pad_before_qwen_resample,full_0-8k
train_359,/root/animal-omni-kv/data/beans/interventions/dogs_all/lp_0-1000/train_359.wav,Roodie,train,359,Roodie-2-C-2b.wav,050d730a4df0e3c3bdf00b1836b818537bbc519a4f7923caad925fa4857f7c9a,hf:beans_dogs/train-00001-of-00002.parquet,10.0,mono_mean_prefix_truncate_zero_pad_before_qwen_resample,lp_0-1000
train_360,/root/animal-omni-kv/data/beans/interventions/dogs_all/full_0-8k/train_360.wav,Roodie,train,360,Roodie-2-C-2e.wav,aa9fb4e96420e29ceb8c3f9d3498be21d14be66913d7d1274a0e007542b85729,hf:beans_dogs/train-00001-of-00002.parquet,10.0,mono_mean_prefix_truncate_zero_pad_before_qwen_resample,full_0-8k
train_360,/root/animal-omni-kv/data/beans/interventions/dogs_all/lp_0-1000/train_360.wav,Roodie,train,360,Roodie-2-C-2e.wav,aa9fb4e96420e29ceb8c3f9d3498be21d14be66913d7d1274a0e007542b85729,hf:beans_dogs/train-00001-of-00002.parquet,10.0,mono_mean_prefix_truncate_zero_pad_before_qwen_resample,lp_0-1000
train_361,/root/animal-omni-kv/data/beans/interventions/dogs_all/full_0-8k/train_361.wav,Roodie,train,361,Roodie-2-C-2j.wav,6183422c71be27f4d015f5c9d7418ea10544b9a4f3e499735317bb3643f5d89e,hf:beans_dogs/train-00001-of-00002.parquet,10.0,mono_mean_prefix_truncate_zero_pad_before_qwen_resample,full_0-8k
train_361,/root/animal-omni-kv/data/beans/interventions/dogs_all/lp_0-1000/train_361.wav,Roodie,train,361,Roodie-2-C-2j.wav,6183422c71be27f4d015f5c9d7418ea10544b9a4f3e499735317bb3643f5d89e,hf:beans_dogs/train-00001-of-00002.parquet,10.0,mono_mean_prefix_truncate_zero_pad_before_qwen_resample,lp_0-1000
train_362,/root/animal-omni-kv/data/beans/interventions/dogs_all/full_0-8k/train_362.wav,Roodie,train,362,Roodie-2-P-2c.wav,d98a545fce2827f6a27b88f7c35a4d66087bea821bb378da4107f61ae25ad8ca,hf:beans_dogs/train-00001-of-00002.parquet,10.0,mono_mean_prefix_truncate_zero_pad_before_qwen_resample,full_0-8k
train_362,/root/animal-omni-kv/data/beans/interventions/dogs_all/lp_0-1000/train_362.wav,Roodie,train,362,Roodie-2-P-2c.wav,d98a545fce2827f6a27b88f7c35a4d66087bea821bb378da4107f61ae25ad8ca,hf:beans_dogs/train-00001-of-00002.parquet,10.0,mono_mean_prefix_truncate_zero_pad_before_qwen_resample,lp_0-1000
train_363,/root/animal-omni-kv/data/beans/interventions/dogs_all/full_0-8k/train_363.wav,Roodie,train,363,Roodie-2-C-2c.wav,d3c7a3b3dd367c95c06c25667d90f71e2f7f5dd8dac4e7b8a541c6135d666ee2,hf:beans_dogs/train-00001-of-00002.parquet,10.0,mono_mean_prefix_truncate_zero_pad_before_qwen_resample,full_0-8k
train_363,/root/animal-omni-kv/data/beans/interventions/dogs_all/lp_0-1000/train_363.wav,Roodie,train,363,Roodie-2-C-2c.wav,d3c7a3b3dd367c95c06c25667d90f71e2f7f5dd8dac4e7b8a541c6135d666ee2,hf:beans_dogs/train-00001-of-00002.parquet,10.0,mono_mean_prefix_truncate_zero_pad_before_qwen_resample,lp_0-1000
train_364,/root/animal-omni-kv/data/beans/interventions/dogs_all/full_0-8k/train_364.wav,Roodie,train,364,Roodie-2-P-2d.wav,6464fa241026523ba85dbf3e264e682a61b52e5b66352f87c2aca30d7c8a9227,hf:beans_dogs/train-00001-of-00002.parquet,10.0,mono_mean_prefix_truncate_zero_pad_before_qwen_resample,full_0-8k
train_364,/root/animal-omni-kv/data/beans/interventions/dogs_all/lp_0-1000/train_364.wav,Roodie,train,364,Roodie-2-P-2d.wav,6464fa241026523ba85dbf3e264e682a61b52e5b66352f87c2aca30d7c8a9227,hf:beans_dogs/train-00001-of-00002.parquet,10.0,mono_mean_prefix_truncate_zero_pad_before_qwen_resample,lp_0-1000
train_365,/root/animal-omni-kv/data/beans/interventions/dogs_all/full_0-8k/train_365.wav,Roodie,train,365,Roodie-2-C-2f.wav,f8c78212f82e16000071eca6dc824b51244cda661cb6566d9440aa4d1f5c271a,hf:beans_dogs/train-00001-of-00002.parquet,10.0,mono_mean_prefix_truncate_zero_pad_before_qwen_resample,full_0-8k
train_365,/root/animal-omni-kv/data/beans/interventions/dogs_all/lp_0-1000/train_365.wav,Roodie,train,365,Roodie-2-C-2f.wav,f8c78212f82e16000071eca6dc824b51244cda661cb6566d9440aa4d1f5c271a,hf:beans_dogs/train-00001-of-00002.parquet,10.0,mono_mean_prefix_truncate_zero_pad_before_qwen_resample,lp_0-1000
train_366,/root/animal-omni-kv/data/beans/interventions/dogs_all/full_0-8k/train_366.wav,Roodie,train,366,Roodie-2-A-2a.wav,1cd0836a01b4ebd3c869b4abe5375836a475f45d99a7a00299f03a4a6548250b,hf:beans_dogs/train-00001-of-00002.parquet,10.0,mono_mean_prefix_truncate_zero_pad_before_qwen_resample,full_0-8k
train_366,/root/animal-omni-kv/data/beans/interventions/dogs_all/lp_0-1000/train_366.wav,Roodie,train,366,Roodie-2-A-2a.wav,1cd0836a01b4ebd3c869b4abe5375836a475f45d99a7a00299f03a4a6548250b,hf:beans_dogs/train-00001-of-00002.parquet,10.0,mono_mean_prefix_truncate_zero_pad_before_qwen_resample,lp_0-1000
train_367,/root/animal-omni-kv/data/beans/interventions/dogs_all/full_0-8k/train_367.wav,Roodie,train,367,Roodie-2-P-2f.wav,cc6f01cde6b899d56706a0f08461a48ab6d1e3409621d44f6ad3661773cc73e0,hf:beans_dogs/train-00001-of-00002.parquet,10.0,mono_mean_prefix_truncate_zero_pad_before_qwen_resample,full_0-8k
train_367,/root/animal-omni-kv/data/beans/interventions/dogs_all/lp_0-1000/train_367.wav,Roodie,train,367,Roodie-2-P-2f.wav,cc6f01cde6b899d56706a0f08461a48ab6d1e3409621d44f6ad3661773cc73e0,hf:beans_dogs/train-00001-of-00002.parquet,10.0,mono_mean_prefix_truncate_zero_pad_before_qwen_resample,lp_0-1000
train_368,/root/animal-omni-kv/data/beans/interventions/dogs_all/full_0-8k/train_368.wav,Roodie,train,368,Roodie-2-P-2e.wav,65c8a4df134a4a3c94b60dc2375d4a9a1682772c4c04b4311945c7aada54bf13,hf:beans_dogs/train-00001-of-00002.parquet,10.0,mono_mean_prefix_truncate_zero_pad_before_qwen_resample,full_0-8k
train_368,/root/animal-omni-kv/data/beans/interventions/dogs_all/lp_0-1000/train_368.wav,Roodie,train,368,Roodie-2-P-2e.wav,65c8a4df134a4a3c94b60dc2375d4a9a1682772c4c04b4311945c7aada54bf13,hf:beans_dogs/train-00001-of-00002.parquet,10.0,mono_mean_prefix_truncate_zero_pad_before_qwen_resample,lp_0-1000
train_369,/root/animal-omni-kv/data/beans/interventions/dogs_all/full_0-8k/train_369.wav,Roodie,train,369,Roodie-2-P-2b.wav,fdd57596910ca86cf0924446023be2b34a8a6d3fe9c36bba32c1900ec8e234e5,hf:beans_dogs/train-00001-of-00002.parquet,10.0,mono_mean_prefix_truncate_zero_pad_before_qwen_resample,full_0-8k
train_369,/root/animal-omni-kv/data/beans/interventions/dogs_all/lp_0-1000/train_369.wav,Roodie,train,369,Roodie-2-P-2b.wav,fdd57596910ca86cf0924446023be2b34a8a6d3fe9c36bba32c1900ec8e234e5,hf:beans_dogs/train-00001-of-00002.parquet,10.0,mono_mean_prefix_truncate_zero_pad_before_qwen_resample,lp_0-1000
train_371,/root/animal-omni-kv/data/beans/interventions/dogs_all/full_0-8k/train_371.wav,Roodie,train,371,Roodie-2-C-2g.wav,030e2edb87148b54db723c52a51a0a1e4d59069a1dbfcc221ed918ad4204165c,hf:beans_dogs/train-00001-of-00002.parquet,10.0,mono_mean_prefix_truncate_zero_pad_before_qwen_resample,full_0-8k
train_371,/root/animal-omni-kv/data/beans/interventions/dogs_all/lp_0-1000/train_371.wav,Roodie,train,371,Roodie-2-C-2g.wav,030e2edb87148b54db723c52a51a0a1e4d59069a1dbfcc221ed918ad4204165c,hf:beans_dogs/train-00001-of-00002.parquet,10.0,mono_mean_prefix_truncate_zero_pad_before_qwen_resample,lp_0-1000
train_372,/root/animal-omni-kv/data/beans/interventions/dogs_all/full_0-8k/train_372.wav,Roodie,train,372,Roodie-2-C-2k.wav,e569ea43bd0ab06f57fc8a0f0b3ff24f4d9d0320f7f03c810a9060736caf946e,hf:beans_dogs/train-00001-of-00002.parquet,10.0,mono_mean_prefix_truncate_zero_pad_before_qwen_resample,full_0-8k
train_372,/root/animal-omni-kv/data/beans/interventions/dogs_all/lp_0-1000/train_372.wav,Roodie,train,372,Roodie-2-C-2k.wav,e569ea43bd0ab06f57fc8a0f0b3ff24f4d9d0320f7f03c810a9060736caf946e,hf:beans_dogs/train-00001-of-00002.parquet,10.0,mono_mean_prefix_truncate_zero_pad_before_qwen_resample,lp_0-1000
train_373,/root/animal-omni-kv/data/beans/interventions/dogs_all/full_0-8k/train_373.wav,Roodie,train,373,Roodie-5-C-5c.wav,cf72506f93b8c831d47fd0319c7aad20fa3a0ad44054e94b52dea2153169f8e3,hf:beans_dogs/train-00001-of-00002.parquet,10.0,mono_mean_prefix_truncate_zero_pad_before_qwen_resample,full_0-8k
train_373,/root/animal-omni-kv/data/beans/interventions/dogs_all/lp_0-1000/train_373.wav,Roodie,train,373,Roodie-5-C-5c.wav,cf72506f93b8c831d47fd0319c7aad20fa3a0ad44054e94b52dea2153169f8e3,hf:beans_dogs/train-00001-of-00002.parquet,10.0,mono_mean_prefix_truncate_zero_pad_before_qwen_resample,lp_0-1000
train_375,/root/animal-omni-kv/data/beans/interventions/dogs_all/full_0-8k/train_375.wav,Roodie,train,375,Roodie-5-C-5g.wav,27b0c7b694cb95d21ccdb973038776e29ef52fec3ec326d401cf44b8f1307c63,hf:beans_dogs/train-00001-of-00002.parquet,10.0,mono_mean_prefix_truncate_zero_pad_before_qwen_resample,full_0-8k
train_375,/root/animal-omni-kv/data/beans/interventions/dogs_all/lp_0-1000/train_375.wav,Roodie,train,375,Roodie-5-C-5g.wav,27b0c7b694cb95d21ccdb973038776e29ef52fec3ec326d401cf44b8f1307c63,hf:beans_dogs/train-00001-of-00002.parquet,10.0,mono_mean_prefix_truncate_zero_pad_before_qwen_resample,lp_0-1000
train_377,/root/animal-omni-kv/data/beans/interventions/dogs_all/full_0-8k/train_377.wav,Roodie,train,377,Roodie-5-C-5e.wav,96ffc6f3daf91e67b75f588f353117a9ffce27dcc2787dc77164e1d9eaffa72e,hf:beans_dogs/train-00001-of-00002.parquet,10.0,mono_mean_prefix_truncate_zero_pad_before_qwen_resample,full_0-8k
train_377,/root/animal-omni-kv/data/beans/interventions/dogs_all/lp_0-1000/train_377.wav,Roodie,train,377,Roodie-5-C-5e.wav,96ffc6f3daf91e67b75f588f353117a9ffce27dcc2787dc77164e1d9eaffa72e,hf:beans_dogs/train-00001-of-00002.parquet,10.0,mono_mean_prefix_truncate_zero_pad_before_qwen_resample,lp_0-1000
train_379,/root/animal-omni-kv/data/beans/interventions/dogs_all/full_0-8k/train_379.wav,Roodie,train,379,Roodie-5-P-5a.wav,62387c6bb7d2f7cbdc688d48291069af478d3ccf30b15152cec6d4cb4da1407f,hf:beans_dogs/train-00001-of-00002.parquet,10.0,mono_mean_prefix_truncate_zero_pad_before_qwen_resample,full_0-8k
train_379,/root/animal-omni-kv/data/beans/interventions/dogs_all/lp_0-1000/train_379.wav,Roodie,train,379,Roodie-5-P-5a.wav,62387c6bb7d2f7cbdc688d48291069af478d3ccf30b15152cec6d4cb4da1407f,hf:beans_dogs/train-00001-of-00002.parquet,10.0,mono_mean_prefix_truncate_zero_pad_before_qwen_resample,lp_0-1000
train_384,/root/animal-omni-kv/data/beans/interventions/dogs_all/full_0-8k/train_384.wav,Roodie,train,384,Roodie-5-C-5f.wav,bc7052c7501201cfc8ccecf4a39f4ed12946c597addb029426ffd53fc13091b3,hf:beans_dogs/train-00001-of-00002.parquet,10.0,mono_mean_prefix_truncate_zero_pad_before_qwen_resample,full_0-8k
train_384,/root/animal-omni-kv/data/beans/interventions/dogs_all/lp_0-1000/train_384.wav,Roodie,train,384,Roodie-5-C-5f.wav,bc7052c7501201cfc8ccecf4a39f4ed12946c597addb029426ffd53fc13091b3,hf:beans_dogs/train-00001-of-00002.parquet,10.0,mono_mean_prefix_truncate_zero_pad_before_qwen_resample,lp_0-1000
train_386,/root/animal-omni-kv/data/beans/interventions/dogs_all/full_0-8k/train_386.wav,Roodie,train,386,Roodie-5-C-5a.wav,7e1269fb1c2df3042d092b15d81cbf3a52957c871294c9953b16f44cd6b53982,hf:beans_dogs/train-00001-of-00002.parquet,10.0,mono_mean_prefix_truncate_zero_pad_before_qwen_resample,full_0-8k
train_386,/root/animal-omni-kv/data/beans/interventions/dogs_all/lp_0-1000/train_386.wav,Roodie,train,386,Roodie-5-C-5a.wav,7e1269fb1c2df3042d092b15d81cbf3a52957c871294c9953b16f44cd6b53982,hf:beans_dogs/train-00001-of-00002.parquet,10.0,mono_mean_prefix_truncate_zero_pad_before_qwen_resample,lp_0-1000
train_388,/root/animal-omni-kv/data/beans/interventions/dogs_all/full_0-8k/train_388.wav,Roodie,train,388,Roodie-5-A-4.wav,8bc96b4efe526c9ea5ba15920c828336ee457f0f2c9e012c5a2038f247623a6c,hf:beans_dogs/train-00001-of-00002.parquet,10.0,mono_mean_prefix_truncate_zero_pad_before_qwen_resample,full_0-8k
train_388,/root/animal-omni-kv/data/beans/interventions/dogs_all/lp_0-1000/train_388.wav,Roodie,train,388,Roodie-5-A-4.wav,8bc96b4efe526c9ea5ba15920c828336ee457f0f2c9e012c5a2038f247623a6c,hf:beans_dogs/train-00001-of-00002.parquet,10.0,mono_mean_prefix_truncate_zero_pad_before_qwen_resample,lp_0-1000
train_389,/root/animal-omni-kv/data/beans/interventions/dogs_all/full_0-8k/train_389.wav,Roodie,train,389,Roodie-9-C-9c.wav,d601606c728cba8429bd0a1cd3f4a13633d996a638eb8d70b4c61d37a1c39d3b,hf:beans_dogs/train-00001-of-00002.parquet,10.0,mono_mean_prefix_truncate_zero_pad_before_qwen_resample,full_0-8k
train_389,/root/animal-omni-kv/data/beans/interventions/dogs_all/lp_0-1000/train_389.wav,Roodie,train,389,Roodie-9-C-9c.wav,d601606c728cba8429bd0a1cd3f4a13633d996a638eb8d70b4c61d37a1c39d3b,hf:beans_dogs/train-00001-of-00002.parquet,10.0,mono_mean_prefix_truncate_zero_pad_before_qwen_resample,lp_0-1000
train_390,/root/animal-omni-kv/data/beans/interventions/dogs_all/full_0-8k/train_390.wav,Roodie,train,390,Roodie-9-C-9a.wav,3a093768f45b5eb293d0729cad382df713886daa48606e83e118bf3d01deb65f,hf:beans_dogs/train-00001-of-00002.parquet,10.0,mono_mean_prefix_truncate_zero_pad_before_qwen_resample,full_0-8k
train_390,/root/animal-omni-kv/data/beans/interventions/dogs_all/lp_0-1000/train_390.wav,Roodie,train,390,Roodie-9-C-9a.wav,3a093768f45b5eb293d0729cad382df713886daa48606e83e118bf3d01deb65f,hf:beans_dogs/train-00001-of-00002.parquet,10.0,mono_mean_prefix_truncate_zero_pad_before_qwen_resample,lp_0-1000
train_394,/root/animal-omni-kv/data/beans/interventions/dogs_all/full_0-8k/train_394.wav,Roodie,train,394,Roodie-9-P-9c.wav,69bf43a824b7f4a3bf6296f787424ce5fdcca4f854db6dc5257aff945d4e7e40,hf:beans_dogs/train-00001-of-00002.parquet,10.0,mono_mean_prefix_truncate_zero_pad_before_qwen_resample,full_0-8k
train_394,/root/animal-omni-kv/data/beans/interventions/dogs_all/lp_0-1000/train_394.wav,Roodie,train,394,Roodie-9-P-9c.wav,69bf43a824b7f4a3bf6296f787424ce5fdcca4f854db6dc5257aff945d4e7e40,hf:beans_dogs/train-00001-of-00002.parquet,10.0,mono_mean_prefix_truncate_zero_pad_before_qwen_resample,lp_0-1000
train_395,/root/animal-omni-kv/data/beans/interventions/dogs_all/full_0-8k/train_395.wav,Roodie,train,395,Roodie-9-P-9a.wav,2b8e58e92e3ab6a39e3a06d899c6f55e925662571371cf01a10b9aa22bfea428,hf:beans_dogs/train-00001-of-00002.parquet,10.0,mono_mean_prefix_truncate_zero_pad_before_qwen_resample,full_0-8k
train_395,/root/animal-omni-kv/data/beans/interventions/dogs_all/lp_0-1000/train_395.wav,Roodie,train,395,Roodie-9-P-9a.wav,2b8e58e92e3ab6a39e3a06d899c6f55e925662571371cf01a10b9aa22bfea428,hf:beans_dogs/train-00001-of-00002.parquet,10.0,mono_mean_prefix_truncate_zero_pad_before_qwen_resample,lp_0-1000
train_396,/root/animal-omni-kv/data/beans/interventions/dogs_all/full_0-8k/train_396.wav,Roodie,train,396,Roodie-9-C-9i.wav,52e63ff8eda484c16b0b692e764df02d9fb665faf7b220dd73bef9f7dcce5b4c,hf:beans_dogs/train-00001-of-00002.parquet,10.0,mono_mean_prefix_truncate_zero_pad_before_qwen_resample,full_0-8k
train_396,/root/animal-omni-kv/data/beans/interventions/dogs_all/lp_0-1000/train_396.wav,Roodie,train,396,Roodie-9-C-9i.wav,52e63ff8eda484c16b0b692e764df02d9fb665faf7b220dd73bef9f7dcce5b4c,hf:beans_dogs/train-00001-of-00002.parquet,10.0,mono_mean_prefix_truncate_zero_pad_before_qwen_resample,lp_0-1000
train_400,/root/animal-omni-kv/data/beans/interventions/dogs_all/full_0-8k/train_400.wav,Roodie,train,400,Roodie-6-P-6b.wav,dedd41d2ab36823f1bda4652871388ab26412c07dd0ee8f27afb744edeb01dce,hf:beans_dogs/train-00001-of-00002.parquet,10.0,mono_mean_prefix_truncate_zero_pad_before_qwen_resample,full_0-8k
train_400,/root/animal-omni-kv/data/beans/interventions/dogs_all/lp_0-1000/train_400.wav,Roodie,train,400,Roodie-6-P-6b.wav,dedd41d2ab36823f1bda4652871388ab26412c07dd0ee8f27afb744edeb01dce,hf:beans_dogs/train-00001-of-00002.parquet,10.0,mono_mean_prefix_truncate_zero_pad_before_qwen_resample,lp_0-1000
train_402,/root/animal-omni-kv/data/beans/interventions/dogs_all/full_0-8k/train_402.wav,Roodie,train,402,Roodie-6-A-5.wav,6951ef8fa4ccd92af611a9d8e1a15b51851b42785152b7f0362f359108818093,hf:beans_dogs/train-00001-of-00002.parquet,10.0,mono_mean_prefix_truncate_zero_pad_before_qwen_resample,full_0-8k
train_402,/root/animal-omni-kv/data/beans/interventions/dogs_all/lp_0-1000/train_402.wav,Roodie,train,402,Roodie-6-A-5.wav,6951ef8fa4ccd92af611a9d8e1a15b51851b42785152b7f0362f359108818093,hf:beans_dogs/train-00001-of-00002.parquet,10.0,mono_mean_prefix_truncate_zero_pad_before_qwen_resample,lp_0-1000
train_403,/root/animal-omni-kv/data/beans/interventions/dogs_all/full_0-8k/train_403.wav,Roodie,train,403,Roodie-6-C-6f.wav,a08d91ca897c0153dacb53b26762b695c2476ce7186ee908add2d5ef436f2f3a,hf:beans_dogs/train-00001-of-00002.parquet,10.0,mono_mean_prefix_truncate_zero_pad_before_qwen_resample,full_0-8k
train_403,/root/animal-omni-kv/data/beans/interventions/dogs_all/lp_0-1000/train_403.wav,Roodie,train,403,Roodie-6-C-6f.wav,a08d91ca897c0153dacb53b26762b695c2476ce7186ee908add2d5ef436f2f3a,hf:beans_dogs/train-00001-of-00002.parquet,10.0,mono_mean_prefix_truncate_zero_pad_before_qwen_resample,lp_0-1000
train_405,/root/animal-omni-kv/data/beans/interventions/dogs_all/full_0-8k/train_405.wav,Roodie,train,405,Roodie-6-C-6k.wav,8beb2d9f580369210881d0848c41a9a94bbf17be16a3801d331b0f35c1e4bf26,hf:beans_dogs/train-00001-of-00002.parquet,10.0,mono_mean_prefix_truncate_zero_pad_before_qwen_resample,full_0-8k
train_405,/root/animal-omni-kv/data/beans/interventions/dogs_all/lp_0-1000/train_405.wav,Roodie,train,405,Roodie-6-C-6k.wav,8beb2d9f580369210881d0848c41a9a94bbf17be16a3801d331b0f35c1e4bf26,hf:beans_dogs/train-00001-of-00002.parquet,10.0,mono_mean_prefix_truncate_zero_pad_before_qwen_resample,lp_0-1000
train_406,/root/animal-omni-kv/data/beans/interventions/dogs_all/full_0-8k/train_406.wav,Roodie,train,406,Roodie-6-C-6c.wav,99bcae7ff83820906646718c3b2fbf4a4494f4384fd7a8d6cc8dc4fad92e4dbf,hf:beans_dogs/train-00001-of-00002.parquet,10.0,mono_mean_prefix_truncate_zero_pad_before_qwen_resample,full_0-8k
train_406,/root/animal-omni-kv/data/beans/interventions/dogs_all/lp_0-1000/train_406.wav,Roodie,train,406,Roodie-6-C-6c.wav,99bcae7ff83820906646718c3b2fbf4a4494f4384fd7a8d6cc8dc4fad92e4dbf,hf:beans_dogs/train-00001-of-00002.parquet,10.0,mono_mean_prefix_truncate_zero_pad_before_qwen_resample,lp_0-1000
train_407,/root/animal-omni-kv/data/beans/interventions/dogs_all/full_0-8k/train_407.wav,Roodie,train,407,Roodie-6-C-6i.wav,ec2723f23f24a6217e73c5cc7ae312e9b910db4ce036fcb282fdc814ecb6da9b,hf:beans_dogs/train-00001-of-00002.parquet,10.0,mono_mean_prefix_truncate_zero_pad_before_qwen_resample,full_0-8k
train_407,/root/animal-omni-kv/data/beans/interventions/dogs_all/lp_0-1000/train_407.wav,Roodie,train,407,Roodie-6-C-6i.wav,ec2723f23f24a6217e73c5cc7ae312e9b910db4ce036fcb282fdc814ecb6da9b,hf:beans_dogs/train-00001-of-00002.parquet,10.0,mono_mean_prefix_truncate_zero_pad_before_qwen_resample,lp_0-1000
train_408,/root/animal-omni-kv/data/beans/interventions/dogs_all/full_0-8k/train_408.wav,Roodie,train,408,Roodie-6-C-6g.wav,f437985845dc099f6afc888d018584c8ec0b1eca31784960229e93c20667a66d,hf:beans_dogs/train-00001-of-00002.parquet,10.0,mono_mean_prefix_truncate_zero_pad_before_qwen_resample,full_0-8k
train_408,/root/animal-omni-kv/data/beans/interventions/dogs_all/lp_0-1000/train_408.wav,Roodie,train,408,Roodie-6-C-6g.wav,f437985845dc099f6afc888d018584c8ec0b1eca31784960229e93c20667a66d,hf:beans_dogs/train-00001-of-00002.parquet,10.0,mono_mean_prefix_truncate_zero_pad_before_qwen_resample,lp_0-1000
train_411,/root/animal-omni-kv/data/beans/interventions/dogs_all/full_0-8k/train_411.wav,Roodie,train,411,Roodie-6-C-6L.wav,d3034e420d492a4e7b7852b3de6dff6ea71dfd54262762a35dd49c244c0afb54,hf:beans_dogs/train-00001-of-00002.parquet,10.0,mono_mean_prefix_truncate_zero_pad_before_qwen_resample,full_0-8k
train_411,/root/animal-omni-kv/data/beans/interventions/dogs_all/lp_0-1000/train_411.wav,Roodie,train,411,Roodie-6-C-6L.wav,d3034e420d492a4e7b7852b3de6dff6ea71dfd54262762a35dd49c244c0afb54,hf:beans_dogs/train-00001-of-00002.parquet,10.0,mono_mean_prefix_truncate_zero_pad_before_qwen_resample,lp_0-1000
train_412,/root/animal-omni-kv/data/beans/interventions/dogs_all/full_0-8k/train_412.wav,Roodie,train,412,Roodie-6-C-6e.wav,1fbc904d5e900f5c17b657715daebefa0481196c8910957ebd06ff84148fd33a,hf:beans_dogs/train-00001-of-00002.parquet,10.0,mono_mean_prefix_truncate_zero_pad_before_qwen_resample,full_0-8k
train_412,/root/animal-omni-kv/data/beans/interventions/dogs_all/lp_0-1000/train_412.wav,Roodie,train,412,Roodie-6-C-6e.wav,1fbc904d5e900f5c17b657715daebefa0481196c8910957ebd06ff84148fd33a,hf:beans_dogs/train-00001-of-00002.parquet,10.0,mono_mean_prefix_truncate_zero_pad_before_qwen_resample,lp_0-1000
train_413,/root/animal-omni-kv/data/beans/interventions/dogs_all/full_0-8k/train_413.wav,Roodie,train,413,Roodie-6-C-6a.wav,85ad28a2aac30d793959c64f158fecd8efda20a7667f9545a1bc02ac7748579f,hf:beans_dogs/train-00001-of-00002.parquet,10.0,mono_mean_prefix_truncate_zero_pad_before_qwen_resample,full_0-8k
train_413,/root/animal-omni-kv/data/beans/interventions/dogs_all/lp_0-1000/train_413.wav,Roodie,train,413,Roodie-6-C-6a.wav,85ad28a2aac30d793959c64f158fecd8efda20a7667f9545a1bc02ac7748579f,hf:beans_dogs/train-00001-of-00002.parquet,10.0,mono_mean_prefix_truncate_zero_pad_before_qwen_resample,lp_0-1000
train_414,/root/animal-omni-kv/data/beans/interventions/dogs_all/full_0-8k/train_414.wav,Roodie,train,414,Roodie-6-C-6d.wav,2637ee4c5dd42f5395af2c8f11778328ee5ac0a9701bc3775704962715d59ff8,hf:beans_dogs/train-00001-of-00002.parquet,10.0,mono_mean_prefix_truncate_zero_pad_before_qwen_resample,full_0-8k
train_414,/root/animal-omni-kv/data/beans/interventions/dogs_all/lp_0-1000/train_414.wav,Roodie,train,414,Roodie-6-C-6d.wav,2637ee4c5dd42f5395af2c8f11778328ee5ac0a9701bc3775704962715d59ff8,hf:beans_dogs/train-00001-of-00002.parquet,10.0,mono_mean_prefix_truncate_zero_pad_before_qwen_resample,lp_0-1000
train_415,/root/animal-omni-kv/data/beans/interventions/dogs_all/full_0-8k/train_415.wav,Roodie,train,415,Roodie-6-C-6j.wav,f17ce65b580358d3cfe26f5c7b5e53c9538d9235e2cae0ffdf2f550513c6c993,hf:beans_dogs/train-00001-of-00002.parquet,10.0,mono_mean_prefix_truncate_zero_pad_before_qwen_resample,full_0-8k
train_415,/root/animal-omni-kv/data/beans/interventions/dogs_all/lp_0-1000/train_415.wav,Roodie,train,415,Roodie-6-C-6j.wav,f17ce65b580358d3cfe26f5c7b5e53c9538d9235e2cae0ffdf2f550513c6c993,hf:beans_dogs/train-00001-of-00002.parquet,10.0,mono_mean_prefix_truncate_zero_pad_before_qwen_resample,lp_0-1000
train_416,/root/animal-omni-kv/data/beans/interventions/dogs_all/full_0-8k/train_416.wav,Roodie,train,416,Roodie-8-C-8b.wav,d02c8d2ab0e0cb849ba3cb4b1063c2d3b4eb3e05304abf6662e3762cae3df748,hf:beans_dogs/train-00001-of-00002.parquet,10.0,mono_mean_prefix_truncate_zero_pad_before_qwen_resample,full_0-8k
train_416,/root/animal-omni-kv/data/beans/interventions/dogs_all/lp_0-1000/train_416.wav,Roodie,train,416,Roodie-8-C-8b.wav,d02c8d2ab0e0cb849ba3cb4b1063c2d3b4eb3e05304abf6662e3762cae3df748,hf:beans_dogs/train-00001-of-00002.parquet,10.0,mono_mean_prefix_truncate_zero_pad_before_qwen_resample,lp_0-1000
train_421,/root/animal-omni-kv/data/beans/interventions/dogs_all/full_0-8k/train_421.wav,Roodie,train,421,Roodie-8-C-8i.wav,50cb75bd537fa97c87683266a0f1da50dc61e2a1999cce3f8f123ea72ad377dc,hf:beans_dogs/train-00001-of-00002.parquet,10.0,mono_mean_prefix_truncate_zero_pad_before_qwen_resample,full_0-8k
train_421,/root/animal-omni-kv/data/beans/interventions/dogs_all/lp_0-1000/train_421.wav,Roodie,train,421,Roodie-8-C-8i.wav,50cb75bd537fa97c87683266a0f1da50dc61e2a1999cce3f8f123ea72ad377dc,hf:beans_dogs/train-00001-of-00002.parquet,10.0,mono_mean_prefix_truncate_zero_pad_before_qwen_resample,lp_0-1000
train_423,/root/animal-omni-kv/data/beans/interventions/dogs_all/full_0-8k/train_423.wav,Roodie,train,423,Roodie-8-C-8a.wav,9193cf4354015d8aef60ee96f6d09ec4c10e30571ad4f056d5756e54045ee0b9,hf:beans_dogs/train-00001-of-00002.parquet,10.0,mono_mean_prefix_truncate_zero_pad_before_qwen_resample,full_0-8k
train_423,/root/animal-omni-kv/data/beans/interventions/dogs_all/lp_0-1000/train_423.wav,Roodie,train,423,Roodie-8-C-8a.wav,9193cf4354015d8aef60ee96f6d09ec4c10e30571ad4f056d5756e54045ee0b9,hf:beans_dogs/train-00001-of-00002.parquet,10.0,mono_mean_prefix_truncate_zero_pad_before_qwen_resample,lp_0-1000
train_424,/root/animal-omni-kv/data/beans/interventions/dogs_all/full_0-8k/train_424.wav,Roodie,train,424,Roodie-8-C-8g.wav,6059fda84bb7a8b3ce912a91b54582ea1e684936f379c88e8f4f3d6f461d7729,hf:beans_dogs/train-00001-of-00002.parquet,10.0,mono_mean_prefix_truncate_zero_pad_before_qwen_resample,full_0-8k
train_424,/root/animal-omni-kv/data/beans/interventions/dogs_all/lp_0-1000/train_424.wav,Roodie,train,424,Roodie-8-C-8g.wav,6059fda84bb7a8b3ce912a91b54582ea1e684936f379c88e8f4f3d6f461d7729,hf:beans_dogs/train-00001-of-00002.parquet,10.0,mono_mean_prefix_truncate_zero_pad_before_qwen_resample,lp_0-1000
train_425,/root/animal-omni-kv/data/beans/interventions/dogs_all/full_0-8k/train_425.wav,Roodie,train,425,Roodie-8-C-8c.wav,a420f18e9a42fd3301e9432e775d0382509a4a45101fb4243ee724c1acfc95c4,hf:beans_dogs/train-00001-of-00002.parquet,10.0,mono_mean_prefix_truncate_zero_pad_before_qwen_resample,full_0-8k
train_425,/root/animal-omni-kv/data/beans/interventions/dogs_all/lp_0-1000/train_425.wav,Roodie,train,425,Roodie-8-C-8c.wav,a420f18e9a42fd3301e9432e775d0382509a4a45101fb4243ee724c1acfc95c4,hf:beans_dogs/train-00001-of-00002.parquet,10.0,mono_mean_prefix_truncate_zero_pad_before_qwen_resample,lp_0-1000
train_430,/root/animal-omni-kv/data/beans/interventions/dogs_all/full_0-8k/train_430.wav,Roodie,train,430,Roodie-8-A-7.wav,051f73b01c78c4415054beef6cf33dfd89b815cf8db728aaf6ed0af1a391126f,hf:beans_dogs/train-00001-of-00002.parquet,10.0,mono_mean_prefix_truncate_zero_pad_before_qwen_resample,full_0-8k
train_430,/root/animal-omni-kv/data/beans/interventions/dogs_all/lp_0-1000/train_430.wav,Roodie,train,430,Roodie-8-A-7.wav,051f73b01c78c4415054beef6cf33dfd89b815cf8db728aaf6ed0af1a391126f,hf:beans_dogs/train-00001-of-00002.parquet,10.0,mono_mean_prefix_truncate_zero_pad_before_qwen_resample,lp_0-1000
train_432,/root/animal-omni-kv/data/beans/interventions/dogs_all/full_0-8k/train_432.wav,Roodie,train,432,Roodie-8-P-8a.wav,05ca9fa50a7bb0f9b0faec0c284229d6457d7f91c4007db7eb444d5012a2da1e,hf:beans_dogs/train-00001-of-00002.parquet,10.0,mono_mean_prefix_truncate_zero_pad_before_qwen_resample,full_0-8k
train_432,/root/animal-omni-kv/data/beans/interventions/dogs_all/lp_0-1000/train_432.wav,Roodie,train,432,Roodie-8-P-8a.wav,05ca9fa50a7bb0f9b0faec0c284229d6457d7f91c4007db7eb444d5012a2da1e,hf:beans_dogs/train-00001-of-00002.parquet,10.0,mono_mean_prefix_truncate_zero_pad_before_qwen_resample,lp_0-1000
train_433,/root/animal-omni-kv/data/beans/interventions/dogs_all/full_0-8k/train_433.wav,Roodie,train,433,Roodie-8-C-8h.wav,2f806d2e8952aca04d313e9b00a6ec9edfa2c835375510c59077220a91fa4772,hf:beans_dogs/train-00001-of-00002.parquet,10.0,mono_mean_prefix_truncate_zero_pad_before_qwen_resample,full_0-8k
train_433,/root/animal-omni-kv/data/beans/interventions/dogs_all/lp_0-1000/train_433.wav,Roodie,train,433,Roodie-8-C-8h.wav,2f806d2e8952aca04d313e9b00a6ec9edfa2c835375510c59077220a91fa4772,hf:beans_dogs/train-00001-of-00002.parquet,10.0,mono_mean_prefix_truncate_zero_pad_before_qwen_resample,lp_0-1000
train_434,/root/animal-omni-kv/data/beans/interventions/dogs_all/full_0-8k/train_434.wav,Roodie,train,434,Roodie-8-C-8k.wav,767f2b02d85decc156d611ea537d5e941b1ea445ef6eae798f38162df7a9d1d3,hf:beans_dogs/train-00001-of-00002.parquet,10.0,mono_mean_prefix_truncate_zero_pad_before_qwen_resample,full_0-8k
train_434,/root/animal-omni-kv/data/beans/interventions/dogs_all/lp_0-1000/train_434.wav,Roodie,train,434,Roodie-8-C-8k.wav,767f2b02d85decc156d611ea537d5e941b1ea445ef6eae798f38162df7a9d1d3,hf:beans_dogs/train-00001-of-00002.parquet,10.0,mono_mean_prefix_truncate_zero_pad_before_qwen_resample,lp_0-1000
train_435,/root/animal-omni-kv/data/beans/interventions/dogs_all/full_0-8k/train_435.wav,Roodie,train,435,Roodie-8-C-8n.wav,9cb312c5b5a3c6c24d7ed85e8f7b783e4a04525dce80724d08935ae0b11caf5d,hf:beans_dogs/train-00001-of-00002.parquet,10.0,mono_mean_prefix_truncate_zero_pad_before_qwen_resample,full_0-8k
train_435,/root/animal-omni-kv/data/beans/interventions/dogs_all/lp_0-1000/train_435.wav,Roodie,train,435,Roodie-8-C-8n.wav,9cb312c5b5a3c6c24d7ed85e8f7b783e4a04525dce80724d08935ae0b11caf5d,hf:beans_dogs/train-00001-of-00002.parquet,10.0,mono_mean_prefix_truncate_zero_pad_before_qwen_resample,lp_0-1000
train_436,/root/animal-omni-kv/data/beans/interventions/dogs_all/full_0-8k/train_436.wav,Roodie,train,436,Roodie-8-C-8j.wav,efd332d0055374f71b031b16cacf792e24fdfc0abf4854a96b5f589a6547819a,hf:beans_dogs/train-00001-of-00002.parquet,10.0,mono_mean_prefix_truncate_zero_pad_before_qwen_resample,full_0-8k
train_436,/root/animal-omni-kv/data/beans/interventions/dogs_all/lp_0-1000/train_436.wav,Roodie,train,436,Roodie-8-C-8j.wav,efd332d0055374f71b031b16cacf792e24fdfc0abf4854a96b5f589a6547819a,hf:beans_dogs/train-00001-of-00002.parquet,10.0,mono_mean_prefix_truncate_zero_pad_before_qwen_resample,lp_0-1000
train_437,/root/animal-omni-kv/data/beans/interventions/dogs_all/full_0-8k/train_437.wav,Farley,train,437,Farley-5-C-5b.wav,417e1c722efd7ebddee1c05d84cf9e76e556c92b5a69961b246c105d6f6edfdb,hf:beans_dogs/train-00001-of-00002.parquet,10.0,mono_mean_prefix_truncate_zero_pad_before_qwen_resample,full_0-8k
train_437,/root/animal-omni-kv/data/beans/interventions/dogs_all/lp_0-1000/train_437.wav,Farley,train,437,Farley-5-C-5b.wav,417e1c722efd7ebddee1c05d84cf9e76e556c92b5a69961b246c105d6f6edfdb,hf:beans_dogs/train-00001-of-00002.parquet,10.0,mono_mean_prefix_truncate_zero_pad_before_qwen_resample,lp_0-1000
train_440,/root/animal-omni-kv/data/beans/interventions/dogs_all/full_0-8k/train_440.wav,Farley,train,440,Farley-5-A-4b.wav,c3ad65447a957570bb8b00f273e9ee49b29dccc58d2e277ae0d0d67409595af0,hf:beans_dogs/train-00001-of-00002.parquet,10.0,mono_mean_prefix_truncate_zero_pad_before_qwen_resample,full_0-8k
train_440,/root/animal-omni-kv/data/beans/interventions/dogs_all/lp_0-1000/train_440.wav,Farley,train,440,Farley-5-A-4b.wav,c3ad65447a957570bb8b00f273e9ee49b29dccc58d2e277ae0d0d67409595af0,hf:beans_dogs/train-00001-of-00002.parquet,10.0,mono_mean_prefix_truncate_zero_pad_before_qwen_resample,lp_0-1000
train_441,/root/animal-omni-kv/data/beans/interventions/dogs_all/full_0-8k/train_441.wav,Farley,train,441,Farley-5-C-5d.wav,b534779b24d4714fbe33701e8097be244198a165ae52ce001929d74e4b9caabd,hf:beans_dogs/train-00001-of-00002.parquet,10.0,mono_mean_prefix_truncate_zero_pad_before_qwen_resample,full_0-8k
train_441,/root/animal-omni-kv/data/beans/interventions/dogs_all/lp_0-1000/train_441.wav,Farley,train,441,Farley-5-C-5d.wav,b534779b24d4714fbe33701e8097be244198a165ae52ce001929d74e4b9caabd,hf:beans_dogs/train-00001-of-00002.parquet,10.0,mono_mean_prefix_truncate_zero_pad_before_qwen_resample,lp_0-1000
train_442,/root/animal-omni-kv/data/beans/interventions/dogs_all/full_0-8k/train_442.wav,Farley,train,442,Farley-5-C-5c.wav,7bb0f8d4c57e75c5e16c186261a19cc729c5d28459eb99fd76cb35cbebe68cf4,hf:beans_dogs/train-00001-of-00002.parquet,10.0,mono_mean_prefix_truncate_zero_pad_before_qwen_resample,full_0-8k
train_442,/root/animal-omni-kv/data/beans/interventions/dogs_all/lp_0-1000/train_442.wav,Farley,train,442,Farley-5-C-5c.wav,7bb0f8d4c57e75c5e16c186261a19cc729c5d28459eb99fd76cb35cbebe68cf4,hf:beans_dogs/train-00001-of-00002.parquet,10.0,mono_mean_prefix_truncate_zero_pad_before_qwen_resample,lp_0-1000
train_443,/root/animal-omni-kv/data/beans/interventions/dogs_all/full_0-8k/train_443.wav,Farley,train,443,Farley-5-P-5b.wav,cc8cefe615c1f113207a25a205eff6e075406618a3d034d76e9eed0237c1f381,hf:beans_dogs/train-00001-of-00002.parquet,10.0,mono_mean_prefix_truncate_zero_pad_before_qwen_resample,full_0-8k
train_443,/root/animal-omni-kv/data/beans/interventions/dogs_all/lp_0-1000/train_443.wav,Farley,train,443,Farley-5-P-5b.wav,cc8cefe615c1f113207a25a205eff6e075406618a3d034d76e9eed0237c1f381,hf:beans_dogs/train-00001-of-00002.parquet,10.0,mono_mean_prefix_truncate_zero_pad_before_qwen_resample,lp_0-1000
train_445,/root/animal-omni-kv/data/beans/interventions/dogs_all/full_0-8k/train_445.wav,Farley,train,445,Farley-5-C-5f.wav,1014fe2e86fca17433a3fafc6d31d8910348f13da31cfbc002d86b6bbcba1294,hf:beans_dogs/train-00001-of-00002.parquet,10.0,mono_mean_prefix_truncate_zero_pad_before_qwen_resample,full_0-8k
train_445,/root/animal-omni-kv/data/beans/interventions/dogs_all/lp_0-1000/train_445.wav,Farley,train,445,Farley-5-C-5f.wav,1014fe2e86fca17433a3fafc6d31d8910348f13da31cfbc002d86b6bbcba1294,hf:beans_dogs/train-00001-of-00002.parquet,10.0,mono_mean_prefix_truncate_zero_pad_before_qwen_resample,lp_0-1000
train_446,/root/animal-omni-kv/data/beans/interventions/dogs_all/full_0-8k/train_446.wav,Farley,train,446,Farley-5-C-5g.wav,5175025d410b8452fcd50c349e9680f1a6a98c12b582d1a8861f14a82e3120e8,hf:beans_dogs/train-00001-of-00002.parquet,10.0,mono_mean_prefix_truncate_zero_pad_before_qwen_resample,full_0-8k
train_446,/root/animal-omni-kv/data/beans/interventions/dogs_all/lp_0-1000/train_446.wav,Farley,train,446,Farley-5-C-5g.wav,5175025d410b8452fcd50c349e9680f1a6a98c12b582d1a8861f14a82e3120e8,hf:beans_dogs/train-00001-of-00002.parquet,10.0,mono_mean_prefix_truncate_zero_pad_before_qwen_resample,lp_0-1000
train_448,/root/animal-omni-kv/data/beans/interventions/dogs_all/full_0-8k/train_448.wav,Farley,train,448,Farley-7-C-5a.wav,e64b87fc71f32a465a0f476fb64f541e9472de99f099a32df6d4e8e6208775ba,hf:beans_dogs/train-00001-of-00002.parquet,10.0,mono_mean_prefix_truncate_zero_pad_before_qwen_resample,full_0-8k
train_448,/root/animal-omni-kv/data/beans/interventions/dogs_all/lp_0-1000/train_448.wav,Farley,train,448,Farley-7-C-5a.wav,e64b87fc71f32a465a0f476fb64f541e9472de99f099a32df6d4e8e6208775ba,hf:beans_dogs/train-00001-of-00002.parquet,10.0,mono_mean_prefix_truncate_zero_pad_before_qwen_resample,lp_0-1000
train_449,/root/animal-omni-kv/data/beans/interventions/dogs_all/full_0-8k/train_449.wav,Farley,train,449,Farley-7-C-5f.wav,27b0d9fadbe688ed464a67986a626d2219ef3cc95f01e8bcf602ed980f49d671,hf:beans_dogs/train-00001-of-00002.parquet,10.0,mono_mean_prefix_truncate_zero_pad_before_qwen_resample,full_0-8k
train_449,/root/animal-omni-kv/data/beans/interventions/dogs_all/lp_0-1000/train_449.wav,Farley,train,449,Farley-7-C-5f.wav,27b0d9fadbe688ed464a67986a626d2219ef3cc95f01e8bcf602ed980f49d671,hf:beans_dogs/train-00001-of-00002.parquet,10.0,mono_mean_prefix_truncate_zero_pad_before_qwen_resample,lp_0-1000
train_450,/root/animal-omni-kv/data/beans/interventions/dogs_all/full_0-8k/train_450.wav,Farley,train,450,Farley-7-C-5c.wav,0cac5567a6b64132c0b1343966f88c504f0f7a2411e066b0a3f508d9d305a3dd,hf:beans_dogs/train-00001-of-00002.parquet,10.0,mono_mean_prefix_truncate_zero_pad_before_qwen_resample,full_0-8k
train_450,/root/animal-omni-kv/data/beans/interventions/dogs_all/lp_0-1000/train_450.wav,Farley,train,450,Farley-7-C-5c.wav,0cac5567a6b64132c0b1343966f88c504f0f7a2411e066b0a3f508d9d305a3dd,hf:beans_dogs/train-00001-of-00002.parquet,10.0,mono_mean_prefix_truncate_zero_pad_before_qwen_resample,lp_0-1000
train_452,/root/animal-omni-kv/data/beans/interventions/dogs_all/full_0-8k/train_452.wav,Farley,train,452,Farley-7-C-5.wav,cabfa59b0f58348d034e7cac05b39f1a07454902fa00475a3b5118d88fc80e71,hf:beans_dogs/train-00001-of-00002.parquet,10.0,mono_mean_prefix_truncate_zero_pad_before_qwen_resample,full_0-8k
train_452,/root/animal-omni-kv/data/beans/interventions/dogs_all/lp_0-1000/train_452.wav,Farley,train,452,Farley-7-C-5.wav,cabfa59b0f58348d034e7cac05b39f1a07454902fa00475a3b5118d88fc80e71,hf:beans_dogs/train-00001-of-00002.parquet,10.0,mono_mean_prefix_truncate_zero_pad_before_qwen_resample,lp_0-1000
train_453,/root/animal-omni-kv/data/beans/interventions/dogs_all/full_0-8k/train_453.wav,Farley,train,453,Farley-7-C-5d.wav,b7f7abfb75233df5019d74c366fa847b3fe3b89f84096e84f38ab2e9acf2ff34,hf:beans_dogs/train-00001-of-00002.parquet,10.0,mono_mean_prefix_truncate_zero_pad_before_qwen_resample,full_0-8k
train_453,/root/animal-omni-kv/data/beans/interventions/dogs_all/lp_0-1000/train_453.wav,Farley,train,453,Farley-7-C-5d.wav,b7f7abfb75233df5019d74c366fa847b3fe3b89f84096e84f38ab2e9acf2ff34,hf:beans_dogs/train-00001-of-00002.parquet,10.0,mono_mean_prefix_truncate_zero_pad_before_qwen_resample,lp_0-1000
train_454,/root/animal-omni-kv/data/beans/interventions/dogs_all/full_0-8k/train_454.wav,Farley,train,454,Farley-7-C-5e.wav,40d83949ab9c34e3bab123465033c1b0b9146837975036d6a2b29f3f219a435e,hf:beans_dogs/train-00001-of-00002.parquet,10.0,mono_mean_prefix_truncate_zero_pad_before_qwen_resample,full_0-8k
train_454,/root/animal-omni-kv/data/beans/interventions/dogs_all/lp_0-1000/train_454.wav,Farley,train,454,Farley-7-C-5e.wav,40d83949ab9c34e3bab123465033c1b0b9146837975036d6a2b29f3f219a435e,hf:beans_dogs/train-00001-of-00002.parquet,10.0,mono_mean_prefix_truncate_zero_pad_before_qwen_resample,lp_0-1000
train_456,/root/animal-omni-kv/data/beans/interventions/dogs_all/full_0-8k/train_456.wav,Farley,train,456,Farley-1-C-1g.wav,e555803ffea10a8eddca5ddc1e70389e5bca3adc4cb5ef2fb8896bb4cae19bf9,hf:beans_dogs/train-00001-of-00002.parquet,10.0,mono_mean_prefix_truncate_zero_pad_before_qwen_resample,full_0-8k
train_456,/root/animal-omni-kv/data/beans/interventions/dogs_all/lp_0-1000/train_456.wav,Farley,train,456,Farley-1-C-1g.wav,e555803ffea10a8eddca5ddc1e70389e5bca3adc4cb5ef2fb8896bb4cae19bf9,hf:beans_dogs/train-00001-of-00002.parquet,10.0,mono_mean_prefix_truncate_zero_pad_before_qwen_resample,lp_0-1000
train_461,/root/animal-omni-kv/data/beans/interventions/dogs_all/full_0-8k/train_461.wav,Farley,train,461,Farley-1-C-1b.wav,8c06cca571de111f9d3123ecf4f339b9f8846012d3d4681a49638a615fbeb967,hf:beans_dogs/train-00001-of-00002.parquet,10.0,mono_mean_prefix_truncate_zero_pad_before_qwen_resample,full_0-8k
train_461,/root/animal-omni-kv/data/beans/interventions/dogs_all/lp_0-1000/train_461.wav,Farley,train,461,Farley-1-C-1b.wav,8c06cca571de111f9d3123ecf4f339b9f8846012d3d4681a49638a615fbeb967,hf:beans_dogs/train-00001-of-00002.parquet,10.0,mono_mean_prefix_truncate_zero_pad_before_qwen_resample,lp_0-1000
train_462,/root/animal-omni-kv/data/beans/interventions/dogs_all/full_0-8k/train_462.wav,Farley,train,462,Farley-1-P-1a.wav,ed9fb5dc51f7931aa8911e6c204f9feb541080ab77098ba61e0310451b2113ad,hf:beans_dogs/train-00001-of-00002.parquet,10.0,mono_mean_prefix_truncate_zero_pad_before_qwen_resample,full_0-8k
train_462,/root/animal-omni-kv/data/beans/interventions/dogs_all/lp_0-1000/train_462.wav,Farley,train,462,Farley-1-P-1a.wav,ed9fb5dc51f7931aa8911e6c204f9feb541080ab77098ba61e0310451b2113ad,hf:beans_dogs/train-00001-of-00002.parquet,10.0,mono_mean_prefix_truncate_zero_pad_before_qwen_resample,lp_0-1000
train_463,/root/animal-omni-kv/data/beans/interventions/dogs_all/full_0-8k/train_463.wav,Farley,train,463,Farley-1-C-1e.wav,408e1451b80ee8857ede3bc8bcb0e621999b886676b65702bedc5668ea7d2c67,hf:beans_dogs/train-00001-of-00002.parquet,10.0,mono_mean_prefix_truncate_zero_pad_before_qwen_resample,full_0-8k
train_463,/root/animal-omni-kv/data/beans/interventions/dogs_all/lp_0-1000/train_463.wav,Farley,train,463,Farley-1-C-1e.wav,408e1451b80ee8857ede3bc8bcb0e621999b886676b65702bedc5668ea7d2c67,hf:beans_dogs/train-00001-of-00002.parquet,10.0,mono_mean_prefix_truncate_zero_pad_before_qwen_resample,lp_0-1000
train_464,/root/animal-omni-kv/data/beans/interventions/dogs_all/full_0-8k/train_464.wav,Farley,train,464,Farley-1-P-1b.wav,682ade2a19a56ae61e580f3d780f65742e83abeca076bb9cef451af84873d3b3,hf:beans_dogs/train-00001-of-00002.parquet,10.0,mono_mean_prefix_truncate_zero_pad_before_qwen_resample,full_0-8k
train_464,/root/animal-omni-kv/data/beans/interventions/dogs_all/lp_0-1000/train_464.wav,Farley,train,464,Farley-1-P-1b.wav,682ade2a19a56ae61e580f3d780f65742e83abeca076bb9cef451af84873d3b3,hf:beans_dogs/train-00001-of-00002.parquet,10.0,mono_mean_prefix_truncate_zero_pad_before_qwen_resample,lp_0-1000
train_467,/root/animal-omni-kv/data/beans/interventions/dogs_all/full_0-8k/train_467.wav,Farley,train,467,Farley-4-C-4e.wav,0fc75f971169d204efd0b004710c2a7c312999543716624f16beba5a1b1d0c00,hf:beans_dogs/train-00001-of-00002.parquet,10.0,mono_mean_prefix_truncate_zero_pad_before_qwen_resample,full_0-8k
train_467,/root/animal-omni-kv/data/beans/interventions/dogs_all/lp_0-1000/train_467.wav,Farley,train,467,Farley-4-C-4e.wav,0fc75f971169d204efd0b004710c2a7c312999543716624f16beba5a1b1d0c00,hf:beans_dogs/train-00001-of-00002.parquet,10.0,mono_mean_prefix_truncate_zero_pad_before_qwen_resample,lp_0-1000
train_469,/root/animal-omni-kv/data/beans/interventions/dogs_all/full_0-8k/train_469.wav,Farley,train,469,Farley-4-P-4.wav,2dfe4d81ac9a11d03bde13204d74da2991bcf5aac10bbdab605a6f28302b3dc7,hf:beans_dogs/train-00001-of-00002.parquet,10.0,mono_mean_prefix_truncate_zero_pad_before_qwen_resample,full_0-8k
train_469,/root/animal-omni-kv/data/beans/interventions/dogs_all/lp_0-1000/train_469.wav,Farley,train,469,Farley-4-P-4.wav,2dfe4d81ac9a11d03bde13204d74da2991bcf5aac10bbdab605a6f28302b3dc7,hf:beans_dogs/train-00001-of-00002.parquet,10.0,mono_mean_prefix_truncate_zero_pad_before_qwen_resample,lp_0-1000
train_470,/root/animal-omni-kv/data/beans/interventions/dogs_all/full_0-8k/train_470.wav,Farley,train,470,Farley-4-A-4.wav,c6cf5bcbbaeb2669ba3825bcbbd1b2620e41ce2f8f78ad7e78590fad3c396f03,hf:beans_dogs/train-00001-of-00002.parquet,10.0,mono_mean_prefix_truncate_zero_pad_before_qwen_resample,full_0-8k
train_470,/root/animal-omni-kv/data/beans/interventions/dogs_all/lp_0-1000/train_470.wav,Farley,train,470,Farley-4-A-4.wav,c6cf5bcbbaeb2669ba3825bcbbd1b2620e41ce2f8f78ad7e78590fad3c396f03,hf:beans_dogs/train-00001-of-00002.parquet,10.0,mono_mean_prefix_truncate_zero_pad_before_qwen_resample,lp_0-1000
train_471,/root/animal-omni-kv/data/beans/interventions/dogs_all/full_0-8k/train_471.wav,Farley,train,471,Farley-4-P-4d.wav,3fbedaec757913a63abf3f389b57fe6a14f22813fbd4d7aa5ca0265e25f2e548,hf:beans_dogs/train-00001-of-00002.parquet,10.0,mono_mean_prefix_truncate_zero_pad_before_qwen_resample,full_0-8k
train_471,/root/animal-omni-kv/data/beans/interventions/dogs_all/lp_0-1000/train_471.wav,Farley,train,471,Farley-4-P-4d.wav,3fbedaec757913a63abf3f389b57fe6a14f22813fbd4d7aa5ca0265e25f2e548,hf:beans_dogs/train-00001-of-00002.parquet,10.0,mono_mean_prefix_truncate_zero_pad_before_qwen_resample,lp_0-1000
train_473,/root/animal-omni-kv/data/beans/interventions/dogs_all/full_0-8k/train_473.wav,Farley,train,473,Farley-2-P-2a.wav,2967fac5af4f0eaca69ff2d8e1707711a5c6db91f3c3e0ad569919294fc45622,hf:beans_dogs/train-00001-of-00002.parquet,10.0,mono_mean_prefix_truncate_zero_pad_before_qwen_resample,full_0-8k
train_473,/root/animal-omni-kv/data/beans/interventions/dogs_all/lp_0-1000/train_473.wav,Farley,train,473,Farley-2-P-2a.wav,2967fac5af4f0eaca69ff2d8e1707711a5c6db91f3c3e0ad569919294fc45622,hf:beans_dogs/train-00001-of-00002.parquet,10.0,mono_mean_prefix_truncate_zero_pad_before_qwen_resample,lp_0-1000
train_474,/root/animal-omni-kv/data/beans/interventions/dogs_all/full_0-8k/train_474.wav,Farley,train,474,Farley-2-P-2b.wav,f0817ef53a3d14cfa30cf5f511e7c7ddf6d7b2aa1a2da57b16497edab46dd18a,hf:beans_dogs/train-00001-of-00002.parquet,10.0,mono_mean_prefix_truncate_zero_pad_before_qwen_resample,full_0-8k
train_474,/root/animal-omni-kv/data/beans/interventions/dogs_all/lp_0-1000/train_474.wav,Farley,train,474,Farley-2-P-2b.wav,f0817ef53a3d14cfa30cf5f511e7c7ddf6d7b2aa1a2da57b16497edab46dd18a,hf:beans_dogs/train-00001-of-00002.parquet,10.0,mono_mean_prefix_truncate_zero_pad_before_qwen_resample,lp_0-1000
train_478,/root/animal-omni-kv/data/beans/interventions/dogs_all/full_0-8k/train_478.wav,Farley,train,478,Farley-3-C-3c.wav,42efb180587bee57828d64aa1e9bcc70d0dc5857673f95dd50f6d352eeae53e3,hf:beans_dogs/train-00001-of-00002.parquet,10.0,mono_mean_prefix_truncate_zero_pad_before_qwen_resample,full_0-8k
train_478,/root/animal-omni-kv/data/beans/interventions/dogs_all/lp_0-1000/train_478.wav,Farley,train,478,Farley-3-C-3c.wav,42efb180587bee57828d64aa1e9bcc70d0dc5857673f95dd50f6d352eeae53e3,hf:beans_dogs/train-00001-of-00002.parquet,10.0,mono_mean_prefix_truncate_zero_pad_before_qwen_resample,lp_0-1000
train_480,/root/animal-omni-kv/data/beans/interventions/dogs_all/full_0-8k/train_480.wav,Farley,train,480,Farley-3-C-3a.wav,6ec886f249ae081ebdb1c991e816ef0f95444ae9ce2f75856ab89a38ec553dad,hf:beans_dogs/train-00001-of-00002.parquet,10.0,mono_mean_prefix_truncate_zero_pad_before_qwen_resample,full_0-8k
train_480,/root/animal-omni-kv/data/beans/interventions/dogs_all/lp_0-1000/train_480.wav,Farley,train,480,Farley-3-C-3a.wav,6ec886f249ae081ebdb1c991e816ef0f95444ae9ce2f75856ab89a38ec553dad,hf:beans_dogs/train-00001-of-00002.parquet,10.0,mono_mean_prefix_truncate_zero_pad_before_qwen_resample,lp_0-1000
train_481,/root/animal-omni-kv/data/beans/interventions/dogs_all/full_0-8k/train_481.wav,Farley,train,481,Farley-3-A-3.wav,d3f5d317f6a67718a58c9fe00c563d70579c1dcd33862d869e4ff519e37767f1,hf:beans_dogs/train-00001-of-00002.parquet,10.0,mono_mean_prefix_truncate_zero_pad_before_qwen_resample,full_0-8k
train_481,/root/animal-omni-kv/data/beans/interventions/dogs_all/lp_0-1000/train_481.wav,Farley,train,481,Farley-3-A-3.wav,d3f5d317f6a67718a58c9fe00c563d70579c1dcd33862d869e4ff519e37767f1,hf:beans_dogs/train-00001-of-00002.parquet,10.0,mono_mean_prefix_truncate_zero_pad_before_qwen_resample,lp_0-1000
train_483,/root/animal-omni-kv/data/beans/interventions/dogs_all/full_0-8k/train_483.wav,Farley,train,483,Farley-8-A-7.wav,a22af29d9a3deae936e62190e9b8715b6d4925f7a52f164e6eedac25c64aa3a1,hf:beans_dogs/train-00001-of-00002.parquet,10.0,mono_mean_prefix_truncate_zero_pad_before_qwen_resample,full_0-8k
train_483,/root/animal-omni-kv/data/beans/interventions/dogs_all/lp_0-1000/train_483.wav,Farley,train,483,Farley-8-A-7.wav,a22af29d9a3deae936e62190e9b8715b6d4925f7a52f164e6eedac25c64aa3a1,hf:beans_dogs/train-00001-of-00002.parquet,10.0,mono_mean_prefix_truncate_zero_pad_before_qwen_resample,lp_0-1000
train_484,/root/animal-omni-kv/data/beans/interventions/dogs_all/full_0-8k/train_484.wav,Farley,train,484,Farley-8-C-6b.wav,b033e492096315b78a07884ade3fdb999ae95cb043cf63e142e64ff93b17eef1,hf:beans_dogs/train-00001-of-00002.parquet,10.0,mono_mean_prefix_truncate_zero_pad_before_qwen_resample,full_0-8k
train_484,/root/animal-omni-kv/data/beans/interventions/dogs_all/lp_0-1000/train_484.wav,Farley,train,484,Farley-8-C-6b.wav,b033e492096315b78a07884ade3fdb999ae95cb043cf63e142e64ff93b17eef1,hf:beans_dogs/train-00001-of-00002.parquet,10.0,mono_mean_prefix_truncate_zero_pad_before_qwen_resample,lp_0-1000
train_486,/root/animal-omni-kv/data/beans/interventions/dogs_all/full_0-8k/train_486.wav,Farley,train,486,Farley-8-C-6a.wav,0b21a6dbd1f368ecfccb1e92dc173aafe3184a90fc12d763468ff16ce6e84d5e,hf:beans_dogs/train-00001-of-00002.parquet,10.0,mono_mean_prefix_truncate_zero_pad_before_qwen_resample,full_0-8k
train_486,/root/animal-omni-kv/data/beans/interventions/dogs_all/lp_0-1000/train_486.wav,Farley,train,486,Farley-8-C-6a.wav,0b21a6dbd1f368ecfccb1e92dc173aafe3184a90fc12d763468ff16ce6e84d5e,hf:beans_dogs/train-00001-of-00002.parquet,10.0,mono_mean_prefix_truncate_zero_pad_before_qwen_resample,lp_0-1000
train_487,/root/animal-omni-kv/data/beans/interventions/dogs_all/full_0-8k/train_487.wav,Farley,train,487,Farley-6-P-6.wav,f432bcb7e2691ea6c5784de41276458ffe82ece8d49da1ca6662ef2efb00782e,hf:beans_dogs/train-00001-of-00002.parquet,10.0,mono_mean_prefix_truncate_zero_pad_before_qwen_resample,full_0-8k
train_487,/root/animal-omni-kv/data/beans/interventions/dogs_all/lp_0-1000/train_487.wav,Farley,train,487,Farley-6-P-6.wav,f432bcb7e2691ea6c5784de41276458ffe82ece8d49da1ca6662ef2efb00782e,hf:beans_dogs/train-00001-of-00002.parquet,10.0,mono_mean_prefix_truncate_zero_pad_before_qwen_resample,lp_0-1000
train_491,/root/animal-omni-kv/data/beans/interventions/dogs_all/full_0-8k/train_491.wav,Keri,train,491,Kerik-8-C-6d.wav,b6915b85410a330f4ba80b36e7fa14181d85f352f3e6ba1844c88e7a093fc1a8,hf:beans_dogs/train-00001-of-00002.parquet,10.0,mono_mean_prefix_truncate_zero_pad_before_qwen_resample,full_0-8k
train_491,/root/animal-omni-kv/data/beans/interventions/dogs_all/lp_0-1000/train_491.wav,Keri,train,491,Kerik-8-C-6d.wav,b6915b85410a330f4ba80b36e7fa14181d85f352f3e6ba1844c88e7a093fc1a8,hf:beans_dogs/train-00001-of-00002.parquet,10.0,mono_mean_prefix_truncate_zero_pad_before_qwen_resample,lp_0-1000
train_492,/root/animal-omni-kv/data/beans/interventions/dogs_all/full_0-8k/train_492.wav,Keri,train,492,Keri-8-P-8a.wav,dae94673d2af9b06c0747eae005cd205cd470dc534717a5a18a41081959884ef,hf:beans_dogs/train-00001-of-00002.parquet,10.0,mono_mean_prefix_truncate_zero_pad_before_qwen_resample,full_0-8k
train_492,/root/animal-omni-kv/data/beans/interventions/dogs_all/lp_0-1000/train_492.wav,Keri,train,492,Keri-8-P-8a.wav,dae94673d2af9b06c0747eae005cd205cd470dc534717a5a18a41081959884ef,hf:beans_dogs/train-00001-of-00002.parquet,10.0,mono_mean_prefix_truncate_zero_pad_before_qwen_resample,lp_0-1000
train_494,/root/animal-omni-kv/data/beans/interventions/dogs_all/full_0-8k/train_494.wav,Keri,train,494,Keri-8-P-8c.wav,6ec9be048faa53cc6c53d298f6475a017596bf3ea0ed5b637593ab9ba9bcc9ad,hf:beans_dogs/train-00001-of-00002.parquet,10.0,mono_mean_prefix_truncate_zero_pad_before_qwen_resample,full_0-8k
train_494,/root/animal-omni-kv/data/beans/interventions/dogs_all/lp_0-1000/train_494.wav,Keri,train,494,Keri-8-P-8c.wav,6ec9be048faa53cc6c53d298f6475a017596bf3ea0ed5b637593ab9ba9bcc9ad,hf:beans_dogs/train-00001-of-00002.parquet,10.0,mono_mean_prefix_truncate_zero_pad_before_qwen_resample,lp_0-1000
train_498,/root/animal-omni-kv/data/beans/interventions/dogs_all/full_0-8k/train_498.wav,Keri,train,498,Keri-5-P-5c.wav,02ddd6ce4cf2145d03a7ce5318c3719c88647356eff0ae962c07adb886421759,hf:beans_dogs/train-00001-of-00002.parquet,10.0,mono_mean_prefix_truncate_zero_pad_before_qwen_resample,full_0-8k
train_498,/root/animal-omni-kv/data/beans/interventions/dogs_all/lp_0-1000/train_498.wav,Keri,train,498,Keri-5-P-5c.wav,02ddd6ce4cf2145d03a7ce5318c3719c88647356eff0ae962c07adb886421759,hf:beans_dogs/train-00001-of-00002.parquet,10.0,mono_mean_prefix_truncate_zero_pad_before_qwen_resample,lp_0-1000
train_499,/root/animal-omni-kv/data/beans/interventions/dogs_all/full_0-8k/train_499.wav,Keri,train,499,Keri3-A-3a.wav,12ab82d83833db061627305885ccfef2a950979bd47b72122518dc8d2586fb09,hf:beans_dogs/train-00001-of-00002.parquet,10.0,mono_mean_prefix_truncate_zero_pad_before_qwen_resample,full_0-8k
train_499,/root/animal-omni-kv/data/beans/interventions/dogs_all/lp_0-1000/train_499.wav,Keri,train,499,Keri3-A-3a.wav,12ab82d83833db061627305885ccfef2a950979bd47b72122518dc8d2586fb09,hf:beans_dogs/train-00001-of-00002.parquet,10.0,mono_mean_prefix_truncate_zero_pad_before_qwen_resample,lp_0-1000
train_501,/root/animal-omni-kv/data/beans/interventions/dogs_all/full_0-8k/train_501.wav,Keri,train,501,Keri3-A-3b.wav,5a5d886ad0c015ea9f6da5060e2ba46942aa85143246f595d321afa1347b436d,hf:beans_dogs/train-00001-of-00002.parquet,10.0,mono_mean_prefix_truncate_zero_pad_before_qwen_resample,full_0-8k
train_501,/root/animal-omni-kv/data/beans/interventions/dogs_all/lp_0-1000/train_501.wav,Keri,train,501,Keri3-A-3b.wav,5a5d886ad0c015ea9f6da5060e2ba46942aa85143246f595d321afa1347b436d,hf:beans_dogs/train-00001-of-00002.parquet,10.0,mono_mean_prefix_truncate_zero_pad_before_qwen_resample,lp_0-1000
train_502,/root/animal-omni-kv/data/beans/interventions/dogs_all/full_0-8k/train_502.wav,Keri,train,502,Keri-4-P-4c.wav,def4bb5d8867fbb649df578a3c87bd7448e5fd368cd3b446173a1acf31a97bca,hf:beans_dogs/train-00001-of-00002.parquet,10.0,mono_mean_prefix_truncate_zero_pad_before_qwen_resample,full_0-8k
train_502,/root/animal-omni-kv/data/beans/interventions/dogs_all/lp_0-1000/train_502.wav,Keri,train,502,Keri-4-P-4c.wav,def4bb5d8867fbb649df578a3c87bd7448e5fd368cd3b446173a1acf31a97bca,hf:beans_dogs/train-00001-of-00002.parquet,10.0,mono_mean_prefix_truncate_zero_pad_before_qwen_resample,lp_0-1000
train_503,/root/animal-omni-kv/data/beans/interventions/dogs_all/full_0-8k/train_503.wav,Keri,train,503,Keri-7-C-5e.wav,13a1e7c9f3a5a595fe73fb7c8a19a0b117b7cc566ee8f1ff2c528e257f1afd48,hf:beans_dogs/train-00001-of-00002.parquet,10.0,mono_mean_prefix_truncate_zero_pad_before_qwen_resample,full_0-8k
train_503,/root/animal-omni-kv/data/beans/interventions/dogs_all/lp_0-1000/train_503.wav,Keri,train,503,Keri-7-C-5e.wav,13a1e7c9f3a5a595fe73fb7c8a19a0b117b7cc566ee8f1ff2c528e257f1afd48,hf:beans_dogs/train-00001-of-00002.parquet,10.0,mono_mean_prefix_truncate_zero_pad_before_qwen_resample,lp_0-1000
train_506,/root/animal-omni-kv/data/beans/interventions/dogs_all/full_0-8k/train_506.wav,Keri,train,506,Keri-7-C-5g.wav,39c291cac0dc76ef7a3c659b0fe2f97d25658fee213d6cf0fa26689be97d404a,hf:beans_dogs/train-00001-of-00002.parquet,10.0,mono_mean_prefix_truncate_zero_pad_before_qwen_resample,full_0-8k
train_506,/root/animal-omni-kv/data/beans/interventions/dogs_all/lp_0-1000/train_506.wav,Keri,train,506,Keri-7-C-5g.wav,39c291cac0dc76ef7a3c659b0fe2f97d25658fee213d6cf0fa26689be97d404a,hf:beans_dogs/train-00001-of-00002.parquet,10.0,mono_mean_prefix_truncate_zero_pad_before_qwen_resample,lp_0-1000
train_507,/root/animal-omni-kv/data/beans/interventions/dogs_all/full_0-8k/train_507.wav,Keri,train,507,Keri-7-A-7b.wav,2462f13223a5f5d104073ae107b4873ac45e193b7d9fcf0eae627ebb0f0f79e8,hf:beans_dogs/train-00001-of-00002.parquet,10.0,mono_mean_prefix_truncate_zero_pad_before_qwen_resample,full_0-8k
train_507,/root/animal-omni-kv/data/beans/interventions/dogs_all/lp_0-1000/train_507.wav,Keri,train,507,Keri-7-A-7b.wav,2462f13223a5f5d104073ae107b4873ac45e193b7d9fcf0eae627ebb0f0f79e8,hf:beans_dogs/train-00001-of-00002.parquet,10.0,mono_mean_prefix_truncate_zero_pad_before_qwen_resample,lp_0-1000
train_508,/root/animal-omni-kv/data/beans/interventions/dogs_all/full_0-8k/train_508.wav,Keri,train,508,Keri-7-C-5b.wav,5958d0748d79ad09c7381f793184e7c5079b99729ebb9a2fe9bc07f8b13edcce,hf:beans_dogs/train-00001-of-00002.parquet,10.0,mono_mean_prefix_truncate_zero_pad_before_qwen_resample,full_0-8k
train_508,/root/animal-omni-kv/data/beans/interventions/dogs_all/lp_0-1000/train_508.wav,Keri,train,508,Keri-7-C-5b.wav,5958d0748d79ad09c7381f793184e7c5079b99729ebb9a2fe9bc07f8b13edcce,hf:beans_dogs/train-00001-of-00002.parquet,10.0,mono_mean_prefix_truncate_zero_pad_before_qwen_resample,lp_0-1000
train_509,/root/animal-omni-kv/data/beans/interventions/dogs_all/full_0-8k/train_509.wav,Keri,train,509,Keri-7-C-5d.wav,e977acd2a4aa97c5bf9f16b4c0cfaeebc3ab7ede4a493a9d0ce9cda632aa55c8,hf:beans_dogs/train-00001-of-00002.parquet,10.0,mono_mean_prefix_truncate_zero_pad_before_qwen_resample,full_0-8k
train_509,/root/animal-omni-kv/data/beans/interventions/dogs_all/lp_0-1000/train_509.wav,Keri,train,509,Keri-7-C-5d.wav,e977acd2a4aa97c5bf9f16b4c0cfaeebc3ab7ede4a493a9d0ce9cda632aa55c8,hf:beans_dogs/train-00001-of-00002.parquet,10.0,mono_mean_prefix_truncate_zero_pad_before_qwen_resample,lp_0-1000
train_510,/root/animal-omni-kv/data/beans/interventions/dogs_all/full_0-8k/train_510.wav,Keri,train,510,Keri-7-P-7a.wav,d75a8a3f471e126b06477c9ff6914873a688ef52c1d00b868114d811570e4993,hf:beans_dogs/train-00001-of-00002.parquet,10.0,mono_mean_prefix_truncate_zero_pad_before_qwen_resample,full_0-8k
train_510,/root/animal-omni-kv/data/beans/interventions/dogs_all/lp_0-1000/train_510.wav,Keri,train,510,Keri-7-P-7a.wav,d75a8a3f471e126b06477c9ff6914873a688ef52c1d00b868114d811570e4993,hf:beans_dogs/train-00001-of-00002.parquet,10.0,mono_mean_prefix_truncate_zero_pad_before_qwen_resample,lp_0-1000
train_513,/root/animal-omni-kv/data/beans/interventions/dogs_all/full_0-8k/train_513.wav,Keri,train,513,Keri-7-C-5c.wav,d23a2750e52cadc888c3ff5caa823e6900dae5455bfe693553e3b95c1808300c,hf:beans_dogs/train-00001-of-00002.parquet,10.0,mono_mean_prefix_truncate_zero_pad_before_qwen_resample,full_0-8k
train_513,/root/animal-omni-kv/data/beans/interventions/dogs_all/lp_0-1000/train_513.wav,Keri,train,513,Keri-7-C-5c.wav,d23a2750e52cadc888c3ff5caa823e6900dae5455bfe693553e3b95c1808300c,hf:beans_dogs/train-00001-of-00002.parquet,10.0,mono_mean_prefix_truncate_zero_pad_before_qwen_resample,lp_0-1000
train_514,/root/animal-omni-kv/data/beans/interventions/dogs_all/full_0-8k/train_514.wav,Keri,train,514,Keri-7-C-5h.wav,3071471ab1b102dd22d5788a98cbb4fd86b7f8dad79315c0e07423794fa97a71,hf:beans_dogs/train-00001-of-00002.parquet,10.0,mono_mean_prefix_truncate_zero_pad_before_qwen_resample,full_0-8k
train_514,/root/animal-omni-kv/data/beans/interventions/dogs_all/lp_0-1000/train_514.wav,Keri,train,514,Keri-7-C-5h.wav,3071471ab1b102dd22d5788a98cbb4fd86b7f8dad79315c0e07423794fa97a71,hf:beans_dogs/train-00001-of-00002.parquet,10.0,mono_mean_prefix_truncate_zero_pad_before_qwen_resample,lp_0-1000
train_515,/root/animal-omni-kv/data/beans/interventions/dogs_all/full_0-8k/train_515.wav,Keri,train,515,Keri-7-A-7.wav,4ddab7e70dacc217dddacd6b43f190b9ca0aba73aa469ea871e1ab2d24103baf,hf:beans_dogs/train-00001-of-00002.parquet,10.0,mono_mean_prefix_truncate_zero_pad_before_qwen_resample,full_0-8k
train_515,/root/animal-omni-kv/data/beans/interventions/dogs_all/lp_0-1000/train_515.wav,Keri,train,515,Keri-7-A-7.wav,4ddab7e70dacc217dddacd6b43f190b9ca0aba73aa469ea871e1ab2d24103baf,hf:beans_dogs/train-00001-of-00002.parquet,10.0,mono_mean_prefix_truncate_zero_pad_before_qwen_resample,lp_0-1000
train_517,/root/animal-omni-kv/data/beans/interventions/dogs_all/full_0-8k/train_517.wav,Keri,train,517,Keri-A-2b.wav,5cb274805b5ccf5ce566387b4a741cb0e04210697dca3e47fd7be1723a492bbd,hf:beans_dogs/train-00001-of-00002.parquet,10.0,mono_mean_prefix_truncate_zero_pad_before_qwen_resample,full_0-8k
train_517,/root/animal-omni-kv/data/beans/interventions/dogs_all/lp_0-1000/train_517.wav,Keri,train,517,Keri-A-2b.wav,5cb274805b5ccf5ce566387b4a741cb0e04210697dca3e47fd7be1723a492bbd,hf:beans_dogs/train-00001-of-00002.parquet,10.0,mono_mean_prefix_truncate_zero_pad_before_qwen_resample,lp_0-1000
train_518,/root/animal-omni-kv/data/beans/interventions/dogs_all/full_0-8k/train_518.wav,Keri,train,518,Keri-A-3c.wav,5a847c0bd7aa035794575823714345681523a061d084076744cabef87c35eec3,hf:beans_dogs/train-00001-of-00002.parquet,10.0,mono_mean_prefix_truncate_zero_pad_before_qwen_resample,full_0-8k
train_518,/root/animal-omni-kv/data/beans/interventions/dogs_all/lp_0-1000/train_518.wav,Keri,train,518,Keri-A-3c.wav,5a847c0bd7aa035794575823714345681523a061d084076744cabef87c35eec3,hf:beans_dogs/train-00001-of-00002.parquet,10.0,mono_mean_prefix_truncate_zero_pad_before_qwen_resample,lp_0-1000
train_519,/root/animal-omni-kv/data/beans/interventions/dogs_all/full_0-8k/train_519.wav,Keri,train,519,Keri-A-2a.wav,79d82309dc26004d7f7eb718e4c20fcbcbc5829f6672216f5295dc96ad5d1053,hf:beans_dogs/train-00001-of-00002.parquet,10.0,mono_mean_prefix_truncate_zero_pad_before_qwen_resample,full_0-8k
train_519,/root/animal-omni-kv/data/beans/interventions/dogs_all/lp_0-1000/train_519.wav,Keri,train,519,Keri-A-2a.wav,79d82309dc26004d7f7eb718e4c20fcbcbc5829f6672216f5295dc96ad5d1053,hf:beans_dogs/train-00001-of-00002.parquet,10.0,mono_mean_prefix_truncate_zero_pad_before_qwen_resample,lp_0-1000
train_520,/root/animal-omni-kv/data/beans/interventions/dogs_all/full_0-8k/train_520.wav,Keri,train,520,Keri-C-2.wav,b06c1c4c114bb2001cbfa958f4ade0bc13f38da12381e060efc4e1436993fe00,hf:beans_dogs/train-00001-of-00002.parquet,10.0,mono_mean_prefix_truncate_zero_pad_before_qwen_resample,full_0-8k
train_520,/root/animal-omni-kv/data/beans/interventions/dogs_all/lp_0-1000/train_520.wav,Keri,train,520,Keri-C-2.wav,b06c1c4c114bb2001cbfa958f4ade0bc13f38da12381e060efc4e1436993fe00,hf:beans_dogs/train-00001-of-00002.parquet,10.0,mono_mean_prefix_truncate_zero_pad_before_qwen_resample,lp_0-1000
train_522,/root/animal-omni-kv/data/beans/interventions/dogs_all/full_0-8k/train_522.wav,Keri,train,522,Keri-6-P-6a.wav,fe99e27803610c2631ee9e98318a1f3bbc7dfae86f8d0c58d3b33c6b0b38a743,hf:beans_dogs/train-00001-of-00002.parquet,10.0,mono_mean_prefix_truncate_zero_pad_before_qwen_resample,full_0-8k
train_522,/root/animal-omni-kv/data/beans/interventions/dogs_all/lp_0-1000/train_522.wav,Keri,train,522,Keri-6-P-6a.wav,fe99e27803610c2631ee9e98318a1f3bbc7dfae86f8d0c58d3b33c6b0b38a743,hf:beans_dogs/train-00001-of-00002.parquet,10.0,mono_mean_prefix_truncate_zero_pad_before_qwen_resample,lp_0-1000
train_525,/root/animal-omni-kv/data/beans/interventions/dogs_all/full_0-8k/train_525.wav,Keri,train,525,Keri-6-P-6c.wav,a70c7adfd05df829e4939217ea727af5cc77dce2ceef641191870c194360b904,hf:beans_dogs/train-00001-of-00002.parquet,10.0,mono_mean_prefix_truncate_zero_pad_before_qwen_resample,full_0-8k
train_525,/root/animal-omni-kv/data/beans/interventions/dogs_all/lp_0-1000/train_525.wav,Keri,train,525,Keri-6-P-6c.wav,a70c7adfd05df829e4939217ea727af5cc77dce2ceef641191870c194360b904,hf:beans_dogs/train-00001-of-00002.parquet,10.0,mono_mean_prefix_truncate_zero_pad_before_qwen_resample,lp_0-1000
train_526,/root/animal-omni-kv/data/beans/interventions/dogs_all/full_0-8k/train_526.wav,Keri,train,526,Keri-6-P-6e.wav,1dbcecc8d8533033b5f3128ef9453b6cff6fa8596a6ae0c5b8e4a4704c789402,hf:beans_dogs/train-00001-of-00002.parquet,10.0,mono_mean_prefix_truncate_zero_pad_before_qwen_resample,full_0-8k
train_526,/root/animal-omni-kv/data/beans/interventions/dogs_all/lp_0-1000/train_526.wav,Keri,train,526,Keri-6-P-6e.wav,1dbcecc8d8533033b5f3128ef9453b6cff6fa8596a6ae0c5b8e4a4704c789402,hf:beans_dogs/train-00001-of-00002.parquet,10.0,mono_mean_prefix_truncate_zero_pad_before_qwen_resample,lp_0-1000
train_527,/root/animal-omni-kv/data/beans/interventions/dogs_all/full_0-8k/train_527.wav,Keri,train,527,Keri-6-P-6d.wav,ff924d689a1eae77528a76fac906b0212b6f2ef6d78f5917e25166279337c5a8,hf:beans_dogs/train-00001-of-00002.parquet,10.0,mono_mean_prefix_truncate_zero_pad_before_qwen_resample,full_0-8k
train_527,/root/animal-omni-kv/data/beans/interventions/dogs_all/lp_0-1000/train_527.wav,Keri,train,527,Keri-6-P-6d.wav,ff924d689a1eae77528a76fac906b0212b6f2ef6d78f5917e25166279337c5a8,hf:beans_dogs/train-00001-of-00002.parquet,10.0,mono_mean_prefix_truncate_zero_pad_before_qwen_resample,lp_0-1000
train_530,/root/animal-omni-kv/data/beans/interventions/dogs_all/full_0-8k/train_530.wav,Keri,train,530,Keri-A-1b.wav,7abca731419d4d0df4c103ca53fde97ba9029c75cfdf03e5b1d67e0ce89ede88,hf:beans_dogs/train-00001-of-00002.parquet,10.0,mono_mean_prefix_truncate_zero_pad_before_qwen_resample,full_0-8k
train_530,/root/animal-omni-kv/data/beans/interventions/dogs_all/lp_0-1000/train_530.wav,Keri,train,530,Keri-A-1b.wav,7abca731419d4d0df4c103ca53fde97ba9029c75cfdf03e5b1d67e0ce89ede88,hf:beans_dogs/train-00001-of-00002.parquet,10.0,mono_mean_prefix_truncate_zero_pad_before_qwen_resample,lp_0-1000
train_531,/root/animal-omni-kv/data/beans/interventions/dogs_all/full_0-8k/train_531.wav,Freid,train,531,Freid-A-7.wav,8dce48bc0e61fe91d6c1d2138042141a95878a809645ef991f34d22f6f03e8be,hf:beans_dogs/train-00001-of-00002.parquet,10.0,mono_mean_prefix_truncate_zero_pad_before_qwen_resample,full_0-8k
train_531,/root/animal-omni-kv/data/beans/interventions/dogs_all/lp_0-1000/train_531.wav,Freid,train,531,Freid-A-7.wav,8dce48bc0e61fe91d6c1d2138042141a95878a809645ef991f34d22f6f03e8be,hf:beans_dogs/train-00001-of-00002.parquet,10.0,mono_mean_prefix_truncate_zero_pad_before_qwen_resample,lp_0-1000
train_533,/root/animal-omni-kv/data/beans/interventions/dogs_all/full_0-8k/train_533.wav,Freid,train,533,Freid-P-7c.wav,352b4f9b4eb72953daec03a2cf99876de56b20152f1a6e5fa01457c1663c4fb0,hf:beans_dogs/train-00001-of-00002.parquet,10.0,mono_mean_prefix_truncate_zero_pad_before_qwen_resample,full_0-8k
train_533,/root/animal-omni-kv/data/beans/interventions/dogs_all/lp_0-1000/train_533.wav,Freid,train,533,Freid-P-7c.wav,352b4f9b4eb72953daec03a2cf99876de56b20152f1a6e5fa01457c1663c4fb0,hf:beans_dogs/train-00001-of-00002.parquet,10.0,mono_mean_prefix_truncate_zero_pad_before_qwen_resample,lp_0-1000
train_535,/root/animal-omni-kv/data/beans/interventions/dogs_all/full_0-8k/train_535.wav,Freid,train,535,Freid-P-7a.wav,3353289a03bd470cb62ac9cb3f4e420b50c268cd84927d69081349e5807dcde3,hf:beans_dogs/train-00001-of-00002.parquet,10.0,mono_mean_prefix_truncate_zero_pad_before_qwen_resample,full_0-8k
train_535,/root/animal-omni-kv/data/beans/interventions/dogs_all/lp_0-1000/train_535.wav,Freid,train,535,Freid-P-7a.wav,3353289a03bd470cb62ac9cb3f4e420b50c268cd84927d69081349e5807dcde3,hf:beans_dogs/train-00001-of-00002.parquet,10.0,mono_mean_prefix_truncate_zero_pad_before_qwen_resample,lp_0-1000
train_539,/root/animal-omni-kv/data/beans/interventions/dogs_all/full_0-8k/train_539.wav,Freid,train,539,Freid-P-3c.wav,a570edd7def182a93dff9f02797beea4dd19371c39de4204d9a7a73125228b20,hf:beans_dogs/train-00001-of-00002.parquet,10.0,mono_mean_prefix_truncate_zero_pad_before_qwen_resample,full_0-8k
train_539,/root/animal-omni-kv/data/beans/interventions/dogs_all/lp_0-1000/train_539.wav,Freid,train,539,Freid-P-3c.wav,a570edd7def182a93dff9f02797beea4dd19371c39de4204d9a7a73125228b20,hf:beans_dogs/train-00001-of-00002.parquet,10.0,mono_mean_prefix_truncate_zero_pad_before_qwen_resample,lp_0-1000
train_540,/root/animal-omni-kv/data/beans/interventions/dogs_all/full_0-8k/train_540.wav,Freid,train,540,Freid-P-3b.wav,896df12e10222af7bbf2b24cc1d3429732b82a850593a51349b3a27b09ebfa6c,hf:beans_dogs/train-00001-of-00002.parquet,10.0,mono_mean_prefix_truncate_zero_pad_before_qwen_resample,full_0-8k
train_540,/root/animal-omni-kv/data/beans/interventions/dogs_all/lp_0-1000/train_540.wav,Freid,train,540,Freid-P-3b.wav,896df12e10222af7bbf2b24cc1d3429732b82a850593a51349b3a27b09ebfa6c,hf:beans_dogs/train-00001-of-00002.parquet,10.0,mono_mean_prefix_truncate_zero_pad_before_qwen_resample,lp_0-1000
train_541,/root/animal-omni-kv/data/beans/interventions/dogs_all/full_0-8k/train_541.wav,Freid,train,541,Freid-2-P-2b.wav,c5baf1919bd7da503a0babba18c6c3100ceeaca6320ea43f9040b6689a4c52a5,hf:beans_dogs/train-00001-of-00002.parquet,10.0,mono_mean_prefix_truncate_zero_pad_before_qwen_resample,full_0-8k
train_541,/root/animal-omni-kv/data/beans/interventions/dogs_all/lp_0-1000/train_541.wav,Freid,train,541,Freid-2-P-2b.wav,c5baf1919bd7da503a0babba18c6c3100ceeaca6320ea43f9040b6689a4c52a5,hf:beans_dogs/train-00001-of-00002.parquet,10.0,mono_mean_prefix_truncate_zero_pad_before_qwen_resample,lp_0-1000
train_543,/root/animal-omni-kv/data/beans/interventions/dogs_all/full_0-8k/train_543.wav,Freid,train,543,Freid-2-P-2a.wav,eb92ccc3874de2dc1ec4488fb5b575aca274d1eb1005952196738b5aaa9ec8fb,hf:beans_dogs/train-00001-of-00002.parquet,10.0,mono_mean_prefix_truncate_zero_pad_before_qwen_resample,full_0-8k
train_543,/root/animal-omni-kv/data/beans/interventions/dogs_all/lp_0-1000/train_543.wav,Freid,train,543,Freid-2-P-2a.wav,eb92ccc3874de2dc1ec4488fb5b575aca274d1eb1005952196738b5aaa9ec8fb,hf:beans_dogs/train-00001-of-00002.parquet,10.0,mono_mean_prefix_truncate_zero_pad_before_qwen_resample,lp_0-1000
train_545,/root/animal-omni-kv/data/beans/interventions/dogs_all/full_0-8k/train_545.wav,Freid,train,545,Freid-2-P-2c.wav,7f986741e3b5facdcb77eef906c45ebcd86c4ab968efeb3f6e971ee1b1bafe13,hf:beans_dogs/train-00001-of-00002.parquet,10.0,mono_mean_prefix_truncate_zero_pad_before_qwen_resample,full_0-8k
train_545,/root/animal-omni-kv/data/beans/interventions/dogs_all/lp_0-1000/train_545.wav,Freid,train,545,Freid-2-P-2c.wav,7f986741e3b5facdcb77eef906c45ebcd86c4ab968efeb3f6e971ee1b1bafe13,hf:beans_dogs/train-00001-of-00002.parquet,10.0,mono_mean_prefix_truncate_zero_pad_before_qwen_resample,lp_0-1000
train_546,/root/animal-omni-kv/data/beans/interventions/dogs_all/full_0-8k/train_546.wav,Freid,train,546,Freid-2-P-2d.wav,28b3a1652dcdc9ccd531450d196070c38cefacc024b0a30c5950c1a8de1f093b,hf:beans_dogs/train-00001-of-00002.parquet,10.0,mono_mean_prefix_truncate_zero_pad_before_qwen_resample,full_0-8k
train_546,/root/animal-omni-kv/data/beans/interventions/dogs_all/lp_0-1000/train_546.wav,Freid,train,546,Freid-2-P-2d.wav,28b3a1652dcdc9ccd531450d196070c38cefacc024b0a30c5950c1a8de1f093b,hf:beans_dogs/train-00001-of-00002.parquet,10.0,mono_mean_prefix_truncate_zero_pad_before_qwen_resample,lp_0-1000
train_549,/root/animal-omni-kv/data/beans/interventions/dogs_all/full_0-8k/train_549.wav,Freid,train,549,Fried-P-8a.wav,2727d0a83611a10f7aafa68bdfad55966f0da45746afcafa7d321a6daf4aae76,hf:beans_dogs/train-00001-of-00002.parquet,10.0,mono_mean_prefix_truncate_zero_pad_before_qwen_resample,full_0-8k
train_549,/root/animal-omni-kv/data/beans/interventions/dogs_all/lp_0-1000/train_549.wav,Freid,train,549,Fried-P-8a.wav,2727d0a83611a10f7aafa68bdfad55966f0da45746afcafa7d321a6daf4aae76,hf:beans_dogs/train-00001-of-00002.parquet,10.0,mono_mean_prefix_truncate_zero_pad_before_qwen_resample,lp_0-1000
train_551,/root/animal-omni-kv/data/beans/interventions/dogs_all/full_0-8k/train_551.wav,Freid,train,551,Freid-P-8c.wav,5ac89c50088f19e2ccea90ff6bc2eca2dfa51e3f8c30c232a43ce7d4ee677db8,hf:beans_dogs/train-00001-of-00002.parquet,10.0,mono_mean_prefix_truncate_zero_pad_before_qwen_resample,full_0-8k
train_551,/root/animal-omni-kv/data/beans/interventions/dogs_all/lp_0-1000/train_551.wav,Freid,train,551,Freid-P-8c.wav,5ac89c50088f19e2ccea90ff6bc2eca2dfa51e3f8c30c232a43ce7d4ee677db8,hf:beans_dogs/train-00001-of-00002.parquet,10.0,mono_mean_prefix_truncate_zero_pad_before_qwen_resample,lp_0-1000
train_553,/root/animal-omni-kv/data/beans/interventions/dogs_all/full_0-8k/train_553.wav,Freid,train,553,Fried-5-P-5e.wav,133b0e1285712cbe58d9bcbaef425342b30a4f4d5acbd0402e51a604f5cf79c5,hf:beans_dogs/train-00001-of-00002.parquet,10.0,mono_mean_prefix_truncate_zero_pad_before_qwen_resample,full_0-8k
train_553,/root/animal-omni-kv/data/beans/interventions/dogs_all/lp_0-1000/train_553.wav,Freid,train,553,Fried-5-P-5e.wav,133b0e1285712cbe58d9bcbaef425342b30a4f4d5acbd0402e51a604f5cf79c5,hf:beans_dogs/train-00001-of-00002.parquet,10.0,mono_mean_prefix_truncate_zero_pad_before_qwen_resample,lp_0-1000
train_554,/root/animal-omni-kv/data/beans/interventions/dogs_all/full_0-8k/train_554.wav,Freid,train,554,Freid-5-P-5c.wav,d3caa7ab207257a652f90c79655ae6b082511cb091c81edc1ff31fc26504d61b,hf:beans_dogs/train-00001-of-00002.parquet,10.0,mono_mean_prefix_truncate_zero_pad_before_qwen_resample,full_0-8k
train_554,/root/animal-omni-kv/data/beans/interventions/dogs_all/lp_0-1000/train_554.wav,Freid,train,554,Freid-5-P-5c.wav,d3caa7ab207257a652f90c79655ae6b082511cb091c81edc1ff31fc26504d61b,hf:beans_dogs/train-00001-of-00002.parquet,10.0,mono_mean_prefix_truncate_zero_pad_before_qwen_resample,lp_0-1000
train_555,/root/animal-omni-kv/data/beans/interventions/dogs_all/full_0-8k/train_555.wav,Freid,train,555,Freid-5-A-5.wav,36aed1eb1a0a952e139b73c7efdad3edb36ea26927cb77aaf619e69953294c40,hf:beans_dogs/train-00001-of-00002.parquet,10.0,mono_mean_prefix_truncate_zero_pad_before_qwen_resample,full_0-8k
train_555,/root/animal-omni-kv/data/beans/interventions/dogs_all/lp_0-1000/train_555.wav,Freid,train,555,Freid-5-A-5.wav,36aed1eb1a0a952e139b73c7efdad3edb36ea26927cb77aaf619e69953294c40,hf:beans_dogs/train-00001-of-00002.parquet,10.0,mono_mean_prefix_truncate_zero_pad_before_qwen_resample,lp_0-1000
train_557,/root/animal-omni-kv/data/beans/interventions/dogs_all/full_0-8k/train_557.wav,Freid,train,557,Freid-5-P-5d.wav,053fcae7d513f8d175aafcf6e53f347d14b3b344d4f1cc4fd48202f995c9896b,hf:beans_dogs/train-00001-of-00002.parquet,10.0,mono_mean_prefix_truncate_zero_pad_before_qwen_resample,full_0-8k
train_557,/root/animal-omni-kv/data/beans/interventions/dogs_all/lp_0-1000/train_557.wav,Freid,train,557,Freid-5-P-5d.wav,053fcae7d513f8d175aafcf6e53f347d14b3b344d4f1cc4fd48202f995c9896b,hf:beans_dogs/train-00001-of-00002.parquet,10.0,mono_mean_prefix_truncate_zero_pad_before_qwen_resample,lp_0-1000
train_560,/root/animal-omni-kv/data/beans/interventions/dogs_all/full_0-8k/train_560.wav,Freid,train,560,Freid4-P-4d.wav,d7159b09c5a327cd6f84e8cffb30b896bf6ee2560ba1d78a01293c79cfe805fb,hf:beans_dogs/train-00001-of-00002.parquet,10.0,mono_mean_prefix_truncate_zero_pad_before_qwen_resample,full_0-8k
train_560,/root/animal-omni-kv/data/beans/interventions/dogs_all/lp_0-1000/train_560.wav,Freid,train,560,Freid4-P-4d.wav,d7159b09c5a327cd6f84e8cffb30b896bf6ee2560ba1d78a01293c79cfe805fb,hf:beans_dogs/train-00001-of-00002.parquet,10.0,mono_mean_prefix_truncate_zero_pad_before_qwen_resample,lp_0-1000
train_561,/root/animal-omni-kv/data/beans/interventions/dogs_all/full_0-8k/train_561.wav,Freid,train,561,Freid4-A-4.1.wav,40cce8e0bab840cbf7b4d9e3e5c09c37aafb3463625160afa5066da827827c22,hf:beans_dogs/train-00001-of-00002.parquet,10.0,mono_mean_prefix_truncate_zero_pad_before_qwen_resample,full_0-8k
train_561,/root/animal-omni-kv/data/beans/interventions/dogs_all/lp_0-1000/train_561.wav,Freid,train,561,Freid4-A-4.1.wav,40cce8e0bab840cbf7b4d9e3e5c09c37aafb3463625160afa5066da827827c22,hf:beans_dogs/train-00001-of-00002.parquet,10.0,mono_mean_prefix_truncate_zero_pad_before_qwen_resample,lp_0-1000
train_562,/root/animal-omni-kv/data/beans/interventions/dogs_all/full_0-8k/train_562.wav,Freid,train,562,Freid4-P-4c.wav,e714b2893573eb1f7a10aeac40d7228e19c22fe095615a5bf4a248b01ed75f23,hf:beans_dogs/train-00001-of-00002.parquet,10.0,mono_mean_prefix_truncate_zero_pad_before_qwen_resample,full_0-8k
train_562,/root/animal-omni-kv/data/beans/interventions/dogs_all/lp_0-1000/train_562.wav,Freid,train,562,Freid4-P-4c.wav,e714b2893573eb1f7a10aeac40d7228e19c22fe095615a5bf4a248b01ed75f23,hf:beans_dogs/train-00001-of-00002.parquet,10.0,mono_mean_prefix_truncate_zero_pad_before_qwen_resample,lp_0-1000
train_563,/root/animal-omni-kv/data/beans/interventions/dogs_all/full_0-8k/train_563.wav,Freid,train,563,Freid4-A-4.2.wav,7030096b22a97a6a4f444b7e02c2620ee1b216c38294bd7061d72d58c74342f6,hf:beans_dogs/train-00001-of-00002.parquet,10.0,mono_mean_prefix_truncate_zero_pad_before_qwen_resample,full_0-8k
train_563,/root/animal-omni-kv/data/beans/interventions/dogs_all/lp_0-1000/train_563.wav,Freid,train,563,Freid4-A-4.2.wav,7030096b22a97a6a4f444b7e02c2620ee1b216c38294bd7061d72d58c74342f6,hf:beans_dogs/train-00001-of-00002.parquet,10.0,mono_mean_prefix_truncate_zero_pad_before_qwen_resample,lp_0-1000
train_564,/root/animal-omni-kv/data/beans/interventions/dogs_all/full_0-8k/train_564.wav,Freid,train,564,Fried-1-P-1a.wav,f57c59317839aab29482691fc7bd959f9a8542e05e5760c3935c563940455a57,hf:beans_dogs/train-00001-of-00002.parquet,10.0,mono_mean_prefix_truncate_zero_pad_before_qwen_resample,full_0-8k
train_564,/root/animal-omni-kv/data/beans/interventions/dogs_all/lp_0-1000/train_564.wav,Freid,train,564,Fried-1-P-1a.wav,f57c59317839aab29482691fc7bd959f9a8542e05e5760c3935c563940455a57,hf:beans_dogs/train-00001-of-00002.parquet,10.0,mono_mean_prefix_truncate_zero_pad_before_qwen_resample,lp_0-1000
train_568,/root/animal-omni-kv/data/beans/interventions/dogs_all/full_0-8k/train_568.wav,Freid,train,568,Freid-A-6.wav,1491e57bfe4afafd8cd36d3ff71804514bab1ab6566851a867c484419a7b0549,hf:beans_dogs/train-00001-of-00002.parquet,10.0,mono_mean_prefix_truncate_zero_pad_before_qwen_resample,full_0-8k
train_568,/root/animal-omni-kv/data/beans/interventions/dogs_all/lp_0-1000/train_568.wav,Freid,train,568,Freid-A-6.wav,1491e57bfe4afafd8cd36d3ff71804514bab1ab6566851a867c484419a7b0549,hf:beans_dogs/train-00001-of-00002.parquet,10.0,mono_mean_prefix_truncate_zero_pad_before_qwen_resample,lp_0-1000
train_569,/root/animal-omni-kv/data/beans/interventions/dogs_all/full_0-8k/train_569.wav,Freid,train,569,Freid-A-6b.wav,9cdfbfa2b2059adfbdb401c4f1ead80416cbe8420d7b2e7c16033106381c7acc,hf:beans_dogs/train-00001-of-00002.parquet,10.0,mono_mean_prefix_truncate_zero_pad_before_qwen_resample,full_0-8k
train_569,/root/animal-omni-kv/data/beans/interventions/dogs_all/lp_0-1000/train_569.wav,Freid,train,569,Freid-A-6b.wav,9cdfbfa2b2059adfbdb401c4f1ead80416cbe8420d7b2e7c16033106381c7acc,hf:beans_dogs/train-00001-of-00002.parquet,10.0,mono_mean_prefix_truncate_zero_pad_before_qwen_resample,lp_0-1000
train_573,/root/animal-omni-kv/data/beans/interventions/dogs_all/full_0-8k/train_573.wav,Luke,train,573,Luke-6-P-6a.wav,aa3eae84a63846edbe376b8482b72c3dd231222ae4c6342664c61616a0e92ce6,hf:beans_dogs/train-00001-of-00002.parquet,10.0,mono_mean_prefix_truncate_zero_pad_before_qwen_resample,full_0-8k
train_573,/root/animal-omni-kv/data/beans/interventions/dogs_all/lp_0-1000/train_573.wav,Luke,train,573,Luke-6-P-6a.wav,aa3eae84a63846edbe376b8482b72c3dd231222ae4c6342664c61616a0e92ce6,hf:beans_dogs/train-00001-of-00002.parquet,10.0,mono_mean_prefix_truncate_zero_pad_before_qwen_resample,lp_0-1000
train_574,/root/animal-omni-kv/data/beans/interventions/dogs_all/full_0-8k/train_574.wav,Luke,train,574,Luke-6-C-6d.wav,391824f585b17b1efa06865cd947baf879e04a2f3564686412bd31a71f4adce1,hf:beans_dogs/train-00001-of-00002.parquet,10.0,mono_mean_prefix_truncate_zero_pad_before_qwen_resample,full_0-8k
train_574,/root/animal-omni-kv/data/beans/interventions/dogs_all/lp_0-1000/train_574.wav,Luke,train,574,Luke-6-C-6d.wav,391824f585b17b1efa06865cd947baf879e04a2f3564686412bd31a71f4adce1,hf:beans_dogs/train-00001-of-00002.parquet,10.0,mono_mean_prefix_truncate_zero_pad_before_qwen_resample,lp_0-1000
train_575,/root/animal-omni-kv/data/beans/interventions/dogs_all/full_0-8k/train_575.wav,Luke,train,575,Luke-6-A-5b.wav,e94d066db62e773cfdb51137600e13c9c001a8bcbfaf0e62cb5b34bc1e44db63,hf:beans_dogs/train-00001-of-00002.parquet,10.0,mono_mean_prefix_truncate_zero_pad_before_qwen_resample,full_0-8k
train_575,/root/animal-omni-kv/data/beans/interventions/dogs_all/lp_0-1000/train_575.wav,Luke,train,575,Luke-6-A-5b.wav,e94d066db62e773cfdb51137600e13c9c001a8bcbfaf0e62cb5b34bc1e44db63,hf:beans_dogs/train-00001-of-00002.parquet,10.0,mono_mean_prefix_truncate_zero_pad_before_qwen_resample,lp_0-1000
train_576,/root/animal-omni-kv/data/beans/interventions/dogs_all/full_0-8k/train_576.wav,Luke,train,576,Luke-6-P-6.wav,0c0c46aaa3610305003153d571fd6606015a7174b545528b5651acfeb6e5430e,hf:beans_dogs/train-00001-of-00002.parquet,10.0,mono_mean_prefix_truncate_zero_pad_before_qwen_resample,full_0-8k
train_576,/root/animal-omni-kv/data/beans/interventions/dogs_all/lp_0-1000/train_576.wav,Luke,train,576,Luke-6-P-6.wav,0c0c46aaa3610305003153d571fd6606015a7174b545528b5651acfeb6e5430e,hf:beans_dogs/train-00001-of-00002.parquet,10.0,mono_mean_prefix_truncate_zero_pad_before_qwen_resample,lp_0-1000
train_577,/root/animal-omni-kv/data/beans/interventions/dogs_all/full_0-8k/train_577.wav,Luke,train,577,Luke-7-C-7e.wav,bfabcf4c00a8b4bf817477f2055e77a104c169a538cc3c5437d337cb32dc5968,hf:beans_dogs/train-00001-of-00002.parquet,10.0,mono_mean_prefix_truncate_zero_pad_before_qwen_resample,full_0-8k
train_577,/root/animal-omni-kv/data/beans/interventions/dogs_all/lp_0-1000/train_577.wav,Luke,train,577,Luke-7-C-7e.wav,bfabcf4c00a8b4bf817477f2055e77a104c169a538cc3c5437d337cb32dc5968,hf:beans_dogs/train-00001-of-00002.parquet,10.0,mono_mean_prefix_truncate_zero_pad_before_qwen_resample,lp_0-1000
train_579,/root/animal-omni-kv/data/beans/interventions/dogs_all/full_0-8k/train_579.wav,Luke,train,579,Luke-6-C-6g.wav,72daeae6d0dcd624a50de24169b4e98d7d03dbfee69bfcd5dae0abdb2e7887a6,hf:beans_dogs/train-00001-of-00002.parquet,10.0,mono_mean_prefix_truncate_zero_pad_before_qwen_resample,full_0-8k
train_579,/root/animal-omni-kv/data/beans/interventions/dogs_all/lp_0-1000/train_579.wav,Luke,train,579,Luke-6-C-6g.wav,72daeae6d0dcd624a50de24169b4e98d7d03dbfee69bfcd5dae0abdb2e7887a6,hf:beans_dogs/train-00001-of-00002.parquet,10.0,mono_mean_prefix_truncate_zero_pad_before_qwen_resample,lp_0-1000
train_580,/root/animal-omni-kv/data/beans/interventions/dogs_all/full_0-8k/train_580.wav,Luke,train,580,Luke-6-C-6f.wav,2cdea31fb9ccbaa5d2f242c9c9930a5372ab4c285db9c246e4ee303f1cc4c6be,hf:beans_dogs/train-00001-of-00002.parquet,10.0,mono_mean_prefix_truncate_zero_pad_before_qwen_resample,full_0-8k
train_580,/root/animal-omni-kv/data/beans/interventions/dogs_all/lp_0-1000/train_580.wav,Luke,train,580,Luke-6-C-6f.wav,2cdea31fb9ccbaa5d2f242c9c9930a5372ab4c285db9c246e4ee303f1cc4c6be,hf:beans_dogs/train-00001-of-00002.parquet,10.0,mono_mean_prefix_truncate_zero_pad_before_qwen_resample,lp_0-1000
train_582,/root/animal-omni-kv/data/beans/interventions/dogs_all/full_0-8k/train_582.wav,Luke,train,582,Luke-C-4e.wav,9bb6c179156f6e0850589126c6cde6c48c623cf8269f2015bcdac5cc026bbbac,hf:beans_dogs/train-00001-of-00002.parquet,10.0,mono_mean_prefix_truncate_zero_pad_before_qwen_resample,full_0-8k
train_582,/root/animal-omni-kv/data/beans/interventions/dogs_all/lp_0-1000/train_582.wav,Luke,train,582,Luke-C-4e.wav,9bb6c179156f6e0850589126c6cde6c48c623cf8269f2015bcdac5cc026bbbac,hf:beans_dogs/train-00001-of-00002.parquet,10.0,mono_mean_prefix_truncate_zero_pad_before_qwen_resample,lp_0-1000
train_583,/root/animal-omni-kv/data/beans/interventions/dogs_all/full_0-8k/train_583.wav,Luke,train,583,Luke-A-4.wav,e37e51c30c8d057d70e5d2a0bcde51fec61f34697de48ceb329f60b3ad2a3063,hf:beans_dogs/train-00001-of-00002.parquet,10.0,mono_mean_prefix_truncate_zero_pad_before_qwen_resample,full_0-8k
train_583,/root/animal-omni-kv/data/beans/interventions/dogs_all/lp_0-1000/train_583.wav,Luke,train,583,Luke-A-4.wav,e37e51c30c8d057d70e5d2a0bcde51fec61f34697de48ceb329f60b3ad2a3063,hf:beans_dogs/train-00001-of-00002.parquet,10.0,mono_mean_prefix_truncate_zero_pad_before_qwen_resample,lp_0-1000
train_584,/root/animal-omni-kv/data/beans/interventions/dogs_all/full_0-8k/train_584.wav,Luke,train,584,Luke-P-4d.wav,f64167a2062946710dab995496205684dfcd79732856db36bb884a78c9c19b26,hf:beans_dogs/train-00001-of-00002.parquet,10.0,mono_mean_prefix_truncate_zero_pad_before_qwen_resample,full_0-8k
train_584,/root/animal-omni-kv/data/beans/interventions/dogs_all/lp_0-1000/train_584.wav,Luke,train,584,Luke-P-4d.wav,f64167a2062946710dab995496205684dfcd79732856db36bb884a78c9c19b26,hf:beans_dogs/train-00001-of-00002.parquet,10.0,mono_mean_prefix_truncate_zero_pad_before_qwen_resample,lp_0-1000
train_585,/root/animal-omni-kv/data/beans/interventions/dogs_all/full_0-8k/train_585.wav,Luke,train,585,Luke-C-4d.wav,bc8ae2d73f04f1eea7a13bb606d0c5ef53b0d8f3f3cf68d5b93f24d40cf17179,hf:beans_dogs/train-00001-of-00002.parquet,10.0,mono_mean_prefix_truncate_zero_pad_before_qwen_resample,full_0-8k
train_585,/root/animal-omni-kv/data/beans/interventions/dogs_all/lp_0-1000/train_585.wav,Luke,train,585,Luke-C-4d.wav,bc8ae2d73f04f1eea7a13bb606d0c5ef53b0d8f3f3cf68d5b93f24d40cf17179,hf:beans_dogs/train-00001-of-00002.parquet,10.0,mono_mean_prefix_truncate_zero_pad_before_qwen_resample,lp_0-1000
train_587,/root/animal-omni-kv/data/beans/interventions/dogs_all/full_0-8k/train_587.wav,Luke,train,587,Luke-C-4b.wav,799099616442eb97f1ae5746140818eb4e42a3b6159a9333267f2b809d90e819,hf:beans_dogs/train-00001-of-00002.parquet,10.0,mono_mean_prefix_truncate_zero_pad_before_qwen_resample,full_0-8k
train_587,/root/animal-omni-kv/data/beans/interventions/dogs_all/lp_0-1000/train_587.wav,Luke,train,587,Luke-C-4b.wav,799099616442eb97f1ae5746140818eb4e42a3b6159a9333267f2b809d90e819,hf:beans_dogs/train-00001-of-00002.parquet,10.0,mono_mean_prefix_truncate_zero_pad_before_qwen_resample,lp_0-1000
train_589,/root/animal-omni-kv/data/beans/interventions/dogs_all/full_0-8k/train_589.wav,Luke,train,589,Luke-C-4c.wav,d490d31202e53450e54108143d1d59876473f3943d8ac5a015e50f4279d1ee81,hf:beans_dogs/train-00001-of-00002.parquet,10.0,mono_mean_prefix_truncate_zero_pad_before_qwen_resample,full_0-8k
train_589,/root/animal-omni-kv/data/beans/interventions/dogs_all/lp_0-1000/train_589.wav,Luke,train,589,Luke-C-4c.wav,d490d31202e53450e54108143d1d59876473f3943d8ac5a015e50f4279d1ee81,hf:beans_dogs/train-00001-of-00002.parquet,10.0,mono_mean_prefix_truncate_zero_pad_before_qwen_resample,lp_0-1000
train_590,/root/animal-omni-kv/data/beans/interventions/dogs_all/full_0-8k/train_590.wav,Luke,train,590,Luke-P-4c.wav,1439da0bf7fb712181974f9f40e16e2036d734c832035fdfc32652d0d7723e31,hf:beans_dogs/train-00001-of-00002.parquet,10.0,mono_mean_prefix_truncate_zero_pad_before_qwen_resample,full_0-8k
train_590,/root/animal-omni-kv/data/beans/interventions/dogs_all/lp_0-1000/train_590.wav,Luke,train,590,Luke-P-4c.wav,1439da0bf7fb712181974f9f40e16e2036d734c832035fdfc32652d0d7723e31,hf:beans_dogs/train-00001-of-00002.parquet,10.0,mono_mean_prefix_truncate_zero_pad_before_qwen_resample,lp_0-1000
train_591,/root/animal-omni-kv/data/beans/interventions/dogs_all/full_0-8k/train_591.wav,Luke,train,591,Luke-P-4a.wav,28a31afbbed1347bd5919ad0fb850373982eac045f051c0de50c03bbbde60e2d,hf:beans_dogs/train-00001-of-00002.parquet,10.0,mono_mean_prefix_truncate_zero_pad_before_qwen_resample,full_0-8k
train_591,/root/animal-omni-kv/data/beans/interventions/dogs_all/lp_0-1000/train_591.wav,Luke,train,591,Luke-P-4a.wav,28a31afbbed1347bd5919ad0fb850373982eac045f051c0de50c03bbbde60e2d,hf:beans_dogs/train-00001-of-00002.parquet,10.0,mono_mean_prefix_truncate_zero_pad_before_qwen_resample,lp_0-1000
train_592,/root/animal-omni-kv/data/beans/interventions/dogs_all/full_0-8k/train_592.wav,Luke,train,592,Luke-A-2c.wav,7af186cae5de77abeff268da175de10c7d435ccaad191e1d66ea7424a9a6cd52,hf:beans_dogs/train-00001-of-00002.parquet,10.0,mono_mean_prefix_truncate_zero_pad_before_qwen_resample,full_0-8k
train_592,/root/animal-omni-kv/data/beans/interventions/dogs_all/lp_0-1000/train_592.wav,Luke,train,592,Luke-A-2c.wav,7af186cae5de77abeff268da175de10c7d435ccaad191e1d66ea7424a9a6cd52,hf:beans_dogs/train-00001-of-00002.parquet,10.0,mono_mean_prefix_truncate_zero_pad_before_qwen_resample,lp_0-1000
train_594,/root/animal-omni-kv/data/beans/interventions/dogs_all/full_0-8k/train_594.wav,Luke,train,594,Luke-A-2d.wav,f52147694b1eedcde27916bcf8e630f12dc4594626b3e6d38e72e8d6e211db7c,hf:beans_dogs/train-00001-of-00002.parquet,10.0,mono_mean_prefix_truncate_zero_pad_before_qwen_resample,full_0-8k
train_594,/root/animal-omni-kv/data/beans/interventions/dogs_all/lp_0-1000/train_594.wav,Luke,train,594,Luke-A-2d.wav,f52147694b1eedcde27916bcf8e630f12dc4594626b3e6d38e72e8d6e211db7c,hf:beans_dogs/train-00001-of-00002.parquet,10.0,mono_mean_prefix_truncate_zero_pad_before_qwen_resample,lp_0-1000
train_595,/root/animal-omni-kv/data/beans/interventions/dogs_all/full_0-8k/train_595.wav,Luke,train,595,Luke-C-2a.wav,98a4bcff74dc49d645aa2597c65b90cea97f62cfe63e875f7e1653ff6701410b,hf:beans_dogs/train-00001-of-00002.parquet,10.0,mono_mean_prefix_truncate_zero_pad_before_qwen_resample,full_0-8k
train_595,/root/animal-omni-kv/data/beans/interventions/dogs_all/lp_0-1000/train_595.wav,Luke,train,595,Luke-C-2a.wav,98a4bcff74dc49d645aa2597c65b90cea97f62cfe63e875f7e1653ff6701410b,hf:beans_dogs/train-00001-of-00002.parquet,10.0,mono_mean_prefix_truncate_zero_pad_before_qwen_resample,lp_0-1000
train_597,/root/animal-omni-kv/data/beans/interventions/dogs_all/full_0-8k/train_597.wav,Luke,train,597,Luke-C-2N.wav,629c8ffd82f935a93dd52b7ca0b1e78d0deb48a56d8cc4ccb74622cd9db3a116,hf:beans_dogs/train-00001-of-00002.parquet,10.0,mono_mean_prefix_truncate_zero_pad_before_qwen_resample,full_0-8k
train_597,/root/animal-omni-kv/data/beans/interventions/dogs_all/lp_0-1000/train_597.wav,Luke,train,597,Luke-C-2N.wav,629c8ffd82f935a93dd52b7ca0b1e78d0deb48a56d8cc4ccb74622cd9db3a116,hf:beans_dogs/train-00001-of-00002.parquet,10.0,mono_mean_prefix_truncate_zero_pad_before_qwen_resample,lp_0-1000
train_598,/root/animal-omni-kv/data/beans/interventions/dogs_all/full_0-8k/train_598.wav,Luke,train,598,Luke-C-2i.wav,59ade77d88684243bd3c96b1c2cd10937579a6efaeaedb371862e47938c578ef,hf:beans_dogs/train-00001-of-00002.parquet,10.0,mono_mean_prefix_truncate_zero_pad_before_qwen_resample,full_0-8k
train_598,/root/animal-omni-kv/data/beans/interventions/dogs_all/lp_0-1000/train_598.wav,Luke,train,598,Luke-C-2i.wav,59ade77d88684243bd3c96b1c2cd10937579a6efaeaedb371862e47938c578ef,hf:beans_dogs/train-00001-of-00002.parquet,10.0,mono_mean_prefix_truncate_zero_pad_before_qwen_resample,lp_0-1000
train_599,/root/animal-omni-kv/data/beans/interventions/dogs_all/full_0-8k/train_599.wav,Luke,train,599,Luke-C-2m.wav,078a314930be37e0edfdf9af143f9de6ab76c5c2c926d8e88aba63020c8c46ca,hf:beans_dogs/train-00001-of-00002.parquet,10.0,mono_mean_prefix_truncate_zero_pad_before_qwen_resample,full_0-8k
train_599,/root/animal-omni-kv/data/beans/interventions/dogs_all/lp_0-1000/train_599.wav,Luke,train,599,Luke-C-2m.wav,078a314930be37e0edfdf9af143f9de6ab76c5c2c926d8e88aba63020c8c46ca,hf:beans_dogs/train-00001-of-00002.parquet,10.0,mono_mean_prefix_truncate_zero_pad_before_qwen_resample,lp_0-1000
train_600,/root/animal-omni-kv/data/beans/interventions/dogs_all/full_0-8k/train_600.wav,Luke,train,600,Luke-A-2b.wav,73bedb5328bdc4105d0920168cd1de6eef5e092c584c4ce383ddc6ef36b35dde,hf:beans_dogs/train-00001-of-00002.parquet,10.0,mono_mean_prefix_truncate_zero_pad_before_qwen_resample,full_0-8k
train_600,/root/animal-omni-kv/data/beans/interventions/dogs_all/lp_0-1000/train_600.wav,Luke,train,600,Luke-A-2b.wav,73bedb5328bdc4105d0920168cd1de6eef5e092c584c4ce383ddc6ef36b35dde,hf:beans_dogs/train-00001-of-00002.parquet,10.0,mono_mean_prefix_truncate_zero_pad_before_qwen_resample,lp_0-1000
train_602,/root/animal-omni-kv/data/beans/interventions/dogs_all/full_0-8k/train_602.wav,Luke,train,602,Luke-C-2R.wav,2f33dff112114e7f33fede9f6dc008c2a6a6d5ee8301003a24eafb780d7dadf8,hf:beans_dogs/train-00001-of-00002.parquet,10.0,mono_mean_prefix_truncate_zero_pad_before_qwen_resample,full_0-8k
train_602,/root/animal-omni-kv/data/beans/interventions/dogs_all/lp_0-1000/train_602.wav,Luke,train,602,Luke-C-2R.wav,2f33dff112114e7f33fede9f6dc008c2a6a6d5ee8301003a24eafb780d7dadf8,hf:beans_dogs/train-00001-of-00002.parquet,10.0,mono_mean_prefix_truncate_zero_pad_before_qwen_resample,lp_0-1000
train_603,/root/animal-omni-kv/data/beans/interventions/dogs_all/full_0-8k/train_603.wav,Luke,train,603,Luke-C-2o.wav,5f63756a980826e3b746d15b230f2b68f4b8d2e86e60e6c336a1cee3adc51052,hf:beans_dogs/train-00001-of-00002.parquet,10.0,mono_mean_prefix_truncate_zero_pad_before_qwen_resample,full_0-8k
train_603,/root/animal-omni-kv/data/beans/interventions/dogs_all/lp_0-1000/train_603.wav,Luke,train,603,Luke-C-2o.wav,5f63756a980826e3b746d15b230f2b68f4b8d2e86e60e6c336a1cee3adc51052,hf:beans_dogs/train-00001-of-00002.parquet,10.0,mono_mean_prefix_truncate_zero_pad_before_qwen_resample,lp_0-1000
train_604,/root/animal-omni-kv/data/beans/interventions/dogs_all/full_0-8k/train_604.wav,Luke,train,604,Luke-C-2t.wav,a97dabd253214640423115e41ec36a87b4618ada1aefb5bccb5a3a4abbe222ad,hf:beans_dogs/train-00001-of-00002.parquet,10.0,mono_mean_prefix_truncate_zero_pad_before_qwen_resample,full_0-8k
train_604,/root/animal-omni-kv/data/beans/interventions/dogs_all/lp_0-1000/train_604.wav,Luke,train,604,Luke-C-2t.wav,a97dabd253214640423115e41ec36a87b4618ada1aefb5bccb5a3a4abbe222ad,hf:beans_dogs/train-00001-of-00002.parquet,10.0,mono_mean_prefix_truncate_zero_pad_before_qwen_resample,lp_0-1000
train_605,/root/animal-omni-kv/data/beans/interventions/dogs_all/full_0-8k/train_605.wav,Luke,train,605,Luke-C-2s.wav,2d46a5d80864a15b2ff2bf5300f015d08ebf8c4172702f54691a5c010c9c6a36,hf:beans_dogs/train-00001-of-00002.parquet,10.0,mono_mean_prefix_truncate_zero_pad_before_qwen_resample,full_0-8k
train_605,/root/animal-omni-kv/data/beans/interventions/dogs_all/lp_0-1000/train_605.wav,Luke,train,605,Luke-C-2s.wav,2d46a5d80864a15b2ff2bf5300f015d08ebf8c4172702f54691a5c010c9c6a36,hf:beans_dogs/train-00001-of-00002.parquet,10.0,mono_mean_prefix_truncate_zero_pad_before_qwen_resample,lp_0-1000
train_607,/root/animal-omni-kv/data/beans/interventions/dogs_all/full_0-8k/train_607.wav,Luke,train,607,Luke-C-2b.wav,8edac29cbb1a75ae6591aec841dac30bf1a92843cba84bf01e69cc054fa54b5f,hf:beans_dogs/train-00001-of-00002.parquet,10.0,mono_mean_prefix_truncate_zero_pad_before_qwen_resample,full_0-8k
train_607,/root/animal-omni-kv/data/beans/interventions/dogs_all/lp_0-1000/train_607.wav,Luke,train,607,Luke-C-2b.wav,8edac29cbb1a75ae6591aec841dac30bf1a92843cba84bf01e69cc054fa54b5f,hf:beans_dogs/train-00001-of-00002.parquet,10.0,mono_mean_prefix_truncate_zero_pad_before_qwen_resample,lp_0-1000
train_609,/root/animal-omni-kv/data/beans/interventions/dogs_all/full_0-8k/train_609.wav,Luke,train,609,Luke-C-2k.wav,13ad84151cfe05128e11fb2aa78c73f515f7ccafb242c74addee003015d8701d,hf:beans_dogs/train-00001-of-00002.parquet,10.0,mono_mean_prefix_truncate_zero_pad_before_qwen_resample,full_0-8k
train_609,/root/animal-omni-kv/data/beans/interventions/dogs_all/lp_0-1000/train_609.wav,Luke,train,609,Luke-C-2k.wav,13ad84151cfe05128e11fb2aa78c73f515f7ccafb242c74addee003015d8701d,hf:beans_dogs/train-00001-of-00002.parquet,10.0,mono_mean_prefix_truncate_zero_pad_before_qwen_resample,lp_0-1000
train_610,/root/animal-omni-kv/data/beans/interventions/dogs_all/full_0-8k/train_610.wav,Luke,train,610,Luke-C-2h.wav,e83dafb20e4726bdd1645ffce035f1004fb54c7579655a77c3a6b9f087357ab0,hf:beans_dogs/train-00001-of-00002.parquet,10.0,mono_mean_prefix_truncate_zero_pad_before_qwen_resample,full_0-8k
train_610,/root/animal-omni-kv/data/beans/interventions/dogs_all/lp_0-1000/train_610.wav,Luke,train,610,Luke-C-2h.wav,e83dafb20e4726bdd1645ffce035f1004fb54c7579655a77c3a6b9f087357ab0,hf:beans_dogs/train-00001-of-00002.parquet,10.0,mono_mean_prefix_truncate_zero_pad_before_qwen_resample,lp_0-1000
train_611,/root/animal-omni-kv/data/beans/interventions/dogs_all/full_0-8k/train_611.wav,Luke,train,611,Luke-C-2d.wav,5c406df772154080e5df8a18caae8091488d46dabc05656cf5f862ab634fea13,hf:beans_dogs/train-00001-of-00002.parquet,10.0,mono_mean_prefix_truncate_zero_pad_before_qwen_resample,full_0-8k
train_611,/root/animal-omni-kv/data/beans/interventions/dogs_all/lp_0-1000/train_611.wav,Luke,train,611,Luke-C-2d.wav,5c406df772154080e5df8a18caae8091488d46dabc05656cf5f862ab634fea13,hf:beans_dogs/train-00001-of-00002.parquet,10.0,mono_mean_prefix_truncate_zero_pad_before_qwen_resample,lp_0-1000
train_612,/root/animal-omni-kv/data/beans/interventions/dogs_all/full_0-8k/train_612.wav,Luke,train,612,Luke-C-2g.wav,b1d03af2b54f4fa8aa22d5069877ac3e6782bb937b53d2f4d4981e2d6a486e20,hf:beans_dogs/train-00001-of-00002.parquet,10.0,mono_mean_prefix_truncate_zero_pad_before_qwen_resample,full_0-8k
train_612,/root/animal-omni-kv/data/beans/interventions/dogs_all/lp_0-1000/train_612.wav,Luke,train,612,Luke-C-2g.wav,b1d03af2b54f4fa8aa22d5069877ac3e6782bb937b53d2f4d4981e2d6a486e20,hf:beans_dogs/train-00001-of-00002.parquet,10.0,mono_mean_prefix_truncate_zero_pad_before_qwen_resample,lp_0-1000
train_614,/root/animal-omni-kv/data/beans/interventions/dogs_all/full_0-8k/train_614.wav,Luke,train,614,Luke-C-2f.wav,45f2c98815318062c2a1722d8c633e16371dc818a87379aa0f7420ff86453ac2,hf:beans_dogs/train-00001-of-00002.parquet,10.0,mono_mean_prefix_truncate_zero_pad_before_qwen_resample,full_0-8k
train_614,/root/animal-omni-kv/data/beans/interventions/dogs_all/lp_0-1000/train_614.wav,Luke,train,614,Luke-C-2f.wav,45f2c98815318062c2a1722d8c633e16371dc818a87379aa0f7420ff86453ac2,hf:beans_dogs/train-00001-of-00002.parquet,10.0,mono_mean_prefix_truncate_zero_pad_before_qwen_resample,lp_0-1000
train_615,/root/animal-omni-kv/data/beans/interventions/dogs_all/full_0-8k/train_615.wav,Luke,train,615,Luke-C-2q.wav,f2aa0c572f2d4d82ceeca46590cd1a5cec7566a588a3ca9e179d1bc433b8a302,hf:beans_dogs/train-00001-of-00002.parquet,10.0,mono_mean_prefix_truncate_zero_pad_before_qwen_resample,full_0-8k
train_615,/root/animal-omni-kv/data/beans/interventions/dogs_all/lp_0-1000/train_615.wav,Luke,train,615,Luke-C-2q.wav,f2aa0c572f2d4d82ceeca46590cd1a5cec7566a588a3ca9e179d1bc433b8a302,hf:beans_dogs/train-00001-of-00002.parquet,10.0,mono_mean_prefix_truncate_zero_pad_before_qwen_resample,lp_0-1000
train_616,/root/animal-omni-kv/data/beans/interventions/dogs_all/full_0-8k/train_616.wav,Luke,train,616,Luke-A-3b.wav,ee3f6476dc4fa7fc7a23929e89de8f463501ada57126db9101872c89b8a5e41a,hf:beans_dogs/train-00001-of-00002.parquet,10.0,mono_mean_prefix_truncate_zero_pad_before_qwen_resample,full_0-8k
train_616,/root/animal-omni-kv/data/beans/interventions/dogs_all/lp_0-1000/train_616.wav,Luke,train,616,Luke-A-3b.wav,ee3f6476dc4fa7fc7a23929e89de8f463501ada57126db9101872c89b8a5e41a,hf:beans_dogs/train-00001-of-00002.parquet,10.0,mono_mean_prefix_truncate_zero_pad_before_qwen_resample,lp_0-1000
train_617,/root/animal-omni-kv/data/beans/interventions/dogs_all/full_0-8k/train_617.wav,Luke,train,617,Luke-A-3a.wav,ea9f29384cb420c9c864a097535c5b78bb779e6e5c94f196d7a5a7c5772f4611,hf:beans_dogs/train-00001-of-00002.parquet,10.0,mono_mean_prefix_truncate_zero_pad_before_qwen_resample,full_0-8k
train_617,/root/animal-omni-kv/data/beans/interventions/dogs_all/lp_0-1000/train_617.wav,Luke,train,617,Luke-A-3a.wav,ea9f29384cb420c9c864a097535c5b78bb779e6e5c94f196d7a5a7c5772f4611,hf:beans_dogs/train-00001-of-00002.parquet,10.0,mono_mean_prefix_truncate_zero_pad_before_qwen_resample,lp_0-1000
train_618,/root/animal-omni-kv/data/beans/interventions/dogs_all/full_0-8k/train_618.wav,Luke,train,618,Luke-C-3q.wav,c7f23227e7d94686fc8657683ab7b2633630be9840c25e3877127e5d41373b1e,hf:beans_dogs/train-00001-of-00002.parquet,10.0,mono_mean_prefix_truncate_zero_pad_before_qwen_resample,full_0-8k
train_618,/root/animal-omni-kv/data/beans/interventions/dogs_all/lp_0-1000/train_618.wav,Luke,train,618,Luke-C-3q.wav,c7f23227e7d94686fc8657683ab7b2633630be9840c25e3877127e5d41373b1e,hf:beans_dogs/train-00001-of-00002.parquet,10.0,mono_mean_prefix_truncate_zero_pad_before_qwen_resample,lp_0-1000
train_619,/root/animal-omni-kv/data/beans/interventions/dogs_all/full_0-8k/train_619.wav,Luke,train,619,Luke-C-3b.wav,2e3510c61129de6f518b97602a7f669cac9c1ff3d9c4c52fd9560e2add976379,hf:beans_dogs/train-00001-of-00002.parquet,10.0,mono_mean_prefix_truncate_zero_pad_before_qwen_resample,full_0-8k
train_619,/root/animal-omni-kv/data/beans/interventions/dogs_all/lp_0-1000/train_619.wav,Luke,train,619,Luke-C-3b.wav,2e3510c61129de6f518b97602a7f669cac9c1ff3d9c4c52fd9560e2add976379,hf:beans_dogs/train-00001-of-00002.parquet,10.0,mono_mean_prefix_truncate_zero_pad_before_qwen_resample,lp_0-1000
train_626,/root/animal-omni-kv/data/beans/interventions/dogs_all/full_0-8k/train_626.wav,Luke,train,626,Luke-C-3c.wav,04f31bc5ad15c725fd2ce81fdc752d281f8c378c02e221cf3f99951658ab3936,hf:beans_dogs/train-00001-of-00002.parquet,10.0,mono_mean_prefix_truncate_zero_pad_before_qwen_resample,full_0-8k
train_626,/root/animal-omni-kv/data/beans/interventions/dogs_all/lp_0-1000/train_626.wav,Luke,train,626,Luke-C-3c.wav,04f31bc5ad15c725fd2ce81fdc752d281f8c378c02e221cf3f99951658ab3936,hf:beans_dogs/train-00001-of-00002.parquet,10.0,mono_mean_prefix_truncate_zero_pad_before_qwen_resample,lp_0-1000
train_629,/root/animal-omni-kv/data/beans/interventions/dogs_all/full_0-8k/train_629.wav,Luke,train,629,Luke-C-3d.wav,328c4c1ac9de4146778dd9f5018b57bae8609c72e2c97c46f0705bbba47f5468,hf:beans_dogs/train-00001-of-00002.parquet,10.0,mono_mean_prefix_truncate_zero_pad_before_qwen_resample,full_0-8k
train_629,/root/animal-omni-kv/data/beans/interventions/dogs_all/lp_0-1000/train_629.wav,Luke,train,629,Luke-C-3d.wav,328c4c1ac9de4146778dd9f5018b57bae8609c72e2c97c46f0705bbba47f5468,hf:beans_dogs/train-00001-of-00002.parquet,10.0,mono_mean_prefix_truncate_zero_pad_before_qwen_resample,lp_0-1000
train_630,/root/animal-omni-kv/data/beans/interventions/dogs_all/full_0-8k/train_630.wav,Luke,train,630,Luke-C-3t.wav,03f39cb9bb718d16049a9b4a0b7a6df9fca77a5bc5a068966d8d0b814f5b8945,hf:beans_dogs/train-00001-of-00002.parquet,10.0,mono_mean_prefix_truncate_zero_pad_before_qwen_resample,full_0-8k
train_630,/root/animal-omni-kv/data/beans/interventions/dogs_all/lp_0-1000/train_630.wav,Luke,train,630,Luke-C-3t.wav,03f39cb9bb718d16049a9b4a0b7a6df9fca77a5bc5a068966d8d0b814f5b8945,hf:beans_dogs/train-00001-of-00002.parquet,10.0,mono_mean_prefix_truncate_zero_pad_before_qwen_resample,lp_0-1000
train_632,/root/animal-omni-kv/data/beans/interventions/dogs_all/full_0-8k/train_632.wav,Luke,train,632,Luke-C-3m.wav,96dcd6d483f077d42aaa356fb4768200b290640580e773da0d3fdbe85c945103,hf:beans_dogs/train-00001-of-00002.parquet,10.0,mono_mean_prefix_truncate_zero_pad_before_qwen_resample,full_0-8k
train_632,/root/animal-omni-kv/data/beans/interventions/dogs_all/lp_0-1000/train_632.wav,Luke,train,632,Luke-C-3m.wav,96dcd6d483f077d42aaa356fb4768200b290640580e773da0d3fdbe85c945103,hf:beans_dogs/train-00001-of-00002.parquet,10.0,mono_mean_prefix_truncate_zero_pad_before_qwen_resample,lp_0-1000
train_633,/root/animal-omni-kv/data/beans/interventions/dogs_all/full_0-8k/train_633.wav,Luke,train,633,Luke-C-3s.wav,c288978ebb2f739378cfae1621c8806db493f3e7e7257bba1dddf463d81bc6f2,hf:beans_dogs/train-00001-of-00002.parquet,10.0,mono_mean_prefix_truncate_zero_pad_before_qwen_resample,full_0-8k
train_633,/root/animal-omni-kv/data/beans/interventions/dogs_all/lp_0-1000/train_633.wav,Luke,train,633,Luke-C-3s.wav,c288978ebb2f739378cfae1621c8806db493f3e7e7257bba1dddf463d81bc6f2,hf:beans_dogs/train-00001-of-00002.parquet,10.0,mono_mean_prefix_truncate_zero_pad_before_qwen_resample,lp_0-1000
train_634,/root/animal-omni-kv/data/beans/interventions/dogs_all/full_0-8k/train_634.wav,Luke,train,634,Luke-C-3j.wav,0dfa6d7944a4107179187caa4bf4c4213301df636544710df5c9e69888dc7123,hf:beans_dogs/train-00001-of-00002.parquet,10.0,mono_mean_prefix_truncate_zero_pad_before_qwen_resample,full_0-8k
train_634,/root/animal-omni-kv/data/beans/interventions/dogs_all/lp_0-1000/train_634.wav,Luke,train,634,Luke-C-3j.wav,0dfa6d7944a4107179187caa4bf4c4213301df636544710df5c9e69888dc7123,hf:beans_dogs/train-00001-of-00002.parquet,10.0,mono_mean_prefix_truncate_zero_pad_before_qwen_resample,lp_0-1000
train_635,/root/animal-omni-kv/data/beans/interventions/dogs_all/full_0-8k/train_635.wav,Luke,train,635,Luke-C-3i.wav,fd1891543504ca61810d4c12a77150c76ecb4538d35642010206606ae509222c,hf:beans_dogs/train-00001-of-00002.parquet,10.0,mono_mean_prefix_truncate_zero_pad_before_qwen_resample,full_0-8k
train_635,/root/animal-omni-kv/data/beans/interventions/dogs_all/lp_0-1000/train_635.wav,Luke,train,635,Luke-C-3i.wav,fd1891543504ca61810d4c12a77150c76ecb4538d35642010206606ae509222c,hf:beans_dogs/train-00001-of-00002.parquet,10.0,mono_mean_prefix_truncate_zero_pad_before_qwen_resample,lp_0-1000
train_636,/root/animal-omni-kv/data/beans/interventions/dogs_all/full_0-8k/train_636.wav,Luke,train,636,Luke-C-3a.wav,4100c108d2439e9635120b55f89cb166f9b9fb4095b81d390d9f2b6ea2d370cc,hf:beans_dogs/train-00001-of-00002.parquet,10.0,mono_mean_prefix_truncate_zero_pad_before_qwen_resample,full_0-8k
train_636,/root/animal-omni-kv/data/beans/interventions/dogs_all/lp_0-1000/train_636.wav,Luke,train,636,Luke-C-3a.wav,4100c108d2439e9635120b55f89cb166f9b9fb4095b81d390d9f2b6ea2d370cc,hf:beans_dogs/train-00001-of-00002.parquet,10.0,mono_mean_prefix_truncate_zero_pad_before_qwen_resample,lp_0-1000
train_638,/root/animal-omni-kv/data/beans/interventions/dogs_all/full_0-8k/train_638.wav,Luke,train,638,Luke-P-1h.wav,123f47bae6d5518f6447db6955ff8170920613ce7c9ba4f36c853b454721c15c,hf:beans_dogs/train-00001-of-00002.parquet,10.0,mono_mean_prefix_truncate_zero_pad_before_qwen_resample,full_0-8k
train_638,/root/animal-omni-kv/data/beans/interventions/dogs_all/lp_0-1000/train_638.wav,Luke,train,638,Luke-P-1h.wav,123f47bae6d5518f6447db6955ff8170920613ce7c9ba4f36c853b454721c15c,hf:beans_dogs/train-00001-of-00002.parquet,10.0,mono_mean_prefix_truncate_zero_pad_before_qwen_resample,lp_0-1000
train_640,/root/animal-omni-kv/data/beans/interventions/dogs_all/full_0-8k/train_640.wav,Luke,train,640,Luke-P-1g.wav,cf418a5351bc1592d3d88ec93d0fc0110b8f040d7506921e5b342e21f04d4549,hf:beans_dogs/train-00001-of-00002.parquet,10.0,mono_mean_prefix_truncate_zero_pad_before_qwen_resample,full_0-8k
train_640,/root/animal-omni-kv/data/beans/interventions/dogs_all/lp_0-1000/train_640.wav,Luke,train,640,Luke-P-1g.wav,cf418a5351bc1592d3d88ec93d0fc0110b8f040d7506921e5b342e21f04d4549,hf:beans_dogs/train-00001-of-00002.parquet,10.0,mono_mean_prefix_truncate_zero_pad_before_qwen_resample,lp_0-1000
train_642,/root/animal-omni-kv/data/beans/interventions/dogs_all/full_0-8k/train_642.wav,Luke,train,642,Luke-A-1s.wav,24144487a4ee637936c6a7cc9f94b8e5126975bfee9aa1524619bb82797c72d4,hf:beans_dogs/train-00001-of-00002.parquet,10.0,mono_mean_prefix_truncate_zero_pad_before_qwen_resample,full_0-8k
train_642,/root/animal-omni-kv/data/beans/interventions/dogs_all/lp_0-1000/train_642.wav,Luke,train,642,Luke-A-1s.wav,24144487a4ee637936c6a7cc9f94b8e5126975bfee9aa1524619bb82797c72d4,hf:beans_dogs/train-00001-of-00002.parquet,10.0,mono_mean_prefix_truncate_zero_pad_before_qwen_resample,lp_0-1000
train_643,/root/animal-omni-kv/data/beans/interventions/dogs_all/full_0-8k/train_643.wav,Luke,train,643,Luke-C-1f.wav,d510157a231822e358dd0cb9e04cf82a85e43f644d78289f5922ac470451aded,hf:beans_dogs/train-00001-of-00002.parquet,10.0,mono_mean_prefix_truncate_zero_pad_before_qwen_resample,full_0-8k
train_643,/root/animal-omni-kv/data/beans/interventions/dogs_all/lp_0-1000/train_643.wav,Luke,train,643,Luke-C-1f.wav,d510157a231822e358dd0cb9e04cf82a85e43f644d78289f5922ac470451aded,hf:beans_dogs/train-00001-of-00002.parquet,10.0,mono_mean_prefix_truncate_zero_pad_before_qwen_resample,lp_0-1000
train_644,/root/animal-omni-kv/data/beans/interventions/dogs_all/full_0-8k/train_644.wav,Luke,train,644,Luke-P-1e.wav,f424f3876f801e6ec05afa9f472782ea295ba950dc8e60302e8d7886ff8994a8,hf:beans_dogs/train-00001-of-00002.parquet,10.0,mono_mean_prefix_truncate_zero_pad_before_qwen_resample,full_0-8k
train_644,/root/animal-omni-kv/data/beans/interventions/dogs_all/lp_0-1000/train_644.wav,Luke,train,644,Luke-P-1e.wav,f424f3876f801e6ec05afa9f472782ea295ba950dc8e60302e8d7886ff8994a8,hf:beans_dogs/train-00001-of-00002.parquet,10.0,mono_mean_prefix_truncate_zero_pad_before_qwen_resample,lp_0-1000
train_645,/root/animal-omni-kv/data/beans/interventions/dogs_all/full_0-8k/train_645.wav,Luke,train,645,Luke-P-1d.wav,290677c014a23040881b14bc266b9399e41754fc96b44fe6eb7f66c8dfa707e5,hf:beans_dogs/train-00001-of-00002.parquet,10.0,mono_mean_prefix_truncate_zero_pad_before_qwen_resample,full_0-8k
train_645,/root/animal-omni-kv/data/beans/interventions/dogs_all/lp_0-1000/train_645.wav,Luke,train,645,Luke-P-1d.wav,290677c014a23040881b14bc266b9399e41754fc96b44fe6eb7f66c8dfa707e5,hf:beans_dogs/train-00001-of-00002.parquet,10.0,mono_mean_prefix_truncate_zero_pad_before_qwen_resample,lp_0-1000
train_647,/root/animal-omni-kv/data/beans/interventions/dogs_all/full_0-8k/train_647.wav,Luke,train,647,Luke-C-1e.wav,647544c8bc8ab472262e5518e1b0137bb9a194e348d787a949d58d15fc822e3e,hf:beans_dogs/train-00001-of-00002.parquet,10.0,mono_mean_prefix_truncate_zero_pad_before_qwen_resample,full_0-8k
train_647,/root/animal-omni-kv/data/beans/interventions/dogs_all/lp_0-1000/train_647.wav,Luke,train,647,Luke-C-1e.wav,647544c8bc8ab472262e5518e1b0137bb9a194e348d787a949d58d15fc822e3e,hf:beans_dogs/train-00001-of-00002.parquet,10.0,mono_mean_prefix_truncate_zero_pad_before_qwen_resample,lp_0-1000
train_649,/root/animal-omni-kv/data/beans/interventions/dogs_all/full_0-8k/train_649.wav,Luke,train,649,Luke-C-1g.wav,08fff57e2bc413f5831c3f474bfd6f90c8b0bf0f335f259a0b588736603dedc8,hf:beans_dogs/train-00001-of-00002.parquet,10.0,mono_mean_prefix_truncate_zero_pad_before_qwen_resample,full_0-8k
train_649,/root/animal-omni-kv/data/beans/interventions/dogs_all/lp_0-1000/train_649.wav,Luke,train,649,Luke-C-1g.wav,08fff57e2bc413f5831c3f474bfd6f90c8b0bf0f335f259a0b588736603dedc8,hf:beans_dogs/train-00001-of-00002.parquet,10.0,mono_mean_prefix_truncate_zero_pad_before_qwen_resample,lp_0-1000
train_651,/root/animal-omni-kv/data/beans/interventions/dogs_all/full_0-8k/train_651.wav,Luke,train,651,Luke-P-1c.wav,e01fa7cf526beb6ae4bcaf7300beb32e5bddf382d0696e839f543d7ce88c73a0,hf:beans_dogs/train-00001-of-00002.parquet,10.0,mono_mean_prefix_truncate_zero_pad_before_qwen_resample,full_0-8k
train_651,/root/animal-omni-kv/data/beans/interventions/dogs_all/lp_0-1000/train_651.wav,Luke,train,651,Luke-P-1c.wav,e01fa7cf526beb6ae4bcaf7300beb32e5bddf382d0696e839f543d7ce88c73a0,hf:beans_dogs/train-00001-of-00002.parquet,10.0,mono_mean_prefix_truncate_zero_pad_before_qwen_resample,lp_0-1000
train_652,/root/animal-omni-kv/data/beans/interventions/dogs_all/full_0-8k/train_652.wav,Luke,train,652,Luke-C-1i.wav,040dbbd2ca3fe809cbaa03f02303b9fdc3980fd87787ab0200c20483cd6e6748,hf:beans_dogs/train-00001-of-00002.parquet,10.0,mono_mean_prefix_truncate_zero_pad_before_qwen_resample,full_0-8k
train_652,/root/animal-omni-kv/data/beans/interventions/dogs_all/lp_0-1000/train_652.wav,Luke,train,652,Luke-C-1i.wav,040dbbd2ca3fe809cbaa03f02303b9fdc3980fd87787ab0200c20483cd6e6748,hf:beans_dogs/train-00001-of-00002.parquet,10.0,mono_mean_prefix_truncate_zero_pad_before_qwen_resample,lp_0-1000
train_655,/root/animal-omni-kv/data/beans/interventions/dogs_all/full_0-8k/train_655.wav,Luke,train,655,Luke-C-1c.wav,9e13d2075791faa8d1a56578419932cc6dd54bd50dfda45d4f6d43e26082cf69,hf:beans_dogs/train-00001-of-00002.parquet,10.0,mono_mean_prefix_truncate_zero_pad_before_qwen_resample,full_0-8k
train_655,/root/animal-omni-kv/data/beans/interventions/dogs_all/lp_0-1000/train_655.wav,Luke,train,655,Luke-C-1c.wav,9e13d2075791faa8d1a56578419932cc6dd54bd50dfda45d4f6d43e26082cf69,hf:beans_dogs/train-00001-of-00002.parquet,10.0,mono_mean_prefix_truncate_zero_pad_before_qwen_resample,lp_0-1000
train_656,/root/animal-omni-kv/data/beans/interventions/dogs_all/full_0-8k/train_656.wav,Luke,train,656,Luke-C-1d.wav,d0e7cc7f0cf89a9ec614c4a676edef251a8d25dc67337105331f16033c4c3d69,hf:beans_dogs/train-00001-of-00002.parquet,10.0,mono_mean_prefix_truncate_zero_pad_before_qwen_resample,full_0-8k
train_656,/root/animal-omni-kv/data/beans/interventions/dogs_all/lp_0-1000/train_656.wav,Luke,train,656,Luke-C-1d.wav,d0e7cc7f0cf89a9ec614c4a676edef251a8d25dc67337105331f16033c4c3d69,hf:beans_dogs/train-00001-of-00002.parquet,10.0,mono_mean_prefix_truncate_zero_pad_before_qwen_resample,lp_0-1000
train_658,/root/animal-omni-kv/data/beans/interventions/dogs_all/full_0-8k/train_658.wav,Luke,train,658,Luke-P-1f.wav,7516993bb638a55471bd18364f177dfa6bef3b4250d08f6f4aa20966cf3adb33,hf:beans_dogs/train-00001-of-00002.parquet,10.0,mono_mean_prefix_truncate_zero_pad_before_qwen_resample,full_0-8k
train_658,/root/animal-omni-kv/data/beans/interventions/dogs_all/lp_0-1000/train_658.wav,Luke,train,658,Luke-P-1f.wav,7516993bb638a55471bd18364f177dfa6bef3b4250d08f6f4aa20966cf3adb33,hf:beans_dogs/train-00001-of-00002.parquet,10.0,mono_mean_prefix_truncate_zero_pad_before_qwen_resample,lp_0-1000
train_660,/root/animal-omni-kv/data/beans/interventions/dogs_all/full_0-8k/train_660.wav,Luke,train,660,Luke-A-1q.wav,f2f20eaf0b42e5a6b583658fc1c67b49ed888729c9ebf60e462b6f24917aedac,hf:beans_dogs/train-00001-of-00002.parquet,10.0,mono_mean_prefix_truncate_zero_pad_before_qwen_resample,full_0-8k
train_660,/root/animal-omni-kv/data/beans/interventions/dogs_all/lp_0-1000/train_660.wav,Luke,train,660,Luke-A-1q.wav,f2f20eaf0b42e5a6b583658fc1c67b49ed888729c9ebf60e462b6f24917aedac,hf:beans_dogs/train-00001-of-00002.parquet,10.0,mono_mean_prefix_truncate_zero_pad_before_qwen_resample,lp_0-1000
train_661,/root/animal-omni-kv/data/beans/interventions/dogs_all/full_0-8k/train_661.wav,Luke,train,661,Luke-C-1n.wav,7f6968b65a590de0b13b1901db1bf2b700c953bfbb78e393d217bbbcf513937f,hf:beans_dogs/train-00001-of-00002.parquet,10.0,mono_mean_prefix_truncate_zero_pad_before_qwen_resample,full_0-8k
train_661,/root/animal-omni-kv/data/beans/interventions/dogs_all/lp_0-1000/train_661.wav,Luke,train,661,Luke-C-1n.wav,7f6968b65a590de0b13b1901db1bf2b700c953bfbb78e393d217bbbcf513937f,hf:beans_dogs/train-00001-of-00002.parquet,10.0,mono_mean_prefix_truncate_zero_pad_before_qwen_resample,lp_0-1000
train_662,/root/animal-omni-kv/data/beans/interventions/dogs_all/full_0-8k/train_662.wav,Luke,train,662,Luke-C-1m.wav,71cc7c6c9287ba6d48c253dc7623fddb8f80a8dc0d592f787480a486d7464ebf,hf:beans_dogs/train-00001-of-00002.parquet,10.0,mono_mean_prefix_truncate_zero_pad_before_qwen_resample,full_0-8k
train_662,/root/animal-omni-kv/data/beans/interventions/dogs_all/lp_0-1000/train_662.wav,Luke,train,662,Luke-C-1m.wav,71cc7c6c9287ba6d48c253dc7623fddb8f80a8dc0d592f787480a486d7464ebf,hf:beans_dogs/train-00001-of-00002.parquet,10.0,mono_mean_prefix_truncate_zero_pad_before_qwen_resample,lp_0-1000
train_663,/root/animal-omni-kv/data/beans/interventions/dogs_all/full_0-8k/train_663.wav,Luke,train,663,luke-C-1p.wav,dd1516389ab46f24ae5107e54ecf35dd7ef7f92ded84123202c51db35b0eed32,hf:beans_dogs/train-00001-of-00002.parquet,10.0,mono_mean_prefix_truncate_zero_pad_before_qwen_resample,full_0-8k
train_663,/root/animal-omni-kv/data/beans/interventions/dogs_all/lp_0-1000/train_663.wav,Luke,train,663,luke-C-1p.wav,dd1516389ab46f24ae5107e54ecf35dd7ef7f92ded84123202c51db35b0eed32,hf:beans_dogs/train-00001-of-00002.parquet,10.0,mono_mean_prefix_truncate_zero_pad_before_qwen_resample,lp_0-1000
train_664,/root/animal-omni-kv/data/beans/interventions/dogs_all/full_0-8k/train_664.wav,Luke,train,664,Luke-C-1j.wav,22ee61e646fc47a6a18267340d74fbd6101f44dc9e043690e67a1360cc264d34,hf:beans_dogs/train-00001-of-00002.parquet,10.0,mono_mean_prefix_truncate_zero_pad_before_qwen_resample,full_0-8k
train_664,/root/animal-omni-kv/data/beans/interventions/dogs_all/lp_0-1000/train_664.wav,Luke,train,664,Luke-C-1j.wav,22ee61e646fc47a6a18267340d74fbd6101f44dc9e043690e67a1360cc264d34,hf:beans_dogs/train-00001-of-00002.parquet,10.0,mono_mean_prefix_truncate_zero_pad_before_qwen_resample,lp_0-1000
train_670,/root/animal-omni-kv/data/beans/interventions/dogs_all/full_0-8k/train_670.wav,Luke,train,670,Luke-5-C-5n.wav,2c1725ebe30e43c99512249dd3783842980189a081e0ebf8e85d7ec5cf231b09,hf:beans_dogs/train-00001-of-00002.parquet,10.0,mono_mean_prefix_truncate_zero_pad_before_qwen_resample,full_0-8k
train_670,/root/animal-omni-kv/data/beans/interventions/dogs_all/lp_0-1000/train_670.wav,Luke,train,670,Luke-5-C-5n.wav,2c1725ebe30e43c99512249dd3783842980189a081e0ebf8e85d7ec5cf231b09,hf:beans_dogs/train-00001-of-00002.parquet,10.0,mono_mean_prefix_truncate_zero_pad_before_qwen_resample,lp_0-1000
train_671,/root/animal-omni-kv/data/beans/interventions/dogs_all/full_0-8k/train_671.wav,Luke,train,671,Luke-5-A-4a.wav,43ac3a4b94f3f0d63c35840ef0ac1efec9153c36ddd74f1d0bfff4c65baf6644,hf:beans_dogs/train-00001-of-00002.parquet,10.0,mono_mean_prefix_truncate_zero_pad_before_qwen_resample,full_0-8k
train_671,/root/animal-omni-kv/data/beans/interventions/dogs_all/lp_0-1000/train_671.wav,Luke,train,671,Luke-5-A-4a.wav,43ac3a4b94f3f0d63c35840ef0ac1efec9153c36ddd74f1d0bfff4c65baf6644,hf:beans_dogs/train-00001-of-00002.parquet,10.0,mono_mean_prefix_truncate_zero_pad_before_qwen_resample,lp_0-1000
train_673,/root/animal-omni-kv/data/beans/interventions/dogs_all/full_0-8k/train_673.wav,Luke,train,673,Luke-5-C-5d.wav,6097ae8842ab121ab8313917bedfc875d3846618affa79686dc772a65fb6810e,hf:beans_dogs/train-00001-of-00002.parquet,10.0,mono_mean_prefix_truncate_zero_pad_before_qwen_resample,full_0-8k
train_673,/root/animal-omni-kv/data/beans/interventions/dogs_all/lp_0-1000/train_673.wav,Luke,train,673,Luke-5-C-5d.wav,6097ae8842ab121ab8313917bedfc875d3846618affa79686dc772a65fb6810e,hf:beans_dogs/train-00001-of-00002.parquet,10.0,mono_mean_prefix_truncate_zero_pad_before_qwen_resample,lp_0-1000
train_675,/root/animal-omni-kv/data/beans/interventions/dogs_all/full_0-8k/train_675.wav,Luke,train,675,Luke-5-C-5g.wav,17f8aeb70c7441718091998dca5ec62f041496e6f7633723e158dede7d2071c2,hf:beans_dogs/train-00001-of-00002.parquet,10.0,mono_mean_prefix_truncate_zero_pad_before_qwen_resample,full_0-8k
train_675,/root/animal-omni-kv/data/beans/interventions/dogs_all/lp_0-1000/train_675.wav,Luke,train,675,Luke-5-C-5g.wav,17f8aeb70c7441718091998dca5ec62f041496e6f7633723e158dede7d2071c2,hf:beans_dogs/train-00001-of-00002.parquet,10.0,mono_mean_prefix_truncate_zero_pad_before_qwen_resample,lp_0-1000
train_677,/root/animal-omni-kv/data/beans/interventions/dogs_all/full_0-8k/train_677.wav,Luke,train,677,luke-5-C-5m.wav,7f3a7a9f015afe8db524edbabffbbec7326dc279d23aa4241ed09c59e618791a,hf:beans_dogs/train-00001-of-00002.parquet,10.0,mono_mean_prefix_truncate_zero_pad_before_qwen_resample,full_0-8k
train_677,/root/animal-omni-kv/data/beans/interventions/dogs_all/lp_0-1000/train_677.wav,Luke,train,677,luke-5-C-5m.wav,7f3a7a9f015afe8db524edbabffbbec7326dc279d23aa4241ed09c59e618791a,hf:beans_dogs/train-00001-of-00002.parquet,10.0,mono_mean_prefix_truncate_zero_pad_before_qwen_resample,lp_0-1000
train_678,/root/animal-omni-kv/data/beans/interventions/dogs_all/full_0-8k/train_678.wav,Luke,train,678,Luke-5-C-5b.wav,5a91d66d284e3872e27d6036932d34f27de85f4da607d1d27e85762949b17777,hf:beans_dogs/train-00001-of-00002.parquet,10.0,mono_mean_prefix_truncate_zero_pad_before_qwen_resample,full_0-8k
train_678,/root/animal-omni-kv/data/beans/interventions/dogs_all/lp_0-1000/train_678.wav,Luke,train,678,Luke-5-C-5b.wav,5a91d66d284e3872e27d6036932d34f27de85f4da607d1d27e85762949b17777,hf:beans_dogs/train-00001-of-00002.parquet,10.0,mono_mean_prefix_truncate_zero_pad_before_qwen_resample,lp_0-1000
train_679,/root/animal-omni-kv/data/beans/interventions/dogs_all/full_0-8k/train_679.wav,Luke,train,679,Luke-5-C-5c.wav,3b475069d5f8f0eb3e1381df298d7c36a50062197f2ca4378a4f91399c855c52,hf:beans_dogs/train-00001-of-00002.parquet,10.0,mono_mean_prefix_truncate_zero_pad_before_qwen_resample,full_0-8k
train_679,/root/animal-omni-kv/data/beans/interventions/dogs_all/lp_0-1000/train_679.wav,Luke,train,679,Luke-5-C-5c.wav,3b475069d5f8f0eb3e1381df298d7c36a50062197f2ca4378a4f91399c855c52,hf:beans_dogs/train-00001-of-00002.parquet,10.0,mono_mean_prefix_truncate_zero_pad_before_qwen_resample,lp_0-1000
train_687,/root/animal-omni-kv/data/beans/interventions/dogs_all/full_0-8k/train_687.wav,Freid,train,687,Freid-A-3.1 .wav,a9659510d1e5b44c91d07cb2c30514e6bc461b543e79e503f7bf0748bef0b752,hf:beans_dogs/train-00001-of-00002.parquet,10.0,mono_mean_prefix_truncate_zero_pad_before_qwen_resample,full_0-8k
train_687,/root/animal-omni-kv/data/beans/interventions/dogs_all/lp_0-1000/train_687.wav,Freid,train,687,Freid-A-3.1 .wav,a9659510d1e5b44c91d07cb2c30514e6bc461b543e79e503f7bf0748bef0b752,hf:beans_dogs/train-00001-of-00002.parquet,10.0,mono_mean_prefix_truncate_zero_pad_before_qwen_resample,lp_0-1000
train_688,/root/animal-omni-kv/data/beans/interventions/dogs_all/full_0-8k/train_688.wav,Freid,train,688,Freid-P-8d.wav,e338f74fda060bc594fc45c824bf7bf5fc36c03e4ff9f50fc1032714a26ca984,hf:beans_dogs/train-00001-of-00002.parquet,10.0,mono_mean_prefix_truncate_zero_pad_before_qwen_resample,full_0-8k
train_688,/root/animal-omni-kv/data/beans/interventions/dogs_all/lp_0-1000/train_688.wav,Freid,train,688,Freid-P-8d.wav,e338f74fda060bc594fc45c824bf7bf5fc36c03e4ff9f50fc1032714a26ca984,hf:beans_dogs/train-00001-of-00002.parquet,10.0,mono_mean_prefix_truncate_zero_pad_before_qwen_resample,lp_0-1000
train_689,/root/animal-omni-kv/data/beans/interventions/dogs_all/full_0-8k/train_689.wav,Freid,train,689,Freid-P-8b.wav,0d54f5e3996fef37d152cc88b5e12c47db3f6f9a1b143392f8289a7fbbf4f6fa,hf:beans_dogs/train-00001-of-00002.parquet,10.0,mono_mean_prefix_truncate_zero_pad_before_qwen_resample,full_0-8k
train_689,/root/animal-omni-kv/data/beans/interventions/dogs_all/lp_0-1000/train_689.wav,Freid,train,689,Freid-P-8b.wav,0d54f5e3996fef37d152cc88b5e12c47db3f6f9a1b143392f8289a7fbbf4f6fa,hf:beans_dogs/train-00001-of-00002.parquet,10.0,mono_mean_prefix_truncate_zero_pad_before_qwen_resample,lp_0-1000
train_690,/root/animal-omni-kv/data/beans/interventions/dogs_all/full_0-8k/train_690.wav,Freid,train,690,Freid-P-8c.wav,5ac89c50088f19e2ccea90ff6bc2eca2dfa51e3f8c30c232a43ce7d4ee677db8,hf:beans_dogs/train-00001-of-00002.parquet,10.0,mono_mean_prefix_truncate_zero_pad_before_qwen_resample,full_0-8k
train_690,/root/animal-omni-kv/data/beans/interventions/dogs_all/lp_0-1000/train_690.wav,Freid,train,690,Freid-P-8c.wav,5ac89c50088f19e2ccea90ff6bc2eca2dfa51e3f8c30c232a43ce7d4ee677db8,hf:beans_dogs/train-00001-of-00002.parquet,10.0,mono_mean_prefix_truncate_zero_pad_before_qwen_resample,lp_0-1000
train_691,/root/animal-omni-kv/data/beans/interventions/dogs_all/full_0-8k/train_691.wav,Freid,train,691,Fried-P-8a.wav,2727d0a83611a10f7aafa68bdfad55966f0da45746afcafa7d321a6daf4aae76,hf:beans_dogs/train-00001-of-00002.parquet,10.0,mono_mean_prefix_truncate_zero_pad_before_qwen_resample,full_0-8k
train_691,/root/animal-omni-kv/data/beans/interventions/dogs_all/lp_0-1000/train_691.wav,Freid,train,691,Fried-P-8a.wav,2727d0a83611a10f7aafa68bdfad55966f0da45746afcafa7d321a6daf4aae76,hf:beans_dogs/train-00001-of-00002.parquet,10.0,mono_mean_prefix_truncate_zero_pad_before_qwen_resample,lp_0-1000
valid_4,/root/animal-omni-kv/data/beans/interventions/dogs_all/full_0-8k/valid_4.wav,Mac,valid,4,Mac-2-A-2a..wav,89fe6f8399bc641158d1ac84e1f702fc45b35a23ee9f8ac4948fe98a7a88d2d0,hf:beans_dogs/valid-00000-of-00001.parquet,10.0,mono_mean_prefix_truncate_zero_pad_before_qwen_resample,full_0-8k
valid_4,/root/animal-omni-kv/data/beans/interventions/dogs_all/lp_0-1000/valid_4.wav,Mac,valid,4,Mac-2-A-2a..wav,89fe6f8399bc641158d1ac84e1f702fc45b35a23ee9f8ac4948fe98a7a88d2d0,hf:beans_dogs/valid-00000-of-00001.parquet,10.0,mono_mean_prefix_truncate_zero_pad_before_qwen_resample,lp_0-1000
valid_7,/root/animal-omni-kv/data/beans/interventions/dogs_all/full_0-8k/valid_7.wav,Mac,valid,7,Mac-2-P-2a.wav,06af4eb9960c5c68c2c3171e757eddf3a574397b9d4e75366bad9a99e42036f0,hf:beans_dogs/valid-00000-of-00001.parquet,10.0,mono_mean_prefix_truncate_zero_pad_before_qwen_resample,full_0-8k
valid_7,/root/animal-omni-kv/data/beans/interventions/dogs_all/lp_0-1000/valid_7.wav,Mac,valid,7,Mac-2-P-2a.wav,06af4eb9960c5c68c2c3171e757eddf3a574397b9d4e75366bad9a99e42036f0,hf:beans_dogs/valid-00000-of-00001.parquet,10.0,mono_mean_prefix_truncate_zero_pad_before_qwen_resample,lp_0-1000
valid_13,/root/animal-omni-kv/data/beans/interventions/dogs_all/full_0-8k/valid_13.wav,Mac,valid,13,Mac-8-P-8c.wav,c9fd416b221d63b621441498096fafa45a6e4eab221d2d61fd93bf48d6413bb5,hf:beans_dogs/valid-00000-of-00001.parquet,10.0,mono_mean_prefix_truncate_zero_pad_before_qwen_resample,full_0-8k
valid_13,/root/animal-omni-kv/data/beans/interventions/dogs_all/lp_0-1000/valid_13.wav,Mac,valid,13,Mac-8-P-8c.wav,c9fd416b221d63b621441498096fafa45a6e4eab221d2d61fd93bf48d6413bb5,hf:beans_dogs/valid-00000-of-00001.parquet,10.0,mono_mean_prefix_truncate_zero_pad_before_qwen_resample,lp_0-1000
valid_21,/root/animal-omni-kv/data/beans/interventions/dogs_all/full_0-8k/valid_21.wav,Mac,valid,21,Mac-7-A-7.wav,2701ea950dca9923c1235b383cf4aaf50c2f20a364b2614e5642b9f43ee2684e,hf:beans_dogs/valid-00000-of-00001.parquet,10.0,mono_mean_prefix_truncate_zero_pad_before_qwen_resample,full_0-8k
valid_21,/root/animal-omni-kv/data/beans/interventions/dogs_all/lp_0-1000/valid_21.wav,Mac,valid,21,Mac-7-A-7.wav,2701ea950dca9923c1235b383cf4aaf50c2f20a364b2614e5642b9f43ee2684e,hf:beans_dogs/valid-00000-of-00001.parquet,10.0,mono_mean_prefix_truncate_zero_pad_before_qwen_resample,lp_0-1000
valid_26,/root/animal-omni-kv/data/beans/interventions/dogs_all/full_0-8k/valid_26.wav,Mac,valid,26,Mac-9-C-7c.wav,658b3ac38e68a2d114c74f38cf68f7e6e074be4aaad4b7bff8bbd792b3daeca9,hf:beans_dogs/valid-00000-of-00001.parquet,10.0,mono_mean_prefix_truncate_zero_pad_before_qwen_resample,full_0-8k
valid_26,/root/animal-omni-kv/data/beans/interventions/dogs_all/lp_0-1000/valid_26.wav,Mac,valid,26,Mac-9-C-7c.wav,658b3ac38e68a2d114c74f38cf68f7e6e074be4aaad4b7bff8bbd792b3daeca9,hf:beans_dogs/valid-00000-of-00001.parquet,10.0,mono_mean_prefix_truncate_zero_pad_before_qwen_resample,lp_0-1000
valid_27,/root/animal-omni-kv/data/beans/interventions/dogs_all/full_0-8k/valid_27.wav,Mac,valid,27,Mac-9-C-7h.wav,e1d54d6702b1868b65cb8740bc9bd7aada4ae9f78ee104298eba02ff121d1d17,hf:beans_dogs/valid-00000-of-00001.parquet,10.0,mono_mean_prefix_truncate_zero_pad_before_qwen_resample,full_0-8k
valid_27,/root/animal-omni-kv/data/beans/interventions/dogs_all/lp_0-1000/valid_27.wav,Mac,valid,27,Mac-9-C-7h.wav,e1d54d6702b1868b65cb8740bc9bd7aada4ae9f78ee104298eba02ff121d1d17,hf:beans_dogs/valid-00000-of-00001.parquet,10.0,mono_mean_prefix_truncate_zero_pad_before_qwen_resample,lp_0-1000
valid_29,/root/animal-omni-kv/data/beans/interventions/dogs_all/full_0-8k/valid_29.wav,Mac,valid,29,Mac-9-P-9d.wav,994bf0046a4c11fd6a8a0d44c293cb80b7af730d210dab15a63c0bd8bd6d98fe,hf:beans_dogs/valid-00000-of-00001.parquet,10.0,mono_mean_prefix_truncate_zero_pad_before_qwen_resample,full_0-8k
valid_29,/root/animal-omni-kv/data/beans/interventions/dogs_all/lp_0-1000/valid_29.wav,Mac,valid,29,Mac-9-P-9d.wav,994bf0046a4c11fd6a8a0d44c293cb80b7af730d210dab15a63c0bd8bd6d98fe,hf:beans_dogs/valid-00000-of-00001.parquet,10.0,mono_mean_prefix_truncate_zero_pad_before_qwen_resample,lp_0-1000
valid_37,/root/animal-omni-kv/data/beans/interventions/dogs_all/full_0-8k/valid_37.wav,Mac,valid,37,Mac-9-C-7d.wav,f164ce2b7a04fd1b525d02ccac63eb32efbbfa60794d90d96eb930451e035729,hf:beans_dogs/valid-00000-of-00001.parquet,10.0,mono_mean_prefix_truncate_zero_pad_before_qwen_resample,full_0-8k
valid_37,/root/animal-omni-kv/data/beans/interventions/dogs_all/lp_0-1000/valid_37.wav,Mac,valid,37,Mac-9-C-7d.wav,f164ce2b7a04fd1b525d02ccac63eb32efbbfa60794d90d96eb930451e035729,hf:beans_dogs/valid-00000-of-00001.parquet,10.0,mono_mean_prefix_truncate_zero_pad_before_qwen_resample,lp_0-1000
valid_46,/root/animal-omni-kv/data/beans/interventions/dogs_all/full_0-8k/valid_46.wav,Mac,valid,46,Mac-5-C-3b.wav,e0a90c551b22276123ff49ad26537c7510e19e8e127f7e5c7d4df6515be69ec4,hf:beans_dogs/valid-00000-of-00001.parquet,10.0,mono_mean_prefix_truncate_zero_pad_before_qwen_resample,full_0-8k
valid_46,/root/animal-omni-kv/data/beans/interventions/dogs_all/lp_0-1000/valid_46.wav,Mac,valid,46,Mac-5-C-3b.wav,e0a90c551b22276123ff49ad26537c7510e19e8e127f7e5c7d4df6515be69ec4,hf:beans_dogs/valid-00000-of-00001.parquet,10.0,mono_mean_prefix_truncate_zero_pad_before_qwen_resample,lp_0-1000
valid_47,/root/animal-omni-kv/data/beans/interventions/dogs_all/full_0-8k/valid_47.wav,Mac,valid,47,Mac-5-C-3d.wav,2630a815b983cf920cb68b37ca30f0a6805e8646e4f47e98fe33726e3c97b7f6,hf:beans_dogs/valid-00000-of-00001.parquet,10.0,mono_mean_prefix_truncate_zero_pad_before_qwen_resample,full_0-8k
valid_47,/root/animal-omni-kv/data/beans/interventions/dogs_all/lp_0-1000/valid_47.wav,Mac,valid,47,Mac-5-C-3d.wav,2630a815b983cf920cb68b37ca30f0a6805e8646e4f47e98fe33726e3c97b7f6,hf:beans_dogs/valid-00000-of-00001.parquet,10.0,mono_mean_prefix_truncate_zero_pad_before_qwen_resample,lp_0-1000
valid_50,/root/animal-omni-kv/data/beans/interventions/dogs_all/full_0-8k/valid_50.wav,Mac,valid,50,Mac-5-C-3i.wav,806e9562bd6aa5ce4ab98b8fe3c68a039340aab06cb1935169e7a4b6e630ce90,hf:beans_dogs/valid-00000-of-00001.parquet,10.0,mono_mean_prefix_truncate_zero_pad_before_qwen_resample,full_0-8k
valid_50,/root/animal-omni-kv/data/beans/interventions/dogs_all/lp_0-1000/valid_50.wav,Mac,valid,50,Mac-5-C-3i.wav,806e9562bd6aa5ce4ab98b8fe3c68a039340aab06cb1935169e7a4b6e630ce90,hf:beans_dogs/valid-00000-of-00001.parquet,10.0,mono_mean_prefix_truncate_zero_pad_before_qwen_resample,lp_0-1000
valid_57,/root/animal-omni-kv/data/beans/interventions/dogs_all/full_0-8k/valid_57.wav,Mac,valid,57,Mac-1-C-1f.wav,b2a15b3229fb7fefdeedf14f5768d947c60d85d4337c06634b104db6a72c9c06,hf:beans_dogs/valid-00000-of-00001.parquet,10.0,mono_mean_prefix_truncate_zero_pad_before_qwen_resample,full_0-8k
valid_57,/root/animal-omni-kv/data/beans/interventions/dogs_all/lp_0-1000/valid_57.wav,Mac,valid,57,Mac-1-C-1f.wav,b2a15b3229fb7fefdeedf14f5768d947c60d85d4337c06634b104db6a72c9c06,hf:beans_dogs/valid-00000-of-00001.parquet,10.0,mono_mean_prefix_truncate_zero_pad_before_qwen_resample,lp_0-1000
valid_70,/root/animal-omni-kv/data/beans/interventions/dogs_all/full_0-8k/valid_70.wav,Mac,valid,70,Mac-1-P-1b.wav,367231ae6b013f0b4be1a80d5c420c68024be8e2407b93ac5cdf0fddaacc7f10,hf:beans_dogs/valid-00000-of-00001.parquet,10.0,mono_mean_prefix_truncate_zero_pad_before_qwen_resample,full_0-8k
valid_70,/root/animal-omni-kv/data/beans/interventions/dogs_all/lp_0-1000/valid_70.wav,Mac,valid,70,Mac-1-P-1b.wav,367231ae6b013f0b4be1a80d5c420c68024be8e2407b93ac5cdf0fddaacc7f10,hf:beans_dogs/valid-00000-of-00001.parquet,10.0,mono_mean_prefix_truncate_zero_pad_before_qwen_resample,lp_0-1000
valid_71,/root/animal-omni-kv/data/beans/interventions/dogs_all/full_0-8k/valid_71.wav,Mac,valid,71,Mac-10-C-8a.wav,5dd0af3ed7d76447232edeb835be24481635fba06f7fd471bce43367ab2614a5,hf:beans_dogs/valid-00000-of-00001.parquet,10.0,mono_mean_prefix_truncate_zero_pad_before_qwen_resample,full_0-8k
valid_71,/root/animal-omni-kv/data/beans/interventions/dogs_all/lp_0-1000/valid_71.wav,Mac,valid,71,Mac-10-C-8a.wav,5dd0af3ed7d76447232edeb835be24481635fba06f7fd471bce43367ab2614a5,hf:beans_dogs/valid-00000-of-00001.parquet,10.0,mono_mean_prefix_truncate_zero_pad_before_qwen_resample,lp_0-1000
valid_75,/root/animal-omni-kv/data/beans/interventions/dogs_all/full_0-8k/valid_75.wav,Mac,valid,75,Mac-10-A-10.wav,6e714916dacc89b2512dad77a49ca566a96f020a787f7e3ed49f9ca4ec302bf0,hf:beans_dogs/valid-00000-of-00001.parquet,10.0,mono_mean_prefix_truncate_zero_pad_before_qwen_resample,full_0-8k
valid_75,/root/animal-omni-kv/data/beans/interventions/dogs_all/lp_0-1000/valid_75.wav,Mac,valid,75,Mac-10-A-10.wav,6e714916dacc89b2512dad77a49ca566a96f020a787f7e3ed49f9ca4ec302bf0,hf:beans_dogs/valid-00000-of-00001.parquet,10.0,mono_mean_prefix_truncate_zero_pad_before_qwen_resample,lp_0-1000
valid_77,/root/animal-omni-kv/data/beans/interventions/dogs_all/full_0-8k/valid_77.wav,Mac,valid,77,Mac-10-P-10a.wav,54aec9581e864f65ce059459317c03b38eb94b201078a9f86995571ff0f294a7,hf:beans_dogs/valid-00000-of-00001.parquet,10.0,mono_mean_prefix_truncate_zero_pad_before_qwen_resample,full_0-8k
valid_77,/root/animal-omni-kv/data/beans/interventions/dogs_all/lp_0-1000/valid_77.wav,Mac,valid,77,Mac-10-P-10a.wav,54aec9581e864f65ce059459317c03b38eb94b201078a9f86995571ff0f294a7,hf:beans_dogs/valid-00000-of-00001.parquet,10.0,mono_mean_prefix_truncate_zero_pad_before_qwen_resample,lp_0-1000
valid_79,/root/animal-omni-kv/data/beans/interventions/dogs_all/full_0-8k/valid_79.wav,Mac,valid,79,Mac-6-P-6c.wav,df8161a4b681f84e2eea91a46bdc92d8cf2812a25731b8d75e3da728668e8d6d,hf:beans_dogs/valid-00000-of-00001.parquet,10.0,mono_mean_prefix_truncate_zero_pad_before_qwen_resample,full_0-8k
valid_79,/root/animal-omni-kv/data/beans/interventions/dogs_all/lp_0-1000/valid_79.wav,Mac,valid,79,Mac-6-P-6c.wav,df8161a4b681f84e2eea91a46bdc92d8cf2812a25731b8d75e3da728668e8d6d,hf:beans_dogs/valid-00000-of-00001.parquet,10.0,mono_mean_prefix_truncate_zero_pad_before_qwen_resample,lp_0-1000
valid_89,/root/animal-omni-kv/data/beans/interventions/dogs_all/full_0-8k/valid_89.wav,Rudy,valid,89,Rudy-2-P-2a.wav,c5e84480ecb0306a341466cf33c78bfd825c77ec03a3b20ec2f4f7deb74abc61,hf:beans_dogs/valid-00000-of-00001.parquet,10.0,mono_mean_prefix_truncate_zero_pad_before_qwen_resample,full_0-8k
valid_89,/root/animal-omni-kv/data/beans/interventions/dogs_all/lp_0-1000/valid_89.wav,Rudy,valid,89,Rudy-2-P-2a.wav,c5e84480ecb0306a341466cf33c78bfd825c77ec03a3b20ec2f4f7deb74abc61,hf:beans_dogs/valid-00000-of-00001.parquet,10.0,mono_mean_prefix_truncate_zero_pad_before_qwen_resample,lp_0-1000
valid_96,/root/animal-omni-kv/data/beans/interventions/dogs_all/full_0-8k/valid_96.wav,Rudy,valid,96,Rudy-1-A-1b.wav,343663e7e48c8837377891dea6c1934193f5dd7d27e808dcc3b98b57cc98fac8,hf:beans_dogs/valid-00000-of-00001.parquet,10.0,mono_mean_prefix_truncate_zero_pad_before_qwen_resample,full_0-8k
valid_96,/root/animal-omni-kv/data/beans/interventions/dogs_all/lp_0-1000/valid_96.wav,Rudy,valid,96,Rudy-1-A-1b.wav,343663e7e48c8837377891dea6c1934193f5dd7d27e808dcc3b98b57cc98fac8,hf:beans_dogs/valid-00000-of-00001.parquet,10.0,mono_mean_prefix_truncate_zero_pad_before_qwen_resample,lp_0-1000
valid_98,/root/animal-omni-kv/data/beans/interventions/dogs_all/full_0-8k/valid_98.wav,Rudy,valid,98,Rudy-5-P-5b.wav,c98b30d09bdf4ab7c33e7218a93dc421d5cf934f522fdd86662c026099ffbf14,hf:beans_dogs/valid-00000-of-00001.parquet,10.0,mono_mean_prefix_truncate_zero_pad_before_qwen_resample,full_0-8k
valid_98,/root/animal-omni-kv/data/beans/interventions/dogs_all/lp_0-1000/valid_98.wav,Rudy,valid,98,Rudy-5-P-5b.wav,c98b30d09bdf4ab7c33e7218a93dc421d5cf934f522fdd86662c026099ffbf14,hf:beans_dogs/valid-00000-of-00001.parquet,10.0,mono_mean_prefix_truncate_zero_pad_before_qwen_resample,lp_0-1000
valid_102,/root/animal-omni-kv/data/beans/interventions/dogs_all/full_0-8k/valid_102.wav,Rudy,valid,102,Rudy-3-P-3e.wav,f4a079810f18fb9610c77196ea7db236c02a0ba557590f9bd85fe1b751acd7de,hf:beans_dogs/valid-00000-of-00001.parquet,10.0,mono_mean_prefix_truncate_zero_pad_before_qwen_resample,full_0-8k
valid_102,/root/animal-omni-kv/data/beans/interventions/dogs_all/lp_0-1000/valid_102.wav,Rudy,valid,102,Rudy-3-P-3e.wav,f4a079810f18fb9610c77196ea7db236c02a0ba557590f9bd85fe1b751acd7de,hf:beans_dogs/valid-00000-of-00001.parquet,10.0,mono_mean_prefix_truncate_zero_pad_before_qwen_resample,lp_0-1000
valid_119,/root/animal-omni-kv/data/beans/interventions/dogs_all/full_0-8k/valid_119.wav,Siggy,valid,119,Siggy-5-P-5d.wav,1dabb045807687e17731ca3f6d78761e009d29888ae654ab76ca092e3fd0c33d,hf:beans_dogs/valid-00000-of-00001.parquet,10.0,mono_mean_prefix_truncate_zero_pad_before_qwen_resample,full_0-8k
valid_119,/root/animal-omni-kv/data/beans/interventions/dogs_all/lp_0-1000/valid_119.wav,Siggy,valid,119,Siggy-5-P-5d.wav,1dabb045807687e17731ca3f6d78761e009d29888ae654ab76ca092e3fd0c33d,hf:beans_dogs/valid-00000-of-00001.parquet,10.0,mono_mean_prefix_truncate_zero_pad_before_qwen_resample,lp_0-1000
valid_125,/root/animal-omni-kv/data/beans/interventions/dogs_all/full_0-8k/valid_125.wav,Siggy,valid,125,Siggy-7-P-7b.wav,b90dcb93f637c881aa680e800a1eb1c28f9cf72fbfcf662034cd8349dae0e092,hf:beans_dogs/valid-00000-of-00001.parquet,10.0,mono_mean_prefix_truncate_zero_pad_before_qwen_resample,full_0-8k
valid_125,/root/animal-omni-kv/data/beans/interventions/dogs_all/lp_0-1000/valid_125.wav,Siggy,valid,125,Siggy-7-P-7b.wav,b90dcb93f637c881aa680e800a1eb1c28f9cf72fbfcf662034cd8349dae0e092,hf:beans_dogs/valid-00000-of-00001.parquet,10.0,mono_mean_prefix_truncate_zero_pad_before_qwen_resample,lp_0-1000
valid_128,/root/animal-omni-kv/data/beans/interventions/dogs_all/full_0-8k/valid_128.wav,Siggy,valid,128,Siggy-7-A-7.wav,817b7a1e1f4b80fe18fce8c5a121f3c1a13539450de5ad18bad075695976dcc1,hf:beans_dogs/valid-00000-of-00001.parquet,10.0,mono_mean_prefix_truncate_zero_pad_before_qwen_resample,full_0-8k
valid_128,/root/animal-omni-kv/data/beans/interventions/dogs_all/lp_0-1000/valid_128.wav,Siggy,valid,128,Siggy-7-A-7.wav,817b7a1e1f4b80fe18fce8c5a121f3c1a13539450de5ad18bad075695976dcc1,hf:beans_dogs/valid-00000-of-00001.parquet,10.0,mono_mean_prefix_truncate_zero_pad_before_qwen_resample,lp_0-1000
valid_142,/root/animal-omni-kv/data/beans/interventions/dogs_all/full_0-8k/valid_142.wav,Siggy,valid,142,Siggy-2-P-2.wav,bd87c83cb0932b3daed345e1ec0b0a229ca0258685135d951f4a62092e321d42,hf:beans_dogs/valid-00000-of-00001.parquet,10.0,mono_mean_prefix_truncate_zero_pad_before_qwen_resample,full_0-8k
valid_142,/root/animal-omni-kv/data/beans/interventions/dogs_all/lp_0-1000/valid_142.wav,Siggy,valid,142,Siggy-2-P-2.wav,bd87c83cb0932b3daed345e1ec0b0a229ca0258685135d951f4a62092e321d42,hf:beans_dogs/valid-00000-of-00001.parquet,10.0,mono_mean_prefix_truncate_zero_pad_before_qwen_resample,lp_0-1000
valid_154,/root/animal-omni-kv/data/beans/interventions/dogs_all/full_0-8k/valid_154.wav,Siggy,valid,154,Siggy-1-C-1a.wav,e388369d795f2e1101e64a3c151e8f0c722bc6b7583fc90cf15e8d24f3645068,hf:beans_dogs/valid-00000-of-00001.parquet,10.0,mono_mean_prefix_truncate_zero_pad_before_qwen_resample,full_0-8k
valid_154,/root/animal-omni-kv/data/beans/interventions/dogs_all/lp_0-1000/valid_154.wav,Siggy,valid,154,Siggy-1-C-1a.wav,e388369d795f2e1101e64a3c151e8f0c722bc6b7583fc90cf15e8d24f3645068,hf:beans_dogs/valid-00000-of-00001.parquet,10.0,mono_mean_prefix_truncate_zero_pad_before_qwen_resample,lp_0-1000
valid_157,/root/animal-omni-kv/data/beans/interventions/dogs_all/full_0-8k/valid_157.wav,Siggy,valid,157,Siggy-3-C-3e.wav,c487eea231f65bcdec6be673dce9433a74f4eb4717f35c69a6a79db55f7461c0,hf:beans_dogs/valid-00000-of-00001.parquet,10.0,mono_mean_prefix_truncate_zero_pad_before_qwen_resample,full_0-8k
valid_157,/root/animal-omni-kv/data/beans/interventions/dogs_all/lp_0-1000/valid_157.wav,Siggy,valid,157,Siggy-3-C-3e.wav,c487eea231f65bcdec6be673dce9433a74f4eb4717f35c69a6a79db55f7461c0,hf:beans_dogs/valid-00000-of-00001.parquet,10.0,mono_mean_prefix_truncate_zero_pad_before_qwen_resample,lp_0-1000
valid_161,/root/animal-omni-kv/data/beans/interventions/dogs_all/full_0-8k/valid_161.wav,Siggy,valid,161,Siggy-3-P-3c.wav,1cbcf57d0b53ff8c75b682739a915a4364881a659f853d76d860926536ad9cdc,hf:beans_dogs/valid-00000-of-00001.parquet,10.0,mono_mean_prefix_truncate_zero_pad_before_qwen_resample,full_0-8k
valid_161,/root/animal-omni-kv/data/beans/interventions/dogs_all/lp_0-1000/valid_161.wav,Siggy,valid,161,Siggy-3-P-3c.wav,1cbcf57d0b53ff8c75b682739a915a4364881a659f853d76d860926536ad9cdc,hf:beans_dogs/valid-00000-of-00001.parquet,10.0,mono_mean_prefix_truncate_zero_pad_before_qwen_resample,lp_0-1000
valid_163,/root/animal-omni-kv/data/beans/interventions/dogs_all/full_0-8k/valid_163.wav,Siggy,valid,163,Siggy-3-C-3b.wav,6ebf8eed7e49ca452ab4768dcc6690cf1d780b89d026c8af0f2d823ba54bb5da,hf:beans_dogs/valid-00000-of-00001.parquet,10.0,mono_mean_prefix_truncate_zero_pad_before_qwen_resample,full_0-8k
valid_163,/root/animal-omni-kv/data/beans/interventions/dogs_all/lp_0-1000/valid_163.wav,Siggy,valid,163,Siggy-3-C-3b.wav,6ebf8eed7e49ca452ab4768dcc6690cf1d780b89d026c8af0f2d823ba54bb5da,hf:beans_dogs/valid-00000-of-00001.parquet,10.0,mono_mean_prefix_truncate_zero_pad_before_qwen_resample,lp_0-1000
valid_166,/root/animal-omni-kv/data/beans/interventions/dogs_all/full_0-8k/valid_166.wav,Siggy,valid,166,Siggy-3-A-3.wav,246cde08126f92e3c472e1c3d34a0be6646ad16a3c9a199b7547afd96f41d362,hf:beans_dogs/valid-00000-of-00001.parquet,10.0,mono_mean_prefix_truncate_zero_pad_before_qwen_resample,full_0-8k
valid_166,/root/animal-omni-kv/data/beans/interventions/dogs_all/lp_0-1000/valid_166.wav,Siggy,valid,166,Siggy-3-A-3.wav,246cde08126f92e3c472e1c3d34a0be6646ad16a3c9a199b7547afd96f41d362,hf:beans_dogs/valid-00000-of-00001.parquet,10.0,mono_mean_prefix_truncate_zero_pad_before_qwen_resample,lp_0-1000
valid_168,/root/animal-omni-kv/data/beans/interventions/dogs_all/full_0-8k/valid_168.wav,Siggy,valid,168,Siggy-3-C-3d.wav,ea83fb08c6caf331e0a59d476b5d5236961b0ddc93b74f1806210a9827bf5b88,hf:beans_dogs/valid-00000-of-00001.parquet,10.0,mono_mean_prefix_truncate_zero_pad_before_qwen_resample,full_0-8k
valid_168,/root/animal-omni-kv/data/beans/interventions/dogs_all/lp_0-1000/valid_168.wav,Siggy,valid,168,Siggy-3-C-3d.wav,ea83fb08c6caf331e0a59d476b5d5236961b0ddc93b74f1806210a9827bf5b88,hf:beans_dogs/valid-00000-of-00001.parquet,10.0,mono_mean_prefix_truncate_zero_pad_before_qwen_resample,lp_0-1000
valid_171,/root/animal-omni-kv/data/beans/interventions/dogs_all/full_0-8k/valid_171.wav,Siggy,valid,171,Siggy-4-C-4b.wav,bab0a01f06d88a6ce460829568a769a2c877558f8c7a50b6927f75332e3b06d0,hf:beans_dogs/valid-00000-of-00001.parquet,10.0,mono_mean_prefix_truncate_zero_pad_before_qwen_resample,full_0-8k
valid_171,/root/animal-omni-kv/data/beans/interventions/dogs_all/lp_0-1000/valid_171.wav,Siggy,valid,171,Siggy-4-C-4b.wav,bab0a01f06d88a6ce460829568a769a2c877558f8c7a50b6927f75332e3b06d0,hf:beans_dogs/valid-00000-of-00001.parquet,10.0,mono_mean_prefix_truncate_zero_pad_before_qwen_resample,lp_0-1000
valid_174,/root/animal-omni-kv/data/beans/interventions/dogs_all/full_0-8k/valid_174.wav,Siggy,valid,174,Siggy-4-C-4e.wav,e51d1edbcb5f444ef728c66a6f450a0f8e64340ab47d44d45fbbc75eeb73ab25,hf:beans_dogs/valid-00000-of-00001.parquet,10.0,mono_mean_prefix_truncate_zero_pad_before_qwen_resample,full_0-8k
valid_174,/root/animal-omni-kv/data/beans/interventions/dogs_all/lp_0-1000/valid_174.wav,Siggy,valid,174,Siggy-4-C-4e.wav,e51d1edbcb5f444ef728c66a6f450a0f8e64340ab47d44d45fbbc75eeb73ab25,hf:beans_dogs/valid-00000-of-00001.parquet,10.0,mono_mean_prefix_truncate_zero_pad_before_qwen_resample,lp_0-1000
valid_175,/root/animal-omni-kv/data/beans/interventions/dogs_all/full_0-8k/valid_175.wav,Siggy,valid,175,Siggy-4-P-4b.wav,338a3da5dc5aab8e87347d1126d1f1b7f7fd7de18fab8bd61ade663fad9cc311,hf:beans_dogs/valid-00000-of-00001.parquet,10.0,mono_mean_prefix_truncate_zero_pad_before_qwen_resample,full_0-8k
valid_175,/root/animal-omni-kv/data/beans/interventions/dogs_all/lp_0-1000/valid_175.wav,Siggy,valid,175,Siggy-4-P-4b.wav,338a3da5dc5aab8e87347d1126d1f1b7f7fd7de18fab8bd61ade663fad9cc311,hf:beans_dogs/valid-00000-of-00001.parquet,10.0,mono_mean_prefix_truncate_zero_pad_before_qwen_resample,lp_0-1000
valid_177,/root/animal-omni-kv/data/beans/interventions/dogs_all/full_0-8k/valid_177.wav,Siggy,valid,177,Siggy-4-P-4c.wav,a83fcb19916ce44c74b4ac558a7047dc70704484ad1b466a4806c3835ad7302d,hf:beans_dogs/valid-00000-of-00001.parquet,10.0,mono_mean_prefix_truncate_zero_pad_before_qwen_resample,full_0-8k
valid_177,/root/animal-omni-kv/data/beans/interventions/dogs_all/lp_0-1000/valid_177.wav,Siggy,valid,177,Siggy-4-P-4c.wav,a83fcb19916ce44c74b4ac558a7047dc70704484ad1b466a4806c3835ad7302d,hf:beans_dogs/valid-00000-of-00001.parquet,10.0,mono_mean_prefix_truncate_zero_pad_before_qwen_resample,lp_0-1000
valid_192,/root/animal-omni-kv/data/beans/interventions/dogs_all/full_0-8k/valid_192.wav,Louie,valid,192,Louie-1-C-1a.wav,537a85b096c72b9d92536b9757c42989de3e591c9d8073733cdc11b85b275b13,hf:beans_dogs/valid-00000-of-00001.parquet,10.0,mono_mean_prefix_truncate_zero_pad_before_qwen_resample,full_0-8k
valid_192,/root/animal-omni-kv/data/beans/interventions/dogs_all/lp_0-1000/valid_192.wav,Louie,valid,192,Louie-1-C-1a.wav,537a85b096c72b9d92536b9757c42989de3e591c9d8073733cdc11b85b275b13,hf:beans_dogs/valid-00000-of-00001.parquet,10.0,mono_mean_prefix_truncate_zero_pad_before_qwen_resample,lp_0-1000
valid_194,/root/animal-omni-kv/data/beans/interventions/dogs_all/full_0-8k/valid_194.wav,Louie,valid,194,Louie-4-C-4b.wav,d78ef563e1bbb06adac621026eadc08f8f64b569b5c991a9640f8e020fc6e5f4,hf:beans_dogs/valid-00000-of-00001.parquet,10.0,mono_mean_prefix_truncate_zero_pad_before_qwen_resample,full_0-8k
valid_194,/root/animal-omni-kv/data/beans/interventions/dogs_all/lp_0-1000/valid_194.wav,Louie,valid,194,Louie-4-C-4b.wav,d78ef563e1bbb06adac621026eadc08f8f64b569b5c991a9640f8e020fc6e5f4,hf:beans_dogs/valid-00000-of-00001.parquet,10.0,mono_mean_prefix_truncate_zero_pad_before_qwen_resample,lp_0-1000
valid_197,/root/animal-omni-kv/data/beans/interventions/dogs_all/full_0-8k/valid_197.wav,Louie,valid,197,Louie-4-P-4a.wav,b085353e616c49ace2ecdc9fc65356daad69f46a6152aaa405760c61443e1b07,hf:beans_dogs/valid-00000-of-00001.parquet,10.0,mono_mean_prefix_truncate_zero_pad_before_qwen_resample,full_0-8k
valid_197,/root/animal-omni-kv/data/beans/interventions/dogs_all/lp_0-1000/valid_197.wav,Louie,valid,197,Louie-4-P-4a.wav,b085353e616c49ace2ecdc9fc65356daad69f46a6152aaa405760c61443e1b07,hf:beans_dogs/valid-00000-of-00001.parquet,10.0,mono_mean_prefix_truncate_zero_pad_before_qwen_resample,lp_0-1000
valid_200,/root/animal-omni-kv/data/beans/interventions/dogs_all/full_0-8k/valid_200.wav,Louie,valid,200,Louie-3-P-3.wav,697f08d110f1440d5612c539932493a7ad1dd2bfb99d87e7b34cccb34888b286,hf:beans_dogs/valid-00000-of-00001.parquet,10.0,mono_mean_prefix_truncate_zero_pad_before_qwen_resample,full_0-8k
valid_200,/root/animal-omni-kv/data/beans/interventions/dogs_all/lp_0-1000/valid_200.wav,Louie,valid,200,Louie-3-P-3.wav,697f08d110f1440d5612c539932493a7ad1dd2bfb99d87e7b34cccb34888b286,hf:beans_dogs/valid-00000-of-00001.parquet,10.0,mono_mean_prefix_truncate_zero_pad_before_qwen_resample,lp_0-1000
valid_205,/root/animal-omni-kv/data/beans/interventions/dogs_all/full_0-8k/valid_205.wav,Louie,valid,205,Louis-2-C-2c.wav,f522075293411f5e007ef39f5e7f0241ba44f2f3395881e81646ffa4c9ce1648,hf:beans_dogs/valid-00000-of-00001.parquet,10.0,mono_mean_prefix_truncate_zero_pad_before_qwen_resample,full_0-8k
valid_205,/root/animal-omni-kv/data/beans/interventions/dogs_all/lp_0-1000/valid_205.wav,Louie,valid,205,Louis-2-C-2c.wav,f522075293411f5e007ef39f5e7f0241ba44f2f3395881e81646ffa4c9ce1648,hf:beans_dogs/valid-00000-of-00001.parquet,10.0,mono_mean_prefix_truncate_zero_pad_before_qwen_resample,lp_0-1000
valid_206,/root/animal-omni-kv/data/beans/interventions/dogs_all/full_0-8k/valid_206.wav,Louie,valid,206,Louis-2-C-2a.wav,85b58406eb2ce3308a8e051d90489657aa45239fdf5054fc4b844dfe987cca48,hf:beans_dogs/valid-00000-of-00001.parquet,10.0,mono_mean_prefix_truncate_zero_pad_before_qwen_resample,full_0-8k
valid_206,/root/animal-omni-kv/data/beans/interventions/dogs_all/lp_0-1000/valid_206.wav,Louie,valid,206,Louis-2-C-2a.wav,85b58406eb2ce3308a8e051d90489657aa45239fdf5054fc4b844dfe987cca48,hf:beans_dogs/valid-00000-of-00001.parquet,10.0,mono_mean_prefix_truncate_zero_pad_before_qwen_resample,lp_0-1000
valid_214,/root/animal-omni-kv/data/beans/interventions/dogs_all/full_0-8k/valid_214.wav,Zoe,valid,214,Zoe-8-C-5f(7_18_00).wav,3feabff69d0291fed6b339494a08322c65faa0e63b5c18f2c0e4250ee30c4ad7,hf:beans_dogs/valid-00000-of-00001.parquet,10.0,mono_mean_prefix_truncate_zero_pad_before_qwen_resample,full_0-8k
valid_214,/root/animal-omni-kv/data/beans/interventions/dogs_all/lp_0-1000/valid_214.wav,Zoe,valid,214,Zoe-8-C-5f(7_18_00).wav,3feabff69d0291fed6b339494a08322c65faa0e63b5c18f2c0e4250ee30c4ad7,hf:beans_dogs/valid-00000-of-00001.parquet,10.0,mono_mean_prefix_truncate_zero_pad_before_qwen_resample,lp_0-1000
valid_215,/root/animal-omni-kv/data/beans/interventions/dogs_all/full_0-8k/valid_215.wav,Zoe,valid,215,Zoe-8-C-5e(7_18_00).wav,1a406c10b19cad6e0722ddc9123516d2539622cb5ced44b9d197ba84e4122701,hf:beans_dogs/valid-00000-of-00001.parquet,10.0,mono_mean_prefix_truncate_zero_pad_before_qwen_resample,full_0-8k
valid_215,/root/animal-omni-kv/data/beans/interventions/dogs_all/lp_0-1000/valid_215.wav,Zoe,valid,215,Zoe-8-C-5e(7_18_00).wav,1a406c10b19cad6e0722ddc9123516d2539622cb5ced44b9d197ba84e4122701,hf:beans_dogs/valid-00000-of-00001.parquet,10.0,mono_mean_prefix_truncate_zero_pad_before_qwen_resample,lp_0-1000
valid_218,/root/animal-omni-kv/data/beans/interventions/dogs_all/full_0-8k/valid_218.wav,Zoe,valid,218,Zoe-6-P-5a(7_16_00).wav,a9ee240c61c8c96ac55e4f665a7d8aa13ce16b8fdc0d44e9f2bd009b90f856fb,hf:beans_dogs/valid-00000-of-00001.parquet,10.0,mono_mean_prefix_truncate_zero_pad_before_qwen_resample,full_0-8k
valid_218,/root/animal-omni-kv/data/beans/interventions/dogs_all/lp_0-1000/valid_218.wav,Zoe,valid,218,Zoe-6-P-5a(7_16_00).wav,a9ee240c61c8c96ac55e4f665a7d8aa13ce16b8fdc0d44e9f2bd009b90f856fb,hf:beans_dogs/valid-00000-of-00001.parquet,10.0,mono_mean_prefix_truncate_zero_pad_before_qwen_resample,lp_0-1000
valid_223,/root/animal-omni-kv/data/beans/interventions/dogs_all/full_0-8k/valid_223.wav,Zoe,valid,223,Zoe-9-P-6f(7_22_00).wav,fa79beb0a12249550e220b06a4aaa6fb8da8d5af9f46a253386249a43eeb42d3,hf:beans_dogs/valid-00000-of-00001.parquet,10.0,mono_mean_prefix_truncate_zero_pad_before_qwen_resample,full_0-8k
valid_223,/root/animal-omni-kv/data/beans/interventions/dogs_all/lp_0-1000/valid_223.wav,Zoe,valid,223,Zoe-9-P-6f(7_22_00).wav,fa79beb0a12249550e220b06a4aaa6fb8da8d5af9f46a253386249a43eeb42d3,hf:beans_dogs/valid-00000-of-00001.parquet,10.0,mono_mean_prefix_truncate_zero_pad_before_qwen_resample,lp_0-1000
valid_227,/root/animal-omni-kv/data/beans/interventions/dogs_all/full_0-8k/valid_227.wav,Zoe,valid,227,Zoe-9-P-6a(7_22_00).wav,8befe993f22372fbc3cc6806f597dcbda040b7b522654c33b43c8223a1044ec5,hf:beans_dogs/valid-00000-of-00001.parquet,10.0,mono_mean_prefix_truncate_zero_pad_before_qwen_resample,full_0-8k
valid_227,/root/animal-omni-kv/data/beans/interventions/dogs_all/lp_0-1000/valid_227.wav,Zoe,valid,227,Zoe-9-P-6a(7_22_00).wav,8befe993f22372fbc3cc6806f597dcbda040b7b522654c33b43c8223a1044ec5,hf:beans_dogs/valid-00000-of-00001.parquet,10.0,mono_mean_prefix_truncate_zero_pad_before_qwen_resample,lp_0-1000
valid_236,/root/animal-omni-kv/data/beans/interventions/dogs_all/full_0-8k/valid_236.wav,Zoe,valid,236,Zoe-5-A-3a(7_14_00).wav,fe1a04d473d320c107378ff6544de515cc0320f1e3dea9a02e1fc5cda8dc2e87,hf:beans_dogs/valid-00000-of-00001.parquet,10.0,mono_mean_prefix_truncate_zero_pad_before_qwen_resample,full_0-8k
valid_236,/root/animal-omni-kv/data/beans/interventions/dogs_all/lp_0-1000/valid_236.wav,Zoe,valid,236,Zoe-5-A-3a(7_14_00).wav,fe1a04d473d320c107378ff6544de515cc0320f1e3dea9a02e1fc5cda8dc2e87,hf:beans_dogs/valid-00000-of-00001.parquet,10.0,mono_mean_prefix_truncate_zero_pad_before_qwen_resample,lp_0-1000
valid_239,/root/animal-omni-kv/data/beans/interventions/dogs_all/full_0-8k/valid_239.wav,Zoe,valid,239,Zoe-5-A-3b(7_14_00).wav,86d2d0736626b20224c3e062c508ee3efc13d8645446deba1555a0e99491edbc,hf:beans_dogs/valid-00000-of-00001.parquet,10.0,mono_mean_prefix_truncate_zero_pad_before_qwen_resample,full_0-8k
valid_239,/root/animal-omni-kv/data/beans/interventions/dogs_all/lp_0-1000/valid_239.wav,Zoe,valid,239,Zoe-5-A-3b(7_14_00).wav,86d2d0736626b20224c3e062c508ee3efc13d8645446deba1555a0e99491edbc,hf:beans_dogs/valid-00000-of-00001.parquet,10.0,mono_mean_prefix_truncate_zero_pad_before_qwen_resample,lp_0-1000
valid_247,/root/animal-omni-kv/data/beans/interventions/dogs_all/full_0-8k/valid_247.wav,Zoe,valid,247,Zoe-4-C-3e.wav,26625cb12bfd714a67dc672c68fefd1793515a729c9c56937a8fb9c295e36d15,hf:beans_dogs/valid-00000-of-00001.parquet,10.0,mono_mean_prefix_truncate_zero_pad_before_qwen_resample,full_0-8k
valid_247,/root/animal-omni-kv/data/beans/interventions/dogs_all/lp_0-1000/valid_247.wav,Zoe,valid,247,Zoe-4-C-3e.wav,26625cb12bfd714a67dc672c68fefd1793515a729c9c56937a8fb9c295e36d15,hf:beans_dogs/valid-00000-of-00001.parquet,10.0,mono_mean_prefix_truncate_zero_pad_before_qwen_resample,lp_0-1000
valid_249,/root/animal-omni-kv/data/beans/interventions/dogs_all/full_0-8k/valid_249.wav,Zoe,valid,249,Zoe-4-A-3.wav,b3b60b8a48baf2497894e2d1f9e41dc9eb5e7ab5eb61a641186dad5701d9a260,hf:beans_dogs/valid-00000-of-00001.parquet,10.0,mono_mean_prefix_truncate_zero_pad_before_qwen_resample,full_0-8k
valid_249,/root/animal-omni-kv/data/beans/interventions/dogs_all/lp_0-1000/valid_249.wav,Zoe,valid,249,Zoe-4-A-3.wav,b3b60b8a48baf2497894e2d1f9e41dc9eb5e7ab5eb61a641186dad5701d9a260,hf:beans_dogs/valid-00000-of-00001.parquet,10.0,mono_mean_prefix_truncate_zero_pad_before_qwen_resample,lp_0-1000
valid_254,/root/animal-omni-kv/data/beans/interventions/dogs_all/full_0-8k/valid_254.wav,Zoe,valid,254,Zoe-4-C-3k.wav,d1742a62254593d0113d1158291e680868747f54c447de769a47f7e615070a0e,hf:beans_dogs/valid-00000-of-00001.parquet,10.0,mono_mean_prefix_truncate_zero_pad_before_qwen_resample,full_0-8k
valid_254,/root/animal-omni-kv/data/beans/interventions/dogs_all/lp_0-1000/valid_254.wav,Zoe,valid,254,Zoe-4-C-3k.wav,d1742a62254593d0113d1158291e680868747f54c447de769a47f7e615070a0e,hf:beans_dogs/valid-00000-of-00001.parquet,10.0,mono_mean_prefix_truncate_zero_pad_before_qwen_resample,lp_0-1000
valid_258,/root/animal-omni-kv/data/beans/interventions/dogs_all/full_0-8k/valid_258.wav,Zoe,valid,258,Zoe-4-C-3a.wav,4480955f536eb6e993294241f9384b69eeab5cfec2ffd7d27a724cd1707fcf74,hf:beans_dogs/valid-00000-of-00001.parquet,10.0,mono_mean_prefix_truncate_zero_pad_before_qwen_resample,full_0-8k
valid_258,/root/animal-omni-kv/data/beans/interventions/dogs_all/lp_0-1000/valid_258.wav,Zoe,valid,258,Zoe-4-C-3a.wav,4480955f536eb6e993294241f9384b69eeab5cfec2ffd7d27a724cd1707fcf74,hf:beans_dogs/valid-00000-of-00001.parquet,10.0,mono_mean_prefix_truncate_zero_pad_before_qwen_resample,lp_0-1000
valid_264,/root/animal-omni-kv/data/beans/interventions/dogs_all/full_0-8k/valid_264.wav,Zoe,valid,264,Zoe-2-P-2.wav,67ad47902b8c06d555cc962b1a86bb94208ef9bca8716fdfef75cfdf89d7bbaa,hf:beans_dogs/valid-00000-of-00001.parquet,10.0,mono_mean_prefix_truncate_zero_pad_before_qwen_resample,full_0-8k
valid_264,/root/animal-omni-kv/data/beans/interventions/dogs_all/lp_0-1000/valid_264.wav,Zoe,valid,264,Zoe-2-P-2.wav,67ad47902b8c06d555cc962b1a86bb94208ef9bca8716fdfef75cfdf89d7bbaa,hf:beans_dogs/valid-00000-of-00001.parquet,10.0,mono_mean_prefix_truncate_zero_pad_before_qwen_resample,lp_0-1000
valid_267,/root/animal-omni-kv/data/beans/interventions/dogs_all/full_0-8k/valid_267.wav,Zoe,valid,267,Zoe-2-A-2b.wav,682d2ad3ca8f3c1af3f9be5ff0e4898e13688e6a2c6eb3591c95d5cb5f1becef,hf:beans_dogs/valid-00000-of-00001.parquet,10.0,mono_mean_prefix_truncate_zero_pad_before_qwen_resample,full_0-8k
valid_267,/root/animal-omni-kv/data/beans/interventions/dogs_all/lp_0-1000/valid_267.wav,Zoe,valid,267,Zoe-2-A-2b.wav,682d2ad3ca8f3c1af3f9be5ff0e4898e13688e6a2c6eb3591c95d5cb5f1becef,hf:beans_dogs/valid-00000-of-00001.parquet,10.0,mono_mean_prefix_truncate_zero_pad_before_qwen_resample,lp_0-1000
valid_276,/root/animal-omni-kv/data/beans/interventions/dogs_all/full_0-8k/valid_276.wav,Zoe,valid,276,Zoe-1-C-1a.wav,6f82feb700d8bfdbd1fe20ff53c286f0e8e6e11f685a2cc228d0a8222f8ecf25,hf:beans_dogs/valid-00000-of-00001.parquet,10.0,mono_mean_prefix_truncate_zero_pad_before_qwen_resample,full_0-8k
valid_276,/root/animal-omni-kv/data/beans/interventions/dogs_all/lp_0-1000/valid_276.wav,Zoe,valid,276,Zoe-1-C-1a.wav,6f82feb700d8bfdbd1fe20ff53c286f0e8e6e11f685a2cc228d0a8222f8ecf25,hf:beans_dogs/valid-00000-of-00001.parquet,10.0,mono_mean_prefix_truncate_zero_pad_before_qwen_resample,lp_0-1000
valid_279,/root/animal-omni-kv/data/beans/interventions/dogs_all/full_0-8k/valid_279.wav,Zoe,valid,279,Zoe-1-C-1e.wav,f9e32fdce9a019989f10cc9fb7c53b3cf958898c58a70d8429f27ea2b4106f58,hf:beans_dogs/valid-00000-of-00001.parquet,10.0,mono_mean_prefix_truncate_zero_pad_before_qwen_resample,full_0-8k
valid_279,/root/animal-omni-kv/data/beans/interventions/dogs_all/lp_0-1000/valid_279.wav,Zoe,valid,279,Zoe-1-C-1e.wav,f9e32fdce9a019989f10cc9fb7c53b3cf958898c58a70d8429f27ea2b4106f58,hf:beans_dogs/valid-00000-of-00001.parquet,10.0,mono_mean_prefix_truncate_zero_pad_before_qwen_resample,lp_0-1000
valid_292,/root/animal-omni-kv/data/beans/interventions/dogs_all/full_0-8k/valid_292.wav,Roodie,valid,292,Roodie-4-C-4f.wav,7d31681c137ccf2b0cf80d4ccfff8d577f73649ace68c91d6c7fadaf2b10c23c,hf:beans_dogs/valid-00000-of-00001.parquet,10.0,mono_mean_prefix_truncate_zero_pad_before_qwen_resample,full_0-8k
valid_292,/root/animal-omni-kv/data/beans/interventions/dogs_all/lp_0-1000/valid_292.wav,Roodie,valid,292,Roodie-4-C-4f.wav,7d31681c137ccf2b0cf80d4ccfff8d577f73649ace68c91d6c7fadaf2b10c23c,hf:beans_dogs/valid-00000-of-00001.parquet,10.0,mono_mean_prefix_truncate_zero_pad_before_qwen_resample,lp_0-1000
valid_293,/root/animal-omni-kv/data/beans/interventions/dogs_all/full_0-8k/valid_293.wav,Roodie,valid,293,Roodie-4-P-4e.wav,71c9c4444c30b86185c4f2b5385fbcb4d404d5f84769dc3e64b97470e5256e8e,hf:beans_dogs/valid-00000-of-00001.parquet,10.0,mono_mean_prefix_truncate_zero_pad_before_qwen_resample,full_0-8k
valid_293,/root/animal-omni-kv/data/beans/interventions/dogs_all/lp_0-1000/valid_293.wav,Roodie,valid,293,Roodie-4-P-4e.wav,71c9c4444c30b86185c4f2b5385fbcb4d404d5f84769dc3e64b97470e5256e8e,hf:beans_dogs/valid-00000-of-00001.parquet,10.0,mono_mean_prefix_truncate_zero_pad_before_qwen_resample,lp_0-1000
valid_297,/root/animal-omni-kv/data/beans/interventions/dogs_all/full_0-8k/valid_297.wav,Roodie,valid,297,Roodie-4-A-3.wav,cbd0351fc4b7176d43eee00a7b93e8ce66159d89a06638421006cc1f235c4be0,hf:beans_dogs/valid-00000-of-00001.parquet,10.0,mono_mean_prefix_truncate_zero_pad_before_qwen_resample,full_0-8k
valid_297,/root/animal-omni-kv/data/beans/interventions/dogs_all/lp_0-1000/valid_297.wav,Roodie,valid,297,Roodie-4-A-3.wav,cbd0351fc4b7176d43eee00a7b93e8ce66159d89a06638421006cc1f235c4be0,hf:beans_dogs/valid-00000-of-00001.parquet,10.0,mono_mean_prefix_truncate_zero_pad_before_qwen_resample,lp_0-1000
valid_303,/root/animal-omni-kv/data/beans/interventions/dogs_all/full_0-8k/valid_303.wav,Roodie,valid,303,Roodie-1-P-1e.wav,846859f1dc617c8fe4d163c7107ab3bf1b3c43a36b5fe88957de1720040cd3fa,hf:beans_dogs/valid-00000-of-00001.parquet,10.0,mono_mean_prefix_truncate_zero_pad_before_qwen_resample,full_0-8k
valid_303,/root/animal-omni-kv/data/beans/interventions/dogs_all/lp_0-1000/valid_303.wav,Roodie,valid,303,Roodie-1-P-1e.wav,846859f1dc617c8fe4d163c7107ab3bf1b3c43a36b5fe88957de1720040cd3fa,hf:beans_dogs/valid-00000-of-00001.parquet,10.0,mono_mean_prefix_truncate_zero_pad_before_qwen_resample,lp_0-1000
valid_324,/root/animal-omni-kv/data/beans/interventions/dogs_all/full_0-8k/valid_324.wav,Roodie,valid,324,Roodie-3-C-3L.wav,6401f13c66e4d8d2f341321cdf0785c418a368e9a5564d82d44aa23a8c2d0179,hf:beans_dogs/valid-00000-of-00001.parquet,10.0,mono_mean_prefix_truncate_zero_pad_before_qwen_resample,full_0-8k
valid_324,/root/animal-omni-kv/data/beans/interventions/dogs_all/lp_0-1000/valid_324.wav,Roodie,valid,324,Roodie-3-C-3L.wav,6401f13c66e4d8d2f341321cdf0785c418a368e9a5564d82d44aa23a8c2d0179,hf:beans_dogs/valid-00000-of-00001.parquet,10.0,mono_mean_prefix_truncate_zero_pad_before_qwen_resample,lp_0-1000
valid_331,/root/animal-omni-kv/data/beans/interventions/dogs_all/full_0-8k/valid_331.wav,Roodie,valid,331,Roodie-3-C-3k.wav,96fdea2400852f922b814d38b8c7b200e99961d7789ebbf1f7c73660f1d88f7e,hf:beans_dogs/valid-00000-of-00001.parquet,10.0,mono_mean_prefix_truncate_zero_pad_before_qwen_resample,full_0-8k
valid_331,/root/animal-omni-kv/data/beans/interventions/dogs_all/lp_0-1000/valid_331.wav,Roodie,valid,331,Roodie-3-C-3k.wav,96fdea2400852f922b814d38b8c7b200e99961d7789ebbf1f7c73660f1d88f7e,hf:beans_dogs/valid-00000-of-00001.parquet,10.0,mono_mean_prefix_truncate_zero_pad_before_qwen_resample,lp_0-1000
valid_333,/root/animal-omni-kv/data/beans/interventions/dogs_all/full_0-8k/valid_333.wav,Roodie,valid,333,Roodie-3-C-3b.wav,5405add04b6f32e9b5ad60b447d2919079f59ef69890c8bd4151a3b6067ee812,hf:beans_dogs/valid-00000-of-00001.parquet,10.0,mono_mean_prefix_truncate_zero_pad_before_qwen_resample,full_0-8k
valid_333,/root/animal-omni-kv/data/beans/interventions/dogs_all/lp_0-1000/valid_333.wav,Roodie,valid,333,Roodie-3-C-3b.wav,5405add04b6f32e9b5ad60b447d2919079f59ef69890c8bd4151a3b6067ee812,hf:beans_dogs/valid-00000-of-00001.parquet,10.0,mono_mean_prefix_truncate_zero_pad_before_qwen_resample,lp_0-1000
valid_335,/root/animal-omni-kv/data/beans/interventions/dogs_all/full_0-8k/valid_335.wav,Roodie,valid,335,Roodie-3-P-3b.wav,a203ed562315dcc4878f9dfd59c63b47a3c3420f3f4c64eb27013fbd471cd8b8,hf:beans_dogs/valid-00000-of-00001.parquet,10.0,mono_mean_prefix_truncate_zero_pad_before_qwen_resample,full_0-8k
valid_335,/root/animal-omni-kv/data/beans/interventions/dogs_all/lp_0-1000/valid_335.wav,Roodie,valid,335,Roodie-3-P-3b.wav,a203ed562315dcc4878f9dfd59c63b47a3c3420f3f4c64eb27013fbd471cd8b8,hf:beans_dogs/valid-00000-of-00001.parquet,10.0,mono_mean_prefix_truncate_zero_pad_before_qwen_resample,lp_0-1000
valid_338,/root/animal-omni-kv/data/beans/interventions/dogs_all/full_0-8k/valid_338.wav,Roodie,valid,338,Roodie-3-C-3a.wav,ce9bd113158983e6d5a148353ab6d549e6c4015a55c4514a91eadc653ddd4ec2,hf:beans_dogs/valid-00000-of-00001.parquet,10.0,mono_mean_prefix_truncate_zero_pad_before_qwen_resample,full_0-8k
valid_338,/root/animal-omni-kv/data/beans/interventions/dogs_all/lp_0-1000/valid_338.wav,Roodie,valid,338,Roodie-3-C-3a.wav,ce9bd113158983e6d5a148353ab6d549e6c4015a55c4514a91eadc653ddd4ec2,hf:beans_dogs/valid-00000-of-00001.parquet,10.0,mono_mean_prefix_truncate_zero_pad_before_qwen_resample,lp_0-1000
valid_339,/root/animal-omni-kv/data/beans/interventions/dogs_all/full_0-8k/valid_339.wav,Roodie,valid,339,Roodie-3-C-3g.wav,f56f780fa21d9cd02ac406794d045289aaa97fc3a233a0e170606353849cf156,hf:beans_dogs/valid-00000-of-00001.parquet,10.0,mono_mean_prefix_truncate_zero_pad_before_qwen_resample,full_0-8k
valid_339,/root/animal-omni-kv/data/beans/interventions/dogs_all/lp_0-1000/valid_339.wav,Roodie,valid,339,Roodie-3-C-3g.wav,f56f780fa21d9cd02ac406794d045289aaa97fc3a233a0e170606353849cf156,hf:beans_dogs/valid-00000-of-00001.parquet,10.0,mono_mean_prefix_truncate_zero_pad_before_qwen_resample,lp_0-1000
valid_341,/root/animal-omni-kv/data/beans/interventions/dogs_all/full_0-8k/valid_341.wav,Roodie,valid,341,Roodie-7-A-6.wav,1606feac7a748ade941e6425feb8090c39a0ec57f8a1422d7e76e92024f7c5dd,hf:beans_dogs/valid-00000-of-00001.parquet,10.0,mono_mean_prefix_truncate_zero_pad_before_qwen_resample,full_0-8k
valid_341,/root/animal-omni-kv/data/beans/interventions/dogs_all/lp_0-1000/valid_341.wav,Roodie,valid,341,Roodie-7-A-6.wav,1606feac7a748ade941e6425feb8090c39a0ec57f8a1422d7e76e92024f7c5dd,hf:beans_dogs/valid-00000-of-00001.parquet,10.0,mono_mean_prefix_truncate_zero_pad_before_qwen_resample,lp_0-1000
valid_346,/root/animal-omni-kv/data/beans/interventions/dogs_all/full_0-8k/valid_346.wav,Roodie,valid,346,Roodie-7-P-7b.wav,b26d5d087e3ecf2cd842dd554b55e397a2b7cb6fea19ac92702df0248d91025b,hf:beans_dogs/valid-00000-of-00001.parquet,10.0,mono_mean_prefix_truncate_zero_pad_before_qwen_resample,full_0-8k
valid_346,/root/animal-omni-kv/data/beans/interventions/dogs_all/lp_0-1000/valid_346.wav,Roodie,valid,346,Roodie-7-P-7b.wav,b26d5d087e3ecf2cd842dd554b55e397a2b7cb6fea19ac92702df0248d91025b,hf:beans_dogs/valid-00000-of-00001.parquet,10.0,mono_mean_prefix_truncate_zero_pad_before_qwen_resample,lp_0-1000
valid_347,/root/animal-omni-kv/data/beans/interventions/dogs_all/full_0-8k/valid_347.wav,Roodie,valid,347,Roodie-7-C-7e.wav,00373224768d4a5a7b52e5bafe818d34e602cedc83a4b5d5cc29b49c4df2fb34,hf:beans_dogs/valid-00000-of-00001.parquet,10.0,mono_mean_prefix_truncate_zero_pad_before_qwen_resample,full_0-8k
valid_347,/root/animal-omni-kv/data/beans/interventions/dogs_all/lp_0-1000/valid_347.wav,Roodie,valid,347,Roodie-7-C-7e.wav,00373224768d4a5a7b52e5bafe818d34e602cedc83a4b5d5cc29b49c4df2fb34,hf:beans_dogs/valid-00000-of-00001.parquet,10.0,mono_mean_prefix_truncate_zero_pad_before_qwen_resample,lp_0-1000
valid_352,/root/animal-omni-kv/data/beans/interventions/dogs_all/full_0-8k/valid_352.wav,Roodie,valid,352,Roodie-7-C-7h.wav,951b18e711d39d084185e30483ab8cdc720e02f5dc622b4b9388beb678745fa6,hf:beans_dogs/valid-00000-of-00001.parquet,10.0,mono_mean_prefix_truncate_zero_pad_before_qwen_resample,full_0-8k
valid_352,/root/animal-omni-kv/data/beans/interventions/dogs_all/lp_0-1000/valid_352.wav,Roodie,valid,352,Roodie-7-C-7h.wav,951b18e711d39d084185e30483ab8cdc720e02f5dc622b4b9388beb678745fa6,hf:beans_dogs/valid-00000-of-00001.parquet,10.0,mono_mean_prefix_truncate_zero_pad_before_qwen_resample,lp_0-1000
valid_374,/root/animal-omni-kv/data/beans/interventions/dogs_all/full_0-8k/valid_374.wav,Roodie,valid,374,Roodie-5-C-5j.wav,578950d84d9578cdea76b58caae0718c53130450a097f39fd9258cd1ead4c12f,hf:beans_dogs/valid-00000-of-00001.parquet,10.0,mono_mean_prefix_truncate_zero_pad_before_qwen_resample,full_0-8k
valid_374,/root/animal-omni-kv/data/beans/interventions/dogs_all/lp_0-1000/valid_374.wav,Roodie,valid,374,Roodie-5-C-5j.wav,578950d84d9578cdea76b58caae0718c53130450a097f39fd9258cd1ead4c12f,hf:beans_dogs/valid-00000-of-00001.parquet,10.0,mono_mean_prefix_truncate_zero_pad_before_qwen_resample,lp_0-1000
valid_376,/root/animal-omni-kv/data/beans/interventions/dogs_all/full_0-8k/valid_376.wav,Roodie,valid,376,Roodie-5-C-5L.wav,29105098f3b1ea1624f215655f8333b79aec1c6fa9bd5f5873ad3e8151794dc9,hf:beans_dogs/valid-00000-of-00001.parquet,10.0,mono_mean_prefix_truncate_zero_pad_before_qwen_resample,full_0-8k
valid_376,/root/animal-omni-kv/data/beans/interventions/dogs_all/lp_0-1000/valid_376.wav,Roodie,valid,376,Roodie-5-C-5L.wav,29105098f3b1ea1624f215655f8333b79aec1c6fa9bd5f5873ad3e8151794dc9,hf:beans_dogs/valid-00000-of-00001.parquet,10.0,mono_mean_prefix_truncate_zero_pad_before_qwen_resample,lp_0-1000
valid_380,/root/animal-omni-kv/data/beans/interventions/dogs_all/full_0-8k/valid_380.wav,Roodie,valid,380,Roodie-5-C-5d.wav,0e8d0abbd9969f3e37a04f454bbeefb214a95e44a8df9612643e621877459bd9,hf:beans_dogs/valid-00000-of-00001.parquet,10.0,mono_mean_prefix_truncate_zero_pad_before_qwen_resample,full_0-8k
valid_380,/root/animal-omni-kv/data/beans/interventions/dogs_all/lp_0-1000/valid_380.wav,Roodie,valid,380,Roodie-5-C-5d.wav,0e8d0abbd9969f3e37a04f454bbeefb214a95e44a8df9612643e621877459bd9,hf:beans_dogs/valid-00000-of-00001.parquet,10.0,mono_mean_prefix_truncate_zero_pad_before_qwen_resample,lp_0-1000
valid_382,/root/animal-omni-kv/data/beans/interventions/dogs_all/full_0-8k/valid_382.wav,Roodie,valid,382,Roodie-5-C-5i.wav,dbd2fa06b87adc72577bac72b8473bd802845d2f7559a5bd86c7ef3d33330a39,hf:beans_dogs/valid-00000-of-00001.parquet,10.0,mono_mean_prefix_truncate_zero_pad_before_qwen_resample,full_0-8k
valid_382,/root/animal-omni-kv/data/beans/interventions/dogs_all/lp_0-1000/valid_382.wav,Roodie,valid,382,Roodie-5-C-5i.wav,dbd2fa06b87adc72577bac72b8473bd802845d2f7559a5bd86c7ef3d33330a39,hf:beans_dogs/valid-00000-of-00001.parquet,10.0,mono_mean_prefix_truncate_zero_pad_before_qwen_resample,lp_0-1000
valid_383,/root/animal-omni-kv/data/beans/interventions/dogs_all/full_0-8k/valid_383.wav,Roodie,valid,383,Roodie-5-C-5k.wav,d26ea1b50d870d31ba1aac2c598e1871e677d63ccc95217f39b67d62a8460dd7,hf:beans_dogs/valid-00000-of-00001.parquet,10.0,mono_mean_prefix_truncate_zero_pad_before_qwen_resample,full_0-8k
valid_383,/root/animal-omni-kv/data/beans/interventions/dogs_all/lp_0-1000/valid_383.wav,Roodie,valid,383,Roodie-5-C-5k.wav,d26ea1b50d870d31ba1aac2c598e1871e677d63ccc95217f39b67d62a8460dd7,hf:beans_dogs/valid-00000-of-00001.parquet,10.0,mono_mean_prefix_truncate_zero_pad_before_qwen_resample,lp_0-1000
valid_385,/root/animal-omni-kv/data/beans/interventions/dogs_all/full_0-8k/valid_385.wav,Roodie,valid,385,Roodie-5-C-5h.wav,fd19ed75ca62d56ec53cd76b770036a8058dbfd5d43d3725447c5bea58771944,hf:beans_dogs/valid-00000-of-00001.parquet,10.0,mono_mean_prefix_truncate_zero_pad_before_qwen_resample,full_0-8k
valid_385,/root/animal-omni-kv/data/beans/interventions/dogs_all/lp_0-1000/valid_385.wav,Roodie,valid,385,Roodie-5-C-5h.wav,fd19ed75ca62d56ec53cd76b770036a8058dbfd5d43d3725447c5bea58771944,hf:beans_dogs/valid-00000-of-00001.parquet,10.0,mono_mean_prefix_truncate_zero_pad_before_qwen_resample,lp_0-1000
valid_391,/root/animal-omni-kv/data/beans/interventions/dogs_all/full_0-8k/valid_391.wav,Roodie,valid,391,Roodie-9-P-9b.wav,edd470573169614669c21d76ea3bc8ccd0e8f380e422372d38d3da4ac1799318,hf:beans_dogs/valid-00000-of-00001.parquet,10.0,mono_mean_prefix_truncate_zero_pad_before_qwen_resample,full_0-8k
valid_391,/root/animal-omni-kv/data/beans/interventions/dogs_all/lp_0-1000/valid_391.wav,Roodie,valid,391,Roodie-9-P-9b.wav,edd470573169614669c21d76ea3bc8ccd0e8f380e422372d38d3da4ac1799318,hf:beans_dogs/valid-00000-of-00001.parquet,10.0,mono_mean_prefix_truncate_zero_pad_before_qwen_resample,lp_0-1000
valid_393,/root/animal-omni-kv/data/beans/interventions/dogs_all/full_0-8k/valid_393.wav,Roodie,valid,393,Roodie-9-C-9g.wav,0d7fa5247234de9a5c5d4e7e260118588ff47a4d4e23fc0d8644c3246ecdf0eb,hf:beans_dogs/valid-00000-of-00001.parquet,10.0,mono_mean_prefix_truncate_zero_pad_before_qwen_resample,full_0-8k
valid_393,/root/animal-omni-kv/data/beans/interventions/dogs_all/lp_0-1000/valid_393.wav,Roodie,valid,393,Roodie-9-C-9g.wav,0d7fa5247234de9a5c5d4e7e260118588ff47a4d4e23fc0d8644c3246ecdf0eb,hf:beans_dogs/valid-00000-of-00001.parquet,10.0,mono_mean_prefix_truncate_zero_pad_before_qwen_resample,lp_0-1000
valid_397,/root/animal-omni-kv/data/beans/interventions/dogs_all/full_0-8k/valid_397.wav,Roodie,valid,397,Roodie-9-C-9b.wav,2cbe066cdc2c350ab444cb3d5238c133ccda86631972d97300b1d08dd8112b34,hf:beans_dogs/valid-00000-of-00001.parquet,10.0,mono_mean_prefix_truncate_zero_pad_before_qwen_resample,full_0-8k
valid_397,/root/animal-omni-kv/data/beans/interventions/dogs_all/lp_0-1000/valid_397.wav,Roodie,valid,397,Roodie-9-C-9b.wav,2cbe066cdc2c350ab444cb3d5238c133ccda86631972d97300b1d08dd8112b34,hf:beans_dogs/valid-00000-of-00001.parquet,10.0,mono_mean_prefix_truncate_zero_pad_before_qwen_resample,lp_0-1000
valid_398,/root/animal-omni-kv/data/beans/interventions/dogs_all/full_0-8k/valid_398.wav,Roodie,valid,398,Roodie-9-C-9e.wav,e14f4bd63204701d04aa4421f143a3b54f0d2ef5038a24004e87d8014c65b9a4,hf:beans_dogs/valid-00000-of-00001.parquet,10.0,mono_mean_prefix_truncate_zero_pad_before_qwen_resample,full_0-8k
valid_398,/root/animal-omni-kv/data/beans/interventions/dogs_all/lp_0-1000/valid_398.wav,Roodie,valid,398,Roodie-9-C-9e.wav,e14f4bd63204701d04aa4421f143a3b54f0d2ef5038a24004e87d8014c65b9a4,hf:beans_dogs/valid-00000-of-00001.parquet,10.0,mono_mean_prefix_truncate_zero_pad_before_qwen_resample,lp_0-1000
valid_399,/root/animal-omni-kv/data/beans/interventions/dogs_all/full_0-8k/valid_399.wav,Roodie,valid,399,Roodie-9-C-9d.wav,e7a3a73e2f04cbc17beb1b4cd308af386ace7c3a3953eaecbfbfb65c5e96f0aa,hf:beans_dogs/valid-00000-of-00001.parquet,10.0,mono_mean_prefix_truncate_zero_pad_before_qwen_resample,full_0-8k
valid_399,/root/animal-omni-kv/data/beans/interventions/dogs_all/lp_0-1000/valid_399.wav,Roodie,valid,399,Roodie-9-C-9d.wav,e7a3a73e2f04cbc17beb1b4cd308af386ace7c3a3953eaecbfbfb65c5e96f0aa,hf:beans_dogs/valid-00000-of-00001.parquet,10.0,mono_mean_prefix_truncate_zero_pad_before_qwen_resample,lp_0-1000
valid_404,/root/animal-omni-kv/data/beans/interventions/dogs_all/full_0-8k/valid_404.wav,Roodie,valid,404,Roodie-6-P-6a.wav,dcbe2f55b4eb76575fd86acdfaaa069aee6b9182dd57b79ba792a46ac8e76184,hf:beans_dogs/valid-00000-of-00001.parquet,10.0,mono_mean_prefix_truncate_zero_pad_before_qwen_resample,full_0-8k
valid_404,/root/animal-omni-kv/data/beans/interventions/dogs_all/lp_0-1000/valid_404.wav,Roodie,valid,404,Roodie-6-P-6a.wav,dcbe2f55b4eb76575fd86acdfaaa069aee6b9182dd57b79ba792a46ac8e76184,hf:beans_dogs/valid-00000-of-00001.parquet,10.0,mono_mean_prefix_truncate_zero_pad_before_qwen_resample,lp_0-1000
valid_409,/root/animal-omni-kv/data/beans/interventions/dogs_all/full_0-8k/valid_409.wav,Roodie,valid,409,Roodie-6-C-6b.wav,c70214b92fea1a8332b998f33f622913ffa7c313795d3ab140c7ccb5992fec06,hf:beans_dogs/valid-00000-of-00001.parquet,10.0,mono_mean_prefix_truncate_zero_pad_before_qwen_resample,full_0-8k
valid_409,/root/animal-omni-kv/data/beans/interventions/dogs_all/lp_0-1000/valid_409.wav,Roodie,valid,409,Roodie-6-C-6b.wav,c70214b92fea1a8332b998f33f622913ffa7c313795d3ab140c7ccb5992fec06,hf:beans_dogs/valid-00000-of-00001.parquet,10.0,mono_mean_prefix_truncate_zero_pad_before_qwen_resample,lp_0-1000
valid_418,/root/animal-omni-kv/data/beans/interventions/dogs_all/full_0-8k/valid_418.wav,Roodie,valid,418,Roodie-8-C-8p.wav,b32c720375f405822d58dda8340b702a0d6ac05fce895fda9000e60dcd12a1ce,hf:beans_dogs/valid-00000-of-00001.parquet,10.0,mono_mean_prefix_truncate_zero_pad_before_qwen_resample,full_0-8k
valid_418,/root/animal-omni-kv/data/beans/interventions/dogs_all/lp_0-1000/valid_418.wav,Roodie,valid,418,Roodie-8-C-8p.wav,b32c720375f405822d58dda8340b702a0d6ac05fce895fda9000e60dcd12a1ce,hf:beans_dogs/valid-00000-of-00001.parquet,10.0,mono_mean_prefix_truncate_zero_pad_before_qwen_resample,lp_0-1000
valid_422,/root/animal-omni-kv/data/beans/interventions/dogs_all/full_0-8k/valid_422.wav,Roodie,valid,422,Roodie-8-P-8c.wav,35e22ca32ea99203a594655085849e25e76b63fb87d3edd1e33b019193220320,hf:beans_dogs/valid-00000-of-00001.parquet,10.0,mono_mean_prefix_truncate_zero_pad_before_qwen_resample,full_0-8k
valid_422,/root/animal-omni-kv/data/beans/interventions/dogs_all/lp_0-1000/valid_422.wav,Roodie,valid,422,Roodie-8-P-8c.wav,35e22ca32ea99203a594655085849e25e76b63fb87d3edd1e33b019193220320,hf:beans_dogs/valid-00000-of-00001.parquet,10.0,mono_mean_prefix_truncate_zero_pad_before_qwen_resample,lp_0-1000
valid_426,/root/animal-omni-kv/data/beans/interventions/dogs_all/full_0-8k/valid_426.wav,Roodie,valid,426,Roodie-8-C-8d.wav,90edd22570a2dbeff248caf7a476ce7bdf700d9d2b4adde2f9087b633d1b5b07,hf:beans_dogs/valid-00000-of-00001.parquet,10.0,mono_mean_prefix_truncate_zero_pad_before_qwen_resample,full_0-8k
valid_426,/root/animal-omni-kv/data/beans/interventions/dogs_all/lp_0-1000/valid_426.wav,Roodie,valid,426,Roodie-8-C-8d.wav,90edd22570a2dbeff248caf7a476ce7bdf700d9d2b4adde2f9087b633d1b5b07,hf:beans_dogs/valid-00000-of-00001.parquet,10.0,mono_mean_prefix_truncate_zero_pad_before_qwen_resample,lp_0-1000
valid_429,/root/animal-omni-kv/data/beans/interventions/dogs_all/full_0-8k/valid_429.wav,Roodie,valid,429,Roodie-8-C-8q.wav,a580996a36a6a419f2214afa3114fc3a1e447598573e870d504da41e0d85cf10,hf:beans_dogs/valid-00000-of-00001.parquet,10.0,mono_mean_prefix_truncate_zero_pad_before_qwen_resample,full_0-8k
valid_429,/root/animal-omni-kv/data/beans/interventions/dogs_all/lp_0-1000/valid_429.wav,Roodie,valid,429,Roodie-8-C-8q.wav,a580996a36a6a419f2214afa3114fc3a1e447598573e870d504da41e0d85cf10,hf:beans_dogs/valid-00000-of-00001.parquet,10.0,mono_mean_prefix_truncate_zero_pad_before_qwen_resample,lp_0-1000
valid_438,/root/animal-omni-kv/data/beans/interventions/dogs_all/full_0-8k/valid_438.wav,Farley,valid,438,Farley-5-C-5h.wav,b56cd51f03d704d50cc1070e00b0f771857562e69c646ac366ed58fa384d38a3,hf:beans_dogs/valid-00000-of-00001.parquet,10.0,mono_mean_prefix_truncate_zero_pad_before_qwen_resample,full_0-8k
valid_438,/root/animal-omni-kv/data/beans/interventions/dogs_all/lp_0-1000/valid_438.wav,Farley,valid,438,Farley-5-C-5h.wav,b56cd51f03d704d50cc1070e00b0f771857562e69c646ac366ed58fa384d38a3,hf:beans_dogs/valid-00000-of-00001.parquet,10.0,mono_mean_prefix_truncate_zero_pad_before_qwen_resample,lp_0-1000
valid_439,/root/animal-omni-kv/data/beans/interventions/dogs_all/full_0-8k/valid_439.wav,Farley,valid,439,Farley-5-P-5a.wav,4fc1c7f6fae50df43fbc776f277115ea34f412bfad39c9cc9efc28d446fea204,hf:beans_dogs/valid-00000-of-00001.parquet,10.0,mono_mean_prefix_truncate_zero_pad_before_qwen_resample,full_0-8k
valid_439,/root/animal-omni-kv/data/beans/interventions/dogs_all/lp_0-1000/valid_439.wav,Farley,valid,439,Farley-5-P-5a.wav,4fc1c7f6fae50df43fbc776f277115ea34f412bfad39c9cc9efc28d446fea204,hf:beans_dogs/valid-00000-of-00001.parquet,10.0,mono_mean_prefix_truncate_zero_pad_before_qwen_resample,lp_0-1000
valid_457,/root/animal-omni-kv/data/beans/interventions/dogs_all/full_0-8k/valid_457.wav,Farley,valid,457,Farley-1-C-1f.wav,a7dcd18a8d6e32ec3f7cd3d45bc5621dc1b8abeba2d12ddaadb97a1e7f762e25,hf:beans_dogs/valid-00000-of-00001.parquet,10.0,mono_mean_prefix_truncate_zero_pad_before_qwen_resample,full_0-8k
valid_457,/root/animal-omni-kv/data/beans/interventions/dogs_all/lp_0-1000/valid_457.wav,Farley,valid,457,Farley-1-C-1f.wav,a7dcd18a8d6e32ec3f7cd3d45bc5621dc1b8abeba2d12ddaadb97a1e7f762e25,hf:beans_dogs/valid-00000-of-00001.parquet,10.0,mono_mean_prefix_truncate_zero_pad_before_qwen_resample,lp_0-1000
valid_458,/root/animal-omni-kv/data/beans/interventions/dogs_all/full_0-8k/valid_458.wav,Farley,valid,458,Farley-1-C-1c.wav,9bbb7b8d52f2859edff98074936a5bf63ab1c74ba402e0365f4b12d4df7b5b8b,hf:beans_dogs/valid-00000-of-00001.parquet,10.0,mono_mean_prefix_truncate_zero_pad_before_qwen_resample,full_0-8k
valid_458,/root/animal-omni-kv/data/beans/interventions/dogs_all/lp_0-1000/valid_458.wav,Farley,valid,458,Farley-1-C-1c.wav,9bbb7b8d52f2859edff98074936a5bf63ab1c74ba402e0365f4b12d4df7b5b8b,hf:beans_dogs/valid-00000-of-00001.parquet,10.0,mono_mean_prefix_truncate_zero_pad_before_qwen_resample,lp_0-1000
valid_459,/root/animal-omni-kv/data/beans/interventions/dogs_all/full_0-8k/valid_459.wav,Farley,valid,459,Farley-1-C-1h.wav,4ad91ab4b4c47aeac4915c761aec20e2879b3ea25ef49257999d0cf1ff74ed25,hf:beans_dogs/valid-00000-of-00001.parquet,10.0,mono_mean_prefix_truncate_zero_pad_before_qwen_resample,full_0-8k
valid_459,/root/animal-omni-kv/data/beans/interventions/dogs_all/lp_0-1000/valid_459.wav,Farley,valid,459,Farley-1-C-1h.wav,4ad91ab4b4c47aeac4915c761aec20e2879b3ea25ef49257999d0cf1ff74ed25,hf:beans_dogs/valid-00000-of-00001.parquet,10.0,mono_mean_prefix_truncate_zero_pad_before_qwen_resample,lp_0-1000
valid_460,/root/animal-omni-kv/data/beans/interventions/dogs_all/full_0-8k/valid_460.wav,Farley,valid,460,Farley-1-C-1a.wav,dc246a60290bfb838f96a6133a2ba7c2be1cfc686acf5fc3de6e825b41a07535,hf:beans_dogs/valid-00000-of-00001.parquet,10.0,mono_mean_prefix_truncate_zero_pad_before_qwen_resample,full_0-8k
valid_460,/root/animal-omni-kv/data/beans/interventions/dogs_all/lp_0-1000/valid_460.wav,Farley,valid,460,Farley-1-C-1a.wav,dc246a60290bfb838f96a6133a2ba7c2be1cfc686acf5fc3de6e825b41a07535,hf:beans_dogs/valid-00000-of-00001.parquet,10.0,mono_mean_prefix_truncate_zero_pad_before_qwen_resample,lp_0-1000
valid_465,/root/animal-omni-kv/data/beans/interventions/dogs_all/full_0-8k/valid_465.wav,Farley,valid,465,Farley-1-A-1.wav,0ef750610324f53cfdf3d63d8542da51540fcef1db4b471db363ab5b2591b258,hf:beans_dogs/valid-00000-of-00001.parquet,10.0,mono_mean_prefix_truncate_zero_pad_before_qwen_resample,full_0-8k
valid_465,/root/animal-omni-kv/data/beans/interventions/dogs_all/lp_0-1000/valid_465.wav,Farley,valid,465,Farley-1-A-1.wav,0ef750610324f53cfdf3d63d8542da51540fcef1db4b471db363ab5b2591b258,hf:beans_dogs/valid-00000-of-00001.parquet,10.0,mono_mean_prefix_truncate_zero_pad_before_qwen_resample,lp_0-1000
valid_466,/root/animal-omni-kv/data/beans/interventions/dogs_all/full_0-8k/valid_466.wav,Farley,valid,466,Farley-4-C-4b.wav,f04c40e6a663dc950fe4fbe50754c1c9850d3fd133b286a2e63b13494ba1fdb1,hf:beans_dogs/valid-00000-of-00001.parquet,10.0,mono_mean_prefix_truncate_zero_pad_before_qwen_resample,full_0-8k
valid_466,/root/animal-omni-kv/data/beans/interventions/dogs_all/lp_0-1000/valid_466.wav,Farley,valid,466,Farley-4-C-4b.wav,f04c40e6a663dc950fe4fbe50754c1c9850d3fd133b286a2e63b13494ba1fdb1,hf:beans_dogs/valid-00000-of-00001.parquet,10.0,mono_mean_prefix_truncate_zero_pad_before_qwen_resample,lp_0-1000
valid_468,/root/animal-omni-kv/data/beans/interventions/dogs_all/full_0-8k/valid_468.wav,Farley,valid,468,Farley-4-C-4c.wav,3078f005ea1f5aea21b0cc3ea2c0baba1469067e431feecb087ea395b56b4f30,hf:beans_dogs/valid-00000-of-00001.parquet,10.0,mono_mean_prefix_truncate_zero_pad_before_qwen_resample,full_0-8k
valid_468,/root/animal-omni-kv/data/beans/interventions/dogs_all/lp_0-1000/valid_468.wav,Farley,valid,468,Farley-4-C-4c.wav,3078f005ea1f5aea21b0cc3ea2c0baba1469067e431feecb087ea395b56b4f30,hf:beans_dogs/valid-00000-of-00001.parquet,10.0,mono_mean_prefix_truncate_zero_pad_before_qwen_resample,lp_0-1000
valid_472,/root/animal-omni-kv/data/beans/interventions/dogs_all/full_0-8k/valid_472.wav,Farley,valid,472,Farley-4-C-4a.wav,1ec36d3d83f5247e9c4857c4e2cd3ba72cc40fdde78eb54b4d84eea5955b421c,hf:beans_dogs/valid-00000-of-00001.parquet,10.0,mono_mean_prefix_truncate_zero_pad_before_qwen_resample,full_0-8k
valid_472,/root/animal-omni-kv/data/beans/interventions/dogs_all/lp_0-1000/valid_472.wav,Farley,valid,472,Farley-4-C-4a.wav,1ec36d3d83f5247e9c4857c4e2cd3ba72cc40fdde78eb54b4d84eea5955b421c,hf:beans_dogs/valid-00000-of-00001.parquet,10.0,mono_mean_prefix_truncate_zero_pad_before_qwen_resample,lp_0-1000
valid_479,/root/animal-omni-kv/data/beans/interventions/dogs_all/full_0-8k/valid_479.wav,Farley,valid,479,Farley-3-C-3b.wav,5138f1db7d65b7a3ff9b510066850e86425df4018441d81daf075bce42db170c,hf:beans_dogs/valid-00000-of-00001.parquet,10.0,mono_mean_prefix_truncate_zero_pad_before_qwen_resample,full_0-8k
valid_479,/root/animal-omni-kv/data/beans/interventions/dogs_all/lp_0-1000/valid_479.wav,Farley,valid,479,Farley-3-C-3b.wav,5138f1db7d65b7a3ff9b510066850e86425df4018441d81daf075bce42db170c,hf:beans_dogs/valid-00000-of-00001.parquet,10.0,mono_mean_prefix_truncate_zero_pad_before_qwen_resample,lp_0-1000
valid_490,/root/animal-omni-kv/data/beans/interventions/dogs_all/full_0-8k/valid_490.wav,Keri,valid,490,Keri-8-C-6a.wav,e7cf2c363bd55a32332714959f29f40f9fae19ee8cf4495bda70e845ca2bb44b,hf:beans_dogs/valid-00000-of-00001.parquet,10.0,mono_mean_prefix_truncate_zero_pad_before_qwen_resample,full_0-8k
valid_490,/root/animal-omni-kv/data/beans/interventions/dogs_all/lp_0-1000/valid_490.wav,Keri,valid,490,Keri-8-C-6a.wav,e7cf2c363bd55a32332714959f29f40f9fae19ee8cf4495bda70e845ca2bb44b,hf:beans_dogs/valid-00000-of-00001.parquet,10.0,mono_mean_prefix_truncate_zero_pad_before_qwen_resample,lp_0-1000
valid_495,/root/animal-omni-kv/data/beans/interventions/dogs_all/full_0-8k/valid_495.wav,Keri,valid,495,Keri-8-A-7.wav,f6f48ad64d69f9d32ab36c5a50e12019c4bb90a1192359ba027db01e6ed4e950,hf:beans_dogs/valid-00000-of-00001.parquet,10.0,mono_mean_prefix_truncate_zero_pad_before_qwen_resample,full_0-8k
valid_495,/root/animal-omni-kv/data/beans/interventions/dogs_all/lp_0-1000/valid_495.wav,Keri,valid,495,Keri-8-A-7.wav,f6f48ad64d69f9d32ab36c5a50e12019c4bb90a1192359ba027db01e6ed4e950,hf:beans_dogs/valid-00000-of-00001.parquet,10.0,mono_mean_prefix_truncate_zero_pad_before_qwen_resample,lp_0-1000
valid_496,/root/animal-omni-kv/data/beans/interventions/dogs_all/full_0-8k/valid_496.wav,Keri,valid,496,Keri-8-C-6b.wav,9f6a9013d23886c8249d6111e16b5c8866e868ea1f2b0573d0e050f1d94db155,hf:beans_dogs/valid-00000-of-00001.parquet,10.0,mono_mean_prefix_truncate_zero_pad_before_qwen_resample,full_0-8k
valid_496,/root/animal-omni-kv/data/beans/interventions/dogs_all/lp_0-1000/valid_496.wav,Keri,valid,496,Keri-8-C-6b.wav,9f6a9013d23886c8249d6111e16b5c8866e868ea1f2b0573d0e050f1d94db155,hf:beans_dogs/valid-00000-of-00001.parquet,10.0,mono_mean_prefix_truncate_zero_pad_before_qwen_resample,lp_0-1000
valid_504,/root/animal-omni-kv/data/beans/interventions/dogs_all/full_0-8k/valid_504.wav,Keri,valid,504,Keri-7-P-7c.wav,c426370cd7b771f7af9c50224edfdabeab6ba4d885715fcf5258bf667e79fd92,hf:beans_dogs/valid-00000-of-00001.parquet,10.0,mono_mean_prefix_truncate_zero_pad_before_qwen_resample,full_0-8k
valid_504,/root/animal-omni-kv/data/beans/interventions/dogs_all/lp_0-1000/valid_504.wav,Keri,valid,504,Keri-7-P-7c.wav,c426370cd7b771f7af9c50224edfdabeab6ba4d885715fcf5258bf667e79fd92,hf:beans_dogs/valid-00000-of-00001.parquet,10.0,mono_mean_prefix_truncate_zero_pad_before_qwen_resample,lp_0-1000
valid_505,/root/animal-omni-kv/data/beans/interventions/dogs_all/full_0-8k/valid_505.wav,Keri,valid,505,Keri-7-P-7d.wav,fab574d455675b577d548598cf3569e2a9f102dd4d004966666b50b17da24460,hf:beans_dogs/valid-00000-of-00001.parquet,10.0,mono_mean_prefix_truncate_zero_pad_before_qwen_resample,full_0-8k
valid_505,/root/animal-omni-kv/data/beans/interventions/dogs_all/lp_0-1000/valid_505.wav,Keri,valid,505,Keri-7-P-7d.wav,fab574d455675b577d548598cf3569e2a9f102dd4d004966666b50b17da24460,hf:beans_dogs/valid-00000-of-00001.parquet,10.0,mono_mean_prefix_truncate_zero_pad_before_qwen_resample,lp_0-1000
valid_511,/root/animal-omni-kv/data/beans/interventions/dogs_all/full_0-8k/valid_511.wav,Keri,valid,511,Keri-7-P-5f.wav,63fdefb37fc35e17f4c82bffc11cb3b0a864a9feca768323d8eaf4cd8370cb63,hf:beans_dogs/valid-00000-of-00001.parquet,10.0,mono_mean_prefix_truncate_zero_pad_before_qwen_resample,full_0-8k
valid_511,/root/animal-omni-kv/data/beans/interventions/dogs_all/lp_0-1000/valid_511.wav,Keri,valid,511,Keri-7-P-5f.wav,63fdefb37fc35e17f4c82bffc11cb3b0a864a9feca768323d8eaf4cd8370cb63,hf:beans_dogs/valid-00000-of-00001.parquet,10.0,mono_mean_prefix_truncate_zero_pad_before_qwen_resample,lp_0-1000
valid_521,/root/animal-omni-kv/data/beans/interventions/dogs_all/full_0-8k/valid_521.wav,Keri,valid,521,Keri-P-2.wav,fd99ee50124ece4d732125e8600603f0ac807c780f9e7661ceb436992680d47c,hf:beans_dogs/valid-00000-of-00001.parquet,10.0,mono_mean_prefix_truncate_zero_pad_before_qwen_resample,full_0-8k
valid_521,/root/animal-omni-kv/data/beans/interventions/dogs_all/lp_0-1000/valid_521.wav,Keri,valid,521,Keri-P-2.wav,fd99ee50124ece4d732125e8600603f0ac807c780f9e7661ceb436992680d47c,hf:beans_dogs/valid-00000-of-00001.parquet,10.0,mono_mean_prefix_truncate_zero_pad_before_qwen_resample,lp_0-1000
valid_523,/root/animal-omni-kv/data/beans/interventions/dogs_all/full_0-8k/valid_523.wav,Keri,valid,523,Keri-6-C-4a.wav,dbf29c7002009759f8a62c60878f723edf26287d9b22559f92facc48184ac2ab,hf:beans_dogs/valid-00000-of-00001.parquet,10.0,mono_mean_prefix_truncate_zero_pad_before_qwen_resample,full_0-8k
valid_523,/root/animal-omni-kv/data/beans/interventions/dogs_all/lp_0-1000/valid_523.wav,Keri,valid,523,Keri-6-C-4a.wav,dbf29c7002009759f8a62c60878f723edf26287d9b22559f92facc48184ac2ab,hf:beans_dogs/valid-00000-of-00001.parquet,10.0,mono_mean_prefix_truncate_zero_pad_before_qwen_resample,lp_0-1000
valid_529,/root/animal-omni-kv/data/beans/interventions/dogs_all/full_0-8k/valid_529.wav,Keri,valid,529,Keri-P-1b.wav,1e0870cc45c7a05358c1d7aa3bf1f8838449fed43f3b6d3c0d86ee5c1f6a9ead,hf:beans_dogs/valid-00000-of-00001.parquet,10.0,mono_mean_prefix_truncate_zero_pad_before_qwen_resample,full_0-8k
valid_529,/root/animal-omni-kv/data/beans/interventions/dogs_all/lp_0-1000/valid_529.wav,Keri,valid,529,Keri-P-1b.wav,1e0870cc45c7a05358c1d7aa3bf1f8838449fed43f3b6d3c0d86ee5c1f6a9ead,hf:beans_dogs/valid-00000-of-00001.parquet,10.0,mono_mean_prefix_truncate_zero_pad_before_qwen_resample,lp_0-1000
valid_536,/root/animal-omni-kv/data/beans/interventions/dogs_all/full_0-8k/valid_536.wav,Freid,valid,536,Freid-P-3a.wav,0d143beb0421e75f40d8ef6302c80518937baa4bbcaab576debc7c65064e94aa,hf:beans_dogs/valid-00000-of-00001.parquet,10.0,mono_mean_prefix_truncate_zero_pad_before_qwen_resample,full_0-8k
valid_536,/root/animal-omni-kv/data/beans/interventions/dogs_all/lp_0-1000/valid_536.wav,Freid,valid,536,Freid-P-3a.wav,0d143beb0421e75f40d8ef6302c80518937baa4bbcaab576debc7c65064e94aa,hf:beans_dogs/valid-00000-of-00001.parquet,10.0,mono_mean_prefix_truncate_zero_pad_before_qwen_resample,lp_0-1000
valid_538,/root/animal-omni-kv/data/beans/interventions/dogs_all/full_0-8k/valid_538.wav,Freid,valid,538,Freid3-A-3.1.wav,700e5c99ac9a8086e4c1223b74b8634b59de11b6681eb3a11e8580251849b7bf,hf:beans_dogs/valid-00000-of-00001.parquet,10.0,mono_mean_prefix_truncate_zero_pad_before_qwen_resample,full_0-8k
valid_538,/root/animal-omni-kv/data/beans/interventions/dogs_all/lp_0-1000/valid_538.wav,Freid,valid,538,Freid3-A-3.1.wav,700e5c99ac9a8086e4c1223b74b8634b59de11b6681eb3a11e8580251849b7bf,hf:beans_dogs/valid-00000-of-00001.parquet,10.0,mono_mean_prefix_truncate_zero_pad_before_qwen_resample,lp_0-1000
valid_547,/root/animal-omni-kv/data/beans/interventions/dogs_all/full_0-8k/valid_547.wav,Freid,valid,547,Freid-2-P-2f.wav,9d702b35592789b1f47444d076afb388403220c4d54362d64ec678dfdabb7acb,hf:beans_dogs/valid-00000-of-00001.parquet,10.0,mono_mean_prefix_truncate_zero_pad_before_qwen_resample,full_0-8k
valid_547,/root/animal-omni-kv/data/beans/interventions/dogs_all/lp_0-1000/valid_547.wav,Freid,valid,547,Freid-2-P-2f.wav,9d702b35592789b1f47444d076afb388403220c4d54362d64ec678dfdabb7acb,hf:beans_dogs/valid-00000-of-00001.parquet,10.0,mono_mean_prefix_truncate_zero_pad_before_qwen_resample,lp_0-1000
valid_548,/root/animal-omni-kv/data/beans/interventions/dogs_all/full_0-8k/valid_548.wav,Freid,valid,548,Freid-A-8a.wav,3e671d77e9c50262bb17be443703a35db07f65fb0fb84864b601b693765221d8,hf:beans_dogs/valid-00000-of-00001.parquet,10.0,mono_mean_prefix_truncate_zero_pad_before_qwen_resample,full_0-8k
valid_548,/root/animal-omni-kv/data/beans/interventions/dogs_all/lp_0-1000/valid_548.wav,Freid,valid,548,Freid-A-8a.wav,3e671d77e9c50262bb17be443703a35db07f65fb0fb84864b601b693765221d8,hf:beans_dogs/valid-00000-of-00001.parquet,10.0,mono_mean_prefix_truncate_zero_pad_before_qwen_resample,lp_0-1000
valid_552,/root/animal-omni-kv/data/beans/interventions/dogs_all/full_0-8k/valid_552.wav,Freid,valid,552,Freid-P-8d.wav,e338f74fda060bc594fc45c824bf7bf5fc36c03e4ff9f50fc1032714a26ca984,hf:beans_dogs/valid-00000-of-00001.parquet,10.0,mono_mean_prefix_truncate_zero_pad_before_qwen_resample,full_0-8k
valid_552,/root/animal-omni-kv/data/beans/interventions/dogs_all/lp_0-1000/valid_552.wav,Freid,valid,552,Freid-P-8d.wav,e338f74fda060bc594fc45c824bf7bf5fc36c03e4ff9f50fc1032714a26ca984,hf:beans_dogs/valid-00000-of-00001.parquet,10.0,mono_mean_prefix_truncate_zero_pad_before_qwen_resample,lp_0-1000
valid_556,/root/animal-omni-kv/data/beans/interventions/dogs_all/full_0-8k/valid_556.wav,Freid,valid,556,Freid-5-P-5b.wav,117b93151226378268b7a903537e91d2f0e5eccbef8812c24ea5551b1f926ef5,hf:beans_dogs/valid-00000-of-00001.parquet,10.0,mono_mean_prefix_truncate_zero_pad_before_qwen_resample,full_0-8k
valid_556,/root/animal-omni-kv/data/beans/interventions/dogs_all/lp_0-1000/valid_556.wav,Freid,valid,556,Freid-5-P-5b.wav,117b93151226378268b7a903537e91d2f0e5eccbef8812c24ea5551b1f926ef5,hf:beans_dogs/valid-00000-of-00001.parquet,10.0,mono_mean_prefix_truncate_zero_pad_before_qwen_resample,lp_0-1000
valid_565,/root/animal-omni-kv/data/beans/interventions/dogs_all/full_0-8k/valid_565.wav,Freid,valid,565,Freid-1-P-1b.wav,dcaef60b9085294eb48b3a87a146fe94ad8fb1be86a53f642aba55d747ec4885,hf:beans_dogs/valid-00000-of-00001.parquet,10.0,mono_mean_prefix_truncate_zero_pad_before_qwen_resample,full_0-8k
valid_565,/root/animal-omni-kv/data/beans/interventions/dogs_all/lp_0-1000/valid_565.wav,Freid,valid,565,Freid-1-P-1b.wav,dcaef60b9085294eb48b3a87a146fe94ad8fb1be86a53f642aba55d747ec4885,hf:beans_dogs/valid-00000-of-00001.parquet,10.0,mono_mean_prefix_truncate_zero_pad_before_qwen_resample,lp_0-1000
valid_567,/root/animal-omni-kv/data/beans/interventions/dogs_all/full_0-8k/valid_567.wav,Freid,valid,567,Freid-P-6a.wav,a4b2050b0a5d2ca02fc832bf3bfdf8b253f3f8da21ac93cb1de8a18e33c03b76,hf:beans_dogs/valid-00000-of-00001.parquet,10.0,mono_mean_prefix_truncate_zero_pad_before_qwen_resample,full_0-8k
valid_567,/root/animal-omni-kv/data/beans/interventions/dogs_all/lp_0-1000/valid_567.wav,Freid,valid,567,Freid-P-6a.wav,a4b2050b0a5d2ca02fc832bf3bfdf8b253f3f8da21ac93cb1de8a18e33c03b76,hf:beans_dogs/valid-00000-of-00001.parquet,10.0,mono_mean_prefix_truncate_zero_pad_before_qwen_resample,lp_0-1000
valid_572,/root/animal-omni-kv/data/beans/interventions/dogs_all/full_0-8k/valid_572.wav,Luke,valid,572,Luke-6-C-6h.wav,94f3ccf2d22c0430e16c76212346e30623e1391aa0a2d45b41d474de6205520e,hf:beans_dogs/valid-00000-of-00001.parquet,10.0,mono_mean_prefix_truncate_zero_pad_before_qwen_resample,full_0-8k
valid_572,/root/animal-omni-kv/data/beans/interventions/dogs_all/lp_0-1000/valid_572.wav,Luke,valid,572,Luke-6-C-6h.wav,94f3ccf2d22c0430e16c76212346e30623e1391aa0a2d45b41d474de6205520e,hf:beans_dogs/valid-00000-of-00001.parquet,10.0,mono_mean_prefix_truncate_zero_pad_before_qwen_resample,lp_0-1000
valid_588,/root/animal-omni-kv/data/beans/interventions/dogs_all/full_0-8k/valid_588.wav,Luke,valid,588,Luke-P-4b.wav,1c079c51468500b69d21a7887c88d8d9d7797a3785f575b1098d7d0e39b7ec2f,hf:beans_dogs/valid-00000-of-00001.parquet,10.0,mono_mean_prefix_truncate_zero_pad_before_qwen_resample,full_0-8k
valid_588,/root/animal-omni-kv/data/beans/interventions/dogs_all/lp_0-1000/valid_588.wav,Luke,valid,588,Luke-P-4b.wav,1c079c51468500b69d21a7887c88d8d9d7797a3785f575b1098d7d0e39b7ec2f,hf:beans_dogs/valid-00000-of-00001.parquet,10.0,mono_mean_prefix_truncate_zero_pad_before_qwen_resample,lp_0-1000
valid_606,/root/animal-omni-kv/data/beans/interventions/dogs_all/full_0-8k/valid_606.wav,Luke,valid,606,Luke-P-2.wav,6570798d4d7a3c96689c828f94d325d35ff8d0d23af9436f328e9098df34b13e,hf:beans_dogs/valid-00000-of-00001.parquet,10.0,mono_mean_prefix_truncate_zero_pad_before_qwen_resample,full_0-8k
valid_606,/root/animal-omni-kv/data/beans/interventions/dogs_all/lp_0-1000/valid_606.wav,Luke,valid,606,Luke-P-2.wav,6570798d4d7a3c96689c828f94d325d35ff8d0d23af9436f328e9098df34b13e,hf:beans_dogs/valid-00000-of-00001.parquet,10.0,mono_mean_prefix_truncate_zero_pad_before_qwen_resample,lp_0-1000
valid_613,/root/animal-omni-kv/data/beans/interventions/dogs_all/full_0-8k/valid_613.wav,Luke,valid,613,Luke-C-2e.wav,6ad2749481fda3bafc1fcad0b046d5412889a86daefb45989c6ad79caa7128a5,hf:beans_dogs/valid-00000-of-00001.parquet,10.0,mono_mean_prefix_truncate_zero_pad_before_qwen_resample,full_0-8k
valid_613,/root/animal-omni-kv/data/beans/interventions/dogs_all/lp_0-1000/valid_613.wav,Luke,valid,613,Luke-C-2e.wav,6ad2749481fda3bafc1fcad0b046d5412889a86daefb45989c6ad79caa7128a5,hf:beans_dogs/valid-00000-of-00001.parquet,10.0,mono_mean_prefix_truncate_zero_pad_before_qwen_resample,lp_0-1000
valid_620,/root/animal-omni-kv/data/beans/interventions/dogs_all/full_0-8k/valid_620.wav,Luke,valid,620,Luke-C-3r.wav,e434f0ff600a30d05e8891cb6032c9335d103415d9b18b5cd6382fd4e973a356,hf:beans_dogs/valid-00000-of-00001.parquet,10.0,mono_mean_prefix_truncate_zero_pad_before_qwen_resample,full_0-8k
valid_620,/root/animal-omni-kv/data/beans/interventions/dogs_all/lp_0-1000/valid_620.wav,Luke,valid,620,Luke-C-3r.wav,e434f0ff600a30d05e8891cb6032c9335d103415d9b18b5cd6382fd4e973a356,hf:beans_dogs/valid-00000-of-00001.parquet,10.0,mono_mean_prefix_truncate_zero_pad_before_qwen_resample,lp_0-1000
valid_621,/root/animal-omni-kv/data/beans/interventions/dogs_all/full_0-8k/valid_621.wav,Luke,valid,621,Luke-C-3k.wav,848c842be05d687c5622864cf616e927ab25b5737de5fee8c909fd9f531ebf82,hf:beans_dogs/valid-00000-of-00001.parquet,10.0,mono_mean_prefix_truncate_zero_pad_before_qwen_resample,full_0-8k
valid_621,/root/animal-omni-kv/data/beans/interventions/dogs_all/lp_0-1000/valid_621.wav,Luke,valid,621,Luke-C-3k.wav,848c842be05d687c5622864cf616e927ab25b5737de5fee8c909fd9f531ebf82,hf:beans_dogs/valid-00000-of-00001.parquet,10.0,mono_mean_prefix_truncate_zero_pad_before_qwen_resample,lp_0-1000
valid_628,/root/animal-omni-kv/data/beans/interventions/dogs_all/full_0-8k/valid_628.wav,Luke,valid,628,Luke-C-3e.wav,13f05c07c4b6e998c96554e0424e37bfca97d7646e211a7d6fe78390382ff0cf,hf:beans_dogs/valid-00000-of-00001.parquet,10.0,mono_mean_prefix_truncate_zero_pad_before_qwen_resample,full_0-8k
valid_628,/root/animal-omni-kv/data/beans/interventions/dogs_all/lp_0-1000/valid_628.wav,Luke,valid,628,Luke-C-3e.wav,13f05c07c4b6e998c96554e0424e37bfca97d7646e211a7d6fe78390382ff0cf,hf:beans_dogs/valid-00000-of-00001.parquet,10.0,mono_mean_prefix_truncate_zero_pad_before_qwen_resample,lp_0-1000
valid_631,/root/animal-omni-kv/data/beans/interventions/dogs_all/full_0-8k/valid_631.wav,Luke,valid,631,Luke-C-3g.wav,2b3b01d3d7b8431a026226087a2089656d509fc394dd02aa717bacfc8b685915,hf:beans_dogs/valid-00000-of-00001.parquet,10.0,mono_mean_prefix_truncate_zero_pad_before_qwen_resample,full_0-8k
valid_631,/root/animal-omni-kv/data/beans/interventions/dogs_all/lp_0-1000/valid_631.wav,Luke,valid,631,Luke-C-3g.wav,2b3b01d3d7b8431a026226087a2089656d509fc394dd02aa717bacfc8b685915,hf:beans_dogs/valid-00000-of-00001.parquet,10.0,mono_mean_prefix_truncate_zero_pad_before_qwen_resample,lp_0-1000
valid_637,/root/animal-omni-kv/data/beans/interventions/dogs_all/full_0-8k/valid_637.wav,Luke,valid,637,Luke-C-3o.wav,2ed48a835f48b8085ff359cc05f70cb9ae4dfea5b3ad3248436d95e18dd58ad5,hf:beans_dogs/valid-00000-of-00001.parquet,10.0,mono_mean_prefix_truncate_zero_pad_before_qwen_resample,full_0-8k
valid_637,/root/animal-omni-kv/data/beans/interventions/dogs_all/lp_0-1000/valid_637.wav,Luke,valid,637,Luke-C-3o.wav,2ed48a835f48b8085ff359cc05f70cb9ae4dfea5b3ad3248436d95e18dd58ad5,hf:beans_dogs/valid-00000-of-00001.parquet,10.0,mono_mean_prefix_truncate_zero_pad_before_qwen_resample,lp_0-1000
valid_639,/root/animal-omni-kv/data/beans/interventions/dogs_all/full_0-8k/valid_639.wav,Luke,valid,639,Luke-C-1L.wav,f02e92e741c0ff8e633d27e6ba5ce5dbda5f8ffcee73a67ef420e364fa73efc1,hf:beans_dogs/valid-00000-of-00001.parquet,10.0,mono_mean_prefix_truncate_zero_pad_before_qwen_resample,full_0-8k
valid_639,/root/animal-omni-kv/data/beans/interventions/dogs_all/lp_0-1000/valid_639.wav,Luke,valid,639,Luke-C-1L.wav,f02e92e741c0ff8e633d27e6ba5ce5dbda5f8ffcee73a67ef420e364fa73efc1,hf:beans_dogs/valid-00000-of-00001.parquet,10.0,mono_mean_prefix_truncate_zero_pad_before_qwen_resample,lp_0-1000
valid_646,/root/animal-omni-kv/data/beans/interventions/dogs_all/full_0-8k/valid_646.wav,Luke,valid,646,Luke-C-1h.wav,c6b016856c152f8e606390ee83b981ba71f55fd623958145b2d0aa8ca45513c6,hf:beans_dogs/valid-00000-of-00001.parquet,10.0,mono_mean_prefix_truncate_zero_pad_before_qwen_resample,full_0-8k
valid_646,/root/animal-omni-kv/data/beans/interventions/dogs_all/lp_0-1000/valid_646.wav,Luke,valid,646,Luke-C-1h.wav,c6b016856c152f8e606390ee83b981ba71f55fd623958145b2d0aa8ca45513c6,hf:beans_dogs/valid-00000-of-00001.parquet,10.0,mono_mean_prefix_truncate_zero_pad_before_qwen_resample,lp_0-1000
valid_648,/root/animal-omni-kv/data/beans/interventions/dogs_all/full_0-8k/valid_648.wav,Luke,valid,648,Luke-P-1b.wav,82bbf3dbdb7b15932301d90500e366c31c4aaddd5c6d28bda837cf04d14d8473,hf:beans_dogs/valid-00000-of-00001.parquet,10.0,mono_mean_prefix_truncate_zero_pad_before_qwen_resample,full_0-8k
valid_648,/root/animal-omni-kv/data/beans/interventions/dogs_all/lp_0-1000/valid_648.wav,Luke,valid,648,Luke-P-1b.wav,82bbf3dbdb7b15932301d90500e366c31c4aaddd5c6d28bda837cf04d14d8473,hf:beans_dogs/valid-00000-of-00001.parquet,10.0,mono_mean_prefix_truncate_zero_pad_before_qwen_resample,lp_0-1000
valid_653,/root/animal-omni-kv/data/beans/interventions/dogs_all/full_0-8k/valid_653.wav,Luke,valid,653,Luke-C-1a.wav,0424dced111caf9a30802464c2567ad191fbfba866b0c518345c9615f06e41b1,hf:beans_dogs/valid-00000-of-00001.parquet,10.0,mono_mean_prefix_truncate_zero_pad_before_qwen_resample,full_0-8k
valid_653,/root/animal-omni-kv/data/beans/interventions/dogs_all/lp_0-1000/valid_653.wav,Luke,valid,653,Luke-C-1a.wav,0424dced111caf9a30802464c2567ad191fbfba866b0c518345c9615f06e41b1,hf:beans_dogs/valid-00000-of-00001.parquet,10.0,mono_mean_prefix_truncate_zero_pad_before_qwen_resample,lp_0-1000
valid_654,/root/animal-omni-kv/data/beans/interventions/dogs_all/full_0-8k/valid_654.wav,Luke,valid,654,Luke-C-1o.wav,468209e4e4178224742fb1bcf3a228d9af548d90db57cb0207e0385a7f74e9fd,hf:beans_dogs/valid-00000-of-00001.parquet,10.0,mono_mean_prefix_truncate_zero_pad_before_qwen_resample,full_0-8k
valid_654,/root/animal-omni-kv/data/beans/interventions/dogs_all/lp_0-1000/valid_654.wav,Luke,valid,654,Luke-C-1o.wav,468209e4e4178224742fb1bcf3a228d9af548d90db57cb0207e0385a7f74e9fd,hf:beans_dogs/valid-00000-of-00001.parquet,10.0,mono_mean_prefix_truncate_zero_pad_before_qwen_resample,lp_0-1000
valid_657,/root/animal-omni-kv/data/beans/interventions/dogs_all/full_0-8k/valid_657.wav,Luke,valid,657,Luke-P-1a.wav,8d1546b14fc9eefee2077011640c1976f71de60ed951e4e2c36d1b50da563000,hf:beans_dogs/valid-00000-of-00001.parquet,10.0,mono_mean_prefix_truncate_zero_pad_before_qwen_resample,full_0-8k
valid_657,/root/animal-omni-kv/data/beans/interventions/dogs_all/lp_0-1000/valid_657.wav,Luke,valid,657,Luke-P-1a.wav,8d1546b14fc9eefee2077011640c1976f71de60ed951e4e2c36d1b50da563000,hf:beans_dogs/valid-00000-of-00001.parquet,10.0,mono_mean_prefix_truncate_zero_pad_before_qwen_resample,lp_0-1000
valid_666,/root/animal-omni-kv/data/beans/interventions/dogs_all/full_0-8k/valid_666.wav,Luke,valid,666,Luke-5-C-5o.wav,a4b52708a3994c94ae587509a912021ff6be6b6b25822df6b9898559adef6f94,hf:beans_dogs/valid-00000-of-00001.parquet,10.0,mono_mean_prefix_truncate_zero_pad_before_qwen_resample,full_0-8k
valid_666,/root/animal-omni-kv/data/beans/interventions/dogs_all/lp_0-1000/valid_666.wav,Luke,valid,666,Luke-5-C-5o.wav,a4b52708a3994c94ae587509a912021ff6be6b6b25822df6b9898559adef6f94,hf:beans_dogs/valid-00000-of-00001.parquet,10.0,mono_mean_prefix_truncate_zero_pad_before_qwen_resample,lp_0-1000
valid_669,/root/animal-omni-kv/data/beans/interventions/dogs_all/full_0-8k/valid_669.wav,Luke,valid,669,Luke-5-P-4b.wav,ad478bb7b56f6857eb0ca726872c88434f33756072a68148fd5e49bd2ae500f9,hf:beans_dogs/valid-00000-of-00001.parquet,10.0,mono_mean_prefix_truncate_zero_pad_before_qwen_resample,full_0-8k
valid_669,/root/animal-omni-kv/data/beans/interventions/dogs_all/lp_0-1000/valid_669.wav,Luke,valid,669,Luke-5-P-4b.wav,ad478bb7b56f6857eb0ca726872c88434f33756072a68148fd5e49bd2ae500f9,hf:beans_dogs/valid-00000-of-00001.parquet,10.0,mono_mean_prefix_truncate_zero_pad_before_qwen_resample,lp_0-1000
valid_672,/root/animal-omni-kv/data/beans/interventions/dogs_all/full_0-8k/valid_672.wav,Luke,valid,672,Luke-5-C-5j.wav,5ce185f09bdcd0343d6b223f999834bda8835c5d30393bfee6dfba1d468e1967,hf:beans_dogs/valid-00000-of-00001.parquet,10.0,mono_mean_prefix_truncate_zero_pad_before_qwen_resample,full_0-8k
valid_672,/root/animal-omni-kv/data/beans/interventions/dogs_all/lp_0-1000/valid_672.wav,Luke,valid,672,Luke-5-C-5j.wav,5ce185f09bdcd0343d6b223f999834bda8835c5d30393bfee6dfba1d468e1967,hf:beans_dogs/valid-00000-of-00001.parquet,10.0,mono_mean_prefix_truncate_zero_pad_before_qwen_resample,lp_0-1000
valid_674,/root/animal-omni-kv/data/beans/interventions/dogs_all/full_0-8k/valid_674.wav,Luke,valid,674,Luke-5-C-5k.wav,85be88b239bde02130251fe642cf8b07101d5ecd59dab376f18946dc40af7e10,hf:beans_dogs/valid-00000-of-00001.parquet,10.0,mono_mean_prefix_truncate_zero_pad_before_qwen_resample,full_0-8k
valid_674,/root/animal-omni-kv/data/beans/interventions/dogs_all/lp_0-1000/valid_674.wav,Luke,valid,674,Luke-5-C-5k.wav,85be88b239bde02130251fe642cf8b07101d5ecd59dab376f18946dc40af7e10,hf:beans_dogs/valid-00000-of-00001.parquet,10.0,mono_mean_prefix_truncate_zero_pad_before_qwen_resample,lp_0-1000
valid_681,/root/animal-omni-kv/data/beans/interventions/dogs_all/full_0-8k/valid_681.wav,Luke,valid,681,Luke-5-C-5a.wav,71a926b15defe451865981c40651c7131c2d1916929740afce97bf54ec19ec5e,hf:beans_dogs/valid-00000-of-00001.parquet,10.0,mono_mean_prefix_truncate_zero_pad_before_qwen_resample,full_0-8k
valid_681,/root/animal-omni-kv/data/beans/interventions/dogs_all/lp_0-1000/valid_681.wav,Luke,valid,681,Luke-5-C-5a.wav,71a926b15defe451865981c40651c7131c2d1916929740afce97bf54ec19ec5e,hf:beans_dogs/valid-00000-of-00001.parquet,10.0,mono_mean_prefix_truncate_zero_pad_before_qwen_resample,lp_0-1000
valid_683,/root/animal-omni-kv/data/beans/interventions/dogs_all/full_0-8k/valid_683.wav,Luke,valid,683,Luke-5-C-5L.wav,c8aa6fa353627874145e84352bbf7641f51b3541e3226d8c254471a6d6de3361,hf:beans_dogs/valid-00000-of-00001.parquet,10.0,mono_mean_prefix_truncate_zero_pad_before_qwen_resample,full_0-8k
valid_683,/root/animal-omni-kv/data/beans/interventions/dogs_all/lp_0-1000/valid_683.wav,Luke,valid,683,Luke-5-C-5L.wav,c8aa6fa353627874145e84352bbf7641f51b3541e3226d8c254471a6d6de3361,hf:beans_dogs/valid-00000-of-00001.parquet,10.0,mono_mean_prefix_truncate_zero_pad_before_qwen_resample,lp_0-1000
valid_685,/root/animal-omni-kv/data/beans/interventions/dogs_all/full_0-8k/valid_685.wav,Luke,valid,685,Luke-5-C-5f.wav,2a3931c58c3ed8e6db497f53a6b9e716e7dbc7e1ca903d2926ed9cb2b2f28aeb,hf:beans_dogs/valid-00000-of-00001.parquet,10.0,mono_mean_prefix_truncate_zero_pad_before_qwen_resample,full_0-8k
valid_685,/root/animal-omni-kv/data/beans/interventions/dogs_all/lp_0-1000/valid_685.wav,Luke,valid,685,Luke-5-C-5f.wav,2a3931c58c3ed8e6db497f53a6b9e716e7dbc7e1ca903d2926ed9cb2b2f28aeb,hf:beans_dogs/valid-00000-of-00001.parquet,10.0,mono_mean_prefix_truncate_zero_pad_before_qwen_resample,lp_0-1000
valid_686,/root/animal-omni-kv/data/beans/interventions/dogs_all/full_0-8k/valid_686.wav,Luke,valid,686,Luke-5-C-5e.wav,f7485ac705d9572d1a781fda70434248620ed3b85b60f43cc3402293fec539e7,hf:beans_dogs/valid-00000-of-00001.parquet,10.0,mono_mean_prefix_truncate_zero_pad_before_qwen_resample,full_0-8k
valid_686,/root/animal-omni-kv/data/beans/interventions/dogs_all/lp_0-1000/valid_686.wav,Luke,valid,686,Luke-5-C-5e.wav,f7485ac705d9572d1a781fda70434248620ed3b85b60f43cc3402293fec539e7,hf:beans_dogs/valid-00000-of-00001.parquet,10.0,mono_mean_prefix_truncate_zero_pad_before_qwen_resample,lp_0-1000
valid_692,/root/animal-omni-kv/data/beans/interventions/dogs_all/full_0-8k/valid_692.wav,Freid,valid,692,Freid-A-8a.wav,3e671d77e9c50262bb17be443703a35db07f65fb0fb84864b601b693765221d8,hf:beans_dogs/valid-00000-of-00001.parquet,10.0,mono_mean_prefix_truncate_zero_pad_before_qwen_resample,full_0-8k
valid_692,/root/animal-omni-kv/data/beans/interventions/dogs_all/lp_0-1000/valid_692.wav,Freid,valid,692,Freid-A-8a.wav,3e671d77e9c50262bb17be443703a35db07f65fb0fb84864b601b693765221d8,hf:beans_dogs/valid-00000-of-00001.parquet,10.0,mono_mean_prefix_truncate_zero_pad_before_qwen_resample,lp_0-1000
