event_id,audio_path,label,instruction_text,dataset_name,source_dataset,license,file_name,metadata,split
1b2740e9-75d1-4fcf-ba0b-3b2144657550,/root/animal-omni-kv/data/beans/beans_zero_subset/unseen-genus-cmn/1b2740e9-75d1-4fcf-ba0b-3b2144657550.wav,Spotted Nightjar,What is the common name for the focal species in the audio?,unseen-genus-cmn,Xeno-canto,CC BY-NC,XC434556-Nightjar_Spotted_MX275_Carnarvon_DuskA_22ndAug18.flac,"{""recordist"": ""Marc Anderson"", ""url"": ""https://xeno-canto.org/sounds/uploaded/EHGWCIGILC/XC434556-Nightjar_Spotted_MX275_Carnarvon_DuskA_22ndAug18.mp3"", ""source"": ""Xeno-canto"", ""duration"": 11.313625, ""sample_rate"": 16000}",test
10429e46-a247-45e5-98a4-d489e64af8de,/root/animal-omni-kv/data/beans/beans_zero_subset/unseen-species-tax/10429e46-a247-45e5-98a4-d489e64af8de.wav,Chordata Aves Passeriformes Sittidae Sitta castanea,What is the taxonomic name of the focal species in the audio?,unseen-species-tax,Xeno-canto,CC BY-NC,XC172341-cbnh-thattakarai.flac,"{""recordist"": ""Patrick David"", ""url"": ""https://xeno-canto.org/sounds/uploaded/NJSRNNMTAW/XC172341-cbnh-thattakarai.mp3"", ""source"": ""Xeno-canto"", ""duration"": 78.312, ""sample_rate"": 16000}",test
9775a19a-e297-49be-a0af-7805e240158a,/root/animal-omni-kv/data/beans/beans_zero_subset/unseen-genus-sci/9775a19a-e297-49be-a0af-7805e240158a.wav,Aphelocephala pectoralis,What is the scientific name for the focal species in the audio?,unseen-genus-sci,Xeno-canto,CC BY-NC,XC326241-Chestnut-breasted%20Whiteface%20AUDIO.flac,"{""recordist"": ""Pieter de Groot Boersma"", ""url"": ""https://xeno-canto.org/sounds/uploaded/EYDMHIJPXV/XC326241-Chestnut-breasted%20Whiteface%20AUDIO.mp3"", ""source"": ""Xeno-canto"", ""duration"": 4.6236875, ""sample_rate"": 16000}",test
82d44d06-c56a-46d6-b780-105bdb8340e0,/root/animal-omni-kv/data/beans/beans_zero_subset/unseen-species-tax/82d44d06-c56a-46d6-b780-105bdb8340e0.wav,Chordata Aves Passeriformes Hirundinidae Progne dominicensis,What is the taxonomic name of the focal species in the audio?,unseen-species-tax,Xeno-canto,CC BY-NC,XC351512-Caribbean%20Martin%202%2012062016%201525.flac,"{""recordist"": ""Jack Baddams"", ""url"": ""https://xeno-canto.org/sounds/uploaded/RVSRPULNLV/XC351512-Caribbean%20Martin%202%2012062016%201525.mp3"", ""source"": ""Xeno-canto"", ""duration"": 24.8424375, ""sample_rate"": 16000}",test
0cdc2077-89cd-4b0c-a76c-4d637b5dd9e7,/root/animal-omni-kv/data/beans/beans_zero_subset/unseen-genus-sci/0cdc2077-89cd-4b0c-a76c-4d637b5dd9e7.wav,Cryptotympana facialis,What is the scientific name for the focal species in the audio?,unseen-genus-sci,iNaturalist,http://creativecommons.org/licenses/by-nc/4.0/,272249.flac,"{""recordist"": ""hachiichi"", ""url"": ""https://static.inaturalist.org/sounds/272249.m4a?1625963058"", ""source"": ""iNaturalist"", ""exclude_from_release"": true, ""duration"": 10.541875, ""sample_rate"": 16000}",test
5fa62c17-f1a2-47cf-b292-9a92d0320402,/root/animal-omni-kv/data/beans/beans_zero_subset/unseen-genus-cmn/5fa62c17-f1a2-47cf-b292-9a92d0320402.wav,Princess Stephanie's Astrapia,What is the common name for the focal species in the audio?,unseen-genus-cmn,Xeno-canto,CC BY-NC,XC279454-Astraphia_stephaniaei_4Aug1999_1010hrs_call.flac,"{""recordist"": ""John V. Moore"", ""url"": ""https://xeno-canto.org/sounds/uploaded/YKKDTZHLUU/XC279454-Astraphia_stephaniaei_4Aug1999_1010hrs_call.mp3"", ""source"": ""Xeno-canto"", ""duration"": 2.638375, ""sample_rate"": 16000}",test
024aa490-7ae1-4043-b6b0-71b7c9081e0d,/root/animal-omni-kv/data/beans/beans_zero_subset/unseen-genus-cmn/024aa490-7ae1-4043-b6b0-71b7c9081e0d.wav,Goldenface,What is the common name for the focal species in the audio?,unseen-genus-cmn,Xeno-canto,CC BY-NC,XC557715-Pachycare%20flavogriseum%20subaurantium_iw_091211_03.flac,"{""recordist"": ""Iain Woxvold"", ""url"": ""https://xeno-canto.org/sounds/uploaded/IASEWSJZCS/XC557715-Pachycare%20flavogriseum%20subaurantium_iw_091211_03.mp3"", ""source"": ""Xeno-canto"", ""duration"": 31.84325, ""sample_rate"": 16000}",test
ac2c9444-f96d-498a-8832-697369194bb6,/root/animal-omni-kv/data/beans/beans_zero_subset/unseen-genus-tax/ac2c9444-f96d-498a-8832-697369194bb6.wav,Chordata Aves Apodiformes Trochilidae Lesbia victoriae,What is the taxonomic name of the focal species in the audio?,unseen-genus-tax,Xeno-canto,CC BY-NC,XC147231-Lesbia%20victoriae%20hembra.flac,"{""recordist"": ""JUAN ANTONIO ALONSO DE JUAN"", ""url"": ""https://xeno-canto.org/sounds/uploaded/VLMCJBSWEF/XC147231-Lesbia%20victoriae%20hembra.mp3"", ""source"": ""Xeno-canto"", ""duration"": 2.6645, ""sample_rate"": 16000}",test
22955a09-1faf-4f54-8a87-a96e6229d4a8,/root/animal-omni-kv/data/beans/beans_zero_subset/unseen-species-sci/22955a09-1faf-4f54-8a87-a96e6229d4a8.wav,Buteo trizonatus,What is the scientific name for the focal species in the audio?,unseen-species-sci,Xeno-canto,CC BY-NC,XC289313-Buzzard%2C%20Forest%20%281%29%3B%20Seaview%20EC%2003-11-2015.flac,"{""recordist"": ""Daniel Danckwerts"", ""url"": ""https://xeno-canto.org/sounds/uploaded/UDDNOHEKEN/XC289313-Buzzard%2C%20Forest%20%281%29%3B%20Seaview%20EC%2003-11-2015.mp3"", ""source"": ""Xeno-canto"", ""duration"": 53.7890625, ""sample_rate"": 16000}",test
b44537ee-890e-4d76-8643-6874fcc003c3,/root/animal-omni-kv/data/beans/beans_zero_subset/unseen-genus-tax/b44537ee-890e-4d76-8643-6874fcc003c3.wav,Chordata Aves Psittaciformes Psittacidae Probosciger aterrimus,What is the taxonomic name of the focal species in the audio?,unseen-genus-tax,Xeno-canto,CC BY-NC,XC531313-Cockatoo_Palm1_M6MKH-342_Marwes_24thAug19.flac,"{""recordist"": ""Marc Anderson"", ""url"": ""https://xeno-canto.org/sounds/uploaded/EHGWCIGILC/XC531313-Cockatoo_Palm1_M6MKH-342_Marwes_24thAug19.mp3"", ""source"": ""Xeno-canto"", ""duration"": 26.0, ""sample_rate"": 16000}",test
d177dc10-dc69-41bf-8d19-8cb79f777a41,/root/animal-omni-kv/data/beans/beans_zero_subset/unseen-family-tax/d177dc10-dc69-41bf-8d19-8cb79f777a41.wav,Chordata Mammalia Artiodactyla Suidae Hylochoerus meinertzhageni,What is the taxonomic name of the focal species in the audio?,unseen-family-tax,Animal Sound Archive,unknown,Hylochoerus_meinertzhageni_Band1_Cut05_short.flac,"{""recordist"": """", ""url"": ""http://www.tierstimmenarchiv.de/recordings/Hylochoerus_meinertzhageni_Band1_Cut05_short.mp3"", ""source"": ""Animal Sound Archive"", ""duration"": 20.0359375, ""sample_rate"": 16000}",test
9d000f16-7914-4a29-89fe-9180a90fa59b,/root/animal-omni-kv/data/beans/beans_zero_subset/unseen-species-tax/9d000f16-7914-4a29-89fe-9180a90fa59b.wav,Chordata Aves Passeriformes Timaliidae Mixornis kelleyi,What is the taxonomic name of the focal species in the audio?,unseen-species-tax,Xeno-canto,CC BY-NC,grey-facedtitbabblersongvietFarrow.flac,"{""recordist"": ""David Farrow"", ""url"": ""https://xeno-canto.org/sounds/uploaded/RNVWOVLEUN/grey-facedtitbabblersongvietFarrow.mp3"", ""source"": ""Xeno-canto"", ""duration"": 19.3045, ""sample_rate"": 16000}",test
2f8aeb4d-a6c3-41b2-a9ae-275db0e3aa1e,/root/animal-omni-kv/data/beans/beans_zero_subset/unseen-species-tax/2f8aeb4d-a6c3-41b2-a9ae-275db0e3aa1e.wav,Chordata Aves Columbiformes Columbidae Treron affinis,What is the taxonomic name of the focal species in the audio?,unseen-species-tax,Xeno-canto,CC BY-NC,XC397146-Grey%20Fronted%20Pigeon%20Swapnagandha%202.flac,"{""recordist"": ""Abhijeet Avate"", ""url"": ""https://xeno-canto.org/sounds/uploaded/NZDXFSPDPQ/XC397146-Grey%20Fronted%20Pigeon%20Swapnagandha%202.mp3"", ""source"": ""Xeno-canto"", ""duration"": 7.706125, ""sample_rate"": 16000}",test
7479189c-2f76-40d2-b615-e2f20a4f3bb8,/root/animal-omni-kv/data/beans/beans_zero_subset/unseen-genus-tax/7479189c-2f76-40d2-b615-e2f20a4f3bb8.wav,Arthropoda Insecta Orthoptera Acrididae Pseudochorthippus parallelus,What is the taxonomic name of the focal species in the audio?,unseen-genus-tax,iNaturalist,http://creativecommons.org/licenses/by-nc/4.0/,532965.flac,"{""recordist"": ""david_fp"", ""url"": ""https://static.inaturalist.org/sounds/532965.wav?1662735050"", ""source"": ""iNaturalist"", ""exclude_from_release"": true, ""duration"": 18.1354375, ""sample_rate"": 16000}",test
2c87aeed-a68e-4a1d-924f-157345cd986d,/root/animal-omni-kv/data/beans/beans_zero_subset/unseen-species-sci/2c87aeed-a68e-4a1d-924f-157345cd986d.wav,Knipolegus cyanirostris,What is the scientific name for the focal species in the audio?,unseen-species-sci,Xeno-canto,CC BY-NC,XC528387-13-02-2020%2011e52%20Maria%20preta%20de%20bico%20azulado%20%28Knipolegus%20cyanirostris-OK%29.flac,"{""recordist"": ""JAYRSON ARAUJO DE OLIVEIRA"", ""url"": ""https://xeno-canto.org/sounds/uploaded/LXKLWEDKEM/XC528387-13-02-2020%2011e52%20Maria%20preta%20de%20bico%20azulado%20%28Knipolegus%20cyanirostris-OK%29.mp3"", ""source"": ""Xeno-canto"", ""duration"": 1.7415, ""sample_rate"": 16000}",test
7293b9a5-e1b3-4204-9545-5e16e38d4e27,/root/animal-omni-kv/data/beans/beans_zero_subset/unseen-species-cmn/7293b9a5-e1b3-4204-9545-5e16e38d4e27.wav,Sperm Whale,What is the common name for the focal species in the audio?,unseen-species-cmn,iNaturalist,http://creativecommons.org/licenses/by-nc/4.0/,347567.flac,"{""recordist"": ""Robin Gwen Agarwal"", ""url"": ""https://static.inaturalist.org/sounds/347567.m4a?1642549500"", ""source"": ""iNaturalist"", ""exclude_from_release"": true, ""duration"": 19.8530625, ""sample_rate"": 16000}",test
76387a4e-db62-4f7d-ae95-c1e858e9e8c7,/root/animal-omni-kv/data/beans/beans_zero_subset/call-type/76387a4e-db62-4f7d-ae95-c1e858e9e8c7.wav,song,What type of vocalization is heard from the focal species in the audio? Answer with either 'call' or 'song'.,call-type,Xeno-canto,unknown,XC652113-AnyConv.com__IMG_4153.flac,"{""duration"": 32.3221875, ""sample_rate"": 16000}",test
cf9514c9-4a67-4f4e-9400-030705e77d5f,/root/animal-omni-kv/data/beans/beans_zero_subset/unseen-species-sci/cf9514c9-4a67-4f4e-9400-030705e77d5f.wav,Pternistis icterorhynchus,What is the scientific name for the focal species in the audio?,unseen-species-sci,Xeno-canto,CC BY-NC,XC739965-LS_50595%20Heuglin%27s%20Spurfowl%20song%20B.flac,"{""recordist"": ""Peter Boesman"", ""url"": ""https://xeno-canto.org/sounds/uploaded/OOECIWCSWV/XC739965-LS_50595%20Heuglin%27s%20Spurfowl%20song%20B.mp3"", ""source"": ""Xeno-canto"", ""duration"": 13.752, ""sample_rate"": 16000}",test
2c1a4bcf-5262-4d6c-a942-dcd7cd468917,/root/animal-omni-kv/data/beans/beans_zero_subset/unseen-genus-sci/2c1a4bcf-5262-4d6c-a942-dcd7cd468917.wav,Heterocercus aurantiivertex,What is the scientific name for the focal species in the audio?,unseen-genus-sci,Xeno-canto,CC BY-NC,XC259114-67.015.02.Orange-crested_Manakin.flac,"{""recordist"": ""John V. Moore"", ""url"": ""https://xeno-canto.org/sounds/uploaded/YKKDTZHLUU/XC259114-67.015.02.Orange-crested_Manakin.mp3"", ""source"": ""Xeno-canto"", ""duration"": 21.3420625, ""sample_rate"": 16000}",test
acc058af-f6b6-4fab-825b-baccc79a7444,/root/animal-omni-kv/data/beans/beans_zero_subset/unseen-family-tax/acc058af-f6b6-4fab-825b-baccc79a7444.wav,Chordata Mammalia Cetacea Phocoenidae Phocoenoides dalli,What is the taxonomic name of the focal species in the audio?,unseen-family-tax,Watkins,unknown,7902400X.flac,"{""recordist"": """", ""url"": ""https://cis.whoi.edu/science/B/whalesounds/WhaleSounds/7902400X.wav"", ""source"": ""Watkins"", ""duration"": 0.021125, ""sample_rate"": 16000}",test
4f5fcac0-2235-417c-a1b8-31378a016f6a,/root/animal-omni-kv/data/beans/beans_zero_subset/unseen-species-tax/4f5fcac0-2235-417c-a1b8-31378a016f6a.wav,Chordata Aves Passeriformes Meliphagidae Philemon meyeri,What is the taxonomic name of the focal species in the audio?,unseen-species-tax,Xeno-canto,CC BY-NC,XC410264-0828_172842%20Meyers%20Friarbird%20not%20seen%20Fakfak%20lowlands%20WOOS.flac,"{""recordist"": ""Philippe Verbelen"", ""url"": ""https://xeno-canto.org/sounds/uploaded/AKJUTKUZTB/XC410264-0828_172842%20Meyers%20Friarbird%20not%20seen%20Fakfak%20lowlands%20WOOS.mp3"", ""source"": ""Xeno-canto"", ""duration"": 6.3623125, ""sample_rate"": 16000}",test
caba6d95-fdef-4b8c-9487-205b4885d3e9,/root/animal-omni-kv/data/beans/beans_zero_subset/call-type/caba6d95-fdef-4b8c-9487-205b4885d3e9.wav,call,What type of vocalization is heard from the focal species in the audio? Answer with either 'call' or 'song'.,call-type,Xeno-canto,unknown,XC724693-gamar%C3%BAs.flac,"{""duration"": 38.43925, ""sample_rate"": 16000}",test
722a6f7d-cfaa-4aa8-8f1b-fe7623f64e3e,/root/animal-omni-kv/data/beans/beans_zero_subset/call-type/722a6f7d-cfaa-4aa8-8f1b-fe7623f64e3e.wav,song,What type of vocalization is heard from the focal species in the audio? Answer with either 'call' or 'song'.,call-type,Xeno-canto,unknown,XC216423-blut0815.flac,"{""duration"": 29.4671875, ""sample_rate"": 16000}",test
ae6e3fd1-4976-4138-af37-55a444b32806,/root/animal-omni-kv/data/beans/beans_zero_subset/unseen-genus-tax/ae6e3fd1-4976-4138-af37-55a444b32806.wav,Chordata Aves Passeriformes Maluridae Stipiturus malachurus,What is the taxonomic name of the focal species in the audio?,unseen-genus-tax,Xeno-canto,CC BY-NC,XC407789-Stipiturus_malachurus_littleri-FL%20song%20Melaleuca%2010.52am%2031Oct15%20LS118145-1a.flac,"{""recordist"": ""Frank Lambert"", ""url"": ""https://xeno-canto.org/sounds/uploaded/YTUXOCTUEM/XC407789-Stipiturus_malachurus_littleri-FL%20song%20Melaleuca%2010.52am%2031Oct15%20LS118145-1a.mp3"", ""source"": ""Xeno-canto"", ""duration"": 11.664, ""sample_rate"": 16000}",test
185c974a-d905-475c-8fc0-0cbab1e383b9,/root/animal-omni-kv/data/beans/beans_zero_subset/watkins/185c974a-d905-475c-8fc0-0cbab1e383b9.wav,Southern Right Whale,What is the common name for the focal species in the audio?,watkins,Watkins,free for personal/academic uses,83002009.wav,"{""duration"": 1.865625, ""sample_rate"": 5120}",test
19031313-61cc-4471-9f7f-743ca3f70909,/root/animal-omni-kv/data/beans/beans_zero_subset/zf-indiv/19031313-61cc-4471-9f7f-743ca3f70909.wav,One,"Is there only one bird in the audio, or more? Reply with 'One' or 'More'.",zf-indiv,Elie et al 2020,CC-BY,contact_LblBla4548_2108.wav,"{""duration"": 2.5535, ""sample_rate"": 16000}",test
d4ec96a1-aa64-4c64-a239-8a09479cfde3,/root/animal-omni-kv/data/beans/beans_zero_subset/unseen-genus-tax/d4ec96a1-aa64-4c64-a239-8a09479cfde3.wav,Chordata Aves Passeriformes Estrildidae Stizoptera bichenovii,What is the taxonomic name of the focal species in the audio?,unseen-genus-tax,Xeno-canto,CC BY-NC,XC351786-2016_12_31%20Taeniopygia%20bichenovii.flac,"{""recordist"": ""nick talbot"", ""url"": ""https://xeno-canto.org/sounds/uploaded/CCUCXWCPSW/XC351786-2016_12_31%20Taeniopygia%20bichenovii.mp3"", ""source"": ""Xeno-canto"", ""duration"": 21.995125, ""sample_rate"": 16000}",test
29a5b82d-ee40-4b3d-abd7-a1fa2fbe3d08,/root/animal-omni-kv/data/beans/beans_zero_subset/unseen-species-cmn/29a5b82d-ee40-4b3d-abd7-a1fa2fbe3d08.wav,Parrot-billed Sparrow,What is the common name for the focal species in the audio?,unseen-species-cmn,Xeno-canto,CC BY-NC,XC234411-LS112559_ParrotbilledSparrow_Samburu_4Apri_1005.flac,"{""recordist"": ""Rory Nefdt"", ""url"": ""https://xeno-canto.org/sounds/uploaded/QUBGGKWQNN/XC234411-LS112559_ParrotbilledSparrow_Samburu_4Apri_1005.mp3"", ""source"": ""Xeno-canto"", ""duration"": 31.2495625, ""sample_rate"": 16000}",test
56a183a4-bd63-4739-bfd3-e01316beb602,/root/animal-omni-kv/data/beans/beans_zero_subset/unseen-species-cmn/56a183a4-bd63-4739-bfd3-e01316beb602.wav,Sooty Falcon,What is the common name for the focal species in the audio?,unseen-species-cmn,Xeno-canto,CC BY-NC,XC156420-Falco%20concolor-Amir%20Balaban.flac,"{""recordist"": ""Amir Balaban"", ""url"": ""https://xeno-canto.org/sounds/uploaded/VGMKDVGIEV/XC156420-Falco%20concolor-Amir%20Balaban.mp3"", ""source"": ""Xeno-canto"", ""duration"": 44.930625, ""sample_rate"": 16000}",test
6aa764b5-34ef-419b-b304-426e94f50a44,/root/animal-omni-kv/data/beans/beans_zero_subset/unseen-species-sci/6aa764b5-34ef-419b-b304-426e94f50a44.wav,Falco concolor,What is the scientific name for the focal species in the audio?,unseen-species-sci,Xeno-canto,CC BY-NC,XC739072-Sooty%20Falcon%20call%20very%20good%202020%2010%2022%20Silah%20island%2C%20near%20Duba%2C%20Saudi%20Arabia_2423.flac,"{""recordist"": ""David Darrell-Lambert"", ""url"": ""https://xeno-canto.org/sounds/uploaded/AYKHDFBYIH/XC739072-Sooty%20Falcon%20call%20very%20good%202020%2010%2022%20Silah%20island%2C%20near%20Duba%2C%20Saudi%20Arabia_2423.mp3"", ""source"": ""Xeno-canto"", ""duration"": 44.28, ""sample_rate"": 16000}",test
e195f5d5-c177-47eb-b38f-4a7375320a28,/root/animal-omni-kv/data/beans/beans_zero_subset/unseen-species-cmn/e195f5d5-c177-47eb-b38f-4a7375320a28.wav,Sooty Falcon,What is the common name for the focal species in the audio?,unseen-species-cmn,Xeno-canto,CC BY-NC,XC739080-Sooty%20Falcon%20alarm%20very%20good%202020%2010%2010%20Silah%20Island%2C%20Duba%2C%20Saudi%20Arabia_2409_short.flac,"{""recordist"": ""David Darrell-Lambert"", ""url"": ""https://xeno-canto.org/sounds/uploaded/AYKHDFBYIH/XC739080-Sooty%20Falcon%20alarm%20very%20good%202020%2010%2010%20Silah%20Island%2C%20Duba%2C%20Saudi%20Arabia_2409_short.mp3"", ""source"": ""Xeno-canto"", ""duration"": 12.888, ""sample_rate"": 16000}",test
89658b02-c86f-4319-902c-cbd5968d77f8,/root/animal-omni-kv/data/beans/beans_zero_subset/unseen-genus-cmn/89658b02-c86f-4319-902c-cbd5968d77f8.wav,Wood Cricket,What is the common name for the focal species in the audio?,unseen-genus-cmn,iNaturalist,http://creativecommons.org/licenses/by-nc/4.0/,544953.flac,"{""recordist"": ""Werner Lauckner"", ""url"": ""https://static.inaturalist.org/sounds/544953.mp3?1664910041"", ""source"": ""iNaturalist"", ""exclude_from_release"": true, ""duration"": 43.1804375, ""sample_rate"": 16000}",test
322c57a4-0384-4f3c-b31a-3a5c6413ad09,/root/animal-omni-kv/data/beans/beans_zero_subset/unseen-family-tax/322c57a4-0384-4f3c-b31a-3a5c6413ad09.wav,Chordata Mammalia Cetacea Phocoenidae Phocoenoides dalli,What is the taxonomic name of the focal species in the audio?,unseen-family-tax,Watkins,unknown,79024019.flac,"{""recordist"": """", ""url"": ""https://cis.whoi.edu/science/B/whalesounds/WhaleSounds/79024019.wav"", ""source"": ""Watkins"", ""duration"": 1.5908125, ""sample_rate"": 16000}",test
d5df4ad1-a24a-475f-b466-96f2d4b5813d,/root/animal-omni-kv/data/beans/beans_zero_subset/unseen-genus-sci/d5df4ad1-a24a-475f-b466-96f2d4b5813d.wav,Lesbia victoriae,What is the scientific name for the focal species in the audio?,unseen-genus-sci,iNaturalist,http://creativecommons.org/licenses/by-nc/4.0/,299871.flac,"{""recordist"": ""Marcelo F. Amores-Palma"", ""url"": ""https://static.inaturalist.org/sounds/299871.wav?1630454580"", ""source"": ""iNaturalist"", ""exclude_from_release"": true, ""duration"": 3.282625, ""sample_rate"": 16000}",test
16acc545-5b12-4b66-9687-f25622190548,/root/animal-omni-kv/data/beans/beans_zero_subset/unseen-genus-tax/16acc545-5b12-4b66-9687-f25622190548.wav,Chordata Aves Psittaciformes Psittacidae Probosciger aterrimus,What is the taxonomic name of the focal species in the audio?,unseen-genus-tax,Xeno-canto,CC BY-NC,XC531838-Cockatoo_Palm2_M6MKH-349_Waigeo_WilsonsBOP_Hide_AM_27thAug19.flac,"{""recordist"": ""Marc Anderson"", ""url"": ""https://xeno-canto.org/sounds/uploaded/EHGWCIGILC/XC531838-Cockatoo_Palm2_M6MKH-349_Waigeo_WilsonsBOP_Hide_AM_27thAug19.mp3"", ""source"": ""Xeno-canto"", ""duration"": 85.88575, ""sample_rate"": 16000}",test
380259a0-6f22-4b71-80b6-fad4d70f0ea2,/root/animal-omni-kv/data/beans/beans_zero_subset/unseen-species-cmn/380259a0-6f22-4b71-80b6-fad4d70f0ea2.wav,Chestnut-collared Swallow,What is the common name for the focal species in the audio?,unseen-species-cmn,Xeno-canto,CC BY-NC,Petrochelidon%20ruficollaris100616_02.flac,"{""recordist"": ""Daniel Lane"", ""url"": ""https://xeno-canto.org/sounds/uploaded/WOEAFQRMUD/Petrochelidon%20ruficollaris100616_02.mp3"", ""source"": ""Xeno-canto"", ""duration"": 20.53225, ""sample_rate"": 16000}",test
303b0976-1d6f-4278-b4dc-ddfba4248f94,/root/animal-omni-kv/data/beans/beans_zero_subset/unseen-species-tax/303b0976-1d6f-4278-b4dc-ddfba4248f94.wav,Chordata Aves Passeriformes Tyrannidae Empidonomus aurantioatrocristatus,What is the taxonomic name of the focal species in the audio?,unseen-species-tax,iNaturalist,http://creativecommons.org/licenses/by-nc/4.0/,575692.flac,"{""recordist"": ""Leonardo Adri\u00e1n LEIVA"", ""url"": ""https://static.inaturalist.org/sounds/575692.mp3?1671834964"", ""source"": ""iNaturalist"", ""exclude_from_release"": true, ""duration"": 28.6040625, ""sample_rate"": 16000}",test
5b3094db-65ba-48d6-a7b3-130f3ae021b9,/root/animal-omni-kv/data/beans/beans_zero_subset/unseen-genus-cmn/5b3094db-65ba-48d6-a7b3-130f3ae021b9.wav,Beijing Babbler,What is the common name for the focal species in the audio?,unseen-genus-cmn,Xeno-canto,CC BY-NC,XC137467-Chinese%20Hill%20Warbler.flac,"{""recordist"": ""Tom Beeke"", ""url"": ""https://xeno-canto.org/sounds/uploaded/CTULRNLZWS/XC137467-Chinese%20Hill%20Warbler.mp3"", ""source"": ""Xeno-canto"", ""duration"": 17.88, ""sample_rate"": 16000}",test
bd8c635b-f962-48b4-a1ac-9f0776aacd6e,/root/animal-omni-kv/data/beans/beans_zero_subset/call-type/bd8c635b-f962-48b4-a1ac-9f0776aacd6e.wav,call,What type of vocalization is heard from the focal species in the audio? Answer with either 'call' or 'song'.,call-type,Xeno-canto,unknown,XC760272-Meadow-Pipit_Flight-Call_Lissagriffin_170922_A.flac,"{""duration"": 18.367, ""sample_rate"": 16000}",test
0221bf16-b9b0-470d-a7a6-bf5b2267b7d4,/root/animal-omni-kv/data/beans/beans_zero_subset/watkins/0221bf16-b9b0-470d-a7a6-bf5b2267b7d4.wav,White-beaked Dolphin,What is the common name for the focal species in the audio?,watkins,Watkins,free for personal/academic uses,5903700M.wav,"{""duration"": 2.516336633663366, ""sample_rate"": 60600}",test
35fc34a8-8699-45f7-b430-0e2302d7c114,/root/animal-omni-kv/data/beans/beans_zero_subset/unseen-species-tax/35fc34a8-8699-45f7-b430-0e2302d7c114.wav,Chordata Aves Passeriformes Cisticolidae Cisticola brunnescens,What is the taxonomic name of the focal species in the audio?,unseen-species-tax,Xeno-canto,CC BY-NC,XC300131-LS_50302%20Pectoral-patch%20Cisticola%20song%20A.flac,"{""recordist"": ""Peter Boesman"", ""url"": ""https://xeno-canto.org/sounds/uploaded/OOECIWCSWV/XC300131-LS_50302%20Pectoral-patch%20Cisticola%20song%20A.mp3"", ""source"": ""Xeno-canto"", ""duration"": 22.98775, ""sample_rate"": 16000}",test
9fe84afa-9792-41a3-8367-83c1e4291d30,/root/animal-omni-kv/data/beans/beans_zero_subset/unseen-family-sci/9fe84afa-9792-41a3-8367-83c1e4291d30.wav,Alytes obstetricans,What is the scientific name for the focal species in the audio?,unseen-family-sci,iNaturalist,http://creativecommons.org/licenses/by-nc/4.0/,229861.flac,"{""recordist"": ""admss"", ""url"": ""https://static.inaturalist.org/sounds/229861.mp3?1621711521"", ""source"": ""iNaturalist"", ""exclude_from_release"": true, ""duration"": 102.0000625, ""sample_rate"": 16000}",test
bd1770a9-e74b-44cb-8888-3d554e0456ef,/root/animal-omni-kv/data/beans/beans_zero_subset/unseen-species-tax/bd1770a9-e74b-44cb-8888-3d554e0456ef.wav,Chordata Aves Passeriformes Passeridae Passer gongonensis,What is the taxonomic name of the focal species in the audio?,unseen-species-tax,Xeno-canto,CC BY-NC,XC451510-Passer_gongonensis-FL%20calls%20Samburu%20NP%2018Nov18%206.11am%20LS112517a.flac,"{""recordist"": ""Frank Lambert"", ""url"": ""https://xeno-canto.org/sounds/uploaded/YTUXOCTUEM/XC451510-Passer_gongonensis-FL%20calls%20Samburu%20NP%2018Nov18%206.11am%20LS112517a.mp3"", ""source"": ""Xeno-canto"", ""duration"": 73.169, ""sample_rate"": 16000}",test
2c0277f6-da6b-46db-aa03-bb743b48c555,/root/animal-omni-kv/data/beans/beans_zero_subset/unseen-species-tax/2c0277f6-da6b-46db-aa03-bb743b48c555.wav,Chordata Aves Passeriformes Pycnonotidae Pycnonotus blanfordi,What is the taxonomic name of the focal species in the audio?,unseen-species-tax,Xeno-canto,CC BY-NC,XC430264-LS102885a_Irrawaddy_bulbul_Bagan.flac,"{""recordist"": ""Brian Cox"", ""url"": ""https://xeno-canto.org/sounds/uploaded/OKSKESEOLP/XC430264-LS102885a_Irrawaddy_bulbul_Bagan.mp3"", ""source"": ""Xeno-canto"", ""duration"": 10.8146875, ""sample_rate"": 16000}",test
171ca4ce-0af7-4324-ba59-77bfae2488ab,/root/animal-omni-kv/data/beans/beans_zero_subset/unseen-genus-cmn/171ca4ce-0af7-4324-ba59-77bfae2488ab.wav,Red-bellied cicada,What is the common name for the focal species in the audio?,unseen-genus-cmn,iNaturalist,http://creativecommons.org/licenses/by-nc/4.0/,114942.flac,"{""recordist"": ""antoniomanuelcorreia"", ""url"": ""https://static.inaturalist.org/sounds/114942.mp3?1593565681"", ""source"": ""iNaturalist"", ""exclude_from_release"": true, ""duration"": 30.84, ""sample_rate"": 16000}",test
82b32d54-f23c-4b13-ba59-8e777221c848,/root/animal-omni-kv/data/beans/beans_zero_subset/unseen-family-cmn/82b32d54-f23c-4b13-ba59-8e777221c848.wav,Babiroussa des Moluques,What is the common name for the focal species in the audio?,unseen-family-cmn,Animal Sound Archive,unknown,Babyrousa_babyrussa_V1701_04_short.flac,"{""recordist"": """", ""url"": ""http://www.tierstimmenarchiv.de/recordings/Babyrousa_babyrussa_V1701_04_short.mp3"", ""source"": ""Animal Sound Archive"", ""duration"": 19.7225, ""sample_rate"": 16000}",test
8f9e8d7c-31d8-49dc-b171-e12aed7440c2,/root/animal-omni-kv/data/beans/beans_zero_subset/unseen-genus-tax/8f9e8d7c-31d8-49dc-b171-e12aed7440c2.wav,Chordata Aves Passeriformes Rhinocryptidae Rhinocrypta lanceolata,What is the taxonomic name of the focal species in the audio?,unseen-genus-tax,Xeno-canto,CC BY-NC,R09_0145-Crested-Gallito.flac,"{""recordist"": ""Nick Athanas"", ""url"": ""https://xeno-canto.org/sounds/uploaded/XRABICUARW/R09_0145-Crested-Gallito.mp3"", ""source"": ""Xeno-canto"", ""duration"": 17.00575, ""sample_rate"": 16000}",test
c3f491f7-0a0f-46df-b083-762bec0684af,/root/animal-omni-kv/data/beans/beans_zero_subset/unseen-family-sci/c3f491f7-0a0f-46df-b083-762bec0684af.wav,Phocoena phocoena,What is the scientific name for the focal species in the audio?,unseen-family-sci,Watkins,unknown,6501200S.flac,"{""recordist"": """", ""url"": ""https://cis.whoi.edu/science/B/whalesounds/WhaleSounds/6501200S.wav"", ""source"": ""Watkins"", ""duration"": 3.8526875, ""sample_rate"": 16000}",test
0dd9384f-5b16-45fa-8e61-3e5436128fad,/root/animal-omni-kv/data/beans/beans_zero_subset/unseen-family-tax/0dd9384f-5b16-45fa-8e61-3e5436128fad.wav,Chordata Mammalia Cetacea Phocoenidae Phocoena phocoena,What is the taxonomic name of the focal species in the audio?,unseen-family-tax,Watkins,unknown,6501200W.flac,"{""recordist"": """", ""url"": ""https://cis.whoi.edu/science/B/whalesounds/WhaleSounds/6501200W.wav"", ""source"": ""Watkins"", ""duration"": 6.44075, ""sample_rate"": 16000}",test
483eeb07-b0d2-44c0-a9f0-1251dd88c29a,/root/animal-omni-kv/data/beans/beans_zero_subset/unseen-species-sci/483eeb07-b0d2-44c0-a9f0-1251dd88c29a.wav,Bucco noanamae,What is the scientific name for the focal species in the audio?,unseen-species-sci,Xeno-canto,CC BY-NC,XC203516-Sooty-capped%20Puffbird_Bocas%20del%20Atrato_20%20September%202014%20%28a%29.flac,"{""recordist"": ""Guy Kirwan"", ""url"": ""https://xeno-canto.org/sounds/uploaded/BZVYBRUAAE/XC203516-Sooty-capped%20Puffbird_Bocas%20del%20Atrato_20%20September%202014%20%28a%29.mp3"", ""source"": ""Xeno-canto"", ""duration"": 138.161625, ""sample_rate"": 16000}",test
e45be88a-3b11-4fc3-8502-055bee60b478,/root/animal-omni-kv/data/beans/beans_zero_subset/unseen-species-sci/e45be88a-3b11-4fc3-8502-055bee60b478.wav,Myrmothera fulviventris,What is the scientific name for the focal species in the audio?,unseen-species-sci,iNaturalist,http://creativecommons.org/licenses/by-nc/4.0/,281606.flac,"{""recordist"": ""Nelson Apolo"", ""url"": ""https://static.inaturalist.org/sounds/281606.m4a?1627180744"", ""source"": ""iNaturalist"", ""exclude_from_release"": true, ""duration"": 22.523375, ""sample_rate"": 16000}",test
180e6504-cd65-496b-9c08-15cebba2438f,/root/animal-omni-kv/data/beans/beans_zero_subset/unseen-species-sci/180e6504-cd65-496b-9c08-15cebba2438f.wav,Climacteris melanurus,What is the scientific name for the focal species in the audio?,unseen-species-sci,Xeno-canto,CC BY-NC,XC481267-WA03%2C%20Treecreeper%2C%2024Apr2018.flac,"{""recordist"": ""Kakadu Nat Park: Fire Project (via Colin Trainor)"", ""url"": ""https://xeno-canto.org/sounds/uploaded/JTZTRQUTQV/XC481267-WA03%2C%20Treecreeper%2C%2024Apr2018.mp3"", ""source"": ""Xeno-canto"", ""duration"": 115.6826875, ""sample_rate"": 16000}",test
7ae075ad-8a41-496d-a638-5b66da5e64d9,/root/animal-omni-kv/data/beans/beans_zero_subset/unseen-species-tax/7ae075ad-8a41-496d-a638-5b66da5e64d9.wav,Chordata Aves Passeriformes Thraupidae Thlypopsis inornata,What is the taxonomic name of the focal species in the audio?,unseen-species-tax,Xeno-canto,CC BY-NC,XC493676-R09_0053%20Buff-bellied%20Tanager%20S%20of%20Isimanchi.flac,"{""recordist"": ""Charlie Vogt"", ""url"": ""https://xeno-canto.org/sounds/uploaded/NYTXYAQSTH/XC493676-R09_0053%20Buff-bellied%20Tanager%20S%20of%20Isimanchi.mp3"", ""source"": ""Xeno-canto"", ""duration"": 14.2983125, ""sample_rate"": 16000}",test
ca1d2222-8816-421d-b0c4-e31cabbd9f24,/root/animal-omni-kv/data/beans/beans_zero_subset/unseen-genus-cmn/ca1d2222-8816-421d-b0c4-e31cabbd9f24.wav,Southern Emu-wren,What is the common name for the focal species in the audio?,unseen-genus-cmn,Xeno-canto,CC BY-NC,XC327261-Southern%20Emu-wren%20AUDIO%202.flac,"{""recordist"": ""Pieter de Groot Boersma"", ""url"": ""https://xeno-canto.org/sounds/uploaded/EYDMHIJPXV/XC327261-Southern%20Emu-wren%20AUDIO%202.mp3"", ""source"": ""Xeno-canto"", ""duration"": 7.1575625, ""sample_rate"": 16000}",test
281f391f-4f0b-4cad-908d-4c6e5f989d9f,/root/animal-omni-kv/data/beans/beans_zero_subset/zf-indiv/281f391f-4f0b-4cad-908d-4c6e5f989d9f.wav,More,"Is there only one bird in the audio, or more? Reply with 'One' or 'More'.",zf-indiv,Elie et al 2020,CC-BY,distress_HPiHPi4748GraGra0201GreOra1817_490.wav,"{""duration"": 3.0876875, ""sample_rate"": 16000}",test
8ab0a817-7809-4e1a-a963-b901a6a11a5c,/root/animal-omni-kv/data/beans/beans_zero_subset/unseen-species-tax/8ab0a817-7809-4e1a-a963-b901a6a11a5c.wav,Chordata Aves Passeriformes Phylloscopidae Phylloscopus misoriensis,What is the taxonomic name of the focal species in the audio?,unseen-species-tax,Xeno-canto,CC BY-NC,Phylpoli16i97_850_125B10aiff.flac,"{""recordist"": ""Bas van Balen"", ""url"": ""https://xeno-canto.org/sounds/uploaded/VSXHBVQJDA/Phylpoli16i97_850_125B10aiff.mp3"", ""source"": ""Xeno-canto"", ""duration"": 127.94775, ""sample_rate"": 16000}",test
8ccc6fd0-54de-41cd-ae5e-a9daf3730be2,/root/animal-omni-kv/data/beans/beans_zero_subset/call-type/8ccc6fd0-54de-41cd-ae5e-a9daf3730be2.wav,call,What type of vocalization is heard from the focal species in the audio? Answer with either 'call' or 'song'.,call-type,Xeno-canto,unknown,XC391121-171021_13.red.crossbills.type2.pine.mountain.ridge.lance.benner.flac,"{""duration"": 44.4083125, ""sample_rate"": 16000}",test
0648e89d-f62b-4141-ba2e-322d5f0c3593,/root/animal-omni-kv/data/beans/beans_zero_subset/zf-indiv/0648e89d-f62b-4141-ba2e-322d5f0c3593.wav,More,"Is there only one bird in the audio, or more? Reply with 'One' or 'More'.",zf-indiv,Elie et al 2020,CC-BY,contact_WhiLbl0010Unknown00F_1175.wav,"{""duration"": 2.1286875, ""sample_rate"": 16000}",test
3fce317e-c921-4048-b0aa-bd13cff94044,/root/animal-omni-kv/data/beans/beans_zero_subset/unseen-genus-cmn/3fce317e-c921-4048-b0aa-bd13cff94044.wav,Cryptic Warbler,What is the common name for the focal species in the audio?,unseen-genus-cmn,Xeno-canto,CC BY-NC,XC762718-LS_52367-Cryptic-Warbler-call-and-song-A.flac,"{""recordist"": ""Peter Boesman"", ""url"": ""https://xeno-canto.org/sounds/uploaded/OOECIWCSWV/XC762718-LS_52367-Cryptic-Warbler-call-and-song-A.mp3"", ""source"": ""Xeno-canto"", ""duration"": 97.128, ""sample_rate"": 16000}",test
9b17d396-4d9a-493c-86fc-c9f0c2a0da41,/root/animal-omni-kv/data/beans/beans_zero_subset/unseen-species-sci/9b17d396-4d9a-493c-86fc-c9f0c2a0da41.wav,Cyanomitra bannermani,What is the scientific name for the focal species in the audio?,unseen-species-sci,Xeno-canto,CC BY-NC,XC508876-LS104761%20Bannerman%20Sunbird%20call%20and%20song%20C.flac,"{""recordist"": ""Peter Boesman"", ""url"": ""https://xeno-canto.org/sounds/uploaded/OOECIWCSWV/XC508876-LS104761%20Bannerman%20Sunbird%20call%20and%20song%20C.mp3"", ""source"": ""Xeno-canto"", ""duration"": 9.351875, ""sample_rate"": 16000}",test
42fcffcd-c054-488f-862b-415e1d01be57,/root/animal-omni-kv/data/beans/beans_zero_subset/unseen-species-tax/42fcffcd-c054-488f-862b-415e1d01be57.wav,Chordata Aves Apodiformes Apodidae Apus bradfieldi,What is the taxonomic name of the focal species in the audio?,unseen-species-tax,Xeno-canto,CC BY-NC,XC357577-Bradfield%27s%20Swift%20Waterberg%20170224_2170.flac,"{""recordist"": ""James Lidster"", ""url"": ""https://xeno-canto.org/sounds/uploaded/NRUIFMFTXY/XC357577-Bradfield%27s%20Swift%20Waterberg%20170224_2170.mp3"", ""source"": ""Xeno-canto"", ""duration"": 33.594125, ""sample_rate"": 16000}",test
c03ee3b7-042a-4702-8809-45992c8011b5,/root/animal-omni-kv/data/beans/beans_zero_subset/unseen-family-cmn/c03ee3b7-042a-4702-8809-45992c8011b5.wav,Eurasian Wild Pig,What is the common name for the focal species in the audio?,unseen-family-cmn,Animal Sound Archive,unknown,Sus_scrofa_V2122_01_short.flac,"{""recordist"": """", ""url"": ""http://www.tierstimmenarchiv.de/recordings/Sus_scrofa_V2122_01_short.mp3"", ""source"": ""Animal Sound Archive"", ""duration"": 24.947, ""sample_rate"": 16000}",test
7d8243a4-9c79-4e29-a615-87a2c73c3f42,/root/animal-omni-kv/data/beans/beans_zero_subset/unseen-genus-tax/7d8243a4-9c79-4e29-a615-87a2c73c3f42.wav,Chordata Aves Piciformes Galbulidae Jacamaralcyon tridactyla,What is the taxonomic name of the focal species in the audio?,unseen-genus-tax,Xeno-canto,CC BY-NC,Jacamaralcyon%20tridactyla_Bandeira_MG_19_X_2009_CA.flac,"{""recordist"": ""Ciro Albano"", ""url"": ""https://xeno-canto.org/sounds/uploaded/MXVQPUKGWW/Jacamaralcyon%20tridactyla_Bandeira_MG_19_X_2009_CA.mp3"", ""source"": ""Xeno-canto"", ""duration"": 39.31425, ""sample_rate"": 16000}",test
d79aacd1-2f6f-4809-a7db-913a03aee7cf,/root/animal-omni-kv/data/beans/beans_zero_subset/unseen-genus-tax/d79aacd1-2f6f-4809-a7db-913a03aee7cf.wav,Arthropoda Insecta Orthoptera Acrididae Pseudochorthippus parallelus,What is the taxonomic name of the focal species in the audio?,unseen-genus-tax,iNaturalist,http://creativecommons.org/licenses/by/4.0/,113555.flac,"{""recordist"": ""Yves Bas"", ""url"": ""https://static.inaturalist.org/sounds/113555.wav?1593350821"", ""source"": ""iNaturalist"", ""exclude_from_release"": true, ""duration"": 32.101625, ""sample_rate"": 16000}",test
bc10a6d3-3189-4af9-94c6-fdc0654b4a50,/root/animal-omni-kv/data/beans/beans_zero_subset/call-type/bc10a6d3-3189-4af9-94c6-fdc0654b4a50.wav,call,What type of vocalization is heard from the focal species in the audio? Answer with either 'call' or 'song'.,call-type,Xeno-canto,unknown,XC637568-Snipe_NFC_Buttevant_300321_A_2.flac,"{""duration"": 13.3334375, ""sample_rate"": 16000}",test
0efe2dde-bfac-457f-940a-9c080434dd36,/root/animal-omni-kv/data/beans/beans_zero_subset/zf-indiv/0efe2dde-bfac-457f-940a-9c080434dd36.wav,More,"Is there only one bird in the audio, or more? Reply with 'One' or 'More'.",zf-indiv,Elie et al 2020,CC-BY,alarm_WhiWhi1415WhiLbl0010WhiGra0114BluRas61dd_869.wav,"{""duration"": 2.0, ""sample_rate"": 16000}",test
0606fb20-8146-4281-9b44-d4a645f53e94,/root/animal-omni-kv/data/beans/beans_zero_subset/unseen-genus-cmn/0606fb20-8146-4281-9b44-d4a645f53e94.wav,Dark-breasted Rosefinch,What is the common name for the focal species in the audio?,unseen-genus-cmn,Xeno-canto,CC BY-NC,XC375740-Dark-breasted%20Rosefinch%2001%20-%2006Jan16%20-%20Pemayangtse%20WSK%20SL.flac,"{""recordist"": ""Mike Dooher"", ""url"": ""https://xeno-canto.org/sounds/uploaded/TATSBCLUJW/XC375740-Dark-breasted%20Rosefinch%2001%20-%2006Jan16%20-%20Pemayangtse%20WSK%20SL.mp3"", ""source"": ""Xeno-canto"", ""duration"": 26.329, ""sample_rate"": 16000}",test
3acbdf5d-07da-49f0-9975-5927dec2e550,/root/animal-omni-kv/data/beans/beans_zero_subset/call-type/3acbdf5d-07da-49f0-9975-5927dec2e550.wav,call,What type of vocalization is heard from the focal species in the audio? Answer with either 'call' or 'song'.,call-type,Xeno-canto,unknown,XC198183-EurasianTreeSparrow-Fysingen-20140907.flac,"{""duration"": 61.7590625, ""sample_rate"": 16000}",test
32d11ee1-3d2a-4569-acd0-48b94ec63ee0,/root/animal-omni-kv/data/beans/beans_zero_subset/unseen-species-tax/32d11ee1-3d2a-4569-acd0-48b94ec63ee0.wav,Chordata Aves Passeriformes Muscicapidae Brachypteryx sinensis,What is the taxonomic name of the focal species in the audio?,unseen-species-tax,Xeno-canto,CC BY-NC,XC796056-220501%E5%A4%A7%E8%80%81%E5%B2%AD%E4%B8%AD%E5%8D%8E%E7%9F%AD%E7%BF%85%E9%B8%AB3.flac,"{""recordist"": ""Xingyu Li \u674e\u5174\u5b87"", ""url"": ""https://xeno-canto.org/sounds/uploaded/QOWSWIXFKJ/XC796056-220501%E5%A4%A7%E8%80%81%E5%B2%AD%E4%B8%AD%E5%8D%8E%E7%9F%AD%E7%BF%85%E9%B8%AB3.mp3"", ""source"": ""Xeno-canto"", ""duration"": 56.0326875, ""sample_rate"": 16000}",test
64b72c9a-4edd-4151-8da2-542018f74e70,/root/animal-omni-kv/data/beans/beans_zero_subset/watkins/64b72c9a-4edd-4151-8da2-542018f74e70.wav,Pantropical Spotted Dolphin,What is the common name for the focal species in the audio?,watkins,Watkins,free for personal/academic uses,9004401Z.wav,"{""duration"": 0.788976897689769, ""sample_rate"": 60600}",test
15db7f9f-4004-4f9a-8ca1-610060d71b1e,/root/animal-omni-kv/data/beans/beans_zero_subset/unseen-species-sci/15db7f9f-4004-4f9a-8ca1-610060d71b1e.wav,Xiphocolaptes falcirostris,What is the scientific name for the focal species in the audio?,unseen-species-sci,Xeno-canto,CC BY-NC,XC428155-Xiphocolaptes%20falcirostris%20-Caio%20Brito-%28Guadalupe-PI%29-BRITO856.flac,"{""recordist"": ""Caio Brito"", ""url"": ""https://xeno-canto.org/sounds/uploaded/YWWWUBVAJF/XC428155-Xiphocolaptes%20falcirostris%20-Caio%20Brito-%28Guadalupe-PI%29-BRITO856.mp3"", ""source"": ""Xeno-canto"", ""duration"": 3.5265625, ""sample_rate"": 16000}",test
a8855869-a7e6-44fc-95e1-55b32bdd61ed,/root/animal-omni-kv/data/beans/beans_zero_subset/unseen-genus-cmn/a8855869-a7e6-44fc-95e1-55b32bdd61ed.wav,Spectacled Tyrant,What is the common name for the focal species in the audio?,unseen-genus-cmn,iNaturalist,http://creativecommons.org/licenses/by-sa/4.0/,526321.flac,"{""recordist"": ""Pablo H Capovilla"", ""url"": ""https://static.inaturalist.org/sounds/526321.wav?1661396655"", ""source"": ""iNaturalist"", ""exclude_from_release"": true, ""duration"": 7.5841875, ""sample_rate"": 16000}",test
100b5841-4523-4a1f-bf39-51d4e3ab3ec7,/root/animal-omni-kv/data/beans/beans_zero_subset/unseen-genus-tax/100b5841-4523-4a1f-bf39-51d4e3ab3ec7.wav,Chordata Aves Apodiformes Trochilidae Aglaeactis aliciae,What is the taxonomic name of the focal species in the audio?,unseen-genus-tax,Xeno-canto,CC BY-NC,HUMSunbeamPurpleBacked_FL%203%20Bet%20Sarten%20and%20SantaRosa%2028Jun06%203400m.flac,"{""recordist"": ""Frank Lambert"", ""url"": ""https://xeno-canto.org/sounds/uploaded/YTUXOCTUEM/HUMSunbeamPurpleBacked_FL%203%20Bet%20Sarten%20and%20SantaRosa%2028Jun06%203400m.mp3"", ""source"": ""Xeno-canto"", ""duration"": 7.3143125, ""sample_rate"": 16000}",test
b3d36466-bdac-478c-87be-fac9d052afee,/root/animal-omni-kv/data/beans/beans_zero_subset/unseen-genus-sci/b3d36466-bdac-478c-87be-fac9d052afee.wav,Aratinga nenday,What is the scientific name for the focal species in the audio?,unseen-genus-sci,Xeno-canto,CC BY-NC,XC195967-0362%20Nanday%20Parakeets.flac,"{""recordist"": ""Ryan P. O'Donnell"", ""url"": ""https://xeno-canto.org/sounds/uploaded/SDXVTLDNGJ/XC195967-0362%20Nanday%20Parakeets.mp3"", ""source"": ""Xeno-canto"", ""duration"": 12.0106875, ""sample_rate"": 16000}",test
062935cb-ef1b-4acc-9625-ccd59d447d3c,/root/animal-omni-kv/data/beans/beans_zero_subset/unseen-genus-cmn/062935cb-ef1b-4acc-9625-ccd59d447d3c.wav,Princess Stephanie's Astrapia,What is the common name for the focal species in the audio?,unseen-genus-cmn,Xeno-canto,CC BY-NC,Stephanies_Astrapia_SHP_IW2.flac,"{""recordist"": ""Iain Woxvold"", ""url"": ""https://xeno-canto.org/sounds/uploaded/IASEWSJZCS/Stephanies_Astrapia_SHP_IW2.mp3"", ""source"": ""Xeno-canto"", ""duration"": 25.1298125, ""sample_rate"": 16000}",test
039b4ae6-501d-441e-be19-a92121b27797,/root/animal-omni-kv/data/beans/beans_zero_subset/zf-indiv/039b4ae6-501d-441e-be19-a92121b27797.wav,One,"Is there only one bird in the audio, or more? Reply with 'One' or 'More'.",zf-indiv,Elie et al 2020,CC-BY,contact_BlaBla0506_2807.wav,"{""duration"": 2.0, ""sample_rate"": 16000}",test
7eddcb0a-5ddc-49ae-8d40-0ee25fe663b5,/root/animal-omni-kv/data/beans/beans_zero_subset/unseen-family-tax/7eddcb0a-5ddc-49ae-8d40-0ee25fe663b5.wav,Chordata Amphibia Anura Dicroglossidae Hoplobatrachus chinensis,What is the taxonomic name of the focal species in the audio?,unseen-family-tax,iNaturalist,http://creativecommons.org/licenses/by-nc/4.0/,173291.flac,"{""recordist"": ""lava_chen"", ""url"": ""https://static.inaturalist.org/sounds/173291.mp3?1615967314"", ""source"": ""iNaturalist"", ""exclude_from_release"": true, ""duration"": 48.28975, ""sample_rate"": 16000}",test
ab4c0c84-9da5-48be-879f-44d8b8c939e4,/root/animal-omni-kv/data/beans/beans_zero_subset/unseen-species-tax/ab4c0c84-9da5-48be-879f-44d8b8c939e4.wav,Chordata Aves Procellariiformes Procellariidae Ardenna grisea,What is the taxonomic name of the focal species in the audio?,unseen-species-tax,Xeno-canto,CC BY-NC,XC341686-MuttonBird_120114_Oban_01.flac,"{""recordist"": ""Olivier SWIFT"", ""url"": ""https://xeno-canto.org/sounds/uploaded/JCPKCBKKAQ/XC341686-MuttonBird_120114_Oban_01.mp3"", ""source"": ""Xeno-canto"", ""duration"": 154.176, ""sample_rate"": 16000}",test
11d09174-872e-46ec-a430-37b03c32624a,/root/animal-omni-kv/data/beans/beans_zero_subset/unseen-species-tax/11d09174-872e-46ec-a430-37b03c32624a.wav,Chordata Aves Passeriformes Cisticolidae Cisticola brunnescens,What is the taxonomic name of the focal species in the audio?,unseen-species-tax,Xeno-canto,CC BY-NC,XC436898-160%20myst%C3%A8re%20STE-098%20d%C3%A9tail%20s%C3%A9rie%20traits%20verticaux.flac,"{""recordist"": ""Bernard BOUSQUET"", ""url"": ""https://xeno-canto.org/sounds/uploaded/THHNKSHUMO/XC436898-160%20myst%C3%A8re%20STE-098%20d%C3%A9tail%20s%C3%A9rie%20traits%20verticaux.mp3"", ""source"": ""Xeno-canto"", ""duration"": 5.681625, ""sample_rate"": 16000}",test
ba97aa96-7650-4bd4-8d0e-4e733f7ee0bb,/root/animal-omni-kv/data/beans/beans_zero_subset/unseen-genus-cmn/ba97aa96-7650-4bd4-8d0e-4e733f7ee0bb.wav,Kuhl's Lorikeet,What is the common name for the focal species in the audio?,unseen-genus-cmn,Xeno-canto,CC BY-NC,ViniBestRimatara.flac,"{""recordist"": ""Todd Mark"", ""url"": ""https://xeno-canto.org/sounds/uploaded/CLKPHLYUHA/ViniBestRimatara.mp3"", ""source"": ""Xeno-canto"", ""duration"": 47.0726875, ""sample_rate"": 16000}",test
c9d4e64d-c237-4fc0-b921-464978d0de99,/root/animal-omni-kv/data/beans/beans_zero_subset/watkins/c9d4e64d-c237-4fc0-b921-464978d0de99.wav,Walrus,What is the common name for the focal species in the audio?,watkins,Watkins,free for personal/academic uses,72014009.wav,"{""duration"": 1.10625, ""sample_rate"": 5120}",test
aac90cff-212c-4dc4-9d51-760e0db086a6,/root/animal-omni-kv/data/beans/beans_zero_subset/unseen-genus-sci/aac90cff-212c-4dc4-9d51-760e0db086a6.wav,Amazonetta brasiliensis,What is the scientific name for the focal species in the audio?,unseen-genus-sci,Xeno-canto,CC BY-NC,Abrasiliensis.flac,"{""recordist"": ""GUstavo Cabanne"", ""url"": ""https://xeno-canto.org/sounds/uploaded/XXVEEPYYBD/Abrasiliensis.mp3"", ""source"": ""Xeno-canto"", ""duration"": 12.930625, ""sample_rate"": 16000}",test
d434fc4a-8a59-476f-bc04-eebb0b20bd13,/root/animal-omni-kv/data/beans/beans_zero_subset/unseen-species-cmn/d434fc4a-8a59-476f-bc04-eebb0b20bd13.wav,Sombre Rock Chat,What is the common name for the focal species in the audio?,unseen-species-cmn,Xeno-canto,CC BY-NC,XC244652-Sombre%20Rock-Chat2014-12-27-4.flac,"{""recordist"": ""Andrew Spencer"", ""url"": ""https://xeno-canto.org/sounds/uploaded/CDTGHVBGZP/XC244652-Sombre%20Rock-Chat2014-12-27-4.mp3"", ""source"": ""Xeno-canto"", ""duration"": 42.408, ""sample_rate"": 16000}",test
48cba02c-ad4b-4a24-bb29-6f2295ea0ccc,/root/animal-omni-kv/data/beans/beans_zero_subset/unseen-genus-sci/48cba02c-ad4b-4a24-bb29-6f2295ea0ccc.wav,Aratinga nenday,What is the scientific name for the focal species in the audio?,unseen-genus-sci,iNaturalist,http://creativecommons.org/licenses/by-nc/4.0/,337560.flac,"{""recordist"": ""Jan Johnston"", ""url"": ""https://static.inaturalist.org/sounds/337560.mp3?1639518335"", ""source"": ""iNaturalist"", ""exclude_from_release"": true, ""duration"": 19.1509375, ""sample_rate"": 16000}",test
1a39ceff-92f2-41fc-87ef-351b23f96270,/root/animal-omni-kv/data/beans/beans_zero_subset/zf-indiv/1a39ceff-92f2-41fc-87ef-351b23f96270.wav,One,"Is there only one bird in the audio, or more? Reply with 'One' or 'More'.",zf-indiv,Elie et al 2020,CC-BY,distress_GraGra0201_97.wav,"{""duration"": 2.893, ""sample_rate"": 16000}",test
51cb1d19-f023-4e27-9239-da75a6c3c142,/root/animal-omni-kv/data/beans/beans_zero_subset/unseen-species-cmn/51cb1d19-f023-4e27-9239-da75a6c3c142.wav,Fulvous-headed Tanager,What is the common name for the focal species in the audio?,unseen-species-cmn,Xeno-canto,CC BY-NC,XC202234-Fulvous-headed%20Tanager%20%28call%2C%20Henri%20Pittier%2C%20Venezuela%2C%20mar2009%2C%201%29.flac,"{""recordist"": ""Hans Matheve"", ""url"": ""https://xeno-canto.org/sounds/uploaded/VROUALCTKG/XC202234-Fulvous-headed%20Tanager%20%28call%2C%20Henri%20Pittier%2C%20Venezuela%2C%20mar2009%2C%201%29.mp3"", ""source"": ""Xeno-canto"", ""duration"": 4.584, ""sample_rate"": 16000}",test
331a4392-8c2b-49e3-8904-b12c4266672b,/root/animal-omni-kv/data/beans/beans_zero_subset/zf-indiv/331a4392-8c2b-49e3-8904-b12c4266672b.wav,More,"Is there only one bird in the audio, or more? Reply with 'One' or 'More'.",zf-indiv,Elie et al 2020,CC-BY,nest_WhiRas44ddLblBla4548_2516.wav,"{""duration"": 3.054375, ""sample_rate"": 16000}",test
60ee27ec-817f-4ea0-a532-bfa5eb97ed34,/root/animal-omni-kv/data/beans/beans_zero_subset/zf-indiv/60ee27ec-817f-4ea0-a532-bfa5eb97ed34.wav,More,"Is there only one bird in the audio, or more? Reply with 'One' or 'More'.",zf-indiv,Elie et al 2020,CC-BY,contact_RedRas3600LblBlu2028BluRas07dd_4.wav,"{""duration"": 2.0026875, ""sample_rate"": 16000}",test
f6216f72-c7b1-477c-afb7-47b4360845f7,/root/animal-omni-kv/data/beans/beans_zero_subset/call-type/f6216f72-c7b1-477c-afb7-47b4360845f7.wav,song,What type of vocalization is heard from the focal species in the audio? Answer with either 'call' or 'song'.,call-type,Xeno-canto,unknown,XC538844-ARGENTINA%20IGUAZU%20BIRDS%2009.flac,"{""duration"": 11.3316875, ""sample_rate"": 16000}",test
701883af-4c7a-4643-a94b-0f26e724b638,/root/animal-omni-kv/data/beans/beans_zero_subset/unseen-species-tax/701883af-4c7a-4643-a94b-0f26e724b638.wav,Chordata Aves Passeriformes Muscicapidae Brachypteryx sinensis,What is the taxonomic name of the focal species in the audio?,unseen-species-tax,Xeno-canto,CC BY-NC,XC742679-20220727-%E9%87%91%E7%A7%80%E5%9C%A3%E5%A0%82%E5%B1%B1-%E4%B8%AD%E5%8D%8E%E7%9F%AD%E7%BF%85%E9%B8%AB-subsong-130725.flac,"{""recordist"": ""Oriental Stork"", ""url"": ""https://xeno-canto.org/sounds/uploaded/GGMHGNFCWG/XC742679-20220727-%E9%87%91%E7%A7%80%E5%9C%A3%E5%A0%82%E5%B1%B1-%E4%B8%AD%E5%8D%8E%E7%9F%AD%E7%BF%85%E9%B8%AB-subsong-130725.mp3"", ""source"": ""Xeno-canto"", ""duration"": 37.76275, ""sample_rate"": 16000}",test
d0eea919-616c-4704-be43-11e3c3017639,/root/animal-omni-kv/data/beans/beans_zero_subset/unseen-species-sci/d0eea919-616c-4704-be43-11e3c3017639.wav,Melaniparus fringillinus,What is the scientific name for the focal species in the audio?,unseen-species-sci,Xeno-canto,CC BY-NC,XC603739-tit%20rd...mp3.flac,"{""recordist"": ""paulo kivuyo"", ""url"": ""https://xeno-canto.org/sounds/uploaded/AVYPWXFRAR/XC603739-tit%20rd...mp3.mp3"", ""source"": ""Xeno-canto"", ""duration"": 27.6266875, ""sample_rate"": 16000}",test
90a35bad-2751-4eb5-8534-4466b7b3b048,/root/animal-omni-kv/data/beans/beans_zero_subset/watkins/90a35bad-2751-4eb5-8534-4466b7b3b048.wav,False Killer Whale,What is the common name for the focal species in the audio?,watkins,Watkins,free for personal/academic uses,9500300A.wav,"{""duration"": 1.6506875, ""sample_rate"": 80000}",test
432d177b-8adf-46d8-b6f6-ccfb2c3babe8,/root/animal-omni-kv/data/beans/beans_zero_subset/unseen-species-cmn/432d177b-8adf-46d8-b6f6-ccfb2c3babe8.wav,Western Quail-thrush,What is the common name for the focal species in the audio?,unseen-species-cmn,Xeno-canto,CC BY-NC,XC383192-Quailthrush_Western_KS5_SWWA-125.flac,"{""recordist"": ""Marc Anderson"", ""url"": ""https://xeno-canto.org/sounds/uploaded/EHGWCIGILC/XC383192-Quailthrush_Western_KS5_SWWA-125.mp3"", ""source"": ""Xeno-canto"", ""duration"": 79.60025, ""sample_rate"": 16000}",test
a76ceb41-35f2-49f8-a499-722b33476fcb,/root/animal-omni-kv/data/beans/beans_zero_subset/unseen-genus-tax/a76ceb41-35f2-49f8-a499-722b33476fcb.wav,Chordata Aves Anseriformes Anatidae Amazonetta brasiliensis,What is the taxonomic name of the focal species in the audio?,unseen-genus-tax,Xeno-canto,CC BY-NC,Amazonetta%20brasiliensis_Rio%20Carreiro_Serafina%20Correa_RS_15-09-2009.flac,"{""recordist"": ""Adrian Eisen Rupp"", ""url"": ""https://xeno-canto.org/sounds/uploaded/AOPMSCIDIA/Amazonetta%20brasiliensis_Rio%20Carreiro_Serafina%20Correa_RS_15-09-2009.mp3"", ""source"": ""Xeno-canto"", ""duration"": 18.6514375, ""sample_rate"": 16000}",test
d7baf164-ad04-47f7-87d4-8b53aa1cd927,/root/animal-omni-kv/data/beans/beans_zero_subset/unseen-genus-sci/d7baf164-ad04-47f7-87d4-8b53aa1cd927.wav,Eurostopodus argus,What is the scientific name for the focal species in the audio?,unseen-genus-sci,Xeno-canto,CC BY-NC,XC335536-spotted-nightjar-nombinnie-dusk2.flac,"{""recordist"": ""Marc Anderson"", ""url"": ""https://xeno-canto.org/sounds/uploaded/EHGWCIGILC/XC335536-spotted-nightjar-nombinnie-dusk2.mp3"", ""source"": ""Xeno-canto"", ""duration"": 29.9353125, ""sample_rate"": 16000}",test
710f19b3-7276-44db-a8dc-b4a2280a0a8d,/root/animal-omni-kv/data/beans/beans_zero_subset/zf-indiv/710f19b3-7276-44db-a8dc-b4a2280a0a8d.wav,One,"Is there only one bird in the audio, or more? Reply with 'One' or 'More'.",zf-indiv,Elie et al 2020,CC-BY,contact_LblBla4548_2389.wav,"{""duration"": 2.4706875, ""sample_rate"": 16000}",test
a7e7afe8-2e4c-4ae7-ad34-37a1c20a0580,/root/animal-omni-kv/data/beans/beans_zero_subset/zf-indiv/a7e7afe8-2e4c-4ae7-ad34-37a1c20a0580.wav,More,"Is there only one bird in the audio, or more? Reply with 'One' or 'More'.",zf-indiv,Elie et al 2020,CC-BY,contact_WhiGra0114WhiBlu3513_2064.wav,"{""duration"": 2.8175625, ""sample_rate"": 16000}",test
476758d8-1a5e-4d50-963a-7441dcf01771,/root/animal-omni-kv/data/beans/beans_zero_subset/unseen-genus-tax/476758d8-1a5e-4d50-963a-7441dcf01771.wav,Chordata Aves Passeriformes Fringillidae Oreomystis bairdi,What is the taxonomic name of the focal species in the audio?,unseen-genus-tax,Xeno-canto,CC BY-NC,XC216038-Akikiki_Kauai_PJB.flac,"{""recordist"": ""Patrick Blake"", ""url"": ""https://xeno-canto.org/sounds/uploaded/HCLTWDSPRI/XC216038-Akikiki_Kauai_PJB.mp3"", ""source"": ""Xeno-canto"", ""duration"": 51.9314375, ""sample_rate"": 16000}",test
bbcda202-23a1-4d23-9175-eb3c850a0e72,/root/animal-omni-kv/data/beans/beans_zero_subset/unseen-genus-tax/bbcda202-23a1-4d23-9175-eb3c850a0e72.wav,Arthropoda Insecta Orthoptera Acrididae Pseudochorthippus parallelus,What is the taxonomic name of the focal species in the audio?,unseen-genus-tax,iNaturalist,http://creativecommons.org/licenses/by-nc/4.0/,532004.flac,"{""recordist"": ""\u0422\u0438\u043c\u043e\u0444\u0435\u0439 \u041f\u0430\u043b\u043a\u0438\u043d"", ""url"": ""https://static.inaturalist.org/sounds/532004.m4a?1662545282"", ""source"": ""iNaturalist"", ""exclude_from_release"": true, ""duration"": 11.3066875, ""sample_rate"": 16000}",test
2bda9f03-3481-4f9a-8908-3011f2aafd81,/root/animal-omni-kv/data/beans/beans_zero_subset/unseen-species-tax/2bda9f03-3481-4f9a-8908-3011f2aafd81.wav,Chordata Aves Bucerotiformes Bucerotidae Rhyticeros undulatus,What is the taxonomic name of the focal species in the audio?,unseen-species-tax,Xeno-canto,CC BY-NC,2005_east_kalimantan_wreathed_hornbill_2_64kbps_edit.flac,"{""recordist"": ""Sander Pieterse & Ben Wielstra"", ""url"": ""https://xeno-canto.org/sounds/uploaded/HMLZGZJENG/2005_east_kalimantan_wreathed_hornbill_2_64kbps_edit.mp3"", ""source"": ""Xeno-canto"", ""duration"": 24.47675, ""sample_rate"": 16000}",test
625ee11f-f7de-458b-abfe-6b81f460caf1,/root/animal-omni-kv/data/beans/beans_zero_subset/call-type/625ee11f-f7de-458b-abfe-6b81f460caf1.wav,call,What type of vocalization is heard from the focal species in the audio? Answer with either 'call' or 'song'.,call-type,Xeno-canto,unknown,XC170451-Choucas%20des%20tours%20pour%20XC%20Peyriac%2013%20mars%2014.flac,"{""duration"": 53.741875, ""sample_rate"": 16000}",test
8f40bef8-b9db-4043-9b6e-8101841287e9,/root/animal-omni-kv/data/beans/beans_zero_subset/unseen-family-tax/8f40bef8-b9db-4043-9b6e-8101841287e9.wav,Chordata Amphibia Anura Alytidae Alytes obstetricans,What is the taxonomic name of the focal species in the audio?,unseen-family-tax,Animal Sound Archive,unknown,Alytes_obstetricans_Kr0003_11_short.flac,"{""recordist"": """", ""url"": ""http://www.tierstimmenarchiv.de/recordings/Alytes_obstetricans_Kr0003_11_short.mp3"", ""source"": ""Animal Sound Archive"", ""duration"": 19.1478125, ""sample_rate"": 16000}",test
e2cd8c9e-7d44-439c-9e5c-4c9b3d19e080,/root/animal-omni-kv/data/beans/beans_zero_subset/unseen-genus-tax/e2cd8c9e-7d44-439c-9e5c-4c9b3d19e080.wav,Chordata Aves Piciformes Galbulidae Jacamaralcyon tridactyla,What is the taxonomic name of the focal species in the audio?,unseen-genus-tax,iNaturalist,http://creativecommons.org/licenses/by-nc/4.0/,312491.flac,"{""recordist"": ""Claudio Martins de Souza"", ""url"": ""https://static.inaturalist.org/sounds/312491.mp3?1633282694"", ""source"": ""iNaturalist"", ""exclude_from_release"": true, ""duration"": 42.74775, ""sample_rate"": 16000}",test
90bf4acb-c983-427b-b069-79b95d3f2532,/root/animal-omni-kv/data/beans/beans_zero_subset/unseen-species-tax/90bf4acb-c983-427b-b069-79b95d3f2532.wav,Chordata Aves Passeriformes Timaliidae Mixornis kelleyi,What is the taxonomic name of the focal species in the audio?,unseen-species-tax,Xeno-canto,CC BY-NC,Macronus_kelleyi-FL%20calls%20Seima%20Cambodia%2019Apr12%20130m%20LS110261.flac,"{""recordist"": ""Frank Lambert"", ""url"": ""https://xeno-canto.org/sounds/uploaded/YTUXOCTUEM/Macronus_kelleyi-FL%20calls%20Seima%20Cambodia%2019Apr12%20130m%20LS110261.mp3"", ""source"": ""Xeno-canto"", ""duration"": 61.257125, ""sample_rate"": 16000}",test
ddd98d5e-e817-4268-b2d3-4ee4775c1971,/root/animal-omni-kv/data/beans/beans_zero_subset/unseen-species-tax/ddd98d5e-e817-4268-b2d3-4ee4775c1971.wav,Chordata Aves Passeriformes Climacteridae Climacteris melanurus,What is the taxonomic name of the focal species in the audio?,unseen-species-tax,Xeno-canto,CC BY-NC,XC522240-Black-tailedTreecreeper_Kakadu14_Edwards.flac,"{""recordist"": ""David Edwards"", ""url"": ""https://xeno-canto.org/sounds/uploaded/AFEHYCAHZR/XC522240-Black-tailedTreecreeper_Kakadu14_Edwards.mp3"", ""source"": ""Xeno-canto"", ""duration"": 30.3136875, ""sample_rate"": 16000}",test
5f989537-2957-4efd-a5c3-34d103c296b9,/root/animal-omni-kv/data/beans/beans_zero_subset/unseen-family-cmn/5f989537-2957-4efd-a5c3-34d103c296b9.wav,Dall's Porpoise,What is the common name for the focal species in the audio?,unseen-family-cmn,Watkins,unknown,7902400E.flac,"{""recordist"": """", ""url"": ""https://cis.whoi.edu/science/B/whalesounds/WhaleSounds/7902400E.wav"", ""source"": ""Watkins"", ""duration"": 1.031625, ""sample_rate"": 16000}",test
60770a84-e4f7-42e8-9d59-6354997b62fe,/root/animal-omni-kv/data/beans/beans_zero_subset/call-type/60770a84-e4f7-42e8-9d59-6354997b62fe.wav,song,What type of vocalization is heard from the focal species in the audio? Answer with either 'call' or 'song'.,call-type,Xeno-canto,unknown,XC146310-sulphur-bellied%20Flycatcher.flac,"{""duration"": 54.426625, ""sample_rate"": 16000}",test
d677109e-a441-493c-ad49-2584f56f2b6e,/root/animal-omni-kv/data/beans/beans_zero_subset/call-type/d677109e-a441-493c-ad49-2584f56f2b6e.wav,song,What type of vocalization is heard from the focal species in the audio? Answer with either 'call' or 'song'.,call-type,Xeno-canto,unknown,XC205153-Golden-bellied%20FlyrobinTB22014.flac,"{""duration"": 13.65675, ""sample_rate"": 16000}",test
7dbf3efe-afe0-400d-8459-541f373255d7,/root/animal-omni-kv/data/beans/beans_zero_subset/zf-indiv/7dbf3efe-afe0-400d-8459-541f373255d7.wav,More,"Is there only one bird in the audio, or more? Reply with 'One' or 'More'.",zf-indiv,Elie et al 2020,CC-BY,contact_YelOra2575LblGre0001_2892.wav,"{""duration"": 2.3753125, ""sample_rate"": 16000}",test
a2db5d0c-ddf0-4410-a679-571a0ea4c438,/root/animal-omni-kv/data/beans/beans_zero_subset/unseen-family-cmn/a2db5d0c-ddf0-4410-a679-571a0ea4c438.wav,Spotted Elachura,What is the common name for the focal species in the audio?,unseen-family-cmn,Xeno-canto,CC BY-NC,XC186672-Elachura-FL%20response%20Emeifang%201300m%2014May14%206.30am%20LS112449a.flac,"{""recordist"": ""Frank Lambert"", ""url"": ""https://xeno-canto.org/sounds/uploaded/YTUXOCTUEM/XC186672-Elachura-FL%20response%20Emeifang%201300m%2014May14%206.30am%20LS112449a.mp3"", ""source"": ""Xeno-canto"", ""duration"": 68.10125, ""sample_rate"": 16000}",test
381f04df-2d5d-4e39-9313-b8b5af93a549,/root/animal-omni-kv/data/beans/beans_zero_subset/unseen-species-sci/381f04df-2d5d-4e39-9313-b8b5af93a549.wav,Asthenes arequipae,What is the scientific name for the focal species in the audio?,unseen-species-sci,Xeno-canto,CC BY-NC,CANASTERO%20Dark-winged_02_%28arequipae%29%20Putre_I%20Region_CH_17FEB03_rpb_Alvaro%20Jaramillo.flac,"{""recordist"": ""Alvaro Jaramillo"", ""url"": ""https://xeno-canto.org/sounds/uploaded/XQEVNREHJY/CANASTERO%20Dark-winged_02_%28arequipae%29%20Putre_I%20Region_CH_17FEB03_rpb_Alvaro%20Jaramillo.mp3"", ""source"": ""Xeno-canto"", ""duration"": 15.0465625, ""sample_rate"": 16000}",test
f4df9234-4d6f-43bb-b963-640d7e4d72c8,/root/animal-omni-kv/data/beans/beans_zero_subset/unseen-species-cmn/f4df9234-4d6f-43bb-b963-640d7e4d72c8.wav,Long-tailed Starling,What is the common name for the focal species in the audio?,unseen-species-cmn,Xeno-canto,CC BY-NC,XC166862-Aplonis_magna_nom-FL%20song%20Warafri%2C%20Biak%2015Jul13%209.21am%20LS115798.flac,"{""recordist"": ""Frank Lambert"", ""url"": ""https://xeno-canto.org/sounds/uploaded/YTUXOCTUEM/XC166862-Aplonis_magna_nom-FL%20song%20Warafri%2C%20Biak%2015Jul13%209.21am%20LS115798.mp3"", ""source"": ""Xeno-canto"", ""duration"": 22.824, ""sample_rate"": 16000}",test
b2720233-bbb3-46fe-ae2e-1a2eff4188e4,/root/animal-omni-kv/data/beans/beans_zero_subset/unseen-genus-sci/b2720233-bbb3-46fe-ae2e-1a2eff4188e4.wav,Probosciger aterrimus,What is the scientific name for the focal species in the audio?,unseen-genus-sci,Xeno-canto,CC BY-NC,XC616078-Palm%20cockatoos.flac,"{""recordist"": ""Andrew Galbraith"", ""url"": ""https://xeno-canto.org/sounds/uploaded/FLWLTOEYQD/XC616078-Palm%20cockatoos.mp3"", ""source"": ""Xeno-canto"", ""duration"": 70.487, ""sample_rate"": 16000}",test
915353f3-0434-4f39-b7a1-b34f0a3ea1d8,/root/animal-omni-kv/data/beans/beans_zero_subset/unseen-species-sci/915353f3-0434-4f39-b7a1-b34f0a3ea1d8.wav,Falco concolor,What is the scientific name for the focal species in the audio?,unseen-species-sci,Xeno-canto,CC BY-NC,XC739084-Sooty%20Falcon%20alarm%20very%20good%202021%2009%2002%20Wallah%2C%20NEOM%2C%20Saudi%20Arabia_842.flac,"{""recordist"": ""David Darrell-Lambert"", ""url"": ""https://xeno-canto.org/sounds/uploaded/AYKHDFBYIH/XC739084-Sooty%20Falcon%20alarm%20very%20good%202021%2009%2002%20Wallah%2C%20NEOM%2C%20Saudi%20Arabia_842.mp3"", ""source"": ""Xeno-canto"", ""duration"": 25.104, ""sample_rate"": 16000}",test
e564a74c-97c1-4f23-b8fd-6148d10ee28e,/root/animal-omni-kv/data/beans/beans_zero_subset/unseen-genus-sci/e564a74c-97c1-4f23-b8fd-6148d10ee28e.wav,Aratinga nenday,What is the scientific name for the focal species in the audio?,unseen-genus-sci,Xeno-canto,CC BY-NC,Nandayus%20nenday_Alrededores%20al%20monumento%20a%20San%20Martin%20%28Palermo%29_Ciudad%20de%20Buenos%20Aires_Argentina_27JUN2010%200900hs%20a_Bernabe%20Lopez-Lanus.flac,"{""recordist"": ""Bernabe Lopez-Lanus"", ""url"": ""https://xeno-canto.org/sounds/uploaded/BYLLSJRVDZ/Nandayus%20nenday_Alrededores%20al%20monumento%20a%20San%20Martin%20%28Palermo%29_Ciudad%20de%20Buenos%20Aires_Argentina_27JUN2010%200900hs%20a_Bernabe%20Lopez-Lanus.mp3"", ""source"": ""Xeno-canto"", ""duration"": 99.84, ""sample_rate"": 16000}",test
e8c86bc5-4f93-43ab-ace5-382d5b4f2019,/root/animal-omni-kv/data/beans/beans_zero_subset/unseen-genus-sci/e8c86bc5-4f93-43ab-ace5-382d5b4f2019.wav,Heterocercus aurantiivertex,What is the scientific name for the focal species in the audio?,unseen-genus-sci,Xeno-canto,CC BY-NC,XC275104-67.015.04.Orange-crested_Manakin.flac,"{""recordist"": ""Robert S. Ridgely"", ""url"": ""https://xeno-canto.org/sounds/uploaded/XTVEPHMPPJ/XC275104-67.015.04.Orange-crested_Manakin.mp3"", ""source"": ""Xeno-canto"", ""duration"": 35.68325, ""sample_rate"": 16000}",test
62ccdeca-38c2-4579-9bd0-454e5fa58146,/root/animal-omni-kv/data/beans/beans_zero_subset/zf-indiv/62ccdeca-38c2-4579-9bd0-454e5fa58146.wav,One,"Is there only one bird in the audio, or more? Reply with 'One' or 'More'.",zf-indiv,Elie et al 2020,CC-BY,alarm_LblRed0613_220.wav,"{""duration"": 2.0, ""sample_rate"": 16000}",test
34e4e64c-6780-4284-92b0-bfefa5cec014,/root/animal-omni-kv/data/beans/beans_zero_subset/call-type/34e4e64c-6780-4284-92b0-bfefa5cec014.wav,song,What type of vocalization is heard from the focal species in the audio? Answer with either 'call' or 'song'.,call-type,Xeno-canto,unknown,XC358900-8%20Joshua%20Tree%2C%20Oak%20Titmouse%2C%2002-16-17.flac,"{""duration"": 37.3951875, ""sample_rate"": 16000}",test
1bde6f5f-6448-45ce-9f7f-d8e1aedc6366,/root/animal-omni-kv/data/beans/beans_zero_subset/unseen-genus-tax/1bde6f5f-6448-45ce-9f7f-d8e1aedc6366.wav,Chordata Aves Passeriformes Cardinalidae Rhodothraupis celaeno,What is the taxonomic name of the focal species in the audio?,unseen-genus-tax,iNaturalist,http://creativecommons.org/licenses/by/4.0/,609468.flac,"{""recordist"": ""Rodolfo Salinas Villarreal"", ""url"": ""https://static.inaturalist.org/sounds/609468.mp3?1678069312"", ""source"": ""iNaturalist"", ""exclude_from_release"": true, ""duration"": 20.0881875, ""sample_rate"": 16000}",test
3329b945-8bad-4173-9bba-3011b734196c,/root/animal-omni-kv/data/beans/beans_zero_subset/watkins/3329b945-8bad-4173-9bba-3011b734196c.wav,Melon Headed Whale,What is the common name for the focal species in the audio?,watkins,Watkins,free for personal/academic uses,91012041.wav,"{""duration"": 0.08214111328125, ""sample_rate"": 81920}",test
29160b62-09d7-4fff-b595-79de221edd62,/root/animal-omni-kv/data/beans/beans_zero_subset/zf-indiv/29160b62-09d7-4fff-b595-79de221edd62.wav,One,"Is there only one bird in the audio, or more? Reply with 'One' or 'More'.",zf-indiv,Elie et al 2020,CC-BY,alarm_GraGra0201_377.wav,"{""duration"": 2.0, ""sample_rate"": 16000}",test
a1d7f833-cadf-4c54-842c-2f3565c88694,/root/animal-omni-kv/data/beans/beans_zero_subset/unseen-species-cmn/a1d7f833-cadf-4c54-842c-2f3565c88694.wav,Southern Leaf Green Tree Frog,What is the common name for the focal species in the audio?,unseen-species-cmn,iNaturalist,http://creativecommons.org/licenses/by-nc/4.0/,335829.flac,"{""recordist"": ""Reiner Richter"", ""url"": ""https://static.inaturalist.org/sounds/335829.mp3?1638858704"", ""source"": ""iNaturalist"", ""exclude_from_release"": true, ""duration"": 12.2253125, ""sample_rate"": 16000}",test
d3991591-7c10-4a55-b9d4-e67c8efd993e,/root/animal-omni-kv/data/beans/beans_zero_subset/unseen-species-tax/d3991591-7c10-4a55-b9d4-e67c8efd993e.wav,Chordata Aves Procellariiformes Procellariidae Puffinus assimilis,What is the taxonomic name of the focal species in the audio?,unseen-species-tax,Xeno-canto,CC BY-NC,XC585959-LittleShearwater%28PairResponding%29LadyAliceIsland.04.08.2020%281950%29Phone.flac,"{""recordist"": ""David Boyle"", ""url"": ""https://xeno-canto.org/sounds/uploaded/YHOCFQHBDL/XC585959-LittleShearwater%28PairResponding%29LadyAliceIsland.04.08.2020%281950%29Phone.mp3"", ""source"": ""Xeno-canto"", ""duration"": 89.2110625, ""sample_rate"": 16000}",test
b986891d-c6f4-415f-a332-e5cc18128264,/root/animal-omni-kv/data/beans/beans_zero_subset/unseen-species-sci/b986891d-c6f4-415f-a332-e5cc18128264.wav,Cisticola brunnescens,What is the scientific name for the focal species in the audio?,unseen-species-sci,Xeno-canto,CC BY-NC,XC247187-LS112771_PectoralPatchCisticola_NairobiNP_31May15_1420.flac,"{""recordist"": ""Rory Nefdt"", ""url"": ""https://xeno-canto.org/sounds/uploaded/QUBGGKWQNN/XC247187-LS112771_PectoralPatchCisticola_NairobiNP_31May15_1420.mp3"", ""source"": ""Xeno-canto"", ""duration"": 10.2535, ""sample_rate"": 16000}",test
9f9c48c6-d203-453d-a0f2-f127123a192b,/root/animal-omni-kv/data/beans/beans_zero_subset/call-type/9f9c48c6-d203-453d-a0f2-f127123a192b.wav,call,What type of vocalization is heard from the focal species in the audio? Answer with either 'call' or 'song'.,call-type,Xeno-canto,unknown,XC699181-meadowpipit.flac,"{""duration"": 4.23875, ""sample_rate"": 16000}",test
02592057-ddbc-4e6f-8aa5-ee3a5650f157,/root/animal-omni-kv/data/beans/beans_zero_subset/unseen-family-tax/02592057-ddbc-4e6f-8aa5-ee3a5650f157.wav,Chordata Aves Passeriformes Elachuridae Elachura formosa,What is the taxonomic name of the focal species in the audio?,unseen-family-tax,Xeno-canto,CC BY-NC,Spotted%20WB%20Norbu%2078.flac,"{""recordist"": ""Norbu"", ""url"": ""https://xeno-canto.org/sounds/uploaded/VIKPYZTNYJ/Spotted%20WB%20Norbu%2078.mp3"", ""source"": ""Xeno-canto"", ""duration"": 11.0759375, ""sample_rate"": 16000}",test
a405b028-f2ca-4d92-a80d-10c379e155bc,/root/animal-omni-kv/data/beans/beans_zero_subset/unseen-species-cmn/a405b028-f2ca-4d92-a80d-10c379e155bc.wav,Bannerman's Sunbird,What is the common name for the focal species in the audio?,unseen-species-cmn,Xeno-canto,CC BY-NC,XC508874-LS104753%20Bannerman%20Sunbird%20call%20and%20song%20B%20Olive%20Sunbird%20C.flac,"{""recordist"": ""Peter Boesman"", ""url"": ""https://xeno-canto.org/sounds/uploaded/OOECIWCSWV/XC508874-LS104753%20Bannerman%20Sunbird%20call%20and%20song%20B%20Olive%20Sunbird%20C.mp3"", ""source"": ""Xeno-canto"", ""duration"": 34.481625, ""sample_rate"": 16000}",test
abdad934-69bb-4f01-8d52-9116bec03753,/root/animal-omni-kv/data/beans/beans_zero_subset/unseen-genus-sci/abdad934-69bb-4f01-8d52-9116bec03753.wav,Aphelocephala leucopsis,What is the scientific name for the focal species in the audio?,unseen-genus-sci,Xeno-canto,CC BY-NC,XC595117-Whiteface_Southern2_M3TL-637_Sturt-Olive-Downs_02092020.flac,"{""recordist"": ""Marc Anderson"", ""url"": ""https://xeno-canto.org/sounds/uploaded/EHGWCIGILC/XC595117-Whiteface_Southern2_M3TL-637_Sturt-Olive-Downs_02092020.mp3"", ""source"": ""Xeno-canto"", ""duration"": 20.561, ""sample_rate"": 16000}",test
6f62dedc-16dd-48d8-83ea-21e53cc58b9d,/root/animal-omni-kv/data/beans/beans_zero_subset/unseen-family-tax/6f62dedc-16dd-48d8-83ea-21e53cc58b9d.wav,Chordata Aves Passeriformes Elachuridae Elachura formosa,What is the taxonomic name of the focal species in the audio?,unseen-family-tax,Xeno-canto,CC BY-NC,Spotted%20WB%20Norbu%2080.flac,"{""recordist"": ""Norbu"", ""url"": ""https://xeno-canto.org/sounds/uploaded/VIKPYZTNYJ/Spotted%20WB%20Norbu%2080.mp3"", ""source"": ""Xeno-canto"", ""duration"": 28.9698125, ""sample_rate"": 16000}",test
58aa8e24-73eb-4eae-95e8-3602d751c4c2,/root/animal-omni-kv/data/beans/beans_zero_subset/unseen-genus-cmn/58aa8e24-73eb-4eae-95e8-3602d751c4c2.wav,Tylas Vanga,What is the common name for the focal species in the audio?,unseen-genus-cmn,Xeno-canto,CC BY-NC,XC142928-2010111832%20Tylas%20eduardi_M_F%20Deroussen.flac,"{""recordist"": ""Fernand DEROUSSEN"", ""url"": ""https://xeno-canto.org/sounds/uploaded/UXGZWVYDFE/XC142928-2010111832%20Tylas%20eduardi_M_F%20Deroussen.mp3"", ""source"": ""Xeno-canto"", ""duration"": 62.904, ""sample_rate"": 16000}",test
ae522f8d-fb97-4790-9142-2d3db4e22e7c,/root/animal-omni-kv/data/beans/beans_zero_subset/zf-indiv/ae522f8d-fb97-4790-9142-2d3db4e22e7c.wav,One,"Is there only one bird in the audio, or more? Reply with 'One' or 'More'.",zf-indiv,Elie et al 2020,CC-BY,contact_WhiGra0114_446.wav,"{""duration"": 2.095625, ""sample_rate"": 16000}",test
4b355555-746d-4f3b-9d58-42cd903335e6,/root/animal-omni-kv/data/beans/beans_zero_subset/unseen-species-sci/4b355555-746d-4f3b-9d58-42cd903335e6.wav,Chalcomitra balfouri,What is the scientific name for the focal species in the audio?,unseen-species-sci,Xeno-canto,CC BY-NC,XC547270-T2S1-17%202000-02-28%20Nectarinia%20balfouri.flac,"{""recordist"": ""Mike Evans"", ""url"": ""https://xeno-canto.org/sounds/uploaded/FJWHSZALHS/XC547270-T2S1-17%202000-02-28%20Nectarinia%20balfouri.mp3"", ""source"": ""Xeno-canto"", ""duration"": 126.69675, ""sample_rate"": 16000}",test
fa136400-09a4-45c4-aac8-733605313480,/root/animal-omni-kv/data/beans/beans_zero_subset/unseen-species-cmn/fa136400-09a4-45c4-aac8-733605313480.wav,Chinese Shortwing,What is the common name for the focal species in the audio?,unseen-species-cmn,Xeno-canto,CC BY-NC,XC742677-20220727-%E9%87%91%E7%A7%80%E5%9C%A3%E5%A0%82%E5%B1%B1-%E4%B8%AD%E5%8D%8E%E7%9F%AD%E7%BF%85%E9%B8%AB-song-125803.flac,"{""recordist"": ""Oriental Stork"", ""url"": ""https://xeno-canto.org/sounds/uploaded/GGMHGNFCWG/XC742677-20220727-%E9%87%91%E7%A7%80%E5%9C%A3%E5%A0%82%E5%B1%B1-%E4%B8%AD%E5%8D%8E%E7%9F%AD%E7%BF%85%E9%B8%AB-song-125803.mp3"", ""source"": ""Xeno-canto"", ""duration"": 49.494125, ""sample_rate"": 16000}",test
5043e608-bdb6-42ea-96c2-9adead008c5a,/root/animal-omni-kv/data/beans/beans_zero_subset/unseen-family-tax/5043e608-bdb6-42ea-96c2-9adead008c5a.wav,Chordata Mammalia Artiodactyla Suidae Sus scrofa,What is the taxonomic name of the focal species in the audio?,unseen-family-tax,Animal Sound Archive,unknown,Sus_scrofa_S0768_03_short.flac,"{""recordist"": """", ""url"": ""http://www.tierstimmenarchiv.de/recordings/Sus_scrofa_S0768_03_short.mp3"", ""source"": ""Animal Sound Archive"", ""duration"": 22.8571875, ""sample_rate"": 16000}",test
87747e24-a81a-40c7-8b81-5f6407385ae5,/root/animal-omni-kv/data/beans/beans_zero_subset/unseen-genus-tax/87747e24-a81a-40c7-8b81-5f6407385ae5.wav,Chordata Aves Piciformes Galbulidae Jacamaralcyon tridactyla,What is the taxonomic name of the focal species in the audio?,unseen-genus-tax,Xeno-canto,CC BY-NC,XC283385-Three-toed%20Jacamar%2C%2030.09.%2C%20call%2C%20Carmo.flac,"{""recordist"": ""Jerome Fischer"", ""url"": ""https://xeno-canto.org/sounds/uploaded/JPBSNBUUEF/XC283385-Three-toed%20Jacamar%2C%2030.09.%2C%20call%2C%20Carmo.mp3"", ""source"": ""Xeno-canto"", ""duration"": 66.6875, ""sample_rate"": 16000}",test
b193a2f9-555d-4c81-bbd1-1a1014a665c1,/root/animal-omni-kv/data/beans/beans_zero_subset/unseen-genus-sci/b193a2f9-555d-4c81-bbd1-1a1014a665c1.wav,Cryptotympana facialis,What is the scientific name for the focal species in the audio?,unseen-genus-sci,iNaturalist,http://creativecommons.org/licenses/by-nc/4.0/,496361.flac,"{""recordist"": ""syltetoejsglas"", ""url"": ""https://static.inaturalist.org/sounds/496361.m4a?1657495675"", ""source"": ""iNaturalist"", ""exclude_from_release"": true, ""duration"": 21.8035625, ""sample_rate"": 16000}",test
8b310095-582e-4d52-a517-0aa40e83f839,/root/animal-omni-kv/data/beans/beans_zero_subset/call-type/8b310095-582e-4d52-a517-0aa40e83f839.wav,song,What type of vocalization is heard from the focal species in the audio? Answer with either 'call' or 'song'.,call-type,Xeno-canto,unknown,XC278564-erithacus%20rubecula%20ruta%20casta%C3%B1os%20del%20robledo%2001-06-2015.flac,"{""duration"": 53.733875, ""sample_rate"": 16000}",test
df718d8e-c4be-495d-87d9-6d729c78107a,/root/animal-omni-kv/data/beans/beans_zero_subset/unseen-genus-cmn/df718d8e-c4be-495d-87d9-6d729c78107a.wav,Black Giant Cicada,What is the common name for the focal species in the audio?,unseen-genus-cmn,iNaturalist,http://creativecommons.org/licenses/by/4.0/,125818.flac,"{""recordist"": ""Takaaki Hattori"", ""url"": ""https://static.inaturalist.org/sounds/125818.mp3?1596112957"", ""source"": ""iNaturalist"", ""exclude_from_release"": true, ""duration"": 73.278375, ""sample_rate"": 16000}",test
14fc6d02-fe85-4562-bf2b-0ceca5c90c5b,/root/animal-omni-kv/data/beans/beans_zero_subset/call-type/14fc6d02-fe85-4562-bf2b-0ceca5c90c5b.wav,call,What type of vocalization is heard from the focal species in the audio? Answer with either 'call' or 'song'.,call-type,Xeno-canto,unknown,XC768351-Numenius-arquata-orientalis-MP-410-norm-8dB-NR-12dB-HP-700Hz.flac,"{""duration"": 8.064, ""sample_rate"": 16000}",test
3754b521-e057-4192-8b87-babd6d47676d,/root/animal-omni-kv/data/beans/beans_zero_subset/unseen-species-cmn/3754b521-e057-4192-8b87-babd6d47676d.wav,Grey Cuckooshrike,What is the common name for the focal species in the audio?,unseen-species-cmn,Xeno-canto,CC BY-NC,XC332263-Grey%20cuckooshrike%20call.flac,"{""recordist"": ""Lynette Rudman"", ""url"": ""https://xeno-canto.org/sounds/uploaded/SGLTZLDXYI/XC332263-Grey%20cuckooshrike%20call.mp3"", ""source"": ""Xeno-canto"", ""duration"": 19.3331875, ""sample_rate"": 16000}",test
40a4cc17-f3ed-4880-949c-5d8ed682662f,/root/animal-omni-kv/data/beans/beans_zero_subset/unseen-species-cmn/40a4cc17-f3ed-4880-949c-5d8ed682662f.wav,Ayeyarwady Bulbul,What is the common name for the focal species in the audio?,unseen-species-cmn,Xeno-canto,CC BY-NC,XC768137-Streak-eared-Bulbul.flac,"{""recordist"": ""Thet Zaw Naing"", ""url"": ""https://xeno-canto.org/sounds/uploaded/EDNTXGLOLE/XC768137-Streak-eared-Bulbul.mp3"", ""source"": ""Xeno-canto"", ""duration"": 55.5624375, ""sample_rate"": 16000}",test
81174e6a-f698-4e7f-9c4b-1cf92a962cf0,/root/animal-omni-kv/data/beans/beans_zero_subset/unseen-genus-sci/81174e6a-f698-4e7f-9c4b-1cf92a962cf0.wav,Cryptotympana facialis,What is the scientific name for the focal species in the audio?,unseen-genus-sci,iNaturalist,http://creativecommons.org/licenses/by-nc/4.0/,501821.flac,"{""recordist"": ""dogutaro"", ""url"": ""https://static.inaturalist.org/sounds/501821.m4a?1658110850"", ""source"": ""iNaturalist"", ""exclude_from_release"": true, ""duration"": 17.9025625, ""sample_rate"": 16000}",test
1d244e1e-4a07-489b-b2b3-110dd558e1f3,/root/animal-omni-kv/data/beans/beans_zero_subset/unseen-species-sci/1d244e1e-4a07-489b-b2b3-110dd558e1f3.wav,Vireo osburni,What is the scientific name for the focal species in the audio?,unseen-species-sci,Xeno-canto,CC BY-NC,XC308417-BlueMountainVireo_Jamaica_030916_song.flac,"{""recordist"": ""Ross Gallardy"", ""url"": ""https://xeno-canto.org/sounds/uploaded/FNIOJOZADD/XC308417-BlueMountainVireo_Jamaica_030916_song.mp3"", ""source"": ""Xeno-canto"", ""duration"": 25.305625, ""sample_rate"": 16000}",test
0c9f5fc1-1739-423d-be88-e2910a512933,/root/animal-omni-kv/data/beans/beans_zero_subset/unseen-species-tax/0c9f5fc1-1739-423d-be88-e2910a512933.wav,Chordata Amphibia Anura Ranidae Rana dalmatina,What is the taxonomic name of the focal species in the audio?,unseen-species-tax,iNaturalist,http://creativecommons.org/licenses/by-nc/4.0/,377043.flac,"{""recordist"": ""elodie8162"", ""url"": ""https://static.inaturalist.org/sounds/377043.wav?1648045248"", ""source"": ""iNaturalist"", ""exclude_from_release"": true, ""duration"": 60.0, ""sample_rate"": 16000}",test
f9416471-3818-4daf-a0f1-5711794a04a5,/root/animal-omni-kv/data/beans/beans_zero_subset/unseen-genus-tax/f9416471-3818-4daf-a0f1-5711794a04a5.wav,Chordata Aves Passeriformes Cardinalidae Rhodothraupis celaeno,What is the taxonomic name of the focal species in the audio?,unseen-genus-tax,Xeno-canto,CC BY-NC,XC380932-Crimson-collared%20Grosbeak%20song%20C%20estanzuela%20MTY.flac,"{""recordist"": ""Manuel Grosselet"", ""url"": ""https://xeno-canto.org/sounds/uploaded/ILUHRFXDNU/XC380932-Crimson-collared%20Grosbeak%20song%20C%20estanzuela%20MTY.mp3"", ""source"": ""Xeno-canto"", ""duration"": 20.7345625, ""sample_rate"": 16000}",test
e66e0859-b487-493b-b7ed-683d636e0185,/root/animal-omni-kv/data/beans/beans_zero_subset/unseen-genus-cmn/e66e0859-b487-493b-b7ed-683d636e0185.wav,Dark-breasted Rosefinch,What is the common name for the focal species in the audio?,unseen-genus-cmn,Xeno-canto,CC BY-NC,XC466630-Rosefinch_Dark-breasted2_B07h50m07s21mar2012_Ghopte_Forest1.flac,"{""recordist"": ""Marc Anderson"", ""url"": ""https://xeno-canto.org/sounds/uploaded/EHGWCIGILC/XC466630-Rosefinch_Dark-breasted2_B07h50m07s21mar2012_Ghopte_Forest1.mp3"", ""source"": ""Xeno-canto"", ""duration"": 44.5775, ""sample_rate"": 16000}",test
32d81bd6-e4a7-40f4-a374-abee11652c9a,/root/animal-omni-kv/data/beans/beans_zero_subset/watkins/32d81bd6-e4a7-40f4-a374-abee11652c9a.wav,Spinner Dolphin,What is the common name for the focal species in the audio?,watkins,Watkins,free for personal/academic uses,71001037.wav,"{""duration"": 1.1867, ""sample_rate"": 80000}",test
b754f59f-d1a8-4a80-b798-2efebe20c276,/root/animal-omni-kv/data/beans/beans_zero_subset/zf-indiv/b754f59f-d1a8-4a80-b798-2efebe20c276.wav,One,"Is there only one bird in the audio, or more? Reply with 'One' or 'More'.",zf-indiv,Elie et al 2020,CC-BY,contact_GreGre2522_2443.wav,"{""duration"": 2.0, ""sample_rate"": 16000}",test
455a6c53-dde1-448b-8832-60c64481ae18,/root/animal-omni-kv/data/beans/beans_zero_subset/unseen-genus-tax/455a6c53-dde1-448b-8832-60c64481ae18.wav,Chordata Aves Passeriformes Bernieridae Cryptosylvicola randrianasoloi,What is the taxonomic name of the focal species in the audio?,unseen-genus-tax,Xeno-canto,CC BY-NC,XC418937-CrypticWarbler_Madagascar_110817_song2.flac,"{""recordist"": ""Ross Gallardy"", ""url"": ""https://xeno-canto.org/sounds/uploaded/FNIOJOZADD/XC418937-CrypticWarbler_Madagascar_110817_song2.mp3"", ""source"": ""Xeno-canto"", ""duration"": 35.319125, ""sample_rate"": 16000}",test
c8e6425d-cf3e-45b0-a1db-778fae96d78c,/root/animal-omni-kv/data/beans/beans_zero_subset/unseen-genus-cmn/c8e6425d-cf3e-45b0-a1db-778fae96d78c.wav,Spectacled Tyrant,What is the common name for the focal species in the audio?,unseen-genus-cmn,Xeno-canto,CC BY-NC,XC396617-171105-Ada%20clignot1%40Epuyen.flac,"{""recordist"": ""\u00c9tienne Leroy"", ""url"": ""https://xeno-canto.org/sounds/uploaded/ZWAQHOJFLZ/XC396617-171105-Ada%20clignot1%40Epuyen.mp3"", ""source"": ""Xeno-canto"", ""duration"": 57.4891875, ""sample_rate"": 16000}",test
3af17cb6-26f5-4268-90a0-6738ee062725,/root/animal-omni-kv/data/beans/beans_zero_subset/unseen-species-tax/3af17cb6-26f5-4268-90a0-6738ee062725.wav,Chordata Aves Falconiformes Falconidae Falco cherrug,What is the taxonomic name of the focal species in the audio?,unseen-species-tax,Xeno-canto,CC BY-NC,XC452291-Falco_cherrug_coatsi-FL%20flight%20%282%20birds%29%20BagaBogt%2013Jun18%206.06am%20LS111714b.flac,"{""recordist"": ""Frank Lambert"", ""url"": ""https://xeno-canto.org/sounds/uploaded/YTUXOCTUEM/XC452291-Falco_cherrug_coatsi-FL%20flight%20%282%20birds%29%20BagaBogt%2013Jun18%206.06am%20LS111714b.mp3"", ""source"": ""Xeno-canto"", ""duration"": 361.195125, ""sample_rate"": 16000}",test
46e6ab7a-e6a6-41b7-83c4-29c78913a4e4,/root/animal-omni-kv/data/beans/beans_zero_subset/call-type/46e6ab7a-e6a6-41b7-83c4-29c78913a4e4.wav,call,What type of vocalization is heard from the focal species in the audio? Answer with either 'call' or 'song'.,call-type,Xeno-canto,unknown,XC335497-160205KohlmeiseMRufFH4edit.flac,"{""duration"": 55.9953125, ""sample_rate"": 16000}",test
044f81a0-2c02-401d-b6d0-7ed6888c7859,/root/animal-omni-kv/data/beans/beans_zero_subset/unseen-family-tax/044f81a0-2c02-401d-b6d0-7ed6888c7859.wav,Chordata Amphibia Anura Dicroglossidae Fejervarya limnocharis,What is the taxonomic name of the focal species in the audio?,unseen-family-tax,iNaturalist,http://creativecommons.org/licenses/by-nc/4.0/,286072.flac,"{""recordist"": ""Hong"", ""url"": ""https://static.inaturalist.org/sounds/286072.m4a?1627908058"", ""source"": ""iNaturalist"", ""exclude_from_release"": true, ""duration"": 21.66425, ""sample_rate"": 16000}",test
b891f396-2fcf-4bb8-b3ff-ee7a08df63ed,/root/animal-omni-kv/data/beans/beans_zero_subset/unseen-species-sci/b891f396-2fcf-4bb8-b3ff-ee7a08df63ed.wav,Caprimulgus pulchellus,What is the scientific name for the focal species in the audio?,unseen-species-sci,Xeno-canto,CC BY-NC,XC204324-Salvadori%27s%20NightjarGG12014.flac,"{""recordist"": ""Mike Nelson"", ""url"": ""https://xeno-canto.org/sounds/uploaded/PWDLINYMKL/XC204324-Salvadori%27s%20NightjarGG12014.mp3"", ""source"": ""Xeno-canto"", ""duration"": 18.731875, ""sample_rate"": 16000}",test
0aea1928-93bd-4ec5-9a38-b9a625e0d3a1,/root/animal-omni-kv/data/beans/beans_zero_subset/unseen-species-sci/0aea1928-93bd-4ec5-9a38-b9a625e0d3a1.wav,Thlypopsis fulviceps,What is the scientific name for the focal species in the audio?,unseen-species-sci,Xeno-canto,CC BY-NC,Fulvous-headed%20Tanager%20calls2007-1-13.flac,"{""recordist"": ""Andrew Spencer"", ""url"": ""https://xeno-canto.org/sounds/uploaded/CDTGHVBGZP/Fulvous-headed%20Tanager%20calls2007-1-13.mp3"", ""source"": ""Xeno-canto"", ""duration"": 15.8301875, ""sample_rate"": 16000}",test
98c01ed0-3f06-4d6d-8301-7966b9bd0291,/root/animal-omni-kv/data/beans/beans_zero_subset/unseen-genus-tax/98c01ed0-3f06-4d6d-8301-7966b9bd0291.wav,Chordata Aves Passeriformes Estrildidae Stizoptera bichenovii,What is the taxonomic name of the focal species in the audio?,unseen-genus-tax,Xeno-canto,CC BY-NC,XC513812-DBFI_20180827_1152.flac,"{""recordist"": ""Nigel Jackett"", ""url"": ""https://xeno-canto.org/sounds/uploaded/KXKBPMRFTY/XC513812-DBFI_20180827_1152.mp3"", ""source"": ""Xeno-canto"", ""duration"": 62.2575625, ""sample_rate"": 16000}",test
5e403388-7654-438c-98ba-d0d9a0fec108,/root/animal-omni-kv/data/beans/beans_zero_subset/unseen-genus-cmn/5e403388-7654-438c-98ba-d0d9a0fec108.wav,Oak Bush-cricket,What is the common name for the focal species in the audio?,unseen-genus-cmn,Xeno-canto,CC BY-NC,XC582651-200814_01A%20groda.flac,"{""recordist"": ""Ulf Elman"", ""url"": ""https://xeno-canto.org/sounds/uploaded/LKSFUYYSUK/XC582651-200814_01A%20groda.mp3"", ""source"": ""Xeno-canto"", ""duration"": 66.081125, ""sample_rate"": 16000}",test
3d396490-409c-4a5c-a29d-0ebd78f8832f,/root/animal-omni-kv/data/beans/beans_zero_subset/unseen-genus-sci/3d396490-409c-4a5c-a29d-0ebd78f8832f.wav,Tylas eduardi,What is the scientific name for the focal species in the audio?,unseen-genus-sci,Xeno-canto,CC BY-NC,XC763006-LS_52539-Tylas-Vanga-song-B.flac,"{""recordist"": ""Peter Boesman"", ""url"": ""https://xeno-canto.org/sounds/uploaded/OOECIWCSWV/XC763006-LS_52539-Tylas-Vanga-song-B.mp3"", ""source"": ""Xeno-canto"", ""duration"": 22.656, ""sample_rate"": 16000}",test
7a2f783b-d704-4eea-a71a-33a95adfaffd,/root/animal-omni-kv/data/beans/beans_zero_subset/unseen-family-tax/7a2f783b-d704-4eea-a71a-33a95adfaffd.wav,Chordata Amphibia Anura Dicroglossidae Hoplobatrachus chinensis,What is the taxonomic name of the focal species in the audio?,unseen-family-tax,iNaturalist,http://creativecommons.org/licenses/by-nc/4.0/,286051.flac,"{""recordist"": ""Hong"", ""url"": ""https://static.inaturalist.org/sounds/286051.m4a?1627906083"", ""source"": ""iNaturalist"", ""exclude_from_release"": true, ""duration"": 37.987875, ""sample_rate"": 16000}",test
a16048fd-022a-40a2-bdc7-c88880ffa28b,/root/animal-omni-kv/data/beans/beans_zero_subset/call-type/a16048fd-022a-40a2-bdc7-c88880ffa28b.wav,song,What type of vocalization is heard from the focal species in the audio? Answer with either 'call' or 'song'.,call-type,Xeno-canto,unknown,XC320568-uccellostrano.flac,"{""duration"": 31.2205625, ""sample_rate"": 16000}",test
5851c96e-2444-4bf5-9b1c-61be9adad8ee,/root/animal-omni-kv/data/beans/beans_zero_subset/call-type/5851c96e-2444-4bf5-9b1c-61be9adad8ee.wav,song,What type of vocalization is heard from the focal species in the audio? Answer with either 'call' or 'song'.,call-type,Xeno-canto,unknown,XC580067-goldfinch%2030-07-20.flac,"{""duration"": 48.7379375, ""sample_rate"": 16000}",test
a2c464ab-272a-45d8-8731-7fd3d37fc45f,/root/animal-omni-kv/data/beans/beans_zero_subset/unseen-species-tax/a2c464ab-272a-45d8-8731-7fd3d37fc45f.wav,Chordata Aves Tinamiformes Tinamidae Nothoprocta taczanowskii,What is the taxonomic name of the focal species in the audio?,unseen-species-tax,Xeno-canto,CC BY-NC,Nothoprocta%20taczanowskii%20y%20pheugopedius%20euophrys%20peru.flac,"{""recordist"": ""Oswaldo Cortes"", ""url"": ""https://xeno-canto.org/sounds/uploaded/VVDRVZCVWW/Nothoprocta%20taczanowskii%20y%20pheugopedius%20euophrys%20peru.mp3"", ""source"": ""Xeno-canto"", ""duration"": 23.4579375, ""sample_rate"": 16000}",test
e6672caa-d46d-486f-9f86-9f3f65050ec1,/root/animal-omni-kv/data/beans/beans_zero_subset/unseen-genus-tax/e6672caa-d46d-486f-9f86-9f3f65050ec1.wav,Chordata Aves Passeriformes Rhinocryptidae Rhinocrypta lanceolata,What is the taxonomic name of the focal species in the audio?,unseen-genus-tax,Xeno-canto,CC BY-NC,XC272771-Crested%20Gallito%20song%20A%202.flac,"{""recordist"": ""Peter Boesman"", ""url"": ""https://xeno-canto.org/sounds/uploaded/OOECIWCSWV/XC272771-Crested%20Gallito%20song%20A%202.mp3"", ""source"": ""Xeno-canto"", ""duration"": 45.6359375, ""sample_rate"": 16000}",test
568db8b3-0296-4930-b7e1-7df308e83159,/root/animal-omni-kv/data/beans/beans_zero_subset/unseen-species-cmn/568db8b3-0296-4930-b7e1-7df308e83159.wav,Sanborn's Tree Frog,What is the common name for the focal species in the audio?,unseen-species-cmn,iNaturalist,http://creativecommons.org/licenses/by-nc/4.0/,347571.flac,"{""recordist"": ""lucasforti"", ""url"": ""https://static.inaturalist.org/sounds/347571.m4a?1642549619"", ""source"": ""iNaturalist"", ""exclude_from_release"": true, ""duration"": 32.577625, ""sample_rate"": 16000}",test
ddbb1147-1aac-4b41-b139-d9c0e6141e9b,/root/animal-omni-kv/data/beans/beans_zero_subset/unseen-genus-tax/ddbb1147-1aac-4b41-b139-d9c0e6141e9b.wav,Chordata Aves Passeriformes Sylviidae Rhopophilus pekinensis,What is the taxonomic name of the focal species in the audio?,unseen-genus-tax,Xeno-canto,CC BY-NC,XC111754-Rhopophilus_pekinensis-FL%20Xuanzhong%20Temple%2C%20Shanxi%2021Jun12%20c1000m%20LS111574.flac,"{""recordist"": ""Frank Lambert"", ""url"": ""https://xeno-canto.org/sounds/uploaded/YTUXOCTUEM/XC111754-Rhopophilus_pekinensis-FL%20Xuanzhong%20Temple%2C%20Shanxi%2021Jun12%20c1000m%20LS111574.mp3"", ""source"": ""Xeno-canto"", ""duration"": 53.448, ""sample_rate"": 16000}",test
a4de1475-15c5-4e41-8b96-40961ec95242,/root/animal-omni-kv/data/beans/beans_zero_subset/zf-indiv/a4de1475-15c5-4e41-8b96-40961ec95242.wav,More,"Is there only one bird in the audio, or more? Reply with 'One' or 'More'.",zf-indiv,Elie et al 2020,CC-BY,alarm_HPiHPi4748YelGre5275WhiBlu5698_315.wav,"{""duration"": 2.0, ""sample_rate"": 16000}",test
08a34aac-2986-438f-bc7c-5242315fe3fb,/root/animal-omni-kv/data/beans/beans_zero_subset/unseen-genus-cmn/08a34aac-2986-438f-bc7c-5242315fe3fb.wav,Green-tailed Trainbearer,What is the common name for the focal species in the audio?,unseen-genus-cmn,Xeno-canto,CC BY-NC,XC260524-50.106.03.Green-tailed_Trainbearer.flac,"{""recordist"": ""Mitch Lysinger"", ""url"": ""https://xeno-canto.org/sounds/uploaded/OWZTPLFLJS/XC260524-50.106.03.Green-tailed_Trainbearer.mp3"", ""source"": ""Xeno-canto"", ""duration"": 10.60575, ""sample_rate"": 16000}",test
b2c4a1b5-62e3-42a0-89fc-70f49ab3ac2d,/root/animal-omni-kv/data/beans/beans_zero_subset/unseen-species-sci/b2c4a1b5-62e3-42a0-89fc-70f49ab3ac2d.wav,Ploceus katangae,What is the scientific name for the focal species in the audio?,unseen-species-sci,Xeno-canto,CC BY-NC,XC699562-Katanga%20Masked%20Weaver%20%28call%2C%20ZM%2C%20Luapula%20Bridge%2C%20211217_011%29.flac,"{""recordist"": ""Hans Matheve"", ""url"": ""https://xeno-canto.org/sounds/uploaded/VROUALCTKG/XC699562-Katanga%20Masked%20Weaver%20%28call%2C%20ZM%2C%20Luapula%20Bridge%2C%20211217_011%29.mp3"", ""source"": ""Xeno-canto"", ""duration"": 63.6865625, ""sample_rate"": 16000}",test
4ac883d7-7102-47f7-8513-28b201e56bd6,/root/animal-omni-kv/data/beans/beans_zero_subset/unseen-family-tax/4ac883d7-7102-47f7-8513-28b201e56bd6.wav,Chordata Aves Passeriformes Elachuridae Elachura formosa,What is the taxonomic name of the focal species in the audio?,unseen-family-tax,Xeno-canto,CC BY-NC,Spotted%20WB%20Norbu%2079.flac,"{""recordist"": ""Norbu"", ""url"": ""https://xeno-canto.org/sounds/uploaded/VIKPYZTNYJ/Spotted%20WB%20Norbu%2079.mp3"", ""source"": ""Xeno-canto"", ""duration"": 10.5535, ""sample_rate"": 16000}",test
30e96bdd-172c-4886-afd5-7f5a3108960f,/root/animal-omni-kv/data/beans/beans_zero_subset/unseen-species-tax/30e96bdd-172c-4886-afd5-7f5a3108960f.wav,Chordata Aves Passeriformes Thraupidae Thlypopsis inornata,What is the taxonomic name of the focal species in the audio?,unseen-species-tax,Xeno-canto,CC BY-NC,XC259562-78.034.06.Buff-bellied_Tanager.flac,"{""recordist"": ""John V. Moore"", ""url"": ""https://xeno-canto.org/sounds/uploaded/YKKDTZHLUU/XC259562-78.034.06.Buff-bellied_Tanager.mp3"", ""source"": ""Xeno-canto"", ""duration"": 20.9501875, ""sample_rate"": 16000}",test
7dac1054-e39a-44e4-ae3b-d38ee28c10d3,/root/animal-omni-kv/data/beans/beans_zero_subset/unseen-species-cmn/7dac1054-e39a-44e4-ae3b-d38ee28c10d3.wav,White-tipped Grasshopper,What is the common name for the focal species in the audio?,unseen-species-cmn,Xeno-canto,CC BY-NC,XC529076-Chorthippus%20acroleucus%20take91.flac,"{""recordist"": ""Baudewijn Od\u00e9"", ""url"": ""https://xeno-canto.org/sounds/uploaded/PLNKGHYEDF/XC529076-Chorthippus%20acroleucus%20take91.mp3"", ""source"": ""Xeno-canto"", ""duration"": 18.155125, ""sample_rate"": 16000}",test
afacb55d-f48f-4274-acf5-974f79826cda,/root/animal-omni-kv/data/beans/beans_zero_subset/unseen-genus-cmn/afacb55d-f48f-4274-acf5-974f79826cda.wav,Goldenface,What is the common name for the focal species in the audio?,unseen-genus-cmn,Xeno-canto,CC BY-NC,XC557711-Pachycare%20flavogriseum%20subaurantium_iw_091210_03.flac,"{""recordist"": ""Iain Woxvold"", ""url"": ""https://xeno-canto.org/sounds/uploaded/IASEWSJZCS/XC557711-Pachycare%20flavogriseum%20subaurantium_iw_091210_03.mp3"", ""source"": ""Xeno-canto"", ""duration"": 39.0269375, ""sample_rate"": 16000}",test
fd9091af-fef3-42fa-af33-18ee576dd4ca,/root/animal-omni-kv/data/beans/beans_zero_subset/unseen-species-cmn/fd9091af-fef3-42fa-af33-18ee576dd4ca.wav,Agile Frog,What is the common name for the focal species in the audio?,unseen-species-cmn,iNaturalist,http://creativecommons.org/licenses/by-nc/4.0/,376556.flac,"{""recordist"": ""sara_perenzoni"", ""url"": ""https://static.inaturalist.org/sounds/376556.m4a?1647960464"", ""source"": ""iNaturalist"", ""exclude_from_release"": true, ""duration"": 44.25725, ""sample_rate"": 16000}",test
4483d696-43d1-48a0-8951-4f4664e8cf75,/root/animal-omni-kv/data/beans/beans_zero_subset/watkins/4483d696-43d1-48a0-8951-4f4664e8cf75.wav,Striped Dolphin,What is the common name for the focal species in the audio?,watkins,Watkins,free for personal/academic uses,72007036.wav,"{""duration"": 0.9654981992797119, ""sample_rate"": 166600}",test
f21a0516-7116-4e0a-8c28-4504019dea7f,/root/animal-omni-kv/data/beans/beans_zero_subset/unseen-family-tax/f21a0516-7116-4e0a-8c28-4504019dea7f.wav,Chordata Aves Passeriformes Elachuridae Elachura formosa,What is the taxonomic name of the focal species in the audio?,unseen-family-tax,Xeno-canto,CC BY-NC,XC178833-Spelaeornis%20formosus-20140520-162101.flac,"{""recordist"": ""\u9ad8\u5efa\u4e91"", ""url"": ""https://xeno-canto.org/sounds/uploaded/XGUDFZQLJT/XC178833-Spelaeornis%20formosus-20140520-162101.mp3"", ""source"": ""Xeno-canto"", ""duration"": 210.9649375, ""sample_rate"": 16000}",test
a619baca-e3e9-4bb6-8006-280d81d0ffa9,/root/animal-omni-kv/data/beans/beans_zero_subset/call-type/a619baca-e3e9-4bb6-8006-280d81d0ffa9.wav,call,What type of vocalization is heard from the focal species in the audio? Answer with either 'call' or 'song'.,call-type,Xeno-canto,unknown,XC714828-20220412_0412_mystere.flac,"{""duration"": 3.0, ""sample_rate"": 16000}",test
372be372-ee3d-40dc-a6dd-88df697a4ca4,/root/animal-omni-kv/data/beans/beans_zero_subset/unseen-genus-tax/372be372-ee3d-40dc-a6dd-88df697a4ca4.wav,Chordata Aves Passeriformes Cardinalidae Rhodothraupis celaeno,What is the taxonomic name of the focal species in the audio?,unseen-genus-tax,Xeno-canto,CC BY-NC,Rhodothraupis.celaeno8901-1.flac,"{""recordist"": ""Daniel Lane"", ""url"": ""https://xeno-canto.org/sounds/uploaded/WOEAFQRMUD/Rhodothraupis.celaeno8901-1.mp3"", ""source"": ""Xeno-canto"", ""duration"": 118.4653125, ""sample_rate"": 16000}",test
245ddf2f-e182-497e-ba8e-a894dc73a088,/root/animal-omni-kv/data/beans/beans_zero_subset/zf-indiv/245ddf2f-e182-497e-ba8e-a894dc73a088.wav,One,"Is there only one bird in the audio, or more? Reply with 'One' or 'More'.",zf-indiv,Elie et al 2020,CC-BY,alarm_BluRas61dd_1059.wav,"{""duration"": 2.0, ""sample_rate"": 16000}",test
03115b2f-4429-4b49-80de-31182d234eba,/root/animal-omni-kv/data/beans/beans_zero_subset/unseen-species-tax/03115b2f-4429-4b49-80de-31182d234eba.wav,Chordata Aves Passeriformes Laniidae Lanius newtoni,What is the taxonomic name of the focal species in the audio?,unseen-species-tax,Xeno-canto,CC BY-NC,XC337723-0809_060344%20Fiscal%20Shrike%20PV.flac,"{""recordist"": ""Philippe Verbelen"", ""url"": ""https://xeno-canto.org/sounds/uploaded/AKJUTKUZTB/XC337723-0809_060344%20Fiscal%20Shrike%20PV.mp3"", ""source"": ""Xeno-canto"", ""duration"": 19.555125, ""sample_rate"": 16000}",test
6dc966f7-93e4-4101-b476-4dc713a0f1c6,/root/animal-omni-kv/data/beans/beans_zero_subset/zf-indiv/6dc966f7-93e4-4101-b476-4dc713a0f1c6.wav,One,"Is there only one bird in the audio, or more? Reply with 'One' or 'More'.",zf-indiv,Elie et al 2020,CC-BY,contact_WhiWhi1415_2414.wav,"{""duration"": 2.0, ""sample_rate"": 16000}",test
dd1399a2-7813-4a00-97ea-1a3122051bc8,/root/animal-omni-kv/data/beans/beans_zero_subset/unseen-family-cmn/dd1399a2-7813-4a00-97ea-1a3122051bc8.wav,Forest Hog,What is the common name for the focal species in the audio?,unseen-family-cmn,Animal Sound Archive,unknown,Hylochoerus_meinertzhageni_Band1_Cut02_short.flac,"{""recordist"": """", ""url"": ""http://www.tierstimmenarchiv.de/recordings/Hylochoerus_meinertzhageni_Band1_Cut02_short.mp3"", ""source"": ""Animal Sound Archive"", ""duration"": 21.4204375, ""sample_rate"": 16000}",test
198f86b1-dd1e-44e2-a073-1f945d1d948f,/root/animal-omni-kv/data/beans/beans_zero_subset/unseen-genus-tax/198f86b1-dd1e-44e2-a073-1f945d1d948f.wav,Chordata Aves Psittaciformes Psittacidae Vini peruviana,What is the taxonomic name of the focal species in the audio?,unseen-genus-tax,Xeno-canto,CC BY-NC,XC110899-2012_07_25_T527_BlueLory_2birds-feeding_merremiaPeltata-Mount-MaungapuAitutaki_12Uhr18.flac,"{""recordist"": ""Matthias Feuersenger"", ""url"": ""https://xeno-canto.org/sounds/uploaded/HBPYQXTJEV/XC110899-2012_07_25_T527_BlueLory_2birds-feeding_merremiaPeltata-Mount-MaungapuAitutaki_12Uhr18.mp3"", ""source"": ""Xeno-canto"", ""duration"": 38.609, ""sample_rate"": 16000}",test
2c731af7-5372-499d-970d-1f110784f926,/root/animal-omni-kv/data/beans/beans_zero_subset/call-type/2c731af7-5372-499d-970d-1f110784f926.wav,call,What type of vocalization is heard from the focal species in the audio? Answer with either 'call' or 'song'.,call-type,Xeno-canto,unknown,XC731333-Voz-117.flac,"{""duration"": 33.343875, ""sample_rate"": 16000}",test
77cf5cee-d03e-4778-bd4a-a6a3ed9a19d4,/root/animal-omni-kv/data/beans/beans_zero_subset/unseen-genus-sci/77cf5cee-d03e-4778-bd4a-a6a3ed9a19d4.wav,Heterocercus flavivertex,What is the scientific name for the focal species in the audio?,unseen-genus-sci,Xeno-canto,CC BY-NC,XC556354-Heterocercus%20flavivertex%20-%20Caio%20Brito%20%28Pres.%20Figueiredo-AM%29_BRITO%2C3547.flac,"{""recordist"": ""Caio Brito"", ""url"": ""https://xeno-canto.org/sounds/uploaded/YWWWUBVAJF/XC556354-Heterocercus%20flavivertex%20-%20Caio%20Brito%20%28Pres.%20Figueiredo-AM%29_BRITO%2C3547.mp3"", ""source"": ""Xeno-canto"", ""duration"": 5.184, ""sample_rate"": 16000}",test
e01bf25b-e15e-4825-8167-3478a2c2e146,/root/animal-omni-kv/data/beans/beans_zero_subset/unseen-genus-sci/e01bf25b-e15e-4825-8167-3478a2c2e146.wav,Stipiturus malachurus,What is the scientific name for the focal species in the audio?,unseen-genus-sci,Xeno-canto,CC BY-NC,Southern-Emu-Wren-song-locklate.flac,"{""recordist"": ""Patrik \u00c5berg"", ""url"": ""https://xeno-canto.org/sounds/uploaded/BPSDQEOJWG/Southern-Emu-Wren-song-locklate.mp3"", ""source"": ""Xeno-canto"", ""duration"": 42.3445, ""sample_rate"": 16000}",test
ef61a813-ff7c-4241-9724-5f3db69a5ed2,/root/animal-omni-kv/data/beans/beans_zero_subset/call-type/ef61a813-ff7c-4241-9724-5f3db69a5ed2.wav,song,What type of vocalization is heard from the focal species in the audio? Answer with either 'call' or 'song'.,call-type,Xeno-canto,unknown,XC736447-Wilson%27s%20Warbler%20in%20RMNP%20CO%20on%206.4.22%20at%208.24%20for%20.36.flac,"{""duration"": 36.6383125, ""sample_rate"": 16000}",test
6a30a584-d462-4ecb-b812-157e79dddb4e,/root/animal-omni-kv/data/beans/beans_zero_subset/watkins/6a30a584-d462-4ecb-b812-157e79dddb4e.wav,False Killer Whale,What is the common name for the focal species in the audio?,watkins,Watkins,free for personal/academic uses,6102300W.wav,"{""duration"": 0.89998779296875, ""sample_rate"": 81920}",test
1b74eb47-6728-4c2c-8c1e-10019adf653d,/root/animal-omni-kv/data/beans/beans_zero_subset/unseen-species-cmn/1b74eb47-6728-4c2c-8c1e-10019adf653d.wav,Black-fronted Tern,What is the common name for the focal species in the audio?,unseen-species-cmn,Xeno-canto,CC BY-NC,XC293062-Chlidonias%20albostriatus151112_T227.flac,"{""recordist"": ""Dan Lane"", ""url"": ""https://xeno-canto.org/sounds/uploaded/WOEAFQRMUD/XC293062-Chlidonias%20albostriatus151112_T227.mp3"", ""source"": ""Xeno-canto"", ""duration"": 18.9649375, ""sample_rate"": 16000}",test
8a71f357-d484-4b7a-8a2c-5250f51b998f,/root/animal-omni-kv/data/beans/beans_zero_subset/unseen-genus-tax/8a71f357-d484-4b7a-8a2c-5250f51b998f.wav,Arthropoda Insecta Orthoptera Trigonidiidae Nemobius sylvestris,What is the taxonomic name of the focal species in the audio?,unseen-genus-tax,Xeno-canto,CC BY-NC,XC512955-191216%20Nemobius%20sylvestris%20Spontangesang%20FH%201343.flac,"{""recordist"": ""Frank Holzapfel"", ""url"": ""https://xeno-canto.org/sounds/uploaded/NKZQLCJFUU/XC512955-191216%20Nemobius%20sylvestris%20Spontangesang%20FH%201343.mp3"", ""source"": ""Xeno-canto"", ""duration"": 109.80675, ""sample_rate"": 16000}",test
bf8e3b32-c56c-44d7-9666-590894019101,/root/animal-omni-kv/data/beans/beans_zero_subset/zf-indiv/bf8e3b32-c56c-44d7-9666-590894019101.wav,More,"Is there only one bird in the audio, or more? Reply with 'One' or 'More'.",zf-indiv,Elie et al 2020,CC-BY,contact_GraGra0201BlaBla0506GreWhi1242_1100.wav,"{""duration"": 2.527125, ""sample_rate"": 16000}",test
8dc76446-f889-4bcc-9913-174578eb49bb,/root/animal-omni-kv/data/beans/beans_zero_subset/zf-indiv/8dc76446-f889-4bcc-9913-174578eb49bb.wav,One,"Is there only one bird in the audio, or more? Reply with 'One' or 'More'.",zf-indiv,Elie et al 2020,CC-BY,contact_LblBla4548_34.wav,"{""duration"": 2.0244375, ""sample_rate"": 16000}",test
a8977a95-9edb-4905-887b-a3f0362bc066,/root/animal-omni-kv/data/beans/beans_zero_subset/unseen-family-cmn/a8977a95-9edb-4905-887b-a3f0362bc066.wav,Forest Hog,What is the common name for the focal species in the audio?,unseen-family-cmn,Animal Sound Archive,unknown,Hylochoerus_meinertzhageni_Band1_Cut17_short.flac,"{""recordist"": """", ""url"": ""http://www.tierstimmenarchiv.de/recordings/Hylochoerus_meinertzhageni_Band1_Cut17_short.mp3"", ""source"": ""Animal Sound Archive"", ""duration"": 23.0139375, ""sample_rate"": 16000}",test
2519928e-fa4f-4869-8328-3ede52e2af06,/root/animal-omni-kv/data/beans/beans_zero_subset/unseen-family-sci/2519928e-fa4f-4869-8328-3ede52e2af06.wav,Phocoenoides dalli,What is the scientific name for the focal species in the audio?,unseen-family-sci,Watkins,unknown,79024006.flac,"{""recordist"": """", ""url"": ""https://cis.whoi.edu/science/B/whalesounds/WhaleSounds/79024006.wav"", ""source"": ""Watkins"", ""duration"": 0.7933125, ""sample_rate"": 16000}",test
020246aa-a5e2-42e6-9ea1-af8991f738b2,/root/animal-omni-kv/data/beans/beans_zero_subset/unseen-family-cmn/020246aa-a5e2-42e6-9ea1-af8991f738b2.wav,Common Midwife Toad,What is the common name for the focal species in the audio?,unseen-family-cmn,iNaturalist,http://creativecommons.org/licenses/by-nc/4.0/,628472.flac,"{""recordist"": ""Lu\u00eds Gordinho"", ""url"": ""https://static.inaturalist.org/sounds/628472.wav?1680283375"", ""source"": ""iNaturalist"", ""exclude_from_release"": true, ""duration"": 24.48, ""sample_rate"": 16000}",test
aa10e6f8-ad66-4497-8740-fa52f3be5b00,/root/animal-omni-kv/data/beans/beans_zero_subset/unseen-genus-sci/aa10e6f8-ad66-4497-8740-fa52f3be5b00.wav,Hymenops perspicillatus,What is the scientific name for the focal species in the audio?,unseen-genus-sci,iNaturalist,http://creativecommons.org/licenses/by-sa/4.0/,526321.flac,"{""recordist"": ""Pablo H Capovilla"", ""url"": ""https://static.inaturalist.org/sounds/526321.wav?1661396655"", ""source"": ""iNaturalist"", ""exclude_from_release"": true, ""duration"": 7.5841875, ""sample_rate"": 16000}",test
176cabec-a6fe-49f4-9a8a-9d63fd8f327c,/root/animal-omni-kv/data/beans/beans_zero_subset/unseen-genus-cmn/176cabec-a6fe-49f4-9a8a-9d63fd8f327c.wav,Thick-billed Cuckoo,What is the common name for the focal species in the audio?,unseen-genus-cmn,Xeno-canto,CC BY-NC,XC360441-Thick-billed%20Cuckoo%20Mole%20161119_1744.flac,"{""recordist"": ""James Lidster"", ""url"": ""https://xeno-canto.org/sounds/uploaded/NRUIFMFTXY/XC360441-Thick-billed%20Cuckoo%20Mole%20161119_1744.mp3"", ""source"": ""Xeno-canto"", ""duration"": 6.3905, ""sample_rate"": 16000}",test
dec265ea-6080-4617-a38a-e27b50b098bd,/root/animal-omni-kv/data/beans/beans_zero_subset/unseen-family-tax/dec265ea-6080-4617-a38a-e27b50b098bd.wav,Chordata Amphibia Anura Alytidae Alytes obstetricans,What is the taxonomic name of the focal species in the audio?,unseen-family-tax,iNaturalist,http://creativecommons.org/licenses/by-nc/4.0/,226145.flac,"{""recordist"": ""naturpel"", ""url"": ""https://static.inaturalist.org/sounds/226145.mp3?1621427630"", ""source"": ""iNaturalist"", ""exclude_from_release"": true, ""duration"": 18.613125, ""sample_rate"": 16000}",test
a103b34d-35f6-4a0d-86d8-311fa74398a4,/root/animal-omni-kv/data/beans/beans_zero_subset/zf-indiv/a103b34d-35f6-4a0d-86d8-311fa74398a4.wav,More,"Is there only one bird in the audio, or more? Reply with 'One' or 'More'.",zf-indiv,Elie et al 2020,CC-BY,contact_LblBlu6243WhiBlu3513GreOra1817WhiBlu3414_3283.wav,"{""duration"": 2.512, ""sample_rate"": 16000}",test
adfb921a-b8f4-4e9e-ba59-1cbb4707c622,/root/animal-omni-kv/data/beans/beans_zero_subset/zf-indiv/adfb921a-b8f4-4e9e-ba59-1cbb4707c622.wav,One,"Is there only one bird in the audio, or more? Reply with 'One' or 'More'.",zf-indiv,Elie et al 2020,CC-BY,distress_WhiRas44dd_2095.wav,"{""duration"": 2.0, ""sample_rate"": 16000}",test
c57acda3-2f06-435e-bc98-0da69658ac8e,/root/animal-omni-kv/data/beans/beans_zero_subset/unseen-family-tax/c57acda3-2f06-435e-bc98-0da69658ac8e.wav,Chordata Mammalia Artiodactyla Suidae Hylochoerus meinertzhageni,What is the taxonomic name of the focal species in the audio?,unseen-family-tax,Animal Sound Archive,unknown,Hylochoerus_meinertzhageni_Band1_Cut21_short.flac,"{""recordist"": """", ""url"": ""http://www.tierstimmenarchiv.de/recordings/Hylochoerus_meinertzhageni_Band1_Cut21_short.mp3"", ""source"": ""Animal Sound Archive"", ""duration"": 22.8571875, ""sample_rate"": 16000}",test
8b2cf8be-d7ec-4546-b4ca-efc2a429b60c,/root/animal-omni-kv/data/beans/beans_zero_subset/unseen-genus-sci/8b2cf8be-d7ec-4546-b4ca-efc2a429b60c.wav,Probosciger aterrimus,What is the scientific name for the focal species in the audio?,unseen-genus-sci,Xeno-canto,CC BY-NC,XC502304-Cockatoo_Palm_M6MKH-332_Malagufuk_20thAug19.flac,"{""recordist"": ""Marc Anderson"", ""url"": ""https://xeno-canto.org/sounds/uploaded/EHGWCIGILC/XC502304-Cockatoo_Palm_M6MKH-332_Malagufuk_20thAug19.mp3"", ""source"": ""Xeno-canto"", ""duration"": 25.2603125, ""sample_rate"": 16000}",test
5277c671-2e98-4fed-a08b-73a8ec469a46,/root/animal-omni-kv/data/beans/beans_zero_subset/unseen-genus-cmn/5277c671-2e98-4fed-a08b-73a8ec469a46.wav,Crested Gallito,What is the common name for the focal species in the audio?,unseen-genus-cmn,Xeno-canto,CC BY-NC,Crested%20Gallito.flac,"{""recordist"": ""Roger Ahlman"", ""url"": ""https://xeno-canto.org/sounds/uploaded/EGHCOFEENE/Crested%20Gallito.mp3"", ""source"": ""Xeno-canto"", ""duration"": 8.986125, ""sample_rate"": 16000}",test
81cb271c-23cc-4bf6-bd9b-898ae71049eb,/root/animal-omni-kv/data/beans/beans_zero_subset/call-type/81cb271c-23cc-4bf6-bd9b-898ae71049eb.wav,song,What type of vocalization is heard from the focal species in the audio? Answer with either 'call' or 'song'.,call-type,Xeno-canto,unknown,XC710333-MIXPRE-992.flac,"{""duration"": 32.542, ""sample_rate"": 16000}",test
0851d039-5314-42a1-bb02-cde5d3d12153,/root/animal-omni-kv/data/beans/beans_zero_subset/unseen-family-tax/0851d039-5314-42a1-bb02-cde5d3d12153.wav,Chordata Mammalia Artiodactyla Suidae Babyrousa babyrussa,What is the taxonomic name of the focal species in the audio?,unseen-family-tax,Animal Sound Archive,unknown,Babyrousa_babyrussa_V2081_08_short.flac,"{""recordist"": """", ""url"": ""http://www.tierstimmenarchiv.de/recordings/Babyrousa_babyrussa_V2081_08_short.mp3"", ""source"": ""Animal Sound Archive"", ""duration"": 23.7191875, ""sample_rate"": 16000}",test
cb6e9b45-6b00-410c-bda3-2139aac31081,/root/animal-omni-kv/data/beans/beans_zero_subset/unseen-genus-tax/cb6e9b45-6b00-410c-bda3-2139aac31081.wav,Arthropoda Insecta Orthoptera Acrididae Pseudochorthippus parallelus,What is the taxonomic name of the focal species in the audio?,unseen-genus-tax,iNaturalist,http://creativecommons.org/licenses/by/4.0/,485929.flac,"{""recordist"": ""E. A."", ""url"": ""https://static.inaturalist.org/sounds/485929.mp3?1656525590"", ""source"": ""iNaturalist"", ""exclude_from_release"": true, ""duration"": 13.0728125, ""sample_rate"": 16000}",test
7d0f2391-22bf-4422-9da8-cc195f726e0b,/root/animal-omni-kv/data/beans/beans_zero_subset/call-type/7d0f2391-22bf-4422-9da8-cc195f726e0b.wav,song,What type of vocalization is heard from the focal species in the audio? Answer with either 'call' or 'song'.,call-type,Xeno-canto,unknown,XC327316-1360_187-01%2B02%2B03hipan%20mp3.flac,"{""duration"": 285.601, ""sample_rate"": 16000}",test
3f7452dd-117e-4f11-b243-58d8a079b8d0,/root/animal-omni-kv/data/beans/beans_zero_subset/unseen-species-cmn/3f7452dd-117e-4f11-b243-58d8a079b8d0.wav,Maghreb Magpie,What is the common name for the focal species in the audio?,unseen-species-cmn,Xeno-canto,CC BY-NC,XC735219-Maghrebelster.flac,"{""recordist"": ""Helmut Schaffer"", ""url"": ""https://xeno-canto.org/sounds/uploaded/YZOHURPBIZ/XC735219-Maghrebelster.mp3"", ""source"": ""Xeno-canto"", ""duration"": 31.9131875, ""sample_rate"": 16000}",test
dffc07ab-1956-4d5c-8f2e-ba5a54c4a305,/root/animal-omni-kv/data/beans/beans_zero_subset/unseen-genus-cmn/dffc07ab-1956-4d5c-8f2e-ba5a54c4a305.wav,Three-toed Jacamar,What is the common name for the focal species in the audio?,unseen-genus-cmn,Xeno-canto,CC BY-NC,XC556372-Jacamaralcyon%20tridactyla%20-%20Caio%20Brito%20%28Sumidouro-RJ%29_BRITO%2C3734.flac,"{""recordist"": ""Caio Brito"", ""url"": ""https://xeno-canto.org/sounds/uploaded/YWWWUBVAJF/XC556372-Jacamaralcyon%20tridactyla%20-%20Caio%20Brito%20%28Sumidouro-RJ%29_BRITO%2C3734.mp3"", ""source"": ""Xeno-canto"", ""duration"": 8.688, ""sample_rate"": 16000}",test
f85d9845-4077-4f4e-9904-2adcff9aa230,/root/animal-omni-kv/data/beans/beans_zero_subset/zf-indiv/f85d9845-4077-4f4e-9904-2adcff9aa230.wav,One,"Is there only one bird in the audio, or more? Reply with 'One' or 'More'.",zf-indiv,Elie et al 2020,CC-BY,contact_GraGra0201_1715.wav,"{""duration"": 2.0, ""sample_rate"": 16000}",test
cbc7cdf6-ae1a-4598-8ee4-6bdecc8ac9a2,/root/animal-omni-kv/data/beans/beans_zero_subset/unseen-family-sci/cbc7cdf6-ae1a-4598-8ee4-6bdecc8ac9a2.wav,Elachura formosa,What is the scientific name for the focal species in the audio?,unseen-family-sci,Xeno-canto,CC BY-NC,Spelaeornis_formosus_Vietnam-97.1b-FRL_VN_15_702.9-758.8_1_S.flac,"{""recordist"": ""Frank Lambert"", ""url"": ""https://xeno-canto.org/sounds/uploaded/YTUXOCTUEM/Spelaeornis_formosus_Vietnam-97.1b-FRL_VN_15_702.9-758.8_1_S.mp3"", ""source"": ""Xeno-canto"", ""duration"": 55.81675, ""sample_rate"": 16000}",test
93f4011a-f074-48da-8d6f-b2955611533d,/root/animal-omni-kv/data/beans/beans_zero_subset/unseen-genus-cmn/93f4011a-f074-48da-8d6f-b2955611533d.wav,Fiery-browed Starling,What is the common name for the focal species in the audio?,unseen-genus-cmn,Xeno-canto,CC BY-NC,fiery-browedmynacallssulawesiFarrow.flac,"{""recordist"": ""David Farrow"", ""url"": ""https://xeno-canto.org/sounds/uploaded/RNVWOVLEUN/fiery-browedmynacallssulawesiFarrow.mp3"", ""source"": ""Xeno-canto"", ""duration"": 18.207375, ""sample_rate"": 16000}",test
62790d1b-e0d6-4651-ab34-bd402d7fe65f,/root/animal-omni-kv/data/beans/beans_zero_subset/unseen-family-sci/62790d1b-e0d6-4651-ab34-bd402d7fe65f.wav,Phocoena phocoena,What is the scientific name for the focal species in the audio?,unseen-family-sci,Watkins,unknown,6501200N.flac,"{""recordist"": """", ""url"": ""https://cis.whoi.edu/science/B/whalesounds/WhaleSounds/6501200N.wav"", ""source"": ""Watkins"", ""duration"": 7.43, ""sample_rate"": 16000}",test
9d5bfed1-1f4e-45ad-a4bd-42c4ce768c87,/root/animal-omni-kv/data/beans/beans_zero_subset/zf-indiv/9d5bfed1-1f4e-45ad-a4bd-42c4ce768c87.wav,One,"Is there only one bird in the audio, or more? Reply with 'One' or 'More'.",zf-indiv,Elie et al 2020,CC-BY,contact_BluRas61dd_1923.wav,"{""duration"": 2.0, ""sample_rate"": 16000}",test
61781758-c269-4793-95a3-fe6a17199e03,/root/animal-omni-kv/data/beans/beans_zero_subset/unseen-genus-sci/61781758-c269-4793-95a3-fe6a17199e03.wav,Probosciger aterrimus,What is the scientific name for the focal species in the audio?,unseen-genus-sci,Xeno-canto,CC BY-NC,XC558618-Probosciger%20aterrimus%20stenolophus_iw_ms110302_12.flac,"{""recordist"": ""Iain Woxvold"", ""url"": ""https://xeno-canto.org/sounds/uploaded/IASEWSJZCS/XC558618-Probosciger%20aterrimus%20stenolophus_iw_ms110302_12.mp3"", ""source"": ""Xeno-canto"", ""duration"": 26.2530625, ""sample_rate"": 16000}",test
03c67d54-c622-434e-81d1-6cad9e04a427,/root/animal-omni-kv/data/beans/beans_zero_subset/unseen-genus-cmn/03c67d54-c622-434e-81d1-6cad9e04a427.wav,Tylas Vanga,What is the common name for the focal species in the audio?,unseen-genus-cmn,Xeno-canto,CC BY-NC,XC158251-Tylas%20Vanga%20Voh%2015%3A11%3A13%20PG1169.flac,"{""recordist"": ""Phil Gregory"", ""url"": ""https://xeno-canto.org/sounds/uploaded/GNEWSLMDAM/XC158251-Tylas%20Vanga%20Voh%2015%3A11%3A13%20PG1169.mp3"", ""source"": ""Xeno-canto"", ""duration"": 36.96325, ""sample_rate"": 16000}",test
12c1340b-1e70-41cb-81c0-f9ae50a2b497,/root/animal-omni-kv/data/beans/beans_zero_subset/unseen-species-cmn/12c1340b-1e70-41cb-81c0-f9ae50a2b497.wav,Buff-bellied Tanager,What is the common name for the focal species in the audio?,unseen-species-cmn,Xeno-canto,CC BY-NC,Buff-bellied%20Tanager2010-1-6-1.flac,"{""recordist"": ""Andrew Spencer"", ""url"": ""https://xeno-canto.org/sounds/uploaded/CDTGHVBGZP/Buff-bellied%20Tanager2010-1-6-1.mp3"", ""source"": ""Xeno-canto"", ""duration"": 25.2604375, ""sample_rate"": 16000}",test
f7729151-191f-4a82-9c47-171c9790dad1,/root/animal-omni-kv/data/beans/beans_zero_subset/unseen-species-sci/f7729151-191f-4a82-9c47-171c9790dad1.wav,Machlolophus aplonotus,What is the scientific name for the focal species in the audio?,unseen-species-sci,Xeno-canto,CC BY-NC,XC529855-200210_IndianBlack-loredTit_MtAbu_OC.flac,"{""recordist"": ""Oscar Campbell"", ""url"": ""https://xeno-canto.org/sounds/uploaded/RFRTVEHIZX/XC529855-200210_IndianBlack-loredTit_MtAbu_OC.mp3"", ""source"": ""Xeno-canto"", ""duration"": 26.3376875, ""sample_rate"": 16000}",test
1a16b9b3-ed60-490c-b3fe-0febb2d05696,/root/animal-omni-kv/data/beans/beans_zero_subset/unseen-family-sci/1a16b9b3-ed60-490c-b3fe-0febb2d05696.wav,Fejervarya limnocharis,What is the scientific name for the focal species in the audio?,unseen-family-sci,iNaturalist,http://creativecommons.org/licenses/by-nc/4.0/,277981.flac,"{""recordist"": ""Hong"", ""url"": ""https://static.inaturalist.org/sounds/277981.m4a?1626708401"", ""source"": ""iNaturalist"", ""exclude_from_release"": true, ""duration"": 37.08225, ""sample_rate"": 16000}",test
f91f7b4b-adcc-41f0-8295-97674c6d463c,/root/animal-omni-kv/data/beans/beans_zero_subset/unseen-family-tax/f91f7b4b-adcc-41f0-8295-97674c6d463c.wav,Chordata Mammalia Cetacea Phocoenidae Phocoenoides dalli,What is the taxonomic name of the focal species in the audio?,unseen-family-tax,Watkins,unknown,79024001.flac,"{""recordist"": """", ""url"": ""https://cis.whoi.edu/science/B/whalesounds/WhaleSounds/79024001.wav"", ""source"": ""Watkins"", ""duration"": 0.8354375, ""sample_rate"": 16000}",test
3f7fe6b5-fd97-4b9f-8a77-436e79499757,/root/animal-omni-kv/data/beans/beans_zero_subset/unseen-species-cmn/3f7fe6b5-fd97-4b9f-8a77-436e79499757.wav,Fire-tailed Sunbird,What is the common name for the focal species in the audio?,unseen-species-cmn,Xeno-canto,CC BY-NC,XC685445-3%20Sunbird%2C%20Fire-tailed%20%28Harkhar-YeZwar%29.flac,"{""recordist"": ""Thet Zaw Naing"", ""url"": ""https://xeno-canto.org/sounds/uploaded/EDNTXGLOLE/XC685445-3%20Sunbird%2C%20Fire-tailed%20%28Harkhar-YeZwar%29.mp3"", ""source"": ""Xeno-canto"", ""duration"": 20.115375, ""sample_rate"": 16000}",test
53cc069e-3838-4368-9cf1-19134f5cf90c,/root/animal-omni-kv/data/beans/beans_zero_subset/unseen-family-tax/53cc069e-3838-4368-9cf1-19134f5cf90c.wav,Chordata Mammalia Artiodactyla Suidae Babyrousa babyrussa,What is the taxonomic name of the focal species in the audio?,unseen-family-tax,Animal Sound Archive,unknown,Babyrousa_babyrussa_V1662_29_short.flac,"{""recordist"": """", ""url"": ""http://www.tierstimmenarchiv.de/recordings/Babyrousa_babyrussa_V1662_29_short.mp3"", ""source"": ""Animal Sound Archive"", ""duration"": 22.8049375, ""sample_rate"": 16000}",test
0f718175-1fdc-4369-938f-7071ce6a7b9e,/root/animal-omni-kv/data/beans/beans_zero_subset/unseen-genus-cmn/0f718175-1fdc-4369-938f-7071ce6a7b9e.wav,Banded Whiteface,What is the common name for the focal species in the audio?,unseen-genus-cmn,Xeno-canto,CC BY-NC,XC643089-Aphelonigri_KC_2017-07-05-0646.flac,"{""recordist"": ""Christopher Watson"", ""url"": ""https://xeno-canto.org/sounds/uploaded/XNPGPQSMGE/XC643089-Aphelonigri_KC_2017-07-05-0646.mp3"", ""source"": ""Xeno-canto"", ""duration"": 9.2424375, ""sample_rate"": 16000}",test
463e4a88-7d90-4c70-a6b3-61fd8aec0f9a,/root/animal-omni-kv/data/beans/beans_zero_subset/unseen-species-cmn/463e4a88-7d90-4c70-a6b3-61fd8aec0f9a.wav,Blue-billed Black Tyrant,What is the common name for the focal species in the audio?,unseen-species-cmn,Xeno-canto,CC BY-NC,XC205707-Knipolegus%20cyanirostris.flac,"{""recordist"": ""Rodrigo Dela Rosa"", ""url"": ""https://xeno-canto.org/sounds/uploaded/VGXDJMKETZ/XC205707-Knipolegus%20cyanirostris.mp3"", ""source"": ""Xeno-canto"", ""duration"": 17.4, ""sample_rate"": 16000}",test
bb217344-8dde-4a58-9727-b72f94541d92,/root/animal-omni-kv/data/beans/beans_zero_subset/unseen-family-tax/bb217344-8dde-4a58-9727-b72f94541d92.wav,Arthropoda Insecta Orthoptera Prophalangopsidae Cyphoderris monstrosa,What is the taxonomic name of the focal species in the audio?,unseen-family-tax,iNaturalist,http://creativecommons.org/publicdomain/zero/1.0/,508155.flac,"{""recordist"": ""Braden J. Judson"", ""url"": ""https://static.inaturalist.org/sounds/508155.m4a?1658896099"", ""source"": ""iNaturalist"", ""exclude_from_release"": true, ""duration"": 17.824, ""sample_rate"": 16000}",test
c6b8cad6-32b8-4c3b-8ac1-f3aa3197946a,/root/animal-omni-kv/data/beans/beans_zero_subset/unseen-family-cmn/c6b8cad6-32b8-4c3b-8ac1-f3aa3197946a.wav,Dall's Porpoise,What is the common name for the focal species in the audio?,unseen-family-cmn,Watkins,unknown,7902400J.flac,"{""recordist"": """", ""url"": ""https://cis.whoi.edu/science/B/whalesounds/WhaleSounds/7902400J.wav"", ""source"": ""Watkins"", ""duration"": 0.8470625, ""sample_rate"": 16000}",test
f8cb30f0-5c40-43ba-8916-16c0b15abcdb,/root/animal-omni-kv/data/beans/beans_zero_subset/unseen-species-sci/f8cb30f0-5c40-43ba-8916-16c0b15abcdb.wav,Haematopus chathamensis,What is the scientific name for the focal species in the audio?,unseen-species-sci,Xeno-canto,CC BY-NC,XC464149-CIOystercatcher.PpintGap01.01.2018%281320%29.flac,"{""recordist"": ""David Boyle"", ""url"": ""https://xeno-canto.org/sounds/uploaded/YHOCFQHBDL/XC464149-CIOystercatcher.PpintGap01.01.2018%281320%29.mp3"", ""source"": ""Xeno-canto"", ""duration"": 6.768625, ""sample_rate"": 16000}",test
de982de0-86de-4125-85d7-22d85a8ec0c8,/root/animal-omni-kv/data/beans/beans_zero_subset/unseen-family-cmn/de982de0-86de-4125-85d7-22d85a8ec0c8.wav,Spotted Elachura,What is the common name for the focal species in the audio?,unseen-family-cmn,Xeno-canto,CC BY-NC,XC328986-Spotted%20Wren-Babbler%2001%20-%2017Jan16%20-%20Kechuperi%20SK.flac,"{""recordist"": ""Mike Dooher"", ""url"": ""https://xeno-canto.org/sounds/uploaded/TATSBCLUJW/XC328986-Spotted%20Wren-Babbler%2001%20-%2017Jan16%20-%20Kechuperi%20SK.mp3"", ""source"": ""Xeno-canto"", ""duration"": 18.888, ""sample_rate"": 16000}",test
39419bb1-2fad-41e5-b0ba-e662b302ddcb,/root/animal-omni-kv/data/beans/beans_zero_subset/unseen-species-sci/39419bb1-2fad-41e5-b0ba-e662b302ddcb.wav,Inezia subflava,What is the scientific name for the focal species in the audio?,unseen-species-sci,Xeno-canto,CC BY-NC,XC515346-Amazonian%20Inezia_1.flac,"{""recordist"": ""Jacob Wijpkema"", ""url"": ""https://xeno-canto.org/sounds/uploaded/WETAASKWUP/XC515346-Amazonian%20Inezia_1.mp3"", ""source"": ""Xeno-canto"", ""duration"": 5.496, ""sample_rate"": 16000}",test
ca170777-2126-4076-8be3-13650ba81d83,/root/animal-omni-kv/data/beans/beans_zero_subset/call-type/ca170777-2126-4076-8be3-13650ba81d83.wav,call,What type of vocalization is heard from the focal species in the audio? Answer with either 'call' or 'song'.,call-type,Xeno-canto,unknown,XC694316-T.%20aedon.flac,"{""duration"": 13.3746875, ""sample_rate"": 16000}",test
f512ce96-5e18-4bc0-bdf8-ab34ef7ef1fe,/root/animal-omni-kv/data/beans/beans_zero_subset/unseen-species-sci/f512ce96-5e18-4bc0-bdf8-ab34ef7ef1fe.wav,Anthus brachyurus,What is the scientific name for the focal species in the audio?,unseen-species-sci,Xeno-canto,CC BY-NC,XC699778-Short-tailed%20Pipit%20%28call%2C%20ZM%2C%20Chitunta%20Plains%2C%20211213_026%29.flac,"{""recordist"": ""Hans Matheve"", ""url"": ""https://xeno-canto.org/sounds/uploaded/VROUALCTKG/XC699778-Short-tailed%20Pipit%20%28call%2C%20ZM%2C%20Chitunta%20Plains%2C%20211213_026%29.mp3"", ""source"": ""Xeno-canto"", ""duration"": 28.4735, ""sample_rate"": 16000}",test
818ae9bf-8465-4d3e-a14a-ca949706e785,/root/animal-omni-kv/data/beans/beans_zero_subset/zf-indiv/818ae9bf-8465-4d3e-a14a-ca949706e785.wav,One,"Is there only one bird in the audio, or more? Reply with 'One' or 'More'.",zf-indiv,Elie et al 2020,CC-BY,contact_WhiGra0114_2134.wav,"{""duration"": 2.0, ""sample_rate"": 16000}",test
84b56a2d-da0e-4e59-b1ce-a8bcb1794ad8,/root/animal-omni-kv/data/beans/beans_zero_subset/unseen-species-sci/84b56a2d-da0e-4e59-b1ce-a8bcb1794ad8.wav,Pachycephala lanioides,What is the scientific name for the focal species in the audio?,unseen-species-sci,Xeno-canto,CC BY-NC,XC521516-White-breastedWhistler-female_Karumba13_Edwards.flac,"{""recordist"": ""David Edwards"", ""url"": ""https://xeno-canto.org/sounds/uploaded/AFEHYCAHZR/XC521516-White-breastedWhistler-female_Karumba13_Edwards.mp3"", ""source"": ""Xeno-canto"", ""duration"": 13.112625, ""sample_rate"": 16000}",test
40aaeb3b-9cca-4419-baf9-9103f00ffbf8,/root/animal-omni-kv/data/beans/beans_zero_subset/unseen-family-tax/40aaeb3b-9cca-4419-baf9-9103f00ffbf8.wav,Chordata Aves Passeriformes Elachuridae Elachura formosa,What is the taxonomic name of the focal species in the audio?,unseen-family-tax,Xeno-canto,CC BY-NC,XC316355-Spotted%20Elachura%20Eaglenest%20May%201%202016%20PG1714.flac,"{""recordist"": ""Phil Gregory"", ""url"": ""https://xeno-canto.org/sounds/uploaded/GNEWSLMDAM/XC316355-Spotted%20Elachura%20Eaglenest%20May%201%202016%20PG1714.mp3"", ""source"": ""Xeno-canto"", ""duration"": 19.10725, ""sample_rate"": 16000}",test
6f3665ea-6617-4bda-a0b5-2356287003e0,/root/animal-omni-kv/data/beans/beans_zero_subset/unseen-species-sci/6f3665ea-6617-4bda-a0b5-2356287003e0.wav,Pternistis harwoodi,What is the scientific name for the focal species in the audio?,unseen-species-sci,Xeno-canto,CC BY-NC,XC210295-Harwood%27s%20Francolin2014-12-20-3.flac,"{""recordist"": ""Andrew Spencer"", ""url"": ""https://xeno-canto.org/sounds/uploaded/CDTGHVBGZP/XC210295-Harwood%27s%20Francolin2014-12-20-3.mp3"", ""source"": ""Xeno-canto"", ""duration"": 35.736, ""sample_rate"": 16000}",test
87bae7e0-4146-4860-ad27-1f38d7967a4f,/root/animal-omni-kv/data/beans/beans_zero_subset/unseen-species-cmn/87bae7e0-4146-4860-ad27-1f38d7967a4f.wav,African Olive Pigeon,What is the common name for the focal species in the audio?,unseen-species-cmn,Xeno-canto,CC BY-NC,XC510084-LS_55018%20African%20Olive%20Pigeon%20song%20C.flac,"{""recordist"": ""Peter Boesman"", ""url"": ""https://xeno-canto.org/sounds/uploaded/OOECIWCSWV/XC510084-LS_55018%20African%20Olive%20Pigeon%20song%20C.mp3"", ""source"": ""Xeno-canto"", ""duration"": 8.1501875, ""sample_rate"": 16000}",test
52c9f713-dc87-4f95-93c8-a5744a092828,/root/animal-omni-kv/data/beans/beans_zero_subset/call-type/52c9f713-dc87-4f95-93c8-a5744a092828.wav,song,What type of vocalization is heard from the focal species in the audio? Answer with either 'call' or 'song'.,call-type,Xeno-canto,unknown,XC649839-Pileated%20Flycatcher%20dawn%20song%20SPE%20may%2019%20647_2203.flac,"{""duration"": 46.4549375, ""sample_rate"": 16000}",test
4eb7b55f-a4c0-4a65-9721-154a62d348cf,/root/animal-omni-kv/data/beans/beans_zero_subset/unseen-family-tax/4eb7b55f-a4c0-4a65-9721-154a62d348cf.wav,Chordata Amphibia Anura Dicroglossidae Fejervarya multistriata,What is the taxonomic name of the focal species in the audio?,unseen-family-tax,iNaturalist,http://creativecommons.org/licenses/by-nc/4.0/,480820.flac,"{""recordist"": ""llareta"", ""url"": ""https://static.inaturalist.org/sounds/480820.m4a?1656078727"", ""source"": ""iNaturalist"", ""exclude_from_release"": true, ""duration"": 23.7075625, ""sample_rate"": 16000}",test
c85a5cc7-93b6-44f6-8126-483be0a5f9a4,/root/animal-omni-kv/data/beans/beans_zero_subset/unseen-species-sci/c85a5cc7-93b6-44f6-8126-483be0a5f9a4.wav,Aethopyga ignicauda,What is the scientific name for the focal species in the audio?,unseen-species-sci,Xeno-canto,CC BY-NC,XC313846-20160401_Fire-tailedSunbird_malecalls_MtVictoria_OC.flac,"{""recordist"": ""Oscar Campbell"", ""url"": ""https://xeno-canto.org/sounds/uploaded/RFRTVEHIZX/XC313846-20160401_Fire-tailedSunbird_malecalls_MtVictoria_OC.mp3"", ""source"": ""Xeno-canto"", ""duration"": 43.5405, ""sample_rate"": 16000}",test
f53cd407-28af-4df6-ba93-495ce0dab4f6,/root/animal-omni-kv/data/beans/beans_zero_subset/unseen-genus-sci/f53cd407-28af-4df6-ba93-495ce0dab4f6.wav,Jacamaralcyon tridactyla,What is the scientific name for the focal species in the audio?,unseen-genus-sci,Xeno-canto,CC BY-NC,XC438768-ThreeToedJacamar_Brazil_070118_song.flac,"{""recordist"": ""Ross Gallardy"", ""url"": ""https://xeno-canto.org/sounds/uploaded/FNIOJOZADD/XC438768-ThreeToedJacamar_Brazil_070118_song.mp3"", ""source"": ""Xeno-canto"", ""duration"": 19.487875, ""sample_rate"": 16000}",test
4a8b21c3-da4e-4e01-9115-188fb23ce1e9,/root/animal-omni-kv/data/beans/beans_zero_subset/unseen-family-sci/4a8b21c3-da4e-4e01-9115-188fb23ce1e9.wav,Elachura formosa,What is the scientific name for the focal species in the audio?,unseen-family-sci,Xeno-canto,CC BY-NC,XC487270-20190704_084220%E9%80%9A%E5%9F%8E-%E4%B8%BD%E6%98%9F%E9%B9%A9%E9%B9%9Bsong.flac,"{""recordist"": ""Xiaojing  Yang"", ""url"": ""https://xeno-canto.org/sounds/uploaded/NWYIDXZXYH/XC487270-20190704_084220%E9%80%9A%E5%9F%8E-%E4%B8%BD%E6%98%9F%E9%B9%A9%E9%B9%9Bsong.mp3"", ""source"": ""Xeno-canto"", ""duration"": 25.835125, ""sample_rate"": 16000}",test
ddf76493-6805-40ab-81fe-ef7c381928d2,/root/animal-omni-kv/data/beans/beans_zero_subset/unseen-genus-sci/ddf76493-6805-40ab-81fe-ef7c381928d2.wav,Drepanorhynchus reichenowi,What is the scientific name for the focal species in the audio?,unseen-genus-sci,Xeno-canto,CC BY-NC,XC750220-Golden-winged%20Sunbird_20220412_144410_prepared.flac,"{""recordist"": ""Lars Lachmann"", ""url"": ""https://xeno-canto.org/sounds/uploaded/HEYJSRUDZZ/XC750220-Golden-winged%20Sunbird_20220412_144410_prepared.mp3"", ""source"": ""Xeno-canto"", ""duration"": 19.627875, ""sample_rate"": 16000}",test
8c75c9e4-c5b7-4458-9c4d-94a3b244cc20,/root/animal-omni-kv/data/beans/beans_zero_subset/unseen-genus-sci/8c75c9e4-c5b7-4458-9c4d-94a3b244cc20.wav,Jacamaralcyon tridactyla,What is the scientific name for the focal species in the audio?,unseen-genus-sci,Xeno-canto,CC BY-NC,Jacamaralcyon_tridactyla2_CarmoRJ_07012007.flac,"{""recordist"": ""Ricardo Gagliardi"", ""url"": ""https://xeno-canto.org/sounds/uploaded/YRDADNREOP/Jacamaralcyon_tridactyla2_CarmoRJ_07012007.mp3"", ""source"": ""Xeno-canto"", ""duration"": 24.8946875, ""sample_rate"": 16000}",test
88e3883a-42e4-43ff-a946-6f1e5111c5f0,/root/animal-omni-kv/data/beans/beans_zero_subset/unseen-family-cmn/88e3883a-42e4-43ff-a946-6f1e5111c5f0.wav,Paddy Field Frog,What is the common name for the focal species in the audio?,unseen-family-cmn,iNaturalist,http://creativecommons.org/licenses/by-nc/4.0/,73445.flac,"{""recordist"": ""Max Hsieh(\u96c1\u5b50)"", ""url"": ""https://static.inaturalist.org/sounds/73445.wav?1587664200"", ""source"": ""iNaturalist"", ""exclude_from_release"": true, ""duration"": 10.646375, ""sample_rate"": 16000}",test
665d521b-55ea-43af-a5a1-04cf4d2a5d6b,/root/animal-omni-kv/data/beans/beans_zero_subset/unseen-genus-sci/665d521b-55ea-43af-a5a1-04cf4d2a5d6b.wav,Pachycare flavogriseum,What is the scientific name for the focal species in the audio?,unseen-genus-sci,Xeno-canto,CC BY-NC,XC279328-Pachycare_flavogriseum_subaurantium_Tabubil_9Aug1996_NG2_call.flac,"{""recordist"": ""John V. Moore"", ""url"": ""https://xeno-canto.org/sounds/uploaded/YKKDTZHLUU/XC279328-Pachycare_flavogriseum_subaurantium_Tabubil_9Aug1996_NG2_call.mp3"", ""source"": ""Xeno-canto"", ""duration"": 37.344, ""sample_rate"": 16000}",test
17eefc71-c3e3-4483-a048-5caea746a572,/root/animal-omni-kv/data/beans/beans_zero_subset/unseen-family-sci/17eefc71-c3e3-4483-a048-5caea746a572.wav,Alytes obstetricans,What is the scientific name for the focal species in the audio?,unseen-family-sci,iNaturalist,http://creativecommons.org/licenses/by-nc/4.0/,479035.flac,"{""recordist"": ""Rui Daniel Ferreira"", ""url"": ""https://static.inaturalist.org/sounds/479035.wav?1655887881"", ""source"": ""iNaturalist"", ""exclude_from_release"": true, ""duration"": 17.5398125, ""sample_rate"": 16000}",test
64a8e592-8967-49c5-9fe2-f1ee0c63b1e3,/root/animal-omni-kv/data/beans/beans_zero_subset/unseen-species-cmn/64a8e592-8967-49c5-9fe2-f1ee0c63b1e3.wav,Madagascar Sandgrouse,What is the common name for the focal species in the audio?,unseen-species-cmn,Xeno-canto,CC BY-NC,XC163099-Madagascar%20SandgrouseMG12013.flac,"{""recordist"": ""Mike Nelson"", ""url"": ""https://xeno-canto.org/sounds/uploaded/PWDLINYMKL/XC163099-Madagascar%20SandgrouseMG12013.mp3"", ""source"": ""Xeno-canto"", ""duration"": 6.0081875, ""sample_rate"": 16000}",test
f7944f3f-6f53-45ca-a03e-76c0c3f23065,/root/animal-omni-kv/data/beans/beans_zero_subset/unseen-family-cmn/f7944f3f-6f53-45ca-a03e-76c0c3f23065.wav,Spotted Elachura,What is the common name for the focal species in the audio?,unseen-family-cmn,Xeno-canto,CC BY-NC,XC183105-Spotted%20Wren-Babbler%20_5_.flac,"{""recordist"": ""Jim Holmes"", ""url"": ""https://xeno-canto.org/sounds/uploaded/FIDXCHEYJO/XC183105-Spotted%20Wren-Babbler%20_5_.mp3"", ""source"": ""Xeno-canto"", ""duration"": 21.12, ""sample_rate"": 16000}",test
aecd4535-ebef-438d-811b-1ffb7be5c22e,/root/animal-omni-kv/data/beans/beans_zero_subset/watkins/aecd4535-ebef-438d-811b-1ffb7be5c22e.wav,Walrus,What is the common name for the focal species in the audio?,watkins,Watkins,free for personal/academic uses,72002009.wav,"{""duration"": 9.15315, ""sample_rate"": 20000}",test
205c4e30-4269-44c0-a871-5c12b0f0802f,/root/animal-omni-kv/data/beans/beans_zero_subset/unseen-species-cmn/205c4e30-4269-44c0-a871-5c12b0f0802f.wav,Moustached Woodcreeper,What is the common name for the focal species in the audio?,unseen-species-cmn,Xeno-canto,CC BY-NC,XC707347-Xiphocolaptes%20falcirostris_Peruacu_MIXPRE-356.WAV_E.flac,"{""recordist"": ""GABRIEL LEITE"", ""url"": ""https://xeno-canto.org/sounds/uploaded/TGBFXDVERJ/XC707347-Xiphocolaptes%20falcirostris_Peruacu_MIXPRE-356.WAV_E.mp3"", ""source"": ""Xeno-canto"", ""duration"": 35.064, ""sample_rate"": 16000}",test
015d7e62-b7de-47e5-8a06-9ccc5feaa410,/root/animal-omni-kv/data/beans/beans_zero_subset/unseen-genus-sci/015d7e62-b7de-47e5-8a06-9ccc5feaa410.wav,Vini australis,What is the scientific name for the focal species in the audio?,unseen-genus-sci,Xeno-canto,CC BY-NC,XC110484-2012-07-13_T366_BlueCrownedLorikeet-Vailima-13Uhr51.flac,"{""recordist"": ""Matthias Feuersenger"", ""url"": ""https://xeno-canto.org/sounds/uploaded/HBPYQXTJEV/XC110484-2012-07-13_T366_BlueCrownedLorikeet-Vailima-13Uhr51.mp3"", ""source"": ""Xeno-canto"", ""duration"": 7.862875, ""sample_rate"": 16000}",test
5fec4702-7b61-4a0e-9cc3-ec92ccd76a8f,/root/animal-omni-kv/data/beans/beans_zero_subset/unseen-family-tax/5fec4702-7b61-4a0e-9cc3-ec92ccd76a8f.wav,Chordata Aves Passeriformes Calyptophilidae Calyptophilus frugivorus,What is the taxonomic name of the focal species in the audio?,unseen-family-tax,Xeno-canto,CC BY-NC,XC155626-LS101545.eastern.chat.tanager.benner.2013oct31.flac,"{""recordist"": ""Lance A. M. Benner"", ""url"": ""https://xeno-canto.org/sounds/uploaded/MDZVOPUOXU/XC155626-LS101545.eastern.chat.tanager.benner.2013oct31.mp3"", ""source"": ""Xeno-canto"", ""duration"": 48.0090625, ""sample_rate"": 16000}",test
221eb11f-6302-4d07-ae2e-b400a7d9389c,/root/animal-omni-kv/data/beans/beans_zero_subset/unseen-family-cmn/221eb11f-6302-4d07-ae2e-b400a7d9389c.wav,Paddy Field Frog,What is the common name for the focal species in the audio?,unseen-family-cmn,iNaturalist,http://creativecommons.org/licenses/by-nc/4.0/,561687.flac,"{""recordist"": ""smathichong"", ""url"": ""https://static.inaturalist.org/sounds/561687.m4a?1668121123"", ""source"": ""iNaturalist"", ""exclude_from_release"": true, ""duration"": 30.8825625, ""sample_rate"": 16000}",test
df03a0d1-24bb-4f7f-81a8-c4fe0cda7496,/root/animal-omni-kv/data/beans/beans_zero_subset/watkins/df03a0d1-24bb-4f7f-81a8-c4fe0cda7496.wav,Narwhal,What is the common name for the focal species in the audio?,watkins,Watkins,free for personal/academic uses,75014012.wav,"{""duration"": 1.41796875, ""sample_rate"": 81920}",test
a7d465f6-efa0-44af-8ae6-b6a3aecc10b3,/root/animal-omni-kv/data/beans/beans_zero_subset/watkins/a7d465f6-efa0-44af-8ae6-b6a3aecc10b3.wav,Atlantic Spotted Dolphin,What is the common name for the focal species in the audio?,watkins,Watkins,free for personal/academic uses,6102602T.wav,"{""duration"": 1.7907, ""sample_rate"": 80000}",test
ae3b2a93-da8b-4074-b155-c29373bcce8d,/root/animal-omni-kv/data/beans/beans_zero_subset/unseen-family-cmn/ae3b2a93-da8b-4074-b155-c29373bcce8d.wav,Spotted Elachura,What is the common name for the focal species in the audio?,unseen-family-cmn,Xeno-canto,CC BY-NC,XC304123-Spotted%20Wren-Babbler_Shenglonggu%2CSuichang_20130309_LS110187.flac,"{""recordist"": ""Qin Huang"", ""url"": ""https://xeno-canto.org/sounds/uploaded/UEEVRTITXX/XC304123-Spotted%20Wren-Babbler_Shenglonggu%2CSuichang_20130309_LS110187.mp3"", ""source"": ""Xeno-canto"", ""duration"": 79.008, ""sample_rate"": 16000}",test
4cef0ec0-a225-43f5-8eb7-f04dec006c5f,/root/animal-omni-kv/data/beans/beans_zero_subset/unseen-family-sci/4cef0ec0-a225-43f5-8eb7-f04dec006c5f.wav,Elachura formosa,What is the scientific name for the focal species in the audio?,unseen-family-sci,Xeno-canto,CC BY-NC,XC157919-Spelaeornis_formosus-FL%20song%20nr%20Roing%20Mishmi%20Arunachal%20Pradesh%20c650m%2013Apr13%20LS114226.flac,"{""recordist"": ""Frank Lambert"", ""url"": ""https://xeno-canto.org/sounds/uploaded/YTUXOCTUEM/XC157919-Spelaeornis_formosus-FL%20song%20nr%20Roing%20Mishmi%20Arunachal%20Pradesh%20c650m%2013Apr13%20LS114226.mp3"", ""source"": ""Xeno-canto"", ""duration"": 10.128, ""sample_rate"": 16000}",test
d6491ef4-0c29-4f6c-a0ca-8256ad522bfb,/root/animal-omni-kv/data/beans/beans_zero_subset/unseen-family-sci/d6491ef4-0c29-4f6c-a0ca-8256ad522bfb.wav,Fejervarya limnocharis,What is the scientific name for the focal species in the audio?,unseen-family-sci,iNaturalist,http://creativecommons.org/licenses/by-nc/4.0/,528227.flac,"{""recordist"": ""Hong"", ""url"": ""https://static.inaturalist.org/sounds/528227.m4a?1661780763"", ""source"": ""iNaturalist"", ""exclude_from_release"": true, ""duration"": 24.8685625, ""sample_rate"": 16000}",test
2a8af63c-a534-46c1-8af3-b50ff4010999,/root/animal-omni-kv/data/beans/beans_zero_subset/watkins/2a8af63c-a534-46c1-8af3-b50ff4010999.wav,Atlantic Spotted Dolphin,What is the common name for the focal species in the audio?,watkins,Watkins,free for personal/academic uses,6102603E.wav,"{""duration"": 1.5087, ""sample_rate"": 80000}",test
5fcb632d-0e30-4620-b206-ee497b819f4f,/root/animal-omni-kv/data/beans/beans_zero_subset/unseen-family-sci/5fcb632d-0e30-4620-b206-ee497b819f4f.wav,Phocoena phocoena,What is the scientific name for the focal species in the audio?,unseen-family-sci,Watkins,unknown,6501200J.flac,"{""recordist"": """", ""url"": ""https://cis.whoi.edu/science/B/whalesounds/WhaleSounds/6501200J.wav"", ""source"": ""Watkins"", ""duration"": 1.3073125, ""sample_rate"": 16000}",test
bc1da16e-3cf2-403c-9c38-b424e3179079,/root/animal-omni-kv/data/beans/beans_zero_subset/unseen-family-tax/bc1da16e-3cf2-403c-9c38-b424e3179079.wav,Chordata Aves Passeriformes Elachuridae Elachura formosa,What is the taxonomic name of the focal species in the audio?,unseen-family-tax,Xeno-canto,CC BY-NC,XC304195-Spotted%20Wren-Babbler_Songyang%2CRuoliao_20130405_LS110192.flac,"{""recordist"": ""Qin Huang"", ""url"": ""https://xeno-canto.org/sounds/uploaded/UEEVRTITXX/XC304195-Spotted%20Wren-Babbler_Songyang%2CRuoliao_20130405_LS110192.mp3"", ""source"": ""Xeno-canto"", ""duration"": 60.048, ""sample_rate"": 16000}",test
92277e7c-c141-4c7d-851c-ddf894b1a856,/root/animal-omni-kv/data/beans/beans_zero_subset/unseen-family-tax/92277e7c-c141-4c7d-851c-ddf894b1a856.wav,Chordata Amphibia Anura Alytidae Alytes obstetricans,What is the taxonomic name of the focal species in the audio?,unseen-family-tax,iNaturalist,http://creativecommons.org/licenses/by-nc/4.0/,125679.flac,"{""recordist"": ""joaotomas"", ""url"": ""https://static.inaturalist.org/sounds/125679.wav?1596067714"", ""source"": ""iNaturalist"", ""exclude_from_release"": true, ""duration"": 28.91175, ""sample_rate"": 16000}",test
80507a69-091b-4ca3-a8cd-151cba9f58ef,/root/animal-omni-kv/data/beans/beans_zero_subset/watkins/80507a69-091b-4ca3-a8cd-151cba9f58ef.wav,Atlantic Spotted Dolphin,What is the common name for the focal species in the audio?,watkins,Watkins,free for personal/academic uses,6102604L.wav,"{""duration"": 1.75695, ""sample_rate"": 80000}",test
23f6ecc8-feee-4dbc-b7ac-4e73903f653d,/root/animal-omni-kv/data/beans/beans_zero_subset/unseen-family-cmn/23f6ecc8-feee-4dbc-b7ac-4e73903f653d.wav,Dall's Porpoise,What is the common name for the focal species in the audio?,unseen-family-cmn,Watkins,unknown,7902400B.flac,"{""recordist"": """", ""url"": ""https://cis.whoi.edu/science/B/whalesounds/WhaleSounds/7902400B.wav"", ""source"": ""Watkins"", ""duration"": 1.6488125, ""sample_rate"": 16000}",test
9e2b6bbb-1074-4d6b-a35f-4bbda1a8a761,/root/animal-omni-kv/data/beans/beans_zero_subset/unseen-family-cmn/9e2b6bbb-1074-4d6b-a35f-4bbda1a8a761.wav,Dall's Porpoise,What is the common name for the focal species in the audio?,unseen-family-cmn,Watkins,unknown,7902400N.flac,"{""recordist"": """", ""url"": ""https://cis.whoi.edu/science/B/whalesounds/WhaleSounds/7902400N.wav"", ""source"": ""Watkins"", ""duration"": 0.023, ""sample_rate"": 16000}",test
17b21067-f829-4d67-b1f7-89135b1b974c,/root/animal-omni-kv/data/beans/beans_zero_subset/unseen-family-cmn/17b21067-f829-4d67-b1f7-89135b1b974c.wav,Harbor Porpoise,What is the common name for the focal species in the audio?,unseen-family-cmn,Watkins,unknown,61074001.flac,"{""recordist"": """", ""url"": ""https://cis.whoi.edu/science/B/whalesounds/WhaleSounds/61074001.wav"", ""source"": ""Watkins"", ""duration"": 12.516875, ""sample_rate"": 16000}",test
dbd6efc6-449e-4650-be51-14acb803e25d,/root/animal-omni-kv/data/beans/beans_zero_subset/unseen-family-tax/dbd6efc6-449e-4650-be51-14acb803e25d.wav,Chordata Mammalia Artiodactyla Suidae Hylochoerus meinertzhageni,What is the taxonomic name of the focal species in the audio?,unseen-family-tax,Animal Sound Archive,unknown,Hylochoerus_meinertzhageni_Band1_Cut14_short.flac,"{""recordist"": """", ""url"": ""http://www.tierstimmenarchiv.de/recordings/Hylochoerus_meinertzhageni_Band1_Cut14_short.mp3"", ""source"": ""Animal Sound Archive"", ""duration"": 22.387, ""sample_rate"": 16000}",test
7d3c7739-83bd-4992-a9e1-e08f02af38a9,/root/animal-omni-kv/data/beans/beans_zero_subset/unseen-family-cmn/7d3c7739-83bd-4992-a9e1-e08f02af38a9.wav,Dall's Porpoise,What is the common name for the focal species in the audio?,unseen-family-cmn,Watkins,unknown,79024012.flac,"{""recordist"": """", ""url"": ""https://cis.whoi.edu/science/B/whalesounds/WhaleSounds/79024012.wav"", ""source"": ""Watkins"", ""duration"": 0.037375, ""sample_rate"": 16000}",test
0b45f2da-f7ab-4803-b8be-ba650748d6e1,/root/animal-omni-kv/data/beans/beans_zero_subset/unseen-family-sci/0b45f2da-f7ab-4803-b8be-ba650748d6e1.wav,Phocoena phocoena,What is the scientific name for the focal species in the audio?,unseen-family-sci,Watkins,unknown,61074002.flac,"{""recordist"": """", ""url"": ""https://cis.whoi.edu/science/B/whalesounds/WhaleSounds/61074002.wav"", ""source"": ""Watkins"", ""duration"": 1.3275625, ""sample_rate"": 16000}",test
3f10fe83-ee1d-4fa2-8d21-256eff059600,/root/animal-omni-kv/data/beans/beans_zero_subset/unseen-family-sci/3f10fe83-ee1d-4fa2-8d21-256eff059600.wav,Sus scrofa,What is the scientific name for the focal species in the audio?,unseen-family-sci,iNaturalist,http://creativecommons.org/licenses/by-nc/4.0/,570813.flac,"{""recordist"": ""Erika Rousset"", ""url"": ""https://static.inaturalist.org/sounds/570813.mp3?1670421566"", ""source"": ""iNaturalist"", ""exclude_from_release"": true, ""duration"": 85.942875, ""sample_rate"": 16000}",test
d77f3a35-a7d7-435c-a9d2-374a4c0419e0,/root/animal-omni-kv/data/beans/beans_zero_subset/unseen-family-sci/d77f3a35-a7d7-435c-a9d2-374a4c0419e0.wav,Phocoenoides dalli,What is the scientific name for the focal species in the audio?,unseen-family-sci,Watkins,unknown,79024005.flac,"{""recordist"": """", ""url"": ""https://cis.whoi.edu/science/B/whalesounds/WhaleSounds/79024005.wav"", ""source"": ""Watkins"", ""duration"": 4.019875, ""sample_rate"": 16000}",test
c4ca17dc-d38d-4071-bebf-782ed56b8c04,/root/animal-omni-kv/data/beans/beans_zero_subset/unseen-family-sci/c4ca17dc-d38d-4071-bebf-782ed56b8c04.wav,Sus barbatus,What is the scientific name for the focal species in the audio?,unseen-family-sci,Animal Sound Archive,unknown,Sus_barbatus_V2123_24_short.flac,"{""recordist"": """", ""url"": ""http://www.tierstimmenarchiv.de/recordings/Sus_barbatus_V2123_24_short.mp3"", ""source"": ""Animal Sound Archive"", ""duration"": 21.4204375, ""sample_rate"": 16000}",test
ccf4ff07-830b-4174-8d85-15586c0dd7ce,/root/animal-omni-kv/data/beans/beans_zero_subset/unseen-family-cmn/ccf4ff07-830b-4174-8d85-15586c0dd7ce.wav,Crowned bullfrog,What is the common name for the focal species in the audio?,unseen-family-cmn,iNaturalist,http://creativecommons.org/licenses/by-nc/4.0/,254106.flac,"{""recordist"": ""Louis Beney"", ""url"": ""https://static.inaturalist.org/sounds/254106.mp3?1623753736"", ""source"": ""iNaturalist"", ""exclude_from_release"": true, ""duration"": 15.4654375, ""sample_rate"": 16000}",test
976681e7-b2e3-4636-8609-5bed740ce43f,/root/animal-omni-kv/data/beans/beans_zero_subset/unseen-family-cmn/976681e7-b2e3-4636-8609-5bed740ce43f.wav,East Asian Bullfrog,What is the common name for the focal species in the audio?,unseen-family-cmn,iNaturalist,http://creativecommons.org/licenses/by-nc/4.0/,246286.flac,"{""recordist"": ""Ama\u00ebl Borz\u00e9e"", ""url"": ""https://static.inaturalist.org/sounds/246286.wav?1622987653"", ""source"": ""iNaturalist"", ""exclude_from_release"": true, ""duration"": 14.73925, ""sample_rate"": 16000}",test
a1410b52-aa34-4f3d-bd24-b4233963bc66,/root/animal-omni-kv/data/beans/beans_zero_subset/unseen-family-cmn/a1410b52-aa34-4f3d-bd24-b4233963bc66.wav,Dall's Porpoise,What is the common name for the focal species in the audio?,unseen-family-cmn,Watkins,unknown,7902400F.flac,"{""recordist"": """", ""url"": ""https://cis.whoi.edu/science/B/whalesounds/WhaleSounds/7902400F.wav"", ""source"": ""Watkins"", ""duration"": 0.419, ""sample_rate"": 16000}",test
d27bcaa4-a52d-4496-93d2-8fa4572f4027,/root/animal-omni-kv/data/beans/beans_zero_subset/unseen-family-sci/d27bcaa4-a52d-4496-93d2-8fa4572f4027.wav,Cyphoderris monstrosa,What is the scientific name for the focal species in the audio?,unseen-family-sci,iNaturalist,http://creativecommons.org/publicdomain/zero/1.0/,508155.flac,"{""recordist"": ""Braden J. Judson"", ""url"": ""https://static.inaturalist.org/sounds/508155.m4a?1658896099"", ""source"": ""iNaturalist"", ""exclude_from_release"": true, ""duration"": 17.824, ""sample_rate"": 16000}",test
86f182f0-4714-4b67-85b2-8aa5d2fd208c,/root/animal-omni-kv/data/beans/beans_zero_subset/unseen-family-sci/86f182f0-4714-4b67-85b2-8aa5d2fd208c.wav,Sus scrofa,What is the scientific name for the focal species in the audio?,unseen-family-sci,Animal Sound Archive,unknown,Sus_scrofa_DIG0057_06_short.flac,"{""recordist"": """", ""url"": ""http://www.tierstimmenarchiv.de/recordings/Sus_scrofa_DIG0057_06_short.mp3"", ""source"": ""Animal Sound Archive"", ""duration"": 6.7135, ""sample_rate"": 16000}",test
341d3e04-cd89-4e3c-9d01-2b63261c08f3,/root/animal-omni-kv/data/beans/beans_zero_subset/unseen-family-sci/341d3e04-cd89-4e3c-9d01-2b63261c08f3.wav,Alytes obstetricans,What is the scientific name for the focal species in the audio?,unseen-family-sci,iNaturalist,http://creativecommons.org/licenses/by-nc/4.0/,221044.flac,"{""recordist"": ""Manou Pfeiffenschneider"", ""url"": ""https://static.inaturalist.org/sounds/221044.wav?1621020600"", ""source"": ""iNaturalist"", ""exclude_from_release"": true, ""duration"": 9.9961875, ""sample_rate"": 16000}",test
b2b7a288-31a2-432d-a904-86602bd8e639,/root/animal-omni-kv/data/beans/beans_zero_subset/unseen-family-cmn/b2b7a288-31a2-432d-a904-86602bd8e639.wav,Harbor Porpoise,What is the common name for the focal species in the audio?,unseen-family-cmn,Watkins,unknown,65012009.flac,"{""recordist"": """", ""url"": ""https://cis.whoi.edu/science/B/whalesounds/WhaleSounds/65012009.wav"", ""source"": ""Watkins"", ""duration"": 0.6433125, ""sample_rate"": 16000}",test
b18a602a-05bf-4b42-9365-4f25913f20f8,/root/animal-omni-kv/data/beans/beans_zero_subset/unseen-family-sci/b18a602a-05bf-4b42-9365-4f25913f20f8.wav,Alytes obstetricans,What is the scientific name for the focal species in the audio?,unseen-family-sci,iNaturalist,http://creativecommons.org/publicdomain/zero/1.0/,487466.flac,"{""recordist"": ""Oriol Sastre"", ""url"": ""https://static.inaturalist.org/sounds/487466.wav?1656665499"", ""source"": ""iNaturalist"", ""exclude_from_release"": true, ""duration"": 26.708, ""sample_rate"": 16000}",test
9707254e-ca96-4994-86ff-a004a220c0c1,/root/animal-omni-kv/data/beans/beans_zero_subset/unseen-family-sci/9707254e-ca96-4994-86ff-a004a220c0c1.wav,Alytes obstetricans,What is the scientific name for the focal species in the audio?,unseen-family-sci,iNaturalist,http://creativecommons.org/licenses/by-nc/4.0/,179984.flac,"{""recordist"": ""marine_b89"", ""url"": ""https://static.inaturalist.org/sounds/179984.m4a?1617224479"", ""source"": ""iNaturalist"", ""exclude_from_release"": true, ""duration"": 26.3546875, ""sample_rate"": 16000}",test
0508bde2-0c92-4353-8123-028a65dde167,/root/animal-omni-kv/data/beans/beans_zero_subset/unseen-family-sci/0508bde2-0c92-4353-8123-028a65dde167.wav,Elachura formosa,What is the scientific name for the focal species in the audio?,unseen-family-sci,Xeno-canto,CC BY-NC,XC629563-High-pitched%20sound.flac,"{""recordist"": ""Wenyi Zhou"", ""url"": ""https://xeno-canto.org/sounds/uploaded/HZUMAGCNUY/XC629563-High-pitched%20sound.mp3"", ""source"": ""Xeno-canto"", ""duration"": 31.944, ""sample_rate"": 16000}",test
a7504a95-6fbe-43a9-a747-1d1c1f8158fd,/root/animal-omni-kv/data/beans/beans_zero_subset/unseen-family-cmn/a7504a95-6fbe-43a9-a747-1d1c1f8158fd.wav,Lesser Spiny Frog,What is the common name for the focal species in the audio?,unseen-family-cmn,iNaturalist,http://creativecommons.org/licenses/by-nc/4.0/,36816.flac,"{""recordist"": ""John Clough"", ""url"": ""https://static.inaturalist.org/sounds/36816.wav?1556633009"", ""source"": ""iNaturalist"", ""exclude_from_release"": true, ""duration"": 21.935, ""sample_rate"": 16000}",test
bdb5c4ff-988b-4fe2-84dd-bb4c912b68e9,/root/animal-omni-kv/data/beans/beans_zero_subset/unseen-family-cmn/bdb5c4ff-988b-4fe2-84dd-bb4c912b68e9.wav,Dall's Porpoise,What is the common name for the focal species in the audio?,unseen-family-cmn,Watkins,unknown,79024015.flac,"{""recordist"": """", ""url"": ""https://cis.whoi.edu/science/B/whalesounds/WhaleSounds/79024015.wav"", ""source"": ""Watkins"", ""duration"": 0.0420625, ""sample_rate"": 16000}",test
94b571c1-e5f3-45c3-ac88-072079e4f9d2,/root/animal-omni-kv/data/beans/beans_zero_subset/unseen-family-cmn/94b571c1-e5f3-45c3-ac88-072079e4f9d2.wav,Dall's Porpoise,What is the common name for the focal species in the audio?,unseen-family-cmn,Watkins,unknown,79024010.flac,"{""recordist"": """", ""url"": ""https://cis.whoi.edu/science/B/whalesounds/WhaleSounds/79024010.wav"", ""source"": ""Watkins"", ""duration"": 0.018, ""sample_rate"": 16000}",test
2868bd28-7a37-421a-bb84-f8d808ce96c2,/root/animal-omni-kv/data/beans/beans_zero_subset/watkins/2868bd28-7a37-421a-bb84-f8d808ce96c2.wav,"Beluga, White Whale",What is the common name for the focal species in the audio?,watkins,Watkins,free for personal/academic uses,6202200F.wav,"{""duration"": 1.549075, ""sample_rate"": 80000}",test
5c6034d2-5d3d-4990-aa86-a2de1dd35ba2,/root/animal-omni-kv/data/beans/beans_zero_subset/watkins/5c6034d2-5d3d-4990-aa86-a2de1dd35ba2.wav,Bearded Seal,What is the common name for the focal species in the audio?,watkins,Watkins,free for personal/academic uses,78018005.wav,"{""duration"": 11.34375, ""sample_rate"": 10240}",test
82422f0b-45f9-4822-8381-58593183f07b,/root/animal-omni-kv/data/beans/beans_zero_subset/unseen-family-sci/82422f0b-45f9-4822-8381-58593183f07b.wav,Hylochoerus meinertzhageni,What is the scientific name for the focal species in the audio?,unseen-family-sci,Animal Sound Archive,unknown,Hylochoerus_meinertzhageni_Band1_Cut10_short.flac,"{""recordist"": """", ""url"": ""http://www.tierstimmenarchiv.de/recordings/Hylochoerus_meinertzhageni_Band1_Cut10_short.mp3"", ""source"": ""Animal Sound Archive"", ""duration"": 20.1665625, ""sample_rate"": 16000}",test
a95a2282-4051-4a69-a28d-e38d848d92cc,/root/animal-omni-kv/data/beans/beans_zero_subset/watkins/a95a2282-4051-4a69-a28d-e38d848d92cc.wav,Northern Right Whale,What is the common name for the focal species in the audio?,watkins,Watkins,free for personal/academic uses,5601700O.wav,"{""duration"": 2.7754901960784313, ""sample_rate"": 10200}",test
00a677f3-7331-4e65-87b8-bbddc2f31d8d,/root/animal-omni-kv/data/beans/beans_zero_subset/unseen-family-cmn/00a677f3-7331-4e65-87b8-bbddc2f31d8d.wav,Dall's Porpoise,What is the common name for the focal species in the audio?,unseen-family-cmn,Watkins,unknown,7902400W.flac,"{""recordist"": """", ""url"": ""https://cis.whoi.edu/science/B/whalesounds/WhaleSounds/7902400W.wav"", ""source"": ""Watkins"", ""duration"": 0.01675, ""sample_rate"": 16000}",test
d55e62bb-2f12-4d49-8248-533e84242ca6,/root/animal-omni-kv/data/beans/beans_zero_subset/unseen-family-sci/d55e62bb-2f12-4d49-8248-533e84242ca6.wav,Babyrousa babyrussa,What is the scientific name for the focal species in the audio?,unseen-family-sci,Animal Sound Archive,unknown,Babyrousa_babyrussa_V2037_01_short.flac,"{""recordist"": """", ""url"": ""http://www.tierstimmenarchiv.de/recordings/Babyrousa_babyrussa_V2037_01_short.mp3"", ""source"": ""Animal Sound Archive"", ""duration"": 8.7249375, ""sample_rate"": 16000}",test
623269a4-d183-49ad-a2b3-93833a24f8f9,/root/animal-omni-kv/data/beans/beans_zero_subset/watkins/623269a4-d183-49ad-a2b3-93833a24f8f9.wav,Humpback Whale,What is the common name for the focal species in the audio?,watkins,Watkins,free for personal/academic uses,6301901D.wav,"{""duration"": 9.578523489932886, ""sample_rate"": 14900}",test
ddb2ca2e-7c7f-4702-85fa-fdcf4e54fd39,/root/animal-omni-kv/data/beans/beans_zero_subset/watkins/ddb2ca2e-7c7f-4702-85fa-fdcf4e54fd39.wav,Striped Dolphin,What is the common name for the focal species in the audio?,watkins,Watkins,free for personal/academic uses,5801101O.wav,"{""duration"": 24.92483498349835, ""sample_rate"": 60600}",test
2f1d9463-c0b5-4c61-b53c-34a8bfd1cbe4,/root/animal-omni-kv/data/beans/beans_zero_subset/watkins/2f1d9463-c0b5-4c61-b53c-34a8bfd1cbe4.wav,Short-Finned Pacific Pilot Whale,What is the common name for the focal species in the audio?,watkins,Watkins,free for personal/academic uses,91005012.wav,"{""duration"": 1.462875, ""sample_rate"": 40000}",test
cf40f4c5-950a-402d-9606-f6e9b9905ebd,/root/animal-omni-kv/data/beans/beans_zero_subset/unseen-family-sci/cf40f4c5-950a-402d-9606-f6e9b9905ebd.wav,Elachura formosa,What is the scientific name for the focal species in the audio?,unseen-family-sci,Xeno-canto,CC BY-NC,XC705819-211014_0842.flac,"{""recordist"": ""\u9ec4\u4e16\u6842shigui huang"", ""url"": ""https://xeno-canto.org/sounds/uploaded/HDATMURICC/XC705819-211014_0842.mp3"", ""source"": ""Xeno-canto"", ""duration"": 56.0065625, ""sample_rate"": 16000}",test
d7b63b48-64db-4076-abfc-e39932de5371,/root/animal-omni-kv/data/beans/beans_zero_subset/unseen-family-sci/d7b63b48-64db-4076-abfc-e39932de5371.wav,Minervarya rufescens,What is the scientific name for the focal species in the audio?,unseen-family-sci,iNaturalist,http://creativecommons.org/licenses/by/4.0/,85099.flac,"{""recordist"": ""Firos AK"", ""url"": ""https://static.inaturalist.org/sounds/85099.mpga?1588951370"", ""source"": ""iNaturalist"", ""exclude_from_release"": true, ""duration"": 12.24275, ""sample_rate"": 16000}",test
a896e069-e49a-4019-9474-c42c33c330c2,/root/animal-omni-kv/data/beans/beans_zero_subset/watkins/a896e069-e49a-4019-9474-c42c33c330c2.wav,Striped Dolphin,What is the common name for the focal species in the audio?,watkins,Watkins,free for personal/academic uses,58011004.wav,"{""duration"": 0.9507590759075908, ""sample_rate"": 60600}",test
ba6f6fea-ec4a-4429-87fa-f72967629a5a,/root/animal-omni-kv/data/beans/beans_zero_subset/watkins/ba6f6fea-ec4a-4429-87fa-f72967629a5a.wav,Short-Finned Pacific Pilot Whale,What is the common name for the focal species in the audio?,watkins,Watkins,free for personal/academic uses,57021005.wav,"{""duration"": 6.209266666666666, ""sample_rate"": 30000}",test
edd7c138-0656-43db-aa6e-c45d59df7ec7,/root/animal-omni-kv/data/beans/beans_zero_subset/watkins/edd7c138-0656-43db-aa6e-c45d59df7ec7.wav,White-beaked Dolphin,What is the common name for the focal species in the audio?,watkins,Watkins,free for personal/academic uses,5903700Y.wav,"{""duration"": 1.9467821782178218, ""sample_rate"": 60600}",test
4034d06b-c09c-4f79-a16b-05b3bdf75d74,/root/animal-omni-kv/data/beans/beans_zero_subset/watkins/4034d06b-c09c-4f79-a16b-05b3bdf75d74.wav,Frasers Dolphin,What is the common name for the focal species in the audio?,watkins,Watkins,free for personal/academic uses,91010028.wav,"{""duration"": 12.945742574257427, ""sample_rate"": 60600}",test
531f6b93-ab2b-40ba-9518-901781139df1,/root/animal-omni-kv/data/beans/beans_zero_subset/watkins/531f6b93-ab2b-40ba-9518-901781139df1.wav,Spinner Dolphin,What is the common name for the focal species in the audio?,watkins,Watkins,free for personal/academic uses,7100401G.wav,"{""duration"": 1.04425, ""sample_rate"": 80000}",test
