event_id,audio_path,label,recording_id,provenance,expert_votes,condition,control_source_event_id
108998,/root/animal-omni-kv/data/marmaudio/expert_interventions/full_0-8k/108998.wav,Phee,2022_2_4,four_experts_unanimous_affirmative,Yes|Yes|Yes|Yes,full_0-8k,108998
108998,/root/animal-omni-kv/data/marmaudio/controls/lp_0-1000_rms_matched/108998.wav,Phee,2022_2_4,four_experts_unanimous_affirmative,Yes|Yes|Yes|Yes,lp_0-1000_rms_matched,108998
108998,/root/animal-omni-kv/data/marmaudio/controls/lp_0-2000_rms_matched/108998.wav,Phee,2022_2_4,four_experts_unanimous_affirmative,Yes|Yes|Yes|Yes,lp_0-2000_rms_matched,108998
108998,/root/animal-omni-kv/data/marmaudio/controls/lp_0-4000_rms_matched/108998.wav,Phee,2022_2_4,four_experts_unanimous_affirmative,Yes|Yes|Yes|Yes,lp_0-4000_rms_matched,108998
108998,/root/animal-omni-kv/data/marmaudio/expert_interventions/full_0-8k/211832.wav,Phee,2022_2_4,four_experts_unanimous_affirmative,Yes|Yes|Yes|Yes,shuffled_audio,211832
108998,/root/animal-omni-kv/data/marmaudio/controls/silence/108998.wav,Phee,2022_2_4,four_experts_unanimous_affirmative,Yes|Yes|Yes|Yes,silence,108998
110359,/root/animal-omni-kv/data/marmaudio/expert_interventions/full_0-8k/110359.wav,Tsik,2022_2_4,four_experts_unanimous_affirmative,Yes|Yes|Yes|Yes,full_0-8k,110359
110359,/root/animal-omni-kv/data/marmaudio/controls/lp_0-1000_rms_matched/110359.wav,Tsik,2022_2_4,four_experts_unanimous_affirmative,Yes|Yes|Yes|Yes,lp_0-1000_rms_matched,110359
110359,/root/animal-omni-kv/data/marmaudio/controls/lp_0-2000_rms_matched/110359.wav,Tsik,2022_2_4,four_experts_unanimous_affirmative,Yes|Yes|Yes|Yes,lp_0-2000_rms_matched,110359
110359,/root/animal-omni-kv/data/marmaudio/controls/lp_0-4000_rms_matched/110359.wav,Tsik,2022_2_4,four_experts_unanimous_affirmative,Yes|Yes|Yes|Yes,lp_0-4000_rms_matched,110359
110359,/root/animal-omni-kv/data/marmaudio/expert_interventions/full_0-8k/137886.wav,Tsik,2022_2_4,four_experts_unanimous_affirmative,Yes|Yes|Yes|Yes,shuffled_audio,137886
110359,/root/animal-omni-kv/data/marmaudio/controls/silence/110359.wav,Tsik,2022_2_4,four_experts_unanimous_affirmative,Yes|Yes|Yes|Yes,silence,110359
110581,/root/animal-omni-kv/data/marmaudio/expert_interventions/full_0-8k/110581.wav,Tsik,2022_2_4,four_experts_unanimous_affirmative,Yes|Yes|Yes|Yes,full_0-8k,110581
110581,/root/animal-omni-kv/data/marmaudio/controls/lp_0-1000_rms_matched/110581.wav,Tsik,2022_2_4,four_experts_unanimous_affirmative,Yes|Yes|Yes|Yes,lp_0-1000_rms_matched,110581
110581,/root/animal-omni-kv/data/marmaudio/controls/lp_0-2000_rms_matched/110581.wav,Tsik,2022_2_4,four_experts_unanimous_affirmative,Yes|Yes|Yes|Yes,lp_0-2000_rms_matched,110581
110581,/root/animal-omni-kv/data/marmaudio/controls/lp_0-4000_rms_matched/110581.wav,Tsik,2022_2_4,four_experts_unanimous_affirmative,Yes|Yes|Yes|Yes,lp_0-4000_rms_matched,110581
110581,/root/animal-omni-kv/data/marmaudio/expert_interventions/full_0-8k/166603.wav,Tsik,2022_2_4,four_experts_unanimous_affirmative,Yes|Yes|Yes|Yes,shuffled_audio,166603
110581,/root/animal-omni-kv/data/marmaudio/controls/silence/110581.wav,Tsik,2022_2_4,four_experts_unanimous_affirmative,Yes|Yes|Yes|Yes,silence,110581
122742,/root/animal-omni-kv/data/marmaudio/expert_interventions/full_0-8k/122742.wav,Tsik,2022_2_6,four_experts_unanimous_affirmative,Yes|Yes|Yes|Yes,full_0-8k,122742
122742,/root/animal-omni-kv/data/marmaudio/controls/lp_0-1000_rms_matched/122742.wav,Tsik,2022_2_6,four_experts_unanimous_affirmative,Yes|Yes|Yes|Yes,lp_0-1000_rms_matched,122742
122742,/root/animal-omni-kv/data/marmaudio/controls/lp_0-2000_rms_matched/122742.wav,Tsik,2022_2_6,four_experts_unanimous_affirmative,Yes|Yes|Yes|Yes,lp_0-2000_rms_matched,122742
122742,/root/animal-omni-kv/data/marmaudio/controls/lp_0-4000_rms_matched/122742.wav,Tsik,2022_2_6,four_experts_unanimous_affirmative,Yes|Yes|Yes|Yes,lp_0-4000_rms_matched,122742
122742,/root/animal-omni-kv/data/marmaudio/expert_interventions/full_0-8k/174653.wav,Tsik,2022_2_6,four_experts_unanimous_affirmative,Yes|Yes|Yes|Yes,shuffled_audio,174653
122742,/root/animal-omni-kv/data/marmaudio/controls/silence/122742.wav,Tsik,2022_2_6,four_experts_unanimous_affirmative,Yes|Yes|Yes|Yes,silence,122742
137886,/root/animal-omni-kv/data/marmaudio/expert_interventions/full_0-8k/137886.wav,Twitter,2022_2_7,four_experts_unanimous_affirmative,Yes|Yes|Yes|Yes,full_0-8k,137886
137886,/root/animal-omni-kv/data/marmaudio/controls/lp_0-1000_rms_matched/137886.wav,Twitter,2022_2_7,four_experts_unanimous_affirmative,Yes|Yes|Yes|Yes,lp_0-1000_rms_matched,137886
137886,/root/animal-omni-kv/data/marmaudio/controls/lp_0-2000_rms_matched/137886.wav,Twitter,2022_2_7,four_experts_unanimous_affirmative,Yes|Yes|Yes|Yes,lp_0-2000_rms_matched,137886
137886,/root/animal-omni-kv/data/marmaudio/controls/lp_0-4000_rms_matched/137886.wav,Twitter,2022_2_7,four_experts_unanimous_affirmative,Yes|Yes|Yes|Yes,lp_0-4000_rms_matched,137886
137886,/root/animal-omni-kv/data/marmaudio/expert_interventions/full_0-8k/193131.wav,Twitter,2022_2_7,four_experts_unanimous_affirmative,Yes|Yes|Yes|Yes,shuffled_audio,193131
137886,/root/animal-omni-kv/data/marmaudio/controls/silence/137886.wav,Twitter,2022_2_7,four_experts_unanimous_affirmative,Yes|Yes|Yes|Yes,silence,137886
143307,/root/animal-omni-kv/data/marmaudio/expert_interventions/full_0-8k/143307.wav,Tsik,2022_2_8,four_experts_unanimous_affirmative,Yes|Yes|Yes|Yes,full_0-8k,143307
143307,/root/animal-omni-kv/data/marmaudio/controls/lp_0-1000_rms_matched/143307.wav,Tsik,2022_2_8,four_experts_unanimous_affirmative,Yes|Yes|Yes|Yes,lp_0-1000_rms_matched,143307
143307,/root/animal-omni-kv/data/marmaudio/controls/lp_0-2000_rms_matched/143307.wav,Tsik,2022_2_8,four_experts_unanimous_affirmative,Yes|Yes|Yes|Yes,lp_0-2000_rms_matched,143307
143307,/root/animal-omni-kv/data/marmaudio/controls/lp_0-4000_rms_matched/143307.wav,Tsik,2022_2_8,four_experts_unanimous_affirmative,Yes|Yes|Yes|Yes,lp_0-4000_rms_matched,143307
143307,/root/animal-omni-kv/data/marmaudio/expert_interventions/full_0-8k/211769.wav,Tsik,2022_2_8,four_experts_unanimous_affirmative,Yes|Yes|Yes|Yes,shuffled_audio,211769
143307,/root/animal-omni-kv/data/marmaudio/controls/silence/143307.wav,Tsik,2022_2_8,four_experts_unanimous_affirmative,Yes|Yes|Yes|Yes,silence,143307
161850,/root/animal-omni-kv/data/marmaudio/expert_interventions/full_0-8k/161850.wav,Trill,2022_3_1,four_experts_unanimous_affirmative,Yes|Yes|Yes|Yes,full_0-8k,161850
161850,/root/animal-omni-kv/data/marmaudio/controls/lp_0-1000_rms_matched/161850.wav,Trill,2022_3_1,four_experts_unanimous_affirmative,Yes|Yes|Yes|Yes,lp_0-1000_rms_matched,161850
161850,/root/animal-omni-kv/data/marmaudio/controls/lp_0-2000_rms_matched/161850.wav,Trill,2022_3_1,four_experts_unanimous_affirmative,Yes|Yes|Yes|Yes,lp_0-2000_rms_matched,161850
161850,/root/animal-omni-kv/data/marmaudio/controls/lp_0-4000_rms_matched/161850.wav,Trill,2022_3_1,four_experts_unanimous_affirmative,Yes|Yes|Yes|Yes,lp_0-4000_rms_matched,161850
161850,/root/animal-omni-kv/data/marmaudio/expert_interventions/full_0-8k/110359.wav,Trill,2022_3_1,four_experts_unanimous_affirmative,Yes|Yes|Yes|Yes,shuffled_audio,110359
161850,/root/animal-omni-kv/data/marmaudio/controls/silence/161850.wav,Trill,2022_3_1,four_experts_unanimous_affirmative,Yes|Yes|Yes|Yes,silence,161850
166603,/root/animal-omni-kv/data/marmaudio/expert_interventions/full_0-8k/166603.wav,Twitter,2022_3_1,four_experts_unanimous_affirmative,Yes|Yes|Yes|Yes,full_0-8k,166603
166603,/root/animal-omni-kv/data/marmaudio/controls/lp_0-1000_rms_matched/166603.wav,Twitter,2022_3_1,four_experts_unanimous_affirmative,Yes|Yes|Yes|Yes,lp_0-1000_rms_matched,166603
166603,/root/animal-omni-kv/data/marmaudio/controls/lp_0-2000_rms_matched/166603.wav,Twitter,2022_3_1,four_experts_unanimous_affirmative,Yes|Yes|Yes|Yes,lp_0-2000_rms_matched,166603
166603,/root/animal-omni-kv/data/marmaudio/controls/lp_0-4000_rms_matched/166603.wav,Twitter,2022_3_1,four_experts_unanimous_affirmative,Yes|Yes|Yes|Yes,lp_0-4000_rms_matched,166603
166603,/root/animal-omni-kv/data/marmaudio/expert_interventions/full_0-8k/213327.wav,Twitter,2022_3_1,four_experts_unanimous_affirmative,Yes|Yes|Yes|Yes,shuffled_audio,213327
166603,/root/animal-omni-kv/data/marmaudio/controls/silence/166603.wav,Twitter,2022_3_1,four_experts_unanimous_affirmative,Yes|Yes|Yes|Yes,silence,166603
170858,/root/animal-omni-kv/data/marmaudio/expert_interventions/full_0-8k/170858.wav,Tsik,2022_3_1,four_experts_unanimous_affirmative,Yes|Yes|Yes|Yes,full_0-8k,170858
170858,/root/animal-omni-kv/data/marmaudio/controls/lp_0-1000_rms_matched/170858.wav,Tsik,2022_3_1,four_experts_unanimous_affirmative,Yes|Yes|Yes|Yes,lp_0-1000_rms_matched,170858
170858,/root/animal-omni-kv/data/marmaudio/controls/lp_0-2000_rms_matched/170858.wav,Tsik,2022_3_1,four_experts_unanimous_affirmative,Yes|Yes|Yes|Yes,lp_0-2000_rms_matched,170858
170858,/root/animal-omni-kv/data/marmaudio/controls/lp_0-4000_rms_matched/170858.wav,Tsik,2022_3_1,four_experts_unanimous_affirmative,Yes|Yes|Yes|Yes,lp_0-4000_rms_matched,170858
170858,/root/animal-omni-kv/data/marmaudio/expert_interventions/full_0-8k/223149.wav,Tsik,2022_3_1,four_experts_unanimous_affirmative,Yes|Yes|Yes|Yes,shuffled_audio,223149
170858,/root/animal-omni-kv/data/marmaudio/controls/silence/170858.wav,Tsik,2022_3_1,four_experts_unanimous_affirmative,Yes|Yes|Yes|Yes,silence,170858
172015,/root/animal-omni-kv/data/marmaudio/expert_interventions/full_0-8k/172015.wav,Trill,2022_3_1,four_experts_unanimous_affirmative,Yes|Yes|Yes|Yes,full_0-8k,172015
172015,/root/animal-omni-kv/data/marmaudio/controls/lp_0-1000_rms_matched/172015.wav,Trill,2022_3_1,four_experts_unanimous_affirmative,Yes|Yes|Yes|Yes,lp_0-1000_rms_matched,172015
172015,/root/animal-omni-kv/data/marmaudio/controls/lp_0-2000_rms_matched/172015.wav,Trill,2022_3_1,four_experts_unanimous_affirmative,Yes|Yes|Yes|Yes,lp_0-2000_rms_matched,172015
172015,/root/animal-omni-kv/data/marmaudio/controls/lp_0-4000_rms_matched/172015.wav,Trill,2022_3_1,four_experts_unanimous_affirmative,Yes|Yes|Yes|Yes,lp_0-4000_rms_matched,172015
172015,/root/animal-omni-kv/data/marmaudio/expert_interventions/full_0-8k/110581.wav,Trill,2022_3_1,four_experts_unanimous_affirmative,Yes|Yes|Yes|Yes,shuffled_audio,110581
172015,/root/animal-omni-kv/data/marmaudio/controls/silence/172015.wav,Trill,2022_3_1,four_experts_unanimous_affirmative,Yes|Yes|Yes|Yes,silence,172015
174653,/root/animal-omni-kv/data/marmaudio/expert_interventions/full_0-8k/174653.wav,Twitter,2022_3_2,four_experts_unanimous_affirmative,Yes|Yes|Yes|Yes,full_0-8k,174653
174653,/root/animal-omni-kv/data/marmaudio/controls/lp_0-1000_rms_matched/174653.wav,Twitter,2022_3_2,four_experts_unanimous_affirmative,Yes|Yes|Yes|Yes,lp_0-1000_rms_matched,174653
174653,/root/animal-omni-kv/data/marmaudio/controls/lp_0-2000_rms_matched/174653.wav,Twitter,2022_3_2,four_experts_unanimous_affirmative,Yes|Yes|Yes|Yes,lp_0-2000_rms_matched,174653
174653,/root/animal-omni-kv/data/marmaudio/controls/lp_0-4000_rms_matched/174653.wav,Twitter,2022_3_2,four_experts_unanimous_affirmative,Yes|Yes|Yes|Yes,lp_0-4000_rms_matched,174653
174653,/root/animal-omni-kv/data/marmaudio/expert_interventions/full_0-8k/223077.wav,Twitter,2022_3_2,four_experts_unanimous_affirmative,Yes|Yes|Yes|Yes,shuffled_audio,223077
174653,/root/animal-omni-kv/data/marmaudio/controls/silence/174653.wav,Twitter,2022_3_2,four_experts_unanimous_affirmative,Yes|Yes|Yes|Yes,silence,174653
193131,/root/animal-omni-kv/data/marmaudio/expert_interventions/full_0-8k/193131.wav,Infant Cry,2022_3_3,four_experts_unanimous_affirmative,Yes|Yes|Yes|Yes,full_0-8k,193131
193131,/root/animal-omni-kv/data/marmaudio/controls/lp_0-1000_rms_matched/193131.wav,Infant Cry,2022_3_3,four_experts_unanimous_affirmative,Yes|Yes|Yes|Yes,lp_0-1000_rms_matched,193131
193131,/root/animal-omni-kv/data/marmaudio/controls/lp_0-2000_rms_matched/193131.wav,Infant Cry,2022_3_3,four_experts_unanimous_affirmative,Yes|Yes|Yes|Yes,lp_0-2000_rms_matched,193131
193131,/root/animal-omni-kv/data/marmaudio/controls/lp_0-4000_rms_matched/193131.wav,Infant Cry,2022_3_3,four_experts_unanimous_affirmative,Yes|Yes|Yes|Yes,lp_0-4000_rms_matched,193131
193131,/root/animal-omni-kv/data/marmaudio/expert_interventions/full_0-8k/108998.wav,Infant Cry,2022_3_3,four_experts_unanimous_affirmative,Yes|Yes|Yes|Yes,shuffled_audio,108998
193131,/root/animal-omni-kv/data/marmaudio/controls/silence/193131.wav,Infant Cry,2022_3_3,four_experts_unanimous_affirmative,Yes|Yes|Yes|Yes,silence,193131
195490,/root/animal-omni-kv/data/marmaudio/expert_interventions/full_0-8k/195490.wav,Trill,2022_4_0,four_experts_unanimous_affirmative,Yes|Yes|Yes|Yes,full_0-8k,195490
195490,/root/animal-omni-kv/data/marmaudio/controls/lp_0-1000_rms_matched/195490.wav,Trill,2022_4_0,four_experts_unanimous_affirmative,Yes|Yes|Yes|Yes,lp_0-1000_rms_matched,195490
195490,/root/animal-omni-kv/data/marmaudio/controls/lp_0-2000_rms_matched/195490.wav,Trill,2022_4_0,four_experts_unanimous_affirmative,Yes|Yes|Yes|Yes,lp_0-2000_rms_matched,195490
195490,/root/animal-omni-kv/data/marmaudio/controls/lp_0-4000_rms_matched/195490.wav,Trill,2022_4_0,four_experts_unanimous_affirmative,Yes|Yes|Yes|Yes,lp_0-4000_rms_matched,195490
195490,/root/animal-omni-kv/data/marmaudio/expert_interventions/full_0-8k/122742.wav,Trill,2022_4_0,four_experts_unanimous_affirmative,Yes|Yes|Yes|Yes,shuffled_audio,122742
195490,/root/animal-omni-kv/data/marmaudio/controls/silence/195490.wav,Trill,2022_4_0,four_experts_unanimous_affirmative,Yes|Yes|Yes|Yes,silence,195490
202978,/root/animal-omni-kv/data/marmaudio/expert_interventions/full_0-8k/202978.wav,Phee,2022_3_4,four_experts_unanimous_affirmative,Yes|Yes|Yes|Yes,full_0-8k,202978
202978,/root/animal-omni-kv/data/marmaudio/controls/lp_0-1000_rms_matched/202978.wav,Phee,2022_3_4,four_experts_unanimous_affirmative,Yes|Yes|Yes|Yes,lp_0-1000_rms_matched,202978
202978,/root/animal-omni-kv/data/marmaudio/controls/lp_0-2000_rms_matched/202978.wav,Phee,2022_3_4,four_experts_unanimous_affirmative,Yes|Yes|Yes|Yes,lp_0-2000_rms_matched,202978
202978,/root/animal-omni-kv/data/marmaudio/controls/lp_0-4000_rms_matched/202978.wav,Phee,2022_3_4,four_experts_unanimous_affirmative,Yes|Yes|Yes|Yes,lp_0-4000_rms_matched,202978
202978,/root/animal-omni-kv/data/marmaudio/expert_interventions/full_0-8k/211974.wav,Phee,2022_3_4,four_experts_unanimous_affirmative,Yes|Yes|Yes|Yes,shuffled_audio,211974
202978,/root/animal-omni-kv/data/marmaudio/controls/silence/202978.wav,Phee,2022_3_4,four_experts_unanimous_affirmative,Yes|Yes|Yes|Yes,silence,202978
209834,/root/animal-omni-kv/data/marmaudio/expert_interventions/full_0-8k/209834.wav,Tsik,2022_12_0,four_experts_unanimous_affirmative,Yes|Yes|Yes|Yes,full_0-8k,209834
209834,/root/animal-omni-kv/data/marmaudio/controls/lp_0-1000_rms_matched/209834.wav,Tsik,2022_12_0,four_experts_unanimous_affirmative,Yes|Yes|Yes|Yes,lp_0-1000_rms_matched,209834
209834,/root/animal-omni-kv/data/marmaudio/controls/lp_0-2000_rms_matched/209834.wav,Tsik,2022_12_0,four_experts_unanimous_affirmative,Yes|Yes|Yes|Yes,lp_0-2000_rms_matched,209834
209834,/root/animal-omni-kv/data/marmaudio/controls/lp_0-4000_rms_matched/209834.wav,Tsik,2022_12_0,four_experts_unanimous_affirmative,Yes|Yes|Yes|Yes,lp_0-4000_rms_matched,209834
209834,/root/animal-omni-kv/data/marmaudio/expert_interventions/full_0-8k/227303.wav,Tsik,2022_12_0,four_experts_unanimous_affirmative,Yes|Yes|Yes|Yes,shuffled_audio,227303
209834,/root/animal-omni-kv/data/marmaudio/controls/silence/209834.wav,Tsik,2022_12_0,four_experts_unanimous_affirmative,Yes|Yes|Yes|Yes,silence,209834
209838,/root/animal-omni-kv/data/marmaudio/expert_interventions/full_0-8k/209838.wav,Tsik,2022_12_0,four_experts_unanimous_affirmative,Yes|Yes|Yes|Yes,full_0-8k,209838
209838,/root/animal-omni-kv/data/marmaudio/controls/lp_0-1000_rms_matched/209838.wav,Tsik,2022_12_0,four_experts_unanimous_affirmative,Yes|Yes|Yes|Yes,lp_0-1000_rms_matched,209838
209838,/root/animal-omni-kv/data/marmaudio/controls/lp_0-2000_rms_matched/209838.wav,Tsik,2022_12_0,four_experts_unanimous_affirmative,Yes|Yes|Yes|Yes,lp_0-2000_rms_matched,209838
209838,/root/animal-omni-kv/data/marmaudio/controls/lp_0-4000_rms_matched/209838.wav,Tsik,2022_12_0,four_experts_unanimous_affirmative,Yes|Yes|Yes|Yes,lp_0-4000_rms_matched,209838
209838,/root/animal-omni-kv/data/marmaudio/expert_interventions/full_0-8k/241125.wav,Tsik,2022_12_0,four_experts_unanimous_affirmative,Yes|Yes|Yes|Yes,shuffled_audio,241125
209838,/root/animal-omni-kv/data/marmaudio/controls/silence/209838.wav,Tsik,2022_12_0,four_experts_unanimous_affirmative,Yes|Yes|Yes|Yes,silence,209838
209851,/root/animal-omni-kv/data/marmaudio/expert_interventions/full_0-8k/209851.wav,Tsik,2022_12_0,four_experts_unanimous_affirmative,Yes|Yes|Yes|Yes,full_0-8k,209851
209851,/root/animal-omni-kv/data/marmaudio/controls/lp_0-1000_rms_matched/209851.wav,Tsik,2022_12_0,four_experts_unanimous_affirmative,Yes|Yes|Yes|Yes,lp_0-1000_rms_matched,209851
209851,/root/animal-omni-kv/data/marmaudio/controls/lp_0-2000_rms_matched/209851.wav,Tsik,2022_12_0,four_experts_unanimous_affirmative,Yes|Yes|Yes|Yes,lp_0-2000_rms_matched,209851
209851,/root/animal-omni-kv/data/marmaudio/controls/lp_0-4000_rms_matched/209851.wav,Tsik,2022_12_0,four_experts_unanimous_affirmative,Yes|Yes|Yes|Yes,lp_0-4000_rms_matched,209851
209851,/root/animal-omni-kv/data/marmaudio/expert_interventions/full_0-8k/248263.wav,Tsik,2022_12_0,four_experts_unanimous_affirmative,Yes|Yes|Yes|Yes,shuffled_audio,248263
209851,/root/animal-omni-kv/data/marmaudio/controls/silence/209851.wav,Tsik,2022_12_0,four_experts_unanimous_affirmative,Yes|Yes|Yes|Yes,silence,209851
209853,/root/animal-omni-kv/data/marmaudio/expert_interventions/full_0-8k/209853.wav,Tsik,2022_12_0,four_experts_unanimous_affirmative,Yes|Yes|Yes|Yes,full_0-8k,209853
209853,/root/animal-omni-kv/data/marmaudio/controls/lp_0-1000_rms_matched/209853.wav,Tsik,2022_12_0,four_experts_unanimous_affirmative,Yes|Yes|Yes|Yes,lp_0-1000_rms_matched,209853
209853,/root/animal-omni-kv/data/marmaudio/controls/lp_0-2000_rms_matched/209853.wav,Tsik,2022_12_0,four_experts_unanimous_affirmative,Yes|Yes|Yes|Yes,lp_0-2000_rms_matched,209853
209853,/root/animal-omni-kv/data/marmaudio/controls/lp_0-4000_rms_matched/209853.wav,Tsik,2022_12_0,four_experts_unanimous_affirmative,Yes|Yes|Yes|Yes,lp_0-4000_rms_matched,209853
209853,/root/animal-omni-kv/data/marmaudio/expert_interventions/full_0-8k/248296.wav,Tsik,2022_12_0,four_experts_unanimous_affirmative,Yes|Yes|Yes|Yes,shuffled_audio,248296
209853,/root/animal-omni-kv/data/marmaudio/controls/silence/209853.wav,Tsik,2022_12_0,four_experts_unanimous_affirmative,Yes|Yes|Yes|Yes,silence,209853
209876,/root/animal-omni-kv/data/marmaudio/expert_interventions/full_0-8k/209876.wav,Tsik,2022_12_0,four_experts_unanimous_affirmative,Yes-Yes|Yes|Yes|Yes,full_0-8k,209876
209876,/root/animal-omni-kv/data/marmaudio/controls/lp_0-1000_rms_matched/209876.wav,Tsik,2022_12_0,four_experts_unanimous_affirmative,Yes-Yes|Yes|Yes|Yes,lp_0-1000_rms_matched,209876
209876,/root/animal-omni-kv/data/marmaudio/controls/lp_0-2000_rms_matched/209876.wav,Tsik,2022_12_0,four_experts_unanimous_affirmative,Yes-Yes|Yes|Yes|Yes,lp_0-2000_rms_matched,209876
209876,/root/animal-omni-kv/data/marmaudio/controls/lp_0-4000_rms_matched/209876.wav,Tsik,2022_12_0,four_experts_unanimous_affirmative,Yes-Yes|Yes|Yes|Yes,lp_0-4000_rms_matched,209876
209876,/root/animal-omni-kv/data/marmaudio/expert_interventions/full_0-8k/273977.wav,Tsik,2022_12_0,four_experts_unanimous_affirmative,Yes-Yes|Yes|Yes|Yes,shuffled_audio,273977
209876,/root/animal-omni-kv/data/marmaudio/controls/silence/209876.wav,Tsik,2022_12_0,four_experts_unanimous_affirmative,Yes-Yes|Yes|Yes|Yes,silence,209876
209886,/root/animal-omni-kv/data/marmaudio/expert_interventions/full_0-8k/209886.wav,Tsik,2022_12_0,four_experts_unanimous_affirmative,Yes|Yes|Yes|Yes,full_0-8k,209886
209886,/root/animal-omni-kv/data/marmaudio/controls/lp_0-1000_rms_matched/209886.wav,Tsik,2022_12_0,four_experts_unanimous_affirmative,Yes|Yes|Yes|Yes,lp_0-1000_rms_matched,209886
209886,/root/animal-omni-kv/data/marmaudio/controls/lp_0-2000_rms_matched/209886.wav,Tsik,2022_12_0,four_experts_unanimous_affirmative,Yes|Yes|Yes|Yes,lp_0-2000_rms_matched,209886
209886,/root/animal-omni-kv/data/marmaudio/controls/lp_0-4000_rms_matched/209886.wav,Tsik,2022_12_0,four_experts_unanimous_affirmative,Yes|Yes|Yes|Yes,lp_0-4000_rms_matched,209886
209886,/root/animal-omni-kv/data/marmaudio/expert_interventions/full_0-8k/274918.wav,Tsik,2022_12_0,four_experts_unanimous_affirmative,Yes|Yes|Yes|Yes,shuffled_audio,274918
209886,/root/animal-omni-kv/data/marmaudio/controls/silence/209886.wav,Tsik,2022_12_0,four_experts_unanimous_affirmative,Yes|Yes|Yes|Yes,silence,209886
209893,/root/animal-omni-kv/data/marmaudio/expert_interventions/full_0-8k/209893.wav,Tsik,2022_12_0,four_experts_unanimous_affirmative,Yes|Yes|Yes|Yes,full_0-8k,209893
209893,/root/animal-omni-kv/data/marmaudio/controls/lp_0-1000_rms_matched/209893.wav,Tsik,2022_12_0,four_experts_unanimous_affirmative,Yes|Yes|Yes|Yes,lp_0-1000_rms_matched,209893
209893,/root/animal-omni-kv/data/marmaudio/controls/lp_0-2000_rms_matched/209893.wav,Tsik,2022_12_0,four_experts_unanimous_affirmative,Yes|Yes|Yes|Yes,lp_0-2000_rms_matched,209893
209893,/root/animal-omni-kv/data/marmaudio/controls/lp_0-4000_rms_matched/209893.wav,Tsik,2022_12_0,four_experts_unanimous_affirmative,Yes|Yes|Yes|Yes,lp_0-4000_rms_matched,209893
209893,/root/animal-omni-kv/data/marmaudio/expert_interventions/full_0-8k/313999.wav,Tsik,2022_12_0,four_experts_unanimous_affirmative,Yes|Yes|Yes|Yes,shuffled_audio,313999
209893,/root/animal-omni-kv/data/marmaudio/controls/silence/209893.wav,Tsik,2022_12_0,four_experts_unanimous_affirmative,Yes|Yes|Yes|Yes,silence,209893
209901,/root/animal-omni-kv/data/marmaudio/expert_interventions/full_0-8k/209901.wav,Tsik,2022_12_0,four_experts_unanimous_affirmative,Yes|Yes|Yes|Yes,full_0-8k,209901
209901,/root/animal-omni-kv/data/marmaudio/controls/lp_0-1000_rms_matched/209901.wav,Tsik,2022_12_0,four_experts_unanimous_affirmative,Yes|Yes|Yes|Yes,lp_0-1000_rms_matched,209901
209901,/root/animal-omni-kv/data/marmaudio/controls/lp_0-2000_rms_matched/209901.wav,Tsik,2022_12_0,four_experts_unanimous_affirmative,Yes|Yes|Yes|Yes,lp_0-2000_rms_matched,209901
209901,/root/animal-omni-kv/data/marmaudio/controls/lp_0-4000_rms_matched/209901.wav,Tsik,2022_12_0,four_experts_unanimous_affirmative,Yes|Yes|Yes|Yes,lp_0-4000_rms_matched,209901
209901,/root/animal-omni-kv/data/marmaudio/expert_interventions/full_0-8k/363877.wav,Tsik,2022_12_0,four_experts_unanimous_affirmative,Yes|Yes|Yes|Yes,shuffled_audio,363877
209901,/root/animal-omni-kv/data/marmaudio/controls/silence/209901.wav,Tsik,2022_12_0,four_experts_unanimous_affirmative,Yes|Yes|Yes|Yes,silence,209901
209905,/root/animal-omni-kv/data/marmaudio/expert_interventions/full_0-8k/209905.wav,Tsik,2022_12_0,four_experts_unanimous_affirmative,Yes|Yes|Yes|Yes,full_0-8k,209905
209905,/root/animal-omni-kv/data/marmaudio/controls/lp_0-1000_rms_matched/209905.wav,Tsik,2022_12_0,four_experts_unanimous_affirmative,Yes|Yes|Yes|Yes,lp_0-1000_rms_matched,209905
209905,/root/animal-omni-kv/data/marmaudio/controls/lp_0-2000_rms_matched/209905.wav,Tsik,2022_12_0,four_experts_unanimous_affirmative,Yes|Yes|Yes|Yes,lp_0-2000_rms_matched,209905
209905,/root/animal-omni-kv/data/marmaudio/controls/lp_0-4000_rms_matched/209905.wav,Tsik,2022_12_0,four_experts_unanimous_affirmative,Yes|Yes|Yes|Yes,lp_0-4000_rms_matched,209905
209905,/root/animal-omni-kv/data/marmaudio/expert_interventions/full_0-8k/36522.wav,Tsik,2022_12_0,four_experts_unanimous_affirmative,Yes|Yes|Yes|Yes,shuffled_audio,36522
209905,/root/animal-omni-kv/data/marmaudio/controls/silence/209905.wav,Tsik,2022_12_0,four_experts_unanimous_affirmative,Yes|Yes|Yes|Yes,silence,209905
209919,/root/animal-omni-kv/data/marmaudio/expert_interventions/full_0-8k/209919.wav,Tsik,2022_12_0,four_experts_unanimous_affirmative,Yes|Yes|Yes|Yes,full_0-8k,209919
209919,/root/animal-omni-kv/data/marmaudio/controls/lp_0-1000_rms_matched/209919.wav,Tsik,2022_12_0,four_experts_unanimous_affirmative,Yes|Yes|Yes|Yes,lp_0-1000_rms_matched,209919
209919,/root/animal-omni-kv/data/marmaudio/controls/lp_0-2000_rms_matched/209919.wav,Tsik,2022_12_0,four_experts_unanimous_affirmative,Yes|Yes|Yes|Yes,lp_0-2000_rms_matched,209919
209919,/root/animal-omni-kv/data/marmaudio/controls/lp_0-4000_rms_matched/209919.wav,Tsik,2022_12_0,four_experts_unanimous_affirmative,Yes|Yes|Yes|Yes,lp_0-4000_rms_matched,209919
209919,/root/animal-omni-kv/data/marmaudio/expert_interventions/full_0-8k/400874.wav,Tsik,2022_12_0,four_experts_unanimous_affirmative,Yes|Yes|Yes|Yes,shuffled_audio,400874
209919,/root/animal-omni-kv/data/marmaudio/controls/silence/209919.wav,Tsik,2022_12_0,four_experts_unanimous_affirmative,Yes|Yes|Yes|Yes,silence,209919
211769,/root/animal-omni-kv/data/marmaudio/expert_interventions/full_0-8k/211769.wav,Twitter,2019_12_0,four_experts_unanimous_affirmative,Yes|Yes|Yes|Yes,full_0-8k,211769
211769,/root/animal-omni-kv/data/marmaudio/controls/lp_0-1000_rms_matched/211769.wav,Twitter,2019_12_0,four_experts_unanimous_affirmative,Yes|Yes|Yes|Yes,lp_0-1000_rms_matched,211769
211769,/root/animal-omni-kv/data/marmaudio/controls/lp_0-2000_rms_matched/211769.wav,Twitter,2019_12_0,four_experts_unanimous_affirmative,Yes|Yes|Yes|Yes,lp_0-2000_rms_matched,211769
211769,/root/animal-omni-kv/data/marmaudio/controls/lp_0-4000_rms_matched/211769.wav,Twitter,2019_12_0,four_experts_unanimous_affirmative,Yes|Yes|Yes|Yes,lp_0-4000_rms_matched,211769
211769,/root/animal-omni-kv/data/marmaudio/expert_interventions/full_0-8k/223312.wav,Twitter,2019_12_0,four_experts_unanimous_affirmative,Yes|Yes|Yes|Yes,shuffled_audio,223312
211769,/root/animal-omni-kv/data/marmaudio/controls/silence/211769.wav,Twitter,2019_12_0,four_experts_unanimous_affirmative,Yes|Yes|Yes|Yes,silence,211769
211832,/root/animal-omni-kv/data/marmaudio/expert_interventions/full_0-8k/211832.wav,Seep,2019_12_0,four_experts_unanimous_affirmative,Yes|Yes|Yes|Yes,full_0-8k,211832
211832,/root/animal-omni-kv/data/marmaudio/controls/lp_0-1000_rms_matched/211832.wav,Seep,2019_12_0,four_experts_unanimous_affirmative,Yes|Yes|Yes|Yes,lp_0-1000_rms_matched,211832
211832,/root/animal-omni-kv/data/marmaudio/controls/lp_0-2000_rms_matched/211832.wav,Seep,2019_12_0,four_experts_unanimous_affirmative,Yes|Yes|Yes|Yes,lp_0-2000_rms_matched,211832
211832,/root/animal-omni-kv/data/marmaudio/controls/lp_0-4000_rms_matched/211832.wav,Seep,2019_12_0,four_experts_unanimous_affirmative,Yes|Yes|Yes|Yes,lp_0-4000_rms_matched,211832
211832,/root/animal-omni-kv/data/marmaudio/expert_interventions/full_0-8k/161850.wav,Seep,2019_12_0,four_experts_unanimous_affirmative,Yes|Yes|Yes|Yes,shuffled_audio,161850
211832,/root/animal-omni-kv/data/marmaudio/controls/silence/211832.wav,Seep,2019_12_0,four_experts_unanimous_affirmative,Yes|Yes|Yes|Yes,silence,211832
211974,/root/animal-omni-kv/data/marmaudio/expert_interventions/full_0-8k/211974.wav,Seep,2022_3_4,four_experts_unanimous_affirmative,Yes|Yes|Yes|Yes,full_0-8k,211974
211974,/root/animal-omni-kv/data/marmaudio/controls/lp_0-1000_rms_matched/211974.wav,Seep,2022_3_4,four_experts_unanimous_affirmative,Yes|Yes|Yes|Yes,lp_0-1000_rms_matched,211974
211974,/root/animal-omni-kv/data/marmaudio/controls/lp_0-2000_rms_matched/211974.wav,Seep,2022_3_4,four_experts_unanimous_affirmative,Yes|Yes|Yes|Yes,lp_0-2000_rms_matched,211974
211974,/root/animal-omni-kv/data/marmaudio/controls/lp_0-4000_rms_matched/211974.wav,Seep,2022_3_4,four_experts_unanimous_affirmative,Yes|Yes|Yes|Yes,lp_0-4000_rms_matched,211974
211974,/root/animal-omni-kv/data/marmaudio/expert_interventions/full_0-8k/172015.wav,Seep,2022_3_4,four_experts_unanimous_affirmative,Yes|Yes|Yes|Yes,shuffled_audio,172015
211974,/root/animal-omni-kv/data/marmaudio/controls/silence/211974.wav,Seep,2022_3_4,four_experts_unanimous_affirmative,Yes|Yes|Yes|Yes,silence,211974
212002,/root/animal-omni-kv/data/marmaudio/expert_interventions/full_0-8k/212002.wav,Seep,2022_3_4,four_experts_unanimous_affirmative,Yes|Yes|Yes|Yes,full_0-8k,212002
212002,/root/animal-omni-kv/data/marmaudio/controls/lp_0-1000_rms_matched/212002.wav,Seep,2022_3_4,four_experts_unanimous_affirmative,Yes|Yes|Yes|Yes,lp_0-1000_rms_matched,212002
212002,/root/animal-omni-kv/data/marmaudio/controls/lp_0-2000_rms_matched/212002.wav,Seep,2022_3_4,four_experts_unanimous_affirmative,Yes|Yes|Yes|Yes,lp_0-2000_rms_matched,212002
212002,/root/animal-omni-kv/data/marmaudio/controls/lp_0-4000_rms_matched/212002.wav,Seep,2022_3_4,four_experts_unanimous_affirmative,Yes|Yes|Yes|Yes,lp_0-4000_rms_matched,212002
212002,/root/animal-omni-kv/data/marmaudio/expert_interventions/full_0-8k/195490.wav,Seep,2022_3_4,four_experts_unanimous_affirmative,Yes|Yes|Yes|Yes,shuffled_audio,195490
212002,/root/animal-omni-kv/data/marmaudio/controls/silence/212002.wav,Seep,2022_3_4,four_experts_unanimous_affirmative,Yes|Yes|Yes|Yes,silence,212002
212106,/root/animal-omni-kv/data/marmaudio/expert_interventions/full_0-8k/212106.wav,Seep,2022_3_4,four_experts_unanimous_affirmative,Yes|Yes|Yes|Yes,full_0-8k,212106
212106,/root/animal-omni-kv/data/marmaudio/controls/lp_0-1000_rms_matched/212106.wav,Seep,2022_3_4,four_experts_unanimous_affirmative,Yes|Yes|Yes|Yes,lp_0-1000_rms_matched,212106
212106,/root/animal-omni-kv/data/marmaudio/controls/lp_0-2000_rms_matched/212106.wav,Seep,2022_3_4,four_experts_unanimous_affirmative,Yes|Yes|Yes|Yes,lp_0-2000_rms_matched,212106
212106,/root/animal-omni-kv/data/marmaudio/controls/lp_0-4000_rms_matched/212106.wav,Seep,2022_3_4,four_experts_unanimous_affirmative,Yes|Yes|Yes|Yes,lp_0-4000_rms_matched,212106
212106,/root/animal-omni-kv/data/marmaudio/expert_interventions/full_0-8k/223144.wav,Seep,2022_3_4,four_experts_unanimous_affirmative,Yes|Yes|Yes|Yes,shuffled_audio,223144
212106,/root/animal-omni-kv/data/marmaudio/controls/silence/212106.wav,Seep,2022_3_4,four_experts_unanimous_affirmative,Yes|Yes|Yes|Yes,silence,212106
212109,/root/animal-omni-kv/data/marmaudio/expert_interventions/full_0-8k/212109.wav,Seep,2022_3_4,four_experts_unanimous_affirmative,Yes|Yes|Yes|Yes,full_0-8k,212109
212109,/root/animal-omni-kv/data/marmaudio/controls/lp_0-1000_rms_matched/212109.wav,Seep,2022_3_4,four_experts_unanimous_affirmative,Yes|Yes|Yes|Yes,lp_0-1000_rms_matched,212109
212109,/root/animal-omni-kv/data/marmaudio/controls/lp_0-2000_rms_matched/212109.wav,Seep,2022_3_4,four_experts_unanimous_affirmative,Yes|Yes|Yes|Yes,lp_0-2000_rms_matched,212109
212109,/root/animal-omni-kv/data/marmaudio/controls/lp_0-4000_rms_matched/212109.wav,Seep,2022_3_4,four_experts_unanimous_affirmative,Yes|Yes|Yes|Yes,lp_0-4000_rms_matched,212109
212109,/root/animal-omni-kv/data/marmaudio/expert_interventions/full_0-8k/238981.wav,Seep,2022_3_4,four_experts_unanimous_affirmative,Yes|Yes|Yes|Yes,shuffled_audio,238981
212109,/root/animal-omni-kv/data/marmaudio/controls/silence/212109.wav,Seep,2022_3_4,four_experts_unanimous_affirmative,Yes|Yes|Yes|Yes,silence,212109
212110,/root/animal-omni-kv/data/marmaudio/expert_interventions/full_0-8k/212110.wav,Seep,2022_3_4,four_experts_unanimous_affirmative,Yes|Yes|Yes|Yes,full_0-8k,212110
212110,/root/animal-omni-kv/data/marmaudio/controls/lp_0-1000_rms_matched/212110.wav,Seep,2022_3_4,four_experts_unanimous_affirmative,Yes|Yes|Yes|Yes,lp_0-1000_rms_matched,212110
212110,/root/animal-omni-kv/data/marmaudio/controls/lp_0-2000_rms_matched/212110.wav,Seep,2022_3_4,four_experts_unanimous_affirmative,Yes|Yes|Yes|Yes,lp_0-2000_rms_matched,212110
212110,/root/animal-omni-kv/data/marmaudio/controls/lp_0-4000_rms_matched/212110.wav,Seep,2022_3_4,four_experts_unanimous_affirmative,Yes|Yes|Yes|Yes,lp_0-4000_rms_matched,212110
212110,/root/animal-omni-kv/data/marmaudio/expert_interventions/full_0-8k/354379.wav,Seep,2022_3_4,four_experts_unanimous_affirmative,Yes|Yes|Yes|Yes,shuffled_audio,354379
212110,/root/animal-omni-kv/data/marmaudio/controls/silence/212110.wav,Seep,2022_3_4,four_experts_unanimous_affirmative,Yes|Yes|Yes|Yes,silence,212110
212120,/root/animal-omni-kv/data/marmaudio/expert_interventions/full_0-8k/212120.wav,Seep,2022_3_4,four_experts_unanimous_affirmative,Yes|Yes|Yes|Yes,full_0-8k,212120
212120,/root/animal-omni-kv/data/marmaudio/controls/lp_0-1000_rms_matched/212120.wav,Seep,2022_3_4,four_experts_unanimous_affirmative,Yes|Yes|Yes|Yes,lp_0-1000_rms_matched,212120
212120,/root/animal-omni-kv/data/marmaudio/controls/lp_0-2000_rms_matched/212120.wav,Seep,2022_3_4,four_experts_unanimous_affirmative,Yes|Yes|Yes|Yes,lp_0-2000_rms_matched,212120
212120,/root/animal-omni-kv/data/marmaudio/controls/lp_0-4000_rms_matched/212120.wav,Seep,2022_3_4,four_experts_unanimous_affirmative,Yes|Yes|Yes|Yes,lp_0-4000_rms_matched,212120
212120,/root/animal-omni-kv/data/marmaudio/expert_interventions/full_0-8k/397118.wav,Seep,2022_3_4,four_experts_unanimous_affirmative,Yes|Yes|Yes|Yes,shuffled_audio,397118
212120,/root/animal-omni-kv/data/marmaudio/controls/silence/212120.wav,Seep,2022_3_4,four_experts_unanimous_affirmative,Yes|Yes|Yes|Yes,silence,212120
212127,/root/animal-omni-kv/data/marmaudio/expert_interventions/full_0-8k/212127.wav,Seep,2022_3_4,four_experts_unanimous_affirmative,Yes|Yes|Yes|Yes,full_0-8k,212127
212127,/root/animal-omni-kv/data/marmaudio/controls/lp_0-1000_rms_matched/212127.wav,Seep,2022_3_4,four_experts_unanimous_affirmative,Yes|Yes|Yes|Yes,lp_0-1000_rms_matched,212127
212127,/root/animal-omni-kv/data/marmaudio/controls/lp_0-2000_rms_matched/212127.wav,Seep,2022_3_4,four_experts_unanimous_affirmative,Yes|Yes|Yes|Yes,lp_0-2000_rms_matched,212127
212127,/root/animal-omni-kv/data/marmaudio/controls/lp_0-4000_rms_matched/212127.wav,Seep,2022_3_4,four_experts_unanimous_affirmative,Yes|Yes|Yes|Yes,lp_0-4000_rms_matched,212127
212127,/root/animal-omni-kv/data/marmaudio/expert_interventions/full_0-8k/436313.wav,Seep,2022_3_4,four_experts_unanimous_affirmative,Yes|Yes|Yes|Yes,shuffled_audio,436313
212127,/root/animal-omni-kv/data/marmaudio/controls/silence/212127.wav,Seep,2022_3_4,four_experts_unanimous_affirmative,Yes|Yes|Yes|Yes,silence,212127
212130,/root/animal-omni-kv/data/marmaudio/expert_interventions/full_0-8k/212130.wav,Seep,2022_3_4,four_experts_unanimous_affirmative,Yes|Yes|Yes|Yes,full_0-8k,212130
212130,/root/animal-omni-kv/data/marmaudio/controls/lp_0-1000_rms_matched/212130.wav,Seep,2022_3_4,four_experts_unanimous_affirmative,Yes|Yes|Yes|Yes,lp_0-1000_rms_matched,212130
212130,/root/animal-omni-kv/data/marmaudio/controls/lp_0-2000_rms_matched/212130.wav,Seep,2022_3_4,four_experts_unanimous_affirmative,Yes|Yes|Yes|Yes,lp_0-2000_rms_matched,212130
212130,/root/animal-omni-kv/data/marmaudio/controls/lp_0-4000_rms_matched/212130.wav,Seep,2022_3_4,four_experts_unanimous_affirmative,Yes|Yes|Yes|Yes,lp_0-4000_rms_matched,212130
212130,/root/animal-omni-kv/data/marmaudio/expert_interventions/full_0-8k/456914.wav,Seep,2022_3_4,four_experts_unanimous_affirmative,Yes|Yes|Yes|Yes,shuffled_audio,456914
212130,/root/animal-omni-kv/data/marmaudio/controls/silence/212130.wav,Seep,2022_3_4,four_experts_unanimous_affirmative,Yes|Yes|Yes|Yes,silence,212130
213327,/root/animal-omni-kv/data/marmaudio/expert_interventions/full_0-8k/213327.wav,Infant Cry,2019_12_0,four_experts_unanimous_affirmative,Yes|Yes|Yes|Yes,full_0-8k,213327
213327,/root/animal-omni-kv/data/marmaudio/controls/lp_0-1000_rms_matched/213327.wav,Infant Cry,2019_12_0,four_experts_unanimous_affirmative,Yes|Yes|Yes|Yes,lp_0-1000_rms_matched,213327
213327,/root/animal-omni-kv/data/marmaudio/controls/lp_0-2000_rms_matched/213327.wav,Infant Cry,2019_12_0,four_experts_unanimous_affirmative,Yes|Yes|Yes|Yes,lp_0-2000_rms_matched,213327
213327,/root/animal-omni-kv/data/marmaudio/controls/lp_0-4000_rms_matched/213327.wav,Infant Cry,2019_12_0,four_experts_unanimous_affirmative,Yes|Yes|Yes|Yes,lp_0-4000_rms_matched,213327
213327,/root/animal-omni-kv/data/marmaudio/expert_interventions/full_0-8k/202978.wav,Infant Cry,2019_12_0,four_experts_unanimous_affirmative,Yes|Yes|Yes|Yes,shuffled_audio,202978
213327,/root/animal-omni-kv/data/marmaudio/controls/silence/213327.wav,Infant Cry,2019_12_0,four_experts_unanimous_affirmative,Yes|Yes|Yes|Yes,silence,213327
221515,/root/animal-omni-kv/data/marmaudio/expert_interventions/full_0-8k/221515.wav,Phee,2022_3_5,four_experts_unanimous_affirmative,Yes|Yes|Yes|Yes,full_0-8k,221515
221515,/root/animal-omni-kv/data/marmaudio/controls/lp_0-1000_rms_matched/221515.wav,Phee,2022_3_5,four_experts_unanimous_affirmative,Yes|Yes|Yes|Yes,lp_0-1000_rms_matched,221515
221515,/root/animal-omni-kv/data/marmaudio/controls/lp_0-2000_rms_matched/221515.wav,Phee,2022_3_5,four_experts_unanimous_affirmative,Yes|Yes|Yes|Yes,lp_0-2000_rms_matched,221515
221515,/root/animal-omni-kv/data/marmaudio/controls/lp_0-4000_rms_matched/221515.wav,Phee,2022_3_5,four_experts_unanimous_affirmative,Yes|Yes|Yes|Yes,lp_0-4000_rms_matched,221515
221515,/root/animal-omni-kv/data/marmaudio/expert_interventions/full_0-8k/212002.wav,Phee,2022_3_5,four_experts_unanimous_affirmative,Yes|Yes|Yes|Yes,shuffled_audio,212002
221515,/root/animal-omni-kv/data/marmaudio/controls/silence/221515.wav,Phee,2022_3_5,four_experts_unanimous_affirmative,Yes|Yes|Yes|Yes,silence,221515
223077,/root/animal-omni-kv/data/marmaudio/expert_interventions/full_0-8k/223077.wav,Infant Cry,2019_12_0,four_experts_unanimous_affirmative,Yes|Yes|Yes|Yes,full_0-8k,223077
223077,/root/animal-omni-kv/data/marmaudio/controls/lp_0-1000_rms_matched/223077.wav,Infant Cry,2019_12_0,four_experts_unanimous_affirmative,Yes|Yes|Yes|Yes,lp_0-1000_rms_matched,223077
223077,/root/animal-omni-kv/data/marmaudio/controls/lp_0-2000_rms_matched/223077.wav,Infant Cry,2019_12_0,four_experts_unanimous_affirmative,Yes|Yes|Yes|Yes,lp_0-2000_rms_matched,223077
223077,/root/animal-omni-kv/data/marmaudio/controls/lp_0-4000_rms_matched/223077.wav,Infant Cry,2019_12_0,four_experts_unanimous_affirmative,Yes|Yes|Yes|Yes,lp_0-4000_rms_matched,223077
223077,/root/animal-omni-kv/data/marmaudio/expert_interventions/full_0-8k/221515.wav,Infant Cry,2019_12_0,four_experts_unanimous_affirmative,Yes|Yes|Yes|Yes,shuffled_audio,221515
223077,/root/animal-omni-kv/data/marmaudio/controls/silence/223077.wav,Infant Cry,2019_12_0,four_experts_unanimous_affirmative,Yes|Yes|Yes|Yes,silence,223077
223144,/root/animal-omni-kv/data/marmaudio/expert_interventions/full_0-8k/223144.wav,Trill,2019_12_0,four_experts_unanimous_affirmative,Yes|Yes|Yes|Yes,full_0-8k,223144
223144,/root/animal-omni-kv/data/marmaudio/controls/lp_0-1000_rms_matched/223144.wav,Trill,2019_12_0,four_experts_unanimous_affirmative,Yes|Yes|Yes|Yes,lp_0-1000_rms_matched,223144
223144,/root/animal-omni-kv/data/marmaudio/controls/lp_0-2000_rms_matched/223144.wav,Trill,2019_12_0,four_experts_unanimous_affirmative,Yes|Yes|Yes|Yes,lp_0-2000_rms_matched,223144
223144,/root/animal-omni-kv/data/marmaudio/controls/lp_0-4000_rms_matched/223144.wav,Trill,2019_12_0,four_experts_unanimous_affirmative,Yes|Yes|Yes|Yes,lp_0-4000_rms_matched,223144
223144,/root/animal-omni-kv/data/marmaudio/expert_interventions/full_0-8k/143307.wav,Trill,2019_12_0,four_experts_unanimous_affirmative,Yes|Yes|Yes|Yes,shuffled_audio,143307
223144,/root/animal-omni-kv/data/marmaudio/controls/silence/223144.wav,Trill,2019_12_0,four_experts_unanimous_affirmative,Yes|Yes|Yes|Yes,silence,223144
223149,/root/animal-omni-kv/data/marmaudio/expert_interventions/full_0-8k/223149.wav,Twitter,2019_12_0,four_experts_unanimous_affirmative,Yes|Yes|Yes|Yes,full_0-8k,223149
223149,/root/animal-omni-kv/data/marmaudio/controls/lp_0-1000_rms_matched/223149.wav,Twitter,2019_12_0,four_experts_unanimous_affirmative,Yes|Yes|Yes|Yes,lp_0-1000_rms_matched,223149
223149,/root/animal-omni-kv/data/marmaudio/controls/lp_0-2000_rms_matched/223149.wav,Twitter,2019_12_0,four_experts_unanimous_affirmative,Yes|Yes|Yes|Yes,lp_0-2000_rms_matched,223149
223149,/root/animal-omni-kv/data/marmaudio/controls/lp_0-4000_rms_matched/223149.wav,Twitter,2019_12_0,four_experts_unanimous_affirmative,Yes|Yes|Yes|Yes,lp_0-4000_rms_matched,223149
223149,/root/animal-omni-kv/data/marmaudio/expert_interventions/full_0-8k/223332.wav,Twitter,2019_12_0,four_experts_unanimous_affirmative,Yes|Yes|Yes|Yes,shuffled_audio,223332
223149,/root/animal-omni-kv/data/marmaudio/controls/silence/223149.wav,Twitter,2019_12_0,four_experts_unanimous_affirmative,Yes|Yes|Yes|Yes,silence,223149
223196,/root/animal-omni-kv/data/marmaudio/expert_interventions/full_0-8k/223196.wav,Phee,2019_12_0,four_experts_unanimous_affirmative,Yes|Yes|Yes|Yes,full_0-8k,223196
223196,/root/animal-omni-kv/data/marmaudio/controls/lp_0-1000_rms_matched/223196.wav,Phee,2019_12_0,four_experts_unanimous_affirmative,Yes|Yes|Yes|Yes,lp_0-1000_rms_matched,223196
223196,/root/animal-omni-kv/data/marmaudio/controls/lp_0-2000_rms_matched/223196.wav,Phee,2019_12_0,four_experts_unanimous_affirmative,Yes|Yes|Yes|Yes,lp_0-2000_rms_matched,223196
223196,/root/animal-omni-kv/data/marmaudio/controls/lp_0-4000_rms_matched/223196.wav,Phee,2019_12_0,four_experts_unanimous_affirmative,Yes|Yes|Yes|Yes,lp_0-4000_rms_matched,223196
223196,/root/animal-omni-kv/data/marmaudio/expert_interventions/full_0-8k/212106.wav,Phee,2019_12_0,four_experts_unanimous_affirmative,Yes|Yes|Yes|Yes,shuffled_audio,212106
223196,/root/animal-omni-kv/data/marmaudio/controls/silence/223196.wav,Phee,2019_12_0,four_experts_unanimous_affirmative,Yes|Yes|Yes|Yes,silence,223196
223206,/root/animal-omni-kv/data/marmaudio/expert_interventions/full_0-8k/223206.wav,Phee,2019_12_0,four_experts_unanimous_affirmative,Yes|Yes|Yes|Yes,full_0-8k,223206
223206,/root/animal-omni-kv/data/marmaudio/controls/lp_0-1000_rms_matched/223206.wav,Phee,2019_12_0,four_experts_unanimous_affirmative,Yes|Yes|Yes|Yes,lp_0-1000_rms_matched,223206
223206,/root/animal-omni-kv/data/marmaudio/controls/lp_0-2000_rms_matched/223206.wav,Phee,2019_12_0,four_experts_unanimous_affirmative,Yes|Yes|Yes|Yes,lp_0-2000_rms_matched,223206
223206,/root/animal-omni-kv/data/marmaudio/controls/lp_0-4000_rms_matched/223206.wav,Phee,2019_12_0,four_experts_unanimous_affirmative,Yes|Yes|Yes|Yes,lp_0-4000_rms_matched,223206
223206,/root/animal-omni-kv/data/marmaudio/expert_interventions/full_0-8k/212109.wav,Phee,2019_12_0,four_experts_unanimous_affirmative,Yes|Yes|Yes|Yes,shuffled_audio,212109
223206,/root/animal-omni-kv/data/marmaudio/controls/silence/223206.wav,Phee,2019_12_0,four_experts_unanimous_affirmative,Yes|Yes|Yes|Yes,silence,223206
223208,/root/animal-omni-kv/data/marmaudio/expert_interventions/full_0-8k/223208.wav,Phee,2019_12_0,four_experts_unanimous_affirmative,Yes|Yes|Yes|Yes,full_0-8k,223208
223208,/root/animal-omni-kv/data/marmaudio/controls/lp_0-1000_rms_matched/223208.wav,Phee,2019_12_0,four_experts_unanimous_affirmative,Yes|Yes|Yes|Yes,lp_0-1000_rms_matched,223208
223208,/root/animal-omni-kv/data/marmaudio/controls/lp_0-2000_rms_matched/223208.wav,Phee,2019_12_0,four_experts_unanimous_affirmative,Yes|Yes|Yes|Yes,lp_0-2000_rms_matched,223208
223208,/root/animal-omni-kv/data/marmaudio/controls/lp_0-4000_rms_matched/223208.wav,Phee,2019_12_0,four_experts_unanimous_affirmative,Yes|Yes|Yes|Yes,lp_0-4000_rms_matched,223208
223208,/root/animal-omni-kv/data/marmaudio/expert_interventions/full_0-8k/212110.wav,Phee,2019_12_0,four_experts_unanimous_affirmative,Yes|Yes|Yes|Yes,shuffled_audio,212110
223208,/root/animal-omni-kv/data/marmaudio/controls/silence/223208.wav,Phee,2019_12_0,four_experts_unanimous_affirmative,Yes|Yes|Yes|Yes,silence,223208
223298,/root/animal-omni-kv/data/marmaudio/expert_interventions/full_0-8k/223298.wav,Seep,2019_12_0,four_experts_unanimous_affirmative,Yes|Yes|Yes|Yes,full_0-8k,223298
223298,/root/animal-omni-kv/data/marmaudio/controls/lp_0-1000_rms_matched/223298.wav,Seep,2019_12_0,four_experts_unanimous_affirmative,Yes|Yes|Yes|Yes,lp_0-1000_rms_matched,223298
223298,/root/animal-omni-kv/data/marmaudio/controls/lp_0-2000_rms_matched/223298.wav,Seep,2019_12_0,four_experts_unanimous_affirmative,Yes|Yes|Yes|Yes,lp_0-2000_rms_matched,223298
223298,/root/animal-omni-kv/data/marmaudio/controls/lp_0-4000_rms_matched/223298.wav,Seep,2019_12_0,four_experts_unanimous_affirmative,Yes|Yes|Yes|Yes,lp_0-4000_rms_matched,223298
223298,/root/animal-omni-kv/data/marmaudio/expert_interventions/full_0-8k/463226.wav,Seep,2019_12_0,four_experts_unanimous_affirmative,Yes|Yes|Yes|Yes,shuffled_audio,463226
223298,/root/animal-omni-kv/data/marmaudio/controls/silence/223298.wav,Seep,2019_12_0,four_experts_unanimous_affirmative,Yes|Yes|Yes|Yes,silence,223298
223312,/root/animal-omni-kv/data/marmaudio/expert_interventions/full_0-8k/223312.wav,Infant Cry,2019_12_0,four_experts_unanimous_affirmative,Yes|Yes|Yes|Yes,full_0-8k,223312
223312,/root/animal-omni-kv/data/marmaudio/controls/lp_0-1000_rms_matched/223312.wav,Infant Cry,2019_12_0,four_experts_unanimous_affirmative,Yes|Yes|Yes|Yes,lp_0-1000_rms_matched,223312
223312,/root/animal-omni-kv/data/marmaudio/controls/lp_0-2000_rms_matched/223312.wav,Infant Cry,2019_12_0,four_experts_unanimous_affirmative,Yes|Yes|Yes|Yes,lp_0-2000_rms_matched,223312
223312,/root/animal-omni-kv/data/marmaudio/controls/lp_0-4000_rms_matched/223312.wav,Infant Cry,2019_12_0,four_experts_unanimous_affirmative,Yes|Yes|Yes|Yes,lp_0-4000_rms_matched,223312
223312,/root/animal-omni-kv/data/marmaudio/expert_interventions/full_0-8k/223196.wav,Infant Cry,2019_12_0,four_experts_unanimous_affirmative,Yes|Yes|Yes|Yes,shuffled_audio,223196
223312,/root/animal-omni-kv/data/marmaudio/controls/silence/223312.wav,Infant Cry,2019_12_0,four_experts_unanimous_affirmative,Yes|Yes|Yes|Yes,silence,223312
223332,/root/animal-omni-kv/data/marmaudio/expert_interventions/full_0-8k/223332.wav,Infant Cry,2019_12_0,four_experts_unanimous_affirmative,Yes|Yes|Yes|Yes,full_0-8k,223332
223332,/root/animal-omni-kv/data/marmaudio/controls/lp_0-1000_rms_matched/223332.wav,Infant Cry,2019_12_0,four_experts_unanimous_affirmative,Yes|Yes|Yes|Yes,lp_0-1000_rms_matched,223332
223332,/root/animal-omni-kv/data/marmaudio/controls/lp_0-2000_rms_matched/223332.wav,Infant Cry,2019_12_0,four_experts_unanimous_affirmative,Yes|Yes|Yes|Yes,lp_0-2000_rms_matched,223332
223332,/root/animal-omni-kv/data/marmaudio/controls/lp_0-4000_rms_matched/223332.wav,Infant Cry,2019_12_0,four_experts_unanimous_affirmative,Yes|Yes|Yes|Yes,lp_0-4000_rms_matched,223332
223332,/root/animal-omni-kv/data/marmaudio/expert_interventions/full_0-8k/223206.wav,Infant Cry,2019_12_0,four_experts_unanimous_affirmative,Yes|Yes|Yes|Yes,shuffled_audio,223206
223332,/root/animal-omni-kv/data/marmaudio/controls/silence/223332.wav,Infant Cry,2019_12_0,four_experts_unanimous_affirmative,Yes|Yes|Yes|Yes,silence,223332
223352,/root/animal-omni-kv/data/marmaudio/expert_interventions/full_0-8k/223352.wav,Infant Cry,2019_12_0,four_experts_unanimous_affirmative,Yes|Yes|Yes|Yes,full_0-8k,223352
223352,/root/animal-omni-kv/data/marmaudio/controls/lp_0-1000_rms_matched/223352.wav,Infant Cry,2019_12_0,four_experts_unanimous_affirmative,Yes|Yes|Yes|Yes,lp_0-1000_rms_matched,223352
223352,/root/animal-omni-kv/data/marmaudio/controls/lp_0-2000_rms_matched/223352.wav,Infant Cry,2019_12_0,four_experts_unanimous_affirmative,Yes|Yes|Yes|Yes,lp_0-2000_rms_matched,223352
223352,/root/animal-omni-kv/data/marmaudio/controls/lp_0-4000_rms_matched/223352.wav,Infant Cry,2019_12_0,four_experts_unanimous_affirmative,Yes|Yes|Yes|Yes,lp_0-4000_rms_matched,223352
223352,/root/animal-omni-kv/data/marmaudio/expert_interventions/full_0-8k/223208.wav,Infant Cry,2019_12_0,four_experts_unanimous_affirmative,Yes|Yes|Yes|Yes,shuffled_audio,223208
223352,/root/animal-omni-kv/data/marmaudio/controls/silence/223352.wav,Infant Cry,2019_12_0,four_experts_unanimous_affirmative,Yes|Yes|Yes|Yes,silence,223352
223371,/root/animal-omni-kv/data/marmaudio/expert_interventions/full_0-8k/223371.wav,Tsik,2019_12_0,four_experts_unanimous_affirmative,Yes|Yes|Yes|Yes,full_0-8k,223371
223371,/root/animal-omni-kv/data/marmaudio/controls/lp_0-1000_rms_matched/223371.wav,Tsik,2019_12_0,four_experts_unanimous_affirmative,Yes|Yes|Yes|Yes,lp_0-1000_rms_matched,223371
223371,/root/animal-omni-kv/data/marmaudio/controls/lp_0-2000_rms_matched/223371.wav,Tsik,2019_12_0,four_experts_unanimous_affirmative,Yes|Yes|Yes|Yes,lp_0-2000_rms_matched,223371
223371,/root/animal-omni-kv/data/marmaudio/controls/lp_0-4000_rms_matched/223371.wav,Tsik,2019_12_0,four_experts_unanimous_affirmative,Yes|Yes|Yes|Yes,lp_0-4000_rms_matched,223371
223371,/root/animal-omni-kv/data/marmaudio/expert_interventions/full_0-8k/508636.wav,Tsik,2019_12_0,four_experts_unanimous_affirmative,Yes|Yes|Yes|Yes,shuffled_audio,508636
223371,/root/animal-omni-kv/data/marmaudio/controls/silence/223371.wav,Tsik,2019_12_0,four_experts_unanimous_affirmative,Yes|Yes|Yes|Yes,silence,223371
223383,/root/animal-omni-kv/data/marmaudio/expert_interventions/full_0-8k/223383.wav,Infant Cry,2019_12_0,four_experts_unanimous_affirmative,Yes|Yes|Yes|Yes,full_0-8k,223383
223383,/root/animal-omni-kv/data/marmaudio/controls/lp_0-1000_rms_matched/223383.wav,Infant Cry,2019_12_0,four_experts_unanimous_affirmative,Yes|Yes|Yes|Yes,lp_0-1000_rms_matched,223383
223383,/root/animal-omni-kv/data/marmaudio/controls/lp_0-2000_rms_matched/223383.wav,Infant Cry,2019_12_0,four_experts_unanimous_affirmative,Yes|Yes|Yes|Yes,lp_0-2000_rms_matched,223383
223383,/root/animal-omni-kv/data/marmaudio/controls/lp_0-4000_rms_matched/223383.wav,Infant Cry,2019_12_0,four_experts_unanimous_affirmative,Yes|Yes|Yes|Yes,lp_0-4000_rms_matched,223383
223383,/root/animal-omni-kv/data/marmaudio/expert_interventions/full_0-8k/268974.wav,Infant Cry,2019_12_0,four_experts_unanimous_affirmative,Yes|Yes|Yes|Yes,shuffled_audio,268974
223383,/root/animal-omni-kv/data/marmaudio/controls/silence/223383.wav,Infant Cry,2019_12_0,four_experts_unanimous_affirmative,Yes|Yes|Yes|Yes,silence,223383
223396,/root/animal-omni-kv/data/marmaudio/expert_interventions/full_0-8k/223396.wav,Infant Cry,2019_12_0,four_experts_unanimous_affirmative,Yes|Yes|Yes|Yes,full_0-8k,223396
223396,/root/animal-omni-kv/data/marmaudio/controls/lp_0-1000_rms_matched/223396.wav,Infant Cry,2019_12_0,four_experts_unanimous_affirmative,Yes|Yes|Yes|Yes,lp_0-1000_rms_matched,223396
223396,/root/animal-omni-kv/data/marmaudio/controls/lp_0-2000_rms_matched/223396.wav,Infant Cry,2019_12_0,four_experts_unanimous_affirmative,Yes|Yes|Yes|Yes,lp_0-2000_rms_matched,223396
223396,/root/animal-omni-kv/data/marmaudio/controls/lp_0-4000_rms_matched/223396.wav,Infant Cry,2019_12_0,four_experts_unanimous_affirmative,Yes|Yes|Yes|Yes,lp_0-4000_rms_matched,223396
223396,/root/animal-omni-kv/data/marmaudio/expert_interventions/full_0-8k/285967.wav,Infant Cry,2019_12_0,four_experts_unanimous_affirmative,Yes|Yes|Yes|Yes,shuffled_audio,285967
223396,/root/animal-omni-kv/data/marmaudio/controls/silence/223396.wav,Infant Cry,2019_12_0,four_experts_unanimous_affirmative,Yes|Yes|Yes|Yes,silence,223396
223400,/root/animal-omni-kv/data/marmaudio/expert_interventions/full_0-8k/223400.wav,Infant Cry,2019_12_0,four_experts_unanimous_affirmative,Yes|Yes|Yes|Yes,full_0-8k,223400
223400,/root/animal-omni-kv/data/marmaudio/controls/lp_0-1000_rms_matched/223400.wav,Infant Cry,2019_12_0,four_experts_unanimous_affirmative,Yes|Yes|Yes|Yes,lp_0-1000_rms_matched,223400
223400,/root/animal-omni-kv/data/marmaudio/controls/lp_0-2000_rms_matched/223400.wav,Infant Cry,2019_12_0,four_experts_unanimous_affirmative,Yes|Yes|Yes|Yes,lp_0-2000_rms_matched,223400
223400,/root/animal-omni-kv/data/marmaudio/controls/lp_0-4000_rms_matched/223400.wav,Infant Cry,2019_12_0,four_experts_unanimous_affirmative,Yes|Yes|Yes|Yes,lp_0-4000_rms_matched,223400
223400,/root/animal-omni-kv/data/marmaudio/expert_interventions/full_0-8k/36485.wav,Infant Cry,2019_12_0,four_experts_unanimous_affirmative,Yes|Yes|Yes|Yes,shuffled_audio,36485
223400,/root/animal-omni-kv/data/marmaudio/controls/silence/223400.wav,Infant Cry,2019_12_0,four_experts_unanimous_affirmative,Yes|Yes|Yes|Yes,silence,223400
227303,/root/animal-omni-kv/data/marmaudio/expert_interventions/full_0-8k/227303.wav,Twitter,2020_1_0,four_experts_unanimous_affirmative,Yes|Yes|Yes|Yes,full_0-8k,227303
227303,/root/animal-omni-kv/data/marmaudio/controls/lp_0-1000_rms_matched/227303.wav,Twitter,2020_1_0,four_experts_unanimous_affirmative,Yes|Yes|Yes|Yes,lp_0-1000_rms_matched,227303
227303,/root/animal-omni-kv/data/marmaudio/controls/lp_0-2000_rms_matched/227303.wav,Twitter,2020_1_0,four_experts_unanimous_affirmative,Yes|Yes|Yes|Yes,lp_0-2000_rms_matched,227303
227303,/root/animal-omni-kv/data/marmaudio/controls/lp_0-4000_rms_matched/227303.wav,Twitter,2020_1_0,four_experts_unanimous_affirmative,Yes|Yes|Yes|Yes,lp_0-4000_rms_matched,227303
227303,/root/animal-omni-kv/data/marmaudio/expert_interventions/full_0-8k/223352.wav,Twitter,2020_1_0,four_experts_unanimous_affirmative,Yes|Yes|Yes|Yes,shuffled_audio,223352
227303,/root/animal-omni-kv/data/marmaudio/controls/silence/227303.wav,Twitter,2020_1_0,four_experts_unanimous_affirmative,Yes|Yes|Yes|Yes,silence,227303
235891,/root/animal-omni-kv/data/marmaudio/expert_interventions/full_0-8k/235891.wav,Seep,2022_4_0,four_experts_unanimous_affirmative,Yes|Yes|Yes|Yes,full_0-8k,235891
235891,/root/animal-omni-kv/data/marmaudio/controls/lp_0-1000_rms_matched/235891.wav,Seep,2022_4_0,four_experts_unanimous_affirmative,Yes|Yes|Yes|Yes,lp_0-1000_rms_matched,235891
235891,/root/animal-omni-kv/data/marmaudio/controls/lp_0-2000_rms_matched/235891.wav,Seep,2022_4_0,four_experts_unanimous_affirmative,Yes|Yes|Yes|Yes,lp_0-2000_rms_matched,235891
235891,/root/animal-omni-kv/data/marmaudio/controls/lp_0-4000_rms_matched/235891.wav,Seep,2022_4_0,four_experts_unanimous_affirmative,Yes|Yes|Yes|Yes,lp_0-4000_rms_matched,235891
235891,/root/animal-omni-kv/data/marmaudio/expert_interventions/full_0-8k/470849.wav,Seep,2022_4_0,four_experts_unanimous_affirmative,Yes|Yes|Yes|Yes,shuffled_audio,470849
235891,/root/animal-omni-kv/data/marmaudio/controls/silence/235891.wav,Seep,2022_4_0,four_experts_unanimous_affirmative,Yes|Yes|Yes|Yes,silence,235891
238981,/root/animal-omni-kv/data/marmaudio/expert_interventions/full_0-8k/238981.wav,Trill,2020_2_0,four_experts_unanimous_affirmative,Yes|Yes|Yes|Yes,full_0-8k,238981
238981,/root/animal-omni-kv/data/marmaudio/controls/lp_0-1000_rms_matched/238981.wav,Trill,2020_2_0,four_experts_unanimous_affirmative,Yes|Yes|Yes|Yes,lp_0-1000_rms_matched,238981
238981,/root/animal-omni-kv/data/marmaudio/controls/lp_0-2000_rms_matched/238981.wav,Trill,2020_2_0,four_experts_unanimous_affirmative,Yes|Yes|Yes|Yes,lp_0-2000_rms_matched,238981
238981,/root/animal-omni-kv/data/marmaudio/controls/lp_0-4000_rms_matched/238981.wav,Trill,2020_2_0,four_experts_unanimous_affirmative,Yes|Yes|Yes|Yes,lp_0-4000_rms_matched,238981
238981,/root/animal-omni-kv/data/marmaudio/expert_interventions/full_0-8k/170858.wav,Trill,2020_2_0,four_experts_unanimous_affirmative,Yes|Yes|Yes|Yes,shuffled_audio,170858
238981,/root/animal-omni-kv/data/marmaudio/controls/silence/238981.wav,Trill,2020_2_0,four_experts_unanimous_affirmative,Yes|Yes|Yes|Yes,silence,238981
241125,/root/animal-omni-kv/data/marmaudio/expert_interventions/full_0-8k/241125.wav,Twitter,2020_2_0,four_experts_unanimous_affirmative,Yes-Yes|Yes|No-Yes|Yes,full_0-8k,241125
241125,/root/animal-omni-kv/data/marmaudio/controls/lp_0-1000_rms_matched/241125.wav,Twitter,2020_2_0,four_experts_unanimous_affirmative,Yes-Yes|Yes|No-Yes|Yes,lp_0-1000_rms_matched,241125
241125,/root/animal-omni-kv/data/marmaudio/controls/lp_0-2000_rms_matched/241125.wav,Twitter,2020_2_0,four_experts_unanimous_affirmative,Yes-Yes|Yes|No-Yes|Yes,lp_0-2000_rms_matched,241125
241125,/root/animal-omni-kv/data/marmaudio/controls/lp_0-4000_rms_matched/241125.wav,Twitter,2020_2_0,four_experts_unanimous_affirmative,Yes-Yes|Yes|No-Yes|Yes,lp_0-4000_rms_matched,241125
241125,/root/animal-omni-kv/data/marmaudio/expert_interventions/full_0-8k/223383.wav,Twitter,2020_2_0,four_experts_unanimous_affirmative,Yes-Yes|Yes|No-Yes|Yes,shuffled_audio,223383
241125,/root/animal-omni-kv/data/marmaudio/controls/silence/241125.wav,Twitter,2020_2_0,four_experts_unanimous_affirmative,Yes-Yes|Yes|No-Yes|Yes,silence,241125
248263,/root/animal-omni-kv/data/marmaudio/expert_interventions/full_0-8k/248263.wav,Twitter,2022_9_0,four_experts_unanimous_affirmative,Yes|Yes|Yes|Yes,full_0-8k,248263
248263,/root/animal-omni-kv/data/marmaudio/controls/lp_0-1000_rms_matched/248263.wav,Twitter,2022_9_0,four_experts_unanimous_affirmative,Yes|Yes|Yes|Yes,lp_0-1000_rms_matched,248263
248263,/root/animal-omni-kv/data/marmaudio/controls/lp_0-2000_rms_matched/248263.wav,Twitter,2022_9_0,four_experts_unanimous_affirmative,Yes|Yes|Yes|Yes,lp_0-2000_rms_matched,248263
248263,/root/animal-omni-kv/data/marmaudio/controls/lp_0-4000_rms_matched/248263.wav,Twitter,2022_9_0,four_experts_unanimous_affirmative,Yes|Yes|Yes|Yes,lp_0-4000_rms_matched,248263
248263,/root/animal-omni-kv/data/marmaudio/expert_interventions/full_0-8k/223396.wav,Twitter,2022_9_0,four_experts_unanimous_affirmative,Yes|Yes|Yes|Yes,shuffled_audio,223396
248263,/root/animal-omni-kv/data/marmaudio/controls/silence/248263.wav,Twitter,2022_9_0,four_experts_unanimous_affirmative,Yes|Yes|Yes|Yes,silence,248263
248296,/root/animal-omni-kv/data/marmaudio/expert_interventions/full_0-8k/248296.wav,Twitter,2022_9_0,four_experts_unanimous_affirmative,Yes|Yes|Yes|Yes,full_0-8k,248296
248296,/root/animal-omni-kv/data/marmaudio/controls/lp_0-1000_rms_matched/248296.wav,Twitter,2022_9_0,four_experts_unanimous_affirmative,Yes|Yes|Yes|Yes,lp_0-1000_rms_matched,248296
248296,/root/animal-omni-kv/data/marmaudio/controls/lp_0-2000_rms_matched/248296.wav,Twitter,2022_9_0,four_experts_unanimous_affirmative,Yes|Yes|Yes|Yes,lp_0-2000_rms_matched,248296
248296,/root/animal-omni-kv/data/marmaudio/controls/lp_0-4000_rms_matched/248296.wav,Twitter,2022_9_0,four_experts_unanimous_affirmative,Yes|Yes|Yes|Yes,lp_0-4000_rms_matched,248296
248296,/root/animal-omni-kv/data/marmaudio/expert_interventions/full_0-8k/223400.wav,Twitter,2022_9_0,four_experts_unanimous_affirmative,Yes|Yes|Yes|Yes,shuffled_audio,223400
248296,/root/animal-omni-kv/data/marmaudio/controls/silence/248296.wav,Twitter,2022_9_0,four_experts_unanimous_affirmative,Yes|Yes|Yes|Yes,silence,248296
268974,/root/animal-omni-kv/data/marmaudio/expert_interventions/full_0-8k/268974.wav,Phee,2022_12_1,four_experts_unanimous_affirmative,Yes|Yes|Yes|Yes,full_0-8k,268974
268974,/root/animal-omni-kv/data/marmaudio/controls/lp_0-1000_rms_matched/268974.wav,Phee,2022_12_1,four_experts_unanimous_affirmative,Yes|Yes|Yes|Yes,lp_0-1000_rms_matched,268974
268974,/root/animal-omni-kv/data/marmaudio/controls/lp_0-2000_rms_matched/268974.wav,Phee,2022_12_1,four_experts_unanimous_affirmative,Yes|Yes|Yes|Yes,lp_0-2000_rms_matched,268974
268974,/root/animal-omni-kv/data/marmaudio/controls/lp_0-4000_rms_matched/268974.wav,Phee,2022_12_1,four_experts_unanimous_affirmative,Yes|Yes|Yes|Yes,lp_0-4000_rms_matched,268974
268974,/root/animal-omni-kv/data/marmaudio/expert_interventions/full_0-8k/212120.wav,Phee,2022_12_1,four_experts_unanimous_affirmative,Yes|Yes|Yes|Yes,shuffled_audio,212120
268974,/root/animal-omni-kv/data/marmaudio/controls/silence/268974.wav,Phee,2022_12_1,four_experts_unanimous_affirmative,Yes|Yes|Yes|Yes,silence,268974
273977,/root/animal-omni-kv/data/marmaudio/expert_interventions/full_0-8k/273977.wav,Twitter,2022_12_1,four_experts_unanimous_affirmative,Yes|Yes|Yes|Yes,full_0-8k,273977
273977,/root/animal-omni-kv/data/marmaudio/controls/lp_0-1000_rms_matched/273977.wav,Twitter,2022_12_1,four_experts_unanimous_affirmative,Yes|Yes|Yes|Yes,lp_0-1000_rms_matched,273977
273977,/root/animal-omni-kv/data/marmaudio/controls/lp_0-2000_rms_matched/273977.wav,Twitter,2022_12_1,four_experts_unanimous_affirmative,Yes|Yes|Yes|Yes,lp_0-2000_rms_matched,273977
273977,/root/animal-omni-kv/data/marmaudio/controls/lp_0-4000_rms_matched/273977.wav,Twitter,2022_12_1,four_experts_unanimous_affirmative,Yes|Yes|Yes|Yes,lp_0-4000_rms_matched,273977
273977,/root/animal-omni-kv/data/marmaudio/expert_interventions/full_0-8k/299793.wav,Twitter,2022_12_1,four_experts_unanimous_affirmative,Yes|Yes|Yes|Yes,shuffled_audio,299793
273977,/root/animal-omni-kv/data/marmaudio/controls/silence/273977.wav,Twitter,2022_12_1,four_experts_unanimous_affirmative,Yes|Yes|Yes|Yes,silence,273977
274918,/root/animal-omni-kv/data/marmaudio/expert_interventions/full_0-8k/274918.wav,Twitter,2022_3_6,four_experts_unanimous_affirmative,Yes|Yes|Yes|Yes,full_0-8k,274918
274918,/root/animal-omni-kv/data/marmaudio/controls/lp_0-1000_rms_matched/274918.wav,Twitter,2022_3_6,four_experts_unanimous_affirmative,Yes|Yes|Yes|Yes,lp_0-1000_rms_matched,274918
274918,/root/animal-omni-kv/data/marmaudio/controls/lp_0-2000_rms_matched/274918.wav,Twitter,2022_3_6,four_experts_unanimous_affirmative,Yes|Yes|Yes|Yes,lp_0-2000_rms_matched,274918
274918,/root/animal-omni-kv/data/marmaudio/controls/lp_0-4000_rms_matched/274918.wav,Twitter,2022_3_6,four_experts_unanimous_affirmative,Yes|Yes|Yes|Yes,lp_0-4000_rms_matched,274918
274918,/root/animal-omni-kv/data/marmaudio/expert_interventions/full_0-8k/329778.wav,Twitter,2022_3_6,four_experts_unanimous_affirmative,Yes|Yes|Yes|Yes,shuffled_audio,329778
274918,/root/animal-omni-kv/data/marmaudio/controls/silence/274918.wav,Twitter,2022_3_6,four_experts_unanimous_affirmative,Yes|Yes|Yes|Yes,silence,274918
285967,/root/animal-omni-kv/data/marmaudio/expert_interventions/full_0-8k/285967.wav,Phee,2020_2_0,four_experts_unanimous_affirmative,Yes|Yes|Yes|Yes,full_0-8k,285967
285967,/root/animal-omni-kv/data/marmaudio/controls/lp_0-1000_rms_matched/285967.wav,Phee,2020_2_0,four_experts_unanimous_affirmative,Yes|Yes|Yes|Yes,lp_0-1000_rms_matched,285967
285967,/root/animal-omni-kv/data/marmaudio/controls/lp_0-2000_rms_matched/285967.wav,Phee,2020_2_0,four_experts_unanimous_affirmative,Yes|Yes|Yes|Yes,lp_0-2000_rms_matched,285967
285967,/root/animal-omni-kv/data/marmaudio/controls/lp_0-4000_rms_matched/285967.wav,Phee,2020_2_0,four_experts_unanimous_affirmative,Yes|Yes|Yes|Yes,lp_0-4000_rms_matched,285967
285967,/root/animal-omni-kv/data/marmaudio/expert_interventions/full_0-8k/212127.wav,Phee,2020_2_0,four_experts_unanimous_affirmative,Yes|Yes|Yes|Yes,shuffled_audio,212127
285967,/root/animal-omni-kv/data/marmaudio/controls/silence/285967.wav,Phee,2020_2_0,four_experts_unanimous_affirmative,Yes|Yes|Yes|Yes,silence,285967
294079,/root/animal-omni-kv/data/marmaudio/expert_interventions/full_0-8k/294079.wav,Seep,2022_3_7,four_experts_unanimous_affirmative,Yes|Yes|Yes|Yes,full_0-8k,294079
294079,/root/animal-omni-kv/data/marmaudio/controls/lp_0-1000_rms_matched/294079.wav,Seep,2022_3_7,four_experts_unanimous_affirmative,Yes|Yes|Yes|Yes,lp_0-1000_rms_matched,294079
294079,/root/animal-omni-kv/data/marmaudio/controls/lp_0-2000_rms_matched/294079.wav,Seep,2022_3_7,four_experts_unanimous_affirmative,Yes|Yes|Yes|Yes,lp_0-2000_rms_matched,294079
294079,/root/animal-omni-kv/data/marmaudio/controls/lp_0-4000_rms_matched/294079.wav,Seep,2022_3_7,four_experts_unanimous_affirmative,Yes|Yes|Yes|Yes,lp_0-4000_rms_matched,294079
294079,/root/animal-omni-kv/data/marmaudio/expert_interventions/full_0-8k/51436.wav,Seep,2022_3_7,four_experts_unanimous_affirmative,Yes|Yes|Yes|Yes,shuffled_audio,51436
294079,/root/animal-omni-kv/data/marmaudio/controls/silence/294079.wav,Seep,2022_3_7,four_experts_unanimous_affirmative,Yes|Yes|Yes|Yes,silence,294079
297892,/root/animal-omni-kv/data/marmaudio/expert_interventions/full_0-8k/297892.wav,Seep,2022_12_1,four_experts_unanimous_affirmative,Yes|Yes|Yes|Yes,full_0-8k,297892
297892,/root/animal-omni-kv/data/marmaudio/controls/lp_0-1000_rms_matched/297892.wav,Seep,2022_12_1,four_experts_unanimous_affirmative,Yes|Yes|Yes|Yes,lp_0-1000_rms_matched,297892
297892,/root/animal-omni-kv/data/marmaudio/controls/lp_0-2000_rms_matched/297892.wav,Seep,2022_12_1,four_experts_unanimous_affirmative,Yes|Yes|Yes|Yes,lp_0-2000_rms_matched,297892
297892,/root/animal-omni-kv/data/marmaudio/controls/lp_0-4000_rms_matched/297892.wav,Seep,2022_12_1,four_experts_unanimous_affirmative,Yes|Yes|Yes|Yes,lp_0-4000_rms_matched,297892
297892,/root/animal-omni-kv/data/marmaudio/expert_interventions/full_0-8k/515398.wav,Seep,2022_12_1,four_experts_unanimous_affirmative,Yes|Yes|Yes|Yes,shuffled_audio,515398
297892,/root/animal-omni-kv/data/marmaudio/controls/silence/297892.wav,Seep,2022_12_1,four_experts_unanimous_affirmative,Yes|Yes|Yes|Yes,silence,297892
299793,/root/animal-omni-kv/data/marmaudio/expert_interventions/full_0-8k/299793.wav,Infant Cry,2022_3_7,four_experts_unanimous_affirmative,Yes|Yes|Yes|Yes,full_0-8k,299793
299793,/root/animal-omni-kv/data/marmaudio/controls/lp_0-1000_rms_matched/299793.wav,Infant Cry,2022_3_7,four_experts_unanimous_affirmative,Yes|Yes|Yes|Yes,lp_0-1000_rms_matched,299793
299793,/root/animal-omni-kv/data/marmaudio/controls/lp_0-2000_rms_matched/299793.wav,Infant Cry,2022_3_7,four_experts_unanimous_affirmative,Yes|Yes|Yes|Yes,lp_0-2000_rms_matched,299793
299793,/root/animal-omni-kv/data/marmaudio/controls/lp_0-4000_rms_matched/299793.wav,Infant Cry,2022_3_7,four_experts_unanimous_affirmative,Yes|Yes|Yes|Yes,lp_0-4000_rms_matched,299793
299793,/root/animal-omni-kv/data/marmaudio/expert_interventions/full_0-8k/377896.wav,Infant Cry,2022_3_7,four_experts_unanimous_affirmative,Yes|Yes|Yes|Yes,shuffled_audio,377896
299793,/root/animal-omni-kv/data/marmaudio/controls/silence/299793.wav,Infant Cry,2022_3_7,four_experts_unanimous_affirmative,Yes|Yes|Yes|Yes,silence,299793
303572,/root/animal-omni-kv/data/marmaudio/expert_interventions/full_0-8k/303572.wav,Seep,2022_3_7,four_experts_unanimous_affirmative,Yes|Yes|Yes|Yes,full_0-8k,303572
303572,/root/animal-omni-kv/data/marmaudio/controls/lp_0-1000_rms_matched/303572.wav,Seep,2022_3_7,four_experts_unanimous_affirmative,Yes|Yes|Yes|Yes,lp_0-1000_rms_matched,303572
303572,/root/animal-omni-kv/data/marmaudio/controls/lp_0-2000_rms_matched/303572.wav,Seep,2022_3_7,four_experts_unanimous_affirmative,Yes|Yes|Yes|Yes,lp_0-2000_rms_matched,303572
303572,/root/animal-omni-kv/data/marmaudio/controls/lp_0-4000_rms_matched/303572.wav,Seep,2022_3_7,four_experts_unanimous_affirmative,Yes|Yes|Yes|Yes,lp_0-4000_rms_matched,303572
303572,/root/animal-omni-kv/data/marmaudio/expert_interventions/full_0-8k/548798.wav,Seep,2022_3_7,four_experts_unanimous_affirmative,Yes|Yes|Yes|Yes,shuffled_audio,548798
303572,/root/animal-omni-kv/data/marmaudio/controls/silence/303572.wav,Seep,2022_3_7,four_experts_unanimous_affirmative,Yes|Yes|Yes|Yes,silence,303572
313999,/root/animal-omni-kv/data/marmaudio/expert_interventions/full_0-8k/313999.wav,Twitter,2022_3_8,four_experts_unanimous_affirmative,Yes|Yes|Yes|Yes,full_0-8k,313999
313999,/root/animal-omni-kv/data/marmaudio/controls/lp_0-1000_rms_matched/313999.wav,Twitter,2022_3_8,four_experts_unanimous_affirmative,Yes|Yes|Yes|Yes,lp_0-1000_rms_matched,313999
313999,/root/animal-omni-kv/data/marmaudio/controls/lp_0-2000_rms_matched/313999.wav,Twitter,2022_3_8,four_experts_unanimous_affirmative,Yes|Yes|Yes|Yes,lp_0-2000_rms_matched,313999
313999,/root/animal-omni-kv/data/marmaudio/controls/lp_0-4000_rms_matched/313999.wav,Twitter,2022_3_8,four_experts_unanimous_affirmative,Yes|Yes|Yes|Yes,lp_0-4000_rms_matched,313999
313999,/root/animal-omni-kv/data/marmaudio/expert_interventions/full_0-8k/342684.wav,Twitter,2022_3_8,four_experts_unanimous_affirmative,Yes|Yes|Yes|Yes,shuffled_audio,342684
313999,/root/animal-omni-kv/data/marmaudio/controls/silence/313999.wav,Twitter,2022_3_8,four_experts_unanimous_affirmative,Yes|Yes|Yes|Yes,silence,313999
31471,/root/animal-omni-kv/data/marmaudio/expert_interventions/full_0-8k/31471.wav,Tsik,2022_1_3,four_experts_unanimous_affirmative,Yes|Yes|Yes|Yes,full_0-8k,31471
31471,/root/animal-omni-kv/data/marmaudio/controls/lp_0-1000_rms_matched/31471.wav,Tsik,2022_1_3,four_experts_unanimous_affirmative,Yes|Yes|Yes|Yes,lp_0-1000_rms_matched,31471
31471,/root/animal-omni-kv/data/marmaudio/controls/lp_0-2000_rms_matched/31471.wav,Tsik,2022_1_3,four_experts_unanimous_affirmative,Yes|Yes|Yes|Yes,lp_0-2000_rms_matched,31471
31471,/root/animal-omni-kv/data/marmaudio/controls/lp_0-4000_rms_matched/31471.wav,Tsik,2022_1_3,four_experts_unanimous_affirmative,Yes|Yes|Yes|Yes,lp_0-4000_rms_matched,31471
31471,/root/animal-omni-kv/data/marmaudio/expert_interventions/full_0-8k/508777.wav,Tsik,2022_1_3,four_experts_unanimous_affirmative,Yes|Yes|Yes|Yes,shuffled_audio,508777
31471,/root/animal-omni-kv/data/marmaudio/controls/silence/31471.wav,Tsik,2022_1_3,four_experts_unanimous_affirmative,Yes|Yes|Yes|Yes,silence,31471
329778,/root/animal-omni-kv/data/marmaudio/expert_interventions/full_0-8k/329778.wav,Infant Cry,2022_3_10,four_experts_unanimous_affirmative,Yes|Yes|Yes|Yes,full_0-8k,329778
329778,/root/animal-omni-kv/data/marmaudio/controls/lp_0-1000_rms_matched/329778.wav,Infant Cry,2022_3_10,four_experts_unanimous_affirmative,Yes|Yes|Yes|Yes,lp_0-1000_rms_matched,329778
329778,/root/animal-omni-kv/data/marmaudio/controls/lp_0-2000_rms_matched/329778.wav,Infant Cry,2022_3_10,four_experts_unanimous_affirmative,Yes|Yes|Yes|Yes,lp_0-2000_rms_matched,329778
329778,/root/animal-omni-kv/data/marmaudio/controls/lp_0-4000_rms_matched/329778.wav,Infant Cry,2022_3_10,four_experts_unanimous_affirmative,Yes|Yes|Yes|Yes,lp_0-4000_rms_matched,329778
329778,/root/animal-omni-kv/data/marmaudio/expert_interventions/full_0-8k/389438.wav,Infant Cry,2022_3_10,four_experts_unanimous_affirmative,Yes|Yes|Yes|Yes,shuffled_audio,389438
329778,/root/animal-omni-kv/data/marmaudio/controls/silence/329778.wav,Infant Cry,2022_3_10,four_experts_unanimous_affirmative,Yes|Yes|Yes|Yes,silence,329778
335642,/root/animal-omni-kv/data/marmaudio/expert_interventions/full_0-8k/335642.wav,Tsik,2020_1_1,four_experts_unanimous_affirmative,Yes|Yes|Yes|Yes,full_0-8k,335642
335642,/root/animal-omni-kv/data/marmaudio/controls/lp_0-1000_rms_matched/335642.wav,Tsik,2020_1_1,four_experts_unanimous_affirmative,Yes|Yes|Yes|Yes,lp_0-1000_rms_matched,335642
335642,/root/animal-omni-kv/data/marmaudio/controls/lp_0-2000_rms_matched/335642.wav,Tsik,2020_1_1,four_experts_unanimous_affirmative,Yes|Yes|Yes|Yes,lp_0-2000_rms_matched,335642
335642,/root/animal-omni-kv/data/marmaudio/controls/lp_0-4000_rms_matched/335642.wav,Tsik,2020_1_1,four_experts_unanimous_affirmative,Yes|Yes|Yes|Yes,lp_0-4000_rms_matched,335642
335642,/root/animal-omni-kv/data/marmaudio/expert_interventions/full_0-8k/508992.wav,Tsik,2020_1_1,four_experts_unanimous_affirmative,Yes|Yes|Yes|Yes,shuffled_audio,508992
335642,/root/animal-omni-kv/data/marmaudio/controls/silence/335642.wav,Tsik,2020_1_1,four_experts_unanimous_affirmative,Yes|Yes|Yes|Yes,silence,335642
342684,/root/animal-omni-kv/data/marmaudio/expert_interventions/full_0-8k/342684.wav,Infant Cry,2022_3_11,four_experts_unanimous_affirmative,Yes|Yes|Yes|Yes,full_0-8k,342684
342684,/root/animal-omni-kv/data/marmaudio/controls/lp_0-1000_rms_matched/342684.wav,Infant Cry,2022_3_11,four_experts_unanimous_affirmative,Yes|Yes|Yes|Yes,lp_0-1000_rms_matched,342684
342684,/root/animal-omni-kv/data/marmaudio/controls/lp_0-2000_rms_matched/342684.wav,Infant Cry,2022_3_11,four_experts_unanimous_affirmative,Yes|Yes|Yes|Yes,lp_0-2000_rms_matched,342684
342684,/root/animal-omni-kv/data/marmaudio/controls/lp_0-4000_rms_matched/342684.wav,Infant Cry,2022_3_11,four_experts_unanimous_affirmative,Yes|Yes|Yes|Yes,lp_0-4000_rms_matched,342684
342684,/root/animal-omni-kv/data/marmaudio/expert_interventions/full_0-8k/395548.wav,Infant Cry,2022_3_11,four_experts_unanimous_affirmative,Yes|Yes|Yes|Yes,shuffled_audio,395548
342684,/root/animal-omni-kv/data/marmaudio/controls/silence/342684.wav,Infant Cry,2022_3_11,four_experts_unanimous_affirmative,Yes|Yes|Yes|Yes,silence,342684
352081,/root/animal-omni-kv/data/marmaudio/expert_interventions/full_0-8k/352081.wav,Infant Cry,2022_12_2,four_experts_unanimous_affirmative,Yes|Yes|Yes|Yes,full_0-8k,352081
352081,/root/animal-omni-kv/data/marmaudio/controls/lp_0-1000_rms_matched/352081.wav,Infant Cry,2022_12_2,four_experts_unanimous_affirmative,Yes|Yes|Yes|Yes,lp_0-1000_rms_matched,352081
352081,/root/animal-omni-kv/data/marmaudio/controls/lp_0-2000_rms_matched/352081.wav,Infant Cry,2022_12_2,four_experts_unanimous_affirmative,Yes|Yes|Yes|Yes,lp_0-2000_rms_matched,352081
352081,/root/animal-omni-kv/data/marmaudio/controls/lp_0-4000_rms_matched/352081.wav,Infant Cry,2022_12_2,four_experts_unanimous_affirmative,Yes|Yes|Yes|Yes,lp_0-4000_rms_matched,352081
352081,/root/animal-omni-kv/data/marmaudio/expert_interventions/full_0-8k/408631.wav,Infant Cry,2022_12_2,four_experts_unanimous_affirmative,Yes|Yes|Yes|Yes,shuffled_audio,408631
352081,/root/animal-omni-kv/data/marmaudio/controls/silence/352081.wav,Infant Cry,2022_12_2,four_experts_unanimous_affirmative,Yes|Yes|Yes|Yes,silence,352081
354197,/root/animal-omni-kv/data/marmaudio/expert_interventions/full_0-8k/354197.wav,Infant Cry,2022_3_12,four_experts_unanimous_affirmative,Yes|Yes|Yes|Yes,full_0-8k,354197
354197,/root/animal-omni-kv/data/marmaudio/controls/lp_0-1000_rms_matched/354197.wav,Infant Cry,2022_3_12,four_experts_unanimous_affirmative,Yes|Yes|Yes|Yes,lp_0-1000_rms_matched,354197
354197,/root/animal-omni-kv/data/marmaudio/controls/lp_0-2000_rms_matched/354197.wav,Infant Cry,2022_3_12,four_experts_unanimous_affirmative,Yes|Yes|Yes|Yes,lp_0-2000_rms_matched,354197
354197,/root/animal-omni-kv/data/marmaudio/controls/lp_0-4000_rms_matched/354197.wav,Infant Cry,2022_3_12,four_experts_unanimous_affirmative,Yes|Yes|Yes|Yes,lp_0-4000_rms_matched,354197
354197,/root/animal-omni-kv/data/marmaudio/expert_interventions/full_0-8k/508696.wav,Infant Cry,2022_3_12,four_experts_unanimous_affirmative,Yes|Yes|Yes|Yes,shuffled_audio,508696
354197,/root/animal-omni-kv/data/marmaudio/controls/silence/354197.wav,Infant Cry,2022_3_12,four_experts_unanimous_affirmative,Yes|Yes|Yes|Yes,silence,354197
354379,/root/animal-omni-kv/data/marmaudio/expert_interventions/full_0-8k/354379.wav,Trill,2022_3_12,four_experts_unanimous_affirmative,Yes|Yes|Yes|Yes,full_0-8k,354379
354379,/root/animal-omni-kv/data/marmaudio/controls/lp_0-1000_rms_matched/354379.wav,Trill,2022_3_12,four_experts_unanimous_affirmative,Yes|Yes|Yes|Yes,lp_0-1000_rms_matched,354379
354379,/root/animal-omni-kv/data/marmaudio/controls/lp_0-2000_rms_matched/354379.wav,Trill,2022_3_12,four_experts_unanimous_affirmative,Yes|Yes|Yes|Yes,lp_0-2000_rms_matched,354379
354379,/root/animal-omni-kv/data/marmaudio/controls/lp_0-4000_rms_matched/354379.wav,Trill,2022_3_12,four_experts_unanimous_affirmative,Yes|Yes|Yes|Yes,lp_0-4000_rms_matched,354379
354379,/root/animal-omni-kv/data/marmaudio/expert_interventions/full_0-8k/209834.wav,Trill,2022_3_12,four_experts_unanimous_affirmative,Yes|Yes|Yes|Yes,shuffled_audio,209834
354379,/root/animal-omni-kv/data/marmaudio/controls/silence/354379.wav,Trill,2022_3_12,four_experts_unanimous_affirmative,Yes|Yes|Yes|Yes,silence,354379
357670,/root/animal-omni-kv/data/marmaudio/expert_interventions/full_0-8k/357670.wav,Infant Cry,2022_3_12,four_experts_unanimous_affirmative,Yes|Yes|Yes|Yes,full_0-8k,357670
357670,/root/animal-omni-kv/data/marmaudio/controls/lp_0-1000_rms_matched/357670.wav,Infant Cry,2022_3_12,four_experts_unanimous_affirmative,Yes|Yes|Yes|Yes,lp_0-1000_rms_matched,357670
357670,/root/animal-omni-kv/data/marmaudio/controls/lp_0-2000_rms_matched/357670.wav,Infant Cry,2022_3_12,four_experts_unanimous_affirmative,Yes|Yes|Yes|Yes,lp_0-2000_rms_matched,357670
357670,/root/animal-omni-kv/data/marmaudio/controls/lp_0-4000_rms_matched/357670.wav,Infant Cry,2022_3_12,four_experts_unanimous_affirmative,Yes|Yes|Yes|Yes,lp_0-4000_rms_matched,357670
357670,/root/animal-omni-kv/data/marmaudio/expert_interventions/full_0-8k/508775.wav,Infant Cry,2022_3_12,four_experts_unanimous_affirmative,Yes|Yes|Yes|Yes,shuffled_audio,508775
357670,/root/animal-omni-kv/data/marmaudio/controls/silence/357670.wav,Infant Cry,2022_3_12,four_experts_unanimous_affirmative,Yes|Yes|Yes|Yes,silence,357670
363877,/root/animal-omni-kv/data/marmaudio/expert_interventions/full_0-8k/363877.wav,Twitter,2022_4_1,four_experts_unanimous_affirmative,Yes|Yes|Yes|Yes,full_0-8k,363877
363877,/root/animal-omni-kv/data/marmaudio/controls/lp_0-1000_rms_matched/363877.wav,Twitter,2022_4_1,four_experts_unanimous_affirmative,Yes|Yes|Yes|Yes,lp_0-1000_rms_matched,363877
363877,/root/animal-omni-kv/data/marmaudio/controls/lp_0-2000_rms_matched/363877.wav,Twitter,2022_4_1,four_experts_unanimous_affirmative,Yes|Yes|Yes|Yes,lp_0-2000_rms_matched,363877
363877,/root/animal-omni-kv/data/marmaudio/controls/lp_0-4000_rms_matched/363877.wav,Twitter,2022_4_1,four_experts_unanimous_affirmative,Yes|Yes|Yes|Yes,lp_0-4000_rms_matched,363877
363877,/root/animal-omni-kv/data/marmaudio/expert_interventions/full_0-8k/352081.wav,Twitter,2022_4_1,four_experts_unanimous_affirmative,Yes|Yes|Yes|Yes,shuffled_audio,352081
363877,/root/animal-omni-kv/data/marmaudio/controls/silence/363877.wav,Twitter,2022_4_1,four_experts_unanimous_affirmative,Yes|Yes|Yes|Yes,silence,363877
36485,/root/animal-omni-kv/data/marmaudio/expert_interventions/full_0-8k/36485.wav,Phee,2022_1_3,four_experts_unanimous_affirmative,Yes|Yes|Yes|Yes,full_0-8k,36485
36485,/root/animal-omni-kv/data/marmaudio/controls/lp_0-1000_rms_matched/36485.wav,Phee,2022_1_3,four_experts_unanimous_affirmative,Yes|Yes|Yes|Yes,lp_0-1000_rms_matched,36485
36485,/root/animal-omni-kv/data/marmaudio/controls/lp_0-2000_rms_matched/36485.wav,Phee,2022_1_3,four_experts_unanimous_affirmative,Yes|Yes|Yes|Yes,lp_0-2000_rms_matched,36485
36485,/root/animal-omni-kv/data/marmaudio/controls/lp_0-4000_rms_matched/36485.wav,Phee,2022_1_3,four_experts_unanimous_affirmative,Yes|Yes|Yes|Yes,lp_0-4000_rms_matched,36485
36485,/root/animal-omni-kv/data/marmaudio/expert_interventions/full_0-8k/212130.wav,Phee,2022_1_3,four_experts_unanimous_affirmative,Yes|Yes|Yes|Yes,shuffled_audio,212130
36485,/root/animal-omni-kv/data/marmaudio/controls/silence/36485.wav,Phee,2022_1_3,four_experts_unanimous_affirmative,Yes|Yes|Yes|Yes,silence,36485
36522,/root/animal-omni-kv/data/marmaudio/expert_interventions/full_0-8k/36522.wav,Twitter,2022_1_3,four_experts_unanimous_affirmative,Yes|Yes|Yes|Yes,full_0-8k,36522
36522,/root/animal-omni-kv/data/marmaudio/controls/lp_0-1000_rms_matched/36522.wav,Twitter,2022_1_3,four_experts_unanimous_affirmative,Yes|Yes|Yes|Yes,lp_0-1000_rms_matched,36522
36522,/root/animal-omni-kv/data/marmaudio/controls/lp_0-2000_rms_matched/36522.wav,Twitter,2022_1_3,four_experts_unanimous_affirmative,Yes|Yes|Yes|Yes,lp_0-2000_rms_matched,36522
36522,/root/animal-omni-kv/data/marmaudio/controls/lp_0-4000_rms_matched/36522.wav,Twitter,2022_1_3,four_experts_unanimous_affirmative,Yes|Yes|Yes|Yes,lp_0-4000_rms_matched,36522
36522,/root/animal-omni-kv/data/marmaudio/expert_interventions/full_0-8k/354197.wav,Twitter,2022_1_3,four_experts_unanimous_affirmative,Yes|Yes|Yes|Yes,shuffled_audio,354197
36522,/root/animal-omni-kv/data/marmaudio/controls/silence/36522.wav,Twitter,2022_1_3,four_experts_unanimous_affirmative,Yes|Yes|Yes|Yes,silence,36522
377896,/root/animal-omni-kv/data/marmaudio/expert_interventions/full_0-8k/377896.wav,Phee,2022_10_1,four_experts_unanimous_affirmative,Yes|Yes|Yes|Yes,full_0-8k,377896
377896,/root/animal-omni-kv/data/marmaudio/controls/lp_0-1000_rms_matched/377896.wav,Phee,2022_10_1,four_experts_unanimous_affirmative,Yes|Yes|Yes|Yes,lp_0-1000_rms_matched,377896
377896,/root/animal-omni-kv/data/marmaudio/controls/lp_0-2000_rms_matched/377896.wav,Phee,2022_10_1,four_experts_unanimous_affirmative,Yes|Yes|Yes|Yes,lp_0-2000_rms_matched,377896
377896,/root/animal-omni-kv/data/marmaudio/controls/lp_0-4000_rms_matched/377896.wav,Phee,2022_10_1,four_experts_unanimous_affirmative,Yes|Yes|Yes|Yes,lp_0-4000_rms_matched,377896
377896,/root/animal-omni-kv/data/marmaudio/expert_interventions/full_0-8k/223298.wav,Phee,2022_10_1,four_experts_unanimous_affirmative,Yes|Yes|Yes|Yes,shuffled_audio,223298
377896,/root/animal-omni-kv/data/marmaudio/controls/silence/377896.wav,Phee,2022_10_1,four_experts_unanimous_affirmative,Yes|Yes|Yes|Yes,silence,377896
389438,/root/animal-omni-kv/data/marmaudio/expert_interventions/full_0-8k/389438.wav,Phee,2022_4_1,four_experts_unanimous_affirmative,Yes|Yes|Yes|Yes,full_0-8k,389438
389438,/root/animal-omni-kv/data/marmaudio/controls/lp_0-1000_rms_matched/389438.wav,Phee,2022_4_1,four_experts_unanimous_affirmative,Yes|Yes|Yes|Yes,lp_0-1000_rms_matched,389438
389438,/root/animal-omni-kv/data/marmaudio/controls/lp_0-2000_rms_matched/389438.wav,Phee,2022_4_1,four_experts_unanimous_affirmative,Yes|Yes|Yes|Yes,lp_0-2000_rms_matched,389438
389438,/root/animal-omni-kv/data/marmaudio/controls/lp_0-4000_rms_matched/389438.wav,Phee,2022_4_1,four_experts_unanimous_affirmative,Yes|Yes|Yes|Yes,lp_0-4000_rms_matched,389438
389438,/root/animal-omni-kv/data/marmaudio/expert_interventions/full_0-8k/235891.wav,Phee,2022_4_1,four_experts_unanimous_affirmative,Yes|Yes|Yes|Yes,shuffled_audio,235891
389438,/root/animal-omni-kv/data/marmaudio/controls/silence/389438.wav,Phee,2022_4_1,four_experts_unanimous_affirmative,Yes|Yes|Yes|Yes,silence,389438
395548,/root/animal-omni-kv/data/marmaudio/expert_interventions/full_0-8k/395548.wav,Phee,2022_4_2,four_experts_unanimous_affirmative,Yes|Yes|Yes|Yes,full_0-8k,395548
395548,/root/animal-omni-kv/data/marmaudio/controls/lp_0-1000_rms_matched/395548.wav,Phee,2022_4_2,four_experts_unanimous_affirmative,Yes|Yes|Yes|Yes,lp_0-1000_rms_matched,395548
395548,/root/animal-omni-kv/data/marmaudio/controls/lp_0-2000_rms_matched/395548.wav,Phee,2022_4_2,four_experts_unanimous_affirmative,Yes|Yes|Yes|Yes,lp_0-2000_rms_matched,395548
395548,/root/animal-omni-kv/data/marmaudio/controls/lp_0-4000_rms_matched/395548.wav,Phee,2022_4_2,four_experts_unanimous_affirmative,Yes|Yes|Yes|Yes,lp_0-4000_rms_matched,395548
395548,/root/animal-omni-kv/data/marmaudio/expert_interventions/full_0-8k/294079.wav,Phee,2022_4_2,four_experts_unanimous_affirmative,Yes|Yes|Yes|Yes,shuffled_audio,294079
395548,/root/animal-omni-kv/data/marmaudio/controls/silence/395548.wav,Phee,2022_4_2,four_experts_unanimous_affirmative,Yes|Yes|Yes|Yes,silence,395548
397118,/root/animal-omni-kv/data/marmaudio/expert_interventions/full_0-8k/397118.wav,Trill,2022_4_2,four_experts_unanimous_affirmative,Yes|Yes|Yes|Yes,full_0-8k,397118
397118,/root/animal-omni-kv/data/marmaudio/controls/lp_0-1000_rms_matched/397118.wav,Trill,2022_4_2,four_experts_unanimous_affirmative,Yes|Yes|Yes|Yes,lp_0-1000_rms_matched,397118
397118,/root/animal-omni-kv/data/marmaudio/controls/lp_0-2000_rms_matched/397118.wav,Trill,2022_4_2,four_experts_unanimous_affirmative,Yes|Yes|Yes|Yes,lp_0-2000_rms_matched,397118
397118,/root/animal-omni-kv/data/marmaudio/controls/lp_0-4000_rms_matched/397118.wav,Trill,2022_4_2,four_experts_unanimous_affirmative,Yes|Yes|Yes|Yes,lp_0-4000_rms_matched,397118
397118,/root/animal-omni-kv/data/marmaudio/expert_interventions/full_0-8k/209838.wav,Trill,2022_4_2,four_experts_unanimous_affirmative,Yes|Yes|Yes|Yes,shuffled_audio,209838
397118,/root/animal-omni-kv/data/marmaudio/controls/silence/397118.wav,Trill,2022_4_2,four_experts_unanimous_affirmative,Yes|Yes|Yes|Yes,silence,397118
400874,/root/animal-omni-kv/data/marmaudio/expert_interventions/full_0-8k/400874.wav,Twitter,2022_4_2,four_experts_unanimous_affirmative,Yes|Yes|Yes|Yes,full_0-8k,400874
400874,/root/animal-omni-kv/data/marmaudio/controls/lp_0-1000_rms_matched/400874.wav,Twitter,2022_4_2,four_experts_unanimous_affirmative,Yes|Yes|Yes|Yes,lp_0-1000_rms_matched,400874
400874,/root/animal-omni-kv/data/marmaudio/controls/lp_0-2000_rms_matched/400874.wav,Twitter,2022_4_2,four_experts_unanimous_affirmative,Yes|Yes|Yes|Yes,lp_0-2000_rms_matched,400874
400874,/root/animal-omni-kv/data/marmaudio/controls/lp_0-4000_rms_matched/400874.wav,Twitter,2022_4_2,four_experts_unanimous_affirmative,Yes|Yes|Yes|Yes,lp_0-4000_rms_matched,400874
400874,/root/animal-omni-kv/data/marmaudio/expert_interventions/full_0-8k/357670.wav,Twitter,2022_4_2,four_experts_unanimous_affirmative,Yes|Yes|Yes|Yes,shuffled_audio,357670
400874,/root/animal-omni-kv/data/marmaudio/controls/silence/400874.wav,Twitter,2022_4_2,four_experts_unanimous_affirmative,Yes|Yes|Yes|Yes,silence,400874
405841,/root/animal-omni-kv/data/marmaudio/expert_interventions/full_0-8k/405841.wav,Infant Cry,2022_4_3,four_experts_unanimous_affirmative,Yes|Yes|Yes|Yes,full_0-8k,405841
405841,/root/animal-omni-kv/data/marmaudio/controls/lp_0-1000_rms_matched/405841.wav,Infant Cry,2022_4_3,four_experts_unanimous_affirmative,Yes|Yes|Yes|Yes,lp_0-1000_rms_matched,405841
405841,/root/animal-omni-kv/data/marmaudio/controls/lp_0-2000_rms_matched/405841.wav,Infant Cry,2022_4_3,four_experts_unanimous_affirmative,Yes|Yes|Yes|Yes,lp_0-2000_rms_matched,405841
405841,/root/animal-omni-kv/data/marmaudio/controls/lp_0-4000_rms_matched/405841.wav,Infant Cry,2022_4_3,four_experts_unanimous_affirmative,Yes|Yes|Yes|Yes,lp_0-4000_rms_matched,405841
405841,/root/animal-omni-kv/data/marmaudio/expert_interventions/full_0-8k/508966.wav,Infant Cry,2022_4_3,four_experts_unanimous_affirmative,Yes|Yes|Yes|Yes,shuffled_audio,508966
405841,/root/animal-omni-kv/data/marmaudio/controls/silence/405841.wav,Infant Cry,2022_4_3,four_experts_unanimous_affirmative,Yes|Yes|Yes|Yes,silence,405841
408631,/root/animal-omni-kv/data/marmaudio/expert_interventions/full_0-8k/408631.wav,Phee,2022_4_3,four_experts_unanimous_affirmative,Yes|Yes|Yes|Yes,full_0-8k,408631
408631,/root/animal-omni-kv/data/marmaudio/controls/lp_0-1000_rms_matched/408631.wav,Phee,2022_4_3,four_experts_unanimous_affirmative,Yes|Yes|Yes|Yes,lp_0-1000_rms_matched,408631
408631,/root/animal-omni-kv/data/marmaudio/controls/lp_0-2000_rms_matched/408631.wav,Phee,2022_4_3,four_experts_unanimous_affirmative,Yes|Yes|Yes|Yes,lp_0-2000_rms_matched,408631
408631,/root/animal-omni-kv/data/marmaudio/controls/lp_0-4000_rms_matched/408631.wav,Phee,2022_4_3,four_experts_unanimous_affirmative,Yes|Yes|Yes|Yes,lp_0-4000_rms_matched,408631
408631,/root/animal-omni-kv/data/marmaudio/expert_interventions/full_0-8k/297892.wav,Phee,2022_4_3,four_experts_unanimous_affirmative,Yes|Yes|Yes|Yes,shuffled_audio,297892
408631,/root/animal-omni-kv/data/marmaudio/controls/silence/408631.wav,Phee,2022_4_3,four_experts_unanimous_affirmative,Yes|Yes|Yes|Yes,silence,408631
411252,/root/animal-omni-kv/data/marmaudio/expert_interventions/full_0-8k/411252.wav,Seep,2022_10_1,four_experts_unanimous_affirmative,Yes|Yes|Yes|Yes,full_0-8k,411252
411252,/root/animal-omni-kv/data/marmaudio/controls/lp_0-1000_rms_matched/411252.wav,Seep,2022_10_1,four_experts_unanimous_affirmative,Yes|Yes|Yes|Yes,lp_0-1000_rms_matched,411252
411252,/root/animal-omni-kv/data/marmaudio/controls/lp_0-2000_rms_matched/411252.wav,Seep,2022_10_1,four_experts_unanimous_affirmative,Yes|Yes|Yes|Yes,lp_0-2000_rms_matched,411252
411252,/root/animal-omni-kv/data/marmaudio/controls/lp_0-4000_rms_matched/411252.wav,Seep,2022_10_1,four_experts_unanimous_affirmative,Yes|Yes|Yes|Yes,lp_0-4000_rms_matched,411252
411252,/root/animal-omni-kv/data/marmaudio/expert_interventions/full_0-8k/549295.wav,Seep,2022_10_1,four_experts_unanimous_affirmative,Yes|Yes|Yes|Yes,shuffled_audio,549295
411252,/root/animal-omni-kv/data/marmaudio/controls/silence/411252.wav,Seep,2022_10_1,four_experts_unanimous_affirmative,Yes|Yes|Yes|Yes,silence,411252
414997,/root/animal-omni-kv/data/marmaudio/expert_interventions/full_0-8k/414997.wav,Seep,2022_10_1,four_experts_unanimous_affirmative,Yes|Yes|Yes|Yes,full_0-8k,414997
414997,/root/animal-omni-kv/data/marmaudio/controls/lp_0-1000_rms_matched/414997.wav,Seep,2022_10_1,four_experts_unanimous_affirmative,Yes|Yes|Yes|Yes,lp_0-1000_rms_matched,414997
414997,/root/animal-omni-kv/data/marmaudio/controls/lp_0-2000_rms_matched/414997.wav,Seep,2022_10_1,four_experts_unanimous_affirmative,Yes|Yes|Yes|Yes,lp_0-2000_rms_matched,414997
414997,/root/animal-omni-kv/data/marmaudio/controls/lp_0-4000_rms_matched/414997.wav,Seep,2022_10_1,four_experts_unanimous_affirmative,Yes|Yes|Yes|Yes,lp_0-4000_rms_matched,414997
414997,/root/animal-omni-kv/data/marmaudio/expert_interventions/full_0-8k/549995.wav,Seep,2022_10_1,four_experts_unanimous_affirmative,Yes|Yes|Yes|Yes,shuffled_audio,549995
414997,/root/animal-omni-kv/data/marmaudio/controls/silence/414997.wav,Seep,2022_10_1,four_experts_unanimous_affirmative,Yes|Yes|Yes|Yes,silence,414997
423771,/root/animal-omni-kv/data/marmaudio/expert_interventions/full_0-8k/423771.wav,Tsik,2022_9_0,four_experts_unanimous_affirmative,Yes|Yes|Yes|Yes,full_0-8k,423771
423771,/root/animal-omni-kv/data/marmaudio/controls/lp_0-1000_rms_matched/423771.wav,Tsik,2022_9_0,four_experts_unanimous_affirmative,Yes|Yes|Yes|Yes,lp_0-1000_rms_matched,423771
423771,/root/animal-omni-kv/data/marmaudio/controls/lp_0-2000_rms_matched/423771.wav,Tsik,2022_9_0,four_experts_unanimous_affirmative,Yes|Yes|Yes|Yes,lp_0-2000_rms_matched,423771
423771,/root/animal-omni-kv/data/marmaudio/controls/lp_0-4000_rms_matched/423771.wav,Tsik,2022_9_0,four_experts_unanimous_affirmative,Yes|Yes|Yes|Yes,lp_0-4000_rms_matched,423771
423771,/root/animal-omni-kv/data/marmaudio/expert_interventions/full_0-8k/509005.wav,Tsik,2022_9_0,four_experts_unanimous_affirmative,Yes|Yes|Yes|Yes,shuffled_audio,509005
423771,/root/animal-omni-kv/data/marmaudio/controls/silence/423771.wav,Tsik,2022_9_0,four_experts_unanimous_affirmative,Yes|Yes|Yes|Yes,silence,423771
436313,/root/animal-omni-kv/data/marmaudio/expert_interventions/full_0-8k/436313.wav,Trill,2022_9_1,four_experts_unanimous_affirmative,Yes|Yes|Yes|Yes,full_0-8k,436313
436313,/root/animal-omni-kv/data/marmaudio/controls/lp_0-1000_rms_matched/436313.wav,Trill,2022_9_1,four_experts_unanimous_affirmative,Yes|Yes|Yes|Yes,lp_0-1000_rms_matched,436313
436313,/root/animal-omni-kv/data/marmaudio/controls/lp_0-2000_rms_matched/436313.wav,Trill,2022_9_1,four_experts_unanimous_affirmative,Yes|Yes|Yes|Yes,lp_0-2000_rms_matched,436313
436313,/root/animal-omni-kv/data/marmaudio/controls/lp_0-4000_rms_matched/436313.wav,Trill,2022_9_1,four_experts_unanimous_affirmative,Yes|Yes|Yes|Yes,lp_0-4000_rms_matched,436313
436313,/root/animal-omni-kv/data/marmaudio/expert_interventions/full_0-8k/209851.wav,Trill,2022_9_1,four_experts_unanimous_affirmative,Yes|Yes|Yes|Yes,shuffled_audio,209851
436313,/root/animal-omni-kv/data/marmaudio/controls/silence/436313.wav,Trill,2022_9_1,four_experts_unanimous_affirmative,Yes|Yes|Yes|Yes,silence,436313
456914,/root/animal-omni-kv/data/marmaudio/expert_interventions/full_0-8k/456914.wav,Trill,2022_10_3,four_experts_unanimous_affirmative,Yes|Yes|Yes|Yes,full_0-8k,456914
456914,/root/animal-omni-kv/data/marmaudio/controls/lp_0-1000_rms_matched/456914.wav,Trill,2022_10_3,four_experts_unanimous_affirmative,Yes|Yes|Yes|Yes,lp_0-1000_rms_matched,456914
456914,/root/animal-omni-kv/data/marmaudio/controls/lp_0-2000_rms_matched/456914.wav,Trill,2022_10_3,four_experts_unanimous_affirmative,Yes|Yes|Yes|Yes,lp_0-2000_rms_matched,456914
456914,/root/animal-omni-kv/data/marmaudio/controls/lp_0-4000_rms_matched/456914.wav,Trill,2022_10_3,four_experts_unanimous_affirmative,Yes|Yes|Yes|Yes,lp_0-4000_rms_matched,456914
456914,/root/animal-omni-kv/data/marmaudio/expert_interventions/full_0-8k/209853.wav,Trill,2022_10_3,four_experts_unanimous_affirmative,Yes|Yes|Yes|Yes,shuffled_audio,209853
456914,/root/animal-omni-kv/data/marmaudio/controls/silence/456914.wav,Trill,2022_10_3,four_experts_unanimous_affirmative,Yes|Yes|Yes|Yes,silence,456914
463226,/root/animal-omni-kv/data/marmaudio/expert_interventions/full_0-8k/463226.wav,Trill,2022_4_5,four_experts_unanimous_affirmative,Yes|Yes|Yes|Yes,full_0-8k,463226
463226,/root/animal-omni-kv/data/marmaudio/controls/lp_0-1000_rms_matched/463226.wav,Trill,2022_4_5,four_experts_unanimous_affirmative,Yes|Yes|Yes|Yes,lp_0-1000_rms_matched,463226
463226,/root/animal-omni-kv/data/marmaudio/controls/lp_0-2000_rms_matched/463226.wav,Trill,2022_4_5,four_experts_unanimous_affirmative,Yes|Yes|Yes|Yes,lp_0-2000_rms_matched,463226
463226,/root/animal-omni-kv/data/marmaudio/controls/lp_0-4000_rms_matched/463226.wav,Trill,2022_4_5,four_experts_unanimous_affirmative,Yes|Yes|Yes|Yes,lp_0-4000_rms_matched,463226
463226,/root/animal-omni-kv/data/marmaudio/expert_interventions/full_0-8k/209876.wav,Trill,2022_4_5,four_experts_unanimous_affirmative,Yes|Yes|Yes|Yes,shuffled_audio,209876
463226,/root/animal-omni-kv/data/marmaudio/controls/silence/463226.wav,Trill,2022_4_5,four_experts_unanimous_affirmative,Yes|Yes|Yes|Yes,silence,463226
470849,/root/animal-omni-kv/data/marmaudio/expert_interventions/full_0-8k/470849.wav,Trill,2022_4_6,four_experts_unanimous_affirmative,Yes|Yes|Yes|Yes,full_0-8k,470849
470849,/root/animal-omni-kv/data/marmaudio/controls/lp_0-1000_rms_matched/470849.wav,Trill,2022_4_6,four_experts_unanimous_affirmative,Yes|Yes|Yes|Yes,lp_0-1000_rms_matched,470849
470849,/root/animal-omni-kv/data/marmaudio/controls/lp_0-2000_rms_matched/470849.wav,Trill,2022_4_6,four_experts_unanimous_affirmative,Yes|Yes|Yes|Yes,lp_0-2000_rms_matched,470849
470849,/root/animal-omni-kv/data/marmaudio/controls/lp_0-4000_rms_matched/470849.wav,Trill,2022_4_6,four_experts_unanimous_affirmative,Yes|Yes|Yes|Yes,lp_0-4000_rms_matched,470849
470849,/root/animal-omni-kv/data/marmaudio/expert_interventions/full_0-8k/209886.wav,Trill,2022_4_6,four_experts_unanimous_affirmative,Yes|Yes|Yes|Yes,shuffled_audio,209886
470849,/root/animal-omni-kv/data/marmaudio/controls/silence/470849.wav,Trill,2022_4_6,four_experts_unanimous_affirmative,Yes|Yes|Yes|Yes,silence,470849
480809,/root/animal-omni-kv/data/marmaudio/expert_interventions/full_0-8k/480809.wav,Tsik,2022_4_6,four_experts_unanimous_affirmative,Yes|Yes|Yes|Yes,full_0-8k,480809
480809,/root/animal-omni-kv/data/marmaudio/controls/lp_0-1000_rms_matched/480809.wav,Tsik,2022_4_6,four_experts_unanimous_affirmative,Yes|Yes|Yes|Yes,lp_0-1000_rms_matched,480809
480809,/root/animal-omni-kv/data/marmaudio/controls/lp_0-2000_rms_matched/480809.wav,Tsik,2022_4_6,four_experts_unanimous_affirmative,Yes|Yes|Yes|Yes,lp_0-2000_rms_matched,480809
480809,/root/animal-omni-kv/data/marmaudio/controls/lp_0-4000_rms_matched/480809.wav,Tsik,2022_4_6,four_experts_unanimous_affirmative,Yes|Yes|Yes|Yes,lp_0-4000_rms_matched,480809
480809,/root/animal-omni-kv/data/marmaudio/expert_interventions/full_0-8k/509026.wav,Tsik,2022_4_6,four_experts_unanimous_affirmative,Yes|Yes|Yes|Yes,shuffled_audio,509026
480809,/root/animal-omni-kv/data/marmaudio/controls/silence/480809.wav,Tsik,2022_4_6,four_experts_unanimous_affirmative,Yes|Yes|Yes|Yes,silence,480809
495081,/root/animal-omni-kv/data/marmaudio/expert_interventions/full_0-8k/495081.wav,Seep,2022_12_2,four_experts_unanimous_affirmative,Yes|Yes|Yes|Yes,full_0-8k,495081
495081,/root/animal-omni-kv/data/marmaudio/controls/lp_0-1000_rms_matched/495081.wav,Seep,2022_12_2,four_experts_unanimous_affirmative,Yes|Yes|Yes|Yes,lp_0-1000_rms_matched,495081
495081,/root/animal-omni-kv/data/marmaudio/controls/lp_0-2000_rms_matched/495081.wav,Seep,2022_12_2,four_experts_unanimous_affirmative,Yes|Yes|Yes|Yes,lp_0-2000_rms_matched,495081
495081,/root/animal-omni-kv/data/marmaudio/controls/lp_0-4000_rms_matched/495081.wav,Seep,2022_12_2,four_experts_unanimous_affirmative,Yes|Yes|Yes|Yes,lp_0-4000_rms_matched,495081
495081,/root/animal-omni-kv/data/marmaudio/expert_interventions/full_0-8k/56195.wav,Seep,2022_12_2,four_experts_unanimous_affirmative,Yes|Yes|Yes|Yes,shuffled_audio,56195
495081,/root/animal-omni-kv/data/marmaudio/controls/silence/495081.wav,Seep,2022_12_2,four_experts_unanimous_affirmative,Yes|Yes|Yes|Yes,silence,495081
508636,/root/animal-omni-kv/data/marmaudio/expert_interventions/full_0-8k/508636.wav,Twitter,2023_4_1,four_experts_unanimous_affirmative,Yes|Yes|Yes|Yes,full_0-8k,508636
508636,/root/animal-omni-kv/data/marmaudio/controls/lp_0-1000_rms_matched/508636.wav,Twitter,2023_4_1,four_experts_unanimous_affirmative,Yes|Yes|Yes|Yes,lp_0-1000_rms_matched,508636
508636,/root/animal-omni-kv/data/marmaudio/controls/lp_0-2000_rms_matched/508636.wav,Twitter,2023_4_1,four_experts_unanimous_affirmative,Yes|Yes|Yes|Yes,lp_0-2000_rms_matched,508636
508636,/root/animal-omni-kv/data/marmaudio/controls/lp_0-4000_rms_matched/508636.wav,Twitter,2023_4_1,four_experts_unanimous_affirmative,Yes|Yes|Yes|Yes,lp_0-4000_rms_matched,508636
508636,/root/animal-omni-kv/data/marmaudio/expert_interventions/full_0-8k/405841.wav,Twitter,2023_4_1,four_experts_unanimous_affirmative,Yes|Yes|Yes|Yes,shuffled_audio,405841
508636,/root/animal-omni-kv/data/marmaudio/controls/silence/508636.wav,Twitter,2023_4_1,four_experts_unanimous_affirmative,Yes|Yes|Yes|Yes,silence,508636
508696,/root/animal-omni-kv/data/marmaudio/expert_interventions/full_0-8k/508696.wav,Phee,2023_4_1,four_experts_unanimous_affirmative,Yes|Yes|Yes|Yes,full_0-8k,508696
508696,/root/animal-omni-kv/data/marmaudio/controls/lp_0-1000_rms_matched/508696.wav,Phee,2023_4_1,four_experts_unanimous_affirmative,Yes|Yes|Yes|Yes,lp_0-1000_rms_matched,508696
508696,/root/animal-omni-kv/data/marmaudio/controls/lp_0-2000_rms_matched/508696.wav,Phee,2023_4_1,four_experts_unanimous_affirmative,Yes|Yes|Yes|Yes,lp_0-2000_rms_matched,508696
508696,/root/animal-omni-kv/data/marmaudio/controls/lp_0-4000_rms_matched/508696.wav,Phee,2023_4_1,four_experts_unanimous_affirmative,Yes|Yes|Yes|Yes,lp_0-4000_rms_matched,508696
508696,/root/animal-omni-kv/data/marmaudio/expert_interventions/full_0-8k/303572.wav,Phee,2023_4_1,four_experts_unanimous_affirmative,Yes|Yes|Yes|Yes,shuffled_audio,303572
508696,/root/animal-omni-kv/data/marmaudio/controls/silence/508696.wav,Phee,2023_4_1,four_experts_unanimous_affirmative,Yes|Yes|Yes|Yes,silence,508696
508764,/root/animal-omni-kv/data/marmaudio/expert_interventions/full_0-8k/508764.wav,Infant Cry,2023_4_1,four_experts_unanimous_affirmative,Yes|Yes|Yes|Yes,full_0-8k,508764
508764,/root/animal-omni-kv/data/marmaudio/controls/lp_0-1000_rms_matched/508764.wav,Infant Cry,2023_4_1,four_experts_unanimous_affirmative,Yes|Yes|Yes|Yes,lp_0-1000_rms_matched,508764
508764,/root/animal-omni-kv/data/marmaudio/controls/lp_0-2000_rms_matched/508764.wav,Infant Cry,2023_4_1,four_experts_unanimous_affirmative,Yes|Yes|Yes|Yes,lp_0-2000_rms_matched,508764
508764,/root/animal-omni-kv/data/marmaudio/controls/lp_0-4000_rms_matched/508764.wav,Infant Cry,2023_4_1,four_experts_unanimous_affirmative,Yes|Yes|Yes|Yes,lp_0-4000_rms_matched,508764
508764,/root/animal-omni-kv/data/marmaudio/expert_interventions/full_0-8k/509009.wav,Infant Cry,2023_4_1,four_experts_unanimous_affirmative,Yes|Yes|Yes|Yes,shuffled_audio,509009
508764,/root/animal-omni-kv/data/marmaudio/controls/silence/508764.wav,Infant Cry,2023_4_1,four_experts_unanimous_affirmative,Yes|Yes|Yes|Yes,silence,508764
508775,/root/animal-omni-kv/data/marmaudio/expert_interventions/full_0-8k/508775.wav,Phee,2023_4_1,four_experts_unanimous_affirmative,Yes|Yes|Yes|Yes,full_0-8k,508775
508775,/root/animal-omni-kv/data/marmaudio/controls/lp_0-1000_rms_matched/508775.wav,Phee,2023_4_1,four_experts_unanimous_affirmative,Yes|Yes|Yes|Yes,lp_0-1000_rms_matched,508775
508775,/root/animal-omni-kv/data/marmaudio/controls/lp_0-2000_rms_matched/508775.wav,Phee,2023_4_1,four_experts_unanimous_affirmative,Yes|Yes|Yes|Yes,lp_0-2000_rms_matched,508775
508775,/root/animal-omni-kv/data/marmaudio/controls/lp_0-4000_rms_matched/508775.wav,Phee,2023_4_1,four_experts_unanimous_affirmative,Yes|Yes|Yes|Yes,lp_0-4000_rms_matched,508775
508775,/root/animal-omni-kv/data/marmaudio/expert_interventions/full_0-8k/411252.wav,Phee,2023_4_1,four_experts_unanimous_affirmative,Yes|Yes|Yes|Yes,shuffled_audio,411252
508775,/root/animal-omni-kv/data/marmaudio/controls/silence/508775.wav,Phee,2023_4_1,four_experts_unanimous_affirmative,Yes|Yes|Yes|Yes,silence,508775
508777,/root/animal-omni-kv/data/marmaudio/expert_interventions/full_0-8k/508777.wav,Twitter,2023_4_1,four_experts_unanimous_affirmative,Yes|Yes|Yes|Yes,full_0-8k,508777
508777,/root/animal-omni-kv/data/marmaudio/controls/lp_0-1000_rms_matched/508777.wav,Twitter,2023_4_1,four_experts_unanimous_affirmative,Yes|Yes|Yes|Yes,lp_0-1000_rms_matched,508777
508777,/root/animal-omni-kv/data/marmaudio/controls/lp_0-2000_rms_matched/508777.wav,Twitter,2023_4_1,four_experts_unanimous_affirmative,Yes|Yes|Yes|Yes,lp_0-2000_rms_matched,508777
508777,/root/animal-omni-kv/data/marmaudio/controls/lp_0-4000_rms_matched/508777.wav,Twitter,2023_4_1,four_experts_unanimous_affirmative,Yes|Yes|Yes|Yes,lp_0-4000_rms_matched,508777
508777,/root/animal-omni-kv/data/marmaudio/expert_interventions/full_0-8k/508764.wav,Twitter,2023_4_1,four_experts_unanimous_affirmative,Yes|Yes|Yes|Yes,shuffled_audio,508764
508777,/root/animal-omni-kv/data/marmaudio/controls/silence/508777.wav,Twitter,2023_4_1,four_experts_unanimous_affirmative,Yes|Yes|Yes|Yes,silence,508777
508801,/root/animal-omni-kv/data/marmaudio/expert_interventions/full_0-8k/508801.wav,Infant Cry,2023_4_1,four_experts_unanimous_affirmative,Yes|Yes|Yes|Yes,full_0-8k,508801
508801,/root/animal-omni-kv/data/marmaudio/controls/lp_0-1000_rms_matched/508801.wav,Infant Cry,2023_4_1,four_experts_unanimous_affirmative,Yes|Yes|Yes|Yes,lp_0-1000_rms_matched,508801
508801,/root/animal-omni-kv/data/marmaudio/controls/lp_0-2000_rms_matched/508801.wav,Infant Cry,2023_4_1,four_experts_unanimous_affirmative,Yes|Yes|Yes|Yes,lp_0-2000_rms_matched,508801
508801,/root/animal-omni-kv/data/marmaudio/controls/lp_0-4000_rms_matched/508801.wav,Infant Cry,2023_4_1,four_experts_unanimous_affirmative,Yes|Yes|Yes|Yes,lp_0-4000_rms_matched,508801
508801,/root/animal-omni-kv/data/marmaudio/expert_interventions/full_0-8k/509036.wav,Infant Cry,2023_4_1,four_experts_unanimous_affirmative,Yes|Yes|Yes|Yes,shuffled_audio,509036
508801,/root/animal-omni-kv/data/marmaudio/controls/silence/508801.wav,Infant Cry,2023_4_1,four_experts_unanimous_affirmative,Yes|Yes|Yes|Yes,silence,508801
508866,/root/animal-omni-kv/data/marmaudio/expert_interventions/full_0-8k/508866.wav,Tsik,2023_4_1,four_experts_unanimous_affirmative,Yes|Yes|Yes|Yes,full_0-8k,508866
508866,/root/animal-omni-kv/data/marmaudio/controls/lp_0-1000_rms_matched/508866.wav,Tsik,2023_4_1,four_experts_unanimous_affirmative,Yes|Yes|Yes|Yes,lp_0-1000_rms_matched,508866
508866,/root/animal-omni-kv/data/marmaudio/controls/lp_0-2000_rms_matched/508866.wav,Tsik,2023_4_1,four_experts_unanimous_affirmative,Yes|Yes|Yes|Yes,lp_0-2000_rms_matched,508866
508866,/root/animal-omni-kv/data/marmaudio/controls/lp_0-4000_rms_matched/508866.wav,Tsik,2023_4_1,four_experts_unanimous_affirmative,Yes|Yes|Yes|Yes,lp_0-4000_rms_matched,508866
508866,/root/animal-omni-kv/data/marmaudio/expert_interventions/full_0-8k/509046.wav,Tsik,2023_4_1,four_experts_unanimous_affirmative,Yes|Yes|Yes|Yes,shuffled_audio,509046
508866,/root/animal-omni-kv/data/marmaudio/controls/silence/508866.wav,Tsik,2023_4_1,four_experts_unanimous_affirmative,Yes|Yes|Yes|Yes,silence,508866
508896,/root/animal-omni-kv/data/marmaudio/expert_interventions/full_0-8k/508896.wav,Seep,2023_4_1,four_experts_unanimous_affirmative,Yes|Yes|Yes|Yes,full_0-8k,508896
508896,/root/animal-omni-kv/data/marmaudio/controls/lp_0-1000_rms_matched/508896.wav,Seep,2023_4_1,four_experts_unanimous_affirmative,Yes|Yes|Yes|Yes,lp_0-1000_rms_matched,508896
508896,/root/animal-omni-kv/data/marmaudio/controls/lp_0-2000_rms_matched/508896.wav,Seep,2023_4_1,four_experts_unanimous_affirmative,Yes|Yes|Yes|Yes,lp_0-2000_rms_matched,508896
508896,/root/animal-omni-kv/data/marmaudio/controls/lp_0-4000_rms_matched/508896.wav,Seep,2023_4_1,four_experts_unanimous_affirmative,Yes|Yes|Yes|Yes,lp_0-4000_rms_matched,508896
508896,/root/animal-omni-kv/data/marmaudio/expert_interventions/full_0-8k/564626.wav,Seep,2023_4_1,four_experts_unanimous_affirmative,Yes|Yes|Yes|Yes,shuffled_audio,564626
508896,/root/animal-omni-kv/data/marmaudio/controls/silence/508896.wav,Seep,2023_4_1,four_experts_unanimous_affirmative,Yes|Yes|Yes|Yes,silence,508896
508903,/root/animal-omni-kv/data/marmaudio/expert_interventions/full_0-8k/508903.wav,Tsik,2023_4_1,four_experts_unanimous_affirmative,Yes|Yes|Yes|Yes,full_0-8k,508903
508903,/root/animal-omni-kv/data/marmaudio/controls/lp_0-1000_rms_matched/508903.wav,Tsik,2023_4_1,four_experts_unanimous_affirmative,Yes|Yes|Yes|Yes,lp_0-1000_rms_matched,508903
508903,/root/animal-omni-kv/data/marmaudio/controls/lp_0-2000_rms_matched/508903.wav,Tsik,2023_4_1,four_experts_unanimous_affirmative,Yes|Yes|Yes|Yes,lp_0-2000_rms_matched,508903
508903,/root/animal-omni-kv/data/marmaudio/controls/lp_0-4000_rms_matched/508903.wav,Tsik,2023_4_1,four_experts_unanimous_affirmative,Yes|Yes|Yes|Yes,lp_0-4000_rms_matched,508903
508903,/root/animal-omni-kv/data/marmaudio/expert_interventions/full_0-8k/547929.wav,Tsik,2023_4_1,four_experts_unanimous_affirmative,Yes|Yes|Yes|Yes,shuffled_audio,547929
508903,/root/animal-omni-kv/data/marmaudio/controls/silence/508903.wav,Tsik,2023_4_1,four_experts_unanimous_affirmative,Yes|Yes|Yes|Yes,silence,508903
508966,/root/animal-omni-kv/data/marmaudio/expert_interventions/full_0-8k/508966.wav,Phee,2022_12_3,four_experts_unanimous_affirmative,Yes|Yes|Yes|Yes,full_0-8k,508966
508966,/root/animal-omni-kv/data/marmaudio/controls/lp_0-1000_rms_matched/508966.wav,Phee,2022_12_3,four_experts_unanimous_affirmative,Yes|Yes|Yes|Yes,lp_0-1000_rms_matched,508966
508966,/root/animal-omni-kv/data/marmaudio/controls/lp_0-2000_rms_matched/508966.wav,Phee,2022_12_3,four_experts_unanimous_affirmative,Yes|Yes|Yes|Yes,lp_0-2000_rms_matched,508966
508966,/root/animal-omni-kv/data/marmaudio/controls/lp_0-4000_rms_matched/508966.wav,Phee,2022_12_3,four_experts_unanimous_affirmative,Yes|Yes|Yes|Yes,lp_0-4000_rms_matched,508966
508966,/root/animal-omni-kv/data/marmaudio/expert_interventions/full_0-8k/414997.wav,Phee,2022_12_3,four_experts_unanimous_affirmative,Yes|Yes|Yes|Yes,shuffled_audio,414997
508966,/root/animal-omni-kv/data/marmaudio/controls/silence/508966.wav,Phee,2022_12_3,four_experts_unanimous_affirmative,Yes|Yes|Yes|Yes,silence,508966
508992,/root/animal-omni-kv/data/marmaudio/expert_interventions/full_0-8k/508992.wav,Twitter,2022_12_3,four_experts_unanimous_affirmative,Yes|Yes|Yes|Yes,full_0-8k,508992
508992,/root/animal-omni-kv/data/marmaudio/controls/lp_0-1000_rms_matched/508992.wav,Twitter,2022_12_3,four_experts_unanimous_affirmative,Yes|Yes|Yes|Yes,lp_0-1000_rms_matched,508992
508992,/root/animal-omni-kv/data/marmaudio/controls/lp_0-2000_rms_matched/508992.wav,Twitter,2022_12_3,four_experts_unanimous_affirmative,Yes|Yes|Yes|Yes,lp_0-2000_rms_matched,508992
508992,/root/animal-omni-kv/data/marmaudio/controls/lp_0-4000_rms_matched/508992.wav,Twitter,2022_12_3,four_experts_unanimous_affirmative,Yes|Yes|Yes|Yes,lp_0-4000_rms_matched,508992
508992,/root/animal-omni-kv/data/marmaudio/expert_interventions/full_0-8k/508801.wav,Twitter,2022_12_3,four_experts_unanimous_affirmative,Yes|Yes|Yes|Yes,shuffled_audio,508801
508992,/root/animal-omni-kv/data/marmaudio/controls/silence/508992.wav,Twitter,2022_12_3,four_experts_unanimous_affirmative,Yes|Yes|Yes|Yes,silence,508992
509005,/root/animal-omni-kv/data/marmaudio/expert_interventions/full_0-8k/509005.wav,Twitter,2022_12_3,four_experts_unanimous_affirmative,Yes|Yes|Yes|Yes,full_0-8k,509005
509005,/root/animal-omni-kv/data/marmaudio/controls/lp_0-1000_rms_matched/509005.wav,Twitter,2022_12_3,four_experts_unanimous_affirmative,Yes|Yes|Yes|Yes,lp_0-1000_rms_matched,509005
509005,/root/animal-omni-kv/data/marmaudio/controls/lp_0-2000_rms_matched/509005.wav,Twitter,2022_12_3,four_experts_unanimous_affirmative,Yes|Yes|Yes|Yes,lp_0-2000_rms_matched,509005
509005,/root/animal-omni-kv/data/marmaudio/controls/lp_0-4000_rms_matched/509005.wav,Twitter,2022_12_3,four_experts_unanimous_affirmative,Yes|Yes|Yes|Yes,lp_0-4000_rms_matched,509005
509005,/root/animal-omni-kv/data/marmaudio/expert_interventions/full_0-8k/509083.wav,Twitter,2022_12_3,four_experts_unanimous_affirmative,Yes|Yes|Yes|Yes,shuffled_audio,509083
509005,/root/animal-omni-kv/data/marmaudio/controls/silence/509005.wav,Twitter,2022_12_3,four_experts_unanimous_affirmative,Yes|Yes|Yes|Yes,silence,509005
509009,/root/animal-omni-kv/data/marmaudio/expert_interventions/full_0-8k/509009.wav,Phee,2022_12_3,four_experts_unanimous_affirmative,Yes|Yes|Yes|Yes,full_0-8k,509009
509009,/root/animal-omni-kv/data/marmaudio/controls/lp_0-1000_rms_matched/509009.wav,Phee,2022_12_3,four_experts_unanimous_affirmative,Yes|Yes|Yes|Yes,lp_0-1000_rms_matched,509009
509009,/root/animal-omni-kv/data/marmaudio/controls/lp_0-2000_rms_matched/509009.wav,Phee,2022_12_3,four_experts_unanimous_affirmative,Yes|Yes|Yes|Yes,lp_0-2000_rms_matched,509009
509009,/root/animal-omni-kv/data/marmaudio/controls/lp_0-4000_rms_matched/509009.wav,Phee,2022_12_3,four_experts_unanimous_affirmative,Yes|Yes|Yes|Yes,lp_0-4000_rms_matched,509009
509009,/root/animal-omni-kv/data/marmaudio/expert_interventions/full_0-8k/495081.wav,Phee,2022_12_3,four_experts_unanimous_affirmative,Yes|Yes|Yes|Yes,shuffled_audio,495081
509009,/root/animal-omni-kv/data/marmaudio/controls/silence/509009.wav,Phee,2022_12_3,four_experts_unanimous_affirmative,Yes|Yes|Yes|Yes,silence,509009
509026,/root/animal-omni-kv/data/marmaudio/expert_interventions/full_0-8k/509026.wav,Twitter,2022_12_3,four_experts_unanimous_affirmative,Yes|Yes|Yes|Yes,full_0-8k,509026
509026,/root/animal-omni-kv/data/marmaudio/controls/lp_0-1000_rms_matched/509026.wav,Twitter,2022_12_3,four_experts_unanimous_affirmative,Yes|Yes|Yes|Yes,lp_0-1000_rms_matched,509026
509026,/root/animal-omni-kv/data/marmaudio/controls/lp_0-2000_rms_matched/509026.wav,Twitter,2022_12_3,four_experts_unanimous_affirmative,Yes|Yes|Yes|Yes,lp_0-2000_rms_matched,509026
509026,/root/animal-omni-kv/data/marmaudio/controls/lp_0-4000_rms_matched/509026.wav,Twitter,2022_12_3,four_experts_unanimous_affirmative,Yes|Yes|Yes|Yes,lp_0-4000_rms_matched,509026
509026,/root/animal-omni-kv/data/marmaudio/expert_interventions/full_0-8k/509091.wav,Twitter,2022_12_3,four_experts_unanimous_affirmative,Yes|Yes|Yes|Yes,shuffled_audio,509091
509026,/root/animal-omni-kv/data/marmaudio/controls/silence/509026.wav,Twitter,2022_12_3,four_experts_unanimous_affirmative,Yes|Yes|Yes|Yes,silence,509026
509036,/root/animal-omni-kv/data/marmaudio/expert_interventions/full_0-8k/509036.wav,Phee,2022_12_3,four_experts_unanimous_affirmative,Yes|Yes|Yes|Yes,full_0-8k,509036
509036,/root/animal-omni-kv/data/marmaudio/controls/lp_0-1000_rms_matched/509036.wav,Phee,2022_12_3,four_experts_unanimous_affirmative,Yes|Yes|Yes|Yes,lp_0-1000_rms_matched,509036
509036,/root/animal-omni-kv/data/marmaudio/controls/lp_0-2000_rms_matched/509036.wav,Phee,2022_12_3,four_experts_unanimous_affirmative,Yes|Yes|Yes|Yes,lp_0-2000_rms_matched,509036
509036,/root/animal-omni-kv/data/marmaudio/controls/lp_0-4000_rms_matched/509036.wav,Phee,2022_12_3,four_experts_unanimous_affirmative,Yes|Yes|Yes|Yes,lp_0-4000_rms_matched,509036
509036,/root/animal-omni-kv/data/marmaudio/expert_interventions/full_0-8k/508896.wav,Phee,2022_12_3,four_experts_unanimous_affirmative,Yes|Yes|Yes|Yes,shuffled_audio,508896
509036,/root/animal-omni-kv/data/marmaudio/controls/silence/509036.wav,Phee,2022_12_3,four_experts_unanimous_affirmative,Yes|Yes|Yes|Yes,silence,509036
509046,/root/animal-omni-kv/data/marmaudio/expert_interventions/full_0-8k/509046.wav,Twitter,2022_12_3,four_experts_unanimous_affirmative,Yes|Yes|Yes|Yes,full_0-8k,509046
509046,/root/animal-omni-kv/data/marmaudio/controls/lp_0-1000_rms_matched/509046.wav,Twitter,2022_12_3,four_experts_unanimous_affirmative,Yes|Yes|Yes|Yes,lp_0-1000_rms_matched,509046
509046,/root/animal-omni-kv/data/marmaudio/controls/lp_0-2000_rms_matched/509046.wav,Twitter,2022_12_3,four_experts_unanimous_affirmative,Yes|Yes|Yes|Yes,lp_0-2000_rms_matched,509046
509046,/root/animal-omni-kv/data/marmaudio/controls/lp_0-4000_rms_matched/509046.wav,Twitter,2022_12_3,four_experts_unanimous_affirmative,Yes|Yes|Yes|Yes,lp_0-4000_rms_matched,509046
509046,/root/animal-omni-kv/data/marmaudio/expert_interventions/full_0-8k/518850.wav,Twitter,2022_12_3,four_experts_unanimous_affirmative,Yes|Yes|Yes|Yes,shuffled_audio,518850
509046,/root/animal-omni-kv/data/marmaudio/controls/silence/509046.wav,Twitter,2022_12_3,four_experts_unanimous_affirmative,Yes|Yes|Yes|Yes,silence,509046
509047,/root/animal-omni-kv/data/marmaudio/expert_interventions/full_0-8k/509047.wav,Phee,2022_12_3,four_experts_unanimous_affirmative,Yes|Yes|Yes|Yes,full_0-8k,509047
509047,/root/animal-omni-kv/data/marmaudio/controls/lp_0-1000_rms_matched/509047.wav,Phee,2022_12_3,four_experts_unanimous_affirmative,Yes|Yes|Yes|Yes,lp_0-1000_rms_matched,509047
509047,/root/animal-omni-kv/data/marmaudio/controls/lp_0-2000_rms_matched/509047.wav,Phee,2022_12_3,four_experts_unanimous_affirmative,Yes|Yes|Yes|Yes,lp_0-2000_rms_matched,509047
509047,/root/animal-omni-kv/data/marmaudio/controls/lp_0-4000_rms_matched/509047.wav,Phee,2022_12_3,four_experts_unanimous_affirmative,Yes|Yes|Yes|Yes,lp_0-4000_rms_matched,509047
509047,/root/animal-omni-kv/data/marmaudio/expert_interventions/full_0-8k/509065.wav,Phee,2022_12_3,four_experts_unanimous_affirmative,Yes|Yes|Yes|Yes,shuffled_audio,509065
509047,/root/animal-omni-kv/data/marmaudio/controls/silence/509047.wav,Phee,2022_12_3,four_experts_unanimous_affirmative,Yes|Yes|Yes|Yes,silence,509047
509050,/root/animal-omni-kv/data/marmaudio/expert_interventions/full_0-8k/509050.wav,Phee,2022_12_3,four_experts_unanimous_affirmative,Yes|Yes|Yes|Yes,full_0-8k,509050
509050,/root/animal-omni-kv/data/marmaudio/controls/lp_0-1000_rms_matched/509050.wav,Phee,2022_12_3,four_experts_unanimous_affirmative,Yes|Yes|Yes|Yes,lp_0-1000_rms_matched,509050
509050,/root/animal-omni-kv/data/marmaudio/controls/lp_0-2000_rms_matched/509050.wav,Phee,2022_12_3,four_experts_unanimous_affirmative,Yes|Yes|Yes|Yes,lp_0-2000_rms_matched,509050
509050,/root/animal-omni-kv/data/marmaudio/controls/lp_0-4000_rms_matched/509050.wav,Phee,2022_12_3,four_experts_unanimous_affirmative,Yes|Yes|Yes|Yes,lp_0-4000_rms_matched,509050
509050,/root/animal-omni-kv/data/marmaudio/expert_interventions/full_0-8k/523406.wav,Phee,2022_12_3,four_experts_unanimous_affirmative,Yes|Yes|Yes|Yes,shuffled_audio,523406
509050,/root/animal-omni-kv/data/marmaudio/controls/silence/509050.wav,Phee,2022_12_3,four_experts_unanimous_affirmative,Yes|Yes|Yes|Yes,silence,509050
509065,/root/animal-omni-kv/data/marmaudio/expert_interventions/full_0-8k/509065.wav,Seep,2022_12_3,four_experts_unanimous_affirmative,Yes|Yes|Yes|Yes,full_0-8k,509065
509065,/root/animal-omni-kv/data/marmaudio/controls/lp_0-1000_rms_matched/509065.wav,Seep,2022_12_3,four_experts_unanimous_affirmative,Yes|Yes|Yes|Yes,lp_0-1000_rms_matched,509065
509065,/root/animal-omni-kv/data/marmaudio/controls/lp_0-2000_rms_matched/509065.wav,Seep,2022_12_3,four_experts_unanimous_affirmative,Yes|Yes|Yes|Yes,lp_0-2000_rms_matched,509065
509065,/root/animal-omni-kv/data/marmaudio/controls/lp_0-4000_rms_matched/509065.wav,Seep,2022_12_3,four_experts_unanimous_affirmative,Yes|Yes|Yes|Yes,lp_0-4000_rms_matched,509065
509065,/root/animal-omni-kv/data/marmaudio/expert_interventions/full_0-8k/572081.wav,Seep,2022_12_3,four_experts_unanimous_affirmative,Yes|Yes|Yes|Yes,shuffled_audio,572081
509065,/root/animal-omni-kv/data/marmaudio/controls/silence/509065.wav,Seep,2022_12_3,four_experts_unanimous_affirmative,Yes|Yes|Yes|Yes,silence,509065
509083,/root/animal-omni-kv/data/marmaudio/expert_interventions/full_0-8k/509083.wav,Infant Cry,2022_12_3,four_experts_unanimous_affirmative,Yes|Yes|Yes|Yes,full_0-8k,509083
509083,/root/animal-omni-kv/data/marmaudio/controls/lp_0-1000_rms_matched/509083.wav,Infant Cry,2022_12_3,four_experts_unanimous_affirmative,Yes|Yes|Yes|Yes,lp_0-1000_rms_matched,509083
509083,/root/animal-omni-kv/data/marmaudio/controls/lp_0-2000_rms_matched/509083.wav,Infant Cry,2022_12_3,four_experts_unanimous_affirmative,Yes|Yes|Yes|Yes,lp_0-2000_rms_matched,509083
509083,/root/animal-omni-kv/data/marmaudio/controls/lp_0-4000_rms_matched/509083.wav,Infant Cry,2022_12_3,four_experts_unanimous_affirmative,Yes|Yes|Yes|Yes,lp_0-4000_rms_matched,509083
509083,/root/animal-omni-kv/data/marmaudio/expert_interventions/full_0-8k/509047.wav,Infant Cry,2022_12_3,four_experts_unanimous_affirmative,Yes|Yes|Yes|Yes,shuffled_audio,509047
509083,/root/animal-omni-kv/data/marmaudio/controls/silence/509083.wav,Infant Cry,2022_12_3,four_experts_unanimous_affirmative,Yes|Yes|Yes|Yes,silence,509083
509091,/root/animal-omni-kv/data/marmaudio/expert_interventions/full_0-8k/509091.wav,Infant Cry,2022_12_3,four_experts_unanimous_affirmative,Yes|Yes|Yes|Yes,full_0-8k,509091
509091,/root/animal-omni-kv/data/marmaudio/controls/lp_0-1000_rms_matched/509091.wav,Infant Cry,2022_12_3,four_experts_unanimous_affirmative,Yes|Yes|Yes|Yes,lp_0-1000_rms_matched,509091
509091,/root/animal-omni-kv/data/marmaudio/controls/lp_0-2000_rms_matched/509091.wav,Infant Cry,2022_12_3,four_experts_unanimous_affirmative,Yes|Yes|Yes|Yes,lp_0-2000_rms_matched,509091
509091,/root/animal-omni-kv/data/marmaudio/controls/lp_0-4000_rms_matched/509091.wav,Infant Cry,2022_12_3,four_experts_unanimous_affirmative,Yes|Yes|Yes|Yes,lp_0-4000_rms_matched,509091
509091,/root/animal-omni-kv/data/marmaudio/expert_interventions/full_0-8k/509050.wav,Infant Cry,2022_12_3,four_experts_unanimous_affirmative,Yes|Yes|Yes|Yes,shuffled_audio,509050
509091,/root/animal-omni-kv/data/marmaudio/controls/silence/509091.wav,Infant Cry,2022_12_3,four_experts_unanimous_affirmative,Yes|Yes|Yes|Yes,silence,509091
50919,/root/animal-omni-kv/data/marmaudio/expert_interventions/full_0-8k/50919.wav,Tsik,2022_1_5,four_experts_unanimous_affirmative,Yes|Yes|Yes|Yes,full_0-8k,50919
50919,/root/animal-omni-kv/data/marmaudio/controls/lp_0-1000_rms_matched/50919.wav,Tsik,2022_1_5,four_experts_unanimous_affirmative,Yes|Yes|Yes|Yes,lp_0-1000_rms_matched,50919
50919,/root/animal-omni-kv/data/marmaudio/controls/lp_0-2000_rms_matched/50919.wav,Tsik,2022_1_5,four_experts_unanimous_affirmative,Yes|Yes|Yes|Yes,lp_0-2000_rms_matched,50919
50919,/root/animal-omni-kv/data/marmaudio/controls/lp_0-4000_rms_matched/50919.wav,Tsik,2022_1_5,four_experts_unanimous_affirmative,Yes|Yes|Yes|Yes,lp_0-4000_rms_matched,50919
50919,/root/animal-omni-kv/data/marmaudio/expert_interventions/full_0-8k/550353.wav,Tsik,2022_1_5,four_experts_unanimous_affirmative,Yes|Yes|Yes|Yes,shuffled_audio,550353
50919,/root/animal-omni-kv/data/marmaudio/controls/silence/50919.wav,Tsik,2022_1_5,four_experts_unanimous_affirmative,Yes|Yes|Yes|Yes,silence,50919
511620,/root/animal-omni-kv/data/marmaudio/expert_interventions/full_0-8k/511620.wav,Phee,2022_12_3,four_experts_unanimous_affirmative,Yes|Yes|Yes|Yes,full_0-8k,511620
511620,/root/animal-omni-kv/data/marmaudio/controls/lp_0-1000_rms_matched/511620.wav,Phee,2022_12_3,four_experts_unanimous_affirmative,Yes|Yes|Yes|Yes,lp_0-1000_rms_matched,511620
511620,/root/animal-omni-kv/data/marmaudio/controls/lp_0-2000_rms_matched/511620.wav,Phee,2022_12_3,four_experts_unanimous_affirmative,Yes|Yes|Yes|Yes,lp_0-2000_rms_matched,511620
511620,/root/animal-omni-kv/data/marmaudio/controls/lp_0-4000_rms_matched/511620.wav,Phee,2022_12_3,four_experts_unanimous_affirmative,Yes|Yes|Yes|Yes,lp_0-4000_rms_matched,511620
511620,/root/animal-omni-kv/data/marmaudio/expert_interventions/full_0-8k/527437.wav,Phee,2022_12_3,four_experts_unanimous_affirmative,Yes|Yes|Yes|Yes,shuffled_audio,527437
511620,/root/animal-omni-kv/data/marmaudio/controls/silence/511620.wav,Phee,2022_12_3,four_experts_unanimous_affirmative,Yes|Yes|Yes|Yes,silence,511620
51436,/root/animal-omni-kv/data/marmaudio/expert_interventions/full_0-8k/51436.wav,Trill,2022_1_5,four_experts_unanimous_affirmative,Yes|Yes|Yes|Yes,full_0-8k,51436
51436,/root/animal-omni-kv/data/marmaudio/controls/lp_0-1000_rms_matched/51436.wav,Trill,2022_1_5,four_experts_unanimous_affirmative,Yes|Yes|Yes|Yes,lp_0-1000_rms_matched,51436
51436,/root/animal-omni-kv/data/marmaudio/controls/lp_0-2000_rms_matched/51436.wav,Trill,2022_1_5,four_experts_unanimous_affirmative,Yes|Yes|Yes|Yes,lp_0-2000_rms_matched,51436
51436,/root/animal-omni-kv/data/marmaudio/controls/lp_0-4000_rms_matched/51436.wav,Trill,2022_1_5,four_experts_unanimous_affirmative,Yes|Yes|Yes|Yes,lp_0-4000_rms_matched,51436
51436,/root/animal-omni-kv/data/marmaudio/expert_interventions/full_0-8k/209893.wav,Trill,2022_1_5,four_experts_unanimous_affirmative,Yes|Yes|Yes|Yes,shuffled_audio,209893
51436,/root/animal-omni-kv/data/marmaudio/controls/silence/51436.wav,Trill,2022_1_5,four_experts_unanimous_affirmative,Yes|Yes|Yes|Yes,silence,51436
515398,/root/animal-omni-kv/data/marmaudio/expert_interventions/full_0-8k/515398.wav,Trill,2022_12_3,four_experts_unanimous_affirmative,Yes|Yes|Yes|Yes,full_0-8k,515398
515398,/root/animal-omni-kv/data/marmaudio/controls/lp_0-1000_rms_matched/515398.wav,Trill,2022_12_3,four_experts_unanimous_affirmative,Yes|Yes|Yes|Yes,lp_0-1000_rms_matched,515398
515398,/root/animal-omni-kv/data/marmaudio/controls/lp_0-2000_rms_matched/515398.wav,Trill,2022_12_3,four_experts_unanimous_affirmative,Yes|Yes|Yes|Yes,lp_0-2000_rms_matched,515398
515398,/root/animal-omni-kv/data/marmaudio/controls/lp_0-4000_rms_matched/515398.wav,Trill,2022_12_3,four_experts_unanimous_affirmative,Yes|Yes|Yes|Yes,lp_0-4000_rms_matched,515398
515398,/root/animal-omni-kv/data/marmaudio/expert_interventions/full_0-8k/209901.wav,Trill,2022_12_3,four_experts_unanimous_affirmative,Yes|Yes|Yes|Yes,shuffled_audio,209901
515398,/root/animal-omni-kv/data/marmaudio/controls/silence/515398.wav,Trill,2022_12_3,four_experts_unanimous_affirmative,Yes|Yes|Yes|Yes,silence,515398
518850,/root/animal-omni-kv/data/marmaudio/expert_interventions/full_0-8k/518850.wav,Infant Cry,2022_12_4,four_experts_unanimous_affirmative,Yes|Yes|Yes|Yes,full_0-8k,518850
518850,/root/animal-omni-kv/data/marmaudio/controls/lp_0-1000_rms_matched/518850.wav,Infant Cry,2022_12_4,four_experts_unanimous_affirmative,Yes|Yes|Yes|Yes,lp_0-1000_rms_matched,518850
518850,/root/animal-omni-kv/data/marmaudio/controls/lp_0-2000_rms_matched/518850.wav,Infant Cry,2022_12_4,four_experts_unanimous_affirmative,Yes|Yes|Yes|Yes,lp_0-2000_rms_matched,518850
518850,/root/animal-omni-kv/data/marmaudio/controls/lp_0-4000_rms_matched/518850.wav,Infant Cry,2022_12_4,four_experts_unanimous_affirmative,Yes|Yes|Yes|Yes,lp_0-4000_rms_matched,518850
518850,/root/animal-omni-kv/data/marmaudio/expert_interventions/full_0-8k/511620.wav,Infant Cry,2022_12_4,four_experts_unanimous_affirmative,Yes|Yes|Yes|Yes,shuffled_audio,511620
518850,/root/animal-omni-kv/data/marmaudio/controls/silence/518850.wav,Infant Cry,2022_12_4,four_experts_unanimous_affirmative,Yes|Yes|Yes|Yes,silence,518850
523406,/root/animal-omni-kv/data/marmaudio/expert_interventions/full_0-8k/523406.wav,Seep,2023_3_0,four_experts_unanimous_affirmative,Yes|Yes|Yes|Yes,full_0-8k,523406
523406,/root/animal-omni-kv/data/marmaudio/controls/lp_0-1000_rms_matched/523406.wav,Seep,2023_3_0,four_experts_unanimous_affirmative,Yes|Yes|Yes|Yes,lp_0-1000_rms_matched,523406
523406,/root/animal-omni-kv/data/marmaudio/controls/lp_0-2000_rms_matched/523406.wav,Seep,2023_3_0,four_experts_unanimous_affirmative,Yes|Yes|Yes|Yes,lp_0-2000_rms_matched,523406
523406,/root/animal-omni-kv/data/marmaudio/controls/lp_0-4000_rms_matched/523406.wav,Seep,2023_3_0,four_experts_unanimous_affirmative,Yes|Yes|Yes|Yes,lp_0-4000_rms_matched,523406
523406,/root/animal-omni-kv/data/marmaudio/expert_interventions/full_0-8k/589438.wav,Seep,2023_3_0,four_experts_unanimous_affirmative,Yes|Yes|Yes|Yes,shuffled_audio,589438
523406,/root/animal-omni-kv/data/marmaudio/controls/silence/523406.wav,Seep,2023_3_0,four_experts_unanimous_affirmative,Yes|Yes|Yes|Yes,silence,523406
525735,/root/animal-omni-kv/data/marmaudio/expert_interventions/full_0-8k/525735.wav,Tsik,2021_1_0,four_experts_unanimous_affirmative,Yes|Yes|Yes|Yes,full_0-8k,525735
525735,/root/animal-omni-kv/data/marmaudio/controls/lp_0-1000_rms_matched/525735.wav,Tsik,2021_1_0,four_experts_unanimous_affirmative,Yes|Yes|Yes|Yes,lp_0-1000_rms_matched,525735
525735,/root/animal-omni-kv/data/marmaudio/controls/lp_0-2000_rms_matched/525735.wav,Tsik,2021_1_0,four_experts_unanimous_affirmative,Yes|Yes|Yes|Yes,lp_0-2000_rms_matched,525735
525735,/root/animal-omni-kv/data/marmaudio/controls/lp_0-4000_rms_matched/525735.wav,Tsik,2021_1_0,four_experts_unanimous_affirmative,Yes|Yes|Yes|Yes,lp_0-4000_rms_matched,525735
525735,/root/animal-omni-kv/data/marmaudio/expert_interventions/full_0-8k/550482.wav,Tsik,2021_1_0,four_experts_unanimous_affirmative,Yes|Yes|Yes|Yes,shuffled_audio,550482
525735,/root/animal-omni-kv/data/marmaudio/controls/silence/525735.wav,Tsik,2021_1_0,four_experts_unanimous_affirmative,Yes|Yes|Yes|Yes,silence,525735
525796,/root/animal-omni-kv/data/marmaudio/expert_interventions/full_0-8k/525796.wav,Phee,2021_1_0,four_experts_unanimous_affirmative,Yes|Yes|Yes|Yes,full_0-8k,525796
525796,/root/animal-omni-kv/data/marmaudio/controls/lp_0-1000_rms_matched/525796.wav,Phee,2021_1_0,four_experts_unanimous_affirmative,Yes|Yes|Yes|Yes,lp_0-1000_rms_matched,525796
525796,/root/animal-omni-kv/data/marmaudio/controls/lp_0-2000_rms_matched/525796.wav,Phee,2021_1_0,four_experts_unanimous_affirmative,Yes|Yes|Yes|Yes,lp_0-2000_rms_matched,525796
525796,/root/animal-omni-kv/data/marmaudio/controls/lp_0-4000_rms_matched/525796.wav,Phee,2021_1_0,four_experts_unanimous_affirmative,Yes|Yes|Yes|Yes,lp_0-4000_rms_matched,525796
525796,/root/animal-omni-kv/data/marmaudio/expert_interventions/full_0-8k/533988.wav,Phee,2021_1_0,four_experts_unanimous_affirmative,Yes|Yes|Yes|Yes,shuffled_audio,533988
525796,/root/animal-omni-kv/data/marmaudio/controls/silence/525796.wav,Phee,2021_1_0,four_experts_unanimous_affirmative,Yes|Yes|Yes|Yes,silence,525796
525942,/root/animal-omni-kv/data/marmaudio/expert_interventions/full_0-8k/525942.wav,Phee,2021_1_0,four_experts_unanimous_affirmative,Yes|Yes|Yes|Yes,full_0-8k,525942
525942,/root/animal-omni-kv/data/marmaudio/controls/lp_0-1000_rms_matched/525942.wav,Phee,2021_1_0,four_experts_unanimous_affirmative,Yes|Yes|Yes|Yes,lp_0-1000_rms_matched,525942
525942,/root/animal-omni-kv/data/marmaudio/controls/lp_0-2000_rms_matched/525942.wav,Phee,2021_1_0,four_experts_unanimous_affirmative,Yes|Yes|Yes|Yes,lp_0-2000_rms_matched,525942
525942,/root/animal-omni-kv/data/marmaudio/controls/lp_0-4000_rms_matched/525942.wav,Phee,2021_1_0,four_experts_unanimous_affirmative,Yes|Yes|Yes|Yes,lp_0-4000_rms_matched,525942
525942,/root/animal-omni-kv/data/marmaudio/expert_interventions/full_0-8k/541326.wav,Phee,2021_1_0,four_experts_unanimous_affirmative,Yes|Yes|Yes|Yes,shuffled_audio,541326
525942,/root/animal-omni-kv/data/marmaudio/controls/silence/525942.wav,Phee,2021_1_0,four_experts_unanimous_affirmative,Yes|Yes|Yes|Yes,silence,525942
526040,/root/animal-omni-kv/data/marmaudio/expert_interventions/full_0-8k/526040.wav,Infant Cry,2021_1_0,four_experts_unanimous_affirmative,Yes|Yes|Yes|Yes,full_0-8k,526040
526040,/root/animal-omni-kv/data/marmaudio/controls/lp_0-1000_rms_matched/526040.wav,Infant Cry,2021_1_0,four_experts_unanimous_affirmative,Yes|Yes|Yes|Yes,lp_0-1000_rms_matched,526040
526040,/root/animal-omni-kv/data/marmaudio/controls/lp_0-2000_rms_matched/526040.wav,Infant Cry,2021_1_0,four_experts_unanimous_affirmative,Yes|Yes|Yes|Yes,lp_0-2000_rms_matched,526040
526040,/root/animal-omni-kv/data/marmaudio/controls/lp_0-4000_rms_matched/526040.wav,Infant Cry,2021_1_0,four_experts_unanimous_affirmative,Yes|Yes|Yes|Yes,lp_0-4000_rms_matched,526040
526040,/root/animal-omni-kv/data/marmaudio/expert_interventions/full_0-8k/525796.wav,Infant Cry,2021_1_0,four_experts_unanimous_affirmative,Yes|Yes|Yes|Yes,shuffled_audio,525796
526040,/root/animal-omni-kv/data/marmaudio/controls/silence/526040.wav,Infant Cry,2021_1_0,four_experts_unanimous_affirmative,Yes|Yes|Yes|Yes,silence,526040
526671,/root/animal-omni-kv/data/marmaudio/expert_interventions/full_0-8k/526671.wav,Infant Cry,2021_1_0,four_experts_unanimous_affirmative,Yes|Yes|Yes|Yes,full_0-8k,526671
526671,/root/animal-omni-kv/data/marmaudio/controls/lp_0-1000_rms_matched/526671.wav,Infant Cry,2021_1_0,four_experts_unanimous_affirmative,Yes|Yes|Yes|Yes,lp_0-1000_rms_matched,526671
526671,/root/animal-omni-kv/data/marmaudio/controls/lp_0-2000_rms_matched/526671.wav,Infant Cry,2021_1_0,four_experts_unanimous_affirmative,Yes|Yes|Yes|Yes,lp_0-2000_rms_matched,526671
526671,/root/animal-omni-kv/data/marmaudio/controls/lp_0-4000_rms_matched/526671.wav,Infant Cry,2021_1_0,four_experts_unanimous_affirmative,Yes|Yes|Yes|Yes,lp_0-4000_rms_matched,526671
526671,/root/animal-omni-kv/data/marmaudio/expert_interventions/full_0-8k/525942.wav,Infant Cry,2021_1_0,four_experts_unanimous_affirmative,Yes|Yes|Yes|Yes,shuffled_audio,525942
526671,/root/animal-omni-kv/data/marmaudio/controls/silence/526671.wav,Infant Cry,2021_1_0,four_experts_unanimous_affirmative,Yes|Yes|Yes|Yes,silence,526671
526711,/root/animal-omni-kv/data/marmaudio/expert_interventions/full_0-8k/526711.wav,Infant Cry,2021_1_0,four_experts_unanimous_affirmative,Yes|Yes|Yes|Yes,full_0-8k,526711
526711,/root/animal-omni-kv/data/marmaudio/controls/lp_0-1000_rms_matched/526711.wav,Infant Cry,2021_1_0,four_experts_unanimous_affirmative,Yes|Yes|Yes|Yes,lp_0-1000_rms_matched,526711
526711,/root/animal-omni-kv/data/marmaudio/controls/lp_0-2000_rms_matched/526711.wav,Infant Cry,2021_1_0,four_experts_unanimous_affirmative,Yes|Yes|Yes|Yes,lp_0-2000_rms_matched,526711
526711,/root/animal-omni-kv/data/marmaudio/controls/lp_0-4000_rms_matched/526711.wav,Infant Cry,2021_1_0,four_experts_unanimous_affirmative,Yes|Yes|Yes|Yes,lp_0-4000_rms_matched,526711
526711,/root/animal-omni-kv/data/marmaudio/expert_interventions/full_0-8k/527518.wav,Infant Cry,2021_1_0,four_experts_unanimous_affirmative,Yes|Yes|Yes|Yes,shuffled_audio,527518
526711,/root/animal-omni-kv/data/marmaudio/controls/silence/526711.wav,Infant Cry,2021_1_0,four_experts_unanimous_affirmative,Yes|Yes|Yes|Yes,silence,526711
526904,/root/animal-omni-kv/data/marmaudio/expert_interventions/full_0-8k/526904.wav,Tsik,2021_1_0,four_experts_unanimous_affirmative,Yes|Yes|Yes|Yes,full_0-8k,526904
526904,/root/animal-omni-kv/data/marmaudio/controls/lp_0-1000_rms_matched/526904.wav,Tsik,2021_1_0,four_experts_unanimous_affirmative,Yes|Yes|Yes|Yes,lp_0-1000_rms_matched,526904
526904,/root/animal-omni-kv/data/marmaudio/controls/lp_0-2000_rms_matched/526904.wav,Tsik,2021_1_0,four_experts_unanimous_affirmative,Yes|Yes|Yes|Yes,lp_0-2000_rms_matched,526904
526904,/root/animal-omni-kv/data/marmaudio/controls/lp_0-4000_rms_matched/526904.wav,Tsik,2021_1_0,four_experts_unanimous_affirmative,Yes|Yes|Yes|Yes,lp_0-4000_rms_matched,526904
526904,/root/animal-omni-kv/data/marmaudio/expert_interventions/full_0-8k/556866.wav,Tsik,2021_1_0,four_experts_unanimous_affirmative,Yes|Yes|Yes|Yes,shuffled_audio,556866
526904,/root/animal-omni-kv/data/marmaudio/controls/silence/526904.wav,Tsik,2021_1_0,four_experts_unanimous_affirmative,Yes|Yes|Yes|Yes,silence,526904
527437,/root/animal-omni-kv/data/marmaudio/expert_interventions/full_0-8k/527437.wav,Seep,2021_1_0,four_experts_unanimous_affirmative,Yes|Yes|Yes|Yes,full_0-8k,527437
527437,/root/animal-omni-kv/data/marmaudio/controls/lp_0-1000_rms_matched/527437.wav,Seep,2021_1_0,four_experts_unanimous_affirmative,Yes|Yes|Yes|Yes,lp_0-1000_rms_matched,527437
527437,/root/animal-omni-kv/data/marmaudio/controls/lp_0-2000_rms_matched/527437.wav,Seep,2021_1_0,four_experts_unanimous_affirmative,Yes|Yes|Yes|Yes,lp_0-2000_rms_matched,527437
527437,/root/animal-omni-kv/data/marmaudio/controls/lp_0-4000_rms_matched/527437.wav,Seep,2021_1_0,four_experts_unanimous_affirmative,Yes|Yes|Yes|Yes,lp_0-4000_rms_matched,527437
527437,/root/animal-omni-kv/data/marmaudio/expert_interventions/full_0-8k/592253.wav,Seep,2021_1_0,four_experts_unanimous_affirmative,Yes|Yes|Yes|Yes,shuffled_audio,592253
527437,/root/animal-omni-kv/data/marmaudio/controls/silence/527437.wav,Seep,2021_1_0,four_experts_unanimous_affirmative,Yes|Yes|Yes|Yes,silence,527437
527518,/root/animal-omni-kv/data/marmaudio/expert_interventions/full_0-8k/527518.wav,Phee,2021_1_0,four_experts_unanimous_affirmative,Yes|Yes|Yes|Yes,full_0-8k,527518
527518,/root/animal-omni-kv/data/marmaudio/controls/lp_0-1000_rms_matched/527518.wav,Phee,2021_1_0,four_experts_unanimous_affirmative,Yes|Yes|Yes|Yes,lp_0-1000_rms_matched,527518
527518,/root/animal-omni-kv/data/marmaudio/controls/lp_0-2000_rms_matched/527518.wav,Phee,2021_1_0,four_experts_unanimous_affirmative,Yes|Yes|Yes|Yes,lp_0-2000_rms_matched,527518
527518,/root/animal-omni-kv/data/marmaudio/controls/lp_0-4000_rms_matched/527518.wav,Phee,2021_1_0,four_experts_unanimous_affirmative,Yes|Yes|Yes|Yes,lp_0-4000_rms_matched,527518
527518,/root/animal-omni-kv/data/marmaudio/expert_interventions/full_0-8k/556028.wav,Phee,2021_1_0,four_experts_unanimous_affirmative,Yes|Yes|Yes|Yes,shuffled_audio,556028
527518,/root/animal-omni-kv/data/marmaudio/controls/silence/527518.wav,Phee,2021_1_0,four_experts_unanimous_affirmative,Yes|Yes|Yes|Yes,silence,527518
528688,/root/animal-omni-kv/data/marmaudio/expert_interventions/full_0-8k/528688.wav,Phee,2021_1_0,four_experts_unanimous_affirmative,Yes|Yes|Yes|Yes,full_0-8k,528688
528688,/root/animal-omni-kv/data/marmaudio/controls/lp_0-1000_rms_matched/528688.wav,Phee,2021_1_0,four_experts_unanimous_affirmative,Yes|Yes|Yes|Yes,lp_0-1000_rms_matched,528688
528688,/root/animal-omni-kv/data/marmaudio/controls/lp_0-2000_rms_matched/528688.wav,Phee,2021_1_0,four_experts_unanimous_affirmative,Yes|Yes|Yes|Yes,lp_0-2000_rms_matched,528688
528688,/root/animal-omni-kv/data/marmaudio/controls/lp_0-4000_rms_matched/528688.wav,Phee,2021_1_0,four_experts_unanimous_affirmative,Yes|Yes|Yes|Yes,lp_0-4000_rms_matched,528688
528688,/root/animal-omni-kv/data/marmaudio/expert_interventions/full_0-8k/571992.wav,Phee,2021_1_0,four_experts_unanimous_affirmative,Yes|Yes|Yes|Yes,shuffled_audio,571992
528688,/root/animal-omni-kv/data/marmaudio/controls/silence/528688.wav,Phee,2021_1_0,four_experts_unanimous_affirmative,Yes|Yes|Yes|Yes,silence,528688
533988,/root/animal-omni-kv/data/marmaudio/expert_interventions/full_0-8k/533988.wav,Seep,2020_7_0,four_experts_unanimous_affirmative,Yes|Yes|Yes|Yes,full_0-8k,533988
533988,/root/animal-omni-kv/data/marmaudio/controls/lp_0-1000_rms_matched/533988.wav,Seep,2020_7_0,four_experts_unanimous_affirmative,Yes|Yes|Yes|Yes,lp_0-1000_rms_matched,533988
533988,/root/animal-omni-kv/data/marmaudio/controls/lp_0-2000_rms_matched/533988.wav,Seep,2020_7_0,four_experts_unanimous_affirmative,Yes|Yes|Yes|Yes,lp_0-2000_rms_matched,533988
533988,/root/animal-omni-kv/data/marmaudio/controls/lp_0-4000_rms_matched/533988.wav,Seep,2020_7_0,four_experts_unanimous_affirmative,Yes|Yes|Yes|Yes,lp_0-4000_rms_matched,533988
533988,/root/animal-omni-kv/data/marmaudio/expert_interventions/full_0-8k/592365.wav,Seep,2020_7_0,four_experts_unanimous_affirmative,Yes|Yes|Yes|Yes,shuffled_audio,592365
533988,/root/animal-omni-kv/data/marmaudio/controls/silence/533988.wav,Seep,2020_7_0,four_experts_unanimous_affirmative,Yes|Yes|Yes|Yes,silence,533988
536094,/root/animal-omni-kv/data/marmaudio/expert_interventions/full_0-8k/536094.wav,Phee,2020_3_0,four_experts_unanimous_affirmative,Yes|Yes|Yes|Yes,full_0-8k,536094
536094,/root/animal-omni-kv/data/marmaudio/controls/lp_0-1000_rms_matched/536094.wav,Phee,2020_3_0,four_experts_unanimous_affirmative,Yes|Yes|Yes|Yes,lp_0-1000_rms_matched,536094
536094,/root/animal-omni-kv/data/marmaudio/controls/lp_0-2000_rms_matched/536094.wav,Phee,2020_3_0,four_experts_unanimous_affirmative,Yes|Yes|Yes|Yes,lp_0-2000_rms_matched,536094
536094,/root/animal-omni-kv/data/marmaudio/controls/lp_0-4000_rms_matched/536094.wav,Phee,2020_3_0,four_experts_unanimous_affirmative,Yes|Yes|Yes|Yes,lp_0-4000_rms_matched,536094
536094,/root/animal-omni-kv/data/marmaudio/expert_interventions/full_0-8k/582662.wav,Phee,2020_3_0,four_experts_unanimous_affirmative,Yes|Yes|Yes|Yes,shuffled_audio,582662
536094,/root/animal-omni-kv/data/marmaudio/controls/silence/536094.wav,Phee,2020_3_0,four_experts_unanimous_affirmative,Yes|Yes|Yes|Yes,silence,536094
539354,/root/animal-omni-kv/data/marmaudio/expert_interventions/full_0-8k/539354.wav,Phee,2020_3_0,four_experts_unanimous_affirmative,Yes|Yes|Yes|Yes,full_0-8k,539354
539354,/root/animal-omni-kv/data/marmaudio/controls/lp_0-1000_rms_matched/539354.wav,Phee,2020_3_0,four_experts_unanimous_affirmative,Yes|Yes|Yes|Yes,lp_0-1000_rms_matched,539354
539354,/root/animal-omni-kv/data/marmaudio/controls/lp_0-2000_rms_matched/539354.wav,Phee,2020_3_0,four_experts_unanimous_affirmative,Yes|Yes|Yes|Yes,lp_0-2000_rms_matched,539354
539354,/root/animal-omni-kv/data/marmaudio/controls/lp_0-4000_rms_matched/539354.wav,Phee,2020_3_0,four_experts_unanimous_affirmative,Yes|Yes|Yes|Yes,lp_0-4000_rms_matched,539354
539354,/root/animal-omni-kv/data/marmaudio/expert_interventions/full_0-8k/583884.wav,Phee,2020_3_0,four_experts_unanimous_affirmative,Yes|Yes|Yes|Yes,shuffled_audio,583884
539354,/root/animal-omni-kv/data/marmaudio/controls/silence/539354.wav,Phee,2020_3_0,four_experts_unanimous_affirmative,Yes|Yes|Yes|Yes,silence,539354
540984,/root/animal-omni-kv/data/marmaudio/expert_interventions/full_0-8k/540984.wav,Infant Cry,2020_5_0,four_experts_unanimous_affirmative,Yes|Yes|Yes|Yes,full_0-8k,540984
540984,/root/animal-omni-kv/data/marmaudio/controls/lp_0-1000_rms_matched/540984.wav,Infant Cry,2020_5_0,four_experts_unanimous_affirmative,Yes|Yes|Yes|Yes,lp_0-1000_rms_matched,540984
540984,/root/animal-omni-kv/data/marmaudio/controls/lp_0-2000_rms_matched/540984.wav,Infant Cry,2020_5_0,four_experts_unanimous_affirmative,Yes|Yes|Yes|Yes,lp_0-2000_rms_matched,540984
540984,/root/animal-omni-kv/data/marmaudio/controls/lp_0-4000_rms_matched/540984.wav,Infant Cry,2020_5_0,four_experts_unanimous_affirmative,Yes|Yes|Yes|Yes,lp_0-4000_rms_matched,540984
540984,/root/animal-omni-kv/data/marmaudio/expert_interventions/full_0-8k/528688.wav,Infant Cry,2020_5_0,four_experts_unanimous_affirmative,Yes|Yes|Yes|Yes,shuffled_audio,528688
540984,/root/animal-omni-kv/data/marmaudio/controls/silence/540984.wav,Infant Cry,2020_5_0,four_experts_unanimous_affirmative,Yes|Yes|Yes|Yes,silence,540984
541326,/root/animal-omni-kv/data/marmaudio/expert_interventions/full_0-8k/541326.wav,Seep,2020_3_0,four_experts_unanimous_affirmative,Yes|Yes|Yes|Yes,full_0-8k,541326
541326,/root/animal-omni-kv/data/marmaudio/controls/lp_0-1000_rms_matched/541326.wav,Seep,2020_3_0,four_experts_unanimous_affirmative,Yes|Yes|Yes|Yes,lp_0-1000_rms_matched,541326
541326,/root/animal-omni-kv/data/marmaudio/controls/lp_0-2000_rms_matched/541326.wav,Seep,2020_3_0,four_experts_unanimous_affirmative,Yes|Yes|Yes|Yes,lp_0-2000_rms_matched,541326
541326,/root/animal-omni-kv/data/marmaudio/controls/lp_0-4000_rms_matched/541326.wav,Seep,2020_3_0,four_experts_unanimous_affirmative,Yes|Yes|Yes|Yes,lp_0-4000_rms_matched,541326
541326,/root/animal-omni-kv/data/marmaudio/expert_interventions/full_0-8k/592485.wav,Seep,2020_3_0,four_experts_unanimous_affirmative,Yes|Yes|Yes|Yes,shuffled_audio,592485
541326,/root/animal-omni-kv/data/marmaudio/controls/silence/541326.wav,Seep,2020_3_0,four_experts_unanimous_affirmative,Yes|Yes|Yes|Yes,silence,541326
54180,/root/animal-omni-kv/data/marmaudio/expert_interventions/full_0-8k/54180.wav,Phee,2022_1_5,four_experts_unanimous_affirmative,Yes|Yes|Yes|Yes,full_0-8k,54180
54180,/root/animal-omni-kv/data/marmaudio/controls/lp_0-1000_rms_matched/54180.wav,Phee,2022_1_5,four_experts_unanimous_affirmative,Yes|Yes|Yes|Yes,lp_0-1000_rms_matched,54180
54180,/root/animal-omni-kv/data/marmaudio/controls/lp_0-2000_rms_matched/54180.wav,Phee,2022_1_5,four_experts_unanimous_affirmative,Yes|Yes|Yes|Yes,lp_0-2000_rms_matched,54180
54180,/root/animal-omni-kv/data/marmaudio/controls/lp_0-4000_rms_matched/54180.wav,Phee,2022_1_5,four_experts_unanimous_affirmative,Yes|Yes|Yes|Yes,lp_0-4000_rms_matched,54180
54180,/root/animal-omni-kv/data/marmaudio/expert_interventions/full_0-8k/584362.wav,Phee,2022_1_5,four_experts_unanimous_affirmative,Yes|Yes|Yes|Yes,shuffled_audio,584362
54180,/root/animal-omni-kv/data/marmaudio/controls/silence/54180.wav,Phee,2022_1_5,four_experts_unanimous_affirmative,Yes|Yes|Yes|Yes,silence,54180
547929,/root/animal-omni-kv/data/marmaudio/expert_interventions/full_0-8k/547929.wav,Twitter,2020_7_0,four_experts_unanimous_affirmative,Yes|Yes|Yes|Yes,full_0-8k,547929
547929,/root/animal-omni-kv/data/marmaudio/controls/lp_0-1000_rms_matched/547929.wav,Twitter,2020_7_0,four_experts_unanimous_affirmative,Yes|Yes|Yes|Yes,lp_0-1000_rms_matched,547929
547929,/root/animal-omni-kv/data/marmaudio/controls/lp_0-2000_rms_matched/547929.wav,Twitter,2020_7_0,four_experts_unanimous_affirmative,Yes|Yes|Yes|Yes,lp_0-2000_rms_matched,547929
547929,/root/animal-omni-kv/data/marmaudio/controls/lp_0-4000_rms_matched/547929.wav,Twitter,2020_7_0,four_experts_unanimous_affirmative,Yes|Yes|Yes|Yes,lp_0-4000_rms_matched,547929
547929,/root/animal-omni-kv/data/marmaudio/expert_interventions/full_0-8k/526040.wav,Twitter,2020_7_0,four_experts_unanimous_affirmative,Yes|Yes|Yes|Yes,shuffled_audio,526040
547929,/root/animal-omni-kv/data/marmaudio/controls/silence/547929.wav,Twitter,2020_7_0,four_experts_unanimous_affirmative,Yes|Yes|Yes|Yes,silence,547929
548798,/root/animal-omni-kv/data/marmaudio/expert_interventions/full_0-8k/548798.wav,Trill,2020_7_0,four_experts_unanimous_affirmative,Yes|Yes|Yes|Yes,full_0-8k,548798
548798,/root/animal-omni-kv/data/marmaudio/controls/lp_0-1000_rms_matched/548798.wav,Trill,2020_7_0,four_experts_unanimous_affirmative,Yes|Yes|Yes|Yes,lp_0-1000_rms_matched,548798
548798,/root/animal-omni-kv/data/marmaudio/controls/lp_0-2000_rms_matched/548798.wav,Trill,2020_7_0,four_experts_unanimous_affirmative,Yes|Yes|Yes|Yes,lp_0-2000_rms_matched,548798
548798,/root/animal-omni-kv/data/marmaudio/controls/lp_0-4000_rms_matched/548798.wav,Trill,2020_7_0,four_experts_unanimous_affirmative,Yes|Yes|Yes|Yes,lp_0-4000_rms_matched,548798
548798,/root/animal-omni-kv/data/marmaudio/expert_interventions/full_0-8k/209905.wav,Trill,2020_7_0,four_experts_unanimous_affirmative,Yes|Yes|Yes|Yes,shuffled_audio,209905
548798,/root/animal-omni-kv/data/marmaudio/controls/silence/548798.wav,Trill,2020_7_0,four_experts_unanimous_affirmative,Yes|Yes|Yes|Yes,silence,548798
549295,/root/animal-omni-kv/data/marmaudio/expert_interventions/full_0-8k/549295.wav,Trill,2020_10_0,four_experts_unanimous_affirmative,Yes|Yes|Yes|Yes,full_0-8k,549295
549295,/root/animal-omni-kv/data/marmaudio/controls/lp_0-1000_rms_matched/549295.wav,Trill,2020_10_0,four_experts_unanimous_affirmative,Yes|Yes|Yes|Yes,lp_0-1000_rms_matched,549295
549295,/root/animal-omni-kv/data/marmaudio/controls/lp_0-2000_rms_matched/549295.wav,Trill,2020_10_0,four_experts_unanimous_affirmative,Yes|Yes|Yes|Yes,lp_0-2000_rms_matched,549295
549295,/root/animal-omni-kv/data/marmaudio/controls/lp_0-4000_rms_matched/549295.wav,Trill,2020_10_0,four_experts_unanimous_affirmative,Yes|Yes|Yes|Yes,lp_0-4000_rms_matched,549295
549295,/root/animal-omni-kv/data/marmaudio/expert_interventions/full_0-8k/209919.wav,Trill,2020_10_0,four_experts_unanimous_affirmative,Yes|Yes|Yes|Yes,shuffled_audio,209919
549295,/root/animal-omni-kv/data/marmaudio/controls/silence/549295.wav,Trill,2020_10_0,four_experts_unanimous_affirmative,Yes|Yes|Yes|Yes,silence,549295
549904,/root/animal-omni-kv/data/marmaudio/expert_interventions/full_0-8k/549904.wav,Tsik,2020_10_0,four_experts_unanimous_affirmative,Yes|Yes|Yes|Yes,full_0-8k,549904
549904,/root/animal-omni-kv/data/marmaudio/controls/lp_0-1000_rms_matched/549904.wav,Tsik,2020_10_0,four_experts_unanimous_affirmative,Yes|Yes|Yes|Yes,lp_0-1000_rms_matched,549904
549904,/root/animal-omni-kv/data/marmaudio/controls/lp_0-2000_rms_matched/549904.wav,Tsik,2020_10_0,four_experts_unanimous_affirmative,Yes|Yes|Yes|Yes,lp_0-2000_rms_matched,549904
549904,/root/animal-omni-kv/data/marmaudio/controls/lp_0-4000_rms_matched/549904.wav,Tsik,2020_10_0,four_experts_unanimous_affirmative,Yes|Yes|Yes|Yes,lp_0-4000_rms_matched,549904
549904,/root/animal-omni-kv/data/marmaudio/expert_interventions/full_0-8k/558285.wav,Tsik,2020_10_0,four_experts_unanimous_affirmative,Yes|Yes|Yes|Yes,shuffled_audio,558285
549904,/root/animal-omni-kv/data/marmaudio/controls/silence/549904.wav,Tsik,2020_10_0,four_experts_unanimous_affirmative,Yes|Yes|Yes|Yes,silence,549904
549995,/root/animal-omni-kv/data/marmaudio/expert_interventions/full_0-8k/549995.wav,Trill,2020_10_0,four_experts_unanimous_affirmative,Yes|Yes|Yes|Yes,full_0-8k,549995
549995,/root/animal-omni-kv/data/marmaudio/controls/lp_0-1000_rms_matched/549995.wav,Trill,2020_10_0,four_experts_unanimous_affirmative,Yes|Yes|Yes|Yes,lp_0-1000_rms_matched,549995
549995,/root/animal-omni-kv/data/marmaudio/controls/lp_0-2000_rms_matched/549995.wav,Trill,2020_10_0,four_experts_unanimous_affirmative,Yes|Yes|Yes|Yes,lp_0-2000_rms_matched,549995
549995,/root/animal-omni-kv/data/marmaudio/controls/lp_0-4000_rms_matched/549995.wav,Trill,2020_10_0,four_experts_unanimous_affirmative,Yes|Yes|Yes|Yes,lp_0-4000_rms_matched,549995
549995,/root/animal-omni-kv/data/marmaudio/expert_interventions/full_0-8k/223371.wav,Trill,2020_10_0,four_experts_unanimous_affirmative,Yes|Yes|Yes|Yes,shuffled_audio,223371
549995,/root/animal-omni-kv/data/marmaudio/controls/silence/549995.wav,Trill,2020_10_0,four_experts_unanimous_affirmative,Yes|Yes|Yes|Yes,silence,549995
550353,/root/animal-omni-kv/data/marmaudio/expert_interventions/full_0-8k/550353.wav,Twitter,2020_10_0,four_experts_unanimous_affirmative,Yes|Yes|Yes|Yes,full_0-8k,550353
550353,/root/animal-omni-kv/data/marmaudio/controls/lp_0-1000_rms_matched/550353.wav,Twitter,2020_10_0,four_experts_unanimous_affirmative,Yes|Yes|Yes|Yes,lp_0-1000_rms_matched,550353
550353,/root/animal-omni-kv/data/marmaudio/controls/lp_0-2000_rms_matched/550353.wav,Twitter,2020_10_0,four_experts_unanimous_affirmative,Yes|Yes|Yes|Yes,lp_0-2000_rms_matched,550353
550353,/root/animal-omni-kv/data/marmaudio/controls/lp_0-4000_rms_matched/550353.wav,Twitter,2020_10_0,four_experts_unanimous_affirmative,Yes|Yes|Yes|Yes,lp_0-4000_rms_matched,550353
550353,/root/animal-omni-kv/data/marmaudio/expert_interventions/full_0-8k/526671.wav,Twitter,2020_10_0,four_experts_unanimous_affirmative,Yes|Yes|Yes|Yes,shuffled_audio,526671
550353,/root/animal-omni-kv/data/marmaudio/controls/silence/550353.wav,Twitter,2020_10_0,four_experts_unanimous_affirmative,Yes|Yes|Yes|Yes,silence,550353
550482,/root/animal-omni-kv/data/marmaudio/expert_interventions/full_0-8k/550482.wav,Twitter,2020_10_0,four_experts_unanimous_affirmative,Yes|Yes|Yes|Yes,full_0-8k,550482
550482,/root/animal-omni-kv/data/marmaudio/controls/lp_0-1000_rms_matched/550482.wav,Twitter,2020_10_0,four_experts_unanimous_affirmative,Yes|Yes|Yes|Yes,lp_0-1000_rms_matched,550482
550482,/root/animal-omni-kv/data/marmaudio/controls/lp_0-2000_rms_matched/550482.wav,Twitter,2020_10_0,four_experts_unanimous_affirmative,Yes|Yes|Yes|Yes,lp_0-2000_rms_matched,550482
550482,/root/animal-omni-kv/data/marmaudio/controls/lp_0-4000_rms_matched/550482.wav,Twitter,2020_10_0,four_experts_unanimous_affirmative,Yes|Yes|Yes|Yes,lp_0-4000_rms_matched,550482
550482,/root/animal-omni-kv/data/marmaudio/expert_interventions/full_0-8k/526711.wav,Twitter,2020_10_0,four_experts_unanimous_affirmative,Yes|Yes|Yes|Yes,shuffled_audio,526711
550482,/root/animal-omni-kv/data/marmaudio/controls/silence/550482.wav,Twitter,2020_10_0,four_experts_unanimous_affirmative,Yes|Yes|Yes|Yes,silence,550482
556028,/root/animal-omni-kv/data/marmaudio/expert_interventions/full_0-8k/556028.wav,Seep,2020_11_0,four_experts_unanimous_affirmative,Yes|Yes|Yes|Yes,full_0-8k,556028
556028,/root/animal-omni-kv/data/marmaudio/controls/lp_0-1000_rms_matched/556028.wav,Seep,2020_11_0,four_experts_unanimous_affirmative,Yes|Yes|Yes|Yes,lp_0-1000_rms_matched,556028
556028,/root/animal-omni-kv/data/marmaudio/controls/lp_0-2000_rms_matched/556028.wav,Seep,2020_11_0,four_experts_unanimous_affirmative,Yes|Yes|Yes|Yes,lp_0-2000_rms_matched,556028
556028,/root/animal-omni-kv/data/marmaudio/controls/lp_0-4000_rms_matched/556028.wav,Seep,2020_11_0,four_experts_unanimous_affirmative,Yes|Yes|Yes|Yes,lp_0-4000_rms_matched,556028
556028,/root/animal-omni-kv/data/marmaudio/expert_interventions/full_0-8k/594023.wav,Seep,2020_11_0,four_experts_unanimous_affirmative,Yes|Yes|Yes|Yes,shuffled_audio,594023
556028,/root/animal-omni-kv/data/marmaudio/controls/silence/556028.wav,Seep,2020_11_0,four_experts_unanimous_affirmative,Yes|Yes|Yes|Yes,silence,556028
556866,/root/animal-omni-kv/data/marmaudio/expert_interventions/full_0-8k/556866.wav,Twitter,2020_10_0,four_experts_unanimous_affirmative,Yes|Yes|Yes|Yes,full_0-8k,556866
556866,/root/animal-omni-kv/data/marmaudio/controls/lp_0-1000_rms_matched/556866.wav,Twitter,2020_10_0,four_experts_unanimous_affirmative,Yes|Yes|Yes|Yes,lp_0-1000_rms_matched,556866
556866,/root/animal-omni-kv/data/marmaudio/controls/lp_0-2000_rms_matched/556866.wav,Twitter,2020_10_0,four_experts_unanimous_affirmative,Yes|Yes|Yes|Yes,lp_0-2000_rms_matched,556866
556866,/root/animal-omni-kv/data/marmaudio/controls/lp_0-4000_rms_matched/556866.wav,Twitter,2020_10_0,four_experts_unanimous_affirmative,Yes|Yes|Yes|Yes,lp_0-4000_rms_matched,556866
556866,/root/animal-omni-kv/data/marmaudio/expert_interventions/full_0-8k/540984.wav,Twitter,2020_10_0,four_experts_unanimous_affirmative,Yes|Yes|Yes|Yes,shuffled_audio,540984
556866,/root/animal-omni-kv/data/marmaudio/controls/silence/556866.wav,Twitter,2020_10_0,four_experts_unanimous_affirmative,Yes|Yes|Yes|Yes,silence,556866
558254,/root/animal-omni-kv/data/marmaudio/expert_interventions/full_0-8k/558254.wav,Tsik,2020_10_0,four_experts_unanimous_affirmative,Yes|Yes|Yes|Yes,full_0-8k,558254
558254,/root/animal-omni-kv/data/marmaudio/controls/lp_0-1000_rms_matched/558254.wav,Tsik,2020_10_0,four_experts_unanimous_affirmative,Yes|Yes|Yes|Yes,lp_0-1000_rms_matched,558254
558254,/root/animal-omni-kv/data/marmaudio/controls/lp_0-2000_rms_matched/558254.wav,Tsik,2020_10_0,four_experts_unanimous_affirmative,Yes|Yes|Yes|Yes,lp_0-2000_rms_matched,558254
558254,/root/animal-omni-kv/data/marmaudio/controls/lp_0-4000_rms_matched/558254.wav,Tsik,2020_10_0,four_experts_unanimous_affirmative,Yes|Yes|Yes|Yes,lp_0-4000_rms_matched,558254
558254,/root/animal-omni-kv/data/marmaudio/expert_interventions/full_0-8k/592286.wav,Tsik,2020_10_0,four_experts_unanimous_affirmative,Yes|Yes|Yes|Yes,shuffled_audio,592286
558254,/root/animal-omni-kv/data/marmaudio/controls/silence/558254.wav,Tsik,2020_10_0,four_experts_unanimous_affirmative,Yes|Yes|Yes|Yes,silence,558254
558285,/root/animal-omni-kv/data/marmaudio/expert_interventions/full_0-8k/558285.wav,Twitter,2020_10_0,four_experts_unanimous_affirmative,Yes|Yes|Yes|Yes,full_0-8k,558285
558285,/root/animal-omni-kv/data/marmaudio/controls/lp_0-1000_rms_matched/558285.wav,Twitter,2020_10_0,four_experts_unanimous_affirmative,Yes|Yes|Yes|Yes,lp_0-1000_rms_matched,558285
558285,/root/animal-omni-kv/data/marmaudio/controls/lp_0-2000_rms_matched/558285.wav,Twitter,2020_10_0,four_experts_unanimous_affirmative,Yes|Yes|Yes|Yes,lp_0-2000_rms_matched,558285
558285,/root/animal-omni-kv/data/marmaudio/controls/lp_0-4000_rms_matched/558285.wav,Twitter,2020_10_0,four_experts_unanimous_affirmative,Yes|Yes|Yes|Yes,lp_0-4000_rms_matched,558285
558285,/root/animal-omni-kv/data/marmaudio/expert_interventions/full_0-8k/558438.wav,Twitter,2020_10_0,four_experts_unanimous_affirmative,Yes|Yes|Yes|Yes,shuffled_audio,558438
558285,/root/animal-omni-kv/data/marmaudio/controls/silence/558285.wav,Twitter,2020_10_0,four_experts_unanimous_affirmative,Yes|Yes|Yes|Yes,silence,558285
558438,/root/animal-omni-kv/data/marmaudio/expert_interventions/full_0-8k/558438.wav,Infant Cry,2020_10_0,four_experts_unanimous_affirmative,Yes|Yes|Yes|Yes,full_0-8k,558438
558438,/root/animal-omni-kv/data/marmaudio/controls/lp_0-1000_rms_matched/558438.wav,Infant Cry,2020_10_0,four_experts_unanimous_affirmative,Yes|Yes|Yes|Yes,lp_0-1000_rms_matched,558438
558438,/root/animal-omni-kv/data/marmaudio/controls/lp_0-2000_rms_matched/558438.wav,Infant Cry,2020_10_0,four_experts_unanimous_affirmative,Yes|Yes|Yes|Yes,lp_0-2000_rms_matched,558438
558438,/root/animal-omni-kv/data/marmaudio/controls/lp_0-4000_rms_matched/558438.wav,Infant Cry,2020_10_0,four_experts_unanimous_affirmative,Yes|Yes|Yes|Yes,lp_0-4000_rms_matched,558438
558438,/root/animal-omni-kv/data/marmaudio/expert_interventions/full_0-8k/536094.wav,Infant Cry,2020_10_0,four_experts_unanimous_affirmative,Yes|Yes|Yes|Yes,shuffled_audio,536094
558438,/root/animal-omni-kv/data/marmaudio/controls/silence/558438.wav,Infant Cry,2020_10_0,four_experts_unanimous_affirmative,Yes|Yes|Yes|Yes,silence,558438
558541,/root/animal-omni-kv/data/marmaudio/expert_interventions/full_0-8k/558541.wav,Phee,2020_10_0,four_experts_unanimous_affirmative,Yes|Yes|Yes|Yes,full_0-8k,558541
558541,/root/animal-omni-kv/data/marmaudio/controls/lp_0-1000_rms_matched/558541.wav,Phee,2020_10_0,four_experts_unanimous_affirmative,Yes|Yes|Yes|Yes,lp_0-1000_rms_matched,558541
558541,/root/animal-omni-kv/data/marmaudio/controls/lp_0-2000_rms_matched/558541.wav,Phee,2020_10_0,four_experts_unanimous_affirmative,Yes|Yes|Yes|Yes,lp_0-2000_rms_matched,558541
558541,/root/animal-omni-kv/data/marmaudio/controls/lp_0-4000_rms_matched/558541.wav,Phee,2020_10_0,four_experts_unanimous_affirmative,Yes|Yes|Yes|Yes,lp_0-4000_rms_matched,558541
558541,/root/animal-omni-kv/data/marmaudio/expert_interventions/full_0-8k/586064.wav,Phee,2020_10_0,four_experts_unanimous_affirmative,Yes|Yes|Yes|Yes,shuffled_audio,586064
558541,/root/animal-omni-kv/data/marmaudio/controls/silence/558541.wav,Phee,2020_10_0,four_experts_unanimous_affirmative,Yes|Yes|Yes|Yes,silence,558541
558594,/root/animal-omni-kv/data/marmaudio/expert_interventions/full_0-8k/558594.wav,Infant Cry,2020_10_0,four_experts_unanimous_affirmative,Yes|Yes|Yes|Yes,full_0-8k,558594
558594,/root/animal-omni-kv/data/marmaudio/controls/lp_0-1000_rms_matched/558594.wav,Infant Cry,2020_10_0,four_experts_unanimous_affirmative,Yes|Yes|Yes|Yes,lp_0-1000_rms_matched,558594
558594,/root/animal-omni-kv/data/marmaudio/controls/lp_0-2000_rms_matched/558594.wav,Infant Cry,2020_10_0,four_experts_unanimous_affirmative,Yes|Yes|Yes|Yes,lp_0-2000_rms_matched,558594
558594,/root/animal-omni-kv/data/marmaudio/controls/lp_0-4000_rms_matched/558594.wav,Infant Cry,2020_10_0,four_experts_unanimous_affirmative,Yes|Yes|Yes|Yes,lp_0-4000_rms_matched,558594
558594,/root/animal-omni-kv/data/marmaudio/expert_interventions/full_0-8k/539354.wav,Infant Cry,2020_10_0,four_experts_unanimous_affirmative,Yes|Yes|Yes|Yes,shuffled_audio,539354
558594,/root/animal-omni-kv/data/marmaudio/controls/silence/558594.wav,Infant Cry,2020_10_0,four_experts_unanimous_affirmative,Yes|Yes|Yes|Yes,silence,558594
558633,/root/animal-omni-kv/data/marmaudio/expert_interventions/full_0-8k/558633.wav,Infant Cry,2020_10_0,four_experts_unanimous_affirmative,Yes|Yes|Yes|Yes,full_0-8k,558633
558633,/root/animal-omni-kv/data/marmaudio/controls/lp_0-1000_rms_matched/558633.wav,Infant Cry,2020_10_0,four_experts_unanimous_affirmative,Yes|Yes|Yes|Yes,lp_0-1000_rms_matched,558633
558633,/root/animal-omni-kv/data/marmaudio/controls/lp_0-2000_rms_matched/558633.wav,Infant Cry,2020_10_0,four_experts_unanimous_affirmative,Yes|Yes|Yes|Yes,lp_0-2000_rms_matched,558633
558633,/root/animal-omni-kv/data/marmaudio/controls/lp_0-4000_rms_matched/558633.wav,Infant Cry,2020_10_0,four_experts_unanimous_affirmative,Yes|Yes|Yes|Yes,lp_0-4000_rms_matched,558633
558633,/root/animal-omni-kv/data/marmaudio/expert_interventions/full_0-8k/54180.wav,Infant Cry,2020_10_0,four_experts_unanimous_affirmative,Yes|Yes|Yes|Yes,shuffled_audio,54180
558633,/root/animal-omni-kv/data/marmaudio/controls/silence/558633.wav,Infant Cry,2020_10_0,four_experts_unanimous_affirmative,Yes|Yes|Yes|Yes,silence,558633
56195,/root/animal-omni-kv/data/marmaudio/expert_interventions/full_0-8k/56195.wav,Trill,2022_1_5,four_experts_unanimous_affirmative,Yes|Yes|Yes|Yes,full_0-8k,56195
56195,/root/animal-omni-kv/data/marmaudio/controls/lp_0-1000_rms_matched/56195.wav,Trill,2022_1_5,four_experts_unanimous_affirmative,Yes|Yes|Yes|Yes,lp_0-1000_rms_matched,56195
56195,/root/animal-omni-kv/data/marmaudio/controls/lp_0-2000_rms_matched/56195.wav,Trill,2022_1_5,four_experts_unanimous_affirmative,Yes|Yes|Yes|Yes,lp_0-2000_rms_matched,56195
56195,/root/animal-omni-kv/data/marmaudio/controls/lp_0-4000_rms_matched/56195.wav,Trill,2022_1_5,four_experts_unanimous_affirmative,Yes|Yes|Yes|Yes,lp_0-4000_rms_matched,56195
56195,/root/animal-omni-kv/data/marmaudio/expert_interventions/full_0-8k/31471.wav,Trill,2022_1_5,four_experts_unanimous_affirmative,Yes|Yes|Yes|Yes,shuffled_audio,31471
56195,/root/animal-omni-kv/data/marmaudio/controls/silence/56195.wav,Trill,2022_1_5,four_experts_unanimous_affirmative,Yes|Yes|Yes|Yes,silence,56195
563468,/root/animal-omni-kv/data/marmaudio/expert_interventions/full_0-8k/563468.wav,Tsik,2020_12_0,four_experts_unanimous_affirmative,Yes|Yes|Yes|Yes,full_0-8k,563468
563468,/root/animal-omni-kv/data/marmaudio/controls/lp_0-1000_rms_matched/563468.wav,Tsik,2020_12_0,four_experts_unanimous_affirmative,Yes|Yes|Yes|Yes,lp_0-1000_rms_matched,563468
563468,/root/animal-omni-kv/data/marmaudio/controls/lp_0-2000_rms_matched/563468.wav,Tsik,2020_12_0,four_experts_unanimous_affirmative,Yes|Yes|Yes|Yes,lp_0-2000_rms_matched,563468
563468,/root/animal-omni-kv/data/marmaudio/controls/lp_0-4000_rms_matched/563468.wav,Tsik,2020_12_0,four_experts_unanimous_affirmative,Yes|Yes|Yes|Yes,lp_0-4000_rms_matched,563468
563468,/root/animal-omni-kv/data/marmaudio/expert_interventions/full_0-8k/598781.wav,Tsik,2020_12_0,four_experts_unanimous_affirmative,Yes|Yes|Yes|Yes,shuffled_audio,598781
563468,/root/animal-omni-kv/data/marmaudio/controls/silence/563468.wav,Tsik,2020_12_0,four_experts_unanimous_affirmative,Yes|Yes|Yes|Yes,silence,563468
564626,/root/animal-omni-kv/data/marmaudio/expert_interventions/full_0-8k/564626.wav,Trill,2020_10_0,four_experts_unanimous_affirmative,Yes|Yes|Yes|Yes,full_0-8k,564626
564626,/root/animal-omni-kv/data/marmaudio/controls/lp_0-1000_rms_matched/564626.wav,Trill,2020_10_0,four_experts_unanimous_affirmative,Yes|Yes|Yes|Yes,lp_0-1000_rms_matched,564626
564626,/root/animal-omni-kv/data/marmaudio/controls/lp_0-2000_rms_matched/564626.wav,Trill,2020_10_0,four_experts_unanimous_affirmative,Yes|Yes|Yes|Yes,lp_0-2000_rms_matched,564626
564626,/root/animal-omni-kv/data/marmaudio/controls/lp_0-4000_rms_matched/564626.wav,Trill,2020_10_0,four_experts_unanimous_affirmative,Yes|Yes|Yes|Yes,lp_0-4000_rms_matched,564626
564626,/root/animal-omni-kv/data/marmaudio/expert_interventions/full_0-8k/335642.wav,Trill,2020_10_0,four_experts_unanimous_affirmative,Yes|Yes|Yes|Yes,shuffled_audio,335642
564626,/root/animal-omni-kv/data/marmaudio/controls/silence/564626.wav,Trill,2020_10_0,four_experts_unanimous_affirmative,Yes|Yes|Yes|Yes,silence,564626
565266,/root/animal-omni-kv/data/marmaudio/expert_interventions/full_0-8k/565266.wav,Infant Cry,2020_10_1,four_experts_unanimous_affirmative,Yes|Yes|Yes|Yes,full_0-8k,565266
565266,/root/animal-omni-kv/data/marmaudio/controls/lp_0-1000_rms_matched/565266.wav,Infant Cry,2020_10_1,four_experts_unanimous_affirmative,Yes|Yes|Yes|Yes,lp_0-1000_rms_matched,565266
565266,/root/animal-omni-kv/data/marmaudio/controls/lp_0-2000_rms_matched/565266.wav,Infant Cry,2020_10_1,four_experts_unanimous_affirmative,Yes|Yes|Yes|Yes,lp_0-2000_rms_matched,565266
565266,/root/animal-omni-kv/data/marmaudio/controls/lp_0-4000_rms_matched/565266.wav,Infant Cry,2020_10_1,four_experts_unanimous_affirmative,Yes|Yes|Yes|Yes,lp_0-4000_rms_matched,565266
565266,/root/animal-omni-kv/data/marmaudio/expert_interventions/full_0-8k/558541.wav,Infant Cry,2020_10_1,four_experts_unanimous_affirmative,Yes|Yes|Yes|Yes,shuffled_audio,558541
565266,/root/animal-omni-kv/data/marmaudio/controls/silence/565266.wav,Infant Cry,2020_10_1,four_experts_unanimous_affirmative,Yes|Yes|Yes|Yes,silence,565266
571992,/root/animal-omni-kv/data/marmaudio/expert_interventions/full_0-8k/571992.wav,Seep,2020_10_1,four_experts_unanimous_affirmative,Yes|Yes|Yes|Yes,full_0-8k,571992
571992,/root/animal-omni-kv/data/marmaudio/controls/lp_0-1000_rms_matched/571992.wav,Seep,2020_10_1,four_experts_unanimous_affirmative,Yes|Yes|Yes|Yes,lp_0-1000_rms_matched,571992
571992,/root/animal-omni-kv/data/marmaudio/controls/lp_0-2000_rms_matched/571992.wav,Seep,2020_10_1,four_experts_unanimous_affirmative,Yes|Yes|Yes|Yes,lp_0-2000_rms_matched,571992
571992,/root/animal-omni-kv/data/marmaudio/controls/lp_0-4000_rms_matched/571992.wav,Seep,2020_10_1,four_experts_unanimous_affirmative,Yes|Yes|Yes|Yes,lp_0-4000_rms_matched,571992
571992,/root/animal-omni-kv/data/marmaudio/expert_interventions/full_0-8k/622320.wav,Seep,2020_10_1,four_experts_unanimous_affirmative,Yes|Yes|Yes|Yes,shuffled_audio,622320
571992,/root/animal-omni-kv/data/marmaudio/controls/silence/571992.wav,Seep,2020_10_1,four_experts_unanimous_affirmative,Yes|Yes|Yes|Yes,silence,571992
572081,/root/animal-omni-kv/data/marmaudio/expert_interventions/full_0-8k/572081.wav,Trill,2020_10_1,four_experts_unanimous_affirmative,Yes|Yes|Yes|Yes,full_0-8k,572081
572081,/root/animal-omni-kv/data/marmaudio/controls/lp_0-1000_rms_matched/572081.wav,Trill,2020_10_1,four_experts_unanimous_affirmative,Yes|Yes|Yes|Yes,lp_0-1000_rms_matched,572081
572081,/root/animal-omni-kv/data/marmaudio/controls/lp_0-2000_rms_matched/572081.wav,Trill,2020_10_1,four_experts_unanimous_affirmative,Yes|Yes|Yes|Yes,lp_0-2000_rms_matched,572081
572081,/root/animal-omni-kv/data/marmaudio/controls/lp_0-4000_rms_matched/572081.wav,Trill,2020_10_1,four_experts_unanimous_affirmative,Yes|Yes|Yes|Yes,lp_0-4000_rms_matched,572081
572081,/root/animal-omni-kv/data/marmaudio/expert_interventions/full_0-8k/423771.wav,Trill,2020_10_1,four_experts_unanimous_affirmative,Yes|Yes|Yes|Yes,shuffled_audio,423771
572081,/root/animal-omni-kv/data/marmaudio/controls/silence/572081.wav,Trill,2020_10_1,four_experts_unanimous_affirmative,Yes|Yes|Yes|Yes,silence,572081
582662,/root/animal-omni-kv/data/marmaudio/expert_interventions/full_0-8k/582662.wav,Seep,2020_11_0,four_experts_unanimous_affirmative,Yes|Yes|Yes|Yes,full_0-8k,582662
582662,/root/animal-omni-kv/data/marmaudio/controls/lp_0-1000_rms_matched/582662.wav,Seep,2020_11_0,four_experts_unanimous_affirmative,Yes|Yes|Yes|Yes,lp_0-1000_rms_matched,582662
582662,/root/animal-omni-kv/data/marmaudio/controls/lp_0-2000_rms_matched/582662.wav,Seep,2020_11_0,four_experts_unanimous_affirmative,Yes|Yes|Yes|Yes,lp_0-2000_rms_matched,582662
582662,/root/animal-omni-kv/data/marmaudio/controls/lp_0-4000_rms_matched/582662.wav,Seep,2020_11_0,four_experts_unanimous_affirmative,Yes|Yes|Yes|Yes,lp_0-4000_rms_matched,582662
582662,/root/animal-omni-kv/data/marmaudio/expert_interventions/full_0-8k/624712.wav,Seep,2020_11_0,four_experts_unanimous_affirmative,Yes|Yes|Yes|Yes,shuffled_audio,624712
582662,/root/animal-omni-kv/data/marmaudio/controls/silence/582662.wav,Seep,2020_11_0,four_experts_unanimous_affirmative,Yes|Yes|Yes|Yes,silence,582662
582669,/root/animal-omni-kv/data/marmaudio/expert_interventions/full_0-8k/582669.wav,Phee,2020_11_0,four_experts_unanimous_affirmative,Yes|Yes|Yes|Yes,full_0-8k,582669
582669,/root/animal-omni-kv/data/marmaudio/controls/lp_0-1000_rms_matched/582669.wav,Phee,2020_11_0,four_experts_unanimous_affirmative,Yes|Yes|Yes|Yes,lp_0-1000_rms_matched,582669
582669,/root/animal-omni-kv/data/marmaudio/controls/lp_0-2000_rms_matched/582669.wav,Phee,2020_11_0,four_experts_unanimous_affirmative,Yes|Yes|Yes|Yes,lp_0-2000_rms_matched,582669
582669,/root/animal-omni-kv/data/marmaudio/controls/lp_0-4000_rms_matched/582669.wav,Phee,2020_11_0,four_experts_unanimous_affirmative,Yes|Yes|Yes|Yes,lp_0-4000_rms_matched,582669
582669,/root/animal-omni-kv/data/marmaudio/expert_interventions/full_0-8k/617822.wav,Phee,2020_11_0,four_experts_unanimous_affirmative,Yes|Yes|Yes|Yes,shuffled_audio,617822
582669,/root/animal-omni-kv/data/marmaudio/controls/silence/582669.wav,Phee,2020_11_0,four_experts_unanimous_affirmative,Yes|Yes|Yes|Yes,silence,582669
583172,/root/animal-omni-kv/data/marmaudio/expert_interventions/full_0-8k/583172.wav,Phee,2020_10_1,four_experts_unanimous_affirmative,Yes|Yes|Yes|Yes,full_0-8k,583172
583172,/root/animal-omni-kv/data/marmaudio/controls/lp_0-1000_rms_matched/583172.wav,Phee,2020_10_1,four_experts_unanimous_affirmative,Yes|Yes|Yes|Yes,lp_0-1000_rms_matched,583172
583172,/root/animal-omni-kv/data/marmaudio/controls/lp_0-2000_rms_matched/583172.wav,Phee,2020_10_1,four_experts_unanimous_affirmative,Yes|Yes|Yes|Yes,lp_0-2000_rms_matched,583172
583172,/root/animal-omni-kv/data/marmaudio/controls/lp_0-4000_rms_matched/583172.wav,Phee,2020_10_1,four_experts_unanimous_affirmative,Yes|Yes|Yes|Yes,lp_0-4000_rms_matched,583172
583172,/root/animal-omni-kv/data/marmaudio/expert_interventions/full_0-8k/619623.wav,Phee,2020_10_1,four_experts_unanimous_affirmative,Yes|Yes|Yes|Yes,shuffled_audio,619623
583172,/root/animal-omni-kv/data/marmaudio/controls/silence/583172.wav,Phee,2020_10_1,four_experts_unanimous_affirmative,Yes|Yes|Yes|Yes,silence,583172
583214,/root/animal-omni-kv/data/marmaudio/expert_interventions/full_0-8k/583214.wav,Infant Cry,2020_10_1,four_experts_unanimous_affirmative,Yes|Yes|Yes|Yes,full_0-8k,583214
583214,/root/animal-omni-kv/data/marmaudio/controls/lp_0-1000_rms_matched/583214.wav,Infant Cry,2020_10_1,four_experts_unanimous_affirmative,Yes|Yes|Yes|Yes,lp_0-1000_rms_matched,583214
583214,/root/animal-omni-kv/data/marmaudio/controls/lp_0-2000_rms_matched/583214.wav,Infant Cry,2020_10_1,four_experts_unanimous_affirmative,Yes|Yes|Yes|Yes,lp_0-2000_rms_matched,583214
583214,/root/animal-omni-kv/data/marmaudio/controls/lp_0-4000_rms_matched/583214.wav,Infant Cry,2020_10_1,four_experts_unanimous_affirmative,Yes|Yes|Yes|Yes,lp_0-4000_rms_matched,583214
583214,/root/animal-omni-kv/data/marmaudio/expert_interventions/full_0-8k/582669.wav,Infant Cry,2020_10_1,four_experts_unanimous_affirmative,Yes|Yes|Yes|Yes,shuffled_audio,582669
583214,/root/animal-omni-kv/data/marmaudio/controls/silence/583214.wav,Infant Cry,2020_10_1,four_experts_unanimous_affirmative,Yes|Yes|Yes|Yes,silence,583214
583884,/root/animal-omni-kv/data/marmaudio/expert_interventions/full_0-8k/583884.wav,Seep,2020_10_1,four_experts_unanimous_affirmative,Yes|Yes|Yes|Yes,full_0-8k,583884
583884,/root/animal-omni-kv/data/marmaudio/controls/lp_0-1000_rms_matched/583884.wav,Seep,2020_10_1,four_experts_unanimous_affirmative,Yes|Yes|Yes|Yes,lp_0-1000_rms_matched,583884
583884,/root/animal-omni-kv/data/marmaudio/controls/lp_0-2000_rms_matched/583884.wav,Seep,2020_10_1,four_experts_unanimous_affirmative,Yes|Yes|Yes|Yes,lp_0-2000_rms_matched,583884
583884,/root/animal-omni-kv/data/marmaudio/controls/lp_0-4000_rms_matched/583884.wav,Seep,2020_10_1,four_experts_unanimous_affirmative,Yes|Yes|Yes|Yes,lp_0-4000_rms_matched,583884
583884,/root/animal-omni-kv/data/marmaudio/expert_interventions/full_0-8k/630476.wav,Seep,2020_10_1,four_experts_unanimous_affirmative,Yes|Yes|Yes|Yes,shuffled_audio,630476
583884,/root/animal-omni-kv/data/marmaudio/controls/silence/583884.wav,Seep,2020_10_1,four_experts_unanimous_affirmative,Yes|Yes|Yes|Yes,silence,583884
584012,/root/animal-omni-kv/data/marmaudio/expert_interventions/full_0-8k/584012.wav,Phee,2020_10_1,four_experts_unanimous_affirmative,Yes|Yes|Yes|Yes,full_0-8k,584012
584012,/root/animal-omni-kv/data/marmaudio/controls/lp_0-1000_rms_matched/584012.wav,Phee,2020_10_1,four_experts_unanimous_affirmative,Yes|Yes|Yes|Yes,lp_0-1000_rms_matched,584012
584012,/root/animal-omni-kv/data/marmaudio/controls/lp_0-2000_rms_matched/584012.wav,Phee,2020_10_1,four_experts_unanimous_affirmative,Yes|Yes|Yes|Yes,lp_0-2000_rms_matched,584012
584012,/root/animal-omni-kv/data/marmaudio/controls/lp_0-4000_rms_matched/584012.wav,Phee,2020_10_1,four_experts_unanimous_affirmative,Yes|Yes|Yes|Yes,lp_0-4000_rms_matched,584012
584012,/root/animal-omni-kv/data/marmaudio/expert_interventions/full_0-8k/622417.wav,Phee,2020_10_1,four_experts_unanimous_affirmative,Yes|Yes|Yes|Yes,shuffled_audio,622417
584012,/root/animal-omni-kv/data/marmaudio/controls/silence/584012.wav,Phee,2020_10_1,four_experts_unanimous_affirmative,Yes|Yes|Yes|Yes,silence,584012
584362,/root/animal-omni-kv/data/marmaudio/expert_interventions/full_0-8k/584362.wav,Seep,2020_10_1,four_experts_unanimous_affirmative,Yes|Yes|Yes|Yes,full_0-8k,584362
584362,/root/animal-omni-kv/data/marmaudio/controls/lp_0-1000_rms_matched/584362.wav,Seep,2020_10_1,four_experts_unanimous_affirmative,Yes|Yes|Yes|Yes,lp_0-1000_rms_matched,584362
584362,/root/animal-omni-kv/data/marmaudio/controls/lp_0-2000_rms_matched/584362.wav,Seep,2020_10_1,four_experts_unanimous_affirmative,Yes|Yes|Yes|Yes,lp_0-2000_rms_matched,584362
584362,/root/animal-omni-kv/data/marmaudio/controls/lp_0-4000_rms_matched/584362.wav,Seep,2020_10_1,four_experts_unanimous_affirmative,Yes|Yes|Yes|Yes,lp_0-4000_rms_matched,584362
584362,/root/animal-omni-kv/data/marmaudio/expert_interventions/full_0-8k/631448.wav,Seep,2020_10_1,four_experts_unanimous_affirmative,Yes|Yes|Yes|Yes,shuffled_audio,631448
584362,/root/animal-omni-kv/data/marmaudio/controls/silence/584362.wav,Seep,2020_10_1,four_experts_unanimous_affirmative,Yes|Yes|Yes|Yes,silence,584362
586064,/root/animal-omni-kv/data/marmaudio/expert_interventions/full_0-8k/586064.wav,Seep,2020_10_1,four_experts_unanimous_affirmative,Yes|Yes|Yes|Yes,full_0-8k,586064
586064,/root/animal-omni-kv/data/marmaudio/controls/lp_0-1000_rms_matched/586064.wav,Seep,2020_10_1,four_experts_unanimous_affirmative,Yes|Yes|Yes|Yes,lp_0-1000_rms_matched,586064
586064,/root/animal-omni-kv/data/marmaudio/controls/lp_0-2000_rms_matched/586064.wav,Seep,2020_10_1,four_experts_unanimous_affirmative,Yes|Yes|Yes|Yes,lp_0-2000_rms_matched,586064
586064,/root/animal-omni-kv/data/marmaudio/controls/lp_0-4000_rms_matched/586064.wav,Seep,2020_10_1,four_experts_unanimous_affirmative,Yes|Yes|Yes|Yes,lp_0-4000_rms_matched,586064
586064,/root/animal-omni-kv/data/marmaudio/expert_interventions/full_0-8k/638810.wav,Seep,2020_10_1,four_experts_unanimous_affirmative,Yes|Yes|Yes|Yes,shuffled_audio,638810
586064,/root/animal-omni-kv/data/marmaudio/controls/silence/586064.wav,Seep,2020_10_1,four_experts_unanimous_affirmative,Yes|Yes|Yes|Yes,silence,586064
589438,/root/animal-omni-kv/data/marmaudio/expert_interventions/full_0-8k/589438.wav,Trill,2020_12_0,four_experts_unanimous_affirmative,Yes|Yes|Yes|Yes,full_0-8k,589438
589438,/root/animal-omni-kv/data/marmaudio/controls/lp_0-1000_rms_matched/589438.wav,Trill,2020_12_0,four_experts_unanimous_affirmative,Yes|Yes|Yes|Yes,lp_0-1000_rms_matched,589438
589438,/root/animal-omni-kv/data/marmaudio/controls/lp_0-2000_rms_matched/589438.wav,Trill,2020_12_0,four_experts_unanimous_affirmative,Yes|Yes|Yes|Yes,lp_0-2000_rms_matched,589438
589438,/root/animal-omni-kv/data/marmaudio/controls/lp_0-4000_rms_matched/589438.wav,Trill,2020_12_0,four_experts_unanimous_affirmative,Yes|Yes|Yes|Yes,lp_0-4000_rms_matched,589438
589438,/root/animal-omni-kv/data/marmaudio/expert_interventions/full_0-8k/480809.wav,Trill,2020_12_0,four_experts_unanimous_affirmative,Yes|Yes|Yes|Yes,shuffled_audio,480809
589438,/root/animal-omni-kv/data/marmaudio/controls/silence/589438.wav,Trill,2020_12_0,four_experts_unanimous_affirmative,Yes|Yes|Yes|Yes,silence,589438
592253,/root/animal-omni-kv/data/marmaudio/expert_interventions/full_0-8k/592253.wav,Trill,2020_7_0,four_experts_unanimous_affirmative,Yes|Yes|Yes|Yes,full_0-8k,592253
592253,/root/animal-omni-kv/data/marmaudio/controls/lp_0-1000_rms_matched/592253.wav,Trill,2020_7_0,four_experts_unanimous_affirmative,Yes|Yes|Yes|Yes,lp_0-1000_rms_matched,592253
592253,/root/animal-omni-kv/data/marmaudio/controls/lp_0-2000_rms_matched/592253.wav,Trill,2020_7_0,four_experts_unanimous_affirmative,Yes|Yes|Yes|Yes,lp_0-2000_rms_matched,592253
592253,/root/animal-omni-kv/data/marmaudio/controls/lp_0-4000_rms_matched/592253.wav,Trill,2020_7_0,four_experts_unanimous_affirmative,Yes|Yes|Yes|Yes,lp_0-4000_rms_matched,592253
592253,/root/animal-omni-kv/data/marmaudio/expert_interventions/full_0-8k/508866.wav,Trill,2020_7_0,four_experts_unanimous_affirmative,Yes|Yes|Yes|Yes,shuffled_audio,508866
592253,/root/animal-omni-kv/data/marmaudio/controls/silence/592253.wav,Trill,2020_7_0,four_experts_unanimous_affirmative,Yes|Yes|Yes|Yes,silence,592253
592286,/root/animal-omni-kv/data/marmaudio/expert_interventions/full_0-8k/592286.wav,Twitter,2020_7_0,four_experts_unanimous_affirmative,Yes|Yes|Yes|Yes,full_0-8k,592286
592286,/root/animal-omni-kv/data/marmaudio/controls/lp_0-1000_rms_matched/592286.wav,Twitter,2020_7_0,four_experts_unanimous_affirmative,Yes|Yes|Yes|Yes,lp_0-1000_rms_matched,592286
592286,/root/animal-omni-kv/data/marmaudio/controls/lp_0-2000_rms_matched/592286.wav,Twitter,2020_7_0,four_experts_unanimous_affirmative,Yes|Yes|Yes|Yes,lp_0-2000_rms_matched,592286
592286,/root/animal-omni-kv/data/marmaudio/controls/lp_0-4000_rms_matched/592286.wav,Twitter,2020_7_0,four_experts_unanimous_affirmative,Yes|Yes|Yes|Yes,lp_0-4000_rms_matched,592286
592286,/root/animal-omni-kv/data/marmaudio/expert_interventions/full_0-8k/558594.wav,Twitter,2020_7_0,four_experts_unanimous_affirmative,Yes|Yes|Yes|Yes,shuffled_audio,558594
592286,/root/animal-omni-kv/data/marmaudio/controls/silence/592286.wav,Twitter,2020_7_0,four_experts_unanimous_affirmative,Yes|Yes|Yes|Yes,silence,592286
592365,/root/animal-omni-kv/data/marmaudio/expert_interventions/full_0-8k/592365.wav,Trill,2023_2_0,four_experts_unanimous_affirmative,Yes|Yes|Yes|Yes,full_0-8k,592365
592365,/root/animal-omni-kv/data/marmaudio/controls/lp_0-1000_rms_matched/592365.wav,Trill,2023_2_0,four_experts_unanimous_affirmative,Yes|Yes|Yes|Yes,lp_0-1000_rms_matched,592365
592365,/root/animal-omni-kv/data/marmaudio/controls/lp_0-2000_rms_matched/592365.wav,Trill,2023_2_0,four_experts_unanimous_affirmative,Yes|Yes|Yes|Yes,lp_0-2000_rms_matched,592365
592365,/root/animal-omni-kv/data/marmaudio/controls/lp_0-4000_rms_matched/592365.wav,Trill,2023_2_0,four_experts_unanimous_affirmative,Yes|Yes|Yes|Yes,lp_0-4000_rms_matched,592365
592365,/root/animal-omni-kv/data/marmaudio/expert_interventions/full_0-8k/508903.wav,Trill,2023_2_0,four_experts_unanimous_affirmative,Yes|Yes|Yes|Yes,shuffled_audio,508903
592365,/root/animal-omni-kv/data/marmaudio/controls/silence/592365.wav,Trill,2023_2_0,four_experts_unanimous_affirmative,Yes|Yes|Yes|Yes,silence,592365
592485,/root/animal-omni-kv/data/marmaudio/expert_interventions/full_0-8k/592485.wav,Trill,2023_2_0,four_experts_unanimous_affirmative,Yes|Yes|Yes|Yes,full_0-8k,592485
592485,/root/animal-omni-kv/data/marmaudio/controls/lp_0-1000_rms_matched/592485.wav,Trill,2023_2_0,four_experts_unanimous_affirmative,Yes|Yes|Yes|Yes,lp_0-1000_rms_matched,592485
592485,/root/animal-omni-kv/data/marmaudio/controls/lp_0-2000_rms_matched/592485.wav,Trill,2023_2_0,four_experts_unanimous_affirmative,Yes|Yes|Yes|Yes,lp_0-2000_rms_matched,592485
592485,/root/animal-omni-kv/data/marmaudio/controls/lp_0-4000_rms_matched/592485.wav,Trill,2023_2_0,four_experts_unanimous_affirmative,Yes|Yes|Yes|Yes,lp_0-4000_rms_matched,592485
592485,/root/animal-omni-kv/data/marmaudio/expert_interventions/full_0-8k/50919.wav,Trill,2023_2_0,four_experts_unanimous_affirmative,Yes|Yes|Yes|Yes,shuffled_audio,50919
592485,/root/animal-omni-kv/data/marmaudio/controls/silence/592485.wav,Trill,2023_2_0,four_experts_unanimous_affirmative,Yes|Yes|Yes|Yes,silence,592485
594023,/root/animal-omni-kv/data/marmaudio/expert_interventions/full_0-8k/594023.wav,Trill,2020_10_1,four_experts_unanimous_affirmative,Yes|Yes|Yes|Yes,full_0-8k,594023
594023,/root/animal-omni-kv/data/marmaudio/controls/lp_0-1000_rms_matched/594023.wav,Trill,2020_10_1,four_experts_unanimous_affirmative,Yes|Yes|Yes|Yes,lp_0-1000_rms_matched,594023
594023,/root/animal-omni-kv/data/marmaudio/controls/lp_0-2000_rms_matched/594023.wav,Trill,2020_10_1,four_experts_unanimous_affirmative,Yes|Yes|Yes|Yes,lp_0-2000_rms_matched,594023
594023,/root/animal-omni-kv/data/marmaudio/controls/lp_0-4000_rms_matched/594023.wav,Trill,2020_10_1,four_experts_unanimous_affirmative,Yes|Yes|Yes|Yes,lp_0-4000_rms_matched,594023
594023,/root/animal-omni-kv/data/marmaudio/expert_interventions/full_0-8k/525735.wav,Trill,2020_10_1,four_experts_unanimous_affirmative,Yes|Yes|Yes|Yes,shuffled_audio,525735
594023,/root/animal-omni-kv/data/marmaudio/controls/silence/594023.wav,Trill,2020_10_1,four_experts_unanimous_affirmative,Yes|Yes|Yes|Yes,silence,594023
598781,/root/animal-omni-kv/data/marmaudio/expert_interventions/full_0-8k/598781.wav,Twitter,2020_10_2,four_experts_unanimous_affirmative,Yes|Yes|Yes|Yes,full_0-8k,598781
598781,/root/animal-omni-kv/data/marmaudio/controls/lp_0-1000_rms_matched/598781.wav,Twitter,2020_10_2,four_experts_unanimous_affirmative,Yes|Yes|Yes|Yes,lp_0-1000_rms_matched,598781
598781,/root/animal-omni-kv/data/marmaudio/controls/lp_0-2000_rms_matched/598781.wav,Twitter,2020_10_2,four_experts_unanimous_affirmative,Yes|Yes|Yes|Yes,lp_0-2000_rms_matched,598781
598781,/root/animal-omni-kv/data/marmaudio/controls/lp_0-4000_rms_matched/598781.wav,Twitter,2020_10_2,four_experts_unanimous_affirmative,Yes|Yes|Yes|Yes,lp_0-4000_rms_matched,598781
598781,/root/animal-omni-kv/data/marmaudio/expert_interventions/full_0-8k/558633.wav,Twitter,2020_10_2,four_experts_unanimous_affirmative,Yes|Yes|Yes|Yes,shuffled_audio,558633
598781,/root/animal-omni-kv/data/marmaudio/controls/silence/598781.wav,Twitter,2020_10_2,four_experts_unanimous_affirmative,Yes|Yes|Yes|Yes,silence,598781
600731,/root/animal-omni-kv/data/marmaudio/expert_interventions/full_0-8k/600731.wav,Twitter,2020_12_0,four_experts_unanimous_affirmative,Yes|Yes|Yes|Yes,full_0-8k,600731
600731,/root/animal-omni-kv/data/marmaudio/controls/lp_0-1000_rms_matched/600731.wav,Twitter,2020_12_0,four_experts_unanimous_affirmative,Yes|Yes|Yes|Yes,lp_0-1000_rms_matched,600731
600731,/root/animal-omni-kv/data/marmaudio/controls/lp_0-2000_rms_matched/600731.wav,Twitter,2020_12_0,four_experts_unanimous_affirmative,Yes|Yes|Yes|Yes,lp_0-2000_rms_matched,600731
600731,/root/animal-omni-kv/data/marmaudio/controls/lp_0-4000_rms_matched/600731.wav,Twitter,2020_12_0,four_experts_unanimous_affirmative,Yes|Yes|Yes|Yes,lp_0-4000_rms_matched,600731
600731,/root/animal-omni-kv/data/marmaudio/expert_interventions/full_0-8k/565266.wav,Twitter,2020_12_0,four_experts_unanimous_affirmative,Yes|Yes|Yes|Yes,shuffled_audio,565266
600731,/root/animal-omni-kv/data/marmaudio/controls/silence/600731.wav,Twitter,2020_12_0,four_experts_unanimous_affirmative,Yes|Yes|Yes|Yes,silence,600731
601927,/root/animal-omni-kv/data/marmaudio/expert_interventions/full_0-8k/601927.wav,Twitter,2020_12_1,four_experts_unanimous_affirmative,Yes|Yes|Yes|Yes,full_0-8k,601927
601927,/root/animal-omni-kv/data/marmaudio/controls/lp_0-1000_rms_matched/601927.wav,Twitter,2020_12_1,four_experts_unanimous_affirmative,Yes|Yes|Yes|Yes,lp_0-1000_rms_matched,601927
601927,/root/animal-omni-kv/data/marmaudio/controls/lp_0-2000_rms_matched/601927.wav,Twitter,2020_12_1,four_experts_unanimous_affirmative,Yes|Yes|Yes|Yes,lp_0-2000_rms_matched,601927
601927,/root/animal-omni-kv/data/marmaudio/controls/lp_0-4000_rms_matched/601927.wav,Twitter,2020_12_1,four_experts_unanimous_affirmative,Yes|Yes|Yes|Yes,lp_0-4000_rms_matched,601927
601927,/root/animal-omni-kv/data/marmaudio/expert_interventions/full_0-8k/583214.wav,Twitter,2020_12_1,four_experts_unanimous_affirmative,Yes|Yes|Yes|Yes,shuffled_audio,583214
601927,/root/animal-omni-kv/data/marmaudio/controls/silence/601927.wav,Twitter,2020_12_1,four_experts_unanimous_affirmative,Yes|Yes|Yes|Yes,silence,601927
602268,/root/animal-omni-kv/data/marmaudio/expert_interventions/full_0-8k/602268.wav,Twitter,2020_12_1,four_experts_unanimous_affirmative,Yes|Yes|Yes|Yes,full_0-8k,602268
602268,/root/animal-omni-kv/data/marmaudio/controls/lp_0-1000_rms_matched/602268.wav,Twitter,2020_12_1,four_experts_unanimous_affirmative,Yes|Yes|Yes|Yes,lp_0-1000_rms_matched,602268
602268,/root/animal-omni-kv/data/marmaudio/controls/lp_0-2000_rms_matched/602268.wav,Twitter,2020_12_1,four_experts_unanimous_affirmative,Yes|Yes|Yes|Yes,lp_0-2000_rms_matched,602268
602268,/root/animal-omni-kv/data/marmaudio/controls/lp_0-4000_rms_matched/602268.wav,Twitter,2020_12_1,four_experts_unanimous_affirmative,Yes|Yes|Yes|Yes,lp_0-4000_rms_matched,602268
602268,/root/animal-omni-kv/data/marmaudio/expert_interventions/full_0-8k/604234.wav,Twitter,2020_12_1,four_experts_unanimous_affirmative,Yes|Yes|Yes|Yes,shuffled_audio,604234
602268,/root/animal-omni-kv/data/marmaudio/controls/silence/602268.wav,Twitter,2020_12_1,four_experts_unanimous_affirmative,Yes|Yes|Yes|Yes,silence,602268
604234,/root/animal-omni-kv/data/marmaudio/expert_interventions/full_0-8k/604234.wav,Infant Cry,2020_12_1,four_experts_unanimous_affirmative,Yes|Yes|Yes|Yes,full_0-8k,604234
604234,/root/animal-omni-kv/data/marmaudio/controls/lp_0-1000_rms_matched/604234.wav,Infant Cry,2020_12_1,four_experts_unanimous_affirmative,Yes|Yes|Yes|Yes,lp_0-1000_rms_matched,604234
604234,/root/animal-omni-kv/data/marmaudio/controls/lp_0-2000_rms_matched/604234.wav,Infant Cry,2020_12_1,four_experts_unanimous_affirmative,Yes|Yes|Yes|Yes,lp_0-2000_rms_matched,604234
604234,/root/animal-omni-kv/data/marmaudio/controls/lp_0-4000_rms_matched/604234.wav,Infant Cry,2020_12_1,four_experts_unanimous_affirmative,Yes|Yes|Yes|Yes,lp_0-4000_rms_matched,604234
604234,/root/animal-omni-kv/data/marmaudio/expert_interventions/full_0-8k/583172.wav,Infant Cry,2020_12_1,four_experts_unanimous_affirmative,Yes|Yes|Yes|Yes,shuffled_audio,583172
604234,/root/animal-omni-kv/data/marmaudio/controls/silence/604234.wav,Infant Cry,2020_12_1,four_experts_unanimous_affirmative,Yes|Yes|Yes|Yes,silence,604234
609454,/root/animal-omni-kv/data/marmaudio/expert_interventions/full_0-8k/609454.wav,Infant Cry,2020_10_2,four_experts_unanimous_affirmative,Yes|Yes|Yes|Yes,full_0-8k,609454
609454,/root/animal-omni-kv/data/marmaudio/controls/lp_0-1000_rms_matched/609454.wav,Infant Cry,2020_10_2,four_experts_unanimous_affirmative,Yes|Yes|Yes|Yes,lp_0-1000_rms_matched,609454
609454,/root/animal-omni-kv/data/marmaudio/controls/lp_0-2000_rms_matched/609454.wav,Infant Cry,2020_10_2,four_experts_unanimous_affirmative,Yes|Yes|Yes|Yes,lp_0-2000_rms_matched,609454
609454,/root/animal-omni-kv/data/marmaudio/controls/lp_0-4000_rms_matched/609454.wav,Infant Cry,2020_10_2,four_experts_unanimous_affirmative,Yes|Yes|Yes|Yes,lp_0-4000_rms_matched,609454
609454,/root/animal-omni-kv/data/marmaudio/expert_interventions/full_0-8k/584012.wav,Infant Cry,2020_10_2,four_experts_unanimous_affirmative,Yes|Yes|Yes|Yes,shuffled_audio,584012
609454,/root/animal-omni-kv/data/marmaudio/controls/silence/609454.wav,Infant Cry,2020_10_2,four_experts_unanimous_affirmative,Yes|Yes|Yes|Yes,silence,609454
610080,/root/animal-omni-kv/data/marmaudio/expert_interventions/full_0-8k/610080.wav,Tsik,2020_10_2,four_experts_unanimous_affirmative,Yes|Yes|Yes|Yes,full_0-8k,610080
610080,/root/animal-omni-kv/data/marmaudio/controls/lp_0-1000_rms_matched/610080.wav,Tsik,2020_10_2,four_experts_unanimous_affirmative,Yes|Yes|Yes|Yes,lp_0-1000_rms_matched,610080
610080,/root/animal-omni-kv/data/marmaudio/controls/lp_0-2000_rms_matched/610080.wav,Tsik,2020_10_2,four_experts_unanimous_affirmative,Yes|Yes|Yes|Yes,lp_0-2000_rms_matched,610080
610080,/root/animal-omni-kv/data/marmaudio/controls/lp_0-4000_rms_matched/610080.wav,Tsik,2020_10_2,four_experts_unanimous_affirmative,Yes|Yes|Yes|Yes,lp_0-4000_rms_matched,610080
610080,/root/animal-omni-kv/data/marmaudio/expert_interventions/full_0-8k/600731.wav,Tsik,2020_10_2,four_experts_unanimous_affirmative,Yes|Yes|Yes|Yes,shuffled_audio,600731
610080,/root/animal-omni-kv/data/marmaudio/controls/silence/610080.wav,Tsik,2020_10_2,four_experts_unanimous_affirmative,Yes|Yes|Yes|Yes,silence,610080
612455,/root/animal-omni-kv/data/marmaudio/expert_interventions/full_0-8k/612455.wav,Infant Cry,2020_12_1,four_experts_unanimous_affirmative,Yes|Yes|Yes|Yes,full_0-8k,612455
612455,/root/animal-omni-kv/data/marmaudio/controls/lp_0-1000_rms_matched/612455.wav,Infant Cry,2020_12_1,four_experts_unanimous_affirmative,Yes|Yes|Yes|Yes,lp_0-1000_rms_matched,612455
612455,/root/animal-omni-kv/data/marmaudio/controls/lp_0-2000_rms_matched/612455.wav,Infant Cry,2020_12_1,four_experts_unanimous_affirmative,Yes|Yes|Yes|Yes,lp_0-2000_rms_matched,612455
612455,/root/animal-omni-kv/data/marmaudio/controls/lp_0-4000_rms_matched/612455.wav,Infant Cry,2020_12_1,four_experts_unanimous_affirmative,Yes|Yes|Yes|Yes,lp_0-4000_rms_matched,612455
612455,/root/animal-omni-kv/data/marmaudio/expert_interventions/full_0-8k/61472.wav,Infant Cry,2020_12_1,four_experts_unanimous_affirmative,Yes|Yes|Yes|Yes,shuffled_audio,61472
612455,/root/animal-omni-kv/data/marmaudio/controls/silence/612455.wav,Infant Cry,2020_12_1,four_experts_unanimous_affirmative,Yes|Yes|Yes|Yes,silence,612455
61472,/root/animal-omni-kv/data/marmaudio/expert_interventions/full_0-8k/61472.wav,Phee,2022_2_0,four_experts_unanimous_affirmative,Yes|Yes|Yes|Yes,full_0-8k,61472
61472,/root/animal-omni-kv/data/marmaudio/controls/lp_0-1000_rms_matched/61472.wav,Phee,2022_2_0,four_experts_unanimous_affirmative,Yes|Yes|Yes|Yes,lp_0-1000_rms_matched,61472
61472,/root/animal-omni-kv/data/marmaudio/controls/lp_0-2000_rms_matched/61472.wav,Phee,2022_2_0,four_experts_unanimous_affirmative,Yes|Yes|Yes|Yes,lp_0-2000_rms_matched,61472
61472,/root/animal-omni-kv/data/marmaudio/controls/lp_0-4000_rms_matched/61472.wav,Phee,2022_2_0,four_experts_unanimous_affirmative,Yes|Yes|Yes|Yes,lp_0-4000_rms_matched,61472
61472,/root/animal-omni-kv/data/marmaudio/expert_interventions/full_0-8k/623382.wav,Phee,2022_2_0,four_experts_unanimous_affirmative,Yes|Yes|Yes|Yes,shuffled_audio,623382
61472,/root/animal-omni-kv/data/marmaudio/controls/silence/61472.wav,Phee,2022_2_0,four_experts_unanimous_affirmative,Yes|Yes|Yes|Yes,silence,61472
617822,/root/animal-omni-kv/data/marmaudio/expert_interventions/full_0-8k/617822.wav,Seep,2023_3_0,four_experts_unanimous_affirmative,Yes|Yes|Yes|Yes,full_0-8k,617822
617822,/root/animal-omni-kv/data/marmaudio/controls/lp_0-1000_rms_matched/617822.wav,Seep,2023_3_0,four_experts_unanimous_affirmative,Yes|Yes|Yes|Yes,lp_0-1000_rms_matched,617822
617822,/root/animal-omni-kv/data/marmaudio/controls/lp_0-2000_rms_matched/617822.wav,Seep,2023_3_0,four_experts_unanimous_affirmative,Yes|Yes|Yes|Yes,lp_0-2000_rms_matched,617822
617822,/root/animal-omni-kv/data/marmaudio/controls/lp_0-4000_rms_matched/617822.wav,Seep,2023_3_0,four_experts_unanimous_affirmative,Yes|Yes|Yes|Yes,lp_0-4000_rms_matched,617822
617822,/root/animal-omni-kv/data/marmaudio/expert_interventions/full_0-8k/639917.wav,Seep,2023_3_0,four_experts_unanimous_affirmative,Yes|Yes|Yes|Yes,shuffled_audio,639917
617822,/root/animal-omni-kv/data/marmaudio/controls/silence/617822.wav,Seep,2023_3_0,four_experts_unanimous_affirmative,Yes|Yes|Yes|Yes,silence,617822
618440,/root/animal-omni-kv/data/marmaudio/expert_interventions/full_0-8k/618440.wav,Infant Cry,2023_3_0,four_experts_unanimous_affirmative,Yes|Yes|Yes|Yes,full_0-8k,618440
618440,/root/animal-omni-kv/data/marmaudio/controls/lp_0-1000_rms_matched/618440.wav,Infant Cry,2023_3_0,four_experts_unanimous_affirmative,Yes|Yes|Yes|Yes,lp_0-1000_rms_matched,618440
618440,/root/animal-omni-kv/data/marmaudio/controls/lp_0-2000_rms_matched/618440.wav,Infant Cry,2023_3_0,four_experts_unanimous_affirmative,Yes|Yes|Yes|Yes,lp_0-2000_rms_matched,618440
618440,/root/animal-omni-kv/data/marmaudio/controls/lp_0-4000_rms_matched/618440.wav,Infant Cry,2023_3_0,four_experts_unanimous_affirmative,Yes|Yes|Yes|Yes,lp_0-4000_rms_matched,618440
618440,/root/animal-omni-kv/data/marmaudio/expert_interventions/full_0-8k/631485.wav,Infant Cry,2023_3_0,four_experts_unanimous_affirmative,Yes|Yes|Yes|Yes,shuffled_audio,631485
618440,/root/animal-omni-kv/data/marmaudio/controls/silence/618440.wav,Infant Cry,2023_3_0,four_experts_unanimous_affirmative,Yes|Yes|Yes|Yes,silence,618440
619623,/root/animal-omni-kv/data/marmaudio/expert_interventions/full_0-8k/619623.wav,Seep,2020_12_1,four_experts_unanimous_affirmative,Yes|Yes|Yes|Yes,full_0-8k,619623
619623,/root/animal-omni-kv/data/marmaudio/controls/lp_0-1000_rms_matched/619623.wav,Seep,2020_12_1,four_experts_unanimous_affirmative,Yes|Yes|Yes|Yes,lp_0-1000_rms_matched,619623
619623,/root/animal-omni-kv/data/marmaudio/controls/lp_0-2000_rms_matched/619623.wav,Seep,2020_12_1,four_experts_unanimous_affirmative,Yes|Yes|Yes|Yes,lp_0-2000_rms_matched,619623
619623,/root/animal-omni-kv/data/marmaudio/controls/lp_0-4000_rms_matched/619623.wav,Seep,2020_12_1,four_experts_unanimous_affirmative,Yes|Yes|Yes|Yes,lp_0-4000_rms_matched,619623
619623,/root/animal-omni-kv/data/marmaudio/expert_interventions/full_0-8k/666889.wav,Seep,2020_12_1,four_experts_unanimous_affirmative,Yes|Yes|Yes|Yes,shuffled_audio,666889
619623,/root/animal-omni-kv/data/marmaudio/controls/silence/619623.wav,Seep,2020_12_1,four_experts_unanimous_affirmative,Yes|Yes|Yes|Yes,silence,619623
622312,/root/animal-omni-kv/data/marmaudio/expert_interventions/full_0-8k/622312.wav,Tsik,2020_10_2,four_experts_unanimous_affirmative,Yes|Yes|Yes|Yes,full_0-8k,622312
622312,/root/animal-omni-kv/data/marmaudio/controls/lp_0-1000_rms_matched/622312.wav,Tsik,2020_10_2,four_experts_unanimous_affirmative,Yes|Yes|Yes|Yes,lp_0-1000_rms_matched,622312
622312,/root/animal-omni-kv/data/marmaudio/controls/lp_0-2000_rms_matched/622312.wav,Tsik,2020_10_2,four_experts_unanimous_affirmative,Yes|Yes|Yes|Yes,lp_0-2000_rms_matched,622312
622312,/root/animal-omni-kv/data/marmaudio/controls/lp_0-4000_rms_matched/622312.wav,Tsik,2020_10_2,four_experts_unanimous_affirmative,Yes|Yes|Yes|Yes,lp_0-4000_rms_matched,622312
622312,/root/animal-omni-kv/data/marmaudio/expert_interventions/full_0-8k/601927.wav,Tsik,2020_10_2,four_experts_unanimous_affirmative,Yes|Yes|Yes|Yes,shuffled_audio,601927
622312,/root/animal-omni-kv/data/marmaudio/controls/silence/622312.wav,Tsik,2020_10_2,four_experts_unanimous_affirmative,Yes|Yes|Yes|Yes,silence,622312
622320,/root/animal-omni-kv/data/marmaudio/expert_interventions/full_0-8k/622320.wav,Trill,2020_10_2,four_experts_unanimous_affirmative,Yes|Yes|Yes|Yes,full_0-8k,622320
622320,/root/animal-omni-kv/data/marmaudio/controls/lp_0-1000_rms_matched/622320.wav,Trill,2020_10_2,four_experts_unanimous_affirmative,Yes|Yes|Yes|Yes,lp_0-1000_rms_matched,622320
622320,/root/animal-omni-kv/data/marmaudio/controls/lp_0-2000_rms_matched/622320.wav,Trill,2020_10_2,four_experts_unanimous_affirmative,Yes|Yes|Yes|Yes,lp_0-2000_rms_matched,622320
622320,/root/animal-omni-kv/data/marmaudio/controls/lp_0-4000_rms_matched/622320.wav,Trill,2020_10_2,four_experts_unanimous_affirmative,Yes|Yes|Yes|Yes,lp_0-4000_rms_matched,622320
622320,/root/animal-omni-kv/data/marmaudio/expert_interventions/full_0-8k/526904.wav,Trill,2020_10_2,four_experts_unanimous_affirmative,Yes|Yes|Yes|Yes,shuffled_audio,526904
622320,/root/animal-omni-kv/data/marmaudio/controls/silence/622320.wav,Trill,2020_10_2,four_experts_unanimous_affirmative,Yes|Yes|Yes|Yes,silence,622320
622417,/root/animal-omni-kv/data/marmaudio/expert_interventions/full_0-8k/622417.wav,Seep,2020_10_2,four_experts_unanimous_affirmative,Yes|Yes|Yes|Yes,full_0-8k,622417
622417,/root/animal-omni-kv/data/marmaudio/controls/lp_0-1000_rms_matched/622417.wav,Seep,2020_10_2,four_experts_unanimous_affirmative,Yes|Yes|Yes|Yes,lp_0-1000_rms_matched,622417
622417,/root/animal-omni-kv/data/marmaudio/controls/lp_0-2000_rms_matched/622417.wav,Seep,2020_10_2,four_experts_unanimous_affirmative,Yes|Yes|Yes|Yes,lp_0-2000_rms_matched,622417
622417,/root/animal-omni-kv/data/marmaudio/controls/lp_0-4000_rms_matched/622417.wav,Seep,2020_10_2,four_experts_unanimous_affirmative,Yes|Yes|Yes|Yes,lp_0-4000_rms_matched,622417
622417,/root/animal-omni-kv/data/marmaudio/expert_interventions/full_0-8k/667042.wav,Seep,2020_10_2,four_experts_unanimous_affirmative,Yes|Yes|Yes|Yes,shuffled_audio,667042
622417,/root/animal-omni-kv/data/marmaudio/controls/silence/622417.wav,Seep,2020_10_2,four_experts_unanimous_affirmative,Yes|Yes|Yes|Yes,silence,622417
622758,/root/animal-omni-kv/data/marmaudio/expert_interventions/full_0-8k/622758.wav,Twitter,2020_10_2,four_experts_unanimous_affirmative,Yes|Yes|Yes|Yes,full_0-8k,622758
622758,/root/animal-omni-kv/data/marmaudio/controls/lp_0-1000_rms_matched/622758.wav,Twitter,2020_10_2,four_experts_unanimous_affirmative,Yes|Yes|Yes|Yes,lp_0-1000_rms_matched,622758
622758,/root/animal-omni-kv/data/marmaudio/controls/lp_0-2000_rms_matched/622758.wav,Twitter,2020_10_2,four_experts_unanimous_affirmative,Yes|Yes|Yes|Yes,lp_0-2000_rms_matched,622758
622758,/root/animal-omni-kv/data/marmaudio/controls/lp_0-4000_rms_matched/622758.wav,Twitter,2020_10_2,four_experts_unanimous_affirmative,Yes|Yes|Yes|Yes,lp_0-4000_rms_matched,622758
622758,/root/animal-omni-kv/data/marmaudio/expert_interventions/full_0-8k/609454.wav,Twitter,2020_10_2,four_experts_unanimous_affirmative,Yes|Yes|Yes|Yes,shuffled_audio,609454
622758,/root/animal-omni-kv/data/marmaudio/controls/silence/622758.wav,Twitter,2020_10_2,four_experts_unanimous_affirmative,Yes|Yes|Yes|Yes,silence,622758
623382,/root/animal-omni-kv/data/marmaudio/expert_interventions/full_0-8k/623382.wav,Seep,2020_10_2,four_experts_unanimous_affirmative,Yes|Yes|Yes|Yes,full_0-8k,623382
623382,/root/animal-omni-kv/data/marmaudio/controls/lp_0-1000_rms_matched/623382.wav,Seep,2020_10_2,four_experts_unanimous_affirmative,Yes|Yes|Yes|Yes,lp_0-1000_rms_matched,623382
623382,/root/animal-omni-kv/data/marmaudio/controls/lp_0-2000_rms_matched/623382.wav,Seep,2020_10_2,four_experts_unanimous_affirmative,Yes|Yes|Yes|Yes,lp_0-2000_rms_matched,623382
623382,/root/animal-omni-kv/data/marmaudio/controls/lp_0-4000_rms_matched/623382.wav,Seep,2020_10_2,four_experts_unanimous_affirmative,Yes|Yes|Yes|Yes,lp_0-4000_rms_matched,623382
623382,/root/animal-omni-kv/data/marmaudio/expert_interventions/full_0-8k/667091.wav,Seep,2020_10_2,four_experts_unanimous_affirmative,Yes|Yes|Yes|Yes,shuffled_audio,667091
623382,/root/animal-omni-kv/data/marmaudio/controls/silence/623382.wav,Seep,2020_10_2,four_experts_unanimous_affirmative,Yes|Yes|Yes|Yes,silence,623382
623691,/root/animal-omni-kv/data/marmaudio/expert_interventions/full_0-8k/623691.wav,Infant Cry,2020_10_2,four_experts_unanimous_affirmative,Yes|Yes|Yes|Yes,full_0-8k,623691
623691,/root/animal-omni-kv/data/marmaudio/controls/lp_0-1000_rms_matched/623691.wav,Infant Cry,2020_10_2,four_experts_unanimous_affirmative,Yes|Yes|Yes|Yes,lp_0-1000_rms_matched,623691
623691,/root/animal-omni-kv/data/marmaudio/controls/lp_0-2000_rms_matched/623691.wav,Infant Cry,2020_10_2,four_experts_unanimous_affirmative,Yes|Yes|Yes|Yes,lp_0-2000_rms_matched,623691
623691,/root/animal-omni-kv/data/marmaudio/controls/lp_0-4000_rms_matched/623691.wav,Infant Cry,2020_10_2,four_experts_unanimous_affirmative,Yes|Yes|Yes|Yes,lp_0-4000_rms_matched,623691
623691,/root/animal-omni-kv/data/marmaudio/expert_interventions/full_0-8k/632863.wav,Infant Cry,2020_10_2,four_experts_unanimous_affirmative,Yes|Yes|Yes|Yes,shuffled_audio,632863
623691,/root/animal-omni-kv/data/marmaudio/controls/silence/623691.wav,Infant Cry,2020_10_2,four_experts_unanimous_affirmative,Yes|Yes|Yes|Yes,silence,623691
624179,/root/animal-omni-kv/data/marmaudio/expert_interventions/full_0-8k/624179.wav,Twitter,2020_10_2,four_experts_unanimous_affirmative,Yes|Yes|Yes|Yes,full_0-8k,624179
624179,/root/animal-omni-kv/data/marmaudio/controls/lp_0-1000_rms_matched/624179.wav,Twitter,2020_10_2,four_experts_unanimous_affirmative,Yes|Yes|Yes|Yes,lp_0-1000_rms_matched,624179
624179,/root/animal-omni-kv/data/marmaudio/controls/lp_0-2000_rms_matched/624179.wav,Twitter,2020_10_2,four_experts_unanimous_affirmative,Yes|Yes|Yes|Yes,lp_0-2000_rms_matched,624179
624179,/root/animal-omni-kv/data/marmaudio/controls/lp_0-4000_rms_matched/624179.wav,Twitter,2020_10_2,four_experts_unanimous_affirmative,Yes|Yes|Yes|Yes,lp_0-4000_rms_matched,624179
624179,/root/animal-omni-kv/data/marmaudio/expert_interventions/full_0-8k/612455.wav,Twitter,2020_10_2,four_experts_unanimous_affirmative,Yes|Yes|Yes|Yes,shuffled_audio,612455
624179,/root/animal-omni-kv/data/marmaudio/controls/silence/624179.wav,Twitter,2020_10_2,four_experts_unanimous_affirmative,Yes|Yes|Yes|Yes,silence,624179
624712,/root/animal-omni-kv/data/marmaudio/expert_interventions/full_0-8k/624712.wav,Trill,2020_10_2,four_experts_unanimous_affirmative,Yes|Yes|Yes|Yes,full_0-8k,624712
624712,/root/animal-omni-kv/data/marmaudio/controls/lp_0-1000_rms_matched/624712.wav,Trill,2020_10_2,four_experts_unanimous_affirmative,Yes|Yes|Yes|Yes,lp_0-1000_rms_matched,624712
624712,/root/animal-omni-kv/data/marmaudio/controls/lp_0-2000_rms_matched/624712.wav,Trill,2020_10_2,four_experts_unanimous_affirmative,Yes|Yes|Yes|Yes,lp_0-2000_rms_matched,624712
624712,/root/animal-omni-kv/data/marmaudio/controls/lp_0-4000_rms_matched/624712.wav,Trill,2020_10_2,four_experts_unanimous_affirmative,Yes|Yes|Yes|Yes,lp_0-4000_rms_matched,624712
624712,/root/animal-omni-kv/data/marmaudio/expert_interventions/full_0-8k/549904.wav,Trill,2020_10_2,four_experts_unanimous_affirmative,Yes|Yes|Yes|Yes,shuffled_audio,549904
624712,/root/animal-omni-kv/data/marmaudio/controls/silence/624712.wav,Trill,2020_10_2,four_experts_unanimous_affirmative,Yes|Yes|Yes|Yes,silence,624712
628729,/root/animal-omni-kv/data/marmaudio/expert_interventions/full_0-8k/628729.wav,Infant Cry,2021_1_1,four_experts_unanimous_affirmative,Yes|Yes|Yes|Yes,full_0-8k,628729
628729,/root/animal-omni-kv/data/marmaudio/controls/lp_0-1000_rms_matched/628729.wav,Infant Cry,2021_1_1,four_experts_unanimous_affirmative,Yes|Yes|Yes|Yes,lp_0-1000_rms_matched,628729
628729,/root/animal-omni-kv/data/marmaudio/controls/lp_0-2000_rms_matched/628729.wav,Infant Cry,2021_1_1,four_experts_unanimous_affirmative,Yes|Yes|Yes|Yes,lp_0-2000_rms_matched,628729
628729,/root/animal-omni-kv/data/marmaudio/controls/lp_0-4000_rms_matched/628729.wav,Infant Cry,2021_1_1,four_experts_unanimous_affirmative,Yes|Yes|Yes|Yes,lp_0-4000_rms_matched,628729
628729,/root/animal-omni-kv/data/marmaudio/expert_interventions/full_0-8k/638580.wav,Infant Cry,2021_1_1,four_experts_unanimous_affirmative,Yes|Yes|Yes|Yes,shuffled_audio,638580
628729,/root/animal-omni-kv/data/marmaudio/controls/silence/628729.wav,Infant Cry,2021_1_1,four_experts_unanimous_affirmative,Yes|Yes|Yes|Yes,silence,628729
630476,/root/animal-omni-kv/data/marmaudio/expert_interventions/full_0-8k/630476.wav,Trill,2023_3_0,four_experts_unanimous_affirmative,Yes|Yes|Yes|Yes,full_0-8k,630476
630476,/root/animal-omni-kv/data/marmaudio/controls/lp_0-1000_rms_matched/630476.wav,Trill,2023_3_0,four_experts_unanimous_affirmative,Yes|Yes|Yes|Yes,lp_0-1000_rms_matched,630476
630476,/root/animal-omni-kv/data/marmaudio/controls/lp_0-2000_rms_matched/630476.wav,Trill,2023_3_0,four_experts_unanimous_affirmative,Yes|Yes|Yes|Yes,lp_0-2000_rms_matched,630476
630476,/root/animal-omni-kv/data/marmaudio/controls/lp_0-4000_rms_matched/630476.wav,Trill,2023_3_0,four_experts_unanimous_affirmative,Yes|Yes|Yes|Yes,lp_0-4000_rms_matched,630476
630476,/root/animal-omni-kv/data/marmaudio/expert_interventions/full_0-8k/558254.wav,Trill,2023_3_0,four_experts_unanimous_affirmative,Yes|Yes|Yes|Yes,shuffled_audio,558254
630476,/root/animal-omni-kv/data/marmaudio/controls/silence/630476.wav,Trill,2023_3_0,four_experts_unanimous_affirmative,Yes|Yes|Yes|Yes,silence,630476
631021,/root/animal-omni-kv/data/marmaudio/expert_interventions/full_0-8k/631021.wav,Seep,2023_3_0,four_experts_unanimous_affirmative,Yes|Yes|Yes|Yes,full_0-8k,631021
631021,/root/animal-omni-kv/data/marmaudio/controls/lp_0-1000_rms_matched/631021.wav,Seep,2023_3_0,four_experts_unanimous_affirmative,Yes|Yes|Yes|Yes,lp_0-1000_rms_matched,631021
631021,/root/animal-omni-kv/data/marmaudio/controls/lp_0-2000_rms_matched/631021.wav,Seep,2023_3_0,four_experts_unanimous_affirmative,Yes|Yes|Yes|Yes,lp_0-2000_rms_matched,631021
631021,/root/animal-omni-kv/data/marmaudio/controls/lp_0-4000_rms_matched/631021.wav,Seep,2023_3_0,four_experts_unanimous_affirmative,Yes|Yes|Yes|Yes,lp_0-4000_rms_matched,631021
631021,/root/animal-omni-kv/data/marmaudio/expert_interventions/full_0-8k/667312.wav,Seep,2023_3_0,four_experts_unanimous_affirmative,Yes|Yes|Yes|Yes,shuffled_audio,667312
631021,/root/animal-omni-kv/data/marmaudio/controls/silence/631021.wav,Seep,2023_3_0,four_experts_unanimous_affirmative,Yes|Yes|Yes|Yes,silence,631021
631448,/root/animal-omni-kv/data/marmaudio/expert_interventions/full_0-8k/631448.wav,Trill,2021_1_1,four_experts_unanimous_affirmative,Yes|Yes|Yes|Yes,full_0-8k,631448
631448,/root/animal-omni-kv/data/marmaudio/controls/lp_0-1000_rms_matched/631448.wav,Trill,2021_1_1,four_experts_unanimous_affirmative,Yes|Yes|Yes|Yes,lp_0-1000_rms_matched,631448
631448,/root/animal-omni-kv/data/marmaudio/controls/lp_0-2000_rms_matched/631448.wav,Trill,2021_1_1,four_experts_unanimous_affirmative,Yes|Yes|Yes|Yes,lp_0-2000_rms_matched,631448
631448,/root/animal-omni-kv/data/marmaudio/controls/lp_0-4000_rms_matched/631448.wav,Trill,2021_1_1,four_experts_unanimous_affirmative,Yes|Yes|Yes|Yes,lp_0-4000_rms_matched,631448
631448,/root/animal-omni-kv/data/marmaudio/expert_interventions/full_0-8k/563468.wav,Trill,2021_1_1,four_experts_unanimous_affirmative,Yes|Yes|Yes|Yes,shuffled_audio,563468
631448,/root/animal-omni-kv/data/marmaudio/controls/silence/631448.wav,Trill,2021_1_1,four_experts_unanimous_affirmative,Yes|Yes|Yes|Yes,silence,631448
631485,/root/animal-omni-kv/data/marmaudio/expert_interventions/full_0-8k/631485.wav,Phee,2021_1_1,four_experts_unanimous_affirmative,Yes|Yes|Yes|Yes,full_0-8k,631485
631485,/root/animal-omni-kv/data/marmaudio/controls/lp_0-1000_rms_matched/631485.wav,Phee,2021_1_1,four_experts_unanimous_affirmative,Yes|Yes|Yes|Yes,lp_0-1000_rms_matched,631485
631485,/root/animal-omni-kv/data/marmaudio/controls/lp_0-2000_rms_matched/631485.wav,Phee,2021_1_1,four_experts_unanimous_affirmative,Yes|Yes|Yes|Yes,lp_0-2000_rms_matched,631485
631485,/root/animal-omni-kv/data/marmaudio/controls/lp_0-4000_rms_matched/631485.wav,Phee,2021_1_1,four_experts_unanimous_affirmative,Yes|Yes|Yes|Yes,lp_0-4000_rms_matched,631485
631485,/root/animal-omni-kv/data/marmaudio/expert_interventions/full_0-8k/631021.wav,Phee,2021_1_1,four_experts_unanimous_affirmative,Yes|Yes|Yes|Yes,shuffled_audio,631021
631485,/root/animal-omni-kv/data/marmaudio/controls/silence/631485.wav,Phee,2021_1_1,four_experts_unanimous_affirmative,Yes|Yes|Yes|Yes,silence,631485
631861,/root/animal-omni-kv/data/marmaudio/expert_interventions/full_0-8k/631861.wav,Infant Cry,2021_1_1,four_experts_unanimous_affirmative,Yes|Yes|Yes|Yes,full_0-8k,631861
631861,/root/animal-omni-kv/data/marmaudio/controls/lp_0-1000_rms_matched/631861.wav,Infant Cry,2021_1_1,four_experts_unanimous_affirmative,Yes|Yes|Yes|Yes,lp_0-1000_rms_matched,631861
631861,/root/animal-omni-kv/data/marmaudio/controls/lp_0-2000_rms_matched/631861.wav,Infant Cry,2021_1_1,four_experts_unanimous_affirmative,Yes|Yes|Yes|Yes,lp_0-2000_rms_matched,631861
631861,/root/animal-omni-kv/data/marmaudio/controls/lp_0-4000_rms_matched/631861.wav,Infant Cry,2021_1_1,four_experts_unanimous_affirmative,Yes|Yes|Yes|Yes,lp_0-4000_rms_matched,631861
631861,/root/animal-omni-kv/data/marmaudio/expert_interventions/full_0-8k/639491.wav,Infant Cry,2021_1_1,four_experts_unanimous_affirmative,Yes|Yes|Yes|Yes,shuffled_audio,639491
631861,/root/animal-omni-kv/data/marmaudio/controls/silence/631861.wav,Infant Cry,2021_1_1,four_experts_unanimous_affirmative,Yes|Yes|Yes|Yes,silence,631861
631947,/root/animal-omni-kv/data/marmaudio/expert_interventions/full_0-8k/631947.wav,Tsik,2021_1_1,four_experts_unanimous_affirmative,Yes|Yes|Yes|Yes,full_0-8k,631947
631947,/root/animal-omni-kv/data/marmaudio/controls/lp_0-1000_rms_matched/631947.wav,Tsik,2021_1_1,four_experts_unanimous_affirmative,Yes|Yes|Yes|Yes,lp_0-1000_rms_matched,631947
631947,/root/animal-omni-kv/data/marmaudio/controls/lp_0-2000_rms_matched/631947.wav,Tsik,2021_1_1,four_experts_unanimous_affirmative,Yes|Yes|Yes|Yes,lp_0-2000_rms_matched,631947
631947,/root/animal-omni-kv/data/marmaudio/controls/lp_0-4000_rms_matched/631947.wav,Tsik,2021_1_1,four_experts_unanimous_affirmative,Yes|Yes|Yes|Yes,lp_0-4000_rms_matched,631947
631947,/root/animal-omni-kv/data/marmaudio/expert_interventions/full_0-8k/602268.wav,Tsik,2021_1_1,four_experts_unanimous_affirmative,Yes|Yes|Yes|Yes,shuffled_audio,602268
631947,/root/animal-omni-kv/data/marmaudio/controls/silence/631947.wav,Tsik,2021_1_1,four_experts_unanimous_affirmative,Yes|Yes|Yes|Yes,silence,631947
632037,/root/animal-omni-kv/data/marmaudio/expert_interventions/full_0-8k/632037.wav,Tsik,2021_1_1,four_experts_unanimous_affirmative,Yes|Yes|Yes|Yes,full_0-8k,632037
632037,/root/animal-omni-kv/data/marmaudio/controls/lp_0-1000_rms_matched/632037.wav,Tsik,2021_1_1,four_experts_unanimous_affirmative,Yes|Yes|Yes|Yes,lp_0-1000_rms_matched,632037
632037,/root/animal-omni-kv/data/marmaudio/controls/lp_0-2000_rms_matched/632037.wav,Tsik,2021_1_1,four_experts_unanimous_affirmative,Yes|Yes|Yes|Yes,lp_0-2000_rms_matched,632037
632037,/root/animal-omni-kv/data/marmaudio/controls/lp_0-4000_rms_matched/632037.wav,Tsik,2021_1_1,four_experts_unanimous_affirmative,Yes|Yes|Yes|Yes,lp_0-4000_rms_matched,632037
632037,/root/animal-omni-kv/data/marmaudio/expert_interventions/full_0-8k/622758.wav,Tsik,2021_1_1,four_experts_unanimous_affirmative,Yes|Yes|Yes|Yes,shuffled_audio,622758
632037,/root/animal-omni-kv/data/marmaudio/controls/silence/632037.wav,Tsik,2021_1_1,four_experts_unanimous_affirmative,Yes|Yes|Yes|Yes,silence,632037
632381,/root/animal-omni-kv/data/marmaudio/expert_interventions/full_0-8k/632381.wav,Twitter,2021_1_1,four_experts_unanimous_affirmative,Yes|Yes|Yes|Yes,full_0-8k,632381
632381,/root/animal-omni-kv/data/marmaudio/controls/lp_0-1000_rms_matched/632381.wav,Twitter,2021_1_1,four_experts_unanimous_affirmative,Yes|Yes|Yes|Yes,lp_0-1000_rms_matched,632381
632381,/root/animal-omni-kv/data/marmaudio/controls/lp_0-2000_rms_matched/632381.wav,Twitter,2021_1_1,four_experts_unanimous_affirmative,Yes|Yes|Yes|Yes,lp_0-2000_rms_matched,632381
632381,/root/animal-omni-kv/data/marmaudio/controls/lp_0-4000_rms_matched/632381.wav,Twitter,2021_1_1,four_experts_unanimous_affirmative,Yes|Yes|Yes|Yes,lp_0-4000_rms_matched,632381
632381,/root/animal-omni-kv/data/marmaudio/expert_interventions/full_0-8k/618440.wav,Twitter,2021_1_1,four_experts_unanimous_affirmative,Yes|Yes|Yes|Yes,shuffled_audio,618440
632381,/root/animal-omni-kv/data/marmaudio/controls/silence/632381.wav,Twitter,2021_1_1,four_experts_unanimous_affirmative,Yes|Yes|Yes|Yes,silence,632381
632863,/root/animal-omni-kv/data/marmaudio/expert_interventions/full_0-8k/632863.wav,Phee,2021_1_1,four_experts_unanimous_affirmative,Yes|Yes|Yes|Yes,full_0-8k,632863
632863,/root/animal-omni-kv/data/marmaudio/controls/lp_0-1000_rms_matched/632863.wav,Phee,2021_1_1,four_experts_unanimous_affirmative,Yes|Yes|Yes|Yes,lp_0-1000_rms_matched,632863
632863,/root/animal-omni-kv/data/marmaudio/controls/lp_0-2000_rms_matched/632863.wav,Phee,2021_1_1,four_experts_unanimous_affirmative,Yes|Yes|Yes|Yes,lp_0-2000_rms_matched,632863
632863,/root/animal-omni-kv/data/marmaudio/controls/lp_0-4000_rms_matched/632863.wav,Phee,2021_1_1,four_experts_unanimous_affirmative,Yes|Yes|Yes|Yes,lp_0-4000_rms_matched,632863
632863,/root/animal-omni-kv/data/marmaudio/expert_interventions/full_0-8k/637669.wav,Phee,2021_1_1,four_experts_unanimous_affirmative,Yes|Yes|Yes|Yes,shuffled_audio,637669
632863,/root/animal-omni-kv/data/marmaudio/controls/silence/632863.wav,Phee,2021_1_1,four_experts_unanimous_affirmative,Yes|Yes|Yes|Yes,silence,632863
636120,/root/animal-omni-kv/data/marmaudio/expert_interventions/full_0-8k/636120.wav,Tsik,2023_3_0,four_experts_unanimous_affirmative,Yes|Yes|Yes|Yes,full_0-8k,636120
636120,/root/animal-omni-kv/data/marmaudio/controls/lp_0-1000_rms_matched/636120.wav,Tsik,2023_3_0,four_experts_unanimous_affirmative,Yes|Yes|Yes|Yes,lp_0-1000_rms_matched,636120
636120,/root/animal-omni-kv/data/marmaudio/controls/lp_0-2000_rms_matched/636120.wav,Tsik,2023_3_0,four_experts_unanimous_affirmative,Yes|Yes|Yes|Yes,lp_0-2000_rms_matched,636120
636120,/root/animal-omni-kv/data/marmaudio/controls/lp_0-4000_rms_matched/636120.wav,Tsik,2023_3_0,four_experts_unanimous_affirmative,Yes|Yes|Yes|Yes,lp_0-4000_rms_matched,636120
636120,/root/animal-omni-kv/data/marmaudio/expert_interventions/full_0-8k/624179.wav,Tsik,2023_3_0,four_experts_unanimous_affirmative,Yes|Yes|Yes|Yes,shuffled_audio,624179
636120,/root/animal-omni-kv/data/marmaudio/controls/silence/636120.wav,Tsik,2023_3_0,four_experts_unanimous_affirmative,Yes|Yes|Yes|Yes,silence,636120
636151,/root/animal-omni-kv/data/marmaudio/expert_interventions/full_0-8k/636151.wav,Tsik,2023_3_0,four_experts_unanimous_affirmative,Yes|Yes|Yes|Yes,full_0-8k,636151
636151,/root/animal-omni-kv/data/marmaudio/controls/lp_0-1000_rms_matched/636151.wav,Tsik,2023_3_0,four_experts_unanimous_affirmative,Yes|Yes|Yes|Yes,lp_0-1000_rms_matched,636151
636151,/root/animal-omni-kv/data/marmaudio/controls/lp_0-2000_rms_matched/636151.wav,Tsik,2023_3_0,four_experts_unanimous_affirmative,Yes|Yes|Yes|Yes,lp_0-2000_rms_matched,636151
636151,/root/animal-omni-kv/data/marmaudio/controls/lp_0-4000_rms_matched/636151.wav,Tsik,2023_3_0,four_experts_unanimous_affirmative,Yes|Yes|Yes|Yes,lp_0-4000_rms_matched,636151
636151,/root/animal-omni-kv/data/marmaudio/expert_interventions/full_0-8k/632381.wav,Tsik,2023_3_0,four_experts_unanimous_affirmative,Yes|Yes|Yes|Yes,shuffled_audio,632381
636151,/root/animal-omni-kv/data/marmaudio/controls/silence/636151.wav,Tsik,2023_3_0,four_experts_unanimous_affirmative,Yes|Yes|Yes|Yes,silence,636151
637669,/root/animal-omni-kv/data/marmaudio/expert_interventions/full_0-8k/637669.wav,Seep,2020_11_0,four_experts_unanimous_affirmative,Yes|Yes|Yes|Yes,full_0-8k,637669
637669,/root/animal-omni-kv/data/marmaudio/controls/lp_0-1000_rms_matched/637669.wav,Seep,2020_11_0,four_experts_unanimous_affirmative,Yes|Yes|Yes|Yes,lp_0-1000_rms_matched,637669
637669,/root/animal-omni-kv/data/marmaudio/controls/lp_0-2000_rms_matched/637669.wav,Seep,2020_11_0,four_experts_unanimous_affirmative,Yes|Yes|Yes|Yes,lp_0-2000_rms_matched,637669
637669,/root/animal-omni-kv/data/marmaudio/controls/lp_0-4000_rms_matched/637669.wav,Seep,2020_11_0,four_experts_unanimous_affirmative,Yes|Yes|Yes|Yes,lp_0-4000_rms_matched,637669
637669,/root/animal-omni-kv/data/marmaudio/expert_interventions/full_0-8k/668428.wav,Seep,2020_11_0,four_experts_unanimous_affirmative,Yes|Yes|Yes|Yes,shuffled_audio,668428
637669,/root/animal-omni-kv/data/marmaudio/controls/silence/637669.wav,Seep,2020_11_0,four_experts_unanimous_affirmative,Yes|Yes|Yes|Yes,silence,637669
638580,/root/animal-omni-kv/data/marmaudio/expert_interventions/full_0-8k/638580.wav,Phee,2023_3_0,four_experts_unanimous_affirmative,Yes|Yes|Yes|Yes,full_0-8k,638580
638580,/root/animal-omni-kv/data/marmaudio/controls/lp_0-1000_rms_matched/638580.wav,Phee,2023_3_0,four_experts_unanimous_affirmative,Yes|Yes|Yes|Yes,lp_0-1000_rms_matched,638580
638580,/root/animal-omni-kv/data/marmaudio/controls/lp_0-2000_rms_matched/638580.wav,Phee,2023_3_0,four_experts_unanimous_affirmative,Yes|Yes|Yes|Yes,lp_0-2000_rms_matched,638580
638580,/root/animal-omni-kv/data/marmaudio/controls/lp_0-4000_rms_matched/638580.wav,Phee,2023_3_0,four_experts_unanimous_affirmative,Yes|Yes|Yes|Yes,lp_0-4000_rms_matched,638580
638580,/root/animal-omni-kv/data/marmaudio/expert_interventions/full_0-8k/652668.wav,Phee,2023_3_0,four_experts_unanimous_affirmative,Yes|Yes|Yes|Yes,shuffled_audio,652668
638580,/root/animal-omni-kv/data/marmaudio/controls/silence/638580.wav,Phee,2023_3_0,four_experts_unanimous_affirmative,Yes|Yes|Yes|Yes,silence,638580
638810,/root/animal-omni-kv/data/marmaudio/expert_interventions/full_0-8k/638810.wav,Trill,2023_3_1,four_experts_unanimous_affirmative,Yes|Yes|Yes|Yes,full_0-8k,638810
638810,/root/animal-omni-kv/data/marmaudio/controls/lp_0-1000_rms_matched/638810.wav,Trill,2023_3_1,four_experts_unanimous_affirmative,Yes|Yes|Yes|Yes,lp_0-1000_rms_matched,638810
638810,/root/animal-omni-kv/data/marmaudio/controls/lp_0-2000_rms_matched/638810.wav,Trill,2023_3_1,four_experts_unanimous_affirmative,Yes|Yes|Yes|Yes,lp_0-2000_rms_matched,638810
638810,/root/animal-omni-kv/data/marmaudio/controls/lp_0-4000_rms_matched/638810.wav,Trill,2023_3_1,four_experts_unanimous_affirmative,Yes|Yes|Yes|Yes,lp_0-4000_rms_matched,638810
638810,/root/animal-omni-kv/data/marmaudio/expert_interventions/full_0-8k/610080.wav,Trill,2023_3_1,four_experts_unanimous_affirmative,Yes|Yes|Yes|Yes,shuffled_audio,610080
638810,/root/animal-omni-kv/data/marmaudio/controls/silence/638810.wav,Trill,2023_3_1,four_experts_unanimous_affirmative,Yes|Yes|Yes|Yes,silence,638810
639491,/root/animal-omni-kv/data/marmaudio/expert_interventions/full_0-8k/639491.wav,Phee,2023_3_1,four_experts_unanimous_affirmative,Yes|Yes|Yes|Yes,full_0-8k,639491
639491,/root/animal-omni-kv/data/marmaudio/controls/lp_0-1000_rms_matched/639491.wav,Phee,2023_3_1,four_experts_unanimous_affirmative,Yes|Yes|Yes|Yes,lp_0-1000_rms_matched,639491
639491,/root/animal-omni-kv/data/marmaudio/controls/lp_0-2000_rms_matched/639491.wav,Phee,2023_3_1,four_experts_unanimous_affirmative,Yes|Yes|Yes|Yes,lp_0-2000_rms_matched,639491
639491,/root/animal-omni-kv/data/marmaudio/controls/lp_0-4000_rms_matched/639491.wav,Phee,2023_3_1,four_experts_unanimous_affirmative,Yes|Yes|Yes|Yes,lp_0-4000_rms_matched,639491
639491,/root/animal-omni-kv/data/marmaudio/expert_interventions/full_0-8k/655868.wav,Phee,2023_3_1,four_experts_unanimous_affirmative,Yes|Yes|Yes|Yes,shuffled_audio,655868
639491,/root/animal-omni-kv/data/marmaudio/controls/silence/639491.wav,Phee,2023_3_1,four_experts_unanimous_affirmative,Yes|Yes|Yes|Yes,silence,639491
639917,/root/animal-omni-kv/data/marmaudio/expert_interventions/full_0-8k/639917.wav,Trill,2023_3_1,four_experts_unanimous_affirmative,Yes|Yes|Yes|Yes,full_0-8k,639917
639917,/root/animal-omni-kv/data/marmaudio/controls/lp_0-1000_rms_matched/639917.wav,Trill,2023_3_1,four_experts_unanimous_affirmative,Yes|Yes|Yes|Yes,lp_0-1000_rms_matched,639917
639917,/root/animal-omni-kv/data/marmaudio/controls/lp_0-2000_rms_matched/639917.wav,Trill,2023_3_1,four_experts_unanimous_affirmative,Yes|Yes|Yes|Yes,lp_0-2000_rms_matched,639917
639917,/root/animal-omni-kv/data/marmaudio/controls/lp_0-4000_rms_matched/639917.wav,Trill,2023_3_1,four_experts_unanimous_affirmative,Yes|Yes|Yes|Yes,lp_0-4000_rms_matched,639917
639917,/root/animal-omni-kv/data/marmaudio/expert_interventions/full_0-8k/622312.wav,Trill,2023_3_1,four_experts_unanimous_affirmative,Yes|Yes|Yes|Yes,shuffled_audio,622312
639917,/root/animal-omni-kv/data/marmaudio/controls/silence/639917.wav,Trill,2023_3_1,four_experts_unanimous_affirmative,Yes|Yes|Yes|Yes,silence,639917
642827,/root/animal-omni-kv/data/marmaudio/expert_interventions/full_0-8k/642827.wav,Tsik,2020_2_1,four_experts_unanimous_affirmative,Yes|Yes|Yes|Yes,full_0-8k,642827
642827,/root/animal-omni-kv/data/marmaudio/controls/lp_0-1000_rms_matched/642827.wav,Tsik,2020_2_1,four_experts_unanimous_affirmative,Yes|Yes|Yes|Yes,lp_0-1000_rms_matched,642827
642827,/root/animal-omni-kv/data/marmaudio/controls/lp_0-2000_rms_matched/642827.wav,Tsik,2020_2_1,four_experts_unanimous_affirmative,Yes|Yes|Yes|Yes,lp_0-2000_rms_matched,642827
642827,/root/animal-omni-kv/data/marmaudio/controls/lp_0-4000_rms_matched/642827.wav,Tsik,2020_2_1,four_experts_unanimous_affirmative,Yes|Yes|Yes|Yes,lp_0-4000_rms_matched,642827
642827,/root/animal-omni-kv/data/marmaudio/expert_interventions/full_0-8k/651229.wav,Tsik,2020_2_1,four_experts_unanimous_affirmative,Yes|Yes|Yes|Yes,shuffled_audio,651229
642827,/root/animal-omni-kv/data/marmaudio/controls/silence/642827.wav,Tsik,2020_2_1,four_experts_unanimous_affirmative,Yes|Yes|Yes|Yes,silence,642827
647588,/root/animal-omni-kv/data/marmaudio/expert_interventions/full_0-8k/647588.wav,Phee,2020_10_3,four_experts_unanimous_affirmative,Yes|Yes|Yes|Yes,full_0-8k,647588
647588,/root/animal-omni-kv/data/marmaudio/controls/lp_0-1000_rms_matched/647588.wav,Phee,2020_10_3,four_experts_unanimous_affirmative,Yes|Yes|Yes|Yes,lp_0-1000_rms_matched,647588
647588,/root/animal-omni-kv/data/marmaudio/controls/lp_0-2000_rms_matched/647588.wav,Phee,2020_10_3,four_experts_unanimous_affirmative,Yes|Yes|Yes|Yes,lp_0-2000_rms_matched,647588
647588,/root/animal-omni-kv/data/marmaudio/controls/lp_0-4000_rms_matched/647588.wav,Phee,2020_10_3,four_experts_unanimous_affirmative,Yes|Yes|Yes|Yes,lp_0-4000_rms_matched,647588
647588,/root/animal-omni-kv/data/marmaudio/expert_interventions/full_0-8k/667130.wav,Phee,2020_10_3,four_experts_unanimous_affirmative,Yes|Yes|Yes|Yes,shuffled_audio,667130
647588,/root/animal-omni-kv/data/marmaudio/controls/silence/647588.wav,Phee,2020_10_3,four_experts_unanimous_affirmative,Yes|Yes|Yes|Yes,silence,647588
651229,/root/animal-omni-kv/data/marmaudio/expert_interventions/full_0-8k/651229.wav,Twitter,2023_3_1,four_experts_unanimous_affirmative,Yes|Yes|Yes|Yes,full_0-8k,651229
651229,/root/animal-omni-kv/data/marmaudio/controls/lp_0-1000_rms_matched/651229.wav,Twitter,2023_3_1,four_experts_unanimous_affirmative,Yes|Yes|Yes|Yes,lp_0-1000_rms_matched,651229
651229,/root/animal-omni-kv/data/marmaudio/controls/lp_0-2000_rms_matched/651229.wav,Twitter,2023_3_1,four_experts_unanimous_affirmative,Yes|Yes|Yes|Yes,lp_0-2000_rms_matched,651229
651229,/root/animal-omni-kv/data/marmaudio/controls/lp_0-4000_rms_matched/651229.wav,Twitter,2023_3_1,four_experts_unanimous_affirmative,Yes|Yes|Yes|Yes,lp_0-4000_rms_matched,651229
651229,/root/animal-omni-kv/data/marmaudio/expert_interventions/full_0-8k/623691.wav,Twitter,2023_3_1,four_experts_unanimous_affirmative,Yes|Yes|Yes|Yes,shuffled_audio,623691
651229,/root/animal-omni-kv/data/marmaudio/controls/silence/651229.wav,Twitter,2023_3_1,four_experts_unanimous_affirmative,Yes|Yes|Yes|Yes,silence,651229
652668,/root/animal-omni-kv/data/marmaudio/expert_interventions/full_0-8k/652668.wav,Seep,2023_3_1,four_experts_unanimous_affirmative,Yes|Yes|Yes|Yes,full_0-8k,652668
652668,/root/animal-omni-kv/data/marmaudio/controls/lp_0-1000_rms_matched/652668.wav,Seep,2023_3_1,four_experts_unanimous_affirmative,Yes|Yes|Yes|Yes,lp_0-1000_rms_matched,652668
652668,/root/animal-omni-kv/data/marmaudio/controls/lp_0-2000_rms_matched/652668.wav,Seep,2023_3_1,four_experts_unanimous_affirmative,Yes|Yes|Yes|Yes,lp_0-2000_rms_matched,652668
652668,/root/animal-omni-kv/data/marmaudio/controls/lp_0-4000_rms_matched/652668.wav,Seep,2023_3_1,four_experts_unanimous_affirmative,Yes|Yes|Yes|Yes,lp_0-4000_rms_matched,652668
652668,/root/animal-omni-kv/data/marmaudio/expert_interventions/full_0-8k/669075.wav,Seep,2023_3_1,four_experts_unanimous_affirmative,Yes|Yes|Yes|Yes,shuffled_audio,669075
652668,/root/animal-omni-kv/data/marmaudio/controls/silence/652668.wav,Seep,2023_3_1,four_experts_unanimous_affirmative,Yes|Yes|Yes|Yes,silence,652668
654915,/root/animal-omni-kv/data/marmaudio/expert_interventions/full_0-8k/654915.wav,Tsik,2023_3_1,four_experts_unanimous_affirmative,Yes|Yes|Yes|Yes,full_0-8k,654915
654915,/root/animal-omni-kv/data/marmaudio/controls/lp_0-1000_rms_matched/654915.wav,Tsik,2023_3_1,four_experts_unanimous_affirmative,Yes|Yes|Yes|Yes,lp_0-1000_rms_matched,654915
654915,/root/animal-omni-kv/data/marmaudio/controls/lp_0-2000_rms_matched/654915.wav,Tsik,2023_3_1,four_experts_unanimous_affirmative,Yes|Yes|Yes|Yes,lp_0-2000_rms_matched,654915
654915,/root/animal-omni-kv/data/marmaudio/controls/lp_0-4000_rms_matched/654915.wav,Tsik,2023_3_1,four_experts_unanimous_affirmative,Yes|Yes|Yes|Yes,lp_0-4000_rms_matched,654915
654915,/root/animal-omni-kv/data/marmaudio/expert_interventions/full_0-8k/662800.wav,Tsik,2023_3_1,four_experts_unanimous_affirmative,Yes|Yes|Yes|Yes,shuffled_audio,662800
654915,/root/animal-omni-kv/data/marmaudio/controls/silence/654915.wav,Tsik,2023_3_1,four_experts_unanimous_affirmative,Yes|Yes|Yes|Yes,silence,654915
655868,/root/animal-omni-kv/data/marmaudio/expert_interventions/full_0-8k/655868.wav,Seep,2023_3_1,four_experts_unanimous_affirmative,Yes|Yes|Yes|Yes,full_0-8k,655868
655868,/root/animal-omni-kv/data/marmaudio/controls/lp_0-1000_rms_matched/655868.wav,Seep,2023_3_1,four_experts_unanimous_affirmative,Yes|Yes|Yes|Yes,lp_0-1000_rms_matched,655868
655868,/root/animal-omni-kv/data/marmaudio/controls/lp_0-2000_rms_matched/655868.wav,Seep,2023_3_1,four_experts_unanimous_affirmative,Yes|Yes|Yes|Yes,lp_0-2000_rms_matched,655868
655868,/root/animal-omni-kv/data/marmaudio/controls/lp_0-4000_rms_matched/655868.wav,Seep,2023_3_1,four_experts_unanimous_affirmative,Yes|Yes|Yes|Yes,lp_0-4000_rms_matched,655868
655868,/root/animal-omni-kv/data/marmaudio/expert_interventions/full_0-8k/691986.wav,Seep,2023_3_1,four_experts_unanimous_affirmative,Yes|Yes|Yes|Yes,shuffled_audio,691986
655868,/root/animal-omni-kv/data/marmaudio/controls/silence/655868.wav,Seep,2023_3_1,four_experts_unanimous_affirmative,Yes|Yes|Yes|Yes,silence,655868
658275,/root/animal-omni-kv/data/marmaudio/expert_interventions/full_0-8k/658275.wav,Phee,2023_3_2,four_experts_unanimous_affirmative,Yes|Yes|Yes|Yes,full_0-8k,658275
658275,/root/animal-omni-kv/data/marmaudio/controls/lp_0-1000_rms_matched/658275.wav,Phee,2023_3_2,four_experts_unanimous_affirmative,Yes|Yes|Yes|Yes,lp_0-1000_rms_matched,658275
658275,/root/animal-omni-kv/data/marmaudio/controls/lp_0-2000_rms_matched/658275.wav,Phee,2023_3_2,four_experts_unanimous_affirmative,Yes|Yes|Yes|Yes,lp_0-2000_rms_matched,658275
658275,/root/animal-omni-kv/data/marmaudio/controls/lp_0-4000_rms_matched/658275.wav,Phee,2023_3_2,four_experts_unanimous_affirmative,Yes|Yes|Yes|Yes,lp_0-4000_rms_matched,658275
658275,/root/animal-omni-kv/data/marmaudio/expert_interventions/full_0-8k/669272.wav,Phee,2023_3_2,four_experts_unanimous_affirmative,Yes|Yes|Yes|Yes,shuffled_audio,669272
658275,/root/animal-omni-kv/data/marmaudio/controls/silence/658275.wav,Phee,2023_3_2,four_experts_unanimous_affirmative,Yes|Yes|Yes|Yes,silence,658275
662800,/root/animal-omni-kv/data/marmaudio/expert_interventions/full_0-8k/662800.wav,Twitter,2023_3_2,four_experts_unanimous_affirmative,Yes|Yes|Yes|Yes,full_0-8k,662800
662800,/root/animal-omni-kv/data/marmaudio/controls/lp_0-1000_rms_matched/662800.wav,Twitter,2023_3_2,four_experts_unanimous_affirmative,Yes|Yes|Yes|Yes,lp_0-1000_rms_matched,662800
662800,/root/animal-omni-kv/data/marmaudio/controls/lp_0-2000_rms_matched/662800.wav,Twitter,2023_3_2,four_experts_unanimous_affirmative,Yes|Yes|Yes|Yes,lp_0-2000_rms_matched,662800
662800,/root/animal-omni-kv/data/marmaudio/controls/lp_0-4000_rms_matched/662800.wav,Twitter,2023_3_2,four_experts_unanimous_affirmative,Yes|Yes|Yes|Yes,lp_0-4000_rms_matched,662800
662800,/root/animal-omni-kv/data/marmaudio/expert_interventions/full_0-8k/628729.wav,Twitter,2023_3_2,four_experts_unanimous_affirmative,Yes|Yes|Yes|Yes,shuffled_audio,628729
662800,/root/animal-omni-kv/data/marmaudio/controls/silence/662800.wav,Twitter,2023_3_2,four_experts_unanimous_affirmative,Yes|Yes|Yes|Yes,silence,662800
6633,/root/animal-omni-kv/data/marmaudio/expert_interventions/full_0-8k/6633.wav,Infant Cry,2022_1_0,four_experts_unanimous_affirmative,Yes|Yes|Yes|Yes,full_0-8k,6633
6633,/root/animal-omni-kv/data/marmaudio/controls/lp_0-1000_rms_matched/6633.wav,Infant Cry,2022_1_0,four_experts_unanimous_affirmative,Yes|Yes|Yes|Yes,lp_0-1000_rms_matched,6633
6633,/root/animal-omni-kv/data/marmaudio/controls/lp_0-2000_rms_matched/6633.wav,Infant Cry,2022_1_0,four_experts_unanimous_affirmative,Yes|Yes|Yes|Yes,lp_0-2000_rms_matched,6633
6633,/root/animal-omni-kv/data/marmaudio/controls/lp_0-4000_rms_matched/6633.wav,Infant Cry,2022_1_0,four_experts_unanimous_affirmative,Yes|Yes|Yes|Yes,lp_0-4000_rms_matched,6633
6633,/root/animal-omni-kv/data/marmaudio/expert_interventions/full_0-8k/647588.wav,Infant Cry,2022_1_0,four_experts_unanimous_affirmative,Yes|Yes|Yes|Yes,shuffled_audio,647588
6633,/root/animal-omni-kv/data/marmaudio/controls/silence/6633.wav,Infant Cry,2022_1_0,four_experts_unanimous_affirmative,Yes|Yes|Yes|Yes,silence,6633
663998,/root/animal-omni-kv/data/marmaudio/expert_interventions/full_0-8k/663998.wav,Tsik,2020_11_1,four_experts_unanimous_affirmative,Yes|Yes|Yes|Yes,full_0-8k,663998
663998,/root/animal-omni-kv/data/marmaudio/controls/lp_0-1000_rms_matched/663998.wav,Tsik,2020_11_1,four_experts_unanimous_affirmative,Yes|Yes|Yes|Yes,lp_0-1000_rms_matched,663998
663998,/root/animal-omni-kv/data/marmaudio/controls/lp_0-2000_rms_matched/663998.wav,Tsik,2020_11_1,four_experts_unanimous_affirmative,Yes|Yes|Yes|Yes,lp_0-2000_rms_matched,663998
663998,/root/animal-omni-kv/data/marmaudio/controls/lp_0-4000_rms_matched/663998.wav,Tsik,2020_11_1,four_experts_unanimous_affirmative,Yes|Yes|Yes|Yes,lp_0-4000_rms_matched,663998
663998,/root/animal-omni-kv/data/marmaudio/expert_interventions/full_0-8k/680295.wav,Tsik,2020_11_1,four_experts_unanimous_affirmative,Yes|Yes|Yes|Yes,shuffled_audio,680295
663998,/root/animal-omni-kv/data/marmaudio/controls/silence/663998.wav,Tsik,2020_11_1,four_experts_unanimous_affirmative,Yes|Yes|Yes|Yes,silence,663998
666571,/root/animal-omni-kv/data/marmaudio/expert_interventions/full_0-8k/666571.wav,Tsik,2020_11_1,four_experts_unanimous_affirmative,Yes|Yes|Yes|Yes,full_0-8k,666571
666571,/root/animal-omni-kv/data/marmaudio/controls/lp_0-1000_rms_matched/666571.wav,Tsik,2020_11_1,four_experts_unanimous_affirmative,Yes|Yes|Yes|Yes,lp_0-1000_rms_matched,666571
666571,/root/animal-omni-kv/data/marmaudio/controls/lp_0-2000_rms_matched/666571.wav,Tsik,2020_11_1,four_experts_unanimous_affirmative,Yes|Yes|Yes|Yes,lp_0-2000_rms_matched,666571
666571,/root/animal-omni-kv/data/marmaudio/controls/lp_0-4000_rms_matched/666571.wav,Tsik,2020_11_1,four_experts_unanimous_affirmative,Yes|Yes|Yes|Yes,lp_0-4000_rms_matched,666571
666571,/root/animal-omni-kv/data/marmaudio/expert_interventions/full_0-8k/680791.wav,Tsik,2020_11_1,four_experts_unanimous_affirmative,Yes|Yes|Yes|Yes,shuffled_audio,680791
666571,/root/animal-omni-kv/data/marmaudio/controls/silence/666571.wav,Tsik,2020_11_1,four_experts_unanimous_affirmative,Yes|Yes|Yes|Yes,silence,666571
666889,/root/animal-omni-kv/data/marmaudio/expert_interventions/full_0-8k/666889.wav,Trill,2020_11_1,four_experts_unanimous_affirmative,Yes|Yes|Yes|Yes,full_0-8k,666889
666889,/root/animal-omni-kv/data/marmaudio/controls/lp_0-1000_rms_matched/666889.wav,Trill,2020_11_1,four_experts_unanimous_affirmative,Yes|Yes|Yes|Yes,lp_0-1000_rms_matched,666889
666889,/root/animal-omni-kv/data/marmaudio/controls/lp_0-2000_rms_matched/666889.wav,Trill,2020_11_1,four_experts_unanimous_affirmative,Yes|Yes|Yes|Yes,lp_0-2000_rms_matched,666889
666889,/root/animal-omni-kv/data/marmaudio/controls/lp_0-4000_rms_matched/666889.wav,Trill,2020_11_1,four_experts_unanimous_affirmative,Yes|Yes|Yes|Yes,lp_0-4000_rms_matched,666889
666889,/root/animal-omni-kv/data/marmaudio/expert_interventions/full_0-8k/631947.wav,Trill,2020_11_1,four_experts_unanimous_affirmative,Yes|Yes|Yes|Yes,shuffled_audio,631947
666889,/root/animal-omni-kv/data/marmaudio/controls/silence/666889.wav,Trill,2020_11_1,four_experts_unanimous_affirmative,Yes|Yes|Yes|Yes,silence,666889
667042,/root/animal-omni-kv/data/marmaudio/expert_interventions/full_0-8k/667042.wav,Trill,2020_11_1,four_experts_unanimous_affirmative,Yes|Yes|Yes|Yes,full_0-8k,667042
667042,/root/animal-omni-kv/data/marmaudio/controls/lp_0-1000_rms_matched/667042.wav,Trill,2020_11_1,four_experts_unanimous_affirmative,Yes|Yes|Yes|Yes,lp_0-1000_rms_matched,667042
667042,/root/animal-omni-kv/data/marmaudio/controls/lp_0-2000_rms_matched/667042.wav,Trill,2020_11_1,four_experts_unanimous_affirmative,Yes|Yes|Yes|Yes,lp_0-2000_rms_matched,667042
667042,/root/animal-omni-kv/data/marmaudio/controls/lp_0-4000_rms_matched/667042.wav,Trill,2020_11_1,four_experts_unanimous_affirmative,Yes|Yes|Yes|Yes,lp_0-4000_rms_matched,667042
667042,/root/animal-omni-kv/data/marmaudio/expert_interventions/full_0-8k/632037.wav,Trill,2020_11_1,four_experts_unanimous_affirmative,Yes|Yes|Yes|Yes,shuffled_audio,632037
667042,/root/animal-omni-kv/data/marmaudio/controls/silence/667042.wav,Trill,2020_11_1,four_experts_unanimous_affirmative,Yes|Yes|Yes|Yes,silence,667042
667091,/root/animal-omni-kv/data/marmaudio/expert_interventions/full_0-8k/667091.wav,Trill,2020_11_1,four_experts_unanimous_affirmative,Yes|Yes|Yes|Yes,full_0-8k,667091
667091,/root/animal-omni-kv/data/marmaudio/controls/lp_0-1000_rms_matched/667091.wav,Trill,2020_11_1,four_experts_unanimous_affirmative,Yes|Yes|Yes|Yes,lp_0-1000_rms_matched,667091
667091,/root/animal-omni-kv/data/marmaudio/controls/lp_0-2000_rms_matched/667091.wav,Trill,2020_11_1,four_experts_unanimous_affirmative,Yes|Yes|Yes|Yes,lp_0-2000_rms_matched,667091
667091,/root/animal-omni-kv/data/marmaudio/controls/lp_0-4000_rms_matched/667091.wav,Trill,2020_11_1,four_experts_unanimous_affirmative,Yes|Yes|Yes|Yes,lp_0-4000_rms_matched,667091
667091,/root/animal-omni-kv/data/marmaudio/expert_interventions/full_0-8k/636120.wav,Trill,2020_11_1,four_experts_unanimous_affirmative,Yes|Yes|Yes|Yes,shuffled_audio,636120
667091,/root/animal-omni-kv/data/marmaudio/controls/silence/667091.wav,Trill,2020_11_1,four_experts_unanimous_affirmative,Yes|Yes|Yes|Yes,silence,667091
667130,/root/animal-omni-kv/data/marmaudio/expert_interventions/full_0-8k/667130.wav,Seep,2020_11_1,four_experts_unanimous_affirmative,Yes|Yes|Yes|Yes,full_0-8k,667130
667130,/root/animal-omni-kv/data/marmaudio/controls/lp_0-1000_rms_matched/667130.wav,Seep,2020_11_1,four_experts_unanimous_affirmative,Yes|Yes|Yes|Yes,lp_0-1000_rms_matched,667130
667130,/root/animal-omni-kv/data/marmaudio/controls/lp_0-2000_rms_matched/667130.wav,Seep,2020_11_1,four_experts_unanimous_affirmative,Yes|Yes|Yes|Yes,lp_0-2000_rms_matched,667130
667130,/root/animal-omni-kv/data/marmaudio/controls/lp_0-4000_rms_matched/667130.wav,Seep,2020_11_1,four_experts_unanimous_affirmative,Yes|Yes|Yes|Yes,lp_0-4000_rms_matched,667130
667130,/root/animal-omni-kv/data/marmaudio/expert_interventions/full_0-8k/695230.wav,Seep,2020_11_1,four_experts_unanimous_affirmative,Yes|Yes|Yes|Yes,shuffled_audio,695230
667130,/root/animal-omni-kv/data/marmaudio/controls/silence/667130.wav,Seep,2020_11_1,four_experts_unanimous_affirmative,Yes|Yes|Yes|Yes,silence,667130
667312,/root/animal-omni-kv/data/marmaudio/expert_interventions/full_0-8k/667312.wav,Trill,2020_11_1,four_experts_unanimous_affirmative,Yes|Yes|Yes|Yes,full_0-8k,667312
667312,/root/animal-omni-kv/data/marmaudio/controls/lp_0-1000_rms_matched/667312.wav,Trill,2020_11_1,four_experts_unanimous_affirmative,Yes|Yes|Yes|Yes,lp_0-1000_rms_matched,667312
667312,/root/animal-omni-kv/data/marmaudio/controls/lp_0-2000_rms_matched/667312.wav,Trill,2020_11_1,four_experts_unanimous_affirmative,Yes|Yes|Yes|Yes,lp_0-2000_rms_matched,667312
667312,/root/animal-omni-kv/data/marmaudio/controls/lp_0-4000_rms_matched/667312.wav,Trill,2020_11_1,four_experts_unanimous_affirmative,Yes|Yes|Yes|Yes,lp_0-4000_rms_matched,667312
667312,/root/animal-omni-kv/data/marmaudio/expert_interventions/full_0-8k/636151.wav,Trill,2020_11_1,four_experts_unanimous_affirmative,Yes|Yes|Yes|Yes,shuffled_audio,636151
667312,/root/animal-omni-kv/data/marmaudio/controls/silence/667312.wav,Trill,2020_11_1,four_experts_unanimous_affirmative,Yes|Yes|Yes|Yes,silence,667312
667582,/root/animal-omni-kv/data/marmaudio/expert_interventions/full_0-8k/667582.wav,Tsik,2020_11_1,four_experts_unanimous_affirmative,Yes|Yes|Yes|Yes,full_0-8k,667582
667582,/root/animal-omni-kv/data/marmaudio/controls/lp_0-1000_rms_matched/667582.wav,Tsik,2020_11_1,four_experts_unanimous_affirmative,Yes|Yes|Yes|Yes,lp_0-1000_rms_matched,667582
667582,/root/animal-omni-kv/data/marmaudio/controls/lp_0-2000_rms_matched/667582.wav,Tsik,2020_11_1,four_experts_unanimous_affirmative,Yes|Yes|Yes|Yes,lp_0-2000_rms_matched,667582
667582,/root/animal-omni-kv/data/marmaudio/controls/lp_0-4000_rms_matched/667582.wav,Tsik,2020_11_1,four_experts_unanimous_affirmative,Yes|Yes|Yes|Yes,lp_0-4000_rms_matched,667582
667582,/root/animal-omni-kv/data/marmaudio/expert_interventions/full_0-8k/766645.wav,Tsik,2020_11_1,four_experts_unanimous_affirmative,Yes|Yes|Yes|Yes,shuffled_audio,766645
667582,/root/animal-omni-kv/data/marmaudio/controls/silence/667582.wav,Tsik,2020_11_1,four_experts_unanimous_affirmative,Yes|Yes|Yes|Yes,silence,667582
667865,/root/animal-omni-kv/data/marmaudio/expert_interventions/full_0-8k/667865.wav,Infant Cry,2020_11_1,four_experts_unanimous_affirmative,Yes|Yes|Yes|Yes,full_0-8k,667865
667865,/root/animal-omni-kv/data/marmaudio/controls/lp_0-1000_rms_matched/667865.wav,Infant Cry,2020_11_1,four_experts_unanimous_affirmative,Yes|Yes|Yes|Yes,lp_0-1000_rms_matched,667865
667865,/root/animal-omni-kv/data/marmaudio/controls/lp_0-2000_rms_matched/667865.wav,Infant Cry,2020_11_1,four_experts_unanimous_affirmative,Yes|Yes|Yes|Yes,lp_0-2000_rms_matched,667865
667865,/root/animal-omni-kv/data/marmaudio/controls/lp_0-4000_rms_matched/667865.wav,Infant Cry,2020_11_1,four_experts_unanimous_affirmative,Yes|Yes|Yes|Yes,lp_0-4000_rms_matched,667865
667865,/root/animal-omni-kv/data/marmaudio/expert_interventions/full_0-8k/658275.wav,Infant Cry,2020_11_1,four_experts_unanimous_affirmative,Yes|Yes|Yes|Yes,shuffled_audio,658275
667865,/root/animal-omni-kv/data/marmaudio/controls/silence/667865.wav,Infant Cry,2020_11_1,four_experts_unanimous_affirmative,Yes|Yes|Yes|Yes,silence,667865
667905,/root/animal-omni-kv/data/marmaudio/expert_interventions/full_0-8k/667905.wav,Infant Cry,2020_11_1,four_experts_unanimous_affirmative,Yes|Yes|Yes|Yes,full_0-8k,667905
667905,/root/animal-omni-kv/data/marmaudio/controls/lp_0-1000_rms_matched/667905.wav,Infant Cry,2020_11_1,four_experts_unanimous_affirmative,Yes|Yes|Yes|Yes,lp_0-1000_rms_matched,667905
667905,/root/animal-omni-kv/data/marmaudio/controls/lp_0-2000_rms_matched/667905.wav,Infant Cry,2020_11_1,four_experts_unanimous_affirmative,Yes|Yes|Yes|Yes,lp_0-2000_rms_matched,667905
667905,/root/animal-omni-kv/data/marmaudio/controls/lp_0-4000_rms_matched/667905.wav,Infant Cry,2020_11_1,four_experts_unanimous_affirmative,Yes|Yes|Yes|Yes,lp_0-4000_rms_matched,667905
667905,/root/animal-omni-kv/data/marmaudio/expert_interventions/full_0-8k/669577.wav,Infant Cry,2020_11_1,four_experts_unanimous_affirmative,Yes|Yes|Yes|Yes,shuffled_audio,669577
667905,/root/animal-omni-kv/data/marmaudio/controls/silence/667905.wav,Infant Cry,2020_11_1,four_experts_unanimous_affirmative,Yes|Yes|Yes|Yes,silence,667905
668428,/root/animal-omni-kv/data/marmaudio/expert_interventions/full_0-8k/668428.wav,Trill,2020_11_1,four_experts_unanimous_affirmative,Yes|Yes|Yes|Yes,full_0-8k,668428
668428,/root/animal-omni-kv/data/marmaudio/controls/lp_0-1000_rms_matched/668428.wav,Trill,2020_11_1,four_experts_unanimous_affirmative,Yes|Yes|Yes|Yes,lp_0-1000_rms_matched,668428
668428,/root/animal-omni-kv/data/marmaudio/controls/lp_0-2000_rms_matched/668428.wav,Trill,2020_11_1,four_experts_unanimous_affirmative,Yes|Yes|Yes|Yes,lp_0-2000_rms_matched,668428
668428,/root/animal-omni-kv/data/marmaudio/controls/lp_0-4000_rms_matched/668428.wav,Trill,2020_11_1,four_experts_unanimous_affirmative,Yes|Yes|Yes|Yes,lp_0-4000_rms_matched,668428
668428,/root/animal-omni-kv/data/marmaudio/expert_interventions/full_0-8k/642827.wav,Trill,2020_11_1,four_experts_unanimous_affirmative,Yes|Yes|Yes|Yes,shuffled_audio,642827
668428,/root/animal-omni-kv/data/marmaudio/controls/silence/668428.wav,Trill,2020_11_1,four_experts_unanimous_affirmative,Yes|Yes|Yes|Yes,silence,668428
669075,/root/animal-omni-kv/data/marmaudio/expert_interventions/full_0-8k/669075.wav,Trill,2020_11_1,four_experts_unanimous_affirmative,Yes|Yes|Yes|Yes,full_0-8k,669075
669075,/root/animal-omni-kv/data/marmaudio/controls/lp_0-1000_rms_matched/669075.wav,Trill,2020_11_1,four_experts_unanimous_affirmative,Yes|Yes|Yes|Yes,lp_0-1000_rms_matched,669075
669075,/root/animal-omni-kv/data/marmaudio/controls/lp_0-2000_rms_matched/669075.wav,Trill,2020_11_1,four_experts_unanimous_affirmative,Yes|Yes|Yes|Yes,lp_0-2000_rms_matched,669075
669075,/root/animal-omni-kv/data/marmaudio/controls/lp_0-4000_rms_matched/669075.wav,Trill,2020_11_1,four_experts_unanimous_affirmative,Yes|Yes|Yes|Yes,lp_0-4000_rms_matched,669075
669075,/root/animal-omni-kv/data/marmaudio/expert_interventions/full_0-8k/654915.wav,Trill,2020_11_1,four_experts_unanimous_affirmative,Yes|Yes|Yes|Yes,shuffled_audio,654915
669075,/root/animal-omni-kv/data/marmaudio/controls/silence/669075.wav,Trill,2020_11_1,four_experts_unanimous_affirmative,Yes|Yes|Yes|Yes,silence,669075
669272,/root/animal-omni-kv/data/marmaudio/expert_interventions/full_0-8k/669272.wav,Seep,2020_11_1,four_experts_unanimous_affirmative,Yes|Yes|Yes|Yes,full_0-8k,669272
669272,/root/animal-omni-kv/data/marmaudio/controls/lp_0-1000_rms_matched/669272.wav,Seep,2020_11_1,four_experts_unanimous_affirmative,Yes|Yes|Yes|Yes,lp_0-1000_rms_matched,669272
669272,/root/animal-omni-kv/data/marmaudio/controls/lp_0-2000_rms_matched/669272.wav,Seep,2020_11_1,four_experts_unanimous_affirmative,Yes|Yes|Yes|Yes,lp_0-2000_rms_matched,669272
669272,/root/animal-omni-kv/data/marmaudio/controls/lp_0-4000_rms_matched/669272.wav,Seep,2020_11_1,four_experts_unanimous_affirmative,Yes|Yes|Yes|Yes,lp_0-4000_rms_matched,669272
669272,/root/animal-omni-kv/data/marmaudio/expert_interventions/full_0-8k/707417.wav,Seep,2020_11_1,four_experts_unanimous_affirmative,Yes|Yes|Yes|Yes,shuffled_audio,707417
669272,/root/animal-omni-kv/data/marmaudio/controls/silence/669272.wav,Seep,2020_11_1,four_experts_unanimous_affirmative,Yes|Yes|Yes|Yes,silence,669272
669273,/root/animal-omni-kv/data/marmaudio/expert_interventions/full_0-8k/669273.wav,Seep,2020_11_1,four_experts_unanimous_affirmative,Yes|Yes|Yes|Yes,full_0-8k,669273
669273,/root/animal-omni-kv/data/marmaudio/controls/lp_0-1000_rms_matched/669273.wav,Seep,2020_11_1,four_experts_unanimous_affirmative,Yes|Yes|Yes|Yes,lp_0-1000_rms_matched,669273
669273,/root/animal-omni-kv/data/marmaudio/controls/lp_0-2000_rms_matched/669273.wav,Seep,2020_11_1,four_experts_unanimous_affirmative,Yes|Yes|Yes|Yes,lp_0-2000_rms_matched,669273
669273,/root/animal-omni-kv/data/marmaudio/controls/lp_0-4000_rms_matched/669273.wav,Seep,2020_11_1,four_experts_unanimous_affirmative,Yes|Yes|Yes|Yes,lp_0-4000_rms_matched,669273
669273,/root/animal-omni-kv/data/marmaudio/expert_interventions/full_0-8k/708875.wav,Seep,2020_11_1,four_experts_unanimous_affirmative,Yes|Yes|Yes|Yes,shuffled_audio,708875
669273,/root/animal-omni-kv/data/marmaudio/controls/silence/669273.wav,Seep,2020_11_1,four_experts_unanimous_affirmative,Yes|Yes|Yes|Yes,silence,669273
669577,/root/animal-omni-kv/data/marmaudio/expert_interventions/full_0-8k/669577.wav,Phee,2020_11_1,four_experts_unanimous_affirmative,Yes|Yes|Yes|Yes,full_0-8k,669577
669577,/root/animal-omni-kv/data/marmaudio/controls/lp_0-1000_rms_matched/669577.wav,Phee,2020_11_1,four_experts_unanimous_affirmative,Yes|Yes|Yes|Yes,lp_0-1000_rms_matched,669577
669577,/root/animal-omni-kv/data/marmaudio/controls/lp_0-2000_rms_matched/669577.wav,Phee,2020_11_1,four_experts_unanimous_affirmative,Yes|Yes|Yes|Yes,lp_0-2000_rms_matched,669577
669577,/root/animal-omni-kv/data/marmaudio/controls/lp_0-4000_rms_matched/669577.wav,Phee,2020_11_1,four_experts_unanimous_affirmative,Yes|Yes|Yes|Yes,lp_0-4000_rms_matched,669577
669577,/root/animal-omni-kv/data/marmaudio/expert_interventions/full_0-8k/669273.wav,Phee,2020_11_1,four_experts_unanimous_affirmative,Yes|Yes|Yes|Yes,shuffled_audio,669273
669577,/root/animal-omni-kv/data/marmaudio/controls/silence/669577.wav,Phee,2020_11_1,four_experts_unanimous_affirmative,Yes|Yes|Yes|Yes,silence,669577
670039,/root/animal-omni-kv/data/marmaudio/expert_interventions/full_0-8k/670039.wav,Infant Cry,2020_11_1,four_experts_unanimous_affirmative,Yes|Yes|Yes|Yes,full_0-8k,670039
670039,/root/animal-omni-kv/data/marmaudio/controls/lp_0-1000_rms_matched/670039.wav,Infant Cry,2020_11_1,four_experts_unanimous_affirmative,Yes|Yes|Yes|Yes,lp_0-1000_rms_matched,670039
670039,/root/animal-omni-kv/data/marmaudio/controls/lp_0-2000_rms_matched/670039.wav,Infant Cry,2020_11_1,four_experts_unanimous_affirmative,Yes|Yes|Yes|Yes,lp_0-2000_rms_matched,670039
670039,/root/animal-omni-kv/data/marmaudio/controls/lp_0-4000_rms_matched/670039.wav,Infant Cry,2020_11_1,four_experts_unanimous_affirmative,Yes|Yes|Yes|Yes,lp_0-4000_rms_matched,670039
670039,/root/animal-omni-kv/data/marmaudio/expert_interventions/full_0-8k/773651.wav,Infant Cry,2020_11_1,four_experts_unanimous_affirmative,Yes|Yes|Yes|Yes,shuffled_audio,773651
670039,/root/animal-omni-kv/data/marmaudio/controls/silence/670039.wav,Infant Cry,2020_11_1,four_experts_unanimous_affirmative,Yes|Yes|Yes|Yes,silence,670039
670290,/root/animal-omni-kv/data/marmaudio/expert_interventions/full_0-8k/670290.wav,Seep,2020_11_1,four_experts_unanimous_affirmative,Yes|Yes|Yes|Yes,full_0-8k,670290
670290,/root/animal-omni-kv/data/marmaudio/controls/lp_0-1000_rms_matched/670290.wav,Seep,2020_11_1,four_experts_unanimous_affirmative,Yes|Yes|Yes|Yes,lp_0-1000_rms_matched,670290
670290,/root/animal-omni-kv/data/marmaudio/controls/lp_0-2000_rms_matched/670290.wav,Seep,2020_11_1,four_experts_unanimous_affirmative,Yes|Yes|Yes|Yes,lp_0-2000_rms_matched,670290
670290,/root/animal-omni-kv/data/marmaudio/controls/lp_0-4000_rms_matched/670290.wav,Seep,2020_11_1,four_experts_unanimous_affirmative,Yes|Yes|Yes|Yes,lp_0-4000_rms_matched,670290
670290,/root/animal-omni-kv/data/marmaudio/expert_interventions/full_0-8k/714664.wav,Seep,2020_11_1,four_experts_unanimous_affirmative,Yes|Yes|Yes|Yes,shuffled_audio,714664
670290,/root/animal-omni-kv/data/marmaudio/controls/silence/670290.wav,Seep,2020_11_1,four_experts_unanimous_affirmative,Yes|Yes|Yes|Yes,silence,670290
680295,/root/animal-omni-kv/data/marmaudio/expert_interventions/full_0-8k/680295.wav,Twitter,2020_11_2,four_experts_unanimous_affirmative,Yes|Yes|Yes|Yes,full_0-8k,680295
680295,/root/animal-omni-kv/data/marmaudio/controls/lp_0-1000_rms_matched/680295.wav,Twitter,2020_11_2,four_experts_unanimous_affirmative,Yes|Yes|Yes|Yes,lp_0-1000_rms_matched,680295
680295,/root/animal-omni-kv/data/marmaudio/controls/lp_0-2000_rms_matched/680295.wav,Twitter,2020_11_2,four_experts_unanimous_affirmative,Yes|Yes|Yes|Yes,lp_0-2000_rms_matched,680295
680295,/root/animal-omni-kv/data/marmaudio/controls/lp_0-4000_rms_matched/680295.wav,Twitter,2020_11_2,four_experts_unanimous_affirmative,Yes|Yes|Yes|Yes,lp_0-4000_rms_matched,680295
680295,/root/animal-omni-kv/data/marmaudio/expert_interventions/full_0-8k/631861.wav,Twitter,2020_11_2,four_experts_unanimous_affirmative,Yes|Yes|Yes|Yes,shuffled_audio,631861
680295,/root/animal-omni-kv/data/marmaudio/controls/silence/680295.wav,Twitter,2020_11_2,four_experts_unanimous_affirmative,Yes|Yes|Yes|Yes,silence,680295
680791,/root/animal-omni-kv/data/marmaudio/expert_interventions/full_0-8k/680791.wav,Twitter,2023_3_3,four_experts_unanimous_affirmative,Yes|Yes|Yes|Yes,full_0-8k,680791
680791,/root/animal-omni-kv/data/marmaudio/controls/lp_0-1000_rms_matched/680791.wav,Twitter,2023_3_3,four_experts_unanimous_affirmative,Yes|Yes|Yes|Yes,lp_0-1000_rms_matched,680791
680791,/root/animal-omni-kv/data/marmaudio/controls/lp_0-2000_rms_matched/680791.wav,Twitter,2023_3_3,four_experts_unanimous_affirmative,Yes|Yes|Yes|Yes,lp_0-2000_rms_matched,680791
680791,/root/animal-omni-kv/data/marmaudio/controls/lp_0-4000_rms_matched/680791.wav,Twitter,2023_3_3,four_experts_unanimous_affirmative,Yes|Yes|Yes|Yes,lp_0-4000_rms_matched,680791
680791,/root/animal-omni-kv/data/marmaudio/expert_interventions/full_0-8k/6633.wav,Twitter,2023_3_3,four_experts_unanimous_affirmative,Yes|Yes|Yes|Yes,shuffled_audio,6633
680791,/root/animal-omni-kv/data/marmaudio/controls/silence/680791.wav,Twitter,2023_3_3,four_experts_unanimous_affirmative,Yes|Yes|Yes|Yes,silence,680791
691528,/root/animal-omni-kv/data/marmaudio/expert_interventions/full_0-8k/691528.wav,Infant Cry,2023_3_3,four_experts_unanimous_affirmative,Yes|Yes|Yes|Yes,full_0-8k,691528
691528,/root/animal-omni-kv/data/marmaudio/controls/lp_0-1000_rms_matched/691528.wav,Infant Cry,2023_3_3,four_experts_unanimous_affirmative,Yes|Yes|Yes|Yes,lp_0-1000_rms_matched,691528
691528,/root/animal-omni-kv/data/marmaudio/controls/lp_0-2000_rms_matched/691528.wav,Infant Cry,2023_3_3,four_experts_unanimous_affirmative,Yes|Yes|Yes|Yes,lp_0-2000_rms_matched,691528
691528,/root/animal-omni-kv/data/marmaudio/controls/lp_0-4000_rms_matched/691528.wav,Infant Cry,2023_3_3,four_experts_unanimous_affirmative,Yes|Yes|Yes|Yes,lp_0-4000_rms_matched,691528
691528,/root/animal-omni-kv/data/marmaudio/expert_interventions/full_0-8k/788000.wav,Infant Cry,2023_3_3,four_experts_unanimous_affirmative,Yes|Yes|Yes|Yes,shuffled_audio,788000
691528,/root/animal-omni-kv/data/marmaudio/controls/silence/691528.wav,Infant Cry,2023_3_3,four_experts_unanimous_affirmative,Yes|Yes|Yes|Yes,silence,691528
691986,/root/animal-omni-kv/data/marmaudio/expert_interventions/full_0-8k/691986.wav,Trill,2023_3_3,four_experts_unanimous_affirmative,Yes|Yes|Yes|Yes,full_0-8k,691986
691986,/root/animal-omni-kv/data/marmaudio/controls/lp_0-1000_rms_matched/691986.wav,Trill,2023_3_3,four_experts_unanimous_affirmative,Yes|Yes|Yes|Yes,lp_0-1000_rms_matched,691986
691986,/root/animal-omni-kv/data/marmaudio/controls/lp_0-2000_rms_matched/691986.wav,Trill,2023_3_3,four_experts_unanimous_affirmative,Yes|Yes|Yes|Yes,lp_0-2000_rms_matched,691986
691986,/root/animal-omni-kv/data/marmaudio/controls/lp_0-4000_rms_matched/691986.wav,Trill,2023_3_3,four_experts_unanimous_affirmative,Yes|Yes|Yes|Yes,lp_0-4000_rms_matched,691986
691986,/root/animal-omni-kv/data/marmaudio/expert_interventions/full_0-8k/663998.wav,Trill,2023_3_3,four_experts_unanimous_affirmative,Yes|Yes|Yes|Yes,shuffled_audio,663998
691986,/root/animal-omni-kv/data/marmaudio/controls/silence/691986.wav,Trill,2023_3_3,four_experts_unanimous_affirmative,Yes|Yes|Yes|Yes,silence,691986
693164,/root/animal-omni-kv/data/marmaudio/expert_interventions/full_0-8k/693164.wav,Infant Cry,2023_2_0,four_experts_unanimous_affirmative,Yes|Yes|Yes|Yes,full_0-8k,693164
693164,/root/animal-omni-kv/data/marmaudio/controls/lp_0-1000_rms_matched/693164.wav,Infant Cry,2023_2_0,four_experts_unanimous_affirmative,Yes|Yes|Yes|Yes,lp_0-1000_rms_matched,693164
693164,/root/animal-omni-kv/data/marmaudio/controls/lp_0-2000_rms_matched/693164.wav,Infant Cry,2023_2_0,four_experts_unanimous_affirmative,Yes|Yes|Yes|Yes,lp_0-2000_rms_matched,693164
693164,/root/animal-omni-kv/data/marmaudio/controls/lp_0-4000_rms_matched/693164.wav,Infant Cry,2023_2_0,four_experts_unanimous_affirmative,Yes|Yes|Yes|Yes,lp_0-4000_rms_matched,693164
693164,/root/animal-omni-kv/data/marmaudio/expert_interventions/full_0-8k/794666.wav,Infant Cry,2023_2_0,four_experts_unanimous_affirmative,Yes|Yes|Yes|Yes,shuffled_audio,794666
693164,/root/animal-omni-kv/data/marmaudio/controls/silence/693164.wav,Infant Cry,2023_2_0,four_experts_unanimous_affirmative,Yes|Yes|Yes|Yes,silence,693164
695230,/root/animal-omni-kv/data/marmaudio/expert_interventions/full_0-8k/695230.wav,Trill,2023_3_4,four_experts_unanimous_affirmative,Yes|Yes|Yes|Yes,full_0-8k,695230
695230,/root/animal-omni-kv/data/marmaudio/controls/lp_0-1000_rms_matched/695230.wav,Trill,2023_3_4,four_experts_unanimous_affirmative,Yes|Yes|Yes|Yes,lp_0-1000_rms_matched,695230
695230,/root/animal-omni-kv/data/marmaudio/controls/lp_0-2000_rms_matched/695230.wav,Trill,2023_3_4,four_experts_unanimous_affirmative,Yes|Yes|Yes|Yes,lp_0-2000_rms_matched,695230
695230,/root/animal-omni-kv/data/marmaudio/controls/lp_0-4000_rms_matched/695230.wav,Trill,2023_3_4,four_experts_unanimous_affirmative,Yes|Yes|Yes|Yes,lp_0-4000_rms_matched,695230
695230,/root/animal-omni-kv/data/marmaudio/expert_interventions/full_0-8k/666571.wav,Trill,2023_3_4,four_experts_unanimous_affirmative,Yes|Yes|Yes|Yes,shuffled_audio,666571
695230,/root/animal-omni-kv/data/marmaudio/controls/silence/695230.wav,Trill,2023_3_4,four_experts_unanimous_affirmative,Yes|Yes|Yes|Yes,silence,695230
697899,/root/animal-omni-kv/data/marmaudio/expert_interventions/full_0-8k/697899.wav,Seep,2023_2_0,four_experts_unanimous_affirmative,Yes|Yes|Yes|Yes,full_0-8k,697899
697899,/root/animal-omni-kv/data/marmaudio/controls/lp_0-1000_rms_matched/697899.wav,Seep,2023_2_0,four_experts_unanimous_affirmative,Yes|Yes|Yes|Yes,lp_0-1000_rms_matched,697899
697899,/root/animal-omni-kv/data/marmaudio/controls/lp_0-2000_rms_matched/697899.wav,Seep,2023_2_0,four_experts_unanimous_affirmative,Yes|Yes|Yes|Yes,lp_0-2000_rms_matched,697899
697899,/root/animal-omni-kv/data/marmaudio/controls/lp_0-4000_rms_matched/697899.wav,Seep,2023_2_0,four_experts_unanimous_affirmative,Yes|Yes|Yes|Yes,lp_0-4000_rms_matched,697899
697899,/root/animal-omni-kv/data/marmaudio/expert_interventions/full_0-8k/738495.wav,Seep,2023_2_0,four_experts_unanimous_affirmative,Yes|Yes|Yes|Yes,shuffled_audio,738495
697899,/root/animal-omni-kv/data/marmaudio/controls/silence/697899.wav,Seep,2023_2_0,four_experts_unanimous_affirmative,Yes|Yes|Yes|Yes,silence,697899
707417,/root/animal-omni-kv/data/marmaudio/expert_interventions/full_0-8k/707417.wav,Trill,2023_2_1,four_experts_unanimous_affirmative,Yes|Yes|Yes|Yes,full_0-8k,707417
707417,/root/animal-omni-kv/data/marmaudio/controls/lp_0-1000_rms_matched/707417.wav,Trill,2023_2_1,four_experts_unanimous_affirmative,Yes|Yes|Yes|Yes,lp_0-1000_rms_matched,707417
707417,/root/animal-omni-kv/data/marmaudio/controls/lp_0-2000_rms_matched/707417.wav,Trill,2023_2_1,four_experts_unanimous_affirmative,Yes|Yes|Yes|Yes,lp_0-2000_rms_matched,707417
707417,/root/animal-omni-kv/data/marmaudio/controls/lp_0-4000_rms_matched/707417.wav,Trill,2023_2_1,four_experts_unanimous_affirmative,Yes|Yes|Yes|Yes,lp_0-4000_rms_matched,707417
707417,/root/animal-omni-kv/data/marmaudio/expert_interventions/full_0-8k/667582.wav,Trill,2023_2_1,four_experts_unanimous_affirmative,Yes|Yes|Yes|Yes,shuffled_audio,667582
707417,/root/animal-omni-kv/data/marmaudio/controls/silence/707417.wav,Trill,2023_2_1,four_experts_unanimous_affirmative,Yes|Yes|Yes|Yes,silence,707417
708875,/root/animal-omni-kv/data/marmaudio/expert_interventions/full_0-8k/708875.wav,Trill,2023_3_4,four_experts_unanimous_affirmative,Yes|Yes|Yes|Yes,full_0-8k,708875
708875,/root/animal-omni-kv/data/marmaudio/controls/lp_0-1000_rms_matched/708875.wav,Trill,2023_3_4,four_experts_unanimous_affirmative,Yes|Yes|Yes|Yes,lp_0-1000_rms_matched,708875
708875,/root/animal-omni-kv/data/marmaudio/controls/lp_0-2000_rms_matched/708875.wav,Trill,2023_3_4,four_experts_unanimous_affirmative,Yes|Yes|Yes|Yes,lp_0-2000_rms_matched,708875
708875,/root/animal-omni-kv/data/marmaudio/controls/lp_0-4000_rms_matched/708875.wav,Trill,2023_3_4,four_experts_unanimous_affirmative,Yes|Yes|Yes|Yes,lp_0-4000_rms_matched,708875
708875,/root/animal-omni-kv/data/marmaudio/expert_interventions/full_0-8k/746198.wav,Trill,2023_3_4,four_experts_unanimous_affirmative,Yes|Yes|Yes|Yes,shuffled_audio,746198
708875,/root/animal-omni-kv/data/marmaudio/controls/silence/708875.wav,Trill,2023_3_4,four_experts_unanimous_affirmative,Yes|Yes|Yes|Yes,silence,708875
714664,/root/animal-omni-kv/data/marmaudio/expert_interventions/full_0-8k/714664.wav,Trill,2023_4_2,four_experts_unanimous_affirmative,Yes|Yes|Yes|Yes,full_0-8k,714664
714664,/root/animal-omni-kv/data/marmaudio/controls/lp_0-1000_rms_matched/714664.wav,Trill,2023_4_2,four_experts_unanimous_affirmative,Yes|Yes|Yes|Yes,lp_0-1000_rms_matched,714664
714664,/root/animal-omni-kv/data/marmaudio/controls/lp_0-2000_rms_matched/714664.wav,Trill,2023_4_2,four_experts_unanimous_affirmative,Yes|Yes|Yes|Yes,lp_0-2000_rms_matched,714664
714664,/root/animal-omni-kv/data/marmaudio/controls/lp_0-4000_rms_matched/714664.wav,Trill,2023_4_2,four_experts_unanimous_affirmative,Yes|Yes|Yes|Yes,lp_0-4000_rms_matched,714664
714664,/root/animal-omni-kv/data/marmaudio/expert_interventions/full_0-8k/753447.wav,Trill,2023_4_2,four_experts_unanimous_affirmative,Yes|Yes|Yes|Yes,shuffled_audio,753447
714664,/root/animal-omni-kv/data/marmaudio/controls/silence/714664.wav,Trill,2023_4_2,four_experts_unanimous_affirmative,Yes|Yes|Yes|Yes,silence,714664
731937,/root/animal-omni-kv/data/marmaudio/expert_interventions/full_0-8k/731937.wav,Infant Cry,2023_2_1,four_experts_unanimous_affirmative,Yes|Yes|Yes|Yes,full_0-8k,731937
731937,/root/animal-omni-kv/data/marmaudio/controls/lp_0-1000_rms_matched/731937.wav,Infant Cry,2023_2_1,four_experts_unanimous_affirmative,Yes|Yes|Yes|Yes,lp_0-1000_rms_matched,731937
731937,/root/animal-omni-kv/data/marmaudio/controls/lp_0-2000_rms_matched/731937.wav,Infant Cry,2023_2_1,four_experts_unanimous_affirmative,Yes|Yes|Yes|Yes,lp_0-2000_rms_matched,731937
731937,/root/animal-omni-kv/data/marmaudio/controls/lp_0-4000_rms_matched/731937.wav,Infant Cry,2023_2_1,four_experts_unanimous_affirmative,Yes|Yes|Yes|Yes,lp_0-4000_rms_matched,731937
731937,/root/animal-omni-kv/data/marmaudio/expert_interventions/full_0-8k/822050.wav,Infant Cry,2023_2_1,four_experts_unanimous_affirmative,Yes|Yes|Yes|Yes,shuffled_audio,822050
731937,/root/animal-omni-kv/data/marmaudio/controls/silence/731937.wav,Infant Cry,2023_2_1,four_experts_unanimous_affirmative,Yes|Yes|Yes|Yes,silence,731937
734314,/root/animal-omni-kv/data/marmaudio/expert_interventions/full_0-8k/734314.wav,Seep,2023_2_2,four_experts_unanimous_affirmative,Yes|Yes|Yes|Yes,full_0-8k,734314
734314,/root/animal-omni-kv/data/marmaudio/controls/lp_0-1000_rms_matched/734314.wav,Seep,2023_2_2,four_experts_unanimous_affirmative,Yes|Yes|Yes|Yes,lp_0-1000_rms_matched,734314
734314,/root/animal-omni-kv/data/marmaudio/controls/lp_0-2000_rms_matched/734314.wav,Seep,2023_2_2,four_experts_unanimous_affirmative,Yes|Yes|Yes|Yes,lp_0-2000_rms_matched,734314
734314,/root/animal-omni-kv/data/marmaudio/controls/lp_0-4000_rms_matched/734314.wav,Seep,2023_2_2,four_experts_unanimous_affirmative,Yes|Yes|Yes|Yes,lp_0-4000_rms_matched,734314
734314,/root/animal-omni-kv/data/marmaudio/expert_interventions/full_0-8k/762457.wav,Seep,2023_2_2,four_experts_unanimous_affirmative,Yes|Yes|Yes|Yes,shuffled_audio,762457
734314,/root/animal-omni-kv/data/marmaudio/controls/silence/734314.wav,Seep,2023_2_2,four_experts_unanimous_affirmative,Yes|Yes|Yes|Yes,silence,734314
738495,/root/animal-omni-kv/data/marmaudio/expert_interventions/full_0-8k/738495.wav,Trill,2023_3_4,four_experts_unanimous_affirmative,Yes|Yes|Yes|Yes,full_0-8k,738495
738495,/root/animal-omni-kv/data/marmaudio/controls/lp_0-1000_rms_matched/738495.wav,Trill,2023_3_4,four_experts_unanimous_affirmative,Yes|Yes|Yes|Yes,lp_0-1000_rms_matched,738495
738495,/root/animal-omni-kv/data/marmaudio/controls/lp_0-2000_rms_matched/738495.wav,Trill,2023_3_4,four_experts_unanimous_affirmative,Yes|Yes|Yes|Yes,lp_0-2000_rms_matched,738495
738495,/root/animal-omni-kv/data/marmaudio/controls/lp_0-4000_rms_matched/738495.wav,Trill,2023_3_4,four_experts_unanimous_affirmative,Yes|Yes|Yes|Yes,lp_0-4000_rms_matched,738495
738495,/root/animal-omni-kv/data/marmaudio/expert_interventions/full_0-8k/770853.wav,Trill,2023_3_4,four_experts_unanimous_affirmative,Yes|Yes|Yes|Yes,shuffled_audio,770853
738495,/root/animal-omni-kv/data/marmaudio/controls/silence/738495.wav,Trill,2023_3_4,four_experts_unanimous_affirmative,Yes|Yes|Yes|Yes,silence,738495
739815,/root/animal-omni-kv/data/marmaudio/expert_interventions/full_0-8k/739815.wav,Seep,2023_4_3,four_experts_unanimous_affirmative,Yes|Yes|Yes|Yes,full_0-8k,739815
739815,/root/animal-omni-kv/data/marmaudio/controls/lp_0-1000_rms_matched/739815.wav,Seep,2023_4_3,four_experts_unanimous_affirmative,Yes|Yes|Yes|Yes,lp_0-1000_rms_matched,739815
739815,/root/animal-omni-kv/data/marmaudio/controls/lp_0-2000_rms_matched/739815.wav,Seep,2023_4_3,four_experts_unanimous_affirmative,Yes|Yes|Yes|Yes,lp_0-2000_rms_matched,739815
739815,/root/animal-omni-kv/data/marmaudio/controls/lp_0-4000_rms_matched/739815.wav,Seep,2023_4_3,four_experts_unanimous_affirmative,Yes|Yes|Yes|Yes,lp_0-4000_rms_matched,739815
739815,/root/animal-omni-kv/data/marmaudio/expert_interventions/full_0-8k/804279.wav,Seep,2023_4_3,four_experts_unanimous_affirmative,Yes|Yes|Yes|Yes,shuffled_audio,804279
739815,/root/animal-omni-kv/data/marmaudio/controls/silence/739815.wav,Seep,2023_4_3,four_experts_unanimous_affirmative,Yes|Yes|Yes|Yes,silence,739815
741056,/root/animal-omni-kv/data/marmaudio/expert_interventions/full_0-8k/741056.wav,Seep,2023_4_3,four_experts_unanimous_affirmative,Yes|Yes|Yes|Yes,full_0-8k,741056
741056,/root/animal-omni-kv/data/marmaudio/controls/lp_0-1000_rms_matched/741056.wav,Seep,2023_4_3,four_experts_unanimous_affirmative,Yes|Yes|Yes|Yes,lp_0-1000_rms_matched,741056
741056,/root/animal-omni-kv/data/marmaudio/controls/lp_0-2000_rms_matched/741056.wav,Seep,2023_4_3,four_experts_unanimous_affirmative,Yes|Yes|Yes|Yes,lp_0-2000_rms_matched,741056
741056,/root/animal-omni-kv/data/marmaudio/controls/lp_0-4000_rms_matched/741056.wav,Seep,2023_4_3,four_experts_unanimous_affirmative,Yes|Yes|Yes|Yes,lp_0-4000_rms_matched,741056
741056,/root/animal-omni-kv/data/marmaudio/expert_interventions/full_0-8k/805610.wav,Seep,2023_4_3,four_experts_unanimous_affirmative,Yes|Yes|Yes|Yes,shuffled_audio,805610
741056,/root/animal-omni-kv/data/marmaudio/controls/silence/741056.wav,Seep,2023_4_3,four_experts_unanimous_affirmative,Yes|Yes|Yes|Yes,silence,741056
742006,/root/animal-omni-kv/data/marmaudio/expert_interventions/full_0-8k/742006.wav,Infant Cry,2023_3_4,four_experts_unanimous_affirmative,Yes|Yes|Yes|Yes,full_0-8k,742006
742006,/root/animal-omni-kv/data/marmaudio/controls/lp_0-1000_rms_matched/742006.wav,Infant Cry,2023_3_4,four_experts_unanimous_affirmative,Yes|Yes|Yes|Yes,lp_0-1000_rms_matched,742006
742006,/root/animal-omni-kv/data/marmaudio/controls/lp_0-2000_rms_matched/742006.wav,Infant Cry,2023_3_4,four_experts_unanimous_affirmative,Yes|Yes|Yes|Yes,lp_0-2000_rms_matched,742006
742006,/root/animal-omni-kv/data/marmaudio/controls/lp_0-4000_rms_matched/742006.wav,Infant Cry,2023_3_4,four_experts_unanimous_affirmative,Yes|Yes|Yes|Yes,lp_0-4000_rms_matched,742006
742006,/root/animal-omni-kv/data/marmaudio/expert_interventions/full_0-8k/824405.wav,Infant Cry,2023_3_4,four_experts_unanimous_affirmative,Yes|Yes|Yes|Yes,shuffled_audio,824405
742006,/root/animal-omni-kv/data/marmaudio/controls/silence/742006.wav,Infant Cry,2023_3_4,four_experts_unanimous_affirmative,Yes|Yes|Yes|Yes,silence,742006
746198,/root/animal-omni-kv/data/marmaudio/expert_interventions/full_0-8k/746198.wav,Tsik,2023_4_3,four_experts_unanimous_affirmative,Yes|Yes|Yes|Yes,full_0-8k,746198
746198,/root/animal-omni-kv/data/marmaudio/controls/lp_0-1000_rms_matched/746198.wav,Tsik,2023_4_3,four_experts_unanimous_affirmative,Yes|Yes|Yes|Yes,lp_0-1000_rms_matched,746198
746198,/root/animal-omni-kv/data/marmaudio/controls/lp_0-2000_rms_matched/746198.wav,Tsik,2023_4_3,four_experts_unanimous_affirmative,Yes|Yes|Yes|Yes,lp_0-2000_rms_matched,746198
746198,/root/animal-omni-kv/data/marmaudio/controls/lp_0-4000_rms_matched/746198.wav,Tsik,2023_4_3,four_experts_unanimous_affirmative,Yes|Yes|Yes|Yes,lp_0-4000_rms_matched,746198
746198,/root/animal-omni-kv/data/marmaudio/expert_interventions/full_0-8k/768697.wav,Tsik,2023_4_3,four_experts_unanimous_affirmative,Yes|Yes|Yes|Yes,shuffled_audio,768697
746198,/root/animal-omni-kv/data/marmaudio/controls/silence/746198.wav,Tsik,2023_4_3,four_experts_unanimous_affirmative,Yes|Yes|Yes|Yes,silence,746198
753447,/root/animal-omni-kv/data/marmaudio/expert_interventions/full_0-8k/753447.wav,Tsik,2023_3_5,four_experts_unanimous_affirmative,Yes|Yes|Yes|Yes,full_0-8k,753447
753447,/root/animal-omni-kv/data/marmaudio/controls/lp_0-1000_rms_matched/753447.wav,Tsik,2023_3_5,four_experts_unanimous_affirmative,Yes|Yes|Yes|Yes,lp_0-1000_rms_matched,753447
753447,/root/animal-omni-kv/data/marmaudio/controls/lp_0-2000_rms_matched/753447.wav,Tsik,2023_3_5,four_experts_unanimous_affirmative,Yes|Yes|Yes|Yes,lp_0-2000_rms_matched,753447
753447,/root/animal-omni-kv/data/marmaudio/controls/lp_0-4000_rms_matched/753447.wav,Tsik,2023_3_5,four_experts_unanimous_affirmative,Yes|Yes|Yes|Yes,lp_0-4000_rms_matched,753447
753447,/root/animal-omni-kv/data/marmaudio/expert_interventions/full_0-8k/786011.wav,Tsik,2023_3_5,four_experts_unanimous_affirmative,Yes|Yes|Yes|Yes,shuffled_audio,786011
753447,/root/animal-omni-kv/data/marmaudio/controls/silence/753447.wav,Tsik,2023_3_5,four_experts_unanimous_affirmative,Yes|Yes|Yes|Yes,silence,753447
762457,/root/animal-omni-kv/data/marmaudio/expert_interventions/full_0-8k/762457.wav,Trill,2023_2_2,four_experts_unanimous_affirmative,Yes|Yes|Yes|Yes,full_0-8k,762457
762457,/root/animal-omni-kv/data/marmaudio/controls/lp_0-1000_rms_matched/762457.wav,Trill,2023_2_2,four_experts_unanimous_affirmative,Yes|Yes|Yes|Yes,lp_0-1000_rms_matched,762457
762457,/root/animal-omni-kv/data/marmaudio/controls/lp_0-2000_rms_matched/762457.wav,Trill,2023_2_2,four_experts_unanimous_affirmative,Yes|Yes|Yes|Yes,lp_0-2000_rms_matched,762457
762457,/root/animal-omni-kv/data/marmaudio/controls/lp_0-4000_rms_matched/762457.wav,Trill,2023_2_2,four_experts_unanimous_affirmative,Yes|Yes|Yes|Yes,lp_0-4000_rms_matched,762457
762457,/root/animal-omni-kv/data/marmaudio/expert_interventions/full_0-8k/784804.wav,Trill,2023_2_2,four_experts_unanimous_affirmative,Yes|Yes|Yes|Yes,shuffled_audio,784804
762457,/root/animal-omni-kv/data/marmaudio/controls/silence/762457.wav,Trill,2023_2_2,four_experts_unanimous_affirmative,Yes|Yes|Yes|Yes,silence,762457
763863,/root/animal-omni-kv/data/marmaudio/expert_interventions/full_0-8k/763863.wav,Infant Cry,2023_2_2,four_experts_unanimous_affirmative,Yes|Yes|Yes|Yes,full_0-8k,763863
763863,/root/animal-omni-kv/data/marmaudio/controls/lp_0-1000_rms_matched/763863.wav,Infant Cry,2023_2_2,four_experts_unanimous_affirmative,Yes|Yes|Yes|Yes,lp_0-1000_rms_matched,763863
763863,/root/animal-omni-kv/data/marmaudio/controls/lp_0-2000_rms_matched/763863.wav,Infant Cry,2023_2_2,four_experts_unanimous_affirmative,Yes|Yes|Yes|Yes,lp_0-2000_rms_matched,763863
763863,/root/animal-omni-kv/data/marmaudio/controls/lp_0-4000_rms_matched/763863.wav,Infant Cry,2023_2_2,four_experts_unanimous_affirmative,Yes|Yes|Yes|Yes,lp_0-4000_rms_matched,763863
763863,/root/animal-omni-kv/data/marmaudio/expert_interventions/full_0-8k/851005.wav,Infant Cry,2023_2_2,four_experts_unanimous_affirmative,Yes|Yes|Yes|Yes,shuffled_audio,851005
763863,/root/animal-omni-kv/data/marmaudio/controls/silence/763863.wav,Infant Cry,2023_2_2,four_experts_unanimous_affirmative,Yes|Yes|Yes|Yes,silence,763863
765458,/root/animal-omni-kv/data/marmaudio/expert_interventions/full_0-8k/765458.wav,Infant Cry,2023_2_2,four_experts_unanimous_affirmative,Yes|Yes|Yes|Yes,full_0-8k,765458
765458,/root/animal-omni-kv/data/marmaudio/controls/lp_0-1000_rms_matched/765458.wav,Infant Cry,2023_2_2,four_experts_unanimous_affirmative,Yes|Yes|Yes|Yes,lp_0-1000_rms_matched,765458
765458,/root/animal-omni-kv/data/marmaudio/controls/lp_0-2000_rms_matched/765458.wav,Infant Cry,2023_2_2,four_experts_unanimous_affirmative,Yes|Yes|Yes|Yes,lp_0-2000_rms_matched,765458
765458,/root/animal-omni-kv/data/marmaudio/controls/lp_0-4000_rms_matched/765458.wav,Infant Cry,2023_2_2,four_experts_unanimous_affirmative,Yes|Yes|Yes|Yes,lp_0-4000_rms_matched,765458
765458,/root/animal-omni-kv/data/marmaudio/expert_interventions/full_0-8k/852264.wav,Infant Cry,2023_2_2,four_experts_unanimous_affirmative,Yes|Yes|Yes|Yes,shuffled_audio,852264
765458,/root/animal-omni-kv/data/marmaudio/controls/silence/765458.wav,Infant Cry,2023_2_2,four_experts_unanimous_affirmative,Yes|Yes|Yes|Yes,silence,765458
766645,/root/animal-omni-kv/data/marmaudio/expert_interventions/full_0-8k/766645.wav,Twitter,2023_3_5,four_experts_unanimous_affirmative,Yes|Yes|Yes|Yes,full_0-8k,766645
766645,/root/animal-omni-kv/data/marmaudio/controls/lp_0-1000_rms_matched/766645.wav,Twitter,2023_3_5,four_experts_unanimous_affirmative,Yes|Yes|Yes|Yes,lp_0-1000_rms_matched,766645
766645,/root/animal-omni-kv/data/marmaudio/controls/lp_0-2000_rms_matched/766645.wav,Twitter,2023_3_5,four_experts_unanimous_affirmative,Yes|Yes|Yes|Yes,lp_0-2000_rms_matched,766645
766645,/root/animal-omni-kv/data/marmaudio/controls/lp_0-4000_rms_matched/766645.wav,Twitter,2023_3_5,four_experts_unanimous_affirmative,Yes|Yes|Yes|Yes,lp_0-4000_rms_matched,766645
766645,/root/animal-omni-kv/data/marmaudio/expert_interventions/full_0-8k/667865.wav,Twitter,2023_3_5,four_experts_unanimous_affirmative,Yes|Yes|Yes|Yes,shuffled_audio,667865
766645,/root/animal-omni-kv/data/marmaudio/controls/silence/766645.wav,Twitter,2023_3_5,four_experts_unanimous_affirmative,Yes|Yes|Yes|Yes,silence,766645
768697,/root/animal-omni-kv/data/marmaudio/expert_interventions/full_0-8k/768697.wav,Twitter,2023_3_5,four_experts_unanimous_affirmative,Yes|Yes|Yes|Yes,full_0-8k,768697
768697,/root/animal-omni-kv/data/marmaudio/controls/lp_0-1000_rms_matched/768697.wav,Twitter,2023_3_5,four_experts_unanimous_affirmative,Yes|Yes|Yes|Yes,lp_0-1000_rms_matched,768697
768697,/root/animal-omni-kv/data/marmaudio/controls/lp_0-2000_rms_matched/768697.wav,Twitter,2023_3_5,four_experts_unanimous_affirmative,Yes|Yes|Yes|Yes,lp_0-2000_rms_matched,768697
768697,/root/animal-omni-kv/data/marmaudio/controls/lp_0-4000_rms_matched/768697.wav,Twitter,2023_3_5,four_experts_unanimous_affirmative,Yes|Yes|Yes|Yes,lp_0-4000_rms_matched,768697
768697,/root/animal-omni-kv/data/marmaudio/expert_interventions/full_0-8k/667905.wav,Twitter,2023_3_5,four_experts_unanimous_affirmative,Yes|Yes|Yes|Yes,shuffled_audio,667905
768697,/root/animal-omni-kv/data/marmaudio/controls/silence/768697.wav,Twitter,2023_3_5,four_experts_unanimous_affirmative,Yes|Yes|Yes|Yes,silence,768697
769489,/root/animal-omni-kv/data/marmaudio/expert_interventions/full_0-8k/769489.wav,Seep,2023_3_5,four_experts_unanimous_affirmative,Yes|Yes|Yes|Yes,full_0-8k,769489
769489,/root/animal-omni-kv/data/marmaudio/controls/lp_0-1000_rms_matched/769489.wav,Seep,2023_3_5,four_experts_unanimous_affirmative,Yes|Yes|Yes|Yes,lp_0-1000_rms_matched,769489
769489,/root/animal-omni-kv/data/marmaudio/controls/lp_0-2000_rms_matched/769489.wav,Seep,2023_3_5,four_experts_unanimous_affirmative,Yes|Yes|Yes|Yes,lp_0-2000_rms_matched,769489
769489,/root/animal-omni-kv/data/marmaudio/controls/lp_0-4000_rms_matched/769489.wav,Seep,2023_3_5,four_experts_unanimous_affirmative,Yes|Yes|Yes|Yes,lp_0-4000_rms_matched,769489
769489,/root/animal-omni-kv/data/marmaudio/expert_interventions/full_0-8k/809280.wav,Seep,2023_3_5,four_experts_unanimous_affirmative,Yes|Yes|Yes|Yes,shuffled_audio,809280
769489,/root/animal-omni-kv/data/marmaudio/controls/silence/769489.wav,Seep,2023_3_5,four_experts_unanimous_affirmative,Yes|Yes|Yes|Yes,silence,769489
770853,/root/animal-omni-kv/data/marmaudio/expert_interventions/full_0-8k/770853.wav,Tsik,2023_3_5,four_experts_unanimous_affirmative,Yes|Yes|Yes|Yes,full_0-8k,770853
770853,/root/animal-omni-kv/data/marmaudio/controls/lp_0-1000_rms_matched/770853.wav,Tsik,2023_3_5,four_experts_unanimous_affirmative,Yes|Yes|Yes|Yes,lp_0-1000_rms_matched,770853
770853,/root/animal-omni-kv/data/marmaudio/controls/lp_0-2000_rms_matched/770853.wav,Tsik,2023_3_5,four_experts_unanimous_affirmative,Yes|Yes|Yes|Yes,lp_0-2000_rms_matched,770853
770853,/root/animal-omni-kv/data/marmaudio/controls/lp_0-4000_rms_matched/770853.wav,Tsik,2023_3_5,four_experts_unanimous_affirmative,Yes|Yes|Yes|Yes,lp_0-4000_rms_matched,770853
770853,/root/animal-omni-kv/data/marmaudio/expert_interventions/full_0-8k/807189.wav,Tsik,2023_3_5,four_experts_unanimous_affirmative,Yes|Yes|Yes|Yes,shuffled_audio,807189
770853,/root/animal-omni-kv/data/marmaudio/controls/silence/770853.wav,Tsik,2023_3_5,four_experts_unanimous_affirmative,Yes|Yes|Yes|Yes,silence,770853
773125,/root/animal-omni-kv/data/marmaudio/expert_interventions/full_0-8k/773125.wav,Seep,2023_3_6,four_experts_unanimous_affirmative,Yes|Yes|Yes|Yes,full_0-8k,773125
773125,/root/animal-omni-kv/data/marmaudio/controls/lp_0-1000_rms_matched/773125.wav,Seep,2023_3_6,four_experts_unanimous_affirmative,Yes|Yes|Yes|Yes,lp_0-1000_rms_matched,773125
773125,/root/animal-omni-kv/data/marmaudio/controls/lp_0-2000_rms_matched/773125.wav,Seep,2023_3_6,four_experts_unanimous_affirmative,Yes|Yes|Yes|Yes,lp_0-2000_rms_matched,773125
773125,/root/animal-omni-kv/data/marmaudio/controls/lp_0-4000_rms_matched/773125.wav,Seep,2023_3_6,four_experts_unanimous_affirmative,Yes|Yes|Yes|Yes,lp_0-4000_rms_matched,773125
773125,/root/animal-omni-kv/data/marmaudio/expert_interventions/full_0-8k/827373.wav,Seep,2023_3_6,four_experts_unanimous_affirmative,Yes|Yes|Yes|Yes,shuffled_audio,827373
773125,/root/animal-omni-kv/data/marmaudio/controls/silence/773125.wav,Seep,2023_3_6,four_experts_unanimous_affirmative,Yes|Yes|Yes|Yes,silence,773125
773651,/root/animal-omni-kv/data/marmaudio/expert_interventions/full_0-8k/773651.wav,Phee,2023_3_6,four_experts_unanimous_affirmative,Yes|Yes|Yes|Yes,full_0-8k,773651
773651,/root/animal-omni-kv/data/marmaudio/controls/lp_0-1000_rms_matched/773651.wav,Phee,2023_3_6,four_experts_unanimous_affirmative,Yes|Yes|Yes|Yes,lp_0-1000_rms_matched,773651
773651,/root/animal-omni-kv/data/marmaudio/controls/lp_0-2000_rms_matched/773651.wav,Phee,2023_3_6,four_experts_unanimous_affirmative,Yes|Yes|Yes|Yes,lp_0-2000_rms_matched,773651
773651,/root/animal-omni-kv/data/marmaudio/controls/lp_0-4000_rms_matched/773651.wav,Phee,2023_3_6,four_experts_unanimous_affirmative,Yes|Yes|Yes|Yes,lp_0-4000_rms_matched,773651
773651,/root/animal-omni-kv/data/marmaudio/expert_interventions/full_0-8k/670290.wav,Phee,2023_3_6,four_experts_unanimous_affirmative,Yes|Yes|Yes|Yes,shuffled_audio,670290
773651,/root/animal-omni-kv/data/marmaudio/controls/silence/773651.wav,Phee,2023_3_6,four_experts_unanimous_affirmative,Yes|Yes|Yes|Yes,silence,773651
784804,/root/animal-omni-kv/data/marmaudio/expert_interventions/full_0-8k/784804.wav,Tsik,2023_3_7,four_experts_unanimous_affirmative,Yes|Yes|Yes|Yes,full_0-8k,784804
784804,/root/animal-omni-kv/data/marmaudio/controls/lp_0-1000_rms_matched/784804.wav,Tsik,2023_3_7,four_experts_unanimous_affirmative,Yes|Yes|Yes|Yes,lp_0-1000_rms_matched,784804
784804,/root/animal-omni-kv/data/marmaudio/controls/lp_0-2000_rms_matched/784804.wav,Tsik,2023_3_7,four_experts_unanimous_affirmative,Yes|Yes|Yes|Yes,lp_0-2000_rms_matched,784804
784804,/root/animal-omni-kv/data/marmaudio/controls/lp_0-4000_rms_matched/784804.wav,Tsik,2023_3_7,four_experts_unanimous_affirmative,Yes|Yes|Yes|Yes,lp_0-4000_rms_matched,784804
784804,/root/animal-omni-kv/data/marmaudio/expert_interventions/full_0-8k/811393.wav,Tsik,2023_3_7,four_experts_unanimous_affirmative,Yes|Yes|Yes|Yes,shuffled_audio,811393
784804,/root/animal-omni-kv/data/marmaudio/controls/silence/784804.wav,Tsik,2023_3_7,four_experts_unanimous_affirmative,Yes|Yes|Yes|Yes,silence,784804
786011,/root/animal-omni-kv/data/marmaudio/expert_interventions/full_0-8k/786011.wav,Twitter,2020_11_2,four_experts_unanimous_affirmative,Yes|Yes|Yes|Yes,full_0-8k,786011
786011,/root/animal-omni-kv/data/marmaudio/controls/lp_0-1000_rms_matched/786011.wav,Twitter,2020_11_2,four_experts_unanimous_affirmative,Yes|Yes|Yes|Yes,lp_0-1000_rms_matched,786011
786011,/root/animal-omni-kv/data/marmaudio/controls/lp_0-2000_rms_matched/786011.wav,Twitter,2020_11_2,four_experts_unanimous_affirmative,Yes|Yes|Yes|Yes,lp_0-2000_rms_matched,786011
786011,/root/animal-omni-kv/data/marmaudio/controls/lp_0-4000_rms_matched/786011.wav,Twitter,2020_11_2,four_experts_unanimous_affirmative,Yes|Yes|Yes|Yes,lp_0-4000_rms_matched,786011
786011,/root/animal-omni-kv/data/marmaudio/expert_interventions/full_0-8k/670039.wav,Twitter,2020_11_2,four_experts_unanimous_affirmative,Yes|Yes|Yes|Yes,shuffled_audio,670039
786011,/root/animal-omni-kv/data/marmaudio/controls/silence/786011.wav,Twitter,2020_11_2,four_experts_unanimous_affirmative,Yes|Yes|Yes|Yes,silence,786011
788000,/root/animal-omni-kv/data/marmaudio/expert_interventions/full_0-8k/788000.wav,Phee,2023_4_4,four_experts_unanimous_affirmative,Yes|Yes|Yes|Yes,full_0-8k,788000
788000,/root/animal-omni-kv/data/marmaudio/controls/lp_0-1000_rms_matched/788000.wav,Phee,2023_4_4,four_experts_unanimous_affirmative,Yes|Yes|Yes|Yes,lp_0-1000_rms_matched,788000
788000,/root/animal-omni-kv/data/marmaudio/controls/lp_0-2000_rms_matched/788000.wav,Phee,2023_4_4,four_experts_unanimous_affirmative,Yes|Yes|Yes|Yes,lp_0-2000_rms_matched,788000
788000,/root/animal-omni-kv/data/marmaudio/controls/lp_0-4000_rms_matched/788000.wav,Phee,2023_4_4,four_experts_unanimous_affirmative,Yes|Yes|Yes|Yes,lp_0-4000_rms_matched,788000
788000,/root/animal-omni-kv/data/marmaudio/expert_interventions/full_0-8k/697899.wav,Phee,2023_4_4,four_experts_unanimous_affirmative,Yes|Yes|Yes|Yes,shuffled_audio,697899
788000,/root/animal-omni-kv/data/marmaudio/controls/silence/788000.wav,Phee,2023_4_4,four_experts_unanimous_affirmative,Yes|Yes|Yes|Yes,silence,788000
792714,/root/animal-omni-kv/data/marmaudio/expert_interventions/full_0-8k/792714.wav,Tsik,2023_3_7,four_experts_unanimous_affirmative,Yes|Yes|Yes|Yes,full_0-8k,792714
792714,/root/animal-omni-kv/data/marmaudio/controls/lp_0-1000_rms_matched/792714.wav,Tsik,2023_3_7,four_experts_unanimous_affirmative,Yes|Yes|Yes|Yes,lp_0-1000_rms_matched,792714
792714,/root/animal-omni-kv/data/marmaudio/controls/lp_0-2000_rms_matched/792714.wav,Tsik,2023_3_7,four_experts_unanimous_affirmative,Yes|Yes|Yes|Yes,lp_0-2000_rms_matched,792714
792714,/root/animal-omni-kv/data/marmaudio/controls/lp_0-4000_rms_matched/792714.wav,Tsik,2023_3_7,four_experts_unanimous_affirmative,Yes|Yes|Yes|Yes,lp_0-4000_rms_matched,792714
792714,/root/animal-omni-kv/data/marmaudio/expert_interventions/full_0-8k/820757.wav,Tsik,2023_3_7,four_experts_unanimous_affirmative,Yes|Yes|Yes|Yes,shuffled_audio,820757
792714,/root/animal-omni-kv/data/marmaudio/controls/silence/792714.wav,Tsik,2023_3_7,four_experts_unanimous_affirmative,Yes|Yes|Yes|Yes,silence,792714
794666,/root/animal-omni-kv/data/marmaudio/expert_interventions/full_0-8k/794666.wav,Phee,2023_4_4,four_experts_unanimous_affirmative,Yes|Yes|Yes|Yes,full_0-8k,794666
794666,/root/animal-omni-kv/data/marmaudio/controls/lp_0-1000_rms_matched/794666.wav,Phee,2023_4_4,four_experts_unanimous_affirmative,Yes|Yes|Yes|Yes,lp_0-1000_rms_matched,794666
794666,/root/animal-omni-kv/data/marmaudio/controls/lp_0-2000_rms_matched/794666.wav,Phee,2023_4_4,four_experts_unanimous_affirmative,Yes|Yes|Yes|Yes,lp_0-2000_rms_matched,794666
794666,/root/animal-omni-kv/data/marmaudio/controls/lp_0-4000_rms_matched/794666.wav,Phee,2023_4_4,four_experts_unanimous_affirmative,Yes|Yes|Yes|Yes,lp_0-4000_rms_matched,794666
794666,/root/animal-omni-kv/data/marmaudio/expert_interventions/full_0-8k/734314.wav,Phee,2023_4_4,four_experts_unanimous_affirmative,Yes|Yes|Yes|Yes,shuffled_audio,734314
794666,/root/animal-omni-kv/data/marmaudio/controls/silence/794666.wav,Phee,2023_4_4,four_experts_unanimous_affirmative,Yes|Yes|Yes|Yes,silence,794666
799579,/root/animal-omni-kv/data/marmaudio/expert_interventions/full_0-8k/799579.wav,Infant Cry,2023_3_7,four_experts_unanimous_affirmative,Yes|Yes|Yes|Yes,full_0-8k,799579
799579,/root/animal-omni-kv/data/marmaudio/controls/lp_0-1000_rms_matched/799579.wav,Infant Cry,2023_3_7,four_experts_unanimous_affirmative,Yes|Yes|Yes|Yes,lp_0-1000_rms_matched,799579
799579,/root/animal-omni-kv/data/marmaudio/controls/lp_0-2000_rms_matched/799579.wav,Infant Cry,2023_3_7,four_experts_unanimous_affirmative,Yes|Yes|Yes|Yes,lp_0-2000_rms_matched,799579
799579,/root/animal-omni-kv/data/marmaudio/controls/lp_0-4000_rms_matched/799579.wav,Infant Cry,2023_3_7,four_experts_unanimous_affirmative,Yes|Yes|Yes|Yes,lp_0-4000_rms_matched,799579
799579,/root/animal-omni-kv/data/marmaudio/expert_interventions/full_0-8k/857896.wav,Infant Cry,2023_3_7,four_experts_unanimous_affirmative,Yes|Yes|Yes|Yes,shuffled_audio,857896
799579,/root/animal-omni-kv/data/marmaudio/controls/silence/799579.wav,Infant Cry,2023_3_7,four_experts_unanimous_affirmative,Yes|Yes|Yes|Yes,silence,799579
804279,/root/animal-omni-kv/data/marmaudio/expert_interventions/full_0-8k/804279.wav,Trill,2023_4_5,four_experts_unanimous_affirmative,Yes|Yes|Yes|Yes,full_0-8k,804279
804279,/root/animal-omni-kv/data/marmaudio/controls/lp_0-1000_rms_matched/804279.wav,Trill,2023_4_5,four_experts_unanimous_affirmative,Yes|Yes|Yes|Yes,lp_0-1000_rms_matched,804279
804279,/root/animal-omni-kv/data/marmaudio/controls/lp_0-2000_rms_matched/804279.wav,Trill,2023_4_5,four_experts_unanimous_affirmative,Yes|Yes|Yes|Yes,lp_0-2000_rms_matched,804279
804279,/root/animal-omni-kv/data/marmaudio/controls/lp_0-4000_rms_matched/804279.wav,Trill,2023_4_5,four_experts_unanimous_affirmative,Yes|Yes|Yes|Yes,lp_0-4000_rms_matched,804279
804279,/root/animal-omni-kv/data/marmaudio/expert_interventions/full_0-8k/792714.wav,Trill,2023_4_5,four_experts_unanimous_affirmative,Yes|Yes|Yes|Yes,shuffled_audio,792714
804279,/root/animal-omni-kv/data/marmaudio/controls/silence/804279.wav,Trill,2023_4_5,four_experts_unanimous_affirmative,Yes|Yes|Yes|Yes,silence,804279
804713,/root/animal-omni-kv/data/marmaudio/expert_interventions/full_0-8k/804713.wav,Tsik,2023_4_5,four_experts_unanimous_affirmative,Yes|Yes|Yes|Yes,full_0-8k,804713
804713,/root/animal-omni-kv/data/marmaudio/controls/lp_0-1000_rms_matched/804713.wav,Tsik,2023_4_5,four_experts_unanimous_affirmative,Yes|Yes|Yes|Yes,lp_0-1000_rms_matched,804713
804713,/root/animal-omni-kv/data/marmaudio/controls/lp_0-2000_rms_matched/804713.wav,Tsik,2023_4_5,four_experts_unanimous_affirmative,Yes|Yes|Yes|Yes,lp_0-2000_rms_matched,804713
804713,/root/animal-omni-kv/data/marmaudio/controls/lp_0-4000_rms_matched/804713.wav,Tsik,2023_4_5,four_experts_unanimous_affirmative,Yes|Yes|Yes|Yes,lp_0-4000_rms_matched,804713
804713,/root/animal-omni-kv/data/marmaudio/expert_interventions/full_0-8k/836799.wav,Tsik,2023_4_5,four_experts_unanimous_affirmative,Yes|Yes|Yes|Yes,shuffled_audio,836799
804713,/root/animal-omni-kv/data/marmaudio/controls/silence/804713.wav,Tsik,2023_4_5,four_experts_unanimous_affirmative,Yes|Yes|Yes|Yes,silence,804713
805610,/root/animal-omni-kv/data/marmaudio/expert_interventions/full_0-8k/805610.wav,Trill,2023_4_5,four_experts_unanimous_affirmative,Yes|Yes|Yes|Yes,full_0-8k,805610
805610,/root/animal-omni-kv/data/marmaudio/controls/lp_0-1000_rms_matched/805610.wav,Trill,2023_4_5,four_experts_unanimous_affirmative,Yes|Yes|Yes|Yes,lp_0-1000_rms_matched,805610
805610,/root/animal-omni-kv/data/marmaudio/controls/lp_0-2000_rms_matched/805610.wav,Trill,2023_4_5,four_experts_unanimous_affirmative,Yes|Yes|Yes|Yes,lp_0-2000_rms_matched,805610
805610,/root/animal-omni-kv/data/marmaudio/controls/lp_0-4000_rms_matched/805610.wav,Trill,2023_4_5,four_experts_unanimous_affirmative,Yes|Yes|Yes|Yes,lp_0-4000_rms_matched,805610
805610,/root/animal-omni-kv/data/marmaudio/expert_interventions/full_0-8k/804713.wav,Trill,2023_4_5,four_experts_unanimous_affirmative,Yes|Yes|Yes|Yes,shuffled_audio,804713
805610,/root/animal-omni-kv/data/marmaudio/controls/silence/805610.wav,Trill,2023_4_5,four_experts_unanimous_affirmative,Yes|Yes|Yes|Yes,silence,805610
807122,/root/animal-omni-kv/data/marmaudio/expert_interventions/full_0-8k/807122.wav,Tsik,2023_4_5,four_experts_unanimous_affirmative,Yes|Yes|Yes|Yes,full_0-8k,807122
807122,/root/animal-omni-kv/data/marmaudio/controls/lp_0-1000_rms_matched/807122.wav,Tsik,2023_4_5,four_experts_unanimous_affirmative,Yes|Yes|Yes|Yes,lp_0-1000_rms_matched,807122
807122,/root/animal-omni-kv/data/marmaudio/controls/lp_0-2000_rms_matched/807122.wav,Tsik,2023_4_5,four_experts_unanimous_affirmative,Yes|Yes|Yes|Yes,lp_0-2000_rms_matched,807122
807122,/root/animal-omni-kv/data/marmaudio/controls/lp_0-4000_rms_matched/807122.wav,Tsik,2023_4_5,four_experts_unanimous_affirmative,Yes|Yes|Yes|Yes,lp_0-4000_rms_matched,807122
807122,/root/animal-omni-kv/data/marmaudio/expert_interventions/full_0-8k/844274.wav,Tsik,2023_4_5,four_experts_unanimous_affirmative,Yes|Yes|Yes|Yes,shuffled_audio,844274
807122,/root/animal-omni-kv/data/marmaudio/controls/silence/807122.wav,Tsik,2023_4_5,four_experts_unanimous_affirmative,Yes|Yes|Yes|Yes,silence,807122
807189,/root/animal-omni-kv/data/marmaudio/expert_interventions/full_0-8k/807189.wav,Twitter,2023_4_5,four_experts_unanimous_affirmative,Yes|Yes|Yes|Yes,full_0-8k,807189
807189,/root/animal-omni-kv/data/marmaudio/controls/lp_0-1000_rms_matched/807189.wav,Twitter,2023_4_5,four_experts_unanimous_affirmative,Yes|Yes|Yes|Yes,lp_0-1000_rms_matched,807189
807189,/root/animal-omni-kv/data/marmaudio/controls/lp_0-2000_rms_matched/807189.wav,Twitter,2023_4_5,four_experts_unanimous_affirmative,Yes|Yes|Yes|Yes,lp_0-2000_rms_matched,807189
807189,/root/animal-omni-kv/data/marmaudio/controls/lp_0-4000_rms_matched/807189.wav,Twitter,2023_4_5,four_experts_unanimous_affirmative,Yes|Yes|Yes|Yes,lp_0-4000_rms_matched,807189
807189,/root/animal-omni-kv/data/marmaudio/expert_interventions/full_0-8k/691528.wav,Twitter,2023_4_5,four_experts_unanimous_affirmative,Yes|Yes|Yes|Yes,shuffled_audio,691528
807189,/root/animal-omni-kv/data/marmaudio/controls/silence/807189.wav,Twitter,2023_4_5,four_experts_unanimous_affirmative,Yes|Yes|Yes|Yes,silence,807189
809280,/root/animal-omni-kv/data/marmaudio/expert_interventions/full_0-8k/809280.wav,Trill,2023_4_5,four_experts_unanimous_affirmative,Yes|Yes|Yes|Yes,full_0-8k,809280
809280,/root/animal-omni-kv/data/marmaudio/controls/lp_0-1000_rms_matched/809280.wav,Trill,2023_4_5,four_experts_unanimous_affirmative,Yes|Yes|Yes|Yes,lp_0-1000_rms_matched,809280
809280,/root/animal-omni-kv/data/marmaudio/controls/lp_0-2000_rms_matched/809280.wav,Trill,2023_4_5,four_experts_unanimous_affirmative,Yes|Yes|Yes|Yes,lp_0-2000_rms_matched,809280
809280,/root/animal-omni-kv/data/marmaudio/controls/lp_0-4000_rms_matched/809280.wav,Trill,2023_4_5,four_experts_unanimous_affirmative,Yes|Yes|Yes|Yes,lp_0-4000_rms_matched,809280
809280,/root/animal-omni-kv/data/marmaudio/expert_interventions/full_0-8k/807122.wav,Trill,2023_4_5,four_experts_unanimous_affirmative,Yes|Yes|Yes|Yes,shuffled_audio,807122
809280,/root/animal-omni-kv/data/marmaudio/controls/silence/809280.wav,Trill,2023_4_5,four_experts_unanimous_affirmative,Yes|Yes|Yes|Yes,silence,809280
811393,/root/animal-omni-kv/data/marmaudio/expert_interventions/full_0-8k/811393.wav,Twitter,2023_4_5,four_experts_unanimous_affirmative,Yes|Yes|Yes|Yes,full_0-8k,811393
811393,/root/animal-omni-kv/data/marmaudio/controls/lp_0-1000_rms_matched/811393.wav,Twitter,2023_4_5,four_experts_unanimous_affirmative,Yes|Yes|Yes|Yes,lp_0-1000_rms_matched,811393
811393,/root/animal-omni-kv/data/marmaudio/controls/lp_0-2000_rms_matched/811393.wav,Twitter,2023_4_5,four_experts_unanimous_affirmative,Yes|Yes|Yes|Yes,lp_0-2000_rms_matched,811393
811393,/root/animal-omni-kv/data/marmaudio/controls/lp_0-4000_rms_matched/811393.wav,Twitter,2023_4_5,four_experts_unanimous_affirmative,Yes|Yes|Yes|Yes,lp_0-4000_rms_matched,811393
811393,/root/animal-omni-kv/data/marmaudio/expert_interventions/full_0-8k/693164.wav,Twitter,2023_4_5,four_experts_unanimous_affirmative,Yes|Yes|Yes|Yes,shuffled_audio,693164
811393,/root/animal-omni-kv/data/marmaudio/controls/silence/811393.wav,Twitter,2023_4_5,four_experts_unanimous_affirmative,Yes|Yes|Yes|Yes,silence,811393
81191,/root/animal-omni-kv/data/marmaudio/expert_interventions/full_0-8k/81191.wav,Seep,2022_2_2,four_experts_unanimous_affirmative,Yes|Yes|Yes|Yes,full_0-8k,81191
81191,/root/animal-omni-kv/data/marmaudio/controls/lp_0-1000_rms_matched/81191.wav,Seep,2022_2_2,four_experts_unanimous_affirmative,Yes|Yes|Yes|Yes,lp_0-1000_rms_matched,81191
81191,/root/animal-omni-kv/data/marmaudio/controls/lp_0-2000_rms_matched/81191.wav,Seep,2022_2_2,four_experts_unanimous_affirmative,Yes|Yes|Yes|Yes,lp_0-2000_rms_matched,81191
81191,/root/animal-omni-kv/data/marmaudio/controls/lp_0-4000_rms_matched/81191.wav,Seep,2022_2_2,four_experts_unanimous_affirmative,Yes|Yes|Yes|Yes,lp_0-4000_rms_matched,81191
81191,/root/animal-omni-kv/data/marmaudio/expert_interventions/full_0-8k/852107.wav,Seep,2022_2_2,four_experts_unanimous_affirmative,Yes|Yes|Yes|Yes,shuffled_audio,852107
81191,/root/animal-omni-kv/data/marmaudio/controls/silence/81191.wav,Seep,2022_2_2,four_experts_unanimous_affirmative,Yes|Yes|Yes|Yes,silence,81191
816990,/root/animal-omni-kv/data/marmaudio/expert_interventions/full_0-8k/816990.wav,Tsik,2023_4_6,four_experts_unanimous_affirmative,Yes|Yes|Yes|Yes,full_0-8k,816990
816990,/root/animal-omni-kv/data/marmaudio/controls/lp_0-1000_rms_matched/816990.wav,Tsik,2023_4_6,four_experts_unanimous_affirmative,Yes|Yes|Yes|Yes,lp_0-1000_rms_matched,816990
816990,/root/animal-omni-kv/data/marmaudio/controls/lp_0-2000_rms_matched/816990.wav,Tsik,2023_4_6,four_experts_unanimous_affirmative,Yes|Yes|Yes|Yes,lp_0-2000_rms_matched,816990
816990,/root/animal-omni-kv/data/marmaudio/controls/lp_0-4000_rms_matched/816990.wav,Tsik,2023_4_6,four_experts_unanimous_affirmative,Yes|Yes|Yes|Yes,lp_0-4000_rms_matched,816990
816990,/root/animal-omni-kv/data/marmaudio/expert_interventions/full_0-8k/861853.wav,Tsik,2023_4_6,four_experts_unanimous_affirmative,Yes|Yes|Yes|Yes,shuffled_audio,861853
816990,/root/animal-omni-kv/data/marmaudio/controls/silence/816990.wav,Tsik,2023_4_6,four_experts_unanimous_affirmative,Yes|Yes|Yes|Yes,silence,816990
817109,/root/animal-omni-kv/data/marmaudio/expert_interventions/full_0-8k/817109.wav,Infant Cry,2023_4_6,four_experts_unanimous_affirmative,Yes|Yes|Yes|Yes,full_0-8k,817109
817109,/root/animal-omni-kv/data/marmaudio/controls/lp_0-1000_rms_matched/817109.wav,Infant Cry,2023_4_6,four_experts_unanimous_affirmative,Yes|Yes|Yes|Yes,lp_0-1000_rms_matched,817109
817109,/root/animal-omni-kv/data/marmaudio/controls/lp_0-2000_rms_matched/817109.wav,Infant Cry,2023_4_6,four_experts_unanimous_affirmative,Yes|Yes|Yes|Yes,lp_0-2000_rms_matched,817109
817109,/root/animal-omni-kv/data/marmaudio/controls/lp_0-4000_rms_matched/817109.wav,Infant Cry,2023_4_6,four_experts_unanimous_affirmative,Yes|Yes|Yes|Yes,lp_0-4000_rms_matched,817109
817109,/root/animal-omni-kv/data/marmaudio/expert_interventions/full_0-8k/860537.wav,Infant Cry,2023_4_6,four_experts_unanimous_affirmative,Yes|Yes|Yes|Yes,shuffled_audio,860537
817109,/root/animal-omni-kv/data/marmaudio/controls/silence/817109.wav,Infant Cry,2023_4_6,four_experts_unanimous_affirmative,Yes|Yes|Yes|Yes,silence,817109
820757,/root/animal-omni-kv/data/marmaudio/expert_interventions/full_0-8k/820757.wav,Twitter,2023_4_6,four_experts_unanimous_affirmative,Yes|Yes|Yes|Yes,full_0-8k,820757
820757,/root/animal-omni-kv/data/marmaudio/controls/lp_0-1000_rms_matched/820757.wav,Twitter,2023_4_6,four_experts_unanimous_affirmative,Yes|Yes|Yes|Yes,lp_0-1000_rms_matched,820757
820757,/root/animal-omni-kv/data/marmaudio/controls/lp_0-2000_rms_matched/820757.wav,Twitter,2023_4_6,four_experts_unanimous_affirmative,Yes|Yes|Yes|Yes,lp_0-2000_rms_matched,820757
820757,/root/animal-omni-kv/data/marmaudio/controls/lp_0-4000_rms_matched/820757.wav,Twitter,2023_4_6,four_experts_unanimous_affirmative,Yes|Yes|Yes|Yes,lp_0-4000_rms_matched,820757
820757,/root/animal-omni-kv/data/marmaudio/expert_interventions/full_0-8k/731937.wav,Twitter,2023_4_6,four_experts_unanimous_affirmative,Yes|Yes|Yes|Yes,shuffled_audio,731937
820757,/root/animal-omni-kv/data/marmaudio/controls/silence/820757.wav,Twitter,2023_4_6,four_experts_unanimous_affirmative,Yes|Yes|Yes|Yes,silence,820757
822050,/root/animal-omni-kv/data/marmaudio/expert_interventions/full_0-8k/822050.wav,Phee,2023_4_6,four_experts_unanimous_affirmative,Yes|Yes|Yes|Yes,full_0-8k,822050
822050,/root/animal-omni-kv/data/marmaudio/controls/lp_0-1000_rms_matched/822050.wav,Phee,2023_4_6,four_experts_unanimous_affirmative,Yes|Yes|Yes|Yes,lp_0-1000_rms_matched,822050
822050,/root/animal-omni-kv/data/marmaudio/controls/lp_0-2000_rms_matched/822050.wav,Phee,2023_4_6,four_experts_unanimous_affirmative,Yes|Yes|Yes|Yes,lp_0-2000_rms_matched,822050
822050,/root/animal-omni-kv/data/marmaudio/controls/lp_0-4000_rms_matched/822050.wav,Phee,2023_4_6,four_experts_unanimous_affirmative,Yes|Yes|Yes|Yes,lp_0-4000_rms_matched,822050
822050,/root/animal-omni-kv/data/marmaudio/expert_interventions/full_0-8k/739815.wav,Phee,2023_4_6,four_experts_unanimous_affirmative,Yes|Yes|Yes|Yes,shuffled_audio,739815
822050,/root/animal-omni-kv/data/marmaudio/controls/silence/822050.wav,Phee,2023_4_6,four_experts_unanimous_affirmative,Yes|Yes|Yes|Yes,silence,822050
824405,/root/animal-omni-kv/data/marmaudio/expert_interventions/full_0-8k/824405.wav,Phee,2023_4_7,four_experts_unanimous_affirmative,Yes|Yes|Yes|Yes,full_0-8k,824405
824405,/root/animal-omni-kv/data/marmaudio/controls/lp_0-1000_rms_matched/824405.wav,Phee,2023_4_7,four_experts_unanimous_affirmative,Yes|Yes|Yes|Yes,lp_0-1000_rms_matched,824405
824405,/root/animal-omni-kv/data/marmaudio/controls/lp_0-2000_rms_matched/824405.wav,Phee,2023_4_7,four_experts_unanimous_affirmative,Yes|Yes|Yes|Yes,lp_0-2000_rms_matched,824405
824405,/root/animal-omni-kv/data/marmaudio/controls/lp_0-4000_rms_matched/824405.wav,Phee,2023_4_7,four_experts_unanimous_affirmative,Yes|Yes|Yes|Yes,lp_0-4000_rms_matched,824405
824405,/root/animal-omni-kv/data/marmaudio/expert_interventions/full_0-8k/741056.wav,Phee,2023_4_7,four_experts_unanimous_affirmative,Yes|Yes|Yes|Yes,shuffled_audio,741056
824405,/root/animal-omni-kv/data/marmaudio/controls/silence/824405.wav,Phee,2023_4_7,four_experts_unanimous_affirmative,Yes|Yes|Yes|Yes,silence,824405
827373,/root/animal-omni-kv/data/marmaudio/expert_interventions/full_0-8k/827373.wav,Trill,2023_4_7,four_experts_unanimous_affirmative,Yes|Yes|Yes|Yes,full_0-8k,827373
827373,/root/animal-omni-kv/data/marmaudio/controls/lp_0-1000_rms_matched/827373.wav,Trill,2023_4_7,four_experts_unanimous_affirmative,Yes|Yes|Yes|Yes,lp_0-1000_rms_matched,827373
827373,/root/animal-omni-kv/data/marmaudio/controls/lp_0-2000_rms_matched/827373.wav,Trill,2023_4_7,four_experts_unanimous_affirmative,Yes|Yes|Yes|Yes,lp_0-2000_rms_matched,827373
827373,/root/animal-omni-kv/data/marmaudio/controls/lp_0-4000_rms_matched/827373.wav,Trill,2023_4_7,four_experts_unanimous_affirmative,Yes|Yes|Yes|Yes,lp_0-4000_rms_matched,827373
827373,/root/animal-omni-kv/data/marmaudio/expert_interventions/full_0-8k/816990.wav,Trill,2023_4_7,four_experts_unanimous_affirmative,Yes|Yes|Yes|Yes,shuffled_audio,816990
827373,/root/animal-omni-kv/data/marmaudio/controls/silence/827373.wav,Trill,2023_4_7,four_experts_unanimous_affirmative,Yes|Yes|Yes|Yes,silence,827373
836799,/root/animal-omni-kv/data/marmaudio/expert_interventions/full_0-8k/836799.wav,Twitter,2023_4_8,four_experts_unanimous_affirmative,Yes|Yes|Yes|Yes,full_0-8k,836799
836799,/root/animal-omni-kv/data/marmaudio/controls/lp_0-1000_rms_matched/836799.wav,Twitter,2023_4_8,four_experts_unanimous_affirmative,Yes|Yes|Yes|Yes,lp_0-1000_rms_matched,836799
836799,/root/animal-omni-kv/data/marmaudio/controls/lp_0-2000_rms_matched/836799.wav,Twitter,2023_4_8,four_experts_unanimous_affirmative,Yes|Yes|Yes|Yes,lp_0-2000_rms_matched,836799
836799,/root/animal-omni-kv/data/marmaudio/controls/lp_0-4000_rms_matched/836799.wav,Twitter,2023_4_8,four_experts_unanimous_affirmative,Yes|Yes|Yes|Yes,lp_0-4000_rms_matched,836799
836799,/root/animal-omni-kv/data/marmaudio/expert_interventions/full_0-8k/742006.wav,Twitter,2023_4_8,four_experts_unanimous_affirmative,Yes|Yes|Yes|Yes,shuffled_audio,742006
836799,/root/animal-omni-kv/data/marmaudio/controls/silence/836799.wav,Twitter,2023_4_8,four_experts_unanimous_affirmative,Yes|Yes|Yes|Yes,silence,836799
844274,/root/animal-omni-kv/data/marmaudio/expert_interventions/full_0-8k/844274.wav,Twitter,2023_4_9,four_experts_unanimous_affirmative,Yes|Yes|Yes|Yes,full_0-8k,844274
844274,/root/animal-omni-kv/data/marmaudio/controls/lp_0-1000_rms_matched/844274.wav,Twitter,2023_4_9,four_experts_unanimous_affirmative,Yes|Yes|Yes|Yes,lp_0-1000_rms_matched,844274
844274,/root/animal-omni-kv/data/marmaudio/controls/lp_0-2000_rms_matched/844274.wav,Twitter,2023_4_9,four_experts_unanimous_affirmative,Yes|Yes|Yes|Yes,lp_0-2000_rms_matched,844274
844274,/root/animal-omni-kv/data/marmaudio/controls/lp_0-4000_rms_matched/844274.wav,Twitter,2023_4_9,four_experts_unanimous_affirmative,Yes|Yes|Yes|Yes,lp_0-4000_rms_matched,844274
844274,/root/animal-omni-kv/data/marmaudio/expert_interventions/full_0-8k/763863.wav,Twitter,2023_4_9,four_experts_unanimous_affirmative,Yes|Yes|Yes|Yes,shuffled_audio,763863
844274,/root/animal-omni-kv/data/marmaudio/controls/silence/844274.wav,Twitter,2023_4_9,four_experts_unanimous_affirmative,Yes|Yes|Yes|Yes,silence,844274
847877,/root/animal-omni-kv/data/marmaudio/expert_interventions/full_0-8k/847877.wav,Tsik,2023_4_9,four_experts_unanimous_affirmative,Yes|Yes|Yes|Yes,full_0-8k,847877
847877,/root/animal-omni-kv/data/marmaudio/controls/lp_0-1000_rms_matched/847877.wav,Tsik,2023_4_9,four_experts_unanimous_affirmative,Yes|Yes|Yes|Yes,lp_0-1000_rms_matched,847877
847877,/root/animal-omni-kv/data/marmaudio/controls/lp_0-2000_rms_matched/847877.wav,Tsik,2023_4_9,four_experts_unanimous_affirmative,Yes|Yes|Yes|Yes,lp_0-2000_rms_matched,847877
847877,/root/animal-omni-kv/data/marmaudio/controls/lp_0-4000_rms_matched/847877.wav,Tsik,2023_4_9,four_experts_unanimous_affirmative,Yes|Yes|Yes|Yes,lp_0-4000_rms_matched,847877
847877,/root/animal-omni-kv/data/marmaudio/expert_interventions/full_0-8k/866525.wav,Tsik,2023_4_9,four_experts_unanimous_affirmative,Yes|Yes|Yes|Yes,shuffled_audio,866525
847877,/root/animal-omni-kv/data/marmaudio/controls/silence/847877.wav,Tsik,2023_4_9,four_experts_unanimous_affirmative,Yes|Yes|Yes|Yes,silence,847877
851005,/root/animal-omni-kv/data/marmaudio/expert_interventions/full_0-8k/851005.wav,Phee,2023_4_9,four_experts_unanimous_affirmative,Yes|Yes|Yes|Yes,full_0-8k,851005
851005,/root/animal-omni-kv/data/marmaudio/controls/lp_0-1000_rms_matched/851005.wav,Phee,2023_4_9,four_experts_unanimous_affirmative,Yes|Yes|Yes|Yes,lp_0-1000_rms_matched,851005
851005,/root/animal-omni-kv/data/marmaudio/controls/lp_0-2000_rms_matched/851005.wav,Phee,2023_4_9,four_experts_unanimous_affirmative,Yes|Yes|Yes|Yes,lp_0-2000_rms_matched,851005
851005,/root/animal-omni-kv/data/marmaudio/controls/lp_0-4000_rms_matched/851005.wav,Phee,2023_4_9,four_experts_unanimous_affirmative,Yes|Yes|Yes|Yes,lp_0-4000_rms_matched,851005
851005,/root/animal-omni-kv/data/marmaudio/expert_interventions/full_0-8k/769489.wav,Phee,2023_4_9,four_experts_unanimous_affirmative,Yes|Yes|Yes|Yes,shuffled_audio,769489
851005,/root/animal-omni-kv/data/marmaudio/controls/silence/851005.wav,Phee,2023_4_9,four_experts_unanimous_affirmative,Yes|Yes|Yes|Yes,silence,851005
852107,/root/animal-omni-kv/data/marmaudio/expert_interventions/full_0-8k/852107.wav,Trill,2023_4_9,four_experts_unanimous_affirmative,Yes|Yes|Yes|Yes,full_0-8k,852107
852107,/root/animal-omni-kv/data/marmaudio/controls/lp_0-1000_rms_matched/852107.wav,Trill,2023_4_9,four_experts_unanimous_affirmative,Yes|Yes|Yes|Yes,lp_0-1000_rms_matched,852107
852107,/root/animal-omni-kv/data/marmaudio/controls/lp_0-2000_rms_matched/852107.wav,Trill,2023_4_9,four_experts_unanimous_affirmative,Yes|Yes|Yes|Yes,lp_0-2000_rms_matched,852107
852107,/root/animal-omni-kv/data/marmaudio/controls/lp_0-4000_rms_matched/852107.wav,Trill,2023_4_9,four_experts_unanimous_affirmative,Yes|Yes|Yes|Yes,lp_0-4000_rms_matched,852107
852107,/root/animal-omni-kv/data/marmaudio/expert_interventions/full_0-8k/847877.wav,Trill,2023_4_9,four_experts_unanimous_affirmative,Yes|Yes|Yes|Yes,shuffled_audio,847877
852107,/root/animal-omni-kv/data/marmaudio/controls/silence/852107.wav,Trill,2023_4_9,four_experts_unanimous_affirmative,Yes|Yes|Yes|Yes,silence,852107
852264,/root/animal-omni-kv/data/marmaudio/expert_interventions/full_0-8k/852264.wav,Phee,2023_4_9,four_experts_unanimous_affirmative,Yes|Yes|Yes|Yes,full_0-8k,852264
852264,/root/animal-omni-kv/data/marmaudio/controls/lp_0-1000_rms_matched/852264.wav,Phee,2023_4_9,four_experts_unanimous_affirmative,Yes|Yes|Yes|Yes,lp_0-1000_rms_matched,852264
852264,/root/animal-omni-kv/data/marmaudio/controls/lp_0-2000_rms_matched/852264.wav,Phee,2023_4_9,four_experts_unanimous_affirmative,Yes|Yes|Yes|Yes,lp_0-2000_rms_matched,852264
852264,/root/animal-omni-kv/data/marmaudio/controls/lp_0-4000_rms_matched/852264.wav,Phee,2023_4_9,four_experts_unanimous_affirmative,Yes|Yes|Yes|Yes,lp_0-4000_rms_matched,852264
852264,/root/animal-omni-kv/data/marmaudio/expert_interventions/full_0-8k/773125.wav,Phee,2023_4_9,four_experts_unanimous_affirmative,Yes|Yes|Yes|Yes,shuffled_audio,773125
852264,/root/animal-omni-kv/data/marmaudio/controls/silence/852264.wav,Phee,2023_4_9,four_experts_unanimous_affirmative,Yes|Yes|Yes|Yes,silence,852264
853911,/root/animal-omni-kv/data/marmaudio/expert_interventions/full_0-8k/853911.wav,Tsik,2023_4_10,four_experts_unanimous_affirmative,Yes|Yes|Yes|Yes,full_0-8k,853911
853911,/root/animal-omni-kv/data/marmaudio/controls/lp_0-1000_rms_matched/853911.wav,Tsik,2023_4_10,four_experts_unanimous_affirmative,Yes|Yes|Yes|Yes,lp_0-1000_rms_matched,853911
853911,/root/animal-omni-kv/data/marmaudio/controls/lp_0-2000_rms_matched/853911.wav,Tsik,2023_4_10,four_experts_unanimous_affirmative,Yes|Yes|Yes|Yes,lp_0-2000_rms_matched,853911
853911,/root/animal-omni-kv/data/marmaudio/controls/lp_0-4000_rms_matched/853911.wav,Tsik,2023_4_10,four_experts_unanimous_affirmative,Yes|Yes|Yes|Yes,lp_0-4000_rms_matched,853911
853911,/root/animal-omni-kv/data/marmaudio/expert_interventions/full_0-8k/866533.wav,Tsik,2023_4_10,four_experts_unanimous_affirmative,Yes|Yes|Yes|Yes,shuffled_audio,866533
853911,/root/animal-omni-kv/data/marmaudio/controls/silence/853911.wav,Tsik,2023_4_10,four_experts_unanimous_affirmative,Yes|Yes|Yes|Yes,silence,853911
857186,/root/animal-omni-kv/data/marmaudio/expert_interventions/full_0-8k/857186.wav,Seep,2023_4_10,four_experts_unanimous_affirmative,Yes|Yes|Yes|Yes,full_0-8k,857186
857186,/root/animal-omni-kv/data/marmaudio/controls/lp_0-1000_rms_matched/857186.wav,Seep,2023_4_10,four_experts_unanimous_affirmative,Yes|Yes|Yes|Yes,lp_0-1000_rms_matched,857186
857186,/root/animal-omni-kv/data/marmaudio/controls/lp_0-2000_rms_matched/857186.wav,Seep,2023_4_10,four_experts_unanimous_affirmative,Yes|Yes|Yes|Yes,lp_0-2000_rms_matched,857186
857186,/root/animal-omni-kv/data/marmaudio/controls/lp_0-4000_rms_matched/857186.wav,Seep,2023_4_10,four_experts_unanimous_affirmative,Yes|Yes|Yes|Yes,lp_0-4000_rms_matched,857186
857186,/root/animal-omni-kv/data/marmaudio/expert_interventions/full_0-8k/867502.wav,Seep,2023_4_10,four_experts_unanimous_affirmative,Yes|Yes|Yes|Yes,shuffled_audio,867502
857186,/root/animal-omni-kv/data/marmaudio/controls/silence/857186.wav,Seep,2023_4_10,four_experts_unanimous_affirmative,Yes|Yes|Yes|Yes,silence,857186
857896,/root/animal-omni-kv/data/marmaudio/expert_interventions/full_0-8k/857896.wav,Phee,2023_4_10,four_experts_unanimous_affirmative,Yes|Yes|Yes|Yes,full_0-8k,857896
857896,/root/animal-omni-kv/data/marmaudio/controls/lp_0-1000_rms_matched/857896.wav,Phee,2023_4_10,four_experts_unanimous_affirmative,Yes|Yes|Yes|Yes,lp_0-1000_rms_matched,857896
857896,/root/animal-omni-kv/data/marmaudio/controls/lp_0-2000_rms_matched/857896.wav,Phee,2023_4_10,four_experts_unanimous_affirmative,Yes|Yes|Yes|Yes,lp_0-2000_rms_matched,857896
857896,/root/animal-omni-kv/data/marmaudio/controls/lp_0-4000_rms_matched/857896.wav,Phee,2023_4_10,four_experts_unanimous_affirmative,Yes|Yes|Yes|Yes,lp_0-4000_rms_matched,857896
857896,/root/animal-omni-kv/data/marmaudio/expert_interventions/full_0-8k/81191.wav,Phee,2023_4_10,four_experts_unanimous_affirmative,Yes|Yes|Yes|Yes,shuffled_audio,81191
857896,/root/animal-omni-kv/data/marmaudio/controls/silence/857896.wav,Phee,2023_4_10,four_experts_unanimous_affirmative,Yes|Yes|Yes|Yes,silence,857896
860537,/root/animal-omni-kv/data/marmaudio/expert_interventions/full_0-8k/860537.wav,Phee,2020_10_3,four_experts_unanimous_affirmative,Yes|Yes|Yes|Yes,full_0-8k,860537
860537,/root/animal-omni-kv/data/marmaudio/controls/lp_0-1000_rms_matched/860537.wav,Phee,2020_10_3,four_experts_unanimous_affirmative,Yes|Yes|Yes|Yes,lp_0-1000_rms_matched,860537
860537,/root/animal-omni-kv/data/marmaudio/controls/lp_0-2000_rms_matched/860537.wav,Phee,2020_10_3,four_experts_unanimous_affirmative,Yes|Yes|Yes|Yes,lp_0-2000_rms_matched,860537
860537,/root/animal-omni-kv/data/marmaudio/controls/lp_0-4000_rms_matched/860537.wav,Phee,2020_10_3,four_experts_unanimous_affirmative,Yes|Yes|Yes|Yes,lp_0-4000_rms_matched,860537
860537,/root/animal-omni-kv/data/marmaudio/expert_interventions/full_0-8k/857186.wav,Phee,2020_10_3,four_experts_unanimous_affirmative,Yes|Yes|Yes|Yes,shuffled_audio,857186
860537,/root/animal-omni-kv/data/marmaudio/controls/silence/860537.wav,Phee,2020_10_3,four_experts_unanimous_affirmative,Yes|Yes|Yes|Yes,silence,860537
861853,/root/animal-omni-kv/data/marmaudio/expert_interventions/full_0-8k/861853.wav,Twitter,2020_10_4,four_experts_unanimous_affirmative,Yes|Yes|Yes|Yes,full_0-8k,861853
861853,/root/animal-omni-kv/data/marmaudio/controls/lp_0-1000_rms_matched/861853.wav,Twitter,2020_10_4,four_experts_unanimous_affirmative,Yes|Yes|Yes|Yes,lp_0-1000_rms_matched,861853
861853,/root/animal-omni-kv/data/marmaudio/controls/lp_0-2000_rms_matched/861853.wav,Twitter,2020_10_4,four_experts_unanimous_affirmative,Yes|Yes|Yes|Yes,lp_0-2000_rms_matched,861853
861853,/root/animal-omni-kv/data/marmaudio/controls/lp_0-4000_rms_matched/861853.wav,Twitter,2020_10_4,four_experts_unanimous_affirmative,Yes|Yes|Yes|Yes,lp_0-4000_rms_matched,861853
861853,/root/animal-omni-kv/data/marmaudio/expert_interventions/full_0-8k/765458.wav,Twitter,2020_10_4,four_experts_unanimous_affirmative,Yes|Yes|Yes|Yes,shuffled_audio,765458
861853,/root/animal-omni-kv/data/marmaudio/controls/silence/861853.wav,Twitter,2020_10_4,four_experts_unanimous_affirmative,Yes|Yes|Yes|Yes,silence,861853
862343,/root/animal-omni-kv/data/marmaudio/expert_interventions/full_0-8k/862343.wav,Phee,2020_10_4,four_experts_unanimous_affirmative,Yes|Yes|Yes|Yes,full_0-8k,862343
862343,/root/animal-omni-kv/data/marmaudio/controls/lp_0-1000_rms_matched/862343.wav,Phee,2020_10_4,four_experts_unanimous_affirmative,Yes|Yes|Yes|Yes,lp_0-1000_rms_matched,862343
862343,/root/animal-omni-kv/data/marmaudio/controls/lp_0-2000_rms_matched/862343.wav,Phee,2020_10_4,four_experts_unanimous_affirmative,Yes|Yes|Yes|Yes,lp_0-2000_rms_matched,862343
862343,/root/animal-omni-kv/data/marmaudio/controls/lp_0-4000_rms_matched/862343.wav,Phee,2020_10_4,four_experts_unanimous_affirmative,Yes|Yes|Yes|Yes,lp_0-4000_rms_matched,862343
862343,/root/animal-omni-kv/data/marmaudio/expert_interventions/full_0-8k/866655.wav,Phee,2020_10_4,four_experts_unanimous_affirmative,Yes|Yes|Yes|Yes,shuffled_audio,866655
862343,/root/animal-omni-kv/data/marmaudio/controls/silence/862343.wav,Phee,2020_10_4,four_experts_unanimous_affirmative,Yes|Yes|Yes|Yes,silence,862343
866525,/root/animal-omni-kv/data/marmaudio/expert_interventions/full_0-8k/866525.wav,Twitter,2020_11_2,four_experts_unanimous_affirmative,Yes|Yes|Yes|Yes,full_0-8k,866525
866525,/root/animal-omni-kv/data/marmaudio/controls/lp_0-1000_rms_matched/866525.wav,Twitter,2020_11_2,four_experts_unanimous_affirmative,Yes|Yes|Yes|Yes,lp_0-1000_rms_matched,866525
866525,/root/animal-omni-kv/data/marmaudio/controls/lp_0-2000_rms_matched/866525.wav,Twitter,2020_11_2,four_experts_unanimous_affirmative,Yes|Yes|Yes|Yes,lp_0-2000_rms_matched,866525
866525,/root/animal-omni-kv/data/marmaudio/controls/lp_0-4000_rms_matched/866525.wav,Twitter,2020_11_2,four_experts_unanimous_affirmative,Yes|Yes|Yes|Yes,lp_0-4000_rms_matched,866525
866525,/root/animal-omni-kv/data/marmaudio/expert_interventions/full_0-8k/799579.wav,Twitter,2020_11_2,four_experts_unanimous_affirmative,Yes|Yes|Yes|Yes,shuffled_audio,799579
866525,/root/animal-omni-kv/data/marmaudio/controls/silence/866525.wav,Twitter,2020_11_2,four_experts_unanimous_affirmative,Yes|Yes|Yes|Yes,silence,866525
866533,/root/animal-omni-kv/data/marmaudio/expert_interventions/full_0-8k/866533.wav,Twitter,2020_11_2,four_experts_unanimous_affirmative,Yes|Yes|Yes|Yes,full_0-8k,866533
866533,/root/animal-omni-kv/data/marmaudio/controls/lp_0-1000_rms_matched/866533.wav,Twitter,2020_11_2,four_experts_unanimous_affirmative,Yes|Yes|Yes|Yes,lp_0-1000_rms_matched,866533
866533,/root/animal-omni-kv/data/marmaudio/controls/lp_0-2000_rms_matched/866533.wav,Twitter,2020_11_2,four_experts_unanimous_affirmative,Yes|Yes|Yes|Yes,lp_0-2000_rms_matched,866533
866533,/root/animal-omni-kv/data/marmaudio/controls/lp_0-4000_rms_matched/866533.wav,Twitter,2020_11_2,four_experts_unanimous_affirmative,Yes|Yes|Yes|Yes,lp_0-4000_rms_matched,866533
866533,/root/animal-omni-kv/data/marmaudio/expert_interventions/full_0-8k/817109.wav,Twitter,2020_11_2,four_experts_unanimous_affirmative,Yes|Yes|Yes|Yes,shuffled_audio,817109
866533,/root/animal-omni-kv/data/marmaudio/controls/silence/866533.wav,Twitter,2020_11_2,four_experts_unanimous_affirmative,Yes|Yes|Yes|Yes,silence,866533
866655,/root/animal-omni-kv/data/marmaudio/expert_interventions/full_0-8k/866655.wav,Seep,2020_11_2,four_experts_unanimous_affirmative,Yes|Yes|Yes|Yes,full_0-8k,866655
866655,/root/animal-omni-kv/data/marmaudio/controls/lp_0-1000_rms_matched/866655.wav,Seep,2020_11_2,four_experts_unanimous_affirmative,Yes|Yes|Yes|Yes,lp_0-1000_rms_matched,866655
866655,/root/animal-omni-kv/data/marmaudio/controls/lp_0-2000_rms_matched/866655.wav,Seep,2020_11_2,four_experts_unanimous_affirmative,Yes|Yes|Yes|Yes,lp_0-2000_rms_matched,866655
866655,/root/animal-omni-kv/data/marmaudio/controls/lp_0-4000_rms_matched/866655.wav,Seep,2020_11_2,four_experts_unanimous_affirmative,Yes|Yes|Yes|Yes,lp_0-4000_rms_matched,866655
866655,/root/animal-omni-kv/data/marmaudio/expert_interventions/full_0-8k/867780.wav,Seep,2020_11_2,four_experts_unanimous_affirmative,Yes|Yes|Yes|Yes,shuffled_audio,867780
866655,/root/animal-omni-kv/data/marmaudio/controls/silence/866655.wav,Seep,2020_11_2,four_experts_unanimous_affirmative,Yes|Yes|Yes|Yes,silence,866655
866838,/root/animal-omni-kv/data/marmaudio/expert_interventions/full_0-8k/866838.wav,Twitter,2020_11_2,four_experts_unanimous_affirmative,Yes|Yes|Yes|Yes,full_0-8k,866838
866838,/root/animal-omni-kv/data/marmaudio/controls/lp_0-1000_rms_matched/866838.wav,Twitter,2020_11_2,four_experts_unanimous_affirmative,Yes|Yes|Yes|Yes,lp_0-1000_rms_matched,866838
866838,/root/animal-omni-kv/data/marmaudio/controls/lp_0-2000_rms_matched/866838.wav,Twitter,2020_11_2,four_experts_unanimous_affirmative,Yes|Yes|Yes|Yes,lp_0-2000_rms_matched,866838
866838,/root/animal-omni-kv/data/marmaudio/controls/lp_0-4000_rms_matched/866838.wav,Twitter,2020_11_2,four_experts_unanimous_affirmative,Yes|Yes|Yes|Yes,lp_0-4000_rms_matched,866838
866838,/root/animal-omni-kv/data/marmaudio/expert_interventions/full_0-8k/9024.wav,Twitter,2020_11_2,four_experts_unanimous_affirmative,Yes|Yes|Yes|Yes,shuffled_audio,9024
866838,/root/animal-omni-kv/data/marmaudio/controls/silence/866838.wav,Twitter,2020_11_2,four_experts_unanimous_affirmative,Yes|Yes|Yes|Yes,silence,866838
867489,/root/animal-omni-kv/data/marmaudio/expert_interventions/full_0-8k/867489.wav,Tsik,2020_11_2,four_experts_unanimous_affirmative,Yes|Yes|Yes|Yes,full_0-8k,867489
867489,/root/animal-omni-kv/data/marmaudio/controls/lp_0-1000_rms_matched/867489.wav,Tsik,2020_11_2,four_experts_unanimous_affirmative,Yes|Yes|Yes|Yes,lp_0-1000_rms_matched,867489
867489,/root/animal-omni-kv/data/marmaudio/controls/lp_0-2000_rms_matched/867489.wav,Tsik,2020_11_2,four_experts_unanimous_affirmative,Yes|Yes|Yes|Yes,lp_0-2000_rms_matched,867489
867489,/root/animal-omni-kv/data/marmaudio/controls/lp_0-4000_rms_matched/867489.wav,Tsik,2020_11_2,four_experts_unanimous_affirmative,Yes|Yes|Yes|Yes,lp_0-4000_rms_matched,867489
867489,/root/animal-omni-kv/data/marmaudio/expert_interventions/full_0-8k/866838.wav,Tsik,2020_11_2,four_experts_unanimous_affirmative,Yes|Yes|Yes|Yes,shuffled_audio,866838
867489,/root/animal-omni-kv/data/marmaudio/controls/silence/867489.wav,Tsik,2020_11_2,four_experts_unanimous_affirmative,Yes|Yes|Yes|Yes,silence,867489
867502,/root/animal-omni-kv/data/marmaudio/expert_interventions/full_0-8k/867502.wav,Trill,2020_11_2,four_experts_unanimous_affirmative,Yes|Yes|Yes|Yes,full_0-8k,867502
867502,/root/animal-omni-kv/data/marmaudio/controls/lp_0-1000_rms_matched/867502.wav,Trill,2020_11_2,four_experts_unanimous_affirmative,Yes|Yes|Yes|Yes,lp_0-1000_rms_matched,867502
867502,/root/animal-omni-kv/data/marmaudio/controls/lp_0-2000_rms_matched/867502.wav,Trill,2020_11_2,four_experts_unanimous_affirmative,Yes|Yes|Yes|Yes,lp_0-2000_rms_matched,867502
867502,/root/animal-omni-kv/data/marmaudio/controls/lp_0-4000_rms_matched/867502.wav,Trill,2020_11_2,four_experts_unanimous_affirmative,Yes|Yes|Yes|Yes,lp_0-4000_rms_matched,867502
867502,/root/animal-omni-kv/data/marmaudio/expert_interventions/full_0-8k/853911.wav,Trill,2020_11_2,four_experts_unanimous_affirmative,Yes|Yes|Yes|Yes,shuffled_audio,853911
867502,/root/animal-omni-kv/data/marmaudio/controls/silence/867502.wav,Trill,2020_11_2,four_experts_unanimous_affirmative,Yes|Yes|Yes|Yes,silence,867502
867780,/root/animal-omni-kv/data/marmaudio/expert_interventions/full_0-8k/867780.wav,Trill,2020_11_3,four_experts_unanimous_affirmative,Yes|Yes|Yes|Yes,full_0-8k,867780
867780,/root/animal-omni-kv/data/marmaudio/controls/lp_0-1000_rms_matched/867780.wav,Trill,2020_11_3,four_experts_unanimous_affirmative,Yes|Yes|Yes|Yes,lp_0-1000_rms_matched,867780
867780,/root/animal-omni-kv/data/marmaudio/controls/lp_0-2000_rms_matched/867780.wav,Trill,2020_11_3,four_experts_unanimous_affirmative,Yes|Yes|Yes|Yes,lp_0-2000_rms_matched,867780
867780,/root/animal-omni-kv/data/marmaudio/controls/lp_0-4000_rms_matched/867780.wav,Trill,2020_11_3,four_experts_unanimous_affirmative,Yes|Yes|Yes|Yes,lp_0-4000_rms_matched,867780
867780,/root/animal-omni-kv/data/marmaudio/expert_interventions/full_0-8k/867489.wav,Trill,2020_11_3,four_experts_unanimous_affirmative,Yes|Yes|Yes|Yes,shuffled_audio,867489
867780,/root/animal-omni-kv/data/marmaudio/controls/silence/867780.wav,Trill,2020_11_3,four_experts_unanimous_affirmative,Yes|Yes|Yes|Yes,silence,867780
9024,/root/animal-omni-kv/data/marmaudio/expert_interventions/full_0-8k/9024.wav,Infant Cry,2022_1_0,four_experts_unanimous_affirmative,Yes|Yes|Yes|Yes,full_0-8k,9024
9024,/root/animal-omni-kv/data/marmaudio/controls/lp_0-1000_rms_matched/9024.wav,Infant Cry,2022_1_0,four_experts_unanimous_affirmative,Yes|Yes|Yes|Yes,lp_0-1000_rms_matched,9024
9024,/root/animal-omni-kv/data/marmaudio/controls/lp_0-2000_rms_matched/9024.wav,Infant Cry,2022_1_0,four_experts_unanimous_affirmative,Yes|Yes|Yes|Yes,lp_0-2000_rms_matched,9024
9024,/root/animal-omni-kv/data/marmaudio/controls/lp_0-4000_rms_matched/9024.wav,Infant Cry,2022_1_0,four_experts_unanimous_affirmative,Yes|Yes|Yes|Yes,lp_0-4000_rms_matched,9024
9024,/root/animal-omni-kv/data/marmaudio/expert_interventions/full_0-8k/862343.wav,Infant Cry,2022_1_0,four_experts_unanimous_affirmative,Yes|Yes|Yes|Yes,shuffled_audio,862343
9024,/root/animal-omni-kv/data/marmaudio/controls/silence/9024.wav,Infant Cry,2022_1_0,four_experts_unanimous_affirmative,Yes|Yes|Yes|Yes,silence,9024
