event_id,target,support_k,method,eta,rank,prediction,raw_prediction,correct
test_10,Clymene_Dolphin,1,fixed_mean,1000.0,0,False_Killer_Whale,False Killer Whale,false
test_10,Clymene_Dolphin,1,conditional,1000.0,0,False_Killer_Whale,False Killer Whale,false
test_10,Clymene_Dolphin,5,fixed_mean,1000.0,4,"Beluga,_White_Whale","Beluga, White Whale",false
test_10,Clymene_Dolphin,5,conditional,1000.0,4,False_Killer_Whale,False Killer Whale,false
test_10,Clymene_Dolphin,10,fixed_mean,1000.0,4,False_Killer_Whale,False Killer Whale,false
test_10,Clymene_Dolphin,10,conditional,1000.0,4,False_Killer_Whale,False Killer Whale,false
test_10,Clymene_Dolphin,20,fixed_mean,1000.0,4,False_Killer_Whale,False Killer Whale,false
test_10,Clymene_Dolphin,20,conditional,1000.0,4,False_Killer_Whale,False Killer Whale,false
test_16,Clymene_Dolphin,1,fixed_mean,1000.0,0,"Beluga,_White_Whale","Beluga, White Whale",false
test_16,Clymene_Dolphin,1,conditional,1000.0,0,"Beluga,_White_Whale","Beluga, White Whale",false
test_16,Clymene_Dolphin,5,fixed_mean,1000.0,4,"Beluga,_White_Whale","Beluga, White Whale",false
test_16,Clymene_Dolphin,5,conditional,1000.0,4,"Beluga,_White_Whale","Beluga, White Whale",false
test_16,Clymene_Dolphin,10,fixed_mean,1000.0,4,"Beluga,_White_Whale","Beluga, White Whale",false
test_16,Clymene_Dolphin,10,conditional,1000.0,4,"Beluga,_White_Whale","Beluga, White Whale",false
test_16,Clymene_Dolphin,20,fixed_mean,1000.0,4,"Beluga,_White_Whale","Beluga, White Whale",false
test_16,Clymene_Dolphin,20,conditional,1000.0,4,False_Killer_Whale,False Killer Whale,false
test_19,Clymene_Dolphin,1,fixed_mean,1000.0,0,"Beluga,_White_Whale","Beluga, White Whale",false
test_19,Clymene_Dolphin,1,conditional,1000.0,0,"Beluga,_White_Whale","Beluga, White Whale",false
test_19,Clymene_Dolphin,5,fixed_mean,1000.0,4,"Beluga,_White_Whale","Beluga, White Whale",false
test_19,Clymene_Dolphin,5,conditional,1000.0,4,"Beluga,_White_Whale","Beluga, White Whale",false
test_19,Clymene_Dolphin,10,fixed_mean,1000.0,4,"Beluga,_White_Whale","Beluga, White Whale",false
test_19,Clymene_Dolphin,10,conditional,1000.0,4,False_Killer_Whale,False Killer Whale,false
test_19,Clymene_Dolphin,20,fixed_mean,1000.0,4,"Beluga,_White_Whale","Beluga, White Whale",false
test_19,Clymene_Dolphin,20,conditional,1000.0,4,"Beluga,_White_Whale","Beluga, White Whale",false
test_21,Clymene_Dolphin,1,fixed_mean,1000.0,0,"Beluga,_White_Whale","Beluga, White Whale",false
test_21,Clymene_Dolphin,1,conditional,1000.0,0,"Beluga,_White_Whale","Beluga, White Whale",false
test_21,Clymene_Dolphin,5,fixed_mean,1000.0,4,"Beluga,_White_Whale","Beluga, White Whale",false
test_21,Clymene_Dolphin,5,conditional,1000.0,4,"Beluga,_White_Whale","Beluga, White Whale",false
test_21,Clymene_Dolphin,10,fixed_mean,1000.0,4,"Beluga,_White_Whale","Beluga, White Whale",false
test_21,Clymene_Dolphin,10,conditional,1000.0,4,False_Killer_Whale,False Killer Whale,false
test_21,Clymene_Dolphin,20,fixed_mean,1000.0,4,"Beluga,_White_Whale","Beluga, White Whale",false
test_21,Clymene_Dolphin,20,conditional,1000.0,4,False_Killer_Whale,False Killer Whale,false
test_31,Clymene_Dolphin,1,fixed_mean,1000.0,0,"Beluga,_White_Whale","Beluga, White Whale",false
test_31,Clymene_Dolphin,1,conditional,1000.0,0,"Beluga,_White_Whale","Beluga, White Whale",false
test_31,Clymene_Dolphin,5,fixed_mean,1000.0,4,"Beluga,_White_Whale","Beluga, White Whale",false
test_31,Clymene_Dolphin,5,conditional,1000.0,4,"Beluga,_White_Whale","Beluga, White Whale",false
test_31,Clymene_Dolphin,10,fixed_mean,1000.0,4,"Beluga,_White_Whale","Beluga, White Whale",false
test_31,Clymene_Dolphin,10,conditional,1000.0,4,"Beluga,_White_Whale","Beluga, White Whale",false
test_31,Clymene_Dolphin,20,fixed_mean,1000.0,4,"Beluga,_White_Whale","Beluga, White Whale",false
test_31,Clymene_Dolphin,20,conditional,1000.0,4,"Beluga,_White_Whale","Beluga, White Whale",false
test_32,Clymene_Dolphin,1,fixed_mean,1000.0,0,False_Killer_Whale,False Killer Whale,false
test_32,Clymene_Dolphin,1,conditional,1000.0,0,False_Killer_Whale,False Killer Whale,false
test_32,Clymene_Dolphin,5,fixed_mean,1000.0,4,"Beluga,_White_Whale","Beluga, White Whale",false
test_32,Clymene_Dolphin,5,conditional,1000.0,4,"Beluga,_White_Whale","Beluga, White Whale",false
test_32,Clymene_Dolphin,10,fixed_mean,1000.0,4,"Beluga,_White_Whale","Beluga, White Whale",false
test_32,Clymene_Dolphin,10,conditional,1000.0,4,False_Killer_Whale,False Killer Whale,false
test_32,Clymene_Dolphin,20,fixed_mean,1000.0,4,False_Killer_Whale,False Killer Whale,false
test_32,Clymene_Dolphin,20,conditional,1000.0,4,False_Killer_Whale,False Killer Whale,false
test_33,Clymene_Dolphin,1,fixed_mean,1000.0,0,False_Killer_Whale,False Killer Whale,false
test_33,Clymene_Dolphin,1,conditional,1000.0,0,False_Killer_Whale,False Killer Whale,false
test_33,Clymene_Dolphin,5,fixed_mean,1000.0,4,False_Killer_Whale,False Killer Whale,false
test_33,Clymene_Dolphin,5,conditional,1000.0,4,False_Killer_Whale,False Killer Whale,false
test_33,Clymene_Dolphin,10,fixed_mean,1000.0,4,False_Killer_Whale,False Killer Whale,false
test_33,Clymene_Dolphin,10,conditional,1000.0,4,False_Killer_Whale,False Killer Whale,false
test_33,Clymene_Dolphin,20,fixed_mean,1000.0,4,False_Killer_Whale,False Killer Whale,false
test_33,Clymene_Dolphin,20,conditional,1000.0,4,False_Killer_Whale,False Killer Whale,false
test_35,Clymene_Dolphin,1,fixed_mean,1000.0,0,False_Killer_Whale,False Killer Whale,false
test_35,Clymene_Dolphin,1,conditional,1000.0,0,False_Killer_Whale,False Killer Whale,false
test_35,Clymene_Dolphin,5,fixed_mean,1000.0,4,"Beluga,_White_Whale","Beluga, White Whale",false
test_35,Clymene_Dolphin,5,conditional,1000.0,4,"Beluga,_White_Whale","Beluga, White Whale",false
test_35,Clymene_Dolphin,10,fixed_mean,1000.0,4,"Beluga,_White_Whale","Beluga, White Whale",false
test_35,Clymene_Dolphin,10,conditional,1000.0,4,False_Killer_Whale,False Killer Whale,false
test_35,Clymene_Dolphin,20,fixed_mean,1000.0,4,False_Killer_Whale,False Killer Whale,false
test_35,Clymene_Dolphin,20,conditional,1000.0,4,"Beluga,_White_Whale","Beluga, White Whale",false
test_37,Clymene_Dolphin,1,fixed_mean,1000.0,0,"Beluga,_White_Whale","Beluga, White Whale",false
test_37,Clymene_Dolphin,1,conditional,1000.0,0,"Beluga,_White_Whale","Beluga, White Whale",false
test_37,Clymene_Dolphin,5,fixed_mean,1000.0,4,"Beluga,_White_Whale","Beluga, White Whale",false
test_37,Clymene_Dolphin,5,conditional,1000.0,4,"Beluga,_White_Whale","Beluga, White Whale",false
test_37,Clymene_Dolphin,10,fixed_mean,1000.0,4,"Beluga,_White_Whale","Beluga, White Whale",false
test_37,Clymene_Dolphin,10,conditional,1000.0,4,False_Killer_Whale,False Killer Whale,false
test_37,Clymene_Dolphin,20,fixed_mean,1000.0,4,"Beluga,_White_Whale","Beluga, White Whale",false
test_37,Clymene_Dolphin,20,conditional,1000.0,4,"Beluga,_White_Whale","Beluga, White Whale",false
test_46,Clymene_Dolphin,1,fixed_mean,1000.0,0,False_Killer_Whale,False Killer Whale,false
test_46,Clymene_Dolphin,1,conditional,1000.0,0,False_Killer_Whale,False Killer Whale,false
test_46,Clymene_Dolphin,5,fixed_mean,1000.0,4,"Beluga,_White_Whale","Beluga, White Whale",false
test_46,Clymene_Dolphin,5,conditional,1000.0,4,"Beluga,_White_Whale","Beluga, White Whale",false
test_46,Clymene_Dolphin,10,fixed_mean,1000.0,4,False_Killer_Whale,False Killer Whale,false
test_46,Clymene_Dolphin,10,conditional,1000.0,4,False_Killer_Whale,False Killer Whale,false
test_46,Clymene_Dolphin,20,fixed_mean,1000.0,4,False_Killer_Whale,False Killer Whale,false
test_46,Clymene_Dolphin,20,conditional,1000.0,4,False_Killer_Whale,False Killer Whale,false
test_51,Clymene_Dolphin,1,fixed_mean,1000.0,0,False_Killer_Whale,False Killer Whale,false
test_51,Clymene_Dolphin,1,conditional,1000.0,0,False_Killer_Whale,False Killer Whale,false
test_51,Clymene_Dolphin,5,fixed_mean,1000.0,4,False_Killer_Whale,False Killer Whale,false
test_51,Clymene_Dolphin,5,conditional,1000.0,4,False_Killer_Whale,False Killer Whale,false
test_51,Clymene_Dolphin,10,fixed_mean,1000.0,4,False_Killer_Whale,False Killer Whale,false
test_51,Clymene_Dolphin,10,conditional,1000.0,4,False_Killer_Whale,False Killer Whale,false
test_51,Clymene_Dolphin,20,fixed_mean,1000.0,4,False_Killer_Whale,False Killer Whale,false
test_51,Clymene_Dolphin,20,conditional,1000.0,4,False_Killer_Whale,False Killer Whale,false
test_54,Clymene_Dolphin,1,fixed_mean,1000.0,0,"Beluga,_White_Whale","Beluga, White Whale",false
test_54,Clymene_Dolphin,1,conditional,1000.0,0,"Beluga,_White_Whale","Beluga, White Whale",false
test_54,Clymene_Dolphin,5,fixed_mean,1000.0,4,"Beluga,_White_Whale","Beluga, White Whale",false
test_54,Clymene_Dolphin,5,conditional,1000.0,4,"Beluga,_White_Whale","Beluga, White Whale",false
test_54,Clymene_Dolphin,10,fixed_mean,1000.0,4,"Beluga,_White_Whale","Beluga, White Whale",false
test_54,Clymene_Dolphin,10,conditional,1000.0,4,White-beaked_Dolphin,White-beaked Dolphin,false
test_54,Clymene_Dolphin,20,fixed_mean,1000.0,4,"Beluga,_White_Whale","Beluga, White Whale",false
test_54,Clymene_Dolphin,20,conditional,1000.0,4,"Beluga,_White_Whale","Beluga, White Whale",false
test_55,Clymene_Dolphin,1,fixed_mean,1000.0,0,"Beluga,_White_Whale","Beluga, White Whale",false
test_55,Clymene_Dolphin,1,conditional,1000.0,0,"Beluga,_White_Whale","Beluga, White Whale",false
test_55,Clymene_Dolphin,5,fixed_mean,1000.0,4,"Beluga,_White_Whale","Beluga, White Whale",false
test_55,Clymene_Dolphin,5,conditional,1000.0,4,"Beluga,_White_Whale","Beluga, White Whale",false
test_55,Clymene_Dolphin,10,fixed_mean,1000.0,4,"Beluga,_White_Whale","Beluga, White Whale",false
test_55,Clymene_Dolphin,10,conditional,1000.0,4,"Beluga,_White_Whale","Beluga, White Whale",false
test_55,Clymene_Dolphin,20,fixed_mean,1000.0,4,"Beluga,_White_Whale","Beluga, White Whale",false
test_55,Clymene_Dolphin,20,conditional,1000.0,4,"Beluga,_White_Whale","Beluga, White Whale",false
test_66,Bottlenose_Dolphin,1,fixed_mean,1000.0,0,False_Killer_Whale,False Killer Whale,false
test_66,Bottlenose_Dolphin,1,conditional,1000.0,0,False_Killer_Whale,False Killer Whale,false
test_66,Bottlenose_Dolphin,5,fixed_mean,1000.0,4,"Beluga,_White_Whale","Beluga, White Whale",false
test_66,Bottlenose_Dolphin,5,conditional,1000.0,4,"Beluga,_White_Whale","Beluga, White Whale",false
test_66,Bottlenose_Dolphin,10,fixed_mean,1000.0,4,"Beluga,_White_Whale","Beluga, White Whale",false
test_66,Bottlenose_Dolphin,10,conditional,1000.0,4,False_Killer_Whale,False Killer Whale,false
test_66,Bottlenose_Dolphin,20,fixed_mean,1000.0,4,"Beluga,_White_Whale","Beluga, White Whale",false
test_66,Bottlenose_Dolphin,20,conditional,1000.0,4,False_Killer_Whale,False Killer Whale,false
test_75,Bottlenose_Dolphin,1,fixed_mean,1000.0,0,False_Killer_Whale,False Killer Whale,false
test_75,Bottlenose_Dolphin,1,conditional,1000.0,0,False_Killer_Whale,False Killer Whale,false
test_75,Bottlenose_Dolphin,5,fixed_mean,1000.0,4,"Beluga,_White_Whale","Beluga, White Whale",false
test_75,Bottlenose_Dolphin,5,conditional,1000.0,4,False_Killer_Whale,False Killer Whale,false
test_75,Bottlenose_Dolphin,10,fixed_mean,1000.0,4,"Beluga,_White_Whale","Beluga, White Whale",false
test_75,Bottlenose_Dolphin,10,conditional,1000.0,4,False_Killer_Whale,False Killer Whale,false
test_75,Bottlenose_Dolphin,20,fixed_mean,1000.0,4,False_Killer_Whale,False Killer Whale,false
test_75,Bottlenose_Dolphin,20,conditional,1000.0,4,False_Killer_Whale,False Killer Whale,false
test_79,Bottlenose_Dolphin,1,fixed_mean,1000.0,0,False_Killer_Whale,False Killer Whale,false
test_79,Bottlenose_Dolphin,1,conditional,1000.0,0,False_Killer_Whale,False Killer Whale,false
test_79,Bottlenose_Dolphin,5,fixed_mean,1000.0,4,False_Killer_Whale,False Killer Whale,false
test_79,Bottlenose_Dolphin,5,conditional,1000.0,4,False_Killer_Whale,False Killer Whale,false
test_79,Bottlenose_Dolphin,10,fixed_mean,1000.0,4,False_Killer_Whale,False Killer Whale,false
test_79,Bottlenose_Dolphin,10,conditional,1000.0,4,False_Killer_Whale,False Killer Whale,false
test_79,Bottlenose_Dolphin,20,fixed_mean,1000.0,4,False_Killer_Whale,False Killer Whale,false
test_79,Bottlenose_Dolphin,20,conditional,1000.0,4,False_Killer_Whale,False Killer Whale,false
test_81,Bottlenose_Dolphin,1,fixed_mean,1000.0,0,False_Killer_Whale,False Killer Whale,false
test_81,Bottlenose_Dolphin,1,conditional,1000.0,0,False_Killer_Whale,False Killer Whale,false
test_81,Bottlenose_Dolphin,5,fixed_mean,1000.0,4,False_Killer_Whale,False Killer Whale,false
test_81,Bottlenose_Dolphin,5,conditional,1000.0,4,False_Killer_Whale,False Killer Whale,false
test_81,Bottlenose_Dolphin,10,fixed_mean,1000.0,4,False_Killer_Whale,False Killer Whale,false
test_81,Bottlenose_Dolphin,10,conditional,1000.0,4,False_Killer_Whale,False Killer Whale,false
test_81,Bottlenose_Dolphin,20,fixed_mean,1000.0,4,False_Killer_Whale,False Killer Whale,false
test_81,Bottlenose_Dolphin,20,conditional,1000.0,4,False_Killer_Whale,False Killer Whale,false
test_92,Spinner_Dolphin,1,fixed_mean,1000.0,0,"Beluga,_White_Whale","Beluga, White Whale",false
test_92,Spinner_Dolphin,1,conditional,1000.0,0,"Beluga,_White_Whale","Beluga, White Whale",false
test_92,Spinner_Dolphin,5,fixed_mean,1000.0,4,"Beluga,_White_Whale","Beluga, White Whale",false
test_92,Spinner_Dolphin,5,conditional,1000.0,4,"Beluga,_White_Whale","Beluga, White Whale",false
test_92,Spinner_Dolphin,10,fixed_mean,1000.0,4,"Beluga,_White_Whale","Beluga, White Whale",false
test_92,Spinner_Dolphin,10,conditional,1000.0,4,"Beluga,_White_Whale","Beluga, White Whale",false
test_92,Spinner_Dolphin,20,fixed_mean,1000.0,4,"Beluga,_White_Whale","Beluga, White Whale",false
test_92,Spinner_Dolphin,20,conditional,1000.0,4,"Beluga,_White_Whale","Beluga, White Whale",false
test_95,Spinner_Dolphin,1,fixed_mean,1000.0,0,False_Killer_Whale,False Killer Whale,false
test_95,Spinner_Dolphin,1,conditional,1000.0,0,False_Killer_Whale,False Killer Whale,false
test_95,Spinner_Dolphin,5,fixed_mean,1000.0,4,False_Killer_Whale,False Killer Whale,false
test_95,Spinner_Dolphin,5,conditional,1000.0,4,False_Killer_Whale,False Killer Whale,false
test_95,Spinner_Dolphin,10,fixed_mean,1000.0,4,False_Killer_Whale,False Killer Whale,false
test_95,Spinner_Dolphin,10,conditional,1000.0,4,False_Killer_Whale,False Killer Whale,false
test_95,Spinner_Dolphin,20,fixed_mean,1000.0,4,False_Killer_Whale,False Killer Whale,false
test_95,Spinner_Dolphin,20,conditional,1000.0,4,False_Killer_Whale,False Killer Whale,false
test_98,Spinner_Dolphin,1,fixed_mean,1000.0,0,False_Killer_Whale,False Killer Whale,false
test_98,Spinner_Dolphin,1,conditional,1000.0,0,False_Killer_Whale,False Killer Whale,false
test_98,Spinner_Dolphin,5,fixed_mean,1000.0,4,False_Killer_Whale,False Killer Whale,false
test_98,Spinner_Dolphin,5,conditional,1000.0,4,False_Killer_Whale,False Killer Whale,false
test_98,Spinner_Dolphin,10,fixed_mean,1000.0,4,False_Killer_Whale,False Killer Whale,false
test_98,Spinner_Dolphin,10,conditional,1000.0,4,False_Killer_Whale,False Killer Whale,false
test_98,Spinner_Dolphin,20,fixed_mean,1000.0,4,False_Killer_Whale,False Killer Whale,false
test_98,Spinner_Dolphin,20,conditional,1000.0,4,False_Killer_Whale,False Killer Whale,false
test_103,Spinner_Dolphin,1,fixed_mean,1000.0,0,False_Killer_Whale,False Killer Whale,false
test_103,Spinner_Dolphin,1,conditional,1000.0,0,False_Killer_Whale,False Killer Whale,false
test_103,Spinner_Dolphin,5,fixed_mean,1000.0,4,"Beluga,_White_Whale","Beluga, White Whale",false
test_103,Spinner_Dolphin,5,conditional,1000.0,4,Bottlenose_Dolphin,Bottlenose Dolphin,false
test_103,Spinner_Dolphin,10,fixed_mean,1000.0,4,"Beluga,_White_Whale","Beluga, White Whale",false
test_103,Spinner_Dolphin,10,conditional,1000.0,4,False_Killer_Whale,False Killer Whale,false
test_103,Spinner_Dolphin,20,fixed_mean,1000.0,4,"Beluga,_White_Whale","Beluga, White Whale",false
test_103,Spinner_Dolphin,20,conditional,1000.0,4,False_Killer_Whale,False Killer Whale,false
test_108,Spinner_Dolphin,1,fixed_mean,1000.0,0,False_Killer_Whale,False Killer Whale,false
test_108,Spinner_Dolphin,1,conditional,1000.0,0,False_Killer_Whale,False Killer Whale,false
test_108,Spinner_Dolphin,5,fixed_mean,1000.0,4,False_Killer_Whale,False Killer Whale,false
test_108,Spinner_Dolphin,5,conditional,1000.0,4,False_Killer_Whale,False Killer Whale,false
test_108,Spinner_Dolphin,10,fixed_mean,1000.0,4,False_Killer_Whale,False Killer Whale,false
test_108,Spinner_Dolphin,10,conditional,1000.0,4,False_Killer_Whale,False Killer Whale,false
test_108,Spinner_Dolphin,20,fixed_mean,1000.0,4,False_Killer_Whale,False Killer Whale,false
test_108,Spinner_Dolphin,20,conditional,1000.0,4,False_Killer_Whale,False Killer Whale,false
test_110,Spinner_Dolphin,1,fixed_mean,1000.0,0,False_Killer_Whale,False Killer Whale,false
test_110,Spinner_Dolphin,1,conditional,1000.0,0,False_Killer_Whale,False Killer Whale,false
test_110,Spinner_Dolphin,5,fixed_mean,1000.0,4,"Beluga,_White_Whale","Beluga, White Whale",false
test_110,Spinner_Dolphin,5,conditional,1000.0,4,False_Killer_Whale,False Killer Whale,false
test_110,Spinner_Dolphin,10,fixed_mean,1000.0,4,False_Killer_Whale,False Killer Whale,false
test_110,Spinner_Dolphin,10,conditional,1000.0,4,False_Killer_Whale,False Killer Whale,false
test_110,Spinner_Dolphin,20,fixed_mean,1000.0,4,False_Killer_Whale,False Killer Whale,false
test_110,Spinner_Dolphin,20,conditional,1000.0,4,False_Killer_Whale,False Killer Whale,false
test_111,Spinner_Dolphin,1,fixed_mean,1000.0,0,False_Killer_Whale,False Killer Whale,false
test_111,Spinner_Dolphin,1,conditional,1000.0,0,False_Killer_Whale,False Killer Whale,false
test_111,Spinner_Dolphin,5,fixed_mean,1000.0,4,False_Killer_Whale,False Killer Whale,false
test_111,Spinner_Dolphin,5,conditional,1000.0,4,False_Killer_Whale,False Killer Whale,false
test_111,Spinner_Dolphin,10,fixed_mean,1000.0,4,False_Killer_Whale,False Killer Whale,false
test_111,Spinner_Dolphin,10,conditional,1000.0,4,False_Killer_Whale,False Killer Whale,false
test_111,Spinner_Dolphin,20,fixed_mean,1000.0,4,False_Killer_Whale,False Killer Whale,false
test_111,Spinner_Dolphin,20,conditional,1000.0,4,False_Killer_Whale,False Killer Whale,false
test_112,Spinner_Dolphin,1,fixed_mean,1000.0,0,False_Killer_Whale,False Killer Whale,false
test_112,Spinner_Dolphin,1,conditional,1000.0,0,False_Killer_Whale,False Killer Whale,false
test_112,Spinner_Dolphin,5,fixed_mean,1000.0,4,False_Killer_Whale,False Killer Whale,false
test_112,Spinner_Dolphin,5,conditional,1000.0,4,False_Killer_Whale,False Killer Whale,false
test_112,Spinner_Dolphin,10,fixed_mean,1000.0,4,False_Killer_Whale,False Killer Whale,false
test_112,Spinner_Dolphin,10,conditional,1000.0,4,False_Killer_Whale,False Killer Whale,false
test_112,Spinner_Dolphin,20,fixed_mean,1000.0,4,False_Killer_Whale,False Killer Whale,false
test_112,Spinner_Dolphin,20,conditional,1000.0,4,False_Killer_Whale,False Killer Whale,false
test_113,Spinner_Dolphin,1,fixed_mean,1000.0,0,False_Killer_Whale,False Killer Whale,false
test_113,Spinner_Dolphin,1,conditional,1000.0,0,False_Killer_Whale,False Killer Whale,false
test_113,Spinner_Dolphin,5,fixed_mean,1000.0,4,False_Killer_Whale,False Killer Whale,false
test_113,Spinner_Dolphin,5,conditional,1000.0,4,False_Killer_Whale,False Killer Whale,false
test_113,Spinner_Dolphin,10,fixed_mean,1000.0,4,False_Killer_Whale,False Killer Whale,false
test_113,Spinner_Dolphin,10,conditional,1000.0,4,False_Killer_Whale,False Killer Whale,false
test_113,Spinner_Dolphin,20,fixed_mean,1000.0,4,False_Killer_Whale,False Killer Whale,false
test_113,Spinner_Dolphin,20,conditional,1000.0,4,False_Killer_Whale,False Killer Whale,false
test_115,Spinner_Dolphin,1,fixed_mean,1000.0,0,False_Killer_Whale,False Killer Whale,false
test_115,Spinner_Dolphin,1,conditional,1000.0,0,False_Killer_Whale,False Killer Whale,false
test_115,Spinner_Dolphin,5,fixed_mean,1000.0,4,"Beluga,_White_Whale","Beluga, White Whale",false
test_115,Spinner_Dolphin,5,conditional,1000.0,4,False_Killer_Whale,False Killer Whale,false
test_115,Spinner_Dolphin,10,fixed_mean,1000.0,4,False_Killer_Whale,False Killer Whale,false
test_115,Spinner_Dolphin,10,conditional,1000.0,4,False_Killer_Whale,False Killer Whale,false
test_115,Spinner_Dolphin,20,fixed_mean,1000.0,4,False_Killer_Whale,False Killer Whale,false
test_115,Spinner_Dolphin,20,conditional,1000.0,4,False_Killer_Whale,False Killer Whale,false
test_120,Spinner_Dolphin,1,fixed_mean,1000.0,0,False_Killer_Whale,False Killer Whale,false
test_120,Spinner_Dolphin,1,conditional,1000.0,0,False_Killer_Whale,False Killer Whale,false
test_120,Spinner_Dolphin,5,fixed_mean,1000.0,4,False_Killer_Whale,False Killer Whale,false
test_120,Spinner_Dolphin,5,conditional,1000.0,4,False_Killer_Whale,False Killer Whale,false
test_120,Spinner_Dolphin,10,fixed_mean,1000.0,4,False_Killer_Whale,False Killer Whale,false
test_120,Spinner_Dolphin,10,conditional,1000.0,4,False_Killer_Whale,False Killer Whale,false
test_120,Spinner_Dolphin,20,fixed_mean,1000.0,4,False_Killer_Whale,False Killer Whale,false
test_120,Spinner_Dolphin,20,conditional,1000.0,4,False_Killer_Whale,False Killer Whale,false
test_123,Spinner_Dolphin,1,fixed_mean,1000.0,0,False_Killer_Whale,False Killer Whale,false
test_123,Spinner_Dolphin,1,conditional,1000.0,0,False_Killer_Whale,False Killer Whale,false
test_123,Spinner_Dolphin,5,fixed_mean,1000.0,4,False_Killer_Whale,False Killer Whale,false
test_123,Spinner_Dolphin,5,conditional,1000.0,4,False_Killer_Whale,False Killer Whale,false
test_123,Spinner_Dolphin,10,fixed_mean,1000.0,4,False_Killer_Whale,False Killer Whale,false
test_123,Spinner_Dolphin,10,conditional,1000.0,4,False_Killer_Whale,False Killer Whale,false
test_123,Spinner_Dolphin,20,fixed_mean,1000.0,4,False_Killer_Whale,False Killer Whale,false
test_123,Spinner_Dolphin,20,conditional,1000.0,4,False_Killer_Whale,False Killer Whale,false
test_124,Spinner_Dolphin,1,fixed_mean,1000.0,0,False_Killer_Whale,False Killer Whale,false
test_124,Spinner_Dolphin,1,conditional,1000.0,0,False_Killer_Whale,False Killer Whale,false
test_124,Spinner_Dolphin,5,fixed_mean,1000.0,4,False_Killer_Whale,False Killer Whale,false
test_124,Spinner_Dolphin,5,conditional,1000.0,4,False_Killer_Whale,False Killer Whale,false
test_124,Spinner_Dolphin,10,fixed_mean,1000.0,4,False_Killer_Whale,False Killer Whale,false
test_124,Spinner_Dolphin,10,conditional,1000.0,4,False_Killer_Whale,False Killer Whale,false
test_124,Spinner_Dolphin,20,fixed_mean,1000.0,4,False_Killer_Whale,False Killer Whale,false
test_124,Spinner_Dolphin,20,conditional,1000.0,4,False_Killer_Whale,False Killer Whale,false
test_159,Spinner_Dolphin,1,fixed_mean,1000.0,0,"Beluga,_White_Whale","Beluga, White Whale",false
test_159,Spinner_Dolphin,1,conditional,1000.0,0,"Beluga,_White_Whale","Beluga, White Whale",false
test_159,Spinner_Dolphin,5,fixed_mean,1000.0,4,"Beluga,_White_Whale","Beluga, White Whale",false
test_159,Spinner_Dolphin,5,conditional,1000.0,4,Bottlenose_Dolphin,Bottlenose Dolphin,false
test_159,Spinner_Dolphin,10,fixed_mean,1000.0,4,"Beluga,_White_Whale","Beluga, White Whale",false
test_159,Spinner_Dolphin,10,conditional,1000.0,4,Bottlenose_Dolphin,Bottlenose Dolphin,false
test_159,Spinner_Dolphin,20,fixed_mean,1000.0,4,"Beluga,_White_Whale","Beluga, White Whale",false
test_159,Spinner_Dolphin,20,conditional,1000.0,4,Bottlenose_Dolphin,Bottlenose Dolphin,false
test_167,Spinner_Dolphin,1,fixed_mean,1000.0,0,False_Killer_Whale,False Killer Whale,false
test_167,Spinner_Dolphin,1,conditional,1000.0,0,False_Killer_Whale,False Killer Whale,false
test_167,Spinner_Dolphin,5,fixed_mean,1000.0,4,False_Killer_Whale,False Killer Whale,false
test_167,Spinner_Dolphin,5,conditional,1000.0,4,False_Killer_Whale,False Killer Whale,false
test_167,Spinner_Dolphin,10,fixed_mean,1000.0,4,False_Killer_Whale,False Killer Whale,false
test_167,Spinner_Dolphin,10,conditional,1000.0,4,False_Killer_Whale,False Killer Whale,false
test_167,Spinner_Dolphin,20,fixed_mean,1000.0,4,False_Killer_Whale,False Killer Whale,false
test_167,Spinner_Dolphin,20,conditional,1000.0,4,False_Killer_Whale,False Killer Whale,false
test_172,Spinner_Dolphin,1,fixed_mean,1000.0,0,False_Killer_Whale,False Killer Whale,false
test_172,Spinner_Dolphin,1,conditional,1000.0,0,False_Killer_Whale,False Killer Whale,false
test_172,Spinner_Dolphin,5,fixed_mean,1000.0,4,False_Killer_Whale,False Killer Whale,false
test_172,Spinner_Dolphin,5,conditional,1000.0,4,False_Killer_Whale,False Killer Whale,false
test_172,Spinner_Dolphin,10,fixed_mean,1000.0,4,False_Killer_Whale,False Killer Whale,false
test_172,Spinner_Dolphin,10,conditional,1000.0,4,False_Killer_Whale,False Killer Whale,false
test_172,Spinner_Dolphin,20,fixed_mean,1000.0,4,False_Killer_Whale,False Killer Whale,false
test_172,Spinner_Dolphin,20,conditional,1000.0,4,False_Killer_Whale,False Killer Whale,false
test_173,Spinner_Dolphin,1,fixed_mean,1000.0,0,False_Killer_Whale,False Killer Whale,false
test_173,Spinner_Dolphin,1,conditional,1000.0,0,False_Killer_Whale,False Killer Whale,false
test_173,Spinner_Dolphin,5,fixed_mean,1000.0,4,False_Killer_Whale,False Killer Whale,false
test_173,Spinner_Dolphin,5,conditional,1000.0,4,False_Killer_Whale,False Killer Whale,false
test_173,Spinner_Dolphin,10,fixed_mean,1000.0,4,False_Killer_Whale,False Killer Whale,false
test_173,Spinner_Dolphin,10,conditional,1000.0,4,False_Killer_Whale,False Killer Whale,false
test_173,Spinner_Dolphin,20,fixed_mean,1000.0,4,False_Killer_Whale,False Killer Whale,false
test_173,Spinner_Dolphin,20,conditional,1000.0,4,False_Killer_Whale,False Killer Whale,false
test_180,Spinner_Dolphin,1,fixed_mean,1000.0,0,False_Killer_Whale,False Killer Whale,false
test_180,Spinner_Dolphin,1,conditional,1000.0,0,False_Killer_Whale,False Killer Whale,false
test_180,Spinner_Dolphin,5,fixed_mean,1000.0,4,False_Killer_Whale,False Killer Whale,false
test_180,Spinner_Dolphin,5,conditional,1000.0,4,False_Killer_Whale,False Killer Whale,false
test_180,Spinner_Dolphin,10,fixed_mean,1000.0,4,False_Killer_Whale,False Killer Whale,false
test_180,Spinner_Dolphin,10,conditional,1000.0,4,False_Killer_Whale,False Killer Whale,false
test_180,Spinner_Dolphin,20,fixed_mean,1000.0,4,False_Killer_Whale,False Killer Whale,false
test_180,Spinner_Dolphin,20,conditional,1000.0,4,False_Killer_Whale,False Killer Whale,false
test_185,Spinner_Dolphin,1,fixed_mean,1000.0,0,False_Killer_Whale,False Killer Whale,false
test_185,Spinner_Dolphin,1,conditional,1000.0,0,False_Killer_Whale,False Killer Whale,false
test_185,Spinner_Dolphin,5,fixed_mean,1000.0,4,"Beluga,_White_Whale","Beluga, White Whale",false
test_185,Spinner_Dolphin,5,conditional,1000.0,4,False_Killer_Whale,False Killer Whale,false
test_185,Spinner_Dolphin,10,fixed_mean,1000.0,4,"Beluga,_White_Whale","Beluga, White Whale",false
test_185,Spinner_Dolphin,10,conditional,1000.0,4,False_Killer_Whale,False Killer Whale,false
test_185,Spinner_Dolphin,20,fixed_mean,1000.0,4,"Beluga,_White_Whale","Beluga, White Whale",false
test_185,Spinner_Dolphin,20,conditional,1000.0,4,False_Killer_Whale,False Killer Whale,false
test_194,Spinner_Dolphin,1,fixed_mean,1000.0,0,False_Killer_Whale,False Killer Whale,false
test_194,Spinner_Dolphin,1,conditional,1000.0,0,False_Killer_Whale,False Killer Whale,false
test_194,Spinner_Dolphin,5,fixed_mean,1000.0,4,"Beluga,_White_Whale","Beluga, White Whale",false
test_194,Spinner_Dolphin,5,conditional,1000.0,4,False_Killer_Whale,False Killer Whale,false
test_194,Spinner_Dolphin,10,fixed_mean,1000.0,4,False_Killer_Whale,False Killer Whale,false
test_194,Spinner_Dolphin,10,conditional,1000.0,4,False_Killer_Whale,False Killer Whale,false
test_194,Spinner_Dolphin,20,fixed_mean,1000.0,4,False_Killer_Whale,False Killer Whale,false
test_194,Spinner_Dolphin,20,conditional,1000.0,4,False_Killer_Whale,False Killer Whale,false
test_199,Spinner_Dolphin,1,fixed_mean,1000.0,0,False_Killer_Whale,False Killer Whale,false
test_199,Spinner_Dolphin,1,conditional,1000.0,0,False_Killer_Whale,False Killer Whale,false
test_199,Spinner_Dolphin,5,fixed_mean,1000.0,4,False_Killer_Whale,False Killer Whale,false
test_199,Spinner_Dolphin,5,conditional,1000.0,4,False_Killer_Whale,False Killer Whale,false
test_199,Spinner_Dolphin,10,fixed_mean,1000.0,4,False_Killer_Whale,False Killer Whale,false
test_199,Spinner_Dolphin,10,conditional,1000.0,4,False_Killer_Whale,False Killer Whale,false
test_199,Spinner_Dolphin,20,fixed_mean,1000.0,4,False_Killer_Whale,False Killer Whale,false
test_199,Spinner_Dolphin,20,conditional,1000.0,4,False_Killer_Whale,False Killer Whale,false
test_200,Spinner_Dolphin,1,fixed_mean,1000.0,0,"Beluga,_White_Whale","Beluga, White Whale",false
test_200,Spinner_Dolphin,1,conditional,1000.0,0,"Beluga,_White_Whale","Beluga, White Whale",false
test_200,Spinner_Dolphin,5,fixed_mean,1000.0,4,"Beluga,_White_Whale","Beluga, White Whale",false
test_200,Spinner_Dolphin,5,conditional,1000.0,4,Bottlenose_Dolphin,Bottlenose Dolphin,false
test_200,Spinner_Dolphin,10,fixed_mean,1000.0,4,"Beluga,_White_Whale","Beluga, White Whale",false
test_200,Spinner_Dolphin,10,conditional,1000.0,4,Bottlenose_Dolphin,Bottlenose Dolphin,false
test_200,Spinner_Dolphin,20,fixed_mean,1000.0,4,"Beluga,_White_Whale","Beluga, White Whale",false
test_200,Spinner_Dolphin,20,conditional,1000.0,4,False_Killer_Whale,False Killer Whale,false
test_205,"Beluga,_White_Whale",1,fixed_mean,1000.0,0,"Beluga,_White_Whale","Beluga, White Whale",true
test_205,"Beluga,_White_Whale",1,conditional,1000.0,0,"Beluga,_White_Whale","Beluga, White Whale",true
test_205,"Beluga,_White_Whale",5,fixed_mean,1000.0,4,"Beluga,_White_Whale","Beluga, White Whale",true
test_205,"Beluga,_White_Whale",5,conditional,1000.0,4,Bottlenose_Dolphin,Bottlenose Dolphin,false
test_205,"Beluga,_White_Whale",10,fixed_mean,1000.0,4,"Beluga,_White_Whale","Beluga, White Whale",true
test_205,"Beluga,_White_Whale",10,conditional,1000.0,4,"Beluga,_White_Whale","Beluga, White Whale",true
test_205,"Beluga,_White_Whale",20,fixed_mean,1000.0,4,"Beluga,_White_Whale","Beluga, White Whale",true
test_205,"Beluga,_White_Whale",20,conditional,1000.0,4,False_Killer_Whale,False Killer Whale,false
test_207,"Beluga,_White_Whale",1,fixed_mean,1000.0,0,False_Killer_Whale,False Killer Whale,false
test_207,"Beluga,_White_Whale",1,conditional,1000.0,0,False_Killer_Whale,False Killer Whale,false
test_207,"Beluga,_White_Whale",5,fixed_mean,1000.0,4,"Beluga,_White_Whale","Beluga, White Whale",true
test_207,"Beluga,_White_Whale",5,conditional,1000.0,4,"Beluga,_White_Whale","Beluga, White Whale",true
test_207,"Beluga,_White_Whale",10,fixed_mean,1000.0,4,"Beluga,_White_Whale","Beluga, White Whale",true
test_207,"Beluga,_White_Whale",10,conditional,1000.0,4,False_Killer_Whale,False Killer Whale,false
test_207,"Beluga,_White_Whale",20,fixed_mean,1000.0,4,False_Killer_Whale,False Killer Whale,false
test_207,"Beluga,_White_Whale",20,conditional,1000.0,4,False_Killer_Whale,False Killer Whale,false
test_208,"Beluga,_White_Whale",1,fixed_mean,1000.0,0,"Beluga,_White_Whale","Beluga, White Whale",true
test_208,"Beluga,_White_Whale",1,conditional,1000.0,0,"Beluga,_White_Whale","Beluga, White Whale",true
test_208,"Beluga,_White_Whale",5,fixed_mean,1000.0,4,"Beluga,_White_Whale","Beluga, White Whale",true
test_208,"Beluga,_White_Whale",5,conditional,1000.0,4,"Beluga,_White_Whale","Beluga, White Whale",true
test_208,"Beluga,_White_Whale",10,fixed_mean,1000.0,4,"Beluga,_White_Whale","Beluga, White Whale",true
test_208,"Beluga,_White_Whale",10,conditional,1000.0,4,"Beluga,_White_Whale","Beluga, White Whale",true
test_208,"Beluga,_White_Whale",20,fixed_mean,1000.0,4,"Beluga,_White_Whale","Beluga, White Whale",true
test_208,"Beluga,_White_Whale",20,conditional,1000.0,4,"Beluga,_White_Whale","Beluga, White Whale",true
test_225,"Beluga,_White_Whale",1,fixed_mean,1000.0,0,"Beluga,_White_Whale","Beluga, White Whale",true
test_225,"Beluga,_White_Whale",1,conditional,1000.0,0,"Beluga,_White_Whale","Beluga, White Whale",true
test_225,"Beluga,_White_Whale",5,fixed_mean,1000.0,4,"Beluga,_White_Whale","Beluga, White Whale",true
test_225,"Beluga,_White_Whale",5,conditional,1000.0,4,"Beluga,_White_Whale","Beluga, White Whale",true
test_225,"Beluga,_White_Whale",10,fixed_mean,1000.0,4,"Beluga,_White_Whale","Beluga, White Whale",true
test_225,"Beluga,_White_Whale",10,conditional,1000.0,4,"Beluga,_White_Whale","Beluga, White Whale",true
test_225,"Beluga,_White_Whale",20,fixed_mean,1000.0,4,"Beluga,_White_Whale","Beluga, White Whale",true
test_225,"Beluga,_White_Whale",20,conditional,1000.0,4,"Beluga,_White_Whale","Beluga, White Whale",true
test_233,"Beluga,_White_Whale",1,fixed_mean,1000.0,0,"Beluga,_White_Whale","Beluga, White Whale",true
test_233,"Beluga,_White_Whale",1,conditional,1000.0,0,"Beluga,_White_Whale","Beluga, White Whale",true
test_233,"Beluga,_White_Whale",5,fixed_mean,1000.0,4,"Beluga,_White_Whale","Beluga, White Whale",true
test_233,"Beluga,_White_Whale",5,conditional,1000.0,4,"Beluga,_White_Whale","Beluga, White Whale",true
test_233,"Beluga,_White_Whale",10,fixed_mean,1000.0,4,"Beluga,_White_Whale","Beluga, White Whale",true
test_233,"Beluga,_White_Whale",10,conditional,1000.0,4,"Beluga,_White_Whale","Beluga, White Whale",true
test_233,"Beluga,_White_Whale",20,fixed_mean,1000.0,4,"Beluga,_White_Whale","Beluga, White Whale",true
test_233,"Beluga,_White_Whale",20,conditional,1000.0,4,"Beluga,_White_Whale","Beluga, White Whale",true
test_241,"Beluga,_White_Whale",1,fixed_mean,1000.0,0,False_Killer_Whale,False Killer Whale,false
test_241,"Beluga,_White_Whale",1,conditional,1000.0,0,False_Killer_Whale,False Killer Whale,false
test_241,"Beluga,_White_Whale",5,fixed_mean,1000.0,4,"Beluga,_White_Whale","Beluga, White Whale",true
test_241,"Beluga,_White_Whale",5,conditional,1000.0,4,False_Killer_Whale,False Killer Whale,false
test_241,"Beluga,_White_Whale",10,fixed_mean,1000.0,4,"Beluga,_White_Whale","Beluga, White Whale",true
test_241,"Beluga,_White_Whale",10,conditional,1000.0,4,False_Killer_Whale,False Killer Whale,false
test_241,"Beluga,_White_Whale",20,fixed_mean,1000.0,4,False_Killer_Whale,False Killer Whale,false
test_241,"Beluga,_White_Whale",20,conditional,1000.0,4,False_Killer_Whale,False Killer Whale,false
test_243,"Beluga,_White_Whale",1,fixed_mean,1000.0,0,"Beluga,_White_Whale","Beluga, White Whale",true
test_243,"Beluga,_White_Whale",1,conditional,1000.0,0,"Beluga,_White_Whale","Beluga, White Whale",true
test_243,"Beluga,_White_Whale",5,fixed_mean,1000.0,4,"Beluga,_White_Whale","Beluga, White Whale",true
test_243,"Beluga,_White_Whale",5,conditional,1000.0,4,"Beluga,_White_Whale","Beluga, White Whale",true
test_243,"Beluga,_White_Whale",10,fixed_mean,1000.0,4,"Beluga,_White_Whale","Beluga, White Whale",true
test_243,"Beluga,_White_Whale",10,conditional,1000.0,4,"Beluga,_White_Whale","Beluga, White Whale",true
test_243,"Beluga,_White_Whale",20,fixed_mean,1000.0,4,"Beluga,_White_Whale","Beluga, White Whale",true
test_243,"Beluga,_White_Whale",20,conditional,1000.0,4,"Beluga,_White_Whale","Beluga, White Whale",true
test_245,"Beluga,_White_Whale",1,fixed_mean,1000.0,0,"Beluga,_White_Whale","Beluga, White Whale",true
test_245,"Beluga,_White_Whale",1,conditional,1000.0,0,"Beluga,_White_Whale","Beluga, White Whale",true
test_245,"Beluga,_White_Whale",5,fixed_mean,1000.0,4,"Beluga,_White_Whale","Beluga, White Whale",true
test_245,"Beluga,_White_Whale",5,conditional,1000.0,4,"Beluga,_White_Whale","Beluga, White Whale",true
test_245,"Beluga,_White_Whale",10,fixed_mean,1000.0,4,"Beluga,_White_Whale","Beluga, White Whale",true
test_245,"Beluga,_White_Whale",10,conditional,1000.0,4,"Beluga,_White_Whale","Beluga, White Whale",true
test_245,"Beluga,_White_Whale",20,fixed_mean,1000.0,4,"Beluga,_White_Whale","Beluga, White Whale",true
test_245,"Beluga,_White_Whale",20,conditional,1000.0,4,"Beluga,_White_Whale","Beluga, White Whale",true
test_246,"Beluga,_White_Whale",1,fixed_mean,1000.0,0,"Beluga,_White_Whale","Beluga, White Whale",true
test_246,"Beluga,_White_Whale",1,conditional,1000.0,0,"Beluga,_White_Whale","Beluga, White Whale",true
test_246,"Beluga,_White_Whale",5,fixed_mean,1000.0,4,"Beluga,_White_Whale","Beluga, White Whale",true
test_246,"Beluga,_White_Whale",5,conditional,1000.0,4,"Beluga,_White_Whale","Beluga, White Whale",true
test_246,"Beluga,_White_Whale",10,fixed_mean,1000.0,4,"Beluga,_White_Whale","Beluga, White Whale",true
test_246,"Beluga,_White_Whale",10,conditional,1000.0,4,False_Killer_Whale,False Killer Whale,false
test_246,"Beluga,_White_Whale",20,fixed_mean,1000.0,4,False_Killer_Whale,False Killer Whale,false
test_246,"Beluga,_White_Whale",20,conditional,1000.0,4,"Beluga,_White_Whale","Beluga, White Whale",true
test_250,"Beluga,_White_Whale",1,fixed_mean,1000.0,0,"Beluga,_White_Whale","Beluga, White Whale",true
test_250,"Beluga,_White_Whale",1,conditional,1000.0,0,"Beluga,_White_Whale","Beluga, White Whale",true
test_250,"Beluga,_White_Whale",5,fixed_mean,1000.0,4,"Beluga,_White_Whale","Beluga, White Whale",true
test_250,"Beluga,_White_Whale",5,conditional,1000.0,4,"Beluga,_White_Whale","Beluga, White Whale",true
test_250,"Beluga,_White_Whale",10,fixed_mean,1000.0,4,"Beluga,_White_Whale","Beluga, White Whale",true
test_250,"Beluga,_White_Whale",10,conditional,1000.0,4,False_Killer_Whale,False Killer Whale,false
test_250,"Beluga,_White_Whale",20,fixed_mean,1000.0,4,"Beluga,_White_Whale","Beluga, White Whale",true
test_250,"Beluga,_White_Whale",20,conditional,1000.0,4,"Beluga,_White_Whale","Beluga, White Whale",true
test_252,Bearded_Seal,1,fixed_mean,1000.0,0,"Beluga,_White_Whale","Beluga, White Whale",false
test_252,Bearded_Seal,1,conditional,1000.0,0,"Beluga,_White_Whale","Beluga, White Whale",false
test_252,Bearded_Seal,5,fixed_mean,1000.0,4,"Beluga,_White_Whale","Beluga, White Whale",false
test_252,Bearded_Seal,5,conditional,1000.0,4,"Beluga,_White_Whale","Beluga, White Whale",false
test_252,Bearded_Seal,10,fixed_mean,1000.0,4,"Beluga,_White_Whale","Beluga, White Whale",false
test_252,Bearded_Seal,10,conditional,1000.0,4,"Beluga,_White_Whale","Beluga, White Whale",false
test_252,Bearded_Seal,20,fixed_mean,1000.0,4,"Beluga,_White_Whale","Beluga, White Whale",false
test_252,Bearded_Seal,20,conditional,1000.0,4,"Beluga,_White_Whale","Beluga, White Whale",false
test_256,Bearded_Seal,1,fixed_mean,1000.0,0,False_Killer_Whale,False Killer Whale,false
test_256,Bearded_Seal,1,conditional,1000.0,0,False_Killer_Whale,False Killer Whale,false
test_256,Bearded_Seal,5,fixed_mean,1000.0,4,False_Killer_Whale,False Killer Whale,false
test_256,Bearded_Seal,5,conditional,1000.0,4,False_Killer_Whale,False Killer Whale,false
test_256,Bearded_Seal,10,fixed_mean,1000.0,4,False_Killer_Whale,False Killer Whale,false
test_256,Bearded_Seal,10,conditional,1000.0,4,False_Killer_Whale,False Killer Whale,false
test_256,Bearded_Seal,20,fixed_mean,1000.0,4,False_Killer_Whale,False Killer Whale,false
test_256,Bearded_Seal,20,conditional,1000.0,4,False_Killer_Whale,False Killer Whale,false
test_257,Bearded_Seal,1,fixed_mean,1000.0,0,False_Killer_Whale,False Killer Whale,false
test_257,Bearded_Seal,1,conditional,1000.0,0,False_Killer_Whale,False Killer Whale,false
test_257,Bearded_Seal,5,fixed_mean,1000.0,4,False_Killer_Whale,False Killer Whale,false
test_257,Bearded_Seal,5,conditional,1000.0,4,False_Killer_Whale,False Killer Whale,false
test_257,Bearded_Seal,10,fixed_mean,1000.0,4,False_Killer_Whale,False Killer Whale,false
test_257,Bearded_Seal,10,conditional,1000.0,4,False_Killer_Whale,False Killer Whale,false
test_257,Bearded_Seal,20,fixed_mean,1000.0,4,False_Killer_Whale,False Killer Whale,false
test_257,Bearded_Seal,20,conditional,1000.0,4,False_Killer_Whale,False Killer Whale,false
test_260,Bearded_Seal,1,fixed_mean,1000.0,0,"Beluga,_White_Whale","Beluga, White Whale",false
test_260,Bearded_Seal,1,conditional,1000.0,0,"Beluga,_White_Whale","Beluga, White Whale",false
test_260,Bearded_Seal,5,fixed_mean,1000.0,4,"Beluga,_White_Whale","Beluga, White Whale",false
test_260,Bearded_Seal,5,conditional,1000.0,4,"Beluga,_White_Whale","Beluga, White Whale",false
test_260,Bearded_Seal,10,fixed_mean,1000.0,4,"Beluga,_White_Whale","Beluga, White Whale",false
test_260,Bearded_Seal,10,conditional,1000.0,4,"Beluga,_White_Whale","Beluga, White Whale",false
test_260,Bearded_Seal,20,fixed_mean,1000.0,4,"Beluga,_White_Whale","Beluga, White Whale",false
test_260,Bearded_Seal,20,conditional,1000.0,4,"Beluga,_White_Whale","Beluga, White Whale",false
test_264,Bearded_Seal,1,fixed_mean,1000.0,0,False_Killer_Whale,False Killer Whale,false
test_264,Bearded_Seal,1,conditional,1000.0,0,False_Killer_Whale,False Killer Whale,false
test_264,Bearded_Seal,5,fixed_mean,1000.0,4,"Beluga,_White_Whale","Beluga, White Whale",false
test_264,Bearded_Seal,5,conditional,1000.0,4,"Beluga,_White_Whale","Beluga, White Whale",false
test_264,Bearded_Seal,10,fixed_mean,1000.0,4,"Beluga,_White_Whale","Beluga, White Whale",false
test_264,Bearded_Seal,10,conditional,1000.0,4,False_Killer_Whale,False Killer Whale,false
test_264,Bearded_Seal,20,fixed_mean,1000.0,4,False_Killer_Whale,False Killer Whale,false
test_264,Bearded_Seal,20,conditional,1000.0,4,False_Killer_Whale,False Killer Whale,false
test_268,Bearded_Seal,1,fixed_mean,1000.0,0,"Beluga,_White_Whale","Beluga, White Whale",false
test_268,Bearded_Seal,1,conditional,1000.0,0,"Beluga,_White_Whale","Beluga, White Whale",false
test_268,Bearded_Seal,5,fixed_mean,1000.0,4,"Beluga,_White_Whale","Beluga, White Whale",false
test_268,Bearded_Seal,5,conditional,1000.0,4,"Beluga,_White_Whale","Beluga, White Whale",false
test_268,Bearded_Seal,10,fixed_mean,1000.0,4,"Beluga,_White_Whale","Beluga, White Whale",false
test_268,Bearded_Seal,10,conditional,1000.0,4,"Beluga,_White_Whale","Beluga, White Whale",false
test_268,Bearded_Seal,20,fixed_mean,1000.0,4,"Beluga,_White_Whale","Beluga, White Whale",false
test_268,Bearded_Seal,20,conditional,1000.0,4,"Beluga,_White_Whale","Beluga, White Whale",false
test_272,Bearded_Seal,1,fixed_mean,1000.0,0,"Beluga,_White_Whale","Beluga, White Whale",false
test_272,Bearded_Seal,1,conditional,1000.0,0,"Beluga,_White_Whale","Beluga, White Whale",false
test_272,Bearded_Seal,5,fixed_mean,1000.0,4,"Beluga,_White_Whale","Beluga, White Whale",false
test_272,Bearded_Seal,5,conditional,1000.0,4,Killer_Whale,Killer Whale,false
test_272,Bearded_Seal,10,fixed_mean,1000.0,4,"Beluga,_White_Whale","Beluga, White Whale",false
test_272,Bearded_Seal,10,conditional,1000.0,4,"Beluga,_White_Whale","Beluga, White Whale",false
test_272,Bearded_Seal,20,fixed_mean,1000.0,4,"Beluga,_White_Whale","Beluga, White Whale",false
test_272,Bearded_Seal,20,conditional,1000.0,4,"Beluga,_White_Whale","Beluga, White Whale",false
test_285,Bearded_Seal,1,fixed_mean,1000.0,0,"Beluga,_White_Whale","Beluga, White Whale",false
test_285,Bearded_Seal,1,conditional,1000.0,0,"Beluga,_White_Whale","Beluga, White Whale",false
test_285,Bearded_Seal,5,fixed_mean,1000.0,4,"Beluga,_White_Whale","Beluga, White Whale",false
test_285,Bearded_Seal,5,conditional,1000.0,4,"Beluga,_White_Whale","Beluga, White Whale",false
test_285,Bearded_Seal,10,fixed_mean,1000.0,4,"Beluga,_White_Whale","Beluga, White Whale",false
test_285,Bearded_Seal,10,conditional,1000.0,4,"Beluga,_White_Whale","Beluga, White Whale",false
test_285,Bearded_Seal,20,fixed_mean,1000.0,4,"Beluga,_White_Whale","Beluga, White Whale",false
test_285,Bearded_Seal,20,conditional,1000.0,4,"Beluga,_White_Whale","Beluga, White Whale",false
test_288,Minke_Whale,1,fixed_mean,1000.0,0,False_Killer_Whale,False Killer Whale,false
test_288,Minke_Whale,1,conditional,1000.0,0,False_Killer_Whale,False Killer Whale,false
test_288,Minke_Whale,5,fixed_mean,1000.0,4,False_Killer_Whale,False Killer Whale,false
test_288,Minke_Whale,5,conditional,1000.0,4,False_Killer_Whale,False Killer Whale,false
test_288,Minke_Whale,10,fixed_mean,1000.0,4,False_Killer_Whale,False Killer Whale,false
test_288,Minke_Whale,10,conditional,1000.0,4,False_Killer_Whale,False Killer Whale,false
test_288,Minke_Whale,20,fixed_mean,1000.0,4,False_Killer_Whale,False Killer Whale,false
test_288,Minke_Whale,20,conditional,1000.0,4,False_Killer_Whale,False Killer Whale,false
test_291,Minke_Whale,1,fixed_mean,1000.0,0,False_Killer_Whale,False Killer Whale,false
test_291,Minke_Whale,1,conditional,1000.0,0,False_Killer_Whale,False Killer Whale,false
test_291,Minke_Whale,5,fixed_mean,1000.0,4,False_Killer_Whale,False Killer Whale,false
test_291,Minke_Whale,5,conditional,1000.0,4,False_Killer_Whale,False Killer Whale,false
test_291,Minke_Whale,10,fixed_mean,1000.0,4,False_Killer_Whale,False Killer Whale,false
test_291,Minke_Whale,10,conditional,1000.0,4,False_Killer_Whale,False Killer Whale,false
test_291,Minke_Whale,20,fixed_mean,1000.0,4,False_Killer_Whale,False Killer Whale,false
test_291,Minke_Whale,20,conditional,1000.0,4,False_Killer_Whale,False Killer Whale,false
test_302,Minke_Whale,1,fixed_mean,1000.0,0,Bottlenose_Dolphin,Bottlenose Dolphin,false
test_302,Minke_Whale,1,conditional,1000.0,0,Bottlenose_Dolphin,Bottlenose Dolphin,false
test_302,Minke_Whale,5,fixed_mean,1000.0,4,Bottlenose_Dolphin,Bottlenose Dolphin,false
test_302,Minke_Whale,5,conditional,1000.0,4,Bottlenose_Dolphin,Bottlenose Dolphin,false
test_302,Minke_Whale,10,fixed_mean,1000.0,4,Bottlenose_Dolphin,Bottlenose Dolphin,false
test_302,Minke_Whale,10,conditional,1000.0,4,Bottlenose_Dolphin,Bottlenose Dolphin,false
test_302,Minke_Whale,20,fixed_mean,1000.0,4,Bottlenose_Dolphin,Bottlenose Dolphin,false
test_302,Minke_Whale,20,conditional,1000.0,4,Bottlenose_Dolphin,Bottlenose Dolphin,false
test_305,Humpback_Whale,1,fixed_mean,1000.0,0,"Beluga,_White_Whale","Beluga, White Whale",false
test_305,Humpback_Whale,1,conditional,1000.0,0,"Beluga,_White_Whale","Beluga, White Whale",false
test_305,Humpback_Whale,5,fixed_mean,1000.0,4,"Beluga,_White_Whale","Beluga, White Whale",false
test_305,Humpback_Whale,5,conditional,1000.0,4,"Beluga,_White_Whale","Beluga, White Whale",false
test_305,Humpback_Whale,10,fixed_mean,1000.0,4,"Beluga,_White_Whale","Beluga, White Whale",false
test_305,Humpback_Whale,10,conditional,1000.0,4,"Beluga,_White_Whale","Beluga, White Whale",false
test_305,Humpback_Whale,20,fixed_mean,1000.0,4,"Beluga,_White_Whale","Beluga, White Whale",false
test_305,Humpback_Whale,20,conditional,1000.0,4,"Beluga,_White_Whale","Beluga, White Whale",false
test_317,Humpback_Whale,1,fixed_mean,1000.0,0,"Beluga,_White_Whale","Beluga, White Whale",false
test_317,Humpback_Whale,1,conditional,1000.0,0,"Beluga,_White_Whale","Beluga, White Whale",false
test_317,Humpback_Whale,5,fixed_mean,1000.0,4,"Beluga,_White_Whale","Beluga, White Whale",false
test_317,Humpback_Whale,5,conditional,1000.0,4,"Beluga,_White_Whale","Beluga, White Whale",false
test_317,Humpback_Whale,10,fixed_mean,1000.0,4,"Beluga,_White_Whale","Beluga, White Whale",false
test_317,Humpback_Whale,10,conditional,1000.0,4,"Beluga,_White_Whale","Beluga, White Whale",false
test_317,Humpback_Whale,20,fixed_mean,1000.0,4,"Beluga,_White_Whale","Beluga, White Whale",false
test_317,Humpback_Whale,20,conditional,1000.0,4,"Beluga,_White_Whale","Beluga, White Whale",false
test_323,Humpback_Whale,1,fixed_mean,1000.0,0,"Beluga,_White_Whale","Beluga, White Whale",false
test_323,Humpback_Whale,1,conditional,1000.0,0,"Beluga,_White_Whale","Beluga, White Whale",false
test_323,Humpback_Whale,5,fixed_mean,1000.0,4,"Beluga,_White_Whale","Beluga, White Whale",false
test_323,Humpback_Whale,5,conditional,1000.0,4,"Beluga,_White_Whale","Beluga, White Whale",false
test_323,Humpback_Whale,10,fixed_mean,1000.0,4,"Beluga,_White_Whale","Beluga, White Whale",false
test_323,Humpback_Whale,10,conditional,1000.0,4,"Beluga,_White_Whale","Beluga, White Whale",false
test_323,Humpback_Whale,20,fixed_mean,1000.0,4,"Beluga,_White_Whale","Beluga, White Whale",false
test_323,Humpback_Whale,20,conditional,1000.0,4,"Beluga,_White_Whale","Beluga, White Whale",false
test_330,Humpback_Whale,1,fixed_mean,1000.0,0,Bottlenose_Dolphin,Bottlenose Dolphin,false
test_330,Humpback_Whale,1,conditional,1000.0,0,Bottlenose_Dolphin,Bottlenose Dolphin,false
test_330,Humpback_Whale,5,fixed_mean,1000.0,4,"Beluga,_White_Whale","Beluga, White Whale",false
test_330,Humpback_Whale,5,conditional,1000.0,4,Bottlenose_Dolphin,Bottlenose Dolphin,false
test_330,Humpback_Whale,10,fixed_mean,1000.0,4,Bottlenose_Dolphin,Bottlenose Dolphin,false
test_330,Humpback_Whale,10,conditional,1000.0,4,Bottlenose_Dolphin,Bottlenose Dolphin,false
test_330,Humpback_Whale,20,fixed_mean,1000.0,4,Bottlenose_Dolphin,Bottlenose Dolphin,false
test_330,Humpback_Whale,20,conditional,1000.0,4,Bottlenose_Dolphin,Bottlenose Dolphin,false
test_335,Humpback_Whale,1,fixed_mean,1000.0,0,Bottlenose_Dolphin,Bottlenose Dolphin,false
test_335,Humpback_Whale,1,conditional,1000.0,0,Bottlenose_Dolphin,Bottlenose Dolphin,false
test_335,Humpback_Whale,5,fixed_mean,1000.0,4,Bottlenose_Dolphin,Bottlenose Dolphin,false
test_335,Humpback_Whale,5,conditional,1000.0,4,Bottlenose_Dolphin,Bottlenose Dolphin,false
test_335,Humpback_Whale,10,fixed_mean,1000.0,4,Bottlenose_Dolphin,Bottlenose Dolphin,false
test_335,Humpback_Whale,10,conditional,1000.0,4,Bottlenose_Dolphin,Bottlenose Dolphin,false
test_335,Humpback_Whale,20,fixed_mean,1000.0,4,Bottlenose_Dolphin,Bottlenose Dolphin,false
test_335,Humpback_Whale,20,conditional,1000.0,4,Bottlenose_Dolphin,Bottlenose Dolphin,false
test_343,Humpback_Whale,1,fixed_mean,1000.0,0,"Beluga,_White_Whale","Beluga, White Whale",false
test_343,Humpback_Whale,1,conditional,1000.0,0,"Beluga,_White_Whale","Beluga, White Whale",false
test_343,Humpback_Whale,5,fixed_mean,1000.0,4,"Beluga,_White_Whale","Beluga, White Whale",false
test_343,Humpback_Whale,5,conditional,1000.0,4,"Beluga,_White_Whale","Beluga, White Whale",false
test_343,Humpback_Whale,10,fixed_mean,1000.0,4,"Beluga,_White_Whale","Beluga, White Whale",false
test_343,Humpback_Whale,10,conditional,1000.0,4,"Beluga,_White_Whale","Beluga, White Whale",false
test_343,Humpback_Whale,20,fixed_mean,1000.0,4,"Beluga,_White_Whale","Beluga, White Whale",false
test_343,Humpback_Whale,20,conditional,1000.0,4,"Beluga,_White_Whale","Beluga, White Whale",false
test_345,Humpback_Whale,1,fixed_mean,1000.0,0,Humpback_Whale,Humpback Whale,true
test_345,Humpback_Whale,1,conditional,1000.0,0,Humpback_Whale,Humpback Whale,true
test_345,Humpback_Whale,5,fixed_mean,1000.0,4,Sperm_Whale,Sperm Whale,false
test_345,Humpback_Whale,5,conditional,1000.0,4,Sperm_Whale,Sperm Whale,false
test_345,Humpback_Whale,10,fixed_mean,1000.0,4,Humpback_Whale,Humpback Whale,true
test_345,Humpback_Whale,10,conditional,1000.0,4,Humpback_Whale,Humpback Whale,true
test_345,Humpback_Whale,20,fixed_mean,1000.0,4,Humpback_Whale,Humpback Whale,true
test_345,Humpback_Whale,20,conditional,1000.0,4,Humpback_Whale,Humpback Whale,true
test_348,Humpback_Whale,1,fixed_mean,1000.0,0,"Beluga,_White_Whale","Beluga, White Whale",false
test_348,Humpback_Whale,1,conditional,1000.0,0,"Beluga,_White_Whale","Beluga, White Whale",false
test_348,Humpback_Whale,5,fixed_mean,1000.0,4,"Beluga,_White_Whale","Beluga, White Whale",false
test_348,Humpback_Whale,5,conditional,1000.0,4,"Beluga,_White_Whale","Beluga, White Whale",false
test_348,Humpback_Whale,10,fixed_mean,1000.0,4,"Beluga,_White_Whale","Beluga, White Whale",false
test_348,Humpback_Whale,10,conditional,1000.0,4,"Beluga,_White_Whale","Beluga, White Whale",false
test_348,Humpback_Whale,20,fixed_mean,1000.0,4,"Beluga,_White_Whale","Beluga, White Whale",false
test_348,Humpback_Whale,20,conditional,1000.0,4,"Beluga,_White_Whale","Beluga, White Whale",false
test_353,Humpback_Whale,1,fixed_mean,1000.0,0,"Beluga,_White_Whale","Beluga, White Whale",false
test_353,Humpback_Whale,1,conditional,1000.0,0,"Beluga,_White_Whale","Beluga, White Whale",false
test_353,Humpback_Whale,5,fixed_mean,1000.0,4,"Beluga,_White_Whale","Beluga, White Whale",false
test_353,Humpback_Whale,5,conditional,1000.0,4,"Beluga,_White_Whale","Beluga, White Whale",false
test_353,Humpback_Whale,10,fixed_mean,1000.0,4,"Beluga,_White_Whale","Beluga, White Whale",false
test_353,Humpback_Whale,10,conditional,1000.0,4,"Beluga,_White_Whale","Beluga, White Whale",false
test_353,Humpback_Whale,20,fixed_mean,1000.0,4,"Beluga,_White_Whale","Beluga, White Whale",false
test_353,Humpback_Whale,20,conditional,1000.0,4,"Beluga,_White_Whale","Beluga, White Whale",false
test_354,Humpback_Whale,1,fixed_mean,1000.0,0,"Beluga,_White_Whale","Beluga, White Whale",false
test_354,Humpback_Whale,1,conditional,1000.0,0,"Beluga,_White_Whale","Beluga, White Whale",false
test_354,Humpback_Whale,5,fixed_mean,1000.0,4,"Beluga,_White_Whale","Beluga, White Whale",false
test_354,Humpback_Whale,5,conditional,1000.0,4,"Beluga,_White_Whale","Beluga, White Whale",false
test_354,Humpback_Whale,10,fixed_mean,1000.0,4,"Beluga,_White_Whale","Beluga, White Whale",false
test_354,Humpback_Whale,10,conditional,1000.0,4,"Beluga,_White_Whale","Beluga, White Whale",false
test_354,Humpback_Whale,20,fixed_mean,1000.0,4,"Beluga,_White_Whale","Beluga, White Whale",false
test_354,Humpback_Whale,20,conditional,1000.0,4,"Beluga,_White_Whale","Beluga, White Whale",false
test_355,Humpback_Whale,1,fixed_mean,1000.0,0,"Beluga,_White_Whale","Beluga, White Whale",false
test_355,Humpback_Whale,1,conditional,1000.0,0,"Beluga,_White_Whale","Beluga, White Whale",false
test_355,Humpback_Whale,5,fixed_mean,1000.0,4,"Beluga,_White_Whale","Beluga, White Whale",false
test_355,Humpback_Whale,5,conditional,1000.0,4,"Beluga,_White_Whale","Beluga, White Whale",false
test_355,Humpback_Whale,10,fixed_mean,1000.0,4,"Beluga,_White_Whale","Beluga, White Whale",false
test_355,Humpback_Whale,10,conditional,1000.0,4,"Beluga,_White_Whale","Beluga, White Whale",false
test_355,Humpback_Whale,20,fixed_mean,1000.0,4,"Beluga,_White_Whale","Beluga, White Whale",false
test_355,Humpback_Whale,20,conditional,1000.0,4,"Beluga,_White_Whale","Beluga, White Whale",false
test_358,Humpback_Whale,1,fixed_mean,1000.0,0,False_Killer_Whale,False Killer Whale,false
test_358,Humpback_Whale,1,conditional,1000.0,0,False_Killer_Whale,False Killer Whale,false
test_358,Humpback_Whale,5,fixed_mean,1000.0,4,Humpback_Whale,Humpback Whale,true
test_358,Humpback_Whale,5,conditional,1000.0,4,Humpback_Whale,Humpback Whale,true
test_358,Humpback_Whale,10,fixed_mean,1000.0,4,False_Killer_Whale,False Killer Whale,false
test_358,Humpback_Whale,10,conditional,1000.0,4,Humpback_Whale,Humpback Whale,true
test_358,Humpback_Whale,20,fixed_mean,1000.0,4,False_Killer_Whale,False Killer Whale,false
test_358,Humpback_Whale,20,conditional,1000.0,4,False_Killer_Whale,False Killer Whale,false
test_364,Humpback_Whale,1,fixed_mean,1000.0,0,Bottlenose_Dolphin,Bottlenose Dolphin,false
test_364,Humpback_Whale,1,conditional,1000.0,0,Bottlenose_Dolphin,Bottlenose Dolphin,false
test_364,Humpback_Whale,5,fixed_mean,1000.0,4,Bottlenose_Dolphin,Bottlenose Dolphin,false
test_364,Humpback_Whale,5,conditional,1000.0,4,Bottlenose_Dolphin,Bottlenose Dolphin,false
test_364,Humpback_Whale,10,fixed_mean,1000.0,4,Bottlenose_Dolphin,Bottlenose Dolphin,false
test_364,Humpback_Whale,10,conditional,1000.0,4,Bottlenose_Dolphin,Bottlenose Dolphin,false
test_364,Humpback_Whale,20,fixed_mean,1000.0,4,Bottlenose_Dolphin,Bottlenose Dolphin,false
test_364,Humpback_Whale,20,conditional,1000.0,4,Bottlenose_Dolphin,Bottlenose Dolphin,false
test_369,Southern_Right_Whale,1,fixed_mean,1000.0,0,"Beluga,_White_Whale","Beluga, White Whale",false
test_369,Southern_Right_Whale,1,conditional,1000.0,0,"Beluga,_White_Whale","Beluga, White Whale",false
test_369,Southern_Right_Whale,5,fixed_mean,1000.0,4,"Beluga,_White_Whale","Beluga, White Whale",false
test_369,Southern_Right_Whale,5,conditional,1000.0,4,"Beluga,_White_Whale","Beluga, White Whale",false
test_369,Southern_Right_Whale,10,fixed_mean,1000.0,4,"Beluga,_White_Whale","Beluga, White Whale",false
test_369,Southern_Right_Whale,10,conditional,1000.0,4,"Beluga,_White_Whale","Beluga, White Whale",false
test_369,Southern_Right_Whale,20,fixed_mean,1000.0,4,"Beluga,_White_Whale","Beluga, White Whale",false
test_369,Southern_Right_Whale,20,conditional,1000.0,4,False_Killer_Whale,False Killer Whale,false
test_376,Southern_Right_Whale,1,fixed_mean,1000.0,0,"Beluga,_White_Whale","Beluga, White Whale",false
test_376,Southern_Right_Whale,1,conditional,1000.0,0,"Beluga,_White_Whale","Beluga, White Whale",false
test_376,Southern_Right_Whale,5,fixed_mean,1000.0,4,"Beluga,_White_Whale","Beluga, White Whale",false
test_376,Southern_Right_Whale,5,conditional,1000.0,4,"Beluga,_White_Whale","Beluga, White Whale",false
test_376,Southern_Right_Whale,10,fixed_mean,1000.0,4,"Beluga,_White_Whale","Beluga, White Whale",false
test_376,Southern_Right_Whale,10,conditional,1000.0,4,"Beluga,_White_Whale","Beluga, White Whale",false
test_376,Southern_Right_Whale,20,fixed_mean,1000.0,4,"Beluga,_White_Whale","Beluga, White Whale",false
test_376,Southern_Right_Whale,20,conditional,1000.0,4,"Beluga,_White_Whale","Beluga, White Whale",false
test_381,Southern_Right_Whale,1,fixed_mean,1000.0,0,"Beluga,_White_Whale","Beluga, White Whale",false
test_381,Southern_Right_Whale,1,conditional,1000.0,0,"Beluga,_White_Whale","Beluga, White Whale",false
test_381,Southern_Right_Whale,5,fixed_mean,1000.0,4,"Beluga,_White_Whale","Beluga, White Whale",false
test_381,Southern_Right_Whale,5,conditional,1000.0,4,False_Killer_Whale,False Killer Whale,false
test_381,Southern_Right_Whale,10,fixed_mean,1000.0,4,"Beluga,_White_Whale","Beluga, White Whale",false
test_381,Southern_Right_Whale,10,conditional,1000.0,4,"Beluga,_White_Whale","Beluga, White Whale",false
test_381,Southern_Right_Whale,20,fixed_mean,1000.0,4,"Beluga,_White_Whale","Beluga, White Whale",false
test_381,Southern_Right_Whale,20,conditional,1000.0,4,False_Killer_Whale,False Killer Whale,false
test_385,Southern_Right_Whale,1,fixed_mean,1000.0,0,"Beluga,_White_Whale","Beluga, White Whale",false
test_385,Southern_Right_Whale,1,conditional,1000.0,0,"Beluga,_White_Whale","Beluga, White Whale",false
test_385,Southern_Right_Whale,5,fixed_mean,1000.0,4,"Beluga,_White_Whale","Beluga, White Whale",false
test_385,Southern_Right_Whale,5,conditional,1000.0,4,"Beluga,_White_Whale","Beluga, White Whale",false
test_385,Southern_Right_Whale,10,fixed_mean,1000.0,4,"Beluga,_White_Whale","Beluga, White Whale",false
test_385,Southern_Right_Whale,10,conditional,1000.0,4,"Beluga,_White_Whale","Beluga, White Whale",false
test_385,Southern_Right_Whale,20,fixed_mean,1000.0,4,"Beluga,_White_Whale","Beluga, White Whale",false
test_385,Southern_Right_Whale,20,conditional,1000.0,4,"Beluga,_White_Whale","Beluga, White Whale",false
test_392,Southern_Right_Whale,1,fixed_mean,1000.0,0,"Beluga,_White_Whale","Beluga, White Whale",false
test_392,Southern_Right_Whale,1,conditional,1000.0,0,"Beluga,_White_Whale","Beluga, White Whale",false
test_392,Southern_Right_Whale,5,fixed_mean,1000.0,4,"Beluga,_White_Whale","Beluga, White Whale",false
test_392,Southern_Right_Whale,5,conditional,1000.0,4,"Beluga,_White_Whale","Beluga, White Whale",false
test_392,Southern_Right_Whale,10,fixed_mean,1000.0,4,"Beluga,_White_Whale","Beluga, White Whale",false
test_392,Southern_Right_Whale,10,conditional,1000.0,4,"Beluga,_White_Whale","Beluga, White Whale",false
test_392,Southern_Right_Whale,20,fixed_mean,1000.0,4,"Beluga,_White_Whale","Beluga, White Whale",false
test_392,Southern_Right_Whale,20,conditional,1000.0,4,"Beluga,_White_Whale","Beluga, White Whale",false
test_401,White-sided_Dolphin,1,fixed_mean,1000.0,0,"Beluga,_White_Whale","Beluga, White Whale",false
test_401,White-sided_Dolphin,1,conditional,1000.0,0,"Beluga,_White_Whale","Beluga, White Whale",false
test_401,White-sided_Dolphin,5,fixed_mean,1000.0,4,"Beluga,_White_Whale","Beluga, White Whale",false
test_401,White-sided_Dolphin,5,conditional,1000.0,4,"Beluga,_White_Whale","Beluga, White Whale",false
test_401,White-sided_Dolphin,10,fixed_mean,1000.0,4,"Beluga,_White_Whale","Beluga, White Whale",false
test_401,White-sided_Dolphin,10,conditional,1000.0,4,False_Killer_Whale,False Killer Whale,false
test_401,White-sided_Dolphin,20,fixed_mean,1000.0,4,"Beluga,_White_Whale","Beluga, White Whale",false
test_401,White-sided_Dolphin,20,conditional,1000.0,4,False_Killer_Whale,False Killer Whale,false
test_406,White-sided_Dolphin,1,fixed_mean,1000.0,0,False_Killer_Whale,False Killer Whale,false
test_406,White-sided_Dolphin,1,conditional,1000.0,0,False_Killer_Whale,False Killer Whale,false
test_406,White-sided_Dolphin,5,fixed_mean,1000.0,4,False_Killer_Whale,False Killer Whale,false
test_406,White-sided_Dolphin,5,conditional,1000.0,4,False_Killer_Whale,False Killer Whale,false
test_406,White-sided_Dolphin,10,fixed_mean,1000.0,4,False_Killer_Whale,False Killer Whale,false
test_406,White-sided_Dolphin,10,conditional,1000.0,4,False_Killer_Whale,False Killer Whale,false
test_406,White-sided_Dolphin,20,fixed_mean,1000.0,4,False_Killer_Whale,False Killer Whale,false
test_406,White-sided_Dolphin,20,conditional,1000.0,4,False_Killer_Whale,False Killer Whale,false
test_408,White-sided_Dolphin,1,fixed_mean,1000.0,0,False_Killer_Whale,False Killer Whale,false
test_408,White-sided_Dolphin,1,conditional,1000.0,0,False_Killer_Whale,False Killer Whale,false
test_408,White-sided_Dolphin,5,fixed_mean,1000.0,4,False_Killer_Whale,False Killer Whale,false
test_408,White-sided_Dolphin,5,conditional,1000.0,4,False_Killer_Whale,False Killer Whale,false
test_408,White-sided_Dolphin,10,fixed_mean,1000.0,4,False_Killer_Whale,False Killer Whale,false
test_408,White-sided_Dolphin,10,conditional,1000.0,4,False_Killer_Whale,False Killer Whale,false
test_408,White-sided_Dolphin,20,fixed_mean,1000.0,4,False_Killer_Whale,False Killer Whale,false
test_408,White-sided_Dolphin,20,conditional,1000.0,4,False_Killer_Whale,False Killer Whale,false
test_410,White-sided_Dolphin,1,fixed_mean,1000.0,0,False_Killer_Whale,False Killer Whale,false
test_410,White-sided_Dolphin,1,conditional,1000.0,0,False_Killer_Whale,False Killer Whale,false
test_410,White-sided_Dolphin,5,fixed_mean,1000.0,4,"Beluga,_White_Whale","Beluga, White Whale",false
test_410,White-sided_Dolphin,5,conditional,1000.0,4,"Beluga,_White_Whale","Beluga, White Whale",false
test_410,White-sided_Dolphin,10,fixed_mean,1000.0,4,False_Killer_Whale,False Killer Whale,false
test_410,White-sided_Dolphin,10,conditional,1000.0,4,"Beluga,_White_Whale","Beluga, White Whale",false
test_410,White-sided_Dolphin,20,fixed_mean,1000.0,4,False_Killer_Whale,False Killer Whale,false
test_410,White-sided_Dolphin,20,conditional,1000.0,4,"Beluga,_White_Whale","Beluga, White Whale",false
test_411,White-sided_Dolphin,1,fixed_mean,1000.0,0,"Beluga,_White_Whale","Beluga, White Whale",false
test_411,White-sided_Dolphin,1,conditional,1000.0,0,"Beluga,_White_Whale","Beluga, White Whale",false
test_411,White-sided_Dolphin,5,fixed_mean,1000.0,4,"Beluga,_White_Whale","Beluga, White Whale",false
test_411,White-sided_Dolphin,5,conditional,1000.0,4,"Beluga,_White_Whale","Beluga, White Whale",false
test_411,White-sided_Dolphin,10,fixed_mean,1000.0,4,"Beluga,_White_Whale","Beluga, White Whale",false
test_411,White-sided_Dolphin,10,conditional,1000.0,4,False_Killer_Whale,False Killer Whale,false
test_411,White-sided_Dolphin,20,fixed_mean,1000.0,4,"Beluga,_White_Whale","Beluga, White Whale",false
test_411,White-sided_Dolphin,20,conditional,1000.0,4,"Beluga,_White_Whale","Beluga, White Whale",false
test_417,White-sided_Dolphin,1,fixed_mean,1000.0,0,False_Killer_Whale,False Killer Whale,false
test_417,White-sided_Dolphin,1,conditional,1000.0,0,False_Killer_Whale,False Killer Whale,false
test_417,White-sided_Dolphin,5,fixed_mean,1000.0,4,False_Killer_Whale,False Killer Whale,false
test_417,White-sided_Dolphin,5,conditional,1000.0,4,False_Killer_Whale,False Killer Whale,false
test_417,White-sided_Dolphin,10,fixed_mean,1000.0,4,False_Killer_Whale,False Killer Whale,false
test_417,White-sided_Dolphin,10,conditional,1000.0,4,False_Killer_Whale,False Killer Whale,false
test_417,White-sided_Dolphin,20,fixed_mean,1000.0,4,False_Killer_Whale,False Killer Whale,false
test_417,White-sided_Dolphin,20,conditional,1000.0,4,False_Killer_Whale,False Killer Whale,false
test_419,White-sided_Dolphin,1,fixed_mean,1000.0,0,False_Killer_Whale,False Killer Whale,false
test_419,White-sided_Dolphin,1,conditional,1000.0,0,False_Killer_Whale,False Killer Whale,false
test_419,White-sided_Dolphin,5,fixed_mean,1000.0,4,False_Killer_Whale,False Killer Whale,false
test_419,White-sided_Dolphin,5,conditional,1000.0,4,False_Killer_Whale,False Killer Whale,false
test_419,White-sided_Dolphin,10,fixed_mean,1000.0,4,False_Killer_Whale,False Killer Whale,false
test_419,White-sided_Dolphin,10,conditional,1000.0,4,False_Killer_Whale,False Killer Whale,false
test_419,White-sided_Dolphin,20,fixed_mean,1000.0,4,False_Killer_Whale,False Killer Whale,false
test_419,White-sided_Dolphin,20,conditional,1000.0,4,False_Killer_Whale,False Killer Whale,false
test_421,White-sided_Dolphin,1,fixed_mean,1000.0,0,"Beluga,_White_Whale","Beluga, White Whale",false
test_421,White-sided_Dolphin,1,conditional,1000.0,0,"Beluga,_White_Whale","Beluga, White Whale",false
test_421,White-sided_Dolphin,5,fixed_mean,1000.0,4,"Beluga,_White_Whale","Beluga, White Whale",false
test_421,White-sided_Dolphin,5,conditional,1000.0,4,"Beluga,_White_Whale","Beluga, White Whale",false
test_421,White-sided_Dolphin,10,fixed_mean,1000.0,4,"Beluga,_White_Whale","Beluga, White Whale",false
test_421,White-sided_Dolphin,10,conditional,1000.0,4,False_Killer_Whale,False Killer Whale,false
test_421,White-sided_Dolphin,20,fixed_mean,1000.0,4,"Beluga,_White_Whale","Beluga, White Whale",false
test_421,White-sided_Dolphin,20,conditional,1000.0,4,"Beluga,_White_Whale","Beluga, White Whale",false
test_425,White-sided_Dolphin,1,fixed_mean,1000.0,0,False_Killer_Whale,False Killer Whale,false
test_425,White-sided_Dolphin,1,conditional,1000.0,0,False_Killer_Whale,False Killer Whale,false
test_425,White-sided_Dolphin,5,fixed_mean,1000.0,4,"Beluga,_White_Whale","Beluga, White Whale",false
test_425,White-sided_Dolphin,5,conditional,1000.0,4,"Beluga,_White_Whale","Beluga, White Whale",false
test_425,White-sided_Dolphin,10,fixed_mean,1000.0,4,"Beluga,_White_Whale","Beluga, White Whale",false
test_425,White-sided_Dolphin,10,conditional,1000.0,4,False_Killer_Whale,False Killer Whale,false
test_425,White-sided_Dolphin,20,fixed_mean,1000.0,4,False_Killer_Whale,False Killer Whale,false
test_425,White-sided_Dolphin,20,conditional,1000.0,4,False_Killer_Whale,False Killer Whale,false
test_431,White-sided_Dolphin,1,fixed_mean,1000.0,0,"Beluga,_White_Whale","Beluga, White Whale",false
test_431,White-sided_Dolphin,1,conditional,1000.0,0,"Beluga,_White_Whale","Beluga, White Whale",false
test_431,White-sided_Dolphin,5,fixed_mean,1000.0,4,"Beluga,_White_Whale","Beluga, White Whale",false
test_431,White-sided_Dolphin,5,conditional,1000.0,4,"Beluga,_White_Whale","Beluga, White Whale",false
test_431,White-sided_Dolphin,10,fixed_mean,1000.0,4,"Beluga,_White_Whale","Beluga, White Whale",false
test_431,White-sided_Dolphin,10,conditional,1000.0,4,Bottlenose_Dolphin,Bottlenose Dolphin,false
test_431,White-sided_Dolphin,20,fixed_mean,1000.0,4,"Beluga,_White_Whale","Beluga, White Whale",false
test_431,White-sided_Dolphin,20,conditional,1000.0,4,False_Killer_Whale,False Killer Whale,false
test_441,White-sided_Dolphin,1,fixed_mean,1000.0,0,False_Killer_Whale,False Killer Whale,false
test_441,White-sided_Dolphin,1,conditional,1000.0,0,False_Killer_Whale,False Killer Whale,false
test_441,White-sided_Dolphin,5,fixed_mean,1000.0,4,"Beluga,_White_Whale","Beluga, White Whale",false
test_441,White-sided_Dolphin,5,conditional,1000.0,4,False_Killer_Whale,False Killer Whale,false
test_441,White-sided_Dolphin,10,fixed_mean,1000.0,4,"Beluga,_White_Whale","Beluga, White Whale",false
test_441,White-sided_Dolphin,10,conditional,1000.0,4,False_Killer_Whale,False Killer Whale,false
test_441,White-sided_Dolphin,20,fixed_mean,1000.0,4,False_Killer_Whale,False Killer Whale,false
test_441,White-sided_Dolphin,20,conditional,1000.0,4,False_Killer_Whale,False Killer Whale,false
test_451,Narwhal,1,fixed_mean,1000.0,0,False_Killer_Whale,False Killer Whale,false
test_451,Narwhal,1,conditional,1000.0,0,False_Killer_Whale,False Killer Whale,false
test_451,Narwhal,5,fixed_mean,1000.0,4,"Beluga,_White_Whale","Beluga, White Whale",false
test_451,Narwhal,5,conditional,1000.0,4,False_Killer_Whale,False Killer Whale,false
test_451,Narwhal,10,fixed_mean,1000.0,4,"Beluga,_White_Whale","Beluga, White Whale",false
test_451,Narwhal,10,conditional,1000.0,4,"Beluga,_White_Whale","Beluga, White Whale",false
test_451,Narwhal,20,fixed_mean,1000.0,4,False_Killer_Whale,False Killer Whale,false
test_451,Narwhal,20,conditional,1000.0,4,False_Killer_Whale,False Killer Whale,false
test_461,Narwhal,1,fixed_mean,1000.0,0,"Beluga,_White_Whale","Beluga, White Whale",false
test_461,Narwhal,1,conditional,1000.0,0,"Beluga,_White_Whale","Beluga, White Whale",false
test_461,Narwhal,5,fixed_mean,1000.0,4,"Beluga,_White_Whale","Beluga, White Whale",false
test_461,Narwhal,5,conditional,1000.0,4,Bottlenose_Dolphin,Bottlenose Dolphin,false
test_461,Narwhal,10,fixed_mean,1000.0,4,"Beluga,_White_Whale","Beluga, White Whale",false
test_461,Narwhal,10,conditional,1000.0,4,"Beluga,_White_Whale","Beluga, White Whale",false
test_461,Narwhal,20,fixed_mean,1000.0,4,"Beluga,_White_Whale","Beluga, White Whale",false
test_461,Narwhal,20,conditional,1000.0,4,"Beluga,_White_Whale","Beluga, White Whale",false
test_463,Narwhal,1,fixed_mean,1000.0,0,False_Killer_Whale,False Killer Whale,false
test_463,Narwhal,1,conditional,1000.0,0,False_Killer_Whale,False Killer Whale,false
test_463,Narwhal,5,fixed_mean,1000.0,4,"Beluga,_White_Whale","Beluga, White Whale",false
test_463,Narwhal,5,conditional,1000.0,4,False_Killer_Whale,False Killer Whale,false
test_463,Narwhal,10,fixed_mean,1000.0,4,"Beluga,_White_Whale","Beluga, White Whale",false
test_463,Narwhal,10,conditional,1000.0,4,False_Killer_Whale,False Killer Whale,false
test_463,Narwhal,20,fixed_mean,1000.0,4,False_Killer_Whale,False Killer Whale,false
test_463,Narwhal,20,conditional,1000.0,4,False_Killer_Whale,False Killer Whale,false
test_465,Narwhal,1,fixed_mean,1000.0,0,"Beluga,_White_Whale","Beluga, White Whale",false
test_465,Narwhal,1,conditional,1000.0,0,"Beluga,_White_Whale","Beluga, White Whale",false
test_465,Narwhal,5,fixed_mean,1000.0,4,"Beluga,_White_Whale","Beluga, White Whale",false
test_465,Narwhal,5,conditional,1000.0,4,Bottlenose_Dolphin,Bottlenose Dolphin,false
test_465,Narwhal,10,fixed_mean,1000.0,4,"Beluga,_White_Whale","Beluga, White Whale",false
test_465,Narwhal,10,conditional,1000.0,4,False_Killer_Whale,False Killer Whale,false
test_465,Narwhal,20,fixed_mean,1000.0,4,"Beluga,_White_Whale","Beluga, White Whale",false
test_465,Narwhal,20,conditional,1000.0,4,Bottlenose_Dolphin,Bottlenose Dolphin,false
test_471,Narwhal,1,fixed_mean,1000.0,0,"Beluga,_White_Whale","Beluga, White Whale",false
test_471,Narwhal,1,conditional,1000.0,0,"Beluga,_White_Whale","Beluga, White Whale",false
test_471,Narwhal,5,fixed_mean,1000.0,4,"Beluga,_White_Whale","Beluga, White Whale",false
test_471,Narwhal,5,conditional,1000.0,4,Bottlenose_Dolphin,Bottlenose Dolphin,false
test_471,Narwhal,10,fixed_mean,1000.0,4,"Beluga,_White_Whale","Beluga, White Whale",false
test_471,Narwhal,10,conditional,1000.0,4,Bottlenose_Dolphin,Bottlenose Dolphin,false
test_471,Narwhal,20,fixed_mean,1000.0,4,"Beluga,_White_Whale","Beluga, White Whale",false
test_471,Narwhal,20,conditional,1000.0,4,"Beluga,_White_Whale","Beluga, White Whale",false
test_473,Narwhal,1,fixed_mean,1000.0,0,False_Killer_Whale,False Killer Whale,false
test_473,Narwhal,1,conditional,1000.0,0,False_Killer_Whale,False Killer Whale,false
test_473,Narwhal,5,fixed_mean,1000.0,4,"Beluga,_White_Whale","Beluga, White Whale",false
test_473,Narwhal,5,conditional,1000.0,4,False_Killer_Whale,False Killer Whale,false
test_473,Narwhal,10,fixed_mean,1000.0,4,False_Killer_Whale,False Killer Whale,false
test_473,Narwhal,10,conditional,1000.0,4,False_Killer_Whale,False Killer Whale,false
test_473,Narwhal,20,fixed_mean,1000.0,4,False_Killer_Whale,False Killer Whale,false
test_473,Narwhal,20,conditional,1000.0,4,False_Killer_Whale,False Killer Whale,false
test_474,Narwhal,1,fixed_mean,1000.0,0,"Beluga,_White_Whale","Beluga, White Whale",false
test_474,Narwhal,1,conditional,1000.0,0,"Beluga,_White_Whale","Beluga, White Whale",false
test_474,Narwhal,5,fixed_mean,1000.0,4,"Beluga,_White_Whale","Beluga, White Whale",false
test_474,Narwhal,5,conditional,1000.0,4,False_Killer_Whale,False Killer Whale,false
test_474,Narwhal,10,fixed_mean,1000.0,4,"Beluga,_White_Whale","Beluga, White Whale",false
test_474,Narwhal,10,conditional,1000.0,4,False_Killer_Whale,False Killer Whale,false
test_474,Narwhal,20,fixed_mean,1000.0,4,False_Killer_Whale,False Killer Whale,false
test_474,Narwhal,20,conditional,1000.0,4,False_Killer_Whale,False Killer Whale,false
test_483,Narwhal,1,fixed_mean,1000.0,0,False_Killer_Whale,False Killer Whale,false
test_483,Narwhal,1,conditional,1000.0,0,False_Killer_Whale,False Killer Whale,false
test_483,Narwhal,5,fixed_mean,1000.0,4,"Beluga,_White_Whale","Beluga, White Whale",false
test_483,Narwhal,5,conditional,1000.0,4,False_Killer_Whale,False Killer Whale,false
test_483,Narwhal,10,fixed_mean,1000.0,4,"Beluga,_White_Whale","Beluga, White Whale",false
test_483,Narwhal,10,conditional,1000.0,4,False_Killer_Whale,False Killer Whale,false
test_483,Narwhal,20,fixed_mean,1000.0,4,False_Killer_Whale,False Killer Whale,false
test_483,Narwhal,20,conditional,1000.0,4,False_Killer_Whale,False Killer Whale,false
test_494,Narwhal,1,fixed_mean,1000.0,0,False_Killer_Whale,False Killer Whale,false
test_494,Narwhal,1,conditional,1000.0,0,False_Killer_Whale,False Killer Whale,false
test_494,Narwhal,5,fixed_mean,1000.0,4,"Beluga,_White_Whale","Beluga, White Whale",false
test_494,Narwhal,5,conditional,1000.0,4,False_Killer_Whale,False Killer Whale,false
test_494,Narwhal,10,fixed_mean,1000.0,4,"Beluga,_White_Whale","Beluga, White Whale",false
test_494,Narwhal,10,conditional,1000.0,4,False_Killer_Whale,False Killer Whale,false
test_494,Narwhal,20,fixed_mean,1000.0,4,"Beluga,_White_Whale","Beluga, White Whale",false
test_494,Narwhal,20,conditional,1000.0,4,False_Killer_Whale,False Killer Whale,false
test_495,Narwhal,1,fixed_mean,1000.0,0,False_Killer_Whale,False Killer Whale,false
test_495,Narwhal,1,conditional,1000.0,0,False_Killer_Whale,False Killer Whale,false
test_495,Narwhal,5,fixed_mean,1000.0,4,False_Killer_Whale,False Killer Whale,false
test_495,Narwhal,5,conditional,1000.0,4,False_Killer_Whale,False Killer Whale,false
test_495,Narwhal,10,fixed_mean,1000.0,4,False_Killer_Whale,False Killer Whale,false
test_495,Narwhal,10,conditional,1000.0,4,False_Killer_Whale,False Killer Whale,false
test_495,Narwhal,20,fixed_mean,1000.0,4,False_Killer_Whale,False Killer Whale,false
test_495,Narwhal,20,conditional,1000.0,4,False_Killer_Whale,False Killer Whale,false
test_501,White-beaked_Dolphin,1,fixed_mean,1000.0,0,False_Killer_Whale,False Killer Whale,false
test_501,White-beaked_Dolphin,1,conditional,1000.0,0,False_Killer_Whale,False Killer Whale,false
test_501,White-beaked_Dolphin,5,fixed_mean,1000.0,4,False_Killer_Whale,False Killer Whale,false
test_501,White-beaked_Dolphin,5,conditional,1000.0,4,"Beluga,_White_Whale","Beluga, White Whale",false
test_501,White-beaked_Dolphin,10,fixed_mean,1000.0,4,False_Killer_Whale,False Killer Whale,false
test_501,White-beaked_Dolphin,10,conditional,1000.0,4,"Beluga,_White_Whale","Beluga, White Whale",false
test_501,White-beaked_Dolphin,20,fixed_mean,1000.0,4,False_Killer_Whale,False Killer Whale,false
test_501,White-beaked_Dolphin,20,conditional,1000.0,4,"Beluga,_White_Whale","Beluga, White Whale",false
test_503,White-beaked_Dolphin,1,fixed_mean,1000.0,0,False_Killer_Whale,False Killer Whale,false
test_503,White-beaked_Dolphin,1,conditional,1000.0,0,False_Killer_Whale,False Killer Whale,false
test_503,White-beaked_Dolphin,5,fixed_mean,1000.0,4,False_Killer_Whale,False Killer Whale,false
test_503,White-beaked_Dolphin,5,conditional,1000.0,4,"Beluga,_White_Whale","Beluga, White Whale",false
test_503,White-beaked_Dolphin,10,fixed_mean,1000.0,4,False_Killer_Whale,False Killer Whale,false
test_503,White-beaked_Dolphin,10,conditional,1000.0,4,"Beluga,_White_Whale","Beluga, White Whale",false
test_503,White-beaked_Dolphin,20,fixed_mean,1000.0,4,False_Killer_Whale,False Killer Whale,false
test_503,White-beaked_Dolphin,20,conditional,1000.0,4,"Beluga,_White_Whale","Beluga, White Whale",false
test_506,White-beaked_Dolphin,1,fixed_mean,1000.0,0,False_Killer_Whale,False Killer Whale,false
test_506,White-beaked_Dolphin,1,conditional,1000.0,0,False_Killer_Whale,False Killer Whale,false
test_506,White-beaked_Dolphin,5,fixed_mean,1000.0,4,"Beluga,_White_Whale","Beluga, White Whale",false
test_506,White-beaked_Dolphin,5,conditional,1000.0,4,False_Killer_Whale,False Killer Whale,false
test_506,White-beaked_Dolphin,10,fixed_mean,1000.0,4,False_Killer_Whale,False Killer Whale,false
test_506,White-beaked_Dolphin,10,conditional,1000.0,4,False_Killer_Whale,False Killer Whale,false
test_506,White-beaked_Dolphin,20,fixed_mean,1000.0,4,False_Killer_Whale,False Killer Whale,false
test_506,White-beaked_Dolphin,20,conditional,1000.0,4,False_Killer_Whale,False Killer Whale,false
test_509,White-beaked_Dolphin,1,fixed_mean,1000.0,0,"Beluga,_White_Whale","Beluga, White Whale",false
test_509,White-beaked_Dolphin,1,conditional,1000.0,0,"Beluga,_White_Whale","Beluga, White Whale",false
test_509,White-beaked_Dolphin,5,fixed_mean,1000.0,4,"Beluga,_White_Whale","Beluga, White Whale",false
test_509,White-beaked_Dolphin,5,conditional,1000.0,4,Humpback_Whale,Humpback Whale,false
test_509,White-beaked_Dolphin,10,fixed_mean,1000.0,4,"Beluga,_White_Whale","Beluga, White Whale",false
test_509,White-beaked_Dolphin,10,conditional,1000.0,4,"Beluga,_White_Whale","Beluga, White Whale",false
test_509,White-beaked_Dolphin,20,fixed_mean,1000.0,4,Bottlenose_Dolphin,Bottlenose Dolphin,false
test_509,White-beaked_Dolphin,20,conditional,1000.0,4,False_Killer_Whale,False Killer Whale,false
test_518,White-beaked_Dolphin,1,fixed_mean,1000.0,0,False_Killer_Whale,False Killer Whale,false
test_518,White-beaked_Dolphin,1,conditional,1000.0,0,False_Killer_Whale,False Killer Whale,false
test_518,White-beaked_Dolphin,5,fixed_mean,1000.0,4,False_Killer_Whale,False Killer Whale,false
test_518,White-beaked_Dolphin,5,conditional,1000.0,4,"Beluga,_White_Whale","Beluga, White Whale",false
test_518,White-beaked_Dolphin,10,fixed_mean,1000.0,4,False_Killer_Whale,False Killer Whale,false
test_518,White-beaked_Dolphin,10,conditional,1000.0,4,"Beluga,_White_Whale","Beluga, White Whale",false
test_518,White-beaked_Dolphin,20,fixed_mean,1000.0,4,False_Killer_Whale,False Killer Whale,false
test_518,White-beaked_Dolphin,20,conditional,1000.0,4,False_Killer_Whale,False Killer Whale,false
test_523,White-beaked_Dolphin,1,fixed_mean,1000.0,0,"Beluga,_White_Whale","Beluga, White Whale",false
test_523,White-beaked_Dolphin,1,conditional,1000.0,0,"Beluga,_White_Whale","Beluga, White Whale",false
test_523,White-beaked_Dolphin,5,fixed_mean,1000.0,4,"Beluga,_White_Whale","Beluga, White Whale",false
test_523,White-beaked_Dolphin,5,conditional,1000.0,4,Bottlenose_Dolphin,Bottlenose Dolphin,false
test_523,White-beaked_Dolphin,10,fixed_mean,1000.0,4,"Beluga,_White_Whale","Beluga, White Whale",false
test_523,White-beaked_Dolphin,10,conditional,1000.0,4,Bottlenose_Dolphin,Bottlenose Dolphin,false
test_523,White-beaked_Dolphin,20,fixed_mean,1000.0,4,"Beluga,_White_Whale","Beluga, White Whale",false
test_523,White-beaked_Dolphin,20,conditional,1000.0,4,"Beluga,_White_Whale","Beluga, White Whale",false
test_524,White-beaked_Dolphin,1,fixed_mean,1000.0,0,False_Killer_Whale,False Killer Whale,false
test_524,White-beaked_Dolphin,1,conditional,1000.0,0,False_Killer_Whale,False Killer Whale,false
test_524,White-beaked_Dolphin,5,fixed_mean,1000.0,4,False_Killer_Whale,False Killer Whale,false
test_524,White-beaked_Dolphin,5,conditional,1000.0,4,"Beluga,_White_Whale","Beluga, White Whale",false
test_524,White-beaked_Dolphin,10,fixed_mean,1000.0,4,False_Killer_Whale,False Killer Whale,false
test_524,White-beaked_Dolphin,10,conditional,1000.0,4,"Beluga,_White_Whale","Beluga, White Whale",false
test_524,White-beaked_Dolphin,20,fixed_mean,1000.0,4,False_Killer_Whale,False Killer Whale,false
test_524,White-beaked_Dolphin,20,conditional,1000.0,4,"Beluga,_White_Whale","Beluga, White Whale",false
test_527,White-beaked_Dolphin,1,fixed_mean,1000.0,0,Bottlenose_Dolphin,Bottlenose Dolphin,false
test_527,White-beaked_Dolphin,1,conditional,1000.0,0,Bottlenose_Dolphin,Bottlenose Dolphin,false
test_527,White-beaked_Dolphin,5,fixed_mean,1000.0,4,Bottlenose_Dolphin,Bottlenose Dolphin,false
test_527,White-beaked_Dolphin,5,conditional,1000.0,4,Bottlenose_Dolphin,Bottlenose Dolphin,false
test_527,White-beaked_Dolphin,10,fixed_mean,1000.0,4,Bottlenose_Dolphin,Bottlenose Dolphin,false
test_527,White-beaked_Dolphin,10,conditional,1000.0,4,Bottlenose_Dolphin,Bottlenose Dolphin,false
test_527,White-beaked_Dolphin,20,fixed_mean,1000.0,4,Bottlenose_Dolphin,Bottlenose Dolphin,false
test_527,White-beaked_Dolphin,20,conditional,1000.0,4,Bottlenose_Dolphin,Bottlenose Dolphin,false
test_539,White-beaked_Dolphin,1,fixed_mean,1000.0,0,Bottlenose_Dolphin,Bottlenose Dolphin,false
test_539,White-beaked_Dolphin,1,conditional,1000.0,0,Bottlenose_Dolphin,Bottlenose Dolphin,false
test_539,White-beaked_Dolphin,5,fixed_mean,1000.0,4,Bottlenose_Dolphin,Bottlenose Dolphin,false
test_539,White-beaked_Dolphin,5,conditional,1000.0,4,Bottlenose_Dolphin,Bottlenose Dolphin,false
test_539,White-beaked_Dolphin,10,fixed_mean,1000.0,4,Bottlenose_Dolphin,Bottlenose Dolphin,false
test_539,White-beaked_Dolphin,10,conditional,1000.0,4,Bottlenose_Dolphin,Bottlenose Dolphin,false
test_539,White-beaked_Dolphin,20,fixed_mean,1000.0,4,Bottlenose_Dolphin,Bottlenose Dolphin,false
test_539,White-beaked_Dolphin,20,conditional,1000.0,4,False_Killer_Whale,False Killer Whale,false
test_541,White-beaked_Dolphin,1,fixed_mean,1000.0,0,False_Killer_Whale,False Killer Whale,false
test_541,White-beaked_Dolphin,1,conditional,1000.0,0,False_Killer_Whale,False Killer Whale,false
test_541,White-beaked_Dolphin,5,fixed_mean,1000.0,4,False_Killer_Whale,False Killer Whale,false
test_541,White-beaked_Dolphin,5,conditional,1000.0,4,"Beluga,_White_Whale","Beluga, White Whale",false
test_541,White-beaked_Dolphin,10,fixed_mean,1000.0,4,False_Killer_Whale,False Killer Whale,false
test_541,White-beaked_Dolphin,10,conditional,1000.0,4,"Beluga,_White_Whale","Beluga, White Whale",false
test_541,White-beaked_Dolphin,20,fixed_mean,1000.0,4,False_Killer_Whale,False Killer Whale,false
test_541,White-beaked_Dolphin,20,conditional,1000.0,4,"Beluga,_White_Whale","Beluga, White Whale",false
test_543,White-beaked_Dolphin,1,fixed_mean,1000.0,0,False_Killer_Whale,False Killer Whale,false
test_543,White-beaked_Dolphin,1,conditional,1000.0,0,False_Killer_Whale,False Killer Whale,false
test_543,White-beaked_Dolphin,5,fixed_mean,1000.0,4,False_Killer_Whale,False Killer Whale,false
test_543,White-beaked_Dolphin,5,conditional,1000.0,4,False_Killer_Whale,False Killer Whale,false
test_543,White-beaked_Dolphin,10,fixed_mean,1000.0,4,False_Killer_Whale,False Killer Whale,false
test_543,White-beaked_Dolphin,10,conditional,1000.0,4,False_Killer_Whale,False Killer Whale,false
test_543,White-beaked_Dolphin,20,fixed_mean,1000.0,4,False_Killer_Whale,False Killer Whale,false
test_543,White-beaked_Dolphin,20,conditional,1000.0,4,False_Killer_Whale,False Killer Whale,false
test_551,White-beaked_Dolphin,1,fixed_mean,1000.0,0,False_Killer_Whale,False Killer Whale,false
test_551,White-beaked_Dolphin,1,conditional,1000.0,0,False_Killer_Whale,False Killer Whale,false
test_551,White-beaked_Dolphin,5,fixed_mean,1000.0,4,False_Killer_Whale,False Killer Whale,false
test_551,White-beaked_Dolphin,5,conditional,1000.0,4,False_Killer_Whale,False Killer Whale,false
test_551,White-beaked_Dolphin,10,fixed_mean,1000.0,4,False_Killer_Whale,False Killer Whale,false
test_551,White-beaked_Dolphin,10,conditional,1000.0,4,False_Killer_Whale,False Killer Whale,false
test_551,White-beaked_Dolphin,20,fixed_mean,1000.0,4,False_Killer_Whale,False Killer Whale,false
test_551,White-beaked_Dolphin,20,conditional,1000.0,4,False_Killer_Whale,False Killer Whale,false
test_566,Northern_Right_Whale,1,fixed_mean,1000.0,0,"Beluga,_White_Whale","Beluga, White Whale",false
test_566,Northern_Right_Whale,1,conditional,1000.0,0,"Beluga,_White_Whale","Beluga, White Whale",false
test_566,Northern_Right_Whale,5,fixed_mean,1000.0,4,"Beluga,_White_Whale","Beluga, White Whale",false
test_566,Northern_Right_Whale,5,conditional,1000.0,4,"Beluga,_White_Whale","Beluga, White Whale",false
test_566,Northern_Right_Whale,10,fixed_mean,1000.0,4,"Beluga,_White_Whale","Beluga, White Whale",false
test_566,Northern_Right_Whale,10,conditional,1000.0,4,"Beluga,_White_Whale","Beluga, White Whale",false
test_566,Northern_Right_Whale,20,fixed_mean,1000.0,4,"Beluga,_White_Whale","Beluga, White Whale",false
test_566,Northern_Right_Whale,20,conditional,1000.0,4,"Beluga,_White_Whale","Beluga, White Whale",false
test_576,Northern_Right_Whale,1,fixed_mean,1000.0,0,"Beluga,_White_Whale","Beluga, White Whale",false
test_576,Northern_Right_Whale,1,conditional,1000.0,0,"Beluga,_White_Whale","Beluga, White Whale",false
test_576,Northern_Right_Whale,5,fixed_mean,1000.0,4,"Beluga,_White_Whale","Beluga, White Whale",false
test_576,Northern_Right_Whale,5,conditional,1000.0,4,"Beluga,_White_Whale","Beluga, White Whale",false
test_576,Northern_Right_Whale,10,fixed_mean,1000.0,4,"Beluga,_White_Whale","Beluga, White Whale",false
test_576,Northern_Right_Whale,10,conditional,1000.0,4,"Beluga,_White_Whale","Beluga, White Whale",false
test_576,Northern_Right_Whale,20,fixed_mean,1000.0,4,"Beluga,_White_Whale","Beluga, White Whale",false
test_576,Northern_Right_Whale,20,conditional,1000.0,4,"Beluga,_White_Whale","Beluga, White Whale",false
test_579,Northern_Right_Whale,1,fixed_mean,1000.0,0,"Beluga,_White_Whale","Beluga, White Whale",false
test_579,Northern_Right_Whale,1,conditional,1000.0,0,"Beluga,_White_Whale","Beluga, White Whale",false
test_579,Northern_Right_Whale,5,fixed_mean,1000.0,4,Sperm_Whale,Sperm Whale,false
test_579,Northern_Right_Whale,5,conditional,1000.0,4,Sperm_Whale,Sperm Whale,false
test_579,Northern_Right_Whale,10,fixed_mean,1000.0,4,"Beluga,_White_Whale","Beluga, White Whale",false
test_579,Northern_Right_Whale,10,conditional,1000.0,4,"Beluga,_White_Whale","Beluga, White Whale",false
test_579,Northern_Right_Whale,20,fixed_mean,1000.0,4,"Beluga,_White_Whale","Beluga, White Whale",false
test_579,Northern_Right_Whale,20,conditional,1000.0,4,"Beluga,_White_Whale","Beluga, White Whale",false
test_585,Northern_Right_Whale,1,fixed_mean,1000.0,0,"Beluga,_White_Whale","Beluga, White Whale",false
test_585,Northern_Right_Whale,1,conditional,1000.0,0,"Beluga,_White_Whale","Beluga, White Whale",false
test_585,Northern_Right_Whale,5,fixed_mean,1000.0,4,"Beluga,_White_Whale","Beluga, White Whale",false
test_585,Northern_Right_Whale,5,conditional,1000.0,4,"Beluga,_White_Whale","Beluga, White Whale",false
test_585,Northern_Right_Whale,10,fixed_mean,1000.0,4,"Beluga,_White_Whale","Beluga, White Whale",false
test_585,Northern_Right_Whale,10,conditional,1000.0,4,"Beluga,_White_Whale","Beluga, White Whale",false
test_585,Northern_Right_Whale,20,fixed_mean,1000.0,4,"Beluga,_White_Whale","Beluga, White Whale",false
test_585,Northern_Right_Whale,20,conditional,1000.0,4,False_Killer_Whale,False Killer Whale,false
test_588,Northern_Right_Whale,1,fixed_mean,1000.0,0,False_Killer_Whale,False Killer Whale,false
test_588,Northern_Right_Whale,1,conditional,1000.0,0,False_Killer_Whale,False Killer Whale,false
test_588,Northern_Right_Whale,5,fixed_mean,1000.0,4,False_Killer_Whale,False Killer Whale,false
test_588,Northern_Right_Whale,5,conditional,1000.0,4,False_Killer_Whale,False Killer Whale,false
test_588,Northern_Right_Whale,10,fixed_mean,1000.0,4,False_Killer_Whale,False Killer Whale,false
test_588,Northern_Right_Whale,10,conditional,1000.0,4,False_Killer_Whale,False Killer Whale,false
test_588,Northern_Right_Whale,20,fixed_mean,1000.0,4,False_Killer_Whale,False Killer Whale,false
test_588,Northern_Right_Whale,20,conditional,1000.0,4,False_Killer_Whale,False Killer Whale,false
test_591,Northern_Right_Whale,1,fixed_mean,1000.0,0,"Beluga,_White_Whale","Beluga, White Whale",false
test_591,Northern_Right_Whale,1,conditional,1000.0,0,"Beluga,_White_Whale","Beluga, White Whale",false
test_591,Northern_Right_Whale,5,fixed_mean,1000.0,4,"Beluga,_White_Whale","Beluga, White Whale",false
test_591,Northern_Right_Whale,5,conditional,1000.0,4,Killer_Whale,Killer Whale,false
test_591,Northern_Right_Whale,10,fixed_mean,1000.0,4,"Beluga,_White_Whale","Beluga, White Whale",false
test_591,Northern_Right_Whale,10,conditional,1000.0,4,"Beluga,_White_Whale","Beluga, White Whale",false
test_591,Northern_Right_Whale,20,fixed_mean,1000.0,4,"Beluga,_White_Whale","Beluga, White Whale",false
test_591,Northern_Right_Whale,20,conditional,1000.0,4,False_Killer_Whale,False Killer Whale,false
test_592,Northern_Right_Whale,1,fixed_mean,1000.0,0,"Beluga,_White_Whale","Beluga, White Whale",false
test_592,Northern_Right_Whale,1,conditional,1000.0,0,"Beluga,_White_Whale","Beluga, White Whale",false
test_592,Northern_Right_Whale,5,fixed_mean,1000.0,4,"Beluga,_White_Whale","Beluga, White Whale",false
test_592,Northern_Right_Whale,5,conditional,1000.0,4,Killer_Whale,Killer Whale,false
test_592,Northern_Right_Whale,10,fixed_mean,1000.0,4,"Beluga,_White_Whale","Beluga, White Whale",false
test_592,Northern_Right_Whale,10,conditional,1000.0,4,"Beluga,_White_Whale","Beluga, White Whale",false
test_592,Northern_Right_Whale,20,fixed_mean,1000.0,4,"Beluga,_White_Whale","Beluga, White Whale",false
test_592,Northern_Right_Whale,20,conditional,1000.0,4,"Beluga,_White_Whale","Beluga, White Whale",false
test_597,Northern_Right_Whale,1,fixed_mean,1000.0,0,"Beluga,_White_Whale","Beluga, White Whale",false
test_597,Northern_Right_Whale,1,conditional,1000.0,0,"Beluga,_White_Whale","Beluga, White Whale",false
test_597,Northern_Right_Whale,5,fixed_mean,1000.0,4,"Beluga,_White_Whale","Beluga, White Whale",false
test_597,Northern_Right_Whale,5,conditional,1000.0,4,"Beluga,_White_Whale","Beluga, White Whale",false
test_597,Northern_Right_Whale,10,fixed_mean,1000.0,4,"Beluga,_White_Whale","Beluga, White Whale",false
test_597,Northern_Right_Whale,10,conditional,1000.0,4,"Beluga,_White_Whale","Beluga, White Whale",false
test_597,Northern_Right_Whale,20,fixed_mean,1000.0,4,"Beluga,_White_Whale","Beluga, White Whale",false
test_597,Northern_Right_Whale,20,conditional,1000.0,4,"Beluga,_White_Whale","Beluga, White Whale",false
test_601,Northern_Right_Whale,1,fixed_mean,1000.0,0,"Beluga,_White_Whale","Beluga, White Whale",false
test_601,Northern_Right_Whale,1,conditional,1000.0,0,"Beluga,_White_Whale","Beluga, White Whale",false
test_601,Northern_Right_Whale,5,fixed_mean,1000.0,4,"Beluga,_White_Whale","Beluga, White Whale",false
test_601,Northern_Right_Whale,5,conditional,1000.0,4,"Beluga,_White_Whale","Beluga, White Whale",false
test_601,Northern_Right_Whale,10,fixed_mean,1000.0,4,"Beluga,_White_Whale","Beluga, White Whale",false
test_601,Northern_Right_Whale,10,conditional,1000.0,4,"Beluga,_White_Whale","Beluga, White Whale",false
test_601,Northern_Right_Whale,20,fixed_mean,1000.0,4,"Beluga,_White_Whale","Beluga, White Whale",false
test_601,Northern_Right_Whale,20,conditional,1000.0,4,"Beluga,_White_Whale","Beluga, White Whale",false
test_604,Northern_Right_Whale,1,fixed_mean,1000.0,0,"Beluga,_White_Whale","Beluga, White Whale",false
test_604,Northern_Right_Whale,1,conditional,1000.0,0,"Beluga,_White_Whale","Beluga, White Whale",false
test_604,Northern_Right_Whale,5,fixed_mean,1000.0,4,"Beluga,_White_Whale","Beluga, White Whale",false
test_604,Northern_Right_Whale,5,conditional,1000.0,4,"Beluga,_White_Whale","Beluga, White Whale",false
test_604,Northern_Right_Whale,10,fixed_mean,1000.0,4,"Beluga,_White_Whale","Beluga, White Whale",false
test_604,Northern_Right_Whale,10,conditional,1000.0,4,"Beluga,_White_Whale","Beluga, White Whale",false
test_604,Northern_Right_Whale,20,fixed_mean,1000.0,4,"Beluga,_White_Whale","Beluga, White Whale",false
test_604,Northern_Right_Whale,20,conditional,1000.0,4,"Beluga,_White_Whale","Beluga, White Whale",false
test_608,Northern_Right_Whale,1,fixed_mean,1000.0,0,"Beluga,_White_Whale","Beluga, White Whale",false
test_608,Northern_Right_Whale,1,conditional,1000.0,0,"Beluga,_White_Whale","Beluga, White Whale",false
test_608,Northern_Right_Whale,5,fixed_mean,1000.0,4,"Beluga,_White_Whale","Beluga, White Whale",false
test_608,Northern_Right_Whale,5,conditional,1000.0,4,"Beluga,_White_Whale","Beluga, White Whale",false
test_608,Northern_Right_Whale,10,fixed_mean,1000.0,4,"Beluga,_White_Whale","Beluga, White Whale",false
test_608,Northern_Right_Whale,10,conditional,1000.0,4,"Beluga,_White_Whale","Beluga, White Whale",false
test_608,Northern_Right_Whale,20,fixed_mean,1000.0,4,"Beluga,_White_Whale","Beluga, White Whale",false
test_608,Northern_Right_Whale,20,conditional,1000.0,4,"Beluga,_White_Whale","Beluga, White Whale",false
test_614,Frasers_Dolphin,1,fixed_mean,1000.0,0,"Beluga,_White_Whale","Beluga, White Whale",false
test_614,Frasers_Dolphin,1,conditional,1000.0,0,"Beluga,_White_Whale","Beluga, White Whale",false
test_614,Frasers_Dolphin,5,fixed_mean,1000.0,4,"Beluga,_White_Whale","Beluga, White Whale",false
test_614,Frasers_Dolphin,5,conditional,1000.0,4,Bottlenose_Dolphin,Bottlenose Dolphin,false
test_614,Frasers_Dolphin,10,fixed_mean,1000.0,4,Bottlenose_Dolphin,Bottlenose Dolphin,false
test_614,Frasers_Dolphin,10,conditional,1000.0,4,Bottlenose_Dolphin,Bottlenose Dolphin,false
test_614,Frasers_Dolphin,20,fixed_mean,1000.0,4,Bottlenose_Dolphin,Bottlenose Dolphin,false
test_614,Frasers_Dolphin,20,conditional,1000.0,4,Bottlenose_Dolphin,Bottlenose Dolphin,false
test_623,Frasers_Dolphin,1,fixed_mean,1000.0,0,False_Killer_Whale,False Killer Whale,false
test_623,Frasers_Dolphin,1,conditional,1000.0,0,False_Killer_Whale,False Killer Whale,false
test_623,Frasers_Dolphin,5,fixed_mean,1000.0,4,False_Killer_Whale,False Killer Whale,false
test_623,Frasers_Dolphin,5,conditional,1000.0,4,False_Killer_Whale,False Killer Whale,false
test_623,Frasers_Dolphin,10,fixed_mean,1000.0,4,False_Killer_Whale,False Killer Whale,false
test_623,Frasers_Dolphin,10,conditional,1000.0,4,False_Killer_Whale,False Killer Whale,false
test_623,Frasers_Dolphin,20,fixed_mean,1000.0,4,False_Killer_Whale,False Killer Whale,false
test_623,Frasers_Dolphin,20,conditional,1000.0,4,False_Killer_Whale,False Killer Whale,false
test_628,Frasers_Dolphin,1,fixed_mean,1000.0,0,"Beluga,_White_Whale","Beluga, White Whale",false
test_628,Frasers_Dolphin,1,conditional,1000.0,0,"Beluga,_White_Whale","Beluga, White Whale",false
test_628,Frasers_Dolphin,5,fixed_mean,1000.0,4,"Beluga,_White_Whale","Beluga, White Whale",false
test_628,Frasers_Dolphin,5,conditional,1000.0,4,Sperm_Whale,Sperm Whale,false
test_628,Frasers_Dolphin,10,fixed_mean,1000.0,4,"Beluga,_White_Whale","Beluga, White Whale",false
test_628,Frasers_Dolphin,10,conditional,1000.0,4,Bottlenose_Dolphin,Bottlenose Dolphin,false
test_628,Frasers_Dolphin,20,fixed_mean,1000.0,4,"Beluga,_White_Whale","Beluga, White Whale",false
test_628,Frasers_Dolphin,20,conditional,1000.0,4,White-beaked_Dolphin,White-beaked Dolphin,false
test_631,Frasers_Dolphin,1,fixed_mean,1000.0,0,"Beluga,_White_Whale","Beluga, White Whale",false
test_631,Frasers_Dolphin,1,conditional,1000.0,0,"Beluga,_White_Whale","Beluga, White Whale",false
test_631,Frasers_Dolphin,5,fixed_mean,1000.0,4,"Beluga,_White_Whale","Beluga, White Whale",false
test_631,Frasers_Dolphin,5,conditional,1000.0,4,Bottlenose_Dolphin,Bottlenose Dolphin,false
test_631,Frasers_Dolphin,10,fixed_mean,1000.0,4,"Beluga,_White_Whale","Beluga, White Whale",false
test_631,Frasers_Dolphin,10,conditional,1000.0,4,Bottlenose_Dolphin,Bottlenose Dolphin,false
test_631,Frasers_Dolphin,20,fixed_mean,1000.0,4,"Beluga,_White_Whale","Beluga, White Whale",false
test_631,Frasers_Dolphin,20,conditional,1000.0,4,Bottlenose_Dolphin,Bottlenose Dolphin,false
test_632,Frasers_Dolphin,1,fixed_mean,1000.0,0,"Beluga,_White_Whale","Beluga, White Whale",false
test_632,Frasers_Dolphin,1,conditional,1000.0,0,"Beluga,_White_Whale","Beluga, White Whale",false
test_632,Frasers_Dolphin,5,fixed_mean,1000.0,4,Sperm_Whale,Sperm Whale,false
test_632,Frasers_Dolphin,5,conditional,1000.0,4,Sperm_Whale,Sperm Whale,false
test_632,Frasers_Dolphin,10,fixed_mean,1000.0,4,"Beluga,_White_Whale","Beluga, White Whale",false
test_632,Frasers_Dolphin,10,conditional,1000.0,4,Sperm_Whale,Sperm Whale,false
test_632,Frasers_Dolphin,20,fixed_mean,1000.0,4,"Beluga,_White_Whale","Beluga, White Whale",false
test_632,Frasers_Dolphin,20,conditional,1000.0,4,Sperm_Whale,Sperm Whale,false
test_635,Frasers_Dolphin,1,fixed_mean,1000.0,0,False_Killer_Whale,False Killer Whale,false
test_635,Frasers_Dolphin,1,conditional,1000.0,0,False_Killer_Whale,False Killer Whale,false
test_635,Frasers_Dolphin,5,fixed_mean,1000.0,4,False_Killer_Whale,False Killer Whale,false
test_635,Frasers_Dolphin,5,conditional,1000.0,4,False_Killer_Whale,False Killer Whale,false
test_635,Frasers_Dolphin,10,fixed_mean,1000.0,4,False_Killer_Whale,False Killer Whale,false
test_635,Frasers_Dolphin,10,conditional,1000.0,4,False_Killer_Whale,False Killer Whale,false
test_635,Frasers_Dolphin,20,fixed_mean,1000.0,4,False_Killer_Whale,False Killer Whale,false
test_635,Frasers_Dolphin,20,conditional,1000.0,4,False_Killer_Whale,False Killer Whale,false
test_657,Frasers_Dolphin,1,fixed_mean,1000.0,0,False_Killer_Whale,False Killer Whale,false
test_657,Frasers_Dolphin,1,conditional,1000.0,0,False_Killer_Whale,False Killer Whale,false
test_657,Frasers_Dolphin,5,fixed_mean,1000.0,4,False_Killer_Whale,False Killer Whale,false
test_657,Frasers_Dolphin,5,conditional,1000.0,4,False_Killer_Whale,False Killer Whale,false
test_657,Frasers_Dolphin,10,fixed_mean,1000.0,4,False_Killer_Whale,False Killer Whale,false
test_657,Frasers_Dolphin,10,conditional,1000.0,4,False_Killer_Whale,False Killer Whale,false
test_657,Frasers_Dolphin,20,fixed_mean,1000.0,4,False_Killer_Whale,False Killer Whale,false
test_657,Frasers_Dolphin,20,conditional,1000.0,4,False_Killer_Whale,False Killer Whale,false
test_658,Frasers_Dolphin,1,fixed_mean,1000.0,0,"Beluga,_White_Whale","Beluga, White Whale",false
test_658,Frasers_Dolphin,1,conditional,1000.0,0,"Beluga,_White_Whale","Beluga, White Whale",false
test_658,Frasers_Dolphin,5,fixed_mean,1000.0,4,"Beluga,_White_Whale","Beluga, White Whale",false
test_658,Frasers_Dolphin,5,conditional,1000.0,4,Bottlenose_Dolphin,Bottlenose Dolphin,false
test_658,Frasers_Dolphin,10,fixed_mean,1000.0,4,"Beluga,_White_Whale","Beluga, White Whale",false
test_658,Frasers_Dolphin,10,conditional,1000.0,4,Bottlenose_Dolphin,Bottlenose Dolphin,false
test_658,Frasers_Dolphin,20,fixed_mean,1000.0,4,"Beluga,_White_Whale","Beluga, White Whale",false
test_658,Frasers_Dolphin,20,conditional,1000.0,4,"Beluga,_White_Whale","Beluga, White Whale",false
test_660,Frasers_Dolphin,1,fixed_mean,1000.0,0,False_Killer_Whale,False Killer Whale,false
test_660,Frasers_Dolphin,1,conditional,1000.0,0,False_Killer_Whale,False Killer Whale,false
test_660,Frasers_Dolphin,5,fixed_mean,1000.0,4,False_Killer_Whale,False Killer Whale,false
test_660,Frasers_Dolphin,5,conditional,1000.0,4,False_Killer_Whale,False Killer Whale,false
test_660,Frasers_Dolphin,10,fixed_mean,1000.0,4,False_Killer_Whale,False Killer Whale,false
test_660,Frasers_Dolphin,10,conditional,1000.0,4,False_Killer_Whale,False Killer Whale,false
test_660,Frasers_Dolphin,20,fixed_mean,1000.0,4,False_Killer_Whale,False Killer Whale,false
test_660,Frasers_Dolphin,20,conditional,1000.0,4,False_Killer_Whale,False Killer Whale,false
test_664,Frasers_Dolphin,1,fixed_mean,1000.0,0,"Beluga,_White_Whale","Beluga, White Whale",false
test_664,Frasers_Dolphin,1,conditional,1000.0,0,"Beluga,_White_Whale","Beluga, White Whale",false
test_664,Frasers_Dolphin,5,fixed_mean,1000.0,4,"Beluga,_White_Whale","Beluga, White Whale",false
test_664,Frasers_Dolphin,5,conditional,1000.0,4,Sperm_Whale,Sperm Whale,false
test_664,Frasers_Dolphin,10,fixed_mean,1000.0,4,"Beluga,_White_Whale","Beluga, White Whale",false
test_664,Frasers_Dolphin,10,conditional,1000.0,4,False_Killer_Whale,False Killer Whale,false
test_664,Frasers_Dolphin,20,fixed_mean,1000.0,4,"Beluga,_White_Whale","Beluga, White Whale",false
test_664,Frasers_Dolphin,20,conditional,1000.0,4,False_Killer_Whale,False Killer Whale,false
test_666,Frasers_Dolphin,1,fixed_mean,1000.0,0,False_Killer_Whale,False Killer Whale,false
test_666,Frasers_Dolphin,1,conditional,1000.0,0,False_Killer_Whale,False Killer Whale,false
test_666,Frasers_Dolphin,5,fixed_mean,1000.0,4,False_Killer_Whale,False Killer Whale,false
test_666,Frasers_Dolphin,5,conditional,1000.0,4,False_Killer_Whale,False Killer Whale,false
test_666,Frasers_Dolphin,10,fixed_mean,1000.0,4,False_Killer_Whale,False Killer Whale,false
test_666,Frasers_Dolphin,10,conditional,1000.0,4,False_Killer_Whale,False Killer Whale,false
test_666,Frasers_Dolphin,20,fixed_mean,1000.0,4,False_Killer_Whale,False Killer Whale,false
test_666,Frasers_Dolphin,20,conditional,1000.0,4,False_Killer_Whale,False Killer Whale,false
test_670,Frasers_Dolphin,1,fixed_mean,1000.0,0,False_Killer_Whale,False Killer Whale,false
test_670,Frasers_Dolphin,1,conditional,1000.0,0,False_Killer_Whale,False Killer Whale,false
test_670,Frasers_Dolphin,5,fixed_mean,1000.0,4,False_Killer_Whale,False Killer Whale,false
test_670,Frasers_Dolphin,5,conditional,1000.0,4,False_Killer_Whale,False Killer Whale,false
test_670,Frasers_Dolphin,10,fixed_mean,1000.0,4,False_Killer_Whale,False Killer Whale,false
test_670,Frasers_Dolphin,10,conditional,1000.0,4,False_Killer_Whale,False Killer Whale,false
test_670,Frasers_Dolphin,20,fixed_mean,1000.0,4,False_Killer_Whale,False Killer Whale,false
test_670,Frasers_Dolphin,20,conditional,1000.0,4,False_Killer_Whale,False Killer Whale,false
test_672,Frasers_Dolphin,1,fixed_mean,1000.0,0,False_Killer_Whale,False Killer Whale,false
test_672,Frasers_Dolphin,1,conditional,1000.0,0,False_Killer_Whale,False Killer Whale,false
test_672,Frasers_Dolphin,5,fixed_mean,1000.0,4,"Beluga,_White_Whale","Beluga, White Whale",false
test_672,Frasers_Dolphin,5,conditional,1000.0,4,False_Killer_Whale,False Killer Whale,false
test_672,Frasers_Dolphin,10,fixed_mean,1000.0,4,False_Killer_Whale,False Killer Whale,false
test_672,Frasers_Dolphin,10,conditional,1000.0,4,False_Killer_Whale,False Killer Whale,false
test_672,Frasers_Dolphin,20,fixed_mean,1000.0,4,False_Killer_Whale,False Killer Whale,false
test_672,Frasers_Dolphin,20,conditional,1000.0,4,False_Killer_Whale,False Killer Whale,false
test_675,Frasers_Dolphin,1,fixed_mean,1000.0,0,False_Killer_Whale,False Killer Whale,false
test_675,Frasers_Dolphin,1,conditional,1000.0,0,False_Killer_Whale,False Killer Whale,false
test_675,Frasers_Dolphin,5,fixed_mean,1000.0,4,False_Killer_Whale,False Killer Whale,false
test_675,Frasers_Dolphin,5,conditional,1000.0,4,False_Killer_Whale,False Killer Whale,false
test_675,Frasers_Dolphin,10,fixed_mean,1000.0,4,False_Killer_Whale,False Killer Whale,false
test_675,Frasers_Dolphin,10,conditional,1000.0,4,False_Killer_Whale,False Killer Whale,false
test_675,Frasers_Dolphin,20,fixed_mean,1000.0,4,False_Killer_Whale,False Killer Whale,false
test_675,Frasers_Dolphin,20,conditional,1000.0,4,False_Killer_Whale,False Killer Whale,false
test_679,Frasers_Dolphin,1,fixed_mean,1000.0,0,False_Killer_Whale,False Killer Whale,false
test_679,Frasers_Dolphin,1,conditional,1000.0,0,False_Killer_Whale,False Killer Whale,false
test_679,Frasers_Dolphin,5,fixed_mean,1000.0,4,"Beluga,_White_Whale","Beluga, White Whale",false
test_679,Frasers_Dolphin,5,conditional,1000.0,4,False_Killer_Whale,False Killer Whale,false
test_679,Frasers_Dolphin,10,fixed_mean,1000.0,4,False_Killer_Whale,False Killer Whale,false
test_679,Frasers_Dolphin,10,conditional,1000.0,4,False_Killer_Whale,False Killer Whale,false
test_679,Frasers_Dolphin,20,fixed_mean,1000.0,4,False_Killer_Whale,False Killer Whale,false
test_679,Frasers_Dolphin,20,conditional,1000.0,4,False_Killer_Whale,False Killer Whale,false
test_691,Frasers_Dolphin,1,fixed_mean,1000.0,0,False_Killer_Whale,False Killer Whale,false
test_691,Frasers_Dolphin,1,conditional,1000.0,0,False_Killer_Whale,False Killer Whale,false
test_691,Frasers_Dolphin,5,fixed_mean,1000.0,4,"Beluga,_White_Whale","Beluga, White Whale",false
test_691,Frasers_Dolphin,5,conditional,1000.0,4,False_Killer_Whale,False Killer Whale,false
test_691,Frasers_Dolphin,10,fixed_mean,1000.0,4,"Beluga,_White_Whale","Beluga, White Whale",false
test_691,Frasers_Dolphin,10,conditional,1000.0,4,False_Killer_Whale,False Killer Whale,false
test_691,Frasers_Dolphin,20,fixed_mean,1000.0,4,False_Killer_Whale,False Killer Whale,false
test_691,Frasers_Dolphin,20,conditional,1000.0,4,False_Killer_Whale,False Killer Whale,false
test_693,Frasers_Dolphin,1,fixed_mean,1000.0,0,"Beluga,_White_Whale","Beluga, White Whale",false
test_693,Frasers_Dolphin,1,conditional,1000.0,0,"Beluga,_White_Whale","Beluga, White Whale",false
test_693,Frasers_Dolphin,5,fixed_mean,1000.0,4,"Beluga,_White_Whale","Beluga, White Whale",false
test_693,Frasers_Dolphin,5,conditional,1000.0,4,Sperm_Whale,Sperm Whale,false
test_693,Frasers_Dolphin,10,fixed_mean,1000.0,4,"Beluga,_White_Whale","Beluga, White Whale",false
test_693,Frasers_Dolphin,10,conditional,1000.0,4,"Beluga,_White_Whale","Beluga, White Whale",false
test_693,Frasers_Dolphin,20,fixed_mean,1000.0,4,"Beluga,_White_Whale","Beluga, White Whale",false
test_693,Frasers_Dolphin,20,conditional,1000.0,4,"Beluga,_White_Whale","Beluga, White Whale",false
test_700,"Grampus,_Rissos_Dolphin",1,fixed_mean,1000.0,0,False_Killer_Whale,False Killer Whale,false
test_700,"Grampus,_Rissos_Dolphin",1,conditional,1000.0,0,False_Killer_Whale,False Killer Whale,false
test_700,"Grampus,_Rissos_Dolphin",5,fixed_mean,1000.0,4,False_Killer_Whale,False Killer Whale,false
test_700,"Grampus,_Rissos_Dolphin",5,conditional,1000.0,4,False_Killer_Whale,False Killer Whale,false
test_700,"Grampus,_Rissos_Dolphin",10,fixed_mean,1000.0,4,False_Killer_Whale,False Killer Whale,false
test_700,"Grampus,_Rissos_Dolphin",10,conditional,1000.0,4,False_Killer_Whale,False Killer Whale,false
test_700,"Grampus,_Rissos_Dolphin",20,fixed_mean,1000.0,4,False_Killer_Whale,False Killer Whale,false
test_700,"Grampus,_Rissos_Dolphin",20,conditional,1000.0,4,False_Killer_Whale,False Killer Whale,false
test_719,"Grampus,_Rissos_Dolphin",1,fixed_mean,1000.0,0,False_Killer_Whale,False Killer Whale,false
test_719,"Grampus,_Rissos_Dolphin",1,conditional,1000.0,0,False_Killer_Whale,False Killer Whale,false
test_719,"Grampus,_Rissos_Dolphin",5,fixed_mean,1000.0,4,False_Killer_Whale,False Killer Whale,false
test_719,"Grampus,_Rissos_Dolphin",5,conditional,1000.0,4,False_Killer_Whale,False Killer Whale,false
test_719,"Grampus,_Rissos_Dolphin",10,fixed_mean,1000.0,4,False_Killer_Whale,False Killer Whale,false
test_719,"Grampus,_Rissos_Dolphin",10,conditional,1000.0,4,False_Killer_Whale,False Killer Whale,false
test_719,"Grampus,_Rissos_Dolphin",20,fixed_mean,1000.0,4,False_Killer_Whale,False Killer Whale,false
test_719,"Grampus,_Rissos_Dolphin",20,conditional,1000.0,4,False_Killer_Whale,False Killer Whale,false
test_721,"Grampus,_Rissos_Dolphin",1,fixed_mean,1000.0,0,False_Killer_Whale,False Killer Whale,false
test_721,"Grampus,_Rissos_Dolphin",1,conditional,1000.0,0,False_Killer_Whale,False Killer Whale,false
test_721,"Grampus,_Rissos_Dolphin",5,fixed_mean,1000.0,4,False_Killer_Whale,False Killer Whale,false
test_721,"Grampus,_Rissos_Dolphin",5,conditional,1000.0,4,False_Killer_Whale,False Killer Whale,false
test_721,"Grampus,_Rissos_Dolphin",10,fixed_mean,1000.0,4,False_Killer_Whale,False Killer Whale,false
test_721,"Grampus,_Rissos_Dolphin",10,conditional,1000.0,4,False_Killer_Whale,False Killer Whale,false
test_721,"Grampus,_Rissos_Dolphin",20,fixed_mean,1000.0,4,False_Killer_Whale,False Killer Whale,false
test_721,"Grampus,_Rissos_Dolphin",20,conditional,1000.0,4,False_Killer_Whale,False Killer Whale,false
test_723,"Grampus,_Rissos_Dolphin",1,fixed_mean,1000.0,0,"Beluga,_White_Whale","Beluga, White Whale",false
test_723,"Grampus,_Rissos_Dolphin",1,conditional,1000.0,0,"Beluga,_White_Whale","Beluga, White Whale",false
test_723,"Grampus,_Rissos_Dolphin",5,fixed_mean,1000.0,4,"Beluga,_White_Whale","Beluga, White Whale",false
test_723,"Grampus,_Rissos_Dolphin",5,conditional,1000.0,4,"Beluga,_White_Whale","Beluga, White Whale",false
test_723,"Grampus,_Rissos_Dolphin",10,fixed_mean,1000.0,4,"Beluga,_White_Whale","Beluga, White Whale",false
test_723,"Grampus,_Rissos_Dolphin",10,conditional,1000.0,4,False_Killer_Whale,False Killer Whale,false
test_723,"Grampus,_Rissos_Dolphin",20,fixed_mean,1000.0,4,"Beluga,_White_Whale","Beluga, White Whale",false
test_723,"Grampus,_Rissos_Dolphin",20,conditional,1000.0,4,"Beluga,_White_Whale","Beluga, White Whale",false
test_727,"Grampus,_Rissos_Dolphin",1,fixed_mean,1000.0,0,False_Killer_Whale,False Killer Whale,false
test_727,"Grampus,_Rissos_Dolphin",1,conditional,1000.0,0,False_Killer_Whale,False Killer Whale,false
test_727,"Grampus,_Rissos_Dolphin",5,fixed_mean,1000.0,4,False_Killer_Whale,False Killer Whale,false
test_727,"Grampus,_Rissos_Dolphin",5,conditional,1000.0,4,False_Killer_Whale,False Killer Whale,false
test_727,"Grampus,_Rissos_Dolphin",10,fixed_mean,1000.0,4,False_Killer_Whale,False Killer Whale,false
test_727,"Grampus,_Rissos_Dolphin",10,conditional,1000.0,4,False_Killer_Whale,False Killer Whale,false
test_727,"Grampus,_Rissos_Dolphin",20,fixed_mean,1000.0,4,False_Killer_Whale,False Killer Whale,false
test_727,"Grampus,_Rissos_Dolphin",20,conditional,1000.0,4,False_Killer_Whale,False Killer Whale,false
test_733,"Grampus,_Rissos_Dolphin",1,fixed_mean,1000.0,0,False_Killer_Whale,False Killer Whale,false
test_733,"Grampus,_Rissos_Dolphin",1,conditional,1000.0,0,False_Killer_Whale,False Killer Whale,false
test_733,"Grampus,_Rissos_Dolphin",5,fixed_mean,1000.0,4,"Beluga,_White_Whale","Beluga, White Whale",false
test_733,"Grampus,_Rissos_Dolphin",5,conditional,1000.0,4,False_Killer_Whale,False Killer Whale,false
test_733,"Grampus,_Rissos_Dolphin",10,fixed_mean,1000.0,4,False_Killer_Whale,False Killer Whale,false
test_733,"Grampus,_Rissos_Dolphin",10,conditional,1000.0,4,False_Killer_Whale,False Killer Whale,false
test_733,"Grampus,_Rissos_Dolphin",20,fixed_mean,1000.0,4,False_Killer_Whale,False Killer Whale,false
test_733,"Grampus,_Rissos_Dolphin",20,conditional,1000.0,4,False_Killer_Whale,False Killer Whale,false
test_742,"Grampus,_Rissos_Dolphin",1,fixed_mean,1000.0,0,"Beluga,_White_Whale","Beluga, White Whale",false
test_742,"Grampus,_Rissos_Dolphin",1,conditional,1000.0,0,"Beluga,_White_Whale","Beluga, White Whale",false
test_742,"Grampus,_Rissos_Dolphin",5,fixed_mean,1000.0,4,"Beluga,_White_Whale","Beluga, White Whale",false
test_742,"Grampus,_Rissos_Dolphin",5,conditional,1000.0,4,"Beluga,_White_Whale","Beluga, White Whale",false
test_742,"Grampus,_Rissos_Dolphin",10,fixed_mean,1000.0,4,"Beluga,_White_Whale","Beluga, White Whale",false
test_742,"Grampus,_Rissos_Dolphin",10,conditional,1000.0,4,"Beluga,_White_Whale","Beluga, White Whale",false
test_742,"Grampus,_Rissos_Dolphin",20,fixed_mean,1000.0,4,"Beluga,_White_Whale","Beluga, White Whale",false
test_742,"Grampus,_Rissos_Dolphin",20,conditional,1000.0,4,"Beluga,_White_Whale","Beluga, White Whale",false
test_743,"Grampus,_Rissos_Dolphin",1,fixed_mean,1000.0,0,False_Killer_Whale,False Killer Whale,false
test_743,"Grampus,_Rissos_Dolphin",1,conditional,1000.0,0,False_Killer_Whale,False Killer Whale,false
test_743,"Grampus,_Rissos_Dolphin",5,fixed_mean,1000.0,4,"Beluga,_White_Whale","Beluga, White Whale",false
test_743,"Grampus,_Rissos_Dolphin",5,conditional,1000.0,4,"Beluga,_White_Whale","Beluga, White Whale",false
test_743,"Grampus,_Rissos_Dolphin",10,fixed_mean,1000.0,4,False_Killer_Whale,False Killer Whale,false
test_743,"Grampus,_Rissos_Dolphin",10,conditional,1000.0,4,False_Killer_Whale,False Killer Whale,false
test_743,"Grampus,_Rissos_Dolphin",20,fixed_mean,1000.0,4,False_Killer_Whale,False Killer Whale,false
test_743,"Grampus,_Rissos_Dolphin",20,conditional,1000.0,4,False_Killer_Whale,False Killer Whale,false
test_744,"Grampus,_Rissos_Dolphin",1,fixed_mean,1000.0,0,False_Killer_Whale,False Killer Whale,false
test_744,"Grampus,_Rissos_Dolphin",1,conditional,1000.0,0,False_Killer_Whale,False Killer Whale,false
test_744,"Grampus,_Rissos_Dolphin",5,fixed_mean,1000.0,4,False_Killer_Whale,False Killer Whale,false
test_744,"Grampus,_Rissos_Dolphin",5,conditional,1000.0,4,False_Killer_Whale,False Killer Whale,false
test_744,"Grampus,_Rissos_Dolphin",10,fixed_mean,1000.0,4,False_Killer_Whale,False Killer Whale,false
test_744,"Grampus,_Rissos_Dolphin",10,conditional,1000.0,4,False_Killer_Whale,False Killer Whale,false
test_744,"Grampus,_Rissos_Dolphin",20,fixed_mean,1000.0,4,False_Killer_Whale,False Killer Whale,false
test_744,"Grampus,_Rissos_Dolphin",20,conditional,1000.0,4,False_Killer_Whale,False Killer Whale,false
test_748,"Grampus,_Rissos_Dolphin",1,fixed_mean,1000.0,0,False_Killer_Whale,False Killer Whale,false
test_748,"Grampus,_Rissos_Dolphin",1,conditional,1000.0,0,False_Killer_Whale,False Killer Whale,false
test_748,"Grampus,_Rissos_Dolphin",5,fixed_mean,1000.0,4,False_Killer_Whale,False Killer Whale,false
test_748,"Grampus,_Rissos_Dolphin",5,conditional,1000.0,4,False_Killer_Whale,False Killer Whale,false
test_748,"Grampus,_Rissos_Dolphin",10,fixed_mean,1000.0,4,False_Killer_Whale,False Killer Whale,false
test_748,"Grampus,_Rissos_Dolphin",10,conditional,1000.0,4,False_Killer_Whale,False Killer Whale,false
test_748,"Grampus,_Rissos_Dolphin",20,fixed_mean,1000.0,4,False_Killer_Whale,False Killer Whale,false
test_748,"Grampus,_Rissos_Dolphin",20,conditional,1000.0,4,False_Killer_Whale,False Killer Whale,false
test_749,"Grampus,_Rissos_Dolphin",1,fixed_mean,1000.0,0,False_Killer_Whale,False Killer Whale,false
test_749,"Grampus,_Rissos_Dolphin",1,conditional,1000.0,0,False_Killer_Whale,False Killer Whale,false
test_749,"Grampus,_Rissos_Dolphin",5,fixed_mean,1000.0,4,False_Killer_Whale,False Killer Whale,false
test_749,"Grampus,_Rissos_Dolphin",5,conditional,1000.0,4,False_Killer_Whale,False Killer Whale,false
test_749,"Grampus,_Rissos_Dolphin",10,fixed_mean,1000.0,4,False_Killer_Whale,False Killer Whale,false
test_749,"Grampus,_Rissos_Dolphin",10,conditional,1000.0,4,False_Killer_Whale,False Killer Whale,false
test_749,"Grampus,_Rissos_Dolphin",20,fixed_mean,1000.0,4,False_Killer_Whale,False Killer Whale,false
test_749,"Grampus,_Rissos_Dolphin",20,conditional,1000.0,4,False_Killer_Whale,False Killer Whale,false
test_756,"Grampus,_Rissos_Dolphin",1,fixed_mean,1000.0,0,"Beluga,_White_Whale","Beluga, White Whale",false
test_756,"Grampus,_Rissos_Dolphin",1,conditional,1000.0,0,"Beluga,_White_Whale","Beluga, White Whale",false
test_756,"Grampus,_Rissos_Dolphin",5,fixed_mean,1000.0,4,"Beluga,_White_Whale","Beluga, White Whale",false
test_756,"Grampus,_Rissos_Dolphin",5,conditional,1000.0,4,"Beluga,_White_Whale","Beluga, White Whale",false
test_756,"Grampus,_Rissos_Dolphin",10,fixed_mean,1000.0,4,"Beluga,_White_Whale","Beluga, White Whale",false
test_756,"Grampus,_Rissos_Dolphin",10,conditional,1000.0,4,"Beluga,_White_Whale","Beluga, White Whale",false
test_756,"Grampus,_Rissos_Dolphin",20,fixed_mean,1000.0,4,"Beluga,_White_Whale","Beluga, White Whale",false
test_756,"Grampus,_Rissos_Dolphin",20,conditional,1000.0,4,"Beluga,_White_Whale","Beluga, White Whale",false
test_759,"Grampus,_Rissos_Dolphin",1,fixed_mean,1000.0,0,False_Killer_Whale,False Killer Whale,false
test_759,"Grampus,_Rissos_Dolphin",1,conditional,1000.0,0,False_Killer_Whale,False Killer Whale,false
test_759,"Grampus,_Rissos_Dolphin",5,fixed_mean,1000.0,4,"Beluga,_White_Whale","Beluga, White Whale",false
test_759,"Grampus,_Rissos_Dolphin",5,conditional,1000.0,4,"Beluga,_White_Whale","Beluga, White Whale",false
test_759,"Grampus,_Rissos_Dolphin",10,fixed_mean,1000.0,4,"Beluga,_White_Whale","Beluga, White Whale",false
test_759,"Grampus,_Rissos_Dolphin",10,conditional,1000.0,4,False_Killer_Whale,False Killer Whale,false
test_759,"Grampus,_Rissos_Dolphin",20,fixed_mean,1000.0,4,False_Killer_Whale,False Killer Whale,false
test_759,"Grampus,_Rissos_Dolphin",20,conditional,1000.0,4,False_Killer_Whale,False Killer Whale,false
test_761,"Grampus,_Rissos_Dolphin",1,fixed_mean,1000.0,0,"Beluga,_White_Whale","Beluga, White Whale",false
test_761,"Grampus,_Rissos_Dolphin",1,conditional,1000.0,0,"Beluga,_White_Whale","Beluga, White Whale",false
test_761,"Grampus,_Rissos_Dolphin",5,fixed_mean,1000.0,4,"Beluga,_White_Whale","Beluga, White Whale",false
test_761,"Grampus,_Rissos_Dolphin",5,conditional,1000.0,4,"Beluga,_White_Whale","Beluga, White Whale",false
test_761,"Grampus,_Rissos_Dolphin",10,fixed_mean,1000.0,4,"Beluga,_White_Whale","Beluga, White Whale",false
test_761,"Grampus,_Rissos_Dolphin",10,conditional,1000.0,4,"Beluga,_White_Whale","Beluga, White Whale",false
test_761,"Grampus,_Rissos_Dolphin",20,fixed_mean,1000.0,4,"Beluga,_White_Whale","Beluga, White Whale",false
test_761,"Grampus,_Rissos_Dolphin",20,conditional,1000.0,4,"Beluga,_White_Whale","Beluga, White Whale",false
test_774,Harp_Seal,1,fixed_mean,1000.0,0,Bottlenose_Dolphin,Bottlenose Dolphin,false
test_774,Harp_Seal,1,conditional,1000.0,0,Bottlenose_Dolphin,Bottlenose Dolphin,false
test_774,Harp_Seal,5,fixed_mean,1000.0,4,Bottlenose_Dolphin,Bottlenose Dolphin,false
test_774,Harp_Seal,5,conditional,1000.0,4,Bottlenose_Dolphin,Bottlenose Dolphin,false
test_774,Harp_Seal,10,fixed_mean,1000.0,4,Bottlenose_Dolphin,Bottlenose Dolphin,false
test_774,Harp_Seal,10,conditional,1000.0,4,Bottlenose_Dolphin,Bottlenose Dolphin,false
test_774,Harp_Seal,20,fixed_mean,1000.0,4,Bottlenose_Dolphin,Bottlenose Dolphin,false
test_774,Harp_Seal,20,conditional,1000.0,4,"Beluga,_White_Whale","Beluga, White Whale",false
test_777,Harp_Seal,1,fixed_mean,1000.0,0,Bottlenose_Dolphin,Bottlenose Dolphin,false
test_777,Harp_Seal,1,conditional,1000.0,0,Bottlenose_Dolphin,Bottlenose Dolphin,false
test_777,Harp_Seal,5,fixed_mean,1000.0,4,Bottlenose_Dolphin,Bottlenose Dolphin,false
test_777,Harp_Seal,5,conditional,1000.0,4,Bottlenose_Dolphin,Bottlenose Dolphin,false
test_777,Harp_Seal,10,fixed_mean,1000.0,4,Bottlenose_Dolphin,Bottlenose Dolphin,false
test_777,Harp_Seal,10,conditional,1000.0,4,Bottlenose_Dolphin,Bottlenose Dolphin,false
test_777,Harp_Seal,20,fixed_mean,1000.0,4,Bottlenose_Dolphin,Bottlenose Dolphin,false
test_777,Harp_Seal,20,conditional,1000.0,4,Bottlenose_Dolphin,Bottlenose Dolphin,false
test_786,Harp_Seal,1,fixed_mean,1000.0,0,Bottlenose_Dolphin,Bottlenose Dolphin,false
test_786,Harp_Seal,1,conditional,1000.0,0,Bottlenose_Dolphin,Bottlenose Dolphin,false
test_786,Harp_Seal,5,fixed_mean,1000.0,4,Bottlenose_Dolphin,Bottlenose Dolphin,false
test_786,Harp_Seal,5,conditional,1000.0,4,Bottlenose_Dolphin,Bottlenose Dolphin,false
test_786,Harp_Seal,10,fixed_mean,1000.0,4,Bottlenose_Dolphin,Bottlenose Dolphin,false
test_786,Harp_Seal,10,conditional,1000.0,4,Bottlenose_Dolphin,Bottlenose Dolphin,false
test_786,Harp_Seal,20,fixed_mean,1000.0,4,Bottlenose_Dolphin,Bottlenose Dolphin,false
test_786,Harp_Seal,20,conditional,1000.0,4,Bottlenose_Dolphin,Bottlenose Dolphin,false
test_788,Harp_Seal,1,fixed_mean,1000.0,0,False_Killer_Whale,False Killer Whale,false
test_788,Harp_Seal,1,conditional,1000.0,0,False_Killer_Whale,False Killer Whale,false
test_788,Harp_Seal,5,fixed_mean,1000.0,4,False_Killer_Whale,False Killer Whale,false
test_788,Harp_Seal,5,conditional,1000.0,4,False_Killer_Whale,False Killer Whale,false
test_788,Harp_Seal,10,fixed_mean,1000.0,4,False_Killer_Whale,False Killer Whale,false
test_788,Harp_Seal,10,conditional,1000.0,4,False_Killer_Whale,False Killer Whale,false
test_788,Harp_Seal,20,fixed_mean,1000.0,4,False_Killer_Whale,False Killer Whale,false
test_788,Harp_Seal,20,conditional,1000.0,4,False_Killer_Whale,False Killer Whale,false
test_794,Harp_Seal,1,fixed_mean,1000.0,0,Bottlenose_Dolphin,Bottlenose Dolphin,false
test_794,Harp_Seal,1,conditional,1000.0,0,Bottlenose_Dolphin,Bottlenose Dolphin,false
test_794,Harp_Seal,5,fixed_mean,1000.0,4,Bottlenose_Dolphin,Bottlenose Dolphin,false
test_794,Harp_Seal,5,conditional,1000.0,4,Bottlenose_Dolphin,Bottlenose Dolphin,false
test_794,Harp_Seal,10,fixed_mean,1000.0,4,Bottlenose_Dolphin,Bottlenose Dolphin,false
test_794,Harp_Seal,10,conditional,1000.0,4,Bottlenose_Dolphin,Bottlenose Dolphin,false
test_794,Harp_Seal,20,fixed_mean,1000.0,4,Bottlenose_Dolphin,Bottlenose Dolphin,false
test_794,Harp_Seal,20,conditional,1000.0,4,Bottlenose_Dolphin,Bottlenose Dolphin,false
test_796,Harp_Seal,1,fixed_mean,1000.0,0,False_Killer_Whale,False Killer Whale,false
test_796,Harp_Seal,1,conditional,1000.0,0,False_Killer_Whale,False Killer Whale,false
test_796,Harp_Seal,5,fixed_mean,1000.0,4,"Beluga,_White_Whale","Beluga, White Whale",false
test_796,Harp_Seal,5,conditional,1000.0,4,Bottlenose_Dolphin,Bottlenose Dolphin,false
test_796,Harp_Seal,10,fixed_mean,1000.0,4,"Beluga,_White_Whale","Beluga, White Whale",false
test_796,Harp_Seal,10,conditional,1000.0,4,Bottlenose_Dolphin,Bottlenose Dolphin,false
test_796,Harp_Seal,20,fixed_mean,1000.0,4,False_Killer_Whale,False Killer Whale,false
test_796,Harp_Seal,20,conditional,1000.0,4,Bottlenose_Dolphin,Bottlenose Dolphin,false
test_800,Harp_Seal,1,fixed_mean,1000.0,0,Bottlenose_Dolphin,Bottlenose Dolphin,false
test_800,Harp_Seal,1,conditional,1000.0,0,Bottlenose_Dolphin,Bottlenose Dolphin,false
test_800,Harp_Seal,5,fixed_mean,1000.0,4,Bottlenose_Dolphin,Bottlenose Dolphin,false
test_800,Harp_Seal,5,conditional,1000.0,4,Bottlenose_Dolphin,Bottlenose Dolphin,false
test_800,Harp_Seal,10,fixed_mean,1000.0,4,Bottlenose_Dolphin,Bottlenose Dolphin,false
test_800,Harp_Seal,10,conditional,1000.0,4,Bottlenose_Dolphin,Bottlenose Dolphin,false
test_800,Harp_Seal,20,fixed_mean,1000.0,4,Bottlenose_Dolphin,Bottlenose Dolphin,false
test_800,Harp_Seal,20,conditional,1000.0,4,Bottlenose_Dolphin,Bottlenose Dolphin,false
test_801,Harp_Seal,1,fixed_mean,1000.0,0,Bottlenose_Dolphin,Bottlenose Dolphin,false
test_801,Harp_Seal,1,conditional,1000.0,0,Bottlenose_Dolphin,Bottlenose Dolphin,false
test_801,Harp_Seal,5,fixed_mean,1000.0,4,Bottlenose_Dolphin,Bottlenose Dolphin,false
test_801,Harp_Seal,5,conditional,1000.0,4,Bottlenose_Dolphin,Bottlenose Dolphin,false
test_801,Harp_Seal,10,fixed_mean,1000.0,4,Bottlenose_Dolphin,Bottlenose Dolphin,false
test_801,Harp_Seal,10,conditional,1000.0,4,Bottlenose_Dolphin,Bottlenose Dolphin,false
test_801,Harp_Seal,20,fixed_mean,1000.0,4,Bottlenose_Dolphin,Bottlenose Dolphin,false
test_801,Harp_Seal,20,conditional,1000.0,4,Bottlenose_Dolphin,Bottlenose Dolphin,false
test_804,Harp_Seal,1,fixed_mean,1000.0,0,Bottlenose_Dolphin,Bottlenose Dolphin,false
test_804,Harp_Seal,1,conditional,1000.0,0,Bottlenose_Dolphin,Bottlenose Dolphin,false
test_804,Harp_Seal,5,fixed_mean,1000.0,4,Bottlenose_Dolphin,Bottlenose Dolphin,false
test_804,Harp_Seal,5,conditional,1000.0,4,Bottlenose_Dolphin,Bottlenose Dolphin,false
test_804,Harp_Seal,10,fixed_mean,1000.0,4,Bottlenose_Dolphin,Bottlenose Dolphin,false
test_804,Harp_Seal,10,conditional,1000.0,4,Bottlenose_Dolphin,Bottlenose Dolphin,false
test_804,Harp_Seal,20,fixed_mean,1000.0,4,Bottlenose_Dolphin,Bottlenose Dolphin,false
test_804,Harp_Seal,20,conditional,1000.0,4,Bottlenose_Dolphin,Bottlenose Dolphin,false
test_808,Harp_Seal,1,fixed_mean,1000.0,0,False_Killer_Whale,False Killer Whale,false
test_808,Harp_Seal,1,conditional,1000.0,0,False_Killer_Whale,False Killer Whale,false
test_808,Harp_Seal,5,fixed_mean,1000.0,4,"Beluga,_White_Whale","Beluga, White Whale",false
test_808,Harp_Seal,5,conditional,1000.0,4,False_Killer_Whale,False Killer Whale,false
test_808,Harp_Seal,10,fixed_mean,1000.0,4,False_Killer_Whale,False Killer Whale,false
test_808,Harp_Seal,10,conditional,1000.0,4,False_Killer_Whale,False Killer Whale,false
test_808,Harp_Seal,20,fixed_mean,1000.0,4,False_Killer_Whale,False Killer Whale,false
test_808,Harp_Seal,20,conditional,1000.0,4,False_Killer_Whale,False Killer Whale,false
test_814,Atlantic_Spotted_Dolphin,1,fixed_mean,1000.0,0,False_Killer_Whale,False Killer Whale,false
test_814,Atlantic_Spotted_Dolphin,1,conditional,1000.0,0,False_Killer_Whale,False Killer Whale,false
test_814,Atlantic_Spotted_Dolphin,5,fixed_mean,1000.0,4,False_Killer_Whale,False Killer Whale,false
test_814,Atlantic_Spotted_Dolphin,5,conditional,1000.0,4,False_Killer_Whale,False Killer Whale,false
test_814,Atlantic_Spotted_Dolphin,10,fixed_mean,1000.0,4,False_Killer_Whale,False Killer Whale,false
test_814,Atlantic_Spotted_Dolphin,10,conditional,1000.0,4,"Beluga,_White_Whale","Beluga, White Whale",false
test_814,Atlantic_Spotted_Dolphin,20,fixed_mean,1000.0,4,False_Killer_Whale,False Killer Whale,false
test_814,Atlantic_Spotted_Dolphin,20,conditional,1000.0,4,False_Killer_Whale,False Killer Whale,false
test_815,Atlantic_Spotted_Dolphin,1,fixed_mean,1000.0,0,False_Killer_Whale,False Killer Whale,false
test_815,Atlantic_Spotted_Dolphin,1,conditional,1000.0,0,False_Killer_Whale,False Killer Whale,false
test_815,Atlantic_Spotted_Dolphin,5,fixed_mean,1000.0,4,False_Killer_Whale,False Killer Whale,false
test_815,Atlantic_Spotted_Dolphin,5,conditional,1000.0,4,False_Killer_Whale,False Killer Whale,false
test_815,Atlantic_Spotted_Dolphin,10,fixed_mean,1000.0,4,False_Killer_Whale,False Killer Whale,false
test_815,Atlantic_Spotted_Dolphin,10,conditional,1000.0,4,Bottlenose_Dolphin,Bottlenose Dolphin,false
test_815,Atlantic_Spotted_Dolphin,20,fixed_mean,1000.0,4,False_Killer_Whale,False Killer Whale,false
test_815,Atlantic_Spotted_Dolphin,20,conditional,1000.0,4,False_Killer_Whale,False Killer Whale,false
test_827,Atlantic_Spotted_Dolphin,1,fixed_mean,1000.0,0,False_Killer_Whale,False Killer Whale,false
test_827,Atlantic_Spotted_Dolphin,1,conditional,1000.0,0,False_Killer_Whale,False Killer Whale,false
test_827,Atlantic_Spotted_Dolphin,5,fixed_mean,1000.0,4,"Beluga,_White_Whale","Beluga, White Whale",false
test_827,Atlantic_Spotted_Dolphin,5,conditional,1000.0,4,False_Killer_Whale,False Killer Whale,false
test_827,Atlantic_Spotted_Dolphin,10,fixed_mean,1000.0,4,"Beluga,_White_Whale","Beluga, White Whale",false
test_827,Atlantic_Spotted_Dolphin,10,conditional,1000.0,4,False_Killer_Whale,False Killer Whale,false
test_827,Atlantic_Spotted_Dolphin,20,fixed_mean,1000.0,4,False_Killer_Whale,False Killer Whale,false
test_827,Atlantic_Spotted_Dolphin,20,conditional,1000.0,4,False_Killer_Whale,False Killer Whale,false
test_831,Atlantic_Spotted_Dolphin,1,fixed_mean,1000.0,0,False_Killer_Whale,False Killer Whale,false
test_831,Atlantic_Spotted_Dolphin,1,conditional,1000.0,0,False_Killer_Whale,False Killer Whale,false
test_831,Atlantic_Spotted_Dolphin,5,fixed_mean,1000.0,4,"Beluga,_White_Whale","Beluga, White Whale",false
test_831,Atlantic_Spotted_Dolphin,5,conditional,1000.0,4,False_Killer_Whale,False Killer Whale,false
test_831,Atlantic_Spotted_Dolphin,10,fixed_mean,1000.0,4,"Beluga,_White_Whale","Beluga, White Whale",false
test_831,Atlantic_Spotted_Dolphin,10,conditional,1000.0,4,False_Killer_Whale,False Killer Whale,false
test_831,Atlantic_Spotted_Dolphin,20,fixed_mean,1000.0,4,False_Killer_Whale,False Killer Whale,false
test_831,Atlantic_Spotted_Dolphin,20,conditional,1000.0,4,False_Killer_Whale,False Killer Whale,false
test_833,Atlantic_Spotted_Dolphin,1,fixed_mean,1000.0,0,False_Killer_Whale,False Killer Whale,false
test_833,Atlantic_Spotted_Dolphin,1,conditional,1000.0,0,False_Killer_Whale,False Killer Whale,false
test_833,Atlantic_Spotted_Dolphin,5,fixed_mean,1000.0,4,False_Killer_Whale,False Killer Whale,false
test_833,Atlantic_Spotted_Dolphin,5,conditional,1000.0,4,False_Killer_Whale,False Killer Whale,false
test_833,Atlantic_Spotted_Dolphin,10,fixed_mean,1000.0,4,False_Killer_Whale,False Killer Whale,false
test_833,Atlantic_Spotted_Dolphin,10,conditional,1000.0,4,Bottlenose_Dolphin,Bottlenose Dolphin,false
test_833,Atlantic_Spotted_Dolphin,20,fixed_mean,1000.0,4,False_Killer_Whale,False Killer Whale,false
test_833,Atlantic_Spotted_Dolphin,20,conditional,1000.0,4,False_Killer_Whale,False Killer Whale,false
test_834,Atlantic_Spotted_Dolphin,1,fixed_mean,1000.0,0,False_Killer_Whale,False Killer Whale,false
test_834,Atlantic_Spotted_Dolphin,1,conditional,1000.0,0,False_Killer_Whale,False Killer Whale,false
test_834,Atlantic_Spotted_Dolphin,5,fixed_mean,1000.0,4,"Beluga,_White_Whale","Beluga, White Whale",false
test_834,Atlantic_Spotted_Dolphin,5,conditional,1000.0,4,Bottlenose_Dolphin,Bottlenose Dolphin,false
test_834,Atlantic_Spotted_Dolphin,10,fixed_mean,1000.0,4,Bottlenose_Dolphin,Bottlenose Dolphin,false
test_834,Atlantic_Spotted_Dolphin,10,conditional,1000.0,4,Bottlenose_Dolphin,Bottlenose Dolphin,false
test_834,Atlantic_Spotted_Dolphin,20,fixed_mean,1000.0,4,False_Killer_Whale,False Killer Whale,false
test_834,Atlantic_Spotted_Dolphin,20,conditional,1000.0,4,False_Killer_Whale,False Killer Whale,false
test_836,Atlantic_Spotted_Dolphin,1,fixed_mean,1000.0,0,False_Killer_Whale,False Killer Whale,false
test_836,Atlantic_Spotted_Dolphin,1,conditional,1000.0,0,False_Killer_Whale,False Killer Whale,false
test_836,Atlantic_Spotted_Dolphin,5,fixed_mean,1000.0,4,False_Killer_Whale,False Killer Whale,false
test_836,Atlantic_Spotted_Dolphin,5,conditional,1000.0,4,False_Killer_Whale,False Killer Whale,false
test_836,Atlantic_Spotted_Dolphin,10,fixed_mean,1000.0,4,False_Killer_Whale,False Killer Whale,false
test_836,Atlantic_Spotted_Dolphin,10,conditional,1000.0,4,False_Killer_Whale,False Killer Whale,false
test_836,Atlantic_Spotted_Dolphin,20,fixed_mean,1000.0,4,False_Killer_Whale,False Killer Whale,false
test_836,Atlantic_Spotted_Dolphin,20,conditional,1000.0,4,False_Killer_Whale,False Killer Whale,false
test_845,Atlantic_Spotted_Dolphin,1,fixed_mean,1000.0,0,False_Killer_Whale,False Killer Whale,false
test_845,Atlantic_Spotted_Dolphin,1,conditional,1000.0,0,False_Killer_Whale,False Killer Whale,false
test_845,Atlantic_Spotted_Dolphin,5,fixed_mean,1000.0,4,False_Killer_Whale,False Killer Whale,false
test_845,Atlantic_Spotted_Dolphin,5,conditional,1000.0,4,False_Killer_Whale,False Killer Whale,false
test_845,Atlantic_Spotted_Dolphin,10,fixed_mean,1000.0,4,False_Killer_Whale,False Killer Whale,false
test_845,Atlantic_Spotted_Dolphin,10,conditional,1000.0,4,False_Killer_Whale,False Killer Whale,false
test_845,Atlantic_Spotted_Dolphin,20,fixed_mean,1000.0,4,False_Killer_Whale,False Killer Whale,false
test_845,Atlantic_Spotted_Dolphin,20,conditional,1000.0,4,False_Killer_Whale,False Killer Whale,false
test_850,Atlantic_Spotted_Dolphin,1,fixed_mean,1000.0,0,False_Killer_Whale,False Killer Whale,false
test_850,Atlantic_Spotted_Dolphin,1,conditional,1000.0,0,False_Killer_Whale,False Killer Whale,false
test_850,Atlantic_Spotted_Dolphin,5,fixed_mean,1000.0,4,False_Killer_Whale,False Killer Whale,false
test_850,Atlantic_Spotted_Dolphin,5,conditional,1000.0,4,"Beluga,_White_Whale","Beluga, White Whale",false
test_850,Atlantic_Spotted_Dolphin,10,fixed_mean,1000.0,4,False_Killer_Whale,False Killer Whale,false
test_850,Atlantic_Spotted_Dolphin,10,conditional,1000.0,4,"Beluga,_White_Whale","Beluga, White Whale",false
test_850,Atlantic_Spotted_Dolphin,20,fixed_mean,1000.0,4,False_Killer_Whale,False Killer Whale,false
test_850,Atlantic_Spotted_Dolphin,20,conditional,1000.0,4,"Beluga,_White_Whale","Beluga, White Whale",false
test_851,Atlantic_Spotted_Dolphin,1,fixed_mean,1000.0,0,False_Killer_Whale,False Killer Whale,false
test_851,Atlantic_Spotted_Dolphin,1,conditional,1000.0,0,False_Killer_Whale,False Killer Whale,false
test_851,Atlantic_Spotted_Dolphin,5,fixed_mean,1000.0,4,"Beluga,_White_Whale","Beluga, White Whale",false
test_851,Atlantic_Spotted_Dolphin,5,conditional,1000.0,4,Bottlenose_Dolphin,Bottlenose Dolphin,false
test_851,Atlantic_Spotted_Dolphin,10,fixed_mean,1000.0,4,"Beluga,_White_Whale","Beluga, White Whale",false
test_851,Atlantic_Spotted_Dolphin,10,conditional,1000.0,4,Bottlenose_Dolphin,Bottlenose Dolphin,false
test_851,Atlantic_Spotted_Dolphin,20,fixed_mean,1000.0,4,Bottlenose_Dolphin,Bottlenose Dolphin,false
test_851,Atlantic_Spotted_Dolphin,20,conditional,1000.0,4,False_Killer_Whale,False Killer Whale,false
test_858,Atlantic_Spotted_Dolphin,1,fixed_mean,1000.0,0,False_Killer_Whale,False Killer Whale,false
test_858,Atlantic_Spotted_Dolphin,1,conditional,1000.0,0,False_Killer_Whale,False Killer Whale,false
test_858,Atlantic_Spotted_Dolphin,5,fixed_mean,1000.0,4,False_Killer_Whale,False Killer Whale,false
test_858,Atlantic_Spotted_Dolphin,5,conditional,1000.0,4,Bottlenose_Dolphin,Bottlenose Dolphin,false
test_858,Atlantic_Spotted_Dolphin,10,fixed_mean,1000.0,4,Bottlenose_Dolphin,Bottlenose Dolphin,false
test_858,Atlantic_Spotted_Dolphin,10,conditional,1000.0,4,False_Killer_Whale,False Killer Whale,false
test_858,Atlantic_Spotted_Dolphin,20,fixed_mean,1000.0,4,False_Killer_Whale,False Killer Whale,false
test_858,Atlantic_Spotted_Dolphin,20,conditional,1000.0,4,False_Killer_Whale,False Killer Whale,false
test_871,"Fin,_Finback_Whale",1,fixed_mean,1000.0,0,False_Killer_Whale,False Killer Whale,false
test_871,"Fin,_Finback_Whale",1,conditional,1000.0,0,False_Killer_Whale,False Killer Whale,false
test_871,"Fin,_Finback_Whale",5,fixed_mean,1000.0,4,False_Killer_Whale,False Killer Whale,false
test_871,"Fin,_Finback_Whale",5,conditional,1000.0,4,"Beluga,_White_Whale","Beluga, White Whale",false
test_871,"Fin,_Finback_Whale",10,fixed_mean,1000.0,4,False_Killer_Whale,False Killer Whale,false
test_871,"Fin,_Finback_Whale",10,conditional,1000.0,4,"Beluga,_White_Whale","Beluga, White Whale",false
test_871,"Fin,_Finback_Whale",20,fixed_mean,1000.0,4,False_Killer_Whale,False Killer Whale,false
test_871,"Fin,_Finback_Whale",20,conditional,1000.0,4,False_Killer_Whale,False Killer Whale,false
test_877,"Fin,_Finback_Whale",1,fixed_mean,1000.0,0,False_Killer_Whale,False Killer Whale,false
test_877,"Fin,_Finback_Whale",1,conditional,1000.0,0,False_Killer_Whale,False Killer Whale,false
test_877,"Fin,_Finback_Whale",5,fixed_mean,1000.0,4,Bottlenose_Dolphin,Bottlenose Dolphin,false
test_877,"Fin,_Finback_Whale",5,conditional,1000.0,4,Sperm_Whale,Sperm Whale,false
test_877,"Fin,_Finback_Whale",10,fixed_mean,1000.0,4,Bottlenose_Dolphin,Bottlenose Dolphin,false
test_877,"Fin,_Finback_Whale",10,conditional,1000.0,4,"Beluga,_White_Whale","Beluga, White Whale",false
test_877,"Fin,_Finback_Whale",20,fixed_mean,1000.0,4,False_Killer_Whale,False Killer Whale,false
test_877,"Fin,_Finback_Whale",20,conditional,1000.0,4,False_Killer_Whale,False Killer Whale,false
test_882,"Fin,_Finback_Whale",1,fixed_mean,1000.0,0,False_Killer_Whale,False Killer Whale,false
test_882,"Fin,_Finback_Whale",1,conditional,1000.0,0,False_Killer_Whale,False Killer Whale,false
test_882,"Fin,_Finback_Whale",5,fixed_mean,1000.0,4,False_Killer_Whale,False Killer Whale,false
test_882,"Fin,_Finback_Whale",5,conditional,1000.0,4,"Beluga,_White_Whale","Beluga, White Whale",false
test_882,"Fin,_Finback_Whale",10,fixed_mean,1000.0,4,False_Killer_Whale,False Killer Whale,false
test_882,"Fin,_Finback_Whale",10,conditional,1000.0,4,"Beluga,_White_Whale","Beluga, White Whale",false
test_882,"Fin,_Finback_Whale",20,fixed_mean,1000.0,4,False_Killer_Whale,False Killer Whale,false
test_882,"Fin,_Finback_Whale",20,conditional,1000.0,4,False_Killer_Whale,False Killer Whale,false
test_884,"Fin,_Finback_Whale",1,fixed_mean,1000.0,0,Bottlenose_Dolphin,Bottlenose Dolphin,false
test_884,"Fin,_Finback_Whale",1,conditional,1000.0,0,Bottlenose_Dolphin,Bottlenose Dolphin,false
test_884,"Fin,_Finback_Whale",5,fixed_mean,1000.0,4,Sperm_Whale,Sperm Whale,false
test_884,"Fin,_Finback_Whale",5,conditional,1000.0,4,Sperm_Whale,Sperm Whale,false
test_884,"Fin,_Finback_Whale",10,fixed_mean,1000.0,4,Bottlenose_Dolphin,Bottlenose Dolphin,false
test_884,"Fin,_Finback_Whale",10,conditional,1000.0,4,Bottlenose_Dolphin,Bottlenose Dolphin,false
test_884,"Fin,_Finback_Whale",20,fixed_mean,1000.0,4,Bottlenose_Dolphin,Bottlenose Dolphin,false
test_884,"Fin,_Finback_Whale",20,conditional,1000.0,4,Bottlenose_Dolphin,Bottlenose Dolphin,false
test_886,"Fin,_Finback_Whale",1,fixed_mean,1000.0,0,False_Killer_Whale,False Killer Whale,false
test_886,"Fin,_Finback_Whale",1,conditional,1000.0,0,False_Killer_Whale,False Killer Whale,false
test_886,"Fin,_Finback_Whale",5,fixed_mean,1000.0,4,False_Killer_Whale,False Killer Whale,false
test_886,"Fin,_Finback_Whale",5,conditional,1000.0,4,"Beluga,_White_Whale","Beluga, White Whale",false
test_886,"Fin,_Finback_Whale",10,fixed_mean,1000.0,4,False_Killer_Whale,False Killer Whale,false
test_886,"Fin,_Finback_Whale",10,conditional,1000.0,4,"Beluga,_White_Whale","Beluga, White Whale",false
test_886,"Fin,_Finback_Whale",20,fixed_mean,1000.0,4,False_Killer_Whale,False Killer Whale,false
test_886,"Fin,_Finback_Whale",20,conditional,1000.0,4,"Beluga,_White_Whale","Beluga, White Whale",false
test_889,"Fin,_Finback_Whale",1,fixed_mean,1000.0,0,False_Killer_Whale,False Killer Whale,false
test_889,"Fin,_Finback_Whale",1,conditional,1000.0,0,False_Killer_Whale,False Killer Whale,false
test_889,"Fin,_Finback_Whale",5,fixed_mean,1000.0,4,Bottlenose_Dolphin,Bottlenose Dolphin,false
test_889,"Fin,_Finback_Whale",5,conditional,1000.0,4,"Beluga,_White_Whale","Beluga, White Whale",false
test_889,"Fin,_Finback_Whale",10,fixed_mean,1000.0,4,False_Killer_Whale,False Killer Whale,false
test_889,"Fin,_Finback_Whale",10,conditional,1000.0,4,"Beluga,_White_Whale","Beluga, White Whale",false
test_889,"Fin,_Finback_Whale",20,fixed_mean,1000.0,4,False_Killer_Whale,False Killer Whale,false
test_889,"Fin,_Finback_Whale",20,conditional,1000.0,4,"Beluga,_White_Whale","Beluga, White Whale",false
test_890,"Fin,_Finback_Whale",1,fixed_mean,1000.0,0,False_Killer_Whale,False Killer Whale,false
test_890,"Fin,_Finback_Whale",1,conditional,1000.0,0,False_Killer_Whale,False Killer Whale,false
test_890,"Fin,_Finback_Whale",5,fixed_mean,1000.0,4,False_Killer_Whale,False Killer Whale,false
test_890,"Fin,_Finback_Whale",5,conditional,1000.0,4,"Beluga,_White_Whale","Beluga, White Whale",false
test_890,"Fin,_Finback_Whale",10,fixed_mean,1000.0,4,False_Killer_Whale,False Killer Whale,false
test_890,"Fin,_Finback_Whale",10,conditional,1000.0,4,"Beluga,_White_Whale","Beluga, White Whale",false
test_890,"Fin,_Finback_Whale",20,fixed_mean,1000.0,4,False_Killer_Whale,False Killer Whale,false
test_890,"Fin,_Finback_Whale",20,conditional,1000.0,4,False_Killer_Whale,False Killer Whale,false
test_904,"Fin,_Finback_Whale",1,fixed_mean,1000.0,0,False_Killer_Whale,False Killer Whale,false
test_904,"Fin,_Finback_Whale",1,conditional,1000.0,0,False_Killer_Whale,False Killer Whale,false
test_904,"Fin,_Finback_Whale",5,fixed_mean,1000.0,4,False_Killer_Whale,False Killer Whale,false
test_904,"Fin,_Finback_Whale",5,conditional,1000.0,4,"Beluga,_White_Whale","Beluga, White Whale",false
test_904,"Fin,_Finback_Whale",10,fixed_mean,1000.0,4,False_Killer_Whale,False Killer Whale,false
test_904,"Fin,_Finback_Whale",10,conditional,1000.0,4,"Beluga,_White_Whale","Beluga, White Whale",false
test_904,"Fin,_Finback_Whale",20,fixed_mean,1000.0,4,False_Killer_Whale,False Killer Whale,false
test_904,"Fin,_Finback_Whale",20,conditional,1000.0,4,False_Killer_Whale,False Killer Whale,false
test_906,"Fin,_Finback_Whale",1,fixed_mean,1000.0,0,False_Killer_Whale,False Killer Whale,false
test_906,"Fin,_Finback_Whale",1,conditional,1000.0,0,False_Killer_Whale,False Killer Whale,false
test_906,"Fin,_Finback_Whale",5,fixed_mean,1000.0,4,False_Killer_Whale,False Killer Whale,false
test_906,"Fin,_Finback_Whale",5,conditional,1000.0,4,"Beluga,_White_Whale","Beluga, White Whale",false
test_906,"Fin,_Finback_Whale",10,fixed_mean,1000.0,4,False_Killer_Whale,False Killer Whale,false
test_906,"Fin,_Finback_Whale",10,conditional,1000.0,4,"Beluga,_White_Whale","Beluga, White Whale",false
test_906,"Fin,_Finback_Whale",20,fixed_mean,1000.0,4,False_Killer_Whale,False Killer Whale,false
test_906,"Fin,_Finback_Whale",20,conditional,1000.0,4,False_Killer_Whale,False Killer Whale,false
test_910,"Fin,_Finback_Whale",1,fixed_mean,1000.0,0,False_Killer_Whale,False Killer Whale,false
test_910,"Fin,_Finback_Whale",1,conditional,1000.0,0,False_Killer_Whale,False Killer Whale,false
test_910,"Fin,_Finback_Whale",5,fixed_mean,1000.0,4,False_Killer_Whale,False Killer Whale,false
test_910,"Fin,_Finback_Whale",5,conditional,1000.0,4,"Beluga,_White_Whale","Beluga, White Whale",false
test_910,"Fin,_Finback_Whale",10,fixed_mean,1000.0,4,False_Killer_Whale,False Killer Whale,false
test_910,"Fin,_Finback_Whale",10,conditional,1000.0,4,"Beluga,_White_Whale","Beluga, White Whale",false
test_910,"Fin,_Finback_Whale",20,fixed_mean,1000.0,4,False_Killer_Whale,False Killer Whale,false
test_910,"Fin,_Finback_Whale",20,conditional,1000.0,4,False_Killer_Whale,False Killer Whale,false
test_924,Ross_Seal,1,fixed_mean,1000.0,0,"Beluga,_White_Whale","Beluga, White Whale",false
test_924,Ross_Seal,1,conditional,1000.0,0,"Beluga,_White_Whale","Beluga, White Whale",false
test_924,Ross_Seal,5,fixed_mean,1000.0,4,"Beluga,_White_Whale","Beluga, White Whale",false
test_924,Ross_Seal,5,conditional,1000.0,4,"Beluga,_White_Whale","Beluga, White Whale",false
test_924,Ross_Seal,10,fixed_mean,1000.0,4,"Beluga,_White_Whale","Beluga, White Whale",false
test_924,Ross_Seal,10,conditional,1000.0,4,"Beluga,_White_Whale","Beluga, White Whale",false
test_924,Ross_Seal,20,fixed_mean,1000.0,4,"Beluga,_White_Whale","Beluga, White Whale",false
test_924,Ross_Seal,20,conditional,1000.0,4,"Beluga,_White_Whale","Beluga, White Whale",false
test_934,Ross_Seal,1,fixed_mean,1000.0,0,"Beluga,_White_Whale","Beluga, White Whale",false
test_934,Ross_Seal,1,conditional,1000.0,0,"Beluga,_White_Whale","Beluga, White Whale",false
test_934,Ross_Seal,5,fixed_mean,1000.0,4,"Beluga,_White_Whale","Beluga, White Whale",false
test_934,Ross_Seal,5,conditional,1000.0,4,"Beluga,_White_Whale","Beluga, White Whale",false
test_934,Ross_Seal,10,fixed_mean,1000.0,4,"Beluga,_White_Whale","Beluga, White Whale",false
test_934,Ross_Seal,10,conditional,1000.0,4,"Beluga,_White_Whale","Beluga, White Whale",false
test_934,Ross_Seal,20,fixed_mean,1000.0,4,"Beluga,_White_Whale","Beluga, White Whale",false
test_934,Ross_Seal,20,conditional,1000.0,4,"Beluga,_White_Whale","Beluga, White Whale",false
test_937,Ross_Seal,1,fixed_mean,1000.0,0,"Beluga,_White_Whale","Beluga, White Whale",false
test_937,Ross_Seal,1,conditional,1000.0,0,"Beluga,_White_Whale","Beluga, White Whale",false
test_937,Ross_Seal,5,fixed_mean,1000.0,4,"Beluga,_White_Whale","Beluga, White Whale",false
test_937,Ross_Seal,5,conditional,1000.0,4,"Beluga,_White_Whale","Beluga, White Whale",false
test_937,Ross_Seal,10,fixed_mean,1000.0,4,"Beluga,_White_Whale","Beluga, White Whale",false
test_937,Ross_Seal,10,conditional,1000.0,4,"Beluga,_White_Whale","Beluga, White Whale",false
test_937,Ross_Seal,20,fixed_mean,1000.0,4,"Beluga,_White_Whale","Beluga, White Whale",false
test_937,Ross_Seal,20,conditional,1000.0,4,"Beluga,_White_Whale","Beluga, White Whale",false
test_939,Ross_Seal,1,fixed_mean,1000.0,0,"Beluga,_White_Whale","Beluga, White Whale",false
test_939,Ross_Seal,1,conditional,1000.0,0,"Beluga,_White_Whale","Beluga, White Whale",false
test_939,Ross_Seal,5,fixed_mean,1000.0,4,"Beluga,_White_Whale","Beluga, White Whale",false
test_939,Ross_Seal,5,conditional,1000.0,4,"Beluga,_White_Whale","Beluga, White Whale",false
test_939,Ross_Seal,10,fixed_mean,1000.0,4,"Beluga,_White_Whale","Beluga, White Whale",false
test_939,Ross_Seal,10,conditional,1000.0,4,False_Killer_Whale,False Killer Whale,false
test_939,Ross_Seal,20,fixed_mean,1000.0,4,False_Killer_Whale,False Killer Whale,false
test_939,Ross_Seal,20,conditional,1000.0,4,"Beluga,_White_Whale","Beluga, White Whale",false
test_945,Ross_Seal,1,fixed_mean,1000.0,0,"Beluga,_White_Whale","Beluga, White Whale",false
test_945,Ross_Seal,1,conditional,1000.0,0,"Beluga,_White_Whale","Beluga, White Whale",false
test_945,Ross_Seal,5,fixed_mean,1000.0,4,"Beluga,_White_Whale","Beluga, White Whale",false
test_945,Ross_Seal,5,conditional,1000.0,4,Bottlenose_Dolphin,Bottlenose Dolphin,false
test_945,Ross_Seal,10,fixed_mean,1000.0,4,Bottlenose_Dolphin,Bottlenose Dolphin,false
test_945,Ross_Seal,10,conditional,1000.0,4,Bottlenose_Dolphin,Bottlenose Dolphin,false
test_945,Ross_Seal,20,fixed_mean,1000.0,4,"Beluga,_White_Whale","Beluga, White Whale",false
test_945,Ross_Seal,20,conditional,1000.0,4,Bottlenose_Dolphin,Bottlenose Dolphin,false
test_946,Ross_Seal,1,fixed_mean,1000.0,0,False_Killer_Whale,False Killer Whale,false
test_946,Ross_Seal,1,conditional,1000.0,0,False_Killer_Whale,False Killer Whale,false
test_946,Ross_Seal,5,fixed_mean,1000.0,4,"Beluga,_White_Whale","Beluga, White Whale",false
test_946,Ross_Seal,5,conditional,1000.0,4,"Beluga,_White_Whale","Beluga, White Whale",false
test_946,Ross_Seal,10,fixed_mean,1000.0,4,False_Killer_Whale,False Killer Whale,false
test_946,Ross_Seal,10,conditional,1000.0,4,"Beluga,_White_Whale","Beluga, White Whale",false
test_946,Ross_Seal,20,fixed_mean,1000.0,4,False_Killer_Whale,False Killer Whale,false
test_946,Ross_Seal,20,conditional,1000.0,4,False_Killer_Whale,False Killer Whale,false
test_953,Ross_Seal,1,fixed_mean,1000.0,0,"Beluga,_White_Whale","Beluga, White Whale",false
test_953,Ross_Seal,1,conditional,1000.0,0,"Beluga,_White_Whale","Beluga, White Whale",false
test_953,Ross_Seal,5,fixed_mean,1000.0,4,"Beluga,_White_Whale","Beluga, White Whale",false
test_953,Ross_Seal,5,conditional,1000.0,4,"Beluga,_White_Whale","Beluga, White Whale",false
test_953,Ross_Seal,10,fixed_mean,1000.0,4,"Beluga,_White_Whale","Beluga, White Whale",false
test_953,Ross_Seal,10,conditional,1000.0,4,"Beluga,_White_Whale","Beluga, White Whale",false
test_953,Ross_Seal,20,fixed_mean,1000.0,4,"Beluga,_White_Whale","Beluga, White Whale",false
test_953,Ross_Seal,20,conditional,1000.0,4,"Beluga,_White_Whale","Beluga, White Whale",false
test_959,Ross_Seal,1,fixed_mean,1000.0,0,"Beluga,_White_Whale","Beluga, White Whale",false
test_959,Ross_Seal,1,conditional,1000.0,0,"Beluga,_White_Whale","Beluga, White Whale",false
test_959,Ross_Seal,5,fixed_mean,1000.0,4,"Beluga,_White_Whale","Beluga, White Whale",false
test_959,Ross_Seal,5,conditional,1000.0,4,"Beluga,_White_Whale","Beluga, White Whale",false
test_959,Ross_Seal,10,fixed_mean,1000.0,4,"Beluga,_White_Whale","Beluga, White Whale",false
test_959,Ross_Seal,10,conditional,1000.0,4,"Beluga,_White_Whale","Beluga, White Whale",false
test_959,Ross_Seal,20,fixed_mean,1000.0,4,"Beluga,_White_Whale","Beluga, White Whale",false
test_959,Ross_Seal,20,conditional,1000.0,4,"Beluga,_White_Whale","Beluga, White Whale",false
test_960,Ross_Seal,1,fixed_mean,1000.0,0,"Beluga,_White_Whale","Beluga, White Whale",false
test_960,Ross_Seal,1,conditional,1000.0,0,"Beluga,_White_Whale","Beluga, White Whale",false
test_960,Ross_Seal,5,fixed_mean,1000.0,4,"Beluga,_White_Whale","Beluga, White Whale",false
test_960,Ross_Seal,5,conditional,1000.0,4,"Beluga,_White_Whale","Beluga, White Whale",false
test_960,Ross_Seal,10,fixed_mean,1000.0,4,"Beluga,_White_Whale","Beluga, White Whale",false
test_960,Ross_Seal,10,conditional,1000.0,4,"Beluga,_White_Whale","Beluga, White Whale",false
test_960,Ross_Seal,20,fixed_mean,1000.0,4,"Beluga,_White_Whale","Beluga, White Whale",false
test_960,Ross_Seal,20,conditional,1000.0,4,"Beluga,_White_Whale","Beluga, White Whale",false
test_962,Ross_Seal,1,fixed_mean,1000.0,0,"Beluga,_White_Whale","Beluga, White Whale",false
test_962,Ross_Seal,1,conditional,1000.0,0,"Beluga,_White_Whale","Beluga, White Whale",false
test_962,Ross_Seal,5,fixed_mean,1000.0,4,"Beluga,_White_Whale","Beluga, White Whale",false
test_962,Ross_Seal,5,conditional,1000.0,4,"Beluga,_White_Whale","Beluga, White Whale",false
test_962,Ross_Seal,10,fixed_mean,1000.0,4,"Beluga,_White_Whale","Beluga, White Whale",false
test_962,Ross_Seal,10,conditional,1000.0,4,"Beluga,_White_Whale","Beluga, White Whale",false
test_962,Ross_Seal,20,fixed_mean,1000.0,4,"Beluga,_White_Whale","Beluga, White Whale",false
test_962,Ross_Seal,20,conditional,1000.0,4,"Beluga,_White_Whale","Beluga, White Whale",false
test_972,Rough-Toothed_Dolphin,1,fixed_mean,1000.0,0,False_Killer_Whale,False Killer Whale,false
test_972,Rough-Toothed_Dolphin,1,conditional,1000.0,0,False_Killer_Whale,False Killer Whale,false
test_972,Rough-Toothed_Dolphin,5,fixed_mean,1000.0,4,"Beluga,_White_Whale","Beluga, White Whale",false
test_972,Rough-Toothed_Dolphin,5,conditional,1000.0,4,False_Killer_Whale,False Killer Whale,false
test_972,Rough-Toothed_Dolphin,10,fixed_mean,1000.0,4,False_Killer_Whale,False Killer Whale,false
test_972,Rough-Toothed_Dolphin,10,conditional,1000.0,4,False_Killer_Whale,False Killer Whale,false
test_972,Rough-Toothed_Dolphin,20,fixed_mean,1000.0,4,False_Killer_Whale,False Killer Whale,false
test_972,Rough-Toothed_Dolphin,20,conditional,1000.0,4,False_Killer_Whale,False Killer Whale,false
test_974,Rough-Toothed_Dolphin,1,fixed_mean,1000.0,0,False_Killer_Whale,False Killer Whale,false
test_974,Rough-Toothed_Dolphin,1,conditional,1000.0,0,False_Killer_Whale,False Killer Whale,false
test_974,Rough-Toothed_Dolphin,5,fixed_mean,1000.0,4,False_Killer_Whale,False Killer Whale,false
test_974,Rough-Toothed_Dolphin,5,conditional,1000.0,4,False_Killer_Whale,False Killer Whale,false
test_974,Rough-Toothed_Dolphin,10,fixed_mean,1000.0,4,False_Killer_Whale,False Killer Whale,false
test_974,Rough-Toothed_Dolphin,10,conditional,1000.0,4,False_Killer_Whale,False Killer Whale,false
test_974,Rough-Toothed_Dolphin,20,fixed_mean,1000.0,4,False_Killer_Whale,False Killer Whale,false
test_974,Rough-Toothed_Dolphin,20,conditional,1000.0,4,False_Killer_Whale,False Killer Whale,false
test_975,Rough-Toothed_Dolphin,1,fixed_mean,1000.0,0,"Beluga,_White_Whale","Beluga, White Whale",false
test_975,Rough-Toothed_Dolphin,1,conditional,1000.0,0,"Beluga,_White_Whale","Beluga, White Whale",false
test_975,Rough-Toothed_Dolphin,5,fixed_mean,1000.0,4,"Beluga,_White_Whale","Beluga, White Whale",false
test_975,Rough-Toothed_Dolphin,5,conditional,1000.0,4,"Beluga,_White_Whale","Beluga, White Whale",false
test_975,Rough-Toothed_Dolphin,10,fixed_mean,1000.0,4,"Beluga,_White_Whale","Beluga, White Whale",false
test_975,Rough-Toothed_Dolphin,10,conditional,1000.0,4,"Beluga,_White_Whale","Beluga, White Whale",false
test_975,Rough-Toothed_Dolphin,20,fixed_mean,1000.0,4,"Beluga,_White_Whale","Beluga, White Whale",false
test_975,Rough-Toothed_Dolphin,20,conditional,1000.0,4,"Beluga,_White_Whale","Beluga, White Whale",false
test_978,Rough-Toothed_Dolphin,1,fixed_mean,1000.0,0,False_Killer_Whale,False Killer Whale,false
test_978,Rough-Toothed_Dolphin,1,conditional,1000.0,0,False_Killer_Whale,False Killer Whale,false
test_978,Rough-Toothed_Dolphin,5,fixed_mean,1000.0,4,False_Killer_Whale,False Killer Whale,false
test_978,Rough-Toothed_Dolphin,5,conditional,1000.0,4,False_Killer_Whale,False Killer Whale,false
test_978,Rough-Toothed_Dolphin,10,fixed_mean,1000.0,4,False_Killer_Whale,False Killer Whale,false
test_978,Rough-Toothed_Dolphin,10,conditional,1000.0,4,False_Killer_Whale,False Killer Whale,false
test_978,Rough-Toothed_Dolphin,20,fixed_mean,1000.0,4,False_Killer_Whale,False Killer Whale,false
test_978,Rough-Toothed_Dolphin,20,conditional,1000.0,4,False_Killer_Whale,False Killer Whale,false
test_980,Rough-Toothed_Dolphin,1,fixed_mean,1000.0,0,False_Killer_Whale,False Killer Whale,false
test_980,Rough-Toothed_Dolphin,1,conditional,1000.0,0,False_Killer_Whale,False Killer Whale,false
test_980,Rough-Toothed_Dolphin,5,fixed_mean,1000.0,4,False_Killer_Whale,False Killer Whale,false
test_980,Rough-Toothed_Dolphin,5,conditional,1000.0,4,False_Killer_Whale,False Killer Whale,false
test_980,Rough-Toothed_Dolphin,10,fixed_mean,1000.0,4,False_Killer_Whale,False Killer Whale,false
test_980,Rough-Toothed_Dolphin,10,conditional,1000.0,4,False_Killer_Whale,False Killer Whale,false
test_980,Rough-Toothed_Dolphin,20,fixed_mean,1000.0,4,False_Killer_Whale,False Killer Whale,false
test_980,Rough-Toothed_Dolphin,20,conditional,1000.0,4,False_Killer_Whale,False Killer Whale,false
test_994,Rough-Toothed_Dolphin,1,fixed_mean,1000.0,0,False_Killer_Whale,False Killer Whale,false
test_994,Rough-Toothed_Dolphin,1,conditional,1000.0,0,False_Killer_Whale,False Killer Whale,false
test_994,Rough-Toothed_Dolphin,5,fixed_mean,1000.0,4,False_Killer_Whale,False Killer Whale,false
test_994,Rough-Toothed_Dolphin,5,conditional,1000.0,4,False_Killer_Whale,False Killer Whale,false
test_994,Rough-Toothed_Dolphin,10,fixed_mean,1000.0,4,False_Killer_Whale,False Killer Whale,false
test_994,Rough-Toothed_Dolphin,10,conditional,1000.0,4,False_Killer_Whale,False Killer Whale,false
test_994,Rough-Toothed_Dolphin,20,fixed_mean,1000.0,4,False_Killer_Whale,False Killer Whale,false
test_994,Rough-Toothed_Dolphin,20,conditional,1000.0,4,False_Killer_Whale,False Killer Whale,false
test_997,Rough-Toothed_Dolphin,1,fixed_mean,1000.0,0,False_Killer_Whale,False Killer Whale,false
test_997,Rough-Toothed_Dolphin,1,conditional,1000.0,0,False_Killer_Whale,False Killer Whale,false
test_997,Rough-Toothed_Dolphin,5,fixed_mean,1000.0,4,False_Killer_Whale,False Killer Whale,false
test_997,Rough-Toothed_Dolphin,5,conditional,1000.0,4,False_Killer_Whale,False Killer Whale,false
test_997,Rough-Toothed_Dolphin,10,fixed_mean,1000.0,4,False_Killer_Whale,False Killer Whale,false
test_997,Rough-Toothed_Dolphin,10,conditional,1000.0,4,False_Killer_Whale,False Killer Whale,false
test_997,Rough-Toothed_Dolphin,20,fixed_mean,1000.0,4,False_Killer_Whale,False Killer Whale,false
test_997,Rough-Toothed_Dolphin,20,conditional,1000.0,4,False_Killer_Whale,False Killer Whale,false
test_999,Rough-Toothed_Dolphin,1,fixed_mean,1000.0,0,False_Killer_Whale,False Killer Whale,false
test_999,Rough-Toothed_Dolphin,1,conditional,1000.0,0,False_Killer_Whale,False Killer Whale,false
test_999,Rough-Toothed_Dolphin,5,fixed_mean,1000.0,4,False_Killer_Whale,False Killer Whale,false
test_999,Rough-Toothed_Dolphin,5,conditional,1000.0,4,False_Killer_Whale,False Killer Whale,false
test_999,Rough-Toothed_Dolphin,10,fixed_mean,1000.0,4,False_Killer_Whale,False Killer Whale,false
test_999,Rough-Toothed_Dolphin,10,conditional,1000.0,4,False_Killer_Whale,False Killer Whale,false
test_999,Rough-Toothed_Dolphin,20,fixed_mean,1000.0,4,False_Killer_Whale,False Killer Whale,false
test_999,Rough-Toothed_Dolphin,20,conditional,1000.0,4,False_Killer_Whale,False Killer Whale,false
test_1008,Rough-Toothed_Dolphin,1,fixed_mean,1000.0,0,False_Killer_Whale,False Killer Whale,false
test_1008,Rough-Toothed_Dolphin,1,conditional,1000.0,0,False_Killer_Whale,False Killer Whale,false
test_1008,Rough-Toothed_Dolphin,5,fixed_mean,1000.0,4,False_Killer_Whale,False Killer Whale,false
test_1008,Rough-Toothed_Dolphin,5,conditional,1000.0,4,False_Killer_Whale,False Killer Whale,false
test_1008,Rough-Toothed_Dolphin,10,fixed_mean,1000.0,4,False_Killer_Whale,False Killer Whale,false
test_1008,Rough-Toothed_Dolphin,10,conditional,1000.0,4,False_Killer_Whale,False Killer Whale,false
test_1008,Rough-Toothed_Dolphin,20,fixed_mean,1000.0,4,False_Killer_Whale,False Killer Whale,false
test_1008,Rough-Toothed_Dolphin,20,conditional,1000.0,4,False_Killer_Whale,False Killer Whale,false
test_1019,Rough-Toothed_Dolphin,1,fixed_mean,1000.0,0,"Beluga,_White_Whale","Beluga, White Whale",false
test_1019,Rough-Toothed_Dolphin,1,conditional,1000.0,0,"Beluga,_White_Whale","Beluga, White Whale",false
test_1019,Rough-Toothed_Dolphin,5,fixed_mean,1000.0,4,"Beluga,_White_Whale","Beluga, White Whale",false
test_1019,Rough-Toothed_Dolphin,5,conditional,1000.0,4,"Beluga,_White_Whale","Beluga, White Whale",false
test_1019,Rough-Toothed_Dolphin,10,fixed_mean,1000.0,4,"Beluga,_White_Whale","Beluga, White Whale",false
test_1019,Rough-Toothed_Dolphin,10,conditional,1000.0,4,Bottlenose_Dolphin,Bottlenose Dolphin,false
test_1019,Rough-Toothed_Dolphin,20,fixed_mean,1000.0,4,"Beluga,_White_Whale","Beluga, White Whale",false
test_1019,Rough-Toothed_Dolphin,20,conditional,1000.0,4,False_Killer_Whale,False Killer Whale,false
test_1021,Killer_Whale,1,fixed_mean,1000.0,0,"Beluga,_White_Whale","Beluga, White Whale",false
test_1021,Killer_Whale,1,conditional,1000.0,0,"Beluga,_White_Whale","Beluga, White Whale",false
test_1021,Killer_Whale,5,fixed_mean,1000.0,4,"Beluga,_White_Whale","Beluga, White Whale",false
test_1021,Killer_Whale,5,conditional,1000.0,4,"Beluga,_White_Whale","Beluga, White Whale",false
test_1021,Killer_Whale,10,fixed_mean,1000.0,4,"Beluga,_White_Whale","Beluga, White Whale",false
test_1021,Killer_Whale,10,conditional,1000.0,4,"Beluga,_White_Whale","Beluga, White Whale",false
test_1021,Killer_Whale,20,fixed_mean,1000.0,4,"Beluga,_White_Whale","Beluga, White Whale",false
test_1021,Killer_Whale,20,conditional,1000.0,4,"Beluga,_White_Whale","Beluga, White Whale",false
test_1029,Killer_Whale,1,fixed_mean,1000.0,0,False_Killer_Whale,False Killer Whale,false
test_1029,Killer_Whale,1,conditional,1000.0,0,False_Killer_Whale,False Killer Whale,false
test_1029,Killer_Whale,5,fixed_mean,1000.0,4,"Beluga,_White_Whale","Beluga, White Whale",false
test_1029,Killer_Whale,5,conditional,1000.0,4,"Beluga,_White_Whale","Beluga, White Whale",false
test_1029,Killer_Whale,10,fixed_mean,1000.0,4,False_Killer_Whale,False Killer Whale,false
test_1029,Killer_Whale,10,conditional,1000.0,4,"Beluga,_White_Whale","Beluga, White Whale",false
test_1029,Killer_Whale,20,fixed_mean,1000.0,4,False_Killer_Whale,False Killer Whale,false
test_1029,Killer_Whale,20,conditional,1000.0,4,"Beluga,_White_Whale","Beluga, White Whale",false
test_1034,Killer_Whale,1,fixed_mean,1000.0,0,"Beluga,_White_Whale","Beluga, White Whale",false
test_1034,Killer_Whale,1,conditional,1000.0,0,"Beluga,_White_Whale","Beluga, White Whale",false
test_1034,Killer_Whale,5,fixed_mean,1000.0,4,"Beluga,_White_Whale","Beluga, White Whale",false
test_1034,Killer_Whale,5,conditional,1000.0,4,"Beluga,_White_Whale","Beluga, White Whale",false
test_1034,Killer_Whale,10,fixed_mean,1000.0,4,"Beluga,_White_Whale","Beluga, White Whale",false
test_1034,Killer_Whale,10,conditional,1000.0,4,"Beluga,_White_Whale","Beluga, White Whale",false
test_1034,Killer_Whale,20,fixed_mean,1000.0,4,"Beluga,_White_Whale","Beluga, White Whale",false
test_1034,Killer_Whale,20,conditional,1000.0,4,"Beluga,_White_Whale","Beluga, White Whale",false
test_1041,Killer_Whale,1,fixed_mean,1000.0,0,False_Killer_Whale,False Killer Whale,false
test_1041,Killer_Whale,1,conditional,1000.0,0,False_Killer_Whale,False Killer Whale,false
test_1041,Killer_Whale,5,fixed_mean,1000.0,4,"Beluga,_White_Whale","Beluga, White Whale",false
test_1041,Killer_Whale,5,conditional,1000.0,4,False_Killer_Whale,False Killer Whale,false
test_1041,Killer_Whale,10,fixed_mean,1000.0,4,"Beluga,_White_Whale","Beluga, White Whale",false
test_1041,Killer_Whale,10,conditional,1000.0,4,"Beluga,_White_Whale","Beluga, White Whale",false
test_1041,Killer_Whale,20,fixed_mean,1000.0,4,False_Killer_Whale,False Killer Whale,false
test_1041,Killer_Whale,20,conditional,1000.0,4,False_Killer_Whale,False Killer Whale,false
test_1042,Killer_Whale,1,fixed_mean,1000.0,0,False_Killer_Whale,False Killer Whale,false
test_1042,Killer_Whale,1,conditional,1000.0,0,False_Killer_Whale,False Killer Whale,false
test_1042,Killer_Whale,5,fixed_mean,1000.0,4,False_Killer_Whale,False Killer Whale,false
test_1042,Killer_Whale,5,conditional,1000.0,4,False_Killer_Whale,False Killer Whale,false
test_1042,Killer_Whale,10,fixed_mean,1000.0,4,False_Killer_Whale,False Killer Whale,false
test_1042,Killer_Whale,10,conditional,1000.0,4,False_Killer_Whale,False Killer Whale,false
test_1042,Killer_Whale,20,fixed_mean,1000.0,4,False_Killer_Whale,False Killer Whale,false
test_1042,Killer_Whale,20,conditional,1000.0,4,False_Killer_Whale,False Killer Whale,false
test_1048,Killer_Whale,1,fixed_mean,1000.0,0,"Beluga,_White_Whale","Beluga, White Whale",false
test_1048,Killer_Whale,1,conditional,1000.0,0,"Beluga,_White_Whale","Beluga, White Whale",false
test_1048,Killer_Whale,5,fixed_mean,1000.0,4,"Beluga,_White_Whale","Beluga, White Whale",false
test_1048,Killer_Whale,5,conditional,1000.0,4,"Beluga,_White_Whale","Beluga, White Whale",false
test_1048,Killer_Whale,10,fixed_mean,1000.0,4,"Beluga,_White_Whale","Beluga, White Whale",false
test_1048,Killer_Whale,10,conditional,1000.0,4,"Beluga,_White_Whale","Beluga, White Whale",false
test_1048,Killer_Whale,20,fixed_mean,1000.0,4,False_Killer_Whale,False Killer Whale,false
test_1048,Killer_Whale,20,conditional,1000.0,4,"Beluga,_White_Whale","Beluga, White Whale",false
test_1051,Killer_Whale,1,fixed_mean,1000.0,0,"Beluga,_White_Whale","Beluga, White Whale",false
test_1051,Killer_Whale,1,conditional,1000.0,0,"Beluga,_White_Whale","Beluga, White Whale",false
test_1051,Killer_Whale,5,fixed_mean,1000.0,4,"Beluga,_White_Whale","Beluga, White Whale",false
test_1051,Killer_Whale,5,conditional,1000.0,4,"Beluga,_White_Whale","Beluga, White Whale",false
test_1051,Killer_Whale,10,fixed_mean,1000.0,4,"Beluga,_White_Whale","Beluga, White Whale",false
test_1051,Killer_Whale,10,conditional,1000.0,4,"Beluga,_White_Whale","Beluga, White Whale",false
test_1051,Killer_Whale,20,fixed_mean,1000.0,4,"Beluga,_White_Whale","Beluga, White Whale",false
test_1051,Killer_Whale,20,conditional,1000.0,4,"Beluga,_White_Whale","Beluga, White Whale",false
test_1056,Pantropical_Spotted_Dolphin,1,fixed_mean,1000.0,0,False_Killer_Whale,False Killer Whale,false
test_1056,Pantropical_Spotted_Dolphin,1,conditional,1000.0,0,False_Killer_Whale,False Killer Whale,false
test_1056,Pantropical_Spotted_Dolphin,5,fixed_mean,1000.0,4,False_Killer_Whale,False Killer Whale,false
test_1056,Pantropical_Spotted_Dolphin,5,conditional,1000.0,4,False_Killer_Whale,False Killer Whale,false
test_1056,Pantropical_Spotted_Dolphin,10,fixed_mean,1000.0,4,False_Killer_Whale,False Killer Whale,false
test_1056,Pantropical_Spotted_Dolphin,10,conditional,1000.0,4,False_Killer_Whale,False Killer Whale,false
test_1056,Pantropical_Spotted_Dolphin,20,fixed_mean,1000.0,4,False_Killer_Whale,False Killer Whale,false
test_1056,Pantropical_Spotted_Dolphin,20,conditional,1000.0,4,False_Killer_Whale,False Killer Whale,false
test_1057,Pantropical_Spotted_Dolphin,1,fixed_mean,1000.0,0,False_Killer_Whale,False Killer Whale,false
test_1057,Pantropical_Spotted_Dolphin,1,conditional,1000.0,0,False_Killer_Whale,False Killer Whale,false
test_1057,Pantropical_Spotted_Dolphin,5,fixed_mean,1000.0,4,False_Killer_Whale,False Killer Whale,false
test_1057,Pantropical_Spotted_Dolphin,5,conditional,1000.0,4,False_Killer_Whale,False Killer Whale,false
test_1057,Pantropical_Spotted_Dolphin,10,fixed_mean,1000.0,4,False_Killer_Whale,False Killer Whale,false
test_1057,Pantropical_Spotted_Dolphin,10,conditional,1000.0,4,False_Killer_Whale,False Killer Whale,false
test_1057,Pantropical_Spotted_Dolphin,20,fixed_mean,1000.0,4,False_Killer_Whale,False Killer Whale,false
test_1057,Pantropical_Spotted_Dolphin,20,conditional,1000.0,4,False_Killer_Whale,False Killer Whale,false
test_1060,Pantropical_Spotted_Dolphin,1,fixed_mean,1000.0,0,False_Killer_Whale,False Killer Whale,false
test_1060,Pantropical_Spotted_Dolphin,1,conditional,1000.0,0,False_Killer_Whale,False Killer Whale,false
test_1060,Pantropical_Spotted_Dolphin,5,fixed_mean,1000.0,4,False_Killer_Whale,False Killer Whale,false
test_1060,Pantropical_Spotted_Dolphin,5,conditional,1000.0,4,False_Killer_Whale,False Killer Whale,false
test_1060,Pantropical_Spotted_Dolphin,10,fixed_mean,1000.0,4,False_Killer_Whale,False Killer Whale,false
test_1060,Pantropical_Spotted_Dolphin,10,conditional,1000.0,4,False_Killer_Whale,False Killer Whale,false
test_1060,Pantropical_Spotted_Dolphin,20,fixed_mean,1000.0,4,False_Killer_Whale,False Killer Whale,false
test_1060,Pantropical_Spotted_Dolphin,20,conditional,1000.0,4,False_Killer_Whale,False Killer Whale,false
test_1065,Pantropical_Spotted_Dolphin,1,fixed_mean,1000.0,0,False_Killer_Whale,False Killer Whale,false
test_1065,Pantropical_Spotted_Dolphin,1,conditional,1000.0,0,False_Killer_Whale,False Killer Whale,false
test_1065,Pantropical_Spotted_Dolphin,5,fixed_mean,1000.0,4,False_Killer_Whale,False Killer Whale,false
test_1065,Pantropical_Spotted_Dolphin,5,conditional,1000.0,4,False_Killer_Whale,False Killer Whale,false
test_1065,Pantropical_Spotted_Dolphin,10,fixed_mean,1000.0,4,False_Killer_Whale,False Killer Whale,false
test_1065,Pantropical_Spotted_Dolphin,10,conditional,1000.0,4,False_Killer_Whale,False Killer Whale,false
test_1065,Pantropical_Spotted_Dolphin,20,fixed_mean,1000.0,4,False_Killer_Whale,False Killer Whale,false
test_1065,Pantropical_Spotted_Dolphin,20,conditional,1000.0,4,False_Killer_Whale,False Killer Whale,false
test_1066,Pantropical_Spotted_Dolphin,1,fixed_mean,1000.0,0,False_Killer_Whale,False Killer Whale,false
test_1066,Pantropical_Spotted_Dolphin,1,conditional,1000.0,0,False_Killer_Whale,False Killer Whale,false
test_1066,Pantropical_Spotted_Dolphin,5,fixed_mean,1000.0,4,False_Killer_Whale,False Killer Whale,false
test_1066,Pantropical_Spotted_Dolphin,5,conditional,1000.0,4,False_Killer_Whale,False Killer Whale,false
test_1066,Pantropical_Spotted_Dolphin,10,fixed_mean,1000.0,4,False_Killer_Whale,False Killer Whale,false
test_1066,Pantropical_Spotted_Dolphin,10,conditional,1000.0,4,False_Killer_Whale,False Killer Whale,false
test_1066,Pantropical_Spotted_Dolphin,20,fixed_mean,1000.0,4,False_Killer_Whale,False Killer Whale,false
test_1066,Pantropical_Spotted_Dolphin,20,conditional,1000.0,4,False_Killer_Whale,False Killer Whale,false
test_1075,Pantropical_Spotted_Dolphin,1,fixed_mean,1000.0,0,Humpback_Whale,Humpback Whale,false
test_1075,Pantropical_Spotted_Dolphin,1,conditional,1000.0,0,Humpback_Whale,Humpback Whale,false
test_1075,Pantropical_Spotted_Dolphin,5,fixed_mean,1000.0,4,Humpback_Whale,Humpback Whale,false
test_1075,Pantropical_Spotted_Dolphin,5,conditional,1000.0,4,Sperm_Whale,Sperm Whale,false
test_1075,Pantropical_Spotted_Dolphin,10,fixed_mean,1000.0,4,Humpback_Whale,Humpback Whale,false
test_1075,Pantropical_Spotted_Dolphin,10,conditional,1000.0,4,Humpback_Whale,Humpback Whale,false
test_1075,Pantropical_Spotted_Dolphin,20,fixed_mean,1000.0,4,Bottlenose_Dolphin,Bottlenose Dolphin,false
test_1075,Pantropical_Spotted_Dolphin,20,conditional,1000.0,4,False_Killer_Whale,False Killer Whale,false
test_1088,Pantropical_Spotted_Dolphin,1,fixed_mean,1000.0,0,False_Killer_Whale,False Killer Whale,false
test_1088,Pantropical_Spotted_Dolphin,1,conditional,1000.0,0,False_Killer_Whale,False Killer Whale,false
test_1088,Pantropical_Spotted_Dolphin,5,fixed_mean,1000.0,4,False_Killer_Whale,False Killer Whale,false
test_1088,Pantropical_Spotted_Dolphin,5,conditional,1000.0,4,False_Killer_Whale,False Killer Whale,false
test_1088,Pantropical_Spotted_Dolphin,10,fixed_mean,1000.0,4,False_Killer_Whale,False Killer Whale,false
test_1088,Pantropical_Spotted_Dolphin,10,conditional,1000.0,4,False_Killer_Whale,False Killer Whale,false
test_1088,Pantropical_Spotted_Dolphin,20,fixed_mean,1000.0,4,False_Killer_Whale,False Killer Whale,false
test_1088,Pantropical_Spotted_Dolphin,20,conditional,1000.0,4,False_Killer_Whale,False Killer Whale,false
test_1093,Pantropical_Spotted_Dolphin,1,fixed_mean,1000.0,0,False_Killer_Whale,False Killer Whale,false
test_1093,Pantropical_Spotted_Dolphin,1,conditional,1000.0,0,False_Killer_Whale,False Killer Whale,false
test_1093,Pantropical_Spotted_Dolphin,5,fixed_mean,1000.0,4,False_Killer_Whale,False Killer Whale,false
test_1093,Pantropical_Spotted_Dolphin,5,conditional,1000.0,4,False_Killer_Whale,False Killer Whale,false
test_1093,Pantropical_Spotted_Dolphin,10,fixed_mean,1000.0,4,False_Killer_Whale,False Killer Whale,false
test_1093,Pantropical_Spotted_Dolphin,10,conditional,1000.0,4,False_Killer_Whale,False Killer Whale,false
test_1093,Pantropical_Spotted_Dolphin,20,fixed_mean,1000.0,4,False_Killer_Whale,False Killer Whale,false
test_1093,Pantropical_Spotted_Dolphin,20,conditional,1000.0,4,False_Killer_Whale,False Killer Whale,false
test_1099,Pantropical_Spotted_Dolphin,1,fixed_mean,1000.0,0,False_Killer_Whale,False Killer Whale,false
test_1099,Pantropical_Spotted_Dolphin,1,conditional,1000.0,0,False_Killer_Whale,False Killer Whale,false
test_1099,Pantropical_Spotted_Dolphin,5,fixed_mean,1000.0,4,False_Killer_Whale,False Killer Whale,false
test_1099,Pantropical_Spotted_Dolphin,5,conditional,1000.0,4,False_Killer_Whale,False Killer Whale,false
test_1099,Pantropical_Spotted_Dolphin,10,fixed_mean,1000.0,4,False_Killer_Whale,False Killer Whale,false
test_1099,Pantropical_Spotted_Dolphin,10,conditional,1000.0,4,False_Killer_Whale,False Killer Whale,false
test_1099,Pantropical_Spotted_Dolphin,20,fixed_mean,1000.0,4,False_Killer_Whale,False Killer Whale,false
test_1099,Pantropical_Spotted_Dolphin,20,conditional,1000.0,4,False_Killer_Whale,False Killer Whale,false
test_1108,Pantropical_Spotted_Dolphin,1,fixed_mean,1000.0,0,False_Killer_Whale,False Killer Whale,false
test_1108,Pantropical_Spotted_Dolphin,1,conditional,1000.0,0,False_Killer_Whale,False Killer Whale,false
test_1108,Pantropical_Spotted_Dolphin,5,fixed_mean,1000.0,4,False_Killer_Whale,False Killer Whale,false
test_1108,Pantropical_Spotted_Dolphin,5,conditional,1000.0,4,False_Killer_Whale,False Killer Whale,false
test_1108,Pantropical_Spotted_Dolphin,10,fixed_mean,1000.0,4,False_Killer_Whale,False Killer Whale,false
test_1108,Pantropical_Spotted_Dolphin,10,conditional,1000.0,4,False_Killer_Whale,False Killer Whale,false
test_1108,Pantropical_Spotted_Dolphin,20,fixed_mean,1000.0,4,False_Killer_Whale,False Killer Whale,false
test_1108,Pantropical_Spotted_Dolphin,20,conditional,1000.0,4,False_Killer_Whale,False Killer Whale,false
test_1117,Pantropical_Spotted_Dolphin,1,fixed_mean,1000.0,0,Bottlenose_Dolphin,Bottlenose Dolphin,false
test_1117,Pantropical_Spotted_Dolphin,1,conditional,1000.0,0,Bottlenose_Dolphin,Bottlenose Dolphin,false
test_1117,Pantropical_Spotted_Dolphin,5,fixed_mean,1000.0,4,"Beluga,_White_Whale","Beluga, White Whale",false
test_1117,Pantropical_Spotted_Dolphin,5,conditional,1000.0,4,Bottlenose_Dolphin,Bottlenose Dolphin,false
test_1117,Pantropical_Spotted_Dolphin,10,fixed_mean,1000.0,4,Bottlenose_Dolphin,Bottlenose Dolphin,false
test_1117,Pantropical_Spotted_Dolphin,10,conditional,1000.0,4,Bottlenose_Dolphin,Bottlenose Dolphin,false
test_1117,Pantropical_Spotted_Dolphin,20,fixed_mean,1000.0,4,Bottlenose_Dolphin,Bottlenose Dolphin,false
test_1117,Pantropical_Spotted_Dolphin,20,conditional,1000.0,4,Bottlenose_Dolphin,Bottlenose Dolphin,false
test_1118,Pantropical_Spotted_Dolphin,1,fixed_mean,1000.0,0,"Beluga,_White_Whale","Beluga, White Whale",false
test_1118,Pantropical_Spotted_Dolphin,1,conditional,1000.0,0,"Beluga,_White_Whale","Beluga, White Whale",false
test_1118,Pantropical_Spotted_Dolphin,5,fixed_mean,1000.0,4,"Beluga,_White_Whale","Beluga, White Whale",false
test_1118,Pantropical_Spotted_Dolphin,5,conditional,1000.0,4,Bottlenose_Dolphin,Bottlenose Dolphin,false
test_1118,Pantropical_Spotted_Dolphin,10,fixed_mean,1000.0,4,"Beluga,_White_Whale","Beluga, White Whale",false
test_1118,Pantropical_Spotted_Dolphin,10,conditional,1000.0,4,False_Killer_Whale,False Killer Whale,false
test_1118,Pantropical_Spotted_Dolphin,20,fixed_mean,1000.0,4,"Beluga,_White_Whale","Beluga, White Whale",false
test_1118,Pantropical_Spotted_Dolphin,20,conditional,1000.0,4,False_Killer_Whale,False Killer Whale,false
test_1119,Pantropical_Spotted_Dolphin,1,fixed_mean,1000.0,0,"Beluga,_White_Whale","Beluga, White Whale",false
test_1119,Pantropical_Spotted_Dolphin,1,conditional,1000.0,0,"Beluga,_White_Whale","Beluga, White Whale",false
test_1119,Pantropical_Spotted_Dolphin,5,fixed_mean,1000.0,4,"Beluga,_White_Whale","Beluga, White Whale",false
test_1119,Pantropical_Spotted_Dolphin,5,conditional,1000.0,4,Bottlenose_Dolphin,Bottlenose Dolphin,false
test_1119,Pantropical_Spotted_Dolphin,10,fixed_mean,1000.0,4,"Beluga,_White_Whale","Beluga, White Whale",false
test_1119,Pantropical_Spotted_Dolphin,10,conditional,1000.0,4,Bottlenose_Dolphin,Bottlenose Dolphin,false
test_1119,Pantropical_Spotted_Dolphin,20,fixed_mean,1000.0,4,"Beluga,_White_Whale","Beluga, White Whale",false
test_1119,Pantropical_Spotted_Dolphin,20,conditional,1000.0,4,Bottlenose_Dolphin,Bottlenose Dolphin,false
test_1122,Short-Finned_Pacific_Pilot_Whale,1,fixed_mean,1000.0,0,"Beluga,_White_Whale","Beluga, White Whale",false
test_1122,Short-Finned_Pacific_Pilot_Whale,1,conditional,1000.0,0,"Beluga,_White_Whale","Beluga, White Whale",false
test_1122,Short-Finned_Pacific_Pilot_Whale,5,fixed_mean,1000.0,4,"Beluga,_White_Whale","Beluga, White Whale",false
test_1122,Short-Finned_Pacific_Pilot_Whale,5,conditional,1000.0,4,"Beluga,_White_Whale","Beluga, White Whale",false
test_1122,Short-Finned_Pacific_Pilot_Whale,10,fixed_mean,1000.0,4,"Beluga,_White_Whale","Beluga, White Whale",false
test_1122,Short-Finned_Pacific_Pilot_Whale,10,conditional,1000.0,4,"Beluga,_White_Whale","Beluga, White Whale",false
test_1122,Short-Finned_Pacific_Pilot_Whale,20,fixed_mean,1000.0,4,"Beluga,_White_Whale","Beluga, White Whale",false
test_1122,Short-Finned_Pacific_Pilot_Whale,20,conditional,1000.0,4,"Beluga,_White_Whale","Beluga, White Whale",false
test_1126,Short-Finned_Pacific_Pilot_Whale,1,fixed_mean,1000.0,0,False_Killer_Whale,False Killer Whale,false
test_1126,Short-Finned_Pacific_Pilot_Whale,1,conditional,1000.0,0,False_Killer_Whale,False Killer Whale,false
test_1126,Short-Finned_Pacific_Pilot_Whale,5,fixed_mean,1000.0,4,False_Killer_Whale,False Killer Whale,false
test_1126,Short-Finned_Pacific_Pilot_Whale,5,conditional,1000.0,4,False_Killer_Whale,False Killer Whale,false
test_1126,Short-Finned_Pacific_Pilot_Whale,10,fixed_mean,1000.0,4,False_Killer_Whale,False Killer Whale,false
test_1126,Short-Finned_Pacific_Pilot_Whale,10,conditional,1000.0,4,False_Killer_Whale,False Killer Whale,false
test_1126,Short-Finned_Pacific_Pilot_Whale,20,fixed_mean,1000.0,4,False_Killer_Whale,False Killer Whale,false
test_1126,Short-Finned_Pacific_Pilot_Whale,20,conditional,1000.0,4,False_Killer_Whale,False Killer Whale,false
test_1143,Short-Finned_Pacific_Pilot_Whale,1,fixed_mean,1000.0,0,False_Killer_Whale,False Killer Whale,false
test_1143,Short-Finned_Pacific_Pilot_Whale,1,conditional,1000.0,0,False_Killer_Whale,False Killer Whale,false
test_1143,Short-Finned_Pacific_Pilot_Whale,5,fixed_mean,1000.0,4,"Beluga,_White_Whale","Beluga, White Whale",false
test_1143,Short-Finned_Pacific_Pilot_Whale,5,conditional,1000.0,4,"Beluga,_White_Whale","Beluga, White Whale",false
test_1143,Short-Finned_Pacific_Pilot_Whale,10,fixed_mean,1000.0,4,False_Killer_Whale,False Killer Whale,false
test_1143,Short-Finned_Pacific_Pilot_Whale,10,conditional,1000.0,4,"Beluga,_White_Whale","Beluga, White Whale",false
test_1143,Short-Finned_Pacific_Pilot_Whale,20,fixed_mean,1000.0,4,False_Killer_Whale,False Killer Whale,false
test_1143,Short-Finned_Pacific_Pilot_Whale,20,conditional,1000.0,4,False_Killer_Whale,False Killer Whale,false
test_1144,Short-Finned_Pacific_Pilot_Whale,1,fixed_mean,1000.0,0,Bottlenose_Dolphin,Bottlenose Dolphin,false
test_1144,Short-Finned_Pacific_Pilot_Whale,1,conditional,1000.0,0,Bottlenose_Dolphin,Bottlenose Dolphin,false
test_1144,Short-Finned_Pacific_Pilot_Whale,5,fixed_mean,1000.0,4,Bottlenose_Dolphin,Bottlenose Dolphin,false
test_1144,Short-Finned_Pacific_Pilot_Whale,5,conditional,1000.0,4,Bottlenose_Dolphin,Bottlenose Dolphin,false
test_1144,Short-Finned_Pacific_Pilot_Whale,10,fixed_mean,1000.0,4,"Beluga,_White_Whale","Beluga, White Whale",false
test_1144,Short-Finned_Pacific_Pilot_Whale,10,conditional,1000.0,4,Bottlenose_Dolphin,Bottlenose Dolphin,false
test_1144,Short-Finned_Pacific_Pilot_Whale,20,fixed_mean,1000.0,4,"Beluga,_White_Whale","Beluga, White Whale",false
test_1144,Short-Finned_Pacific_Pilot_Whale,20,conditional,1000.0,4,Bottlenose_Dolphin,Bottlenose Dolphin,false
test_1147,Short-Finned_Pacific_Pilot_Whale,1,fixed_mean,1000.0,0,False_Killer_Whale,False Killer Whale,false
test_1147,Short-Finned_Pacific_Pilot_Whale,1,conditional,1000.0,0,False_Killer_Whale,False Killer Whale,false
test_1147,Short-Finned_Pacific_Pilot_Whale,5,fixed_mean,1000.0,4,False_Killer_Whale,False Killer Whale,false
test_1147,Short-Finned_Pacific_Pilot_Whale,5,conditional,1000.0,4,False_Killer_Whale,False Killer Whale,false
test_1147,Short-Finned_Pacific_Pilot_Whale,10,fixed_mean,1000.0,4,False_Killer_Whale,False Killer Whale,false
test_1147,Short-Finned_Pacific_Pilot_Whale,10,conditional,1000.0,4,False_Killer_Whale,False Killer Whale,false
test_1147,Short-Finned_Pacific_Pilot_Whale,20,fixed_mean,1000.0,4,False_Killer_Whale,False Killer Whale,false
test_1147,Short-Finned_Pacific_Pilot_Whale,20,conditional,1000.0,4,False_Killer_Whale,False Killer Whale,false
test_1152,Short-Finned_Pacific_Pilot_Whale,1,fixed_mean,1000.0,0,False_Killer_Whale,False Killer Whale,false
test_1152,Short-Finned_Pacific_Pilot_Whale,1,conditional,1000.0,0,False_Killer_Whale,False Killer Whale,false
test_1152,Short-Finned_Pacific_Pilot_Whale,5,fixed_mean,1000.0,4,"Beluga,_White_Whale","Beluga, White Whale",false
test_1152,Short-Finned_Pacific_Pilot_Whale,5,conditional,1000.0,4,False_Killer_Whale,False Killer Whale,false
test_1152,Short-Finned_Pacific_Pilot_Whale,10,fixed_mean,1000.0,4,False_Killer_Whale,False Killer Whale,false
test_1152,Short-Finned_Pacific_Pilot_Whale,10,conditional,1000.0,4,False_Killer_Whale,False Killer Whale,false
test_1152,Short-Finned_Pacific_Pilot_Whale,20,fixed_mean,1000.0,4,False_Killer_Whale,False Killer Whale,false
test_1152,Short-Finned_Pacific_Pilot_Whale,20,conditional,1000.0,4,False_Killer_Whale,False Killer Whale,false
test_1161,Short-Finned_Pacific_Pilot_Whale,1,fixed_mean,1000.0,0,False_Killer_Whale,False Killer Whale,false
test_1161,Short-Finned_Pacific_Pilot_Whale,1,conditional,1000.0,0,False_Killer_Whale,False Killer Whale,false
test_1161,Short-Finned_Pacific_Pilot_Whale,5,fixed_mean,1000.0,4,"Beluga,_White_Whale","Beluga, White Whale",false
test_1161,Short-Finned_Pacific_Pilot_Whale,5,conditional,1000.0,4,Bottlenose_Dolphin,Bottlenose Dolphin,false
test_1161,Short-Finned_Pacific_Pilot_Whale,10,fixed_mean,1000.0,4,"Beluga,_White_Whale","Beluga, White Whale",false
test_1161,Short-Finned_Pacific_Pilot_Whale,10,conditional,1000.0,4,False_Killer_Whale,False Killer Whale,false
test_1161,Short-Finned_Pacific_Pilot_Whale,20,fixed_mean,1000.0,4,False_Killer_Whale,False Killer Whale,false
test_1161,Short-Finned_Pacific_Pilot_Whale,20,conditional,1000.0,4,False_Killer_Whale,False Killer Whale,false
test_1162,Short-Finned_Pacific_Pilot_Whale,1,fixed_mean,1000.0,0,"Beluga,_White_Whale","Beluga, White Whale",false
test_1162,Short-Finned_Pacific_Pilot_Whale,1,conditional,1000.0,0,"Beluga,_White_Whale","Beluga, White Whale",false
test_1162,Short-Finned_Pacific_Pilot_Whale,5,fixed_mean,1000.0,4,"Beluga,_White_Whale","Beluga, White Whale",false
test_1162,Short-Finned_Pacific_Pilot_Whale,5,conditional,1000.0,4,"Beluga,_White_Whale","Beluga, White Whale",false
test_1162,Short-Finned_Pacific_Pilot_Whale,10,fixed_mean,1000.0,4,"Beluga,_White_Whale","Beluga, White Whale",false
test_1162,Short-Finned_Pacific_Pilot_Whale,10,conditional,1000.0,4,"Beluga,_White_Whale","Beluga, White Whale",false
test_1162,Short-Finned_Pacific_Pilot_Whale,20,fixed_mean,1000.0,4,"Beluga,_White_Whale","Beluga, White Whale",false
test_1162,Short-Finned_Pacific_Pilot_Whale,20,conditional,1000.0,4,"Beluga,_White_Whale","Beluga, White Whale",false
test_1167,Short-Finned_Pacific_Pilot_Whale,1,fixed_mean,1000.0,0,False_Killer_Whale,False Killer Whale,false
test_1167,Short-Finned_Pacific_Pilot_Whale,1,conditional,1000.0,0,False_Killer_Whale,False Killer Whale,false
test_1167,Short-Finned_Pacific_Pilot_Whale,5,fixed_mean,1000.0,4,False_Killer_Whale,False Killer Whale,false
test_1167,Short-Finned_Pacific_Pilot_Whale,5,conditional,1000.0,4,False_Killer_Whale,False Killer Whale,false
test_1167,Short-Finned_Pacific_Pilot_Whale,10,fixed_mean,1000.0,4,False_Killer_Whale,False Killer Whale,false
test_1167,Short-Finned_Pacific_Pilot_Whale,10,conditional,1000.0,4,False_Killer_Whale,False Killer Whale,false
test_1167,Short-Finned_Pacific_Pilot_Whale,20,fixed_mean,1000.0,4,False_Killer_Whale,False Killer Whale,false
test_1167,Short-Finned_Pacific_Pilot_Whale,20,conditional,1000.0,4,False_Killer_Whale,False Killer Whale,false
test_1172,Short-Finned_Pacific_Pilot_Whale,1,fixed_mean,1000.0,0,Bottlenose_Dolphin,Bottlenose Dolphin,false
test_1172,Short-Finned_Pacific_Pilot_Whale,1,conditional,1000.0,0,Bottlenose_Dolphin,Bottlenose Dolphin,false
test_1172,Short-Finned_Pacific_Pilot_Whale,5,fixed_mean,1000.0,4,Bottlenose_Dolphin,Bottlenose Dolphin,false
test_1172,Short-Finned_Pacific_Pilot_Whale,5,conditional,1000.0,4,Bottlenose_Dolphin,Bottlenose Dolphin,false
test_1172,Short-Finned_Pacific_Pilot_Whale,10,fixed_mean,1000.0,4,Bottlenose_Dolphin,Bottlenose Dolphin,false
test_1172,Short-Finned_Pacific_Pilot_Whale,10,conditional,1000.0,4,Bottlenose_Dolphin,Bottlenose Dolphin,false
test_1172,Short-Finned_Pacific_Pilot_Whale,20,fixed_mean,1000.0,4,Bottlenose_Dolphin,Bottlenose Dolphin,false
test_1172,Short-Finned_Pacific_Pilot_Whale,20,conditional,1000.0,4,"Beluga,_White_Whale","Beluga, White Whale",false
test_1173,Short-Finned_Pacific_Pilot_Whale,1,fixed_mean,1000.0,0,False_Killer_Whale,False Killer Whale,false
test_1173,Short-Finned_Pacific_Pilot_Whale,1,conditional,1000.0,0,False_Killer_Whale,False Killer Whale,false
test_1173,Short-Finned_Pacific_Pilot_Whale,5,fixed_mean,1000.0,4,False_Killer_Whale,False Killer Whale,false
test_1173,Short-Finned_Pacific_Pilot_Whale,5,conditional,1000.0,4,False_Killer_Whale,False Killer Whale,false
test_1173,Short-Finned_Pacific_Pilot_Whale,10,fixed_mean,1000.0,4,False_Killer_Whale,False Killer Whale,false
test_1173,Short-Finned_Pacific_Pilot_Whale,10,conditional,1000.0,4,False_Killer_Whale,False Killer Whale,false
test_1173,Short-Finned_Pacific_Pilot_Whale,20,fixed_mean,1000.0,4,False_Killer_Whale,False Killer Whale,false
test_1173,Short-Finned_Pacific_Pilot_Whale,20,conditional,1000.0,4,False_Killer_Whale,False Killer Whale,false
test_1175,Short-Finned_Pacific_Pilot_Whale,1,fixed_mean,1000.0,0,Bottlenose_Dolphin,Bottlenose Dolphin,false
test_1175,Short-Finned_Pacific_Pilot_Whale,1,conditional,1000.0,0,Bottlenose_Dolphin,Bottlenose Dolphin,false
test_1175,Short-Finned_Pacific_Pilot_Whale,5,fixed_mean,1000.0,4,Bottlenose_Dolphin,Bottlenose Dolphin,false
test_1175,Short-Finned_Pacific_Pilot_Whale,5,conditional,1000.0,4,Bottlenose_Dolphin,Bottlenose Dolphin,false
test_1175,Short-Finned_Pacific_Pilot_Whale,10,fixed_mean,1000.0,4,Bottlenose_Dolphin,Bottlenose Dolphin,false
test_1175,Short-Finned_Pacific_Pilot_Whale,10,conditional,1000.0,4,Bottlenose_Dolphin,Bottlenose Dolphin,false
test_1175,Short-Finned_Pacific_Pilot_Whale,20,fixed_mean,1000.0,4,Bottlenose_Dolphin,Bottlenose Dolphin,false
test_1175,Short-Finned_Pacific_Pilot_Whale,20,conditional,1000.0,4,Bottlenose_Dolphin,Bottlenose Dolphin,false
test_1184,Short-Finned_Pacific_Pilot_Whale,1,fixed_mean,1000.0,0,False_Killer_Whale,False Killer Whale,false
test_1184,Short-Finned_Pacific_Pilot_Whale,1,conditional,1000.0,0,False_Killer_Whale,False Killer Whale,false
test_1184,Short-Finned_Pacific_Pilot_Whale,5,fixed_mean,1000.0,4,Bottlenose_Dolphin,Bottlenose Dolphin,false
test_1184,Short-Finned_Pacific_Pilot_Whale,5,conditional,1000.0,4,Bottlenose_Dolphin,Bottlenose Dolphin,false
test_1184,Short-Finned_Pacific_Pilot_Whale,10,fixed_mean,1000.0,4,Bottlenose_Dolphin,Bottlenose Dolphin,false
test_1184,Short-Finned_Pacific_Pilot_Whale,10,conditional,1000.0,4,Bottlenose_Dolphin,Bottlenose Dolphin,false
test_1184,Short-Finned_Pacific_Pilot_Whale,20,fixed_mean,1000.0,4,Bottlenose_Dolphin,Bottlenose Dolphin,false
test_1184,Short-Finned_Pacific_Pilot_Whale,20,conditional,1000.0,4,False_Killer_Whale,False Killer Whale,false
test_1185,Short-Finned_Pacific_Pilot_Whale,1,fixed_mean,1000.0,0,False_Killer_Whale,False Killer Whale,false
test_1185,Short-Finned_Pacific_Pilot_Whale,1,conditional,1000.0,0,False_Killer_Whale,False Killer Whale,false
test_1185,Short-Finned_Pacific_Pilot_Whale,5,fixed_mean,1000.0,4,False_Killer_Whale,False Killer Whale,false
test_1185,Short-Finned_Pacific_Pilot_Whale,5,conditional,1000.0,4,False_Killer_Whale,False Killer Whale,false
test_1185,Short-Finned_Pacific_Pilot_Whale,10,fixed_mean,1000.0,4,False_Killer_Whale,False Killer Whale,false
test_1185,Short-Finned_Pacific_Pilot_Whale,10,conditional,1000.0,4,False_Killer_Whale,False Killer Whale,false
test_1185,Short-Finned_Pacific_Pilot_Whale,20,fixed_mean,1000.0,4,False_Killer_Whale,False Killer Whale,false
test_1185,Short-Finned_Pacific_Pilot_Whale,20,conditional,1000.0,4,False_Killer_Whale,False Killer Whale,false
test_1189,Bowhead_Whale,1,fixed_mean,1000.0,0,"Beluga,_White_Whale","Beluga, White Whale",false
test_1189,Bowhead_Whale,1,conditional,1000.0,0,"Beluga,_White_Whale","Beluga, White Whale",false
test_1189,Bowhead_Whale,5,fixed_mean,1000.0,4,"Beluga,_White_Whale","Beluga, White Whale",false
test_1189,Bowhead_Whale,5,conditional,1000.0,4,"Beluga,_White_Whale","Beluga, White Whale",false
test_1189,Bowhead_Whale,10,fixed_mean,1000.0,4,"Beluga,_White_Whale","Beluga, White Whale",false
test_1189,Bowhead_Whale,10,conditional,1000.0,4,"Beluga,_White_Whale","Beluga, White Whale",false
test_1189,Bowhead_Whale,20,fixed_mean,1000.0,4,"Beluga,_White_Whale","Beluga, White Whale",false
test_1189,Bowhead_Whale,20,conditional,1000.0,4,"Beluga,_White_Whale","Beluga, White Whale",false
test_1194,Bowhead_Whale,1,fixed_mean,1000.0,0,"Beluga,_White_Whale","Beluga, White Whale",false
test_1194,Bowhead_Whale,1,conditional,1000.0,0,"Beluga,_White_Whale","Beluga, White Whale",false
test_1194,Bowhead_Whale,5,fixed_mean,1000.0,4,"Beluga,_White_Whale","Beluga, White Whale",false
test_1194,Bowhead_Whale,5,conditional,1000.0,4,Killer_Whale,Killer Whale,false
test_1194,Bowhead_Whale,10,fixed_mean,1000.0,4,"Beluga,_White_Whale","Beluga, White Whale",false
test_1194,Bowhead_Whale,10,conditional,1000.0,4,Killer_Whale,Killer Whale,false
test_1194,Bowhead_Whale,20,fixed_mean,1000.0,4,"Beluga,_White_Whale","Beluga, White Whale",false
test_1194,Bowhead_Whale,20,conditional,1000.0,4,"Beluga,_White_Whale","Beluga, White Whale",false
test_1197,Bowhead_Whale,1,fixed_mean,1000.0,0,"Beluga,_White_Whale","Beluga, White Whale",false
test_1197,Bowhead_Whale,1,conditional,1000.0,0,"Beluga,_White_Whale","Beluga, White Whale",false
test_1197,Bowhead_Whale,5,fixed_mean,1000.0,4,"Beluga,_White_Whale","Beluga, White Whale",false
test_1197,Bowhead_Whale,5,conditional,1000.0,4,"Beluga,_White_Whale","Beluga, White Whale",false
test_1197,Bowhead_Whale,10,fixed_mean,1000.0,4,"Beluga,_White_Whale","Beluga, White Whale",false
test_1197,Bowhead_Whale,10,conditional,1000.0,4,"Beluga,_White_Whale","Beluga, White Whale",false
test_1197,Bowhead_Whale,20,fixed_mean,1000.0,4,Bottlenose_Dolphin,Bottlenose Dolphin,false
test_1197,Bowhead_Whale,20,conditional,1000.0,4,"Beluga,_White_Whale","Beluga, White Whale",false
test_1201,Bowhead_Whale,1,fixed_mean,1000.0,0,Humpback_Whale,Humpback Whale,false
test_1201,Bowhead_Whale,1,conditional,1000.0,0,Humpback_Whale,Humpback Whale,false
test_1201,Bowhead_Whale,5,fixed_mean,1000.0,4,Humpback_Whale,Humpback Whale,false
test_1201,Bowhead_Whale,5,conditional,1000.0,4,Humpback_Whale,Humpback Whale,false
test_1201,Bowhead_Whale,10,fixed_mean,1000.0,4,Humpback_Whale,Humpback Whale,false
test_1201,Bowhead_Whale,10,conditional,1000.0,4,Humpback_Whale,Humpback Whale,false
test_1201,Bowhead_Whale,20,fixed_mean,1000.0,4,Humpback_Whale,Humpback Whale,false
test_1201,Bowhead_Whale,20,conditional,1000.0,4,Humpback_Whale,Humpback Whale,false
test_1218,Bowhead_Whale,1,fixed_mean,1000.0,0,"Beluga,_White_Whale","Beluga, White Whale",false
test_1218,Bowhead_Whale,1,conditional,1000.0,0,"Beluga,_White_Whale","Beluga, White Whale",false
test_1218,Bowhead_Whale,5,fixed_mean,1000.0,4,"Beluga,_White_Whale","Beluga, White Whale",false
test_1218,Bowhead_Whale,5,conditional,1000.0,4,"Beluga,_White_Whale","Beluga, White Whale",false
test_1218,Bowhead_Whale,10,fixed_mean,1000.0,4,"Beluga,_White_Whale","Beluga, White Whale",false
test_1218,Bowhead_Whale,10,conditional,1000.0,4,"Beluga,_White_Whale","Beluga, White Whale",false
test_1218,Bowhead_Whale,20,fixed_mean,1000.0,4,"Beluga,_White_Whale","Beluga, White Whale",false
test_1218,Bowhead_Whale,20,conditional,1000.0,4,"Beluga,_White_Whale","Beluga, White Whale",false
test_1225,Bowhead_Whale,1,fixed_mean,1000.0,0,"Beluga,_White_Whale","Beluga, White Whale",false
test_1225,Bowhead_Whale,1,conditional,1000.0,0,"Beluga,_White_Whale","Beluga, White Whale",false
test_1225,Bowhead_Whale,5,fixed_mean,1000.0,4,"Beluga,_White_Whale","Beluga, White Whale",false
test_1225,Bowhead_Whale,5,conditional,1000.0,4,"Beluga,_White_Whale","Beluga, White Whale",false
test_1225,Bowhead_Whale,10,fixed_mean,1000.0,4,Humpback_Whale,Humpback Whale,false
test_1225,Bowhead_Whale,10,conditional,1000.0,4,"Beluga,_White_Whale","Beluga, White Whale",false
test_1225,Bowhead_Whale,20,fixed_mean,1000.0,4,Humpback_Whale,Humpback Whale,false
test_1225,Bowhead_Whale,20,conditional,1000.0,4,"Beluga,_White_Whale","Beluga, White Whale",false
test_1235,Bowhead_Whale,1,fixed_mean,1000.0,0,"Beluga,_White_Whale","Beluga, White Whale",false
test_1235,Bowhead_Whale,1,conditional,1000.0,0,"Beluga,_White_Whale","Beluga, White Whale",false
test_1235,Bowhead_Whale,5,fixed_mean,1000.0,4,"Beluga,_White_Whale","Beluga, White Whale",false
test_1235,Bowhead_Whale,5,conditional,1000.0,4,"Beluga,_White_Whale","Beluga, White Whale",false
test_1235,Bowhead_Whale,10,fixed_mean,1000.0,4,"Beluga,_White_Whale","Beluga, White Whale",false
test_1235,Bowhead_Whale,10,conditional,1000.0,4,Humpback_Whale,Humpback Whale,false
test_1235,Bowhead_Whale,20,fixed_mean,1000.0,4,Bottlenose_Dolphin,Bottlenose Dolphin,false
test_1235,Bowhead_Whale,20,conditional,1000.0,4,"Beluga,_White_Whale","Beluga, White Whale",false
test_1238,Bowhead_Whale,1,fixed_mean,1000.0,0,Humpback_Whale,Humpback Whale,false
test_1238,Bowhead_Whale,1,conditional,1000.0,0,Humpback_Whale,Humpback Whale,false
test_1238,Bowhead_Whale,5,fixed_mean,1000.0,4,"Beluga,_White_Whale","Beluga, White Whale",false
test_1238,Bowhead_Whale,5,conditional,1000.0,4,"Beluga,_White_Whale","Beluga, White Whale",false
test_1238,Bowhead_Whale,10,fixed_mean,1000.0,4,"Beluga,_White_Whale","Beluga, White Whale",false
test_1238,Bowhead_Whale,10,conditional,1000.0,4,"Beluga,_White_Whale","Beluga, White Whale",false
test_1238,Bowhead_Whale,20,fixed_mean,1000.0,4,Bottlenose_Dolphin,Bottlenose Dolphin,false
test_1238,Bowhead_Whale,20,conditional,1000.0,4,Bottlenose_Dolphin,Bottlenose Dolphin,false
test_1245,Bowhead_Whale,1,fixed_mean,1000.0,0,"Beluga,_White_Whale","Beluga, White Whale",false
test_1245,Bowhead_Whale,1,conditional,1000.0,0,"Beluga,_White_Whale","Beluga, White Whale",false
test_1245,Bowhead_Whale,5,fixed_mean,1000.0,4,"Beluga,_White_Whale","Beluga, White Whale",false
test_1245,Bowhead_Whale,5,conditional,1000.0,4,"Beluga,_White_Whale","Beluga, White Whale",false
test_1245,Bowhead_Whale,10,fixed_mean,1000.0,4,"Beluga,_White_Whale","Beluga, White Whale",false
test_1245,Bowhead_Whale,10,conditional,1000.0,4,"Beluga,_White_Whale","Beluga, White Whale",false
test_1245,Bowhead_Whale,20,fixed_mean,1000.0,4,"Beluga,_White_Whale","Beluga, White Whale",false
test_1245,Bowhead_Whale,20,conditional,1000.0,4,"Beluga,_White_Whale","Beluga, White Whale",false
test_1246,Bowhead_Whale,1,fixed_mean,1000.0,0,Humpback_Whale,Humpback Whale,false
test_1246,Bowhead_Whale,1,conditional,1000.0,0,Humpback_Whale,Humpback Whale,false
test_1246,Bowhead_Whale,5,fixed_mean,1000.0,4,"Beluga,_White_Whale","Beluga, White Whale",false
test_1246,Bowhead_Whale,5,conditional,1000.0,4,"Beluga,_White_Whale","Beluga, White Whale",false
test_1246,Bowhead_Whale,10,fixed_mean,1000.0,4,"Beluga,_White_Whale","Beluga, White Whale",false
test_1246,Bowhead_Whale,10,conditional,1000.0,4,"Beluga,_White_Whale","Beluga, White Whale",false
test_1246,Bowhead_Whale,20,fixed_mean,1000.0,4,"Beluga,_White_Whale","Beluga, White Whale",false
test_1246,Bowhead_Whale,20,conditional,1000.0,4,"Beluga,_White_Whale","Beluga, White Whale",false
test_1247,Bowhead_Whale,1,fixed_mean,1000.0,0,"Beluga,_White_Whale","Beluga, White Whale",false
test_1247,Bowhead_Whale,1,conditional,1000.0,0,"Beluga,_White_Whale","Beluga, White Whale",false
test_1247,Bowhead_Whale,5,fixed_mean,1000.0,4,"Beluga,_White_Whale","Beluga, White Whale",false
test_1247,Bowhead_Whale,5,conditional,1000.0,4,"Beluga,_White_Whale","Beluga, White Whale",false
test_1247,Bowhead_Whale,10,fixed_mean,1000.0,4,"Beluga,_White_Whale","Beluga, White Whale",false
test_1247,Bowhead_Whale,10,conditional,1000.0,4,"Beluga,_White_Whale","Beluga, White Whale",false
test_1247,Bowhead_Whale,20,fixed_mean,1000.0,4,"Beluga,_White_Whale","Beluga, White Whale",false
test_1247,Bowhead_Whale,20,conditional,1000.0,4,"Beluga,_White_Whale","Beluga, White Whale",false
test_1248,Bowhead_Whale,1,fixed_mean,1000.0,0,"Beluga,_White_Whale","Beluga, White Whale",false
test_1248,Bowhead_Whale,1,conditional,1000.0,0,"Beluga,_White_Whale","Beluga, White Whale",false
test_1248,Bowhead_Whale,5,fixed_mean,1000.0,4,"Beluga,_White_Whale","Beluga, White Whale",false
test_1248,Bowhead_Whale,5,conditional,1000.0,4,"Beluga,_White_Whale","Beluga, White Whale",false
test_1248,Bowhead_Whale,10,fixed_mean,1000.0,4,"Beluga,_White_Whale","Beluga, White Whale",false
test_1248,Bowhead_Whale,10,conditional,1000.0,4,"Beluga,_White_Whale","Beluga, White Whale",false
test_1248,Bowhead_Whale,20,fixed_mean,1000.0,4,"Beluga,_White_Whale","Beluga, White Whale",false
test_1248,Bowhead_Whale,20,conditional,1000.0,4,"Beluga,_White_Whale","Beluga, White Whale",false
test_1252,False_Killer_Whale,1,fixed_mean,1000.0,0,"Beluga,_White_Whale","Beluga, White Whale",false
test_1252,False_Killer_Whale,1,conditional,1000.0,0,"Beluga,_White_Whale","Beluga, White Whale",false
test_1252,False_Killer_Whale,5,fixed_mean,1000.0,4,"Beluga,_White_Whale","Beluga, White Whale",false
test_1252,False_Killer_Whale,5,conditional,1000.0,4,"Beluga,_White_Whale","Beluga, White Whale",false
test_1252,False_Killer_Whale,10,fixed_mean,1000.0,4,"Beluga,_White_Whale","Beluga, White Whale",false
test_1252,False_Killer_Whale,10,conditional,1000.0,4,False_Killer_Whale,False Killer Whale,true
test_1252,False_Killer_Whale,20,fixed_mean,1000.0,4,"Beluga,_White_Whale","Beluga, White Whale",false
test_1252,False_Killer_Whale,20,conditional,1000.0,4,"Beluga,_White_Whale","Beluga, White Whale",false
test_1265,False_Killer_Whale,1,fixed_mean,1000.0,0,False_Killer_Whale,False Killer Whale,true
test_1265,False_Killer_Whale,1,conditional,1000.0,0,False_Killer_Whale,False Killer Whale,true
test_1265,False_Killer_Whale,5,fixed_mean,1000.0,4,False_Killer_Whale,False Killer Whale,true
test_1265,False_Killer_Whale,5,conditional,1000.0,4,False_Killer_Whale,False Killer Whale,true
test_1265,False_Killer_Whale,10,fixed_mean,1000.0,4,False_Killer_Whale,False Killer Whale,true
test_1265,False_Killer_Whale,10,conditional,1000.0,4,False_Killer_Whale,False Killer Whale,true
test_1265,False_Killer_Whale,20,fixed_mean,1000.0,4,False_Killer_Whale,False Killer Whale,true
test_1265,False_Killer_Whale,20,conditional,1000.0,4,False_Killer_Whale,False Killer Whale,true
test_1267,False_Killer_Whale,1,fixed_mean,1000.0,0,False_Killer_Whale,False Killer Whale,true
test_1267,False_Killer_Whale,1,conditional,1000.0,0,False_Killer_Whale,False Killer Whale,true
test_1267,False_Killer_Whale,5,fixed_mean,1000.0,4,False_Killer_Whale,False Killer Whale,true
test_1267,False_Killer_Whale,5,conditional,1000.0,4,False_Killer_Whale,False Killer Whale,true
test_1267,False_Killer_Whale,10,fixed_mean,1000.0,4,False_Killer_Whale,False Killer Whale,true
test_1267,False_Killer_Whale,10,conditional,1000.0,4,False_Killer_Whale,False Killer Whale,true
test_1267,False_Killer_Whale,20,fixed_mean,1000.0,4,False_Killer_Whale,False Killer Whale,true
test_1267,False_Killer_Whale,20,conditional,1000.0,4,False_Killer_Whale,False Killer Whale,true
test_1269,False_Killer_Whale,1,fixed_mean,1000.0,0,False_Killer_Whale,False Killer Whale,true
test_1269,False_Killer_Whale,1,conditional,1000.0,0,False_Killer_Whale,False Killer Whale,true
test_1269,False_Killer_Whale,5,fixed_mean,1000.0,4,False_Killer_Whale,False Killer Whale,true
test_1269,False_Killer_Whale,5,conditional,1000.0,4,False_Killer_Whale,False Killer Whale,true
test_1269,False_Killer_Whale,10,fixed_mean,1000.0,4,False_Killer_Whale,False Killer Whale,true
test_1269,False_Killer_Whale,10,conditional,1000.0,4,False_Killer_Whale,False Killer Whale,true
test_1269,False_Killer_Whale,20,fixed_mean,1000.0,4,False_Killer_Whale,False Killer Whale,true
test_1269,False_Killer_Whale,20,conditional,1000.0,4,False_Killer_Whale,False Killer Whale,true
test_1275,False_Killer_Whale,1,fixed_mean,1000.0,0,False_Killer_Whale,False Killer Whale,true
test_1275,False_Killer_Whale,1,conditional,1000.0,0,False_Killer_Whale,False Killer Whale,true
test_1275,False_Killer_Whale,5,fixed_mean,1000.0,4,False_Killer_Whale,False Killer Whale,true
test_1275,False_Killer_Whale,5,conditional,1000.0,4,False_Killer_Whale,False Killer Whale,true
test_1275,False_Killer_Whale,10,fixed_mean,1000.0,4,False_Killer_Whale,False Killer Whale,true
test_1275,False_Killer_Whale,10,conditional,1000.0,4,False_Killer_Whale,False Killer Whale,true
test_1275,False_Killer_Whale,20,fixed_mean,1000.0,4,False_Killer_Whale,False Killer Whale,true
test_1275,False_Killer_Whale,20,conditional,1000.0,4,False_Killer_Whale,False Killer Whale,true
test_1276,False_Killer_Whale,1,fixed_mean,1000.0,0,False_Killer_Whale,False Killer Whale,true
test_1276,False_Killer_Whale,1,conditional,1000.0,0,False_Killer_Whale,False Killer Whale,true
test_1276,False_Killer_Whale,5,fixed_mean,1000.0,4,False_Killer_Whale,False Killer Whale,true
test_1276,False_Killer_Whale,5,conditional,1000.0,4,False_Killer_Whale,False Killer Whale,true
test_1276,False_Killer_Whale,10,fixed_mean,1000.0,4,False_Killer_Whale,False Killer Whale,true
test_1276,False_Killer_Whale,10,conditional,1000.0,4,False_Killer_Whale,False Killer Whale,true
test_1276,False_Killer_Whale,20,fixed_mean,1000.0,4,False_Killer_Whale,False Killer Whale,true
test_1276,False_Killer_Whale,20,conditional,1000.0,4,False_Killer_Whale,False Killer Whale,true
test_1277,False_Killer_Whale,1,fixed_mean,1000.0,0,False_Killer_Whale,False Killer Whale,true
test_1277,False_Killer_Whale,1,conditional,1000.0,0,False_Killer_Whale,False Killer Whale,true
test_1277,False_Killer_Whale,5,fixed_mean,1000.0,4,False_Killer_Whale,False Killer Whale,true
test_1277,False_Killer_Whale,5,conditional,1000.0,4,False_Killer_Whale,False Killer Whale,true
test_1277,False_Killer_Whale,10,fixed_mean,1000.0,4,False_Killer_Whale,False Killer Whale,true
test_1277,False_Killer_Whale,10,conditional,1000.0,4,False_Killer_Whale,False Killer Whale,true
test_1277,False_Killer_Whale,20,fixed_mean,1000.0,4,False_Killer_Whale,False Killer Whale,true
test_1277,False_Killer_Whale,20,conditional,1000.0,4,False_Killer_Whale,False Killer Whale,true
test_1282,False_Killer_Whale,1,fixed_mean,1000.0,0,False_Killer_Whale,False Killer Whale,true
test_1282,False_Killer_Whale,1,conditional,1000.0,0,False_Killer_Whale,False Killer Whale,true
test_1282,False_Killer_Whale,5,fixed_mean,1000.0,4,False_Killer_Whale,False Killer Whale,true
test_1282,False_Killer_Whale,5,conditional,1000.0,4,False_Killer_Whale,False Killer Whale,true
test_1282,False_Killer_Whale,10,fixed_mean,1000.0,4,False_Killer_Whale,False Killer Whale,true
test_1282,False_Killer_Whale,10,conditional,1000.0,4,False_Killer_Whale,False Killer Whale,true
test_1282,False_Killer_Whale,20,fixed_mean,1000.0,4,False_Killer_Whale,False Killer Whale,true
test_1282,False_Killer_Whale,20,conditional,1000.0,4,False_Killer_Whale,False Killer Whale,true
test_1283,False_Killer_Whale,1,fixed_mean,1000.0,0,False_Killer_Whale,False Killer Whale,true
test_1283,False_Killer_Whale,1,conditional,1000.0,0,False_Killer_Whale,False Killer Whale,true
test_1283,False_Killer_Whale,5,fixed_mean,1000.0,4,False_Killer_Whale,False Killer Whale,true
test_1283,False_Killer_Whale,5,conditional,1000.0,4,False_Killer_Whale,False Killer Whale,true
test_1283,False_Killer_Whale,10,fixed_mean,1000.0,4,False_Killer_Whale,False Killer Whale,true
test_1283,False_Killer_Whale,10,conditional,1000.0,4,False_Killer_Whale,False Killer Whale,true
test_1283,False_Killer_Whale,20,fixed_mean,1000.0,4,False_Killer_Whale,False Killer Whale,true
test_1283,False_Killer_Whale,20,conditional,1000.0,4,False_Killer_Whale,False Killer Whale,true
test_1296,False_Killer_Whale,1,fixed_mean,1000.0,0,False_Killer_Whale,False Killer Whale,true
test_1296,False_Killer_Whale,1,conditional,1000.0,0,False_Killer_Whale,False Killer Whale,true
test_1296,False_Killer_Whale,5,fixed_mean,1000.0,4,False_Killer_Whale,False Killer Whale,true
test_1296,False_Killer_Whale,5,conditional,1000.0,4,False_Killer_Whale,False Killer Whale,true
test_1296,False_Killer_Whale,10,fixed_mean,1000.0,4,False_Killer_Whale,False Killer Whale,true
test_1296,False_Killer_Whale,10,conditional,1000.0,4,False_Killer_Whale,False Killer Whale,true
test_1296,False_Killer_Whale,20,fixed_mean,1000.0,4,False_Killer_Whale,False Killer Whale,true
test_1296,False_Killer_Whale,20,conditional,1000.0,4,False_Killer_Whale,False Killer Whale,true
test_1301,False_Killer_Whale,1,fixed_mean,1000.0,0,False_Killer_Whale,False Killer Whale,true
test_1301,False_Killer_Whale,1,conditional,1000.0,0,False_Killer_Whale,False Killer Whale,true
test_1301,False_Killer_Whale,5,fixed_mean,1000.0,4,False_Killer_Whale,False Killer Whale,true
test_1301,False_Killer_Whale,5,conditional,1000.0,4,False_Killer_Whale,False Killer Whale,true
test_1301,False_Killer_Whale,10,fixed_mean,1000.0,4,False_Killer_Whale,False Killer Whale,true
test_1301,False_Killer_Whale,10,conditional,1000.0,4,False_Killer_Whale,False Killer Whale,true
test_1301,False_Killer_Whale,20,fixed_mean,1000.0,4,False_Killer_Whale,False Killer Whale,true
test_1301,False_Killer_Whale,20,conditional,1000.0,4,False_Killer_Whale,False Killer Whale,true
test_1303,False_Killer_Whale,1,fixed_mean,1000.0,0,False_Killer_Whale,False Killer Whale,true
test_1303,False_Killer_Whale,1,conditional,1000.0,0,False_Killer_Whale,False Killer Whale,true
test_1303,False_Killer_Whale,5,fixed_mean,1000.0,4,False_Killer_Whale,False Killer Whale,true
test_1303,False_Killer_Whale,5,conditional,1000.0,4,False_Killer_Whale,False Killer Whale,true
test_1303,False_Killer_Whale,10,fixed_mean,1000.0,4,False_Killer_Whale,False Killer Whale,true
test_1303,False_Killer_Whale,10,conditional,1000.0,4,False_Killer_Whale,False Killer Whale,true
test_1303,False_Killer_Whale,20,fixed_mean,1000.0,4,False_Killer_Whale,False Killer Whale,true
test_1303,False_Killer_Whale,20,conditional,1000.0,4,False_Killer_Whale,False Killer Whale,true
test_1309,Melon_Headed_Whale,1,fixed_mean,1000.0,0,False_Killer_Whale,False Killer Whale,false
test_1309,Melon_Headed_Whale,1,conditional,1000.0,0,False_Killer_Whale,False Killer Whale,false
test_1309,Melon_Headed_Whale,5,fixed_mean,1000.0,4,"Beluga,_White_Whale","Beluga, White Whale",false
test_1309,Melon_Headed_Whale,5,conditional,1000.0,4,False_Killer_Whale,False Killer Whale,false
test_1309,Melon_Headed_Whale,10,fixed_mean,1000.0,4,"Beluga,_White_Whale","Beluga, White Whale",false
test_1309,Melon_Headed_Whale,10,conditional,1000.0,4,False_Killer_Whale,False Killer Whale,false
test_1309,Melon_Headed_Whale,20,fixed_mean,1000.0,4,False_Killer_Whale,False Killer Whale,false
test_1309,Melon_Headed_Whale,20,conditional,1000.0,4,False_Killer_Whale,False Killer Whale,false
test_1317,Melon_Headed_Whale,1,fixed_mean,1000.0,0,False_Killer_Whale,False Killer Whale,false
test_1317,Melon_Headed_Whale,1,conditional,1000.0,0,False_Killer_Whale,False Killer Whale,false
test_1317,Melon_Headed_Whale,5,fixed_mean,1000.0,4,False_Killer_Whale,False Killer Whale,false
test_1317,Melon_Headed_Whale,5,conditional,1000.0,4,False_Killer_Whale,False Killer Whale,false
test_1317,Melon_Headed_Whale,10,fixed_mean,1000.0,4,False_Killer_Whale,False Killer Whale,false
test_1317,Melon_Headed_Whale,10,conditional,1000.0,4,False_Killer_Whale,False Killer Whale,false
test_1317,Melon_Headed_Whale,20,fixed_mean,1000.0,4,False_Killer_Whale,False Killer Whale,false
test_1317,Melon_Headed_Whale,20,conditional,1000.0,4,False_Killer_Whale,False Killer Whale,false
test_1318,Melon_Headed_Whale,1,fixed_mean,1000.0,0,False_Killer_Whale,False Killer Whale,false
test_1318,Melon_Headed_Whale,1,conditional,1000.0,0,False_Killer_Whale,False Killer Whale,false
test_1318,Melon_Headed_Whale,5,fixed_mean,1000.0,4,False_Killer_Whale,False Killer Whale,false
test_1318,Melon_Headed_Whale,5,conditional,1000.0,4,False_Killer_Whale,False Killer Whale,false
test_1318,Melon_Headed_Whale,10,fixed_mean,1000.0,4,False_Killer_Whale,False Killer Whale,false
test_1318,Melon_Headed_Whale,10,conditional,1000.0,4,False_Killer_Whale,False Killer Whale,false
test_1318,Melon_Headed_Whale,20,fixed_mean,1000.0,4,False_Killer_Whale,False Killer Whale,false
test_1318,Melon_Headed_Whale,20,conditional,1000.0,4,False_Killer_Whale,False Killer Whale,false
test_1320,Melon_Headed_Whale,1,fixed_mean,1000.0,0,False_Killer_Whale,False Killer Whale,false
test_1320,Melon_Headed_Whale,1,conditional,1000.0,0,False_Killer_Whale,False Killer Whale,false
test_1320,Melon_Headed_Whale,5,fixed_mean,1000.0,4,False_Killer_Whale,False Killer Whale,false
test_1320,Melon_Headed_Whale,5,conditional,1000.0,4,False_Killer_Whale,False Killer Whale,false
test_1320,Melon_Headed_Whale,10,fixed_mean,1000.0,4,False_Killer_Whale,False Killer Whale,false
test_1320,Melon_Headed_Whale,10,conditional,1000.0,4,False_Killer_Whale,False Killer Whale,false
test_1320,Melon_Headed_Whale,20,fixed_mean,1000.0,4,False_Killer_Whale,False Killer Whale,false
test_1320,Melon_Headed_Whale,20,conditional,1000.0,4,False_Killer_Whale,False Killer Whale,false
test_1327,Melon_Headed_Whale,1,fixed_mean,1000.0,0,False_Killer_Whale,False Killer Whale,false
test_1327,Melon_Headed_Whale,1,conditional,1000.0,0,False_Killer_Whale,False Killer Whale,false
test_1327,Melon_Headed_Whale,5,fixed_mean,1000.0,4,False_Killer_Whale,False Killer Whale,false
test_1327,Melon_Headed_Whale,5,conditional,1000.0,4,False_Killer_Whale,False Killer Whale,false
test_1327,Melon_Headed_Whale,10,fixed_mean,1000.0,4,False_Killer_Whale,False Killer Whale,false
test_1327,Melon_Headed_Whale,10,conditional,1000.0,4,False_Killer_Whale,False Killer Whale,false
test_1327,Melon_Headed_Whale,20,fixed_mean,1000.0,4,False_Killer_Whale,False Killer Whale,false
test_1327,Melon_Headed_Whale,20,conditional,1000.0,4,False_Killer_Whale,False Killer Whale,false
test_1331,Melon_Headed_Whale,1,fixed_mean,1000.0,0,False_Killer_Whale,False Killer Whale,false
test_1331,Melon_Headed_Whale,1,conditional,1000.0,0,False_Killer_Whale,False Killer Whale,false
test_1331,Melon_Headed_Whale,5,fixed_mean,1000.0,4,False_Killer_Whale,False Killer Whale,false
test_1331,Melon_Headed_Whale,5,conditional,1000.0,4,False_Killer_Whale,False Killer Whale,false
test_1331,Melon_Headed_Whale,10,fixed_mean,1000.0,4,False_Killer_Whale,False Killer Whale,false
test_1331,Melon_Headed_Whale,10,conditional,1000.0,4,False_Killer_Whale,False Killer Whale,false
test_1331,Melon_Headed_Whale,20,fixed_mean,1000.0,4,False_Killer_Whale,False Killer Whale,false
test_1331,Melon_Headed_Whale,20,conditional,1000.0,4,False_Killer_Whale,False Killer Whale,false
test_1336,Melon_Headed_Whale,1,fixed_mean,1000.0,0,"Beluga,_White_Whale","Beluga, White Whale",false
test_1336,Melon_Headed_Whale,1,conditional,1000.0,0,"Beluga,_White_Whale","Beluga, White Whale",false
test_1336,Melon_Headed_Whale,5,fixed_mean,1000.0,4,"Beluga,_White_Whale","Beluga, White Whale",false
test_1336,Melon_Headed_Whale,5,conditional,1000.0,4,Bottlenose_Dolphin,Bottlenose Dolphin,false
test_1336,Melon_Headed_Whale,10,fixed_mean,1000.0,4,"Beluga,_White_Whale","Beluga, White Whale",false
test_1336,Melon_Headed_Whale,10,conditional,1000.0,4,Bottlenose_Dolphin,Bottlenose Dolphin,false
test_1336,Melon_Headed_Whale,20,fixed_mean,1000.0,4,"Beluga,_White_Whale","Beluga, White Whale",false
test_1336,Melon_Headed_Whale,20,conditional,1000.0,4,"Beluga,_White_Whale","Beluga, White Whale",false
test_1349,Melon_Headed_Whale,1,fixed_mean,1000.0,0,False_Killer_Whale,False Killer Whale,false
test_1349,Melon_Headed_Whale,1,conditional,1000.0,0,False_Killer_Whale,False Killer Whale,false
test_1349,Melon_Headed_Whale,5,fixed_mean,1000.0,4,False_Killer_Whale,False Killer Whale,false
test_1349,Melon_Headed_Whale,5,conditional,1000.0,4,False_Killer_Whale,False Killer Whale,false
test_1349,Melon_Headed_Whale,10,fixed_mean,1000.0,4,False_Killer_Whale,False Killer Whale,false
test_1349,Melon_Headed_Whale,10,conditional,1000.0,4,False_Killer_Whale,False Killer Whale,false
test_1349,Melon_Headed_Whale,20,fixed_mean,1000.0,4,False_Killer_Whale,False Killer Whale,false
test_1349,Melon_Headed_Whale,20,conditional,1000.0,4,False_Killer_Whale,False Killer Whale,false
test_1359,Melon_Headed_Whale,1,fixed_mean,1000.0,0,Bottlenose_Dolphin,Bottlenose Dolphin,false
test_1359,Melon_Headed_Whale,1,conditional,1000.0,0,Bottlenose_Dolphin,Bottlenose Dolphin,false
test_1359,Melon_Headed_Whale,5,fixed_mean,1000.0,4,Bottlenose_Dolphin,Bottlenose Dolphin,false
test_1359,Melon_Headed_Whale,5,conditional,1000.0,4,Bottlenose_Dolphin,Bottlenose Dolphin,false
test_1359,Melon_Headed_Whale,10,fixed_mean,1000.0,4,Bottlenose_Dolphin,Bottlenose Dolphin,false
test_1359,Melon_Headed_Whale,10,conditional,1000.0,4,Bottlenose_Dolphin,Bottlenose Dolphin,false
test_1359,Melon_Headed_Whale,20,fixed_mean,1000.0,4,Bottlenose_Dolphin,Bottlenose Dolphin,false
test_1359,Melon_Headed_Whale,20,conditional,1000.0,4,Bottlenose_Dolphin,Bottlenose Dolphin,false
test_1362,Melon_Headed_Whale,1,fixed_mean,1000.0,0,False_Killer_Whale,False Killer Whale,false
test_1362,Melon_Headed_Whale,1,conditional,1000.0,0,False_Killer_Whale,False Killer Whale,false
test_1362,Melon_Headed_Whale,5,fixed_mean,1000.0,4,"Beluga,_White_Whale","Beluga, White Whale",false
test_1362,Melon_Headed_Whale,5,conditional,1000.0,4,Bottlenose_Dolphin,Bottlenose Dolphin,false
test_1362,Melon_Headed_Whale,10,fixed_mean,1000.0,4,"Beluga,_White_Whale","Beluga, White Whale",false
test_1362,Melon_Headed_Whale,10,conditional,1000.0,4,Bottlenose_Dolphin,Bottlenose Dolphin,false
test_1362,Melon_Headed_Whale,20,fixed_mean,1000.0,4,False_Killer_Whale,False Killer Whale,false
test_1362,Melon_Headed_Whale,20,conditional,1000.0,4,False_Killer_Whale,False Killer Whale,false
test_1363,Melon_Headed_Whale,1,fixed_mean,1000.0,0,False_Killer_Whale,False Killer Whale,false
test_1363,Melon_Headed_Whale,1,conditional,1000.0,0,False_Killer_Whale,False Killer Whale,false
test_1363,Melon_Headed_Whale,5,fixed_mean,1000.0,4,False_Killer_Whale,False Killer Whale,false
test_1363,Melon_Headed_Whale,5,conditional,1000.0,4,False_Killer_Whale,False Killer Whale,false
test_1363,Melon_Headed_Whale,10,fixed_mean,1000.0,4,False_Killer_Whale,False Killer Whale,false
test_1363,Melon_Headed_Whale,10,conditional,1000.0,4,False_Killer_Whale,False Killer Whale,false
test_1363,Melon_Headed_Whale,20,fixed_mean,1000.0,4,False_Killer_Whale,False Killer Whale,false
test_1363,Melon_Headed_Whale,20,conditional,1000.0,4,False_Killer_Whale,False Killer Whale,false
test_1367,Melon_Headed_Whale,1,fixed_mean,1000.0,0,False_Killer_Whale,False Killer Whale,false
test_1367,Melon_Headed_Whale,1,conditional,1000.0,0,False_Killer_Whale,False Killer Whale,false
test_1367,Melon_Headed_Whale,5,fixed_mean,1000.0,4,False_Killer_Whale,False Killer Whale,false
test_1367,Melon_Headed_Whale,5,conditional,1000.0,4,False_Killer_Whale,False Killer Whale,false
test_1367,Melon_Headed_Whale,10,fixed_mean,1000.0,4,False_Killer_Whale,False Killer Whale,false
test_1367,Melon_Headed_Whale,10,conditional,1000.0,4,False_Killer_Whale,False Killer Whale,false
test_1367,Melon_Headed_Whale,20,fixed_mean,1000.0,4,False_Killer_Whale,False Killer Whale,false
test_1367,Melon_Headed_Whale,20,conditional,1000.0,4,False_Killer_Whale,False Killer Whale,false
test_1371,Long-Finned_Pilot_Whale,1,fixed_mean,1000.0,0,False_Killer_Whale,False Killer Whale,false
test_1371,Long-Finned_Pilot_Whale,1,conditional,1000.0,0,False_Killer_Whale,False Killer Whale,false
test_1371,Long-Finned_Pilot_Whale,5,fixed_mean,1000.0,4,False_Killer_Whale,False Killer Whale,false
test_1371,Long-Finned_Pilot_Whale,5,conditional,1000.0,4,False_Killer_Whale,False Killer Whale,false
test_1371,Long-Finned_Pilot_Whale,10,fixed_mean,1000.0,4,False_Killer_Whale,False Killer Whale,false
test_1371,Long-Finned_Pilot_Whale,10,conditional,1000.0,4,False_Killer_Whale,False Killer Whale,false
test_1371,Long-Finned_Pilot_Whale,20,fixed_mean,1000.0,4,False_Killer_Whale,False Killer Whale,false
test_1371,Long-Finned_Pilot_Whale,20,conditional,1000.0,4,False_Killer_Whale,False Killer Whale,false
test_1373,Long-Finned_Pilot_Whale,1,fixed_mean,1000.0,0,False_Killer_Whale,False Killer Whale,false
test_1373,Long-Finned_Pilot_Whale,1,conditional,1000.0,0,False_Killer_Whale,False Killer Whale,false
test_1373,Long-Finned_Pilot_Whale,5,fixed_mean,1000.0,4,"Beluga,_White_Whale","Beluga, White Whale",false
test_1373,Long-Finned_Pilot_Whale,5,conditional,1000.0,4,False_Killer_Whale,False Killer Whale,false
test_1373,Long-Finned_Pilot_Whale,10,fixed_mean,1000.0,4,False_Killer_Whale,False Killer Whale,false
test_1373,Long-Finned_Pilot_Whale,10,conditional,1000.0,4,False_Killer_Whale,False Killer Whale,false
test_1373,Long-Finned_Pilot_Whale,20,fixed_mean,1000.0,4,False_Killer_Whale,False Killer Whale,false
test_1373,Long-Finned_Pilot_Whale,20,conditional,1000.0,4,False_Killer_Whale,False Killer Whale,false
test_1375,Long-Finned_Pilot_Whale,1,fixed_mean,1000.0,0,False_Killer_Whale,False Killer Whale,false
test_1375,Long-Finned_Pilot_Whale,1,conditional,1000.0,0,False_Killer_Whale,False Killer Whale,false
test_1375,Long-Finned_Pilot_Whale,5,fixed_mean,1000.0,4,False_Killer_Whale,False Killer Whale,false
test_1375,Long-Finned_Pilot_Whale,5,conditional,1000.0,4,False_Killer_Whale,False Killer Whale,false
test_1375,Long-Finned_Pilot_Whale,10,fixed_mean,1000.0,4,False_Killer_Whale,False Killer Whale,false
test_1375,Long-Finned_Pilot_Whale,10,conditional,1000.0,4,False_Killer_Whale,False Killer Whale,false
test_1375,Long-Finned_Pilot_Whale,20,fixed_mean,1000.0,4,False_Killer_Whale,False Killer Whale,false
test_1375,Long-Finned_Pilot_Whale,20,conditional,1000.0,4,False_Killer_Whale,False Killer Whale,false
test_1379,Long-Finned_Pilot_Whale,1,fixed_mean,1000.0,0,False_Killer_Whale,False Killer Whale,false
test_1379,Long-Finned_Pilot_Whale,1,conditional,1000.0,0,False_Killer_Whale,False Killer Whale,false
test_1379,Long-Finned_Pilot_Whale,5,fixed_mean,1000.0,4,"Beluga,_White_Whale","Beluga, White Whale",false
test_1379,Long-Finned_Pilot_Whale,5,conditional,1000.0,4,False_Killer_Whale,False Killer Whale,false
test_1379,Long-Finned_Pilot_Whale,10,fixed_mean,1000.0,4,False_Killer_Whale,False Killer Whale,false
test_1379,Long-Finned_Pilot_Whale,10,conditional,1000.0,4,False_Killer_Whale,False Killer Whale,false
test_1379,Long-Finned_Pilot_Whale,20,fixed_mean,1000.0,4,False_Killer_Whale,False Killer Whale,false
test_1379,Long-Finned_Pilot_Whale,20,conditional,1000.0,4,False_Killer_Whale,False Killer Whale,false
test_1384,Long-Finned_Pilot_Whale,1,fixed_mean,1000.0,0,"Beluga,_White_Whale","Beluga, White Whale",false
test_1384,Long-Finned_Pilot_Whale,1,conditional,1000.0,0,"Beluga,_White_Whale","Beluga, White Whale",false
test_1384,Long-Finned_Pilot_Whale,5,fixed_mean,1000.0,4,"Beluga,_White_Whale","Beluga, White Whale",false
test_1384,Long-Finned_Pilot_Whale,5,conditional,1000.0,4,False_Killer_Whale,False Killer Whale,false
test_1384,Long-Finned_Pilot_Whale,10,fixed_mean,1000.0,4,"Beluga,_White_Whale","Beluga, White Whale",false
test_1384,Long-Finned_Pilot_Whale,10,conditional,1000.0,4,"Beluga,_White_Whale","Beluga, White Whale",false
test_1384,Long-Finned_Pilot_Whale,20,fixed_mean,1000.0,4,"Beluga,_White_Whale","Beluga, White Whale",false
test_1384,Long-Finned_Pilot_Whale,20,conditional,1000.0,4,False_Killer_Whale,False Killer Whale,false
test_1391,Long-Finned_Pilot_Whale,1,fixed_mean,1000.0,0,"Beluga,_White_Whale","Beluga, White Whale",false
test_1391,Long-Finned_Pilot_Whale,1,conditional,1000.0,0,"Beluga,_White_Whale","Beluga, White Whale",false
test_1391,Long-Finned_Pilot_Whale,5,fixed_mean,1000.0,4,"Beluga,_White_Whale","Beluga, White Whale",false
test_1391,Long-Finned_Pilot_Whale,5,conditional,1000.0,4,Bottlenose_Dolphin,Bottlenose Dolphin,false
test_1391,Long-Finned_Pilot_Whale,10,fixed_mean,1000.0,4,"Beluga,_White_Whale","Beluga, White Whale",false
test_1391,Long-Finned_Pilot_Whale,10,conditional,1000.0,4,Bottlenose_Dolphin,Bottlenose Dolphin,false
test_1391,Long-Finned_Pilot_Whale,20,fixed_mean,1000.0,4,"Beluga,_White_Whale","Beluga, White Whale",false
test_1391,Long-Finned_Pilot_Whale,20,conditional,1000.0,4,False_Killer_Whale,False Killer Whale,false
test_1402,Long-Finned_Pilot_Whale,1,fixed_mean,1000.0,0,"Beluga,_White_Whale","Beluga, White Whale",false
test_1402,Long-Finned_Pilot_Whale,1,conditional,1000.0,0,"Beluga,_White_Whale","Beluga, White Whale",false
test_1402,Long-Finned_Pilot_Whale,5,fixed_mean,1000.0,4,"Beluga,_White_Whale","Beluga, White Whale",false
test_1402,Long-Finned_Pilot_Whale,5,conditional,1000.0,4,Bottlenose_Dolphin,Bottlenose Dolphin,false
test_1402,Long-Finned_Pilot_Whale,10,fixed_mean,1000.0,4,"Beluga,_White_Whale","Beluga, White Whale",false
test_1402,Long-Finned_Pilot_Whale,10,conditional,1000.0,4,Bottlenose_Dolphin,Bottlenose Dolphin,false
test_1402,Long-Finned_Pilot_Whale,20,fixed_mean,1000.0,4,"Beluga,_White_Whale","Beluga, White Whale",false
test_1402,Long-Finned_Pilot_Whale,20,conditional,1000.0,4,Bottlenose_Dolphin,Bottlenose Dolphin,false
test_1404,Long-Finned_Pilot_Whale,1,fixed_mean,1000.0,0,"Beluga,_White_Whale","Beluga, White Whale",false
test_1404,Long-Finned_Pilot_Whale,1,conditional,1000.0,0,"Beluga,_White_Whale","Beluga, White Whale",false
test_1404,Long-Finned_Pilot_Whale,5,fixed_mean,1000.0,4,"Beluga,_White_Whale","Beluga, White Whale",false
test_1404,Long-Finned_Pilot_Whale,5,conditional,1000.0,4,"Beluga,_White_Whale","Beluga, White Whale",false
test_1404,Long-Finned_Pilot_Whale,10,fixed_mean,1000.0,4,"Beluga,_White_Whale","Beluga, White Whale",false
test_1404,Long-Finned_Pilot_Whale,10,conditional,1000.0,4,"Beluga,_White_Whale","Beluga, White Whale",false
test_1404,Long-Finned_Pilot_Whale,20,fixed_mean,1000.0,4,"Beluga,_White_Whale","Beluga, White Whale",false
test_1404,Long-Finned_Pilot_Whale,20,conditional,1000.0,4,"Beluga,_White_Whale","Beluga, White Whale",false
test_1407,Long-Finned_Pilot_Whale,1,fixed_mean,1000.0,0,False_Killer_Whale,False Killer Whale,false
test_1407,Long-Finned_Pilot_Whale,1,conditional,1000.0,0,False_Killer_Whale,False Killer Whale,false
test_1407,Long-Finned_Pilot_Whale,5,fixed_mean,1000.0,4,False_Killer_Whale,False Killer Whale,false
test_1407,Long-Finned_Pilot_Whale,5,conditional,1000.0,4,False_Killer_Whale,False Killer Whale,false
test_1407,Long-Finned_Pilot_Whale,10,fixed_mean,1000.0,4,False_Killer_Whale,False Killer Whale,false
test_1407,Long-Finned_Pilot_Whale,10,conditional,1000.0,4,False_Killer_Whale,False Killer Whale,false
test_1407,Long-Finned_Pilot_Whale,20,fixed_mean,1000.0,4,False_Killer_Whale,False Killer Whale,false
test_1407,Long-Finned_Pilot_Whale,20,conditional,1000.0,4,False_Killer_Whale,False Killer Whale,false
test_1415,Long-Finned_Pilot_Whale,1,fixed_mean,1000.0,0,False_Killer_Whale,False Killer Whale,false
test_1415,Long-Finned_Pilot_Whale,1,conditional,1000.0,0,False_Killer_Whale,False Killer Whale,false
test_1415,Long-Finned_Pilot_Whale,5,fixed_mean,1000.0,4,Humpback_Whale,Humpback Whale,false
test_1415,Long-Finned_Pilot_Whale,5,conditional,1000.0,4,Sperm_Whale,Sperm Whale,false
test_1415,Long-Finned_Pilot_Whale,10,fixed_mean,1000.0,4,Bottlenose_Dolphin,Bottlenose Dolphin,false
test_1415,Long-Finned_Pilot_Whale,10,conditional,1000.0,4,Humpback_Whale,Humpback Whale,false
test_1415,Long-Finned_Pilot_Whale,20,fixed_mean,1000.0,4,False_Killer_Whale,False Killer Whale,false
test_1415,Long-Finned_Pilot_Whale,20,conditional,1000.0,4,False_Killer_Whale,False Killer Whale,false
test_1432,Long-Finned_Pilot_Whale,1,fixed_mean,1000.0,0,"Beluga,_White_Whale","Beluga, White Whale",false
test_1432,Long-Finned_Pilot_Whale,1,conditional,1000.0,0,"Beluga,_White_Whale","Beluga, White Whale",false
test_1432,Long-Finned_Pilot_Whale,5,fixed_mean,1000.0,4,"Beluga,_White_Whale","Beluga, White Whale",false
test_1432,Long-Finned_Pilot_Whale,5,conditional,1000.0,4,"Beluga,_White_Whale","Beluga, White Whale",false
test_1432,Long-Finned_Pilot_Whale,10,fixed_mean,1000.0,4,"Beluga,_White_Whale","Beluga, White Whale",false
test_1432,Long-Finned_Pilot_Whale,10,conditional,1000.0,4,"Beluga,_White_Whale","Beluga, White Whale",false
test_1432,Long-Finned_Pilot_Whale,20,fixed_mean,1000.0,4,False_Killer_Whale,False Killer Whale,false
test_1432,Long-Finned_Pilot_Whale,20,conditional,1000.0,4,"Beluga,_White_Whale","Beluga, White Whale",false
test_1434,Long-Finned_Pilot_Whale,1,fixed_mean,1000.0,0,False_Killer_Whale,False Killer Whale,false
test_1434,Long-Finned_Pilot_Whale,1,conditional,1000.0,0,False_Killer_Whale,False Killer Whale,false
test_1434,Long-Finned_Pilot_Whale,5,fixed_mean,1000.0,4,False_Killer_Whale,False Killer Whale,false
test_1434,Long-Finned_Pilot_Whale,5,conditional,1000.0,4,False_Killer_Whale,False Killer Whale,false
test_1434,Long-Finned_Pilot_Whale,10,fixed_mean,1000.0,4,False_Killer_Whale,False Killer Whale,false
test_1434,Long-Finned_Pilot_Whale,10,conditional,1000.0,4,False_Killer_Whale,False Killer Whale,false
test_1434,Long-Finned_Pilot_Whale,20,fixed_mean,1000.0,4,False_Killer_Whale,False Killer Whale,false
test_1434,Long-Finned_Pilot_Whale,20,conditional,1000.0,4,False_Killer_Whale,False Killer Whale,false
test_1439,Long-Finned_Pilot_Whale,1,fixed_mean,1000.0,0,"Beluga,_White_Whale","Beluga, White Whale",false
test_1439,Long-Finned_Pilot_Whale,1,conditional,1000.0,0,"Beluga,_White_Whale","Beluga, White Whale",false
test_1439,Long-Finned_Pilot_Whale,5,fixed_mean,1000.0,4,"Beluga,_White_Whale","Beluga, White Whale",false
test_1439,Long-Finned_Pilot_Whale,5,conditional,1000.0,4,Bottlenose_Dolphin,Bottlenose Dolphin,false
test_1439,Long-Finned_Pilot_Whale,10,fixed_mean,1000.0,4,"Beluga,_White_Whale","Beluga, White Whale",false
test_1439,Long-Finned_Pilot_Whale,10,conditional,1000.0,4,Bottlenose_Dolphin,Bottlenose Dolphin,false
test_1439,Long-Finned_Pilot_Whale,20,fixed_mean,1000.0,4,"Beluga,_White_Whale","Beluga, White Whale",false
test_1439,Long-Finned_Pilot_Whale,20,conditional,1000.0,4,"Beluga,_White_Whale","Beluga, White Whale",false
test_1440,Long-Finned_Pilot_Whale,1,fixed_mean,1000.0,0,Bottlenose_Dolphin,Bottlenose Dolphin,false
test_1440,Long-Finned_Pilot_Whale,1,conditional,1000.0,0,Bottlenose_Dolphin,Bottlenose Dolphin,false
test_1440,Long-Finned_Pilot_Whale,5,fixed_mean,1000.0,4,Bottlenose_Dolphin,Bottlenose Dolphin,false
test_1440,Long-Finned_Pilot_Whale,5,conditional,1000.0,4,Bottlenose_Dolphin,Bottlenose Dolphin,false
test_1440,Long-Finned_Pilot_Whale,10,fixed_mean,1000.0,4,Bottlenose_Dolphin,Bottlenose Dolphin,false
test_1440,Long-Finned_Pilot_Whale,10,conditional,1000.0,4,Bottlenose_Dolphin,Bottlenose Dolphin,false
test_1440,Long-Finned_Pilot_Whale,20,fixed_mean,1000.0,4,Bottlenose_Dolphin,Bottlenose Dolphin,false
test_1440,Long-Finned_Pilot_Whale,20,conditional,1000.0,4,Bottlenose_Dolphin,Bottlenose Dolphin,false
test_1450,Striped_Dolphin,1,fixed_mean,1000.0,0,False_Killer_Whale,False Killer Whale,false
test_1450,Striped_Dolphin,1,conditional,1000.0,0,False_Killer_Whale,False Killer Whale,false
test_1450,Striped_Dolphin,5,fixed_mean,1000.0,4,False_Killer_Whale,False Killer Whale,false
test_1450,Striped_Dolphin,5,conditional,1000.0,4,False_Killer_Whale,False Killer Whale,false
test_1450,Striped_Dolphin,10,fixed_mean,1000.0,4,False_Killer_Whale,False Killer Whale,false
test_1450,Striped_Dolphin,10,conditional,1000.0,4,False_Killer_Whale,False Killer Whale,false
test_1450,Striped_Dolphin,20,fixed_mean,1000.0,4,False_Killer_Whale,False Killer Whale,false
test_1450,Striped_Dolphin,20,conditional,1000.0,4,False_Killer_Whale,False Killer Whale,false
test_1454,Striped_Dolphin,1,fixed_mean,1000.0,0,False_Killer_Whale,False Killer Whale,false
test_1454,Striped_Dolphin,1,conditional,1000.0,0,False_Killer_Whale,False Killer Whale,false
test_1454,Striped_Dolphin,5,fixed_mean,1000.0,4,"Beluga,_White_Whale","Beluga, White Whale",false
test_1454,Striped_Dolphin,5,conditional,1000.0,4,False_Killer_Whale,False Killer Whale,false
test_1454,Striped_Dolphin,10,fixed_mean,1000.0,4,False_Killer_Whale,False Killer Whale,false
test_1454,Striped_Dolphin,10,conditional,1000.0,4,False_Killer_Whale,False Killer Whale,false
test_1454,Striped_Dolphin,20,fixed_mean,1000.0,4,False_Killer_Whale,False Killer Whale,false
test_1454,Striped_Dolphin,20,conditional,1000.0,4,False_Killer_Whale,False Killer Whale,false
test_1456,Striped_Dolphin,1,fixed_mean,1000.0,0,False_Killer_Whale,False Killer Whale,false
test_1456,Striped_Dolphin,1,conditional,1000.0,0,False_Killer_Whale,False Killer Whale,false
test_1456,Striped_Dolphin,5,fixed_mean,1000.0,4,False_Killer_Whale,False Killer Whale,false
test_1456,Striped_Dolphin,5,conditional,1000.0,4,False_Killer_Whale,False Killer Whale,false
test_1456,Striped_Dolphin,10,fixed_mean,1000.0,4,False_Killer_Whale,False Killer Whale,false
test_1456,Striped_Dolphin,10,conditional,1000.0,4,False_Killer_Whale,False Killer Whale,false
test_1456,Striped_Dolphin,20,fixed_mean,1000.0,4,False_Killer_Whale,False Killer Whale,false
test_1456,Striped_Dolphin,20,conditional,1000.0,4,False_Killer_Whale,False Killer Whale,false
test_1462,Striped_Dolphin,1,fixed_mean,1000.0,0,False_Killer_Whale,False Killer Whale,false
test_1462,Striped_Dolphin,1,conditional,1000.0,0,False_Killer_Whale,False Killer Whale,false
test_1462,Striped_Dolphin,5,fixed_mean,1000.0,4,False_Killer_Whale,False Killer Whale,false
test_1462,Striped_Dolphin,5,conditional,1000.0,4,False_Killer_Whale,False Killer Whale,false
test_1462,Striped_Dolphin,10,fixed_mean,1000.0,4,False_Killer_Whale,False Killer Whale,false
test_1462,Striped_Dolphin,10,conditional,1000.0,4,False_Killer_Whale,False Killer Whale,false
test_1462,Striped_Dolphin,20,fixed_mean,1000.0,4,False_Killer_Whale,False Killer Whale,false
test_1462,Striped_Dolphin,20,conditional,1000.0,4,False_Killer_Whale,False Killer Whale,false
test_1472,Striped_Dolphin,1,fixed_mean,1000.0,0,False_Killer_Whale,False Killer Whale,false
test_1472,Striped_Dolphin,1,conditional,1000.0,0,False_Killer_Whale,False Killer Whale,false
test_1472,Striped_Dolphin,5,fixed_mean,1000.0,4,False_Killer_Whale,False Killer Whale,false
test_1472,Striped_Dolphin,5,conditional,1000.0,4,False_Killer_Whale,False Killer Whale,false
test_1472,Striped_Dolphin,10,fixed_mean,1000.0,4,False_Killer_Whale,False Killer Whale,false
test_1472,Striped_Dolphin,10,conditional,1000.0,4,False_Killer_Whale,False Killer Whale,false
test_1472,Striped_Dolphin,20,fixed_mean,1000.0,4,False_Killer_Whale,False Killer Whale,false
test_1472,Striped_Dolphin,20,conditional,1000.0,4,False_Killer_Whale,False Killer Whale,false
test_1481,Striped_Dolphin,1,fixed_mean,1000.0,0,False_Killer_Whale,False Killer Whale,false
test_1481,Striped_Dolphin,1,conditional,1000.0,0,False_Killer_Whale,False Killer Whale,false
test_1481,Striped_Dolphin,5,fixed_mean,1000.0,4,Bottlenose_Dolphin,Bottlenose Dolphin,false
test_1481,Striped_Dolphin,5,conditional,1000.0,4,False_Killer_Whale,False Killer Whale,false
test_1481,Striped_Dolphin,10,fixed_mean,1000.0,4,False_Killer_Whale,False Killer Whale,false
test_1481,Striped_Dolphin,10,conditional,1000.0,4,False_Killer_Whale,False Killer Whale,false
test_1481,Striped_Dolphin,20,fixed_mean,1000.0,4,False_Killer_Whale,False Killer Whale,false
test_1481,Striped_Dolphin,20,conditional,1000.0,4,Bottlenose_Dolphin,Bottlenose Dolphin,false
test_1485,Striped_Dolphin,1,fixed_mean,1000.0,0,False_Killer_Whale,False Killer Whale,false
test_1485,Striped_Dolphin,1,conditional,1000.0,0,False_Killer_Whale,False Killer Whale,false
test_1485,Striped_Dolphin,5,fixed_mean,1000.0,4,Bottlenose_Dolphin,Bottlenose Dolphin,false
test_1485,Striped_Dolphin,5,conditional,1000.0,4,False_Killer_Whale,False Killer Whale,false
test_1485,Striped_Dolphin,10,fixed_mean,1000.0,4,False_Killer_Whale,False Killer Whale,false
test_1485,Striped_Dolphin,10,conditional,1000.0,4,False_Killer_Whale,False Killer Whale,false
test_1485,Striped_Dolphin,20,fixed_mean,1000.0,4,False_Killer_Whale,False Killer Whale,false
test_1485,Striped_Dolphin,20,conditional,1000.0,4,False_Killer_Whale,False Killer Whale,false
test_1487,Striped_Dolphin,1,fixed_mean,1000.0,0,Bottlenose_Dolphin,Bottlenose Dolphin,false
test_1487,Striped_Dolphin,1,conditional,1000.0,0,Bottlenose_Dolphin,Bottlenose Dolphin,false
test_1487,Striped_Dolphin,5,fixed_mean,1000.0,4,Bottlenose_Dolphin,Bottlenose Dolphin,false
test_1487,Striped_Dolphin,5,conditional,1000.0,4,Bottlenose_Dolphin,Bottlenose Dolphin,false
test_1487,Striped_Dolphin,10,fixed_mean,1000.0,4,Bottlenose_Dolphin,Bottlenose Dolphin,false
test_1487,Striped_Dolphin,10,conditional,1000.0,4,Bottlenose_Dolphin,Bottlenose Dolphin,false
test_1487,Striped_Dolphin,20,fixed_mean,1000.0,4,Bottlenose_Dolphin,Bottlenose Dolphin,false
test_1487,Striped_Dolphin,20,conditional,1000.0,4,Bottlenose_Dolphin,Bottlenose Dolphin,false
test_1489,Striped_Dolphin,1,fixed_mean,1000.0,0,"Beluga,_White_Whale","Beluga, White Whale",false
test_1489,Striped_Dolphin,1,conditional,1000.0,0,"Beluga,_White_Whale","Beluga, White Whale",false
test_1489,Striped_Dolphin,5,fixed_mean,1000.0,4,"Beluga,_White_Whale","Beluga, White Whale",false
test_1489,Striped_Dolphin,5,conditional,1000.0,4,False_Killer_Whale,False Killer Whale,false
test_1489,Striped_Dolphin,10,fixed_mean,1000.0,4,"Beluga,_White_Whale","Beluga, White Whale",false
test_1489,Striped_Dolphin,10,conditional,1000.0,4,False_Killer_Whale,False Killer Whale,false
test_1489,Striped_Dolphin,20,fixed_mean,1000.0,4,"Beluga,_White_Whale","Beluga, White Whale",false
test_1489,Striped_Dolphin,20,conditional,1000.0,4,False_Killer_Whale,False Killer Whale,false
test_1497,Striped_Dolphin,1,fixed_mean,1000.0,0,False_Killer_Whale,False Killer Whale,false
test_1497,Striped_Dolphin,1,conditional,1000.0,0,False_Killer_Whale,False Killer Whale,false
test_1497,Striped_Dolphin,5,fixed_mean,1000.0,4,False_Killer_Whale,False Killer Whale,false
test_1497,Striped_Dolphin,5,conditional,1000.0,4,False_Killer_Whale,False Killer Whale,false
test_1497,Striped_Dolphin,10,fixed_mean,1000.0,4,False_Killer_Whale,False Killer Whale,false
test_1497,Striped_Dolphin,10,conditional,1000.0,4,False_Killer_Whale,False Killer Whale,false
test_1497,Striped_Dolphin,20,fixed_mean,1000.0,4,False_Killer_Whale,False Killer Whale,false
test_1497,Striped_Dolphin,20,conditional,1000.0,4,False_Killer_Whale,False Killer Whale,false
test_1501,Striped_Dolphin,1,fixed_mean,1000.0,0,False_Killer_Whale,False Killer Whale,false
test_1501,Striped_Dolphin,1,conditional,1000.0,0,False_Killer_Whale,False Killer Whale,false
test_1501,Striped_Dolphin,5,fixed_mean,1000.0,4,False_Killer_Whale,False Killer Whale,false
test_1501,Striped_Dolphin,5,conditional,1000.0,4,Humpback_Whale,Humpback Whale,false
test_1501,Striped_Dolphin,10,fixed_mean,1000.0,4,False_Killer_Whale,False Killer Whale,false
test_1501,Striped_Dolphin,10,conditional,1000.0,4,Bottlenose_Dolphin,Bottlenose Dolphin,false
test_1501,Striped_Dolphin,20,fixed_mean,1000.0,4,False_Killer_Whale,False Killer Whale,false
test_1501,Striped_Dolphin,20,conditional,1000.0,4,False_Killer_Whale,False Killer Whale,false
test_1502,Striped_Dolphin,1,fixed_mean,1000.0,0,False_Killer_Whale,False Killer Whale,false
test_1502,Striped_Dolphin,1,conditional,1000.0,0,False_Killer_Whale,False Killer Whale,false
test_1502,Striped_Dolphin,5,fixed_mean,1000.0,4,"Beluga,_White_Whale","Beluga, White Whale",false
test_1502,Striped_Dolphin,5,conditional,1000.0,4,Bottlenose_Dolphin,Bottlenose Dolphin,false
test_1502,Striped_Dolphin,10,fixed_mean,1000.0,4,"Beluga,_White_Whale","Beluga, White Whale",false
test_1502,Striped_Dolphin,10,conditional,1000.0,4,False_Killer_Whale,False Killer Whale,false
test_1502,Striped_Dolphin,20,fixed_mean,1000.0,4,False_Killer_Whale,False Killer Whale,false
test_1502,Striped_Dolphin,20,conditional,1000.0,4,False_Killer_Whale,False Killer Whale,false
test_1505,Striped_Dolphin,1,fixed_mean,1000.0,0,False_Killer_Whale,False Killer Whale,false
test_1505,Striped_Dolphin,1,conditional,1000.0,0,False_Killer_Whale,False Killer Whale,false
test_1505,Striped_Dolphin,5,fixed_mean,1000.0,4,False_Killer_Whale,False Killer Whale,false
test_1505,Striped_Dolphin,5,conditional,1000.0,4,False_Killer_Whale,False Killer Whale,false
test_1505,Striped_Dolphin,10,fixed_mean,1000.0,4,False_Killer_Whale,False Killer Whale,false
test_1505,Striped_Dolphin,10,conditional,1000.0,4,False_Killer_Whale,False Killer Whale,false
test_1505,Striped_Dolphin,20,fixed_mean,1000.0,4,False_Killer_Whale,False Killer Whale,false
test_1505,Striped_Dolphin,20,conditional,1000.0,4,False_Killer_Whale,False Killer Whale,false
test_1510,Striped_Dolphin,1,fixed_mean,1000.0,0,False_Killer_Whale,False Killer Whale,false
test_1510,Striped_Dolphin,1,conditional,1000.0,0,False_Killer_Whale,False Killer Whale,false
test_1510,Striped_Dolphin,5,fixed_mean,1000.0,4,False_Killer_Whale,False Killer Whale,false
test_1510,Striped_Dolphin,5,conditional,1000.0,4,False_Killer_Whale,False Killer Whale,false
test_1510,Striped_Dolphin,10,fixed_mean,1000.0,4,False_Killer_Whale,False Killer Whale,false
test_1510,Striped_Dolphin,10,conditional,1000.0,4,False_Killer_Whale,False Killer Whale,false
test_1510,Striped_Dolphin,20,fixed_mean,1000.0,4,False_Killer_Whale,False Killer Whale,false
test_1510,Striped_Dolphin,20,conditional,1000.0,4,False_Killer_Whale,False Killer Whale,false
test_1513,Striped_Dolphin,1,fixed_mean,1000.0,0,False_Killer_Whale,False Killer Whale,false
test_1513,Striped_Dolphin,1,conditional,1000.0,0,False_Killer_Whale,False Killer Whale,false
test_1513,Striped_Dolphin,5,fixed_mean,1000.0,4,"Beluga,_White_Whale","Beluga, White Whale",false
test_1513,Striped_Dolphin,5,conditional,1000.0,4,False_Killer_Whale,False Killer Whale,false
test_1513,Striped_Dolphin,10,fixed_mean,1000.0,4,"Beluga,_White_Whale","Beluga, White Whale",false
test_1513,Striped_Dolphin,10,conditional,1000.0,4,False_Killer_Whale,False Killer Whale,false
test_1513,Striped_Dolphin,20,fixed_mean,1000.0,4,False_Killer_Whale,False Killer Whale,false
test_1513,Striped_Dolphin,20,conditional,1000.0,4,False_Killer_Whale,False Killer Whale,false
test_1521,Striped_Dolphin,1,fixed_mean,1000.0,0,False_Killer_Whale,False Killer Whale,false
test_1521,Striped_Dolphin,1,conditional,1000.0,0,False_Killer_Whale,False Killer Whale,false
test_1521,Striped_Dolphin,5,fixed_mean,1000.0,4,False_Killer_Whale,False Killer Whale,false
test_1521,Striped_Dolphin,5,conditional,1000.0,4,False_Killer_Whale,False Killer Whale,false
test_1521,Striped_Dolphin,10,fixed_mean,1000.0,4,False_Killer_Whale,False Killer Whale,false
test_1521,Striped_Dolphin,10,conditional,1000.0,4,False_Killer_Whale,False Killer Whale,false
test_1521,Striped_Dolphin,20,fixed_mean,1000.0,4,False_Killer_Whale,False Killer Whale,false
test_1521,Striped_Dolphin,20,conditional,1000.0,4,False_Killer_Whale,False Killer Whale,false
test_1526,Leopard_Seal,1,fixed_mean,1000.0,0,"Beluga,_White_Whale","Beluga, White Whale",false
test_1526,Leopard_Seal,1,conditional,1000.0,0,"Beluga,_White_Whale","Beluga, White Whale",false
test_1526,Leopard_Seal,5,fixed_mean,1000.0,4,"Beluga,_White_Whale","Beluga, White Whale",false
test_1526,Leopard_Seal,5,conditional,1000.0,4,Sperm_Whale,Sperm Whale,false
test_1526,Leopard_Seal,10,fixed_mean,1000.0,4,"Beluga,_White_Whale","Beluga, White Whale",false
test_1526,Leopard_Seal,10,conditional,1000.0,4,"Beluga,_White_Whale","Beluga, White Whale",false
test_1526,Leopard_Seal,20,fixed_mean,1000.0,4,"Beluga,_White_Whale","Beluga, White Whale",false
test_1526,Leopard_Seal,20,conditional,1000.0,4,"Beluga,_White_Whale","Beluga, White Whale",false
test_1530,Leopard_Seal,1,fixed_mean,1000.0,0,"Beluga,_White_Whale","Beluga, White Whale",false
test_1530,Leopard_Seal,1,conditional,1000.0,0,"Beluga,_White_Whale","Beluga, White Whale",false
test_1530,Leopard_Seal,5,fixed_mean,1000.0,4,"Beluga,_White_Whale","Beluga, White Whale",false
test_1530,Leopard_Seal,5,conditional,1000.0,4,"Beluga,_White_Whale","Beluga, White Whale",false
test_1530,Leopard_Seal,10,fixed_mean,1000.0,4,"Beluga,_White_Whale","Beluga, White Whale",false
test_1530,Leopard_Seal,10,conditional,1000.0,4,"Beluga,_White_Whale","Beluga, White Whale",false
test_1530,Leopard_Seal,20,fixed_mean,1000.0,4,"Beluga,_White_Whale","Beluga, White Whale",false
test_1530,Leopard_Seal,20,conditional,1000.0,4,"Beluga,_White_Whale","Beluga, White Whale",false
test_1532,Walrus,1,fixed_mean,1000.0,0,False_Killer_Whale,False Killer Whale,false
test_1532,Walrus,1,conditional,1000.0,0,False_Killer_Whale,False Killer Whale,false
test_1532,Walrus,5,fixed_mean,1000.0,4,False_Killer_Whale,False Killer Whale,false
test_1532,Walrus,5,conditional,1000.0,4,False_Killer_Whale,False Killer Whale,false
test_1532,Walrus,10,fixed_mean,1000.0,4,False_Killer_Whale,False Killer Whale,false
test_1532,Walrus,10,conditional,1000.0,4,False_Killer_Whale,False Killer Whale,false
test_1532,Walrus,20,fixed_mean,1000.0,4,False_Killer_Whale,False Killer Whale,false
test_1532,Walrus,20,conditional,1000.0,4,False_Killer_Whale,False Killer Whale,false
test_1534,Walrus,1,fixed_mean,1000.0,0,Bottlenose_Dolphin,Bottlenose Dolphin,false
test_1534,Walrus,1,conditional,1000.0,0,Bottlenose_Dolphin,Bottlenose Dolphin,false
test_1534,Walrus,5,fixed_mean,1000.0,4,"Beluga,_White_Whale","Beluga, White Whale",false
test_1534,Walrus,5,conditional,1000.0,4,Bottlenose_Dolphin,Bottlenose Dolphin,false
test_1534,Walrus,10,fixed_mean,1000.0,4,"Beluga,_White_Whale","Beluga, White Whale",false
test_1534,Walrus,10,conditional,1000.0,4,Bottlenose_Dolphin,Bottlenose Dolphin,false
test_1534,Walrus,20,fixed_mean,1000.0,4,Bottlenose_Dolphin,Bottlenose Dolphin,false
test_1534,Walrus,20,conditional,1000.0,4,Bottlenose_Dolphin,Bottlenose Dolphin,false
test_1536,Walrus,1,fixed_mean,1000.0,0,False_Killer_Whale,False Killer Whale,false
test_1536,Walrus,1,conditional,1000.0,0,False_Killer_Whale,False Killer Whale,false
test_1536,Walrus,5,fixed_mean,1000.0,4,"Beluga,_White_Whale","Beluga, White Whale",false
test_1536,Walrus,5,conditional,1000.0,4,False_Killer_Whale,False Killer Whale,false
test_1536,Walrus,10,fixed_mean,1000.0,4,"Beluga,_White_Whale","Beluga, White Whale",false
test_1536,Walrus,10,conditional,1000.0,4,"Beluga,_White_Whale","Beluga, White Whale",false
test_1536,Walrus,20,fixed_mean,1000.0,4,False_Killer_Whale,False Killer Whale,false
test_1536,Walrus,20,conditional,1000.0,4,"Beluga,_White_Whale","Beluga, White Whale",false
test_1538,Walrus,1,fixed_mean,1000.0,0,False_Killer_Whale,False Killer Whale,false
test_1538,Walrus,1,conditional,1000.0,0,False_Killer_Whale,False Killer Whale,false
test_1538,Walrus,5,fixed_mean,1000.0,4,False_Killer_Whale,False Killer Whale,false
test_1538,Walrus,5,conditional,1000.0,4,Bottlenose_Dolphin,Bottlenose Dolphin,false
test_1538,Walrus,10,fixed_mean,1000.0,4,False_Killer_Whale,False Killer Whale,false
test_1538,Walrus,10,conditional,1000.0,4,Bottlenose_Dolphin,Bottlenose Dolphin,false
test_1538,Walrus,20,fixed_mean,1000.0,4,False_Killer_Whale,False Killer Whale,false
test_1538,Walrus,20,conditional,1000.0,4,False_Killer_Whale,False Killer Whale,false
test_1548,Walrus,1,fixed_mean,1000.0,0,Bottlenose_Dolphin,Bottlenose Dolphin,false
test_1548,Walrus,1,conditional,1000.0,0,Bottlenose_Dolphin,Bottlenose Dolphin,false
test_1548,Walrus,5,fixed_mean,1000.0,4,"Beluga,_White_Whale","Beluga, White Whale",false
test_1548,Walrus,5,conditional,1000.0,4,Bottlenose_Dolphin,Bottlenose Dolphin,false
test_1548,Walrus,10,fixed_mean,1000.0,4,"Beluga,_White_Whale","Beluga, White Whale",false
test_1548,Walrus,10,conditional,1000.0,4,Bottlenose_Dolphin,Bottlenose Dolphin,false
test_1548,Walrus,20,fixed_mean,1000.0,4,Bottlenose_Dolphin,Bottlenose Dolphin,false
test_1548,Walrus,20,conditional,1000.0,4,Bottlenose_Dolphin,Bottlenose Dolphin,false
test_1560,Walrus,1,fixed_mean,1000.0,0,False_Killer_Whale,False Killer Whale,false
test_1560,Walrus,1,conditional,1000.0,0,False_Killer_Whale,False Killer Whale,false
test_1560,Walrus,5,fixed_mean,1000.0,4,False_Killer_Whale,False Killer Whale,false
test_1560,Walrus,5,conditional,1000.0,4,False_Killer_Whale,False Killer Whale,false
test_1560,Walrus,10,fixed_mean,1000.0,4,False_Killer_Whale,False Killer Whale,false
test_1560,Walrus,10,conditional,1000.0,4,False_Killer_Whale,False Killer Whale,false
test_1560,Walrus,20,fixed_mean,1000.0,4,False_Killer_Whale,False Killer Whale,false
test_1560,Walrus,20,conditional,1000.0,4,False_Killer_Whale,False Killer Whale,false
test_1561,Walrus,1,fixed_mean,1000.0,0,False_Killer_Whale,False Killer Whale,false
test_1561,Walrus,1,conditional,1000.0,0,False_Killer_Whale,False Killer Whale,false
test_1561,Walrus,5,fixed_mean,1000.0,4,False_Killer_Whale,False Killer Whale,false
test_1561,Walrus,5,conditional,1000.0,4,False_Killer_Whale,False Killer Whale,false
test_1561,Walrus,10,fixed_mean,1000.0,4,False_Killer_Whale,False Killer Whale,false
test_1561,Walrus,10,conditional,1000.0,4,False_Killer_Whale,False Killer Whale,false
test_1561,Walrus,20,fixed_mean,1000.0,4,False_Killer_Whale,False Killer Whale,false
test_1561,Walrus,20,conditional,1000.0,4,False_Killer_Whale,False Killer Whale,false
test_1570,Sperm_Whale,1,fixed_mean,1000.0,0,False_Killer_Whale,False Killer Whale,false
test_1570,Sperm_Whale,1,conditional,1000.0,0,False_Killer_Whale,False Killer Whale,false
test_1570,Sperm_Whale,5,fixed_mean,1000.0,4,Bottlenose_Dolphin,Bottlenose Dolphin,false
test_1570,Sperm_Whale,5,conditional,1000.0,4,Bottlenose_Dolphin,Bottlenose Dolphin,false
test_1570,Sperm_Whale,10,fixed_mean,1000.0,4,False_Killer_Whale,False Killer Whale,false
test_1570,Sperm_Whale,10,conditional,1000.0,4,False_Killer_Whale,False Killer Whale,false
test_1570,Sperm_Whale,20,fixed_mean,1000.0,4,False_Killer_Whale,False Killer Whale,false
test_1570,Sperm_Whale,20,conditional,1000.0,4,False_Killer_Whale,False Killer Whale,false
test_1573,Sperm_Whale,1,fixed_mean,1000.0,0,False_Killer_Whale,False Killer Whale,false
test_1573,Sperm_Whale,1,conditional,1000.0,0,False_Killer_Whale,False Killer Whale,false
test_1573,Sperm_Whale,5,fixed_mean,1000.0,4,"Beluga,_White_Whale","Beluga, White Whale",false
test_1573,Sperm_Whale,5,conditional,1000.0,4,False_Killer_Whale,False Killer Whale,false
test_1573,Sperm_Whale,10,fixed_mean,1000.0,4,"Beluga,_White_Whale","Beluga, White Whale",false
test_1573,Sperm_Whale,10,conditional,1000.0,4,Bottlenose_Dolphin,Bottlenose Dolphin,false
test_1573,Sperm_Whale,20,fixed_mean,1000.0,4,False_Killer_Whale,False Killer Whale,false
test_1573,Sperm_Whale,20,conditional,1000.0,4,False_Killer_Whale,False Killer Whale,false
test_1593,Sperm_Whale,1,fixed_mean,1000.0,0,False_Killer_Whale,False Killer Whale,false
test_1593,Sperm_Whale,1,conditional,1000.0,0,False_Killer_Whale,False Killer Whale,false
test_1593,Sperm_Whale,5,fixed_mean,1000.0,4,False_Killer_Whale,False Killer Whale,false
test_1593,Sperm_Whale,5,conditional,1000.0,4,False_Killer_Whale,False Killer Whale,false
test_1593,Sperm_Whale,10,fixed_mean,1000.0,4,False_Killer_Whale,False Killer Whale,false
test_1593,Sperm_Whale,10,conditional,1000.0,4,False_Killer_Whale,False Killer Whale,false
test_1593,Sperm_Whale,20,fixed_mean,1000.0,4,False_Killer_Whale,False Killer Whale,false
test_1593,Sperm_Whale,20,conditional,1000.0,4,False_Killer_Whale,False Killer Whale,false
test_1597,Sperm_Whale,1,fixed_mean,1000.0,0,False_Killer_Whale,False Killer Whale,false
test_1597,Sperm_Whale,1,conditional,1000.0,0,False_Killer_Whale,False Killer Whale,false
test_1597,Sperm_Whale,5,fixed_mean,1000.0,4,False_Killer_Whale,False Killer Whale,false
test_1597,Sperm_Whale,5,conditional,1000.0,4,False_Killer_Whale,False Killer Whale,false
test_1597,Sperm_Whale,10,fixed_mean,1000.0,4,False_Killer_Whale,False Killer Whale,false
test_1597,Sperm_Whale,10,conditional,1000.0,4,False_Killer_Whale,False Killer Whale,false
test_1597,Sperm_Whale,20,fixed_mean,1000.0,4,False_Killer_Whale,False Killer Whale,false
test_1597,Sperm_Whale,20,conditional,1000.0,4,False_Killer_Whale,False Killer Whale,false
test_1598,Sperm_Whale,1,fixed_mean,1000.0,0,False_Killer_Whale,False Killer Whale,false
test_1598,Sperm_Whale,1,conditional,1000.0,0,False_Killer_Whale,False Killer Whale,false
test_1598,Sperm_Whale,5,fixed_mean,1000.0,4,False_Killer_Whale,False Killer Whale,false
test_1598,Sperm_Whale,5,conditional,1000.0,4,False_Killer_Whale,False Killer Whale,false
test_1598,Sperm_Whale,10,fixed_mean,1000.0,4,False_Killer_Whale,False Killer Whale,false
test_1598,Sperm_Whale,10,conditional,1000.0,4,False_Killer_Whale,False Killer Whale,false
test_1598,Sperm_Whale,20,fixed_mean,1000.0,4,False_Killer_Whale,False Killer Whale,false
test_1598,Sperm_Whale,20,conditional,1000.0,4,False_Killer_Whale,False Killer Whale,false
test_1601,Sperm_Whale,1,fixed_mean,1000.0,0,False_Killer_Whale,False Killer Whale,false
test_1601,Sperm_Whale,1,conditional,1000.0,0,False_Killer_Whale,False Killer Whale,false
test_1601,Sperm_Whale,5,fixed_mean,1000.0,4,False_Killer_Whale,False Killer Whale,false
test_1601,Sperm_Whale,5,conditional,1000.0,4,False_Killer_Whale,False Killer Whale,false
test_1601,Sperm_Whale,10,fixed_mean,1000.0,4,False_Killer_Whale,False Killer Whale,false
test_1601,Sperm_Whale,10,conditional,1000.0,4,False_Killer_Whale,False Killer Whale,false
test_1601,Sperm_Whale,20,fixed_mean,1000.0,4,False_Killer_Whale,False Killer Whale,false
test_1601,Sperm_Whale,20,conditional,1000.0,4,False_Killer_Whale,False Killer Whale,false
test_1603,Sperm_Whale,1,fixed_mean,1000.0,0,False_Killer_Whale,False Killer Whale,false
test_1603,Sperm_Whale,1,conditional,1000.0,0,False_Killer_Whale,False Killer Whale,false
test_1603,Sperm_Whale,5,fixed_mean,1000.0,4,False_Killer_Whale,False Killer Whale,false
test_1603,Sperm_Whale,5,conditional,1000.0,4,False_Killer_Whale,False Killer Whale,false
test_1603,Sperm_Whale,10,fixed_mean,1000.0,4,False_Killer_Whale,False Killer Whale,false
test_1603,Sperm_Whale,10,conditional,1000.0,4,False_Killer_Whale,False Killer Whale,false
test_1603,Sperm_Whale,20,fixed_mean,1000.0,4,False_Killer_Whale,False Killer Whale,false
test_1603,Sperm_Whale,20,conditional,1000.0,4,False_Killer_Whale,False Killer Whale,false
test_1606,Sperm_Whale,1,fixed_mean,1000.0,0,Bottlenose_Dolphin,Bottlenose Dolphin,false
test_1606,Sperm_Whale,1,conditional,1000.0,0,Bottlenose_Dolphin,Bottlenose Dolphin,false
test_1606,Sperm_Whale,5,fixed_mean,1000.0,4,Bottlenose_Dolphin,Bottlenose Dolphin,false
test_1606,Sperm_Whale,5,conditional,1000.0,4,Bottlenose_Dolphin,Bottlenose Dolphin,false
test_1606,Sperm_Whale,10,fixed_mean,1000.0,4,Bottlenose_Dolphin,Bottlenose Dolphin,false
test_1606,Sperm_Whale,10,conditional,1000.0,4,Bottlenose_Dolphin,Bottlenose Dolphin,false
test_1606,Sperm_Whale,20,fixed_mean,1000.0,4,Bottlenose_Dolphin,Bottlenose Dolphin,false
test_1606,Sperm_Whale,20,conditional,1000.0,4,Bottlenose_Dolphin,Bottlenose Dolphin,false
test_1616,Sperm_Whale,1,fixed_mean,1000.0,0,"Beluga,_White_Whale","Beluga, White Whale",false
test_1616,Sperm_Whale,1,conditional,1000.0,0,"Beluga,_White_Whale","Beluga, White Whale",false
test_1616,Sperm_Whale,5,fixed_mean,1000.0,4,Bottlenose_Dolphin,Bottlenose Dolphin,false
test_1616,Sperm_Whale,5,conditional,1000.0,4,Bottlenose_Dolphin,Bottlenose Dolphin,false
test_1616,Sperm_Whale,10,fixed_mean,1000.0,4,Bottlenose_Dolphin,Bottlenose Dolphin,false
test_1616,Sperm_Whale,10,conditional,1000.0,4,Bottlenose_Dolphin,Bottlenose Dolphin,false
test_1616,Sperm_Whale,20,fixed_mean,1000.0,4,Bottlenose_Dolphin,Bottlenose Dolphin,false
test_1616,Sperm_Whale,20,conditional,1000.0,4,Bottlenose_Dolphin,Bottlenose Dolphin,false
test_1620,Sperm_Whale,1,fixed_mean,1000.0,0,False_Killer_Whale,False Killer Whale,false
test_1620,Sperm_Whale,1,conditional,1000.0,0,False_Killer_Whale,False Killer Whale,false
test_1620,Sperm_Whale,5,fixed_mean,1000.0,4,"Beluga,_White_Whale","Beluga, White Whale",false
test_1620,Sperm_Whale,5,conditional,1000.0,4,False_Killer_Whale,False Killer Whale,false
test_1620,Sperm_Whale,10,fixed_mean,1000.0,4,False_Killer_Whale,False Killer Whale,false
test_1620,Sperm_Whale,10,conditional,1000.0,4,False_Killer_Whale,False Killer Whale,false
test_1620,Sperm_Whale,20,fixed_mean,1000.0,4,False_Killer_Whale,False Killer Whale,false
test_1620,Sperm_Whale,20,conditional,1000.0,4,False_Killer_Whale,False Killer Whale,false
test_1630,Sperm_Whale,1,fixed_mean,1000.0,0,False_Killer_Whale,False Killer Whale,false
test_1630,Sperm_Whale,1,conditional,1000.0,0,False_Killer_Whale,False Killer Whale,false
test_1630,Sperm_Whale,5,fixed_mean,1000.0,4,False_Killer_Whale,False Killer Whale,false
test_1630,Sperm_Whale,5,conditional,1000.0,4,False_Killer_Whale,False Killer Whale,false
test_1630,Sperm_Whale,10,fixed_mean,1000.0,4,False_Killer_Whale,False Killer Whale,false
test_1630,Sperm_Whale,10,conditional,1000.0,4,False_Killer_Whale,False Killer Whale,false
test_1630,Sperm_Whale,20,fixed_mean,1000.0,4,False_Killer_Whale,False Killer Whale,false
test_1630,Sperm_Whale,20,conditional,1000.0,4,False_Killer_Whale,False Killer Whale,false
test_1637,Sperm_Whale,1,fixed_mean,1000.0,0,False_Killer_Whale,False Killer Whale,false
test_1637,Sperm_Whale,1,conditional,1000.0,0,False_Killer_Whale,False Killer Whale,false
test_1637,Sperm_Whale,5,fixed_mean,1000.0,4,"Beluga,_White_Whale","Beluga, White Whale",false
test_1637,Sperm_Whale,5,conditional,1000.0,4,Bottlenose_Dolphin,Bottlenose Dolphin,false
test_1637,Sperm_Whale,10,fixed_mean,1000.0,4,"Beluga,_White_Whale","Beluga, White Whale",false
test_1637,Sperm_Whale,10,conditional,1000.0,4,Bottlenose_Dolphin,Bottlenose Dolphin,false
test_1637,Sperm_Whale,20,fixed_mean,1000.0,4,False_Killer_Whale,False Killer Whale,false
test_1637,Sperm_Whale,20,conditional,1000.0,4,False_Killer_Whale,False Killer Whale,false
test_1639,Sperm_Whale,1,fixed_mean,1000.0,0,"Beluga,_White_Whale","Beluga, White Whale",false
test_1639,Sperm_Whale,1,conditional,1000.0,0,"Beluga,_White_Whale","Beluga, White Whale",false
test_1639,Sperm_Whale,5,fixed_mean,1000.0,4,"Beluga,_White_Whale","Beluga, White Whale",false
test_1639,Sperm_Whale,5,conditional,1000.0,4,False_Killer_Whale,False Killer Whale,false
test_1639,Sperm_Whale,10,fixed_mean,1000.0,4,"Beluga,_White_Whale","Beluga, White Whale",false
test_1639,Sperm_Whale,10,conditional,1000.0,4,False_Killer_Whale,False Killer Whale,false
test_1639,Sperm_Whale,20,fixed_mean,1000.0,4,"Beluga,_White_Whale","Beluga, White Whale",false
test_1639,Sperm_Whale,20,conditional,1000.0,4,False_Killer_Whale,False Killer Whale,false
test_1640,Sperm_Whale,1,fixed_mean,1000.0,0,False_Killer_Whale,False Killer Whale,false
test_1640,Sperm_Whale,1,conditional,1000.0,0,False_Killer_Whale,False Killer Whale,false
test_1640,Sperm_Whale,5,fixed_mean,1000.0,4,False_Killer_Whale,False Killer Whale,false
test_1640,Sperm_Whale,5,conditional,1000.0,4,False_Killer_Whale,False Killer Whale,false
test_1640,Sperm_Whale,10,fixed_mean,1000.0,4,False_Killer_Whale,False Killer Whale,false
test_1640,Sperm_Whale,10,conditional,1000.0,4,False_Killer_Whale,False Killer Whale,false
test_1640,Sperm_Whale,20,fixed_mean,1000.0,4,False_Killer_Whale,False Killer Whale,false
test_1640,Sperm_Whale,20,conditional,1000.0,4,False_Killer_Whale,False Killer Whale,false
test_1643,Sperm_Whale,1,fixed_mean,1000.0,0,"Beluga,_White_Whale","Beluga, White Whale",false
test_1643,Sperm_Whale,1,conditional,1000.0,0,"Beluga,_White_Whale","Beluga, White Whale",false
test_1643,Sperm_Whale,5,fixed_mean,1000.0,4,"Beluga,_White_Whale","Beluga, White Whale",false
test_1643,Sperm_Whale,5,conditional,1000.0,4,"Beluga,_White_Whale","Beluga, White Whale",false
test_1643,Sperm_Whale,10,fixed_mean,1000.0,4,"Beluga,_White_Whale","Beluga, White Whale",false
test_1643,Sperm_Whale,10,conditional,1000.0,4,"Beluga,_White_Whale","Beluga, White Whale",false
test_1643,Sperm_Whale,20,fixed_mean,1000.0,4,"Beluga,_White_Whale","Beluga, White Whale",false
test_1643,Sperm_Whale,20,conditional,1000.0,4,"Beluga,_White_Whale","Beluga, White Whale",false
test_1647,Common_Dolphin,1,fixed_mean,1000.0,0,"Beluga,_White_Whale","Beluga, White Whale",false
test_1647,Common_Dolphin,1,conditional,1000.0,0,"Beluga,_White_Whale","Beluga, White Whale",false
test_1647,Common_Dolphin,5,fixed_mean,1000.0,4,"Beluga,_White_Whale","Beluga, White Whale",false
test_1647,Common_Dolphin,5,conditional,1000.0,4,Sperm_Whale,Sperm Whale,false
test_1647,Common_Dolphin,10,fixed_mean,1000.0,4,"Beluga,_White_Whale","Beluga, White Whale",false
test_1647,Common_Dolphin,10,conditional,1000.0,4,Humpback_Whale,Humpback Whale,false
test_1647,Common_Dolphin,20,fixed_mean,1000.0,4,"Beluga,_White_Whale","Beluga, White Whale",false
test_1647,Common_Dolphin,20,conditional,1000.0,4,"Beluga,_White_Whale","Beluga, White Whale",false
test_1660,Common_Dolphin,1,fixed_mean,1000.0,0,False_Killer_Whale,False Killer Whale,false
test_1660,Common_Dolphin,1,conditional,1000.0,0,False_Killer_Whale,False Killer Whale,false
test_1660,Common_Dolphin,5,fixed_mean,1000.0,4,False_Killer_Whale,False Killer Whale,false
test_1660,Common_Dolphin,5,conditional,1000.0,4,False_Killer_Whale,False Killer Whale,false
test_1660,Common_Dolphin,10,fixed_mean,1000.0,4,False_Killer_Whale,False Killer Whale,false
test_1660,Common_Dolphin,10,conditional,1000.0,4,False_Killer_Whale,False Killer Whale,false
test_1660,Common_Dolphin,20,fixed_mean,1000.0,4,False_Killer_Whale,False Killer Whale,false
test_1660,Common_Dolphin,20,conditional,1000.0,4,False_Killer_Whale,False Killer Whale,false
test_1662,Common_Dolphin,1,fixed_mean,1000.0,0,False_Killer_Whale,False Killer Whale,false
test_1662,Common_Dolphin,1,conditional,1000.0,0,False_Killer_Whale,False Killer Whale,false
test_1662,Common_Dolphin,5,fixed_mean,1000.0,4,"Beluga,_White_Whale","Beluga, White Whale",false
test_1662,Common_Dolphin,5,conditional,1000.0,4,False_Killer_Whale,False Killer Whale,false
test_1662,Common_Dolphin,10,fixed_mean,1000.0,4,"Beluga,_White_Whale","Beluga, White Whale",false
test_1662,Common_Dolphin,10,conditional,1000.0,4,False_Killer_Whale,False Killer Whale,false
test_1662,Common_Dolphin,20,fixed_mean,1000.0,4,"Beluga,_White_Whale","Beluga, White Whale",false
test_1662,Common_Dolphin,20,conditional,1000.0,4,False_Killer_Whale,False Killer Whale,false
test_1664,Common_Dolphin,1,fixed_mean,1000.0,0,"Beluga,_White_Whale","Beluga, White Whale",false
test_1664,Common_Dolphin,1,conditional,1000.0,0,"Beluga,_White_Whale","Beluga, White Whale",false
test_1664,Common_Dolphin,5,fixed_mean,1000.0,4,"Beluga,_White_Whale","Beluga, White Whale",false
test_1664,Common_Dolphin,5,conditional,1000.0,4,Bottlenose_Dolphin,Bottlenose Dolphin,false
test_1664,Common_Dolphin,10,fixed_mean,1000.0,4,"Beluga,_White_Whale","Beluga, White Whale",false
test_1664,Common_Dolphin,10,conditional,1000.0,4,Bottlenose_Dolphin,Bottlenose Dolphin,false
test_1664,Common_Dolphin,20,fixed_mean,1000.0,4,"Beluga,_White_Whale","Beluga, White Whale",false
test_1664,Common_Dolphin,20,conditional,1000.0,4,"Beluga,_White_Whale","Beluga, White Whale",false
test_1666,Common_Dolphin,1,fixed_mean,1000.0,0,False_Killer_Whale,False Killer Whale,false
test_1666,Common_Dolphin,1,conditional,1000.0,0,False_Killer_Whale,False Killer Whale,false
test_1666,Common_Dolphin,5,fixed_mean,1000.0,4,"Beluga,_White_Whale","Beluga, White Whale",false
test_1666,Common_Dolphin,5,conditional,1000.0,4,False_Killer_Whale,False Killer Whale,false
test_1666,Common_Dolphin,10,fixed_mean,1000.0,4,False_Killer_Whale,False Killer Whale,false
test_1666,Common_Dolphin,10,conditional,1000.0,4,False_Killer_Whale,False Killer Whale,false
test_1666,Common_Dolphin,20,fixed_mean,1000.0,4,False_Killer_Whale,False Killer Whale,false
test_1666,Common_Dolphin,20,conditional,1000.0,4,False_Killer_Whale,False Killer Whale,false
test_1677,Common_Dolphin,1,fixed_mean,1000.0,0,False_Killer_Whale,False Killer Whale,false
test_1677,Common_Dolphin,1,conditional,1000.0,0,False_Killer_Whale,False Killer Whale,false
test_1677,Common_Dolphin,5,fixed_mean,1000.0,4,False_Killer_Whale,False Killer Whale,false
test_1677,Common_Dolphin,5,conditional,1000.0,4,False_Killer_Whale,False Killer Whale,false
test_1677,Common_Dolphin,10,fixed_mean,1000.0,4,False_Killer_Whale,False Killer Whale,false
test_1677,Common_Dolphin,10,conditional,1000.0,4,False_Killer_Whale,False Killer Whale,false
test_1677,Common_Dolphin,20,fixed_mean,1000.0,4,False_Killer_Whale,False Killer Whale,false
test_1677,Common_Dolphin,20,conditional,1000.0,4,False_Killer_Whale,False Killer Whale,false
test_1679,Common_Dolphin,1,fixed_mean,1000.0,0,"Beluga,_White_Whale","Beluga, White Whale",false
test_1679,Common_Dolphin,1,conditional,1000.0,0,"Beluga,_White_Whale","Beluga, White Whale",false
test_1679,Common_Dolphin,5,fixed_mean,1000.0,4,"Beluga,_White_Whale","Beluga, White Whale",false
test_1679,Common_Dolphin,5,conditional,1000.0,4,"Beluga,_White_Whale","Beluga, White Whale",false
test_1679,Common_Dolphin,10,fixed_mean,1000.0,4,"Beluga,_White_Whale","Beluga, White Whale",false
test_1679,Common_Dolphin,10,conditional,1000.0,4,False_Killer_Whale,False Killer Whale,false
test_1679,Common_Dolphin,20,fixed_mean,1000.0,4,"Beluga,_White_Whale","Beluga, White Whale",false
test_1679,Common_Dolphin,20,conditional,1000.0,4,False_Killer_Whale,False Killer Whale,false
test_1682,Common_Dolphin,1,fixed_mean,1000.0,0,"Beluga,_White_Whale","Beluga, White Whale",false
test_1682,Common_Dolphin,1,conditional,1000.0,0,"Beluga,_White_Whale","Beluga, White Whale",false
test_1682,Common_Dolphin,5,fixed_mean,1000.0,4,Sperm_Whale,Sperm Whale,false
test_1682,Common_Dolphin,5,conditional,1000.0,4,Sperm_Whale,Sperm Whale,false
test_1682,Common_Dolphin,10,fixed_mean,1000.0,4,"Beluga,_White_Whale","Beluga, White Whale",false
test_1682,Common_Dolphin,10,conditional,1000.0,4,"Beluga,_White_Whale","Beluga, White Whale",false
test_1682,Common_Dolphin,20,fixed_mean,1000.0,4,"Beluga,_White_Whale","Beluga, White Whale",false
test_1682,Common_Dolphin,20,conditional,1000.0,4,"Beluga,_White_Whale","Beluga, White Whale",false
test_1686,Common_Dolphin,1,fixed_mean,1000.0,0,False_Killer_Whale,False Killer Whale,false
test_1686,Common_Dolphin,1,conditional,1000.0,0,False_Killer_Whale,False Killer Whale,false
test_1686,Common_Dolphin,5,fixed_mean,1000.0,4,"Beluga,_White_Whale","Beluga, White Whale",false
test_1686,Common_Dolphin,5,conditional,1000.0,4,Sperm_Whale,Sperm Whale,false
test_1686,Common_Dolphin,10,fixed_mean,1000.0,4,False_Killer_Whale,False Killer Whale,false
test_1686,Common_Dolphin,10,conditional,1000.0,4,"Beluga,_White_Whale","Beluga, White Whale",false
test_1686,Common_Dolphin,20,fixed_mean,1000.0,4,False_Killer_Whale,False Killer Whale,false
test_1686,Common_Dolphin,20,conditional,1000.0,4,False_Killer_Whale,False Killer Whale,false
test_1687,Common_Dolphin,1,fixed_mean,1000.0,0,False_Killer_Whale,False Killer Whale,false
test_1687,Common_Dolphin,1,conditional,1000.0,0,False_Killer_Whale,False Killer Whale,false
test_1687,Common_Dolphin,5,fixed_mean,1000.0,4,False_Killer_Whale,False Killer Whale,false
test_1687,Common_Dolphin,5,conditional,1000.0,4,False_Killer_Whale,False Killer Whale,false
test_1687,Common_Dolphin,10,fixed_mean,1000.0,4,False_Killer_Whale,False Killer Whale,false
test_1687,Common_Dolphin,10,conditional,1000.0,4,False_Killer_Whale,False Killer Whale,false
test_1687,Common_Dolphin,20,fixed_mean,1000.0,4,False_Killer_Whale,False Killer Whale,false
test_1687,Common_Dolphin,20,conditional,1000.0,4,False_Killer_Whale,False Killer Whale,false
test_1694,Common_Dolphin,1,fixed_mean,1000.0,0,False_Killer_Whale,False Killer Whale,false
test_1694,Common_Dolphin,1,conditional,1000.0,0,False_Killer_Whale,False Killer Whale,false
test_1694,Common_Dolphin,5,fixed_mean,1000.0,4,False_Killer_Whale,False Killer Whale,false
test_1694,Common_Dolphin,5,conditional,1000.0,4,False_Killer_Whale,False Killer Whale,false
test_1694,Common_Dolphin,10,fixed_mean,1000.0,4,False_Killer_Whale,False Killer Whale,false
test_1694,Common_Dolphin,10,conditional,1000.0,4,False_Killer_Whale,False Killer Whale,false
test_1694,Common_Dolphin,20,fixed_mean,1000.0,4,False_Killer_Whale,False Killer Whale,false
test_1694,Common_Dolphin,20,conditional,1000.0,4,False_Killer_Whale,False Killer Whale,false
