event_id,condition,target,prediction,correct
test_10,full_0-8k,Clymene_Dolphin,Pantropical_Spotted_Dolphin,false
test_1008,full_0-8k,Rough-Toothed_Dolphin,Rough-Toothed_Dolphin,true
test_1019,full_0-8k,Rough-Toothed_Dolphin,Rough-Toothed_Dolphin,true
test_1021,full_0-8k,Killer_Whale,Killer_Whale,true
test_1029,full_0-8k,Killer_Whale,Killer_Whale,true
test_103,full_0-8k,Spinner_Dolphin,Spinner_Dolphin,true
test_1034,full_0-8k,Killer_Whale,Humpback_Whale,false
test_1041,full_0-8k,Killer_Whale,Killer_Whale,true
test_1042,full_0-8k,Killer_Whale,Melon_Headed_Whale,false
test_1048,full_0-8k,Killer_Whale,Killer_Whale,true
test_1051,full_0-8k,Killer_Whale,Killer_Whale,true
test_1056,full_0-8k,Pantropical_Spotted_Dolphin,Pantropical_Spotted_Dolphin,true
test_1057,full_0-8k,Pantropical_Spotted_Dolphin,Spinner_Dolphin,false
test_1060,full_0-8k,Pantropical_Spotted_Dolphin,Pantropical_Spotted_Dolphin,true
test_1065,full_0-8k,Pantropical_Spotted_Dolphin,Rough-Toothed_Dolphin,false
test_1066,full_0-8k,Pantropical_Spotted_Dolphin,Pantropical_Spotted_Dolphin,true
test_1075,full_0-8k,Pantropical_Spotted_Dolphin,Sperm_Whale,false
test_108,full_0-8k,Spinner_Dolphin,Spinner_Dolphin,true
test_1088,full_0-8k,Pantropical_Spotted_Dolphin,Spinner_Dolphin,false
test_1093,full_0-8k,Pantropical_Spotted_Dolphin,Pantropical_Spotted_Dolphin,true
test_1099,full_0-8k,Pantropical_Spotted_Dolphin,Pantropical_Spotted_Dolphin,true
test_110,full_0-8k,Spinner_Dolphin,Spinner_Dolphin,true
test_1108,full_0-8k,Pantropical_Spotted_Dolphin,Spinner_Dolphin,false
test_111,full_0-8k,Spinner_Dolphin,Spinner_Dolphin,true
test_1117,full_0-8k,Pantropical_Spotted_Dolphin,Pantropical_Spotted_Dolphin,true
test_1118,full_0-8k,Pantropical_Spotted_Dolphin,Pantropical_Spotted_Dolphin,true
test_1119,full_0-8k,Pantropical_Spotted_Dolphin,Pantropical_Spotted_Dolphin,true
test_112,full_0-8k,Spinner_Dolphin,Spinner_Dolphin,true
test_1122,full_0-8k,Short-Finned_Pacific_Pilot_Whale,Short-Finned_Pacific_Pilot_Whale,true
test_1126,full_0-8k,Short-Finned_Pacific_Pilot_Whale,Short-Finned_Pacific_Pilot_Whale,true
test_113,full_0-8k,Spinner_Dolphin,Spinner_Dolphin,true
test_1143,full_0-8k,Short-Finned_Pacific_Pilot_Whale,Short-Finned_Pacific_Pilot_Whale,true
test_1144,full_0-8k,Short-Finned_Pacific_Pilot_Whale,Short-Finned_Pacific_Pilot_Whale,true
test_1147,full_0-8k,Short-Finned_Pacific_Pilot_Whale,Short-Finned_Pacific_Pilot_Whale,true
test_115,full_0-8k,Spinner_Dolphin,Spinner_Dolphin,true
test_1152,full_0-8k,Short-Finned_Pacific_Pilot_Whale,Short-Finned_Pacific_Pilot_Whale,true
test_1161,full_0-8k,Short-Finned_Pacific_Pilot_Whale,Short-Finned_Pacific_Pilot_Whale,true
test_1162,full_0-8k,Short-Finned_Pacific_Pilot_Whale,Short-Finned_Pacific_Pilot_Whale,true
test_1167,full_0-8k,Short-Finned_Pacific_Pilot_Whale,Short-Finned_Pacific_Pilot_Whale,true
test_1172,full_0-8k,Short-Finned_Pacific_Pilot_Whale,Bowhead_Whale,false
test_1173,full_0-8k,Short-Finned_Pacific_Pilot_Whale,Short-Finned_Pacific_Pilot_Whale,true
test_1175,full_0-8k,Short-Finned_Pacific_Pilot_Whale,Short-Finned_Pacific_Pilot_Whale,true
test_1184,full_0-8k,Short-Finned_Pacific_Pilot_Whale,Short-Finned_Pacific_Pilot_Whale,true
test_1185,full_0-8k,Short-Finned_Pacific_Pilot_Whale,Short-Finned_Pacific_Pilot_Whale,true
test_1189,full_0-8k,Bowhead_Whale,Bowhead_Whale,true
test_1194,full_0-8k,Bowhead_Whale,Bowhead_Whale,true
test_1197,full_0-8k,Bowhead_Whale,Bowhead_Whale,true
test_120,full_0-8k,Spinner_Dolphin,Spinner_Dolphin,true
test_1201,full_0-8k,Bowhead_Whale,Bowhead_Whale,true
test_1218,full_0-8k,Bowhead_Whale,Bowhead_Whale,true
test_1225,full_0-8k,Bowhead_Whale,Bowhead_Whale,true
test_123,full_0-8k,Spinner_Dolphin,Spinner_Dolphin,true
test_1235,full_0-8k,Bowhead_Whale,Bowhead_Whale,true
test_1238,full_0-8k,Bowhead_Whale,Bowhead_Whale,true
test_124,full_0-8k,Spinner_Dolphin,Spinner_Dolphin,true
test_1245,full_0-8k,Bowhead_Whale,Bearded_Seal,false
test_1246,full_0-8k,Bowhead_Whale,Bowhead_Whale,true
test_1247,full_0-8k,Bowhead_Whale,Bowhead_Whale,true
test_1248,full_0-8k,Bowhead_Whale,Bowhead_Whale,true
test_1252,full_0-8k,False_Killer_Whale,False_Killer_Whale,true
test_1265,full_0-8k,False_Killer_Whale,False_Killer_Whale,true
test_1267,full_0-8k,False_Killer_Whale,False_Killer_Whale,true
test_1269,full_0-8k,False_Killer_Whale,False_Killer_Whale,true
test_1275,full_0-8k,False_Killer_Whale,Pantropical_Spotted_Dolphin,false
test_1276,full_0-8k,False_Killer_Whale,False_Killer_Whale,true
test_1277,full_0-8k,False_Killer_Whale,False_Killer_Whale,true
test_1282,full_0-8k,False_Killer_Whale,False_Killer_Whale,true
test_1283,full_0-8k,False_Killer_Whale,False_Killer_Whale,true
test_1296,full_0-8k,False_Killer_Whale,False_Killer_Whale,true
test_1301,full_0-8k,False_Killer_Whale,False_Killer_Whale,true
test_1303,full_0-8k,False_Killer_Whale,False_Killer_Whale,true
test_1309,full_0-8k,Melon_Headed_Whale,Melon_Headed_Whale,true
test_1317,full_0-8k,Melon_Headed_Whale,Melon_Headed_Whale,true
test_1318,full_0-8k,Melon_Headed_Whale,Melon_Headed_Whale,true
test_1320,full_0-8k,Melon_Headed_Whale,Melon_Headed_Whale,true
test_1327,full_0-8k,Melon_Headed_Whale,Melon_Headed_Whale,true
test_1331,full_0-8k,Melon_Headed_Whale,Melon_Headed_Whale,true
test_1336,full_0-8k,Melon_Headed_Whale,Melon_Headed_Whale,true
test_1349,full_0-8k,Melon_Headed_Whale,Melon_Headed_Whale,true
test_1359,full_0-8k,Melon_Headed_Whale,Melon_Headed_Whale,true
test_1362,full_0-8k,Melon_Headed_Whale,Melon_Headed_Whale,true
test_1363,full_0-8k,Melon_Headed_Whale,Melon_Headed_Whale,true
test_1367,full_0-8k,Melon_Headed_Whale,Melon_Headed_Whale,true
test_1371,full_0-8k,Long-Finned_Pilot_Whale,Long-Finned_Pilot_Whale,true
test_1373,full_0-8k,Long-Finned_Pilot_Whale,Long-Finned_Pilot_Whale,true
test_1375,full_0-8k,Long-Finned_Pilot_Whale,Sperm_Whale,false
test_1379,full_0-8k,Long-Finned_Pilot_Whale,Short-Finned_Pacific_Pilot_Whale,false
test_1384,full_0-8k,Long-Finned_Pilot_Whale,Long-Finned_Pilot_Whale,true
test_1391,full_0-8k,Long-Finned_Pilot_Whale,Long-Finned_Pilot_Whale,true
test_1402,full_0-8k,Long-Finned_Pilot_Whale,Long-Finned_Pilot_Whale,true
test_1404,full_0-8k,Long-Finned_Pilot_Whale,Long-Finned_Pilot_Whale,true
test_1407,full_0-8k,Long-Finned_Pilot_Whale,Long-Finned_Pilot_Whale,true
test_1415,full_0-8k,Long-Finned_Pilot_Whale,Long-Finned_Pilot_Whale,true
test_1432,full_0-8k,Long-Finned_Pilot_Whale,Long-Finned_Pilot_Whale,true
test_1434,full_0-8k,Long-Finned_Pilot_Whale,Long-Finned_Pilot_Whale,true
test_1439,full_0-8k,Long-Finned_Pilot_Whale,Long-Finned_Pilot_Whale,true
test_1440,full_0-8k,Long-Finned_Pilot_Whale,Long-Finned_Pilot_Whale,true
test_1450,full_0-8k,Striped_Dolphin,Striped_Dolphin,true
test_1454,full_0-8k,Striped_Dolphin,Striped_Dolphin,true
test_1456,full_0-8k,Striped_Dolphin,Striped_Dolphin,true
test_1462,full_0-8k,Striped_Dolphin,Striped_Dolphin,true
test_1472,full_0-8k,Striped_Dolphin,Striped_Dolphin,true
test_1481,full_0-8k,Striped_Dolphin,Striped_Dolphin,true
test_1485,full_0-8k,Striped_Dolphin,Striped_Dolphin,true
test_1487,full_0-8k,Striped_Dolphin,Common_Dolphin,false
test_1489,full_0-8k,Striped_Dolphin,Striped_Dolphin,true
test_1497,full_0-8k,Striped_Dolphin,Clymene_Dolphin,false
test_1501,full_0-8k,Striped_Dolphin,Striped_Dolphin,true
test_1502,full_0-8k,Striped_Dolphin,Striped_Dolphin,true
test_1505,full_0-8k,Striped_Dolphin,Striped_Dolphin,true
test_1510,full_0-8k,Striped_Dolphin,False_Killer_Whale,false
test_1513,full_0-8k,Striped_Dolphin,Striped_Dolphin,true
test_1521,full_0-8k,Striped_Dolphin,Striped_Dolphin,true
test_1526,full_0-8k,Leopard_Seal,Leopard_Seal,true
test_1530,full_0-8k,Leopard_Seal,Leopard_Seal,true
test_1532,full_0-8k,Walrus,Walrus,true
test_1534,full_0-8k,Walrus,Harp_Seal,false
test_1536,full_0-8k,Walrus,Walrus,true
test_1538,full_0-8k,Walrus,Walrus,true
test_1548,full_0-8k,Walrus,Harp_Seal,false
test_1560,full_0-8k,Walrus,Walrus,true
test_1561,full_0-8k,Walrus,Walrus,true
test_1570,full_0-8k,Sperm_Whale,Sperm_Whale,true
test_1573,full_0-8k,Sperm_Whale,Long-Finned_Pilot_Whale,false
test_159,full_0-8k,Spinner_Dolphin,Spinner_Dolphin,true
test_1593,full_0-8k,Sperm_Whale,Sperm_Whale,true
test_1597,full_0-8k,Sperm_Whale,Sperm_Whale,true
test_1598,full_0-8k,Sperm_Whale,Sperm_Whale,true
test_16,full_0-8k,Clymene_Dolphin,Clymene_Dolphin,true
test_1601,full_0-8k,Sperm_Whale,Melon_Headed_Whale,false
test_1603,full_0-8k,Sperm_Whale,Melon_Headed_Whale,false
test_1606,full_0-8k,Sperm_Whale,Sperm_Whale,true
test_1616,full_0-8k,Sperm_Whale,Sperm_Whale,true
test_1620,full_0-8k,Sperm_Whale,Sperm_Whale,true
test_1630,full_0-8k,Sperm_Whale,Sperm_Whale,true
test_1637,full_0-8k,Sperm_Whale,Melon_Headed_Whale,false
test_1639,full_0-8k,Sperm_Whale,Sperm_Whale,true
test_1640,full_0-8k,Sperm_Whale,Long-Finned_Pilot_Whale,false
test_1643,full_0-8k,Sperm_Whale,Sperm_Whale,true
test_1647,full_0-8k,Common_Dolphin,Common_Dolphin,true
test_1660,full_0-8k,Common_Dolphin,Striped_Dolphin,false
test_1662,full_0-8k,Common_Dolphin,Common_Dolphin,true
test_1664,full_0-8k,Common_Dolphin,Common_Dolphin,true
test_1666,full_0-8k,Common_Dolphin,Common_Dolphin,true
test_167,full_0-8k,Spinner_Dolphin,Spinner_Dolphin,true
test_1677,full_0-8k,Common_Dolphin,Striped_Dolphin,false
test_1679,full_0-8k,Common_Dolphin,Common_Dolphin,true
test_1682,full_0-8k,Common_Dolphin,Narwhal,false
test_1686,full_0-8k,Common_Dolphin,Common_Dolphin,true
test_1687,full_0-8k,Common_Dolphin,Common_Dolphin,true
test_1694,full_0-8k,Common_Dolphin,Common_Dolphin,true
test_172,full_0-8k,Spinner_Dolphin,Spinner_Dolphin,true
test_173,full_0-8k,Spinner_Dolphin,Spinner_Dolphin,true
test_180,full_0-8k,Spinner_Dolphin,Spinner_Dolphin,true
test_185,full_0-8k,Spinner_Dolphin,Spinner_Dolphin,true
test_19,full_0-8k,Clymene_Dolphin,Clymene_Dolphin,true
test_194,full_0-8k,Spinner_Dolphin,Spinner_Dolphin,true
test_199,full_0-8k,Spinner_Dolphin,Spinner_Dolphin,true
test_200,full_0-8k,Spinner_Dolphin,Spinner_Dolphin,true
test_205,full_0-8k,"Beluga,_White_Whale",Rough-Toothed_Dolphin,false
test_207,full_0-8k,"Beluga,_White_Whale","Beluga,_White_Whale",true
test_208,full_0-8k,"Beluga,_White_Whale","Grampus,_Rissos_Dolphin",false
test_21,full_0-8k,Clymene_Dolphin,Clymene_Dolphin,true
test_225,full_0-8k,"Beluga,_White_Whale","Beluga,_White_Whale",true
test_233,full_0-8k,"Beluga,_White_Whale","Beluga,_White_Whale",true
test_241,full_0-8k,"Beluga,_White_Whale","Beluga,_White_Whale",true
test_243,full_0-8k,"Beluga,_White_Whale","Beluga,_White_Whale",true
test_245,full_0-8k,"Beluga,_White_Whale","Beluga,_White_Whale",true
test_246,full_0-8k,"Beluga,_White_Whale","Beluga,_White_Whale",true
test_250,full_0-8k,"Beluga,_White_Whale",Common_Dolphin,false
test_252,full_0-8k,Bearded_Seal,Ross_Seal,false
test_256,full_0-8k,Bearded_Seal,Narwhal,false
test_257,full_0-8k,Bearded_Seal,Bearded_Seal,true
test_260,full_0-8k,Bearded_Seal,Bearded_Seal,true
test_264,full_0-8k,Bearded_Seal,Bowhead_Whale,false
test_268,full_0-8k,Bearded_Seal,Bearded_Seal,true
test_272,full_0-8k,Bearded_Seal,Bearded_Seal,true
test_285,full_0-8k,Bearded_Seal,Bearded_Seal,true
test_288,full_0-8k,Minke_Whale,Minke_Whale,true
test_291,full_0-8k,Minke_Whale,Minke_Whale,true
test_302,full_0-8k,Minke_Whale,Minke_Whale,true
test_305,full_0-8k,Humpback_Whale,Humpback_Whale,true
test_31,full_0-8k,Clymene_Dolphin,Clymene_Dolphin,true
test_317,full_0-8k,Humpback_Whale,Humpback_Whale,true
test_32,full_0-8k,Clymene_Dolphin,Clymene_Dolphin,true
test_323,full_0-8k,Humpback_Whale,Humpback_Whale,true
test_33,full_0-8k,Clymene_Dolphin,White-beaked_Dolphin,false
test_330,full_0-8k,Humpback_Whale,Humpback_Whale,true
test_335,full_0-8k,Humpback_Whale,Humpback_Whale,true
test_343,full_0-8k,Humpback_Whale,Humpback_Whale,true
test_345,full_0-8k,Humpback_Whale,Humpback_Whale,true
test_348,full_0-8k,Humpback_Whale,Humpback_Whale,true
test_35,full_0-8k,Clymene_Dolphin,Clymene_Dolphin,true
test_353,full_0-8k,Humpback_Whale,Humpback_Whale,true
test_354,full_0-8k,Humpback_Whale,Humpback_Whale,true
test_355,full_0-8k,Humpback_Whale,Humpback_Whale,true
test_358,full_0-8k,Humpback_Whale,Humpback_Whale,true
test_364,full_0-8k,Humpback_Whale,Humpback_Whale,true
test_369,full_0-8k,Southern_Right_Whale,Southern_Right_Whale,true
test_37,full_0-8k,Clymene_Dolphin,Clymene_Dolphin,true
test_376,full_0-8k,Southern_Right_Whale,Southern_Right_Whale,true
test_381,full_0-8k,Southern_Right_Whale,Southern_Right_Whale,true
test_385,full_0-8k,Southern_Right_Whale,Southern_Right_Whale,true
test_392,full_0-8k,Southern_Right_Whale,Southern_Right_Whale,true
test_401,full_0-8k,White-sided_Dolphin,White-sided_Dolphin,true
test_406,full_0-8k,White-sided_Dolphin,False_Killer_Whale,false
test_408,full_0-8k,White-sided_Dolphin,Bottlenose_Dolphin,false
test_410,full_0-8k,White-sided_Dolphin,White-sided_Dolphin,true
test_411,full_0-8k,White-sided_Dolphin,White-sided_Dolphin,true
test_417,full_0-8k,White-sided_Dolphin,White-sided_Dolphin,true
test_419,full_0-8k,White-sided_Dolphin,White-sided_Dolphin,true
test_421,full_0-8k,White-sided_Dolphin,White-sided_Dolphin,true
test_425,full_0-8k,White-sided_Dolphin,White-sided_Dolphin,true
test_431,full_0-8k,White-sided_Dolphin,White-sided_Dolphin,true
test_441,full_0-8k,White-sided_Dolphin,White-sided_Dolphin,true
test_451,full_0-8k,Narwhal,Narwhal,true
test_46,full_0-8k,Clymene_Dolphin,Clymene_Dolphin,true
test_461,full_0-8k,Narwhal,Narwhal,true
test_463,full_0-8k,Narwhal,Narwhal,true
test_465,full_0-8k,Narwhal,Narwhal,true
test_471,full_0-8k,Narwhal,Narwhal,true
test_473,full_0-8k,Narwhal,Narwhal,true
test_474,full_0-8k,Narwhal,Narwhal,true
test_483,full_0-8k,Narwhal,Narwhal,true
test_494,full_0-8k,Narwhal,Narwhal,true
test_495,full_0-8k,Narwhal,Narwhal,true
test_501,full_0-8k,White-beaked_Dolphin,White-beaked_Dolphin,true
test_503,full_0-8k,White-beaked_Dolphin,White-beaked_Dolphin,true
test_506,full_0-8k,White-beaked_Dolphin,White-beaked_Dolphin,true
test_509,full_0-8k,White-beaked_Dolphin,White-beaked_Dolphin,true
test_51,full_0-8k,Clymene_Dolphin,Clymene_Dolphin,true
test_518,full_0-8k,White-beaked_Dolphin,White-beaked_Dolphin,true
test_523,full_0-8k,White-beaked_Dolphin,White-beaked_Dolphin,true
test_524,full_0-8k,White-beaked_Dolphin,White-beaked_Dolphin,true
test_527,full_0-8k,White-beaked_Dolphin,White-beaked_Dolphin,true
test_539,full_0-8k,White-beaked_Dolphin,White-beaked_Dolphin,true
test_54,full_0-8k,Clymene_Dolphin,Clymene_Dolphin,true
test_541,full_0-8k,White-beaked_Dolphin,White-beaked_Dolphin,true
test_543,full_0-8k,White-beaked_Dolphin,Clymene_Dolphin,false
test_55,full_0-8k,Clymene_Dolphin,Clymene_Dolphin,true
test_551,full_0-8k,White-beaked_Dolphin,White-beaked_Dolphin,true
test_566,full_0-8k,Northern_Right_Whale,Northern_Right_Whale,true
test_576,full_0-8k,Northern_Right_Whale,Northern_Right_Whale,true
test_579,full_0-8k,Northern_Right_Whale,Northern_Right_Whale,true
test_585,full_0-8k,Northern_Right_Whale,Northern_Right_Whale,true
test_588,full_0-8k,Northern_Right_Whale,Northern_Right_Whale,true
test_591,full_0-8k,Northern_Right_Whale,Harp_Seal,false
test_592,full_0-8k,Northern_Right_Whale,Northern_Right_Whale,true
test_597,full_0-8k,Northern_Right_Whale,Northern_Right_Whale,true
test_601,full_0-8k,Northern_Right_Whale,Northern_Right_Whale,true
test_604,full_0-8k,Northern_Right_Whale,Northern_Right_Whale,true
test_608,full_0-8k,Northern_Right_Whale,Northern_Right_Whale,true
test_614,full_0-8k,Frasers_Dolphin,Frasers_Dolphin,true
test_623,full_0-8k,Frasers_Dolphin,Frasers_Dolphin,true
test_628,full_0-8k,Frasers_Dolphin,Frasers_Dolphin,true
test_631,full_0-8k,Frasers_Dolphin,Frasers_Dolphin,true
test_632,full_0-8k,Frasers_Dolphin,Frasers_Dolphin,true
test_635,full_0-8k,Frasers_Dolphin,Frasers_Dolphin,true
test_657,full_0-8k,Frasers_Dolphin,Frasers_Dolphin,true
test_658,full_0-8k,Frasers_Dolphin,Frasers_Dolphin,true
test_66,full_0-8k,Bottlenose_Dolphin,Bottlenose_Dolphin,true
test_660,full_0-8k,Frasers_Dolphin,Pantropical_Spotted_Dolphin,false
test_664,full_0-8k,Frasers_Dolphin,Frasers_Dolphin,true
test_666,full_0-8k,Frasers_Dolphin,Frasers_Dolphin,true
test_670,full_0-8k,Frasers_Dolphin,Frasers_Dolphin,true
test_672,full_0-8k,Frasers_Dolphin,Frasers_Dolphin,true
test_675,full_0-8k,Frasers_Dolphin,Frasers_Dolphin,true
test_679,full_0-8k,Frasers_Dolphin,Frasers_Dolphin,true
test_691,full_0-8k,Frasers_Dolphin,Frasers_Dolphin,true
test_693,full_0-8k,Frasers_Dolphin,Frasers_Dolphin,true
test_700,full_0-8k,"Grampus,_Rissos_Dolphin","Grampus,_Rissos_Dolphin",true
test_719,full_0-8k,"Grampus,_Rissos_Dolphin","Grampus,_Rissos_Dolphin",true
test_721,full_0-8k,"Grampus,_Rissos_Dolphin","Grampus,_Rissos_Dolphin",true
test_723,full_0-8k,"Grampus,_Rissos_Dolphin","Grampus,_Rissos_Dolphin",true
test_727,full_0-8k,"Grampus,_Rissos_Dolphin","Grampus,_Rissos_Dolphin",true
test_733,full_0-8k,"Grampus,_Rissos_Dolphin","Grampus,_Rissos_Dolphin",true
test_742,full_0-8k,"Grampus,_Rissos_Dolphin","Grampus,_Rissos_Dolphin",true
test_743,full_0-8k,"Grampus,_Rissos_Dolphin","Grampus,_Rissos_Dolphin",true
test_744,full_0-8k,"Grampus,_Rissos_Dolphin","Grampus,_Rissos_Dolphin",true
test_748,full_0-8k,"Grampus,_Rissos_Dolphin","Grampus,_Rissos_Dolphin",true
test_749,full_0-8k,"Grampus,_Rissos_Dolphin","Grampus,_Rissos_Dolphin",true
test_75,full_0-8k,Bottlenose_Dolphin,Bottlenose_Dolphin,true
test_756,full_0-8k,"Grampus,_Rissos_Dolphin","Grampus,_Rissos_Dolphin",true
test_759,full_0-8k,"Grampus,_Rissos_Dolphin","Grampus,_Rissos_Dolphin",true
test_761,full_0-8k,"Grampus,_Rissos_Dolphin","Grampus,_Rissos_Dolphin",true
test_774,full_0-8k,Harp_Seal,Harp_Seal,true
test_777,full_0-8k,Harp_Seal,Harp_Seal,true
test_786,full_0-8k,Harp_Seal,Harp_Seal,true
test_788,full_0-8k,Harp_Seal,Harp_Seal,true
test_79,full_0-8k,Bottlenose_Dolphin,Striped_Dolphin,false
test_794,full_0-8k,Harp_Seal,Harp_Seal,true
test_796,full_0-8k,Harp_Seal,Harp_Seal,true
test_800,full_0-8k,Harp_Seal,Harp_Seal,true
test_801,full_0-8k,Harp_Seal,Harp_Seal,true
test_804,full_0-8k,Harp_Seal,Harp_Seal,true
test_808,full_0-8k,Harp_Seal,Harp_Seal,true
test_81,full_0-8k,Bottlenose_Dolphin,Bottlenose_Dolphin,true
test_814,full_0-8k,Atlantic_Spotted_Dolphin,Atlantic_Spotted_Dolphin,true
test_815,full_0-8k,Atlantic_Spotted_Dolphin,Atlantic_Spotted_Dolphin,true
test_827,full_0-8k,Atlantic_Spotted_Dolphin,Atlantic_Spotted_Dolphin,true
test_831,full_0-8k,Atlantic_Spotted_Dolphin,Atlantic_Spotted_Dolphin,true
test_833,full_0-8k,Atlantic_Spotted_Dolphin,Atlantic_Spotted_Dolphin,true
test_834,full_0-8k,Atlantic_Spotted_Dolphin,Atlantic_Spotted_Dolphin,true
test_836,full_0-8k,Atlantic_Spotted_Dolphin,Atlantic_Spotted_Dolphin,true
test_845,full_0-8k,Atlantic_Spotted_Dolphin,Atlantic_Spotted_Dolphin,true
test_850,full_0-8k,Atlantic_Spotted_Dolphin,Atlantic_Spotted_Dolphin,true
test_851,full_0-8k,Atlantic_Spotted_Dolphin,Atlantic_Spotted_Dolphin,true
test_858,full_0-8k,Atlantic_Spotted_Dolphin,Atlantic_Spotted_Dolphin,true
test_871,full_0-8k,"Fin,_Finback_Whale","Fin,_Finback_Whale",true
test_877,full_0-8k,"Fin,_Finback_Whale","Fin,_Finback_Whale",true
test_882,full_0-8k,"Fin,_Finback_Whale","Fin,_Finback_Whale",true
test_884,full_0-8k,"Fin,_Finback_Whale","Fin,_Finback_Whale",true
test_886,full_0-8k,"Fin,_Finback_Whale","Fin,_Finback_Whale",true
test_889,full_0-8k,"Fin,_Finback_Whale","Fin,_Finback_Whale",true
test_890,full_0-8k,"Fin,_Finback_Whale","Fin,_Finback_Whale",true
test_904,full_0-8k,"Fin,_Finback_Whale","Fin,_Finback_Whale",true
test_906,full_0-8k,"Fin,_Finback_Whale","Fin,_Finback_Whale",true
test_910,full_0-8k,"Fin,_Finback_Whale","Fin,_Finback_Whale",true
test_92,full_0-8k,Spinner_Dolphin,Spinner_Dolphin,true
test_924,full_0-8k,Ross_Seal,Ross_Seal,true
test_934,full_0-8k,Ross_Seal,Ross_Seal,true
test_937,full_0-8k,Ross_Seal,Ross_Seal,true
test_939,full_0-8k,Ross_Seal,Ross_Seal,true
test_945,full_0-8k,Ross_Seal,Ross_Seal,true
test_946,full_0-8k,Ross_Seal,Ross_Seal,true
test_95,full_0-8k,Spinner_Dolphin,Spinner_Dolphin,true
test_953,full_0-8k,Ross_Seal,Ross_Seal,true
test_959,full_0-8k,Ross_Seal,Ross_Seal,true
test_960,full_0-8k,Ross_Seal,Ross_Seal,true
test_962,full_0-8k,Ross_Seal,Ross_Seal,true
test_972,full_0-8k,Rough-Toothed_Dolphin,Rough-Toothed_Dolphin,true
test_974,full_0-8k,Rough-Toothed_Dolphin,Rough-Toothed_Dolphin,true
test_975,full_0-8k,Rough-Toothed_Dolphin,Rough-Toothed_Dolphin,true
test_978,full_0-8k,Rough-Toothed_Dolphin,Rough-Toothed_Dolphin,true
test_98,full_0-8k,Spinner_Dolphin,Spinner_Dolphin,true
test_980,full_0-8k,Rough-Toothed_Dolphin,Rough-Toothed_Dolphin,true
test_994,full_0-8k,Rough-Toothed_Dolphin,Rough-Toothed_Dolphin,true
test_997,full_0-8k,Rough-Toothed_Dolphin,Rough-Toothed_Dolphin,true
test_999,full_0-8k,Rough-Toothed_Dolphin,Spinner_Dolphin,false
test_10,lp_0-1000,Clymene_Dolphin,Minke_Whale,false
test_1008,lp_0-1000,Rough-Toothed_Dolphin,Minke_Whale,false
test_1019,lp_0-1000,Rough-Toothed_Dolphin,Minke_Whale,false
test_1021,lp_0-1000,Killer_Whale,Minke_Whale,false
test_1029,lp_0-1000,Killer_Whale,"Fin,_Finback_Whale",false
test_103,lp_0-1000,Spinner_Dolphin,Minke_Whale,false
test_1034,lp_0-1000,Killer_Whale,Humpback_Whale,false
test_1041,lp_0-1000,Killer_Whale,Minke_Whale,false
test_1042,lp_0-1000,Killer_Whale,Minke_Whale,false
test_1048,lp_0-1000,Killer_Whale,"Fin,_Finback_Whale",false
test_1051,lp_0-1000,Killer_Whale,Humpback_Whale,false
test_1056,lp_0-1000,Pantropical_Spotted_Dolphin,Minke_Whale,false
test_1057,lp_0-1000,Pantropical_Spotted_Dolphin,Minke_Whale,false
test_1060,lp_0-1000,Pantropical_Spotted_Dolphin,Minke_Whale,false
test_1065,lp_0-1000,Pantropical_Spotted_Dolphin,Minke_Whale,false
test_1066,lp_0-1000,Pantropical_Spotted_Dolphin,Minke_Whale,false
test_1075,lp_0-1000,Pantropical_Spotted_Dolphin,Leopard_Seal,false
test_108,lp_0-1000,Spinner_Dolphin,Minke_Whale,false
test_1088,lp_0-1000,Pantropical_Spotted_Dolphin,Minke_Whale,false
test_1093,lp_0-1000,Pantropical_Spotted_Dolphin,Minke_Whale,false
test_1099,lp_0-1000,Pantropical_Spotted_Dolphin,Minke_Whale,false
test_110,lp_0-1000,Spinner_Dolphin,Minke_Whale,false
test_1108,lp_0-1000,Pantropical_Spotted_Dolphin,Minke_Whale,false
test_111,lp_0-1000,Spinner_Dolphin,Minke_Whale,false
test_1117,lp_0-1000,Pantropical_Spotted_Dolphin,Leopard_Seal,false
test_1118,lp_0-1000,Pantropical_Spotted_Dolphin,Minke_Whale,false
test_1119,lp_0-1000,Pantropical_Spotted_Dolphin,Minke_Whale,false
test_112,lp_0-1000,Spinner_Dolphin,Minke_Whale,false
test_1122,lp_0-1000,Short-Finned_Pacific_Pilot_Whale,"Fin,_Finback_Whale",false
test_1126,lp_0-1000,Short-Finned_Pacific_Pilot_Whale,Minke_Whale,false
test_113,lp_0-1000,Spinner_Dolphin,Minke_Whale,false
test_1143,lp_0-1000,Short-Finned_Pacific_Pilot_Whale,"Fin,_Finback_Whale",false
test_1144,lp_0-1000,Short-Finned_Pacific_Pilot_Whale,Minke_Whale,false
test_1147,lp_0-1000,Short-Finned_Pacific_Pilot_Whale,Minke_Whale,false
test_115,lp_0-1000,Spinner_Dolphin,Minke_Whale,false
test_1152,lp_0-1000,Short-Finned_Pacific_Pilot_Whale,Minke_Whale,false
test_1161,lp_0-1000,Short-Finned_Pacific_Pilot_Whale,Minke_Whale,false
test_1162,lp_0-1000,Short-Finned_Pacific_Pilot_Whale,Minke_Whale,false
test_1167,lp_0-1000,Short-Finned_Pacific_Pilot_Whale,Minke_Whale,false
test_1172,lp_0-1000,Short-Finned_Pacific_Pilot_Whale,"Fin,_Finback_Whale",false
test_1173,lp_0-1000,Short-Finned_Pacific_Pilot_Whale,Minke_Whale,false
test_1175,lp_0-1000,Short-Finned_Pacific_Pilot_Whale,Humpback_Whale,false
test_1184,lp_0-1000,Short-Finned_Pacific_Pilot_Whale,Leopard_Seal,false
test_1185,lp_0-1000,Short-Finned_Pacific_Pilot_Whale,"Fin,_Finback_Whale",false
test_1189,lp_0-1000,Bowhead_Whale,Leopard_Seal,false
test_1194,lp_0-1000,Bowhead_Whale,Humpback_Whale,false
test_1197,lp_0-1000,Bowhead_Whale,Humpback_Whale,false
test_120,lp_0-1000,Spinner_Dolphin,Minke_Whale,false
test_1201,lp_0-1000,Bowhead_Whale,Humpback_Whale,false
test_1218,lp_0-1000,Bowhead_Whale,Minke_Whale,false
test_1225,lp_0-1000,Bowhead_Whale,Southern_Right_Whale,false
test_123,lp_0-1000,Spinner_Dolphin,Minke_Whale,false
test_1235,lp_0-1000,Bowhead_Whale,Humpback_Whale,false
test_1238,lp_0-1000,Bowhead_Whale,Minke_Whale,false
test_124,lp_0-1000,Spinner_Dolphin,Minke_Whale,false
test_1245,lp_0-1000,Bowhead_Whale,Bearded_Seal,false
test_1246,lp_0-1000,Bowhead_Whale,Minke_Whale,false
test_1247,lp_0-1000,Bowhead_Whale,Humpback_Whale,false
test_1248,lp_0-1000,Bowhead_Whale,Humpback_Whale,false
test_1252,lp_0-1000,False_Killer_Whale,Leopard_Seal,false
test_1265,lp_0-1000,False_Killer_Whale,Minke_Whale,false
test_1267,lp_0-1000,False_Killer_Whale,Minke_Whale,false
test_1269,lp_0-1000,False_Killer_Whale,Minke_Whale,false
test_1275,lp_0-1000,False_Killer_Whale,"Fin,_Finback_Whale",false
test_1276,lp_0-1000,False_Killer_Whale,"Fin,_Finback_Whale",false
test_1277,lp_0-1000,False_Killer_Whale,Minke_Whale,false
test_1282,lp_0-1000,False_Killer_Whale,Minke_Whale,false
test_1283,lp_0-1000,False_Killer_Whale,Minke_Whale,false
test_1296,lp_0-1000,False_Killer_Whale,Minke_Whale,false
test_1301,lp_0-1000,False_Killer_Whale,Minke_Whale,false
test_1303,lp_0-1000,False_Killer_Whale,Minke_Whale,false
test_1309,lp_0-1000,Melon_Headed_Whale,Minke_Whale,false
test_1317,lp_0-1000,Melon_Headed_Whale,Minke_Whale,false
test_1318,lp_0-1000,Melon_Headed_Whale,Minke_Whale,false
test_1320,lp_0-1000,Melon_Headed_Whale,Minke_Whale,false
test_1327,lp_0-1000,Melon_Headed_Whale,Minke_Whale,false
test_1331,lp_0-1000,Melon_Headed_Whale,Minke_Whale,false
test_1336,lp_0-1000,Melon_Headed_Whale,Leopard_Seal,false
test_1349,lp_0-1000,Melon_Headed_Whale,Minke_Whale,false
test_1359,lp_0-1000,Melon_Headed_Whale,Leopard_Seal,false
test_1362,lp_0-1000,Melon_Headed_Whale,Minke_Whale,false
test_1363,lp_0-1000,Melon_Headed_Whale,Minke_Whale,false
test_1367,lp_0-1000,Melon_Headed_Whale,Minke_Whale,false
test_1371,lp_0-1000,Long-Finned_Pilot_Whale,Minke_Whale,false
test_1373,lp_0-1000,Long-Finned_Pilot_Whale,Minke_Whale,false
test_1375,lp_0-1000,Long-Finned_Pilot_Whale,Minke_Whale,false
test_1379,lp_0-1000,Long-Finned_Pilot_Whale,Minke_Whale,false
test_1384,lp_0-1000,Long-Finned_Pilot_Whale,Minke_Whale,false
test_1391,lp_0-1000,Long-Finned_Pilot_Whale,Minke_Whale,false
test_1402,lp_0-1000,Long-Finned_Pilot_Whale,Minke_Whale,false
test_1404,lp_0-1000,Long-Finned_Pilot_Whale,Minke_Whale,false
test_1407,lp_0-1000,Long-Finned_Pilot_Whale,Minke_Whale,false
test_1415,lp_0-1000,Long-Finned_Pilot_Whale,Leopard_Seal,false
test_1432,lp_0-1000,Long-Finned_Pilot_Whale,Leopard_Seal,false
test_1434,lp_0-1000,Long-Finned_Pilot_Whale,Minke_Whale,false
test_1439,lp_0-1000,Long-Finned_Pilot_Whale,Leopard_Seal,false
test_1440,lp_0-1000,Long-Finned_Pilot_Whale,"Fin,_Finback_Whale",false
test_1450,lp_0-1000,Striped_Dolphin,Minke_Whale,false
test_1454,lp_0-1000,Striped_Dolphin,Minke_Whale,false
test_1456,lp_0-1000,Striped_Dolphin,Minke_Whale,false
test_1462,lp_0-1000,Striped_Dolphin,Minke_Whale,false
test_1472,lp_0-1000,Striped_Dolphin,Minke_Whale,false
test_1481,lp_0-1000,Striped_Dolphin,Minke_Whale,false
test_1485,lp_0-1000,Striped_Dolphin,Minke_Whale,false
test_1487,lp_0-1000,Striped_Dolphin,Leopard_Seal,false
test_1489,lp_0-1000,Striped_Dolphin,Minke_Whale,false
test_1497,lp_0-1000,Striped_Dolphin,Minke_Whale,false
test_1501,lp_0-1000,Striped_Dolphin,Minke_Whale,false
test_1502,lp_0-1000,Striped_Dolphin,Minke_Whale,false
test_1505,lp_0-1000,Striped_Dolphin,Minke_Whale,false
test_1510,lp_0-1000,Striped_Dolphin,Minke_Whale,false
test_1513,lp_0-1000,Striped_Dolphin,Minke_Whale,false
test_1521,lp_0-1000,Striped_Dolphin,Minke_Whale,false
test_1526,lp_0-1000,Leopard_Seal,Leopard_Seal,true
test_1530,lp_0-1000,Leopard_Seal,Leopard_Seal,true
test_1532,lp_0-1000,Walrus,Humpback_Whale,false
test_1534,lp_0-1000,Walrus,Minke_Whale,false
test_1536,lp_0-1000,Walrus,Minke_Whale,false
test_1538,lp_0-1000,Walrus,Humpback_Whale,false
test_1548,lp_0-1000,Walrus,Minke_Whale,false
test_1560,lp_0-1000,Walrus,Humpback_Whale,false
test_1561,lp_0-1000,Walrus,Humpback_Whale,false
test_1570,lp_0-1000,Sperm_Whale,Leopard_Seal,false
test_1573,lp_0-1000,Sperm_Whale,Minke_Whale,false
test_159,lp_0-1000,Spinner_Dolphin,Minke_Whale,false
test_1593,lp_0-1000,Sperm_Whale,"Fin,_Finback_Whale",false
test_1597,lp_0-1000,Sperm_Whale,Minke_Whale,false
test_1598,lp_0-1000,Sperm_Whale,"Fin,_Finback_Whale",false
test_16,lp_0-1000,Clymene_Dolphin,Minke_Whale,false
test_1601,lp_0-1000,Sperm_Whale,Minke_Whale,false
test_1603,lp_0-1000,Sperm_Whale,Minke_Whale,false
test_1606,lp_0-1000,Sperm_Whale,Leopard_Seal,false
test_1616,lp_0-1000,Sperm_Whale,Minke_Whale,false
test_1620,lp_0-1000,Sperm_Whale,Minke_Whale,false
test_1630,lp_0-1000,Sperm_Whale,"Fin,_Finback_Whale",false
test_1637,lp_0-1000,Sperm_Whale,Minke_Whale,false
test_1639,lp_0-1000,Sperm_Whale,Minke_Whale,false
test_1640,lp_0-1000,Sperm_Whale,Minke_Whale,false
test_1643,lp_0-1000,Sperm_Whale,Leopard_Seal,false
test_1647,lp_0-1000,Common_Dolphin,"Fin,_Finback_Whale",false
test_1660,lp_0-1000,Common_Dolphin,Minke_Whale,false
test_1662,lp_0-1000,Common_Dolphin,Minke_Whale,false
test_1664,lp_0-1000,Common_Dolphin,Southern_Right_Whale,false
test_1666,lp_0-1000,Common_Dolphin,Minke_Whale,false
test_167,lp_0-1000,Spinner_Dolphin,Minke_Whale,false
test_1677,lp_0-1000,Common_Dolphin,Minke_Whale,false
test_1679,lp_0-1000,Common_Dolphin,Minke_Whale,false
test_1682,lp_0-1000,Common_Dolphin,"Fin,_Finback_Whale",false
test_1686,lp_0-1000,Common_Dolphin,Leopard_Seal,false
test_1687,lp_0-1000,Common_Dolphin,Minke_Whale,false
test_1694,lp_0-1000,Common_Dolphin,Minke_Whale,false
test_172,lp_0-1000,Spinner_Dolphin,Minke_Whale,false
test_173,lp_0-1000,Spinner_Dolphin,Minke_Whale,false
test_180,lp_0-1000,Spinner_Dolphin,Minke_Whale,false
test_185,lp_0-1000,Spinner_Dolphin,Minke_Whale,false
test_19,lp_0-1000,Clymene_Dolphin,Leopard_Seal,false
test_194,lp_0-1000,Spinner_Dolphin,Minke_Whale,false
test_199,lp_0-1000,Spinner_Dolphin,Minke_Whale,false
test_200,lp_0-1000,Spinner_Dolphin,Minke_Whale,false
test_205,lp_0-1000,"Beluga,_White_Whale",Minke_Whale,false
test_207,lp_0-1000,"Beluga,_White_Whale",Leopard_Seal,false
test_208,lp_0-1000,"Beluga,_White_Whale",Minke_Whale,false
test_21,lp_0-1000,Clymene_Dolphin,"Fin,_Finback_Whale",false
test_225,lp_0-1000,"Beluga,_White_Whale",Minke_Whale,false
test_233,lp_0-1000,"Beluga,_White_Whale",Humpback_Whale,false
test_241,lp_0-1000,"Beluga,_White_Whale",Minke_Whale,false
test_243,lp_0-1000,"Beluga,_White_Whale",Short-Finned_Pacific_Pilot_Whale,false
test_245,lp_0-1000,"Beluga,_White_Whale",Southern_Right_Whale,false
test_246,lp_0-1000,"Beluga,_White_Whale",Minke_Whale,false
test_250,lp_0-1000,"Beluga,_White_Whale","Fin,_Finback_Whale",false
test_252,lp_0-1000,Bearded_Seal,Minke_Whale,false
test_256,lp_0-1000,Bearded_Seal,Minke_Whale,false
test_257,lp_0-1000,Bearded_Seal,Minke_Whale,false
test_260,lp_0-1000,Bearded_Seal,"Fin,_Finback_Whale",false
test_264,lp_0-1000,Bearded_Seal,Minke_Whale,false
test_268,lp_0-1000,Bearded_Seal,Humpback_Whale,false
test_272,lp_0-1000,Bearded_Seal,Bearded_Seal,true
test_285,lp_0-1000,Bearded_Seal,Humpback_Whale,false
test_288,lp_0-1000,Minke_Whale,Minke_Whale,true
test_291,lp_0-1000,Minke_Whale,Minke_Whale,true
test_302,lp_0-1000,Minke_Whale,Minke_Whale,true
test_305,lp_0-1000,Humpback_Whale,Humpback_Whale,true
test_31,lp_0-1000,Clymene_Dolphin,"Fin,_Finback_Whale",false
test_317,lp_0-1000,Humpback_Whale,Humpback_Whale,true
test_32,lp_0-1000,Clymene_Dolphin,Minke_Whale,false
test_323,lp_0-1000,Humpback_Whale,Southern_Right_Whale,false
test_33,lp_0-1000,Clymene_Dolphin,Minke_Whale,false
test_330,lp_0-1000,Humpback_Whale,Humpback_Whale,true
test_335,lp_0-1000,Humpback_Whale,Humpback_Whale,true
test_343,lp_0-1000,Humpback_Whale,Minke_Whale,false
test_345,lp_0-1000,Humpback_Whale,Humpback_Whale,true
test_348,lp_0-1000,Humpback_Whale,Humpback_Whale,true
test_35,lp_0-1000,Clymene_Dolphin,"Fin,_Finback_Whale",false
test_353,lp_0-1000,Humpback_Whale,Humpback_Whale,true
test_354,lp_0-1000,Humpback_Whale,Humpback_Whale,true
test_355,lp_0-1000,Humpback_Whale,Humpback_Whale,true
test_358,lp_0-1000,Humpback_Whale,Humpback_Whale,true
test_364,lp_0-1000,Humpback_Whale,Humpback_Whale,true
test_369,lp_0-1000,Southern_Right_Whale,Southern_Right_Whale,true
test_37,lp_0-1000,Clymene_Dolphin,Minke_Whale,false
test_376,lp_0-1000,Southern_Right_Whale,Minke_Whale,false
test_381,lp_0-1000,Southern_Right_Whale,Minke_Whale,false
test_385,lp_0-1000,Southern_Right_Whale,Southern_Right_Whale,true
test_392,lp_0-1000,Southern_Right_Whale,Southern_Right_Whale,true
test_401,lp_0-1000,White-sided_Dolphin,Minke_Whale,false
test_406,lp_0-1000,White-sided_Dolphin,Minke_Whale,false
test_408,lp_0-1000,White-sided_Dolphin,Minke_Whale,false
test_410,lp_0-1000,White-sided_Dolphin,"Fin,_Finback_Whale",false
test_411,lp_0-1000,White-sided_Dolphin,"Beluga,_White_Whale",false
test_417,lp_0-1000,White-sided_Dolphin,Minke_Whale,false
test_419,lp_0-1000,White-sided_Dolphin,Minke_Whale,false
test_421,lp_0-1000,White-sided_Dolphin,Clymene_Dolphin,false
test_425,lp_0-1000,White-sided_Dolphin,Frasers_Dolphin,false
test_431,lp_0-1000,White-sided_Dolphin,Minke_Whale,false
test_441,lp_0-1000,White-sided_Dolphin,Frasers_Dolphin,false
test_451,lp_0-1000,Narwhal,Minke_Whale,false
test_46,lp_0-1000,Clymene_Dolphin,"Fin,_Finback_Whale",false
test_461,lp_0-1000,Narwhal,Minke_Whale,false
test_463,lp_0-1000,Narwhal,Minke_Whale,false
test_465,lp_0-1000,Narwhal,Minke_Whale,false
test_471,lp_0-1000,Narwhal,Minke_Whale,false
test_473,lp_0-1000,Narwhal,Minke_Whale,false
test_474,lp_0-1000,Narwhal,Minke_Whale,false
test_483,lp_0-1000,Narwhal,Minke_Whale,false
test_494,lp_0-1000,Narwhal,Minke_Whale,false
test_495,lp_0-1000,Narwhal,Minke_Whale,false
test_501,lp_0-1000,White-beaked_Dolphin,"Fin,_Finback_Whale",false
test_503,lp_0-1000,White-beaked_Dolphin,"Fin,_Finback_Whale",false
test_506,lp_0-1000,White-beaked_Dolphin,Minke_Whale,false
test_509,lp_0-1000,White-beaked_Dolphin,"Fin,_Finback_Whale",false
test_51,lp_0-1000,Clymene_Dolphin,Minke_Whale,false
test_518,lp_0-1000,White-beaked_Dolphin,"Fin,_Finback_Whale",false
test_523,lp_0-1000,White-beaked_Dolphin,Minke_Whale,false
test_524,lp_0-1000,White-beaked_Dolphin,"Fin,_Finback_Whale",false
test_527,lp_0-1000,White-beaked_Dolphin,Minke_Whale,false
test_539,lp_0-1000,White-beaked_Dolphin,Leopard_Seal,false
test_54,lp_0-1000,Clymene_Dolphin,Clymene_Dolphin,true
test_541,lp_0-1000,White-beaked_Dolphin,"Fin,_Finback_Whale",false
test_543,lp_0-1000,White-beaked_Dolphin,Minke_Whale,false
test_55,lp_0-1000,Clymene_Dolphin,"Fin,_Finback_Whale",false
test_551,lp_0-1000,White-beaked_Dolphin,Minke_Whale,false
test_566,lp_0-1000,Northern_Right_Whale,Southern_Right_Whale,false
test_576,lp_0-1000,Northern_Right_Whale,Humpback_Whale,false
test_579,lp_0-1000,Northern_Right_Whale,Leopard_Seal,false
test_585,lp_0-1000,Northern_Right_Whale,Minke_Whale,false
test_588,lp_0-1000,Northern_Right_Whale,Southern_Right_Whale,false
test_591,lp_0-1000,Northern_Right_Whale,Minke_Whale,false
test_592,lp_0-1000,Northern_Right_Whale,Minke_Whale,false
test_597,lp_0-1000,Northern_Right_Whale,Minke_Whale,false
test_601,lp_0-1000,Northern_Right_Whale,Southern_Right_Whale,false
test_604,lp_0-1000,Northern_Right_Whale,Minke_Whale,false
test_608,lp_0-1000,Northern_Right_Whale,Minke_Whale,false
test_614,lp_0-1000,Frasers_Dolphin,Minke_Whale,false
test_623,lp_0-1000,Frasers_Dolphin,Minke_Whale,false
test_628,lp_0-1000,Frasers_Dolphin,Frasers_Dolphin,true
test_631,lp_0-1000,Frasers_Dolphin,Minke_Whale,false
test_632,lp_0-1000,Frasers_Dolphin,Minke_Whale,false
test_635,lp_0-1000,Frasers_Dolphin,Minke_Whale,false
test_657,lp_0-1000,Frasers_Dolphin,Minke_Whale,false
test_658,lp_0-1000,Frasers_Dolphin,Leopard_Seal,false
test_66,lp_0-1000,Bottlenose_Dolphin,Minke_Whale,false
test_660,lp_0-1000,Frasers_Dolphin,Minke_Whale,false
test_664,lp_0-1000,Frasers_Dolphin,Leopard_Seal,false
test_666,lp_0-1000,Frasers_Dolphin,Frasers_Dolphin,true
test_670,lp_0-1000,Frasers_Dolphin,Minke_Whale,false
test_672,lp_0-1000,Frasers_Dolphin,Minke_Whale,false
test_675,lp_0-1000,Frasers_Dolphin,Minke_Whale,false
test_679,lp_0-1000,Frasers_Dolphin,Minke_Whale,false
test_691,lp_0-1000,Frasers_Dolphin,Minke_Whale,false
test_693,lp_0-1000,Frasers_Dolphin,Leopard_Seal,false
test_700,lp_0-1000,"Grampus,_Rissos_Dolphin",Minke_Whale,false
test_719,lp_0-1000,"Grampus,_Rissos_Dolphin",Minke_Whale,false
test_721,lp_0-1000,"Grampus,_Rissos_Dolphin",Minke_Whale,false
test_723,lp_0-1000,"Grampus,_Rissos_Dolphin",Leopard_Seal,false
test_727,lp_0-1000,"Grampus,_Rissos_Dolphin",Minke_Whale,false
test_733,lp_0-1000,"Grampus,_Rissos_Dolphin",Minke_Whale,false
test_742,lp_0-1000,"Grampus,_Rissos_Dolphin",Minke_Whale,false
test_743,lp_0-1000,"Grampus,_Rissos_Dolphin","Fin,_Finback_Whale",false
test_744,lp_0-1000,"Grampus,_Rissos_Dolphin",Minke_Whale,false
test_748,lp_0-1000,"Grampus,_Rissos_Dolphin",Minke_Whale,false
test_749,lp_0-1000,"Grampus,_Rissos_Dolphin",Minke_Whale,false
test_75,lp_0-1000,Bottlenose_Dolphin,Minke_Whale,false
test_756,lp_0-1000,"Grampus,_Rissos_Dolphin",Leopard_Seal,false
test_759,lp_0-1000,"Grampus,_Rissos_Dolphin",Leopard_Seal,false
test_761,lp_0-1000,"Grampus,_Rissos_Dolphin",Leopard_Seal,false
test_774,lp_0-1000,Harp_Seal,Minke_Whale,false
test_777,lp_0-1000,Harp_Seal,Minke_Whale,false
test_786,lp_0-1000,Harp_Seal,Minke_Whale,false
test_788,lp_0-1000,Harp_Seal,Minke_Whale,false
test_79,lp_0-1000,Bottlenose_Dolphin,Minke_Whale,false
test_794,lp_0-1000,Harp_Seal,Humpback_Whale,false
test_796,lp_0-1000,Harp_Seal,Minke_Whale,false
test_800,lp_0-1000,Harp_Seal,Minke_Whale,false
test_801,lp_0-1000,Harp_Seal,Minke_Whale,false
test_804,lp_0-1000,Harp_Seal,Minke_Whale,false
test_808,lp_0-1000,Harp_Seal,Minke_Whale,false
test_81,lp_0-1000,Bottlenose_Dolphin,Minke_Whale,false
test_814,lp_0-1000,Atlantic_Spotted_Dolphin,Minke_Whale,false
test_815,lp_0-1000,Atlantic_Spotted_Dolphin,Minke_Whale,false
test_827,lp_0-1000,Atlantic_Spotted_Dolphin,Minke_Whale,false
test_831,lp_0-1000,Atlantic_Spotted_Dolphin,Minke_Whale,false
test_833,lp_0-1000,Atlantic_Spotted_Dolphin,Minke_Whale,false
test_834,lp_0-1000,Atlantic_Spotted_Dolphin,Minke_Whale,false
test_836,lp_0-1000,Atlantic_Spotted_Dolphin,Minke_Whale,false
test_845,lp_0-1000,Atlantic_Spotted_Dolphin,Minke_Whale,false
test_850,lp_0-1000,Atlantic_Spotted_Dolphin,"Fin,_Finback_Whale",false
test_851,lp_0-1000,Atlantic_Spotted_Dolphin,Minke_Whale,false
test_858,lp_0-1000,Atlantic_Spotted_Dolphin,Minke_Whale,false
test_871,lp_0-1000,"Fin,_Finback_Whale","Fin,_Finback_Whale",true
test_877,lp_0-1000,"Fin,_Finback_Whale","Fin,_Finback_Whale",true
test_882,lp_0-1000,"Fin,_Finback_Whale","Fin,_Finback_Whale",true
test_884,lp_0-1000,"Fin,_Finback_Whale","Fin,_Finback_Whale",true
test_886,lp_0-1000,"Fin,_Finback_Whale","Fin,_Finback_Whale",true
test_889,lp_0-1000,"Fin,_Finback_Whale","Fin,_Finback_Whale",true
test_890,lp_0-1000,"Fin,_Finback_Whale","Fin,_Finback_Whale",true
test_904,lp_0-1000,"Fin,_Finback_Whale","Fin,_Finback_Whale",true
test_906,lp_0-1000,"Fin,_Finback_Whale","Fin,_Finback_Whale",true
test_910,lp_0-1000,"Fin,_Finback_Whale","Fin,_Finback_Whale",true
test_92,lp_0-1000,Spinner_Dolphin,"Fin,_Finback_Whale",false
test_924,lp_0-1000,Ross_Seal,Leopard_Seal,false
test_934,lp_0-1000,Ross_Seal,Leopard_Seal,false
test_937,lp_0-1000,Ross_Seal,Humpback_Whale,false
test_939,lp_0-1000,Ross_Seal,Leopard_Seal,false
test_945,lp_0-1000,Ross_Seal,Leopard_Seal,false
test_946,lp_0-1000,Ross_Seal,Minke_Whale,false
test_95,lp_0-1000,Spinner_Dolphin,Minke_Whale,false
test_953,lp_0-1000,Ross_Seal,Leopard_Seal,false
test_959,lp_0-1000,Ross_Seal,Leopard_Seal,false
test_960,lp_0-1000,Ross_Seal,Leopard_Seal,false
test_962,lp_0-1000,Ross_Seal,Humpback_Whale,false
test_972,lp_0-1000,Rough-Toothed_Dolphin,Minke_Whale,false
test_974,lp_0-1000,Rough-Toothed_Dolphin,Minke_Whale,false
test_975,lp_0-1000,Rough-Toothed_Dolphin,Minke_Whale,false
test_978,lp_0-1000,Rough-Toothed_Dolphin,Minke_Whale,false
test_98,lp_0-1000,Spinner_Dolphin,Minke_Whale,false
test_980,lp_0-1000,Rough-Toothed_Dolphin,Minke_Whale,false
test_994,lp_0-1000,Rough-Toothed_Dolphin,Minke_Whale,false
test_997,lp_0-1000,Rough-Toothed_Dolphin,Minke_Whale,false
test_999,lp_0-1000,Rough-Toothed_Dolphin,Minke_Whale,false
test_10,lp_0-2000,Clymene_Dolphin,Minke_Whale,false
test_1008,lp_0-2000,Rough-Toothed_Dolphin,Minke_Whale,false
test_1019,lp_0-2000,Rough-Toothed_Dolphin,White-sided_Dolphin,false
test_1021,lp_0-2000,Killer_Whale,Minke_Whale,false
test_1029,lp_0-2000,Killer_Whale,Humpback_Whale,false
test_103,lp_0-2000,Spinner_Dolphin,Clymene_Dolphin,false
test_1034,lp_0-2000,Killer_Whale,Humpback_Whale,false
test_1041,lp_0-2000,Killer_Whale,Bearded_Seal,false
test_1042,lp_0-2000,Killer_Whale,Leopard_Seal,false
test_1048,lp_0-2000,Killer_Whale,Sperm_Whale,false
test_1051,lp_0-2000,Killer_Whale,Southern_Right_Whale,false
test_1056,lp_0-2000,Pantropical_Spotted_Dolphin,Clymene_Dolphin,false
test_1057,lp_0-2000,Pantropical_Spotted_Dolphin,Minke_Whale,false
test_1060,lp_0-2000,Pantropical_Spotted_Dolphin,Clymene_Dolphin,false
test_1065,lp_0-2000,Pantropical_Spotted_Dolphin,Minke_Whale,false
test_1066,lp_0-2000,Pantropical_Spotted_Dolphin,Minke_Whale,false
test_1075,lp_0-2000,Pantropical_Spotted_Dolphin,Leopard_Seal,false
test_108,lp_0-2000,Spinner_Dolphin,Clymene_Dolphin,false
test_1088,lp_0-2000,Pantropical_Spotted_Dolphin,Clymene_Dolphin,false
test_1093,lp_0-2000,Pantropical_Spotted_Dolphin,Minke_Whale,false
test_1099,lp_0-2000,Pantropical_Spotted_Dolphin,Minke_Whale,false
test_110,lp_0-2000,Spinner_Dolphin,Clymene_Dolphin,false
test_1108,lp_0-2000,Pantropical_Spotted_Dolphin,Minke_Whale,false
test_111,lp_0-2000,Spinner_Dolphin,Minke_Whale,false
test_1117,lp_0-2000,Pantropical_Spotted_Dolphin,Humpback_Whale,false
test_1118,lp_0-2000,Pantropical_Spotted_Dolphin,White-beaked_Dolphin,false
test_1119,lp_0-2000,Pantropical_Spotted_Dolphin,Minke_Whale,false
test_112,lp_0-2000,Spinner_Dolphin,Clymene_Dolphin,false
test_1122,lp_0-2000,Short-Finned_Pacific_Pilot_Whale,Humpback_Whale,false
test_1126,lp_0-2000,Short-Finned_Pacific_Pilot_Whale,Short-Finned_Pacific_Pilot_Whale,true
test_113,lp_0-2000,Spinner_Dolphin,Minke_Whale,false
test_1143,lp_0-2000,Short-Finned_Pacific_Pilot_Whale,Clymene_Dolphin,false
test_1144,lp_0-2000,Short-Finned_Pacific_Pilot_Whale,Humpback_Whale,false
test_1147,lp_0-2000,Short-Finned_Pacific_Pilot_Whale,Minke_Whale,false
test_115,lp_0-2000,Spinner_Dolphin,Minke_Whale,false
test_1152,lp_0-2000,Short-Finned_Pacific_Pilot_Whale,Humpback_Whale,false
test_1161,lp_0-2000,Short-Finned_Pacific_Pilot_Whale,Long-Finned_Pilot_Whale,false
test_1162,lp_0-2000,Short-Finned_Pacific_Pilot_Whale,Killer_Whale,false
test_1167,lp_0-2000,Short-Finned_Pacific_Pilot_Whale,Minke_Whale,false
test_1172,lp_0-2000,Short-Finned_Pacific_Pilot_Whale,Humpback_Whale,false
test_1173,lp_0-2000,Short-Finned_Pacific_Pilot_Whale,Minke_Whale,false
test_1175,lp_0-2000,Short-Finned_Pacific_Pilot_Whale,Humpback_Whale,false
test_1184,lp_0-2000,Short-Finned_Pacific_Pilot_Whale,Leopard_Seal,false
test_1185,lp_0-2000,Short-Finned_Pacific_Pilot_Whale,Short-Finned_Pacific_Pilot_Whale,true
test_1189,lp_0-2000,Bowhead_Whale,Humpback_Whale,false
test_1194,lp_0-2000,Bowhead_Whale,Northern_Right_Whale,false
test_1197,lp_0-2000,Bowhead_Whale,Humpback_Whale,false
test_120,lp_0-2000,Spinner_Dolphin,Minke_Whale,false
test_1201,lp_0-2000,Bowhead_Whale,Bowhead_Whale,true
test_1218,lp_0-2000,Bowhead_Whale,Humpback_Whale,false
test_1225,lp_0-2000,Bowhead_Whale,Humpback_Whale,false
test_123,lp_0-2000,Spinner_Dolphin,Minke_Whale,false
test_1235,lp_0-2000,Bowhead_Whale,Humpback_Whale,false
test_1238,lp_0-2000,Bowhead_Whale,Humpback_Whale,false
test_124,lp_0-2000,Spinner_Dolphin,Minke_Whale,false
test_1245,lp_0-2000,Bowhead_Whale,Bearded_Seal,false
test_1246,lp_0-2000,Bowhead_Whale,Humpback_Whale,false
test_1247,lp_0-2000,Bowhead_Whale,Humpback_Whale,false
test_1248,lp_0-2000,Bowhead_Whale,Humpback_Whale,false
test_1252,lp_0-2000,False_Killer_Whale,White-beaked_Dolphin,false
test_1265,lp_0-2000,False_Killer_Whale,Minke_Whale,false
test_1267,lp_0-2000,False_Killer_Whale,Minke_Whale,false
test_1269,lp_0-2000,False_Killer_Whale,Minke_Whale,false
test_1275,lp_0-2000,False_Killer_Whale,Clymene_Dolphin,false
test_1276,lp_0-2000,False_Killer_Whale,Minke_Whale,false
test_1277,lp_0-2000,False_Killer_Whale,Minke_Whale,false
test_1282,lp_0-2000,False_Killer_Whale,Minke_Whale,false
test_1283,lp_0-2000,False_Killer_Whale,Clymene_Dolphin,false
test_1296,lp_0-2000,False_Killer_Whale,Minke_Whale,false
test_1301,lp_0-2000,False_Killer_Whale,Minke_Whale,false
test_1303,lp_0-2000,False_Killer_Whale,Minke_Whale,false
test_1309,lp_0-2000,Melon_Headed_Whale,Minke_Whale,false
test_1317,lp_0-2000,Melon_Headed_Whale,Minke_Whale,false
test_1318,lp_0-2000,Melon_Headed_Whale,Minke_Whale,false
test_1320,lp_0-2000,Melon_Headed_Whale,Minke_Whale,false
test_1327,lp_0-2000,Melon_Headed_Whale,Minke_Whale,false
test_1331,lp_0-2000,Melon_Headed_Whale,Minke_Whale,false
test_1336,lp_0-2000,Melon_Headed_Whale,Southern_Right_Whale,false
test_1349,lp_0-2000,Melon_Headed_Whale,Minke_Whale,false
test_1359,lp_0-2000,Melon_Headed_Whale,Leopard_Seal,false
test_1362,lp_0-2000,Melon_Headed_Whale,Minke_Whale,false
test_1363,lp_0-2000,Melon_Headed_Whale,Clymene_Dolphin,false
test_1367,lp_0-2000,Melon_Headed_Whale,Minke_Whale,false
test_1371,lp_0-2000,Long-Finned_Pilot_Whale,Minke_Whale,false
test_1373,lp_0-2000,Long-Finned_Pilot_Whale,Bottlenose_Dolphin,false
test_1375,lp_0-2000,Long-Finned_Pilot_Whale,Minke_Whale,false
test_1379,lp_0-2000,Long-Finned_Pilot_Whale,Minke_Whale,false
test_1384,lp_0-2000,Long-Finned_Pilot_Whale,Minke_Whale,false
test_1391,lp_0-2000,Long-Finned_Pilot_Whale,Harp_Seal,false
test_1402,lp_0-2000,Long-Finned_Pilot_Whale,White-beaked_Dolphin,false
test_1404,lp_0-2000,Long-Finned_Pilot_Whale,"Beluga,_White_Whale",false
test_1407,lp_0-2000,Long-Finned_Pilot_Whale,Minke_Whale,false
test_1415,lp_0-2000,Long-Finned_Pilot_Whale,Leopard_Seal,false
test_1432,lp_0-2000,Long-Finned_Pilot_Whale,Humpback_Whale,false
test_1434,lp_0-2000,Long-Finned_Pilot_Whale,Minke_Whale,false
test_1439,lp_0-2000,Long-Finned_Pilot_Whale,Leopard_Seal,false
test_1440,lp_0-2000,Long-Finned_Pilot_Whale,Humpback_Whale,false
test_1450,lp_0-2000,Striped_Dolphin,Striped_Dolphin,true
test_1454,lp_0-2000,Striped_Dolphin,Striped_Dolphin,true
test_1456,lp_0-2000,Striped_Dolphin,Minke_Whale,false
test_1462,lp_0-2000,Striped_Dolphin,Clymene_Dolphin,false
test_1472,lp_0-2000,Striped_Dolphin,Striped_Dolphin,true
test_1481,lp_0-2000,Striped_Dolphin,Striped_Dolphin,true
test_1485,lp_0-2000,Striped_Dolphin,Striped_Dolphin,true
test_1487,lp_0-2000,Striped_Dolphin,Humpback_Whale,false
test_1489,lp_0-2000,Striped_Dolphin,Humpback_Whale,false
test_1497,lp_0-2000,Striped_Dolphin,Clymene_Dolphin,false
test_1501,lp_0-2000,Striped_Dolphin,Striped_Dolphin,true
test_1502,lp_0-2000,Striped_Dolphin,Southern_Right_Whale,false
test_1505,lp_0-2000,Striped_Dolphin,Striped_Dolphin,true
test_1510,lp_0-2000,Striped_Dolphin,Minke_Whale,false
test_1513,lp_0-2000,Striped_Dolphin,Clymene_Dolphin,false
test_1521,lp_0-2000,Striped_Dolphin,Clymene_Dolphin,false
test_1526,lp_0-2000,Leopard_Seal,Leopard_Seal,true
test_1530,lp_0-2000,Leopard_Seal,Leopard_Seal,true
test_1532,lp_0-2000,Walrus,Humpback_Whale,false
test_1534,lp_0-2000,Walrus,Harp_Seal,false
test_1536,lp_0-2000,Walrus,Minke_Whale,false
test_1538,lp_0-2000,Walrus,Walrus,true
test_1548,lp_0-2000,Walrus,Harp_Seal,false
test_1560,lp_0-2000,Walrus,Walrus,true
test_1561,lp_0-2000,Walrus,Walrus,true
test_1570,lp_0-2000,Sperm_Whale,Leopard_Seal,false
test_1573,lp_0-2000,Sperm_Whale,Harp_Seal,false
test_159,lp_0-2000,Spinner_Dolphin,Clymene_Dolphin,false
test_1593,lp_0-2000,Sperm_Whale,Sperm_Whale,true
test_1597,lp_0-2000,Sperm_Whale,Minke_Whale,false
test_1598,lp_0-2000,Sperm_Whale,Sperm_Whale,true
test_16,lp_0-2000,Clymene_Dolphin,Clymene_Dolphin,true
test_1601,lp_0-2000,Sperm_Whale,Minke_Whale,false
test_1603,lp_0-2000,Sperm_Whale,Minke_Whale,false
test_1606,lp_0-2000,Sperm_Whale,Sperm_Whale,true
test_1616,lp_0-2000,Sperm_Whale,Minke_Whale,false
test_1620,lp_0-2000,Sperm_Whale,Minke_Whale,false
test_1630,lp_0-2000,Sperm_Whale,Sperm_Whale,true
test_1637,lp_0-2000,Sperm_Whale,Minke_Whale,false
test_1639,lp_0-2000,Sperm_Whale,Minke_Whale,false
test_1640,lp_0-2000,Sperm_Whale,Minke_Whale,false
test_1643,lp_0-2000,Sperm_Whale,Leopard_Seal,false
test_1647,lp_0-2000,Common_Dolphin,Clymene_Dolphin,false
test_1660,lp_0-2000,Common_Dolphin,Minke_Whale,false
test_1662,lp_0-2000,Common_Dolphin,Clymene_Dolphin,false
test_1664,lp_0-2000,Common_Dolphin,Southern_Right_Whale,false
test_1666,lp_0-2000,Common_Dolphin,Clymene_Dolphin,false
test_167,lp_0-2000,Spinner_Dolphin,Minke_Whale,false
test_1677,lp_0-2000,Common_Dolphin,Minke_Whale,false
test_1679,lp_0-2000,Common_Dolphin,Minke_Whale,false
test_1682,lp_0-2000,Common_Dolphin,Pantropical_Spotted_Dolphin,false
test_1686,lp_0-2000,Common_Dolphin,Leopard_Seal,false
test_1687,lp_0-2000,Common_Dolphin,Leopard_Seal,false
test_1694,lp_0-2000,Common_Dolphin,Minke_Whale,false
test_172,lp_0-2000,Spinner_Dolphin,Clymene_Dolphin,false
test_173,lp_0-2000,Spinner_Dolphin,Minke_Whale,false
test_180,lp_0-2000,Spinner_Dolphin,Minke_Whale,false
test_185,lp_0-2000,Spinner_Dolphin,Bottlenose_Dolphin,false
test_19,lp_0-2000,Clymene_Dolphin,Harp_Seal,false
test_194,lp_0-2000,Spinner_Dolphin,Leopard_Seal,false
test_199,lp_0-2000,Spinner_Dolphin,Clymene_Dolphin,false
test_200,lp_0-2000,Spinner_Dolphin,Minke_Whale,false
test_205,lp_0-2000,"Beluga,_White_Whale",Minke_Whale,false
test_207,lp_0-2000,"Beluga,_White_Whale",Leopard_Seal,false
test_208,lp_0-2000,"Beluga,_White_Whale","Grampus,_Rissos_Dolphin",false
test_21,lp_0-2000,Clymene_Dolphin,Pantropical_Spotted_Dolphin,false
test_225,lp_0-2000,"Beluga,_White_Whale","Beluga,_White_Whale",true
test_233,lp_0-2000,"Beluga,_White_Whale",Bearded_Seal,false
test_241,lp_0-2000,"Beluga,_White_Whale","Beluga,_White_Whale",true
test_243,lp_0-2000,"Beluga,_White_Whale",Harp_Seal,false
test_245,lp_0-2000,"Beluga,_White_Whale","Beluga,_White_Whale",true
test_246,lp_0-2000,"Beluga,_White_Whale",Leopard_Seal,false
test_250,lp_0-2000,"Beluga,_White_Whale",Clymene_Dolphin,false
test_252,lp_0-2000,Bearded_Seal,Humpback_Whale,false
test_256,lp_0-2000,Bearded_Seal,Minke_Whale,false
test_257,lp_0-2000,Bearded_Seal,Bearded_Seal,true
test_260,lp_0-2000,Bearded_Seal,Humpback_Whale,false
test_264,lp_0-2000,Bearded_Seal,Leopard_Seal,false
test_268,lp_0-2000,Bearded_Seal,Humpback_Whale,false
test_272,lp_0-2000,Bearded_Seal,Bearded_Seal,true
test_285,lp_0-2000,Bearded_Seal,Humpback_Whale,false
test_288,lp_0-2000,Minke_Whale,Minke_Whale,true
test_291,lp_0-2000,Minke_Whale,Minke_Whale,true
test_302,lp_0-2000,Minke_Whale,Minke_Whale,true
test_305,lp_0-2000,Humpback_Whale,Humpback_Whale,true
test_31,lp_0-2000,Clymene_Dolphin,Leopard_Seal,false
test_317,lp_0-2000,Humpback_Whale,Humpback_Whale,true
test_32,lp_0-2000,Clymene_Dolphin,Clymene_Dolphin,true
test_323,lp_0-2000,Humpback_Whale,Humpback_Whale,true
test_33,lp_0-2000,Clymene_Dolphin,Minke_Whale,false
test_330,lp_0-2000,Humpback_Whale,Humpback_Whale,true
test_335,lp_0-2000,Humpback_Whale,Humpback_Whale,true
test_343,lp_0-2000,Humpback_Whale,Southern_Right_Whale,false
test_345,lp_0-2000,Humpback_Whale,Humpback_Whale,true
test_348,lp_0-2000,Humpback_Whale,Humpback_Whale,true
test_35,lp_0-2000,Clymene_Dolphin,Clymene_Dolphin,true
test_353,lp_0-2000,Humpback_Whale,Humpback_Whale,true
test_354,lp_0-2000,Humpback_Whale,Humpback_Whale,true
test_355,lp_0-2000,Humpback_Whale,Humpback_Whale,true
test_358,lp_0-2000,Humpback_Whale,Humpback_Whale,true
test_364,lp_0-2000,Humpback_Whale,Humpback_Whale,true
test_369,lp_0-2000,Southern_Right_Whale,Southern_Right_Whale,true
test_37,lp_0-2000,Clymene_Dolphin,"Beluga,_White_Whale",false
test_376,lp_0-2000,Southern_Right_Whale,Southern_Right_Whale,true
test_381,lp_0-2000,Southern_Right_Whale,Southern_Right_Whale,true
test_385,lp_0-2000,Southern_Right_Whale,Southern_Right_Whale,true
test_392,lp_0-2000,Southern_Right_Whale,Southern_Right_Whale,true
test_401,lp_0-2000,White-sided_Dolphin,Clymene_Dolphin,false
test_406,lp_0-2000,White-sided_Dolphin,Clymene_Dolphin,false
test_408,lp_0-2000,White-sided_Dolphin,Minke_Whale,false
test_410,lp_0-2000,White-sided_Dolphin,Clymene_Dolphin,false
test_411,lp_0-2000,White-sided_Dolphin,Clymene_Dolphin,false
test_417,lp_0-2000,White-sided_Dolphin,Minke_Whale,false
test_419,lp_0-2000,White-sided_Dolphin,Minke_Whale,false
test_421,lp_0-2000,White-sided_Dolphin,Clymene_Dolphin,false
test_425,lp_0-2000,White-sided_Dolphin,Frasers_Dolphin,false
test_431,lp_0-2000,White-sided_Dolphin,Clymene_Dolphin,false
test_441,lp_0-2000,White-sided_Dolphin,Frasers_Dolphin,false
test_451,lp_0-2000,Narwhal,Minke_Whale,false
test_46,lp_0-2000,Clymene_Dolphin,Clymene_Dolphin,true
test_461,lp_0-2000,Narwhal,Narwhal,true
test_463,lp_0-2000,Narwhal,Minke_Whale,false
test_465,lp_0-2000,Narwhal,Minke_Whale,false
test_471,lp_0-2000,Narwhal,Bearded_Seal,false
test_473,lp_0-2000,Narwhal,Minke_Whale,false
test_474,lp_0-2000,Narwhal,Harp_Seal,false
test_483,lp_0-2000,Narwhal,Minke_Whale,false
test_494,lp_0-2000,Narwhal,Minke_Whale,false
test_495,lp_0-2000,Narwhal,Minke_Whale,false
test_501,lp_0-2000,White-beaked_Dolphin,"Fin,_Finback_Whale",false
test_503,lp_0-2000,White-beaked_Dolphin,"Fin,_Finback_Whale",false
test_506,lp_0-2000,White-beaked_Dolphin,Minke_Whale,false
test_509,lp_0-2000,White-beaked_Dolphin,Striped_Dolphin,false
test_51,lp_0-2000,Clymene_Dolphin,White-sided_Dolphin,false
test_518,lp_0-2000,White-beaked_Dolphin,Pantropical_Spotted_Dolphin,false
test_523,lp_0-2000,White-beaked_Dolphin,Minke_Whale,false
test_524,lp_0-2000,White-beaked_Dolphin,"Fin,_Finback_Whale",false
test_527,lp_0-2000,White-beaked_Dolphin,White-beaked_Dolphin,true
test_539,lp_0-2000,White-beaked_Dolphin,White-beaked_Dolphin,true
test_54,lp_0-2000,Clymene_Dolphin,Clymene_Dolphin,true
test_541,lp_0-2000,White-beaked_Dolphin,"Fin,_Finback_Whale",false
test_543,lp_0-2000,White-beaked_Dolphin,Minke_Whale,false
test_55,lp_0-2000,Clymene_Dolphin,Clymene_Dolphin,true
test_551,lp_0-2000,White-beaked_Dolphin,Pantropical_Spotted_Dolphin,false
test_566,lp_0-2000,Northern_Right_Whale,Humpback_Whale,false
test_576,lp_0-2000,Northern_Right_Whale,Humpback_Whale,false
test_579,lp_0-2000,Northern_Right_Whale,Humpback_Whale,false
test_585,lp_0-2000,Northern_Right_Whale,Northern_Right_Whale,true
test_588,lp_0-2000,Northern_Right_Whale,Northern_Right_Whale,true
test_591,lp_0-2000,Northern_Right_Whale,Minke_Whale,false
test_592,lp_0-2000,Northern_Right_Whale,Northern_Right_Whale,true
test_597,lp_0-2000,Northern_Right_Whale,Northern_Right_Whale,true
test_601,lp_0-2000,Northern_Right_Whale,Southern_Right_Whale,false
test_604,lp_0-2000,Northern_Right_Whale,Northern_Right_Whale,true
test_608,lp_0-2000,Northern_Right_Whale,Northern_Right_Whale,true
test_614,lp_0-2000,Frasers_Dolphin,Minke_Whale,false
test_623,lp_0-2000,Frasers_Dolphin,Minke_Whale,false
test_628,lp_0-2000,Frasers_Dolphin,Frasers_Dolphin,true
test_631,lp_0-2000,Frasers_Dolphin,Frasers_Dolphin,true
test_632,lp_0-2000,Frasers_Dolphin,Rough-Toothed_Dolphin,false
test_635,lp_0-2000,Frasers_Dolphin,Minke_Whale,false
test_657,lp_0-2000,Frasers_Dolphin,Minke_Whale,false
test_658,lp_0-2000,Frasers_Dolphin,Leopard_Seal,false
test_66,lp_0-2000,Bottlenose_Dolphin,Minke_Whale,false
test_660,lp_0-2000,Frasers_Dolphin,Minke_Whale,false
test_664,lp_0-2000,Frasers_Dolphin,Clymene_Dolphin,false
test_666,lp_0-2000,Frasers_Dolphin,Frasers_Dolphin,true
test_670,lp_0-2000,Frasers_Dolphin,Minke_Whale,false
test_672,lp_0-2000,Frasers_Dolphin,Minke_Whale,false
test_675,lp_0-2000,Frasers_Dolphin,"Grampus,_Rissos_Dolphin",false
test_679,lp_0-2000,Frasers_Dolphin,Minke_Whale,false
test_691,lp_0-2000,Frasers_Dolphin,Minke_Whale,false
test_693,lp_0-2000,Frasers_Dolphin,Leopard_Seal,false
test_700,lp_0-2000,"Grampus,_Rissos_Dolphin",Minke_Whale,false
test_719,lp_0-2000,"Grampus,_Rissos_Dolphin",Minke_Whale,false
test_721,lp_0-2000,"Grampus,_Rissos_Dolphin","Grampus,_Rissos_Dolphin",true
test_723,lp_0-2000,"Grampus,_Rissos_Dolphin",Clymene_Dolphin,false
test_727,lp_0-2000,"Grampus,_Rissos_Dolphin",Minke_Whale,false
test_733,lp_0-2000,"Grampus,_Rissos_Dolphin",Bearded_Seal,false
test_742,lp_0-2000,"Grampus,_Rissos_Dolphin",Bearded_Seal,false
test_743,lp_0-2000,"Grampus,_Rissos_Dolphin",Sperm_Whale,false
test_744,lp_0-2000,"Grampus,_Rissos_Dolphin",Minke_Whale,false
test_748,lp_0-2000,"Grampus,_Rissos_Dolphin",Minke_Whale,false
test_749,lp_0-2000,"Grampus,_Rissos_Dolphin",Bearded_Seal,false
test_75,lp_0-2000,Bottlenose_Dolphin,Clymene_Dolphin,false
test_756,lp_0-2000,"Grampus,_Rissos_Dolphin",Humpback_Whale,false
test_759,lp_0-2000,"Grampus,_Rissos_Dolphin",Leopard_Seal,false
test_761,lp_0-2000,"Grampus,_Rissos_Dolphin",Leopard_Seal,false
test_774,lp_0-2000,Harp_Seal,Harp_Seal,true
test_777,lp_0-2000,Harp_Seal,Harp_Seal,true
test_786,lp_0-2000,Harp_Seal,Harp_Seal,true
test_788,lp_0-2000,Harp_Seal,Minke_Whale,false
test_79,lp_0-2000,Bottlenose_Dolphin,Southern_Right_Whale,false
test_794,lp_0-2000,Harp_Seal,Harp_Seal,true
test_796,lp_0-2000,Harp_Seal,Harp_Seal,true
test_800,lp_0-2000,Harp_Seal,Harp_Seal,true
test_801,lp_0-2000,Harp_Seal,Harp_Seal,true
test_804,lp_0-2000,Harp_Seal,Harp_Seal,true
test_808,lp_0-2000,Harp_Seal,Minke_Whale,false
test_81,lp_0-2000,Bottlenose_Dolphin,Minke_Whale,false
test_814,lp_0-2000,Atlantic_Spotted_Dolphin,Southern_Right_Whale,false
test_815,lp_0-2000,Atlantic_Spotted_Dolphin,Southern_Right_Whale,false
test_827,lp_0-2000,Atlantic_Spotted_Dolphin,Minke_Whale,false
test_831,lp_0-2000,Atlantic_Spotted_Dolphin,Clymene_Dolphin,false
test_833,lp_0-2000,Atlantic_Spotted_Dolphin,Minke_Whale,false
test_834,lp_0-2000,Atlantic_Spotted_Dolphin,Clymene_Dolphin,false
test_836,lp_0-2000,Atlantic_Spotted_Dolphin,Clymene_Dolphin,false
test_845,lp_0-2000,Atlantic_Spotted_Dolphin,Minke_Whale,false
test_850,lp_0-2000,Atlantic_Spotted_Dolphin,"Fin,_Finback_Whale",false
test_851,lp_0-2000,Atlantic_Spotted_Dolphin,Clymene_Dolphin,false
test_858,lp_0-2000,Atlantic_Spotted_Dolphin,Bottlenose_Dolphin,false
test_871,lp_0-2000,"Fin,_Finback_Whale","Fin,_Finback_Whale",true
test_877,lp_0-2000,"Fin,_Finback_Whale","Fin,_Finback_Whale",true
test_882,lp_0-2000,"Fin,_Finback_Whale","Fin,_Finback_Whale",true
test_884,lp_0-2000,"Fin,_Finback_Whale","Fin,_Finback_Whale",true
test_886,lp_0-2000,"Fin,_Finback_Whale","Fin,_Finback_Whale",true
test_889,lp_0-2000,"Fin,_Finback_Whale","Fin,_Finback_Whale",true
test_890,lp_0-2000,"Fin,_Finback_Whale","Fin,_Finback_Whale",true
test_904,lp_0-2000,"Fin,_Finback_Whale","Fin,_Finback_Whale",true
test_906,lp_0-2000,"Fin,_Finback_Whale","Fin,_Finback_Whale",true
test_910,lp_0-2000,"Fin,_Finback_Whale","Fin,_Finback_Whale",true
test_92,lp_0-2000,Spinner_Dolphin,Leopard_Seal,false
test_924,lp_0-2000,Ross_Seal,Humpback_Whale,false
test_934,lp_0-2000,Ross_Seal,Humpback_Whale,false
test_937,lp_0-2000,Ross_Seal,Humpback_Whale,false
test_939,lp_0-2000,Ross_Seal,Bearded_Seal,false
test_945,lp_0-2000,Ross_Seal,Leopard_Seal,false
test_946,lp_0-2000,Ross_Seal,Ross_Seal,true
test_95,lp_0-2000,Spinner_Dolphin,Minke_Whale,false
test_953,lp_0-2000,Ross_Seal,Humpback_Whale,false
test_959,lp_0-2000,Ross_Seal,Leopard_Seal,false
test_960,lp_0-2000,Ross_Seal,Leopard_Seal,false
test_962,lp_0-2000,Ross_Seal,Humpback_Whale,false
test_972,lp_0-2000,Rough-Toothed_Dolphin,Clymene_Dolphin,false
test_974,lp_0-2000,Rough-Toothed_Dolphin,Minke_Whale,false
test_975,lp_0-2000,Rough-Toothed_Dolphin,Southern_Right_Whale,false
test_978,lp_0-2000,Rough-Toothed_Dolphin,Minke_Whale,false
test_98,lp_0-2000,Spinner_Dolphin,Minke_Whale,false
test_980,lp_0-2000,Rough-Toothed_Dolphin,Clymene_Dolphin,false
test_994,lp_0-2000,Rough-Toothed_Dolphin,Minke_Whale,false
test_997,lp_0-2000,Rough-Toothed_Dolphin,Minke_Whale,false
test_999,lp_0-2000,Rough-Toothed_Dolphin,Minke_Whale,false
test_10,lp_0-4000,Clymene_Dolphin,Common_Dolphin,false
test_1008,lp_0-4000,Rough-Toothed_Dolphin,Clymene_Dolphin,false
test_1019,lp_0-4000,Rough-Toothed_Dolphin,Northern_Right_Whale,false
test_1021,lp_0-4000,Killer_Whale,Walrus,false
test_1029,lp_0-4000,Killer_Whale,Killer_Whale,true
test_103,lp_0-4000,Spinner_Dolphin,Spinner_Dolphin,true
test_1034,lp_0-4000,Killer_Whale,Southern_Right_Whale,false
test_1041,lp_0-4000,Killer_Whale,Killer_Whale,true
test_1042,lp_0-4000,Killer_Whale,Melon_Headed_Whale,false
test_1048,lp_0-4000,Killer_Whale,Striped_Dolphin,false
test_1051,lp_0-4000,Killer_Whale,Bowhead_Whale,false
test_1056,lp_0-4000,Pantropical_Spotted_Dolphin,Atlantic_Spotted_Dolphin,false
test_1057,lp_0-4000,Pantropical_Spotted_Dolphin,Melon_Headed_Whale,false
test_1060,lp_0-4000,Pantropical_Spotted_Dolphin,White-beaked_Dolphin,false
test_1065,lp_0-4000,Pantropical_Spotted_Dolphin,Walrus,false
test_1066,lp_0-4000,Pantropical_Spotted_Dolphin,Walrus,false
test_1075,lp_0-4000,Pantropical_Spotted_Dolphin,Sperm_Whale,false
test_108,lp_0-4000,Spinner_Dolphin,Spinner_Dolphin,true
test_1088,lp_0-4000,Pantropical_Spotted_Dolphin,Spinner_Dolphin,false
test_1093,lp_0-4000,Pantropical_Spotted_Dolphin,Pantropical_Spotted_Dolphin,true
test_1099,lp_0-4000,Pantropical_Spotted_Dolphin,Pantropical_Spotted_Dolphin,true
test_110,lp_0-4000,Spinner_Dolphin,Spinner_Dolphin,true
test_1108,lp_0-4000,Pantropical_Spotted_Dolphin,Clymene_Dolphin,false
test_111,lp_0-4000,Spinner_Dolphin,Clymene_Dolphin,false
test_1117,lp_0-4000,Pantropical_Spotted_Dolphin,White-beaked_Dolphin,false
test_1118,lp_0-4000,Pantropical_Spotted_Dolphin,White-beaked_Dolphin,false
test_1119,lp_0-4000,Pantropical_Spotted_Dolphin,Frasers_Dolphin,false
test_112,lp_0-4000,Spinner_Dolphin,Spinner_Dolphin,true
test_1122,lp_0-4000,Short-Finned_Pacific_Pilot_Whale,Short-Finned_Pacific_Pilot_Whale,true
test_1126,lp_0-4000,Short-Finned_Pacific_Pilot_Whale,Short-Finned_Pacific_Pilot_Whale,true
test_113,lp_0-4000,Spinner_Dolphin,Harp_Seal,false
test_1143,lp_0-4000,Short-Finned_Pacific_Pilot_Whale,Short-Finned_Pacific_Pilot_Whale,true
test_1144,lp_0-4000,Short-Finned_Pacific_Pilot_Whale,Short-Finned_Pacific_Pilot_Whale,true
test_1147,lp_0-4000,Short-Finned_Pacific_Pilot_Whale,Long-Finned_Pilot_Whale,false
test_115,lp_0-4000,Spinner_Dolphin,Spinner_Dolphin,true
test_1152,lp_0-4000,Short-Finned_Pacific_Pilot_Whale,Short-Finned_Pacific_Pilot_Whale,true
test_1161,lp_0-4000,Short-Finned_Pacific_Pilot_Whale,Long-Finned_Pilot_Whale,false
test_1162,lp_0-4000,Short-Finned_Pacific_Pilot_Whale,Killer_Whale,false
test_1167,lp_0-4000,Short-Finned_Pacific_Pilot_Whale,Short-Finned_Pacific_Pilot_Whale,true
test_1172,lp_0-4000,Short-Finned_Pacific_Pilot_Whale,Bowhead_Whale,false
test_1173,lp_0-4000,Short-Finned_Pacific_Pilot_Whale,Short-Finned_Pacific_Pilot_Whale,true
test_1175,lp_0-4000,Short-Finned_Pacific_Pilot_Whale,Short-Finned_Pacific_Pilot_Whale,true
test_1184,lp_0-4000,Short-Finned_Pacific_Pilot_Whale,Short-Finned_Pacific_Pilot_Whale,true
test_1185,lp_0-4000,Short-Finned_Pacific_Pilot_Whale,Short-Finned_Pacific_Pilot_Whale,true
test_1189,lp_0-4000,Bowhead_Whale,Bowhead_Whale,true
test_1194,lp_0-4000,Bowhead_Whale,Bowhead_Whale,true
test_1197,lp_0-4000,Bowhead_Whale,Bowhead_Whale,true
test_120,lp_0-4000,Spinner_Dolphin,Spinner_Dolphin,true
test_1201,lp_0-4000,Bowhead_Whale,Bowhead_Whale,true
test_1218,lp_0-4000,Bowhead_Whale,Bowhead_Whale,true
test_1225,lp_0-4000,Bowhead_Whale,Bowhead_Whale,true
test_123,lp_0-4000,Spinner_Dolphin,Clymene_Dolphin,false
test_1235,lp_0-4000,Bowhead_Whale,Bowhead_Whale,true
test_1238,lp_0-4000,Bowhead_Whale,Bowhead_Whale,true
test_124,lp_0-4000,Spinner_Dolphin,Spinner_Dolphin,true
test_1245,lp_0-4000,Bowhead_Whale,Bearded_Seal,false
test_1246,lp_0-4000,Bowhead_Whale,Bowhead_Whale,true
test_1247,lp_0-4000,Bowhead_Whale,Bowhead_Whale,true
test_1248,lp_0-4000,Bowhead_Whale,Bowhead_Whale,true
test_1252,lp_0-4000,False_Killer_Whale,Melon_Headed_Whale,false
test_1265,lp_0-4000,False_Killer_Whale,Clymene_Dolphin,false
test_1267,lp_0-4000,False_Killer_Whale,False_Killer_Whale,true
test_1269,lp_0-4000,False_Killer_Whale,False_Killer_Whale,true
test_1275,lp_0-4000,False_Killer_Whale,Frasers_Dolphin,false
test_1276,lp_0-4000,False_Killer_Whale,White-beaked_Dolphin,false
test_1277,lp_0-4000,False_Killer_Whale,Walrus,false
test_1282,lp_0-4000,False_Killer_Whale,Bottlenose_Dolphin,false
test_1283,lp_0-4000,False_Killer_Whale,False_Killer_Whale,true
test_1296,lp_0-4000,False_Killer_Whale,Walrus,false
test_1301,lp_0-4000,False_Killer_Whale,False_Killer_Whale,true
test_1303,lp_0-4000,False_Killer_Whale,False_Killer_Whale,true
test_1309,lp_0-4000,Melon_Headed_Whale,Melon_Headed_Whale,true
test_1317,lp_0-4000,Melon_Headed_Whale,Melon_Headed_Whale,true
test_1318,lp_0-4000,Melon_Headed_Whale,Melon_Headed_Whale,true
test_1320,lp_0-4000,Melon_Headed_Whale,Melon_Headed_Whale,true
test_1327,lp_0-4000,Melon_Headed_Whale,Melon_Headed_Whale,true
test_1331,lp_0-4000,Melon_Headed_Whale,Melon_Headed_Whale,true
test_1336,lp_0-4000,Melon_Headed_Whale,Bowhead_Whale,false
test_1349,lp_0-4000,Melon_Headed_Whale,Melon_Headed_Whale,true
test_1359,lp_0-4000,Melon_Headed_Whale,Melon_Headed_Whale,true
test_1362,lp_0-4000,Melon_Headed_Whale,Melon_Headed_Whale,true
test_1363,lp_0-4000,Melon_Headed_Whale,Melon_Headed_Whale,true
test_1367,lp_0-4000,Melon_Headed_Whale,Melon_Headed_Whale,true
test_1371,lp_0-4000,Long-Finned_Pilot_Whale,Long-Finned_Pilot_Whale,true
test_1373,lp_0-4000,Long-Finned_Pilot_Whale,Long-Finned_Pilot_Whale,true
test_1375,lp_0-4000,Long-Finned_Pilot_Whale,Melon_Headed_Whale,false
test_1379,lp_0-4000,Long-Finned_Pilot_Whale,Long-Finned_Pilot_Whale,true
test_1384,lp_0-4000,Long-Finned_Pilot_Whale,Long-Finned_Pilot_Whale,true
test_1391,lp_0-4000,Long-Finned_Pilot_Whale,Long-Finned_Pilot_Whale,true
test_1402,lp_0-4000,Long-Finned_Pilot_Whale,Long-Finned_Pilot_Whale,true
test_1404,lp_0-4000,Long-Finned_Pilot_Whale,Long-Finned_Pilot_Whale,true
test_1407,lp_0-4000,Long-Finned_Pilot_Whale,Long-Finned_Pilot_Whale,true
test_1415,lp_0-4000,Long-Finned_Pilot_Whale,Bowhead_Whale,false
test_1432,lp_0-4000,Long-Finned_Pilot_Whale,Long-Finned_Pilot_Whale,true
test_1434,lp_0-4000,Long-Finned_Pilot_Whale,Long-Finned_Pilot_Whale,true
test_1439,lp_0-4000,Long-Finned_Pilot_Whale,Long-Finned_Pilot_Whale,true
test_1440,lp_0-4000,Long-Finned_Pilot_Whale,Bowhead_Whale,false
test_1450,lp_0-4000,Striped_Dolphin,Striped_Dolphin,true
test_1454,lp_0-4000,Striped_Dolphin,Striped_Dolphin,true
test_1456,lp_0-4000,Striped_Dolphin,Striped_Dolphin,true
test_1462,lp_0-4000,Striped_Dolphin,Clymene_Dolphin,false
test_1472,lp_0-4000,Striped_Dolphin,Striped_Dolphin,true
test_1481,lp_0-4000,Striped_Dolphin,Striped_Dolphin,true
test_1485,lp_0-4000,Striped_Dolphin,Striped_Dolphin,true
test_1487,lp_0-4000,Striped_Dolphin,Common_Dolphin,false
test_1489,lp_0-4000,Striped_Dolphin,Striped_Dolphin,true
test_1497,lp_0-4000,Striped_Dolphin,Clymene_Dolphin,false
test_1501,lp_0-4000,Striped_Dolphin,Striped_Dolphin,true
test_1502,lp_0-4000,Striped_Dolphin,Striped_Dolphin,true
test_1505,lp_0-4000,Striped_Dolphin,Striped_Dolphin,true
test_1510,lp_0-4000,Striped_Dolphin,Walrus,false
test_1513,lp_0-4000,Striped_Dolphin,White-beaked_Dolphin,false
test_1521,lp_0-4000,Striped_Dolphin,Striped_Dolphin,true
test_1526,lp_0-4000,Leopard_Seal,Leopard_Seal,true
test_1530,lp_0-4000,Leopard_Seal,Leopard_Seal,true
test_1532,lp_0-4000,Walrus,Walrus,true
test_1534,lp_0-4000,Walrus,Harp_Seal,false
test_1536,lp_0-4000,Walrus,Walrus,true
test_1538,lp_0-4000,Walrus,Walrus,true
test_1548,lp_0-4000,Walrus,Harp_Seal,false
test_1560,lp_0-4000,Walrus,Walrus,true
test_1561,lp_0-4000,Walrus,Walrus,true
test_1570,lp_0-4000,Sperm_Whale,Sperm_Whale,true
test_1573,lp_0-4000,Sperm_Whale,Long-Finned_Pilot_Whale,false
test_159,lp_0-4000,Spinner_Dolphin,Clymene_Dolphin,false
test_1593,lp_0-4000,Sperm_Whale,Sperm_Whale,true
test_1597,lp_0-4000,Sperm_Whale,Common_Dolphin,false
test_1598,lp_0-4000,Sperm_Whale,Sperm_Whale,true
test_16,lp_0-4000,Clymene_Dolphin,Clymene_Dolphin,true
test_1601,lp_0-4000,Sperm_Whale,Melon_Headed_Whale,false
test_1603,lp_0-4000,Sperm_Whale,Melon_Headed_Whale,false
test_1606,lp_0-4000,Sperm_Whale,Sperm_Whale,true
test_1616,lp_0-4000,Sperm_Whale,Sperm_Whale,true
test_1620,lp_0-4000,Sperm_Whale,Sperm_Whale,true
test_1630,lp_0-4000,Sperm_Whale,Sperm_Whale,true
test_1637,lp_0-4000,Sperm_Whale,Melon_Headed_Whale,false
test_1639,lp_0-4000,Sperm_Whale,Sperm_Whale,true
test_1640,lp_0-4000,Sperm_Whale,Harp_Seal,false
test_1643,lp_0-4000,Sperm_Whale,Bowhead_Whale,false
test_1647,lp_0-4000,Common_Dolphin,Clymene_Dolphin,false
test_1660,lp_0-4000,Common_Dolphin,Walrus,false
test_1662,lp_0-4000,Common_Dolphin,Clymene_Dolphin,false
test_1664,lp_0-4000,Common_Dolphin,Harp_Seal,false
test_1666,lp_0-4000,Common_Dolphin,Common_Dolphin,true
test_167,lp_0-4000,Spinner_Dolphin,Spinner_Dolphin,true
test_1677,lp_0-4000,Common_Dolphin,Striped_Dolphin,false
test_1679,lp_0-4000,Common_Dolphin,Common_Dolphin,true
test_1682,lp_0-4000,Common_Dolphin,Northern_Right_Whale,false
test_1686,lp_0-4000,Common_Dolphin,Common_Dolphin,true
test_1687,lp_0-4000,Common_Dolphin,Common_Dolphin,true
test_1694,lp_0-4000,Common_Dolphin,Common_Dolphin,true
test_172,lp_0-4000,Spinner_Dolphin,Walrus,false
test_173,lp_0-4000,Spinner_Dolphin,Bowhead_Whale,false
test_180,lp_0-4000,Spinner_Dolphin,Clymene_Dolphin,false
test_185,lp_0-4000,Spinner_Dolphin,Narwhal,false
test_19,lp_0-4000,Clymene_Dolphin,Clymene_Dolphin,true
test_194,lp_0-4000,Spinner_Dolphin,Spinner_Dolphin,true
test_199,lp_0-4000,Spinner_Dolphin,Spinner_Dolphin,true
test_200,lp_0-4000,Spinner_Dolphin,Spinner_Dolphin,true
test_205,lp_0-4000,"Beluga,_White_Whale",Northern_Right_Whale,false
test_207,lp_0-4000,"Beluga,_White_Whale",Clymene_Dolphin,false
test_208,lp_0-4000,"Beluga,_White_Whale","Grampus,_Rissos_Dolphin",false
test_21,lp_0-4000,Clymene_Dolphin,Clymene_Dolphin,true
test_225,lp_0-4000,"Beluga,_White_Whale","Beluga,_White_Whale",true
test_233,lp_0-4000,"Beluga,_White_Whale","Beluga,_White_Whale",true
test_241,lp_0-4000,"Beluga,_White_Whale","Beluga,_White_Whale",true
test_243,lp_0-4000,"Beluga,_White_Whale","Beluga,_White_Whale",true
test_245,lp_0-4000,"Beluga,_White_Whale","Beluga,_White_Whale",true
test_246,lp_0-4000,"Beluga,_White_Whale",Northern_Right_Whale,false
test_250,lp_0-4000,"Beluga,_White_Whale",Common_Dolphin,false
test_252,lp_0-4000,Bearded_Seal,Bowhead_Whale,false
test_256,lp_0-4000,Bearded_Seal,Bearded_Seal,true
test_257,lp_0-4000,Bearded_Seal,Bearded_Seal,true
test_260,lp_0-4000,Bearded_Seal,Bearded_Seal,true
test_264,lp_0-4000,Bearded_Seal,Bowhead_Whale,false
test_268,lp_0-4000,Bearded_Seal,Bearded_Seal,true
test_272,lp_0-4000,Bearded_Seal,Bearded_Seal,true
test_285,lp_0-4000,Bearded_Seal,Bearded_Seal,true
test_288,lp_0-4000,Minke_Whale,Minke_Whale,true
test_291,lp_0-4000,Minke_Whale,Minke_Whale,true
test_302,lp_0-4000,Minke_Whale,Minke_Whale,true
test_305,lp_0-4000,Humpback_Whale,Humpback_Whale,true
test_31,lp_0-4000,Clymene_Dolphin,Clymene_Dolphin,true
test_317,lp_0-4000,Humpback_Whale,Northern_Right_Whale,false
test_32,lp_0-4000,Clymene_Dolphin,Clymene_Dolphin,true
test_323,lp_0-4000,Humpback_Whale,Humpback_Whale,true
test_33,lp_0-4000,Clymene_Dolphin,White-beaked_Dolphin,false
test_330,lp_0-4000,Humpback_Whale,Humpback_Whale,true
test_335,lp_0-4000,Humpback_Whale,Humpback_Whale,true
test_343,lp_0-4000,Humpback_Whale,White-beaked_Dolphin,false
test_345,lp_0-4000,Humpback_Whale,Humpback_Whale,true
test_348,lp_0-4000,Humpback_Whale,Humpback_Whale,true
test_35,lp_0-4000,Clymene_Dolphin,Clymene_Dolphin,true
test_353,lp_0-4000,Humpback_Whale,Humpback_Whale,true
test_354,lp_0-4000,Humpback_Whale,Humpback_Whale,true
test_355,lp_0-4000,Humpback_Whale,Humpback_Whale,true
test_358,lp_0-4000,Humpback_Whale,Humpback_Whale,true
test_364,lp_0-4000,Humpback_Whale,Humpback_Whale,true
test_369,lp_0-4000,Southern_Right_Whale,Southern_Right_Whale,true
test_37,lp_0-4000,Clymene_Dolphin,Clymene_Dolphin,true
test_376,lp_0-4000,Southern_Right_Whale,Southern_Right_Whale,true
test_381,lp_0-4000,Southern_Right_Whale,Southern_Right_Whale,true
test_385,lp_0-4000,Southern_Right_Whale,Southern_Right_Whale,true
test_392,lp_0-4000,Southern_Right_Whale,Southern_Right_Whale,true
test_401,lp_0-4000,White-sided_Dolphin,White-sided_Dolphin,true
test_406,lp_0-4000,White-sided_Dolphin,Bearded_Seal,false
test_408,lp_0-4000,White-sided_Dolphin,Bottlenose_Dolphin,false
test_410,lp_0-4000,White-sided_Dolphin,Clymene_Dolphin,false
test_411,lp_0-4000,White-sided_Dolphin,White-sided_Dolphin,true
test_417,lp_0-4000,White-sided_Dolphin,White-sided_Dolphin,true
test_419,lp_0-4000,White-sided_Dolphin,White-sided_Dolphin,true
test_421,lp_0-4000,White-sided_Dolphin,White-sided_Dolphin,true
test_425,lp_0-4000,White-sided_Dolphin,"Beluga,_White_Whale",false
test_431,lp_0-4000,White-sided_Dolphin,White-beaked_Dolphin,false
test_441,lp_0-4000,White-sided_Dolphin,Sperm_Whale,false
test_451,lp_0-4000,Narwhal,Narwhal,true
test_46,lp_0-4000,Clymene_Dolphin,Clymene_Dolphin,true
test_461,lp_0-4000,Narwhal,Narwhal,true
test_463,lp_0-4000,Narwhal,Harp_Seal,false
test_465,lp_0-4000,Narwhal,Narwhal,true
test_471,lp_0-4000,Narwhal,Narwhal,true
test_473,lp_0-4000,Narwhal,Narwhal,true
test_474,lp_0-4000,Narwhal,Narwhal,true
test_483,lp_0-4000,Narwhal,Narwhal,true
test_494,lp_0-4000,Narwhal,Narwhal,true
test_495,lp_0-4000,Narwhal,Narwhal,true
test_501,lp_0-4000,White-beaked_Dolphin,White-beaked_Dolphin,true
test_503,lp_0-4000,White-beaked_Dolphin,White-beaked_Dolphin,true
test_506,lp_0-4000,White-beaked_Dolphin,White-beaked_Dolphin,true
test_509,lp_0-4000,White-beaked_Dolphin,White-beaked_Dolphin,true
test_51,lp_0-4000,Clymene_Dolphin,Clymene_Dolphin,true
test_518,lp_0-4000,White-beaked_Dolphin,White-beaked_Dolphin,true
test_523,lp_0-4000,White-beaked_Dolphin,Harp_Seal,false
test_524,lp_0-4000,White-beaked_Dolphin,White-beaked_Dolphin,true
test_527,lp_0-4000,White-beaked_Dolphin,White-beaked_Dolphin,true
test_539,lp_0-4000,White-beaked_Dolphin,White-beaked_Dolphin,true
test_54,lp_0-4000,Clymene_Dolphin,Clymene_Dolphin,true
test_541,lp_0-4000,White-beaked_Dolphin,White-beaked_Dolphin,true
test_543,lp_0-4000,White-beaked_Dolphin,Clymene_Dolphin,false
test_55,lp_0-4000,Clymene_Dolphin,Clymene_Dolphin,true
test_551,lp_0-4000,White-beaked_Dolphin,White-beaked_Dolphin,true
test_566,lp_0-4000,Northern_Right_Whale,Northern_Right_Whale,true
test_576,lp_0-4000,Northern_Right_Whale,Northern_Right_Whale,true
test_579,lp_0-4000,Northern_Right_Whale,Northern_Right_Whale,true
test_585,lp_0-4000,Northern_Right_Whale,Northern_Right_Whale,true
test_588,lp_0-4000,Northern_Right_Whale,Northern_Right_Whale,true
test_591,lp_0-4000,Northern_Right_Whale,Northern_Right_Whale,true
test_592,lp_0-4000,Northern_Right_Whale,Northern_Right_Whale,true
test_597,lp_0-4000,Northern_Right_Whale,Northern_Right_Whale,true
test_601,lp_0-4000,Northern_Right_Whale,Northern_Right_Whale,true
test_604,lp_0-4000,Northern_Right_Whale,Northern_Right_Whale,true
test_608,lp_0-4000,Northern_Right_Whale,Northern_Right_Whale,true
test_614,lp_0-4000,Frasers_Dolphin,Frasers_Dolphin,true
test_623,lp_0-4000,Frasers_Dolphin,Frasers_Dolphin,true
test_628,lp_0-4000,Frasers_Dolphin,Frasers_Dolphin,true
test_631,lp_0-4000,Frasers_Dolphin,Frasers_Dolphin,true
test_632,lp_0-4000,Frasers_Dolphin,Frasers_Dolphin,true
test_635,lp_0-4000,Frasers_Dolphin,Frasers_Dolphin,true
test_657,lp_0-4000,Frasers_Dolphin,Frasers_Dolphin,true
test_658,lp_0-4000,Frasers_Dolphin,Frasers_Dolphin,true
test_66,lp_0-4000,Bottlenose_Dolphin,Bottlenose_Dolphin,true
test_660,lp_0-4000,Frasers_Dolphin,Frasers_Dolphin,true
test_664,lp_0-4000,Frasers_Dolphin,Frasers_Dolphin,true
test_666,lp_0-4000,Frasers_Dolphin,Frasers_Dolphin,true
test_670,lp_0-4000,Frasers_Dolphin,Frasers_Dolphin,true
test_672,lp_0-4000,Frasers_Dolphin,Frasers_Dolphin,true
test_675,lp_0-4000,Frasers_Dolphin,Frasers_Dolphin,true
test_679,lp_0-4000,Frasers_Dolphin,Frasers_Dolphin,true
test_691,lp_0-4000,Frasers_Dolphin,Frasers_Dolphin,true
test_693,lp_0-4000,Frasers_Dolphin,Frasers_Dolphin,true
test_700,lp_0-4000,"Grampus,_Rissos_Dolphin","Grampus,_Rissos_Dolphin",true
test_719,lp_0-4000,"Grampus,_Rissos_Dolphin","Grampus,_Rissos_Dolphin",true
test_721,lp_0-4000,"Grampus,_Rissos_Dolphin","Grampus,_Rissos_Dolphin",true
test_723,lp_0-4000,"Grampus,_Rissos_Dolphin",Clymene_Dolphin,false
test_727,lp_0-4000,"Grampus,_Rissos_Dolphin","Grampus,_Rissos_Dolphin",true
test_733,lp_0-4000,"Grampus,_Rissos_Dolphin","Grampus,_Rissos_Dolphin",true
test_742,lp_0-4000,"Grampus,_Rissos_Dolphin","Grampus,_Rissos_Dolphin",true
test_743,lp_0-4000,"Grampus,_Rissos_Dolphin","Grampus,_Rissos_Dolphin",true
test_744,lp_0-4000,"Grampus,_Rissos_Dolphin","Grampus,_Rissos_Dolphin",true
test_748,lp_0-4000,"Grampus,_Rissos_Dolphin","Grampus,_Rissos_Dolphin",true
test_749,lp_0-4000,"Grampus,_Rissos_Dolphin","Grampus,_Rissos_Dolphin",true
test_75,lp_0-4000,Bottlenose_Dolphin,Bottlenose_Dolphin,true
test_756,lp_0-4000,"Grampus,_Rissos_Dolphin","Grampus,_Rissos_Dolphin",true
test_759,lp_0-4000,"Grampus,_Rissos_Dolphin",Bowhead_Whale,false
test_761,lp_0-4000,"Grampus,_Rissos_Dolphin","Grampus,_Rissos_Dolphin",true
test_774,lp_0-4000,Harp_Seal,Harp_Seal,true
test_777,lp_0-4000,Harp_Seal,Harp_Seal,true
test_786,lp_0-4000,Harp_Seal,Harp_Seal,true
test_788,lp_0-4000,Harp_Seal,Harp_Seal,true
test_79,lp_0-4000,Bottlenose_Dolphin,Short-Finned_Pacific_Pilot_Whale,false
test_794,lp_0-4000,Harp_Seal,Harp_Seal,true
test_796,lp_0-4000,Harp_Seal,Harp_Seal,true
test_800,lp_0-4000,Harp_Seal,Harp_Seal,true
test_801,lp_0-4000,Harp_Seal,Harp_Seal,true
test_804,lp_0-4000,Harp_Seal,Harp_Seal,true
test_808,lp_0-4000,Harp_Seal,Harp_Seal,true
test_81,lp_0-4000,Bottlenose_Dolphin,Bottlenose_Dolphin,true
test_814,lp_0-4000,Atlantic_Spotted_Dolphin,Harp_Seal,false
test_815,lp_0-4000,Atlantic_Spotted_Dolphin,Atlantic_Spotted_Dolphin,true
test_827,lp_0-4000,Atlantic_Spotted_Dolphin,Atlantic_Spotted_Dolphin,true
test_831,lp_0-4000,Atlantic_Spotted_Dolphin,Atlantic_Spotted_Dolphin,true
test_833,lp_0-4000,Atlantic_Spotted_Dolphin,Atlantic_Spotted_Dolphin,true
test_834,lp_0-4000,Atlantic_Spotted_Dolphin,Atlantic_Spotted_Dolphin,true
test_836,lp_0-4000,Atlantic_Spotted_Dolphin,Atlantic_Spotted_Dolphin,true
test_845,lp_0-4000,Atlantic_Spotted_Dolphin,Northern_Right_Whale,false
test_850,lp_0-4000,Atlantic_Spotted_Dolphin,Bowhead_Whale,false
test_851,lp_0-4000,Atlantic_Spotted_Dolphin,Atlantic_Spotted_Dolphin,true
test_858,lp_0-4000,Atlantic_Spotted_Dolphin,Harp_Seal,false
test_871,lp_0-4000,"Fin,_Finback_Whale","Fin,_Finback_Whale",true
test_877,lp_0-4000,"Fin,_Finback_Whale","Fin,_Finback_Whale",true
test_882,lp_0-4000,"Fin,_Finback_Whale","Fin,_Finback_Whale",true
test_884,lp_0-4000,"Fin,_Finback_Whale","Fin,_Finback_Whale",true
test_886,lp_0-4000,"Fin,_Finback_Whale","Fin,_Finback_Whale",true
test_889,lp_0-4000,"Fin,_Finback_Whale","Fin,_Finback_Whale",true
test_890,lp_0-4000,"Fin,_Finback_Whale","Fin,_Finback_Whale",true
test_904,lp_0-4000,"Fin,_Finback_Whale","Fin,_Finback_Whale",true
test_906,lp_0-4000,"Fin,_Finback_Whale","Fin,_Finback_Whale",true
test_910,lp_0-4000,"Fin,_Finback_Whale","Fin,_Finback_Whale",true
test_92,lp_0-4000,Spinner_Dolphin,Bowhead_Whale,false
test_924,lp_0-4000,Ross_Seal,Ross_Seal,true
test_934,lp_0-4000,Ross_Seal,Ross_Seal,true
test_937,lp_0-4000,Ross_Seal,Bowhead_Whale,false
test_939,lp_0-4000,Ross_Seal,Bearded_Seal,false
test_945,lp_0-4000,Ross_Seal,Bearded_Seal,false
test_946,lp_0-4000,Ross_Seal,Ross_Seal,true
test_95,lp_0-4000,Spinner_Dolphin,Harp_Seal,false
test_953,lp_0-4000,Ross_Seal,Bowhead_Whale,false
test_959,lp_0-4000,Ross_Seal,Ross_Seal,true
test_960,lp_0-4000,Ross_Seal,Ross_Seal,true
test_962,lp_0-4000,Ross_Seal,Ross_Seal,true
test_972,lp_0-4000,Rough-Toothed_Dolphin,Rough-Toothed_Dolphin,true
test_974,lp_0-4000,Rough-Toothed_Dolphin,Rough-Toothed_Dolphin,true
test_975,lp_0-4000,Rough-Toothed_Dolphin,Long-Finned_Pilot_Whale,false
test_978,lp_0-4000,Rough-Toothed_Dolphin,Rough-Toothed_Dolphin,true
test_98,lp_0-4000,Spinner_Dolphin,Spinner_Dolphin,true
test_980,lp_0-4000,Rough-Toothed_Dolphin,Rough-Toothed_Dolphin,true
test_994,lp_0-4000,Rough-Toothed_Dolphin,Clymene_Dolphin,false
test_997,lp_0-4000,Rough-Toothed_Dolphin,Rough-Toothed_Dolphin,true
test_999,lp_0-4000,Rough-Toothed_Dolphin,Spinner_Dolphin,false
test_10,lp_0-6000,Clymene_Dolphin,Clymene_Dolphin,true
test_1008,lp_0-6000,Rough-Toothed_Dolphin,Clymene_Dolphin,false
test_1019,lp_0-6000,Rough-Toothed_Dolphin,Northern_Right_Whale,false
test_1021,lp_0-6000,Killer_Whale,Walrus,false
test_1029,lp_0-6000,Killer_Whale,Killer_Whale,true
test_103,lp_0-6000,Spinner_Dolphin,Spinner_Dolphin,true
test_1034,lp_0-6000,Killer_Whale,Humpback_Whale,false
test_1041,lp_0-6000,Killer_Whale,Killer_Whale,true
test_1042,lp_0-6000,Killer_Whale,Common_Dolphin,false
test_1048,lp_0-6000,Killer_Whale,Melon_Headed_Whale,false
test_1051,lp_0-6000,Killer_Whale,Killer_Whale,true
test_1056,lp_0-6000,Pantropical_Spotted_Dolphin,Pantropical_Spotted_Dolphin,true
test_1057,lp_0-6000,Pantropical_Spotted_Dolphin,Striped_Dolphin,false
test_1060,lp_0-6000,Pantropical_Spotted_Dolphin,Pantropical_Spotted_Dolphin,true
test_1065,lp_0-6000,Pantropical_Spotted_Dolphin,Striped_Dolphin,false
test_1066,lp_0-6000,Pantropical_Spotted_Dolphin,Common_Dolphin,false
test_1075,lp_0-6000,Pantropical_Spotted_Dolphin,Sperm_Whale,false
test_108,lp_0-6000,Spinner_Dolphin,Spinner_Dolphin,true
test_1088,lp_0-6000,Pantropical_Spotted_Dolphin,Spinner_Dolphin,false
test_1093,lp_0-6000,Pantropical_Spotted_Dolphin,Pantropical_Spotted_Dolphin,true
test_1099,lp_0-6000,Pantropical_Spotted_Dolphin,Pantropical_Spotted_Dolphin,true
test_110,lp_0-6000,Spinner_Dolphin,Spinner_Dolphin,true
test_1108,lp_0-6000,Pantropical_Spotted_Dolphin,Spinner_Dolphin,false
test_111,lp_0-6000,Spinner_Dolphin,Spinner_Dolphin,true
test_1117,lp_0-6000,Pantropical_Spotted_Dolphin,Northern_Right_Whale,false
test_1118,lp_0-6000,Pantropical_Spotted_Dolphin,Pantropical_Spotted_Dolphin,true
test_1119,lp_0-6000,Pantropical_Spotted_Dolphin,Frasers_Dolphin,false
test_112,lp_0-6000,Spinner_Dolphin,Spinner_Dolphin,true
test_1122,lp_0-6000,Short-Finned_Pacific_Pilot_Whale,Short-Finned_Pacific_Pilot_Whale,true
test_1126,lp_0-6000,Short-Finned_Pacific_Pilot_Whale,Short-Finned_Pacific_Pilot_Whale,true
test_113,lp_0-6000,Spinner_Dolphin,Spinner_Dolphin,true
test_1143,lp_0-6000,Short-Finned_Pacific_Pilot_Whale,Short-Finned_Pacific_Pilot_Whale,true
test_1144,lp_0-6000,Short-Finned_Pacific_Pilot_Whale,Short-Finned_Pacific_Pilot_Whale,true
test_1147,lp_0-6000,Short-Finned_Pacific_Pilot_Whale,Short-Finned_Pacific_Pilot_Whale,true
test_115,lp_0-6000,Spinner_Dolphin,Spinner_Dolphin,true
test_1152,lp_0-6000,Short-Finned_Pacific_Pilot_Whale,Short-Finned_Pacific_Pilot_Whale,true
test_1161,lp_0-6000,Short-Finned_Pacific_Pilot_Whale,Long-Finned_Pilot_Whale,false
test_1162,lp_0-6000,Short-Finned_Pacific_Pilot_Whale,Short-Finned_Pacific_Pilot_Whale,true
test_1167,lp_0-6000,Short-Finned_Pacific_Pilot_Whale,Short-Finned_Pacific_Pilot_Whale,true
test_1172,lp_0-6000,Short-Finned_Pacific_Pilot_Whale,Bowhead_Whale,false
test_1173,lp_0-6000,Short-Finned_Pacific_Pilot_Whale,Short-Finned_Pacific_Pilot_Whale,true
test_1175,lp_0-6000,Short-Finned_Pacific_Pilot_Whale,Short-Finned_Pacific_Pilot_Whale,true
test_1184,lp_0-6000,Short-Finned_Pacific_Pilot_Whale,Short-Finned_Pacific_Pilot_Whale,true
test_1185,lp_0-6000,Short-Finned_Pacific_Pilot_Whale,Short-Finned_Pacific_Pilot_Whale,true
test_1189,lp_0-6000,Bowhead_Whale,Bowhead_Whale,true
test_1194,lp_0-6000,Bowhead_Whale,Bowhead_Whale,true
test_1197,lp_0-6000,Bowhead_Whale,Bowhead_Whale,true
test_120,lp_0-6000,Spinner_Dolphin,Spinner_Dolphin,true
test_1201,lp_0-6000,Bowhead_Whale,Bowhead_Whale,true
test_1218,lp_0-6000,Bowhead_Whale,Bowhead_Whale,true
test_1225,lp_0-6000,Bowhead_Whale,Bowhead_Whale,true
test_123,lp_0-6000,Spinner_Dolphin,Spinner_Dolphin,true
test_1235,lp_0-6000,Bowhead_Whale,Bowhead_Whale,true
test_1238,lp_0-6000,Bowhead_Whale,Bowhead_Whale,true
test_124,lp_0-6000,Spinner_Dolphin,Spinner_Dolphin,true
test_1245,lp_0-6000,Bowhead_Whale,Bearded_Seal,false
test_1246,lp_0-6000,Bowhead_Whale,Bowhead_Whale,true
test_1247,lp_0-6000,Bowhead_Whale,Bowhead_Whale,true
test_1248,lp_0-6000,Bowhead_Whale,Northern_Right_Whale,false
test_1252,lp_0-6000,False_Killer_Whale,Melon_Headed_Whale,false
test_1265,lp_0-6000,False_Killer_Whale,False_Killer_Whale,true
test_1267,lp_0-6000,False_Killer_Whale,False_Killer_Whale,true
test_1269,lp_0-6000,False_Killer_Whale,False_Killer_Whale,true
test_1275,lp_0-6000,False_Killer_Whale,False_Killer_Whale,true
test_1276,lp_0-6000,False_Killer_Whale,False_Killer_Whale,true
test_1277,lp_0-6000,False_Killer_Whale,False_Killer_Whale,true
test_1282,lp_0-6000,False_Killer_Whale,False_Killer_Whale,true
test_1283,lp_0-6000,False_Killer_Whale,False_Killer_Whale,true
test_1296,lp_0-6000,False_Killer_Whale,False_Killer_Whale,true
test_1301,lp_0-6000,False_Killer_Whale,False_Killer_Whale,true
test_1303,lp_0-6000,False_Killer_Whale,False_Killer_Whale,true
test_1309,lp_0-6000,Melon_Headed_Whale,Melon_Headed_Whale,true
test_1317,lp_0-6000,Melon_Headed_Whale,Melon_Headed_Whale,true
test_1318,lp_0-6000,Melon_Headed_Whale,Melon_Headed_Whale,true
test_1320,lp_0-6000,Melon_Headed_Whale,Melon_Headed_Whale,true
test_1327,lp_0-6000,Melon_Headed_Whale,Melon_Headed_Whale,true
test_1331,lp_0-6000,Melon_Headed_Whale,Melon_Headed_Whale,true
test_1336,lp_0-6000,Melon_Headed_Whale,Melon_Headed_Whale,true
test_1349,lp_0-6000,Melon_Headed_Whale,Melon_Headed_Whale,true
test_1359,lp_0-6000,Melon_Headed_Whale,Melon_Headed_Whale,true
test_1362,lp_0-6000,Melon_Headed_Whale,Melon_Headed_Whale,true
test_1363,lp_0-6000,Melon_Headed_Whale,Melon_Headed_Whale,true
test_1367,lp_0-6000,Melon_Headed_Whale,Melon_Headed_Whale,true
test_1371,lp_0-6000,Long-Finned_Pilot_Whale,Long-Finned_Pilot_Whale,true
test_1373,lp_0-6000,Long-Finned_Pilot_Whale,Long-Finned_Pilot_Whale,true
test_1375,lp_0-6000,Long-Finned_Pilot_Whale,Melon_Headed_Whale,false
test_1379,lp_0-6000,Long-Finned_Pilot_Whale,Short-Finned_Pacific_Pilot_Whale,false
test_1384,lp_0-6000,Long-Finned_Pilot_Whale,Long-Finned_Pilot_Whale,true
test_1391,lp_0-6000,Long-Finned_Pilot_Whale,Long-Finned_Pilot_Whale,true
test_1402,lp_0-6000,Long-Finned_Pilot_Whale,Long-Finned_Pilot_Whale,true
test_1404,lp_0-6000,Long-Finned_Pilot_Whale,Long-Finned_Pilot_Whale,true
test_1407,lp_0-6000,Long-Finned_Pilot_Whale,Long-Finned_Pilot_Whale,true
test_1415,lp_0-6000,Long-Finned_Pilot_Whale,Long-Finned_Pilot_Whale,true
test_1432,lp_0-6000,Long-Finned_Pilot_Whale,Long-Finned_Pilot_Whale,true
test_1434,lp_0-6000,Long-Finned_Pilot_Whale,Long-Finned_Pilot_Whale,true
test_1439,lp_0-6000,Long-Finned_Pilot_Whale,Long-Finned_Pilot_Whale,true
test_1440,lp_0-6000,Long-Finned_Pilot_Whale,Sperm_Whale,false
test_1450,lp_0-6000,Striped_Dolphin,Striped_Dolphin,true
test_1454,lp_0-6000,Striped_Dolphin,Striped_Dolphin,true
test_1456,lp_0-6000,Striped_Dolphin,Striped_Dolphin,true
test_1462,lp_0-6000,Striped_Dolphin,Clymene_Dolphin,false
test_1472,lp_0-6000,Striped_Dolphin,Striped_Dolphin,true
test_1481,lp_0-6000,Striped_Dolphin,Striped_Dolphin,true
test_1485,lp_0-6000,Striped_Dolphin,Striped_Dolphin,true
test_1487,lp_0-6000,Striped_Dolphin,Northern_Right_Whale,false
test_1489,lp_0-6000,Striped_Dolphin,Striped_Dolphin,true
test_1497,lp_0-6000,Striped_Dolphin,Clymene_Dolphin,false
test_1501,lp_0-6000,Striped_Dolphin,Striped_Dolphin,true
test_1502,lp_0-6000,Striped_Dolphin,Striped_Dolphin,true
test_1505,lp_0-6000,Striped_Dolphin,Striped_Dolphin,true
test_1510,lp_0-6000,Striped_Dolphin,False_Killer_Whale,false
test_1513,lp_0-6000,Striped_Dolphin,Striped_Dolphin,true
test_1521,lp_0-6000,Striped_Dolphin,Striped_Dolphin,true
test_1526,lp_0-6000,Leopard_Seal,Leopard_Seal,true
test_1530,lp_0-6000,Leopard_Seal,Leopard_Seal,true
test_1532,lp_0-6000,Walrus,Walrus,true
test_1534,lp_0-6000,Walrus,Harp_Seal,false
test_1536,lp_0-6000,Walrus,Walrus,true
test_1538,lp_0-6000,Walrus,Walrus,true
test_1548,lp_0-6000,Walrus,Harp_Seal,false
test_1560,lp_0-6000,Walrus,Walrus,true
test_1561,lp_0-6000,Walrus,Walrus,true
test_1570,lp_0-6000,Sperm_Whale,Sperm_Whale,true
test_1573,lp_0-6000,Sperm_Whale,Long-Finned_Pilot_Whale,false
test_159,lp_0-6000,Spinner_Dolphin,Spinner_Dolphin,true
test_1593,lp_0-6000,Sperm_Whale,Sperm_Whale,true
test_1597,lp_0-6000,Sperm_Whale,Sperm_Whale,true
test_1598,lp_0-6000,Sperm_Whale,Sperm_Whale,true
test_16,lp_0-6000,Clymene_Dolphin,Clymene_Dolphin,true
test_1601,lp_0-6000,Sperm_Whale,Melon_Headed_Whale,false
test_1603,lp_0-6000,Sperm_Whale,Melon_Headed_Whale,false
test_1606,lp_0-6000,Sperm_Whale,Sperm_Whale,true
test_1616,lp_0-6000,Sperm_Whale,Sperm_Whale,true
test_1620,lp_0-6000,Sperm_Whale,Sperm_Whale,true
test_1630,lp_0-6000,Sperm_Whale,Sperm_Whale,true
test_1637,lp_0-6000,Sperm_Whale,Melon_Headed_Whale,false
test_1639,lp_0-6000,Sperm_Whale,Sperm_Whale,true
test_1640,lp_0-6000,Sperm_Whale,Long-Finned_Pilot_Whale,false
test_1643,lp_0-6000,Sperm_Whale,Long-Finned_Pilot_Whale,false
test_1647,lp_0-6000,Common_Dolphin,Common_Dolphin,true
test_1660,lp_0-6000,Common_Dolphin,Striped_Dolphin,false
test_1662,lp_0-6000,Common_Dolphin,Common_Dolphin,true
test_1664,lp_0-6000,Common_Dolphin,Common_Dolphin,true
test_1666,lp_0-6000,Common_Dolphin,Common_Dolphin,true
test_167,lp_0-6000,Spinner_Dolphin,Spinner_Dolphin,true
test_1677,lp_0-6000,Common_Dolphin,Striped_Dolphin,false
test_1679,lp_0-6000,Common_Dolphin,Common_Dolphin,true
test_1682,lp_0-6000,Common_Dolphin,Narwhal,false
test_1686,lp_0-6000,Common_Dolphin,Common_Dolphin,true
test_1687,lp_0-6000,Common_Dolphin,Common_Dolphin,true
test_1694,lp_0-6000,Common_Dolphin,Common_Dolphin,true
test_172,lp_0-6000,Spinner_Dolphin,Spinner_Dolphin,true
test_173,lp_0-6000,Spinner_Dolphin,Spinner_Dolphin,true
test_180,lp_0-6000,Spinner_Dolphin,Spinner_Dolphin,true
test_185,lp_0-6000,Spinner_Dolphin,Spinner_Dolphin,true
test_19,lp_0-6000,Clymene_Dolphin,Clymene_Dolphin,true
test_194,lp_0-6000,Spinner_Dolphin,Spinner_Dolphin,true
test_199,lp_0-6000,Spinner_Dolphin,Spinner_Dolphin,true
test_200,lp_0-6000,Spinner_Dolphin,Spinner_Dolphin,true
test_205,lp_0-6000,"Beluga,_White_Whale","Beluga,_White_Whale",true
test_207,lp_0-6000,"Beluga,_White_Whale",Clymene_Dolphin,false
test_208,lp_0-6000,"Beluga,_White_Whale","Grampus,_Rissos_Dolphin",false
test_21,lp_0-6000,Clymene_Dolphin,Clymene_Dolphin,true
test_225,lp_0-6000,"Beluga,_White_Whale","Beluga,_White_Whale",true
test_233,lp_0-6000,"Beluga,_White_Whale","Beluga,_White_Whale",true
test_241,lp_0-6000,"Beluga,_White_Whale","Beluga,_White_Whale",true
test_243,lp_0-6000,"Beluga,_White_Whale","Beluga,_White_Whale",true
test_245,lp_0-6000,"Beluga,_White_Whale","Beluga,_White_Whale",true
test_246,lp_0-6000,"Beluga,_White_Whale","Beluga,_White_Whale",true
test_250,lp_0-6000,"Beluga,_White_Whale",Common_Dolphin,false
test_252,lp_0-6000,Bearded_Seal,Bowhead_Whale,false
test_256,lp_0-6000,Bearded_Seal,Bearded_Seal,true
test_257,lp_0-6000,Bearded_Seal,Bearded_Seal,true
test_260,lp_0-6000,Bearded_Seal,Bearded_Seal,true
test_264,lp_0-6000,Bearded_Seal,Bowhead_Whale,false
test_268,lp_0-6000,Bearded_Seal,Bearded_Seal,true
test_272,lp_0-6000,Bearded_Seal,Bearded_Seal,true
test_285,lp_0-6000,Bearded_Seal,Bearded_Seal,true
test_288,lp_0-6000,Minke_Whale,Minke_Whale,true
test_291,lp_0-6000,Minke_Whale,Minke_Whale,true
test_302,lp_0-6000,Minke_Whale,Minke_Whale,true
test_305,lp_0-6000,Humpback_Whale,Humpback_Whale,true
test_31,lp_0-6000,Clymene_Dolphin,Clymene_Dolphin,true
test_317,lp_0-6000,Humpback_Whale,Northern_Right_Whale,false
test_32,lp_0-6000,Clymene_Dolphin,Clymene_Dolphin,true
test_323,lp_0-6000,Humpback_Whale,Humpback_Whale,true
test_33,lp_0-6000,Clymene_Dolphin,White-beaked_Dolphin,false
test_330,lp_0-6000,Humpback_Whale,Humpback_Whale,true
test_335,lp_0-6000,Humpback_Whale,Humpback_Whale,true
test_343,lp_0-6000,Humpback_Whale,Northern_Right_Whale,false
test_345,lp_0-6000,Humpback_Whale,Humpback_Whale,true
test_348,lp_0-6000,Humpback_Whale,Humpback_Whale,true
test_35,lp_0-6000,Clymene_Dolphin,Clymene_Dolphin,true
test_353,lp_0-6000,Humpback_Whale,Humpback_Whale,true
test_354,lp_0-6000,Humpback_Whale,Humpback_Whale,true
test_355,lp_0-6000,Humpback_Whale,Humpback_Whale,true
test_358,lp_0-6000,Humpback_Whale,Humpback_Whale,true
test_364,lp_0-6000,Humpback_Whale,Humpback_Whale,true
test_369,lp_0-6000,Southern_Right_Whale,Southern_Right_Whale,true
test_37,lp_0-6000,Clymene_Dolphin,Clymene_Dolphin,true
test_376,lp_0-6000,Southern_Right_Whale,Southern_Right_Whale,true
test_381,lp_0-6000,Southern_Right_Whale,Southern_Right_Whale,true
test_385,lp_0-6000,Southern_Right_Whale,Southern_Right_Whale,true
test_392,lp_0-6000,Southern_Right_Whale,Southern_Right_Whale,true
test_401,lp_0-6000,White-sided_Dolphin,White-sided_Dolphin,true
test_406,lp_0-6000,White-sided_Dolphin,Clymene_Dolphin,false
test_408,lp_0-6000,White-sided_Dolphin,Bottlenose_Dolphin,false
test_410,lp_0-6000,White-sided_Dolphin,White-sided_Dolphin,true
test_411,lp_0-6000,White-sided_Dolphin,White-sided_Dolphin,true
test_417,lp_0-6000,White-sided_Dolphin,White-sided_Dolphin,true
test_419,lp_0-6000,White-sided_Dolphin,White-sided_Dolphin,true
test_421,lp_0-6000,White-sided_Dolphin,White-sided_Dolphin,true
test_425,lp_0-6000,White-sided_Dolphin,"Beluga,_White_Whale",false
test_431,lp_0-6000,White-sided_Dolphin,White-beaked_Dolphin,false
test_441,lp_0-6000,White-sided_Dolphin,Sperm_Whale,false
test_451,lp_0-6000,Narwhal,Narwhal,true
test_46,lp_0-6000,Clymene_Dolphin,Clymene_Dolphin,true
test_461,lp_0-6000,Narwhal,Narwhal,true
test_463,lp_0-6000,Narwhal,Narwhal,true
test_465,lp_0-6000,Narwhal,Narwhal,true
test_471,lp_0-6000,Narwhal,Narwhal,true
test_473,lp_0-6000,Narwhal,Narwhal,true
test_474,lp_0-6000,Narwhal,Narwhal,true
test_483,lp_0-6000,Narwhal,Narwhal,true
test_494,lp_0-6000,Narwhal,Narwhal,true
test_495,lp_0-6000,Narwhal,Narwhal,true
test_501,lp_0-6000,White-beaked_Dolphin,White-beaked_Dolphin,true
test_503,lp_0-6000,White-beaked_Dolphin,White-beaked_Dolphin,true
test_506,lp_0-6000,White-beaked_Dolphin,White-beaked_Dolphin,true
test_509,lp_0-6000,White-beaked_Dolphin,White-beaked_Dolphin,true
test_51,lp_0-6000,Clymene_Dolphin,Clymene_Dolphin,true
test_518,lp_0-6000,White-beaked_Dolphin,White-beaked_Dolphin,true
test_523,lp_0-6000,White-beaked_Dolphin,White-beaked_Dolphin,true
test_524,lp_0-6000,White-beaked_Dolphin,White-beaked_Dolphin,true
test_527,lp_0-6000,White-beaked_Dolphin,White-beaked_Dolphin,true
test_539,lp_0-6000,White-beaked_Dolphin,White-beaked_Dolphin,true
test_54,lp_0-6000,Clymene_Dolphin,Clymene_Dolphin,true
test_541,lp_0-6000,White-beaked_Dolphin,White-beaked_Dolphin,true
test_543,lp_0-6000,White-beaked_Dolphin,Harp_Seal,false
test_55,lp_0-6000,Clymene_Dolphin,Clymene_Dolphin,true
test_551,lp_0-6000,White-beaked_Dolphin,White-beaked_Dolphin,true
test_566,lp_0-6000,Northern_Right_Whale,Northern_Right_Whale,true
test_576,lp_0-6000,Northern_Right_Whale,Northern_Right_Whale,true
test_579,lp_0-6000,Northern_Right_Whale,Humpback_Whale,false
test_585,lp_0-6000,Northern_Right_Whale,Northern_Right_Whale,true
test_588,lp_0-6000,Northern_Right_Whale,Northern_Right_Whale,true
test_591,lp_0-6000,Northern_Right_Whale,Harp_Seal,false
test_592,lp_0-6000,Northern_Right_Whale,Northern_Right_Whale,true
test_597,lp_0-6000,Northern_Right_Whale,Northern_Right_Whale,true
test_601,lp_0-6000,Northern_Right_Whale,Northern_Right_Whale,true
test_604,lp_0-6000,Northern_Right_Whale,Northern_Right_Whale,true
test_608,lp_0-6000,Northern_Right_Whale,Northern_Right_Whale,true
test_614,lp_0-6000,Frasers_Dolphin,Frasers_Dolphin,true
test_623,lp_0-6000,Frasers_Dolphin,Frasers_Dolphin,true
test_628,lp_0-6000,Frasers_Dolphin,Frasers_Dolphin,true
test_631,lp_0-6000,Frasers_Dolphin,Frasers_Dolphin,true
test_632,lp_0-6000,Frasers_Dolphin,Frasers_Dolphin,true
test_635,lp_0-6000,Frasers_Dolphin,Frasers_Dolphin,true
test_657,lp_0-6000,Frasers_Dolphin,Frasers_Dolphin,true
test_658,lp_0-6000,Frasers_Dolphin,Frasers_Dolphin,true
test_66,lp_0-6000,Bottlenose_Dolphin,Bottlenose_Dolphin,true
test_660,lp_0-6000,Frasers_Dolphin,Frasers_Dolphin,true
test_664,lp_0-6000,Frasers_Dolphin,Frasers_Dolphin,true
test_666,lp_0-6000,Frasers_Dolphin,Frasers_Dolphin,true
test_670,lp_0-6000,Frasers_Dolphin,Frasers_Dolphin,true
test_672,lp_0-6000,Frasers_Dolphin,Frasers_Dolphin,true
test_675,lp_0-6000,Frasers_Dolphin,Frasers_Dolphin,true
test_679,lp_0-6000,Frasers_Dolphin,Frasers_Dolphin,true
test_691,lp_0-6000,Frasers_Dolphin,Frasers_Dolphin,true
test_693,lp_0-6000,Frasers_Dolphin,Frasers_Dolphin,true
test_700,lp_0-6000,"Grampus,_Rissos_Dolphin","Grampus,_Rissos_Dolphin",true
test_719,lp_0-6000,"Grampus,_Rissos_Dolphin","Grampus,_Rissos_Dolphin",true
test_721,lp_0-6000,"Grampus,_Rissos_Dolphin","Grampus,_Rissos_Dolphin",true
test_723,lp_0-6000,"Grampus,_Rissos_Dolphin","Grampus,_Rissos_Dolphin",true
test_727,lp_0-6000,"Grampus,_Rissos_Dolphin","Grampus,_Rissos_Dolphin",true
test_733,lp_0-6000,"Grampus,_Rissos_Dolphin","Grampus,_Rissos_Dolphin",true
test_742,lp_0-6000,"Grampus,_Rissos_Dolphin","Grampus,_Rissos_Dolphin",true
test_743,lp_0-6000,"Grampus,_Rissos_Dolphin",Pantropical_Spotted_Dolphin,false
test_744,lp_0-6000,"Grampus,_Rissos_Dolphin","Grampus,_Rissos_Dolphin",true
test_748,lp_0-6000,"Grampus,_Rissos_Dolphin","Grampus,_Rissos_Dolphin",true
test_749,lp_0-6000,"Grampus,_Rissos_Dolphin","Grampus,_Rissos_Dolphin",true
test_75,lp_0-6000,Bottlenose_Dolphin,Bottlenose_Dolphin,true
test_756,lp_0-6000,"Grampus,_Rissos_Dolphin","Grampus,_Rissos_Dolphin",true
test_759,lp_0-6000,"Grampus,_Rissos_Dolphin",Long-Finned_Pilot_Whale,false
test_761,lp_0-6000,"Grampus,_Rissos_Dolphin","Grampus,_Rissos_Dolphin",true
test_774,lp_0-6000,Harp_Seal,Harp_Seal,true
test_777,lp_0-6000,Harp_Seal,Harp_Seal,true
test_786,lp_0-6000,Harp_Seal,Harp_Seal,true
test_788,lp_0-6000,Harp_Seal,Harp_Seal,true
test_79,lp_0-6000,Bottlenose_Dolphin,Short-Finned_Pacific_Pilot_Whale,false
test_794,lp_0-6000,Harp_Seal,Harp_Seal,true
test_796,lp_0-6000,Harp_Seal,Harp_Seal,true
test_800,lp_0-6000,Harp_Seal,Harp_Seal,true
test_801,lp_0-6000,Harp_Seal,Harp_Seal,true
test_804,lp_0-6000,Harp_Seal,Harp_Seal,true
test_808,lp_0-6000,Harp_Seal,Harp_Seal,true
test_81,lp_0-6000,Bottlenose_Dolphin,Bottlenose_Dolphin,true
test_814,lp_0-6000,Atlantic_Spotted_Dolphin,Atlantic_Spotted_Dolphin,true
test_815,lp_0-6000,Atlantic_Spotted_Dolphin,Atlantic_Spotted_Dolphin,true
test_827,lp_0-6000,Atlantic_Spotted_Dolphin,Atlantic_Spotted_Dolphin,true
test_831,lp_0-6000,Atlantic_Spotted_Dolphin,Atlantic_Spotted_Dolphin,true
test_833,lp_0-6000,Atlantic_Spotted_Dolphin,Atlantic_Spotted_Dolphin,true
test_834,lp_0-6000,Atlantic_Spotted_Dolphin,Atlantic_Spotted_Dolphin,true
test_836,lp_0-6000,Atlantic_Spotted_Dolphin,Atlantic_Spotted_Dolphin,true
test_845,lp_0-6000,Atlantic_Spotted_Dolphin,Atlantic_Spotted_Dolphin,true
test_850,lp_0-6000,Atlantic_Spotted_Dolphin,Atlantic_Spotted_Dolphin,true
test_851,lp_0-6000,Atlantic_Spotted_Dolphin,Atlantic_Spotted_Dolphin,true
test_858,lp_0-6000,Atlantic_Spotted_Dolphin,Atlantic_Spotted_Dolphin,true
test_871,lp_0-6000,"Fin,_Finback_Whale","Fin,_Finback_Whale",true
test_877,lp_0-6000,"Fin,_Finback_Whale","Fin,_Finback_Whale",true
test_882,lp_0-6000,"Fin,_Finback_Whale","Fin,_Finback_Whale",true
test_884,lp_0-6000,"Fin,_Finback_Whale","Fin,_Finback_Whale",true
test_886,lp_0-6000,"Fin,_Finback_Whale","Fin,_Finback_Whale",true
test_889,lp_0-6000,"Fin,_Finback_Whale","Fin,_Finback_Whale",true
test_890,lp_0-6000,"Fin,_Finback_Whale","Fin,_Finback_Whale",true
test_904,lp_0-6000,"Fin,_Finback_Whale","Fin,_Finback_Whale",true
test_906,lp_0-6000,"Fin,_Finback_Whale","Fin,_Finback_Whale",true
test_910,lp_0-6000,"Fin,_Finback_Whale","Fin,_Finback_Whale",true
test_92,lp_0-6000,Spinner_Dolphin,Spinner_Dolphin,true
test_924,lp_0-6000,Ross_Seal,Ross_Seal,true
test_934,lp_0-6000,Ross_Seal,Ross_Seal,true
test_937,lp_0-6000,Ross_Seal,Ross_Seal,true
test_939,lp_0-6000,Ross_Seal,Bearded_Seal,false
test_945,lp_0-6000,Ross_Seal,Ross_Seal,true
test_946,lp_0-6000,Ross_Seal,Ross_Seal,true
test_95,lp_0-6000,Spinner_Dolphin,Spinner_Dolphin,true
test_953,lp_0-6000,Ross_Seal,Ross_Seal,true
test_959,lp_0-6000,Ross_Seal,Ross_Seal,true
test_960,lp_0-6000,Ross_Seal,Ross_Seal,true
test_962,lp_0-6000,Ross_Seal,Ross_Seal,true
test_972,lp_0-6000,Rough-Toothed_Dolphin,Rough-Toothed_Dolphin,true
test_974,lp_0-6000,Rough-Toothed_Dolphin,Rough-Toothed_Dolphin,true
test_975,lp_0-6000,Rough-Toothed_Dolphin,Narwhal,false
test_978,lp_0-6000,Rough-Toothed_Dolphin,Rough-Toothed_Dolphin,true
test_98,lp_0-6000,Spinner_Dolphin,Spinner_Dolphin,true
test_980,lp_0-6000,Rough-Toothed_Dolphin,Rough-Toothed_Dolphin,true
test_994,lp_0-6000,Rough-Toothed_Dolphin,Rough-Toothed_Dolphin,true
test_997,lp_0-6000,Rough-Toothed_Dolphin,Rough-Toothed_Dolphin,true
test_999,lp_0-6000,Rough-Toothed_Dolphin,Spinner_Dolphin,false
test_10,lp_0-8000,Clymene_Dolphin,Clymene_Dolphin,true
test_1008,lp_0-8000,Rough-Toothed_Dolphin,Rough-Toothed_Dolphin,true
test_1019,lp_0-8000,Rough-Toothed_Dolphin,Rough-Toothed_Dolphin,true
test_1021,lp_0-8000,Killer_Whale,Killer_Whale,true
test_1029,lp_0-8000,Killer_Whale,Killer_Whale,true
test_103,lp_0-8000,Spinner_Dolphin,Spinner_Dolphin,true
test_1034,lp_0-8000,Killer_Whale,Humpback_Whale,false
test_1041,lp_0-8000,Killer_Whale,Killer_Whale,true
test_1042,lp_0-8000,Killer_Whale,Melon_Headed_Whale,false
test_1048,lp_0-8000,Killer_Whale,Melon_Headed_Whale,false
test_1051,lp_0-8000,Killer_Whale,Killer_Whale,true
test_1056,lp_0-8000,Pantropical_Spotted_Dolphin,Pantropical_Spotted_Dolphin,true
test_1057,lp_0-8000,Pantropical_Spotted_Dolphin,Spinner_Dolphin,false
test_1060,lp_0-8000,Pantropical_Spotted_Dolphin,Pantropical_Spotted_Dolphin,true
test_1065,lp_0-8000,Pantropical_Spotted_Dolphin,Pantropical_Spotted_Dolphin,true
test_1066,lp_0-8000,Pantropical_Spotted_Dolphin,Pantropical_Spotted_Dolphin,true
test_1075,lp_0-8000,Pantropical_Spotted_Dolphin,Sperm_Whale,false
test_108,lp_0-8000,Spinner_Dolphin,Spinner_Dolphin,true
test_1088,lp_0-8000,Pantropical_Spotted_Dolphin,Spinner_Dolphin,false
test_1093,lp_0-8000,Pantropical_Spotted_Dolphin,Pantropical_Spotted_Dolphin,true
test_1099,lp_0-8000,Pantropical_Spotted_Dolphin,Pantropical_Spotted_Dolphin,true
test_110,lp_0-8000,Spinner_Dolphin,Spinner_Dolphin,true
test_1108,lp_0-8000,Pantropical_Spotted_Dolphin,Pantropical_Spotted_Dolphin,true
test_111,lp_0-8000,Spinner_Dolphin,Spinner_Dolphin,true
test_1117,lp_0-8000,Pantropical_Spotted_Dolphin,Pantropical_Spotted_Dolphin,true
test_1118,lp_0-8000,Pantropical_Spotted_Dolphin,Pantropical_Spotted_Dolphin,true
test_1119,lp_0-8000,Pantropical_Spotted_Dolphin,Pantropical_Spotted_Dolphin,true
test_112,lp_0-8000,Spinner_Dolphin,Spinner_Dolphin,true
test_1122,lp_0-8000,Short-Finned_Pacific_Pilot_Whale,Short-Finned_Pacific_Pilot_Whale,true
test_1126,lp_0-8000,Short-Finned_Pacific_Pilot_Whale,Short-Finned_Pacific_Pilot_Whale,true
test_113,lp_0-8000,Spinner_Dolphin,Spinner_Dolphin,true
test_1143,lp_0-8000,Short-Finned_Pacific_Pilot_Whale,Short-Finned_Pacific_Pilot_Whale,true
test_1144,lp_0-8000,Short-Finned_Pacific_Pilot_Whale,Short-Finned_Pacific_Pilot_Whale,true
test_1147,lp_0-8000,Short-Finned_Pacific_Pilot_Whale,Short-Finned_Pacific_Pilot_Whale,true
test_115,lp_0-8000,Spinner_Dolphin,Spinner_Dolphin,true
test_1152,lp_0-8000,Short-Finned_Pacific_Pilot_Whale,Short-Finned_Pacific_Pilot_Whale,true
test_1161,lp_0-8000,Short-Finned_Pacific_Pilot_Whale,Short-Finned_Pacific_Pilot_Whale,true
test_1162,lp_0-8000,Short-Finned_Pacific_Pilot_Whale,Short-Finned_Pacific_Pilot_Whale,true
test_1167,lp_0-8000,Short-Finned_Pacific_Pilot_Whale,Short-Finned_Pacific_Pilot_Whale,true
test_1172,lp_0-8000,Short-Finned_Pacific_Pilot_Whale,Short-Finned_Pacific_Pilot_Whale,true
test_1173,lp_0-8000,Short-Finned_Pacific_Pilot_Whale,Short-Finned_Pacific_Pilot_Whale,true
test_1175,lp_0-8000,Short-Finned_Pacific_Pilot_Whale,Short-Finned_Pacific_Pilot_Whale,true
test_1184,lp_0-8000,Short-Finned_Pacific_Pilot_Whale,Short-Finned_Pacific_Pilot_Whale,true
test_1185,lp_0-8000,Short-Finned_Pacific_Pilot_Whale,Short-Finned_Pacific_Pilot_Whale,true
test_1189,lp_0-8000,Bowhead_Whale,Bowhead_Whale,true
test_1194,lp_0-8000,Bowhead_Whale,Bowhead_Whale,true
test_1197,lp_0-8000,Bowhead_Whale,Bowhead_Whale,true
test_120,lp_0-8000,Spinner_Dolphin,Spinner_Dolphin,true
test_1201,lp_0-8000,Bowhead_Whale,Bowhead_Whale,true
test_1218,lp_0-8000,Bowhead_Whale,Bowhead_Whale,true
test_1225,lp_0-8000,Bowhead_Whale,Bowhead_Whale,true
test_123,lp_0-8000,Spinner_Dolphin,Spinner_Dolphin,true
test_1235,lp_0-8000,Bowhead_Whale,Bowhead_Whale,true
test_1238,lp_0-8000,Bowhead_Whale,Bowhead_Whale,true
test_124,lp_0-8000,Spinner_Dolphin,Spinner_Dolphin,true
test_1245,lp_0-8000,Bowhead_Whale,Bearded_Seal,false
test_1246,lp_0-8000,Bowhead_Whale,Bowhead_Whale,true
test_1247,lp_0-8000,Bowhead_Whale,Bowhead_Whale,true
test_1248,lp_0-8000,Bowhead_Whale,Northern_Right_Whale,false
test_1252,lp_0-8000,False_Killer_Whale,False_Killer_Whale,true
test_1265,lp_0-8000,False_Killer_Whale,False_Killer_Whale,true
test_1267,lp_0-8000,False_Killer_Whale,False_Killer_Whale,true
test_1269,lp_0-8000,False_Killer_Whale,False_Killer_Whale,true
test_1275,lp_0-8000,False_Killer_Whale,False_Killer_Whale,true
test_1276,lp_0-8000,False_Killer_Whale,False_Killer_Whale,true
test_1277,lp_0-8000,False_Killer_Whale,False_Killer_Whale,true
test_1282,lp_0-8000,False_Killer_Whale,False_Killer_Whale,true
test_1283,lp_0-8000,False_Killer_Whale,False_Killer_Whale,true
test_1296,lp_0-8000,False_Killer_Whale,False_Killer_Whale,true
test_1301,lp_0-8000,False_Killer_Whale,False_Killer_Whale,true
test_1303,lp_0-8000,False_Killer_Whale,False_Killer_Whale,true
test_1309,lp_0-8000,Melon_Headed_Whale,Melon_Headed_Whale,true
test_1317,lp_0-8000,Melon_Headed_Whale,Melon_Headed_Whale,true
test_1318,lp_0-8000,Melon_Headed_Whale,Melon_Headed_Whale,true
test_1320,lp_0-8000,Melon_Headed_Whale,Frasers_Dolphin,false
test_1327,lp_0-8000,Melon_Headed_Whale,Melon_Headed_Whale,true
test_1331,lp_0-8000,Melon_Headed_Whale,Melon_Headed_Whale,true
test_1336,lp_0-8000,Melon_Headed_Whale,Melon_Headed_Whale,true
test_1349,lp_0-8000,Melon_Headed_Whale,Melon_Headed_Whale,true
test_1359,lp_0-8000,Melon_Headed_Whale,Melon_Headed_Whale,true
test_1362,lp_0-8000,Melon_Headed_Whale,Melon_Headed_Whale,true
test_1363,lp_0-8000,Melon_Headed_Whale,Melon_Headed_Whale,true
test_1367,lp_0-8000,Melon_Headed_Whale,Melon_Headed_Whale,true
test_1371,lp_0-8000,Long-Finned_Pilot_Whale,Long-Finned_Pilot_Whale,true
test_1373,lp_0-8000,Long-Finned_Pilot_Whale,Long-Finned_Pilot_Whale,true
test_1375,lp_0-8000,Long-Finned_Pilot_Whale,Sperm_Whale,false
test_1379,lp_0-8000,Long-Finned_Pilot_Whale,False_Killer_Whale,false
test_1384,lp_0-8000,Long-Finned_Pilot_Whale,Long-Finned_Pilot_Whale,true
test_1391,lp_0-8000,Long-Finned_Pilot_Whale,Long-Finned_Pilot_Whale,true
test_1402,lp_0-8000,Long-Finned_Pilot_Whale,Long-Finned_Pilot_Whale,true
test_1404,lp_0-8000,Long-Finned_Pilot_Whale,Long-Finned_Pilot_Whale,true
test_1407,lp_0-8000,Long-Finned_Pilot_Whale,Long-Finned_Pilot_Whale,true
test_1415,lp_0-8000,Long-Finned_Pilot_Whale,Long-Finned_Pilot_Whale,true
test_1432,lp_0-8000,Long-Finned_Pilot_Whale,Long-Finned_Pilot_Whale,true
test_1434,lp_0-8000,Long-Finned_Pilot_Whale,Long-Finned_Pilot_Whale,true
test_1439,lp_0-8000,Long-Finned_Pilot_Whale,Long-Finned_Pilot_Whale,true
test_1440,lp_0-8000,Long-Finned_Pilot_Whale,Long-Finned_Pilot_Whale,true
test_1450,lp_0-8000,Striped_Dolphin,Striped_Dolphin,true
test_1454,lp_0-8000,Striped_Dolphin,Striped_Dolphin,true
test_1456,lp_0-8000,Striped_Dolphin,Striped_Dolphin,true
test_1462,lp_0-8000,Striped_Dolphin,Spinner_Dolphin,false
test_1472,lp_0-8000,Striped_Dolphin,Striped_Dolphin,true
test_1481,lp_0-8000,Striped_Dolphin,Striped_Dolphin,true
test_1485,lp_0-8000,Striped_Dolphin,Striped_Dolphin,true
test_1487,lp_0-8000,Striped_Dolphin,Common_Dolphin,false
test_1489,lp_0-8000,Striped_Dolphin,Striped_Dolphin,true
test_1497,lp_0-8000,Striped_Dolphin,Clymene_Dolphin,false
test_1501,lp_0-8000,Striped_Dolphin,Striped_Dolphin,true
test_1502,lp_0-8000,Striped_Dolphin,Striped_Dolphin,true
test_1505,lp_0-8000,Striped_Dolphin,Striped_Dolphin,true
test_1510,lp_0-8000,Striped_Dolphin,False_Killer_Whale,false
test_1513,lp_0-8000,Striped_Dolphin,Striped_Dolphin,true
test_1521,lp_0-8000,Striped_Dolphin,Striped_Dolphin,true
test_1526,lp_0-8000,Leopard_Seal,Leopard_Seal,true
test_1530,lp_0-8000,Leopard_Seal,Leopard_Seal,true
test_1532,lp_0-8000,Walrus,Walrus,true
test_1534,lp_0-8000,Walrus,Harp_Seal,false
test_1536,lp_0-8000,Walrus,Walrus,true
test_1538,lp_0-8000,Walrus,Walrus,true
test_1548,lp_0-8000,Walrus,Harp_Seal,false
test_1560,lp_0-8000,Walrus,Walrus,true
test_1561,lp_0-8000,Walrus,Walrus,true
test_1570,lp_0-8000,Sperm_Whale,Sperm_Whale,true
test_1573,lp_0-8000,Sperm_Whale,Long-Finned_Pilot_Whale,false
test_159,lp_0-8000,Spinner_Dolphin,Spinner_Dolphin,true
test_1593,lp_0-8000,Sperm_Whale,Sperm_Whale,true
test_1597,lp_0-8000,Sperm_Whale,Sperm_Whale,true
test_1598,lp_0-8000,Sperm_Whale,Sperm_Whale,true
test_16,lp_0-8000,Clymene_Dolphin,Clymene_Dolphin,true
test_1601,lp_0-8000,Sperm_Whale,Melon_Headed_Whale,false
test_1603,lp_0-8000,Sperm_Whale,Melon_Headed_Whale,false
test_1606,lp_0-8000,Sperm_Whale,Sperm_Whale,true
test_1616,lp_0-8000,Sperm_Whale,Sperm_Whale,true
test_1620,lp_0-8000,Sperm_Whale,Sperm_Whale,true
test_1630,lp_0-8000,Sperm_Whale,Sperm_Whale,true
test_1637,lp_0-8000,Sperm_Whale,Melon_Headed_Whale,false
test_1639,lp_0-8000,Sperm_Whale,Sperm_Whale,true
test_1640,lp_0-8000,Sperm_Whale,Long-Finned_Pilot_Whale,false
test_1643,lp_0-8000,Sperm_Whale,Melon_Headed_Whale,false
test_1647,lp_0-8000,Common_Dolphin,Common_Dolphin,true
test_1660,lp_0-8000,Common_Dolphin,Striped_Dolphin,false
test_1662,lp_0-8000,Common_Dolphin,Common_Dolphin,true
test_1664,lp_0-8000,Common_Dolphin,Common_Dolphin,true
test_1666,lp_0-8000,Common_Dolphin,Common_Dolphin,true
test_167,lp_0-8000,Spinner_Dolphin,Spinner_Dolphin,true
test_1677,lp_0-8000,Common_Dolphin,Striped_Dolphin,false
test_1679,lp_0-8000,Common_Dolphin,Common_Dolphin,true
test_1682,lp_0-8000,Common_Dolphin,Clymene_Dolphin,false
test_1686,lp_0-8000,Common_Dolphin,Common_Dolphin,true
test_1687,lp_0-8000,Common_Dolphin,Common_Dolphin,true
test_1694,lp_0-8000,Common_Dolphin,"Grampus,_Rissos_Dolphin",false
test_172,lp_0-8000,Spinner_Dolphin,Spinner_Dolphin,true
test_173,lp_0-8000,Spinner_Dolphin,Spinner_Dolphin,true
test_180,lp_0-8000,Spinner_Dolphin,Spinner_Dolphin,true
test_185,lp_0-8000,Spinner_Dolphin,Spinner_Dolphin,true
test_19,lp_0-8000,Clymene_Dolphin,Common_Dolphin,false
test_194,lp_0-8000,Spinner_Dolphin,Spinner_Dolphin,true
test_199,lp_0-8000,Spinner_Dolphin,Spinner_Dolphin,true
test_200,lp_0-8000,Spinner_Dolphin,Spinner_Dolphin,true
test_205,lp_0-8000,"Beluga,_White_Whale","Beluga,_White_Whale",true
test_207,lp_0-8000,"Beluga,_White_Whale",Clymene_Dolphin,false
test_208,lp_0-8000,"Beluga,_White_Whale","Grampus,_Rissos_Dolphin",false
test_21,lp_0-8000,Clymene_Dolphin,Clymene_Dolphin,true
test_225,lp_0-8000,"Beluga,_White_Whale","Beluga,_White_Whale",true
test_233,lp_0-8000,"Beluga,_White_Whale","Beluga,_White_Whale",true
test_241,lp_0-8000,"Beluga,_White_Whale","Beluga,_White_Whale",true
test_243,lp_0-8000,"Beluga,_White_Whale","Beluga,_White_Whale",true
test_245,lp_0-8000,"Beluga,_White_Whale","Beluga,_White_Whale",true
test_246,lp_0-8000,"Beluga,_White_Whale","Beluga,_White_Whale",true
test_250,lp_0-8000,"Beluga,_White_Whale",Common_Dolphin,false
test_252,lp_0-8000,Bearded_Seal,Ross_Seal,false
test_256,lp_0-8000,Bearded_Seal,Bearded_Seal,true
test_257,lp_0-8000,Bearded_Seal,Bearded_Seal,true
test_260,lp_0-8000,Bearded_Seal,Bearded_Seal,true
test_264,lp_0-8000,Bearded_Seal,Bowhead_Whale,false
test_268,lp_0-8000,Bearded_Seal,Bearded_Seal,true
test_272,lp_0-8000,Bearded_Seal,Bearded_Seal,true
test_285,lp_0-8000,Bearded_Seal,Bearded_Seal,true
test_288,lp_0-8000,Minke_Whale,Minke_Whale,true
test_291,lp_0-8000,Minke_Whale,Minke_Whale,true
test_302,lp_0-8000,Minke_Whale,Minke_Whale,true
test_305,lp_0-8000,Humpback_Whale,Humpback_Whale,true
test_31,lp_0-8000,Clymene_Dolphin,Clymene_Dolphin,true
test_317,lp_0-8000,Humpback_Whale,Humpback_Whale,true
test_32,lp_0-8000,Clymene_Dolphin,Clymene_Dolphin,true
test_323,lp_0-8000,Humpback_Whale,Humpback_Whale,true
test_33,lp_0-8000,Clymene_Dolphin,False_Killer_Whale,false
test_330,lp_0-8000,Humpback_Whale,Humpback_Whale,true
test_335,lp_0-8000,Humpback_Whale,Humpback_Whale,true
test_343,lp_0-8000,Humpback_Whale,Humpback_Whale,true
test_345,lp_0-8000,Humpback_Whale,Humpback_Whale,true
test_348,lp_0-8000,Humpback_Whale,Humpback_Whale,true
test_35,lp_0-8000,Clymene_Dolphin,Clymene_Dolphin,true
test_353,lp_0-8000,Humpback_Whale,Humpback_Whale,true
test_354,lp_0-8000,Humpback_Whale,Humpback_Whale,true
test_355,lp_0-8000,Humpback_Whale,Humpback_Whale,true
test_358,lp_0-8000,Humpback_Whale,Humpback_Whale,true
test_364,lp_0-8000,Humpback_Whale,Humpback_Whale,true
test_369,lp_0-8000,Southern_Right_Whale,Southern_Right_Whale,true
test_37,lp_0-8000,Clymene_Dolphin,Clymene_Dolphin,true
test_376,lp_0-8000,Southern_Right_Whale,Southern_Right_Whale,true
test_381,lp_0-8000,Southern_Right_Whale,Southern_Right_Whale,true
test_385,lp_0-8000,Southern_Right_Whale,Southern_Right_Whale,true
test_392,lp_0-8000,Southern_Right_Whale,Southern_Right_Whale,true
test_401,lp_0-8000,White-sided_Dolphin,White-sided_Dolphin,true
test_406,lp_0-8000,White-sided_Dolphin,False_Killer_Whale,false
test_408,lp_0-8000,White-sided_Dolphin,Bottlenose_Dolphin,false
test_410,lp_0-8000,White-sided_Dolphin,White-sided_Dolphin,true
test_411,lp_0-8000,White-sided_Dolphin,White-sided_Dolphin,true
test_417,lp_0-8000,White-sided_Dolphin,False_Killer_Whale,false
test_419,lp_0-8000,White-sided_Dolphin,White-sided_Dolphin,true
test_421,lp_0-8000,White-sided_Dolphin,White-sided_Dolphin,true
test_425,lp_0-8000,White-sided_Dolphin,White-sided_Dolphin,true
test_431,lp_0-8000,White-sided_Dolphin,White-sided_Dolphin,true
test_441,lp_0-8000,White-sided_Dolphin,White-sided_Dolphin,true
test_451,lp_0-8000,Narwhal,Narwhal,true
test_46,lp_0-8000,Clymene_Dolphin,Clymene_Dolphin,true
test_461,lp_0-8000,Narwhal,Narwhal,true
test_463,lp_0-8000,Narwhal,Narwhal,true
test_465,lp_0-8000,Narwhal,Narwhal,true
test_471,lp_0-8000,Narwhal,Narwhal,true
test_473,lp_0-8000,Narwhal,Narwhal,true
test_474,lp_0-8000,Narwhal,Narwhal,true
test_483,lp_0-8000,Narwhal,Narwhal,true
test_494,lp_0-8000,Narwhal,Narwhal,true
test_495,lp_0-8000,Narwhal,Narwhal,true
test_501,lp_0-8000,White-beaked_Dolphin,White-beaked_Dolphin,true
test_503,lp_0-8000,White-beaked_Dolphin,White-beaked_Dolphin,true
test_506,lp_0-8000,White-beaked_Dolphin,White-beaked_Dolphin,true
test_509,lp_0-8000,White-beaked_Dolphin,White-beaked_Dolphin,true
test_51,lp_0-8000,Clymene_Dolphin,Clymene_Dolphin,true
test_518,lp_0-8000,White-beaked_Dolphin,White-beaked_Dolphin,true
test_523,lp_0-8000,White-beaked_Dolphin,White-beaked_Dolphin,true
test_524,lp_0-8000,White-beaked_Dolphin,White-beaked_Dolphin,true
test_527,lp_0-8000,White-beaked_Dolphin,White-beaked_Dolphin,true
test_539,lp_0-8000,White-beaked_Dolphin,White-beaked_Dolphin,true
test_54,lp_0-8000,Clymene_Dolphin,Clymene_Dolphin,true
test_541,lp_0-8000,White-beaked_Dolphin,White-beaked_Dolphin,true
test_543,lp_0-8000,White-beaked_Dolphin,Pantropical_Spotted_Dolphin,false
test_55,lp_0-8000,Clymene_Dolphin,Common_Dolphin,false
test_551,lp_0-8000,White-beaked_Dolphin,White-beaked_Dolphin,true
test_566,lp_0-8000,Northern_Right_Whale,Northern_Right_Whale,true
test_576,lp_0-8000,Northern_Right_Whale,Northern_Right_Whale,true
test_579,lp_0-8000,Northern_Right_Whale,Humpback_Whale,false
test_585,lp_0-8000,Northern_Right_Whale,Northern_Right_Whale,true
test_588,lp_0-8000,Northern_Right_Whale,Northern_Right_Whale,true
test_591,lp_0-8000,Northern_Right_Whale,Harp_Seal,false
test_592,lp_0-8000,Northern_Right_Whale,Northern_Right_Whale,true
test_597,lp_0-8000,Northern_Right_Whale,Northern_Right_Whale,true
test_601,lp_0-8000,Northern_Right_Whale,Northern_Right_Whale,true
test_604,lp_0-8000,Northern_Right_Whale,Northern_Right_Whale,true
test_608,lp_0-8000,Northern_Right_Whale,Northern_Right_Whale,true
test_614,lp_0-8000,Frasers_Dolphin,Frasers_Dolphin,true
test_623,lp_0-8000,Frasers_Dolphin,Frasers_Dolphin,true
test_628,lp_0-8000,Frasers_Dolphin,Frasers_Dolphin,true
test_631,lp_0-8000,Frasers_Dolphin,Frasers_Dolphin,true
test_632,lp_0-8000,Frasers_Dolphin,Rough-Toothed_Dolphin,false
test_635,lp_0-8000,Frasers_Dolphin,Frasers_Dolphin,true
test_657,lp_0-8000,Frasers_Dolphin,Frasers_Dolphin,true
test_658,lp_0-8000,Frasers_Dolphin,Frasers_Dolphin,true
test_66,lp_0-8000,Bottlenose_Dolphin,Bottlenose_Dolphin,true
test_660,lp_0-8000,Frasers_Dolphin,Pantropical_Spotted_Dolphin,false
test_664,lp_0-8000,Frasers_Dolphin,Frasers_Dolphin,true
test_666,lp_0-8000,Frasers_Dolphin,Frasers_Dolphin,true
test_670,lp_0-8000,Frasers_Dolphin,Frasers_Dolphin,true
test_672,lp_0-8000,Frasers_Dolphin,Frasers_Dolphin,true
test_675,lp_0-8000,Frasers_Dolphin,Frasers_Dolphin,true
test_679,lp_0-8000,Frasers_Dolphin,Frasers_Dolphin,true
test_691,lp_0-8000,Frasers_Dolphin,Frasers_Dolphin,true
test_693,lp_0-8000,Frasers_Dolphin,Frasers_Dolphin,true
test_700,lp_0-8000,"Grampus,_Rissos_Dolphin","Grampus,_Rissos_Dolphin",true
test_719,lp_0-8000,"Grampus,_Rissos_Dolphin","Grampus,_Rissos_Dolphin",true
test_721,lp_0-8000,"Grampus,_Rissos_Dolphin","Grampus,_Rissos_Dolphin",true
test_723,lp_0-8000,"Grampus,_Rissos_Dolphin","Grampus,_Rissos_Dolphin",true
test_727,lp_0-8000,"Grampus,_Rissos_Dolphin","Grampus,_Rissos_Dolphin",true
test_733,lp_0-8000,"Grampus,_Rissos_Dolphin","Grampus,_Rissos_Dolphin",true
test_742,lp_0-8000,"Grampus,_Rissos_Dolphin","Grampus,_Rissos_Dolphin",true
test_743,lp_0-8000,"Grampus,_Rissos_Dolphin","Grampus,_Rissos_Dolphin",true
test_744,lp_0-8000,"Grampus,_Rissos_Dolphin","Grampus,_Rissos_Dolphin",true
test_748,lp_0-8000,"Grampus,_Rissos_Dolphin","Grampus,_Rissos_Dolphin",true
test_749,lp_0-8000,"Grampus,_Rissos_Dolphin","Grampus,_Rissos_Dolphin",true
test_75,lp_0-8000,Bottlenose_Dolphin,Bottlenose_Dolphin,true
test_756,lp_0-8000,"Grampus,_Rissos_Dolphin","Grampus,_Rissos_Dolphin",true
test_759,lp_0-8000,"Grampus,_Rissos_Dolphin","Grampus,_Rissos_Dolphin",true
test_761,lp_0-8000,"Grampus,_Rissos_Dolphin","Grampus,_Rissos_Dolphin",true
test_774,lp_0-8000,Harp_Seal,Harp_Seal,true
test_777,lp_0-8000,Harp_Seal,Harp_Seal,true
test_786,lp_0-8000,Harp_Seal,Harp_Seal,true
test_788,lp_0-8000,Harp_Seal,Harp_Seal,true
test_79,lp_0-8000,Bottlenose_Dolphin,Striped_Dolphin,false
test_794,lp_0-8000,Harp_Seal,Harp_Seal,true
test_796,lp_0-8000,Harp_Seal,Harp_Seal,true
test_800,lp_0-8000,Harp_Seal,Harp_Seal,true
test_801,lp_0-8000,Harp_Seal,Harp_Seal,true
test_804,lp_0-8000,Harp_Seal,Harp_Seal,true
test_808,lp_0-8000,Harp_Seal,Harp_Seal,true
test_81,lp_0-8000,Bottlenose_Dolphin,Bottlenose_Dolphin,true
test_814,lp_0-8000,Atlantic_Spotted_Dolphin,Atlantic_Spotted_Dolphin,true
test_815,lp_0-8000,Atlantic_Spotted_Dolphin,Atlantic_Spotted_Dolphin,true
test_827,lp_0-8000,Atlantic_Spotted_Dolphin,Atlantic_Spotted_Dolphin,true
test_831,lp_0-8000,Atlantic_Spotted_Dolphin,Atlantic_Spotted_Dolphin,true
test_833,lp_0-8000,Atlantic_Spotted_Dolphin,Atlantic_Spotted_Dolphin,true
test_834,lp_0-8000,Atlantic_Spotted_Dolphin,Atlantic_Spotted_Dolphin,true
test_836,lp_0-8000,Atlantic_Spotted_Dolphin,Atlantic_Spotted_Dolphin,true
test_845,lp_0-8000,Atlantic_Spotted_Dolphin,Atlantic_Spotted_Dolphin,true
test_850,lp_0-8000,Atlantic_Spotted_Dolphin,Atlantic_Spotted_Dolphin,true
test_851,lp_0-8000,Atlantic_Spotted_Dolphin,Atlantic_Spotted_Dolphin,true
test_858,lp_0-8000,Atlantic_Spotted_Dolphin,Atlantic_Spotted_Dolphin,true
test_871,lp_0-8000,"Fin,_Finback_Whale","Fin,_Finback_Whale",true
test_877,lp_0-8000,"Fin,_Finback_Whale","Fin,_Finback_Whale",true
test_882,lp_0-8000,"Fin,_Finback_Whale","Fin,_Finback_Whale",true
test_884,lp_0-8000,"Fin,_Finback_Whale","Fin,_Finback_Whale",true
test_886,lp_0-8000,"Fin,_Finback_Whale","Fin,_Finback_Whale",true
test_889,lp_0-8000,"Fin,_Finback_Whale","Fin,_Finback_Whale",true
test_890,lp_0-8000,"Fin,_Finback_Whale","Fin,_Finback_Whale",true
test_904,lp_0-8000,"Fin,_Finback_Whale","Fin,_Finback_Whale",true
test_906,lp_0-8000,"Fin,_Finback_Whale","Fin,_Finback_Whale",true
test_910,lp_0-8000,"Fin,_Finback_Whale","Fin,_Finback_Whale",true
test_92,lp_0-8000,Spinner_Dolphin,Spinner_Dolphin,true
test_924,lp_0-8000,Ross_Seal,Ross_Seal,true
test_934,lp_0-8000,Ross_Seal,Ross_Seal,true
test_937,lp_0-8000,Ross_Seal,Ross_Seal,true
test_939,lp_0-8000,Ross_Seal,Ross_Seal,true
test_945,lp_0-8000,Ross_Seal,Ross_Seal,true
test_946,lp_0-8000,Ross_Seal,Ross_Seal,true
test_95,lp_0-8000,Spinner_Dolphin,Spinner_Dolphin,true
test_953,lp_0-8000,Ross_Seal,Ross_Seal,true
test_959,lp_0-8000,Ross_Seal,Ross_Seal,true
test_960,lp_0-8000,Ross_Seal,Ross_Seal,true
test_962,lp_0-8000,Ross_Seal,Ross_Seal,true
test_972,lp_0-8000,Rough-Toothed_Dolphin,Rough-Toothed_Dolphin,true
test_974,lp_0-8000,Rough-Toothed_Dolphin,Rough-Toothed_Dolphin,true
test_975,lp_0-8000,Rough-Toothed_Dolphin,Rough-Toothed_Dolphin,true
test_978,lp_0-8000,Rough-Toothed_Dolphin,Rough-Toothed_Dolphin,true
test_98,lp_0-8000,Spinner_Dolphin,Spinner_Dolphin,true
test_980,lp_0-8000,Rough-Toothed_Dolphin,Rough-Toothed_Dolphin,true
test_994,lp_0-8000,Rough-Toothed_Dolphin,Rough-Toothed_Dolphin,true
test_997,lp_0-8000,Rough-Toothed_Dolphin,Rough-Toothed_Dolphin,true
test_999,lp_0-8000,Rough-Toothed_Dolphin,Spinner_Dolphin,false
