model_id,event_id,condition,target,raw_prediction,prediction,correct,batch_size
Qwen/Qwen2.5-Omni-7B,test_10,full_0-8k,Clymene_Dolphin,False Killer Whale,False_Killer_Whale,false,1
Qwen/Qwen2.5-Omni-7B,test_10,lp_0-1000,Clymene_Dolphin,False Killer Whale,False_Killer_Whale,false,1
Qwen/Qwen2.5-Omni-7B,test_16,full_0-8k,Clymene_Dolphin,False Killer Whale,False_Killer_Whale,false,1
Qwen/Qwen2.5-Omni-7B,test_16,lp_0-1000,Clymene_Dolphin,"Beluga, White Whale","Beluga,_White_Whale",false,1
Qwen/Qwen2.5-Omni-7B,test_19,full_0-8k,Clymene_Dolphin,False Killer Whale,False_Killer_Whale,false,1
Qwen/Qwen2.5-Omni-7B,test_19,lp_0-1000,Clymene_Dolphin,"Beluga, White Whale","Beluga,_White_Whale",false,1
Qwen/Qwen2.5-Omni-7B,test_21,full_0-8k,Clymene_Dolphin,Bottlenose Dolphin,Bottlenose_Dolphin,false,1
Qwen/Qwen2.5-Omni-7B,test_21,lp_0-1000,Clymene_Dolphin,"Beluga, White Whale","Beluga,_White_Whale",false,1
Qwen/Qwen2.5-Omni-7B,test_31,full_0-8k,Clymene_Dolphin,"Beluga, White Whale","Beluga,_White_Whale",false,1
Qwen/Qwen2.5-Omni-7B,test_31,lp_0-1000,Clymene_Dolphin,"Beluga, White Whale","Beluga,_White_Whale",false,1
Qwen/Qwen2.5-Omni-7B,test_32,full_0-8k,Clymene_Dolphin,"Beluga, White Whale","Beluga,_White_Whale",false,1
Qwen/Qwen2.5-Omni-7B,test_32,lp_0-1000,Clymene_Dolphin,"Beluga, White Whale","Beluga,_White_Whale",false,1
Qwen/Qwen2.5-Omni-7B,test_33,full_0-8k,Clymene_Dolphin,False Killer Whale,False_Killer_Whale,false,1
Qwen/Qwen2.5-Omni-7B,test_33,lp_0-1000,Clymene_Dolphin,False Killer Whale,False_Killer_Whale,false,1
Qwen/Qwen2.5-Omni-7B,test_35,full_0-8k,Clymene_Dolphin,"Beluga, White Whale","Beluga,_White_Whale",false,1
Qwen/Qwen2.5-Omni-7B,test_35,lp_0-1000,Clymene_Dolphin,"Beluga, White Whale","Beluga,_White_Whale",false,1
Qwen/Qwen2.5-Omni-7B,test_37,full_0-8k,Clymene_Dolphin,"Beluga, White Whale","Beluga,_White_Whale",false,1
Qwen/Qwen2.5-Omni-7B,test_37,lp_0-1000,Clymene_Dolphin,"Beluga, White Whale","Beluga,_White_Whale",false,1
Qwen/Qwen2.5-Omni-7B,test_46,full_0-8k,Clymene_Dolphin,Bottlenose Dolphin,Bottlenose_Dolphin,false,1
Qwen/Qwen2.5-Omni-7B,test_46,lp_0-1000,Clymene_Dolphin,False Killer Whale,False_Killer_Whale,false,1
Qwen/Qwen2.5-Omni-7B,test_51,full_0-8k,Clymene_Dolphin,"Beluga, White Whale","Beluga,_White_Whale",false,1
Qwen/Qwen2.5-Omni-7B,test_51,lp_0-1000,Clymene_Dolphin,False Killer Whale,False_Killer_Whale,false,1
Qwen/Qwen2.5-Omni-7B,test_54,full_0-8k,Clymene_Dolphin,"Beluga, White Whale","Beluga,_White_Whale",false,1
Qwen/Qwen2.5-Omni-7B,test_54,lp_0-1000,Clymene_Dolphin,"Beluga, White Whale","Beluga,_White_Whale",false,1
Qwen/Qwen2.5-Omni-7B,test_55,full_0-8k,Clymene_Dolphin,"Beluga, White Whale","Beluga,_White_Whale",false,1
Qwen/Qwen2.5-Omni-7B,test_55,lp_0-1000,Clymene_Dolphin,"Beluga, White Whale","Beluga,_White_Whale",false,1
Qwen/Qwen2.5-Omni-7B,test_66,full_0-8k,Bottlenose_Dolphin,Bottlenose Dolphin,Bottlenose_Dolphin,true,1
Qwen/Qwen2.5-Omni-7B,test_66,lp_0-1000,Bottlenose_Dolphin,"Beluga, White Whale","Beluga,_White_Whale",false,1
Qwen/Qwen2.5-Omni-7B,test_75,full_0-8k,Bottlenose_Dolphin,Atlantic Spotted Dolphin,Atlantic_Spotted_Dolphin,false,1
Qwen/Qwen2.5-Omni-7B,test_75,lp_0-1000,Bottlenose_Dolphin,False Killer Whale,False_Killer_Whale,false,1
Qwen/Qwen2.5-Omni-7B,test_79,full_0-8k,Bottlenose_Dolphin,False Killer Whale,False_Killer_Whale,false,1
Qwen/Qwen2.5-Omni-7B,test_79,lp_0-1000,Bottlenose_Dolphin,False Killer Whale,False_Killer_Whale,false,1
Qwen/Qwen2.5-Omni-7B,test_81,full_0-8k,Bottlenose_Dolphin,Bottlenose Dolphin,Bottlenose_Dolphin,true,1
Qwen/Qwen2.5-Omni-7B,test_81,lp_0-1000,Bottlenose_Dolphin,False Killer Whale,False_Killer_Whale,false,1
Qwen/Qwen2.5-Omni-7B,test_92,full_0-8k,Spinner_Dolphin,Bottlenose Dolphin,Bottlenose_Dolphin,false,1
Qwen/Qwen2.5-Omni-7B,test_92,lp_0-1000,Spinner_Dolphin,"Beluga, White Whale","Beluga,_White_Whale",false,1
Qwen/Qwen2.5-Omni-7B,test_95,full_0-8k,Spinner_Dolphin,Bottlenose Dolphin,Bottlenose_Dolphin,false,1
Qwen/Qwen2.5-Omni-7B,test_95,lp_0-1000,Spinner_Dolphin,False Killer Whale,False_Killer_Whale,false,1
Qwen/Qwen2.5-Omni-7B,test_98,full_0-8k,Spinner_Dolphin,False Killer Whale,False_Killer_Whale,false,1
Qwen/Qwen2.5-Omni-7B,test_98,lp_0-1000,Spinner_Dolphin,False Killer Whale,False_Killer_Whale,false,1
Qwen/Qwen2.5-Omni-7B,test_103,full_0-8k,Spinner_Dolphin,False Killer Whale,False_Killer_Whale,false,1
Qwen/Qwen2.5-Omni-7B,test_103,lp_0-1000,Spinner_Dolphin,"Beluga, White Whale","Beluga,_White_Whale",false,1
Qwen/Qwen2.5-Omni-7B,test_108,full_0-8k,Spinner_Dolphin,False Killer Whale,False_Killer_Whale,false,1
Qwen/Qwen2.5-Omni-7B,test_108,lp_0-1000,Spinner_Dolphin,False Killer Whale,False_Killer_Whale,false,1
Qwen/Qwen2.5-Omni-7B,test_110,full_0-8k,Spinner_Dolphin,"Beluga, White Whale","Beluga,_White_Whale",false,1
Qwen/Qwen2.5-Omni-7B,test_110,lp_0-1000,Spinner_Dolphin,False Killer Whale,False_Killer_Whale,false,1
Qwen/Qwen2.5-Omni-7B,test_111,full_0-8k,Spinner_Dolphin,Bottlenose Dolphin,Bottlenose_Dolphin,false,1
Qwen/Qwen2.5-Omni-7B,test_111,lp_0-1000,Spinner_Dolphin,False Killer Whale,False_Killer_Whale,false,1
Qwen/Qwen2.5-Omni-7B,test_112,full_0-8k,Spinner_Dolphin,False Killer Whale,False_Killer_Whale,false,1
Qwen/Qwen2.5-Omni-7B,test_112,lp_0-1000,Spinner_Dolphin,False Killer Whale,False_Killer_Whale,false,1
Qwen/Qwen2.5-Omni-7B,test_113,full_0-8k,Spinner_Dolphin,False Killer Whale,False_Killer_Whale,false,1
Qwen/Qwen2.5-Omni-7B,test_113,lp_0-1000,Spinner_Dolphin,False Killer Whale,False_Killer_Whale,false,1
Qwen/Qwen2.5-Omni-7B,test_115,full_0-8k,Spinner_Dolphin,Bottlenose Dolphin,Bottlenose_Dolphin,false,1
Qwen/Qwen2.5-Omni-7B,test_115,lp_0-1000,Spinner_Dolphin,False Killer Whale,False_Killer_Whale,false,1
Qwen/Qwen2.5-Omni-7B,test_120,full_0-8k,Spinner_Dolphin,Bottlenose Dolphin,Bottlenose_Dolphin,false,1
Qwen/Qwen2.5-Omni-7B,test_120,lp_0-1000,Spinner_Dolphin,False Killer Whale,False_Killer_Whale,false,1
Qwen/Qwen2.5-Omni-7B,test_123,full_0-8k,Spinner_Dolphin,False Killer Whale,False_Killer_Whale,false,1
Qwen/Qwen2.5-Omni-7B,test_123,lp_0-1000,Spinner_Dolphin,False Killer Whale,False_Killer_Whale,false,1
Qwen/Qwen2.5-Omni-7B,test_124,full_0-8k,Spinner_Dolphin,False Killer Whale,False_Killer_Whale,false,1
Qwen/Qwen2.5-Omni-7B,test_124,lp_0-1000,Spinner_Dolphin,False Killer Whale,False_Killer_Whale,false,1
Qwen/Qwen2.5-Omni-7B,test_159,full_0-8k,Spinner_Dolphin,False Killer Whale,False_Killer_Whale,false,1
Qwen/Qwen2.5-Omni-7B,test_159,lp_0-1000,Spinner_Dolphin,"Beluga, White Whale","Beluga,_White_Whale",false,1
Qwen/Qwen2.5-Omni-7B,test_167,full_0-8k,Spinner_Dolphin,False Killer Whale,False_Killer_Whale,false,1
Qwen/Qwen2.5-Omni-7B,test_167,lp_0-1000,Spinner_Dolphin,False Killer Whale,False_Killer_Whale,false,1
Qwen/Qwen2.5-Omni-7B,test_172,full_0-8k,Spinner_Dolphin,False Killer Whale,False_Killer_Whale,false,1
Qwen/Qwen2.5-Omni-7B,test_172,lp_0-1000,Spinner_Dolphin,False Killer Whale,False_Killer_Whale,false,1
Qwen/Qwen2.5-Omni-7B,test_173,full_0-8k,Spinner_Dolphin,Bottlenose Dolphin,Bottlenose_Dolphin,false,1
Qwen/Qwen2.5-Omni-7B,test_173,lp_0-1000,Spinner_Dolphin,False Killer Whale,False_Killer_Whale,false,1
Qwen/Qwen2.5-Omni-7B,test_180,full_0-8k,Spinner_Dolphin,False Killer Whale,False_Killer_Whale,false,1
Qwen/Qwen2.5-Omni-7B,test_180,lp_0-1000,Spinner_Dolphin,False Killer Whale,False_Killer_Whale,false,1
Qwen/Qwen2.5-Omni-7B,test_185,full_0-8k,Spinner_Dolphin,False Killer Whale,False_Killer_Whale,false,1
Qwen/Qwen2.5-Omni-7B,test_185,lp_0-1000,Spinner_Dolphin,"Beluga, White Whale","Beluga,_White_Whale",false,1
Qwen/Qwen2.5-Omni-7B,test_194,full_0-8k,Spinner_Dolphin,Bottlenose Dolphin,Bottlenose_Dolphin,false,1
Qwen/Qwen2.5-Omni-7B,test_194,lp_0-1000,Spinner_Dolphin,Bottlenose Dolphin,Bottlenose_Dolphin,false,1
Qwen/Qwen2.5-Omni-7B,test_199,full_0-8k,Spinner_Dolphin,Bottlenose Dolphin,Bottlenose_Dolphin,false,1
Qwen/Qwen2.5-Omni-7B,test_199,lp_0-1000,Spinner_Dolphin,False Killer Whale,False_Killer_Whale,false,1
Qwen/Qwen2.5-Omni-7B,test_200,full_0-8k,Spinner_Dolphin,False Killer Whale,False_Killer_Whale,false,1
Qwen/Qwen2.5-Omni-7B,test_200,lp_0-1000,Spinner_Dolphin,"Beluga, White Whale","Beluga,_White_Whale",false,1
Qwen/Qwen2.5-Omni-7B,test_205,full_0-8k,"Beluga,_White_Whale",Bottlenose Dolphin,Bottlenose_Dolphin,false,1
Qwen/Qwen2.5-Omni-7B,test_205,lp_0-1000,"Beluga,_White_Whale","Beluga, White Whale","Beluga,_White_Whale",true,1
Qwen/Qwen2.5-Omni-7B,test_207,full_0-8k,"Beluga,_White_Whale","Beluga, White Whale","Beluga,_White_Whale",true,1
Qwen/Qwen2.5-Omni-7B,test_207,lp_0-1000,"Beluga,_White_Whale",False Killer Whale,False_Killer_Whale,false,1
Qwen/Qwen2.5-Omni-7B,test_208,full_0-8k,"Beluga,_White_Whale","Beluga, White Whale","Beluga,_White_Whale",true,1
Qwen/Qwen2.5-Omni-7B,test_208,lp_0-1000,"Beluga,_White_Whale","Beluga, White Whale","Beluga,_White_Whale",true,1
Qwen/Qwen2.5-Omni-7B,test_225,full_0-8k,"Beluga,_White_Whale","Beluga, White Whale","Beluga,_White_Whale",true,1
Qwen/Qwen2.5-Omni-7B,test_225,lp_0-1000,"Beluga,_White_Whale","Beluga, White Whale","Beluga,_White_Whale",true,1
Qwen/Qwen2.5-Omni-7B,test_233,full_0-8k,"Beluga,_White_Whale","Beluga, White Whale","Beluga,_White_Whale",true,1
Qwen/Qwen2.5-Omni-7B,test_233,lp_0-1000,"Beluga,_White_Whale","Beluga, White Whale","Beluga,_White_Whale",true,1
Qwen/Qwen2.5-Omni-7B,test_241,full_0-8k,"Beluga,_White_Whale","Beluga, White Whale","Beluga,_White_Whale",true,1
Qwen/Qwen2.5-Omni-7B,test_241,lp_0-1000,"Beluga,_White_Whale","Beluga, White Whale","Beluga,_White_Whale",true,1
Qwen/Qwen2.5-Omni-7B,test_243,full_0-8k,"Beluga,_White_Whale","Beluga, White Whale","Beluga,_White_Whale",true,1
Qwen/Qwen2.5-Omni-7B,test_243,lp_0-1000,"Beluga,_White_Whale","Beluga, White Whale","Beluga,_White_Whale",true,1
Qwen/Qwen2.5-Omni-7B,test_245,full_0-8k,"Beluga,_White_Whale","Beluga, White Whale","Beluga,_White_Whale",true,1
Qwen/Qwen2.5-Omni-7B,test_245,lp_0-1000,"Beluga,_White_Whale","Beluga, White Whale","Beluga,_White_Whale",true,1
Qwen/Qwen2.5-Omni-7B,test_246,full_0-8k,"Beluga,_White_Whale",False Killer Whale,False_Killer_Whale,false,1
Qwen/Qwen2.5-Omni-7B,test_246,lp_0-1000,"Beluga,_White_Whale","Beluga, White Whale","Beluga,_White_Whale",true,1
Qwen/Qwen2.5-Omni-7B,test_250,full_0-8k,"Beluga,_White_Whale","Beluga, White Whale","Beluga,_White_Whale",true,1
Qwen/Qwen2.5-Omni-7B,test_250,lp_0-1000,"Beluga,_White_Whale","Beluga, White Whale","Beluga,_White_Whale",true,1
Qwen/Qwen2.5-Omni-7B,test_252,full_0-8k,Bearded_Seal,"Beluga, White Whale","Beluga,_White_Whale",false,1
Qwen/Qwen2.5-Omni-7B,test_252,lp_0-1000,Bearded_Seal,"Beluga, White Whale","Beluga,_White_Whale",false,1
Qwen/Qwen2.5-Omni-7B,test_256,full_0-8k,Bearded_Seal,False Killer Whale,False_Killer_Whale,false,1
Qwen/Qwen2.5-Omni-7B,test_256,lp_0-1000,Bearded_Seal,False Killer Whale,False_Killer_Whale,false,1
Qwen/Qwen2.5-Omni-7B,test_257,full_0-8k,Bearded_Seal,"Beluga, White Whale","Beluga,_White_Whale",false,1
Qwen/Qwen2.5-Omni-7B,test_257,lp_0-1000,Bearded_Seal,False Killer Whale,False_Killer_Whale,false,1
Qwen/Qwen2.5-Omni-7B,test_260,full_0-8k,Bearded_Seal,"Beluga, White Whale","Beluga,_White_Whale",false,1
Qwen/Qwen2.5-Omni-7B,test_260,lp_0-1000,Bearded_Seal,"Beluga, White Whale","Beluga,_White_Whale",false,1
Qwen/Qwen2.5-Omni-7B,test_264,full_0-8k,Bearded_Seal,"Beluga, White Whale","Beluga,_White_Whale",false,1
Qwen/Qwen2.5-Omni-7B,test_264,lp_0-1000,Bearded_Seal,"Beluga, White Whale","Beluga,_White_Whale",false,1
Qwen/Qwen2.5-Omni-7B,test_268,full_0-8k,Bearded_Seal,"Beluga, White Whale","Beluga,_White_Whale",false,1
Qwen/Qwen2.5-Omni-7B,test_268,lp_0-1000,Bearded_Seal,"Beluga, White Whale","Beluga,_White_Whale",false,1
Qwen/Qwen2.5-Omni-7B,test_272,full_0-8k,Bearded_Seal,"Beluga, White Whale","Beluga,_White_Whale",false,1
Qwen/Qwen2.5-Omni-7B,test_272,lp_0-1000,Bearded_Seal,"Beluga, White Whale","Beluga,_White_Whale",false,1
Qwen/Qwen2.5-Omni-7B,test_285,full_0-8k,Bearded_Seal,"Beluga, White Whale","Beluga,_White_Whale",false,1
Qwen/Qwen2.5-Omni-7B,test_285,lp_0-1000,Bearded_Seal,"Beluga, White Whale","Beluga,_White_Whale",false,1
Qwen/Qwen2.5-Omni-7B,test_288,full_0-8k,Minke_Whale,False Killer Whale,False_Killer_Whale,false,1
Qwen/Qwen2.5-Omni-7B,test_288,lp_0-1000,Minke_Whale,False Killer Whale,False_Killer_Whale,false,1
Qwen/Qwen2.5-Omni-7B,test_291,full_0-8k,Minke_Whale,"Beluga, White Whale","Beluga,_White_Whale",false,1
Qwen/Qwen2.5-Omni-7B,test_291,lp_0-1000,Minke_Whale,"Beluga, White Whale","Beluga,_White_Whale",false,1
Qwen/Qwen2.5-Omni-7B,test_302,full_0-8k,Minke_Whale,Bottlenose Dolphin,Bottlenose_Dolphin,false,1
Qwen/Qwen2.5-Omni-7B,test_302,lp_0-1000,Minke_Whale,Bottlenose Dolphin,Bottlenose_Dolphin,false,1
Qwen/Qwen2.5-Omni-7B,test_305,full_0-8k,Humpback_Whale,"Beluga, White Whale","Beluga,_White_Whale",false,1
Qwen/Qwen2.5-Omni-7B,test_305,lp_0-1000,Humpback_Whale,"Beluga, White Whale","Beluga,_White_Whale",false,1
Qwen/Qwen2.5-Omni-7B,test_317,full_0-8k,Humpback_Whale,"Beluga, White Whale","Beluga,_White_Whale",false,1
Qwen/Qwen2.5-Omni-7B,test_317,lp_0-1000,Humpback_Whale,"Beluga, White Whale","Beluga,_White_Whale",false,1
Qwen/Qwen2.5-Omni-7B,test_323,full_0-8k,Humpback_Whale,Humpback Whale,Humpback_Whale,true,1
Qwen/Qwen2.5-Omni-7B,test_323,lp_0-1000,Humpback_Whale,"Beluga, White Whale","Beluga,_White_Whale",false,1
Qwen/Qwen2.5-Omni-7B,test_330,full_0-8k,Humpback_Whale,Bottlenose Dolphin,Bottlenose_Dolphin,false,1
Qwen/Qwen2.5-Omni-7B,test_330,lp_0-1000,Humpback_Whale,"Beluga, White Whale","Beluga,_White_Whale",false,1
Qwen/Qwen2.5-Omni-7B,test_335,full_0-8k,Humpback_Whale,Bottlenose Dolphin,Bottlenose_Dolphin,false,1
Qwen/Qwen2.5-Omni-7B,test_335,lp_0-1000,Humpback_Whale,Bottlenose Dolphin,Bottlenose_Dolphin,false,1
Qwen/Qwen2.5-Omni-7B,test_343,full_0-8k,Humpback_Whale,"Beluga, White Whale","Beluga,_White_Whale",false,1
Qwen/Qwen2.5-Omni-7B,test_343,lp_0-1000,Humpback_Whale,"Beluga, White Whale","Beluga,_White_Whale",false,1
Qwen/Qwen2.5-Omni-7B,test_345,full_0-8k,Humpback_Whale,Humpback Whale,Humpback_Whale,true,1
Qwen/Qwen2.5-Omni-7B,test_345,lp_0-1000,Humpback_Whale,Humpback Whale,Humpback_Whale,true,1
Qwen/Qwen2.5-Omni-7B,test_348,full_0-8k,Humpback_Whale,"Beluga, White Whale","Beluga,_White_Whale",false,1
Qwen/Qwen2.5-Omni-7B,test_348,lp_0-1000,Humpback_Whale,"Beluga, White Whale","Beluga,_White_Whale",false,1
Qwen/Qwen2.5-Omni-7B,test_353,full_0-8k,Humpback_Whale,"Beluga, White Whale","Beluga,_White_Whale",false,1
Qwen/Qwen2.5-Omni-7B,test_353,lp_0-1000,Humpback_Whale,"Beluga, White Whale","Beluga,_White_Whale",false,1
Qwen/Qwen2.5-Omni-7B,test_354,full_0-8k,Humpback_Whale,"Beluga, White Whale","Beluga,_White_Whale",false,1
Qwen/Qwen2.5-Omni-7B,test_354,lp_0-1000,Humpback_Whale,"Beluga, White Whale","Beluga,_White_Whale",false,1
Qwen/Qwen2.5-Omni-7B,test_355,full_0-8k,Humpback_Whale,"Beluga, White Whale","Beluga,_White_Whale",false,1
Qwen/Qwen2.5-Omni-7B,test_355,lp_0-1000,Humpback_Whale,"Beluga, White Whale","Beluga,_White_Whale",false,1
Qwen/Qwen2.5-Omni-7B,test_358,full_0-8k,Humpback_Whale,"Beluga, White Whale","Beluga,_White_Whale",false,1
Qwen/Qwen2.5-Omni-7B,test_358,lp_0-1000,Humpback_Whale,False Killer Whale,False_Killer_Whale,false,1
Qwen/Qwen2.5-Omni-7B,test_364,full_0-8k,Humpback_Whale,Bottlenose Dolphin,Bottlenose_Dolphin,false,1
Qwen/Qwen2.5-Omni-7B,test_364,lp_0-1000,Humpback_Whale,Bottlenose Dolphin,Bottlenose_Dolphin,false,1
Qwen/Qwen2.5-Omni-7B,test_369,full_0-8k,Southern_Right_Whale,"Beluga, White Whale","Beluga,_White_Whale",false,1
Qwen/Qwen2.5-Omni-7B,test_369,lp_0-1000,Southern_Right_Whale,"Beluga, White Whale","Beluga,_White_Whale",false,1
Qwen/Qwen2.5-Omni-7B,test_376,full_0-8k,Southern_Right_Whale,False Killer Whale,False_Killer_Whale,false,1
Qwen/Qwen2.5-Omni-7B,test_376,lp_0-1000,Southern_Right_Whale,"Beluga, White Whale","Beluga,_White_Whale",false,1
Qwen/Qwen2.5-Omni-7B,test_381,full_0-8k,Southern_Right_Whale,False Killer Whale,False_Killer_Whale,false,1
Qwen/Qwen2.5-Omni-7B,test_381,lp_0-1000,Southern_Right_Whale,"Beluga, White Whale","Beluga,_White_Whale",false,1
Qwen/Qwen2.5-Omni-7B,test_385,full_0-8k,Southern_Right_Whale,"Beluga, White Whale","Beluga,_White_Whale",false,1
Qwen/Qwen2.5-Omni-7B,test_385,lp_0-1000,Southern_Right_Whale,"Beluga, White Whale","Beluga,_White_Whale",false,1
Qwen/Qwen2.5-Omni-7B,test_392,full_0-8k,Southern_Right_Whale,"Beluga, White Whale","Beluga,_White_Whale",false,1
Qwen/Qwen2.5-Omni-7B,test_392,lp_0-1000,Southern_Right_Whale,"Beluga, White Whale","Beluga,_White_Whale",false,1
Qwen/Qwen2.5-Omni-7B,test_401,full_0-8k,White-sided_Dolphin,"Beluga, White Whale","Beluga,_White_Whale",false,1
Qwen/Qwen2.5-Omni-7B,test_401,lp_0-1000,White-sided_Dolphin,"Beluga, White Whale","Beluga,_White_Whale",false,1
Qwen/Qwen2.5-Omni-7B,test_406,full_0-8k,White-sided_Dolphin,Bottlenose Dolphin,Bottlenose_Dolphin,false,1
Qwen/Qwen2.5-Omni-7B,test_406,lp_0-1000,White-sided_Dolphin,False Killer Whale,False_Killer_Whale,false,1
Qwen/Qwen2.5-Omni-7B,test_408,full_0-8k,White-sided_Dolphin,False Killer Whale,False_Killer_Whale,false,1
Qwen/Qwen2.5-Omni-7B,test_408,lp_0-1000,White-sided_Dolphin,False Killer Whale,False_Killer_Whale,false,1
Qwen/Qwen2.5-Omni-7B,test_410,full_0-8k,White-sided_Dolphin,"Beluga, White Whale","Beluga,_White_Whale",false,1
Qwen/Qwen2.5-Omni-7B,test_410,lp_0-1000,White-sided_Dolphin,False Killer Whale,False_Killer_Whale,false,1
Qwen/Qwen2.5-Omni-7B,test_411,full_0-8k,White-sided_Dolphin,False Killer Whale,False_Killer_Whale,false,1
Qwen/Qwen2.5-Omni-7B,test_411,lp_0-1000,White-sided_Dolphin,"Beluga, White Whale","Beluga,_White_Whale",false,1
Qwen/Qwen2.5-Omni-7B,test_417,full_0-8k,White-sided_Dolphin,False Killer Whale,False_Killer_Whale,false,1
Qwen/Qwen2.5-Omni-7B,test_417,lp_0-1000,White-sided_Dolphin,False Killer Whale,False_Killer_Whale,false,1
Qwen/Qwen2.5-Omni-7B,test_419,full_0-8k,White-sided_Dolphin,False Killer Whale,False_Killer_Whale,false,1
Qwen/Qwen2.5-Omni-7B,test_419,lp_0-1000,White-sided_Dolphin,False Killer Whale,False_Killer_Whale,false,1
Qwen/Qwen2.5-Omni-7B,test_421,full_0-8k,White-sided_Dolphin,False Killer Whale,False_Killer_Whale,false,1
Qwen/Qwen2.5-Omni-7B,test_421,lp_0-1000,White-sided_Dolphin,"Beluga, White Whale","Beluga,_White_Whale",false,1
Qwen/Qwen2.5-Omni-7B,test_425,full_0-8k,White-sided_Dolphin,Bottlenose Dolphin,Bottlenose_Dolphin,false,1
Qwen/Qwen2.5-Omni-7B,test_425,lp_0-1000,White-sided_Dolphin,"Beluga, White Whale","Beluga,_White_Whale",false,1
Qwen/Qwen2.5-Omni-7B,test_431,full_0-8k,White-sided_Dolphin,"Beluga, White Whale","Beluga,_White_Whale",false,1
Qwen/Qwen2.5-Omni-7B,test_431,lp_0-1000,White-sided_Dolphin,"Beluga, White Whale","Beluga,_White_Whale",false,1
Qwen/Qwen2.5-Omni-7B,test_441,full_0-8k,White-sided_Dolphin,False Killer Whale,False_Killer_Whale,false,1
Qwen/Qwen2.5-Omni-7B,test_441,lp_0-1000,White-sided_Dolphin,"Beluga, White Whale","Beluga,_White_Whale",false,1
Qwen/Qwen2.5-Omni-7B,test_451,full_0-8k,Narwhal,False Killer Whale,False_Killer_Whale,false,1
Qwen/Qwen2.5-Omni-7B,test_451,lp_0-1000,Narwhal,"Beluga, White Whale","Beluga,_White_Whale",false,1
Qwen/Qwen2.5-Omni-7B,test_461,full_0-8k,Narwhal,"Beluga, White Whale","Beluga,_White_Whale",false,1
Qwen/Qwen2.5-Omni-7B,test_461,lp_0-1000,Narwhal,"Beluga, White Whale","Beluga,_White_Whale",false,1
Qwen/Qwen2.5-Omni-7B,test_463,full_0-8k,Narwhal,"Beluga, White Whale","Beluga,_White_Whale",false,1
Qwen/Qwen2.5-Omni-7B,test_463,lp_0-1000,Narwhal,"Beluga, White Whale","Beluga,_White_Whale",false,1
Qwen/Qwen2.5-Omni-7B,test_465,full_0-8k,Narwhal,"Beluga, White Whale","Beluga,_White_Whale",false,1
Qwen/Qwen2.5-Omni-7B,test_465,lp_0-1000,Narwhal,"Beluga, White Whale","Beluga,_White_Whale",false,1
Qwen/Qwen2.5-Omni-7B,test_471,full_0-8k,Narwhal,"Beluga, White Whale","Beluga,_White_Whale",false,1
Qwen/Qwen2.5-Omni-7B,test_471,lp_0-1000,Narwhal,"Beluga, White Whale","Beluga,_White_Whale",false,1
Qwen/Qwen2.5-Omni-7B,test_473,full_0-8k,Narwhal,False Killer Whale,False_Killer_Whale,false,1
Qwen/Qwen2.5-Omni-7B,test_473,lp_0-1000,Narwhal,False Killer Whale,False_Killer_Whale,false,1
Qwen/Qwen2.5-Omni-7B,test_474,full_0-8k,Narwhal,False Killer Whale,False_Killer_Whale,false,1
Qwen/Qwen2.5-Omni-7B,test_474,lp_0-1000,Narwhal,"Beluga, White Whale","Beluga,_White_Whale",false,1
Qwen/Qwen2.5-Omni-7B,test_483,full_0-8k,Narwhal,False Killer Whale,False_Killer_Whale,false,1
Qwen/Qwen2.5-Omni-7B,test_483,lp_0-1000,Narwhal,"Beluga, White Whale","Beluga,_White_Whale",false,1
Qwen/Qwen2.5-Omni-7B,test_494,full_0-8k,Narwhal,False Killer Whale,False_Killer_Whale,false,1
Qwen/Qwen2.5-Omni-7B,test_494,lp_0-1000,Narwhal,"Beluga, White Whale","Beluga,_White_Whale",false,1
Qwen/Qwen2.5-Omni-7B,test_495,full_0-8k,Narwhal,False Killer Whale,False_Killer_Whale,false,1
Qwen/Qwen2.5-Omni-7B,test_495,lp_0-1000,Narwhal,False Killer Whale,False_Killer_Whale,false,1
Qwen/Qwen2.5-Omni-7B,test_501,full_0-8k,White-beaked_Dolphin,False Killer Whale,False_Killer_Whale,false,1
Qwen/Qwen2.5-Omni-7B,test_501,lp_0-1000,White-beaked_Dolphin,False Killer Whale,False_Killer_Whale,false,1
Qwen/Qwen2.5-Omni-7B,test_503,full_0-8k,White-beaked_Dolphin,False Killer Whale,False_Killer_Whale,false,1
Qwen/Qwen2.5-Omni-7B,test_503,lp_0-1000,White-beaked_Dolphin,False Killer Whale,False_Killer_Whale,false,1
Qwen/Qwen2.5-Omni-7B,test_506,full_0-8k,White-beaked_Dolphin,False Killer Whale,False_Killer_Whale,false,1
Qwen/Qwen2.5-Omni-7B,test_506,lp_0-1000,White-beaked_Dolphin,"Beluga, White Whale","Beluga,_White_Whale",false,1
Qwen/Qwen2.5-Omni-7B,test_509,full_0-8k,White-beaked_Dolphin,Bottlenose Dolphin,Bottlenose_Dolphin,false,1
Qwen/Qwen2.5-Omni-7B,test_509,lp_0-1000,White-beaked_Dolphin,"Beluga, White Whale","Beluga,_White_Whale",false,1
Qwen/Qwen2.5-Omni-7B,test_518,full_0-8k,White-beaked_Dolphin,False Killer Whale,False_Killer_Whale,false,1
Qwen/Qwen2.5-Omni-7B,test_518,lp_0-1000,White-beaked_Dolphin,False Killer Whale,False_Killer_Whale,false,1
Qwen/Qwen2.5-Omni-7B,test_523,full_0-8k,White-beaked_Dolphin,Bottlenose Dolphin,Bottlenose_Dolphin,false,1
Qwen/Qwen2.5-Omni-7B,test_523,lp_0-1000,White-beaked_Dolphin,"Beluga, White Whale","Beluga,_White_Whale",false,1
Qwen/Qwen2.5-Omni-7B,test_524,full_0-8k,White-beaked_Dolphin,False Killer Whale,False_Killer_Whale,false,1
Qwen/Qwen2.5-Omni-7B,test_524,lp_0-1000,White-beaked_Dolphin,False Killer Whale,False_Killer_Whale,false,1
Qwen/Qwen2.5-Omni-7B,test_527,full_0-8k,White-beaked_Dolphin,Bottlenose Dolphin,Bottlenose_Dolphin,false,1
Qwen/Qwen2.5-Omni-7B,test_527,lp_0-1000,White-beaked_Dolphin,"Beluga, White Whale","Beluga,_White_Whale",false,1
Qwen/Qwen2.5-Omni-7B,test_539,full_0-8k,White-beaked_Dolphin,Bottlenose Dolphin,Bottlenose_Dolphin,false,1
Qwen/Qwen2.5-Omni-7B,test_539,lp_0-1000,White-beaked_Dolphin,Bottlenose Dolphin,Bottlenose_Dolphin,false,1
Qwen/Qwen2.5-Omni-7B,test_541,full_0-8k,White-beaked_Dolphin,Bottlenose Dolphin,Bottlenose_Dolphin,false,1
Qwen/Qwen2.5-Omni-7B,test_541,lp_0-1000,White-beaked_Dolphin,False Killer Whale,False_Killer_Whale,false,1
Qwen/Qwen2.5-Omni-7B,test_543,full_0-8k,White-beaked_Dolphin,False Killer Whale,False_Killer_Whale,false,1
Qwen/Qwen2.5-Omni-7B,test_543,lp_0-1000,White-beaked_Dolphin,False Killer Whale,False_Killer_Whale,false,1
Qwen/Qwen2.5-Omni-7B,test_551,full_0-8k,White-beaked_Dolphin,False Killer Whale,False_Killer_Whale,false,1
Qwen/Qwen2.5-Omni-7B,test_551,lp_0-1000,White-beaked_Dolphin,False Killer Whale,False_Killer_Whale,false,1
Qwen/Qwen2.5-Omni-7B,test_566,full_0-8k,Northern_Right_Whale,"Beluga, White Whale","Beluga,_White_Whale",false,1
Qwen/Qwen2.5-Omni-7B,test_566,lp_0-1000,Northern_Right_Whale,"Beluga, White Whale","Beluga,_White_Whale",false,1
Qwen/Qwen2.5-Omni-7B,test_576,full_0-8k,Northern_Right_Whale,"Beluga, White Whale","Beluga,_White_Whale",false,1
Qwen/Qwen2.5-Omni-7B,test_576,lp_0-1000,Northern_Right_Whale,"Beluga, White Whale","Beluga,_White_Whale",false,1
Qwen/Qwen2.5-Omni-7B,test_579,full_0-8k,Northern_Right_Whale,"Beluga, White Whale","Beluga,_White_Whale",false,1
Qwen/Qwen2.5-Omni-7B,test_579,lp_0-1000,Northern_Right_Whale,Sperm Whale,Sperm_Whale,false,1
Qwen/Qwen2.5-Omni-7B,test_585,full_0-8k,Northern_Right_Whale,Humpback Whale,Humpback_Whale,false,1
Qwen/Qwen2.5-Omni-7B,test_585,lp_0-1000,Northern_Right_Whale,"Beluga, White Whale","Beluga,_White_Whale",false,1
Qwen/Qwen2.5-Omni-7B,test_588,full_0-8k,Northern_Right_Whale,False Killer Whale,False_Killer_Whale,false,1
Qwen/Qwen2.5-Omni-7B,test_588,lp_0-1000,Northern_Right_Whale,False Killer Whale,False_Killer_Whale,false,1
Qwen/Qwen2.5-Omni-7B,test_591,full_0-8k,Northern_Right_Whale,"Beluga, White Whale","Beluga,_White_Whale",false,1
Qwen/Qwen2.5-Omni-7B,test_591,lp_0-1000,Northern_Right_Whale,"Beluga, White Whale","Beluga,_White_Whale",false,1
Qwen/Qwen2.5-Omni-7B,test_592,full_0-8k,Northern_Right_Whale,False Killer Whale,False_Killer_Whale,false,1
Qwen/Qwen2.5-Omni-7B,test_592,lp_0-1000,Northern_Right_Whale,"Beluga, White Whale","Beluga,_White_Whale",false,1
Qwen/Qwen2.5-Omni-7B,test_597,full_0-8k,Northern_Right_Whale,"Beluga, White Whale","Beluga,_White_Whale",false,1
Qwen/Qwen2.5-Omni-7B,test_597,lp_0-1000,Northern_Right_Whale,"Beluga, White Whale","Beluga,_White_Whale",false,1
Qwen/Qwen2.5-Omni-7B,test_601,full_0-8k,Northern_Right_Whale,"Beluga, White Whale","Beluga,_White_Whale",false,1
Qwen/Qwen2.5-Omni-7B,test_601,lp_0-1000,Northern_Right_Whale,"Beluga, White Whale","Beluga,_White_Whale",false,1
Qwen/Qwen2.5-Omni-7B,test_604,full_0-8k,Northern_Right_Whale,"Beluga, White Whale","Beluga,_White_Whale",false,1
Qwen/Qwen2.5-Omni-7B,test_604,lp_0-1000,Northern_Right_Whale,"Beluga, White Whale","Beluga,_White_Whale",false,1
Qwen/Qwen2.5-Omni-7B,test_608,full_0-8k,Northern_Right_Whale,"Beluga, White Whale","Beluga,_White_Whale",false,1
Qwen/Qwen2.5-Omni-7B,test_608,lp_0-1000,Northern_Right_Whale,"Beluga, White Whale","Beluga,_White_Whale",false,1
Qwen/Qwen2.5-Omni-7B,test_614,full_0-8k,Frasers_Dolphin,False Killer Whale,False_Killer_Whale,false,1
Qwen/Qwen2.5-Omni-7B,test_614,lp_0-1000,Frasers_Dolphin,"Beluga, White Whale","Beluga,_White_Whale",false,1
Qwen/Qwen2.5-Omni-7B,test_623,full_0-8k,Frasers_Dolphin,"Beluga, White Whale","Beluga,_White_Whale",false,1
Qwen/Qwen2.5-Omni-7B,test_623,lp_0-1000,Frasers_Dolphin,"Beluga, White Whale","Beluga,_White_Whale",false,1
Qwen/Qwen2.5-Omni-7B,test_628,full_0-8k,Frasers_Dolphin,"Beluga, White Whale","Beluga,_White_Whale",false,1
Qwen/Qwen2.5-Omni-7B,test_628,lp_0-1000,Frasers_Dolphin,"Beluga, White Whale","Beluga,_White_Whale",false,1
Qwen/Qwen2.5-Omni-7B,test_631,full_0-8k,Frasers_Dolphin,"Beluga, White Whale","Beluga,_White_Whale",false,1
Qwen/Qwen2.5-Omni-7B,test_631,lp_0-1000,Frasers_Dolphin,"Beluga, White Whale","Beluga,_White_Whale",false,1
Qwen/Qwen2.5-Omni-7B,test_632,full_0-8k,Frasers_Dolphin,False Killer Whale,False_Killer_Whale,false,1
Qwen/Qwen2.5-Omni-7B,test_632,lp_0-1000,Frasers_Dolphin,Sperm Whale,Sperm_Whale,false,1
Qwen/Qwen2.5-Omni-7B,test_635,full_0-8k,Frasers_Dolphin,False Killer Whale,False_Killer_Whale,false,1
Qwen/Qwen2.5-Omni-7B,test_635,lp_0-1000,Frasers_Dolphin,False Killer Whale,False_Killer_Whale,false,1
Qwen/Qwen2.5-Omni-7B,test_657,full_0-8k,Frasers_Dolphin,Bottlenose Dolphin,Bottlenose_Dolphin,false,1
Qwen/Qwen2.5-Omni-7B,test_657,lp_0-1000,Frasers_Dolphin,False Killer Whale,False_Killer_Whale,false,1
Qwen/Qwen2.5-Omni-7B,test_658,full_0-8k,Frasers_Dolphin,"Beluga, White Whale","Beluga,_White_Whale",false,1
Qwen/Qwen2.5-Omni-7B,test_658,lp_0-1000,Frasers_Dolphin,"Beluga, White Whale","Beluga,_White_Whale",false,1
Qwen/Qwen2.5-Omni-7B,test_660,full_0-8k,Frasers_Dolphin,False Killer Whale,False_Killer_Whale,false,1
Qwen/Qwen2.5-Omni-7B,test_660,lp_0-1000,Frasers_Dolphin,False Killer Whale,False_Killer_Whale,false,1
Qwen/Qwen2.5-Omni-7B,test_664,full_0-8k,Frasers_Dolphin,"Beluga, White Whale","Beluga,_White_Whale",false,1
Qwen/Qwen2.5-Omni-7B,test_664,lp_0-1000,Frasers_Dolphin,"Beluga, White Whale","Beluga,_White_Whale",false,1
Qwen/Qwen2.5-Omni-7B,test_666,full_0-8k,Frasers_Dolphin,False Killer Whale,False_Killer_Whale,false,1
Qwen/Qwen2.5-Omni-7B,test_666,lp_0-1000,Frasers_Dolphin,False Killer Whale,False_Killer_Whale,false,1
Qwen/Qwen2.5-Omni-7B,test_670,full_0-8k,Frasers_Dolphin,False Killer Whale,False_Killer_Whale,false,1
Qwen/Qwen2.5-Omni-7B,test_670,lp_0-1000,Frasers_Dolphin,False Killer Whale,False_Killer_Whale,false,1
Qwen/Qwen2.5-Omni-7B,test_672,full_0-8k,Frasers_Dolphin,False Killer Whale,False_Killer_Whale,false,1
Qwen/Qwen2.5-Omni-7B,test_672,lp_0-1000,Frasers_Dolphin,"Beluga, White Whale","Beluga,_White_Whale",false,1
Qwen/Qwen2.5-Omni-7B,test_675,full_0-8k,Frasers_Dolphin,"Beluga, White Whale","Beluga,_White_Whale",false,1
Qwen/Qwen2.5-Omni-7B,test_675,lp_0-1000,Frasers_Dolphin,False Killer Whale,False_Killer_Whale,false,1
Qwen/Qwen2.5-Omni-7B,test_679,full_0-8k,Frasers_Dolphin,False Killer Whale,False_Killer_Whale,false,1
Qwen/Qwen2.5-Omni-7B,test_679,lp_0-1000,Frasers_Dolphin,"Beluga, White Whale","Beluga,_White_Whale",false,1
Qwen/Qwen2.5-Omni-7B,test_691,full_0-8k,Frasers_Dolphin,Bottlenose Dolphin,Bottlenose_Dolphin,false,1
Qwen/Qwen2.5-Omni-7B,test_691,lp_0-1000,Frasers_Dolphin,"Beluga, White Whale","Beluga,_White_Whale",false,1
Qwen/Qwen2.5-Omni-7B,test_693,full_0-8k,Frasers_Dolphin,"Beluga, White Whale","Beluga,_White_Whale",false,1
Qwen/Qwen2.5-Omni-7B,test_693,lp_0-1000,Frasers_Dolphin,"Beluga, White Whale","Beluga,_White_Whale",false,1
Qwen/Qwen2.5-Omni-7B,test_700,full_0-8k,"Grampus,_Rissos_Dolphin",False Killer Whale,False_Killer_Whale,false,1
Qwen/Qwen2.5-Omni-7B,test_700,lp_0-1000,"Grampus,_Rissos_Dolphin",False Killer Whale,False_Killer_Whale,false,1
Qwen/Qwen2.5-Omni-7B,test_719,full_0-8k,"Grampus,_Rissos_Dolphin",False Killer Whale,False_Killer_Whale,false,1
Qwen/Qwen2.5-Omni-7B,test_719,lp_0-1000,"Grampus,_Rissos_Dolphin",False Killer Whale,False_Killer_Whale,false,1
Qwen/Qwen2.5-Omni-7B,test_721,full_0-8k,"Grampus,_Rissos_Dolphin","Beluga, White Whale","Beluga,_White_Whale",false,1
Qwen/Qwen2.5-Omni-7B,test_721,lp_0-1000,"Grampus,_Rissos_Dolphin",False Killer Whale,False_Killer_Whale,false,1
Qwen/Qwen2.5-Omni-7B,test_723,full_0-8k,"Grampus,_Rissos_Dolphin",Bottlenose Dolphin,Bottlenose_Dolphin,false,1
Qwen/Qwen2.5-Omni-7B,test_723,lp_0-1000,"Grampus,_Rissos_Dolphin","Beluga, White Whale","Beluga,_White_Whale",false,1
Qwen/Qwen2.5-Omni-7B,test_727,full_0-8k,"Grampus,_Rissos_Dolphin",False Killer Whale,False_Killer_Whale,false,1
Qwen/Qwen2.5-Omni-7B,test_727,lp_0-1000,"Grampus,_Rissos_Dolphin",False Killer Whale,False_Killer_Whale,false,1
Qwen/Qwen2.5-Omni-7B,test_733,full_0-8k,"Grampus,_Rissos_Dolphin",False Killer Whale,False_Killer_Whale,false,1
Qwen/Qwen2.5-Omni-7B,test_733,lp_0-1000,"Grampus,_Rissos_Dolphin","Beluga, White Whale","Beluga,_White_Whale",false,1
Qwen/Qwen2.5-Omni-7B,test_742,full_0-8k,"Grampus,_Rissos_Dolphin","Beluga, White Whale","Beluga,_White_Whale",false,1
Qwen/Qwen2.5-Omni-7B,test_742,lp_0-1000,"Grampus,_Rissos_Dolphin","Beluga, White Whale","Beluga,_White_Whale",false,1
Qwen/Qwen2.5-Omni-7B,test_743,full_0-8k,"Grampus,_Rissos_Dolphin","Beluga, White Whale","Beluga,_White_Whale",false,1
Qwen/Qwen2.5-Omni-7B,test_743,lp_0-1000,"Grampus,_Rissos_Dolphin","Beluga, White Whale","Beluga,_White_Whale",false,1
Qwen/Qwen2.5-Omni-7B,test_744,full_0-8k,"Grampus,_Rissos_Dolphin",False Killer Whale,False_Killer_Whale,false,1
Qwen/Qwen2.5-Omni-7B,test_744,lp_0-1000,"Grampus,_Rissos_Dolphin",False Killer Whale,False_Killer_Whale,false,1
Qwen/Qwen2.5-Omni-7B,test_748,full_0-8k,"Grampus,_Rissos_Dolphin",False Killer Whale,False_Killer_Whale,false,1
Qwen/Qwen2.5-Omni-7B,test_748,lp_0-1000,"Grampus,_Rissos_Dolphin",False Killer Whale,False_Killer_Whale,false,1
Qwen/Qwen2.5-Omni-7B,test_749,full_0-8k,"Grampus,_Rissos_Dolphin",False Killer Whale,False_Killer_Whale,false,1
Qwen/Qwen2.5-Omni-7B,test_749,lp_0-1000,"Grampus,_Rissos_Dolphin",False Killer Whale,False_Killer_Whale,false,1
Qwen/Qwen2.5-Omni-7B,test_756,full_0-8k,"Grampus,_Rissos_Dolphin",Bottlenose Dolphin,Bottlenose_Dolphin,false,1
Qwen/Qwen2.5-Omni-7B,test_756,lp_0-1000,"Grampus,_Rissos_Dolphin","Beluga, White Whale","Beluga,_White_Whale",false,1
Qwen/Qwen2.5-Omni-7B,test_759,full_0-8k,"Grampus,_Rissos_Dolphin",Bottlenose Dolphin,Bottlenose_Dolphin,false,1
Qwen/Qwen2.5-Omni-7B,test_759,lp_0-1000,"Grampus,_Rissos_Dolphin","Beluga, White Whale","Beluga,_White_Whale",false,1
Qwen/Qwen2.5-Omni-7B,test_761,full_0-8k,"Grampus,_Rissos_Dolphin",False Killer Whale,False_Killer_Whale,false,1
Qwen/Qwen2.5-Omni-7B,test_761,lp_0-1000,"Grampus,_Rissos_Dolphin","Beluga, White Whale","Beluga,_White_Whale",false,1
Qwen/Qwen2.5-Omni-7B,test_774,full_0-8k,Harp_Seal,"Beluga, White Whale","Beluga,_White_Whale",false,1
Qwen/Qwen2.5-Omni-7B,test_774,lp_0-1000,Harp_Seal,"Beluga, White Whale","Beluga,_White_Whale",false,1
Qwen/Qwen2.5-Omni-7B,test_777,full_0-8k,Harp_Seal,"Beluga, White Whale","Beluga,_White_Whale",false,1
Qwen/Qwen2.5-Omni-7B,test_777,lp_0-1000,Harp_Seal,Bottlenose Dolphin,Bottlenose_Dolphin,false,1
Qwen/Qwen2.5-Omni-7B,test_786,full_0-8k,Harp_Seal,False Killer Whale,False_Killer_Whale,false,1
Qwen/Qwen2.5-Omni-7B,test_786,lp_0-1000,Harp_Seal,Bottlenose Dolphin,Bottlenose_Dolphin,false,1
Qwen/Qwen2.5-Omni-7B,test_788,full_0-8k,Harp_Seal,False Killer Whale,False_Killer_Whale,false,1
Qwen/Qwen2.5-Omni-7B,test_788,lp_0-1000,Harp_Seal,False Killer Whale,False_Killer_Whale,false,1
Qwen/Qwen2.5-Omni-7B,test_794,full_0-8k,Harp_Seal,Bottlenose Dolphin,Bottlenose_Dolphin,false,1
Qwen/Qwen2.5-Omni-7B,test_794,lp_0-1000,Harp_Seal,Bottlenose Dolphin,Bottlenose_Dolphin,false,1
Qwen/Qwen2.5-Omni-7B,test_796,full_0-8k,Harp_Seal,False Killer Whale,False_Killer_Whale,false,1
Qwen/Qwen2.5-Omni-7B,test_796,lp_0-1000,Harp_Seal,"Beluga, White Whale","Beluga,_White_Whale",false,1
Qwen/Qwen2.5-Omni-7B,test_800,full_0-8k,Harp_Seal,Bottlenose Dolphin,Bottlenose_Dolphin,false,1
Qwen/Qwen2.5-Omni-7B,test_800,lp_0-1000,Harp_Seal,Bottlenose Dolphin,Bottlenose_Dolphin,false,1
Qwen/Qwen2.5-Omni-7B,test_801,full_0-8k,Harp_Seal,False Killer Whale,False_Killer_Whale,false,1
Qwen/Qwen2.5-Omni-7B,test_801,lp_0-1000,Harp_Seal,Bottlenose Dolphin,Bottlenose_Dolphin,false,1
Qwen/Qwen2.5-Omni-7B,test_804,full_0-8k,Harp_Seal,"Beluga, White Whale","Beluga,_White_Whale",false,1
Qwen/Qwen2.5-Omni-7B,test_804,lp_0-1000,Harp_Seal,Bottlenose Dolphin,Bottlenose_Dolphin,false,1
Qwen/Qwen2.5-Omni-7B,test_808,full_0-8k,Harp_Seal,False Killer Whale,False_Killer_Whale,false,1
Qwen/Qwen2.5-Omni-7B,test_808,lp_0-1000,Harp_Seal,False Killer Whale,False_Killer_Whale,false,1
Qwen/Qwen2.5-Omni-7B,test_814,full_0-8k,Atlantic_Spotted_Dolphin,Bottlenose Dolphin,Bottlenose_Dolphin,false,1
Qwen/Qwen2.5-Omni-7B,test_814,lp_0-1000,Atlantic_Spotted_Dolphin,"Beluga, White Whale","Beluga,_White_Whale",false,1
Qwen/Qwen2.5-Omni-7B,test_815,full_0-8k,Atlantic_Spotted_Dolphin,Bottlenose Dolphin,Bottlenose_Dolphin,false,1
Qwen/Qwen2.5-Omni-7B,test_815,lp_0-1000,Atlantic_Spotted_Dolphin,False Killer Whale,False_Killer_Whale,false,1
Qwen/Qwen2.5-Omni-7B,test_827,full_0-8k,Atlantic_Spotted_Dolphin,False Killer Whale,False_Killer_Whale,false,1
Qwen/Qwen2.5-Omni-7B,test_827,lp_0-1000,Atlantic_Spotted_Dolphin,"Beluga, White Whale","Beluga,_White_Whale",false,1
Qwen/Qwen2.5-Omni-7B,test_831,full_0-8k,Atlantic_Spotted_Dolphin,Bottlenose Dolphin,Bottlenose_Dolphin,false,1
Qwen/Qwen2.5-Omni-7B,test_831,lp_0-1000,Atlantic_Spotted_Dolphin,False Killer Whale,False_Killer_Whale,false,1
Qwen/Qwen2.5-Omni-7B,test_833,full_0-8k,Atlantic_Spotted_Dolphin,Bottlenose Dolphin,Bottlenose_Dolphin,false,1
Qwen/Qwen2.5-Omni-7B,test_833,lp_0-1000,Atlantic_Spotted_Dolphin,False Killer Whale,False_Killer_Whale,false,1
Qwen/Qwen2.5-Omni-7B,test_834,full_0-8k,Atlantic_Spotted_Dolphin,Bottlenose Dolphin,Bottlenose_Dolphin,false,1
Qwen/Qwen2.5-Omni-7B,test_834,lp_0-1000,Atlantic_Spotted_Dolphin,"Beluga, White Whale","Beluga,_White_Whale",false,1
Qwen/Qwen2.5-Omni-7B,test_836,full_0-8k,Atlantic_Spotted_Dolphin,False Killer Whale,False_Killer_Whale,false,1
Qwen/Qwen2.5-Omni-7B,test_836,lp_0-1000,Atlantic_Spotted_Dolphin,False Killer Whale,False_Killer_Whale,false,1
Qwen/Qwen2.5-Omni-7B,test_845,full_0-8k,Atlantic_Spotted_Dolphin,Bottlenose Dolphin,Bottlenose_Dolphin,false,1
Qwen/Qwen2.5-Omni-7B,test_845,lp_0-1000,Atlantic_Spotted_Dolphin,False Killer Whale,False_Killer_Whale,false,1
Qwen/Qwen2.5-Omni-7B,test_850,full_0-8k,Atlantic_Spotted_Dolphin,Bottlenose Dolphin,Bottlenose_Dolphin,false,1
Qwen/Qwen2.5-Omni-7B,test_850,lp_0-1000,Atlantic_Spotted_Dolphin,False Killer Whale,False_Killer_Whale,false,1
Qwen/Qwen2.5-Omni-7B,test_851,full_0-8k,Atlantic_Spotted_Dolphin,Bottlenose Dolphin,Bottlenose_Dolphin,false,1
Qwen/Qwen2.5-Omni-7B,test_851,lp_0-1000,Atlantic_Spotted_Dolphin,"Beluga, White Whale","Beluga,_White_Whale",false,1
Qwen/Qwen2.5-Omni-7B,test_858,full_0-8k,Atlantic_Spotted_Dolphin,Bottlenose Dolphin,Bottlenose_Dolphin,false,1
Qwen/Qwen2.5-Omni-7B,test_858,lp_0-1000,Atlantic_Spotted_Dolphin,False Killer Whale,False_Killer_Whale,false,1
Qwen/Qwen2.5-Omni-7B,test_871,full_0-8k,"Fin,_Finback_Whale",False Killer Whale,False_Killer_Whale,false,1
Qwen/Qwen2.5-Omni-7B,test_871,lp_0-1000,"Fin,_Finback_Whale",False Killer Whale,False_Killer_Whale,false,1
Qwen/Qwen2.5-Omni-7B,test_877,full_0-8k,"Fin,_Finback_Whale",False Killer Whale,False_Killer_Whale,false,1
Qwen/Qwen2.5-Omni-7B,test_877,lp_0-1000,"Fin,_Finback_Whale",False Killer Whale,False_Killer_Whale,false,1
Qwen/Qwen2.5-Omni-7B,test_882,full_0-8k,"Fin,_Finback_Whale",False Killer Whale,False_Killer_Whale,false,1
Qwen/Qwen2.5-Omni-7B,test_882,lp_0-1000,"Fin,_Finback_Whale",False Killer Whale,False_Killer_Whale,false,1
Qwen/Qwen2.5-Omni-7B,test_884,full_0-8k,"Fin,_Finback_Whale",Bottlenose Dolphin,Bottlenose_Dolphin,false,1
Qwen/Qwen2.5-Omni-7B,test_884,lp_0-1000,"Fin,_Finback_Whale",Bottlenose Dolphin,Bottlenose_Dolphin,false,1
Qwen/Qwen2.5-Omni-7B,test_886,full_0-8k,"Fin,_Finback_Whale",False Killer Whale,False_Killer_Whale,false,1
Qwen/Qwen2.5-Omni-7B,test_886,lp_0-1000,"Fin,_Finback_Whale",False Killer Whale,False_Killer_Whale,false,1
Qwen/Qwen2.5-Omni-7B,test_889,full_0-8k,"Fin,_Finback_Whale",False Killer Whale,False_Killer_Whale,false,1
Qwen/Qwen2.5-Omni-7B,test_889,lp_0-1000,"Fin,_Finback_Whale",False Killer Whale,False_Killer_Whale,false,1
Qwen/Qwen2.5-Omni-7B,test_890,full_0-8k,"Fin,_Finback_Whale",False Killer Whale,False_Killer_Whale,false,1
Qwen/Qwen2.5-Omni-7B,test_890,lp_0-1000,"Fin,_Finback_Whale",False Killer Whale,False_Killer_Whale,false,1
Qwen/Qwen2.5-Omni-7B,test_904,full_0-8k,"Fin,_Finback_Whale",False Killer Whale,False_Killer_Whale,false,1
Qwen/Qwen2.5-Omni-7B,test_904,lp_0-1000,"Fin,_Finback_Whale",False Killer Whale,False_Killer_Whale,false,1
Qwen/Qwen2.5-Omni-7B,test_906,full_0-8k,"Fin,_Finback_Whale",False Killer Whale,False_Killer_Whale,false,1
Qwen/Qwen2.5-Omni-7B,test_906,lp_0-1000,"Fin,_Finback_Whale",False Killer Whale,False_Killer_Whale,false,1
Qwen/Qwen2.5-Omni-7B,test_910,full_0-8k,"Fin,_Finback_Whale",False Killer Whale,False_Killer_Whale,false,1
Qwen/Qwen2.5-Omni-7B,test_910,lp_0-1000,"Fin,_Finback_Whale",False Killer Whale,False_Killer_Whale,false,1
Qwen/Qwen2.5-Omni-7B,test_924,full_0-8k,Ross_Seal,"Beluga, White Whale","Beluga,_White_Whale",false,1
Qwen/Qwen2.5-Omni-7B,test_924,lp_0-1000,Ross_Seal,"Beluga, White Whale","Beluga,_White_Whale",false,1
Qwen/Qwen2.5-Omni-7B,test_934,full_0-8k,Ross_Seal,"Beluga, White Whale","Beluga,_White_Whale",false,1
Qwen/Qwen2.5-Omni-7B,test_934,lp_0-1000,Ross_Seal,"Beluga, White Whale","Beluga,_White_Whale",false,1
Qwen/Qwen2.5-Omni-7B,test_937,full_0-8k,Ross_Seal,"Beluga, White Whale","Beluga,_White_Whale",false,1
Qwen/Qwen2.5-Omni-7B,test_937,lp_0-1000,Ross_Seal,"Beluga, White Whale","Beluga,_White_Whale",false,1
Qwen/Qwen2.5-Omni-7B,test_939,full_0-8k,Ross_Seal,False Killer Whale,False_Killer_Whale,false,1
Qwen/Qwen2.5-Omni-7B,test_939,lp_0-1000,Ross_Seal,"Beluga, White Whale","Beluga,_White_Whale",false,1
Qwen/Qwen2.5-Omni-7B,test_945,full_0-8k,Ross_Seal,Bottlenose Dolphin,Bottlenose_Dolphin,false,1
Qwen/Qwen2.5-Omni-7B,test_945,lp_0-1000,Ross_Seal,"Beluga, White Whale","Beluga,_White_Whale",false,1
Qwen/Qwen2.5-Omni-7B,test_946,full_0-8k,Ross_Seal,"Beluga, White Whale","Beluga,_White_Whale",false,1
Qwen/Qwen2.5-Omni-7B,test_946,lp_0-1000,Ross_Seal,"Beluga, White Whale","Beluga,_White_Whale",false,1
Qwen/Qwen2.5-Omni-7B,test_953,full_0-8k,Ross_Seal,"Beluga, White Whale","Beluga,_White_Whale",false,1
Qwen/Qwen2.5-Omni-7B,test_953,lp_0-1000,Ross_Seal,"Beluga, White Whale","Beluga,_White_Whale",false,1
Qwen/Qwen2.5-Omni-7B,test_959,full_0-8k,Ross_Seal,Bottlenose Dolphin,Bottlenose_Dolphin,false,1
Qwen/Qwen2.5-Omni-7B,test_959,lp_0-1000,Ross_Seal,"Beluga, White Whale","Beluga,_White_Whale",false,1
Qwen/Qwen2.5-Omni-7B,test_960,full_0-8k,Ross_Seal,"Beluga, White Whale","Beluga,_White_Whale",false,1
Qwen/Qwen2.5-Omni-7B,test_960,lp_0-1000,Ross_Seal,"Beluga, White Whale","Beluga,_White_Whale",false,1
Qwen/Qwen2.5-Omni-7B,test_962,full_0-8k,Ross_Seal,"Beluga, White Whale","Beluga,_White_Whale",false,1
Qwen/Qwen2.5-Omni-7B,test_962,lp_0-1000,Ross_Seal,"Beluga, White Whale","Beluga,_White_Whale",false,1
Qwen/Qwen2.5-Omni-7B,test_972,full_0-8k,Rough-Toothed_Dolphin,"Beluga, White Whale","Beluga,_White_Whale",false,1
Qwen/Qwen2.5-Omni-7B,test_972,lp_0-1000,Rough-Toothed_Dolphin,False Killer Whale,False_Killer_Whale,false,1
Qwen/Qwen2.5-Omni-7B,test_974,full_0-8k,Rough-Toothed_Dolphin,Bottlenose Dolphin,Bottlenose_Dolphin,false,1
Qwen/Qwen2.5-Omni-7B,test_974,lp_0-1000,Rough-Toothed_Dolphin,False Killer Whale,False_Killer_Whale,false,1
Qwen/Qwen2.5-Omni-7B,test_975,full_0-8k,Rough-Toothed_Dolphin,"Beluga, White Whale","Beluga,_White_Whale",false,1
Qwen/Qwen2.5-Omni-7B,test_975,lp_0-1000,Rough-Toothed_Dolphin,"Beluga, White Whale","Beluga,_White_Whale",false,1
Qwen/Qwen2.5-Omni-7B,test_978,full_0-8k,Rough-Toothed_Dolphin,False Killer Whale,False_Killer_Whale,false,1
Qwen/Qwen2.5-Omni-7B,test_978,lp_0-1000,Rough-Toothed_Dolphin,False Killer Whale,False_Killer_Whale,false,1
Qwen/Qwen2.5-Omni-7B,test_980,full_0-8k,Rough-Toothed_Dolphin,False Killer Whale,False_Killer_Whale,false,1
Qwen/Qwen2.5-Omni-7B,test_980,lp_0-1000,Rough-Toothed_Dolphin,False Killer Whale,False_Killer_Whale,false,1
Qwen/Qwen2.5-Omni-7B,test_994,full_0-8k,Rough-Toothed_Dolphin,False Killer Whale,False_Killer_Whale,false,1
Qwen/Qwen2.5-Omni-7B,test_994,lp_0-1000,Rough-Toothed_Dolphin,False Killer Whale,False_Killer_Whale,false,1
Qwen/Qwen2.5-Omni-7B,test_997,full_0-8k,Rough-Toothed_Dolphin,Bottlenose Dolphin,Bottlenose_Dolphin,false,1
Qwen/Qwen2.5-Omni-7B,test_997,lp_0-1000,Rough-Toothed_Dolphin,False Killer Whale,False_Killer_Whale,false,1
Qwen/Qwen2.5-Omni-7B,test_999,full_0-8k,Rough-Toothed_Dolphin,Bottlenose Dolphin,Bottlenose_Dolphin,false,1
Qwen/Qwen2.5-Omni-7B,test_999,lp_0-1000,Rough-Toothed_Dolphin,False Killer Whale,False_Killer_Whale,false,1
Qwen/Qwen2.5-Omni-7B,test_1008,full_0-8k,Rough-Toothed_Dolphin,Bottlenose Dolphin,Bottlenose_Dolphin,false,1
Qwen/Qwen2.5-Omni-7B,test_1008,lp_0-1000,Rough-Toothed_Dolphin,False Killer Whale,False_Killer_Whale,false,1
Qwen/Qwen2.5-Omni-7B,test_1019,full_0-8k,Rough-Toothed_Dolphin,"Beluga, White Whale","Beluga,_White_Whale",false,1
Qwen/Qwen2.5-Omni-7B,test_1019,lp_0-1000,Rough-Toothed_Dolphin,"Beluga, White Whale","Beluga,_White_Whale",false,1
Qwen/Qwen2.5-Omni-7B,test_1021,full_0-8k,Killer_Whale,"Beluga, White Whale","Beluga,_White_Whale",false,1
Qwen/Qwen2.5-Omni-7B,test_1021,lp_0-1000,Killer_Whale,"Beluga, White Whale","Beluga,_White_Whale",false,1
Qwen/Qwen2.5-Omni-7B,test_1029,full_0-8k,Killer_Whale,Killer Whale,Killer_Whale,true,1
Qwen/Qwen2.5-Omni-7B,test_1029,lp_0-1000,Killer_Whale,"Beluga, White Whale","Beluga,_White_Whale",false,1
Qwen/Qwen2.5-Omni-7B,test_1034,full_0-8k,Killer_Whale,"Beluga, White Whale","Beluga,_White_Whale",false,1
Qwen/Qwen2.5-Omni-7B,test_1034,lp_0-1000,Killer_Whale,"Beluga, White Whale","Beluga,_White_Whale",false,1
Qwen/Qwen2.5-Omni-7B,test_1041,full_0-8k,Killer_Whale,"Beluga, White Whale","Beluga,_White_Whale",false,1
Qwen/Qwen2.5-Omni-7B,test_1041,lp_0-1000,Killer_Whale,"Beluga, White Whale","Beluga,_White_Whale",false,1
Qwen/Qwen2.5-Omni-7B,test_1042,full_0-8k,Killer_Whale,"Beluga, White Whale","Beluga,_White_Whale",false,1
Qwen/Qwen2.5-Omni-7B,test_1042,lp_0-1000,Killer_Whale,False Killer Whale,False_Killer_Whale,false,1
Qwen/Qwen2.5-Omni-7B,test_1048,full_0-8k,Killer_Whale,False Killer Whale,False_Killer_Whale,false,1
Qwen/Qwen2.5-Omni-7B,test_1048,lp_0-1000,Killer_Whale,"Beluga, White Whale","Beluga,_White_Whale",false,1
Qwen/Qwen2.5-Omni-7B,test_1051,full_0-8k,Killer_Whale,"Beluga, White Whale","Beluga,_White_Whale",false,1
Qwen/Qwen2.5-Omni-7B,test_1051,lp_0-1000,Killer_Whale,"Beluga, White Whale","Beluga,_White_Whale",false,1
Qwen/Qwen2.5-Omni-7B,test_1056,full_0-8k,Pantropical_Spotted_Dolphin,False Killer Whale,False_Killer_Whale,false,1
Qwen/Qwen2.5-Omni-7B,test_1056,lp_0-1000,Pantropical_Spotted_Dolphin,False Killer Whale,False_Killer_Whale,false,1
Qwen/Qwen2.5-Omni-7B,test_1057,full_0-8k,Pantropical_Spotted_Dolphin,Bottlenose Dolphin,Bottlenose_Dolphin,false,1
Qwen/Qwen2.5-Omni-7B,test_1057,lp_0-1000,Pantropical_Spotted_Dolphin,False Killer Whale,False_Killer_Whale,false,1
Qwen/Qwen2.5-Omni-7B,test_1060,full_0-8k,Pantropical_Spotted_Dolphin,False Killer Whale,False_Killer_Whale,false,1
Qwen/Qwen2.5-Omni-7B,test_1060,lp_0-1000,Pantropical_Spotted_Dolphin,False Killer Whale,False_Killer_Whale,false,1
Qwen/Qwen2.5-Omni-7B,test_1065,full_0-8k,Pantropical_Spotted_Dolphin,Bottlenose Dolphin,Bottlenose_Dolphin,false,1
Qwen/Qwen2.5-Omni-7B,test_1065,lp_0-1000,Pantropical_Spotted_Dolphin,False Killer Whale,False_Killer_Whale,false,1
Qwen/Qwen2.5-Omni-7B,test_1066,full_0-8k,Pantropical_Spotted_Dolphin,False Killer Whale,False_Killer_Whale,false,1
Qwen/Qwen2.5-Omni-7B,test_1066,lp_0-1000,Pantropical_Spotted_Dolphin,False Killer Whale,False_Killer_Whale,false,1
Qwen/Qwen2.5-Omni-7B,test_1075,full_0-8k,Pantropical_Spotted_Dolphin,False Killer Whale,False_Killer_Whale,false,1
Qwen/Qwen2.5-Omni-7B,test_1075,lp_0-1000,Pantropical_Spotted_Dolphin,"Beluga, White Whale","Beluga,_White_Whale",false,1
Qwen/Qwen2.5-Omni-7B,test_1088,full_0-8k,Pantropical_Spotted_Dolphin,False Killer Whale,False_Killer_Whale,false,1
Qwen/Qwen2.5-Omni-7B,test_1088,lp_0-1000,Pantropical_Spotted_Dolphin,"Beluga, White Whale","Beluga,_White_Whale",false,1
Qwen/Qwen2.5-Omni-7B,test_1093,full_0-8k,Pantropical_Spotted_Dolphin,False Killer Whale,False_Killer_Whale,false,1
Qwen/Qwen2.5-Omni-7B,test_1093,lp_0-1000,Pantropical_Spotted_Dolphin,False Killer Whale,False_Killer_Whale,false,1
Qwen/Qwen2.5-Omni-7B,test_1099,full_0-8k,Pantropical_Spotted_Dolphin,False Killer Whale,False_Killer_Whale,false,1
Qwen/Qwen2.5-Omni-7B,test_1099,lp_0-1000,Pantropical_Spotted_Dolphin,False Killer Whale,False_Killer_Whale,false,1
Qwen/Qwen2.5-Omni-7B,test_1108,full_0-8k,Pantropical_Spotted_Dolphin,False Killer Whale,False_Killer_Whale,false,1
Qwen/Qwen2.5-Omni-7B,test_1108,lp_0-1000,Pantropical_Spotted_Dolphin,False Killer Whale,False_Killer_Whale,false,1
Qwen/Qwen2.5-Omni-7B,test_1117,full_0-8k,Pantropical_Spotted_Dolphin,Bottlenose Dolphin,Bottlenose_Dolphin,false,1
Qwen/Qwen2.5-Omni-7B,test_1117,lp_0-1000,Pantropical_Spotted_Dolphin,Bottlenose Dolphin,Bottlenose_Dolphin,false,1
Qwen/Qwen2.5-Omni-7B,test_1118,full_0-8k,Pantropical_Spotted_Dolphin,False Killer Whale,False_Killer_Whale,false,1
Qwen/Qwen2.5-Omni-7B,test_1118,lp_0-1000,Pantropical_Spotted_Dolphin,"Beluga, White Whale","Beluga,_White_Whale",false,1
Qwen/Qwen2.5-Omni-7B,test_1119,full_0-8k,Pantropical_Spotted_Dolphin,False Killer Whale,False_Killer_Whale,false,1
Qwen/Qwen2.5-Omni-7B,test_1119,lp_0-1000,Pantropical_Spotted_Dolphin,"Beluga, White Whale","Beluga,_White_Whale",false,1
Qwen/Qwen2.5-Omni-7B,test_1122,full_0-8k,Short-Finned_Pacific_Pilot_Whale,"Beluga, White Whale","Beluga,_White_Whale",false,1
Qwen/Qwen2.5-Omni-7B,test_1122,lp_0-1000,Short-Finned_Pacific_Pilot_Whale,"Beluga, White Whale","Beluga,_White_Whale",false,1
Qwen/Qwen2.5-Omni-7B,test_1126,full_0-8k,Short-Finned_Pacific_Pilot_Whale,"Beluga, White Whale","Beluga,_White_Whale",false,1
Qwen/Qwen2.5-Omni-7B,test_1126,lp_0-1000,Short-Finned_Pacific_Pilot_Whale,False Killer Whale,False_Killer_Whale,false,1
Qwen/Qwen2.5-Omni-7B,test_1143,full_0-8k,Short-Finned_Pacific_Pilot_Whale,"Beluga, White Whale","Beluga,_White_Whale",false,1
Qwen/Qwen2.5-Omni-7B,test_1143,lp_0-1000,Short-Finned_Pacific_Pilot_Whale,False Killer Whale,False_Killer_Whale,false,1
Qwen/Qwen2.5-Omni-7B,test_1144,full_0-8k,Short-Finned_Pacific_Pilot_Whale,"Beluga, White Whale","Beluga,_White_Whale",false,1
Qwen/Qwen2.5-Omni-7B,test_1144,lp_0-1000,Short-Finned_Pacific_Pilot_Whale,"Beluga, White Whale","Beluga,_White_Whale",false,1
Qwen/Qwen2.5-Omni-7B,test_1147,full_0-8k,Short-Finned_Pacific_Pilot_Whale,Bottlenose Dolphin,Bottlenose_Dolphin,false,1
Qwen/Qwen2.5-Omni-7B,test_1147,lp_0-1000,Short-Finned_Pacific_Pilot_Whale,False Killer Whale,False_Killer_Whale,false,1
Qwen/Qwen2.5-Omni-7B,test_1152,full_0-8k,Short-Finned_Pacific_Pilot_Whale,"Beluga, White Whale","Beluga,_White_Whale",false,1
Qwen/Qwen2.5-Omni-7B,test_1152,lp_0-1000,Short-Finned_Pacific_Pilot_Whale,"Beluga, White Whale","Beluga,_White_Whale",false,1
Qwen/Qwen2.5-Omni-7B,test_1161,full_0-8k,Short-Finned_Pacific_Pilot_Whale,"Beluga, White Whale","Beluga,_White_Whale",false,1
Qwen/Qwen2.5-Omni-7B,test_1161,lp_0-1000,Short-Finned_Pacific_Pilot_Whale,"Beluga, White Whale","Beluga,_White_Whale",false,1
Qwen/Qwen2.5-Omni-7B,test_1162,full_0-8k,Short-Finned_Pacific_Pilot_Whale,"Beluga, White Whale","Beluga,_White_Whale",false,1
Qwen/Qwen2.5-Omni-7B,test_1162,lp_0-1000,Short-Finned_Pacific_Pilot_Whale,"Beluga, White Whale","Beluga,_White_Whale",false,1
Qwen/Qwen2.5-Omni-7B,test_1167,full_0-8k,Short-Finned_Pacific_Pilot_Whale,False Killer Whale,False_Killer_Whale,false,1
Qwen/Qwen2.5-Omni-7B,test_1167,lp_0-1000,Short-Finned_Pacific_Pilot_Whale,False Killer Whale,False_Killer_Whale,false,1
Qwen/Qwen2.5-Omni-7B,test_1172,full_0-8k,Short-Finned_Pacific_Pilot_Whale,Bottlenose Dolphin,Bottlenose_Dolphin,false,1
Qwen/Qwen2.5-Omni-7B,test_1172,lp_0-1000,Short-Finned_Pacific_Pilot_Whale,"Beluga, White Whale","Beluga,_White_Whale",false,1
Qwen/Qwen2.5-Omni-7B,test_1173,full_0-8k,Short-Finned_Pacific_Pilot_Whale,False Killer Whale,False_Killer_Whale,false,1
Qwen/Qwen2.5-Omni-7B,test_1173,lp_0-1000,Short-Finned_Pacific_Pilot_Whale,False Killer Whale,False_Killer_Whale,false,1
Qwen/Qwen2.5-Omni-7B,test_1175,full_0-8k,Short-Finned_Pacific_Pilot_Whale,"Beluga, White Whale","Beluga,_White_Whale",false,1
Qwen/Qwen2.5-Omni-7B,test_1175,lp_0-1000,Short-Finned_Pacific_Pilot_Whale,Bottlenose Dolphin,Bottlenose_Dolphin,false,1
Qwen/Qwen2.5-Omni-7B,test_1184,full_0-8k,Short-Finned_Pacific_Pilot_Whale,Bottlenose Dolphin,Bottlenose_Dolphin,false,1
Qwen/Qwen2.5-Omni-7B,test_1184,lp_0-1000,Short-Finned_Pacific_Pilot_Whale,Bottlenose Dolphin,Bottlenose_Dolphin,false,1
Qwen/Qwen2.5-Omni-7B,test_1185,full_0-8k,Short-Finned_Pacific_Pilot_Whale,"Beluga, White Whale","Beluga,_White_Whale",false,1
Qwen/Qwen2.5-Omni-7B,test_1185,lp_0-1000,Short-Finned_Pacific_Pilot_Whale,False Killer Whale,False_Killer_Whale,false,1
Qwen/Qwen2.5-Omni-7B,test_1189,full_0-8k,Bowhead_Whale,"Beluga, White Whale","Beluga,_White_Whale",false,1
Qwen/Qwen2.5-Omni-7B,test_1189,lp_0-1000,Bowhead_Whale,"Beluga, White Whale","Beluga,_White_Whale",false,1
Qwen/Qwen2.5-Omni-7B,test_1194,full_0-8k,Bowhead_Whale,"Beluga, White Whale","Beluga,_White_Whale",false,1
Qwen/Qwen2.5-Omni-7B,test_1194,lp_0-1000,Bowhead_Whale,"Beluga, White Whale","Beluga,_White_Whale",false,1
Qwen/Qwen2.5-Omni-7B,test_1197,full_0-8k,Bowhead_Whale,Killer Whale,Killer_Whale,false,1
Qwen/Qwen2.5-Omni-7B,test_1197,lp_0-1000,Bowhead_Whale,"Beluga, White Whale","Beluga,_White_Whale",false,1
Qwen/Qwen2.5-Omni-7B,test_1201,full_0-8k,Bowhead_Whale,Humpback Whale,Humpback_Whale,false,1
Qwen/Qwen2.5-Omni-7B,test_1201,lp_0-1000,Bowhead_Whale,Humpback Whale,Humpback_Whale,false,1
Qwen/Qwen2.5-Omni-7B,test_1218,full_0-8k,Bowhead_Whale,Killer Whale,Killer_Whale,false,1
Qwen/Qwen2.5-Omni-7B,test_1218,lp_0-1000,Bowhead_Whale,"Beluga, White Whale","Beluga,_White_Whale",false,1
Qwen/Qwen2.5-Omni-7B,test_1225,full_0-8k,Bowhead_Whale,Humpback Whale,Humpback_Whale,false,1
Qwen/Qwen2.5-Omni-7B,test_1225,lp_0-1000,Bowhead_Whale,"Beluga, White Whale","Beluga,_White_Whale",false,1
Qwen/Qwen2.5-Omni-7B,test_1235,full_0-8k,Bowhead_Whale,Humpback Whale,Humpback_Whale,false,1
Qwen/Qwen2.5-Omni-7B,test_1235,lp_0-1000,Bowhead_Whale,"Beluga, White Whale","Beluga,_White_Whale",false,1
Qwen/Qwen2.5-Omni-7B,test_1238,full_0-8k,Bowhead_Whale,Humpback Whale,Humpback_Whale,false,1
Qwen/Qwen2.5-Omni-7B,test_1238,lp_0-1000,Bowhead_Whale,"Beluga, White Whale","Beluga,_White_Whale",false,1
Qwen/Qwen2.5-Omni-7B,test_1245,full_0-8k,Bowhead_Whale,"Beluga, White Whale","Beluga,_White_Whale",false,1
Qwen/Qwen2.5-Omni-7B,test_1245,lp_0-1000,Bowhead_Whale,"Beluga, White Whale","Beluga,_White_Whale",false,1
Qwen/Qwen2.5-Omni-7B,test_1246,full_0-8k,Bowhead_Whale,"Beluga, White Whale","Beluga,_White_Whale",false,1
Qwen/Qwen2.5-Omni-7B,test_1246,lp_0-1000,Bowhead_Whale,"Beluga, White Whale","Beluga,_White_Whale",false,1
Qwen/Qwen2.5-Omni-7B,test_1247,full_0-8k,Bowhead_Whale,"Beluga, White Whale","Beluga,_White_Whale",false,1
Qwen/Qwen2.5-Omni-7B,test_1247,lp_0-1000,Bowhead_Whale,"Beluga, White Whale","Beluga,_White_Whale",false,1
Qwen/Qwen2.5-Omni-7B,test_1248,full_0-8k,Bowhead_Whale,"Beluga, White Whale","Beluga,_White_Whale",false,1
Qwen/Qwen2.5-Omni-7B,test_1248,lp_0-1000,Bowhead_Whale,"Beluga, White Whale","Beluga,_White_Whale",false,1
Qwen/Qwen2.5-Omni-7B,test_1252,full_0-8k,False_Killer_Whale,"Beluga, White Whale","Beluga,_White_Whale",false,1
Qwen/Qwen2.5-Omni-7B,test_1252,lp_0-1000,False_Killer_Whale,"Beluga, White Whale","Beluga,_White_Whale",false,1
Qwen/Qwen2.5-Omni-7B,test_1265,full_0-8k,False_Killer_Whale,Bottlenose Dolphin,Bottlenose_Dolphin,false,1
Qwen/Qwen2.5-Omni-7B,test_1265,lp_0-1000,False_Killer_Whale,False Killer Whale,False_Killer_Whale,true,1
Qwen/Qwen2.5-Omni-7B,test_1267,full_0-8k,False_Killer_Whale,False Killer Whale,False_Killer_Whale,true,1
Qwen/Qwen2.5-Omni-7B,test_1267,lp_0-1000,False_Killer_Whale,False Killer Whale,False_Killer_Whale,true,1
Qwen/Qwen2.5-Omni-7B,test_1269,full_0-8k,False_Killer_Whale,"Beluga, White Whale","Beluga,_White_Whale",false,1
Qwen/Qwen2.5-Omni-7B,test_1269,lp_0-1000,False_Killer_Whale,False Killer Whale,False_Killer_Whale,true,1
Qwen/Qwen2.5-Omni-7B,test_1275,full_0-8k,False_Killer_Whale,False Killer Whale,False_Killer_Whale,true,1
Qwen/Qwen2.5-Omni-7B,test_1275,lp_0-1000,False_Killer_Whale,False Killer Whale,False_Killer_Whale,true,1
Qwen/Qwen2.5-Omni-7B,test_1276,full_0-8k,False_Killer_Whale,False Killer Whale,False_Killer_Whale,true,1
Qwen/Qwen2.5-Omni-7B,test_1276,lp_0-1000,False_Killer_Whale,False Killer Whale,False_Killer_Whale,true,1
Qwen/Qwen2.5-Omni-7B,test_1277,full_0-8k,False_Killer_Whale,Bottlenose Dolphin,Bottlenose_Dolphin,false,1
Qwen/Qwen2.5-Omni-7B,test_1277,lp_0-1000,False_Killer_Whale,False Killer Whale,False_Killer_Whale,true,1
Qwen/Qwen2.5-Omni-7B,test_1282,full_0-8k,False_Killer_Whale,False Killer Whale,False_Killer_Whale,true,1
Qwen/Qwen2.5-Omni-7B,test_1282,lp_0-1000,False_Killer_Whale,False Killer Whale,False_Killer_Whale,true,1
Qwen/Qwen2.5-Omni-7B,test_1283,full_0-8k,False_Killer_Whale,False Killer Whale,False_Killer_Whale,true,1
Qwen/Qwen2.5-Omni-7B,test_1283,lp_0-1000,False_Killer_Whale,False Killer Whale,False_Killer_Whale,true,1
Qwen/Qwen2.5-Omni-7B,test_1296,full_0-8k,False_Killer_Whale,False Killer Whale,False_Killer_Whale,true,1
Qwen/Qwen2.5-Omni-7B,test_1296,lp_0-1000,False_Killer_Whale,False Killer Whale,False_Killer_Whale,true,1
Qwen/Qwen2.5-Omni-7B,test_1301,full_0-8k,False_Killer_Whale,False Killer Whale,False_Killer_Whale,true,1
Qwen/Qwen2.5-Omni-7B,test_1301,lp_0-1000,False_Killer_Whale,False Killer Whale,False_Killer_Whale,true,1
Qwen/Qwen2.5-Omni-7B,test_1303,full_0-8k,False_Killer_Whale,False Killer Whale,False_Killer_Whale,true,1
Qwen/Qwen2.5-Omni-7B,test_1303,lp_0-1000,False_Killer_Whale,False Killer Whale,False_Killer_Whale,true,1
Qwen/Qwen2.5-Omni-7B,test_1309,full_0-8k,Melon_Headed_Whale,Bottlenose Dolphin,Bottlenose_Dolphin,false,1
Qwen/Qwen2.5-Omni-7B,test_1309,lp_0-1000,Melon_Headed_Whale,"Beluga, White Whale","Beluga,_White_Whale",false,1
Qwen/Qwen2.5-Omni-7B,test_1317,full_0-8k,Melon_Headed_Whale,False Killer Whale,False_Killer_Whale,false,1
Qwen/Qwen2.5-Omni-7B,test_1317,lp_0-1000,Melon_Headed_Whale,False Killer Whale,False_Killer_Whale,false,1
Qwen/Qwen2.5-Omni-7B,test_1318,full_0-8k,Melon_Headed_Whale,False Killer Whale,False_Killer_Whale,false,1
Qwen/Qwen2.5-Omni-7B,test_1318,lp_0-1000,Melon_Headed_Whale,False Killer Whale,False_Killer_Whale,false,1
Qwen/Qwen2.5-Omni-7B,test_1320,full_0-8k,Melon_Headed_Whale,Bottlenose Dolphin,Bottlenose_Dolphin,false,1
Qwen/Qwen2.5-Omni-7B,test_1320,lp_0-1000,Melon_Headed_Whale,False Killer Whale,False_Killer_Whale,false,1
Qwen/Qwen2.5-Omni-7B,test_1327,full_0-8k,Melon_Headed_Whale,False Killer Whale,False_Killer_Whale,false,1
Qwen/Qwen2.5-Omni-7B,test_1327,lp_0-1000,Melon_Headed_Whale,False Killer Whale,False_Killer_Whale,false,1
Qwen/Qwen2.5-Omni-7B,test_1331,full_0-8k,Melon_Headed_Whale,False Killer Whale,False_Killer_Whale,false,1
Qwen/Qwen2.5-Omni-7B,test_1331,lp_0-1000,Melon_Headed_Whale,False Killer Whale,False_Killer_Whale,false,1
Qwen/Qwen2.5-Omni-7B,test_1336,full_0-8k,Melon_Headed_Whale,Bottlenose Dolphin,Bottlenose_Dolphin,false,1
Qwen/Qwen2.5-Omni-7B,test_1336,lp_0-1000,Melon_Headed_Whale,"Beluga, White Whale","Beluga,_White_Whale",false,1
Qwen/Qwen2.5-Omni-7B,test_1349,full_0-8k,Melon_Headed_Whale,False Killer Whale,False_Killer_Whale,false,1
Qwen/Qwen2.5-Omni-7B,test_1349,lp_0-1000,Melon_Headed_Whale,False Killer Whale,False_Killer_Whale,false,1
Qwen/Qwen2.5-Omni-7B,test_1359,full_0-8k,Melon_Headed_Whale,Bottlenose Dolphin,Bottlenose_Dolphin,false,1
Qwen/Qwen2.5-Omni-7B,test_1359,lp_0-1000,Melon_Headed_Whale,Bottlenose Dolphin,Bottlenose_Dolphin,false,1
Qwen/Qwen2.5-Omni-7B,test_1362,full_0-8k,Melon_Headed_Whale,Bottlenose Dolphin,Bottlenose_Dolphin,false,1
Qwen/Qwen2.5-Omni-7B,test_1362,lp_0-1000,Melon_Headed_Whale,"Beluga, White Whale","Beluga,_White_Whale",false,1
Qwen/Qwen2.5-Omni-7B,test_1363,full_0-8k,Melon_Headed_Whale,False Killer Whale,False_Killer_Whale,false,1
Qwen/Qwen2.5-Omni-7B,test_1363,lp_0-1000,Melon_Headed_Whale,False Killer Whale,False_Killer_Whale,false,1
Qwen/Qwen2.5-Omni-7B,test_1367,full_0-8k,Melon_Headed_Whale,False Killer Whale,False_Killer_Whale,false,1
Qwen/Qwen2.5-Omni-7B,test_1367,lp_0-1000,Melon_Headed_Whale,False Killer Whale,False_Killer_Whale,false,1
Qwen/Qwen2.5-Omni-7B,test_1371,full_0-8k,Long-Finned_Pilot_Whale,False Killer Whale,False_Killer_Whale,false,1
Qwen/Qwen2.5-Omni-7B,test_1371,lp_0-1000,Long-Finned_Pilot_Whale,False Killer Whale,False_Killer_Whale,false,1
Qwen/Qwen2.5-Omni-7B,test_1373,full_0-8k,Long-Finned_Pilot_Whale,False Killer Whale,False_Killer_Whale,false,1
Qwen/Qwen2.5-Omni-7B,test_1373,lp_0-1000,Long-Finned_Pilot_Whale,False Killer Whale,False_Killer_Whale,false,1
Qwen/Qwen2.5-Omni-7B,test_1375,full_0-8k,Long-Finned_Pilot_Whale,False Killer Whale,False_Killer_Whale,false,1
Qwen/Qwen2.5-Omni-7B,test_1375,lp_0-1000,Long-Finned_Pilot_Whale,False Killer Whale,False_Killer_Whale,false,1
Qwen/Qwen2.5-Omni-7B,test_1379,full_0-8k,Long-Finned_Pilot_Whale,False Killer Whale,False_Killer_Whale,false,1
Qwen/Qwen2.5-Omni-7B,test_1379,lp_0-1000,Long-Finned_Pilot_Whale,False Killer Whale,False_Killer_Whale,false,1
Qwen/Qwen2.5-Omni-7B,test_1384,full_0-8k,Long-Finned_Pilot_Whale,Bottlenose Dolphin,Bottlenose_Dolphin,false,1
Qwen/Qwen2.5-Omni-7B,test_1384,lp_0-1000,Long-Finned_Pilot_Whale,"Beluga, White Whale","Beluga,_White_Whale",false,1
Qwen/Qwen2.5-Omni-7B,test_1391,full_0-8k,Long-Finned_Pilot_Whale,Bottlenose Dolphin,Bottlenose_Dolphin,false,1
Qwen/Qwen2.5-Omni-7B,test_1391,lp_0-1000,Long-Finned_Pilot_Whale,"Beluga, White Whale","Beluga,_White_Whale",false,1
Qwen/Qwen2.5-Omni-7B,test_1402,full_0-8k,Long-Finned_Pilot_Whale,Bottlenose Dolphin,Bottlenose_Dolphin,false,1
Qwen/Qwen2.5-Omni-7B,test_1402,lp_0-1000,Long-Finned_Pilot_Whale,"Beluga, White Whale","Beluga,_White_Whale",false,1
Qwen/Qwen2.5-Omni-7B,test_1404,full_0-8k,Long-Finned_Pilot_Whale,"Beluga, White Whale","Beluga,_White_Whale",false,1
Qwen/Qwen2.5-Omni-7B,test_1404,lp_0-1000,Long-Finned_Pilot_Whale,"Beluga, White Whale","Beluga,_White_Whale",false,1
Qwen/Qwen2.5-Omni-7B,test_1407,full_0-8k,Long-Finned_Pilot_Whale,Bottlenose Dolphin,Bottlenose_Dolphin,false,1
Qwen/Qwen2.5-Omni-7B,test_1407,lp_0-1000,Long-Finned_Pilot_Whale,False Killer Whale,False_Killer_Whale,false,1
Qwen/Qwen2.5-Omni-7B,test_1415,full_0-8k,Long-Finned_Pilot_Whale,Bottlenose Dolphin,Bottlenose_Dolphin,false,1
Qwen/Qwen2.5-Omni-7B,test_1415,lp_0-1000,Long-Finned_Pilot_Whale,False Killer Whale,False_Killer_Whale,false,1
Qwen/Qwen2.5-Omni-7B,test_1432,full_0-8k,Long-Finned_Pilot_Whale,"Beluga, White Whale","Beluga,_White_Whale",false,1
Qwen/Qwen2.5-Omni-7B,test_1432,lp_0-1000,Long-Finned_Pilot_Whale,"Beluga, White Whale","Beluga,_White_Whale",false,1
Qwen/Qwen2.5-Omni-7B,test_1434,full_0-8k,Long-Finned_Pilot_Whale,False Killer Whale,False_Killer_Whale,false,1
Qwen/Qwen2.5-Omni-7B,test_1434,lp_0-1000,Long-Finned_Pilot_Whale,False Killer Whale,False_Killer_Whale,false,1
Qwen/Qwen2.5-Omni-7B,test_1439,full_0-8k,Long-Finned_Pilot_Whale,"Beluga, White Whale","Beluga,_White_Whale",false,1
Qwen/Qwen2.5-Omni-7B,test_1439,lp_0-1000,Long-Finned_Pilot_Whale,"Beluga, White Whale","Beluga,_White_Whale",false,1
Qwen/Qwen2.5-Omni-7B,test_1440,full_0-8k,Long-Finned_Pilot_Whale,"Beluga, White Whale","Beluga,_White_Whale",false,1
Qwen/Qwen2.5-Omni-7B,test_1440,lp_0-1000,Long-Finned_Pilot_Whale,Bottlenose Dolphin,Bottlenose_Dolphin,false,1
Qwen/Qwen2.5-Omni-7B,test_1450,full_0-8k,Striped_Dolphin,False Killer Whale,False_Killer_Whale,false,1
Qwen/Qwen2.5-Omni-7B,test_1450,lp_0-1000,Striped_Dolphin,False Killer Whale,False_Killer_Whale,false,1
Qwen/Qwen2.5-Omni-7B,test_1454,full_0-8k,Striped_Dolphin,False Killer Whale,False_Killer_Whale,false,1
Qwen/Qwen2.5-Omni-7B,test_1454,lp_0-1000,Striped_Dolphin,False Killer Whale,False_Killer_Whale,false,1
Qwen/Qwen2.5-Omni-7B,test_1456,full_0-8k,Striped_Dolphin,False Killer Whale,False_Killer_Whale,false,1
Qwen/Qwen2.5-Omni-7B,test_1456,lp_0-1000,Striped_Dolphin,False Killer Whale,False_Killer_Whale,false,1
Qwen/Qwen2.5-Omni-7B,test_1462,full_0-8k,Striped_Dolphin,False Killer Whale,False_Killer_Whale,false,1
Qwen/Qwen2.5-Omni-7B,test_1462,lp_0-1000,Striped_Dolphin,False Killer Whale,False_Killer_Whale,false,1
Qwen/Qwen2.5-Omni-7B,test_1472,full_0-8k,Striped_Dolphin,False Killer Whale,False_Killer_Whale,false,1
Qwen/Qwen2.5-Omni-7B,test_1472,lp_0-1000,Striped_Dolphin,False Killer Whale,False_Killer_Whale,false,1
Qwen/Qwen2.5-Omni-7B,test_1481,full_0-8k,Striped_Dolphin,Bottlenose Dolphin,Bottlenose_Dolphin,false,1
Qwen/Qwen2.5-Omni-7B,test_1481,lp_0-1000,Striped_Dolphin,False Killer Whale,False_Killer_Whale,false,1
Qwen/Qwen2.5-Omni-7B,test_1485,full_0-8k,Striped_Dolphin,Bottlenose Dolphin,Bottlenose_Dolphin,false,1
Qwen/Qwen2.5-Omni-7B,test_1485,lp_0-1000,Striped_Dolphin,False Killer Whale,False_Killer_Whale,false,1
Qwen/Qwen2.5-Omni-7B,test_1487,full_0-8k,Striped_Dolphin,Bottlenose Dolphin,Bottlenose_Dolphin,false,1
Qwen/Qwen2.5-Omni-7B,test_1487,lp_0-1000,Striped_Dolphin,"Beluga, White Whale","Beluga,_White_Whale",false,1
Qwen/Qwen2.5-Omni-7B,test_1489,full_0-8k,Striped_Dolphin,False Killer Whale,False_Killer_Whale,false,1
Qwen/Qwen2.5-Omni-7B,test_1489,lp_0-1000,Striped_Dolphin,"Beluga, White Whale","Beluga,_White_Whale",false,1
Qwen/Qwen2.5-Omni-7B,test_1497,full_0-8k,Striped_Dolphin,False Killer Whale,False_Killer_Whale,false,1
Qwen/Qwen2.5-Omni-7B,test_1497,lp_0-1000,Striped_Dolphin,False Killer Whale,False_Killer_Whale,false,1
Qwen/Qwen2.5-Omni-7B,test_1501,full_0-8k,Striped_Dolphin,Bottlenose Dolphin,Bottlenose_Dolphin,false,1
Qwen/Qwen2.5-Omni-7B,test_1501,lp_0-1000,Striped_Dolphin,False Killer Whale,False_Killer_Whale,false,1
Qwen/Qwen2.5-Omni-7B,test_1502,full_0-8k,Striped_Dolphin,Bottlenose Dolphin,Bottlenose_Dolphin,false,1
Qwen/Qwen2.5-Omni-7B,test_1502,lp_0-1000,Striped_Dolphin,"Beluga, White Whale","Beluga,_White_Whale",false,1
Qwen/Qwen2.5-Omni-7B,test_1505,full_0-8k,Striped_Dolphin,False Killer Whale,False_Killer_Whale,false,1
Qwen/Qwen2.5-Omni-7B,test_1505,lp_0-1000,Striped_Dolphin,False Killer Whale,False_Killer_Whale,false,1
Qwen/Qwen2.5-Omni-7B,test_1510,full_0-8k,Striped_Dolphin,False Killer Whale,False_Killer_Whale,false,1
Qwen/Qwen2.5-Omni-7B,test_1510,lp_0-1000,Striped_Dolphin,False Killer Whale,False_Killer_Whale,false,1
Qwen/Qwen2.5-Omni-7B,test_1513,full_0-8k,Striped_Dolphin,Bottlenose Dolphin,Bottlenose_Dolphin,false,1
Qwen/Qwen2.5-Omni-7B,test_1513,lp_0-1000,Striped_Dolphin,"Beluga, White Whale","Beluga,_White_Whale",false,1
Qwen/Qwen2.5-Omni-7B,test_1521,full_0-8k,Striped_Dolphin,Bottlenose Dolphin,Bottlenose_Dolphin,false,1
Qwen/Qwen2.5-Omni-7B,test_1521,lp_0-1000,Striped_Dolphin,False Killer Whale,False_Killer_Whale,false,1
Qwen/Qwen2.5-Omni-7B,test_1526,full_0-8k,Leopard_Seal,"Beluga, White Whale","Beluga,_White_Whale",false,1
Qwen/Qwen2.5-Omni-7B,test_1526,lp_0-1000,Leopard_Seal,"Beluga, White Whale","Beluga,_White_Whale",false,1
Qwen/Qwen2.5-Omni-7B,test_1530,full_0-8k,Leopard_Seal,Humpback Whale,Humpback_Whale,false,1
Qwen/Qwen2.5-Omni-7B,test_1530,lp_0-1000,Leopard_Seal,"Beluga, White Whale","Beluga,_White_Whale",false,1
Qwen/Qwen2.5-Omni-7B,test_1532,full_0-8k,Walrus,False Killer Whale,False_Killer_Whale,false,1
Qwen/Qwen2.5-Omni-7B,test_1532,lp_0-1000,Walrus,False Killer Whale,False_Killer_Whale,false,1
Qwen/Qwen2.5-Omni-7B,test_1534,full_0-8k,Walrus,"Beluga, White Whale","Beluga,_White_Whale",false,1
Qwen/Qwen2.5-Omni-7B,test_1534,lp_0-1000,Walrus,"Beluga, White Whale","Beluga,_White_Whale",false,1
Qwen/Qwen2.5-Omni-7B,test_1536,full_0-8k,Walrus,"Beluga, White Whale","Beluga,_White_Whale",false,1
Qwen/Qwen2.5-Omni-7B,test_1536,lp_0-1000,Walrus,"Beluga, White Whale","Beluga,_White_Whale",false,1
Qwen/Qwen2.5-Omni-7B,test_1538,full_0-8k,Walrus,False Killer Whale,False_Killer_Whale,false,1
Qwen/Qwen2.5-Omni-7B,test_1538,lp_0-1000,Walrus,False Killer Whale,False_Killer_Whale,false,1
Qwen/Qwen2.5-Omni-7B,test_1548,full_0-8k,Walrus,"Beluga, White Whale","Beluga,_White_Whale",false,1
Qwen/Qwen2.5-Omni-7B,test_1548,lp_0-1000,Walrus,"Beluga, White Whale","Beluga,_White_Whale",false,1
Qwen/Qwen2.5-Omni-7B,test_1560,full_0-8k,Walrus,False Killer Whale,False_Killer_Whale,false,1
Qwen/Qwen2.5-Omni-7B,test_1560,lp_0-1000,Walrus,False Killer Whale,False_Killer_Whale,false,1
Qwen/Qwen2.5-Omni-7B,test_1561,full_0-8k,Walrus,False Killer Whale,False_Killer_Whale,false,1
Qwen/Qwen2.5-Omni-7B,test_1561,lp_0-1000,Walrus,False Killer Whale,False_Killer_Whale,false,1
Qwen/Qwen2.5-Omni-7B,test_1570,full_0-8k,Sperm_Whale,False Killer Whale,False_Killer_Whale,false,1
Qwen/Qwen2.5-Omni-7B,test_1570,lp_0-1000,Sperm_Whale,False Killer Whale,False_Killer_Whale,false,1
Qwen/Qwen2.5-Omni-7B,test_1573,full_0-8k,Sperm_Whale,Bottlenose Dolphin,Bottlenose_Dolphin,false,1
Qwen/Qwen2.5-Omni-7B,test_1573,lp_0-1000,Sperm_Whale,"Beluga, White Whale","Beluga,_White_Whale",false,1
Qwen/Qwen2.5-Omni-7B,test_1593,full_0-8k,Sperm_Whale,Bottlenose Dolphin,Bottlenose_Dolphin,false,1
Qwen/Qwen2.5-Omni-7B,test_1593,lp_0-1000,Sperm_Whale,False Killer Whale,False_Killer_Whale,false,1
Qwen/Qwen2.5-Omni-7B,test_1597,full_0-8k,Sperm_Whale,False Killer Whale,False_Killer_Whale,false,1
Qwen/Qwen2.5-Omni-7B,test_1597,lp_0-1000,Sperm_Whale,False Killer Whale,False_Killer_Whale,false,1
Qwen/Qwen2.5-Omni-7B,test_1598,full_0-8k,Sperm_Whale,Bottlenose Dolphin,Bottlenose_Dolphin,false,1
Qwen/Qwen2.5-Omni-7B,test_1598,lp_0-1000,Sperm_Whale,False Killer Whale,False_Killer_Whale,false,1
Qwen/Qwen2.5-Omni-7B,test_1601,full_0-8k,Sperm_Whale,False Killer Whale,False_Killer_Whale,false,1
Qwen/Qwen2.5-Omni-7B,test_1601,lp_0-1000,Sperm_Whale,False Killer Whale,False_Killer_Whale,false,1
Qwen/Qwen2.5-Omni-7B,test_1603,full_0-8k,Sperm_Whale,False Killer Whale,False_Killer_Whale,false,1
Qwen/Qwen2.5-Omni-7B,test_1603,lp_0-1000,Sperm_Whale,False Killer Whale,False_Killer_Whale,false,1
Qwen/Qwen2.5-Omni-7B,test_1606,full_0-8k,Sperm_Whale,Bottlenose Dolphin,Bottlenose_Dolphin,false,1
Qwen/Qwen2.5-Omni-7B,test_1606,lp_0-1000,Sperm_Whale,Bottlenose Dolphin,Bottlenose_Dolphin,false,1
Qwen/Qwen2.5-Omni-7B,test_1616,full_0-8k,Sperm_Whale,Bottlenose Dolphin,Bottlenose_Dolphin,false,1
Qwen/Qwen2.5-Omni-7B,test_1616,lp_0-1000,Sperm_Whale,"Beluga, White Whale","Beluga,_White_Whale",false,1
Qwen/Qwen2.5-Omni-7B,test_1620,full_0-8k,Sperm_Whale,False Killer Whale,False_Killer_Whale,false,1
Qwen/Qwen2.5-Omni-7B,test_1620,lp_0-1000,Sperm_Whale,False Killer Whale,False_Killer_Whale,false,1
Qwen/Qwen2.5-Omni-7B,test_1630,full_0-8k,Sperm_Whale,"Beluga, White Whale","Beluga,_White_Whale",false,1
Qwen/Qwen2.5-Omni-7B,test_1630,lp_0-1000,Sperm_Whale,False Killer Whale,False_Killer_Whale,false,1
Qwen/Qwen2.5-Omni-7B,test_1637,full_0-8k,Sperm_Whale,Bottlenose Dolphin,Bottlenose_Dolphin,false,1
Qwen/Qwen2.5-Omni-7B,test_1637,lp_0-1000,Sperm_Whale,"Beluga, White Whale","Beluga,_White_Whale",false,1
Qwen/Qwen2.5-Omni-7B,test_1639,full_0-8k,Sperm_Whale,Bottlenose Dolphin,Bottlenose_Dolphin,false,1
Qwen/Qwen2.5-Omni-7B,test_1639,lp_0-1000,Sperm_Whale,"Beluga, White Whale","Beluga,_White_Whale",false,1
Qwen/Qwen2.5-Omni-7B,test_1640,full_0-8k,Sperm_Whale,Bottlenose Dolphin,Bottlenose_Dolphin,false,1
Qwen/Qwen2.5-Omni-7B,test_1640,lp_0-1000,Sperm_Whale,False Killer Whale,False_Killer_Whale,false,1
Qwen/Qwen2.5-Omni-7B,test_1643,full_0-8k,Sperm_Whale,"Beluga, White Whale","Beluga,_White_Whale",false,1
Qwen/Qwen2.5-Omni-7B,test_1643,lp_0-1000,Sperm_Whale,"Beluga, White Whale","Beluga,_White_Whale",false,1
Qwen/Qwen2.5-Omni-7B,test_1647,full_0-8k,Common_Dolphin,Bottlenose Dolphin,Bottlenose_Dolphin,false,1
Qwen/Qwen2.5-Omni-7B,test_1647,lp_0-1000,Common_Dolphin,"Beluga, White Whale","Beluga,_White_Whale",false,1
Qwen/Qwen2.5-Omni-7B,test_1660,full_0-8k,Common_Dolphin,Bottlenose Dolphin,Bottlenose_Dolphin,false,1
Qwen/Qwen2.5-Omni-7B,test_1660,lp_0-1000,Common_Dolphin,False Killer Whale,False_Killer_Whale,false,1
Qwen/Qwen2.5-Omni-7B,test_1662,full_0-8k,Common_Dolphin,"Beluga, White Whale","Beluga,_White_Whale",false,1
Qwen/Qwen2.5-Omni-7B,test_1662,lp_0-1000,Common_Dolphin,"Beluga, White Whale","Beluga,_White_Whale",false,1
Qwen/Qwen2.5-Omni-7B,test_1664,full_0-8k,Common_Dolphin,Bottlenose Dolphin,Bottlenose_Dolphin,false,1
Qwen/Qwen2.5-Omni-7B,test_1664,lp_0-1000,Common_Dolphin,"Beluga, White Whale","Beluga,_White_Whale",false,1
Qwen/Qwen2.5-Omni-7B,test_1666,full_0-8k,Common_Dolphin,"Beluga, White Whale","Beluga,_White_Whale",false,1
Qwen/Qwen2.5-Omni-7B,test_1666,lp_0-1000,Common_Dolphin,"Beluga, White Whale","Beluga,_White_Whale",false,1
Qwen/Qwen2.5-Omni-7B,test_1677,full_0-8k,Common_Dolphin,False Killer Whale,False_Killer_Whale,false,1
Qwen/Qwen2.5-Omni-7B,test_1677,lp_0-1000,Common_Dolphin,False Killer Whale,False_Killer_Whale,false,1
Qwen/Qwen2.5-Omni-7B,test_1679,full_0-8k,Common_Dolphin,False Killer Whale,False_Killer_Whale,false,1
Qwen/Qwen2.5-Omni-7B,test_1679,lp_0-1000,Common_Dolphin,"Beluga, White Whale","Beluga,_White_Whale",false,1
Qwen/Qwen2.5-Omni-7B,test_1682,full_0-8k,Common_Dolphin,"Beluga, White Whale","Beluga,_White_Whale",false,1
Qwen/Qwen2.5-Omni-7B,test_1682,lp_0-1000,Common_Dolphin,"Beluga, White Whale","Beluga,_White_Whale",false,1
Qwen/Qwen2.5-Omni-7B,test_1686,full_0-8k,Common_Dolphin,Bottlenose Dolphin,Bottlenose_Dolphin,false,1
Qwen/Qwen2.5-Omni-7B,test_1686,lp_0-1000,Common_Dolphin,Bottlenose Dolphin,Bottlenose_Dolphin,false,1
Qwen/Qwen2.5-Omni-7B,test_1687,full_0-8k,Common_Dolphin,Bottlenose Dolphin,Bottlenose_Dolphin,false,1
Qwen/Qwen2.5-Omni-7B,test_1687,lp_0-1000,Common_Dolphin,False Killer Whale,False_Killer_Whale,false,1
Qwen/Qwen2.5-Omni-7B,test_1694,full_0-8k,Common_Dolphin,False Killer Whale,False_Killer_Whale,false,1
Qwen/Qwen2.5-Omni-7B,test_1694,lp_0-1000,Common_Dolphin,False Killer Whale,False_Killer_Whale,false,1
Qwen/Qwen2.5-Omni-7B,test_10,lp_0-2000,Clymene_Dolphin,False Killer Whale,False_Killer_Whale,false,1
Qwen/Qwen2.5-Omni-7B,test_10,lp_0-4000,Clymene_Dolphin,False Killer Whale,False_Killer_Whale,false,1
Qwen/Qwen2.5-Omni-7B,test_10,lp_0-6000,Clymene_Dolphin,False Killer Whale,False_Killer_Whale,false,1
Qwen/Qwen2.5-Omni-7B,test_10,lp_0-8000,Clymene_Dolphin,False Killer Whale,False_Killer_Whale,false,1
Qwen/Qwen2.5-Omni-7B,test_10,remove_0-1000,Clymene_Dolphin,False Killer Whale,False_Killer_Whale,false,1
Qwen/Qwen2.5-Omni-7B,test_10,remove_1000-2000,Clymene_Dolphin,False Killer Whale,False_Killer_Whale,false,1
Qwen/Qwen2.5-Omni-7B,test_10,remove_2000-4000,Clymene_Dolphin,False Killer Whale,False_Killer_Whale,false,1
Qwen/Qwen2.5-Omni-7B,test_10,remove_4000-6000,Clymene_Dolphin,False Killer Whale,False_Killer_Whale,false,1
Qwen/Qwen2.5-Omni-7B,test_10,remove_6000-8000,Clymene_Dolphin,False Killer Whale,False_Killer_Whale,false,1
Qwen/Qwen2.5-Omni-7B,test_16,lp_0-2000,Clymene_Dolphin,False Killer Whale,False_Killer_Whale,false,1
Qwen/Qwen2.5-Omni-7B,test_16,lp_0-4000,Clymene_Dolphin,"Beluga, White Whale","Beluga,_White_Whale",false,1
Qwen/Qwen2.5-Omni-7B,test_16,lp_0-6000,Clymene_Dolphin,"Beluga, White Whale","Beluga,_White_Whale",false,1
Qwen/Qwen2.5-Omni-7B,test_16,lp_0-8000,Clymene_Dolphin,False Killer Whale,False_Killer_Whale,false,1
Qwen/Qwen2.5-Omni-7B,test_16,remove_0-1000,Clymene_Dolphin,False Killer Whale,False_Killer_Whale,false,1
Qwen/Qwen2.5-Omni-7B,test_16,remove_1000-2000,Clymene_Dolphin,False Killer Whale,False_Killer_Whale,false,1
Qwen/Qwen2.5-Omni-7B,test_16,remove_2000-4000,Clymene_Dolphin,False Killer Whale,False_Killer_Whale,false,1
Qwen/Qwen2.5-Omni-7B,test_16,remove_4000-6000,Clymene_Dolphin,False Killer Whale,False_Killer_Whale,false,1
Qwen/Qwen2.5-Omni-7B,test_16,remove_6000-8000,Clymene_Dolphin,False Killer Whale,False_Killer_Whale,false,1
Qwen/Qwen2.5-Omni-7B,test_19,lp_0-2000,Clymene_Dolphin,False Killer Whale,False_Killer_Whale,false,1
Qwen/Qwen2.5-Omni-7B,test_19,lp_0-4000,Clymene_Dolphin,False Killer Whale,False_Killer_Whale,false,1
Qwen/Qwen2.5-Omni-7B,test_19,lp_0-6000,Clymene_Dolphin,False Killer Whale,False_Killer_Whale,false,1
Qwen/Qwen2.5-Omni-7B,test_19,lp_0-8000,Clymene_Dolphin,False Killer Whale,False_Killer_Whale,false,1
Qwen/Qwen2.5-Omni-7B,test_19,remove_0-1000,Clymene_Dolphin,False Killer Whale,False_Killer_Whale,false,1
Qwen/Qwen2.5-Omni-7B,test_19,remove_1000-2000,Clymene_Dolphin,Bottlenose Dolphin,Bottlenose_Dolphin,false,1
Qwen/Qwen2.5-Omni-7B,test_19,remove_2000-4000,Clymene_Dolphin,False Killer Whale,False_Killer_Whale,false,1
Qwen/Qwen2.5-Omni-7B,test_19,remove_4000-6000,Clymene_Dolphin,False Killer Whale,False_Killer_Whale,false,1
Qwen/Qwen2.5-Omni-7B,test_19,remove_6000-8000,Clymene_Dolphin,False Killer Whale,False_Killer_Whale,false,1
Qwen/Qwen2.5-Omni-7B,test_21,lp_0-2000,Clymene_Dolphin,"Beluga, White Whale","Beluga,_White_Whale",false,1
Qwen/Qwen2.5-Omni-7B,test_21,lp_0-4000,Clymene_Dolphin,False Killer Whale,False_Killer_Whale,false,1
Qwen/Qwen2.5-Omni-7B,test_21,lp_0-6000,Clymene_Dolphin,False Killer Whale,False_Killer_Whale,false,1
Qwen/Qwen2.5-Omni-7B,test_21,lp_0-8000,Clymene_Dolphin,Bottlenose Dolphin,Bottlenose_Dolphin,false,1
Qwen/Qwen2.5-Omni-7B,test_21,remove_0-1000,Clymene_Dolphin,False Killer Whale,False_Killer_Whale,false,1
Qwen/Qwen2.5-Omni-7B,test_21,remove_1000-2000,Clymene_Dolphin,False Killer Whale,False_Killer_Whale,false,1
Qwen/Qwen2.5-Omni-7B,test_21,remove_2000-4000,Clymene_Dolphin,False Killer Whale,False_Killer_Whale,false,1
Qwen/Qwen2.5-Omni-7B,test_21,remove_4000-6000,Clymene_Dolphin,False Killer Whale,False_Killer_Whale,false,1
Qwen/Qwen2.5-Omni-7B,test_21,remove_6000-8000,Clymene_Dolphin,False Killer Whale,False_Killer_Whale,false,1
Qwen/Qwen2.5-Omni-7B,test_31,lp_0-2000,Clymene_Dolphin,"Beluga, White Whale","Beluga,_White_Whale",false,1
Qwen/Qwen2.5-Omni-7B,test_31,lp_0-4000,Clymene_Dolphin,"Beluga, White Whale","Beluga,_White_Whale",false,1
Qwen/Qwen2.5-Omni-7B,test_31,lp_0-6000,Clymene_Dolphin,"Beluga, White Whale","Beluga,_White_Whale",false,1
Qwen/Qwen2.5-Omni-7B,test_31,lp_0-8000,Clymene_Dolphin,"Beluga, White Whale","Beluga,_White_Whale",false,1
Qwen/Qwen2.5-Omni-7B,test_31,remove_0-1000,Clymene_Dolphin,False Killer Whale,False_Killer_Whale,false,1
Qwen/Qwen2.5-Omni-7B,test_31,remove_1000-2000,Clymene_Dolphin,False Killer Whale,False_Killer_Whale,false,1
Qwen/Qwen2.5-Omni-7B,test_31,remove_2000-4000,Clymene_Dolphin,False Killer Whale,False_Killer_Whale,false,1
Qwen/Qwen2.5-Omni-7B,test_31,remove_4000-6000,Clymene_Dolphin,"Beluga, White Whale","Beluga,_White_Whale",false,1
Qwen/Qwen2.5-Omni-7B,test_31,remove_6000-8000,Clymene_Dolphin,"Beluga, White Whale","Beluga,_White_Whale",false,1
Qwen/Qwen2.5-Omni-7B,test_32,lp_0-2000,Clymene_Dolphin,"Beluga, White Whale","Beluga,_White_Whale",false,1
Qwen/Qwen2.5-Omni-7B,test_32,lp_0-4000,Clymene_Dolphin,"Beluga, White Whale","Beluga,_White_Whale",false,1
Qwen/Qwen2.5-Omni-7B,test_32,lp_0-6000,Clymene_Dolphin,"Beluga, White Whale","Beluga,_White_Whale",false,1
Qwen/Qwen2.5-Omni-7B,test_32,lp_0-8000,Clymene_Dolphin,"Beluga, White Whale","Beluga,_White_Whale",false,1
Qwen/Qwen2.5-Omni-7B,test_32,remove_0-1000,Clymene_Dolphin,False Killer Whale,False_Killer_Whale,false,1
Qwen/Qwen2.5-Omni-7B,test_32,remove_1000-2000,Clymene_Dolphin,False Killer Whale,False_Killer_Whale,false,1
Qwen/Qwen2.5-Omni-7B,test_32,remove_2000-4000,Clymene_Dolphin,"Beluga, White Whale","Beluga,_White_Whale",false,1
Qwen/Qwen2.5-Omni-7B,test_32,remove_4000-6000,Clymene_Dolphin,"Beluga, White Whale","Beluga,_White_Whale",false,1
Qwen/Qwen2.5-Omni-7B,test_32,remove_6000-8000,Clymene_Dolphin,"Beluga, White Whale","Beluga,_White_Whale",false,1
Qwen/Qwen2.5-Omni-7B,test_33,lp_0-2000,Clymene_Dolphin,False Killer Whale,False_Killer_Whale,false,1
Qwen/Qwen2.5-Omni-7B,test_33,lp_0-4000,Clymene_Dolphin,False Killer Whale,False_Killer_Whale,false,1
Qwen/Qwen2.5-Omni-7B,test_33,lp_0-6000,Clymene_Dolphin,False Killer Whale,False_Killer_Whale,false,1
Qwen/Qwen2.5-Omni-7B,test_33,lp_0-8000,Clymene_Dolphin,False Killer Whale,False_Killer_Whale,false,1
Qwen/Qwen2.5-Omni-7B,test_33,remove_0-1000,Clymene_Dolphin,False Killer Whale,False_Killer_Whale,false,1
Qwen/Qwen2.5-Omni-7B,test_33,remove_1000-2000,Clymene_Dolphin,False Killer Whale,False_Killer_Whale,false,1
Qwen/Qwen2.5-Omni-7B,test_33,remove_2000-4000,Clymene_Dolphin,False Killer Whale,False_Killer_Whale,false,1
Qwen/Qwen2.5-Omni-7B,test_33,remove_4000-6000,Clymene_Dolphin,False Killer Whale,False_Killer_Whale,false,1
Qwen/Qwen2.5-Omni-7B,test_33,remove_6000-8000,Clymene_Dolphin,False Killer Whale,False_Killer_Whale,false,1
Qwen/Qwen2.5-Omni-7B,test_35,lp_0-2000,Clymene_Dolphin,False Killer Whale,False_Killer_Whale,false,1
Qwen/Qwen2.5-Omni-7B,test_35,lp_0-4000,Clymene_Dolphin,"Beluga, White Whale","Beluga,_White_Whale",false,1
Qwen/Qwen2.5-Omni-7B,test_35,lp_0-6000,Clymene_Dolphin,Bottlenose Dolphin,Bottlenose_Dolphin,false,1
Qwen/Qwen2.5-Omni-7B,test_35,lp_0-8000,Clymene_Dolphin,"Beluga, White Whale","Beluga,_White_Whale",false,1
Qwen/Qwen2.5-Omni-7B,test_35,remove_0-1000,Clymene_Dolphin,False Killer Whale,False_Killer_Whale,false,1
Qwen/Qwen2.5-Omni-7B,test_35,remove_1000-2000,Clymene_Dolphin,False Killer Whale,False_Killer_Whale,false,1
Qwen/Qwen2.5-Omni-7B,test_35,remove_2000-4000,Clymene_Dolphin,False Killer Whale,False_Killer_Whale,false,1
Qwen/Qwen2.5-Omni-7B,test_35,remove_4000-6000,Clymene_Dolphin,False Killer Whale,False_Killer_Whale,false,1
Qwen/Qwen2.5-Omni-7B,test_35,remove_6000-8000,Clymene_Dolphin,False Killer Whale,False_Killer_Whale,false,1
Qwen/Qwen2.5-Omni-7B,test_37,lp_0-2000,Clymene_Dolphin,"Beluga, White Whale","Beluga,_White_Whale",false,1
Qwen/Qwen2.5-Omni-7B,test_37,lp_0-4000,Clymene_Dolphin,"Beluga, White Whale","Beluga,_White_Whale",false,1
Qwen/Qwen2.5-Omni-7B,test_37,lp_0-6000,Clymene_Dolphin,"Beluga, White Whale","Beluga,_White_Whale",false,1
Qwen/Qwen2.5-Omni-7B,test_37,lp_0-8000,Clymene_Dolphin,"Beluga, White Whale","Beluga,_White_Whale",false,1
Qwen/Qwen2.5-Omni-7B,test_37,remove_0-1000,Clymene_Dolphin,False Killer Whale,False_Killer_Whale,false,1
Qwen/Qwen2.5-Omni-7B,test_37,remove_1000-2000,Clymene_Dolphin,Bottlenose Dolphin,Bottlenose_Dolphin,false,1
Qwen/Qwen2.5-Omni-7B,test_37,remove_2000-4000,Clymene_Dolphin,False Killer Whale,False_Killer_Whale,false,1
Qwen/Qwen2.5-Omni-7B,test_37,remove_4000-6000,Clymene_Dolphin,"Beluga, White Whale","Beluga,_White_Whale",false,1
Qwen/Qwen2.5-Omni-7B,test_37,remove_6000-8000,Clymene_Dolphin,"Beluga, White Whale","Beluga,_White_Whale",false,1
Qwen/Qwen2.5-Omni-7B,test_46,lp_0-2000,Clymene_Dolphin,False Killer Whale,False_Killer_Whale,false,1
Qwen/Qwen2.5-Omni-7B,test_46,lp_0-4000,Clymene_Dolphin,"Beluga, White Whale","Beluga,_White_Whale",false,1
Qwen/Qwen2.5-Omni-7B,test_46,lp_0-6000,Clymene_Dolphin,"Beluga, White Whale","Beluga,_White_Whale",false,1
Qwen/Qwen2.5-Omni-7B,test_46,lp_0-8000,Clymene_Dolphin,Bottlenose Dolphin,Bottlenose_Dolphin,false,1
Qwen/Qwen2.5-Omni-7B,test_46,remove_0-1000,Clymene_Dolphin,False Killer Whale,False_Killer_Whale,false,1
Qwen/Qwen2.5-Omni-7B,test_46,remove_1000-2000,Clymene_Dolphin,False Killer Whale,False_Killer_Whale,false,1
Qwen/Qwen2.5-Omni-7B,test_46,remove_2000-4000,Clymene_Dolphin,False Killer Whale,False_Killer_Whale,false,1
Qwen/Qwen2.5-Omni-7B,test_46,remove_4000-6000,Clymene_Dolphin,False Killer Whale,False_Killer_Whale,false,1
Qwen/Qwen2.5-Omni-7B,test_46,remove_6000-8000,Clymene_Dolphin,False Killer Whale,False_Killer_Whale,false,1
Qwen/Qwen2.5-Omni-7B,test_51,lp_0-2000,Clymene_Dolphin,False Killer Whale,False_Killer_Whale,false,1
Qwen/Qwen2.5-Omni-7B,test_51,lp_0-4000,Clymene_Dolphin,"Beluga, White Whale","Beluga,_White_Whale",false,1
Qwen/Qwen2.5-Omni-7B,test_51,lp_0-6000,Clymene_Dolphin,"Beluga, White Whale","Beluga,_White_Whale",false,1
Qwen/Qwen2.5-Omni-7B,test_51,lp_0-8000,Clymene_Dolphin,"Beluga, White Whale","Beluga,_White_Whale",false,1
Qwen/Qwen2.5-Omni-7B,test_51,remove_0-1000,Clymene_Dolphin,False Killer Whale,False_Killer_Whale,false,1
Qwen/Qwen2.5-Omni-7B,test_51,remove_1000-2000,Clymene_Dolphin,Bottlenose Dolphin,Bottlenose_Dolphin,false,1
Qwen/Qwen2.5-Omni-7B,test_51,remove_2000-4000,Clymene_Dolphin,Bottlenose Dolphin,Bottlenose_Dolphin,false,1
Qwen/Qwen2.5-Omni-7B,test_51,remove_4000-6000,Clymene_Dolphin,"Beluga, White Whale","Beluga,_White_Whale",false,1
Qwen/Qwen2.5-Omni-7B,test_51,remove_6000-8000,Clymene_Dolphin,"Beluga, White Whale","Beluga,_White_Whale",false,1
Qwen/Qwen2.5-Omni-7B,test_54,lp_0-2000,Clymene_Dolphin,"Beluga, White Whale","Beluga,_White_Whale",false,1
Qwen/Qwen2.5-Omni-7B,test_54,lp_0-4000,Clymene_Dolphin,"Beluga, White Whale","Beluga,_White_Whale",false,1
Qwen/Qwen2.5-Omni-7B,test_54,lp_0-6000,Clymene_Dolphin,"Beluga, White Whale","Beluga,_White_Whale",false,1
Qwen/Qwen2.5-Omni-7B,test_54,lp_0-8000,Clymene_Dolphin,"Beluga, White Whale","Beluga,_White_Whale",false,1
Qwen/Qwen2.5-Omni-7B,test_54,remove_0-1000,Clymene_Dolphin,False Killer Whale,False_Killer_Whale,false,1
Qwen/Qwen2.5-Omni-7B,test_54,remove_1000-2000,Clymene_Dolphin,False Killer Whale,False_Killer_Whale,false,1
Qwen/Qwen2.5-Omni-7B,test_54,remove_2000-4000,Clymene_Dolphin,False Killer Whale,False_Killer_Whale,false,1
Qwen/Qwen2.5-Omni-7B,test_54,remove_4000-6000,Clymene_Dolphin,"Beluga, White Whale","Beluga,_White_Whale",false,1
Qwen/Qwen2.5-Omni-7B,test_54,remove_6000-8000,Clymene_Dolphin,"Beluga, White Whale","Beluga,_White_Whale",false,1
Qwen/Qwen2.5-Omni-7B,test_55,lp_0-2000,Clymene_Dolphin,"Beluga, White Whale","Beluga,_White_Whale",false,1
Qwen/Qwen2.5-Omni-7B,test_55,lp_0-4000,Clymene_Dolphin,"Beluga, White Whale","Beluga,_White_Whale",false,1
Qwen/Qwen2.5-Omni-7B,test_55,lp_0-6000,Clymene_Dolphin,"Beluga, White Whale","Beluga,_White_Whale",false,1
Qwen/Qwen2.5-Omni-7B,test_55,lp_0-8000,Clymene_Dolphin,"Beluga, White Whale","Beluga,_White_Whale",false,1
Qwen/Qwen2.5-Omni-7B,test_55,remove_0-1000,Clymene_Dolphin,False Killer Whale,False_Killer_Whale,false,1
Qwen/Qwen2.5-Omni-7B,test_55,remove_1000-2000,Clymene_Dolphin,False Killer Whale,False_Killer_Whale,false,1
Qwen/Qwen2.5-Omni-7B,test_55,remove_2000-4000,Clymene_Dolphin,False Killer Whale,False_Killer_Whale,false,1
Qwen/Qwen2.5-Omni-7B,test_55,remove_4000-6000,Clymene_Dolphin,"Beluga, White Whale","Beluga,_White_Whale",false,1
Qwen/Qwen2.5-Omni-7B,test_55,remove_6000-8000,Clymene_Dolphin,"Beluga, White Whale","Beluga,_White_Whale",false,1
Qwen/Qwen2.5-Omni-7B,test_66,lp_0-2000,Bottlenose_Dolphin,False Killer Whale,False_Killer_Whale,false,1
Qwen/Qwen2.5-Omni-7B,test_66,lp_0-4000,Bottlenose_Dolphin,False Killer Whale,False_Killer_Whale,false,1
Qwen/Qwen2.5-Omni-7B,test_66,lp_0-6000,Bottlenose_Dolphin,Bottlenose Dolphin,Bottlenose_Dolphin,true,1
Qwen/Qwen2.5-Omni-7B,test_66,lp_0-8000,Bottlenose_Dolphin,Bottlenose Dolphin,Bottlenose_Dolphin,true,1
Qwen/Qwen2.5-Omni-7B,test_66,remove_0-1000,Bottlenose_Dolphin,Bottlenose Dolphin,Bottlenose_Dolphin,true,1
Qwen/Qwen2.5-Omni-7B,test_66,remove_1000-2000,Bottlenose_Dolphin,"Beluga, White Whale","Beluga,_White_Whale",false,1
Qwen/Qwen2.5-Omni-7B,test_66,remove_2000-4000,Bottlenose_Dolphin,Bottlenose Dolphin,Bottlenose_Dolphin,true,1
Qwen/Qwen2.5-Omni-7B,test_66,remove_4000-6000,Bottlenose_Dolphin,Bottlenose Dolphin,Bottlenose_Dolphin,true,1
Qwen/Qwen2.5-Omni-7B,test_66,remove_6000-8000,Bottlenose_Dolphin,Bottlenose Dolphin,Bottlenose_Dolphin,true,1
Qwen/Qwen2.5-Omni-7B,test_75,lp_0-2000,Bottlenose_Dolphin,False Killer Whale,False_Killer_Whale,false,1
Qwen/Qwen2.5-Omni-7B,test_75,lp_0-4000,Bottlenose_Dolphin,Atlantic Spotted Dolphin,Atlantic_Spotted_Dolphin,false,1
Qwen/Qwen2.5-Omni-7B,test_75,lp_0-6000,Bottlenose_Dolphin,Atlantic Spotted Dolphin,Atlantic_Spotted_Dolphin,false,1
Qwen/Qwen2.5-Omni-7B,test_75,lp_0-8000,Bottlenose_Dolphin,Atlantic Spotted Dolphin,Atlantic_Spotted_Dolphin,false,1
Qwen/Qwen2.5-Omni-7B,test_75,remove_0-1000,Bottlenose_Dolphin,Atlantic Spotted Dolphin,Atlantic_Spotted_Dolphin,false,1
Qwen/Qwen2.5-Omni-7B,test_75,remove_1000-2000,Bottlenose_Dolphin,Bottlenose Dolphin,Bottlenose_Dolphin,true,1
Qwen/Qwen2.5-Omni-7B,test_75,remove_2000-4000,Bottlenose_Dolphin,Atlantic Spotted Dolphin,Atlantic_Spotted_Dolphin,false,1
Qwen/Qwen2.5-Omni-7B,test_75,remove_4000-6000,Bottlenose_Dolphin,Atlantic Spotted Dolphin,Atlantic_Spotted_Dolphin,false,1
Qwen/Qwen2.5-Omni-7B,test_75,remove_6000-8000,Bottlenose_Dolphin,Atlantic Spotted Dolphin,Atlantic_Spotted_Dolphin,false,1
Qwen/Qwen2.5-Omni-7B,test_79,lp_0-2000,Bottlenose_Dolphin,False Killer Whale,False_Killer_Whale,false,1
Qwen/Qwen2.5-Omni-7B,test_79,lp_0-4000,Bottlenose_Dolphin,False Killer Whale,False_Killer_Whale,false,1
Qwen/Qwen2.5-Omni-7B,test_79,lp_0-6000,Bottlenose_Dolphin,False Killer Whale,False_Killer_Whale,false,1
Qwen/Qwen2.5-Omni-7B,test_79,lp_0-8000,Bottlenose_Dolphin,False Killer Whale,False_Killer_Whale,false,1
Qwen/Qwen2.5-Omni-7B,test_79,remove_0-1000,Bottlenose_Dolphin,False Killer Whale,False_Killer_Whale,false,1
Qwen/Qwen2.5-Omni-7B,test_79,remove_1000-2000,Bottlenose_Dolphin,False Killer Whale,False_Killer_Whale,false,1
Qwen/Qwen2.5-Omni-7B,test_79,remove_2000-4000,Bottlenose_Dolphin,"Beluga, White Whale","Beluga,_White_Whale",false,1
Qwen/Qwen2.5-Omni-7B,test_79,remove_4000-6000,Bottlenose_Dolphin,False Killer Whale,False_Killer_Whale,false,1
Qwen/Qwen2.5-Omni-7B,test_79,remove_6000-8000,Bottlenose_Dolphin,False Killer Whale,False_Killer_Whale,false,1
Qwen/Qwen2.5-Omni-7B,test_81,lp_0-2000,Bottlenose_Dolphin,False Killer Whale,False_Killer_Whale,false,1
Qwen/Qwen2.5-Omni-7B,test_81,lp_0-4000,Bottlenose_Dolphin,False Killer Whale,False_Killer_Whale,false,1
Qwen/Qwen2.5-Omni-7B,test_81,lp_0-6000,Bottlenose_Dolphin,False Killer Whale,False_Killer_Whale,false,1
Qwen/Qwen2.5-Omni-7B,test_81,lp_0-8000,Bottlenose_Dolphin,False Killer Whale,False_Killer_Whale,false,1
Qwen/Qwen2.5-Omni-7B,test_81,remove_0-1000,Bottlenose_Dolphin,Bottlenose Dolphin,Bottlenose_Dolphin,true,1
Qwen/Qwen2.5-Omni-7B,test_81,remove_1000-2000,Bottlenose_Dolphin,False Killer Whale,False_Killer_Whale,false,1
Qwen/Qwen2.5-Omni-7B,test_81,remove_2000-4000,Bottlenose_Dolphin,False Killer Whale,False_Killer_Whale,false,1
Qwen/Qwen2.5-Omni-7B,test_81,remove_4000-6000,Bottlenose_Dolphin,False Killer Whale,False_Killer_Whale,false,1
Qwen/Qwen2.5-Omni-7B,test_81,remove_6000-8000,Bottlenose_Dolphin,False Killer Whale,False_Killer_Whale,false,1
Qwen/Qwen2.5-Omni-7B,test_92,lp_0-2000,Spinner_Dolphin,Bottlenose Dolphin,Bottlenose_Dolphin,false,1
Qwen/Qwen2.5-Omni-7B,test_92,lp_0-4000,Spinner_Dolphin,Bottlenose Dolphin,Bottlenose_Dolphin,false,1
Qwen/Qwen2.5-Omni-7B,test_92,lp_0-6000,Spinner_Dolphin,Bottlenose Dolphin,Bottlenose_Dolphin,false,1
Qwen/Qwen2.5-Omni-7B,test_92,lp_0-8000,Spinner_Dolphin,False Killer Whale,False_Killer_Whale,false,1
Qwen/Qwen2.5-Omni-7B,test_92,remove_0-1000,Spinner_Dolphin,Bottlenose Dolphin,Bottlenose_Dolphin,false,1
Qwen/Qwen2.5-Omni-7B,test_92,remove_1000-2000,Spinner_Dolphin,False Killer Whale,False_Killer_Whale,false,1
Qwen/Qwen2.5-Omni-7B,test_92,remove_2000-4000,Spinner_Dolphin,False Killer Whale,False_Killer_Whale,false,1
Qwen/Qwen2.5-Omni-7B,test_92,remove_4000-6000,Spinner_Dolphin,Bottlenose Dolphin,Bottlenose_Dolphin,false,1
Qwen/Qwen2.5-Omni-7B,test_92,remove_6000-8000,Spinner_Dolphin,Bottlenose Dolphin,Bottlenose_Dolphin,false,1
Qwen/Qwen2.5-Omni-7B,test_95,lp_0-2000,Spinner_Dolphin,False Killer Whale,False_Killer_Whale,false,1
Qwen/Qwen2.5-Omni-7B,test_95,lp_0-4000,Spinner_Dolphin,Bottlenose Dolphin,Bottlenose_Dolphin,false,1
Qwen/Qwen2.5-Omni-7B,test_95,lp_0-6000,Spinner_Dolphin,Bottlenose Dolphin,Bottlenose_Dolphin,false,1
Qwen/Qwen2.5-Omni-7B,test_95,lp_0-8000,Spinner_Dolphin,Bottlenose Dolphin,Bottlenose_Dolphin,false,1
Qwen/Qwen2.5-Omni-7B,test_95,remove_0-1000,Spinner_Dolphin,False Killer Whale,False_Killer_Whale,false,1
Qwen/Qwen2.5-Omni-7B,test_95,remove_1000-2000,Spinner_Dolphin,Bottlenose Dolphin,Bottlenose_Dolphin,false,1
Qwen/Qwen2.5-Omni-7B,test_95,remove_2000-4000,Spinner_Dolphin,False Killer Whale,False_Killer_Whale,false,1
Qwen/Qwen2.5-Omni-7B,test_95,remove_4000-6000,Spinner_Dolphin,Bottlenose Dolphin,Bottlenose_Dolphin,false,1
Qwen/Qwen2.5-Omni-7B,test_95,remove_6000-8000,Spinner_Dolphin,False Killer Whale,False_Killer_Whale,false,1
Qwen/Qwen2.5-Omni-7B,test_98,lp_0-2000,Spinner_Dolphin,False Killer Whale,False_Killer_Whale,false,1
Qwen/Qwen2.5-Omni-7B,test_98,lp_0-4000,Spinner_Dolphin,Bottlenose Dolphin,Bottlenose_Dolphin,false,1
Qwen/Qwen2.5-Omni-7B,test_98,lp_0-6000,Spinner_Dolphin,Bottlenose Dolphin,Bottlenose_Dolphin,false,1
Qwen/Qwen2.5-Omni-7B,test_98,lp_0-8000,Spinner_Dolphin,False Killer Whale,False_Killer_Whale,false,1
Qwen/Qwen2.5-Omni-7B,test_98,remove_0-1000,Spinner_Dolphin,False Killer Whale,False_Killer_Whale,false,1
Qwen/Qwen2.5-Omni-7B,test_98,remove_1000-2000,Spinner_Dolphin,False Killer Whale,False_Killer_Whale,false,1
Qwen/Qwen2.5-Omni-7B,test_98,remove_2000-4000,Spinner_Dolphin,False Killer Whale,False_Killer_Whale,false,1
Qwen/Qwen2.5-Omni-7B,test_98,remove_4000-6000,Spinner_Dolphin,False Killer Whale,False_Killer_Whale,false,1
Qwen/Qwen2.5-Omni-7B,test_98,remove_6000-8000,Spinner_Dolphin,False Killer Whale,False_Killer_Whale,false,1
Qwen/Qwen2.5-Omni-7B,test_103,lp_0-2000,Spinner_Dolphin,"Beluga, White Whale","Beluga,_White_Whale",false,1
Qwen/Qwen2.5-Omni-7B,test_103,lp_0-4000,Spinner_Dolphin,"Beluga, White Whale","Beluga,_White_Whale",false,1
Qwen/Qwen2.5-Omni-7B,test_103,lp_0-6000,Spinner_Dolphin,Bottlenose Dolphin,Bottlenose_Dolphin,false,1
Qwen/Qwen2.5-Omni-7B,test_103,lp_0-8000,Spinner_Dolphin,False Killer Whale,False_Killer_Whale,false,1
Qwen/Qwen2.5-Omni-7B,test_103,remove_0-1000,Spinner_Dolphin,False Killer Whale,False_Killer_Whale,false,1
Qwen/Qwen2.5-Omni-7B,test_103,remove_1000-2000,Spinner_Dolphin,False Killer Whale,False_Killer_Whale,false,1
Qwen/Qwen2.5-Omni-7B,test_103,remove_2000-4000,Spinner_Dolphin,False Killer Whale,False_Killer_Whale,false,1
Qwen/Qwen2.5-Omni-7B,test_103,remove_4000-6000,Spinner_Dolphin,False Killer Whale,False_Killer_Whale,false,1
Qwen/Qwen2.5-Omni-7B,test_103,remove_6000-8000,Spinner_Dolphin,False Killer Whale,False_Killer_Whale,false,1
Qwen/Qwen2.5-Omni-7B,test_108,lp_0-2000,Spinner_Dolphin,False Killer Whale,False_Killer_Whale,false,1
Qwen/Qwen2.5-Omni-7B,test_108,lp_0-4000,Spinner_Dolphin,"Beluga, White Whale","Beluga,_White_Whale",false,1
Qwen/Qwen2.5-Omni-7B,test_108,lp_0-6000,Spinner_Dolphin,"Beluga, White Whale","Beluga,_White_Whale",false,1
Qwen/Qwen2.5-Omni-7B,test_108,lp_0-8000,Spinner_Dolphin,False Killer Whale,False_Killer_Whale,false,1
Qwen/Qwen2.5-Omni-7B,test_108,remove_0-1000,Spinner_Dolphin,False Killer Whale,False_Killer_Whale,false,1
Qwen/Qwen2.5-Omni-7B,test_108,remove_1000-2000,Spinner_Dolphin,False Killer Whale,False_Killer_Whale,false,1
Qwen/Qwen2.5-Omni-7B,test_108,remove_2000-4000,Spinner_Dolphin,False Killer Whale,False_Killer_Whale,false,1
Qwen/Qwen2.5-Omni-7B,test_108,remove_4000-6000,Spinner_Dolphin,False Killer Whale,False_Killer_Whale,false,1
Qwen/Qwen2.5-Omni-7B,test_108,remove_6000-8000,Spinner_Dolphin,False Killer Whale,False_Killer_Whale,false,1
Qwen/Qwen2.5-Omni-7B,test_110,lp_0-2000,Spinner_Dolphin,"Beluga, White Whale","Beluga,_White_Whale",false,1
Qwen/Qwen2.5-Omni-7B,test_110,lp_0-4000,Spinner_Dolphin,"Beluga, White Whale","Beluga,_White_Whale",false,1
Qwen/Qwen2.5-Omni-7B,test_110,lp_0-6000,Spinner_Dolphin,Bottlenose Dolphin,Bottlenose_Dolphin,false,1
Qwen/Qwen2.5-Omni-7B,test_110,lp_0-8000,Spinner_Dolphin,Bottlenose Dolphin,Bottlenose_Dolphin,false,1
Qwen/Qwen2.5-Omni-7B,test_110,remove_0-1000,Spinner_Dolphin,False Killer Whale,False_Killer_Whale,false,1
Qwen/Qwen2.5-Omni-7B,test_110,remove_1000-2000,Spinner_Dolphin,Bottlenose Dolphin,Bottlenose_Dolphin,false,1
Qwen/Qwen2.5-Omni-7B,test_110,remove_2000-4000,Spinner_Dolphin,False Killer Whale,False_Killer_Whale,false,1
Qwen/Qwen2.5-Omni-7B,test_110,remove_4000-6000,Spinner_Dolphin,False Killer Whale,False_Killer_Whale,false,1
Qwen/Qwen2.5-Omni-7B,test_110,remove_6000-8000,Spinner_Dolphin,False Killer Whale,False_Killer_Whale,false,1
Qwen/Qwen2.5-Omni-7B,test_111,lp_0-2000,Spinner_Dolphin,False Killer Whale,False_Killer_Whale,false,1
Qwen/Qwen2.5-Omni-7B,test_111,lp_0-4000,Spinner_Dolphin,"Beluga, White Whale","Beluga,_White_Whale",false,1
Qwen/Qwen2.5-Omni-7B,test_111,lp_0-6000,Spinner_Dolphin,"Beluga, White Whale","Beluga,_White_Whale",false,1
Qwen/Qwen2.5-Omni-7B,test_111,lp_0-8000,Spinner_Dolphin,False Killer Whale,False_Killer_Whale,false,1
Qwen/Qwen2.5-Omni-7B,test_111,remove_0-1000,Spinner_Dolphin,False Killer Whale,False_Killer_Whale,false,1
Qwen/Qwen2.5-Omni-7B,test_111,remove_1000-2000,Spinner_Dolphin,False Killer Whale,False_Killer_Whale,false,1
Qwen/Qwen2.5-Omni-7B,test_111,remove_2000-4000,Spinner_Dolphin,False Killer Whale,False_Killer_Whale,false,1
Qwen/Qwen2.5-Omni-7B,test_111,remove_4000-6000,Spinner_Dolphin,False Killer Whale,False_Killer_Whale,false,1
Qwen/Qwen2.5-Omni-7B,test_111,remove_6000-8000,Spinner_Dolphin,False Killer Whale,False_Killer_Whale,false,1
Qwen/Qwen2.5-Omni-7B,test_112,lp_0-2000,Spinner_Dolphin,False Killer Whale,False_Killer_Whale,false,1
Qwen/Qwen2.5-Omni-7B,test_112,lp_0-4000,Spinner_Dolphin,"Beluga, White Whale","Beluga,_White_Whale",false,1
Qwen/Qwen2.5-Omni-7B,test_112,lp_0-6000,Spinner_Dolphin,Bottlenose Dolphin,Bottlenose_Dolphin,false,1
Qwen/Qwen2.5-Omni-7B,test_112,lp_0-8000,Spinner_Dolphin,False Killer Whale,False_Killer_Whale,false,1
Qwen/Qwen2.5-Omni-7B,test_112,remove_0-1000,Spinner_Dolphin,False Killer Whale,False_Killer_Whale,false,1
Qwen/Qwen2.5-Omni-7B,test_112,remove_1000-2000,Spinner_Dolphin,False Killer Whale,False_Killer_Whale,false,1
Qwen/Qwen2.5-Omni-7B,test_112,remove_2000-4000,Spinner_Dolphin,False Killer Whale,False_Killer_Whale,false,1
Qwen/Qwen2.5-Omni-7B,test_112,remove_4000-6000,Spinner_Dolphin,False Killer Whale,False_Killer_Whale,false,1
Qwen/Qwen2.5-Omni-7B,test_112,remove_6000-8000,Spinner_Dolphin,False Killer Whale,False_Killer_Whale,false,1
Qwen/Qwen2.5-Omni-7B,test_113,lp_0-2000,Spinner_Dolphin,False Killer Whale,False_Killer_Whale,false,1
Qwen/Qwen2.5-Omni-7B,test_113,lp_0-4000,Spinner_Dolphin,"Beluga, White Whale","Beluga,_White_Whale",false,1
Qwen/Qwen2.5-Omni-7B,test_113,lp_0-6000,Spinner_Dolphin,Bottlenose Dolphin,Bottlenose_Dolphin,false,1
Qwen/Qwen2.5-Omni-7B,test_113,lp_0-8000,Spinner_Dolphin,False Killer Whale,False_Killer_Whale,false,1
Qwen/Qwen2.5-Omni-7B,test_113,remove_0-1000,Spinner_Dolphin,False Killer Whale,False_Killer_Whale,false,1
Qwen/Qwen2.5-Omni-7B,test_113,remove_1000-2000,Spinner_Dolphin,False Killer Whale,False_Killer_Whale,false,1
Qwen/Qwen2.5-Omni-7B,test_113,remove_2000-4000,Spinner_Dolphin,False Killer Whale,False_Killer_Whale,false,1
Qwen/Qwen2.5-Omni-7B,test_113,remove_4000-6000,Spinner_Dolphin,False Killer Whale,False_Killer_Whale,false,1
Qwen/Qwen2.5-Omni-7B,test_113,remove_6000-8000,Spinner_Dolphin,False Killer Whale,False_Killer_Whale,false,1
Qwen/Qwen2.5-Omni-7B,test_115,lp_0-2000,Spinner_Dolphin,False Killer Whale,False_Killer_Whale,false,1
Qwen/Qwen2.5-Omni-7B,test_115,lp_0-4000,Spinner_Dolphin,"Beluga, White Whale","Beluga,_White_Whale",false,1
Qwen/Qwen2.5-Omni-7B,test_115,lp_0-6000,Spinner_Dolphin,False Killer Whale,False_Killer_Whale,false,1
Qwen/Qwen2.5-Omni-7B,test_115,lp_0-8000,Spinner_Dolphin,False Killer Whale,False_Killer_Whale,false,1
Qwen/Qwen2.5-Omni-7B,test_115,remove_0-1000,Spinner_Dolphin,False Killer Whale,False_Killer_Whale,false,1
Qwen/Qwen2.5-Omni-7B,test_115,remove_1000-2000,Spinner_Dolphin,False Killer Whale,False_Killer_Whale,false,1
Qwen/Qwen2.5-Omni-7B,test_115,remove_2000-4000,Spinner_Dolphin,False Killer Whale,False_Killer_Whale,false,1
Qwen/Qwen2.5-Omni-7B,test_115,remove_4000-6000,Spinner_Dolphin,False Killer Whale,False_Killer_Whale,false,1
Qwen/Qwen2.5-Omni-7B,test_115,remove_6000-8000,Spinner_Dolphin,False Killer Whale,False_Killer_Whale,false,1
Qwen/Qwen2.5-Omni-7B,test_120,lp_0-2000,Spinner_Dolphin,False Killer Whale,False_Killer_Whale,false,1
Qwen/Qwen2.5-Omni-7B,test_120,lp_0-4000,Spinner_Dolphin,False Killer Whale,False_Killer_Whale,false,1
Qwen/Qwen2.5-Omni-7B,test_120,lp_0-6000,Spinner_Dolphin,False Killer Whale,False_Killer_Whale,false,1
Qwen/Qwen2.5-Omni-7B,test_120,lp_0-8000,Spinner_Dolphin,False Killer Whale,False_Killer_Whale,false,1
Qwen/Qwen2.5-Omni-7B,test_120,remove_0-1000,Spinner_Dolphin,False Killer Whale,False_Killer_Whale,false,1
Qwen/Qwen2.5-Omni-7B,test_120,remove_1000-2000,Spinner_Dolphin,False Killer Whale,False_Killer_Whale,false,1
Qwen/Qwen2.5-Omni-7B,test_120,remove_2000-4000,Spinner_Dolphin,Bottlenose Dolphin,Bottlenose_Dolphin,false,1
Qwen/Qwen2.5-Omni-7B,test_120,remove_4000-6000,Spinner_Dolphin,False Killer Whale,False_Killer_Whale,false,1
Qwen/Qwen2.5-Omni-7B,test_120,remove_6000-8000,Spinner_Dolphin,False Killer Whale,False_Killer_Whale,false,1
Qwen/Qwen2.5-Omni-7B,test_123,lp_0-2000,Spinner_Dolphin,False Killer Whale,False_Killer_Whale,false,1
Qwen/Qwen2.5-Omni-7B,test_123,lp_0-4000,Spinner_Dolphin,"Beluga, White Whale","Beluga,_White_Whale",false,1
Qwen/Qwen2.5-Omni-7B,test_123,lp_0-6000,Spinner_Dolphin,Bottlenose Dolphin,Bottlenose_Dolphin,false,1
Qwen/Qwen2.5-Omni-7B,test_123,lp_0-8000,Spinner_Dolphin,False Killer Whale,False_Killer_Whale,false,1
Qwen/Qwen2.5-Omni-7B,test_123,remove_0-1000,Spinner_Dolphin,False Killer Whale,False_Killer_Whale,false,1
Qwen/Qwen2.5-Omni-7B,test_123,remove_1000-2000,Spinner_Dolphin,False Killer Whale,False_Killer_Whale,false,1
Qwen/Qwen2.5-Omni-7B,test_123,remove_2000-4000,Spinner_Dolphin,False Killer Whale,False_Killer_Whale,false,1
Qwen/Qwen2.5-Omni-7B,test_123,remove_4000-6000,Spinner_Dolphin,False Killer Whale,False_Killer_Whale,false,1
Qwen/Qwen2.5-Omni-7B,test_123,remove_6000-8000,Spinner_Dolphin,False Killer Whale,False_Killer_Whale,false,1
Qwen/Qwen2.5-Omni-7B,test_124,lp_0-2000,Spinner_Dolphin,False Killer Whale,False_Killer_Whale,false,1
Qwen/Qwen2.5-Omni-7B,test_124,lp_0-4000,Spinner_Dolphin,"Beluga, White Whale","Beluga,_White_Whale",false,1
Qwen/Qwen2.5-Omni-7B,test_124,lp_0-6000,Spinner_Dolphin,"Beluga, White Whale","Beluga,_White_Whale",false,1
Qwen/Qwen2.5-Omni-7B,test_124,lp_0-8000,Spinner_Dolphin,False Killer Whale,False_Killer_Whale,false,1
Qwen/Qwen2.5-Omni-7B,test_124,remove_0-1000,Spinner_Dolphin,False Killer Whale,False_Killer_Whale,false,1
Qwen/Qwen2.5-Omni-7B,test_124,remove_1000-2000,Spinner_Dolphin,False Killer Whale,False_Killer_Whale,false,1
Qwen/Qwen2.5-Omni-7B,test_124,remove_2000-4000,Spinner_Dolphin,False Killer Whale,False_Killer_Whale,false,1
Qwen/Qwen2.5-Omni-7B,test_124,remove_4000-6000,Spinner_Dolphin,"Beluga, White Whale","Beluga,_White_Whale",false,1
Qwen/Qwen2.5-Omni-7B,test_124,remove_6000-8000,Spinner_Dolphin,False Killer Whale,False_Killer_Whale,false,1
Qwen/Qwen2.5-Omni-7B,test_159,lp_0-2000,Spinner_Dolphin,"Beluga, White Whale","Beluga,_White_Whale",false,1
Qwen/Qwen2.5-Omni-7B,test_159,lp_0-4000,Spinner_Dolphin,"Beluga, White Whale","Beluga,_White_Whale",false,1
Qwen/Qwen2.5-Omni-7B,test_159,lp_0-6000,Spinner_Dolphin,"Beluga, White Whale","Beluga,_White_Whale",false,1
Qwen/Qwen2.5-Omni-7B,test_159,lp_0-8000,Spinner_Dolphin,"Beluga, White Whale","Beluga,_White_Whale",false,1
Qwen/Qwen2.5-Omni-7B,test_159,remove_0-1000,Spinner_Dolphin,False Killer Whale,False_Killer_Whale,false,1
Qwen/Qwen2.5-Omni-7B,test_159,remove_1000-2000,Spinner_Dolphin,False Killer Whale,False_Killer_Whale,false,1
Qwen/Qwen2.5-Omni-7B,test_159,remove_2000-4000,Spinner_Dolphin,Bottlenose Dolphin,Bottlenose_Dolphin,false,1
Qwen/Qwen2.5-Omni-7B,test_159,remove_4000-6000,Spinner_Dolphin,"Beluga, White Whale","Beluga,_White_Whale",false,1
Qwen/Qwen2.5-Omni-7B,test_159,remove_6000-8000,Spinner_Dolphin,"Beluga, White Whale","Beluga,_White_Whale",false,1
Qwen/Qwen2.5-Omni-7B,test_167,lp_0-2000,Spinner_Dolphin,False Killer Whale,False_Killer_Whale,false,1
Qwen/Qwen2.5-Omni-7B,test_167,lp_0-4000,Spinner_Dolphin,"Beluga, White Whale","Beluga,_White_Whale",false,1
Qwen/Qwen2.5-Omni-7B,test_167,lp_0-6000,Spinner_Dolphin,"Beluga, White Whale","Beluga,_White_Whale",false,1
Qwen/Qwen2.5-Omni-7B,test_167,lp_0-8000,Spinner_Dolphin,"Beluga, White Whale","Beluga,_White_Whale",false,1
Qwen/Qwen2.5-Omni-7B,test_167,remove_0-1000,Spinner_Dolphin,False Killer Whale,False_Killer_Whale,false,1
Qwen/Qwen2.5-Omni-7B,test_167,remove_1000-2000,Spinner_Dolphin,False Killer Whale,False_Killer_Whale,false,1
Qwen/Qwen2.5-Omni-7B,test_167,remove_2000-4000,Spinner_Dolphin,False Killer Whale,False_Killer_Whale,false,1
Qwen/Qwen2.5-Omni-7B,test_167,remove_4000-6000,Spinner_Dolphin,False Killer Whale,False_Killer_Whale,false,1
Qwen/Qwen2.5-Omni-7B,test_167,remove_6000-8000,Spinner_Dolphin,"Beluga, White Whale","Beluga,_White_Whale",false,1
Qwen/Qwen2.5-Omni-7B,test_172,lp_0-2000,Spinner_Dolphin,False Killer Whale,False_Killer_Whale,false,1
Qwen/Qwen2.5-Omni-7B,test_172,lp_0-4000,Spinner_Dolphin,"Beluga, White Whale","Beluga,_White_Whale",false,1
Qwen/Qwen2.5-Omni-7B,test_172,lp_0-6000,Spinner_Dolphin,"Beluga, White Whale","Beluga,_White_Whale",false,1
Qwen/Qwen2.5-Omni-7B,test_172,lp_0-8000,Spinner_Dolphin,False Killer Whale,False_Killer_Whale,false,1
Qwen/Qwen2.5-Omni-7B,test_172,remove_0-1000,Spinner_Dolphin,False Killer Whale,False_Killer_Whale,false,1
Qwen/Qwen2.5-Omni-7B,test_172,remove_1000-2000,Spinner_Dolphin,False Killer Whale,False_Killer_Whale,false,1
Qwen/Qwen2.5-Omni-7B,test_172,remove_2000-4000,Spinner_Dolphin,False Killer Whale,False_Killer_Whale,false,1
Qwen/Qwen2.5-Omni-7B,test_172,remove_4000-6000,Spinner_Dolphin,False Killer Whale,False_Killer_Whale,false,1
Qwen/Qwen2.5-Omni-7B,test_172,remove_6000-8000,Spinner_Dolphin,False Killer Whale,False_Killer_Whale,false,1
Qwen/Qwen2.5-Omni-7B,test_173,lp_0-2000,Spinner_Dolphin,False Killer Whale,False_Killer_Whale,false,1
Qwen/Qwen2.5-Omni-7B,test_173,lp_0-4000,Spinner_Dolphin,Bottlenose Dolphin,Bottlenose_Dolphin,false,1
Qwen/Qwen2.5-Omni-7B,test_173,lp_0-6000,Spinner_Dolphin,Bottlenose Dolphin,Bottlenose_Dolphin,false,1
Qwen/Qwen2.5-Omni-7B,test_173,lp_0-8000,Spinner_Dolphin,Bottlenose Dolphin,Bottlenose_Dolphin,false,1
Qwen/Qwen2.5-Omni-7B,test_173,remove_0-1000,Spinner_Dolphin,False Killer Whale,False_Killer_Whale,false,1
Qwen/Qwen2.5-Omni-7B,test_173,remove_1000-2000,Spinner_Dolphin,Bottlenose Dolphin,Bottlenose_Dolphin,false,1
Qwen/Qwen2.5-Omni-7B,test_173,remove_2000-4000,Spinner_Dolphin,Bottlenose Dolphin,Bottlenose_Dolphin,false,1
Qwen/Qwen2.5-Omni-7B,test_173,remove_4000-6000,Spinner_Dolphin,Bottlenose Dolphin,Bottlenose_Dolphin,false,1
Qwen/Qwen2.5-Omni-7B,test_173,remove_6000-8000,Spinner_Dolphin,"Beluga, White Whale","Beluga,_White_Whale",false,1
Qwen/Qwen2.5-Omni-7B,test_180,lp_0-2000,Spinner_Dolphin,False Killer Whale,False_Killer_Whale,false,1
Qwen/Qwen2.5-Omni-7B,test_180,lp_0-4000,Spinner_Dolphin,"Beluga, White Whale","Beluga,_White_Whale",false,1
Qwen/Qwen2.5-Omni-7B,test_180,lp_0-6000,Spinner_Dolphin,"Beluga, White Whale","Beluga,_White_Whale",false,1
Qwen/Qwen2.5-Omni-7B,test_180,lp_0-8000,Spinner_Dolphin,False Killer Whale,False_Killer_Whale,false,1
Qwen/Qwen2.5-Omni-7B,test_180,remove_0-1000,Spinner_Dolphin,False Killer Whale,False_Killer_Whale,false,1
Qwen/Qwen2.5-Omni-7B,test_180,remove_1000-2000,Spinner_Dolphin,False Killer Whale,False_Killer_Whale,false,1
Qwen/Qwen2.5-Omni-7B,test_180,remove_2000-4000,Spinner_Dolphin,False Killer Whale,False_Killer_Whale,false,1
Qwen/Qwen2.5-Omni-7B,test_180,remove_4000-6000,Spinner_Dolphin,False Killer Whale,False_Killer_Whale,false,1
Qwen/Qwen2.5-Omni-7B,test_180,remove_6000-8000,Spinner_Dolphin,False Killer Whale,False_Killer_Whale,false,1
Qwen/Qwen2.5-Omni-7B,test_185,lp_0-2000,Spinner_Dolphin,False Killer Whale,False_Killer_Whale,false,1
Qwen/Qwen2.5-Omni-7B,test_185,lp_0-4000,Spinner_Dolphin,"Beluga, White Whale","Beluga,_White_Whale",false,1
Qwen/Qwen2.5-Omni-7B,test_185,lp_0-6000,Spinner_Dolphin,"Beluga, White Whale","Beluga,_White_Whale",false,1
Qwen/Qwen2.5-Omni-7B,test_185,lp_0-8000,Spinner_Dolphin,"Beluga, White Whale","Beluga,_White_Whale",false,1
Qwen/Qwen2.5-Omni-7B,test_185,remove_0-1000,Spinner_Dolphin,False Killer Whale,False_Killer_Whale,false,1
Qwen/Qwen2.5-Omni-7B,test_185,remove_1000-2000,Spinner_Dolphin,False Killer Whale,False_Killer_Whale,false,1
Qwen/Qwen2.5-Omni-7B,test_185,remove_2000-4000,Spinner_Dolphin,False Killer Whale,False_Killer_Whale,false,1
Qwen/Qwen2.5-Omni-7B,test_185,remove_4000-6000,Spinner_Dolphin,False Killer Whale,False_Killer_Whale,false,1
Qwen/Qwen2.5-Omni-7B,test_185,remove_6000-8000,Spinner_Dolphin,False Killer Whale,False_Killer_Whale,false,1
Qwen/Qwen2.5-Omni-7B,test_194,lp_0-2000,Spinner_Dolphin,False Killer Whale,False_Killer_Whale,false,1
Qwen/Qwen2.5-Omni-7B,test_194,lp_0-4000,Spinner_Dolphin,"Beluga, White Whale","Beluga,_White_Whale",false,1
Qwen/Qwen2.5-Omni-7B,test_194,lp_0-6000,Spinner_Dolphin,Bottlenose Dolphin,Bottlenose_Dolphin,false,1
Qwen/Qwen2.5-Omni-7B,test_194,lp_0-8000,Spinner_Dolphin,Bottlenose Dolphin,Bottlenose_Dolphin,false,1
Qwen/Qwen2.5-Omni-7B,test_194,remove_0-1000,Spinner_Dolphin,False Killer Whale,False_Killer_Whale,false,1
Qwen/Qwen2.5-Omni-7B,test_194,remove_1000-2000,Spinner_Dolphin,Bottlenose Dolphin,Bottlenose_Dolphin,false,1
Qwen/Qwen2.5-Omni-7B,test_194,remove_2000-4000,Spinner_Dolphin,"Beluga, White Whale","Beluga,_White_Whale",false,1
Qwen/Qwen2.5-Omni-7B,test_194,remove_4000-6000,Spinner_Dolphin,Bottlenose Dolphin,Bottlenose_Dolphin,false,1
Qwen/Qwen2.5-Omni-7B,test_194,remove_6000-8000,Spinner_Dolphin,"Beluga, White Whale","Beluga,_White_Whale",false,1
Qwen/Qwen2.5-Omni-7B,test_199,lp_0-2000,Spinner_Dolphin,False Killer Whale,False_Killer_Whale,false,1
Qwen/Qwen2.5-Omni-7B,test_199,lp_0-4000,Spinner_Dolphin,"Beluga, White Whale","Beluga,_White_Whale",false,1
Qwen/Qwen2.5-Omni-7B,test_199,lp_0-6000,Spinner_Dolphin,Bottlenose Dolphin,Bottlenose_Dolphin,false,1
Qwen/Qwen2.5-Omni-7B,test_199,lp_0-8000,Spinner_Dolphin,Bottlenose Dolphin,Bottlenose_Dolphin,false,1
Qwen/Qwen2.5-Omni-7B,test_199,remove_0-1000,Spinner_Dolphin,False Killer Whale,False_Killer_Whale,false,1
Qwen/Qwen2.5-Omni-7B,test_199,remove_1000-2000,Spinner_Dolphin,False Killer Whale,False_Killer_Whale,false,1
Qwen/Qwen2.5-Omni-7B,test_199,remove_2000-4000,Spinner_Dolphin,False Killer Whale,False_Killer_Whale,false,1
Qwen/Qwen2.5-Omni-7B,test_199,remove_4000-6000,Spinner_Dolphin,Bottlenose Dolphin,Bottlenose_Dolphin,false,1
Qwen/Qwen2.5-Omni-7B,test_199,remove_6000-8000,Spinner_Dolphin,False Killer Whale,False_Killer_Whale,false,1
Qwen/Qwen2.5-Omni-7B,test_200,lp_0-2000,Spinner_Dolphin,"Beluga, White Whale","Beluga,_White_Whale",false,1
Qwen/Qwen2.5-Omni-7B,test_200,lp_0-4000,Spinner_Dolphin,False Killer Whale,False_Killer_Whale,false,1
Qwen/Qwen2.5-Omni-7B,test_200,lp_0-6000,Spinner_Dolphin,"Beluga, White Whale","Beluga,_White_Whale",false,1
Qwen/Qwen2.5-Omni-7B,test_200,lp_0-8000,Spinner_Dolphin,False Killer Whale,False_Killer_Whale,false,1
Qwen/Qwen2.5-Omni-7B,test_200,remove_0-1000,Spinner_Dolphin,False Killer Whale,False_Killer_Whale,false,1
Qwen/Qwen2.5-Omni-7B,test_200,remove_1000-2000,Spinner_Dolphin,False Killer Whale,False_Killer_Whale,false,1
Qwen/Qwen2.5-Omni-7B,test_200,remove_2000-4000,Spinner_Dolphin,Bottlenose Dolphin,Bottlenose_Dolphin,false,1
Qwen/Qwen2.5-Omni-7B,test_200,remove_4000-6000,Spinner_Dolphin,False Killer Whale,False_Killer_Whale,false,1
Qwen/Qwen2.5-Omni-7B,test_200,remove_6000-8000,Spinner_Dolphin,False Killer Whale,False_Killer_Whale,false,1
Qwen/Qwen2.5-Omni-7B,test_205,lp_0-2000,"Beluga,_White_Whale","Beluga, White Whale","Beluga,_White_Whale",true,1
Qwen/Qwen2.5-Omni-7B,test_205,lp_0-4000,"Beluga,_White_Whale","Beluga, White Whale","Beluga,_White_Whale",true,1
Qwen/Qwen2.5-Omni-7B,test_205,lp_0-6000,"Beluga,_White_Whale",False Killer Whale,False_Killer_Whale,false,1
Qwen/Qwen2.5-Omni-7B,test_205,lp_0-8000,"Beluga,_White_Whale",False Killer Whale,False_Killer_Whale,false,1
Qwen/Qwen2.5-Omni-7B,test_205,remove_0-1000,"Beluga,_White_Whale",Bottlenose Dolphin,Bottlenose_Dolphin,false,1
Qwen/Qwen2.5-Omni-7B,test_205,remove_1000-2000,"Beluga,_White_Whale",False Killer Whale,False_Killer_Whale,false,1
Qwen/Qwen2.5-Omni-7B,test_205,remove_2000-4000,"Beluga,_White_Whale",False Killer Whale,False_Killer_Whale,false,1
Qwen/Qwen2.5-Omni-7B,test_205,remove_4000-6000,"Beluga,_White_Whale",False Killer Whale,False_Killer_Whale,false,1
Qwen/Qwen2.5-Omni-7B,test_205,remove_6000-8000,"Beluga,_White_Whale","Beluga, White Whale","Beluga,_White_Whale",true,1
Qwen/Qwen2.5-Omni-7B,test_207,lp_0-2000,"Beluga,_White_Whale",Humpback Whale,Humpback_Whale,false,1
Qwen/Qwen2.5-Omni-7B,test_207,lp_0-4000,"Beluga,_White_Whale",False Killer Whale,False_Killer_Whale,false,1
Qwen/Qwen2.5-Omni-7B,test_207,lp_0-6000,"Beluga,_White_Whale","Beluga, White Whale","Beluga,_White_Whale",true,1
Qwen/Qwen2.5-Omni-7B,test_207,lp_0-8000,"Beluga,_White_Whale",False Killer Whale,False_Killer_Whale,false,1
Qwen/Qwen2.5-Omni-7B,test_207,remove_0-1000,"Beluga,_White_Whale",False Killer Whale,False_Killer_Whale,false,1
Qwen/Qwen2.5-Omni-7B,test_207,remove_1000-2000,"Beluga,_White_Whale","Beluga, White Whale","Beluga,_White_Whale",true,1
Qwen/Qwen2.5-Omni-7B,test_207,remove_2000-4000,"Beluga,_White_Whale","Beluga, White Whale","Beluga,_White_Whale",true,1
Qwen/Qwen2.5-Omni-7B,test_207,remove_4000-6000,"Beluga,_White_Whale","Beluga, White Whale","Beluga,_White_Whale",true,1
Qwen/Qwen2.5-Omni-7B,test_207,remove_6000-8000,"Beluga,_White_Whale","Beluga, White Whale","Beluga,_White_Whale",true,1
Qwen/Qwen2.5-Omni-7B,test_208,lp_0-2000,"Beluga,_White_Whale","Beluga, White Whale","Beluga,_White_Whale",true,1
Qwen/Qwen2.5-Omni-7B,test_208,lp_0-4000,"Beluga,_White_Whale","Beluga, White Whale","Beluga,_White_Whale",true,1
Qwen/Qwen2.5-Omni-7B,test_208,lp_0-6000,"Beluga,_White_Whale","Beluga, White Whale","Beluga,_White_Whale",true,1
Qwen/Qwen2.5-Omni-7B,test_208,lp_0-8000,"Beluga,_White_Whale","Beluga, White Whale","Beluga,_White_Whale",true,1
Qwen/Qwen2.5-Omni-7B,test_208,remove_0-1000,"Beluga,_White_Whale",False Killer Whale,False_Killer_Whale,false,1
Qwen/Qwen2.5-Omni-7B,test_208,remove_1000-2000,"Beluga,_White_Whale","Beluga, White Whale","Beluga,_White_Whale",true,1
Qwen/Qwen2.5-Omni-7B,test_208,remove_2000-4000,"Beluga,_White_Whale","Beluga, White Whale","Beluga,_White_Whale",true,1
Qwen/Qwen2.5-Omni-7B,test_208,remove_4000-6000,"Beluga,_White_Whale","Beluga, White Whale","Beluga,_White_Whale",true,1
Qwen/Qwen2.5-Omni-7B,test_208,remove_6000-8000,"Beluga,_White_Whale","Beluga, White Whale","Beluga,_White_Whale",true,1
Qwen/Qwen2.5-Omni-7B,test_225,lp_0-2000,"Beluga,_White_Whale","Beluga, White Whale","Beluga,_White_Whale",true,1
Qwen/Qwen2.5-Omni-7B,test_225,lp_0-4000,"Beluga,_White_Whale","Beluga, White Whale","Beluga,_White_Whale",true,1
Qwen/Qwen2.5-Omni-7B,test_225,lp_0-6000,"Beluga,_White_Whale","Beluga, White Whale","Beluga,_White_Whale",true,1
Qwen/Qwen2.5-Omni-7B,test_225,lp_0-8000,"Beluga,_White_Whale","Beluga, White Whale","Beluga,_White_Whale",true,1
Qwen/Qwen2.5-Omni-7B,test_225,remove_0-1000,"Beluga,_White_Whale",False Killer Whale,False_Killer_Whale,false,1
Qwen/Qwen2.5-Omni-7B,test_225,remove_1000-2000,"Beluga,_White_Whale","Beluga, White Whale","Beluga,_White_Whale",true,1
Qwen/Qwen2.5-Omni-7B,test_225,remove_2000-4000,"Beluga,_White_Whale","Beluga, White Whale","Beluga,_White_Whale",true,1
Qwen/Qwen2.5-Omni-7B,test_225,remove_4000-6000,"Beluga,_White_Whale","Beluga, White Whale","Beluga,_White_Whale",true,1
Qwen/Qwen2.5-Omni-7B,test_225,remove_6000-8000,"Beluga,_White_Whale","Beluga, White Whale","Beluga,_White_Whale",true,1
Qwen/Qwen2.5-Omni-7B,test_233,lp_0-2000,"Beluga,_White_Whale","Beluga, White Whale","Beluga,_White_Whale",true,1
Qwen/Qwen2.5-Omni-7B,test_233,lp_0-4000,"Beluga,_White_Whale","Beluga, White Whale","Beluga,_White_Whale",true,1
Qwen/Qwen2.5-Omni-7B,test_233,lp_0-6000,"Beluga,_White_Whale","Beluga, White Whale","Beluga,_White_Whale",true,1
Qwen/Qwen2.5-Omni-7B,test_233,lp_0-8000,"Beluga,_White_Whale","Beluga, White Whale","Beluga,_White_Whale",true,1
Qwen/Qwen2.5-Omni-7B,test_233,remove_0-1000,"Beluga,_White_Whale",False Killer Whale,False_Killer_Whale,false,1
Qwen/Qwen2.5-Omni-7B,test_233,remove_1000-2000,"Beluga,_White_Whale","Beluga, White Whale","Beluga,_White_Whale",true,1
Qwen/Qwen2.5-Omni-7B,test_233,remove_2000-4000,"Beluga,_White_Whale","Beluga, White Whale","Beluga,_White_Whale",true,1
Qwen/Qwen2.5-Omni-7B,test_233,remove_4000-6000,"Beluga,_White_Whale","Beluga, White Whale","Beluga,_White_Whale",true,1
Qwen/Qwen2.5-Omni-7B,test_233,remove_6000-8000,"Beluga,_White_Whale","Beluga, White Whale","Beluga,_White_Whale",true,1
Qwen/Qwen2.5-Omni-7B,test_241,lp_0-2000,"Beluga,_White_Whale","Beluga, White Whale","Beluga,_White_Whale",true,1
Qwen/Qwen2.5-Omni-7B,test_241,lp_0-4000,"Beluga,_White_Whale","Beluga, White Whale","Beluga,_White_Whale",true,1
Qwen/Qwen2.5-Omni-7B,test_241,lp_0-6000,"Beluga,_White_Whale","Beluga, White Whale","Beluga,_White_Whale",true,1
Qwen/Qwen2.5-Omni-7B,test_241,lp_0-8000,"Beluga,_White_Whale","Beluga, White Whale","Beluga,_White_Whale",true,1
Qwen/Qwen2.5-Omni-7B,test_241,remove_0-1000,"Beluga,_White_Whale",False Killer Whale,False_Killer_Whale,false,1
Qwen/Qwen2.5-Omni-7B,test_241,remove_1000-2000,"Beluga,_White_Whale","Beluga, White Whale","Beluga,_White_Whale",true,1
Qwen/Qwen2.5-Omni-7B,test_241,remove_2000-4000,"Beluga,_White_Whale","Beluga, White Whale","Beluga,_White_Whale",true,1
Qwen/Qwen2.5-Omni-7B,test_241,remove_4000-6000,"Beluga,_White_Whale","Beluga, White Whale","Beluga,_White_Whale",true,1
Qwen/Qwen2.5-Omni-7B,test_241,remove_6000-8000,"Beluga,_White_Whale","Beluga, White Whale","Beluga,_White_Whale",true,1
Qwen/Qwen2.5-Omni-7B,test_243,lp_0-2000,"Beluga,_White_Whale","Beluga, White Whale","Beluga,_White_Whale",true,1
Qwen/Qwen2.5-Omni-7B,test_243,lp_0-4000,"Beluga,_White_Whale","Beluga, White Whale","Beluga,_White_Whale",true,1
Qwen/Qwen2.5-Omni-7B,test_243,lp_0-6000,"Beluga,_White_Whale","Beluga, White Whale","Beluga,_White_Whale",true,1
Qwen/Qwen2.5-Omni-7B,test_243,lp_0-8000,"Beluga,_White_Whale","Beluga, White Whale","Beluga,_White_Whale",true,1
Qwen/Qwen2.5-Omni-7B,test_243,remove_0-1000,"Beluga,_White_Whale",False Killer Whale,False_Killer_Whale,false,1
Qwen/Qwen2.5-Omni-7B,test_243,remove_1000-2000,"Beluga,_White_Whale","Beluga, White Whale","Beluga,_White_Whale",true,1
Qwen/Qwen2.5-Omni-7B,test_243,remove_2000-4000,"Beluga,_White_Whale","Beluga, White Whale","Beluga,_White_Whale",true,1
Qwen/Qwen2.5-Omni-7B,test_243,remove_4000-6000,"Beluga,_White_Whale","Beluga, White Whale","Beluga,_White_Whale",true,1
Qwen/Qwen2.5-Omni-7B,test_243,remove_6000-8000,"Beluga,_White_Whale","Beluga, White Whale","Beluga,_White_Whale",true,1
Qwen/Qwen2.5-Omni-7B,test_245,lp_0-2000,"Beluga,_White_Whale","Beluga, White Whale","Beluga,_White_Whale",true,1
Qwen/Qwen2.5-Omni-7B,test_245,lp_0-4000,"Beluga,_White_Whale","Beluga, White Whale","Beluga,_White_Whale",true,1
Qwen/Qwen2.5-Omni-7B,test_245,lp_0-6000,"Beluga,_White_Whale","Beluga, White Whale","Beluga,_White_Whale",true,1
Qwen/Qwen2.5-Omni-7B,test_245,lp_0-8000,"Beluga,_White_Whale","Beluga, White Whale","Beluga,_White_Whale",true,1
Qwen/Qwen2.5-Omni-7B,test_245,remove_0-1000,"Beluga,_White_Whale",False Killer Whale,False_Killer_Whale,false,1
Qwen/Qwen2.5-Omni-7B,test_245,remove_1000-2000,"Beluga,_White_Whale","Beluga, White Whale","Beluga,_White_Whale",true,1
Qwen/Qwen2.5-Omni-7B,test_245,remove_2000-4000,"Beluga,_White_Whale","Beluga, White Whale","Beluga,_White_Whale",true,1
Qwen/Qwen2.5-Omni-7B,test_245,remove_4000-6000,"Beluga,_White_Whale","Beluga, White Whale","Beluga,_White_Whale",true,1
Qwen/Qwen2.5-Omni-7B,test_245,remove_6000-8000,"Beluga,_White_Whale","Beluga, White Whale","Beluga,_White_Whale",true,1
Qwen/Qwen2.5-Omni-7B,test_246,lp_0-2000,"Beluga,_White_Whale","Beluga, White Whale","Beluga,_White_Whale",true,1
Qwen/Qwen2.5-Omni-7B,test_246,lp_0-4000,"Beluga,_White_Whale",False Killer Whale,False_Killer_Whale,false,1
Qwen/Qwen2.5-Omni-7B,test_246,lp_0-6000,"Beluga,_White_Whale",False Killer Whale,False_Killer_Whale,false,1
Qwen/Qwen2.5-Omni-7B,test_246,lp_0-8000,"Beluga,_White_Whale",False Killer Whale,False_Killer_Whale,false,1
Qwen/Qwen2.5-Omni-7B,test_246,remove_0-1000,"Beluga,_White_Whale",False Killer Whale,False_Killer_Whale,false,1
Qwen/Qwen2.5-Omni-7B,test_246,remove_1000-2000,"Beluga,_White_Whale",False Killer Whale,False_Killer_Whale,false,1
Qwen/Qwen2.5-Omni-7B,test_246,remove_2000-4000,"Beluga,_White_Whale",False Killer Whale,False_Killer_Whale,false,1
Qwen/Qwen2.5-Omni-7B,test_246,remove_4000-6000,"Beluga,_White_Whale",False Killer Whale,False_Killer_Whale,false,1
Qwen/Qwen2.5-Omni-7B,test_246,remove_6000-8000,"Beluga,_White_Whale","Beluga, White Whale","Beluga,_White_Whale",true,1
Qwen/Qwen2.5-Omni-7B,test_250,lp_0-2000,"Beluga,_White_Whale","Beluga, White Whale","Beluga,_White_Whale",true,1
Qwen/Qwen2.5-Omni-7B,test_250,lp_0-4000,"Beluga,_White_Whale","Beluga, White Whale","Beluga,_White_Whale",true,1
Qwen/Qwen2.5-Omni-7B,test_250,lp_0-6000,"Beluga,_White_Whale","Beluga, White Whale","Beluga,_White_Whale",true,1
Qwen/Qwen2.5-Omni-7B,test_250,lp_0-8000,"Beluga,_White_Whale","Beluga, White Whale","Beluga,_White_Whale",true,1
Qwen/Qwen2.5-Omni-7B,test_250,remove_0-1000,"Beluga,_White_Whale",False Killer Whale,False_Killer_Whale,false,1
Qwen/Qwen2.5-Omni-7B,test_250,remove_1000-2000,"Beluga,_White_Whale","Beluga, White Whale","Beluga,_White_Whale",true,1
Qwen/Qwen2.5-Omni-7B,test_250,remove_2000-4000,"Beluga,_White_Whale","Beluga, White Whale","Beluga,_White_Whale",true,1
Qwen/Qwen2.5-Omni-7B,test_250,remove_4000-6000,"Beluga,_White_Whale","Beluga, White Whale","Beluga,_White_Whale",true,1
Qwen/Qwen2.5-Omni-7B,test_250,remove_6000-8000,"Beluga,_White_Whale","Beluga, White Whale","Beluga,_White_Whale",true,1
Qwen/Qwen2.5-Omni-7B,test_252,lp_0-2000,Bearded_Seal,"Beluga, White Whale","Beluga,_White_Whale",false,1
Qwen/Qwen2.5-Omni-7B,test_252,lp_0-4000,Bearded_Seal,"Beluga, White Whale","Beluga,_White_Whale",false,1
Qwen/Qwen2.5-Omni-7B,test_252,lp_0-6000,Bearded_Seal,"Beluga, White Whale","Beluga,_White_Whale",false,1
Qwen/Qwen2.5-Omni-7B,test_252,lp_0-8000,Bearded_Seal,"Beluga, White Whale","Beluga,_White_Whale",false,1
Qwen/Qwen2.5-Omni-7B,test_252,remove_0-1000,Bearded_Seal,"Beluga, White Whale","Beluga,_White_Whale",false,1
Qwen/Qwen2.5-Omni-7B,test_252,remove_1000-2000,Bearded_Seal,Bottlenose Dolphin,Bottlenose_Dolphin,false,1
Qwen/Qwen2.5-Omni-7B,test_252,remove_2000-4000,Bearded_Seal,"Beluga, White Whale","Beluga,_White_Whale",false,1
Qwen/Qwen2.5-Omni-7B,test_252,remove_4000-6000,Bearded_Seal,"Beluga, White Whale","Beluga,_White_Whale",false,1
Qwen/Qwen2.5-Omni-7B,test_252,remove_6000-8000,Bearded_Seal,"Beluga, White Whale","Beluga,_White_Whale",false,1
Qwen/Qwen2.5-Omni-7B,test_256,lp_0-2000,Bearded_Seal,False Killer Whale,False_Killer_Whale,false,1
Qwen/Qwen2.5-Omni-7B,test_256,lp_0-4000,Bearded_Seal,False Killer Whale,False_Killer_Whale,false,1
Qwen/Qwen2.5-Omni-7B,test_256,lp_0-6000,Bearded_Seal,False Killer Whale,False_Killer_Whale,false,1
Qwen/Qwen2.5-Omni-7B,test_256,lp_0-8000,Bearded_Seal,False Killer Whale,False_Killer_Whale,false,1
Qwen/Qwen2.5-Omni-7B,test_256,remove_0-1000,Bearded_Seal,False Killer Whale,False_Killer_Whale,false,1
Qwen/Qwen2.5-Omni-7B,test_256,remove_1000-2000,Bearded_Seal,False Killer Whale,False_Killer_Whale,false,1
Qwen/Qwen2.5-Omni-7B,test_256,remove_2000-4000,Bearded_Seal,False Killer Whale,False_Killer_Whale,false,1
Qwen/Qwen2.5-Omni-7B,test_256,remove_4000-6000,Bearded_Seal,False Killer Whale,False_Killer_Whale,false,1
Qwen/Qwen2.5-Omni-7B,test_256,remove_6000-8000,Bearded_Seal,False Killer Whale,False_Killer_Whale,false,1
Qwen/Qwen2.5-Omni-7B,test_257,lp_0-2000,Bearded_Seal,False Killer Whale,False_Killer_Whale,false,1
Qwen/Qwen2.5-Omni-7B,test_257,lp_0-4000,Bearded_Seal,"Beluga, White Whale","Beluga,_White_Whale",false,1
Qwen/Qwen2.5-Omni-7B,test_257,lp_0-6000,Bearded_Seal,"Beluga, White Whale","Beluga,_White_Whale",false,1
Qwen/Qwen2.5-Omni-7B,test_257,lp_0-8000,Bearded_Seal,"Beluga, White Whale","Beluga,_White_Whale",false,1
Qwen/Qwen2.5-Omni-7B,test_257,remove_0-1000,Bearded_Seal,False Killer Whale,False_Killer_Whale,false,1
Qwen/Qwen2.5-Omni-7B,test_257,remove_1000-2000,Bearded_Seal,False Killer Whale,False_Killer_Whale,false,1
Qwen/Qwen2.5-Omni-7B,test_257,remove_2000-4000,Bearded_Seal,False Killer Whale,False_Killer_Whale,false,1
Qwen/Qwen2.5-Omni-7B,test_257,remove_4000-6000,Bearded_Seal,"Beluga, White Whale","Beluga,_White_Whale",false,1
Qwen/Qwen2.5-Omni-7B,test_257,remove_6000-8000,Bearded_Seal,"Beluga, White Whale","Beluga,_White_Whale",false,1
Qwen/Qwen2.5-Omni-7B,test_260,lp_0-2000,Bearded_Seal,"Beluga, White Whale","Beluga,_White_Whale",false,1
Qwen/Qwen2.5-Omni-7B,test_260,lp_0-4000,Bearded_Seal,"Beluga, White Whale","Beluga,_White_Whale",false,1
Qwen/Qwen2.5-Omni-7B,test_260,lp_0-6000,Bearded_Seal,"Beluga, White Whale","Beluga,_White_Whale",false,1
Qwen/Qwen2.5-Omni-7B,test_260,lp_0-8000,Bearded_Seal,"Beluga, White Whale","Beluga,_White_Whale",false,1
Qwen/Qwen2.5-Omni-7B,test_260,remove_0-1000,Bearded_Seal,"Beluga, White Whale","Beluga,_White_Whale",false,1
Qwen/Qwen2.5-Omni-7B,test_260,remove_1000-2000,Bearded_Seal,"Beluga, White Whale","Beluga,_White_Whale",false,1
Qwen/Qwen2.5-Omni-7B,test_260,remove_2000-4000,Bearded_Seal,"Beluga, White Whale","Beluga,_White_Whale",false,1
Qwen/Qwen2.5-Omni-7B,test_260,remove_4000-6000,Bearded_Seal,"Beluga, White Whale","Beluga,_White_Whale",false,1
Qwen/Qwen2.5-Omni-7B,test_260,remove_6000-8000,Bearded_Seal,"Beluga, White Whale","Beluga,_White_Whale",false,1
Qwen/Qwen2.5-Omni-7B,test_264,lp_0-2000,Bearded_Seal,"Beluga, White Whale","Beluga,_White_Whale",false,1
Qwen/Qwen2.5-Omni-7B,test_264,lp_0-4000,Bearded_Seal,"Beluga, White Whale","Beluga,_White_Whale",false,1
Qwen/Qwen2.5-Omni-7B,test_264,lp_0-6000,Bearded_Seal,"Beluga, White Whale","Beluga,_White_Whale",false,1
Qwen/Qwen2.5-Omni-7B,test_264,lp_0-8000,Bearded_Seal,"Beluga, White Whale","Beluga,_White_Whale",false,1
Qwen/Qwen2.5-Omni-7B,test_264,remove_0-1000,Bearded_Seal,"Beluga, White Whale","Beluga,_White_Whale",false,1
Qwen/Qwen2.5-Omni-7B,test_264,remove_1000-2000,Bearded_Seal,"Beluga, White Whale","Beluga,_White_Whale",false,1
Qwen/Qwen2.5-Omni-7B,test_264,remove_2000-4000,Bearded_Seal,"Beluga, White Whale","Beluga,_White_Whale",false,1
Qwen/Qwen2.5-Omni-7B,test_264,remove_4000-6000,Bearded_Seal,"Beluga, White Whale","Beluga,_White_Whale",false,1
Qwen/Qwen2.5-Omni-7B,test_264,remove_6000-8000,Bearded_Seal,"Beluga, White Whale","Beluga,_White_Whale",false,1
Qwen/Qwen2.5-Omni-7B,test_268,lp_0-2000,Bearded_Seal,"Beluga, White Whale","Beluga,_White_Whale",false,1
Qwen/Qwen2.5-Omni-7B,test_268,lp_0-4000,Bearded_Seal,"Beluga, White Whale","Beluga,_White_Whale",false,1
Qwen/Qwen2.5-Omni-7B,test_268,lp_0-6000,Bearded_Seal,"Beluga, White Whale","Beluga,_White_Whale",false,1
Qwen/Qwen2.5-Omni-7B,test_268,lp_0-8000,Bearded_Seal,"Beluga, White Whale","Beluga,_White_Whale",false,1
Qwen/Qwen2.5-Omni-7B,test_268,remove_0-1000,Bearded_Seal,False Killer Whale,False_Killer_Whale,false,1
Qwen/Qwen2.5-Omni-7B,test_268,remove_1000-2000,Bearded_Seal,"Beluga, White Whale","Beluga,_White_Whale",false,1
Qwen/Qwen2.5-Omni-7B,test_268,remove_2000-4000,Bearded_Seal,"Beluga, White Whale","Beluga,_White_Whale",false,1
Qwen/Qwen2.5-Omni-7B,test_268,remove_4000-6000,Bearded_Seal,"Beluga, White Whale","Beluga,_White_Whale",false,1
Qwen/Qwen2.5-Omni-7B,test_268,remove_6000-8000,Bearded_Seal,"Beluga, White Whale","Beluga,_White_Whale",false,1
Qwen/Qwen2.5-Omni-7B,test_272,lp_0-2000,Bearded_Seal,"Beluga, White Whale","Beluga,_White_Whale",false,1
Qwen/Qwen2.5-Omni-7B,test_272,lp_0-4000,Bearded_Seal,"Beluga, White Whale","Beluga,_White_Whale",false,1
Qwen/Qwen2.5-Omni-7B,test_272,lp_0-6000,Bearded_Seal,"Beluga, White Whale","Beluga,_White_Whale",false,1
Qwen/Qwen2.5-Omni-7B,test_272,lp_0-8000,Bearded_Seal,"Beluga, White Whale","Beluga,_White_Whale",false,1
Qwen/Qwen2.5-Omni-7B,test_272,remove_0-1000,Bearded_Seal,"Beluga, White Whale","Beluga,_White_Whale",false,1
Qwen/Qwen2.5-Omni-7B,test_272,remove_1000-2000,Bearded_Seal,"Beluga, White Whale","Beluga,_White_Whale",false,1
Qwen/Qwen2.5-Omni-7B,test_272,remove_2000-4000,Bearded_Seal,"Beluga, White Whale","Beluga,_White_Whale",false,1
Qwen/Qwen2.5-Omni-7B,test_272,remove_4000-6000,Bearded_Seal,"Beluga, White Whale","Beluga,_White_Whale",false,1
Qwen/Qwen2.5-Omni-7B,test_272,remove_6000-8000,Bearded_Seal,"Beluga, White Whale","Beluga,_White_Whale",false,1
Qwen/Qwen2.5-Omni-7B,test_285,lp_0-2000,Bearded_Seal,"Beluga, White Whale","Beluga,_White_Whale",false,1
Qwen/Qwen2.5-Omni-7B,test_285,lp_0-4000,Bearded_Seal,"Beluga, White Whale","Beluga,_White_Whale",false,1
Qwen/Qwen2.5-Omni-7B,test_285,lp_0-6000,Bearded_Seal,"Beluga, White Whale","Beluga,_White_Whale",false,1
Qwen/Qwen2.5-Omni-7B,test_285,lp_0-8000,Bearded_Seal,"Beluga, White Whale","Beluga,_White_Whale",false,1
Qwen/Qwen2.5-Omni-7B,test_285,remove_0-1000,Bearded_Seal,False Killer Whale,False_Killer_Whale,false,1
Qwen/Qwen2.5-Omni-7B,test_285,remove_1000-2000,Bearded_Seal,False Killer Whale,False_Killer_Whale,false,1
Qwen/Qwen2.5-Omni-7B,test_285,remove_2000-4000,Bearded_Seal,"Beluga, White Whale","Beluga,_White_Whale",false,1
Qwen/Qwen2.5-Omni-7B,test_285,remove_4000-6000,Bearded_Seal,"Beluga, White Whale","Beluga,_White_Whale",false,1
Qwen/Qwen2.5-Omni-7B,test_285,remove_6000-8000,Bearded_Seal,"Beluga, White Whale","Beluga,_White_Whale",false,1
Qwen/Qwen2.5-Omni-7B,test_288,lp_0-2000,Minke_Whale,False Killer Whale,False_Killer_Whale,false,1
Qwen/Qwen2.5-Omni-7B,test_288,lp_0-4000,Minke_Whale,False Killer Whale,False_Killer_Whale,false,1
Qwen/Qwen2.5-Omni-7B,test_288,lp_0-6000,Minke_Whale,False Killer Whale,False_Killer_Whale,false,1
Qwen/Qwen2.5-Omni-7B,test_288,lp_0-8000,Minke_Whale,False Killer Whale,False_Killer_Whale,false,1
Qwen/Qwen2.5-Omni-7B,test_288,remove_0-1000,Minke_Whale,False Killer Whale,False_Killer_Whale,false,1
Qwen/Qwen2.5-Omni-7B,test_288,remove_1000-2000,Minke_Whale,False Killer Whale,False_Killer_Whale,false,1
Qwen/Qwen2.5-Omni-7B,test_288,remove_2000-4000,Minke_Whale,False Killer Whale,False_Killer_Whale,false,1
Qwen/Qwen2.5-Omni-7B,test_288,remove_4000-6000,Minke_Whale,False Killer Whale,False_Killer_Whale,false,1
Qwen/Qwen2.5-Omni-7B,test_288,remove_6000-8000,Minke_Whale,False Killer Whale,False_Killer_Whale,false,1
Qwen/Qwen2.5-Omni-7B,test_291,lp_0-2000,Minke_Whale,"Beluga, White Whale","Beluga,_White_Whale",false,1
Qwen/Qwen2.5-Omni-7B,test_291,lp_0-4000,Minke_Whale,"Beluga, White Whale","Beluga,_White_Whale",false,1
Qwen/Qwen2.5-Omni-7B,test_291,lp_0-6000,Minke_Whale,"Beluga, White Whale","Beluga,_White_Whale",false,1
Qwen/Qwen2.5-Omni-7B,test_291,lp_0-8000,Minke_Whale,"Beluga, White Whale","Beluga,_White_Whale",false,1
Qwen/Qwen2.5-Omni-7B,test_291,remove_0-1000,Minke_Whale,False Killer Whale,False_Killer_Whale,false,1
Qwen/Qwen2.5-Omni-7B,test_291,remove_1000-2000,Minke_Whale,"Beluga, White Whale","Beluga,_White_Whale",false,1
Qwen/Qwen2.5-Omni-7B,test_291,remove_2000-4000,Minke_Whale,"Beluga, White Whale","Beluga,_White_Whale",false,1
Qwen/Qwen2.5-Omni-7B,test_291,remove_4000-6000,Minke_Whale,"Beluga, White Whale","Beluga,_White_Whale",false,1
Qwen/Qwen2.5-Omni-7B,test_291,remove_6000-8000,Minke_Whale,"Beluga, White Whale","Beluga,_White_Whale",false,1
Qwen/Qwen2.5-Omni-7B,test_302,lp_0-2000,Minke_Whale,Bottlenose Dolphin,Bottlenose_Dolphin,false,1
Qwen/Qwen2.5-Omni-7B,test_302,lp_0-4000,Minke_Whale,Bottlenose Dolphin,Bottlenose_Dolphin,false,1
Qwen/Qwen2.5-Omni-7B,test_302,lp_0-6000,Minke_Whale,Bottlenose Dolphin,Bottlenose_Dolphin,false,1
Qwen/Qwen2.5-Omni-7B,test_302,lp_0-8000,Minke_Whale,Bottlenose Dolphin,Bottlenose_Dolphin,false,1
Qwen/Qwen2.5-Omni-7B,test_302,remove_0-1000,Minke_Whale,False Killer Whale,False_Killer_Whale,false,1
Qwen/Qwen2.5-Omni-7B,test_302,remove_1000-2000,Minke_Whale,Bottlenose Dolphin,Bottlenose_Dolphin,false,1
Qwen/Qwen2.5-Omni-7B,test_302,remove_2000-4000,Minke_Whale,Bottlenose Dolphin,Bottlenose_Dolphin,false,1
Qwen/Qwen2.5-Omni-7B,test_302,remove_4000-6000,Minke_Whale,Bottlenose Dolphin,Bottlenose_Dolphin,false,1
Qwen/Qwen2.5-Omni-7B,test_302,remove_6000-8000,Minke_Whale,Bottlenose Dolphin,Bottlenose_Dolphin,false,1
Qwen/Qwen2.5-Omni-7B,test_305,lp_0-2000,Humpback_Whale,"Beluga, White Whale","Beluga,_White_Whale",false,1
Qwen/Qwen2.5-Omni-7B,test_305,lp_0-4000,Humpback_Whale,"Beluga, White Whale","Beluga,_White_Whale",false,1
Qwen/Qwen2.5-Omni-7B,test_305,lp_0-6000,Humpback_Whale,"Beluga, White Whale","Beluga,_White_Whale",false,1
Qwen/Qwen2.5-Omni-7B,test_305,lp_0-8000,Humpback_Whale,"Beluga, White Whale","Beluga,_White_Whale",false,1
Qwen/Qwen2.5-Omni-7B,test_305,remove_0-1000,Humpback_Whale,Humpback Whale,Humpback_Whale,true,1
Qwen/Qwen2.5-Omni-7B,test_305,remove_1000-2000,Humpback_Whale,"Beluga, White Whale","Beluga,_White_Whale",false,1
Qwen/Qwen2.5-Omni-7B,test_305,remove_2000-4000,Humpback_Whale,"Beluga, White Whale","Beluga,_White_Whale",false,1
Qwen/Qwen2.5-Omni-7B,test_305,remove_4000-6000,Humpback_Whale,"Beluga, White Whale","Beluga,_White_Whale",false,1
Qwen/Qwen2.5-Omni-7B,test_305,remove_6000-8000,Humpback_Whale,"Beluga, White Whale","Beluga,_White_Whale",false,1
Qwen/Qwen2.5-Omni-7B,test_317,lp_0-2000,Humpback_Whale,"Beluga, White Whale","Beluga,_White_Whale",false,1
Qwen/Qwen2.5-Omni-7B,test_317,lp_0-4000,Humpback_Whale,"Beluga, White Whale","Beluga,_White_Whale",false,1
Qwen/Qwen2.5-Omni-7B,test_317,lp_0-6000,Humpback_Whale,"Beluga, White Whale","Beluga,_White_Whale",false,1
Qwen/Qwen2.5-Omni-7B,test_317,lp_0-8000,Humpback_Whale,"Beluga, White Whale","Beluga,_White_Whale",false,1
Qwen/Qwen2.5-Omni-7B,test_317,remove_0-1000,Humpback_Whale,False Killer Whale,False_Killer_Whale,false,1
Qwen/Qwen2.5-Omni-7B,test_317,remove_1000-2000,Humpback_Whale,"Beluga, White Whale","Beluga,_White_Whale",false,1
Qwen/Qwen2.5-Omni-7B,test_317,remove_2000-4000,Humpback_Whale,"Beluga, White Whale","Beluga,_White_Whale",false,1
Qwen/Qwen2.5-Omni-7B,test_317,remove_4000-6000,Humpback_Whale,"Beluga, White Whale","Beluga,_White_Whale",false,1
Qwen/Qwen2.5-Omni-7B,test_317,remove_6000-8000,Humpback_Whale,"Beluga, White Whale","Beluga,_White_Whale",false,1
Qwen/Qwen2.5-Omni-7B,test_323,lp_0-2000,Humpback_Whale,"Beluga, White Whale","Beluga,_White_Whale",false,1
Qwen/Qwen2.5-Omni-7B,test_323,lp_0-4000,Humpback_Whale,Humpback Whale,Humpback_Whale,true,1
Qwen/Qwen2.5-Omni-7B,test_323,lp_0-6000,Humpback_Whale,Humpback Whale,Humpback_Whale,true,1
Qwen/Qwen2.5-Omni-7B,test_323,lp_0-8000,Humpback_Whale,Humpback Whale,Humpback_Whale,true,1
Qwen/Qwen2.5-Omni-7B,test_323,remove_0-1000,Humpback_Whale,False Killer Whale,False_Killer_Whale,false,1
Qwen/Qwen2.5-Omni-7B,test_323,remove_1000-2000,Humpback_Whale,"Beluga, White Whale","Beluga,_White_Whale",false,1
Qwen/Qwen2.5-Omni-7B,test_323,remove_2000-4000,Humpback_Whale,Humpback Whale,Humpback_Whale,true,1
Qwen/Qwen2.5-Omni-7B,test_323,remove_4000-6000,Humpback_Whale,Humpback Whale,Humpback_Whale,true,1
Qwen/Qwen2.5-Omni-7B,test_323,remove_6000-8000,Humpback_Whale,Humpback Whale,Humpback_Whale,true,1
Qwen/Qwen2.5-Omni-7B,test_330,lp_0-2000,Humpback_Whale,"Beluga, White Whale","Beluga,_White_Whale",false,1
Qwen/Qwen2.5-Omni-7B,test_330,lp_0-4000,Humpback_Whale,"Beluga, White Whale","Beluga,_White_Whale",false,1
Qwen/Qwen2.5-Omni-7B,test_330,lp_0-6000,Humpback_Whale,"Beluga, White Whale","Beluga,_White_Whale",false,1
Qwen/Qwen2.5-Omni-7B,test_330,lp_0-8000,Humpback_Whale,Bottlenose Dolphin,Bottlenose_Dolphin,false,1
Qwen/Qwen2.5-Omni-7B,test_330,remove_0-1000,Humpback_Whale,"Beluga, White Whale","Beluga,_White_Whale",false,1
Qwen/Qwen2.5-Omni-7B,test_330,remove_1000-2000,Humpback_Whale,Bottlenose Dolphin,Bottlenose_Dolphin,false,1
Qwen/Qwen2.5-Omni-7B,test_330,remove_2000-4000,Humpback_Whale,Bottlenose Dolphin,Bottlenose_Dolphin,false,1
Qwen/Qwen2.5-Omni-7B,test_330,remove_4000-6000,Humpback_Whale,"Beluga, White Whale","Beluga,_White_Whale",false,1
Qwen/Qwen2.5-Omni-7B,test_330,remove_6000-8000,Humpback_Whale,"Beluga, White Whale","Beluga,_White_Whale",false,1
Qwen/Qwen2.5-Omni-7B,test_335,lp_0-2000,Humpback_Whale,Bottlenose Dolphin,Bottlenose_Dolphin,false,1
Qwen/Qwen2.5-Omni-7B,test_335,lp_0-4000,Humpback_Whale,Bottlenose Dolphin,Bottlenose_Dolphin,false,1
Qwen/Qwen2.5-Omni-7B,test_335,lp_0-6000,Humpback_Whale,Bottlenose Dolphin,Bottlenose_Dolphin,false,1
Qwen/Qwen2.5-Omni-7B,test_335,lp_0-8000,Humpback_Whale,Bottlenose Dolphin,Bottlenose_Dolphin,false,1
Qwen/Qwen2.5-Omni-7B,test_335,remove_0-1000,Humpback_Whale,False Killer Whale,False_Killer_Whale,false,1
Qwen/Qwen2.5-Omni-7B,test_335,remove_1000-2000,Humpback_Whale,Bottlenose Dolphin,Bottlenose_Dolphin,false,1
Qwen/Qwen2.5-Omni-7B,test_335,remove_2000-4000,Humpback_Whale,Bottlenose Dolphin,Bottlenose_Dolphin,false,1
Qwen/Qwen2.5-Omni-7B,test_335,remove_4000-6000,Humpback_Whale,"Beluga, White Whale","Beluga,_White_Whale",false,1
Qwen/Qwen2.5-Omni-7B,test_335,remove_6000-8000,Humpback_Whale,Bottlenose Dolphin,Bottlenose_Dolphin,false,1
Qwen/Qwen2.5-Omni-7B,test_343,lp_0-2000,Humpback_Whale,"Beluga, White Whale","Beluga,_White_Whale",false,1
Qwen/Qwen2.5-Omni-7B,test_343,lp_0-4000,Humpback_Whale,"Beluga, White Whale","Beluga,_White_Whale",false,1
Qwen/Qwen2.5-Omni-7B,test_343,lp_0-6000,Humpback_Whale,"Beluga, White Whale","Beluga,_White_Whale",false,1
Qwen/Qwen2.5-Omni-7B,test_343,lp_0-8000,Humpback_Whale,"Beluga, White Whale","Beluga,_White_Whale",false,1
Qwen/Qwen2.5-Omni-7B,test_343,remove_0-1000,Humpback_Whale,"Beluga, White Whale","Beluga,_White_Whale",false,1
Qwen/Qwen2.5-Omni-7B,test_343,remove_1000-2000,Humpback_Whale,"Beluga, White Whale","Beluga,_White_Whale",false,1
Qwen/Qwen2.5-Omni-7B,test_343,remove_2000-4000,Humpback_Whale,"Beluga, White Whale","Beluga,_White_Whale",false,1
Qwen/Qwen2.5-Omni-7B,test_343,remove_4000-6000,Humpback_Whale,"Beluga, White Whale","Beluga,_White_Whale",false,1
Qwen/Qwen2.5-Omni-7B,test_343,remove_6000-8000,Humpback_Whale,"Beluga, White Whale","Beluga,_White_Whale",false,1
Qwen/Qwen2.5-Omni-7B,test_345,lp_0-2000,Humpback_Whale,Humpback Whale,Humpback_Whale,true,1
Qwen/Qwen2.5-Omni-7B,test_345,lp_0-4000,Humpback_Whale,Humpback Whale,Humpback_Whale,true,1
Qwen/Qwen2.5-Omni-7B,test_345,lp_0-6000,Humpback_Whale,Humpback Whale,Humpback_Whale,true,1
Qwen/Qwen2.5-Omni-7B,test_345,lp_0-8000,Humpback_Whale,Humpback Whale,Humpback_Whale,true,1
Qwen/Qwen2.5-Omni-7B,test_345,remove_0-1000,Humpback_Whale,False Killer Whale,False_Killer_Whale,false,1
Qwen/Qwen2.5-Omni-7B,test_345,remove_1000-2000,Humpback_Whale,Humpback Whale,Humpback_Whale,true,1
Qwen/Qwen2.5-Omni-7B,test_345,remove_2000-4000,Humpback_Whale,Humpback Whale,Humpback_Whale,true,1
Qwen/Qwen2.5-Omni-7B,test_345,remove_4000-6000,Humpback_Whale,Humpback Whale,Humpback_Whale,true,1
Qwen/Qwen2.5-Omni-7B,test_345,remove_6000-8000,Humpback_Whale,Humpback Whale,Humpback_Whale,true,1
Qwen/Qwen2.5-Omni-7B,test_348,lp_0-2000,Humpback_Whale,"Beluga, White Whale","Beluga,_White_Whale",false,1
Qwen/Qwen2.5-Omni-7B,test_348,lp_0-4000,Humpback_Whale,Humpback Whale,Humpback_Whale,true,1
Qwen/Qwen2.5-Omni-7B,test_348,lp_0-6000,Humpback_Whale,Humpback Whale,Humpback_Whale,true,1
Qwen/Qwen2.5-Omni-7B,test_348,lp_0-8000,Humpback_Whale,"Beluga, White Whale","Beluga,_White_Whale",false,1
Qwen/Qwen2.5-Omni-7B,test_348,remove_0-1000,Humpback_Whale,False Killer Whale,False_Killer_Whale,false,1
Qwen/Qwen2.5-Omni-7B,test_348,remove_1000-2000,Humpback_Whale,"Beluga, White Whale","Beluga,_White_Whale",false,1
Qwen/Qwen2.5-Omni-7B,test_348,remove_2000-4000,Humpback_Whale,"Beluga, White Whale","Beluga,_White_Whale",false,1
Qwen/Qwen2.5-Omni-7B,test_348,remove_4000-6000,Humpback_Whale,Humpback Whale,Humpback_Whale,true,1
Qwen/Qwen2.5-Omni-7B,test_348,remove_6000-8000,Humpback_Whale,Humpback Whale,Humpback_Whale,true,1
Qwen/Qwen2.5-Omni-7B,test_353,lp_0-2000,Humpback_Whale,"Beluga, White Whale","Beluga,_White_Whale",false,1
Qwen/Qwen2.5-Omni-7B,test_353,lp_0-4000,Humpback_Whale,"Beluga, White Whale","Beluga,_White_Whale",false,1
Qwen/Qwen2.5-Omni-7B,test_353,lp_0-6000,Humpback_Whale,"Beluga, White Whale","Beluga,_White_Whale",false,1
Qwen/Qwen2.5-Omni-7B,test_353,lp_0-8000,Humpback_Whale,"Beluga, White Whale","Beluga,_White_Whale",false,1
Qwen/Qwen2.5-Omni-7B,test_353,remove_0-1000,Humpback_Whale,"Beluga, White Whale","Beluga,_White_Whale",false,1
Qwen/Qwen2.5-Omni-7B,test_353,remove_1000-2000,Humpback_Whale,"Beluga, White Whale","Beluga,_White_Whale",false,1
Qwen/Qwen2.5-Omni-7B,test_353,remove_2000-4000,Humpback_Whale,"Beluga, White Whale","Beluga,_White_Whale",false,1
Qwen/Qwen2.5-Omni-7B,test_353,remove_4000-6000,Humpback_Whale,"Beluga, White Whale","Beluga,_White_Whale",false,1
Qwen/Qwen2.5-Omni-7B,test_353,remove_6000-8000,Humpback_Whale,"Beluga, White Whale","Beluga,_White_Whale",false,1
Qwen/Qwen2.5-Omni-7B,test_354,lp_0-2000,Humpback_Whale,"Beluga, White Whale","Beluga,_White_Whale",false,1
Qwen/Qwen2.5-Omni-7B,test_354,lp_0-4000,Humpback_Whale,"Beluga, White Whale","Beluga,_White_Whale",false,1
Qwen/Qwen2.5-Omni-7B,test_354,lp_0-6000,Humpback_Whale,"Beluga, White Whale","Beluga,_White_Whale",false,1
Qwen/Qwen2.5-Omni-7B,test_354,lp_0-8000,Humpback_Whale,"Beluga, White Whale","Beluga,_White_Whale",false,1
Qwen/Qwen2.5-Omni-7B,test_354,remove_0-1000,Humpback_Whale,"Beluga, White Whale","Beluga,_White_Whale",false,1
Qwen/Qwen2.5-Omni-7B,test_354,remove_1000-2000,Humpback_Whale,"Beluga, White Whale","Beluga,_White_Whale",false,1
Qwen/Qwen2.5-Omni-7B,test_354,remove_2000-4000,Humpback_Whale,"Beluga, White Whale","Beluga,_White_Whale",false,1
Qwen/Qwen2.5-Omni-7B,test_354,remove_4000-6000,Humpback_Whale,"Beluga, White Whale","Beluga,_White_Whale",false,1
Qwen/Qwen2.5-Omni-7B,test_354,remove_6000-8000,Humpback_Whale,"Beluga, White Whale","Beluga,_White_Whale",false,1
Qwen/Qwen2.5-Omni-7B,test_355,lp_0-2000,Humpback_Whale,"Beluga, White Whale","Beluga,_White_Whale",false,1
Qwen/Qwen2.5-Omni-7B,test_355,lp_0-4000,Humpback_Whale,"Beluga, White Whale","Beluga,_White_Whale",false,1
Qwen/Qwen2.5-Omni-7B,test_355,lp_0-6000,Humpback_Whale,"Beluga, White Whale","Beluga,_White_Whale",false,1
Qwen/Qwen2.5-Omni-7B,test_355,lp_0-8000,Humpback_Whale,"Beluga, White Whale","Beluga,_White_Whale",false,1
Qwen/Qwen2.5-Omni-7B,test_355,remove_0-1000,Humpback_Whale,"Beluga, White Whale","Beluga,_White_Whale",false,1
Qwen/Qwen2.5-Omni-7B,test_355,remove_1000-2000,Humpback_Whale,"Beluga, White Whale","Beluga,_White_Whale",false,1
Qwen/Qwen2.5-Omni-7B,test_355,remove_2000-4000,Humpback_Whale,"Beluga, White Whale","Beluga,_White_Whale",false,1
Qwen/Qwen2.5-Omni-7B,test_355,remove_4000-6000,Humpback_Whale,"Beluga, White Whale","Beluga,_White_Whale",false,1
Qwen/Qwen2.5-Omni-7B,test_355,remove_6000-8000,Humpback_Whale,"Beluga, White Whale","Beluga,_White_Whale",false,1
Qwen/Qwen2.5-Omni-7B,test_358,lp_0-2000,Humpback_Whale,"Beluga, White Whale","Beluga,_White_Whale",false,1
Qwen/Qwen2.5-Omni-7B,test_358,lp_0-4000,Humpback_Whale,False Killer Whale,False_Killer_Whale,false,1
Qwen/Qwen2.5-Omni-7B,test_358,lp_0-6000,Humpback_Whale,"Beluga, White Whale","Beluga,_White_Whale",false,1
Qwen/Qwen2.5-Omni-7B,test_358,lp_0-8000,Humpback_Whale,"Beluga, White Whale","Beluga,_White_Whale",false,1
Qwen/Qwen2.5-Omni-7B,test_358,remove_0-1000,Humpback_Whale,"Beluga, White Whale","Beluga,_White_Whale",false,1
Qwen/Qwen2.5-Omni-7B,test_358,remove_1000-2000,Humpback_Whale,"Beluga, White Whale","Beluga,_White_Whale",false,1
Qwen/Qwen2.5-Omni-7B,test_358,remove_2000-4000,Humpback_Whale,"Beluga, White Whale","Beluga,_White_Whale",false,1
Qwen/Qwen2.5-Omni-7B,test_358,remove_4000-6000,Humpback_Whale,"Beluga, White Whale","Beluga,_White_Whale",false,1
Qwen/Qwen2.5-Omni-7B,test_358,remove_6000-8000,Humpback_Whale,"Beluga, White Whale","Beluga,_White_Whale",false,1
Qwen/Qwen2.5-Omni-7B,test_364,lp_0-2000,Humpback_Whale,Bottlenose Dolphin,Bottlenose_Dolphin,false,1
Qwen/Qwen2.5-Omni-7B,test_364,lp_0-4000,Humpback_Whale,Bottlenose Dolphin,Bottlenose_Dolphin,false,1
Qwen/Qwen2.5-Omni-7B,test_364,lp_0-6000,Humpback_Whale,Bottlenose Dolphin,Bottlenose_Dolphin,false,1
Qwen/Qwen2.5-Omni-7B,test_364,lp_0-8000,Humpback_Whale,Bottlenose Dolphin,Bottlenose_Dolphin,false,1
Qwen/Qwen2.5-Omni-7B,test_364,remove_0-1000,Humpback_Whale,Humpback Whale,Humpback_Whale,true,1
Qwen/Qwen2.5-Omni-7B,test_364,remove_1000-2000,Humpback_Whale,Bottlenose Dolphin,Bottlenose_Dolphin,false,1
Qwen/Qwen2.5-Omni-7B,test_364,remove_2000-4000,Humpback_Whale,Bottlenose Dolphin,Bottlenose_Dolphin,false,1
Qwen/Qwen2.5-Omni-7B,test_364,remove_4000-6000,Humpback_Whale,Bottlenose Dolphin,Bottlenose_Dolphin,false,1
Qwen/Qwen2.5-Omni-7B,test_364,remove_6000-8000,Humpback_Whale,Bottlenose Dolphin,Bottlenose_Dolphin,false,1
Qwen/Qwen2.5-Omni-7B,test_369,lp_0-2000,Southern_Right_Whale,"Beluga, White Whale","Beluga,_White_Whale",false,1
Qwen/Qwen2.5-Omni-7B,test_369,lp_0-4000,Southern_Right_Whale,"Beluga, White Whale","Beluga,_White_Whale",false,1
Qwen/Qwen2.5-Omni-7B,test_369,lp_0-6000,Southern_Right_Whale,"Beluga, White Whale","Beluga,_White_Whale",false,1
Qwen/Qwen2.5-Omni-7B,test_369,lp_0-8000,Southern_Right_Whale,"Beluga, White Whale","Beluga,_White_Whale",false,1
Qwen/Qwen2.5-Omni-7B,test_369,remove_0-1000,Southern_Right_Whale,False Killer Whale,False_Killer_Whale,false,1
Qwen/Qwen2.5-Omni-7B,test_369,remove_1000-2000,Southern_Right_Whale,"Beluga, White Whale","Beluga,_White_Whale",false,1
Qwen/Qwen2.5-Omni-7B,test_369,remove_2000-4000,Southern_Right_Whale,"Beluga, White Whale","Beluga,_White_Whale",false,1
Qwen/Qwen2.5-Omni-7B,test_369,remove_4000-6000,Southern_Right_Whale,"Beluga, White Whale","Beluga,_White_Whale",false,1
Qwen/Qwen2.5-Omni-7B,test_369,remove_6000-8000,Southern_Right_Whale,"Beluga, White Whale","Beluga,_White_Whale",false,1
Qwen/Qwen2.5-Omni-7B,test_376,lp_0-2000,Southern_Right_Whale,False Killer Whale,False_Killer_Whale,false,1
Qwen/Qwen2.5-Omni-7B,test_376,lp_0-4000,Southern_Right_Whale,False Killer Whale,False_Killer_Whale,false,1
Qwen/Qwen2.5-Omni-7B,test_376,lp_0-6000,Southern_Right_Whale,False Killer Whale,False_Killer_Whale,false,1
Qwen/Qwen2.5-Omni-7B,test_376,lp_0-8000,Southern_Right_Whale,False Killer Whale,False_Killer_Whale,false,1
Qwen/Qwen2.5-Omni-7B,test_376,remove_0-1000,Southern_Right_Whale,False Killer Whale,False_Killer_Whale,false,1
Qwen/Qwen2.5-Omni-7B,test_376,remove_1000-2000,Southern_Right_Whale,False Killer Whale,False_Killer_Whale,false,1
Qwen/Qwen2.5-Omni-7B,test_376,remove_2000-4000,Southern_Right_Whale,False Killer Whale,False_Killer_Whale,false,1
Qwen/Qwen2.5-Omni-7B,test_376,remove_4000-6000,Southern_Right_Whale,False Killer Whale,False_Killer_Whale,false,1
Qwen/Qwen2.5-Omni-7B,test_376,remove_6000-8000,Southern_Right_Whale,False Killer Whale,False_Killer_Whale,false,1
Qwen/Qwen2.5-Omni-7B,test_381,lp_0-2000,Southern_Right_Whale,False Killer Whale,False_Killer_Whale,false,1
Qwen/Qwen2.5-Omni-7B,test_381,lp_0-4000,Southern_Right_Whale,False Killer Whale,False_Killer_Whale,false,1
Qwen/Qwen2.5-Omni-7B,test_381,lp_0-6000,Southern_Right_Whale,False Killer Whale,False_Killer_Whale,false,1
Qwen/Qwen2.5-Omni-7B,test_381,lp_0-8000,Southern_Right_Whale,False Killer Whale,False_Killer_Whale,false,1
Qwen/Qwen2.5-Omni-7B,test_381,remove_0-1000,Southern_Right_Whale,False Killer Whale,False_Killer_Whale,false,1
Qwen/Qwen2.5-Omni-7B,test_381,remove_1000-2000,Southern_Right_Whale,"Beluga, White Whale","Beluga,_White_Whale",false,1
Qwen/Qwen2.5-Omni-7B,test_381,remove_2000-4000,Southern_Right_Whale,False Killer Whale,False_Killer_Whale,false,1
Qwen/Qwen2.5-Omni-7B,test_381,remove_4000-6000,Southern_Right_Whale,False Killer Whale,False_Killer_Whale,false,1
Qwen/Qwen2.5-Omni-7B,test_381,remove_6000-8000,Southern_Right_Whale,False Killer Whale,False_Killer_Whale,false,1
Qwen/Qwen2.5-Omni-7B,test_385,lp_0-2000,Southern_Right_Whale,"Beluga, White Whale","Beluga,_White_Whale",false,1
Qwen/Qwen2.5-Omni-7B,test_385,lp_0-4000,Southern_Right_Whale,"Beluga, White Whale","Beluga,_White_Whale",false,1
Qwen/Qwen2.5-Omni-7B,test_385,lp_0-6000,Southern_Right_Whale,"Beluga, White Whale","Beluga,_White_Whale",false,1
Qwen/Qwen2.5-Omni-7B,test_385,lp_0-8000,Southern_Right_Whale,"Beluga, White Whale","Beluga,_White_Whale",false,1
Qwen/Qwen2.5-Omni-7B,test_385,remove_0-1000,Southern_Right_Whale,False Killer Whale,False_Killer_Whale,false,1
Qwen/Qwen2.5-Omni-7B,test_385,remove_1000-2000,Southern_Right_Whale,"Beluga, White Whale","Beluga,_White_Whale",false,1
Qwen/Qwen2.5-Omni-7B,test_385,remove_2000-4000,Southern_Right_Whale,"Beluga, White Whale","Beluga,_White_Whale",false,1
Qwen/Qwen2.5-Omni-7B,test_385,remove_4000-6000,Southern_Right_Whale,"Beluga, White Whale","Beluga,_White_Whale",false,1
Qwen/Qwen2.5-Omni-7B,test_385,remove_6000-8000,Southern_Right_Whale,"Beluga, White Whale","Beluga,_White_Whale",false,1
Qwen/Qwen2.5-Omni-7B,test_392,lp_0-2000,Southern_Right_Whale,"Beluga, White Whale","Beluga,_White_Whale",false,1
Qwen/Qwen2.5-Omni-7B,test_392,lp_0-4000,Southern_Right_Whale,"Beluga, White Whale","Beluga,_White_Whale",false,1
Qwen/Qwen2.5-Omni-7B,test_392,lp_0-6000,Southern_Right_Whale,"Beluga, White Whale","Beluga,_White_Whale",false,1
Qwen/Qwen2.5-Omni-7B,test_392,lp_0-8000,Southern_Right_Whale,"Beluga, White Whale","Beluga,_White_Whale",false,1
Qwen/Qwen2.5-Omni-7B,test_392,remove_0-1000,Southern_Right_Whale,False Killer Whale,False_Killer_Whale,false,1
Qwen/Qwen2.5-Omni-7B,test_392,remove_1000-2000,Southern_Right_Whale,"Beluga, White Whale","Beluga,_White_Whale",false,1
Qwen/Qwen2.5-Omni-7B,test_392,remove_2000-4000,Southern_Right_Whale,"Beluga, White Whale","Beluga,_White_Whale",false,1
Qwen/Qwen2.5-Omni-7B,test_392,remove_4000-6000,Southern_Right_Whale,"Beluga, White Whale","Beluga,_White_Whale",false,1
Qwen/Qwen2.5-Omni-7B,test_392,remove_6000-8000,Southern_Right_Whale,"Beluga, White Whale","Beluga,_White_Whale",false,1
Qwen/Qwen2.5-Omni-7B,test_401,lp_0-2000,White-sided_Dolphin,"Beluga, White Whale","Beluga,_White_Whale",false,1
Qwen/Qwen2.5-Omni-7B,test_401,lp_0-4000,White-sided_Dolphin,"Beluga, White Whale","Beluga,_White_Whale",false,1
Qwen/Qwen2.5-Omni-7B,test_401,lp_0-6000,White-sided_Dolphin,"Beluga, White Whale","Beluga,_White_Whale",false,1
Qwen/Qwen2.5-Omni-7B,test_401,lp_0-8000,White-sided_Dolphin,False Killer Whale,False_Killer_Whale,false,1
Qwen/Qwen2.5-Omni-7B,test_401,remove_0-1000,White-sided_Dolphin,False Killer Whale,False_Killer_Whale,false,1
Qwen/Qwen2.5-Omni-7B,test_401,remove_1000-2000,White-sided_Dolphin,False Killer Whale,False_Killer_Whale,false,1
Qwen/Qwen2.5-Omni-7B,test_401,remove_2000-4000,White-sided_Dolphin,False Killer Whale,False_Killer_Whale,false,1
Qwen/Qwen2.5-Omni-7B,test_401,remove_4000-6000,White-sided_Dolphin,"Beluga, White Whale","Beluga,_White_Whale",false,1
Qwen/Qwen2.5-Omni-7B,test_401,remove_6000-8000,White-sided_Dolphin,False Killer Whale,False_Killer_Whale,false,1
Qwen/Qwen2.5-Omni-7B,test_406,lp_0-2000,White-sided_Dolphin,False Killer Whale,False_Killer_Whale,false,1
Qwen/Qwen2.5-Omni-7B,test_406,lp_0-4000,White-sided_Dolphin,False Killer Whale,False_Killer_Whale,false,1
Qwen/Qwen2.5-Omni-7B,test_406,lp_0-6000,White-sided_Dolphin,False Killer Whale,False_Killer_Whale,false,1
Qwen/Qwen2.5-Omni-7B,test_406,lp_0-8000,White-sided_Dolphin,False Killer Whale,False_Killer_Whale,false,1
Qwen/Qwen2.5-Omni-7B,test_406,remove_0-1000,White-sided_Dolphin,Bottlenose Dolphin,Bottlenose_Dolphin,false,1
Qwen/Qwen2.5-Omni-7B,test_406,remove_1000-2000,White-sided_Dolphin,False Killer Whale,False_Killer_Whale,false,1
Qwen/Qwen2.5-Omni-7B,test_406,remove_2000-4000,White-sided_Dolphin,False Killer Whale,False_Killer_Whale,false,1
Qwen/Qwen2.5-Omni-7B,test_406,remove_4000-6000,White-sided_Dolphin,False Killer Whale,False_Killer_Whale,false,1
Qwen/Qwen2.5-Omni-7B,test_406,remove_6000-8000,White-sided_Dolphin,False Killer Whale,False_Killer_Whale,false,1
Qwen/Qwen2.5-Omni-7B,test_408,lp_0-2000,White-sided_Dolphin,False Killer Whale,False_Killer_Whale,false,1
Qwen/Qwen2.5-Omni-7B,test_408,lp_0-4000,White-sided_Dolphin,False Killer Whale,False_Killer_Whale,false,1
Qwen/Qwen2.5-Omni-7B,test_408,lp_0-6000,White-sided_Dolphin,False Killer Whale,False_Killer_Whale,false,1
Qwen/Qwen2.5-Omni-7B,test_408,lp_0-8000,White-sided_Dolphin,Bottlenose Dolphin,Bottlenose_Dolphin,false,1
Qwen/Qwen2.5-Omni-7B,test_408,remove_0-1000,White-sided_Dolphin,Bottlenose Dolphin,Bottlenose_Dolphin,false,1
Qwen/Qwen2.5-Omni-7B,test_408,remove_1000-2000,White-sided_Dolphin,False Killer Whale,False_Killer_Whale,false,1
Qwen/Qwen2.5-Omni-7B,test_408,remove_2000-4000,White-sided_Dolphin,Bottlenose Dolphin,Bottlenose_Dolphin,false,1
Qwen/Qwen2.5-Omni-7B,test_408,remove_4000-6000,White-sided_Dolphin,False Killer Whale,False_Killer_Whale,false,1
Qwen/Qwen2.5-Omni-7B,test_408,remove_6000-8000,White-sided_Dolphin,False Killer Whale,False_Killer_Whale,false,1
Qwen/Qwen2.5-Omni-7B,test_410,lp_0-2000,White-sided_Dolphin,"Beluga, White Whale","Beluga,_White_Whale",false,1
Qwen/Qwen2.5-Omni-7B,test_410,lp_0-4000,White-sided_Dolphin,"Beluga, White Whale","Beluga,_White_Whale",false,1
Qwen/Qwen2.5-Omni-7B,test_410,lp_0-6000,White-sided_Dolphin,"Beluga, White Whale","Beluga,_White_Whale",false,1
Qwen/Qwen2.5-Omni-7B,test_410,lp_0-8000,White-sided_Dolphin,"Beluga, White Whale","Beluga,_White_Whale",false,1
Qwen/Qwen2.5-Omni-7B,test_410,remove_0-1000,White-sided_Dolphin,Bottlenose Dolphin,Bottlenose_Dolphin,false,1
Qwen/Qwen2.5-Omni-7B,test_410,remove_1000-2000,White-sided_Dolphin,False Killer Whale,False_Killer_Whale,false,1
Qwen/Qwen2.5-Omni-7B,test_410,remove_2000-4000,White-sided_Dolphin,Bottlenose Dolphin,Bottlenose_Dolphin,false,1
Qwen/Qwen2.5-Omni-7B,test_410,remove_4000-6000,White-sided_Dolphin,"Beluga, White Whale","Beluga,_White_Whale",false,1
Qwen/Qwen2.5-Omni-7B,test_410,remove_6000-8000,White-sided_Dolphin,False Killer Whale,False_Killer_Whale,false,1
Qwen/Qwen2.5-Omni-7B,test_411,lp_0-2000,White-sided_Dolphin,"Beluga, White Whale","Beluga,_White_Whale",false,1
Qwen/Qwen2.5-Omni-7B,test_411,lp_0-4000,White-sided_Dolphin,False Killer Whale,False_Killer_Whale,false,1
Qwen/Qwen2.5-Omni-7B,test_411,lp_0-6000,White-sided_Dolphin,False Killer Whale,False_Killer_Whale,false,1
Qwen/Qwen2.5-Omni-7B,test_411,lp_0-8000,White-sided_Dolphin,"Beluga, White Whale","Beluga,_White_Whale",false,1
Qwen/Qwen2.5-Omni-7B,test_411,remove_0-1000,White-sided_Dolphin,False Killer Whale,False_Killer_Whale,false,1
Qwen/Qwen2.5-Omni-7B,test_411,remove_1000-2000,White-sided_Dolphin,"Beluga, White Whale","Beluga,_White_Whale",false,1
Qwen/Qwen2.5-Omni-7B,test_411,remove_2000-4000,White-sided_Dolphin,"Beluga, White Whale","Beluga,_White_Whale",false,1
Qwen/Qwen2.5-Omni-7B,test_411,remove_4000-6000,White-sided_Dolphin,"Beluga, White Whale","Beluga,_White_Whale",false,1
Qwen/Qwen2.5-Omni-7B,test_411,remove_6000-8000,White-sided_Dolphin,False Killer Whale,False_Killer_Whale,false,1
Qwen/Qwen2.5-Omni-7B,test_417,lp_0-2000,White-sided_Dolphin,False Killer Whale,False_Killer_Whale,false,1
Qwen/Qwen2.5-Omni-7B,test_417,lp_0-4000,White-sided_Dolphin,False Killer Whale,False_Killer_Whale,false,1
Qwen/Qwen2.5-Omni-7B,test_417,lp_0-6000,White-sided_Dolphin,False Killer Whale,False_Killer_Whale,false,1
Qwen/Qwen2.5-Omni-7B,test_417,lp_0-8000,White-sided_Dolphin,False Killer Whale,False_Killer_Whale,false,1
Qwen/Qwen2.5-Omni-7B,test_417,remove_0-1000,White-sided_Dolphin,False Killer Whale,False_Killer_Whale,false,1
Qwen/Qwen2.5-Omni-7B,test_417,remove_1000-2000,White-sided_Dolphin,False Killer Whale,False_Killer_Whale,false,1
Qwen/Qwen2.5-Omni-7B,test_417,remove_2000-4000,White-sided_Dolphin,False Killer Whale,False_Killer_Whale,false,1
Qwen/Qwen2.5-Omni-7B,test_417,remove_4000-6000,White-sided_Dolphin,False Killer Whale,False_Killer_Whale,false,1
Qwen/Qwen2.5-Omni-7B,test_417,remove_6000-8000,White-sided_Dolphin,False Killer Whale,False_Killer_Whale,false,1
Qwen/Qwen2.5-Omni-7B,test_419,lp_0-2000,White-sided_Dolphin,False Killer Whale,False_Killer_Whale,false,1
Qwen/Qwen2.5-Omni-7B,test_419,lp_0-4000,White-sided_Dolphin,False Killer Whale,False_Killer_Whale,false,1
Qwen/Qwen2.5-Omni-7B,test_419,lp_0-6000,White-sided_Dolphin,False Killer Whale,False_Killer_Whale,false,1
Qwen/Qwen2.5-Omni-7B,test_419,lp_0-8000,White-sided_Dolphin,False Killer Whale,False_Killer_Whale,false,1
Qwen/Qwen2.5-Omni-7B,test_419,remove_0-1000,White-sided_Dolphin,False Killer Whale,False_Killer_Whale,false,1
Qwen/Qwen2.5-Omni-7B,test_419,remove_1000-2000,White-sided_Dolphin,False Killer Whale,False_Killer_Whale,false,1
Qwen/Qwen2.5-Omni-7B,test_419,remove_2000-4000,White-sided_Dolphin,False Killer Whale,False_Killer_Whale,false,1
Qwen/Qwen2.5-Omni-7B,test_419,remove_4000-6000,White-sided_Dolphin,False Killer Whale,False_Killer_Whale,false,1
Qwen/Qwen2.5-Omni-7B,test_419,remove_6000-8000,White-sided_Dolphin,False Killer Whale,False_Killer_Whale,false,1
Qwen/Qwen2.5-Omni-7B,test_421,lp_0-2000,White-sided_Dolphin,"Beluga, White Whale","Beluga,_White_Whale",false,1
Qwen/Qwen2.5-Omni-7B,test_421,lp_0-4000,White-sided_Dolphin,"Beluga, White Whale","Beluga,_White_Whale",false,1
Qwen/Qwen2.5-Omni-7B,test_421,lp_0-6000,White-sided_Dolphin,False Killer Whale,False_Killer_Whale,false,1
Qwen/Qwen2.5-Omni-7B,test_421,lp_0-8000,White-sided_Dolphin,False Killer Whale,False_Killer_Whale,false,1
Qwen/Qwen2.5-Omni-7B,test_421,remove_0-1000,White-sided_Dolphin,False Killer Whale,False_Killer_Whale,false,1
Qwen/Qwen2.5-Omni-7B,test_421,remove_1000-2000,White-sided_Dolphin,False Killer Whale,False_Killer_Whale,false,1
Qwen/Qwen2.5-Omni-7B,test_421,remove_2000-4000,White-sided_Dolphin,False Killer Whale,False_Killer_Whale,false,1
Qwen/Qwen2.5-Omni-7B,test_421,remove_4000-6000,White-sided_Dolphin,"Beluga, White Whale","Beluga,_White_Whale",false,1
Qwen/Qwen2.5-Omni-7B,test_421,remove_6000-8000,White-sided_Dolphin,False Killer Whale,False_Killer_Whale,false,1
Qwen/Qwen2.5-Omni-7B,test_425,lp_0-2000,White-sided_Dolphin,False Killer Whale,False_Killer_Whale,false,1
Qwen/Qwen2.5-Omni-7B,test_425,lp_0-4000,White-sided_Dolphin,"Beluga, White Whale","Beluga,_White_Whale",false,1
Qwen/Qwen2.5-Omni-7B,test_425,lp_0-6000,White-sided_Dolphin,"Beluga, White Whale","Beluga,_White_Whale",false,1
Qwen/Qwen2.5-Omni-7B,test_425,lp_0-8000,White-sided_Dolphin,Bottlenose Dolphin,Bottlenose_Dolphin,false,1
Qwen/Qwen2.5-Omni-7B,test_425,remove_0-1000,White-sided_Dolphin,False Killer Whale,False_Killer_Whale,false,1
Qwen/Qwen2.5-Omni-7B,test_425,remove_1000-2000,White-sided_Dolphin,False Killer Whale,False_Killer_Whale,false,1
Qwen/Qwen2.5-Omni-7B,test_425,remove_2000-4000,White-sided_Dolphin,False Killer Whale,False_Killer_Whale,false,1
Qwen/Qwen2.5-Omni-7B,test_425,remove_4000-6000,White-sided_Dolphin,False Killer Whale,False_Killer_Whale,false,1
Qwen/Qwen2.5-Omni-7B,test_425,remove_6000-8000,White-sided_Dolphin,Bottlenose Dolphin,Bottlenose_Dolphin,false,1
Qwen/Qwen2.5-Omni-7B,test_431,lp_0-2000,White-sided_Dolphin,"Beluga, White Whale","Beluga,_White_Whale",false,1
Qwen/Qwen2.5-Omni-7B,test_431,lp_0-4000,White-sided_Dolphin,"Beluga, White Whale","Beluga,_White_Whale",false,1
Qwen/Qwen2.5-Omni-7B,test_431,lp_0-6000,White-sided_Dolphin,"Beluga, White Whale","Beluga,_White_Whale",false,1
Qwen/Qwen2.5-Omni-7B,test_431,lp_0-8000,White-sided_Dolphin,"Beluga, White Whale","Beluga,_White_Whale",false,1
Qwen/Qwen2.5-Omni-7B,test_431,remove_0-1000,White-sided_Dolphin,False Killer Whale,False_Killer_Whale,false,1
Qwen/Qwen2.5-Omni-7B,test_431,remove_1000-2000,White-sided_Dolphin,"Beluga, White Whale","Beluga,_White_Whale",false,1
Qwen/Qwen2.5-Omni-7B,test_431,remove_2000-4000,White-sided_Dolphin,"Beluga, White Whale","Beluga,_White_Whale",false,1
Qwen/Qwen2.5-Omni-7B,test_431,remove_4000-6000,White-sided_Dolphin,"Beluga, White Whale","Beluga,_White_Whale",false,1
Qwen/Qwen2.5-Omni-7B,test_431,remove_6000-8000,White-sided_Dolphin,"Beluga, White Whale","Beluga,_White_Whale",false,1
Qwen/Qwen2.5-Omni-7B,test_441,lp_0-2000,White-sided_Dolphin,"Beluga, White Whale","Beluga,_White_Whale",false,1
Qwen/Qwen2.5-Omni-7B,test_441,lp_0-4000,White-sided_Dolphin,False Killer Whale,False_Killer_Whale,false,1
Qwen/Qwen2.5-Omni-7B,test_441,lp_0-6000,White-sided_Dolphin,False Killer Whale,False_Killer_Whale,false,1
Qwen/Qwen2.5-Omni-7B,test_441,lp_0-8000,White-sided_Dolphin,False Killer Whale,False_Killer_Whale,false,1
Qwen/Qwen2.5-Omni-7B,test_441,remove_0-1000,White-sided_Dolphin,False Killer Whale,False_Killer_Whale,false,1
Qwen/Qwen2.5-Omni-7B,test_441,remove_1000-2000,White-sided_Dolphin,False Killer Whale,False_Killer_Whale,false,1
Qwen/Qwen2.5-Omni-7B,test_441,remove_2000-4000,White-sided_Dolphin,False Killer Whale,False_Killer_Whale,false,1
Qwen/Qwen2.5-Omni-7B,test_441,remove_4000-6000,White-sided_Dolphin,False Killer Whale,False_Killer_Whale,false,1
Qwen/Qwen2.5-Omni-7B,test_441,remove_6000-8000,White-sided_Dolphin,False Killer Whale,False_Killer_Whale,false,1
Qwen/Qwen2.5-Omni-7B,test_451,lp_0-2000,Narwhal,False Killer Whale,False_Killer_Whale,false,1
Qwen/Qwen2.5-Omni-7B,test_451,lp_0-4000,Narwhal,False Killer Whale,False_Killer_Whale,false,1
Qwen/Qwen2.5-Omni-7B,test_451,lp_0-6000,Narwhal,False Killer Whale,False_Killer_Whale,false,1
Qwen/Qwen2.5-Omni-7B,test_451,lp_0-8000,Narwhal,False Killer Whale,False_Killer_Whale,false,1
Qwen/Qwen2.5-Omni-7B,test_451,remove_0-1000,Narwhal,False Killer Whale,False_Killer_Whale,false,1
Qwen/Qwen2.5-Omni-7B,test_451,remove_1000-2000,Narwhal,False Killer Whale,False_Killer_Whale,false,1
Qwen/Qwen2.5-Omni-7B,test_451,remove_2000-4000,Narwhal,False Killer Whale,False_Killer_Whale,false,1
Qwen/Qwen2.5-Omni-7B,test_451,remove_4000-6000,Narwhal,False Killer Whale,False_Killer_Whale,false,1
Qwen/Qwen2.5-Omni-7B,test_451,remove_6000-8000,Narwhal,False Killer Whale,False_Killer_Whale,false,1
Qwen/Qwen2.5-Omni-7B,test_461,lp_0-2000,Narwhal,"Beluga, White Whale","Beluga,_White_Whale",false,1
Qwen/Qwen2.5-Omni-7B,test_461,lp_0-4000,Narwhal,"Beluga, White Whale","Beluga,_White_Whale",false,1
Qwen/Qwen2.5-Omni-7B,test_461,lp_0-6000,Narwhal,"Beluga, White Whale","Beluga,_White_Whale",false,1
Qwen/Qwen2.5-Omni-7B,test_461,lp_0-8000,Narwhal,"Beluga, White Whale","Beluga,_White_Whale",false,1
Qwen/Qwen2.5-Omni-7B,test_461,remove_0-1000,Narwhal,"Beluga, White Whale","Beluga,_White_Whale",false,1
Qwen/Qwen2.5-Omni-7B,test_461,remove_1000-2000,Narwhal,"Beluga, White Whale","Beluga,_White_Whale",false,1
Qwen/Qwen2.5-Omni-7B,test_461,remove_2000-4000,Narwhal,Bottlenose Dolphin,Bottlenose_Dolphin,false,1
Qwen/Qwen2.5-Omni-7B,test_461,remove_4000-6000,Narwhal,"Beluga, White Whale","Beluga,_White_Whale",false,1
Qwen/Qwen2.5-Omni-7B,test_461,remove_6000-8000,Narwhal,"Beluga, White Whale","Beluga,_White_Whale",false,1
Qwen/Qwen2.5-Omni-7B,test_463,lp_0-2000,Narwhal,"Beluga, White Whale","Beluga,_White_Whale",false,1
Qwen/Qwen2.5-Omni-7B,test_463,lp_0-4000,Narwhal,"Beluga, White Whale","Beluga,_White_Whale",false,1
Qwen/Qwen2.5-Omni-7B,test_463,lp_0-6000,Narwhal,False Killer Whale,False_Killer_Whale,false,1
Qwen/Qwen2.5-Omni-7B,test_463,lp_0-8000,Narwhal,"Beluga, White Whale","Beluga,_White_Whale",false,1
Qwen/Qwen2.5-Omni-7B,test_463,remove_0-1000,Narwhal,False Killer Whale,False_Killer_Whale,false,1
Qwen/Qwen2.5-Omni-7B,test_463,remove_1000-2000,Narwhal,"Beluga, White Whale","Beluga,_White_Whale",false,1
Qwen/Qwen2.5-Omni-7B,test_463,remove_2000-4000,Narwhal,"Beluga, White Whale","Beluga,_White_Whale",false,1
Qwen/Qwen2.5-Omni-7B,test_463,remove_4000-6000,Narwhal,"Beluga, White Whale","Beluga,_White_Whale",false,1
Qwen/Qwen2.5-Omni-7B,test_463,remove_6000-8000,Narwhal,"Beluga, White Whale","Beluga,_White_Whale",false,1
Qwen/Qwen2.5-Omni-7B,test_465,lp_0-2000,Narwhal,False Killer Whale,False_Killer_Whale,false,1
Qwen/Qwen2.5-Omni-7B,test_465,lp_0-4000,Narwhal,"Beluga, White Whale","Beluga,_White_Whale",false,1
Qwen/Qwen2.5-Omni-7B,test_465,lp_0-6000,Narwhal,"Beluga, White Whale","Beluga,_White_Whale",false,1
Qwen/Qwen2.5-Omni-7B,test_465,lp_0-8000,Narwhal,False Killer Whale,False_Killer_Whale,false,1
Qwen/Qwen2.5-Omni-7B,test_465,remove_0-1000,Narwhal,False Killer Whale,False_Killer_Whale,false,1
Qwen/Qwen2.5-Omni-7B,test_465,remove_1000-2000,Narwhal,False Killer Whale,False_Killer_Whale,false,1
Qwen/Qwen2.5-Omni-7B,test_465,remove_2000-4000,Narwhal,False Killer Whale,False_Killer_Whale,false,1
Qwen/Qwen2.5-Omni-7B,test_465,remove_4000-6000,Narwhal,"Beluga, White Whale","Beluga,_White_Whale",false,1
Qwen/Qwen2.5-Omni-7B,test_465,remove_6000-8000,Narwhal,False Killer Whale,False_Killer_Whale,false,1
Qwen/Qwen2.5-Omni-7B,test_471,lp_0-2000,Narwhal,"Beluga, White Whale","Beluga,_White_Whale",false,1
Qwen/Qwen2.5-Omni-7B,test_471,lp_0-4000,Narwhal,"Beluga, White Whale","Beluga,_White_Whale",false,1
Qwen/Qwen2.5-Omni-7B,test_471,lp_0-6000,Narwhal,"Beluga, White Whale","Beluga,_White_Whale",false,1
Qwen/Qwen2.5-Omni-7B,test_471,lp_0-8000,Narwhal,"Beluga, White Whale","Beluga,_White_Whale",false,1
Qwen/Qwen2.5-Omni-7B,test_471,remove_0-1000,Narwhal,"Beluga, White Whale","Beluga,_White_Whale",false,1
Qwen/Qwen2.5-Omni-7B,test_471,remove_1000-2000,Narwhal,Bottlenose Dolphin,Bottlenose_Dolphin,false,1
Qwen/Qwen2.5-Omni-7B,test_471,remove_2000-4000,Narwhal,False Killer Whale,False_Killer_Whale,false,1
Qwen/Qwen2.5-Omni-7B,test_471,remove_4000-6000,Narwhal,"Beluga, White Whale","Beluga,_White_Whale",false,1
Qwen/Qwen2.5-Omni-7B,test_471,remove_6000-8000,Narwhal,"Beluga, White Whale","Beluga,_White_Whale",false,1
Qwen/Qwen2.5-Omni-7B,test_473,lp_0-2000,Narwhal,False Killer Whale,False_Killer_Whale,false,1
Qwen/Qwen2.5-Omni-7B,test_473,lp_0-4000,Narwhal,False Killer Whale,False_Killer_Whale,false,1
Qwen/Qwen2.5-Omni-7B,test_473,lp_0-6000,Narwhal,False Killer Whale,False_Killer_Whale,false,1
Qwen/Qwen2.5-Omni-7B,test_473,lp_0-8000,Narwhal,False Killer Whale,False_Killer_Whale,false,1
Qwen/Qwen2.5-Omni-7B,test_473,remove_0-1000,Narwhal,False Killer Whale,False_Killer_Whale,false,1
Qwen/Qwen2.5-Omni-7B,test_473,remove_1000-2000,Narwhal,False Killer Whale,False_Killer_Whale,false,1
Qwen/Qwen2.5-Omni-7B,test_473,remove_2000-4000,Narwhal,False Killer Whale,False_Killer_Whale,false,1
Qwen/Qwen2.5-Omni-7B,test_473,remove_4000-6000,Narwhal,False Killer Whale,False_Killer_Whale,false,1
Qwen/Qwen2.5-Omni-7B,test_473,remove_6000-8000,Narwhal,False Killer Whale,False_Killer_Whale,false,1
Qwen/Qwen2.5-Omni-7B,test_474,lp_0-2000,Narwhal,False Killer Whale,False_Killer_Whale,false,1
Qwen/Qwen2.5-Omni-7B,test_474,lp_0-4000,Narwhal,"Beluga, White Whale","Beluga,_White_Whale",false,1
Qwen/Qwen2.5-Omni-7B,test_474,lp_0-6000,Narwhal,"Beluga, White Whale","Beluga,_White_Whale",false,1
Qwen/Qwen2.5-Omni-7B,test_474,lp_0-8000,Narwhal,False Killer Whale,False_Killer_Whale,false,1
Qwen/Qwen2.5-Omni-7B,test_474,remove_0-1000,Narwhal,False Killer Whale,False_Killer_Whale,false,1
Qwen/Qwen2.5-Omni-7B,test_474,remove_1000-2000,Narwhal,False Killer Whale,False_Killer_Whale,false,1
Qwen/Qwen2.5-Omni-7B,test_474,remove_2000-4000,Narwhal,False Killer Whale,False_Killer_Whale,false,1
Qwen/Qwen2.5-Omni-7B,test_474,remove_4000-6000,Narwhal,"Beluga, White Whale","Beluga,_White_Whale",false,1
Qwen/Qwen2.5-Omni-7B,test_474,remove_6000-8000,Narwhal,False Killer Whale,False_Killer_Whale,false,1
Qwen/Qwen2.5-Omni-7B,test_483,lp_0-2000,Narwhal,"Beluga, White Whale","Beluga,_White_Whale",false,1
Qwen/Qwen2.5-Omni-7B,test_483,lp_0-4000,Narwhal,"Beluga, White Whale","Beluga,_White_Whale",false,1
Qwen/Qwen2.5-Omni-7B,test_483,lp_0-6000,Narwhal,"Beluga, White Whale","Beluga,_White_Whale",false,1
Qwen/Qwen2.5-Omni-7B,test_483,lp_0-8000,Narwhal,"Beluga, White Whale","Beluga,_White_Whale",false,1
Qwen/Qwen2.5-Omni-7B,test_483,remove_0-1000,Narwhal,False Killer Whale,False_Killer_Whale,false,1
Qwen/Qwen2.5-Omni-7B,test_483,remove_1000-2000,Narwhal,False Killer Whale,False_Killer_Whale,false,1
Qwen/Qwen2.5-Omni-7B,test_483,remove_2000-4000,Narwhal,False Killer Whale,False_Killer_Whale,false,1
Qwen/Qwen2.5-Omni-7B,test_483,remove_4000-6000,Narwhal,"Beluga, White Whale","Beluga,_White_Whale",false,1
Qwen/Qwen2.5-Omni-7B,test_483,remove_6000-8000,Narwhal,"Beluga, White Whale","Beluga,_White_Whale",false,1
Qwen/Qwen2.5-Omni-7B,test_494,lp_0-2000,Narwhal,"Beluga, White Whale","Beluga,_White_Whale",false,1
Qwen/Qwen2.5-Omni-7B,test_494,lp_0-4000,Narwhal,False Killer Whale,False_Killer_Whale,false,1
Qwen/Qwen2.5-Omni-7B,test_494,lp_0-6000,Narwhal,False Killer Whale,False_Killer_Whale,false,1
Qwen/Qwen2.5-Omni-7B,test_494,lp_0-8000,Narwhal,False Killer Whale,False_Killer_Whale,false,1
Qwen/Qwen2.5-Omni-7B,test_494,remove_0-1000,Narwhal,False Killer Whale,False_Killer_Whale,false,1
Qwen/Qwen2.5-Omni-7B,test_494,remove_1000-2000,Narwhal,False Killer Whale,False_Killer_Whale,false,1
Qwen/Qwen2.5-Omni-7B,test_494,remove_2000-4000,Narwhal,False Killer Whale,False_Killer_Whale,false,1
Qwen/Qwen2.5-Omni-7B,test_494,remove_4000-6000,Narwhal,False Killer Whale,False_Killer_Whale,false,1
Qwen/Qwen2.5-Omni-7B,test_494,remove_6000-8000,Narwhal,False Killer Whale,False_Killer_Whale,false,1
Qwen/Qwen2.5-Omni-7B,test_495,lp_0-2000,Narwhal,False Killer Whale,False_Killer_Whale,false,1
Qwen/Qwen2.5-Omni-7B,test_495,lp_0-4000,Narwhal,"Beluga, White Whale","Beluga,_White_Whale",false,1
Qwen/Qwen2.5-Omni-7B,test_495,lp_0-6000,Narwhal,"Beluga, White Whale","Beluga,_White_Whale",false,1
Qwen/Qwen2.5-Omni-7B,test_495,lp_0-8000,Narwhal,False Killer Whale,False_Killer_Whale,false,1
Qwen/Qwen2.5-Omni-7B,test_495,remove_0-1000,Narwhal,False Killer Whale,False_Killer_Whale,false,1
Qwen/Qwen2.5-Omni-7B,test_495,remove_1000-2000,Narwhal,False Killer Whale,False_Killer_Whale,false,1
Qwen/Qwen2.5-Omni-7B,test_495,remove_2000-4000,Narwhal,False Killer Whale,False_Killer_Whale,false,1
Qwen/Qwen2.5-Omni-7B,test_495,remove_4000-6000,Narwhal,False Killer Whale,False_Killer_Whale,false,1
Qwen/Qwen2.5-Omni-7B,test_495,remove_6000-8000,Narwhal,False Killer Whale,False_Killer_Whale,false,1
Qwen/Qwen2.5-Omni-7B,test_501,lp_0-2000,White-beaked_Dolphin,False Killer Whale,False_Killer_Whale,false,1
Qwen/Qwen2.5-Omni-7B,test_501,lp_0-4000,White-beaked_Dolphin,False Killer Whale,False_Killer_Whale,false,1
Qwen/Qwen2.5-Omni-7B,test_501,lp_0-6000,White-beaked_Dolphin,False Killer Whale,False_Killer_Whale,false,1
Qwen/Qwen2.5-Omni-7B,test_501,lp_0-8000,White-beaked_Dolphin,False Killer Whale,False_Killer_Whale,false,1
Qwen/Qwen2.5-Omni-7B,test_501,remove_0-1000,White-beaked_Dolphin,False Killer Whale,False_Killer_Whale,false,1
Qwen/Qwen2.5-Omni-7B,test_501,remove_1000-2000,White-beaked_Dolphin,False Killer Whale,False_Killer_Whale,false,1
Qwen/Qwen2.5-Omni-7B,test_501,remove_2000-4000,White-beaked_Dolphin,False Killer Whale,False_Killer_Whale,false,1
Qwen/Qwen2.5-Omni-7B,test_501,remove_4000-6000,White-beaked_Dolphin,False Killer Whale,False_Killer_Whale,false,1
Qwen/Qwen2.5-Omni-7B,test_501,remove_6000-8000,White-beaked_Dolphin,False Killer Whale,False_Killer_Whale,false,1
Qwen/Qwen2.5-Omni-7B,test_503,lp_0-2000,White-beaked_Dolphin,False Killer Whale,False_Killer_Whale,false,1
Qwen/Qwen2.5-Omni-7B,test_503,lp_0-4000,White-beaked_Dolphin,False Killer Whale,False_Killer_Whale,false,1
Qwen/Qwen2.5-Omni-7B,test_503,lp_0-6000,White-beaked_Dolphin,False Killer Whale,False_Killer_Whale,false,1
Qwen/Qwen2.5-Omni-7B,test_503,lp_0-8000,White-beaked_Dolphin,False Killer Whale,False_Killer_Whale,false,1
Qwen/Qwen2.5-Omni-7B,test_503,remove_0-1000,White-beaked_Dolphin,False Killer Whale,False_Killer_Whale,false,1
Qwen/Qwen2.5-Omni-7B,test_503,remove_1000-2000,White-beaked_Dolphin,False Killer Whale,False_Killer_Whale,false,1
Qwen/Qwen2.5-Omni-7B,test_503,remove_2000-4000,White-beaked_Dolphin,False Killer Whale,False_Killer_Whale,false,1
Qwen/Qwen2.5-Omni-7B,test_503,remove_4000-6000,White-beaked_Dolphin,False Killer Whale,False_Killer_Whale,false,1
Qwen/Qwen2.5-Omni-7B,test_503,remove_6000-8000,White-beaked_Dolphin,False Killer Whale,False_Killer_Whale,false,1
Qwen/Qwen2.5-Omni-7B,test_506,lp_0-2000,White-beaked_Dolphin,False Killer Whale,False_Killer_Whale,false,1
Qwen/Qwen2.5-Omni-7B,test_506,lp_0-4000,White-beaked_Dolphin,False Killer Whale,False_Killer_Whale,false,1
Qwen/Qwen2.5-Omni-7B,test_506,lp_0-6000,White-beaked_Dolphin,False Killer Whale,False_Killer_Whale,false,1
Qwen/Qwen2.5-Omni-7B,test_506,lp_0-8000,White-beaked_Dolphin,False Killer Whale,False_Killer_Whale,false,1
Qwen/Qwen2.5-Omni-7B,test_506,remove_0-1000,White-beaked_Dolphin,False Killer Whale,False_Killer_Whale,false,1
Qwen/Qwen2.5-Omni-7B,test_506,remove_1000-2000,White-beaked_Dolphin,False Killer Whale,False_Killer_Whale,false,1
Qwen/Qwen2.5-Omni-7B,test_506,remove_2000-4000,White-beaked_Dolphin,False Killer Whale,False_Killer_Whale,false,1
Qwen/Qwen2.5-Omni-7B,test_506,remove_4000-6000,White-beaked_Dolphin,False Killer Whale,False_Killer_Whale,false,1
Qwen/Qwen2.5-Omni-7B,test_506,remove_6000-8000,White-beaked_Dolphin,False Killer Whale,False_Killer_Whale,false,1
Qwen/Qwen2.5-Omni-7B,test_509,lp_0-2000,White-beaked_Dolphin,False Killer Whale,False_Killer_Whale,false,1
Qwen/Qwen2.5-Omni-7B,test_509,lp_0-4000,White-beaked_Dolphin,False Killer Whale,False_Killer_Whale,false,1
Qwen/Qwen2.5-Omni-7B,test_509,lp_0-6000,White-beaked_Dolphin,Bottlenose Dolphin,Bottlenose_Dolphin,false,1
Qwen/Qwen2.5-Omni-7B,test_509,lp_0-8000,White-beaked_Dolphin,Bottlenose Dolphin,Bottlenose_Dolphin,false,1
Qwen/Qwen2.5-Omni-7B,test_509,remove_0-1000,White-beaked_Dolphin,False Killer Whale,False_Killer_Whale,false,1
Qwen/Qwen2.5-Omni-7B,test_509,remove_1000-2000,White-beaked_Dolphin,Bottlenose Dolphin,Bottlenose_Dolphin,false,1
Qwen/Qwen2.5-Omni-7B,test_509,remove_2000-4000,White-beaked_Dolphin,Bottlenose Dolphin,Bottlenose_Dolphin,false,1
Qwen/Qwen2.5-Omni-7B,test_509,remove_4000-6000,White-beaked_Dolphin,Bottlenose Dolphin,Bottlenose_Dolphin,false,1
Qwen/Qwen2.5-Omni-7B,test_509,remove_6000-8000,White-beaked_Dolphin,Bottlenose Dolphin,Bottlenose_Dolphin,false,1
Qwen/Qwen2.5-Omni-7B,test_518,lp_0-2000,White-beaked_Dolphin,"Beluga, White Whale","Beluga,_White_Whale",false,1
Qwen/Qwen2.5-Omni-7B,test_518,lp_0-4000,White-beaked_Dolphin,False Killer Whale,False_Killer_Whale,false,1
Qwen/Qwen2.5-Omni-7B,test_518,lp_0-6000,White-beaked_Dolphin,False Killer Whale,False_Killer_Whale,false,1
Qwen/Qwen2.5-Omni-7B,test_518,lp_0-8000,White-beaked_Dolphin,False Killer Whale,False_Killer_Whale,false,1
Qwen/Qwen2.5-Omni-7B,test_518,remove_0-1000,White-beaked_Dolphin,False Killer Whale,False_Killer_Whale,false,1
Qwen/Qwen2.5-Omni-7B,test_518,remove_1000-2000,White-beaked_Dolphin,False Killer Whale,False_Killer_Whale,false,1
Qwen/Qwen2.5-Omni-7B,test_518,remove_2000-4000,White-beaked_Dolphin,False Killer Whale,False_Killer_Whale,false,1
Qwen/Qwen2.5-Omni-7B,test_518,remove_4000-6000,White-beaked_Dolphin,False Killer Whale,False_Killer_Whale,false,1
Qwen/Qwen2.5-Omni-7B,test_518,remove_6000-8000,White-beaked_Dolphin,False Killer Whale,False_Killer_Whale,false,1
Qwen/Qwen2.5-Omni-7B,test_523,lp_0-2000,White-beaked_Dolphin,"Beluga, White Whale","Beluga,_White_Whale",false,1
Qwen/Qwen2.5-Omni-7B,test_523,lp_0-4000,White-beaked_Dolphin,Bottlenose Dolphin,Bottlenose_Dolphin,false,1
Qwen/Qwen2.5-Omni-7B,test_523,lp_0-6000,White-beaked_Dolphin,Bottlenose Dolphin,Bottlenose_Dolphin,false,1
Qwen/Qwen2.5-Omni-7B,test_523,lp_0-8000,White-beaked_Dolphin,"Beluga, White Whale","Beluga,_White_Whale",false,1
Qwen/Qwen2.5-Omni-7B,test_523,remove_0-1000,White-beaked_Dolphin,False Killer Whale,False_Killer_Whale,false,1
Qwen/Qwen2.5-Omni-7B,test_523,remove_1000-2000,White-beaked_Dolphin,"Beluga, White Whale","Beluga,_White_Whale",false,1
Qwen/Qwen2.5-Omni-7B,test_523,remove_2000-4000,White-beaked_Dolphin,"Beluga, White Whale","Beluga,_White_Whale",false,1
Qwen/Qwen2.5-Omni-7B,test_523,remove_4000-6000,White-beaked_Dolphin,Bottlenose Dolphin,Bottlenose_Dolphin,false,1
Qwen/Qwen2.5-Omni-7B,test_523,remove_6000-8000,White-beaked_Dolphin,Bottlenose Dolphin,Bottlenose_Dolphin,false,1
Qwen/Qwen2.5-Omni-7B,test_524,lp_0-2000,White-beaked_Dolphin,False Killer Whale,False_Killer_Whale,false,1
Qwen/Qwen2.5-Omni-7B,test_524,lp_0-4000,White-beaked_Dolphin,False Killer Whale,False_Killer_Whale,false,1
Qwen/Qwen2.5-Omni-7B,test_524,lp_0-6000,White-beaked_Dolphin,False Killer Whale,False_Killer_Whale,false,1
Qwen/Qwen2.5-Omni-7B,test_524,lp_0-8000,White-beaked_Dolphin,False Killer Whale,False_Killer_Whale,false,1
Qwen/Qwen2.5-Omni-7B,test_524,remove_0-1000,White-beaked_Dolphin,False Killer Whale,False_Killer_Whale,false,1
Qwen/Qwen2.5-Omni-7B,test_524,remove_1000-2000,White-beaked_Dolphin,False Killer Whale,False_Killer_Whale,false,1
Qwen/Qwen2.5-Omni-7B,test_524,remove_2000-4000,White-beaked_Dolphin,False Killer Whale,False_Killer_Whale,false,1
Qwen/Qwen2.5-Omni-7B,test_524,remove_4000-6000,White-beaked_Dolphin,False Killer Whale,False_Killer_Whale,false,1
Qwen/Qwen2.5-Omni-7B,test_524,remove_6000-8000,White-beaked_Dolphin,False Killer Whale,False_Killer_Whale,false,1
Qwen/Qwen2.5-Omni-7B,test_527,lp_0-2000,White-beaked_Dolphin,Bottlenose Dolphin,Bottlenose_Dolphin,false,1
Qwen/Qwen2.5-Omni-7B,test_527,lp_0-4000,White-beaked_Dolphin,Bottlenose Dolphin,Bottlenose_Dolphin,false,1
Qwen/Qwen2.5-Omni-7B,test_527,lp_0-6000,White-beaked_Dolphin,Bottlenose Dolphin,Bottlenose_Dolphin,false,1
Qwen/Qwen2.5-Omni-7B,test_527,lp_0-8000,White-beaked_Dolphin,Bottlenose Dolphin,Bottlenose_Dolphin,false,1
Qwen/Qwen2.5-Omni-7B,test_527,remove_0-1000,White-beaked_Dolphin,False Killer Whale,False_Killer_Whale,false,1
Qwen/Qwen2.5-Omni-7B,test_527,remove_1000-2000,White-beaked_Dolphin,Bottlenose Dolphin,Bottlenose_Dolphin,false,1
Qwen/Qwen2.5-Omni-7B,test_527,remove_2000-4000,White-beaked_Dolphin,Bottlenose Dolphin,Bottlenose_Dolphin,false,1
Qwen/Qwen2.5-Omni-7B,test_527,remove_4000-6000,White-beaked_Dolphin,Bottlenose Dolphin,Bottlenose_Dolphin,false,1
Qwen/Qwen2.5-Omni-7B,test_527,remove_6000-8000,White-beaked_Dolphin,Bottlenose Dolphin,Bottlenose_Dolphin,false,1
Qwen/Qwen2.5-Omni-7B,test_539,lp_0-2000,White-beaked_Dolphin,Bottlenose Dolphin,Bottlenose_Dolphin,false,1
Qwen/Qwen2.5-Omni-7B,test_539,lp_0-4000,White-beaked_Dolphin,Bottlenose Dolphin,Bottlenose_Dolphin,false,1
Qwen/Qwen2.5-Omni-7B,test_539,lp_0-6000,White-beaked_Dolphin,Bottlenose Dolphin,Bottlenose_Dolphin,false,1
Qwen/Qwen2.5-Omni-7B,test_539,lp_0-8000,White-beaked_Dolphin,Bottlenose Dolphin,Bottlenose_Dolphin,false,1
Qwen/Qwen2.5-Omni-7B,test_539,remove_0-1000,White-beaked_Dolphin,Bottlenose Dolphin,Bottlenose_Dolphin,false,1
Qwen/Qwen2.5-Omni-7B,test_539,remove_1000-2000,White-beaked_Dolphin,Bottlenose Dolphin,Bottlenose_Dolphin,false,1
Qwen/Qwen2.5-Omni-7B,test_539,remove_2000-4000,White-beaked_Dolphin,Bottlenose Dolphin,Bottlenose_Dolphin,false,1
Qwen/Qwen2.5-Omni-7B,test_539,remove_4000-6000,White-beaked_Dolphin,Bottlenose Dolphin,Bottlenose_Dolphin,false,1
Qwen/Qwen2.5-Omni-7B,test_539,remove_6000-8000,White-beaked_Dolphin,Bottlenose Dolphin,Bottlenose_Dolphin,false,1
Qwen/Qwen2.5-Omni-7B,test_541,lp_0-2000,White-beaked_Dolphin,False Killer Whale,False_Killer_Whale,false,1
Qwen/Qwen2.5-Omni-7B,test_541,lp_0-4000,White-beaked_Dolphin,False Killer Whale,False_Killer_Whale,false,1
Qwen/Qwen2.5-Omni-7B,test_541,lp_0-6000,White-beaked_Dolphin,False Killer Whale,False_Killer_Whale,false,1
Qwen/Qwen2.5-Omni-7B,test_541,lp_0-8000,White-beaked_Dolphin,False Killer Whale,False_Killer_Whale,false,1
Qwen/Qwen2.5-Omni-7B,test_541,remove_0-1000,White-beaked_Dolphin,False Killer Whale,False_Killer_Whale,false,1
Qwen/Qwen2.5-Omni-7B,test_541,remove_1000-2000,White-beaked_Dolphin,False Killer Whale,False_Killer_Whale,false,1
Qwen/Qwen2.5-Omni-7B,test_541,remove_2000-4000,White-beaked_Dolphin,False Killer Whale,False_Killer_Whale,false,1
Qwen/Qwen2.5-Omni-7B,test_541,remove_4000-6000,White-beaked_Dolphin,False Killer Whale,False_Killer_Whale,false,1
Qwen/Qwen2.5-Omni-7B,test_541,remove_6000-8000,White-beaked_Dolphin,False Killer Whale,False_Killer_Whale,false,1
Qwen/Qwen2.5-Omni-7B,test_543,lp_0-2000,White-beaked_Dolphin,False Killer Whale,False_Killer_Whale,false,1
Qwen/Qwen2.5-Omni-7B,test_543,lp_0-4000,White-beaked_Dolphin,False Killer Whale,False_Killer_Whale,false,1
Qwen/Qwen2.5-Omni-7B,test_543,lp_0-6000,White-beaked_Dolphin,False Killer Whale,False_Killer_Whale,false,1
Qwen/Qwen2.5-Omni-7B,test_543,lp_0-8000,White-beaked_Dolphin,False Killer Whale,False_Killer_Whale,false,1
Qwen/Qwen2.5-Omni-7B,test_543,remove_0-1000,White-beaked_Dolphin,False Killer Whale,False_Killer_Whale,false,1
Qwen/Qwen2.5-Omni-7B,test_543,remove_1000-2000,White-beaked_Dolphin,False Killer Whale,False_Killer_Whale,false,1
Qwen/Qwen2.5-Omni-7B,test_543,remove_2000-4000,White-beaked_Dolphin,False Killer Whale,False_Killer_Whale,false,1
Qwen/Qwen2.5-Omni-7B,test_543,remove_4000-6000,White-beaked_Dolphin,False Killer Whale,False_Killer_Whale,false,1
Qwen/Qwen2.5-Omni-7B,test_543,remove_6000-8000,White-beaked_Dolphin,False Killer Whale,False_Killer_Whale,false,1
Qwen/Qwen2.5-Omni-7B,test_551,lp_0-2000,White-beaked_Dolphin,False Killer Whale,False_Killer_Whale,false,1
Qwen/Qwen2.5-Omni-7B,test_551,lp_0-4000,White-beaked_Dolphin,False Killer Whale,False_Killer_Whale,false,1
Qwen/Qwen2.5-Omni-7B,test_551,lp_0-6000,White-beaked_Dolphin,False Killer Whale,False_Killer_Whale,false,1
Qwen/Qwen2.5-Omni-7B,test_551,lp_0-8000,White-beaked_Dolphin,False Killer Whale,False_Killer_Whale,false,1
Qwen/Qwen2.5-Omni-7B,test_551,remove_0-1000,White-beaked_Dolphin,False Killer Whale,False_Killer_Whale,false,1
Qwen/Qwen2.5-Omni-7B,test_551,remove_1000-2000,White-beaked_Dolphin,False Killer Whale,False_Killer_Whale,false,1
Qwen/Qwen2.5-Omni-7B,test_551,remove_2000-4000,White-beaked_Dolphin,False Killer Whale,False_Killer_Whale,false,1
Qwen/Qwen2.5-Omni-7B,test_551,remove_4000-6000,White-beaked_Dolphin,False Killer Whale,False_Killer_Whale,false,1
Qwen/Qwen2.5-Omni-7B,test_551,remove_6000-8000,White-beaked_Dolphin,False Killer Whale,False_Killer_Whale,false,1
Qwen/Qwen2.5-Omni-7B,test_566,lp_0-2000,Northern_Right_Whale,"Beluga, White Whale","Beluga,_White_Whale",false,1
Qwen/Qwen2.5-Omni-7B,test_566,lp_0-4000,Northern_Right_Whale,"Beluga, White Whale","Beluga,_White_Whale",false,1
Qwen/Qwen2.5-Omni-7B,test_566,lp_0-6000,Northern_Right_Whale,"Beluga, White Whale","Beluga,_White_Whale",false,1
Qwen/Qwen2.5-Omni-7B,test_566,lp_0-8000,Northern_Right_Whale,"Beluga, White Whale","Beluga,_White_Whale",false,1
Qwen/Qwen2.5-Omni-7B,test_566,remove_0-1000,Northern_Right_Whale,False Killer Whale,False_Killer_Whale,false,1
Qwen/Qwen2.5-Omni-7B,test_566,remove_1000-2000,Northern_Right_Whale,"Beluga, White Whale","Beluga,_White_Whale",false,1
Qwen/Qwen2.5-Omni-7B,test_566,remove_2000-4000,Northern_Right_Whale,"Beluga, White Whale","Beluga,_White_Whale",false,1
Qwen/Qwen2.5-Omni-7B,test_566,remove_4000-6000,Northern_Right_Whale,"Beluga, White Whale","Beluga,_White_Whale",false,1
Qwen/Qwen2.5-Omni-7B,test_566,remove_6000-8000,Northern_Right_Whale,"Beluga, White Whale","Beluga,_White_Whale",false,1
Qwen/Qwen2.5-Omni-7B,test_576,lp_0-2000,Northern_Right_Whale,"Beluga, White Whale","Beluga,_White_Whale",false,1
Qwen/Qwen2.5-Omni-7B,test_576,lp_0-4000,Northern_Right_Whale,Bottlenose Dolphin,Bottlenose_Dolphin,false,1
Qwen/Qwen2.5-Omni-7B,test_576,lp_0-6000,Northern_Right_Whale,Bottlenose Dolphin,Bottlenose_Dolphin,false,1
Qwen/Qwen2.5-Omni-7B,test_576,lp_0-8000,Northern_Right_Whale,"Beluga, White Whale","Beluga,_White_Whale",false,1
Qwen/Qwen2.5-Omni-7B,test_576,remove_0-1000,Northern_Right_Whale,False Killer Whale,False_Killer_Whale,false,1
Qwen/Qwen2.5-Omni-7B,test_576,remove_1000-2000,Northern_Right_Whale,"Beluga, White Whale","Beluga,_White_Whale",false,1
Qwen/Qwen2.5-Omni-7B,test_576,remove_2000-4000,Northern_Right_Whale,"Beluga, White Whale","Beluga,_White_Whale",false,1
Qwen/Qwen2.5-Omni-7B,test_576,remove_4000-6000,Northern_Right_Whale,"Beluga, White Whale","Beluga,_White_Whale",false,1
Qwen/Qwen2.5-Omni-7B,test_576,remove_6000-8000,Northern_Right_Whale,Bottlenose Dolphin,Bottlenose_Dolphin,false,1
Qwen/Qwen2.5-Omni-7B,test_579,lp_0-2000,Northern_Right_Whale,"Beluga, White Whale","Beluga,_White_Whale",false,1
Qwen/Qwen2.5-Omni-7B,test_579,lp_0-4000,Northern_Right_Whale,"Beluga, White Whale","Beluga,_White_Whale",false,1
Qwen/Qwen2.5-Omni-7B,test_579,lp_0-6000,Northern_Right_Whale,"Beluga, White Whale","Beluga,_White_Whale",false,1
Qwen/Qwen2.5-Omni-7B,test_579,lp_0-8000,Northern_Right_Whale,"Beluga, White Whale","Beluga,_White_Whale",false,1
Qwen/Qwen2.5-Omni-7B,test_579,remove_0-1000,Northern_Right_Whale,"Beluga, White Whale","Beluga,_White_Whale",false,1
Qwen/Qwen2.5-Omni-7B,test_579,remove_1000-2000,Northern_Right_Whale,Killer Whale,Killer_Whale,false,1
Qwen/Qwen2.5-Omni-7B,test_579,remove_2000-4000,Northern_Right_Whale,"Beluga, White Whale","Beluga,_White_Whale",false,1
Qwen/Qwen2.5-Omni-7B,test_579,remove_4000-6000,Northern_Right_Whale,"Beluga, White Whale","Beluga,_White_Whale",false,1
Qwen/Qwen2.5-Omni-7B,test_579,remove_6000-8000,Northern_Right_Whale,"Beluga, White Whale","Beluga,_White_Whale",false,1
Qwen/Qwen2.5-Omni-7B,test_585,lp_0-2000,Northern_Right_Whale,"Beluga, White Whale","Beluga,_White_Whale",false,1
Qwen/Qwen2.5-Omni-7B,test_585,lp_0-4000,Northern_Right_Whale,"Beluga, White Whale","Beluga,_White_Whale",false,1
Qwen/Qwen2.5-Omni-7B,test_585,lp_0-6000,Northern_Right_Whale,Humpback Whale,Humpback_Whale,false,1
Qwen/Qwen2.5-Omni-7B,test_585,lp_0-8000,Northern_Right_Whale,Humpback Whale,Humpback_Whale,false,1
Qwen/Qwen2.5-Omni-7B,test_585,remove_0-1000,Northern_Right_Whale,"Beluga, White Whale","Beluga,_White_Whale",false,1
Qwen/Qwen2.5-Omni-7B,test_585,remove_1000-2000,Northern_Right_Whale,False Killer Whale,False_Killer_Whale,false,1
Qwen/Qwen2.5-Omni-7B,test_585,remove_2000-4000,Northern_Right_Whale,Humpback Whale,Humpback_Whale,false,1
Qwen/Qwen2.5-Omni-7B,test_585,remove_4000-6000,Northern_Right_Whale,"Beluga, White Whale","Beluga,_White_Whale",false,1
Qwen/Qwen2.5-Omni-7B,test_585,remove_6000-8000,Northern_Right_Whale,Humpback Whale,Humpback_Whale,false,1
Qwen/Qwen2.5-Omni-7B,test_588,lp_0-2000,Northern_Right_Whale,False Killer Whale,False_Killer_Whale,false,1
Qwen/Qwen2.5-Omni-7B,test_588,lp_0-4000,Northern_Right_Whale,False Killer Whale,False_Killer_Whale,false,1
Qwen/Qwen2.5-Omni-7B,test_588,lp_0-6000,Northern_Right_Whale,False Killer Whale,False_Killer_Whale,false,1
Qwen/Qwen2.5-Omni-7B,test_588,lp_0-8000,Northern_Right_Whale,False Killer Whale,False_Killer_Whale,false,1
Qwen/Qwen2.5-Omni-7B,test_588,remove_0-1000,Northern_Right_Whale,False Killer Whale,False_Killer_Whale,false,1
Qwen/Qwen2.5-Omni-7B,test_588,remove_1000-2000,Northern_Right_Whale,False Killer Whale,False_Killer_Whale,false,1
Qwen/Qwen2.5-Omni-7B,test_588,remove_2000-4000,Northern_Right_Whale,False Killer Whale,False_Killer_Whale,false,1
Qwen/Qwen2.5-Omni-7B,test_588,remove_4000-6000,Northern_Right_Whale,False Killer Whale,False_Killer_Whale,false,1
Qwen/Qwen2.5-Omni-7B,test_588,remove_6000-8000,Northern_Right_Whale,False Killer Whale,False_Killer_Whale,false,1
Qwen/Qwen2.5-Omni-7B,test_591,lp_0-2000,Northern_Right_Whale,False Killer Whale,False_Killer_Whale,false,1
Qwen/Qwen2.5-Omni-7B,test_591,lp_0-4000,Northern_Right_Whale,"Beluga, White Whale","Beluga,_White_Whale",false,1
Qwen/Qwen2.5-Omni-7B,test_591,lp_0-6000,Northern_Right_Whale,"Beluga, White Whale","Beluga,_White_Whale",false,1
Qwen/Qwen2.5-Omni-7B,test_591,lp_0-8000,Northern_Right_Whale,"Beluga, White Whale","Beluga,_White_Whale",false,1
Qwen/Qwen2.5-Omni-7B,test_591,remove_0-1000,Northern_Right_Whale,False Killer Whale,False_Killer_Whale,false,1
Qwen/Qwen2.5-Omni-7B,test_591,remove_1000-2000,Northern_Right_Whale,"Beluga, White Whale","Beluga,_White_Whale",false,1
Qwen/Qwen2.5-Omni-7B,test_591,remove_2000-4000,Northern_Right_Whale,False Killer Whale,False_Killer_Whale,false,1
Qwen/Qwen2.5-Omni-7B,test_591,remove_4000-6000,Northern_Right_Whale,"Beluga, White Whale","Beluga,_White_Whale",false,1
Qwen/Qwen2.5-Omni-7B,test_591,remove_6000-8000,Northern_Right_Whale,"Beluga, White Whale","Beluga,_White_Whale",false,1
Qwen/Qwen2.5-Omni-7B,test_592,lp_0-2000,Northern_Right_Whale,False Killer Whale,False_Killer_Whale,false,1
Qwen/Qwen2.5-Omni-7B,test_592,lp_0-4000,Northern_Right_Whale,False Killer Whale,False_Killer_Whale,false,1
Qwen/Qwen2.5-Omni-7B,test_592,lp_0-6000,Northern_Right_Whale,False Killer Whale,False_Killer_Whale,false,1
Qwen/Qwen2.5-Omni-7B,test_592,lp_0-8000,Northern_Right_Whale,False Killer Whale,False_Killer_Whale,false,1
Qwen/Qwen2.5-Omni-7B,test_592,remove_0-1000,Northern_Right_Whale,False Killer Whale,False_Killer_Whale,false,1
Qwen/Qwen2.5-Omni-7B,test_592,remove_1000-2000,Northern_Right_Whale,Killer Whale,Killer_Whale,false,1
Qwen/Qwen2.5-Omni-7B,test_592,remove_2000-4000,Northern_Right_Whale,False Killer Whale,False_Killer_Whale,false,1
Qwen/Qwen2.5-Omni-7B,test_592,remove_4000-6000,Northern_Right_Whale,False Killer Whale,False_Killer_Whale,false,1
Qwen/Qwen2.5-Omni-7B,test_592,remove_6000-8000,Northern_Right_Whale,False Killer Whale,False_Killer_Whale,false,1
Qwen/Qwen2.5-Omni-7B,test_597,lp_0-2000,Northern_Right_Whale,"Beluga, White Whale","Beluga,_White_Whale",false,1
Qwen/Qwen2.5-Omni-7B,test_597,lp_0-4000,Northern_Right_Whale,"Beluga, White Whale","Beluga,_White_Whale",false,1
Qwen/Qwen2.5-Omni-7B,test_597,lp_0-6000,Northern_Right_Whale,"Beluga, White Whale","Beluga,_White_Whale",false,1
Qwen/Qwen2.5-Omni-7B,test_597,lp_0-8000,Northern_Right_Whale,"Beluga, White Whale","Beluga,_White_Whale",false,1
Qwen/Qwen2.5-Omni-7B,test_597,remove_0-1000,Northern_Right_Whale,False Killer Whale,False_Killer_Whale,false,1
Qwen/Qwen2.5-Omni-7B,test_597,remove_1000-2000,Northern_Right_Whale,"Beluga, White Whale","Beluga,_White_Whale",false,1
Qwen/Qwen2.5-Omni-7B,test_597,remove_2000-4000,Northern_Right_Whale,"Beluga, White Whale","Beluga,_White_Whale",false,1
Qwen/Qwen2.5-Omni-7B,test_597,remove_4000-6000,Northern_Right_Whale,"Beluga, White Whale","Beluga,_White_Whale",false,1
Qwen/Qwen2.5-Omni-7B,test_597,remove_6000-8000,Northern_Right_Whale,"Beluga, White Whale","Beluga,_White_Whale",false,1
Qwen/Qwen2.5-Omni-7B,test_601,lp_0-2000,Northern_Right_Whale,"Beluga, White Whale","Beluga,_White_Whale",false,1
Qwen/Qwen2.5-Omni-7B,test_601,lp_0-4000,Northern_Right_Whale,"Beluga, White Whale","Beluga,_White_Whale",false,1
Qwen/Qwen2.5-Omni-7B,test_601,lp_0-6000,Northern_Right_Whale,"Beluga, White Whale","Beluga,_White_Whale",false,1
Qwen/Qwen2.5-Omni-7B,test_601,lp_0-8000,Northern_Right_Whale,"Beluga, White Whale","Beluga,_White_Whale",false,1
Qwen/Qwen2.5-Omni-7B,test_601,remove_0-1000,Northern_Right_Whale,"Beluga, White Whale","Beluga,_White_Whale",false,1
Qwen/Qwen2.5-Omni-7B,test_601,remove_1000-2000,Northern_Right_Whale,"Beluga, White Whale","Beluga,_White_Whale",false,1
Qwen/Qwen2.5-Omni-7B,test_601,remove_2000-4000,Northern_Right_Whale,"Beluga, White Whale","Beluga,_White_Whale",false,1
Qwen/Qwen2.5-Omni-7B,test_601,remove_4000-6000,Northern_Right_Whale,"Beluga, White Whale","Beluga,_White_Whale",false,1
Qwen/Qwen2.5-Omni-7B,test_601,remove_6000-8000,Northern_Right_Whale,"Beluga, White Whale","Beluga,_White_Whale",false,1
Qwen/Qwen2.5-Omni-7B,test_604,lp_0-2000,Northern_Right_Whale,"Beluga, White Whale","Beluga,_White_Whale",false,1
Qwen/Qwen2.5-Omni-7B,test_604,lp_0-4000,Northern_Right_Whale,"Beluga, White Whale","Beluga,_White_Whale",false,1
Qwen/Qwen2.5-Omni-7B,test_604,lp_0-6000,Northern_Right_Whale,"Beluga, White Whale","Beluga,_White_Whale",false,1
Qwen/Qwen2.5-Omni-7B,test_604,lp_0-8000,Northern_Right_Whale,"Beluga, White Whale","Beluga,_White_Whale",false,1
Qwen/Qwen2.5-Omni-7B,test_604,remove_0-1000,Northern_Right_Whale,False Killer Whale,False_Killer_Whale,false,1
Qwen/Qwen2.5-Omni-7B,test_604,remove_1000-2000,Northern_Right_Whale,"Beluga, White Whale","Beluga,_White_Whale",false,1
Qwen/Qwen2.5-Omni-7B,test_604,remove_2000-4000,Northern_Right_Whale,"Beluga, White Whale","Beluga,_White_Whale",false,1
Qwen/Qwen2.5-Omni-7B,test_604,remove_4000-6000,Northern_Right_Whale,"Beluga, White Whale","Beluga,_White_Whale",false,1
Qwen/Qwen2.5-Omni-7B,test_604,remove_6000-8000,Northern_Right_Whale,"Beluga, White Whale","Beluga,_White_Whale",false,1
Qwen/Qwen2.5-Omni-7B,test_608,lp_0-2000,Northern_Right_Whale,"Beluga, White Whale","Beluga,_White_Whale",false,1
Qwen/Qwen2.5-Omni-7B,test_608,lp_0-4000,Northern_Right_Whale,"Beluga, White Whale","Beluga,_White_Whale",false,1
Qwen/Qwen2.5-Omni-7B,test_608,lp_0-6000,Northern_Right_Whale,"Beluga, White Whale","Beluga,_White_Whale",false,1
Qwen/Qwen2.5-Omni-7B,test_608,lp_0-8000,Northern_Right_Whale,"Beluga, White Whale","Beluga,_White_Whale",false,1
Qwen/Qwen2.5-Omni-7B,test_608,remove_0-1000,Northern_Right_Whale,"Beluga, White Whale","Beluga,_White_Whale",false,1
Qwen/Qwen2.5-Omni-7B,test_608,remove_1000-2000,Northern_Right_Whale,"Beluga, White Whale","Beluga,_White_Whale",false,1
Qwen/Qwen2.5-Omni-7B,test_608,remove_2000-4000,Northern_Right_Whale,"Beluga, White Whale","Beluga,_White_Whale",false,1
Qwen/Qwen2.5-Omni-7B,test_608,remove_4000-6000,Northern_Right_Whale,"Beluga, White Whale","Beluga,_White_Whale",false,1
Qwen/Qwen2.5-Omni-7B,test_608,remove_6000-8000,Northern_Right_Whale,"Beluga, White Whale","Beluga,_White_Whale",false,1
Qwen/Qwen2.5-Omni-7B,test_614,lp_0-2000,Frasers_Dolphin,False Killer Whale,False_Killer_Whale,false,1
Qwen/Qwen2.5-Omni-7B,test_614,lp_0-4000,Frasers_Dolphin,"Beluga, White Whale","Beluga,_White_Whale",false,1
Qwen/Qwen2.5-Omni-7B,test_614,lp_0-6000,Frasers_Dolphin,Bottlenose Dolphin,Bottlenose_Dolphin,false,1
Qwen/Qwen2.5-Omni-7B,test_614,lp_0-8000,Frasers_Dolphin,Bottlenose Dolphin,Bottlenose_Dolphin,false,1
Qwen/Qwen2.5-Omni-7B,test_614,remove_0-1000,Frasers_Dolphin,False Killer Whale,False_Killer_Whale,false,1
Qwen/Qwen2.5-Omni-7B,test_614,remove_1000-2000,Frasers_Dolphin,False Killer Whale,False_Killer_Whale,false,1
Qwen/Qwen2.5-Omni-7B,test_614,remove_2000-4000,Frasers_Dolphin,False Killer Whale,False_Killer_Whale,false,1
Qwen/Qwen2.5-Omni-7B,test_614,remove_4000-6000,Frasers_Dolphin,False Killer Whale,False_Killer_Whale,false,1
Qwen/Qwen2.5-Omni-7B,test_614,remove_6000-8000,Frasers_Dolphin,False Killer Whale,False_Killer_Whale,false,1
Qwen/Qwen2.5-Omni-7B,test_623,lp_0-2000,Frasers_Dolphin,False Killer Whale,False_Killer_Whale,false,1
Qwen/Qwen2.5-Omni-7B,test_623,lp_0-4000,Frasers_Dolphin,"Beluga, White Whale","Beluga,_White_Whale",false,1
Qwen/Qwen2.5-Omni-7B,test_623,lp_0-6000,Frasers_Dolphin,"Beluga, White Whale","Beluga,_White_Whale",false,1
Qwen/Qwen2.5-Omni-7B,test_623,lp_0-8000,Frasers_Dolphin,"Beluga, White Whale","Beluga,_White_Whale",false,1
Qwen/Qwen2.5-Omni-7B,test_623,remove_0-1000,Frasers_Dolphin,False Killer Whale,False_Killer_Whale,false,1
Qwen/Qwen2.5-Omni-7B,test_623,remove_1000-2000,Frasers_Dolphin,False Killer Whale,False_Killer_Whale,false,1
Qwen/Qwen2.5-Omni-7B,test_623,remove_2000-4000,Frasers_Dolphin,False Killer Whale,False_Killer_Whale,false,1
Qwen/Qwen2.5-Omni-7B,test_623,remove_4000-6000,Frasers_Dolphin,"Beluga, White Whale","Beluga,_White_Whale",false,1
Qwen/Qwen2.5-Omni-7B,test_623,remove_6000-8000,Frasers_Dolphin,False Killer Whale,False_Killer_Whale,false,1
Qwen/Qwen2.5-Omni-7B,test_628,lp_0-2000,Frasers_Dolphin,"Beluga, White Whale","Beluga,_White_Whale",false,1
Qwen/Qwen2.5-Omni-7B,test_628,lp_0-4000,Frasers_Dolphin,Bottlenose Dolphin,Bottlenose_Dolphin,false,1
Qwen/Qwen2.5-Omni-7B,test_628,lp_0-6000,Frasers_Dolphin,"Beluga, White Whale","Beluga,_White_Whale",false,1
Qwen/Qwen2.5-Omni-7B,test_628,lp_0-8000,Frasers_Dolphin,"Beluga, White Whale","Beluga,_White_Whale",false,1
Qwen/Qwen2.5-Omni-7B,test_628,remove_0-1000,Frasers_Dolphin,"Beluga, White Whale","Beluga,_White_Whale",false,1
Qwen/Qwen2.5-Omni-7B,test_628,remove_1000-2000,Frasers_Dolphin,"Beluga, White Whale","Beluga,_White_Whale",false,1
Qwen/Qwen2.5-Omni-7B,test_628,remove_2000-4000,Frasers_Dolphin,"Beluga, White Whale","Beluga,_White_Whale",false,1
Qwen/Qwen2.5-Omni-7B,test_628,remove_4000-6000,Frasers_Dolphin,"Beluga, White Whale","Beluga,_White_Whale",false,1
Qwen/Qwen2.5-Omni-7B,test_628,remove_6000-8000,Frasers_Dolphin,"Beluga, White Whale","Beluga,_White_Whale",false,1
Qwen/Qwen2.5-Omni-7B,test_631,lp_0-2000,Frasers_Dolphin,"Beluga, White Whale","Beluga,_White_Whale",false,1
Qwen/Qwen2.5-Omni-7B,test_631,lp_0-4000,Frasers_Dolphin,"Beluga, White Whale","Beluga,_White_Whale",false,1
Qwen/Qwen2.5-Omni-7B,test_631,lp_0-6000,Frasers_Dolphin,"Beluga, White Whale","Beluga,_White_Whale",false,1
Qwen/Qwen2.5-Omni-7B,test_631,lp_0-8000,Frasers_Dolphin,False Killer Whale,False_Killer_Whale,false,1
Qwen/Qwen2.5-Omni-7B,test_631,remove_0-1000,Frasers_Dolphin,False Killer Whale,False_Killer_Whale,false,1
Qwen/Qwen2.5-Omni-7B,test_631,remove_1000-2000,Frasers_Dolphin,False Killer Whale,False_Killer_Whale,false,1
Qwen/Qwen2.5-Omni-7B,test_631,remove_2000-4000,Frasers_Dolphin,False Killer Whale,False_Killer_Whale,false,1
Qwen/Qwen2.5-Omni-7B,test_631,remove_4000-6000,Frasers_Dolphin,Bottlenose Dolphin,Bottlenose_Dolphin,false,1
Qwen/Qwen2.5-Omni-7B,test_631,remove_6000-8000,Frasers_Dolphin,"Beluga, White Whale","Beluga,_White_Whale",false,1
Qwen/Qwen2.5-Omni-7B,test_632,lp_0-2000,Frasers_Dolphin,"Beluga, White Whale","Beluga,_White_Whale",false,1
Qwen/Qwen2.5-Omni-7B,test_632,lp_0-4000,Frasers_Dolphin,"Beluga, White Whale","Beluga,_White_Whale",false,1
Qwen/Qwen2.5-Omni-7B,test_632,lp_0-6000,Frasers_Dolphin,"Beluga, White Whale","Beluga,_White_Whale",false,1
Qwen/Qwen2.5-Omni-7B,test_632,lp_0-8000,Frasers_Dolphin,False Killer Whale,False_Killer_Whale,false,1
Qwen/Qwen2.5-Omni-7B,test_632,remove_0-1000,Frasers_Dolphin,False Killer Whale,False_Killer_Whale,false,1
Qwen/Qwen2.5-Omni-7B,test_632,remove_1000-2000,Frasers_Dolphin,False Killer Whale,False_Killer_Whale,false,1
Qwen/Qwen2.5-Omni-7B,test_632,remove_2000-4000,Frasers_Dolphin,False Killer Whale,False_Killer_Whale,false,1
Qwen/Qwen2.5-Omni-7B,test_632,remove_4000-6000,Frasers_Dolphin,False Killer Whale,False_Killer_Whale,false,1
Qwen/Qwen2.5-Omni-7B,test_632,remove_6000-8000,Frasers_Dolphin,"Beluga, White Whale","Beluga,_White_Whale",false,1
Qwen/Qwen2.5-Omni-7B,test_635,lp_0-2000,Frasers_Dolphin,False Killer Whale,False_Killer_Whale,false,1
Qwen/Qwen2.5-Omni-7B,test_635,lp_0-4000,Frasers_Dolphin,False Killer Whale,False_Killer_Whale,false,1
Qwen/Qwen2.5-Omni-7B,test_635,lp_0-6000,Frasers_Dolphin,False Killer Whale,False_Killer_Whale,false,1
Qwen/Qwen2.5-Omni-7B,test_635,lp_0-8000,Frasers_Dolphin,False Killer Whale,False_Killer_Whale,false,1
Qwen/Qwen2.5-Omni-7B,test_635,remove_0-1000,Frasers_Dolphin,False Killer Whale,False_Killer_Whale,false,1
Qwen/Qwen2.5-Omni-7B,test_635,remove_1000-2000,Frasers_Dolphin,False Killer Whale,False_Killer_Whale,false,1
Qwen/Qwen2.5-Omni-7B,test_635,remove_2000-4000,Frasers_Dolphin,False Killer Whale,False_Killer_Whale,false,1
Qwen/Qwen2.5-Omni-7B,test_635,remove_4000-6000,Frasers_Dolphin,False Killer Whale,False_Killer_Whale,false,1
Qwen/Qwen2.5-Omni-7B,test_635,remove_6000-8000,Frasers_Dolphin,False Killer Whale,False_Killer_Whale,false,1
Qwen/Qwen2.5-Omni-7B,test_657,lp_0-2000,Frasers_Dolphin,False Killer Whale,False_Killer_Whale,false,1
Qwen/Qwen2.5-Omni-7B,test_657,lp_0-4000,Frasers_Dolphin,Bottlenose Dolphin,Bottlenose_Dolphin,false,1
Qwen/Qwen2.5-Omni-7B,test_657,lp_0-6000,Frasers_Dolphin,Bottlenose Dolphin,Bottlenose_Dolphin,false,1
Qwen/Qwen2.5-Omni-7B,test_657,lp_0-8000,Frasers_Dolphin,Bottlenose Dolphin,Bottlenose_Dolphin,false,1
Qwen/Qwen2.5-Omni-7B,test_657,remove_0-1000,Frasers_Dolphin,False Killer Whale,False_Killer_Whale,false,1
Qwen/Qwen2.5-Omni-7B,test_657,remove_1000-2000,Frasers_Dolphin,False Killer Whale,False_Killer_Whale,false,1
Qwen/Qwen2.5-Omni-7B,test_657,remove_2000-4000,Frasers_Dolphin,False Killer Whale,False_Killer_Whale,false,1
Qwen/Qwen2.5-Omni-7B,test_657,remove_4000-6000,Frasers_Dolphin,False Killer Whale,False_Killer_Whale,false,1
Qwen/Qwen2.5-Omni-7B,test_657,remove_6000-8000,Frasers_Dolphin,False Killer Whale,False_Killer_Whale,false,1
Qwen/Qwen2.5-Omni-7B,test_658,lp_0-2000,Frasers_Dolphin,"Beluga, White Whale","Beluga,_White_Whale",false,1
Qwen/Qwen2.5-Omni-7B,test_658,lp_0-4000,Frasers_Dolphin,"Beluga, White Whale","Beluga,_White_Whale",false,1
Qwen/Qwen2.5-Omni-7B,test_658,lp_0-6000,Frasers_Dolphin,"Beluga, White Whale","Beluga,_White_Whale",false,1
Qwen/Qwen2.5-Omni-7B,test_658,lp_0-8000,Frasers_Dolphin,"Beluga, White Whale","Beluga,_White_Whale",false,1
Qwen/Qwen2.5-Omni-7B,test_658,remove_0-1000,Frasers_Dolphin,"Beluga, White Whale","Beluga,_White_Whale",false,1
Qwen/Qwen2.5-Omni-7B,test_658,remove_1000-2000,Frasers_Dolphin,"Beluga, White Whale","Beluga,_White_Whale",false,1
Qwen/Qwen2.5-Omni-7B,test_658,remove_2000-4000,Frasers_Dolphin,"Beluga, White Whale","Beluga,_White_Whale",false,1
Qwen/Qwen2.5-Omni-7B,test_658,remove_4000-6000,Frasers_Dolphin,"Beluga, White Whale","Beluga,_White_Whale",false,1
Qwen/Qwen2.5-Omni-7B,test_658,remove_6000-8000,Frasers_Dolphin,"Beluga, White Whale","Beluga,_White_Whale",false,1
Qwen/Qwen2.5-Omni-7B,test_660,lp_0-2000,Frasers_Dolphin,False Killer Whale,False_Killer_Whale,false,1
Qwen/Qwen2.5-Omni-7B,test_660,lp_0-4000,Frasers_Dolphin,False Killer Whale,False_Killer_Whale,false,1
Qwen/Qwen2.5-Omni-7B,test_660,lp_0-6000,Frasers_Dolphin,False Killer Whale,False_Killer_Whale,false,1
Qwen/Qwen2.5-Omni-7B,test_660,lp_0-8000,Frasers_Dolphin,False Killer Whale,False_Killer_Whale,false,1
Qwen/Qwen2.5-Omni-7B,test_660,remove_0-1000,Frasers_Dolphin,False Killer Whale,False_Killer_Whale,false,1
Qwen/Qwen2.5-Omni-7B,test_660,remove_1000-2000,Frasers_Dolphin,False Killer Whale,False_Killer_Whale,false,1
Qwen/Qwen2.5-Omni-7B,test_660,remove_2000-4000,Frasers_Dolphin,False Killer Whale,False_Killer_Whale,false,1
Qwen/Qwen2.5-Omni-7B,test_660,remove_4000-6000,Frasers_Dolphin,False Killer Whale,False_Killer_Whale,false,1
Qwen/Qwen2.5-Omni-7B,test_660,remove_6000-8000,Frasers_Dolphin,False Killer Whale,False_Killer_Whale,false,1
Qwen/Qwen2.5-Omni-7B,test_664,lp_0-2000,Frasers_Dolphin,"Beluga, White Whale","Beluga,_White_Whale",false,1
Qwen/Qwen2.5-Omni-7B,test_664,lp_0-4000,Frasers_Dolphin,"Beluga, White Whale","Beluga,_White_Whale",false,1
Qwen/Qwen2.5-Omni-7B,test_664,lp_0-6000,Frasers_Dolphin,"Beluga, White Whale","Beluga,_White_Whale",false,1
Qwen/Qwen2.5-Omni-7B,test_664,lp_0-8000,Frasers_Dolphin,"Beluga, White Whale","Beluga,_White_Whale",false,1
Qwen/Qwen2.5-Omni-7B,test_664,remove_0-1000,Frasers_Dolphin,False Killer Whale,False_Killer_Whale,false,1
Qwen/Qwen2.5-Omni-7B,test_664,remove_1000-2000,Frasers_Dolphin,False Killer Whale,False_Killer_Whale,false,1
Qwen/Qwen2.5-Omni-7B,test_664,remove_2000-4000,Frasers_Dolphin,False Killer Whale,False_Killer_Whale,false,1
Qwen/Qwen2.5-Omni-7B,test_664,remove_4000-6000,Frasers_Dolphin,"Beluga, White Whale","Beluga,_White_Whale",false,1
Qwen/Qwen2.5-Omni-7B,test_664,remove_6000-8000,Frasers_Dolphin,"Beluga, White Whale","Beluga,_White_Whale",false,1
Qwen/Qwen2.5-Omni-7B,test_666,lp_0-2000,Frasers_Dolphin,False Killer Whale,False_Killer_Whale,false,1
Qwen/Qwen2.5-Omni-7B,test_666,lp_0-4000,Frasers_Dolphin,"Beluga, White Whale","Beluga,_White_Whale",false,1
Qwen/Qwen2.5-Omni-7B,test_666,lp_0-6000,Frasers_Dolphin,"Beluga, White Whale","Beluga,_White_Whale",false,1
Qwen/Qwen2.5-Omni-7B,test_666,lp_0-8000,Frasers_Dolphin,False Killer Whale,False_Killer_Whale,false,1
Qwen/Qwen2.5-Omni-7B,test_666,remove_0-1000,Frasers_Dolphin,False Killer Whale,False_Killer_Whale,false,1
Qwen/Qwen2.5-Omni-7B,test_666,remove_1000-2000,Frasers_Dolphin,False Killer Whale,False_Killer_Whale,false,1
Qwen/Qwen2.5-Omni-7B,test_666,remove_2000-4000,Frasers_Dolphin,False Killer Whale,False_Killer_Whale,false,1
Qwen/Qwen2.5-Omni-7B,test_666,remove_4000-6000,Frasers_Dolphin,False Killer Whale,False_Killer_Whale,false,1
Qwen/Qwen2.5-Omni-7B,test_666,remove_6000-8000,Frasers_Dolphin,False Killer Whale,False_Killer_Whale,false,1
Qwen/Qwen2.5-Omni-7B,test_670,lp_0-2000,Frasers_Dolphin,False Killer Whale,False_Killer_Whale,false,1
Qwen/Qwen2.5-Omni-7B,test_670,lp_0-4000,Frasers_Dolphin,False Killer Whale,False_Killer_Whale,false,1
Qwen/Qwen2.5-Omni-7B,test_670,lp_0-6000,Frasers_Dolphin,False Killer Whale,False_Killer_Whale,false,1
Qwen/Qwen2.5-Omni-7B,test_670,lp_0-8000,Frasers_Dolphin,False Killer Whale,False_Killer_Whale,false,1
Qwen/Qwen2.5-Omni-7B,test_670,remove_0-1000,Frasers_Dolphin,False Killer Whale,False_Killer_Whale,false,1
Qwen/Qwen2.5-Omni-7B,test_670,remove_1000-2000,Frasers_Dolphin,False Killer Whale,False_Killer_Whale,false,1
Qwen/Qwen2.5-Omni-7B,test_670,remove_2000-4000,Frasers_Dolphin,False Killer Whale,False_Killer_Whale,false,1
Qwen/Qwen2.5-Omni-7B,test_670,remove_4000-6000,Frasers_Dolphin,False Killer Whale,False_Killer_Whale,false,1
Qwen/Qwen2.5-Omni-7B,test_670,remove_6000-8000,Frasers_Dolphin,False Killer Whale,False_Killer_Whale,false,1
Qwen/Qwen2.5-Omni-7B,test_672,lp_0-2000,Frasers_Dolphin,False Killer Whale,False_Killer_Whale,false,1
Qwen/Qwen2.5-Omni-7B,test_672,lp_0-4000,Frasers_Dolphin,False Killer Whale,False_Killer_Whale,false,1
Qwen/Qwen2.5-Omni-7B,test_672,lp_0-6000,Frasers_Dolphin,False Killer Whale,False_Killer_Whale,false,1
Qwen/Qwen2.5-Omni-7B,test_672,lp_0-8000,Frasers_Dolphin,False Killer Whale,False_Killer_Whale,false,1
Qwen/Qwen2.5-Omni-7B,test_672,remove_0-1000,Frasers_Dolphin,False Killer Whale,False_Killer_Whale,false,1
Qwen/Qwen2.5-Omni-7B,test_672,remove_1000-2000,Frasers_Dolphin,False Killer Whale,False_Killer_Whale,false,1
Qwen/Qwen2.5-Omni-7B,test_672,remove_2000-4000,Frasers_Dolphin,False Killer Whale,False_Killer_Whale,false,1
Qwen/Qwen2.5-Omni-7B,test_672,remove_4000-6000,Frasers_Dolphin,False Killer Whale,False_Killer_Whale,false,1
Qwen/Qwen2.5-Omni-7B,test_672,remove_6000-8000,Frasers_Dolphin,False Killer Whale,False_Killer_Whale,false,1
Qwen/Qwen2.5-Omni-7B,test_675,lp_0-2000,Frasers_Dolphin,"Beluga, White Whale","Beluga,_White_Whale",false,1
Qwen/Qwen2.5-Omni-7B,test_675,lp_0-4000,Frasers_Dolphin,"Beluga, White Whale","Beluga,_White_Whale",false,1
Qwen/Qwen2.5-Omni-7B,test_675,lp_0-6000,Frasers_Dolphin,"Beluga, White Whale","Beluga,_White_Whale",false,1
Qwen/Qwen2.5-Omni-7B,test_675,lp_0-8000,Frasers_Dolphin,"Beluga, White Whale","Beluga,_White_Whale",false,1
Qwen/Qwen2.5-Omni-7B,test_675,remove_0-1000,Frasers_Dolphin,False Killer Whale,False_Killer_Whale,false,1
Qwen/Qwen2.5-Omni-7B,test_675,remove_1000-2000,Frasers_Dolphin,False Killer Whale,False_Killer_Whale,false,1
Qwen/Qwen2.5-Omni-7B,test_675,remove_2000-4000,Frasers_Dolphin,False Killer Whale,False_Killer_Whale,false,1
Qwen/Qwen2.5-Omni-7B,test_675,remove_4000-6000,Frasers_Dolphin,False Killer Whale,False_Killer_Whale,false,1
Qwen/Qwen2.5-Omni-7B,test_675,remove_6000-8000,Frasers_Dolphin,False Killer Whale,False_Killer_Whale,false,1
Qwen/Qwen2.5-Omni-7B,test_679,lp_0-2000,Frasers_Dolphin,False Killer Whale,False_Killer_Whale,false,1
Qwen/Qwen2.5-Omni-7B,test_679,lp_0-4000,Frasers_Dolphin,False Killer Whale,False_Killer_Whale,false,1
Qwen/Qwen2.5-Omni-7B,test_679,lp_0-6000,Frasers_Dolphin,False Killer Whale,False_Killer_Whale,false,1
Qwen/Qwen2.5-Omni-7B,test_679,lp_0-8000,Frasers_Dolphin,False Killer Whale,False_Killer_Whale,false,1
Qwen/Qwen2.5-Omni-7B,test_679,remove_0-1000,Frasers_Dolphin,False Killer Whale,False_Killer_Whale,false,1
Qwen/Qwen2.5-Omni-7B,test_679,remove_1000-2000,Frasers_Dolphin,False Killer Whale,False_Killer_Whale,false,1
Qwen/Qwen2.5-Omni-7B,test_679,remove_2000-4000,Frasers_Dolphin,False Killer Whale,False_Killer_Whale,false,1
Qwen/Qwen2.5-Omni-7B,test_679,remove_4000-6000,Frasers_Dolphin,False Killer Whale,False_Killer_Whale,false,1
Qwen/Qwen2.5-Omni-7B,test_679,remove_6000-8000,Frasers_Dolphin,False Killer Whale,False_Killer_Whale,false,1
Qwen/Qwen2.5-Omni-7B,test_691,lp_0-2000,Frasers_Dolphin,"Beluga, White Whale","Beluga,_White_Whale",false,1
Qwen/Qwen2.5-Omni-7B,test_691,lp_0-4000,Frasers_Dolphin,"Beluga, White Whale","Beluga,_White_Whale",false,1
Qwen/Qwen2.5-Omni-7B,test_691,lp_0-6000,Frasers_Dolphin,"Beluga, White Whale","Beluga,_White_Whale",false,1
Qwen/Qwen2.5-Omni-7B,test_691,lp_0-8000,Frasers_Dolphin,Bottlenose Dolphin,Bottlenose_Dolphin,false,1
Qwen/Qwen2.5-Omni-7B,test_691,remove_0-1000,Frasers_Dolphin,False Killer Whale,False_Killer_Whale,false,1
Qwen/Qwen2.5-Omni-7B,test_691,remove_1000-2000,Frasers_Dolphin,False Killer Whale,False_Killer_Whale,false,1
Qwen/Qwen2.5-Omni-7B,test_691,remove_2000-4000,Frasers_Dolphin,False Killer Whale,False_Killer_Whale,false,1
Qwen/Qwen2.5-Omni-7B,test_691,remove_4000-6000,Frasers_Dolphin,"Beluga, White Whale","Beluga,_White_Whale",false,1
Qwen/Qwen2.5-Omni-7B,test_691,remove_6000-8000,Frasers_Dolphin,False Killer Whale,False_Killer_Whale,false,1
Qwen/Qwen2.5-Omni-7B,test_693,lp_0-2000,Frasers_Dolphin,"Beluga, White Whale","Beluga,_White_Whale",false,1
Qwen/Qwen2.5-Omni-7B,test_693,lp_0-4000,Frasers_Dolphin,"Beluga, White Whale","Beluga,_White_Whale",false,1
Qwen/Qwen2.5-Omni-7B,test_693,lp_0-6000,Frasers_Dolphin,"Beluga, White Whale","Beluga,_White_Whale",false,1
Qwen/Qwen2.5-Omni-7B,test_693,lp_0-8000,Frasers_Dolphin,"Beluga, White Whale","Beluga,_White_Whale",false,1
Qwen/Qwen2.5-Omni-7B,test_693,remove_0-1000,Frasers_Dolphin,Bottlenose Dolphin,Bottlenose_Dolphin,false,1
Qwen/Qwen2.5-Omni-7B,test_693,remove_1000-2000,Frasers_Dolphin,Bottlenose Dolphin,Bottlenose_Dolphin,false,1
Qwen/Qwen2.5-Omni-7B,test_693,remove_2000-4000,Frasers_Dolphin,False Killer Whale,False_Killer_Whale,false,1
Qwen/Qwen2.5-Omni-7B,test_693,remove_4000-6000,Frasers_Dolphin,"Beluga, White Whale","Beluga,_White_Whale",false,1
Qwen/Qwen2.5-Omni-7B,test_693,remove_6000-8000,Frasers_Dolphin,"Beluga, White Whale","Beluga,_White_Whale",false,1
Qwen/Qwen2.5-Omni-7B,test_700,lp_0-2000,"Grampus,_Rissos_Dolphin",False Killer Whale,False_Killer_Whale,false,1
Qwen/Qwen2.5-Omni-7B,test_700,lp_0-4000,"Grampus,_Rissos_Dolphin",False Killer Whale,False_Killer_Whale,false,1
Qwen/Qwen2.5-Omni-7B,test_700,lp_0-6000,"Grampus,_Rissos_Dolphin",False Killer Whale,False_Killer_Whale,false,1
Qwen/Qwen2.5-Omni-7B,test_700,lp_0-8000,"Grampus,_Rissos_Dolphin",False Killer Whale,False_Killer_Whale,false,1
Qwen/Qwen2.5-Omni-7B,test_700,remove_0-1000,"Grampus,_Rissos_Dolphin",False Killer Whale,False_Killer_Whale,false,1
Qwen/Qwen2.5-Omni-7B,test_700,remove_1000-2000,"Grampus,_Rissos_Dolphin",False Killer Whale,False_Killer_Whale,false,1
Qwen/Qwen2.5-Omni-7B,test_700,remove_2000-4000,"Grampus,_Rissos_Dolphin",False Killer Whale,False_Killer_Whale,false,1
Qwen/Qwen2.5-Omni-7B,test_700,remove_4000-6000,"Grampus,_Rissos_Dolphin",False Killer Whale,False_Killer_Whale,false,1
Qwen/Qwen2.5-Omni-7B,test_700,remove_6000-8000,"Grampus,_Rissos_Dolphin",False Killer Whale,False_Killer_Whale,false,1
Qwen/Qwen2.5-Omni-7B,test_719,lp_0-2000,"Grampus,_Rissos_Dolphin",False Killer Whale,False_Killer_Whale,false,1
Qwen/Qwen2.5-Omni-7B,test_719,lp_0-4000,"Grampus,_Rissos_Dolphin",False Killer Whale,False_Killer_Whale,false,1
Qwen/Qwen2.5-Omni-7B,test_719,lp_0-6000,"Grampus,_Rissos_Dolphin",False Killer Whale,False_Killer_Whale,false,1
Qwen/Qwen2.5-Omni-7B,test_719,lp_0-8000,"Grampus,_Rissos_Dolphin",False Killer Whale,False_Killer_Whale,false,1
Qwen/Qwen2.5-Omni-7B,test_719,remove_0-1000,"Grampus,_Rissos_Dolphin",False Killer Whale,False_Killer_Whale,false,1
Qwen/Qwen2.5-Omni-7B,test_719,remove_1000-2000,"Grampus,_Rissos_Dolphin",False Killer Whale,False_Killer_Whale,false,1
Qwen/Qwen2.5-Omni-7B,test_719,remove_2000-4000,"Grampus,_Rissos_Dolphin",False Killer Whale,False_Killer_Whale,false,1
Qwen/Qwen2.5-Omni-7B,test_719,remove_4000-6000,"Grampus,_Rissos_Dolphin",False Killer Whale,False_Killer_Whale,false,1
Qwen/Qwen2.5-Omni-7B,test_719,remove_6000-8000,"Grampus,_Rissos_Dolphin",False Killer Whale,False_Killer_Whale,false,1
Qwen/Qwen2.5-Omni-7B,test_721,lp_0-2000,"Grampus,_Rissos_Dolphin","Beluga, White Whale","Beluga,_White_Whale",false,1
Qwen/Qwen2.5-Omni-7B,test_721,lp_0-4000,"Grampus,_Rissos_Dolphin","Beluga, White Whale","Beluga,_White_Whale",false,1
Qwen/Qwen2.5-Omni-7B,test_721,lp_0-6000,"Grampus,_Rissos_Dolphin","Beluga, White Whale","Beluga,_White_Whale",false,1
Qwen/Qwen2.5-Omni-7B,test_721,lp_0-8000,"Grampus,_Rissos_Dolphin","Beluga, White Whale","Beluga,_White_Whale",false,1
Qwen/Qwen2.5-Omni-7B,test_721,remove_0-1000,"Grampus,_Rissos_Dolphin",False Killer Whale,False_Killer_Whale,false,1
Qwen/Qwen2.5-Omni-7B,test_721,remove_1000-2000,"Grampus,_Rissos_Dolphin",False Killer Whale,False_Killer_Whale,false,1
Qwen/Qwen2.5-Omni-7B,test_721,remove_2000-4000,"Grampus,_Rissos_Dolphin",False Killer Whale,False_Killer_Whale,false,1
Qwen/Qwen2.5-Omni-7B,test_721,remove_4000-6000,"Grampus,_Rissos_Dolphin",False Killer Whale,False_Killer_Whale,false,1
Qwen/Qwen2.5-Omni-7B,test_721,remove_6000-8000,"Grampus,_Rissos_Dolphin","Beluga, White Whale","Beluga,_White_Whale",false,1
Qwen/Qwen2.5-Omni-7B,test_723,lp_0-2000,"Grampus,_Rissos_Dolphin",False Killer Whale,False_Killer_Whale,false,1
Qwen/Qwen2.5-Omni-7B,test_723,lp_0-4000,"Grampus,_Rissos_Dolphin",False Killer Whale,False_Killer_Whale,false,1
Qwen/Qwen2.5-Omni-7B,test_723,lp_0-6000,"Grampus,_Rissos_Dolphin",False Killer Whale,False_Killer_Whale,false,1
Qwen/Qwen2.5-Omni-7B,test_723,lp_0-8000,"Grampus,_Rissos_Dolphin",Bottlenose Dolphin,Bottlenose_Dolphin,false,1
Qwen/Qwen2.5-Omni-7B,test_723,remove_0-1000,"Grampus,_Rissos_Dolphin",False Killer Whale,False_Killer_Whale,false,1
Qwen/Qwen2.5-Omni-7B,test_723,remove_1000-2000,"Grampus,_Rissos_Dolphin",False Killer Whale,False_Killer_Whale,false,1
Qwen/Qwen2.5-Omni-7B,test_723,remove_2000-4000,"Grampus,_Rissos_Dolphin",False Killer Whale,False_Killer_Whale,false,1
Qwen/Qwen2.5-Omni-7B,test_723,remove_4000-6000,"Grampus,_Rissos_Dolphin",False Killer Whale,False_Killer_Whale,false,1
Qwen/Qwen2.5-Omni-7B,test_723,remove_6000-8000,"Grampus,_Rissos_Dolphin",False Killer Whale,False_Killer_Whale,false,1
Qwen/Qwen2.5-Omni-7B,test_727,lp_0-2000,"Grampus,_Rissos_Dolphin",False Killer Whale,False_Killer_Whale,false,1
Qwen/Qwen2.5-Omni-7B,test_727,lp_0-4000,"Grampus,_Rissos_Dolphin",False Killer Whale,False_Killer_Whale,false,1
Qwen/Qwen2.5-Omni-7B,test_727,lp_0-6000,"Grampus,_Rissos_Dolphin",False Killer Whale,False_Killer_Whale,false,1
Qwen/Qwen2.5-Omni-7B,test_727,lp_0-8000,"Grampus,_Rissos_Dolphin",False Killer Whale,False_Killer_Whale,false,1
Qwen/Qwen2.5-Omni-7B,test_727,remove_0-1000,"Grampus,_Rissos_Dolphin",False Killer Whale,False_Killer_Whale,false,1
Qwen/Qwen2.5-Omni-7B,test_727,remove_1000-2000,"Grampus,_Rissos_Dolphin",False Killer Whale,False_Killer_Whale,false,1
Qwen/Qwen2.5-Omni-7B,test_727,remove_2000-4000,"Grampus,_Rissos_Dolphin",False Killer Whale,False_Killer_Whale,false,1
Qwen/Qwen2.5-Omni-7B,test_727,remove_4000-6000,"Grampus,_Rissos_Dolphin",False Killer Whale,False_Killer_Whale,false,1
Qwen/Qwen2.5-Omni-7B,test_727,remove_6000-8000,"Grampus,_Rissos_Dolphin",False Killer Whale,False_Killer_Whale,false,1
Qwen/Qwen2.5-Omni-7B,test_733,lp_0-2000,"Grampus,_Rissos_Dolphin",False Killer Whale,False_Killer_Whale,false,1
Qwen/Qwen2.5-Omni-7B,test_733,lp_0-4000,"Grampus,_Rissos_Dolphin",False Killer Whale,False_Killer_Whale,false,1
Qwen/Qwen2.5-Omni-7B,test_733,lp_0-6000,"Grampus,_Rissos_Dolphin",False Killer Whale,False_Killer_Whale,false,1
Qwen/Qwen2.5-Omni-7B,test_733,lp_0-8000,"Grampus,_Rissos_Dolphin",False Killer Whale,False_Killer_Whale,false,1
Qwen/Qwen2.5-Omni-7B,test_733,remove_0-1000,"Grampus,_Rissos_Dolphin",False Killer Whale,False_Killer_Whale,false,1
Qwen/Qwen2.5-Omni-7B,test_733,remove_1000-2000,"Grampus,_Rissos_Dolphin",False Killer Whale,False_Killer_Whale,false,1
Qwen/Qwen2.5-Omni-7B,test_733,remove_2000-4000,"Grampus,_Rissos_Dolphin",False Killer Whale,False_Killer_Whale,false,1
Qwen/Qwen2.5-Omni-7B,test_733,remove_4000-6000,"Grampus,_Rissos_Dolphin",False Killer Whale,False_Killer_Whale,false,1
Qwen/Qwen2.5-Omni-7B,test_733,remove_6000-8000,"Grampus,_Rissos_Dolphin",False Killer Whale,False_Killer_Whale,false,1
Qwen/Qwen2.5-Omni-7B,test_742,lp_0-2000,"Grampus,_Rissos_Dolphin","Beluga, White Whale","Beluga,_White_Whale",false,1
Qwen/Qwen2.5-Omni-7B,test_742,lp_0-4000,"Grampus,_Rissos_Dolphin",False Killer Whale,False_Killer_Whale,false,1
Qwen/Qwen2.5-Omni-7B,test_742,lp_0-6000,"Grampus,_Rissos_Dolphin",False Killer Whale,False_Killer_Whale,false,1
Qwen/Qwen2.5-Omni-7B,test_742,lp_0-8000,"Grampus,_Rissos_Dolphin","Beluga, White Whale","Beluga,_White_Whale",false,1
Qwen/Qwen2.5-Omni-7B,test_742,remove_0-1000,"Grampus,_Rissos_Dolphin",False Killer Whale,False_Killer_Whale,false,1
Qwen/Qwen2.5-Omni-7B,test_742,remove_1000-2000,"Grampus,_Rissos_Dolphin",False Killer Whale,False_Killer_Whale,false,1
Qwen/Qwen2.5-Omni-7B,test_742,remove_2000-4000,"Grampus,_Rissos_Dolphin",False Killer Whale,False_Killer_Whale,false,1
Qwen/Qwen2.5-Omni-7B,test_742,remove_4000-6000,"Grampus,_Rissos_Dolphin",False Killer Whale,False_Killer_Whale,false,1
Qwen/Qwen2.5-Omni-7B,test_742,remove_6000-8000,"Grampus,_Rissos_Dolphin",False Killer Whale,False_Killer_Whale,false,1
Qwen/Qwen2.5-Omni-7B,test_743,lp_0-2000,"Grampus,_Rissos_Dolphin",False Killer Whale,False_Killer_Whale,false,1
Qwen/Qwen2.5-Omni-7B,test_743,lp_0-4000,"Grampus,_Rissos_Dolphin","Beluga, White Whale","Beluga,_White_Whale",false,1
Qwen/Qwen2.5-Omni-7B,test_743,lp_0-6000,"Grampus,_Rissos_Dolphin","Beluga, White Whale","Beluga,_White_Whale",false,1
Qwen/Qwen2.5-Omni-7B,test_743,lp_0-8000,"Grampus,_Rissos_Dolphin","Beluga, White Whale","Beluga,_White_Whale",false,1
Qwen/Qwen2.5-Omni-7B,test_743,remove_0-1000,"Grampus,_Rissos_Dolphin",Bottlenose Dolphin,Bottlenose_Dolphin,false,1
Qwen/Qwen2.5-Omni-7B,test_743,remove_1000-2000,"Grampus,_Rissos_Dolphin","Beluga, White Whale","Beluga,_White_Whale",false,1
Qwen/Qwen2.5-Omni-7B,test_743,remove_2000-4000,"Grampus,_Rissos_Dolphin",False Killer Whale,False_Killer_Whale,false,1
Qwen/Qwen2.5-Omni-7B,test_743,remove_4000-6000,"Grampus,_Rissos_Dolphin","Beluga, White Whale","Beluga,_White_Whale",false,1
Qwen/Qwen2.5-Omni-7B,test_743,remove_6000-8000,"Grampus,_Rissos_Dolphin","Beluga, White Whale","Beluga,_White_Whale",false,1
Qwen/Qwen2.5-Omni-7B,test_744,lp_0-2000,"Grampus,_Rissos_Dolphin",False Killer Whale,False_Killer_Whale,false,1
Qwen/Qwen2.5-Omni-7B,test_744,lp_0-4000,"Grampus,_Rissos_Dolphin",False Killer Whale,False_Killer_Whale,false,1
Qwen/Qwen2.5-Omni-7B,test_744,lp_0-6000,"Grampus,_Rissos_Dolphin",False Killer Whale,False_Killer_Whale,false,1
Qwen/Qwen2.5-Omni-7B,test_744,lp_0-8000,"Grampus,_Rissos_Dolphin",False Killer Whale,False_Killer_Whale,false,1
Qwen/Qwen2.5-Omni-7B,test_744,remove_0-1000,"Grampus,_Rissos_Dolphin",False Killer Whale,False_Killer_Whale,false,1
Qwen/Qwen2.5-Omni-7B,test_744,remove_1000-2000,"Grampus,_Rissos_Dolphin",False Killer Whale,False_Killer_Whale,false,1
Qwen/Qwen2.5-Omni-7B,test_744,remove_2000-4000,"Grampus,_Rissos_Dolphin",False Killer Whale,False_Killer_Whale,false,1
Qwen/Qwen2.5-Omni-7B,test_744,remove_4000-6000,"Grampus,_Rissos_Dolphin",False Killer Whale,False_Killer_Whale,false,1
Qwen/Qwen2.5-Omni-7B,test_744,remove_6000-8000,"Grampus,_Rissos_Dolphin",False Killer Whale,False_Killer_Whale,false,1
Qwen/Qwen2.5-Omni-7B,test_748,lp_0-2000,"Grampus,_Rissos_Dolphin",False Killer Whale,False_Killer_Whale,false,1
Qwen/Qwen2.5-Omni-7B,test_748,lp_0-4000,"Grampus,_Rissos_Dolphin",False Killer Whale,False_Killer_Whale,false,1
Qwen/Qwen2.5-Omni-7B,test_748,lp_0-6000,"Grampus,_Rissos_Dolphin",False Killer Whale,False_Killer_Whale,false,1
Qwen/Qwen2.5-Omni-7B,test_748,lp_0-8000,"Grampus,_Rissos_Dolphin",False Killer Whale,False_Killer_Whale,false,1
Qwen/Qwen2.5-Omni-7B,test_748,remove_0-1000,"Grampus,_Rissos_Dolphin",False Killer Whale,False_Killer_Whale,false,1
Qwen/Qwen2.5-Omni-7B,test_748,remove_1000-2000,"Grampus,_Rissos_Dolphin",False Killer Whale,False_Killer_Whale,false,1
Qwen/Qwen2.5-Omni-7B,test_748,remove_2000-4000,"Grampus,_Rissos_Dolphin",False Killer Whale,False_Killer_Whale,false,1
Qwen/Qwen2.5-Omni-7B,test_748,remove_4000-6000,"Grampus,_Rissos_Dolphin",False Killer Whale,False_Killer_Whale,false,1
Qwen/Qwen2.5-Omni-7B,test_748,remove_6000-8000,"Grampus,_Rissos_Dolphin",False Killer Whale,False_Killer_Whale,false,1
Qwen/Qwen2.5-Omni-7B,test_749,lp_0-2000,"Grampus,_Rissos_Dolphin",False Killer Whale,False_Killer_Whale,false,1
Qwen/Qwen2.5-Omni-7B,test_749,lp_0-4000,"Grampus,_Rissos_Dolphin",False Killer Whale,False_Killer_Whale,false,1
Qwen/Qwen2.5-Omni-7B,test_749,lp_0-6000,"Grampus,_Rissos_Dolphin",False Killer Whale,False_Killer_Whale,false,1
Qwen/Qwen2.5-Omni-7B,test_749,lp_0-8000,"Grampus,_Rissos_Dolphin",False Killer Whale,False_Killer_Whale,false,1
Qwen/Qwen2.5-Omni-7B,test_749,remove_0-1000,"Grampus,_Rissos_Dolphin",False Killer Whale,False_Killer_Whale,false,1
Qwen/Qwen2.5-Omni-7B,test_749,remove_1000-2000,"Grampus,_Rissos_Dolphin",False Killer Whale,False_Killer_Whale,false,1
Qwen/Qwen2.5-Omni-7B,test_749,remove_2000-4000,"Grampus,_Rissos_Dolphin",False Killer Whale,False_Killer_Whale,false,1
Qwen/Qwen2.5-Omni-7B,test_749,remove_4000-6000,"Grampus,_Rissos_Dolphin",False Killer Whale,False_Killer_Whale,false,1
Qwen/Qwen2.5-Omni-7B,test_749,remove_6000-8000,"Grampus,_Rissos_Dolphin",False Killer Whale,False_Killer_Whale,false,1
Qwen/Qwen2.5-Omni-7B,test_756,lp_0-2000,"Grampus,_Rissos_Dolphin",Humpback Whale,Humpback_Whale,false,1
Qwen/Qwen2.5-Omni-7B,test_756,lp_0-4000,"Grampus,_Rissos_Dolphin","Beluga, White Whale","Beluga,_White_Whale",false,1
Qwen/Qwen2.5-Omni-7B,test_756,lp_0-6000,"Grampus,_Rissos_Dolphin","Beluga, White Whale","Beluga,_White_Whale",false,1
Qwen/Qwen2.5-Omni-7B,test_756,lp_0-8000,"Grampus,_Rissos_Dolphin",Bottlenose Dolphin,Bottlenose_Dolphin,false,1
Qwen/Qwen2.5-Omni-7B,test_756,remove_0-1000,"Grampus,_Rissos_Dolphin",False Killer Whale,False_Killer_Whale,false,1
Qwen/Qwen2.5-Omni-7B,test_756,remove_1000-2000,"Grampus,_Rissos_Dolphin",False Killer Whale,False_Killer_Whale,false,1
Qwen/Qwen2.5-Omni-7B,test_756,remove_2000-4000,"Grampus,_Rissos_Dolphin","Beluga, White Whale","Beluga,_White_Whale",false,1
Qwen/Qwen2.5-Omni-7B,test_756,remove_4000-6000,"Grampus,_Rissos_Dolphin","Beluga, White Whale","Beluga,_White_Whale",false,1
Qwen/Qwen2.5-Omni-7B,test_756,remove_6000-8000,"Grampus,_Rissos_Dolphin","Beluga, White Whale","Beluga,_White_Whale",false,1
Qwen/Qwen2.5-Omni-7B,test_759,lp_0-2000,"Grampus,_Rissos_Dolphin",False Killer Whale,False_Killer_Whale,false,1
Qwen/Qwen2.5-Omni-7B,test_759,lp_0-4000,"Grampus,_Rissos_Dolphin",Bottlenose Dolphin,Bottlenose_Dolphin,false,1
Qwen/Qwen2.5-Omni-7B,test_759,lp_0-6000,"Grampus,_Rissos_Dolphin",Bottlenose Dolphin,Bottlenose_Dolphin,false,1
Qwen/Qwen2.5-Omni-7B,test_759,lp_0-8000,"Grampus,_Rissos_Dolphin",Bottlenose Dolphin,Bottlenose_Dolphin,false,1
Qwen/Qwen2.5-Omni-7B,test_759,remove_0-1000,"Grampus,_Rissos_Dolphin",False Killer Whale,False_Killer_Whale,false,1
Qwen/Qwen2.5-Omni-7B,test_759,remove_1000-2000,"Grampus,_Rissos_Dolphin",False Killer Whale,False_Killer_Whale,false,1
Qwen/Qwen2.5-Omni-7B,test_759,remove_2000-4000,"Grampus,_Rissos_Dolphin",False Killer Whale,False_Killer_Whale,false,1
Qwen/Qwen2.5-Omni-7B,test_759,remove_4000-6000,"Grampus,_Rissos_Dolphin",Bottlenose Dolphin,Bottlenose_Dolphin,false,1
Qwen/Qwen2.5-Omni-7B,test_759,remove_6000-8000,"Grampus,_Rissos_Dolphin","Beluga, White Whale","Beluga,_White_Whale",false,1
Qwen/Qwen2.5-Omni-7B,test_761,lp_0-2000,"Grampus,_Rissos_Dolphin","Beluga, White Whale","Beluga,_White_Whale",false,1
Qwen/Qwen2.5-Omni-7B,test_761,lp_0-4000,"Grampus,_Rissos_Dolphin",False Killer Whale,False_Killer_Whale,false,1
Qwen/Qwen2.5-Omni-7B,test_761,lp_0-6000,"Grampus,_Rissos_Dolphin",False Killer Whale,False_Killer_Whale,false,1
Qwen/Qwen2.5-Omni-7B,test_761,lp_0-8000,"Grampus,_Rissos_Dolphin",False Killer Whale,False_Killer_Whale,false,1
Qwen/Qwen2.5-Omni-7B,test_761,remove_0-1000,"Grampus,_Rissos_Dolphin",False Killer Whale,False_Killer_Whale,false,1
Qwen/Qwen2.5-Omni-7B,test_761,remove_1000-2000,"Grampus,_Rissos_Dolphin",False Killer Whale,False_Killer_Whale,false,1
Qwen/Qwen2.5-Omni-7B,test_761,remove_2000-4000,"Grampus,_Rissos_Dolphin","Beluga, White Whale","Beluga,_White_Whale",false,1
Qwen/Qwen2.5-Omni-7B,test_761,remove_4000-6000,"Grampus,_Rissos_Dolphin",False Killer Whale,False_Killer_Whale,false,1
Qwen/Qwen2.5-Omni-7B,test_761,remove_6000-8000,"Grampus,_Rissos_Dolphin",False Killer Whale,False_Killer_Whale,false,1
Qwen/Qwen2.5-Omni-7B,test_774,lp_0-2000,Harp_Seal,False Killer Whale,False_Killer_Whale,false,1
Qwen/Qwen2.5-Omni-7B,test_774,lp_0-4000,Harp_Seal,"Beluga, White Whale","Beluga,_White_Whale",false,1
Qwen/Qwen2.5-Omni-7B,test_774,lp_0-6000,Harp_Seal,"Beluga, White Whale","Beluga,_White_Whale",false,1
Qwen/Qwen2.5-Omni-7B,test_774,lp_0-8000,Harp_Seal,"Beluga, White Whale","Beluga,_White_Whale",false,1
Qwen/Qwen2.5-Omni-7B,test_774,remove_0-1000,Harp_Seal,False Killer Whale,False_Killer_Whale,false,1
Qwen/Qwen2.5-Omni-7B,test_774,remove_1000-2000,Harp_Seal,False Killer Whale,False_Killer_Whale,false,1
Qwen/Qwen2.5-Omni-7B,test_774,remove_2000-4000,Harp_Seal,False Killer Whale,False_Killer_Whale,false,1
Qwen/Qwen2.5-Omni-7B,test_774,remove_4000-6000,Harp_Seal,"Beluga, White Whale","Beluga,_White_Whale",false,1
Qwen/Qwen2.5-Omni-7B,test_774,remove_6000-8000,Harp_Seal,"Beluga, White Whale","Beluga,_White_Whale",false,1
Qwen/Qwen2.5-Omni-7B,test_777,lp_0-2000,Harp_Seal,"Beluga, White Whale","Beluga,_White_Whale",false,1
Qwen/Qwen2.5-Omni-7B,test_777,lp_0-4000,Harp_Seal,"Beluga, White Whale","Beluga,_White_Whale",false,1
Qwen/Qwen2.5-Omni-7B,test_777,lp_0-6000,Harp_Seal,"Beluga, White Whale","Beluga,_White_Whale",false,1
Qwen/Qwen2.5-Omni-7B,test_777,lp_0-8000,Harp_Seal,"Beluga, White Whale","Beluga,_White_Whale",false,1
Qwen/Qwen2.5-Omni-7B,test_777,remove_0-1000,Harp_Seal,False Killer Whale,False_Killer_Whale,false,1
Qwen/Qwen2.5-Omni-7B,test_777,remove_1000-2000,Harp_Seal,Bottlenose Dolphin,Bottlenose_Dolphin,false,1
Qwen/Qwen2.5-Omni-7B,test_777,remove_2000-4000,Harp_Seal,"Beluga, White Whale","Beluga,_White_Whale",false,1
Qwen/Qwen2.5-Omni-7B,test_777,remove_4000-6000,Harp_Seal,"Beluga, White Whale","Beluga,_White_Whale",false,1
Qwen/Qwen2.5-Omni-7B,test_777,remove_6000-8000,Harp_Seal,"Beluga, White Whale","Beluga,_White_Whale",false,1
Qwen/Qwen2.5-Omni-7B,test_786,lp_0-2000,Harp_Seal,False Killer Whale,False_Killer_Whale,false,1
Qwen/Qwen2.5-Omni-7B,test_786,lp_0-4000,Harp_Seal,False Killer Whale,False_Killer_Whale,false,1
Qwen/Qwen2.5-Omni-7B,test_786,lp_0-6000,Harp_Seal,False Killer Whale,False_Killer_Whale,false,1
Qwen/Qwen2.5-Omni-7B,test_786,lp_0-8000,Harp_Seal,False Killer Whale,False_Killer_Whale,false,1
Qwen/Qwen2.5-Omni-7B,test_786,remove_0-1000,Harp_Seal,False Killer Whale,False_Killer_Whale,false,1
Qwen/Qwen2.5-Omni-7B,test_786,remove_1000-2000,Harp_Seal,False Killer Whale,False_Killer_Whale,false,1
Qwen/Qwen2.5-Omni-7B,test_786,remove_2000-4000,Harp_Seal,False Killer Whale,False_Killer_Whale,false,1
Qwen/Qwen2.5-Omni-7B,test_786,remove_4000-6000,Harp_Seal,False Killer Whale,False_Killer_Whale,false,1
Qwen/Qwen2.5-Omni-7B,test_786,remove_6000-8000,Harp_Seal,False Killer Whale,False_Killer_Whale,false,1
Qwen/Qwen2.5-Omni-7B,test_788,lp_0-2000,Harp_Seal,False Killer Whale,False_Killer_Whale,false,1
Qwen/Qwen2.5-Omni-7B,test_788,lp_0-4000,Harp_Seal,False Killer Whale,False_Killer_Whale,false,1
Qwen/Qwen2.5-Omni-7B,test_788,lp_0-6000,Harp_Seal,False Killer Whale,False_Killer_Whale,false,1
Qwen/Qwen2.5-Omni-7B,test_788,lp_0-8000,Harp_Seal,False Killer Whale,False_Killer_Whale,false,1
Qwen/Qwen2.5-Omni-7B,test_788,remove_0-1000,Harp_Seal,False Killer Whale,False_Killer_Whale,false,1
Qwen/Qwen2.5-Omni-7B,test_788,remove_1000-2000,Harp_Seal,Bottlenose Dolphin,Bottlenose_Dolphin,false,1
Qwen/Qwen2.5-Omni-7B,test_788,remove_2000-4000,Harp_Seal,False Killer Whale,False_Killer_Whale,false,1
Qwen/Qwen2.5-Omni-7B,test_788,remove_4000-6000,Harp_Seal,False Killer Whale,False_Killer_Whale,false,1
Qwen/Qwen2.5-Omni-7B,test_788,remove_6000-8000,Harp_Seal,False Killer Whale,False_Killer_Whale,false,1
Qwen/Qwen2.5-Omni-7B,test_794,lp_0-2000,Harp_Seal,False Killer Whale,False_Killer_Whale,false,1
Qwen/Qwen2.5-Omni-7B,test_794,lp_0-4000,Harp_Seal,Bottlenose Dolphin,Bottlenose_Dolphin,false,1
Qwen/Qwen2.5-Omni-7B,test_794,lp_0-6000,Harp_Seal,Bottlenose Dolphin,Bottlenose_Dolphin,false,1
Qwen/Qwen2.5-Omni-7B,test_794,lp_0-8000,Harp_Seal,Bottlenose Dolphin,Bottlenose_Dolphin,false,1
Qwen/Qwen2.5-Omni-7B,test_794,remove_0-1000,Harp_Seal,Bottlenose Dolphin,Bottlenose_Dolphin,false,1
Qwen/Qwen2.5-Omni-7B,test_794,remove_1000-2000,Harp_Seal,False Killer Whale,False_Killer_Whale,false,1
Qwen/Qwen2.5-Omni-7B,test_794,remove_2000-4000,Harp_Seal,False Killer Whale,False_Killer_Whale,false,1
Qwen/Qwen2.5-Omni-7B,test_794,remove_4000-6000,Harp_Seal,Bottlenose Dolphin,Bottlenose_Dolphin,false,1
Qwen/Qwen2.5-Omni-7B,test_794,remove_6000-8000,Harp_Seal,Bottlenose Dolphin,Bottlenose_Dolphin,false,1
Qwen/Qwen2.5-Omni-7B,test_796,lp_0-2000,Harp_Seal,False Killer Whale,False_Killer_Whale,false,1
Qwen/Qwen2.5-Omni-7B,test_796,lp_0-4000,Harp_Seal,False Killer Whale,False_Killer_Whale,false,1
Qwen/Qwen2.5-Omni-7B,test_796,lp_0-6000,Harp_Seal,False Killer Whale,False_Killer_Whale,false,1
Qwen/Qwen2.5-Omni-7B,test_796,lp_0-8000,Harp_Seal,False Killer Whale,False_Killer_Whale,false,1
Qwen/Qwen2.5-Omni-7B,test_796,remove_0-1000,Harp_Seal,False Killer Whale,False_Killer_Whale,false,1
Qwen/Qwen2.5-Omni-7B,test_796,remove_1000-2000,Harp_Seal,False Killer Whale,False_Killer_Whale,false,1
Qwen/Qwen2.5-Omni-7B,test_796,remove_2000-4000,Harp_Seal,False Killer Whale,False_Killer_Whale,false,1
Qwen/Qwen2.5-Omni-7B,test_796,remove_4000-6000,Harp_Seal,False Killer Whale,False_Killer_Whale,false,1
Qwen/Qwen2.5-Omni-7B,test_796,remove_6000-8000,Harp_Seal,False Killer Whale,False_Killer_Whale,false,1
Qwen/Qwen2.5-Omni-7B,test_800,lp_0-2000,Harp_Seal,Bottlenose Dolphin,Bottlenose_Dolphin,false,1
Qwen/Qwen2.5-Omni-7B,test_800,lp_0-4000,Harp_Seal,Bottlenose Dolphin,Bottlenose_Dolphin,false,1
Qwen/Qwen2.5-Omni-7B,test_800,lp_0-6000,Harp_Seal,Bottlenose Dolphin,Bottlenose_Dolphin,false,1
Qwen/Qwen2.5-Omni-7B,test_800,lp_0-8000,Harp_Seal,Bottlenose Dolphin,Bottlenose_Dolphin,false,1
Qwen/Qwen2.5-Omni-7B,test_800,remove_0-1000,Harp_Seal,Bottlenose Dolphin,Bottlenose_Dolphin,false,1
Qwen/Qwen2.5-Omni-7B,test_800,remove_1000-2000,Harp_Seal,Bottlenose Dolphin,Bottlenose_Dolphin,false,1
Qwen/Qwen2.5-Omni-7B,test_800,remove_2000-4000,Harp_Seal,Bottlenose Dolphin,Bottlenose_Dolphin,false,1
Qwen/Qwen2.5-Omni-7B,test_800,remove_4000-6000,Harp_Seal,Bottlenose Dolphin,Bottlenose_Dolphin,false,1
Qwen/Qwen2.5-Omni-7B,test_800,remove_6000-8000,Harp_Seal,Bottlenose Dolphin,Bottlenose_Dolphin,false,1
Qwen/Qwen2.5-Omni-7B,test_801,lp_0-2000,Harp_Seal,"Beluga, White Whale","Beluga,_White_Whale",false,1
Qwen/Qwen2.5-Omni-7B,test_801,lp_0-4000,Harp_Seal,Bottlenose Dolphin,Bottlenose_Dolphin,false,1
Qwen/Qwen2.5-Omni-7B,test_801,lp_0-6000,Harp_Seal,False Killer Whale,False_Killer_Whale,false,1
Qwen/Qwen2.5-Omni-7B,test_801,lp_0-8000,Harp_Seal,False Killer Whale,False_Killer_Whale,false,1
Qwen/Qwen2.5-Omni-7B,test_801,remove_0-1000,Harp_Seal,False Killer Whale,False_Killer_Whale,false,1
Qwen/Qwen2.5-Omni-7B,test_801,remove_1000-2000,Harp_Seal,False Killer Whale,False_Killer_Whale,false,1
Qwen/Qwen2.5-Omni-7B,test_801,remove_2000-4000,Harp_Seal,Bottlenose Dolphin,Bottlenose_Dolphin,false,1
Qwen/Qwen2.5-Omni-7B,test_801,remove_4000-6000,Harp_Seal,Bottlenose Dolphin,Bottlenose_Dolphin,false,1
Qwen/Qwen2.5-Omni-7B,test_801,remove_6000-8000,Harp_Seal,False Killer Whale,False_Killer_Whale,false,1
Qwen/Qwen2.5-Omni-7B,test_804,lp_0-2000,Harp_Seal,Bottlenose Dolphin,Bottlenose_Dolphin,false,1
Qwen/Qwen2.5-Omni-7B,test_804,lp_0-4000,Harp_Seal,Bottlenose Dolphin,Bottlenose_Dolphin,false,1
Qwen/Qwen2.5-Omni-7B,test_804,lp_0-6000,Harp_Seal,"Beluga, White Whale","Beluga,_White_Whale",false,1
Qwen/Qwen2.5-Omni-7B,test_804,lp_0-8000,Harp_Seal,"Beluga, White Whale","Beluga,_White_Whale",false,1
Qwen/Qwen2.5-Omni-7B,test_804,remove_0-1000,Harp_Seal,False Killer Whale,False_Killer_Whale,false,1
Qwen/Qwen2.5-Omni-7B,test_804,remove_1000-2000,Harp_Seal,"Beluga, White Whale","Beluga,_White_Whale",false,1
Qwen/Qwen2.5-Omni-7B,test_804,remove_2000-4000,Harp_Seal,"Beluga, White Whale","Beluga,_White_Whale",false,1
Qwen/Qwen2.5-Omni-7B,test_804,remove_4000-6000,Harp_Seal,Bottlenose Dolphin,Bottlenose_Dolphin,false,1
Qwen/Qwen2.5-Omni-7B,test_804,remove_6000-8000,Harp_Seal,"Beluga, White Whale","Beluga,_White_Whale",false,1
Qwen/Qwen2.5-Omni-7B,test_808,lp_0-2000,Harp_Seal,False Killer Whale,False_Killer_Whale,false,1
Qwen/Qwen2.5-Omni-7B,test_808,lp_0-4000,Harp_Seal,False Killer Whale,False_Killer_Whale,false,1
Qwen/Qwen2.5-Omni-7B,test_808,lp_0-6000,Harp_Seal,False Killer Whale,False_Killer_Whale,false,1
Qwen/Qwen2.5-Omni-7B,test_808,lp_0-8000,Harp_Seal,False Killer Whale,False_Killer_Whale,false,1
Qwen/Qwen2.5-Omni-7B,test_808,remove_0-1000,Harp_Seal,False Killer Whale,False_Killer_Whale,false,1
Qwen/Qwen2.5-Omni-7B,test_808,remove_1000-2000,Harp_Seal,"Beluga, White Whale","Beluga,_White_Whale",false,1
Qwen/Qwen2.5-Omni-7B,test_808,remove_2000-4000,Harp_Seal,False Killer Whale,False_Killer_Whale,false,1
Qwen/Qwen2.5-Omni-7B,test_808,remove_4000-6000,Harp_Seal,False Killer Whale,False_Killer_Whale,false,1
Qwen/Qwen2.5-Omni-7B,test_808,remove_6000-8000,Harp_Seal,False Killer Whale,False_Killer_Whale,false,1
Qwen/Qwen2.5-Omni-7B,test_814,lp_0-2000,Atlantic_Spotted_Dolphin,False Killer Whale,False_Killer_Whale,false,1
Qwen/Qwen2.5-Omni-7B,test_814,lp_0-4000,Atlantic_Spotted_Dolphin,False Killer Whale,False_Killer_Whale,false,1
Qwen/Qwen2.5-Omni-7B,test_814,lp_0-6000,Atlantic_Spotted_Dolphin,False Killer Whale,False_Killer_Whale,false,1
Qwen/Qwen2.5-Omni-7B,test_814,lp_0-8000,Atlantic_Spotted_Dolphin,False Killer Whale,False_Killer_Whale,false,1
Qwen/Qwen2.5-Omni-7B,test_814,remove_0-1000,Atlantic_Spotted_Dolphin,Bottlenose Dolphin,Bottlenose_Dolphin,false,1
Qwen/Qwen2.5-Omni-7B,test_814,remove_1000-2000,Atlantic_Spotted_Dolphin,False Killer Whale,False_Killer_Whale,false,1
Qwen/Qwen2.5-Omni-7B,test_814,remove_2000-4000,Atlantic_Spotted_Dolphin,False Killer Whale,False_Killer_Whale,false,1
Qwen/Qwen2.5-Omni-7B,test_814,remove_4000-6000,Atlantic_Spotted_Dolphin,False Killer Whale,False_Killer_Whale,false,1
Qwen/Qwen2.5-Omni-7B,test_814,remove_6000-8000,Atlantic_Spotted_Dolphin,False Killer Whale,False_Killer_Whale,false,1
Qwen/Qwen2.5-Omni-7B,test_815,lp_0-2000,Atlantic_Spotted_Dolphin,False Killer Whale,False_Killer_Whale,false,1
Qwen/Qwen2.5-Omni-7B,test_815,lp_0-4000,Atlantic_Spotted_Dolphin,"Beluga, White Whale","Beluga,_White_Whale",false,1
Qwen/Qwen2.5-Omni-7B,test_815,lp_0-6000,Atlantic_Spotted_Dolphin,False Killer Whale,False_Killer_Whale,false,1
Qwen/Qwen2.5-Omni-7B,test_815,lp_0-8000,Atlantic_Spotted_Dolphin,Bottlenose Dolphin,Bottlenose_Dolphin,false,1
Qwen/Qwen2.5-Omni-7B,test_815,remove_0-1000,Atlantic_Spotted_Dolphin,Bottlenose Dolphin,Bottlenose_Dolphin,false,1
Qwen/Qwen2.5-Omni-7B,test_815,remove_1000-2000,Atlantic_Spotted_Dolphin,Bottlenose Dolphin,Bottlenose_Dolphin,false,1
Qwen/Qwen2.5-Omni-7B,test_815,remove_2000-4000,Atlantic_Spotted_Dolphin,Bottlenose Dolphin,Bottlenose_Dolphin,false,1
Qwen/Qwen2.5-Omni-7B,test_815,remove_4000-6000,Atlantic_Spotted_Dolphin,Bottlenose Dolphin,Bottlenose_Dolphin,false,1
Qwen/Qwen2.5-Omni-7B,test_815,remove_6000-8000,Atlantic_Spotted_Dolphin,"Beluga, White Whale","Beluga,_White_Whale",false,1
Qwen/Qwen2.5-Omni-7B,test_827,lp_0-2000,Atlantic_Spotted_Dolphin,False Killer Whale,False_Killer_Whale,false,1
Qwen/Qwen2.5-Omni-7B,test_827,lp_0-4000,Atlantic_Spotted_Dolphin,False Killer Whale,False_Killer_Whale,false,1
Qwen/Qwen2.5-Omni-7B,test_827,lp_0-6000,Atlantic_Spotted_Dolphin,False Killer Whale,False_Killer_Whale,false,1
Qwen/Qwen2.5-Omni-7B,test_827,lp_0-8000,Atlantic_Spotted_Dolphin,False Killer Whale,False_Killer_Whale,false,1
Qwen/Qwen2.5-Omni-7B,test_827,remove_0-1000,Atlantic_Spotted_Dolphin,False Killer Whale,False_Killer_Whale,false,1
Qwen/Qwen2.5-Omni-7B,test_827,remove_1000-2000,Atlantic_Spotted_Dolphin,False Killer Whale,False_Killer_Whale,false,1
Qwen/Qwen2.5-Omni-7B,test_827,remove_2000-4000,Atlantic_Spotted_Dolphin,Bottlenose Dolphin,Bottlenose_Dolphin,false,1
Qwen/Qwen2.5-Omni-7B,test_827,remove_4000-6000,Atlantic_Spotted_Dolphin,False Killer Whale,False_Killer_Whale,false,1
Qwen/Qwen2.5-Omni-7B,test_827,remove_6000-8000,Atlantic_Spotted_Dolphin,False Killer Whale,False_Killer_Whale,false,1
Qwen/Qwen2.5-Omni-7B,test_831,lp_0-2000,Atlantic_Spotted_Dolphin,False Killer Whale,False_Killer_Whale,false,1
Qwen/Qwen2.5-Omni-7B,test_831,lp_0-4000,Atlantic_Spotted_Dolphin,"Beluga, White Whale","Beluga,_White_Whale",false,1
Qwen/Qwen2.5-Omni-7B,test_831,lp_0-6000,Atlantic_Spotted_Dolphin,False Killer Whale,False_Killer_Whale,false,1
Qwen/Qwen2.5-Omni-7B,test_831,lp_0-8000,Atlantic_Spotted_Dolphin,Bottlenose Dolphin,Bottlenose_Dolphin,false,1
Qwen/Qwen2.5-Omni-7B,test_831,remove_0-1000,Atlantic_Spotted_Dolphin,Bottlenose Dolphin,Bottlenose_Dolphin,false,1
Qwen/Qwen2.5-Omni-7B,test_831,remove_1000-2000,Atlantic_Spotted_Dolphin,Bottlenose Dolphin,Bottlenose_Dolphin,false,1
Qwen/Qwen2.5-Omni-7B,test_831,remove_2000-4000,Atlantic_Spotted_Dolphin,Bottlenose Dolphin,Bottlenose_Dolphin,false,1
Qwen/Qwen2.5-Omni-7B,test_831,remove_4000-6000,Atlantic_Spotted_Dolphin,Bottlenose Dolphin,Bottlenose_Dolphin,false,1
Qwen/Qwen2.5-Omni-7B,test_831,remove_6000-8000,Atlantic_Spotted_Dolphin,False Killer Whale,False_Killer_Whale,false,1
Qwen/Qwen2.5-Omni-7B,test_833,lp_0-2000,Atlantic_Spotted_Dolphin,False Killer Whale,False_Killer_Whale,false,1
Qwen/Qwen2.5-Omni-7B,test_833,lp_0-4000,Atlantic_Spotted_Dolphin,"Beluga, White Whale","Beluga,_White_Whale",false,1
Qwen/Qwen2.5-Omni-7B,test_833,lp_0-6000,Atlantic_Spotted_Dolphin,"Beluga, White Whale","Beluga,_White_Whale",false,1
Qwen/Qwen2.5-Omni-7B,test_833,lp_0-8000,Atlantic_Spotted_Dolphin,Bottlenose Dolphin,Bottlenose_Dolphin,false,1
Qwen/Qwen2.5-Omni-7B,test_833,remove_0-1000,Atlantic_Spotted_Dolphin,Bottlenose Dolphin,Bottlenose_Dolphin,false,1
Qwen/Qwen2.5-Omni-7B,test_833,remove_1000-2000,Atlantic_Spotted_Dolphin,Bottlenose Dolphin,Bottlenose_Dolphin,false,1
Qwen/Qwen2.5-Omni-7B,test_833,remove_2000-4000,Atlantic_Spotted_Dolphin,Bottlenose Dolphin,Bottlenose_Dolphin,false,1
Qwen/Qwen2.5-Omni-7B,test_833,remove_4000-6000,Atlantic_Spotted_Dolphin,Bottlenose Dolphin,Bottlenose_Dolphin,false,1
Qwen/Qwen2.5-Omni-7B,test_833,remove_6000-8000,Atlantic_Spotted_Dolphin,Bottlenose Dolphin,Bottlenose_Dolphin,false,1
Qwen/Qwen2.5-Omni-7B,test_834,lp_0-2000,Atlantic_Spotted_Dolphin,False Killer Whale,False_Killer_Whale,false,1
Qwen/Qwen2.5-Omni-7B,test_834,lp_0-4000,Atlantic_Spotted_Dolphin,"Beluga, White Whale","Beluga,_White_Whale",false,1
Qwen/Qwen2.5-Omni-7B,test_834,lp_0-6000,Atlantic_Spotted_Dolphin,Bottlenose Dolphin,Bottlenose_Dolphin,false,1
Qwen/Qwen2.5-Omni-7B,test_834,lp_0-8000,Atlantic_Spotted_Dolphin,Bottlenose Dolphin,Bottlenose_Dolphin,false,1
Qwen/Qwen2.5-Omni-7B,test_834,remove_0-1000,Atlantic_Spotted_Dolphin,Bottlenose Dolphin,Bottlenose_Dolphin,false,1
Qwen/Qwen2.5-Omni-7B,test_834,remove_1000-2000,Atlantic_Spotted_Dolphin,Bottlenose Dolphin,Bottlenose_Dolphin,false,1
Qwen/Qwen2.5-Omni-7B,test_834,remove_2000-4000,Atlantic_Spotted_Dolphin,Bottlenose Dolphin,Bottlenose_Dolphin,false,1
Qwen/Qwen2.5-Omni-7B,test_834,remove_4000-6000,Atlantic_Spotted_Dolphin,Bottlenose Dolphin,Bottlenose_Dolphin,false,1
Qwen/Qwen2.5-Omni-7B,test_834,remove_6000-8000,Atlantic_Spotted_Dolphin,Bottlenose Dolphin,Bottlenose_Dolphin,false,1
Qwen/Qwen2.5-Omni-7B,test_836,lp_0-2000,Atlantic_Spotted_Dolphin,False Killer Whale,False_Killer_Whale,false,1
Qwen/Qwen2.5-Omni-7B,test_836,lp_0-4000,Atlantic_Spotted_Dolphin,False Killer Whale,False_Killer_Whale,false,1
Qwen/Qwen2.5-Omni-7B,test_836,lp_0-6000,Atlantic_Spotted_Dolphin,False Killer Whale,False_Killer_Whale,false,1
Qwen/Qwen2.5-Omni-7B,test_836,lp_0-8000,Atlantic_Spotted_Dolphin,False Killer Whale,False_Killer_Whale,false,1
Qwen/Qwen2.5-Omni-7B,test_836,remove_0-1000,Atlantic_Spotted_Dolphin,False Killer Whale,False_Killer_Whale,false,1
Qwen/Qwen2.5-Omni-7B,test_836,remove_1000-2000,Atlantic_Spotted_Dolphin,False Killer Whale,False_Killer_Whale,false,1
Qwen/Qwen2.5-Omni-7B,test_836,remove_2000-4000,Atlantic_Spotted_Dolphin,False Killer Whale,False_Killer_Whale,false,1
Qwen/Qwen2.5-Omni-7B,test_836,remove_4000-6000,Atlantic_Spotted_Dolphin,False Killer Whale,False_Killer_Whale,false,1
Qwen/Qwen2.5-Omni-7B,test_836,remove_6000-8000,Atlantic_Spotted_Dolphin,False Killer Whale,False_Killer_Whale,false,1
Qwen/Qwen2.5-Omni-7B,test_845,lp_0-2000,Atlantic_Spotted_Dolphin,False Killer Whale,False_Killer_Whale,false,1
Qwen/Qwen2.5-Omni-7B,test_845,lp_0-4000,Atlantic_Spotted_Dolphin,"Beluga, White Whale","Beluga,_White_Whale",false,1
Qwen/Qwen2.5-Omni-7B,test_845,lp_0-6000,Atlantic_Spotted_Dolphin,"Beluga, White Whale","Beluga,_White_Whale",false,1
Qwen/Qwen2.5-Omni-7B,test_845,lp_0-8000,Atlantic_Spotted_Dolphin,False Killer Whale,False_Killer_Whale,false,1
Qwen/Qwen2.5-Omni-7B,test_845,remove_0-1000,Atlantic_Spotted_Dolphin,False Killer Whale,False_Killer_Whale,false,1
Qwen/Qwen2.5-Omni-7B,test_845,remove_1000-2000,Atlantic_Spotted_Dolphin,False Killer Whale,False_Killer_Whale,false,1
Qwen/Qwen2.5-Omni-7B,test_845,remove_2000-4000,Atlantic_Spotted_Dolphin,False Killer Whale,False_Killer_Whale,false,1
Qwen/Qwen2.5-Omni-7B,test_845,remove_4000-6000,Atlantic_Spotted_Dolphin,False Killer Whale,False_Killer_Whale,false,1
Qwen/Qwen2.5-Omni-7B,test_845,remove_6000-8000,Atlantic_Spotted_Dolphin,"Beluga, White Whale","Beluga,_White_Whale",false,1
Qwen/Qwen2.5-Omni-7B,test_850,lp_0-2000,Atlantic_Spotted_Dolphin,False Killer Whale,False_Killer_Whale,false,1
Qwen/Qwen2.5-Omni-7B,test_850,lp_0-4000,Atlantic_Spotted_Dolphin,False Killer Whale,False_Killer_Whale,false,1
Qwen/Qwen2.5-Omni-7B,test_850,lp_0-6000,Atlantic_Spotted_Dolphin,Bottlenose Dolphin,Bottlenose_Dolphin,false,1
Qwen/Qwen2.5-Omni-7B,test_850,lp_0-8000,Atlantic_Spotted_Dolphin,False Killer Whale,False_Killer_Whale,false,1
Qwen/Qwen2.5-Omni-7B,test_850,remove_0-1000,Atlantic_Spotted_Dolphin,Bottlenose Dolphin,Bottlenose_Dolphin,false,1
Qwen/Qwen2.5-Omni-7B,test_850,remove_1000-2000,Atlantic_Spotted_Dolphin,False Killer Whale,False_Killer_Whale,false,1
Qwen/Qwen2.5-Omni-7B,test_850,remove_2000-4000,Atlantic_Spotted_Dolphin,False Killer Whale,False_Killer_Whale,false,1
Qwen/Qwen2.5-Omni-7B,test_850,remove_4000-6000,Atlantic_Spotted_Dolphin,Bottlenose Dolphin,Bottlenose_Dolphin,false,1
Qwen/Qwen2.5-Omni-7B,test_850,remove_6000-8000,Atlantic_Spotted_Dolphin,Bottlenose Dolphin,Bottlenose_Dolphin,false,1
Qwen/Qwen2.5-Omni-7B,test_851,lp_0-2000,Atlantic_Spotted_Dolphin,"Beluga, White Whale","Beluga,_White_Whale",false,1
Qwen/Qwen2.5-Omni-7B,test_851,lp_0-4000,Atlantic_Spotted_Dolphin,"Beluga, White Whale","Beluga,_White_Whale",false,1
Qwen/Qwen2.5-Omni-7B,test_851,lp_0-6000,Atlantic_Spotted_Dolphin,Bottlenose Dolphin,Bottlenose_Dolphin,false,1
Qwen/Qwen2.5-Omni-7B,test_851,lp_0-8000,Atlantic_Spotted_Dolphin,Bottlenose Dolphin,Bottlenose_Dolphin,false,1
Qwen/Qwen2.5-Omni-7B,test_851,remove_0-1000,Atlantic_Spotted_Dolphin,White-beaked Dolphin,White-beaked_Dolphin,false,1
Qwen/Qwen2.5-Omni-7B,test_851,remove_1000-2000,Atlantic_Spotted_Dolphin,False Killer Whale,False_Killer_Whale,false,1
Qwen/Qwen2.5-Omni-7B,test_851,remove_2000-4000,Atlantic_Spotted_Dolphin,False Killer Whale,False_Killer_Whale,false,1
Qwen/Qwen2.5-Omni-7B,test_851,remove_4000-6000,Atlantic_Spotted_Dolphin,Bottlenose Dolphin,Bottlenose_Dolphin,false,1
Qwen/Qwen2.5-Omni-7B,test_851,remove_6000-8000,Atlantic_Spotted_Dolphin,False Killer Whale,False_Killer_Whale,false,1
Qwen/Qwen2.5-Omni-7B,test_858,lp_0-2000,Atlantic_Spotted_Dolphin,False Killer Whale,False_Killer_Whale,false,1
Qwen/Qwen2.5-Omni-7B,test_858,lp_0-4000,Atlantic_Spotted_Dolphin,False Killer Whale,False_Killer_Whale,false,1
Qwen/Qwen2.5-Omni-7B,test_858,lp_0-6000,Atlantic_Spotted_Dolphin,False Killer Whale,False_Killer_Whale,false,1
Qwen/Qwen2.5-Omni-7B,test_858,lp_0-8000,Atlantic_Spotted_Dolphin,Bottlenose Dolphin,Bottlenose_Dolphin,false,1
Qwen/Qwen2.5-Omni-7B,test_858,remove_0-1000,Atlantic_Spotted_Dolphin,Bottlenose Dolphin,Bottlenose_Dolphin,false,1
Qwen/Qwen2.5-Omni-7B,test_858,remove_1000-2000,Atlantic_Spotted_Dolphin,False Killer Whale,False_Killer_Whale,false,1
Qwen/Qwen2.5-Omni-7B,test_858,remove_2000-4000,Atlantic_Spotted_Dolphin,False Killer Whale,False_Killer_Whale,false,1
Qwen/Qwen2.5-Omni-7B,test_858,remove_4000-6000,Atlantic_Spotted_Dolphin,False Killer Whale,False_Killer_Whale,false,1
Qwen/Qwen2.5-Omni-7B,test_858,remove_6000-8000,Atlantic_Spotted_Dolphin,Bottlenose Dolphin,Bottlenose_Dolphin,false,1
Qwen/Qwen2.5-Omni-7B,test_871,lp_0-2000,"Fin,_Finback_Whale",False Killer Whale,False_Killer_Whale,false,1
Qwen/Qwen2.5-Omni-7B,test_871,lp_0-4000,"Fin,_Finback_Whale",False Killer Whale,False_Killer_Whale,false,1
Qwen/Qwen2.5-Omni-7B,test_871,lp_0-6000,"Fin,_Finback_Whale",False Killer Whale,False_Killer_Whale,false,1
Qwen/Qwen2.5-Omni-7B,test_871,lp_0-8000,"Fin,_Finback_Whale",False Killer Whale,False_Killer_Whale,false,1
Qwen/Qwen2.5-Omni-7B,test_871,remove_0-1000,"Fin,_Finback_Whale",False Killer Whale,False_Killer_Whale,false,1
Qwen/Qwen2.5-Omni-7B,test_871,remove_1000-2000,"Fin,_Finback_Whale",False Killer Whale,False_Killer_Whale,false,1
Qwen/Qwen2.5-Omni-7B,test_871,remove_2000-4000,"Fin,_Finback_Whale",False Killer Whale,False_Killer_Whale,false,1
Qwen/Qwen2.5-Omni-7B,test_871,remove_4000-6000,"Fin,_Finback_Whale",False Killer Whale,False_Killer_Whale,false,1
Qwen/Qwen2.5-Omni-7B,test_871,remove_6000-8000,"Fin,_Finback_Whale",False Killer Whale,False_Killer_Whale,false,1
Qwen/Qwen2.5-Omni-7B,test_877,lp_0-2000,"Fin,_Finback_Whale",False Killer Whale,False_Killer_Whale,false,1
Qwen/Qwen2.5-Omni-7B,test_877,lp_0-4000,"Fin,_Finback_Whale",False Killer Whale,False_Killer_Whale,false,1
Qwen/Qwen2.5-Omni-7B,test_877,lp_0-6000,"Fin,_Finback_Whale",False Killer Whale,False_Killer_Whale,false,1
Qwen/Qwen2.5-Omni-7B,test_877,lp_0-8000,"Fin,_Finback_Whale",False Killer Whale,False_Killer_Whale,false,1
Qwen/Qwen2.5-Omni-7B,test_877,remove_0-1000,"Fin,_Finback_Whale",False Killer Whale,False_Killer_Whale,false,1
Qwen/Qwen2.5-Omni-7B,test_877,remove_1000-2000,"Fin,_Finback_Whale",False Killer Whale,False_Killer_Whale,false,1
Qwen/Qwen2.5-Omni-7B,test_877,remove_2000-4000,"Fin,_Finback_Whale",False Killer Whale,False_Killer_Whale,false,1
Qwen/Qwen2.5-Omni-7B,test_877,remove_4000-6000,"Fin,_Finback_Whale",False Killer Whale,False_Killer_Whale,false,1
Qwen/Qwen2.5-Omni-7B,test_877,remove_6000-8000,"Fin,_Finback_Whale",False Killer Whale,False_Killer_Whale,false,1
Qwen/Qwen2.5-Omni-7B,test_882,lp_0-2000,"Fin,_Finback_Whale",False Killer Whale,False_Killer_Whale,false,1
Qwen/Qwen2.5-Omni-7B,test_882,lp_0-4000,"Fin,_Finback_Whale",False Killer Whale,False_Killer_Whale,false,1
Qwen/Qwen2.5-Omni-7B,test_882,lp_0-6000,"Fin,_Finback_Whale",False Killer Whale,False_Killer_Whale,false,1
Qwen/Qwen2.5-Omni-7B,test_882,lp_0-8000,"Fin,_Finback_Whale",False Killer Whale,False_Killer_Whale,false,1
Qwen/Qwen2.5-Omni-7B,test_882,remove_0-1000,"Fin,_Finback_Whale",False Killer Whale,False_Killer_Whale,false,1
Qwen/Qwen2.5-Omni-7B,test_882,remove_1000-2000,"Fin,_Finback_Whale",False Killer Whale,False_Killer_Whale,false,1
Qwen/Qwen2.5-Omni-7B,test_882,remove_2000-4000,"Fin,_Finback_Whale",False Killer Whale,False_Killer_Whale,false,1
Qwen/Qwen2.5-Omni-7B,test_882,remove_4000-6000,"Fin,_Finback_Whale",False Killer Whale,False_Killer_Whale,false,1
Qwen/Qwen2.5-Omni-7B,test_882,remove_6000-8000,"Fin,_Finback_Whale",False Killer Whale,False_Killer_Whale,false,1
Qwen/Qwen2.5-Omni-7B,test_884,lp_0-2000,"Fin,_Finback_Whale",Bottlenose Dolphin,Bottlenose_Dolphin,false,1
Qwen/Qwen2.5-Omni-7B,test_884,lp_0-4000,"Fin,_Finback_Whale",Bottlenose Dolphin,Bottlenose_Dolphin,false,1
Qwen/Qwen2.5-Omni-7B,test_884,lp_0-6000,"Fin,_Finback_Whale",Bottlenose Dolphin,Bottlenose_Dolphin,false,1
Qwen/Qwen2.5-Omni-7B,test_884,lp_0-8000,"Fin,_Finback_Whale",Bottlenose Dolphin,Bottlenose_Dolphin,false,1
Qwen/Qwen2.5-Omni-7B,test_884,remove_0-1000,"Fin,_Finback_Whale",False Killer Whale,False_Killer_Whale,false,1
Qwen/Qwen2.5-Omni-7B,test_884,remove_1000-2000,"Fin,_Finback_Whale",Bottlenose Dolphin,Bottlenose_Dolphin,false,1
Qwen/Qwen2.5-Omni-7B,test_884,remove_2000-4000,"Fin,_Finback_Whale",Bottlenose Dolphin,Bottlenose_Dolphin,false,1
Qwen/Qwen2.5-Omni-7B,test_884,remove_4000-6000,"Fin,_Finback_Whale",Bottlenose Dolphin,Bottlenose_Dolphin,false,1
Qwen/Qwen2.5-Omni-7B,test_884,remove_6000-8000,"Fin,_Finback_Whale",Bottlenose Dolphin,Bottlenose_Dolphin,false,1
Qwen/Qwen2.5-Omni-7B,test_886,lp_0-2000,"Fin,_Finback_Whale",False Killer Whale,False_Killer_Whale,false,1
Qwen/Qwen2.5-Omni-7B,test_886,lp_0-4000,"Fin,_Finback_Whale",False Killer Whale,False_Killer_Whale,false,1
Qwen/Qwen2.5-Omni-7B,test_886,lp_0-6000,"Fin,_Finback_Whale",False Killer Whale,False_Killer_Whale,false,1
Qwen/Qwen2.5-Omni-7B,test_886,lp_0-8000,"Fin,_Finback_Whale",False Killer Whale,False_Killer_Whale,false,1
Qwen/Qwen2.5-Omni-7B,test_886,remove_0-1000,"Fin,_Finback_Whale",False Killer Whale,False_Killer_Whale,false,1
Qwen/Qwen2.5-Omni-7B,test_886,remove_1000-2000,"Fin,_Finback_Whale",False Killer Whale,False_Killer_Whale,false,1
Qwen/Qwen2.5-Omni-7B,test_886,remove_2000-4000,"Fin,_Finback_Whale",False Killer Whale,False_Killer_Whale,false,1
Qwen/Qwen2.5-Omni-7B,test_886,remove_4000-6000,"Fin,_Finback_Whale",False Killer Whale,False_Killer_Whale,false,1
Qwen/Qwen2.5-Omni-7B,test_886,remove_6000-8000,"Fin,_Finback_Whale",False Killer Whale,False_Killer_Whale,false,1
Qwen/Qwen2.5-Omni-7B,test_889,lp_0-2000,"Fin,_Finback_Whale",False Killer Whale,False_Killer_Whale,false,1
Qwen/Qwen2.5-Omni-7B,test_889,lp_0-4000,"Fin,_Finback_Whale",False Killer Whale,False_Killer_Whale,false,1
Qwen/Qwen2.5-Omni-7B,test_889,lp_0-6000,"Fin,_Finback_Whale",False Killer Whale,False_Killer_Whale,false,1
Qwen/Qwen2.5-Omni-7B,test_889,lp_0-8000,"Fin,_Finback_Whale",False Killer Whale,False_Killer_Whale,false,1
Qwen/Qwen2.5-Omni-7B,test_889,remove_0-1000,"Fin,_Finback_Whale",False Killer Whale,False_Killer_Whale,false,1
Qwen/Qwen2.5-Omni-7B,test_889,remove_1000-2000,"Fin,_Finback_Whale",False Killer Whale,False_Killer_Whale,false,1
Qwen/Qwen2.5-Omni-7B,test_889,remove_2000-4000,"Fin,_Finback_Whale",False Killer Whale,False_Killer_Whale,false,1
Qwen/Qwen2.5-Omni-7B,test_889,remove_4000-6000,"Fin,_Finback_Whale",False Killer Whale,False_Killer_Whale,false,1
Qwen/Qwen2.5-Omni-7B,test_889,remove_6000-8000,"Fin,_Finback_Whale",False Killer Whale,False_Killer_Whale,false,1
Qwen/Qwen2.5-Omni-7B,test_890,lp_0-2000,"Fin,_Finback_Whale",False Killer Whale,False_Killer_Whale,false,1
Qwen/Qwen2.5-Omni-7B,test_890,lp_0-4000,"Fin,_Finback_Whale",False Killer Whale,False_Killer_Whale,false,1
Qwen/Qwen2.5-Omni-7B,test_890,lp_0-6000,"Fin,_Finback_Whale",False Killer Whale,False_Killer_Whale,false,1
Qwen/Qwen2.5-Omni-7B,test_890,lp_0-8000,"Fin,_Finback_Whale",False Killer Whale,False_Killer_Whale,false,1
Qwen/Qwen2.5-Omni-7B,test_890,remove_0-1000,"Fin,_Finback_Whale",False Killer Whale,False_Killer_Whale,false,1
Qwen/Qwen2.5-Omni-7B,test_890,remove_1000-2000,"Fin,_Finback_Whale",False Killer Whale,False_Killer_Whale,false,1
Qwen/Qwen2.5-Omni-7B,test_890,remove_2000-4000,"Fin,_Finback_Whale",False Killer Whale,False_Killer_Whale,false,1
Qwen/Qwen2.5-Omni-7B,test_890,remove_4000-6000,"Fin,_Finback_Whale",False Killer Whale,False_Killer_Whale,false,1
Qwen/Qwen2.5-Omni-7B,test_890,remove_6000-8000,"Fin,_Finback_Whale",False Killer Whale,False_Killer_Whale,false,1
Qwen/Qwen2.5-Omni-7B,test_904,lp_0-2000,"Fin,_Finback_Whale",False Killer Whale,False_Killer_Whale,false,1
Qwen/Qwen2.5-Omni-7B,test_904,lp_0-4000,"Fin,_Finback_Whale",False Killer Whale,False_Killer_Whale,false,1
Qwen/Qwen2.5-Omni-7B,test_904,lp_0-6000,"Fin,_Finback_Whale",False Killer Whale,False_Killer_Whale,false,1
Qwen/Qwen2.5-Omni-7B,test_904,lp_0-8000,"Fin,_Finback_Whale",False Killer Whale,False_Killer_Whale,false,1
Qwen/Qwen2.5-Omni-7B,test_904,remove_0-1000,"Fin,_Finback_Whale",False Killer Whale,False_Killer_Whale,false,1
Qwen/Qwen2.5-Omni-7B,test_904,remove_1000-2000,"Fin,_Finback_Whale",False Killer Whale,False_Killer_Whale,false,1
Qwen/Qwen2.5-Omni-7B,test_904,remove_2000-4000,"Fin,_Finback_Whale",False Killer Whale,False_Killer_Whale,false,1
Qwen/Qwen2.5-Omni-7B,test_904,remove_4000-6000,"Fin,_Finback_Whale",False Killer Whale,False_Killer_Whale,false,1
Qwen/Qwen2.5-Omni-7B,test_904,remove_6000-8000,"Fin,_Finback_Whale",False Killer Whale,False_Killer_Whale,false,1
Qwen/Qwen2.5-Omni-7B,test_906,lp_0-2000,"Fin,_Finback_Whale",False Killer Whale,False_Killer_Whale,false,1
Qwen/Qwen2.5-Omni-7B,test_906,lp_0-4000,"Fin,_Finback_Whale",False Killer Whale,False_Killer_Whale,false,1
Qwen/Qwen2.5-Omni-7B,test_906,lp_0-6000,"Fin,_Finback_Whale",False Killer Whale,False_Killer_Whale,false,1
Qwen/Qwen2.5-Omni-7B,test_906,lp_0-8000,"Fin,_Finback_Whale",False Killer Whale,False_Killer_Whale,false,1
Qwen/Qwen2.5-Omni-7B,test_906,remove_0-1000,"Fin,_Finback_Whale",False Killer Whale,False_Killer_Whale,false,1
Qwen/Qwen2.5-Omni-7B,test_906,remove_1000-2000,"Fin,_Finback_Whale",False Killer Whale,False_Killer_Whale,false,1
Qwen/Qwen2.5-Omni-7B,test_906,remove_2000-4000,"Fin,_Finback_Whale",False Killer Whale,False_Killer_Whale,false,1
Qwen/Qwen2.5-Omni-7B,test_906,remove_4000-6000,"Fin,_Finback_Whale",False Killer Whale,False_Killer_Whale,false,1
Qwen/Qwen2.5-Omni-7B,test_906,remove_6000-8000,"Fin,_Finback_Whale",False Killer Whale,False_Killer_Whale,false,1
Qwen/Qwen2.5-Omni-7B,test_910,lp_0-2000,"Fin,_Finback_Whale",False Killer Whale,False_Killer_Whale,false,1
Qwen/Qwen2.5-Omni-7B,test_910,lp_0-4000,"Fin,_Finback_Whale",False Killer Whale,False_Killer_Whale,false,1
Qwen/Qwen2.5-Omni-7B,test_910,lp_0-6000,"Fin,_Finback_Whale",False Killer Whale,False_Killer_Whale,false,1
Qwen/Qwen2.5-Omni-7B,test_910,lp_0-8000,"Fin,_Finback_Whale",False Killer Whale,False_Killer_Whale,false,1
Qwen/Qwen2.5-Omni-7B,test_910,remove_0-1000,"Fin,_Finback_Whale",False Killer Whale,False_Killer_Whale,false,1
Qwen/Qwen2.5-Omni-7B,test_910,remove_1000-2000,"Fin,_Finback_Whale",False Killer Whale,False_Killer_Whale,false,1
Qwen/Qwen2.5-Omni-7B,test_910,remove_2000-4000,"Fin,_Finback_Whale",False Killer Whale,False_Killer_Whale,false,1
Qwen/Qwen2.5-Omni-7B,test_910,remove_4000-6000,"Fin,_Finback_Whale",False Killer Whale,False_Killer_Whale,false,1
Qwen/Qwen2.5-Omni-7B,test_910,remove_6000-8000,"Fin,_Finback_Whale",False Killer Whale,False_Killer_Whale,false,1
Qwen/Qwen2.5-Omni-7B,test_924,lp_0-2000,Ross_Seal,"Beluga, White Whale","Beluga,_White_Whale",false,1
Qwen/Qwen2.5-Omni-7B,test_924,lp_0-4000,Ross_Seal,"Beluga, White Whale","Beluga,_White_Whale",false,1
Qwen/Qwen2.5-Omni-7B,test_924,lp_0-6000,Ross_Seal,"Beluga, White Whale","Beluga,_White_Whale",false,1
Qwen/Qwen2.5-Omni-7B,test_924,lp_0-8000,Ross_Seal,"Beluga, White Whale","Beluga,_White_Whale",false,1
Qwen/Qwen2.5-Omni-7B,test_924,remove_0-1000,Ross_Seal,"Beluga, White Whale","Beluga,_White_Whale",false,1
Qwen/Qwen2.5-Omni-7B,test_924,remove_1000-2000,Ross_Seal,"Beluga, White Whale","Beluga,_White_Whale",false,1
Qwen/Qwen2.5-Omni-7B,test_924,remove_2000-4000,Ross_Seal,"Beluga, White Whale","Beluga,_White_Whale",false,1
Qwen/Qwen2.5-Omni-7B,test_924,remove_4000-6000,Ross_Seal,"Beluga, White Whale","Beluga,_White_Whale",false,1
Qwen/Qwen2.5-Omni-7B,test_924,remove_6000-8000,Ross_Seal,"Beluga, White Whale","Beluga,_White_Whale",false,1
Qwen/Qwen2.5-Omni-7B,test_934,lp_0-2000,Ross_Seal,"Beluga, White Whale","Beluga,_White_Whale",false,1
Qwen/Qwen2.5-Omni-7B,test_934,lp_0-4000,Ross_Seal,"Beluga, White Whale","Beluga,_White_Whale",false,1
Qwen/Qwen2.5-Omni-7B,test_934,lp_0-6000,Ross_Seal,"Beluga, White Whale","Beluga,_White_Whale",false,1
Qwen/Qwen2.5-Omni-7B,test_934,lp_0-8000,Ross_Seal,"Beluga, White Whale","Beluga,_White_Whale",false,1
Qwen/Qwen2.5-Omni-7B,test_934,remove_0-1000,Ross_Seal,"Beluga, White Whale","Beluga,_White_Whale",false,1
Qwen/Qwen2.5-Omni-7B,test_934,remove_1000-2000,Ross_Seal,"Beluga, White Whale","Beluga,_White_Whale",false,1
Qwen/Qwen2.5-Omni-7B,test_934,remove_2000-4000,Ross_Seal,"Beluga, White Whale","Beluga,_White_Whale",false,1
Qwen/Qwen2.5-Omni-7B,test_934,remove_4000-6000,Ross_Seal,"Beluga, White Whale","Beluga,_White_Whale",false,1
Qwen/Qwen2.5-Omni-7B,test_934,remove_6000-8000,Ross_Seal,"Beluga, White Whale","Beluga,_White_Whale",false,1
Qwen/Qwen2.5-Omni-7B,test_937,lp_0-2000,Ross_Seal,"Beluga, White Whale","Beluga,_White_Whale",false,1
Qwen/Qwen2.5-Omni-7B,test_937,lp_0-4000,Ross_Seal,"Beluga, White Whale","Beluga,_White_Whale",false,1
Qwen/Qwen2.5-Omni-7B,test_937,lp_0-6000,Ross_Seal,"Beluga, White Whale","Beluga,_White_Whale",false,1
Qwen/Qwen2.5-Omni-7B,test_937,lp_0-8000,Ross_Seal,"Beluga, White Whale","Beluga,_White_Whale",false,1
Qwen/Qwen2.5-Omni-7B,test_937,remove_0-1000,Ross_Seal,False Killer Whale,False_Killer_Whale,false,1
Qwen/Qwen2.5-Omni-7B,test_937,remove_1000-2000,Ross_Seal,"Beluga, White Whale","Beluga,_White_Whale",false,1
Qwen/Qwen2.5-Omni-7B,test_937,remove_2000-4000,Ross_Seal,False Killer Whale,False_Killer_Whale,false,1
Qwen/Qwen2.5-Omni-7B,test_937,remove_4000-6000,Ross_Seal,"Beluga, White Whale","Beluga,_White_Whale",false,1
Qwen/Qwen2.5-Omni-7B,test_937,remove_6000-8000,Ross_Seal,"Beluga, White Whale","Beluga,_White_Whale",false,1
Qwen/Qwen2.5-Omni-7B,test_939,lp_0-2000,Ross_Seal,False Killer Whale,False_Killer_Whale,false,1
Qwen/Qwen2.5-Omni-7B,test_939,lp_0-4000,Ross_Seal,Bottlenose Dolphin,Bottlenose_Dolphin,false,1
Qwen/Qwen2.5-Omni-7B,test_939,lp_0-6000,Ross_Seal,Bottlenose Dolphin,Bottlenose_Dolphin,false,1
Qwen/Qwen2.5-Omni-7B,test_939,lp_0-8000,Ross_Seal,False Killer Whale,False_Killer_Whale,false,1
Qwen/Qwen2.5-Omni-7B,test_939,remove_0-1000,Ross_Seal,Bottlenose Dolphin,Bottlenose_Dolphin,false,1
Qwen/Qwen2.5-Omni-7B,test_939,remove_1000-2000,Ross_Seal,Humpback Whale,Humpback_Whale,false,1
Qwen/Qwen2.5-Omni-7B,test_939,remove_2000-4000,Ross_Seal,Humpback Whale,Humpback_Whale,false,1
Qwen/Qwen2.5-Omni-7B,test_939,remove_4000-6000,Ross_Seal,False Killer Whale,False_Killer_Whale,false,1
Qwen/Qwen2.5-Omni-7B,test_939,remove_6000-8000,Ross_Seal,False Killer Whale,False_Killer_Whale,false,1
Qwen/Qwen2.5-Omni-7B,test_945,lp_0-2000,Ross_Seal,Bottlenose Dolphin,Bottlenose_Dolphin,false,1
Qwen/Qwen2.5-Omni-7B,test_945,lp_0-4000,Ross_Seal,Bottlenose Dolphin,Bottlenose_Dolphin,false,1
Qwen/Qwen2.5-Omni-7B,test_945,lp_0-6000,Ross_Seal,Bottlenose Dolphin,Bottlenose_Dolphin,false,1
Qwen/Qwen2.5-Omni-7B,test_945,lp_0-8000,Ross_Seal,Bottlenose Dolphin,Bottlenose_Dolphin,false,1
Qwen/Qwen2.5-Omni-7B,test_945,remove_0-1000,Ross_Seal,"Beluga, White Whale","Beluga,_White_Whale",false,1
Qwen/Qwen2.5-Omni-7B,test_945,remove_1000-2000,Ross_Seal,False Killer Whale,False_Killer_Whale,false,1
Qwen/Qwen2.5-Omni-7B,test_945,remove_2000-4000,Ross_Seal,Bottlenose Dolphin,Bottlenose_Dolphin,false,1
Qwen/Qwen2.5-Omni-7B,test_945,remove_4000-6000,Ross_Seal,Bottlenose Dolphin,Bottlenose_Dolphin,false,1
Qwen/Qwen2.5-Omni-7B,test_945,remove_6000-8000,Ross_Seal,Bottlenose Dolphin,Bottlenose_Dolphin,false,1
Qwen/Qwen2.5-Omni-7B,test_946,lp_0-2000,Ross_Seal,"Beluga, White Whale","Beluga,_White_Whale",false,1
Qwen/Qwen2.5-Omni-7B,test_946,lp_0-4000,Ross_Seal,"Beluga, White Whale","Beluga,_White_Whale",false,1
Qwen/Qwen2.5-Omni-7B,test_946,lp_0-6000,Ross_Seal,"Beluga, White Whale","Beluga,_White_Whale",false,1
Qwen/Qwen2.5-Omni-7B,test_946,lp_0-8000,Ross_Seal,"Beluga, White Whale","Beluga,_White_Whale",false,1
Qwen/Qwen2.5-Omni-7B,test_946,remove_0-1000,Ross_Seal,False Killer Whale,False_Killer_Whale,false,1
Qwen/Qwen2.5-Omni-7B,test_946,remove_1000-2000,Ross_Seal,"Beluga, White Whale","Beluga,_White_Whale",false,1
Qwen/Qwen2.5-Omni-7B,test_946,remove_2000-4000,Ross_Seal,"Beluga, White Whale","Beluga,_White_Whale",false,1
Qwen/Qwen2.5-Omni-7B,test_946,remove_4000-6000,Ross_Seal,"Beluga, White Whale","Beluga,_White_Whale",false,1
Qwen/Qwen2.5-Omni-7B,test_946,remove_6000-8000,Ross_Seal,"Beluga, White Whale","Beluga,_White_Whale",false,1
Qwen/Qwen2.5-Omni-7B,test_953,lp_0-2000,Ross_Seal,"Beluga, White Whale","Beluga,_White_Whale",false,1
Qwen/Qwen2.5-Omni-7B,test_953,lp_0-4000,Ross_Seal,"Beluga, White Whale","Beluga,_White_Whale",false,1
Qwen/Qwen2.5-Omni-7B,test_953,lp_0-6000,Ross_Seal,"Beluga, White Whale","Beluga,_White_Whale",false,1
Qwen/Qwen2.5-Omni-7B,test_953,lp_0-8000,Ross_Seal,"Beluga, White Whale","Beluga,_White_Whale",false,1
Qwen/Qwen2.5-Omni-7B,test_953,remove_0-1000,Ross_Seal,"Beluga, White Whale","Beluga,_White_Whale",false,1
Qwen/Qwen2.5-Omni-7B,test_953,remove_1000-2000,Ross_Seal,Bottlenose Dolphin,Bottlenose_Dolphin,false,1
Qwen/Qwen2.5-Omni-7B,test_953,remove_2000-4000,Ross_Seal,"Beluga, White Whale","Beluga,_White_Whale",false,1
Qwen/Qwen2.5-Omni-7B,test_953,remove_4000-6000,Ross_Seal,"Beluga, White Whale","Beluga,_White_Whale",false,1
Qwen/Qwen2.5-Omni-7B,test_953,remove_6000-8000,Ross_Seal,"Beluga, White Whale","Beluga,_White_Whale",false,1
Qwen/Qwen2.5-Omni-7B,test_959,lp_0-2000,Ross_Seal,False Killer Whale,False_Killer_Whale,false,1
Qwen/Qwen2.5-Omni-7B,test_959,lp_0-4000,Ross_Seal,Bottlenose Dolphin,Bottlenose_Dolphin,false,1
Qwen/Qwen2.5-Omni-7B,test_959,lp_0-6000,Ross_Seal,Bottlenose Dolphin,Bottlenose_Dolphin,false,1
Qwen/Qwen2.5-Omni-7B,test_959,lp_0-8000,Ross_Seal,Bottlenose Dolphin,Bottlenose_Dolphin,false,1
Qwen/Qwen2.5-Omni-7B,test_959,remove_0-1000,Ross_Seal,"Beluga, White Whale","Beluga,_White_Whale",false,1
Qwen/Qwen2.5-Omni-7B,test_959,remove_1000-2000,Ross_Seal,Bottlenose Dolphin,Bottlenose_Dolphin,false,1
Qwen/Qwen2.5-Omni-7B,test_959,remove_2000-4000,Ross_Seal,Bottlenose Dolphin,Bottlenose_Dolphin,false,1
Qwen/Qwen2.5-Omni-7B,test_959,remove_4000-6000,Ross_Seal,Bottlenose Dolphin,Bottlenose_Dolphin,false,1
Qwen/Qwen2.5-Omni-7B,test_959,remove_6000-8000,Ross_Seal,Bottlenose Dolphin,Bottlenose_Dolphin,false,1
Qwen/Qwen2.5-Omni-7B,test_960,lp_0-2000,Ross_Seal,"Beluga, White Whale","Beluga,_White_Whale",false,1
Qwen/Qwen2.5-Omni-7B,test_960,lp_0-4000,Ross_Seal,"Beluga, White Whale","Beluga,_White_Whale",false,1
Qwen/Qwen2.5-Omni-7B,test_960,lp_0-6000,Ross_Seal,"Beluga, White Whale","Beluga,_White_Whale",false,1
Qwen/Qwen2.5-Omni-7B,test_960,lp_0-8000,Ross_Seal,"Beluga, White Whale","Beluga,_White_Whale",false,1
Qwen/Qwen2.5-Omni-7B,test_960,remove_0-1000,Ross_Seal,"Beluga, White Whale","Beluga,_White_Whale",false,1
Qwen/Qwen2.5-Omni-7B,test_960,remove_1000-2000,Ross_Seal,"Beluga, White Whale","Beluga,_White_Whale",false,1
Qwen/Qwen2.5-Omni-7B,test_960,remove_2000-4000,Ross_Seal,"Beluga, White Whale","Beluga,_White_Whale",false,1
Qwen/Qwen2.5-Omni-7B,test_960,remove_4000-6000,Ross_Seal,"Beluga, White Whale","Beluga,_White_Whale",false,1
Qwen/Qwen2.5-Omni-7B,test_960,remove_6000-8000,Ross_Seal,"Beluga, White Whale","Beluga,_White_Whale",false,1
Qwen/Qwen2.5-Omni-7B,test_962,lp_0-2000,Ross_Seal,"Beluga, White Whale","Beluga,_White_Whale",false,1
Qwen/Qwen2.5-Omni-7B,test_962,lp_0-4000,Ross_Seal,"Beluga, White Whale","Beluga,_White_Whale",false,1
Qwen/Qwen2.5-Omni-7B,test_962,lp_0-6000,Ross_Seal,"Beluga, White Whale","Beluga,_White_Whale",false,1
Qwen/Qwen2.5-Omni-7B,test_962,lp_0-8000,Ross_Seal,"Beluga, White Whale","Beluga,_White_Whale",false,1
Qwen/Qwen2.5-Omni-7B,test_962,remove_0-1000,Ross_Seal,"Beluga, White Whale","Beluga,_White_Whale",false,1
Qwen/Qwen2.5-Omni-7B,test_962,remove_1000-2000,Ross_Seal,"Beluga, White Whale","Beluga,_White_Whale",false,1
Qwen/Qwen2.5-Omni-7B,test_962,remove_2000-4000,Ross_Seal,"Beluga, White Whale","Beluga,_White_Whale",false,1
Qwen/Qwen2.5-Omni-7B,test_962,remove_4000-6000,Ross_Seal,"Beluga, White Whale","Beluga,_White_Whale",false,1
Qwen/Qwen2.5-Omni-7B,test_962,remove_6000-8000,Ross_Seal,"Beluga, White Whale","Beluga,_White_Whale",false,1
Qwen/Qwen2.5-Omni-7B,test_972,lp_0-2000,Rough-Toothed_Dolphin,False Killer Whale,False_Killer_Whale,false,1
Qwen/Qwen2.5-Omni-7B,test_972,lp_0-4000,Rough-Toothed_Dolphin,"Beluga, White Whale","Beluga,_White_Whale",false,1
Qwen/Qwen2.5-Omni-7B,test_972,lp_0-6000,Rough-Toothed_Dolphin,"Beluga, White Whale","Beluga,_White_Whale",false,1
Qwen/Qwen2.5-Omni-7B,test_972,lp_0-8000,Rough-Toothed_Dolphin,"Beluga, White Whale","Beluga,_White_Whale",false,1
Qwen/Qwen2.5-Omni-7B,test_972,remove_0-1000,Rough-Toothed_Dolphin,False Killer Whale,False_Killer_Whale,false,1
Qwen/Qwen2.5-Omni-7B,test_972,remove_1000-2000,Rough-Toothed_Dolphin,"Beluga, White Whale","Beluga,_White_Whale",false,1
Qwen/Qwen2.5-Omni-7B,test_972,remove_2000-4000,Rough-Toothed_Dolphin,"Beluga, White Whale","Beluga,_White_Whale",false,1
Qwen/Qwen2.5-Omni-7B,test_972,remove_4000-6000,Rough-Toothed_Dolphin,"Beluga, White Whale","Beluga,_White_Whale",false,1
Qwen/Qwen2.5-Omni-7B,test_972,remove_6000-8000,Rough-Toothed_Dolphin,Bottlenose Dolphin,Bottlenose_Dolphin,false,1
Qwen/Qwen2.5-Omni-7B,test_974,lp_0-2000,Rough-Toothed_Dolphin,False Killer Whale,False_Killer_Whale,false,1
Qwen/Qwen2.5-Omni-7B,test_974,lp_0-4000,Rough-Toothed_Dolphin,"Beluga, White Whale","Beluga,_White_Whale",false,1
Qwen/Qwen2.5-Omni-7B,test_974,lp_0-6000,Rough-Toothed_Dolphin,Bottlenose Dolphin,Bottlenose_Dolphin,false,1
Qwen/Qwen2.5-Omni-7B,test_974,lp_0-8000,Rough-Toothed_Dolphin,Bottlenose Dolphin,Bottlenose_Dolphin,false,1
Qwen/Qwen2.5-Omni-7B,test_974,remove_0-1000,Rough-Toothed_Dolphin,Bottlenose Dolphin,Bottlenose_Dolphin,false,1
Qwen/Qwen2.5-Omni-7B,test_974,remove_1000-2000,Rough-Toothed_Dolphin,"Beluga, White Whale","Beluga,_White_Whale",false,1
Qwen/Qwen2.5-Omni-7B,test_974,remove_2000-4000,Rough-Toothed_Dolphin,Bottlenose Dolphin,Bottlenose_Dolphin,false,1
Qwen/Qwen2.5-Omni-7B,test_974,remove_4000-6000,Rough-Toothed_Dolphin,Bottlenose Dolphin,Bottlenose_Dolphin,false,1
Qwen/Qwen2.5-Omni-7B,test_974,remove_6000-8000,Rough-Toothed_Dolphin,"Beluga, White Whale","Beluga,_White_Whale",false,1
Qwen/Qwen2.5-Omni-7B,test_975,lp_0-2000,Rough-Toothed_Dolphin,False Killer Whale,False_Killer_Whale,false,1
Qwen/Qwen2.5-Omni-7B,test_975,lp_0-4000,Rough-Toothed_Dolphin,"Beluga, White Whale","Beluga,_White_Whale",false,1
Qwen/Qwen2.5-Omni-7B,test_975,lp_0-6000,Rough-Toothed_Dolphin,"Beluga, White Whale","Beluga,_White_Whale",false,1
Qwen/Qwen2.5-Omni-7B,test_975,lp_0-8000,Rough-Toothed_Dolphin,"Beluga, White Whale","Beluga,_White_Whale",false,1
Qwen/Qwen2.5-Omni-7B,test_975,remove_0-1000,Rough-Toothed_Dolphin,False Killer Whale,False_Killer_Whale,false,1
Qwen/Qwen2.5-Omni-7B,test_975,remove_1000-2000,Rough-Toothed_Dolphin,"Beluga, White Whale","Beluga,_White_Whale",false,1
Qwen/Qwen2.5-Omni-7B,test_975,remove_2000-4000,Rough-Toothed_Dolphin,"Beluga, White Whale","Beluga,_White_Whale",false,1
Qwen/Qwen2.5-Omni-7B,test_975,remove_4000-6000,Rough-Toothed_Dolphin,"Beluga, White Whale","Beluga,_White_Whale",false,1
Qwen/Qwen2.5-Omni-7B,test_975,remove_6000-8000,Rough-Toothed_Dolphin,"Beluga, White Whale","Beluga,_White_Whale",false,1
Qwen/Qwen2.5-Omni-7B,test_978,lp_0-2000,Rough-Toothed_Dolphin,False Killer Whale,False_Killer_Whale,false,1
Qwen/Qwen2.5-Omni-7B,test_978,lp_0-4000,Rough-Toothed_Dolphin,False Killer Whale,False_Killer_Whale,false,1
Qwen/Qwen2.5-Omni-7B,test_978,lp_0-6000,Rough-Toothed_Dolphin,False Killer Whale,False_Killer_Whale,false,1
Qwen/Qwen2.5-Omni-7B,test_978,lp_0-8000,Rough-Toothed_Dolphin,False Killer Whale,False_Killer_Whale,false,1
Qwen/Qwen2.5-Omni-7B,test_978,remove_0-1000,Rough-Toothed_Dolphin,False Killer Whale,False_Killer_Whale,false,1
Qwen/Qwen2.5-Omni-7B,test_978,remove_1000-2000,Rough-Toothed_Dolphin,False Killer Whale,False_Killer_Whale,false,1
Qwen/Qwen2.5-Omni-7B,test_978,remove_2000-4000,Rough-Toothed_Dolphin,False Killer Whale,False_Killer_Whale,false,1
Qwen/Qwen2.5-Omni-7B,test_978,remove_4000-6000,Rough-Toothed_Dolphin,False Killer Whale,False_Killer_Whale,false,1
Qwen/Qwen2.5-Omni-7B,test_978,remove_6000-8000,Rough-Toothed_Dolphin,False Killer Whale,False_Killer_Whale,false,1
Qwen/Qwen2.5-Omni-7B,test_980,lp_0-2000,Rough-Toothed_Dolphin,False Killer Whale,False_Killer_Whale,false,1
Qwen/Qwen2.5-Omni-7B,test_980,lp_0-4000,Rough-Toothed_Dolphin,False Killer Whale,False_Killer_Whale,false,1
Qwen/Qwen2.5-Omni-7B,test_980,lp_0-6000,Rough-Toothed_Dolphin,False Killer Whale,False_Killer_Whale,false,1
Qwen/Qwen2.5-Omni-7B,test_980,lp_0-8000,Rough-Toothed_Dolphin,Bottlenose Dolphin,Bottlenose_Dolphin,false,1
Qwen/Qwen2.5-Omni-7B,test_980,remove_0-1000,Rough-Toothed_Dolphin,Bottlenose Dolphin,Bottlenose_Dolphin,false,1
Qwen/Qwen2.5-Omni-7B,test_980,remove_1000-2000,Rough-Toothed_Dolphin,False Killer Whale,False_Killer_Whale,false,1
Qwen/Qwen2.5-Omni-7B,test_980,remove_2000-4000,Rough-Toothed_Dolphin,False Killer Whale,False_Killer_Whale,false,1
Qwen/Qwen2.5-Omni-7B,test_980,remove_4000-6000,Rough-Toothed_Dolphin,False Killer Whale,False_Killer_Whale,false,1
Qwen/Qwen2.5-Omni-7B,test_980,remove_6000-8000,Rough-Toothed_Dolphin,False Killer Whale,False_Killer_Whale,false,1
Qwen/Qwen2.5-Omni-7B,test_994,lp_0-2000,Rough-Toothed_Dolphin,False Killer Whale,False_Killer_Whale,false,1
Qwen/Qwen2.5-Omni-7B,test_994,lp_0-4000,Rough-Toothed_Dolphin,"Beluga, White Whale","Beluga,_White_Whale",false,1
Qwen/Qwen2.5-Omni-7B,test_994,lp_0-6000,Rough-Toothed_Dolphin,"Beluga, White Whale","Beluga,_White_Whale",false,1
Qwen/Qwen2.5-Omni-7B,test_994,lp_0-8000,Rough-Toothed_Dolphin,"Beluga, White Whale","Beluga,_White_Whale",false,1
Qwen/Qwen2.5-Omni-7B,test_994,remove_0-1000,Rough-Toothed_Dolphin,False Killer Whale,False_Killer_Whale,false,1
Qwen/Qwen2.5-Omni-7B,test_994,remove_1000-2000,Rough-Toothed_Dolphin,False Killer Whale,False_Killer_Whale,false,1
Qwen/Qwen2.5-Omni-7B,test_994,remove_2000-4000,Rough-Toothed_Dolphin,False Killer Whale,False_Killer_Whale,false,1
Qwen/Qwen2.5-Omni-7B,test_994,remove_4000-6000,Rough-Toothed_Dolphin,"Beluga, White Whale","Beluga,_White_Whale",false,1
Qwen/Qwen2.5-Omni-7B,test_994,remove_6000-8000,Rough-Toothed_Dolphin,False Killer Whale,False_Killer_Whale,false,1
Qwen/Qwen2.5-Omni-7B,test_997,lp_0-2000,Rough-Toothed_Dolphin,False Killer Whale,False_Killer_Whale,false,1
Qwen/Qwen2.5-Omni-7B,test_997,lp_0-4000,Rough-Toothed_Dolphin,False Killer Whale,False_Killer_Whale,false,1
Qwen/Qwen2.5-Omni-7B,test_997,lp_0-6000,Rough-Toothed_Dolphin,False Killer Whale,False_Killer_Whale,false,1
Qwen/Qwen2.5-Omni-7B,test_997,lp_0-8000,Rough-Toothed_Dolphin,Bottlenose Dolphin,Bottlenose_Dolphin,false,1
Qwen/Qwen2.5-Omni-7B,test_997,remove_0-1000,Rough-Toothed_Dolphin,False Killer Whale,False_Killer_Whale,false,1
Qwen/Qwen2.5-Omni-7B,test_997,remove_1000-2000,Rough-Toothed_Dolphin,False Killer Whale,False_Killer_Whale,false,1
Qwen/Qwen2.5-Omni-7B,test_997,remove_2000-4000,Rough-Toothed_Dolphin,Bottlenose Dolphin,Bottlenose_Dolphin,false,1
Qwen/Qwen2.5-Omni-7B,test_997,remove_4000-6000,Rough-Toothed_Dolphin,False Killer Whale,False_Killer_Whale,false,1
Qwen/Qwen2.5-Omni-7B,test_997,remove_6000-8000,Rough-Toothed_Dolphin,False Killer Whale,False_Killer_Whale,false,1
Qwen/Qwen2.5-Omni-7B,test_999,lp_0-2000,Rough-Toothed_Dolphin,False Killer Whale,False_Killer_Whale,false,1
Qwen/Qwen2.5-Omni-7B,test_999,lp_0-4000,Rough-Toothed_Dolphin,False Killer Whale,False_Killer_Whale,false,1
Qwen/Qwen2.5-Omni-7B,test_999,lp_0-6000,Rough-Toothed_Dolphin,Bottlenose Dolphin,Bottlenose_Dolphin,false,1
Qwen/Qwen2.5-Omni-7B,test_999,lp_0-8000,Rough-Toothed_Dolphin,Bottlenose Dolphin,Bottlenose_Dolphin,false,1
Qwen/Qwen2.5-Omni-7B,test_999,remove_0-1000,Rough-Toothed_Dolphin,False Killer Whale,False_Killer_Whale,false,1
Qwen/Qwen2.5-Omni-7B,test_999,remove_1000-2000,Rough-Toothed_Dolphin,False Killer Whale,False_Killer_Whale,false,1
Qwen/Qwen2.5-Omni-7B,test_999,remove_2000-4000,Rough-Toothed_Dolphin,False Killer Whale,False_Killer_Whale,false,1
Qwen/Qwen2.5-Omni-7B,test_999,remove_4000-6000,Rough-Toothed_Dolphin,"Beluga, White Whale","Beluga,_White_Whale",false,1
Qwen/Qwen2.5-Omni-7B,test_999,remove_6000-8000,Rough-Toothed_Dolphin,False Killer Whale,False_Killer_Whale,false,1
Qwen/Qwen2.5-Omni-7B,test_1008,lp_0-2000,Rough-Toothed_Dolphin,False Killer Whale,False_Killer_Whale,false,1
Qwen/Qwen2.5-Omni-7B,test_1008,lp_0-4000,Rough-Toothed_Dolphin,False Killer Whale,False_Killer_Whale,false,1
Qwen/Qwen2.5-Omni-7B,test_1008,lp_0-6000,Rough-Toothed_Dolphin,False Killer Whale,False_Killer_Whale,false,1
Qwen/Qwen2.5-Omni-7B,test_1008,lp_0-8000,Rough-Toothed_Dolphin,False Killer Whale,False_Killer_Whale,false,1
Qwen/Qwen2.5-Omni-7B,test_1008,remove_0-1000,Rough-Toothed_Dolphin,False Killer Whale,False_Killer_Whale,false,1
Qwen/Qwen2.5-Omni-7B,test_1008,remove_1000-2000,Rough-Toothed_Dolphin,False Killer Whale,False_Killer_Whale,false,1
Qwen/Qwen2.5-Omni-7B,test_1008,remove_2000-4000,Rough-Toothed_Dolphin,False Killer Whale,False_Killer_Whale,false,1
Qwen/Qwen2.5-Omni-7B,test_1008,remove_4000-6000,Rough-Toothed_Dolphin,False Killer Whale,False_Killer_Whale,false,1
Qwen/Qwen2.5-Omni-7B,test_1008,remove_6000-8000,Rough-Toothed_Dolphin,False Killer Whale,False_Killer_Whale,false,1
Qwen/Qwen2.5-Omni-7B,test_1019,lp_0-2000,Rough-Toothed_Dolphin,"Beluga, White Whale","Beluga,_White_Whale",false,1
Qwen/Qwen2.5-Omni-7B,test_1019,lp_0-4000,Rough-Toothed_Dolphin,"Beluga, White Whale","Beluga,_White_Whale",false,1
Qwen/Qwen2.5-Omni-7B,test_1019,lp_0-6000,Rough-Toothed_Dolphin,"Beluga, White Whale","Beluga,_White_Whale",false,1
Qwen/Qwen2.5-Omni-7B,test_1019,lp_0-8000,Rough-Toothed_Dolphin,"Beluga, White Whale","Beluga,_White_Whale",false,1
Qwen/Qwen2.5-Omni-7B,test_1019,remove_0-1000,Rough-Toothed_Dolphin,False Killer Whale,False_Killer_Whale,false,1
Qwen/Qwen2.5-Omni-7B,test_1019,remove_1000-2000,Rough-Toothed_Dolphin,"Beluga, White Whale","Beluga,_White_Whale",false,1
Qwen/Qwen2.5-Omni-7B,test_1019,remove_2000-4000,Rough-Toothed_Dolphin,"Beluga, White Whale","Beluga,_White_Whale",false,1
Qwen/Qwen2.5-Omni-7B,test_1019,remove_4000-6000,Rough-Toothed_Dolphin,"Beluga, White Whale","Beluga,_White_Whale",false,1
Qwen/Qwen2.5-Omni-7B,test_1019,remove_6000-8000,Rough-Toothed_Dolphin,"Beluga, White Whale","Beluga,_White_Whale",false,1
Qwen/Qwen2.5-Omni-7B,test_1021,lp_0-2000,Killer_Whale,"Beluga, White Whale","Beluga,_White_Whale",false,1
Qwen/Qwen2.5-Omni-7B,test_1021,lp_0-4000,Killer_Whale,"Beluga, White Whale","Beluga,_White_Whale",false,1
Qwen/Qwen2.5-Omni-7B,test_1021,lp_0-6000,Killer_Whale,"Beluga, White Whale","Beluga,_White_Whale",false,1
Qwen/Qwen2.5-Omni-7B,test_1021,lp_0-8000,Killer_Whale,"Beluga, White Whale","Beluga,_White_Whale",false,1
Qwen/Qwen2.5-Omni-7B,test_1021,remove_0-1000,Killer_Whale,False Killer Whale,False_Killer_Whale,false,1
Qwen/Qwen2.5-Omni-7B,test_1021,remove_1000-2000,Killer_Whale,"Beluga, White Whale","Beluga,_White_Whale",false,1
Qwen/Qwen2.5-Omni-7B,test_1021,remove_2000-4000,Killer_Whale,"Beluga, White Whale","Beluga,_White_Whale",false,1
Qwen/Qwen2.5-Omni-7B,test_1021,remove_4000-6000,Killer_Whale,"Beluga, White Whale","Beluga,_White_Whale",false,1
Qwen/Qwen2.5-Omni-7B,test_1021,remove_6000-8000,Killer_Whale,"Beluga, White Whale","Beluga,_White_Whale",false,1
Qwen/Qwen2.5-Omni-7B,test_1029,lp_0-2000,Killer_Whale,"Beluga, White Whale","Beluga,_White_Whale",false,1
Qwen/Qwen2.5-Omni-7B,test_1029,lp_0-4000,Killer_Whale,"Beluga, White Whale","Beluga,_White_Whale",false,1
Qwen/Qwen2.5-Omni-7B,test_1029,lp_0-6000,Killer_Whale,Killer Whale,Killer_Whale,true,1
Qwen/Qwen2.5-Omni-7B,test_1029,lp_0-8000,Killer_Whale,Killer Whale,Killer_Whale,true,1
Qwen/Qwen2.5-Omni-7B,test_1029,remove_0-1000,Killer_Whale,False Killer Whale,False_Killer_Whale,false,1
Qwen/Qwen2.5-Omni-7B,test_1029,remove_1000-2000,Killer_Whale,False Killer Whale,False_Killer_Whale,false,1
Qwen/Qwen2.5-Omni-7B,test_1029,remove_2000-4000,Killer_Whale,False Killer Whale,False_Killer_Whale,false,1
Qwen/Qwen2.5-Omni-7B,test_1029,remove_4000-6000,Killer_Whale,Killer Whale,Killer_Whale,true,1
Qwen/Qwen2.5-Omni-7B,test_1029,remove_6000-8000,Killer_Whale,"Beluga, White Whale","Beluga,_White_Whale",false,1
Qwen/Qwen2.5-Omni-7B,test_1034,lp_0-2000,Killer_Whale,"Beluga, White Whale","Beluga,_White_Whale",false,1
Qwen/Qwen2.5-Omni-7B,test_1034,lp_0-4000,Killer_Whale,"Beluga, White Whale","Beluga,_White_Whale",false,1
Qwen/Qwen2.5-Omni-7B,test_1034,lp_0-6000,Killer_Whale,"Beluga, White Whale","Beluga,_White_Whale",false,1
Qwen/Qwen2.5-Omni-7B,test_1034,lp_0-8000,Killer_Whale,"Beluga, White Whale","Beluga,_White_Whale",false,1
Qwen/Qwen2.5-Omni-7B,test_1034,remove_0-1000,Killer_Whale,"Beluga, White Whale","Beluga,_White_Whale",false,1
Qwen/Qwen2.5-Omni-7B,test_1034,remove_1000-2000,Killer_Whale,"Beluga, White Whale","Beluga,_White_Whale",false,1
Qwen/Qwen2.5-Omni-7B,test_1034,remove_2000-4000,Killer_Whale,"Beluga, White Whale","Beluga,_White_Whale",false,1
Qwen/Qwen2.5-Omni-7B,test_1034,remove_4000-6000,Killer_Whale,"Beluga, White Whale","Beluga,_White_Whale",false,1
Qwen/Qwen2.5-Omni-7B,test_1034,remove_6000-8000,Killer_Whale,"Beluga, White Whale","Beluga,_White_Whale",false,1
Qwen/Qwen2.5-Omni-7B,test_1041,lp_0-2000,Killer_Whale,False Killer Whale,False_Killer_Whale,false,1
Qwen/Qwen2.5-Omni-7B,test_1041,lp_0-4000,Killer_Whale,"Beluga, White Whale","Beluga,_White_Whale",false,1
Qwen/Qwen2.5-Omni-7B,test_1041,lp_0-6000,Killer_Whale,"Beluga, White Whale","Beluga,_White_Whale",false,1
Qwen/Qwen2.5-Omni-7B,test_1041,lp_0-8000,Killer_Whale,"Beluga, White Whale","Beluga,_White_Whale",false,1
Qwen/Qwen2.5-Omni-7B,test_1041,remove_0-1000,Killer_Whale,False Killer Whale,False_Killer_Whale,false,1
Qwen/Qwen2.5-Omni-7B,test_1041,remove_1000-2000,Killer_Whale,False Killer Whale,False_Killer_Whale,false,1
Qwen/Qwen2.5-Omni-7B,test_1041,remove_2000-4000,Killer_Whale,False Killer Whale,False_Killer_Whale,false,1
Qwen/Qwen2.5-Omni-7B,test_1041,remove_4000-6000,Killer_Whale,"Beluga, White Whale","Beluga,_White_Whale",false,1
Qwen/Qwen2.5-Omni-7B,test_1041,remove_6000-8000,Killer_Whale,"Beluga, White Whale","Beluga,_White_Whale",false,1
Qwen/Qwen2.5-Omni-7B,test_1042,lp_0-2000,Killer_Whale,"Beluga, White Whale","Beluga,_White_Whale",false,1
Qwen/Qwen2.5-Omni-7B,test_1042,lp_0-4000,Killer_Whale,"Beluga, White Whale","Beluga,_White_Whale",false,1
Qwen/Qwen2.5-Omni-7B,test_1042,lp_0-6000,Killer_Whale,"Beluga, White Whale","Beluga,_White_Whale",false,1
Qwen/Qwen2.5-Omni-7B,test_1042,lp_0-8000,Killer_Whale,"Beluga, White Whale","Beluga,_White_Whale",false,1
Qwen/Qwen2.5-Omni-7B,test_1042,remove_0-1000,Killer_Whale,False Killer Whale,False_Killer_Whale,false,1
Qwen/Qwen2.5-Omni-7B,test_1042,remove_1000-2000,Killer_Whale,"Beluga, White Whale","Beluga,_White_Whale",false,1
Qwen/Qwen2.5-Omni-7B,test_1042,remove_2000-4000,Killer_Whale,"Beluga, White Whale","Beluga,_White_Whale",false,1
Qwen/Qwen2.5-Omni-7B,test_1042,remove_4000-6000,Killer_Whale,"Beluga, White Whale","Beluga,_White_Whale",false,1
Qwen/Qwen2.5-Omni-7B,test_1042,remove_6000-8000,Killer_Whale,"Beluga, White Whale","Beluga,_White_Whale",false,1
Qwen/Qwen2.5-Omni-7B,test_1048,lp_0-2000,Killer_Whale,False Killer Whale,False_Killer_Whale,false,1
Qwen/Qwen2.5-Omni-7B,test_1048,lp_0-4000,Killer_Whale,False Killer Whale,False_Killer_Whale,false,1
Qwen/Qwen2.5-Omni-7B,test_1048,lp_0-6000,Killer_Whale,False Killer Whale,False_Killer_Whale,false,1
Qwen/Qwen2.5-Omni-7B,test_1048,lp_0-8000,Killer_Whale,False Killer Whale,False_Killer_Whale,false,1
Qwen/Qwen2.5-Omni-7B,test_1048,remove_0-1000,Killer_Whale,False Killer Whale,False_Killer_Whale,false,1
Qwen/Qwen2.5-Omni-7B,test_1048,remove_1000-2000,Killer_Whale,False Killer Whale,False_Killer_Whale,false,1
Qwen/Qwen2.5-Omni-7B,test_1048,remove_2000-4000,Killer_Whale,False Killer Whale,False_Killer_Whale,false,1
Qwen/Qwen2.5-Omni-7B,test_1048,remove_4000-6000,Killer_Whale,False Killer Whale,False_Killer_Whale,false,1
Qwen/Qwen2.5-Omni-7B,test_1048,remove_6000-8000,Killer_Whale,False Killer Whale,False_Killer_Whale,false,1
Qwen/Qwen2.5-Omni-7B,test_1051,lp_0-2000,Killer_Whale,"Beluga, White Whale","Beluga,_White_Whale",false,1
Qwen/Qwen2.5-Omni-7B,test_1051,lp_0-4000,Killer_Whale,"Beluga, White Whale","Beluga,_White_Whale",false,1
Qwen/Qwen2.5-Omni-7B,test_1051,lp_0-6000,Killer_Whale,"Beluga, White Whale","Beluga,_White_Whale",false,1
Qwen/Qwen2.5-Omni-7B,test_1051,lp_0-8000,Killer_Whale,"Beluga, White Whale","Beluga,_White_Whale",false,1
Qwen/Qwen2.5-Omni-7B,test_1051,remove_0-1000,Killer_Whale,False Killer Whale,False_Killer_Whale,false,1
Qwen/Qwen2.5-Omni-7B,test_1051,remove_1000-2000,Killer_Whale,Bottlenose Dolphin,Bottlenose_Dolphin,false,1
Qwen/Qwen2.5-Omni-7B,test_1051,remove_2000-4000,Killer_Whale,"Beluga, White Whale","Beluga,_White_Whale",false,1
Qwen/Qwen2.5-Omni-7B,test_1051,remove_4000-6000,Killer_Whale,False Killer Whale,False_Killer_Whale,false,1
Qwen/Qwen2.5-Omni-7B,test_1051,remove_6000-8000,Killer_Whale,"Beluga, White Whale","Beluga,_White_Whale",false,1
Qwen/Qwen2.5-Omni-7B,test_1056,lp_0-2000,Pantropical_Spotted_Dolphin,False Killer Whale,False_Killer_Whale,false,1
Qwen/Qwen2.5-Omni-7B,test_1056,lp_0-4000,Pantropical_Spotted_Dolphin,False Killer Whale,False_Killer_Whale,false,1
Qwen/Qwen2.5-Omni-7B,test_1056,lp_0-6000,Pantropical_Spotted_Dolphin,False Killer Whale,False_Killer_Whale,false,1
Qwen/Qwen2.5-Omni-7B,test_1056,lp_0-8000,Pantropical_Spotted_Dolphin,False Killer Whale,False_Killer_Whale,false,1
Qwen/Qwen2.5-Omni-7B,test_1056,remove_0-1000,Pantropical_Spotted_Dolphin,False Killer Whale,False_Killer_Whale,false,1
Qwen/Qwen2.5-Omni-7B,test_1056,remove_1000-2000,Pantropical_Spotted_Dolphin,False Killer Whale,False_Killer_Whale,false,1
Qwen/Qwen2.5-Omni-7B,test_1056,remove_2000-4000,Pantropical_Spotted_Dolphin,False Killer Whale,False_Killer_Whale,false,1
Qwen/Qwen2.5-Omni-7B,test_1056,remove_4000-6000,Pantropical_Spotted_Dolphin,False Killer Whale,False_Killer_Whale,false,1
Qwen/Qwen2.5-Omni-7B,test_1056,remove_6000-8000,Pantropical_Spotted_Dolphin,False Killer Whale,False_Killer_Whale,false,1
Qwen/Qwen2.5-Omni-7B,test_1057,lp_0-2000,Pantropical_Spotted_Dolphin,False Killer Whale,False_Killer_Whale,false,1
Qwen/Qwen2.5-Omni-7B,test_1057,lp_0-4000,Pantropical_Spotted_Dolphin,Bottlenose Dolphin,Bottlenose_Dolphin,false,1
Qwen/Qwen2.5-Omni-7B,test_1057,lp_0-6000,Pantropical_Spotted_Dolphin,Bottlenose Dolphin,Bottlenose_Dolphin,false,1
Qwen/Qwen2.5-Omni-7B,test_1057,lp_0-8000,Pantropical_Spotted_Dolphin,Bottlenose Dolphin,Bottlenose_Dolphin,false,1
Qwen/Qwen2.5-Omni-7B,test_1057,remove_0-1000,Pantropical_Spotted_Dolphin,False Killer Whale,False_Killer_Whale,false,1
Qwen/Qwen2.5-Omni-7B,test_1057,remove_1000-2000,Pantropical_Spotted_Dolphin,Bottlenose Dolphin,Bottlenose_Dolphin,false,1
Qwen/Qwen2.5-Omni-7B,test_1057,remove_2000-4000,Pantropical_Spotted_Dolphin,False Killer Whale,False_Killer_Whale,false,1
Qwen/Qwen2.5-Omni-7B,test_1057,remove_4000-6000,Pantropical_Spotted_Dolphin,Bottlenose Dolphin,Bottlenose_Dolphin,false,1
Qwen/Qwen2.5-Omni-7B,test_1057,remove_6000-8000,Pantropical_Spotted_Dolphin,False Killer Whale,False_Killer_Whale,false,1
Qwen/Qwen2.5-Omni-7B,test_1060,lp_0-2000,Pantropical_Spotted_Dolphin,False Killer Whale,False_Killer_Whale,false,1
Qwen/Qwen2.5-Omni-7B,test_1060,lp_0-4000,Pantropical_Spotted_Dolphin,False Killer Whale,False_Killer_Whale,false,1
Qwen/Qwen2.5-Omni-7B,test_1060,lp_0-6000,Pantropical_Spotted_Dolphin,False Killer Whale,False_Killer_Whale,false,1
Qwen/Qwen2.5-Omni-7B,test_1060,lp_0-8000,Pantropical_Spotted_Dolphin,False Killer Whale,False_Killer_Whale,false,1
Qwen/Qwen2.5-Omni-7B,test_1060,remove_0-1000,Pantropical_Spotted_Dolphin,False Killer Whale,False_Killer_Whale,false,1
Qwen/Qwen2.5-Omni-7B,test_1060,remove_1000-2000,Pantropical_Spotted_Dolphin,False Killer Whale,False_Killer_Whale,false,1
Qwen/Qwen2.5-Omni-7B,test_1060,remove_2000-4000,Pantropical_Spotted_Dolphin,False Killer Whale,False_Killer_Whale,false,1
Qwen/Qwen2.5-Omni-7B,test_1060,remove_4000-6000,Pantropical_Spotted_Dolphin,False Killer Whale,False_Killer_Whale,false,1
Qwen/Qwen2.5-Omni-7B,test_1060,remove_6000-8000,Pantropical_Spotted_Dolphin,False Killer Whale,False_Killer_Whale,false,1
Qwen/Qwen2.5-Omni-7B,test_1065,lp_0-2000,Pantropical_Spotted_Dolphin,False Killer Whale,False_Killer_Whale,false,1
Qwen/Qwen2.5-Omni-7B,test_1065,lp_0-4000,Pantropical_Spotted_Dolphin,False Killer Whale,False_Killer_Whale,false,1
Qwen/Qwen2.5-Omni-7B,test_1065,lp_0-6000,Pantropical_Spotted_Dolphin,Bottlenose Dolphin,Bottlenose_Dolphin,false,1
Qwen/Qwen2.5-Omni-7B,test_1065,lp_0-8000,Pantropical_Spotted_Dolphin,Bottlenose Dolphin,Bottlenose_Dolphin,false,1
Qwen/Qwen2.5-Omni-7B,test_1065,remove_0-1000,Pantropical_Spotted_Dolphin,False Killer Whale,False_Killer_Whale,false,1
Qwen/Qwen2.5-Omni-7B,test_1065,remove_1000-2000,Pantropical_Spotted_Dolphin,Bottlenose Dolphin,Bottlenose_Dolphin,false,1
Qwen/Qwen2.5-Omni-7B,test_1065,remove_2000-4000,Pantropical_Spotted_Dolphin,Bottlenose Dolphin,Bottlenose_Dolphin,false,1
Qwen/Qwen2.5-Omni-7B,test_1065,remove_4000-6000,Pantropical_Spotted_Dolphin,False Killer Whale,False_Killer_Whale,false,1
Qwen/Qwen2.5-Omni-7B,test_1065,remove_6000-8000,Pantropical_Spotted_Dolphin,False Killer Whale,False_Killer_Whale,false,1
Qwen/Qwen2.5-Omni-7B,test_1066,lp_0-2000,Pantropical_Spotted_Dolphin,False Killer Whale,False_Killer_Whale,false,1
Qwen/Qwen2.5-Omni-7B,test_1066,lp_0-4000,Pantropical_Spotted_Dolphin,False Killer Whale,False_Killer_Whale,false,1
Qwen/Qwen2.5-Omni-7B,test_1066,lp_0-6000,Pantropical_Spotted_Dolphin,False Killer Whale,False_Killer_Whale,false,1
Qwen/Qwen2.5-Omni-7B,test_1066,lp_0-8000,Pantropical_Spotted_Dolphin,False Killer Whale,False_Killer_Whale,false,1
Qwen/Qwen2.5-Omni-7B,test_1066,remove_0-1000,Pantropical_Spotted_Dolphin,False Killer Whale,False_Killer_Whale,false,1
Qwen/Qwen2.5-Omni-7B,test_1066,remove_1000-2000,Pantropical_Spotted_Dolphin,False Killer Whale,False_Killer_Whale,false,1
Qwen/Qwen2.5-Omni-7B,test_1066,remove_2000-4000,Pantropical_Spotted_Dolphin,False Killer Whale,False_Killer_Whale,false,1
Qwen/Qwen2.5-Omni-7B,test_1066,remove_4000-6000,Pantropical_Spotted_Dolphin,False Killer Whale,False_Killer_Whale,false,1
Qwen/Qwen2.5-Omni-7B,test_1066,remove_6000-8000,Pantropical_Spotted_Dolphin,False Killer Whale,False_Killer_Whale,false,1
Qwen/Qwen2.5-Omni-7B,test_1075,lp_0-2000,Pantropical_Spotted_Dolphin,False Killer Whale,False_Killer_Whale,false,1
Qwen/Qwen2.5-Omni-7B,test_1075,lp_0-4000,Pantropical_Spotted_Dolphin,False Killer Whale,False_Killer_Whale,false,1
Qwen/Qwen2.5-Omni-7B,test_1075,lp_0-6000,Pantropical_Spotted_Dolphin,Bottlenose Dolphin,Bottlenose_Dolphin,false,1
Qwen/Qwen2.5-Omni-7B,test_1075,lp_0-8000,Pantropical_Spotted_Dolphin,False Killer Whale,False_Killer_Whale,false,1
Qwen/Qwen2.5-Omni-7B,test_1075,remove_0-1000,Pantropical_Spotted_Dolphin,False Killer Whale,False_Killer_Whale,false,1
Qwen/Qwen2.5-Omni-7B,test_1075,remove_1000-2000,Pantropical_Spotted_Dolphin,False Killer Whale,False_Killer_Whale,false,1
Qwen/Qwen2.5-Omni-7B,test_1075,remove_2000-4000,Pantropical_Spotted_Dolphin,False Killer Whale,False_Killer_Whale,false,1
Qwen/Qwen2.5-Omni-7B,test_1075,remove_4000-6000,Pantropical_Spotted_Dolphin,False Killer Whale,False_Killer_Whale,false,1
Qwen/Qwen2.5-Omni-7B,test_1075,remove_6000-8000,Pantropical_Spotted_Dolphin,False Killer Whale,False_Killer_Whale,false,1
Qwen/Qwen2.5-Omni-7B,test_1088,lp_0-2000,Pantropical_Spotted_Dolphin,"Beluga, White Whale","Beluga,_White_Whale",false,1
Qwen/Qwen2.5-Omni-7B,test_1088,lp_0-4000,Pantropical_Spotted_Dolphin,"Beluga, White Whale","Beluga,_White_Whale",false,1
Qwen/Qwen2.5-Omni-7B,test_1088,lp_0-6000,Pantropical_Spotted_Dolphin,"Beluga, White Whale","Beluga,_White_Whale",false,1
Qwen/Qwen2.5-Omni-7B,test_1088,lp_0-8000,Pantropical_Spotted_Dolphin,False Killer Whale,False_Killer_Whale,false,1
Qwen/Qwen2.5-Omni-7B,test_1088,remove_0-1000,Pantropical_Spotted_Dolphin,False Killer Whale,False_Killer_Whale,false,1
Qwen/Qwen2.5-Omni-7B,test_1088,remove_1000-2000,Pantropical_Spotted_Dolphin,False Killer Whale,False_Killer_Whale,false,1
Qwen/Qwen2.5-Omni-7B,test_1088,remove_2000-4000,Pantropical_Spotted_Dolphin,False Killer Whale,False_Killer_Whale,false,1
Qwen/Qwen2.5-Omni-7B,test_1088,remove_4000-6000,Pantropical_Spotted_Dolphin,Bottlenose Dolphin,Bottlenose_Dolphin,false,1
Qwen/Qwen2.5-Omni-7B,test_1088,remove_6000-8000,Pantropical_Spotted_Dolphin,False Killer Whale,False_Killer_Whale,false,1
Qwen/Qwen2.5-Omni-7B,test_1093,lp_0-2000,Pantropical_Spotted_Dolphin,False Killer Whale,False_Killer_Whale,false,1
Qwen/Qwen2.5-Omni-7B,test_1093,lp_0-4000,Pantropical_Spotted_Dolphin,False Killer Whale,False_Killer_Whale,false,1
Qwen/Qwen2.5-Omni-7B,test_1093,lp_0-6000,Pantropical_Spotted_Dolphin,False Killer Whale,False_Killer_Whale,false,1
Qwen/Qwen2.5-Omni-7B,test_1093,lp_0-8000,Pantropical_Spotted_Dolphin,False Killer Whale,False_Killer_Whale,false,1
Qwen/Qwen2.5-Omni-7B,test_1093,remove_0-1000,Pantropical_Spotted_Dolphin,False Killer Whale,False_Killer_Whale,false,1
Qwen/Qwen2.5-Omni-7B,test_1093,remove_1000-2000,Pantropical_Spotted_Dolphin,False Killer Whale,False_Killer_Whale,false,1
Qwen/Qwen2.5-Omni-7B,test_1093,remove_2000-4000,Pantropical_Spotted_Dolphin,False Killer Whale,False_Killer_Whale,false,1
Qwen/Qwen2.5-Omni-7B,test_1093,remove_4000-6000,Pantropical_Spotted_Dolphin,False Killer Whale,False_Killer_Whale,false,1
Qwen/Qwen2.5-Omni-7B,test_1093,remove_6000-8000,Pantropical_Spotted_Dolphin,False Killer Whale,False_Killer_Whale,false,1
Qwen/Qwen2.5-Omni-7B,test_1099,lp_0-2000,Pantropical_Spotted_Dolphin,False Killer Whale,False_Killer_Whale,false,1
Qwen/Qwen2.5-Omni-7B,test_1099,lp_0-4000,Pantropical_Spotted_Dolphin,False Killer Whale,False_Killer_Whale,false,1
Qwen/Qwen2.5-Omni-7B,test_1099,lp_0-6000,Pantropical_Spotted_Dolphin,False Killer Whale,False_Killer_Whale,false,1
Qwen/Qwen2.5-Omni-7B,test_1099,lp_0-8000,Pantropical_Spotted_Dolphin,False Killer Whale,False_Killer_Whale,false,1
Qwen/Qwen2.5-Omni-7B,test_1099,remove_0-1000,Pantropical_Spotted_Dolphin,False Killer Whale,False_Killer_Whale,false,1
Qwen/Qwen2.5-Omni-7B,test_1099,remove_1000-2000,Pantropical_Spotted_Dolphin,False Killer Whale,False_Killer_Whale,false,1
Qwen/Qwen2.5-Omni-7B,test_1099,remove_2000-4000,Pantropical_Spotted_Dolphin,False Killer Whale,False_Killer_Whale,false,1
Qwen/Qwen2.5-Omni-7B,test_1099,remove_4000-6000,Pantropical_Spotted_Dolphin,False Killer Whale,False_Killer_Whale,false,1
Qwen/Qwen2.5-Omni-7B,test_1099,remove_6000-8000,Pantropical_Spotted_Dolphin,False Killer Whale,False_Killer_Whale,false,1
Qwen/Qwen2.5-Omni-7B,test_1108,lp_0-2000,Pantropical_Spotted_Dolphin,False Killer Whale,False_Killer_Whale,false,1
Qwen/Qwen2.5-Omni-7B,test_1108,lp_0-4000,Pantropical_Spotted_Dolphin,False Killer Whale,False_Killer_Whale,false,1
Qwen/Qwen2.5-Omni-7B,test_1108,lp_0-6000,Pantropical_Spotted_Dolphin,"Beluga, White Whale","Beluga,_White_Whale",false,1
Qwen/Qwen2.5-Omni-7B,test_1108,lp_0-8000,Pantropical_Spotted_Dolphin,False Killer Whale,False_Killer_Whale,false,1
Qwen/Qwen2.5-Omni-7B,test_1108,remove_0-1000,Pantropical_Spotted_Dolphin,False Killer Whale,False_Killer_Whale,false,1
Qwen/Qwen2.5-Omni-7B,test_1108,remove_1000-2000,Pantropical_Spotted_Dolphin,False Killer Whale,False_Killer_Whale,false,1
Qwen/Qwen2.5-Omni-7B,test_1108,remove_2000-4000,Pantropical_Spotted_Dolphin,False Killer Whale,False_Killer_Whale,false,1
Qwen/Qwen2.5-Omni-7B,test_1108,remove_4000-6000,Pantropical_Spotted_Dolphin,False Killer Whale,False_Killer_Whale,false,1
Qwen/Qwen2.5-Omni-7B,test_1108,remove_6000-8000,Pantropical_Spotted_Dolphin,False Killer Whale,False_Killer_Whale,false,1
Qwen/Qwen2.5-Omni-7B,test_1117,lp_0-2000,Pantropical_Spotted_Dolphin,Bottlenose Dolphin,Bottlenose_Dolphin,false,1
Qwen/Qwen2.5-Omni-7B,test_1117,lp_0-4000,Pantropical_Spotted_Dolphin,"Beluga, White Whale","Beluga,_White_Whale",false,1
Qwen/Qwen2.5-Omni-7B,test_1117,lp_0-6000,Pantropical_Spotted_Dolphin,Bottlenose Dolphin,Bottlenose_Dolphin,false,1
Qwen/Qwen2.5-Omni-7B,test_1117,lp_0-8000,Pantropical_Spotted_Dolphin,Bottlenose Dolphin,Bottlenose_Dolphin,false,1
Qwen/Qwen2.5-Omni-7B,test_1117,remove_0-1000,Pantropical_Spotted_Dolphin,False Killer Whale,False_Killer_Whale,false,1
Qwen/Qwen2.5-Omni-7B,test_1117,remove_1000-2000,Pantropical_Spotted_Dolphin,Bottlenose Dolphin,Bottlenose_Dolphin,false,1
Qwen/Qwen2.5-Omni-7B,test_1117,remove_2000-4000,Pantropical_Spotted_Dolphin,Bottlenose Dolphin,Bottlenose_Dolphin,false,1
Qwen/Qwen2.5-Omni-7B,test_1117,remove_4000-6000,Pantropical_Spotted_Dolphin,Bottlenose Dolphin,Bottlenose_Dolphin,false,1
Qwen/Qwen2.5-Omni-7B,test_1117,remove_6000-8000,Pantropical_Spotted_Dolphin,Bottlenose Dolphin,Bottlenose_Dolphin,false,1
Qwen/Qwen2.5-Omni-7B,test_1118,lp_0-2000,Pantropical_Spotted_Dolphin,"Beluga, White Whale","Beluga,_White_Whale",false,1
Qwen/Qwen2.5-Omni-7B,test_1118,lp_0-4000,Pantropical_Spotted_Dolphin,Bottlenose Dolphin,Bottlenose_Dolphin,false,1
Qwen/Qwen2.5-Omni-7B,test_1118,lp_0-6000,Pantropical_Spotted_Dolphin,Bottlenose Dolphin,Bottlenose_Dolphin,false,1
Qwen/Qwen2.5-Omni-7B,test_1118,lp_0-8000,Pantropical_Spotted_Dolphin,Bottlenose Dolphin,Bottlenose_Dolphin,false,1
Qwen/Qwen2.5-Omni-7B,test_1118,remove_0-1000,Pantropical_Spotted_Dolphin,Bottlenose Dolphin,Bottlenose_Dolphin,false,1
Qwen/Qwen2.5-Omni-7B,test_1118,remove_1000-2000,Pantropical_Spotted_Dolphin,False Killer Whale,False_Killer_Whale,false,1
Qwen/Qwen2.5-Omni-7B,test_1118,remove_2000-4000,Pantropical_Spotted_Dolphin,False Killer Whale,False_Killer_Whale,false,1
Qwen/Qwen2.5-Omni-7B,test_1118,remove_4000-6000,Pantropical_Spotted_Dolphin,"Beluga, White Whale","Beluga,_White_Whale",false,1
Qwen/Qwen2.5-Omni-7B,test_1118,remove_6000-8000,Pantropical_Spotted_Dolphin,Bottlenose Dolphin,Bottlenose_Dolphin,false,1
Qwen/Qwen2.5-Omni-7B,test_1119,lp_0-2000,Pantropical_Spotted_Dolphin,"Beluga, White Whale","Beluga,_White_Whale",false,1
Qwen/Qwen2.5-Omni-7B,test_1119,lp_0-4000,Pantropical_Spotted_Dolphin,False Killer Whale,False_Killer_Whale,false,1
Qwen/Qwen2.5-Omni-7B,test_1119,lp_0-6000,Pantropical_Spotted_Dolphin,False Killer Whale,False_Killer_Whale,false,1
Qwen/Qwen2.5-Omni-7B,test_1119,lp_0-8000,Pantropical_Spotted_Dolphin,False Killer Whale,False_Killer_Whale,false,1
Qwen/Qwen2.5-Omni-7B,test_1119,remove_0-1000,Pantropical_Spotted_Dolphin,False Killer Whale,False_Killer_Whale,false,1
Qwen/Qwen2.5-Omni-7B,test_1119,remove_1000-2000,Pantropical_Spotted_Dolphin,False Killer Whale,False_Killer_Whale,false,1
Qwen/Qwen2.5-Omni-7B,test_1119,remove_2000-4000,Pantropical_Spotted_Dolphin,False Killer Whale,False_Killer_Whale,false,1
Qwen/Qwen2.5-Omni-7B,test_1119,remove_4000-6000,Pantropical_Spotted_Dolphin,False Killer Whale,False_Killer_Whale,false,1
Qwen/Qwen2.5-Omni-7B,test_1119,remove_6000-8000,Pantropical_Spotted_Dolphin,False Killer Whale,False_Killer_Whale,false,1
Qwen/Qwen2.5-Omni-7B,test_1122,lp_0-2000,Short-Finned_Pacific_Pilot_Whale,Bottlenose Dolphin,Bottlenose_Dolphin,false,1
Qwen/Qwen2.5-Omni-7B,test_1122,lp_0-4000,Short-Finned_Pacific_Pilot_Whale,"Beluga, White Whale","Beluga,_White_Whale",false,1
Qwen/Qwen2.5-Omni-7B,test_1122,lp_0-6000,Short-Finned_Pacific_Pilot_Whale,"Beluga, White Whale","Beluga,_White_Whale",false,1
Qwen/Qwen2.5-Omni-7B,test_1122,lp_0-8000,Short-Finned_Pacific_Pilot_Whale,"Beluga, White Whale","Beluga,_White_Whale",false,1
Qwen/Qwen2.5-Omni-7B,test_1122,remove_0-1000,Short-Finned_Pacific_Pilot_Whale,"Beluga, White Whale","Beluga,_White_Whale",false,1
Qwen/Qwen2.5-Omni-7B,test_1122,remove_1000-2000,Short-Finned_Pacific_Pilot_Whale,"Beluga, White Whale","Beluga,_White_Whale",false,1
Qwen/Qwen2.5-Omni-7B,test_1122,remove_2000-4000,Short-Finned_Pacific_Pilot_Whale,"Beluga, White Whale","Beluga,_White_Whale",false,1
Qwen/Qwen2.5-Omni-7B,test_1122,remove_4000-6000,Short-Finned_Pacific_Pilot_Whale,"Beluga, White Whale","Beluga,_White_Whale",false,1
Qwen/Qwen2.5-Omni-7B,test_1122,remove_6000-8000,Short-Finned_Pacific_Pilot_Whale,"Beluga, White Whale","Beluga,_White_Whale",false,1
Qwen/Qwen2.5-Omni-7B,test_1126,lp_0-2000,Short-Finned_Pacific_Pilot_Whale,False Killer Whale,False_Killer_Whale,false,1
Qwen/Qwen2.5-Omni-7B,test_1126,lp_0-4000,Short-Finned_Pacific_Pilot_Whale,Bottlenose Dolphin,Bottlenose_Dolphin,false,1
Qwen/Qwen2.5-Omni-7B,test_1126,lp_0-6000,Short-Finned_Pacific_Pilot_Whale,Bottlenose Dolphin,Bottlenose_Dolphin,false,1
Qwen/Qwen2.5-Omni-7B,test_1126,lp_0-8000,Short-Finned_Pacific_Pilot_Whale,Bottlenose Dolphin,Bottlenose_Dolphin,false,1
Qwen/Qwen2.5-Omni-7B,test_1126,remove_0-1000,Short-Finned_Pacific_Pilot_Whale,False Killer Whale,False_Killer_Whale,false,1
Qwen/Qwen2.5-Omni-7B,test_1126,remove_1000-2000,Short-Finned_Pacific_Pilot_Whale,False Killer Whale,False_Killer_Whale,false,1
Qwen/Qwen2.5-Omni-7B,test_1126,remove_2000-4000,Short-Finned_Pacific_Pilot_Whale,False Killer Whale,False_Killer_Whale,false,1
Qwen/Qwen2.5-Omni-7B,test_1126,remove_4000-6000,Short-Finned_Pacific_Pilot_Whale,False Killer Whale,False_Killer_Whale,false,1
Qwen/Qwen2.5-Omni-7B,test_1126,remove_6000-8000,Short-Finned_Pacific_Pilot_Whale,Bottlenose Dolphin,Bottlenose_Dolphin,false,1
Qwen/Qwen2.5-Omni-7B,test_1143,lp_0-2000,Short-Finned_Pacific_Pilot_Whale,"Beluga, White Whale","Beluga,_White_Whale",false,1
Qwen/Qwen2.5-Omni-7B,test_1143,lp_0-4000,Short-Finned_Pacific_Pilot_Whale,Bottlenose Dolphin,Bottlenose_Dolphin,false,1
Qwen/Qwen2.5-Omni-7B,test_1143,lp_0-6000,Short-Finned_Pacific_Pilot_Whale,Bottlenose Dolphin,Bottlenose_Dolphin,false,1
Qwen/Qwen2.5-Omni-7B,test_1143,lp_0-8000,Short-Finned_Pacific_Pilot_Whale,"Beluga, White Whale","Beluga,_White_Whale",false,1
Qwen/Qwen2.5-Omni-7B,test_1143,remove_0-1000,Short-Finned_Pacific_Pilot_Whale,"Beluga, White Whale","Beluga,_White_Whale",false,1
Qwen/Qwen2.5-Omni-7B,test_1143,remove_1000-2000,Short-Finned_Pacific_Pilot_Whale,False Killer Whale,False_Killer_Whale,false,1
Qwen/Qwen2.5-Omni-7B,test_1143,remove_2000-4000,Short-Finned_Pacific_Pilot_Whale,False Killer Whale,False_Killer_Whale,false,1
Qwen/Qwen2.5-Omni-7B,test_1143,remove_4000-6000,Short-Finned_Pacific_Pilot_Whale,Bottlenose Dolphin,Bottlenose_Dolphin,false,1
Qwen/Qwen2.5-Omni-7B,test_1143,remove_6000-8000,Short-Finned_Pacific_Pilot_Whale,Bottlenose Dolphin,Bottlenose_Dolphin,false,1
Qwen/Qwen2.5-Omni-7B,test_1144,lp_0-2000,Short-Finned_Pacific_Pilot_Whale,"Beluga, White Whale","Beluga,_White_Whale",false,1
Qwen/Qwen2.5-Omni-7B,test_1144,lp_0-4000,Short-Finned_Pacific_Pilot_Whale,"Beluga, White Whale","Beluga,_White_Whale",false,1
Qwen/Qwen2.5-Omni-7B,test_1144,lp_0-6000,Short-Finned_Pacific_Pilot_Whale,"Beluga, White Whale","Beluga,_White_Whale",false,1
Qwen/Qwen2.5-Omni-7B,test_1144,lp_0-8000,Short-Finned_Pacific_Pilot_Whale,"Beluga, White Whale","Beluga,_White_Whale",false,1
Qwen/Qwen2.5-Omni-7B,test_1144,remove_0-1000,Short-Finned_Pacific_Pilot_Whale,"Beluga, White Whale","Beluga,_White_Whale",false,1
Qwen/Qwen2.5-Omni-7B,test_1144,remove_1000-2000,Short-Finned_Pacific_Pilot_Whale,"Beluga, White Whale","Beluga,_White_Whale",false,1
Qwen/Qwen2.5-Omni-7B,test_1144,remove_2000-4000,Short-Finned_Pacific_Pilot_Whale,"Beluga, White Whale","Beluga,_White_Whale",false,1
Qwen/Qwen2.5-Omni-7B,test_1144,remove_4000-6000,Short-Finned_Pacific_Pilot_Whale,"Beluga, White Whale","Beluga,_White_Whale",false,1
Qwen/Qwen2.5-Omni-7B,test_1144,remove_6000-8000,Short-Finned_Pacific_Pilot_Whale,"Beluga, White Whale","Beluga,_White_Whale",false,1
Qwen/Qwen2.5-Omni-7B,test_1147,lp_0-2000,Short-Finned_Pacific_Pilot_Whale,False Killer Whale,False_Killer_Whale,false,1
Qwen/Qwen2.5-Omni-7B,test_1147,lp_0-4000,Short-Finned_Pacific_Pilot_Whale,Bottlenose Dolphin,Bottlenose_Dolphin,false,1
Qwen/Qwen2.5-Omni-7B,test_1147,lp_0-6000,Short-Finned_Pacific_Pilot_Whale,Bottlenose Dolphin,Bottlenose_Dolphin,false,1
Qwen/Qwen2.5-Omni-7B,test_1147,lp_0-8000,Short-Finned_Pacific_Pilot_Whale,Bottlenose Dolphin,Bottlenose_Dolphin,false,1
Qwen/Qwen2.5-Omni-7B,test_1147,remove_0-1000,Short-Finned_Pacific_Pilot_Whale,False Killer Whale,False_Killer_Whale,false,1
Qwen/Qwen2.5-Omni-7B,test_1147,remove_1000-2000,Short-Finned_Pacific_Pilot_Whale,Bottlenose Dolphin,Bottlenose_Dolphin,false,1
Qwen/Qwen2.5-Omni-7B,test_1147,remove_2000-4000,Short-Finned_Pacific_Pilot_Whale,False Killer Whale,False_Killer_Whale,false,1
Qwen/Qwen2.5-Omni-7B,test_1147,remove_4000-6000,Short-Finned_Pacific_Pilot_Whale,False Killer Whale,False_Killer_Whale,false,1
Qwen/Qwen2.5-Omni-7B,test_1147,remove_6000-8000,Short-Finned_Pacific_Pilot_Whale,Bottlenose Dolphin,Bottlenose_Dolphin,false,1
Qwen/Qwen2.5-Omni-7B,test_1152,lp_0-2000,Short-Finned_Pacific_Pilot_Whale,"Beluga, White Whale","Beluga,_White_Whale",false,1
Qwen/Qwen2.5-Omni-7B,test_1152,lp_0-4000,Short-Finned_Pacific_Pilot_Whale,"Beluga, White Whale","Beluga,_White_Whale",false,1
Qwen/Qwen2.5-Omni-7B,test_1152,lp_0-6000,Short-Finned_Pacific_Pilot_Whale,"Beluga, White Whale","Beluga,_White_Whale",false,1
Qwen/Qwen2.5-Omni-7B,test_1152,lp_0-8000,Short-Finned_Pacific_Pilot_Whale,"Beluga, White Whale","Beluga,_White_Whale",false,1
Qwen/Qwen2.5-Omni-7B,test_1152,remove_0-1000,Short-Finned_Pacific_Pilot_Whale,"Beluga, White Whale","Beluga,_White_Whale",false,1
Qwen/Qwen2.5-Omni-7B,test_1152,remove_1000-2000,Short-Finned_Pacific_Pilot_Whale,"Beluga, White Whale","Beluga,_White_Whale",false,1
Qwen/Qwen2.5-Omni-7B,test_1152,remove_2000-4000,Short-Finned_Pacific_Pilot_Whale,"Beluga, White Whale","Beluga,_White_Whale",false,1
Qwen/Qwen2.5-Omni-7B,test_1152,remove_4000-6000,Short-Finned_Pacific_Pilot_Whale,"Beluga, White Whale","Beluga,_White_Whale",false,1
Qwen/Qwen2.5-Omni-7B,test_1152,remove_6000-8000,Short-Finned_Pacific_Pilot_Whale,"Beluga, White Whale","Beluga,_White_Whale",false,1
Qwen/Qwen2.5-Omni-7B,test_1161,lp_0-2000,Short-Finned_Pacific_Pilot_Whale,False Killer Whale,False_Killer_Whale,false,1
Qwen/Qwen2.5-Omni-7B,test_1161,lp_0-4000,Short-Finned_Pacific_Pilot_Whale,"Beluga, White Whale","Beluga,_White_Whale",false,1
Qwen/Qwen2.5-Omni-7B,test_1161,lp_0-6000,Short-Finned_Pacific_Pilot_Whale,"Beluga, White Whale","Beluga,_White_Whale",false,1
Qwen/Qwen2.5-Omni-7B,test_1161,lp_0-8000,Short-Finned_Pacific_Pilot_Whale,"Beluga, White Whale","Beluga,_White_Whale",false,1
Qwen/Qwen2.5-Omni-7B,test_1161,remove_0-1000,Short-Finned_Pacific_Pilot_Whale,False Killer Whale,False_Killer_Whale,false,1
Qwen/Qwen2.5-Omni-7B,test_1161,remove_1000-2000,Short-Finned_Pacific_Pilot_Whale,"Beluga, White Whale","Beluga,_White_Whale",false,1
Qwen/Qwen2.5-Omni-7B,test_1161,remove_2000-4000,Short-Finned_Pacific_Pilot_Whale,False Killer Whale,False_Killer_Whale,false,1
Qwen/Qwen2.5-Omni-7B,test_1161,remove_4000-6000,Short-Finned_Pacific_Pilot_Whale,"Beluga, White Whale","Beluga,_White_Whale",false,1
Qwen/Qwen2.5-Omni-7B,test_1161,remove_6000-8000,Short-Finned_Pacific_Pilot_Whale,"Beluga, White Whale","Beluga,_White_Whale",false,1
Qwen/Qwen2.5-Omni-7B,test_1162,lp_0-2000,Short-Finned_Pacific_Pilot_Whale,"Beluga, White Whale","Beluga,_White_Whale",false,1
Qwen/Qwen2.5-Omni-7B,test_1162,lp_0-4000,Short-Finned_Pacific_Pilot_Whale,"Beluga, White Whale","Beluga,_White_Whale",false,1
Qwen/Qwen2.5-Omni-7B,test_1162,lp_0-6000,Short-Finned_Pacific_Pilot_Whale,"Beluga, White Whale","Beluga,_White_Whale",false,1
Qwen/Qwen2.5-Omni-7B,test_1162,lp_0-8000,Short-Finned_Pacific_Pilot_Whale,"Beluga, White Whale","Beluga,_White_Whale",false,1
Qwen/Qwen2.5-Omni-7B,test_1162,remove_0-1000,Short-Finned_Pacific_Pilot_Whale,"Beluga, White Whale","Beluga,_White_Whale",false,1
Qwen/Qwen2.5-Omni-7B,test_1162,remove_1000-2000,Short-Finned_Pacific_Pilot_Whale,"Beluga, White Whale","Beluga,_White_Whale",false,1
Qwen/Qwen2.5-Omni-7B,test_1162,remove_2000-4000,Short-Finned_Pacific_Pilot_Whale,"Beluga, White Whale","Beluga,_White_Whale",false,1
Qwen/Qwen2.5-Omni-7B,test_1162,remove_4000-6000,Short-Finned_Pacific_Pilot_Whale,"Beluga, White Whale","Beluga,_White_Whale",false,1
Qwen/Qwen2.5-Omni-7B,test_1162,remove_6000-8000,Short-Finned_Pacific_Pilot_Whale,"Beluga, White Whale","Beluga,_White_Whale",false,1
Qwen/Qwen2.5-Omni-7B,test_1167,lp_0-2000,Short-Finned_Pacific_Pilot_Whale,False Killer Whale,False_Killer_Whale,false,1
Qwen/Qwen2.5-Omni-7B,test_1167,lp_0-4000,Short-Finned_Pacific_Pilot_Whale,False Killer Whale,False_Killer_Whale,false,1
Qwen/Qwen2.5-Omni-7B,test_1167,lp_0-6000,Short-Finned_Pacific_Pilot_Whale,False Killer Whale,False_Killer_Whale,false,1
Qwen/Qwen2.5-Omni-7B,test_1167,lp_0-8000,Short-Finned_Pacific_Pilot_Whale,False Killer Whale,False_Killer_Whale,false,1
Qwen/Qwen2.5-Omni-7B,test_1167,remove_0-1000,Short-Finned_Pacific_Pilot_Whale,False Killer Whale,False_Killer_Whale,false,1
Qwen/Qwen2.5-Omni-7B,test_1167,remove_1000-2000,Short-Finned_Pacific_Pilot_Whale,False Killer Whale,False_Killer_Whale,false,1
Qwen/Qwen2.5-Omni-7B,test_1167,remove_2000-4000,Short-Finned_Pacific_Pilot_Whale,False Killer Whale,False_Killer_Whale,false,1
Qwen/Qwen2.5-Omni-7B,test_1167,remove_4000-6000,Short-Finned_Pacific_Pilot_Whale,False Killer Whale,False_Killer_Whale,false,1
Qwen/Qwen2.5-Omni-7B,test_1167,remove_6000-8000,Short-Finned_Pacific_Pilot_Whale,False Killer Whale,False_Killer_Whale,false,1
Qwen/Qwen2.5-Omni-7B,test_1172,lp_0-2000,Short-Finned_Pacific_Pilot_Whale,Bottlenose Dolphin,Bottlenose_Dolphin,false,1
Qwen/Qwen2.5-Omni-7B,test_1172,lp_0-4000,Short-Finned_Pacific_Pilot_Whale,Bottlenose Dolphin,Bottlenose_Dolphin,false,1
Qwen/Qwen2.5-Omni-7B,test_1172,lp_0-6000,Short-Finned_Pacific_Pilot_Whale,Bottlenose Dolphin,Bottlenose_Dolphin,false,1
Qwen/Qwen2.5-Omni-7B,test_1172,lp_0-8000,Short-Finned_Pacific_Pilot_Whale,Bottlenose Dolphin,Bottlenose_Dolphin,false,1
Qwen/Qwen2.5-Omni-7B,test_1172,remove_0-1000,Short-Finned_Pacific_Pilot_Whale,Bottlenose Dolphin,Bottlenose_Dolphin,false,1
Qwen/Qwen2.5-Omni-7B,test_1172,remove_1000-2000,Short-Finned_Pacific_Pilot_Whale,Bottlenose Dolphin,Bottlenose_Dolphin,false,1
Qwen/Qwen2.5-Omni-7B,test_1172,remove_2000-4000,Short-Finned_Pacific_Pilot_Whale,Bottlenose Dolphin,Bottlenose_Dolphin,false,1
Qwen/Qwen2.5-Omni-7B,test_1172,remove_4000-6000,Short-Finned_Pacific_Pilot_Whale,Bottlenose Dolphin,Bottlenose_Dolphin,false,1
Qwen/Qwen2.5-Omni-7B,test_1172,remove_6000-8000,Short-Finned_Pacific_Pilot_Whale,Bottlenose Dolphin,Bottlenose_Dolphin,false,1
Qwen/Qwen2.5-Omni-7B,test_1173,lp_0-2000,Short-Finned_Pacific_Pilot_Whale,False Killer Whale,False_Killer_Whale,false,1
Qwen/Qwen2.5-Omni-7B,test_1173,lp_0-4000,Short-Finned_Pacific_Pilot_Whale,Bottlenose Dolphin,Bottlenose_Dolphin,false,1
Qwen/Qwen2.5-Omni-7B,test_1173,lp_0-6000,Short-Finned_Pacific_Pilot_Whale,Bottlenose Dolphin,Bottlenose_Dolphin,false,1
Qwen/Qwen2.5-Omni-7B,test_1173,lp_0-8000,Short-Finned_Pacific_Pilot_Whale,False Killer Whale,False_Killer_Whale,false,1
Qwen/Qwen2.5-Omni-7B,test_1173,remove_0-1000,Short-Finned_Pacific_Pilot_Whale,False Killer Whale,False_Killer_Whale,false,1
Qwen/Qwen2.5-Omni-7B,test_1173,remove_1000-2000,Short-Finned_Pacific_Pilot_Whale,False Killer Whale,False_Killer_Whale,false,1
Qwen/Qwen2.5-Omni-7B,test_1173,remove_2000-4000,Short-Finned_Pacific_Pilot_Whale,False Killer Whale,False_Killer_Whale,false,1
Qwen/Qwen2.5-Omni-7B,test_1173,remove_4000-6000,Short-Finned_Pacific_Pilot_Whale,False Killer Whale,False_Killer_Whale,false,1
Qwen/Qwen2.5-Omni-7B,test_1173,remove_6000-8000,Short-Finned_Pacific_Pilot_Whale,False Killer Whale,False_Killer_Whale,false,1
Qwen/Qwen2.5-Omni-7B,test_1175,lp_0-2000,Short-Finned_Pacific_Pilot_Whale,Bottlenose Dolphin,Bottlenose_Dolphin,false,1
Qwen/Qwen2.5-Omni-7B,test_1175,lp_0-4000,Short-Finned_Pacific_Pilot_Whale,Bottlenose Dolphin,Bottlenose_Dolphin,false,1
Qwen/Qwen2.5-Omni-7B,test_1175,lp_0-6000,Short-Finned_Pacific_Pilot_Whale,Bottlenose Dolphin,Bottlenose_Dolphin,false,1
Qwen/Qwen2.5-Omni-7B,test_1175,lp_0-8000,Short-Finned_Pacific_Pilot_Whale,"Beluga, White Whale","Beluga,_White_Whale",false,1
Qwen/Qwen2.5-Omni-7B,test_1175,remove_0-1000,Short-Finned_Pacific_Pilot_Whale,"Beluga, White Whale","Beluga,_White_Whale",false,1
Qwen/Qwen2.5-Omni-7B,test_1175,remove_1000-2000,Short-Finned_Pacific_Pilot_Whale,"Beluga, White Whale","Beluga,_White_Whale",false,1
Qwen/Qwen2.5-Omni-7B,test_1175,remove_2000-4000,Short-Finned_Pacific_Pilot_Whale,False Killer Whale,False_Killer_Whale,false,1
Qwen/Qwen2.5-Omni-7B,test_1175,remove_4000-6000,Short-Finned_Pacific_Pilot_Whale,"Beluga, White Whale","Beluga,_White_Whale",false,1
Qwen/Qwen2.5-Omni-7B,test_1175,remove_6000-8000,Short-Finned_Pacific_Pilot_Whale,Bottlenose Dolphin,Bottlenose_Dolphin,false,1
Qwen/Qwen2.5-Omni-7B,test_1184,lp_0-2000,Short-Finned_Pacific_Pilot_Whale,Bottlenose Dolphin,Bottlenose_Dolphin,false,1
Qwen/Qwen2.5-Omni-7B,test_1184,lp_0-4000,Short-Finned_Pacific_Pilot_Whale,Bottlenose Dolphin,Bottlenose_Dolphin,false,1
Qwen/Qwen2.5-Omni-7B,test_1184,lp_0-6000,Short-Finned_Pacific_Pilot_Whale,Bottlenose Dolphin,Bottlenose_Dolphin,false,1
Qwen/Qwen2.5-Omni-7B,test_1184,lp_0-8000,Short-Finned_Pacific_Pilot_Whale,Bottlenose Dolphin,Bottlenose_Dolphin,false,1
Qwen/Qwen2.5-Omni-7B,test_1184,remove_0-1000,Short-Finned_Pacific_Pilot_Whale,False Killer Whale,False_Killer_Whale,false,1
Qwen/Qwen2.5-Omni-7B,test_1184,remove_1000-2000,Short-Finned_Pacific_Pilot_Whale,Bottlenose Dolphin,Bottlenose_Dolphin,false,1
Qwen/Qwen2.5-Omni-7B,test_1184,remove_2000-4000,Short-Finned_Pacific_Pilot_Whale,Bottlenose Dolphin,Bottlenose_Dolphin,false,1
Qwen/Qwen2.5-Omni-7B,test_1184,remove_4000-6000,Short-Finned_Pacific_Pilot_Whale,Bottlenose Dolphin,Bottlenose_Dolphin,false,1
Qwen/Qwen2.5-Omni-7B,test_1184,remove_6000-8000,Short-Finned_Pacific_Pilot_Whale,Bottlenose Dolphin,Bottlenose_Dolphin,false,1
Qwen/Qwen2.5-Omni-7B,test_1185,lp_0-2000,Short-Finned_Pacific_Pilot_Whale,False Killer Whale,False_Killer_Whale,false,1
Qwen/Qwen2.5-Omni-7B,test_1185,lp_0-4000,Short-Finned_Pacific_Pilot_Whale,False Killer Whale,False_Killer_Whale,false,1
Qwen/Qwen2.5-Omni-7B,test_1185,lp_0-6000,Short-Finned_Pacific_Pilot_Whale,"Beluga, White Whale","Beluga,_White_Whale",false,1
Qwen/Qwen2.5-Omni-7B,test_1185,lp_0-8000,Short-Finned_Pacific_Pilot_Whale,"Beluga, White Whale","Beluga,_White_Whale",false,1
Qwen/Qwen2.5-Omni-7B,test_1185,remove_0-1000,Short-Finned_Pacific_Pilot_Whale,False Killer Whale,False_Killer_Whale,false,1
Qwen/Qwen2.5-Omni-7B,test_1185,remove_1000-2000,Short-Finned_Pacific_Pilot_Whale,False Killer Whale,False_Killer_Whale,false,1
Qwen/Qwen2.5-Omni-7B,test_1185,remove_2000-4000,Short-Finned_Pacific_Pilot_Whale,False Killer Whale,False_Killer_Whale,false,1
Qwen/Qwen2.5-Omni-7B,test_1185,remove_4000-6000,Short-Finned_Pacific_Pilot_Whale,False Killer Whale,False_Killer_Whale,false,1
Qwen/Qwen2.5-Omni-7B,test_1185,remove_6000-8000,Short-Finned_Pacific_Pilot_Whale,False Killer Whale,False_Killer_Whale,false,1
Qwen/Qwen2.5-Omni-7B,test_1189,lp_0-2000,Bowhead_Whale,"Beluga, White Whale","Beluga,_White_Whale",false,1
Qwen/Qwen2.5-Omni-7B,test_1189,lp_0-4000,Bowhead_Whale,"Beluga, White Whale","Beluga,_White_Whale",false,1
Qwen/Qwen2.5-Omni-7B,test_1189,lp_0-6000,Bowhead_Whale,"Beluga, White Whale","Beluga,_White_Whale",false,1
Qwen/Qwen2.5-Omni-7B,test_1189,lp_0-8000,Bowhead_Whale,"Beluga, White Whale","Beluga,_White_Whale",false,1
Qwen/Qwen2.5-Omni-7B,test_1189,remove_0-1000,Bowhead_Whale,False Killer Whale,False_Killer_Whale,false,1
Qwen/Qwen2.5-Omni-7B,test_1189,remove_1000-2000,Bowhead_Whale,"Beluga, White Whale","Beluga,_White_Whale",false,1
Qwen/Qwen2.5-Omni-7B,test_1189,remove_2000-4000,Bowhead_Whale,"Beluga, White Whale","Beluga,_White_Whale",false,1
Qwen/Qwen2.5-Omni-7B,test_1189,remove_4000-6000,Bowhead_Whale,"Beluga, White Whale","Beluga,_White_Whale",false,1
Qwen/Qwen2.5-Omni-7B,test_1189,remove_6000-8000,Bowhead_Whale,"Beluga, White Whale","Beluga,_White_Whale",false,1
Qwen/Qwen2.5-Omni-7B,test_1194,lp_0-2000,Bowhead_Whale,False Killer Whale,False_Killer_Whale,false,1
Qwen/Qwen2.5-Omni-7B,test_1194,lp_0-4000,Bowhead_Whale,"Beluga, White Whale","Beluga,_White_Whale",false,1
Qwen/Qwen2.5-Omni-7B,test_1194,lp_0-6000,Bowhead_Whale,"Beluga, White Whale","Beluga,_White_Whale",false,1
Qwen/Qwen2.5-Omni-7B,test_1194,lp_0-8000,Bowhead_Whale,"Beluga, White Whale","Beluga,_White_Whale",false,1
Qwen/Qwen2.5-Omni-7B,test_1194,remove_0-1000,Bowhead_Whale,False Killer Whale,False_Killer_Whale,false,1
Qwen/Qwen2.5-Omni-7B,test_1194,remove_1000-2000,Bowhead_Whale,Humpback Whale,Humpback_Whale,false,1
Qwen/Qwen2.5-Omni-7B,test_1194,remove_2000-4000,Bowhead_Whale,False Killer Whale,False_Killer_Whale,false,1
Qwen/Qwen2.5-Omni-7B,test_1194,remove_4000-6000,Bowhead_Whale,"Beluga, White Whale","Beluga,_White_Whale",false,1
Qwen/Qwen2.5-Omni-7B,test_1194,remove_6000-8000,Bowhead_Whale,"Beluga, White Whale","Beluga,_White_Whale",false,1
Qwen/Qwen2.5-Omni-7B,test_1197,lp_0-2000,Bowhead_Whale,"Beluga, White Whale","Beluga,_White_Whale",false,1
Qwen/Qwen2.5-Omni-7B,test_1197,lp_0-4000,Bowhead_Whale,Killer Whale,Killer_Whale,false,1
Qwen/Qwen2.5-Omni-7B,test_1197,lp_0-6000,Bowhead_Whale,Killer Whale,Killer_Whale,false,1
Qwen/Qwen2.5-Omni-7B,test_1197,lp_0-8000,Bowhead_Whale,Killer Whale,Killer_Whale,false,1
Qwen/Qwen2.5-Omni-7B,test_1197,remove_0-1000,Bowhead_Whale,"Beluga, White Whale","Beluga,_White_Whale",false,1
Qwen/Qwen2.5-Omni-7B,test_1197,remove_1000-2000,Bowhead_Whale,"Beluga, White Whale","Beluga,_White_Whale",false,1
Qwen/Qwen2.5-Omni-7B,test_1197,remove_2000-4000,Bowhead_Whale,"Beluga, White Whale","Beluga,_White_Whale",false,1
Qwen/Qwen2.5-Omni-7B,test_1197,remove_4000-6000,Bowhead_Whale,Killer Whale,Killer_Whale,false,1
Qwen/Qwen2.5-Omni-7B,test_1197,remove_6000-8000,Bowhead_Whale,Killer Whale,Killer_Whale,false,1
Qwen/Qwen2.5-Omni-7B,test_1201,lp_0-2000,Bowhead_Whale,Humpback Whale,Humpback_Whale,false,1
Qwen/Qwen2.5-Omni-7B,test_1201,lp_0-4000,Bowhead_Whale,"Beluga, White Whale","Beluga,_White_Whale",false,1
Qwen/Qwen2.5-Omni-7B,test_1201,lp_0-6000,Bowhead_Whale,Humpback Whale,Humpback_Whale,false,1
Qwen/Qwen2.5-Omni-7B,test_1201,lp_0-8000,Bowhead_Whale,Humpback Whale,Humpback_Whale,false,1
Qwen/Qwen2.5-Omni-7B,test_1201,remove_0-1000,Bowhead_Whale,Bottlenose Dolphin,Bottlenose_Dolphin,false,1
Qwen/Qwen2.5-Omni-7B,test_1201,remove_1000-2000,Bowhead_Whale,Humpback Whale,Humpback_Whale,false,1
Qwen/Qwen2.5-Omni-7B,test_1201,remove_2000-4000,Bowhead_Whale,Humpback Whale,Humpback_Whale,false,1
Qwen/Qwen2.5-Omni-7B,test_1201,remove_4000-6000,Bowhead_Whale,"Beluga, White Whale","Beluga,_White_Whale",false,1
Qwen/Qwen2.5-Omni-7B,test_1201,remove_6000-8000,Bowhead_Whale,Humpback Whale,Humpback_Whale,false,1
Qwen/Qwen2.5-Omni-7B,test_1218,lp_0-2000,Bowhead_Whale,Humpback Whale,Humpback_Whale,false,1
Qwen/Qwen2.5-Omni-7B,test_1218,lp_0-4000,Bowhead_Whale,Killer Whale,Killer_Whale,false,1
Qwen/Qwen2.5-Omni-7B,test_1218,lp_0-6000,Bowhead_Whale,Killer Whale,Killer_Whale,false,1
Qwen/Qwen2.5-Omni-7B,test_1218,lp_0-8000,Bowhead_Whale,Killer Whale,Killer_Whale,false,1
Qwen/Qwen2.5-Omni-7B,test_1218,remove_0-1000,Bowhead_Whale,"Beluga, White Whale","Beluga,_White_Whale",false,1
Qwen/Qwen2.5-Omni-7B,test_1218,remove_1000-2000,Bowhead_Whale,"Beluga, White Whale","Beluga,_White_Whale",false,1
Qwen/Qwen2.5-Omni-7B,test_1218,remove_2000-4000,Bowhead_Whale,"Beluga, White Whale","Beluga,_White_Whale",false,1
Qwen/Qwen2.5-Omni-7B,test_1218,remove_4000-6000,Bowhead_Whale,Killer Whale,Killer_Whale,false,1
Qwen/Qwen2.5-Omni-7B,test_1218,remove_6000-8000,Bowhead_Whale,Killer Whale,Killer_Whale,false,1
Qwen/Qwen2.5-Omni-7B,test_1225,lp_0-2000,Bowhead_Whale,Humpback Whale,Humpback_Whale,false,1
Qwen/Qwen2.5-Omni-7B,test_1225,lp_0-4000,Bowhead_Whale,"Beluga, White Whale","Beluga,_White_Whale",false,1
Qwen/Qwen2.5-Omni-7B,test_1225,lp_0-6000,Bowhead_Whale,Humpback Whale,Humpback_Whale,false,1
Qwen/Qwen2.5-Omni-7B,test_1225,lp_0-8000,Bowhead_Whale,Humpback Whale,Humpback_Whale,false,1
Qwen/Qwen2.5-Omni-7B,test_1225,remove_0-1000,Bowhead_Whale,"Beluga, White Whale","Beluga,_White_Whale",false,1
Qwen/Qwen2.5-Omni-7B,test_1225,remove_1000-2000,Bowhead_Whale,Killer Whale,Killer_Whale,false,1
Qwen/Qwen2.5-Omni-7B,test_1225,remove_2000-4000,Bowhead_Whale,Humpback Whale,Humpback_Whale,false,1
Qwen/Qwen2.5-Omni-7B,test_1225,remove_4000-6000,Bowhead_Whale,"Beluga, White Whale","Beluga,_White_Whale",false,1
Qwen/Qwen2.5-Omni-7B,test_1225,remove_6000-8000,Bowhead_Whale,Humpback Whale,Humpback_Whale,false,1
Qwen/Qwen2.5-Omni-7B,test_1235,lp_0-2000,Bowhead_Whale,"Beluga, White Whale","Beluga,_White_Whale",false,1
Qwen/Qwen2.5-Omni-7B,test_1235,lp_0-4000,Bowhead_Whale,"Beluga, White Whale","Beluga,_White_Whale",false,1
Qwen/Qwen2.5-Omni-7B,test_1235,lp_0-6000,Bowhead_Whale,Humpback Whale,Humpback_Whale,false,1
Qwen/Qwen2.5-Omni-7B,test_1235,lp_0-8000,Bowhead_Whale,Humpback Whale,Humpback_Whale,false,1
Qwen/Qwen2.5-Omni-7B,test_1235,remove_0-1000,Bowhead_Whale,Bottlenose Dolphin,Bottlenose_Dolphin,false,1
Qwen/Qwen2.5-Omni-7B,test_1235,remove_1000-2000,Bowhead_Whale,Humpback Whale,Humpback_Whale,false,1
Qwen/Qwen2.5-Omni-7B,test_1235,remove_2000-4000,Bowhead_Whale,"Beluga, White Whale","Beluga,_White_Whale",false,1
Qwen/Qwen2.5-Omni-7B,test_1235,remove_4000-6000,Bowhead_Whale,"Beluga, White Whale","Beluga,_White_Whale",false,1
Qwen/Qwen2.5-Omni-7B,test_1235,remove_6000-8000,Bowhead_Whale,Humpback Whale,Humpback_Whale,false,1
Qwen/Qwen2.5-Omni-7B,test_1238,lp_0-2000,Bowhead_Whale,"Beluga, White Whale","Beluga,_White_Whale",false,1
Qwen/Qwen2.5-Omni-7B,test_1238,lp_0-4000,Bowhead_Whale,Humpback Whale,Humpback_Whale,false,1
Qwen/Qwen2.5-Omni-7B,test_1238,lp_0-6000,Bowhead_Whale,Humpback Whale,Humpback_Whale,false,1
Qwen/Qwen2.5-Omni-7B,test_1238,lp_0-8000,Bowhead_Whale,Humpback Whale,Humpback_Whale,false,1
Qwen/Qwen2.5-Omni-7B,test_1238,remove_0-1000,Bowhead_Whale,False Killer Whale,False_Killer_Whale,false,1
Qwen/Qwen2.5-Omni-7B,test_1238,remove_1000-2000,Bowhead_Whale,Humpback Whale,Humpback_Whale,false,1
Qwen/Qwen2.5-Omni-7B,test_1238,remove_2000-4000,Bowhead_Whale,Humpback Whale,Humpback_Whale,false,1
Qwen/Qwen2.5-Omni-7B,test_1238,remove_4000-6000,Bowhead_Whale,Humpback Whale,Humpback_Whale,false,1
Qwen/Qwen2.5-Omni-7B,test_1238,remove_6000-8000,Bowhead_Whale,Humpback Whale,Humpback_Whale,false,1
Qwen/Qwen2.5-Omni-7B,test_1245,lp_0-2000,Bowhead_Whale,"Beluga, White Whale","Beluga,_White_Whale",false,1
Qwen/Qwen2.5-Omni-7B,test_1245,lp_0-4000,Bowhead_Whale,"Beluga, White Whale","Beluga,_White_Whale",false,1
Qwen/Qwen2.5-Omni-7B,test_1245,lp_0-6000,Bowhead_Whale,"Beluga, White Whale","Beluga,_White_Whale",false,1
Qwen/Qwen2.5-Omni-7B,test_1245,lp_0-8000,Bowhead_Whale,"Beluga, White Whale","Beluga,_White_Whale",false,1
Qwen/Qwen2.5-Omni-7B,test_1245,remove_0-1000,Bowhead_Whale,False Killer Whale,False_Killer_Whale,false,1
Qwen/Qwen2.5-Omni-7B,test_1245,remove_1000-2000,Bowhead_Whale,"Beluga, White Whale","Beluga,_White_Whale",false,1
Qwen/Qwen2.5-Omni-7B,test_1245,remove_2000-4000,Bowhead_Whale,"Beluga, White Whale","Beluga,_White_Whale",false,1
Qwen/Qwen2.5-Omni-7B,test_1245,remove_4000-6000,Bowhead_Whale,"Beluga, White Whale","Beluga,_White_Whale",false,1
Qwen/Qwen2.5-Omni-7B,test_1245,remove_6000-8000,Bowhead_Whale,"Beluga, White Whale","Beluga,_White_Whale",false,1
Qwen/Qwen2.5-Omni-7B,test_1246,lp_0-2000,Bowhead_Whale,False Killer Whale,False_Killer_Whale,false,1
Qwen/Qwen2.5-Omni-7B,test_1246,lp_0-4000,Bowhead_Whale,"Beluga, White Whale","Beluga,_White_Whale",false,1
Qwen/Qwen2.5-Omni-7B,test_1246,lp_0-6000,Bowhead_Whale,"Beluga, White Whale","Beluga,_White_Whale",false,1
Qwen/Qwen2.5-Omni-7B,test_1246,lp_0-8000,Bowhead_Whale,"Beluga, White Whale","Beluga,_White_Whale",false,1
Qwen/Qwen2.5-Omni-7B,test_1246,remove_0-1000,Bowhead_Whale,"Beluga, White Whale","Beluga,_White_Whale",false,1
Qwen/Qwen2.5-Omni-7B,test_1246,remove_1000-2000,Bowhead_Whale,Humpback Whale,Humpback_Whale,false,1
Qwen/Qwen2.5-Omni-7B,test_1246,remove_2000-4000,Bowhead_Whale,False Killer Whale,False_Killer_Whale,false,1
Qwen/Qwen2.5-Omni-7B,test_1246,remove_4000-6000,Bowhead_Whale,"Beluga, White Whale","Beluga,_White_Whale",false,1
Qwen/Qwen2.5-Omni-7B,test_1246,remove_6000-8000,Bowhead_Whale,"Beluga, White Whale","Beluga,_White_Whale",false,1
Qwen/Qwen2.5-Omni-7B,test_1247,lp_0-2000,Bowhead_Whale,False Killer Whale,False_Killer_Whale,false,1
Qwen/Qwen2.5-Omni-7B,test_1247,lp_0-4000,Bowhead_Whale,"Beluga, White Whale","Beluga,_White_Whale",false,1
Qwen/Qwen2.5-Omni-7B,test_1247,lp_0-6000,Bowhead_Whale,"Beluga, White Whale","Beluga,_White_Whale",false,1
Qwen/Qwen2.5-Omni-7B,test_1247,lp_0-8000,Bowhead_Whale,"Beluga, White Whale","Beluga,_White_Whale",false,1
Qwen/Qwen2.5-Omni-7B,test_1247,remove_0-1000,Bowhead_Whale,"Beluga, White Whale","Beluga,_White_Whale",false,1
Qwen/Qwen2.5-Omni-7B,test_1247,remove_1000-2000,Bowhead_Whale,"Beluga, White Whale","Beluga,_White_Whale",false,1
Qwen/Qwen2.5-Omni-7B,test_1247,remove_2000-4000,Bowhead_Whale,"Beluga, White Whale","Beluga,_White_Whale",false,1
Qwen/Qwen2.5-Omni-7B,test_1247,remove_4000-6000,Bowhead_Whale,"Beluga, White Whale","Beluga,_White_Whale",false,1
Qwen/Qwen2.5-Omni-7B,test_1247,remove_6000-8000,Bowhead_Whale,"Beluga, White Whale","Beluga,_White_Whale",false,1
Qwen/Qwen2.5-Omni-7B,test_1248,lp_0-2000,Bowhead_Whale,"Beluga, White Whale","Beluga,_White_Whale",false,1
Qwen/Qwen2.5-Omni-7B,test_1248,lp_0-4000,Bowhead_Whale,"Beluga, White Whale","Beluga,_White_Whale",false,1
Qwen/Qwen2.5-Omni-7B,test_1248,lp_0-6000,Bowhead_Whale,"Beluga, White Whale","Beluga,_White_Whale",false,1
Qwen/Qwen2.5-Omni-7B,test_1248,lp_0-8000,Bowhead_Whale,"Beluga, White Whale","Beluga,_White_Whale",false,1
Qwen/Qwen2.5-Omni-7B,test_1248,remove_0-1000,Bowhead_Whale,False Killer Whale,False_Killer_Whale,false,1
Qwen/Qwen2.5-Omni-7B,test_1248,remove_1000-2000,Bowhead_Whale,"Beluga, White Whale","Beluga,_White_Whale",false,1
Qwen/Qwen2.5-Omni-7B,test_1248,remove_2000-4000,Bowhead_Whale,"Beluga, White Whale","Beluga,_White_Whale",false,1
Qwen/Qwen2.5-Omni-7B,test_1248,remove_4000-6000,Bowhead_Whale,"Beluga, White Whale","Beluga,_White_Whale",false,1
Qwen/Qwen2.5-Omni-7B,test_1248,remove_6000-8000,Bowhead_Whale,"Beluga, White Whale","Beluga,_White_Whale",false,1
Qwen/Qwen2.5-Omni-7B,test_1252,lp_0-2000,False_Killer_Whale,False Killer Whale,False_Killer_Whale,true,1
Qwen/Qwen2.5-Omni-7B,test_1252,lp_0-4000,False_Killer_Whale,Bottlenose Dolphin,Bottlenose_Dolphin,false,1
Qwen/Qwen2.5-Omni-7B,test_1252,lp_0-6000,False_Killer_Whale,Bottlenose Dolphin,Bottlenose_Dolphin,false,1
Qwen/Qwen2.5-Omni-7B,test_1252,lp_0-8000,False_Killer_Whale,"Beluga, White Whale","Beluga,_White_Whale",false,1
Qwen/Qwen2.5-Omni-7B,test_1252,remove_0-1000,False_Killer_Whale,"Beluga, White Whale","Beluga,_White_Whale",false,1
Qwen/Qwen2.5-Omni-7B,test_1252,remove_1000-2000,False_Killer_Whale,False Killer Whale,False_Killer_Whale,true,1
Qwen/Qwen2.5-Omni-7B,test_1252,remove_2000-4000,False_Killer_Whale,False Killer Whale,False_Killer_Whale,true,1
Qwen/Qwen2.5-Omni-7B,test_1252,remove_4000-6000,False_Killer_Whale,False Killer Whale,False_Killer_Whale,true,1
Qwen/Qwen2.5-Omni-7B,test_1252,remove_6000-8000,False_Killer_Whale,False Killer Whale,False_Killer_Whale,true,1
Qwen/Qwen2.5-Omni-7B,test_1265,lp_0-2000,False_Killer_Whale,False Killer Whale,False_Killer_Whale,true,1
Qwen/Qwen2.5-Omni-7B,test_1265,lp_0-4000,False_Killer_Whale,"Beluga, White Whale","Beluga,_White_Whale",false,1
Qwen/Qwen2.5-Omni-7B,test_1265,lp_0-6000,False_Killer_Whale,False Killer Whale,False_Killer_Whale,true,1
Qwen/Qwen2.5-Omni-7B,test_1265,lp_0-8000,False_Killer_Whale,False Killer Whale,False_Killer_Whale,true,1
Qwen/Qwen2.5-Omni-7B,test_1265,remove_0-1000,False_Killer_Whale,False Killer Whale,False_Killer_Whale,true,1
Qwen/Qwen2.5-Omni-7B,test_1265,remove_1000-2000,False_Killer_Whale,Bottlenose Dolphin,Bottlenose_Dolphin,false,1
Qwen/Qwen2.5-Omni-7B,test_1265,remove_2000-4000,False_Killer_Whale,False Killer Whale,False_Killer_Whale,true,1
Qwen/Qwen2.5-Omni-7B,test_1265,remove_4000-6000,False_Killer_Whale,False Killer Whale,False_Killer_Whale,true,1
Qwen/Qwen2.5-Omni-7B,test_1265,remove_6000-8000,False_Killer_Whale,False Killer Whale,False_Killer_Whale,true,1
Qwen/Qwen2.5-Omni-7B,test_1267,lp_0-2000,False_Killer_Whale,False Killer Whale,False_Killer_Whale,true,1
Qwen/Qwen2.5-Omni-7B,test_1267,lp_0-4000,False_Killer_Whale,False Killer Whale,False_Killer_Whale,true,1
Qwen/Qwen2.5-Omni-7B,test_1267,lp_0-6000,False_Killer_Whale,False Killer Whale,False_Killer_Whale,true,1
Qwen/Qwen2.5-Omni-7B,test_1267,lp_0-8000,False_Killer_Whale,"Beluga, White Whale","Beluga,_White_Whale",false,1
Qwen/Qwen2.5-Omni-7B,test_1267,remove_0-1000,False_Killer_Whale,False Killer Whale,False_Killer_Whale,true,1
Qwen/Qwen2.5-Omni-7B,test_1267,remove_1000-2000,False_Killer_Whale,False Killer Whale,False_Killer_Whale,true,1
Qwen/Qwen2.5-Omni-7B,test_1267,remove_2000-4000,False_Killer_Whale,False Killer Whale,False_Killer_Whale,true,1
Qwen/Qwen2.5-Omni-7B,test_1267,remove_4000-6000,False_Killer_Whale,False Killer Whale,False_Killer_Whale,true,1
Qwen/Qwen2.5-Omni-7B,test_1267,remove_6000-8000,False_Killer_Whale,False Killer Whale,False_Killer_Whale,true,1
Qwen/Qwen2.5-Omni-7B,test_1269,lp_0-2000,False_Killer_Whale,False Killer Whale,False_Killer_Whale,true,1
Qwen/Qwen2.5-Omni-7B,test_1269,lp_0-4000,False_Killer_Whale,"Beluga, White Whale","Beluga,_White_Whale",false,1
Qwen/Qwen2.5-Omni-7B,test_1269,lp_0-6000,False_Killer_Whale,"Beluga, White Whale","Beluga,_White_Whale",false,1
Qwen/Qwen2.5-Omni-7B,test_1269,lp_0-8000,False_Killer_Whale,"Beluga, White Whale","Beluga,_White_Whale",false,1
Qwen/Qwen2.5-Omni-7B,test_1269,remove_0-1000,False_Killer_Whale,"Beluga, White Whale","Beluga,_White_Whale",false,1
Qwen/Qwen2.5-Omni-7B,test_1269,remove_1000-2000,False_Killer_Whale,"Beluga, White Whale","Beluga,_White_Whale",false,1
Qwen/Qwen2.5-Omni-7B,test_1269,remove_2000-4000,False_Killer_Whale,False Killer Whale,False_Killer_Whale,true,1
Qwen/Qwen2.5-Omni-7B,test_1269,remove_4000-6000,False_Killer_Whale,"Beluga, White Whale","Beluga,_White_Whale",false,1
Qwen/Qwen2.5-Omni-7B,test_1269,remove_6000-8000,False_Killer_Whale,False Killer Whale,False_Killer_Whale,true,1
Qwen/Qwen2.5-Omni-7B,test_1275,lp_0-2000,False_Killer_Whale,False Killer Whale,False_Killer_Whale,true,1
Qwen/Qwen2.5-Omni-7B,test_1275,lp_0-4000,False_Killer_Whale,False Killer Whale,False_Killer_Whale,true,1
Qwen/Qwen2.5-Omni-7B,test_1275,lp_0-6000,False_Killer_Whale,False Killer Whale,False_Killer_Whale,true,1
Qwen/Qwen2.5-Omni-7B,test_1275,lp_0-8000,False_Killer_Whale,False Killer Whale,False_Killer_Whale,true,1
Qwen/Qwen2.5-Omni-7B,test_1275,remove_0-1000,False_Killer_Whale,False Killer Whale,False_Killer_Whale,true,1
Qwen/Qwen2.5-Omni-7B,test_1275,remove_1000-2000,False_Killer_Whale,False Killer Whale,False_Killer_Whale,true,1
Qwen/Qwen2.5-Omni-7B,test_1275,remove_2000-4000,False_Killer_Whale,False Killer Whale,False_Killer_Whale,true,1
Qwen/Qwen2.5-Omni-7B,test_1275,remove_4000-6000,False_Killer_Whale,False Killer Whale,False_Killer_Whale,true,1
Qwen/Qwen2.5-Omni-7B,test_1275,remove_6000-8000,False_Killer_Whale,False Killer Whale,False_Killer_Whale,true,1
Qwen/Qwen2.5-Omni-7B,test_1276,lp_0-2000,False_Killer_Whale,False Killer Whale,False_Killer_Whale,true,1
Qwen/Qwen2.5-Omni-7B,test_1276,lp_0-4000,False_Killer_Whale,False Killer Whale,False_Killer_Whale,true,1
Qwen/Qwen2.5-Omni-7B,test_1276,lp_0-6000,False_Killer_Whale,False Killer Whale,False_Killer_Whale,true,1
Qwen/Qwen2.5-Omni-7B,test_1276,lp_0-8000,False_Killer_Whale,False Killer Whale,False_Killer_Whale,true,1
Qwen/Qwen2.5-Omni-7B,test_1276,remove_0-1000,False_Killer_Whale,False Killer Whale,False_Killer_Whale,true,1
Qwen/Qwen2.5-Omni-7B,test_1276,remove_1000-2000,False_Killer_Whale,False Killer Whale,False_Killer_Whale,true,1
Qwen/Qwen2.5-Omni-7B,test_1276,remove_2000-4000,False_Killer_Whale,False Killer Whale,False_Killer_Whale,true,1
Qwen/Qwen2.5-Omni-7B,test_1276,remove_4000-6000,False_Killer_Whale,False Killer Whale,False_Killer_Whale,true,1
Qwen/Qwen2.5-Omni-7B,test_1276,remove_6000-8000,False_Killer_Whale,False Killer Whale,False_Killer_Whale,true,1
Qwen/Qwen2.5-Omni-7B,test_1277,lp_0-2000,False_Killer_Whale,False Killer Whale,False_Killer_Whale,true,1
Qwen/Qwen2.5-Omni-7B,test_1277,lp_0-4000,False_Killer_Whale,False Killer Whale,False_Killer_Whale,true,1
Qwen/Qwen2.5-Omni-7B,test_1277,lp_0-6000,False_Killer_Whale,False Killer Whale,False_Killer_Whale,true,1
Qwen/Qwen2.5-Omni-7B,test_1277,lp_0-8000,False_Killer_Whale,False Killer Whale,False_Killer_Whale,true,1
Qwen/Qwen2.5-Omni-7B,test_1277,remove_0-1000,False_Killer_Whale,False Killer Whale,False_Killer_Whale,true,1
Qwen/Qwen2.5-Omni-7B,test_1277,remove_1000-2000,False_Killer_Whale,False Killer Whale,False_Killer_Whale,true,1
Qwen/Qwen2.5-Omni-7B,test_1277,remove_2000-4000,False_Killer_Whale,False Killer Whale,False_Killer_Whale,true,1
Qwen/Qwen2.5-Omni-7B,test_1277,remove_4000-6000,False_Killer_Whale,False Killer Whale,False_Killer_Whale,true,1
Qwen/Qwen2.5-Omni-7B,test_1277,remove_6000-8000,False_Killer_Whale,Bottlenose Dolphin,Bottlenose_Dolphin,false,1
Qwen/Qwen2.5-Omni-7B,test_1282,lp_0-2000,False_Killer_Whale,False Killer Whale,False_Killer_Whale,true,1
Qwen/Qwen2.5-Omni-7B,test_1282,lp_0-4000,False_Killer_Whale,False Killer Whale,False_Killer_Whale,true,1
Qwen/Qwen2.5-Omni-7B,test_1282,lp_0-6000,False_Killer_Whale,False Killer Whale,False_Killer_Whale,true,1
Qwen/Qwen2.5-Omni-7B,test_1282,lp_0-8000,False_Killer_Whale,False Killer Whale,False_Killer_Whale,true,1
Qwen/Qwen2.5-Omni-7B,test_1282,remove_0-1000,False_Killer_Whale,"Beluga, White Whale","Beluga,_White_Whale",false,1
Qwen/Qwen2.5-Omni-7B,test_1282,remove_1000-2000,False_Killer_Whale,False Killer Whale,False_Killer_Whale,true,1
Qwen/Qwen2.5-Omni-7B,test_1282,remove_2000-4000,False_Killer_Whale,False Killer Whale,False_Killer_Whale,true,1
Qwen/Qwen2.5-Omni-7B,test_1282,remove_4000-6000,False_Killer_Whale,False Killer Whale,False_Killer_Whale,true,1
Qwen/Qwen2.5-Omni-7B,test_1282,remove_6000-8000,False_Killer_Whale,Bottlenose Dolphin,Bottlenose_Dolphin,false,1
Qwen/Qwen2.5-Omni-7B,test_1283,lp_0-2000,False_Killer_Whale,False Killer Whale,False_Killer_Whale,true,1
Qwen/Qwen2.5-Omni-7B,test_1283,lp_0-4000,False_Killer_Whale,False Killer Whale,False_Killer_Whale,true,1
Qwen/Qwen2.5-Omni-7B,test_1283,lp_0-6000,False_Killer_Whale,False Killer Whale,False_Killer_Whale,true,1
Qwen/Qwen2.5-Omni-7B,test_1283,lp_0-8000,False_Killer_Whale,False Killer Whale,False_Killer_Whale,true,1
Qwen/Qwen2.5-Omni-7B,test_1283,remove_0-1000,False_Killer_Whale,False Killer Whale,False_Killer_Whale,true,1
Qwen/Qwen2.5-Omni-7B,test_1283,remove_1000-2000,False_Killer_Whale,False Killer Whale,False_Killer_Whale,true,1
Qwen/Qwen2.5-Omni-7B,test_1283,remove_2000-4000,False_Killer_Whale,False Killer Whale,False_Killer_Whale,true,1
Qwen/Qwen2.5-Omni-7B,test_1283,remove_4000-6000,False_Killer_Whale,False Killer Whale,False_Killer_Whale,true,1
Qwen/Qwen2.5-Omni-7B,test_1283,remove_6000-8000,False_Killer_Whale,False Killer Whale,False_Killer_Whale,true,1
Qwen/Qwen2.5-Omni-7B,test_1296,lp_0-2000,False_Killer_Whale,False Killer Whale,False_Killer_Whale,true,1
Qwen/Qwen2.5-Omni-7B,test_1296,lp_0-4000,False_Killer_Whale,False Killer Whale,False_Killer_Whale,true,1
Qwen/Qwen2.5-Omni-7B,test_1296,lp_0-6000,False_Killer_Whale,False Killer Whale,False_Killer_Whale,true,1
Qwen/Qwen2.5-Omni-7B,test_1296,lp_0-8000,False_Killer_Whale,False Killer Whale,False_Killer_Whale,true,1
Qwen/Qwen2.5-Omni-7B,test_1296,remove_0-1000,False_Killer_Whale,False Killer Whale,False_Killer_Whale,true,1
Qwen/Qwen2.5-Omni-7B,test_1296,remove_1000-2000,False_Killer_Whale,False Killer Whale,False_Killer_Whale,true,1
Qwen/Qwen2.5-Omni-7B,test_1296,remove_2000-4000,False_Killer_Whale,False Killer Whale,False_Killer_Whale,true,1
Qwen/Qwen2.5-Omni-7B,test_1296,remove_4000-6000,False_Killer_Whale,False Killer Whale,False_Killer_Whale,true,1
Qwen/Qwen2.5-Omni-7B,test_1296,remove_6000-8000,False_Killer_Whale,False Killer Whale,False_Killer_Whale,true,1
Qwen/Qwen2.5-Omni-7B,test_1301,lp_0-2000,False_Killer_Whale,False Killer Whale,False_Killer_Whale,true,1
Qwen/Qwen2.5-Omni-7B,test_1301,lp_0-4000,False_Killer_Whale,False Killer Whale,False_Killer_Whale,true,1
Qwen/Qwen2.5-Omni-7B,test_1301,lp_0-6000,False_Killer_Whale,Bottlenose Dolphin,Bottlenose_Dolphin,false,1
Qwen/Qwen2.5-Omni-7B,test_1301,lp_0-8000,False_Killer_Whale,False Killer Whale,False_Killer_Whale,true,1
Qwen/Qwen2.5-Omni-7B,test_1301,remove_0-1000,False_Killer_Whale,"Beluga, White Whale","Beluga,_White_Whale",false,1
Qwen/Qwen2.5-Omni-7B,test_1301,remove_1000-2000,False_Killer_Whale,False Killer Whale,False_Killer_Whale,true,1
Qwen/Qwen2.5-Omni-7B,test_1301,remove_2000-4000,False_Killer_Whale,False Killer Whale,False_Killer_Whale,true,1
Qwen/Qwen2.5-Omni-7B,test_1301,remove_4000-6000,False_Killer_Whale,False Killer Whale,False_Killer_Whale,true,1
Qwen/Qwen2.5-Omni-7B,test_1301,remove_6000-8000,False_Killer_Whale,False Killer Whale,False_Killer_Whale,true,1
Qwen/Qwen2.5-Omni-7B,test_1303,lp_0-2000,False_Killer_Whale,False Killer Whale,False_Killer_Whale,true,1
Qwen/Qwen2.5-Omni-7B,test_1303,lp_0-4000,False_Killer_Whale,Bottlenose Dolphin,Bottlenose_Dolphin,false,1
Qwen/Qwen2.5-Omni-7B,test_1303,lp_0-6000,False_Killer_Whale,Bottlenose Dolphin,Bottlenose_Dolphin,false,1
Qwen/Qwen2.5-Omni-7B,test_1303,lp_0-8000,False_Killer_Whale,False Killer Whale,False_Killer_Whale,true,1
Qwen/Qwen2.5-Omni-7B,test_1303,remove_0-1000,False_Killer_Whale,False Killer Whale,False_Killer_Whale,true,1
Qwen/Qwen2.5-Omni-7B,test_1303,remove_1000-2000,False_Killer_Whale,False Killer Whale,False_Killer_Whale,true,1
Qwen/Qwen2.5-Omni-7B,test_1303,remove_2000-4000,False_Killer_Whale,False Killer Whale,False_Killer_Whale,true,1
Qwen/Qwen2.5-Omni-7B,test_1303,remove_4000-6000,False_Killer_Whale,False Killer Whale,False_Killer_Whale,true,1
Qwen/Qwen2.5-Omni-7B,test_1303,remove_6000-8000,False_Killer_Whale,False Killer Whale,False_Killer_Whale,true,1
Qwen/Qwen2.5-Omni-7B,test_1309,lp_0-2000,Melon_Headed_Whale,False Killer Whale,False_Killer_Whale,false,1
Qwen/Qwen2.5-Omni-7B,test_1309,lp_0-4000,Melon_Headed_Whale,Bottlenose Dolphin,Bottlenose_Dolphin,false,1
Qwen/Qwen2.5-Omni-7B,test_1309,lp_0-6000,Melon_Headed_Whale,Bottlenose Dolphin,Bottlenose_Dolphin,false,1
Qwen/Qwen2.5-Omni-7B,test_1309,lp_0-8000,Melon_Headed_Whale,Bottlenose Dolphin,Bottlenose_Dolphin,false,1
Qwen/Qwen2.5-Omni-7B,test_1309,remove_0-1000,Melon_Headed_Whale,False Killer Whale,False_Killer_Whale,false,1
Qwen/Qwen2.5-Omni-7B,test_1309,remove_1000-2000,Melon_Headed_Whale,False Killer Whale,False_Killer_Whale,false,1
Qwen/Qwen2.5-Omni-7B,test_1309,remove_2000-4000,Melon_Headed_Whale,False Killer Whale,False_Killer_Whale,false,1
Qwen/Qwen2.5-Omni-7B,test_1309,remove_4000-6000,Melon_Headed_Whale,False Killer Whale,False_Killer_Whale,false,1
Qwen/Qwen2.5-Omni-7B,test_1309,remove_6000-8000,Melon_Headed_Whale,False Killer Whale,False_Killer_Whale,false,1
Qwen/Qwen2.5-Omni-7B,test_1317,lp_0-2000,Melon_Headed_Whale,False Killer Whale,False_Killer_Whale,false,1
Qwen/Qwen2.5-Omni-7B,test_1317,lp_0-4000,Melon_Headed_Whale,False Killer Whale,False_Killer_Whale,false,1
Qwen/Qwen2.5-Omni-7B,test_1317,lp_0-6000,Melon_Headed_Whale,False Killer Whale,False_Killer_Whale,false,1
Qwen/Qwen2.5-Omni-7B,test_1317,lp_0-8000,Melon_Headed_Whale,False Killer Whale,False_Killer_Whale,false,1
Qwen/Qwen2.5-Omni-7B,test_1317,remove_0-1000,Melon_Headed_Whale,False Killer Whale,False_Killer_Whale,false,1
Qwen/Qwen2.5-Omni-7B,test_1317,remove_1000-2000,Melon_Headed_Whale,False Killer Whale,False_Killer_Whale,false,1
Qwen/Qwen2.5-Omni-7B,test_1317,remove_2000-4000,Melon_Headed_Whale,False Killer Whale,False_Killer_Whale,false,1
Qwen/Qwen2.5-Omni-7B,test_1317,remove_4000-6000,Melon_Headed_Whale,False Killer Whale,False_Killer_Whale,false,1
Qwen/Qwen2.5-Omni-7B,test_1317,remove_6000-8000,Melon_Headed_Whale,False Killer Whale,False_Killer_Whale,false,1
Qwen/Qwen2.5-Omni-7B,test_1318,lp_0-2000,Melon_Headed_Whale,False Killer Whale,False_Killer_Whale,false,1
Qwen/Qwen2.5-Omni-7B,test_1318,lp_0-4000,Melon_Headed_Whale,False Killer Whale,False_Killer_Whale,false,1
Qwen/Qwen2.5-Omni-7B,test_1318,lp_0-6000,Melon_Headed_Whale,False Killer Whale,False_Killer_Whale,false,1
Qwen/Qwen2.5-Omni-7B,test_1318,lp_0-8000,Melon_Headed_Whale,False Killer Whale,False_Killer_Whale,false,1
Qwen/Qwen2.5-Omni-7B,test_1318,remove_0-1000,Melon_Headed_Whale,False Killer Whale,False_Killer_Whale,false,1
Qwen/Qwen2.5-Omni-7B,test_1318,remove_1000-2000,Melon_Headed_Whale,False Killer Whale,False_Killer_Whale,false,1
Qwen/Qwen2.5-Omni-7B,test_1318,remove_2000-4000,Melon_Headed_Whale,False Killer Whale,False_Killer_Whale,false,1
Qwen/Qwen2.5-Omni-7B,test_1318,remove_4000-6000,Melon_Headed_Whale,False Killer Whale,False_Killer_Whale,false,1
Qwen/Qwen2.5-Omni-7B,test_1318,remove_6000-8000,Melon_Headed_Whale,False Killer Whale,False_Killer_Whale,false,1
Qwen/Qwen2.5-Omni-7B,test_1320,lp_0-2000,Melon_Headed_Whale,False Killer Whale,False_Killer_Whale,false,1
Qwen/Qwen2.5-Omni-7B,test_1320,lp_0-4000,Melon_Headed_Whale,Bottlenose Dolphin,Bottlenose_Dolphin,false,1
Qwen/Qwen2.5-Omni-7B,test_1320,lp_0-6000,Melon_Headed_Whale,Bottlenose Dolphin,Bottlenose_Dolphin,false,1
Qwen/Qwen2.5-Omni-7B,test_1320,lp_0-8000,Melon_Headed_Whale,Bottlenose Dolphin,Bottlenose_Dolphin,false,1
Qwen/Qwen2.5-Omni-7B,test_1320,remove_0-1000,Melon_Headed_Whale,False Killer Whale,False_Killer_Whale,false,1
Qwen/Qwen2.5-Omni-7B,test_1320,remove_1000-2000,Melon_Headed_Whale,False Killer Whale,False_Killer_Whale,false,1
Qwen/Qwen2.5-Omni-7B,test_1320,remove_2000-4000,Melon_Headed_Whale,False Killer Whale,False_Killer_Whale,false,1
Qwen/Qwen2.5-Omni-7B,test_1320,remove_4000-6000,Melon_Headed_Whale,False Killer Whale,False_Killer_Whale,false,1
Qwen/Qwen2.5-Omni-7B,test_1320,remove_6000-8000,Melon_Headed_Whale,False Killer Whale,False_Killer_Whale,false,1
Qwen/Qwen2.5-Omni-7B,test_1327,lp_0-2000,Melon_Headed_Whale,False Killer Whale,False_Killer_Whale,false,1
Qwen/Qwen2.5-Omni-7B,test_1327,lp_0-4000,Melon_Headed_Whale,False Killer Whale,False_Killer_Whale,false,1
Qwen/Qwen2.5-Omni-7B,test_1327,lp_0-6000,Melon_Headed_Whale,False Killer Whale,False_Killer_Whale,false,1
Qwen/Qwen2.5-Omni-7B,test_1327,lp_0-8000,Melon_Headed_Whale,False Killer Whale,False_Killer_Whale,false,1
Qwen/Qwen2.5-Omni-7B,test_1327,remove_0-1000,Melon_Headed_Whale,False Killer Whale,False_Killer_Whale,false,1
Qwen/Qwen2.5-Omni-7B,test_1327,remove_1000-2000,Melon_Headed_Whale,False Killer Whale,False_Killer_Whale,false,1
Qwen/Qwen2.5-Omni-7B,test_1327,remove_2000-4000,Melon_Headed_Whale,False Killer Whale,False_Killer_Whale,false,1
Qwen/Qwen2.5-Omni-7B,test_1327,remove_4000-6000,Melon_Headed_Whale,False Killer Whale,False_Killer_Whale,false,1
Qwen/Qwen2.5-Omni-7B,test_1327,remove_6000-8000,Melon_Headed_Whale,False Killer Whale,False_Killer_Whale,false,1
Qwen/Qwen2.5-Omni-7B,test_1331,lp_0-2000,Melon_Headed_Whale,False Killer Whale,False_Killer_Whale,false,1
Qwen/Qwen2.5-Omni-7B,test_1331,lp_0-4000,Melon_Headed_Whale,False Killer Whale,False_Killer_Whale,false,1
Qwen/Qwen2.5-Omni-7B,test_1331,lp_0-6000,Melon_Headed_Whale,False Killer Whale,False_Killer_Whale,false,1
Qwen/Qwen2.5-Omni-7B,test_1331,lp_0-8000,Melon_Headed_Whale,False Killer Whale,False_Killer_Whale,false,1
Qwen/Qwen2.5-Omni-7B,test_1331,remove_0-1000,Melon_Headed_Whale,False Killer Whale,False_Killer_Whale,false,1
Qwen/Qwen2.5-Omni-7B,test_1331,remove_1000-2000,Melon_Headed_Whale,False Killer Whale,False_Killer_Whale,false,1
Qwen/Qwen2.5-Omni-7B,test_1331,remove_2000-4000,Melon_Headed_Whale,False Killer Whale,False_Killer_Whale,false,1
Qwen/Qwen2.5-Omni-7B,test_1331,remove_4000-6000,Melon_Headed_Whale,False Killer Whale,False_Killer_Whale,false,1
Qwen/Qwen2.5-Omni-7B,test_1331,remove_6000-8000,Melon_Headed_Whale,False Killer Whale,False_Killer_Whale,false,1
Qwen/Qwen2.5-Omni-7B,test_1336,lp_0-2000,Melon_Headed_Whale,Bottlenose Dolphin,Bottlenose_Dolphin,false,1
Qwen/Qwen2.5-Omni-7B,test_1336,lp_0-4000,Melon_Headed_Whale,Bottlenose Dolphin,Bottlenose_Dolphin,false,1
Qwen/Qwen2.5-Omni-7B,test_1336,lp_0-6000,Melon_Headed_Whale,Bottlenose Dolphin,Bottlenose_Dolphin,false,1
Qwen/Qwen2.5-Omni-7B,test_1336,lp_0-8000,Melon_Headed_Whale,Bottlenose Dolphin,Bottlenose_Dolphin,false,1
Qwen/Qwen2.5-Omni-7B,test_1336,remove_0-1000,Melon_Headed_Whale,"Beluga, White Whale","Beluga,_White_Whale",false,1
Qwen/Qwen2.5-Omni-7B,test_1336,remove_1000-2000,Melon_Headed_Whale,"Beluga, White Whale","Beluga,_White_Whale",false,1
Qwen/Qwen2.5-Omni-7B,test_1336,remove_2000-4000,Melon_Headed_Whale,Bottlenose Dolphin,Bottlenose_Dolphin,false,1
Qwen/Qwen2.5-Omni-7B,test_1336,remove_4000-6000,Melon_Headed_Whale,Bottlenose Dolphin,Bottlenose_Dolphin,false,1
Qwen/Qwen2.5-Omni-7B,test_1336,remove_6000-8000,Melon_Headed_Whale,Bottlenose Dolphin,Bottlenose_Dolphin,false,1
Qwen/Qwen2.5-Omni-7B,test_1349,lp_0-2000,Melon_Headed_Whale,False Killer Whale,False_Killer_Whale,false,1
Qwen/Qwen2.5-Omni-7B,test_1349,lp_0-4000,Melon_Headed_Whale,False Killer Whale,False_Killer_Whale,false,1
Qwen/Qwen2.5-Omni-7B,test_1349,lp_0-6000,Melon_Headed_Whale,False Killer Whale,False_Killer_Whale,false,1
Qwen/Qwen2.5-Omni-7B,test_1349,lp_0-8000,Melon_Headed_Whale,False Killer Whale,False_Killer_Whale,false,1
Qwen/Qwen2.5-Omni-7B,test_1349,remove_0-1000,Melon_Headed_Whale,False Killer Whale,False_Killer_Whale,false,1
Qwen/Qwen2.5-Omni-7B,test_1349,remove_1000-2000,Melon_Headed_Whale,False Killer Whale,False_Killer_Whale,false,1
Qwen/Qwen2.5-Omni-7B,test_1349,remove_2000-4000,Melon_Headed_Whale,False Killer Whale,False_Killer_Whale,false,1
Qwen/Qwen2.5-Omni-7B,test_1349,remove_4000-6000,Melon_Headed_Whale,False Killer Whale,False_Killer_Whale,false,1
Qwen/Qwen2.5-Omni-7B,test_1349,remove_6000-8000,Melon_Headed_Whale,False Killer Whale,False_Killer_Whale,false,1
Qwen/Qwen2.5-Omni-7B,test_1359,lp_0-2000,Melon_Headed_Whale,Bottlenose Dolphin,Bottlenose_Dolphin,false,1
Qwen/Qwen2.5-Omni-7B,test_1359,lp_0-4000,Melon_Headed_Whale,Bottlenose Dolphin,Bottlenose_Dolphin,false,1
Qwen/Qwen2.5-Omni-7B,test_1359,lp_0-6000,Melon_Headed_Whale,Bottlenose Dolphin,Bottlenose_Dolphin,false,1
Qwen/Qwen2.5-Omni-7B,test_1359,lp_0-8000,Melon_Headed_Whale,Bottlenose Dolphin,Bottlenose_Dolphin,false,1
Qwen/Qwen2.5-Omni-7B,test_1359,remove_0-1000,Melon_Headed_Whale,Bottlenose Dolphin,Bottlenose_Dolphin,false,1
Qwen/Qwen2.5-Omni-7B,test_1359,remove_1000-2000,Melon_Headed_Whale,Bottlenose Dolphin,Bottlenose_Dolphin,false,1
Qwen/Qwen2.5-Omni-7B,test_1359,remove_2000-4000,Melon_Headed_Whale,Bottlenose Dolphin,Bottlenose_Dolphin,false,1
Qwen/Qwen2.5-Omni-7B,test_1359,remove_4000-6000,Melon_Headed_Whale,Bottlenose Dolphin,Bottlenose_Dolphin,false,1
Qwen/Qwen2.5-Omni-7B,test_1359,remove_6000-8000,Melon_Headed_Whale,Bottlenose Dolphin,Bottlenose_Dolphin,false,1
Qwen/Qwen2.5-Omni-7B,test_1362,lp_0-2000,Melon_Headed_Whale,False Killer Whale,False_Killer_Whale,false,1
Qwen/Qwen2.5-Omni-7B,test_1362,lp_0-4000,Melon_Headed_Whale,Bottlenose Dolphin,Bottlenose_Dolphin,false,1
Qwen/Qwen2.5-Omni-7B,test_1362,lp_0-6000,Melon_Headed_Whale,Bottlenose Dolphin,Bottlenose_Dolphin,false,1
Qwen/Qwen2.5-Omni-7B,test_1362,lp_0-8000,Melon_Headed_Whale,Bottlenose Dolphin,Bottlenose_Dolphin,false,1
Qwen/Qwen2.5-Omni-7B,test_1362,remove_0-1000,Melon_Headed_Whale,False Killer Whale,False_Killer_Whale,false,1
Qwen/Qwen2.5-Omni-7B,test_1362,remove_1000-2000,Melon_Headed_Whale,Bottlenose Dolphin,Bottlenose_Dolphin,false,1
Qwen/Qwen2.5-Omni-7B,test_1362,remove_2000-4000,Melon_Headed_Whale,Bottlenose Dolphin,Bottlenose_Dolphin,false,1
Qwen/Qwen2.5-Omni-7B,test_1362,remove_4000-6000,Melon_Headed_Whale,Bottlenose Dolphin,Bottlenose_Dolphin,false,1
Qwen/Qwen2.5-Omni-7B,test_1362,remove_6000-8000,Melon_Headed_Whale,Bottlenose Dolphin,Bottlenose_Dolphin,false,1
Qwen/Qwen2.5-Omni-7B,test_1363,lp_0-2000,Melon_Headed_Whale,False Killer Whale,False_Killer_Whale,false,1
Qwen/Qwen2.5-Omni-7B,test_1363,lp_0-4000,Melon_Headed_Whale,False Killer Whale,False_Killer_Whale,false,1
Qwen/Qwen2.5-Omni-7B,test_1363,lp_0-6000,Melon_Headed_Whale,False Killer Whale,False_Killer_Whale,false,1
Qwen/Qwen2.5-Omni-7B,test_1363,lp_0-8000,Melon_Headed_Whale,False Killer Whale,False_Killer_Whale,false,1
Qwen/Qwen2.5-Omni-7B,test_1363,remove_0-1000,Melon_Headed_Whale,False Killer Whale,False_Killer_Whale,false,1
Qwen/Qwen2.5-Omni-7B,test_1363,remove_1000-2000,Melon_Headed_Whale,False Killer Whale,False_Killer_Whale,false,1
Qwen/Qwen2.5-Omni-7B,test_1363,remove_2000-4000,Melon_Headed_Whale,False Killer Whale,False_Killer_Whale,false,1
Qwen/Qwen2.5-Omni-7B,test_1363,remove_4000-6000,Melon_Headed_Whale,False Killer Whale,False_Killer_Whale,false,1
Qwen/Qwen2.5-Omni-7B,test_1363,remove_6000-8000,Melon_Headed_Whale,False Killer Whale,False_Killer_Whale,false,1
Qwen/Qwen2.5-Omni-7B,test_1367,lp_0-2000,Melon_Headed_Whale,False Killer Whale,False_Killer_Whale,false,1
Qwen/Qwen2.5-Omni-7B,test_1367,lp_0-4000,Melon_Headed_Whale,False Killer Whale,False_Killer_Whale,false,1
Qwen/Qwen2.5-Omni-7B,test_1367,lp_0-6000,Melon_Headed_Whale,False Killer Whale,False_Killer_Whale,false,1
Qwen/Qwen2.5-Omni-7B,test_1367,lp_0-8000,Melon_Headed_Whale,False Killer Whale,False_Killer_Whale,false,1
Qwen/Qwen2.5-Omni-7B,test_1367,remove_0-1000,Melon_Headed_Whale,False Killer Whale,False_Killer_Whale,false,1
Qwen/Qwen2.5-Omni-7B,test_1367,remove_1000-2000,Melon_Headed_Whale,False Killer Whale,False_Killer_Whale,false,1
Qwen/Qwen2.5-Omni-7B,test_1367,remove_2000-4000,Melon_Headed_Whale,False Killer Whale,False_Killer_Whale,false,1
Qwen/Qwen2.5-Omni-7B,test_1367,remove_4000-6000,Melon_Headed_Whale,False Killer Whale,False_Killer_Whale,false,1
Qwen/Qwen2.5-Omni-7B,test_1367,remove_6000-8000,Melon_Headed_Whale,False Killer Whale,False_Killer_Whale,false,1
Qwen/Qwen2.5-Omni-7B,test_1371,lp_0-2000,Long-Finned_Pilot_Whale,False Killer Whale,False_Killer_Whale,false,1
Qwen/Qwen2.5-Omni-7B,test_1371,lp_0-4000,Long-Finned_Pilot_Whale,"Beluga, White Whale","Beluga,_White_Whale",false,1
Qwen/Qwen2.5-Omni-7B,test_1371,lp_0-6000,Long-Finned_Pilot_Whale,"Beluga, White Whale","Beluga,_White_Whale",false,1
Qwen/Qwen2.5-Omni-7B,test_1371,lp_0-8000,Long-Finned_Pilot_Whale,"Beluga, White Whale","Beluga,_White_Whale",false,1
Qwen/Qwen2.5-Omni-7B,test_1371,remove_0-1000,Long-Finned_Pilot_Whale,False Killer Whale,False_Killer_Whale,false,1
Qwen/Qwen2.5-Omni-7B,test_1371,remove_1000-2000,Long-Finned_Pilot_Whale,"Beluga, White Whale","Beluga,_White_Whale",false,1
Qwen/Qwen2.5-Omni-7B,test_1371,remove_2000-4000,Long-Finned_Pilot_Whale,False Killer Whale,False_Killer_Whale,false,1
Qwen/Qwen2.5-Omni-7B,test_1371,remove_4000-6000,Long-Finned_Pilot_Whale,False Killer Whale,False_Killer_Whale,false,1
Qwen/Qwen2.5-Omni-7B,test_1371,remove_6000-8000,Long-Finned_Pilot_Whale,"Beluga, White Whale","Beluga,_White_Whale",false,1
Qwen/Qwen2.5-Omni-7B,test_1373,lp_0-2000,Long-Finned_Pilot_Whale,Bottlenose Dolphin,Bottlenose_Dolphin,false,1
Qwen/Qwen2.5-Omni-7B,test_1373,lp_0-4000,Long-Finned_Pilot_Whale,"Beluga, White Whale","Beluga,_White_Whale",false,1
Qwen/Qwen2.5-Omni-7B,test_1373,lp_0-6000,Long-Finned_Pilot_Whale,"Beluga, White Whale","Beluga,_White_Whale",false,1
Qwen/Qwen2.5-Omni-7B,test_1373,lp_0-8000,Long-Finned_Pilot_Whale,Bottlenose Dolphin,Bottlenose_Dolphin,false,1
Qwen/Qwen2.5-Omni-7B,test_1373,remove_0-1000,Long-Finned_Pilot_Whale,Bottlenose Dolphin,Bottlenose_Dolphin,false,1
Qwen/Qwen2.5-Omni-7B,test_1373,remove_1000-2000,Long-Finned_Pilot_Whale,"Beluga, White Whale","Beluga,_White_Whale",false,1
Qwen/Qwen2.5-Omni-7B,test_1373,remove_2000-4000,Long-Finned_Pilot_Whale,Bottlenose Dolphin,Bottlenose_Dolphin,false,1
Qwen/Qwen2.5-Omni-7B,test_1373,remove_4000-6000,Long-Finned_Pilot_Whale,"Beluga, White Whale","Beluga,_White_Whale",false,1
Qwen/Qwen2.5-Omni-7B,test_1373,remove_6000-8000,Long-Finned_Pilot_Whale,"Beluga, White Whale","Beluga,_White_Whale",false,1
Qwen/Qwen2.5-Omni-7B,test_1375,lp_0-2000,Long-Finned_Pilot_Whale,False Killer Whale,False_Killer_Whale,false,1
Qwen/Qwen2.5-Omni-7B,test_1375,lp_0-4000,Long-Finned_Pilot_Whale,False Killer Whale,False_Killer_Whale,false,1
Qwen/Qwen2.5-Omni-7B,test_1375,lp_0-6000,Long-Finned_Pilot_Whale,False Killer Whale,False_Killer_Whale,false,1
Qwen/Qwen2.5-Omni-7B,test_1375,lp_0-8000,Long-Finned_Pilot_Whale,False Killer Whale,False_Killer_Whale,false,1
Qwen/Qwen2.5-Omni-7B,test_1375,remove_0-1000,Long-Finned_Pilot_Whale,False Killer Whale,False_Killer_Whale,false,1
Qwen/Qwen2.5-Omni-7B,test_1375,remove_1000-2000,Long-Finned_Pilot_Whale,False Killer Whale,False_Killer_Whale,false,1
Qwen/Qwen2.5-Omni-7B,test_1375,remove_2000-4000,Long-Finned_Pilot_Whale,False Killer Whale,False_Killer_Whale,false,1
Qwen/Qwen2.5-Omni-7B,test_1375,remove_4000-6000,Long-Finned_Pilot_Whale,False Killer Whale,False_Killer_Whale,false,1
Qwen/Qwen2.5-Omni-7B,test_1375,remove_6000-8000,Long-Finned_Pilot_Whale,False Killer Whale,False_Killer_Whale,false,1
Qwen/Qwen2.5-Omni-7B,test_1379,lp_0-2000,Long-Finned_Pilot_Whale,False Killer Whale,False_Killer_Whale,false,1
Qwen/Qwen2.5-Omni-7B,test_1379,lp_0-4000,Long-Finned_Pilot_Whale,"Beluga, White Whale","Beluga,_White_Whale",false,1
Qwen/Qwen2.5-Omni-7B,test_1379,lp_0-6000,Long-Finned_Pilot_Whale,"Beluga, White Whale","Beluga,_White_Whale",false,1
Qwen/Qwen2.5-Omni-7B,test_1379,lp_0-8000,Long-Finned_Pilot_Whale,False Killer Whale,False_Killer_Whale,false,1
Qwen/Qwen2.5-Omni-7B,test_1379,remove_0-1000,Long-Finned_Pilot_Whale,"Beluga, White Whale","Beluga,_White_Whale",false,1
Qwen/Qwen2.5-Omni-7B,test_1379,remove_1000-2000,Long-Finned_Pilot_Whale,False Killer Whale,False_Killer_Whale,false,1
Qwen/Qwen2.5-Omni-7B,test_1379,remove_2000-4000,Long-Finned_Pilot_Whale,False Killer Whale,False_Killer_Whale,false,1
Qwen/Qwen2.5-Omni-7B,test_1379,remove_4000-6000,Long-Finned_Pilot_Whale,False Killer Whale,False_Killer_Whale,false,1
Qwen/Qwen2.5-Omni-7B,test_1379,remove_6000-8000,Long-Finned_Pilot_Whale,"Beluga, White Whale","Beluga,_White_Whale",false,1
Qwen/Qwen2.5-Omni-7B,test_1384,lp_0-2000,Long-Finned_Pilot_Whale,False Killer Whale,False_Killer_Whale,false,1
Qwen/Qwen2.5-Omni-7B,test_1384,lp_0-4000,Long-Finned_Pilot_Whale,False Killer Whale,False_Killer_Whale,false,1
Qwen/Qwen2.5-Omni-7B,test_1384,lp_0-6000,Long-Finned_Pilot_Whale,Bottlenose Dolphin,Bottlenose_Dolphin,false,1
Qwen/Qwen2.5-Omni-7B,test_1384,lp_0-8000,Long-Finned_Pilot_Whale,Bottlenose Dolphin,Bottlenose_Dolphin,false,1
Qwen/Qwen2.5-Omni-7B,test_1384,remove_0-1000,Long-Finned_Pilot_Whale,False Killer Whale,False_Killer_Whale,false,1
Qwen/Qwen2.5-Omni-7B,test_1384,remove_1000-2000,Long-Finned_Pilot_Whale,Bottlenose Dolphin,Bottlenose_Dolphin,false,1
Qwen/Qwen2.5-Omni-7B,test_1384,remove_2000-4000,Long-Finned_Pilot_Whale,Bottlenose Dolphin,Bottlenose_Dolphin,false,1
Qwen/Qwen2.5-Omni-7B,test_1384,remove_4000-6000,Long-Finned_Pilot_Whale,False Killer Whale,False_Killer_Whale,false,1
Qwen/Qwen2.5-Omni-7B,test_1384,remove_6000-8000,Long-Finned_Pilot_Whale,Bottlenose Dolphin,Bottlenose_Dolphin,false,1
Qwen/Qwen2.5-Omni-7B,test_1391,lp_0-2000,Long-Finned_Pilot_Whale,"Beluga, White Whale","Beluga,_White_Whale",false,1
Qwen/Qwen2.5-Omni-7B,test_1391,lp_0-4000,Long-Finned_Pilot_Whale,Bottlenose Dolphin,Bottlenose_Dolphin,false,1
Qwen/Qwen2.5-Omni-7B,test_1391,lp_0-6000,Long-Finned_Pilot_Whale,Bottlenose Dolphin,Bottlenose_Dolphin,false,1
Qwen/Qwen2.5-Omni-7B,test_1391,lp_0-8000,Long-Finned_Pilot_Whale,"Beluga, White Whale","Beluga,_White_Whale",false,1
Qwen/Qwen2.5-Omni-7B,test_1391,remove_0-1000,Long-Finned_Pilot_Whale,"Beluga, White Whale","Beluga,_White_Whale",false,1
Qwen/Qwen2.5-Omni-7B,test_1391,remove_1000-2000,Long-Finned_Pilot_Whale,False Killer Whale,False_Killer_Whale,false,1
Qwen/Qwen2.5-Omni-7B,test_1391,remove_2000-4000,Long-Finned_Pilot_Whale,False Killer Whale,False_Killer_Whale,false,1
Qwen/Qwen2.5-Omni-7B,test_1391,remove_4000-6000,Long-Finned_Pilot_Whale,"Beluga, White Whale","Beluga,_White_Whale",false,1
Qwen/Qwen2.5-Omni-7B,test_1391,remove_6000-8000,Long-Finned_Pilot_Whale,Bottlenose Dolphin,Bottlenose_Dolphin,false,1
Qwen/Qwen2.5-Omni-7B,test_1402,lp_0-2000,Long-Finned_Pilot_Whale,Bottlenose Dolphin,Bottlenose_Dolphin,false,1
Qwen/Qwen2.5-Omni-7B,test_1402,lp_0-4000,Long-Finned_Pilot_Whale,Bottlenose Dolphin,Bottlenose_Dolphin,false,1
Qwen/Qwen2.5-Omni-7B,test_1402,lp_0-6000,Long-Finned_Pilot_Whale,Bottlenose Dolphin,Bottlenose_Dolphin,false,1
Qwen/Qwen2.5-Omni-7B,test_1402,lp_0-8000,Long-Finned_Pilot_Whale,Bottlenose Dolphin,Bottlenose_Dolphin,false,1
Qwen/Qwen2.5-Omni-7B,test_1402,remove_0-1000,Long-Finned_Pilot_Whale,Bottlenose Dolphin,Bottlenose_Dolphin,false,1
Qwen/Qwen2.5-Omni-7B,test_1402,remove_1000-2000,Long-Finned_Pilot_Whale,Bottlenose Dolphin,Bottlenose_Dolphin,false,1
Qwen/Qwen2.5-Omni-7B,test_1402,remove_2000-4000,Long-Finned_Pilot_Whale,Bottlenose Dolphin,Bottlenose_Dolphin,false,1
Qwen/Qwen2.5-Omni-7B,test_1402,remove_4000-6000,Long-Finned_Pilot_Whale,Bottlenose Dolphin,Bottlenose_Dolphin,false,1
Qwen/Qwen2.5-Omni-7B,test_1402,remove_6000-8000,Long-Finned_Pilot_Whale,Bottlenose Dolphin,Bottlenose_Dolphin,false,1
Qwen/Qwen2.5-Omni-7B,test_1404,lp_0-2000,Long-Finned_Pilot_Whale,"Beluga, White Whale","Beluga,_White_Whale",false,1
Qwen/Qwen2.5-Omni-7B,test_1404,lp_0-4000,Long-Finned_Pilot_Whale,"Beluga, White Whale","Beluga,_White_Whale",false,1
Qwen/Qwen2.5-Omni-7B,test_1404,lp_0-6000,Long-Finned_Pilot_Whale,"Beluga, White Whale","Beluga,_White_Whale",false,1
Qwen/Qwen2.5-Omni-7B,test_1404,lp_0-8000,Long-Finned_Pilot_Whale,"Beluga, White Whale","Beluga,_White_Whale",false,1
Qwen/Qwen2.5-Omni-7B,test_1404,remove_0-1000,Long-Finned_Pilot_Whale,"Beluga, White Whale","Beluga,_White_Whale",false,1
Qwen/Qwen2.5-Omni-7B,test_1404,remove_1000-2000,Long-Finned_Pilot_Whale,"Beluga, White Whale","Beluga,_White_Whale",false,1
Qwen/Qwen2.5-Omni-7B,test_1404,remove_2000-4000,Long-Finned_Pilot_Whale,"Beluga, White Whale","Beluga,_White_Whale",false,1
Qwen/Qwen2.5-Omni-7B,test_1404,remove_4000-6000,Long-Finned_Pilot_Whale,"Beluga, White Whale","Beluga,_White_Whale",false,1
Qwen/Qwen2.5-Omni-7B,test_1404,remove_6000-8000,Long-Finned_Pilot_Whale,"Beluga, White Whale","Beluga,_White_Whale",false,1
Qwen/Qwen2.5-Omni-7B,test_1407,lp_0-2000,Long-Finned_Pilot_Whale,False Killer Whale,False_Killer_Whale,false,1
Qwen/Qwen2.5-Omni-7B,test_1407,lp_0-4000,Long-Finned_Pilot_Whale,False Killer Whale,False_Killer_Whale,false,1
Qwen/Qwen2.5-Omni-7B,test_1407,lp_0-6000,Long-Finned_Pilot_Whale,Bottlenose Dolphin,Bottlenose_Dolphin,false,1
Qwen/Qwen2.5-Omni-7B,test_1407,lp_0-8000,Long-Finned_Pilot_Whale,Bottlenose Dolphin,Bottlenose_Dolphin,false,1
Qwen/Qwen2.5-Omni-7B,test_1407,remove_0-1000,Long-Finned_Pilot_Whale,False Killer Whale,False_Killer_Whale,false,1
Qwen/Qwen2.5-Omni-7B,test_1407,remove_1000-2000,Long-Finned_Pilot_Whale,False Killer Whale,False_Killer_Whale,false,1
Qwen/Qwen2.5-Omni-7B,test_1407,remove_2000-4000,Long-Finned_Pilot_Whale,False Killer Whale,False_Killer_Whale,false,1
Qwen/Qwen2.5-Omni-7B,test_1407,remove_4000-6000,Long-Finned_Pilot_Whale,Bottlenose Dolphin,Bottlenose_Dolphin,false,1
Qwen/Qwen2.5-Omni-7B,test_1407,remove_6000-8000,Long-Finned_Pilot_Whale,Bottlenose Dolphin,Bottlenose_Dolphin,false,1
Qwen/Qwen2.5-Omni-7B,test_1415,lp_0-2000,Long-Finned_Pilot_Whale,False Killer Whale,False_Killer_Whale,false,1
Qwen/Qwen2.5-Omni-7B,test_1415,lp_0-4000,Long-Finned_Pilot_Whale,Bottlenose Dolphin,Bottlenose_Dolphin,false,1
Qwen/Qwen2.5-Omni-7B,test_1415,lp_0-6000,Long-Finned_Pilot_Whale,Bottlenose Dolphin,Bottlenose_Dolphin,false,1
Qwen/Qwen2.5-Omni-7B,test_1415,lp_0-8000,Long-Finned_Pilot_Whale,Bottlenose Dolphin,Bottlenose_Dolphin,false,1
Qwen/Qwen2.5-Omni-7B,test_1415,remove_0-1000,Long-Finned_Pilot_Whale,"Beluga, White Whale","Beluga,_White_Whale",false,1
Qwen/Qwen2.5-Omni-7B,test_1415,remove_1000-2000,Long-Finned_Pilot_Whale,Bottlenose Dolphin,Bottlenose_Dolphin,false,1
Qwen/Qwen2.5-Omni-7B,test_1415,remove_2000-4000,Long-Finned_Pilot_Whale,Bottlenose Dolphin,Bottlenose_Dolphin,false,1
Qwen/Qwen2.5-Omni-7B,test_1415,remove_4000-6000,Long-Finned_Pilot_Whale,Bottlenose Dolphin,Bottlenose_Dolphin,false,1
Qwen/Qwen2.5-Omni-7B,test_1415,remove_6000-8000,Long-Finned_Pilot_Whale,Bottlenose Dolphin,Bottlenose_Dolphin,false,1
Qwen/Qwen2.5-Omni-7B,test_1432,lp_0-2000,Long-Finned_Pilot_Whale,"Beluga, White Whale","Beluga,_White_Whale",false,1
Qwen/Qwen2.5-Omni-7B,test_1432,lp_0-4000,Long-Finned_Pilot_Whale,"Beluga, White Whale","Beluga,_White_Whale",false,1
Qwen/Qwen2.5-Omni-7B,test_1432,lp_0-6000,Long-Finned_Pilot_Whale,"Beluga, White Whale","Beluga,_White_Whale",false,1
Qwen/Qwen2.5-Omni-7B,test_1432,lp_0-8000,Long-Finned_Pilot_Whale,"Beluga, White Whale","Beluga,_White_Whale",false,1
Qwen/Qwen2.5-Omni-7B,test_1432,remove_0-1000,Long-Finned_Pilot_Whale,"Beluga, White Whale","Beluga,_White_Whale",false,1
Qwen/Qwen2.5-Omni-7B,test_1432,remove_1000-2000,Long-Finned_Pilot_Whale,"Beluga, White Whale","Beluga,_White_Whale",false,1
Qwen/Qwen2.5-Omni-7B,test_1432,remove_2000-4000,Long-Finned_Pilot_Whale,Bottlenose Dolphin,Bottlenose_Dolphin,false,1
Qwen/Qwen2.5-Omni-7B,test_1432,remove_4000-6000,Long-Finned_Pilot_Whale,Bottlenose Dolphin,Bottlenose_Dolphin,false,1
Qwen/Qwen2.5-Omni-7B,test_1432,remove_6000-8000,Long-Finned_Pilot_Whale,"Beluga, White Whale","Beluga,_White_Whale",false,1
Qwen/Qwen2.5-Omni-7B,test_1434,lp_0-2000,Long-Finned_Pilot_Whale,False Killer Whale,False_Killer_Whale,false,1
Qwen/Qwen2.5-Omni-7B,test_1434,lp_0-4000,Long-Finned_Pilot_Whale,False Killer Whale,False_Killer_Whale,false,1
Qwen/Qwen2.5-Omni-7B,test_1434,lp_0-6000,Long-Finned_Pilot_Whale,"Beluga, White Whale","Beluga,_White_Whale",false,1
Qwen/Qwen2.5-Omni-7B,test_1434,lp_0-8000,Long-Finned_Pilot_Whale,False Killer Whale,False_Killer_Whale,false,1
Qwen/Qwen2.5-Omni-7B,test_1434,remove_0-1000,Long-Finned_Pilot_Whale,False Killer Whale,False_Killer_Whale,false,1
Qwen/Qwen2.5-Omni-7B,test_1434,remove_1000-2000,Long-Finned_Pilot_Whale,False Killer Whale,False_Killer_Whale,false,1
Qwen/Qwen2.5-Omni-7B,test_1434,remove_2000-4000,Long-Finned_Pilot_Whale,Bottlenose Dolphin,Bottlenose_Dolphin,false,1
Qwen/Qwen2.5-Omni-7B,test_1434,remove_4000-6000,Long-Finned_Pilot_Whale,False Killer Whale,False_Killer_Whale,false,1
Qwen/Qwen2.5-Omni-7B,test_1434,remove_6000-8000,Long-Finned_Pilot_Whale,False Killer Whale,False_Killer_Whale,false,1
Qwen/Qwen2.5-Omni-7B,test_1439,lp_0-2000,Long-Finned_Pilot_Whale,"Beluga, White Whale","Beluga,_White_Whale",false,1
Qwen/Qwen2.5-Omni-7B,test_1439,lp_0-4000,Long-Finned_Pilot_Whale,"Beluga, White Whale","Beluga,_White_Whale",false,1
Qwen/Qwen2.5-Omni-7B,test_1439,lp_0-6000,Long-Finned_Pilot_Whale,"Beluga, White Whale","Beluga,_White_Whale",false,1
Qwen/Qwen2.5-Omni-7B,test_1439,lp_0-8000,Long-Finned_Pilot_Whale,"Beluga, White Whale","Beluga,_White_Whale",false,1
Qwen/Qwen2.5-Omni-7B,test_1439,remove_0-1000,Long-Finned_Pilot_Whale,"Beluga, White Whale","Beluga,_White_Whale",false,1
Qwen/Qwen2.5-Omni-7B,test_1439,remove_1000-2000,Long-Finned_Pilot_Whale,"Beluga, White Whale","Beluga,_White_Whale",false,1
Qwen/Qwen2.5-Omni-7B,test_1439,remove_2000-4000,Long-Finned_Pilot_Whale,Bottlenose Dolphin,Bottlenose_Dolphin,false,1
Qwen/Qwen2.5-Omni-7B,test_1439,remove_4000-6000,Long-Finned_Pilot_Whale,"Beluga, White Whale","Beluga,_White_Whale",false,1
Qwen/Qwen2.5-Omni-7B,test_1439,remove_6000-8000,Long-Finned_Pilot_Whale,"Beluga, White Whale","Beluga,_White_Whale",false,1
Qwen/Qwen2.5-Omni-7B,test_1440,lp_0-2000,Long-Finned_Pilot_Whale,Bottlenose Dolphin,Bottlenose_Dolphin,false,1
Qwen/Qwen2.5-Omni-7B,test_1440,lp_0-4000,Long-Finned_Pilot_Whale,Bottlenose Dolphin,Bottlenose_Dolphin,false,1
Qwen/Qwen2.5-Omni-7B,test_1440,lp_0-6000,Long-Finned_Pilot_Whale,Bottlenose Dolphin,Bottlenose_Dolphin,false,1
Qwen/Qwen2.5-Omni-7B,test_1440,lp_0-8000,Long-Finned_Pilot_Whale,Bottlenose Dolphin,Bottlenose_Dolphin,false,1
Qwen/Qwen2.5-Omni-7B,test_1440,remove_0-1000,Long-Finned_Pilot_Whale,Bottlenose Dolphin,Bottlenose_Dolphin,false,1
Qwen/Qwen2.5-Omni-7B,test_1440,remove_1000-2000,Long-Finned_Pilot_Whale,"Beluga, White Whale","Beluga,_White_Whale",false,1
Qwen/Qwen2.5-Omni-7B,test_1440,remove_2000-4000,Long-Finned_Pilot_Whale,Bottlenose Dolphin,Bottlenose_Dolphin,false,1
Qwen/Qwen2.5-Omni-7B,test_1440,remove_4000-6000,Long-Finned_Pilot_Whale,Bottlenose Dolphin,Bottlenose_Dolphin,false,1
Qwen/Qwen2.5-Omni-7B,test_1440,remove_6000-8000,Long-Finned_Pilot_Whale,Bottlenose Dolphin,Bottlenose_Dolphin,false,1
Qwen/Qwen2.5-Omni-7B,test_1450,lp_0-2000,Striped_Dolphin,False Killer Whale,False_Killer_Whale,false,1
Qwen/Qwen2.5-Omni-7B,test_1450,lp_0-4000,Striped_Dolphin,Bottlenose Dolphin,Bottlenose_Dolphin,false,1
Qwen/Qwen2.5-Omni-7B,test_1450,lp_0-6000,Striped_Dolphin,Bottlenose Dolphin,Bottlenose_Dolphin,false,1
Qwen/Qwen2.5-Omni-7B,test_1450,lp_0-8000,Striped_Dolphin,Bottlenose Dolphin,Bottlenose_Dolphin,false,1
Qwen/Qwen2.5-Omni-7B,test_1450,remove_0-1000,Striped_Dolphin,"Beluga, White Whale","Beluga,_White_Whale",false,1
Qwen/Qwen2.5-Omni-7B,test_1450,remove_1000-2000,Striped_Dolphin,False Killer Whale,False_Killer_Whale,false,1
Qwen/Qwen2.5-Omni-7B,test_1450,remove_2000-4000,Striped_Dolphin,False Killer Whale,False_Killer_Whale,false,1
Qwen/Qwen2.5-Omni-7B,test_1450,remove_4000-6000,Striped_Dolphin,False Killer Whale,False_Killer_Whale,false,1
Qwen/Qwen2.5-Omni-7B,test_1450,remove_6000-8000,Striped_Dolphin,False Killer Whale,False_Killer_Whale,false,1
Qwen/Qwen2.5-Omni-7B,test_1454,lp_0-2000,Striped_Dolphin,False Killer Whale,False_Killer_Whale,false,1
Qwen/Qwen2.5-Omni-7B,test_1454,lp_0-4000,Striped_Dolphin,Bottlenose Dolphin,Bottlenose_Dolphin,false,1
Qwen/Qwen2.5-Omni-7B,test_1454,lp_0-6000,Striped_Dolphin,Bottlenose Dolphin,Bottlenose_Dolphin,false,1
Qwen/Qwen2.5-Omni-7B,test_1454,lp_0-8000,Striped_Dolphin,False Killer Whale,False_Killer_Whale,false,1
Qwen/Qwen2.5-Omni-7B,test_1454,remove_0-1000,Striped_Dolphin,Bottlenose Dolphin,Bottlenose_Dolphin,false,1
Qwen/Qwen2.5-Omni-7B,test_1454,remove_1000-2000,Striped_Dolphin,False Killer Whale,False_Killer_Whale,false,1
Qwen/Qwen2.5-Omni-7B,test_1454,remove_2000-4000,Striped_Dolphin,False Killer Whale,False_Killer_Whale,false,1
Qwen/Qwen2.5-Omni-7B,test_1454,remove_4000-6000,Striped_Dolphin,False Killer Whale,False_Killer_Whale,false,1
Qwen/Qwen2.5-Omni-7B,test_1454,remove_6000-8000,Striped_Dolphin,Bottlenose Dolphin,Bottlenose_Dolphin,false,1
Qwen/Qwen2.5-Omni-7B,test_1456,lp_0-2000,Striped_Dolphin,False Killer Whale,False_Killer_Whale,false,1
Qwen/Qwen2.5-Omni-7B,test_1456,lp_0-4000,Striped_Dolphin,False Killer Whale,False_Killer_Whale,false,1
Qwen/Qwen2.5-Omni-7B,test_1456,lp_0-6000,Striped_Dolphin,Bottlenose Dolphin,Bottlenose_Dolphin,false,1
Qwen/Qwen2.5-Omni-7B,test_1456,lp_0-8000,Striped_Dolphin,False Killer Whale,False_Killer_Whale,false,1
Qwen/Qwen2.5-Omni-7B,test_1456,remove_0-1000,Striped_Dolphin,False Killer Whale,False_Killer_Whale,false,1
Qwen/Qwen2.5-Omni-7B,test_1456,remove_1000-2000,Striped_Dolphin,False Killer Whale,False_Killer_Whale,false,1
Qwen/Qwen2.5-Omni-7B,test_1456,remove_2000-4000,Striped_Dolphin,False Killer Whale,False_Killer_Whale,false,1
Qwen/Qwen2.5-Omni-7B,test_1456,remove_4000-6000,Striped_Dolphin,False Killer Whale,False_Killer_Whale,false,1
Qwen/Qwen2.5-Omni-7B,test_1456,remove_6000-8000,Striped_Dolphin,False Killer Whale,False_Killer_Whale,false,1
Qwen/Qwen2.5-Omni-7B,test_1462,lp_0-2000,Striped_Dolphin,False Killer Whale,False_Killer_Whale,false,1
Qwen/Qwen2.5-Omni-7B,test_1462,lp_0-4000,Striped_Dolphin,False Killer Whale,False_Killer_Whale,false,1
Qwen/Qwen2.5-Omni-7B,test_1462,lp_0-6000,Striped_Dolphin,"Beluga, White Whale","Beluga,_White_Whale",false,1
Qwen/Qwen2.5-Omni-7B,test_1462,lp_0-8000,Striped_Dolphin,False Killer Whale,False_Killer_Whale,false,1
Qwen/Qwen2.5-Omni-7B,test_1462,remove_0-1000,Striped_Dolphin,False Killer Whale,False_Killer_Whale,false,1
Qwen/Qwen2.5-Omni-7B,test_1462,remove_1000-2000,Striped_Dolphin,False Killer Whale,False_Killer_Whale,false,1
Qwen/Qwen2.5-Omni-7B,test_1462,remove_2000-4000,Striped_Dolphin,False Killer Whale,False_Killer_Whale,false,1
Qwen/Qwen2.5-Omni-7B,test_1462,remove_4000-6000,Striped_Dolphin,False Killer Whale,False_Killer_Whale,false,1
Qwen/Qwen2.5-Omni-7B,test_1462,remove_6000-8000,Striped_Dolphin,False Killer Whale,False_Killer_Whale,false,1
Qwen/Qwen2.5-Omni-7B,test_1472,lp_0-2000,Striped_Dolphin,Bottlenose Dolphin,Bottlenose_Dolphin,false,1
Qwen/Qwen2.5-Omni-7B,test_1472,lp_0-4000,Striped_Dolphin,False Killer Whale,False_Killer_Whale,false,1
Qwen/Qwen2.5-Omni-7B,test_1472,lp_0-6000,Striped_Dolphin,False Killer Whale,False_Killer_Whale,false,1
Qwen/Qwen2.5-Omni-7B,test_1472,lp_0-8000,Striped_Dolphin,False Killer Whale,False_Killer_Whale,false,1
Qwen/Qwen2.5-Omni-7B,test_1472,remove_0-1000,Striped_Dolphin,False Killer Whale,False_Killer_Whale,false,1
Qwen/Qwen2.5-Omni-7B,test_1472,remove_1000-2000,Striped_Dolphin,False Killer Whale,False_Killer_Whale,false,1
Qwen/Qwen2.5-Omni-7B,test_1472,remove_2000-4000,Striped_Dolphin,False Killer Whale,False_Killer_Whale,false,1
Qwen/Qwen2.5-Omni-7B,test_1472,remove_4000-6000,Striped_Dolphin,False Killer Whale,False_Killer_Whale,false,1
Qwen/Qwen2.5-Omni-7B,test_1472,remove_6000-8000,Striped_Dolphin,False Killer Whale,False_Killer_Whale,false,1
Qwen/Qwen2.5-Omni-7B,test_1481,lp_0-2000,Striped_Dolphin,False Killer Whale,False_Killer_Whale,false,1
Qwen/Qwen2.5-Omni-7B,test_1481,lp_0-4000,Striped_Dolphin,Bottlenose Dolphin,Bottlenose_Dolphin,false,1
Qwen/Qwen2.5-Omni-7B,test_1481,lp_0-6000,Striped_Dolphin,False Killer Whale,False_Killer_Whale,false,1
Qwen/Qwen2.5-Omni-7B,test_1481,lp_0-8000,Striped_Dolphin,Bottlenose Dolphin,Bottlenose_Dolphin,false,1
Qwen/Qwen2.5-Omni-7B,test_1481,remove_0-1000,Striped_Dolphin,False Killer Whale,False_Killer_Whale,false,1
Qwen/Qwen2.5-Omni-7B,test_1481,remove_1000-2000,Striped_Dolphin,Bottlenose Dolphin,Bottlenose_Dolphin,false,1
Qwen/Qwen2.5-Omni-7B,test_1481,remove_2000-4000,Striped_Dolphin,False Killer Whale,False_Killer_Whale,false,1
Qwen/Qwen2.5-Omni-7B,test_1481,remove_4000-6000,Striped_Dolphin,False Killer Whale,False_Killer_Whale,false,1
Qwen/Qwen2.5-Omni-7B,test_1481,remove_6000-8000,Striped_Dolphin,Bottlenose Dolphin,Bottlenose_Dolphin,false,1
Qwen/Qwen2.5-Omni-7B,test_1485,lp_0-2000,Striped_Dolphin,Bottlenose Dolphin,Bottlenose_Dolphin,false,1
Qwen/Qwen2.5-Omni-7B,test_1485,lp_0-4000,Striped_Dolphin,Bottlenose Dolphin,Bottlenose_Dolphin,false,1
Qwen/Qwen2.5-Omni-7B,test_1485,lp_0-6000,Striped_Dolphin,Bottlenose Dolphin,Bottlenose_Dolphin,false,1
Qwen/Qwen2.5-Omni-7B,test_1485,lp_0-8000,Striped_Dolphin,False Killer Whale,False_Killer_Whale,false,1
Qwen/Qwen2.5-Omni-7B,test_1485,remove_0-1000,Striped_Dolphin,Bottlenose Dolphin,Bottlenose_Dolphin,false,1
Qwen/Qwen2.5-Omni-7B,test_1485,remove_1000-2000,Striped_Dolphin,False Killer Whale,False_Killer_Whale,false,1
Qwen/Qwen2.5-Omni-7B,test_1485,remove_2000-4000,Striped_Dolphin,False Killer Whale,False_Killer_Whale,false,1
Qwen/Qwen2.5-Omni-7B,test_1485,remove_4000-6000,Striped_Dolphin,Bottlenose Dolphin,Bottlenose_Dolphin,false,1
Qwen/Qwen2.5-Omni-7B,test_1485,remove_6000-8000,Striped_Dolphin,Bottlenose Dolphin,Bottlenose_Dolphin,false,1
Qwen/Qwen2.5-Omni-7B,test_1487,lp_0-2000,Striped_Dolphin,Bottlenose Dolphin,Bottlenose_Dolphin,false,1
Qwen/Qwen2.5-Omni-7B,test_1487,lp_0-4000,Striped_Dolphin,Bottlenose Dolphin,Bottlenose_Dolphin,false,1
Qwen/Qwen2.5-Omni-7B,test_1487,lp_0-6000,Striped_Dolphin,Bottlenose Dolphin,Bottlenose_Dolphin,false,1
Qwen/Qwen2.5-Omni-7B,test_1487,lp_0-8000,Striped_Dolphin,Bottlenose Dolphin,Bottlenose_Dolphin,false,1
Qwen/Qwen2.5-Omni-7B,test_1487,remove_0-1000,Striped_Dolphin,"Beluga, White Whale","Beluga,_White_Whale",false,1
Qwen/Qwen2.5-Omni-7B,test_1487,remove_1000-2000,Striped_Dolphin,Bottlenose Dolphin,Bottlenose_Dolphin,false,1
Qwen/Qwen2.5-Omni-7B,test_1487,remove_2000-4000,Striped_Dolphin,Bottlenose Dolphin,Bottlenose_Dolphin,false,1
Qwen/Qwen2.5-Omni-7B,test_1487,remove_4000-6000,Striped_Dolphin,Bottlenose Dolphin,Bottlenose_Dolphin,false,1
Qwen/Qwen2.5-Omni-7B,test_1487,remove_6000-8000,Striped_Dolphin,Bottlenose Dolphin,Bottlenose_Dolphin,false,1
Qwen/Qwen2.5-Omni-7B,test_1489,lp_0-2000,Striped_Dolphin,Bottlenose Dolphin,Bottlenose_Dolphin,false,1
Qwen/Qwen2.5-Omni-7B,test_1489,lp_0-4000,Striped_Dolphin,Bottlenose Dolphin,Bottlenose_Dolphin,false,1
Qwen/Qwen2.5-Omni-7B,test_1489,lp_0-6000,Striped_Dolphin,Bottlenose Dolphin,Bottlenose_Dolphin,false,1
Qwen/Qwen2.5-Omni-7B,test_1489,lp_0-8000,Striped_Dolphin,Bottlenose Dolphin,Bottlenose_Dolphin,false,1
Qwen/Qwen2.5-Omni-7B,test_1489,remove_0-1000,Striped_Dolphin,Bottlenose Dolphin,Bottlenose_Dolphin,false,1
Qwen/Qwen2.5-Omni-7B,test_1489,remove_1000-2000,Striped_Dolphin,False Killer Whale,False_Killer_Whale,false,1
Qwen/Qwen2.5-Omni-7B,test_1489,remove_2000-4000,Striped_Dolphin,False Killer Whale,False_Killer_Whale,false,1
Qwen/Qwen2.5-Omni-7B,test_1489,remove_4000-6000,Striped_Dolphin,False Killer Whale,False_Killer_Whale,false,1
Qwen/Qwen2.5-Omni-7B,test_1489,remove_6000-8000,Striped_Dolphin,False Killer Whale,False_Killer_Whale,false,1
Qwen/Qwen2.5-Omni-7B,test_1497,lp_0-2000,Striped_Dolphin,False Killer Whale,False_Killer_Whale,false,1
Qwen/Qwen2.5-Omni-7B,test_1497,lp_0-4000,Striped_Dolphin,False Killer Whale,False_Killer_Whale,false,1
Qwen/Qwen2.5-Omni-7B,test_1497,lp_0-6000,Striped_Dolphin,False Killer Whale,False_Killer_Whale,false,1
Qwen/Qwen2.5-Omni-7B,test_1497,lp_0-8000,Striped_Dolphin,False Killer Whale,False_Killer_Whale,false,1
Qwen/Qwen2.5-Omni-7B,test_1497,remove_0-1000,Striped_Dolphin,False Killer Whale,False_Killer_Whale,false,1
Qwen/Qwen2.5-Omni-7B,test_1497,remove_1000-2000,Striped_Dolphin,False Killer Whale,False_Killer_Whale,false,1
Qwen/Qwen2.5-Omni-7B,test_1497,remove_2000-4000,Striped_Dolphin,False Killer Whale,False_Killer_Whale,false,1
Qwen/Qwen2.5-Omni-7B,test_1497,remove_4000-6000,Striped_Dolphin,False Killer Whale,False_Killer_Whale,false,1
Qwen/Qwen2.5-Omni-7B,test_1497,remove_6000-8000,Striped_Dolphin,False Killer Whale,False_Killer_Whale,false,1
Qwen/Qwen2.5-Omni-7B,test_1501,lp_0-2000,Striped_Dolphin,False Killer Whale,False_Killer_Whale,false,1
Qwen/Qwen2.5-Omni-7B,test_1501,lp_0-4000,Striped_Dolphin,Bottlenose Dolphin,Bottlenose_Dolphin,false,1
Qwen/Qwen2.5-Omni-7B,test_1501,lp_0-6000,Striped_Dolphin,Bottlenose Dolphin,Bottlenose_Dolphin,false,1
Qwen/Qwen2.5-Omni-7B,test_1501,lp_0-8000,Striped_Dolphin,Bottlenose Dolphin,Bottlenose_Dolphin,false,1
Qwen/Qwen2.5-Omni-7B,test_1501,remove_0-1000,Striped_Dolphin,"Beluga, White Whale","Beluga,_White_Whale",false,1
Qwen/Qwen2.5-Omni-7B,test_1501,remove_1000-2000,Striped_Dolphin,False Killer Whale,False_Killer_Whale,false,1
Qwen/Qwen2.5-Omni-7B,test_1501,remove_2000-4000,Striped_Dolphin,False Killer Whale,False_Killer_Whale,false,1
Qwen/Qwen2.5-Omni-7B,test_1501,remove_4000-6000,Striped_Dolphin,False Killer Whale,False_Killer_Whale,false,1
Qwen/Qwen2.5-Omni-7B,test_1501,remove_6000-8000,Striped_Dolphin,Bottlenose Dolphin,Bottlenose_Dolphin,false,1
Qwen/Qwen2.5-Omni-7B,test_1502,lp_0-2000,Striped_Dolphin,"Beluga, White Whale","Beluga,_White_Whale",false,1
Qwen/Qwen2.5-Omni-7B,test_1502,lp_0-4000,Striped_Dolphin,Bottlenose Dolphin,Bottlenose_Dolphin,false,1
Qwen/Qwen2.5-Omni-7B,test_1502,lp_0-6000,Striped_Dolphin,Bottlenose Dolphin,Bottlenose_Dolphin,false,1
Qwen/Qwen2.5-Omni-7B,test_1502,lp_0-8000,Striped_Dolphin,Bottlenose Dolphin,Bottlenose_Dolphin,false,1
Qwen/Qwen2.5-Omni-7B,test_1502,remove_0-1000,Striped_Dolphin,Bottlenose Dolphin,Bottlenose_Dolphin,false,1
Qwen/Qwen2.5-Omni-7B,test_1502,remove_1000-2000,Striped_Dolphin,"Beluga, White Whale","Beluga,_White_Whale",false,1
Qwen/Qwen2.5-Omni-7B,test_1502,remove_2000-4000,Striped_Dolphin,"Beluga, White Whale","Beluga,_White_Whale",false,1
Qwen/Qwen2.5-Omni-7B,test_1502,remove_4000-6000,Striped_Dolphin,Bottlenose Dolphin,Bottlenose_Dolphin,false,1
Qwen/Qwen2.5-Omni-7B,test_1502,remove_6000-8000,Striped_Dolphin,Bottlenose Dolphin,Bottlenose_Dolphin,false,1
Qwen/Qwen2.5-Omni-7B,test_1505,lp_0-2000,Striped_Dolphin,False Killer Whale,False_Killer_Whale,false,1
Qwen/Qwen2.5-Omni-7B,test_1505,lp_0-4000,Striped_Dolphin,False Killer Whale,False_Killer_Whale,false,1
Qwen/Qwen2.5-Omni-7B,test_1505,lp_0-6000,Striped_Dolphin,False Killer Whale,False_Killer_Whale,false,1
Qwen/Qwen2.5-Omni-7B,test_1505,lp_0-8000,Striped_Dolphin,False Killer Whale,False_Killer_Whale,false,1
Qwen/Qwen2.5-Omni-7B,test_1505,remove_0-1000,Striped_Dolphin,False Killer Whale,False_Killer_Whale,false,1
Qwen/Qwen2.5-Omni-7B,test_1505,remove_1000-2000,Striped_Dolphin,False Killer Whale,False_Killer_Whale,false,1
Qwen/Qwen2.5-Omni-7B,test_1505,remove_2000-4000,Striped_Dolphin,False Killer Whale,False_Killer_Whale,false,1
Qwen/Qwen2.5-Omni-7B,test_1505,remove_4000-6000,Striped_Dolphin,False Killer Whale,False_Killer_Whale,false,1
Qwen/Qwen2.5-Omni-7B,test_1505,remove_6000-8000,Striped_Dolphin,False Killer Whale,False_Killer_Whale,false,1
Qwen/Qwen2.5-Omni-7B,test_1510,lp_0-2000,Striped_Dolphin,False Killer Whale,False_Killer_Whale,false,1
Qwen/Qwen2.5-Omni-7B,test_1510,lp_0-4000,Striped_Dolphin,"Beluga, White Whale","Beluga,_White_Whale",false,1
Qwen/Qwen2.5-Omni-7B,test_1510,lp_0-6000,Striped_Dolphin,"Beluga, White Whale","Beluga,_White_Whale",false,1
Qwen/Qwen2.5-Omni-7B,test_1510,lp_0-8000,Striped_Dolphin,Bottlenose Dolphin,Bottlenose_Dolphin,false,1
Qwen/Qwen2.5-Omni-7B,test_1510,remove_0-1000,Striped_Dolphin,False Killer Whale,False_Killer_Whale,false,1
Qwen/Qwen2.5-Omni-7B,test_1510,remove_1000-2000,Striped_Dolphin,False Killer Whale,False_Killer_Whale,false,1
Qwen/Qwen2.5-Omni-7B,test_1510,remove_2000-4000,Striped_Dolphin,False Killer Whale,False_Killer_Whale,false,1
Qwen/Qwen2.5-Omni-7B,test_1510,remove_4000-6000,Striped_Dolphin,"Beluga, White Whale","Beluga,_White_Whale",false,1
Qwen/Qwen2.5-Omni-7B,test_1510,remove_6000-8000,Striped_Dolphin,False Killer Whale,False_Killer_Whale,false,1
Qwen/Qwen2.5-Omni-7B,test_1513,lp_0-2000,Striped_Dolphin,False Killer Whale,False_Killer_Whale,false,1
Qwen/Qwen2.5-Omni-7B,test_1513,lp_0-4000,Striped_Dolphin,Bottlenose Dolphin,Bottlenose_Dolphin,false,1
Qwen/Qwen2.5-Omni-7B,test_1513,lp_0-6000,Striped_Dolphin,"Beluga, White Whale","Beluga,_White_Whale",false,1
Qwen/Qwen2.5-Omni-7B,test_1513,lp_0-8000,Striped_Dolphin,"Beluga, White Whale","Beluga,_White_Whale",false,1
Qwen/Qwen2.5-Omni-7B,test_1513,remove_0-1000,Striped_Dolphin,False Killer Whale,False_Killer_Whale,false,1
Qwen/Qwen2.5-Omni-7B,test_1513,remove_1000-2000,Striped_Dolphin,"Beluga, White Whale","Beluga,_White_Whale",false,1
Qwen/Qwen2.5-Omni-7B,test_1513,remove_2000-4000,Striped_Dolphin,"Beluga, White Whale","Beluga,_White_Whale",false,1
Qwen/Qwen2.5-Omni-7B,test_1513,remove_4000-6000,Striped_Dolphin,"Beluga, White Whale","Beluga,_White_Whale",false,1
Qwen/Qwen2.5-Omni-7B,test_1513,remove_6000-8000,Striped_Dolphin,"Beluga, White Whale","Beluga,_White_Whale",false,1
Qwen/Qwen2.5-Omni-7B,test_1521,lp_0-2000,Striped_Dolphin,False Killer Whale,False_Killer_Whale,false,1
Qwen/Qwen2.5-Omni-7B,test_1521,lp_0-4000,Striped_Dolphin,Bottlenose Dolphin,Bottlenose_Dolphin,false,1
Qwen/Qwen2.5-Omni-7B,test_1521,lp_0-6000,Striped_Dolphin,Bottlenose Dolphin,Bottlenose_Dolphin,false,1
Qwen/Qwen2.5-Omni-7B,test_1521,lp_0-8000,Striped_Dolphin,Bottlenose Dolphin,Bottlenose_Dolphin,false,1
Qwen/Qwen2.5-Omni-7B,test_1521,remove_0-1000,Striped_Dolphin,False Killer Whale,False_Killer_Whale,false,1
Qwen/Qwen2.5-Omni-7B,test_1521,remove_1000-2000,Striped_Dolphin,False Killer Whale,False_Killer_Whale,false,1
Qwen/Qwen2.5-Omni-7B,test_1521,remove_2000-4000,Striped_Dolphin,"Beluga, White Whale","Beluga,_White_Whale",false,1
Qwen/Qwen2.5-Omni-7B,test_1521,remove_4000-6000,Striped_Dolphin,Bottlenose Dolphin,Bottlenose_Dolphin,false,1
Qwen/Qwen2.5-Omni-7B,test_1521,remove_6000-8000,Striped_Dolphin,False Killer Whale,False_Killer_Whale,false,1
Qwen/Qwen2.5-Omni-7B,test_1526,lp_0-2000,Leopard_Seal,"Beluga, White Whale","Beluga,_White_Whale",false,1
Qwen/Qwen2.5-Omni-7B,test_1526,lp_0-4000,Leopard_Seal,"Beluga, White Whale","Beluga,_White_Whale",false,1
Qwen/Qwen2.5-Omni-7B,test_1526,lp_0-6000,Leopard_Seal,"Beluga, White Whale","Beluga,_White_Whale",false,1
Qwen/Qwen2.5-Omni-7B,test_1526,lp_0-8000,Leopard_Seal,"Beluga, White Whale","Beluga,_White_Whale",false,1
Qwen/Qwen2.5-Omni-7B,test_1526,remove_0-1000,Leopard_Seal,False Killer Whale,False_Killer_Whale,false,1
Qwen/Qwen2.5-Omni-7B,test_1526,remove_1000-2000,Leopard_Seal,"Beluga, White Whale","Beluga,_White_Whale",false,1
Qwen/Qwen2.5-Omni-7B,test_1526,remove_2000-4000,Leopard_Seal,"Beluga, White Whale","Beluga,_White_Whale",false,1
Qwen/Qwen2.5-Omni-7B,test_1526,remove_4000-6000,Leopard_Seal,"Beluga, White Whale","Beluga,_White_Whale",false,1
Qwen/Qwen2.5-Omni-7B,test_1526,remove_6000-8000,Leopard_Seal,"Beluga, White Whale","Beluga,_White_Whale",false,1
Qwen/Qwen2.5-Omni-7B,test_1530,lp_0-2000,Leopard_Seal,"Beluga, White Whale","Beluga,_White_Whale",false,1
Qwen/Qwen2.5-Omni-7B,test_1530,lp_0-4000,Leopard_Seal,Humpback Whale,Humpback_Whale,false,1
Qwen/Qwen2.5-Omni-7B,test_1530,lp_0-6000,Leopard_Seal,Humpback Whale,Humpback_Whale,false,1
Qwen/Qwen2.5-Omni-7B,test_1530,lp_0-8000,Leopard_Seal,Humpback Whale,Humpback_Whale,false,1
Qwen/Qwen2.5-Omni-7B,test_1530,remove_0-1000,Leopard_Seal,False Killer Whale,False_Killer_Whale,false,1
Qwen/Qwen2.5-Omni-7B,test_1530,remove_1000-2000,Leopard_Seal,Sperm Whale,Sperm_Whale,false,1
Qwen/Qwen2.5-Omni-7B,test_1530,remove_2000-4000,Leopard_Seal,"Beluga, White Whale","Beluga,_White_Whale",false,1
Qwen/Qwen2.5-Omni-7B,test_1530,remove_4000-6000,Leopard_Seal,Humpback Whale,Humpback_Whale,false,1
Qwen/Qwen2.5-Omni-7B,test_1530,remove_6000-8000,Leopard_Seal,Humpback Whale,Humpback_Whale,false,1
Qwen/Qwen2.5-Omni-7B,test_1532,lp_0-2000,Walrus,False Killer Whale,False_Killer_Whale,false,1
Qwen/Qwen2.5-Omni-7B,test_1532,lp_0-4000,Walrus,False Killer Whale,False_Killer_Whale,false,1
Qwen/Qwen2.5-Omni-7B,test_1532,lp_0-6000,Walrus,False Killer Whale,False_Killer_Whale,false,1
Qwen/Qwen2.5-Omni-7B,test_1532,lp_0-8000,Walrus,False Killer Whale,False_Killer_Whale,false,1
Qwen/Qwen2.5-Omni-7B,test_1532,remove_0-1000,Walrus,False Killer Whale,False_Killer_Whale,false,1
Qwen/Qwen2.5-Omni-7B,test_1532,remove_1000-2000,Walrus,False Killer Whale,False_Killer_Whale,false,1
Qwen/Qwen2.5-Omni-7B,test_1532,remove_2000-4000,Walrus,False Killer Whale,False_Killer_Whale,false,1
Qwen/Qwen2.5-Omni-7B,test_1532,remove_4000-6000,Walrus,False Killer Whale,False_Killer_Whale,false,1
Qwen/Qwen2.5-Omni-7B,test_1532,remove_6000-8000,Walrus,False Killer Whale,False_Killer_Whale,false,1
Qwen/Qwen2.5-Omni-7B,test_1534,lp_0-2000,Walrus,"Beluga, White Whale","Beluga,_White_Whale",false,1
Qwen/Qwen2.5-Omni-7B,test_1534,lp_0-4000,Walrus,"Beluga, White Whale","Beluga,_White_Whale",false,1
Qwen/Qwen2.5-Omni-7B,test_1534,lp_0-6000,Walrus,"Beluga, White Whale","Beluga,_White_Whale",false,1
Qwen/Qwen2.5-Omni-7B,test_1534,lp_0-8000,Walrus,"Beluga, White Whale","Beluga,_White_Whale",false,1
Qwen/Qwen2.5-Omni-7B,test_1534,remove_0-1000,Walrus,False Killer Whale,False_Killer_Whale,false,1
Qwen/Qwen2.5-Omni-7B,test_1534,remove_1000-2000,Walrus,"Beluga, White Whale","Beluga,_White_Whale",false,1
Qwen/Qwen2.5-Omni-7B,test_1534,remove_2000-4000,Walrus,"Beluga, White Whale","Beluga,_White_Whale",false,1
Qwen/Qwen2.5-Omni-7B,test_1534,remove_4000-6000,Walrus,"Beluga, White Whale","Beluga,_White_Whale",false,1
Qwen/Qwen2.5-Omni-7B,test_1534,remove_6000-8000,Walrus,"Beluga, White Whale","Beluga,_White_Whale",false,1
Qwen/Qwen2.5-Omni-7B,test_1536,lp_0-2000,Walrus,"Beluga, White Whale","Beluga,_White_Whale",false,1
Qwen/Qwen2.5-Omni-7B,test_1536,lp_0-4000,Walrus,"Beluga, White Whale","Beluga,_White_Whale",false,1
Qwen/Qwen2.5-Omni-7B,test_1536,lp_0-6000,Walrus,"Beluga, White Whale","Beluga,_White_Whale",false,1
Qwen/Qwen2.5-Omni-7B,test_1536,lp_0-8000,Walrus,"Beluga, White Whale","Beluga,_White_Whale",false,1
Qwen/Qwen2.5-Omni-7B,test_1536,remove_0-1000,Walrus,False Killer Whale,False_Killer_Whale,false,1
Qwen/Qwen2.5-Omni-7B,test_1536,remove_1000-2000,Walrus,"Beluga, White Whale","Beluga,_White_Whale",false,1
Qwen/Qwen2.5-Omni-7B,test_1536,remove_2000-4000,Walrus,"Beluga, White Whale","Beluga,_White_Whale",false,1
Qwen/Qwen2.5-Omni-7B,test_1536,remove_4000-6000,Walrus,"Beluga, White Whale","Beluga,_White_Whale",false,1
Qwen/Qwen2.5-Omni-7B,test_1536,remove_6000-8000,Walrus,"Beluga, White Whale","Beluga,_White_Whale",false,1
Qwen/Qwen2.5-Omni-7B,test_1538,lp_0-2000,Walrus,False Killer Whale,False_Killer_Whale,false,1
Qwen/Qwen2.5-Omni-7B,test_1538,lp_0-4000,Walrus,False Killer Whale,False_Killer_Whale,false,1
Qwen/Qwen2.5-Omni-7B,test_1538,lp_0-6000,Walrus,False Killer Whale,False_Killer_Whale,false,1
Qwen/Qwen2.5-Omni-7B,test_1538,lp_0-8000,Walrus,False Killer Whale,False_Killer_Whale,false,1
Qwen/Qwen2.5-Omni-7B,test_1538,remove_0-1000,Walrus,False Killer Whale,False_Killer_Whale,false,1
Qwen/Qwen2.5-Omni-7B,test_1538,remove_1000-2000,Walrus,False Killer Whale,False_Killer_Whale,false,1
Qwen/Qwen2.5-Omni-7B,test_1538,remove_2000-4000,Walrus,False Killer Whale,False_Killer_Whale,false,1
Qwen/Qwen2.5-Omni-7B,test_1538,remove_4000-6000,Walrus,False Killer Whale,False_Killer_Whale,false,1
Qwen/Qwen2.5-Omni-7B,test_1538,remove_6000-8000,Walrus,False Killer Whale,False_Killer_Whale,false,1
Qwen/Qwen2.5-Omni-7B,test_1548,lp_0-2000,Walrus,"Beluga, White Whale","Beluga,_White_Whale",false,1
Qwen/Qwen2.5-Omni-7B,test_1548,lp_0-4000,Walrus,"Beluga, White Whale","Beluga,_White_Whale",false,1
Qwen/Qwen2.5-Omni-7B,test_1548,lp_0-6000,Walrus,"Beluga, White Whale","Beluga,_White_Whale",false,1
Qwen/Qwen2.5-Omni-7B,test_1548,lp_0-8000,Walrus,"Beluga, White Whale","Beluga,_White_Whale",false,1
Qwen/Qwen2.5-Omni-7B,test_1548,remove_0-1000,Walrus,False Killer Whale,False_Killer_Whale,false,1
Qwen/Qwen2.5-Omni-7B,test_1548,remove_1000-2000,Walrus,"Beluga, White Whale","Beluga,_White_Whale",false,1
Qwen/Qwen2.5-Omni-7B,test_1548,remove_2000-4000,Walrus,"Beluga, White Whale","Beluga,_White_Whale",false,1
Qwen/Qwen2.5-Omni-7B,test_1548,remove_4000-6000,Walrus,"Beluga, White Whale","Beluga,_White_Whale",false,1
Qwen/Qwen2.5-Omni-7B,test_1548,remove_6000-8000,Walrus,"Beluga, White Whale","Beluga,_White_Whale",false,1
Qwen/Qwen2.5-Omni-7B,test_1560,lp_0-2000,Walrus,False Killer Whale,False_Killer_Whale,false,1
Qwen/Qwen2.5-Omni-7B,test_1560,lp_0-4000,Walrus,False Killer Whale,False_Killer_Whale,false,1
Qwen/Qwen2.5-Omni-7B,test_1560,lp_0-6000,Walrus,False Killer Whale,False_Killer_Whale,false,1
Qwen/Qwen2.5-Omni-7B,test_1560,lp_0-8000,Walrus,False Killer Whale,False_Killer_Whale,false,1
Qwen/Qwen2.5-Omni-7B,test_1560,remove_0-1000,Walrus,False Killer Whale,False_Killer_Whale,false,1
Qwen/Qwen2.5-Omni-7B,test_1560,remove_1000-2000,Walrus,False Killer Whale,False_Killer_Whale,false,1
Qwen/Qwen2.5-Omni-7B,test_1560,remove_2000-4000,Walrus,False Killer Whale,False_Killer_Whale,false,1
Qwen/Qwen2.5-Omni-7B,test_1560,remove_4000-6000,Walrus,False Killer Whale,False_Killer_Whale,false,1
Qwen/Qwen2.5-Omni-7B,test_1560,remove_6000-8000,Walrus,False Killer Whale,False_Killer_Whale,false,1
Qwen/Qwen2.5-Omni-7B,test_1561,lp_0-2000,Walrus,False Killer Whale,False_Killer_Whale,false,1
Qwen/Qwen2.5-Omni-7B,test_1561,lp_0-4000,Walrus,False Killer Whale,False_Killer_Whale,false,1
Qwen/Qwen2.5-Omni-7B,test_1561,lp_0-6000,Walrus,False Killer Whale,False_Killer_Whale,false,1
Qwen/Qwen2.5-Omni-7B,test_1561,lp_0-8000,Walrus,False Killer Whale,False_Killer_Whale,false,1
Qwen/Qwen2.5-Omni-7B,test_1561,remove_0-1000,Walrus,False Killer Whale,False_Killer_Whale,false,1
Qwen/Qwen2.5-Omni-7B,test_1561,remove_1000-2000,Walrus,False Killer Whale,False_Killer_Whale,false,1
Qwen/Qwen2.5-Omni-7B,test_1561,remove_2000-4000,Walrus,False Killer Whale,False_Killer_Whale,false,1
Qwen/Qwen2.5-Omni-7B,test_1561,remove_4000-6000,Walrus,False Killer Whale,False_Killer_Whale,false,1
Qwen/Qwen2.5-Omni-7B,test_1561,remove_6000-8000,Walrus,False Killer Whale,False_Killer_Whale,false,1
Qwen/Qwen2.5-Omni-7B,test_1570,lp_0-2000,Sperm_Whale,Bottlenose Dolphin,Bottlenose_Dolphin,false,1
Qwen/Qwen2.5-Omni-7B,test_1570,lp_0-4000,Sperm_Whale,Bottlenose Dolphin,Bottlenose_Dolphin,false,1
Qwen/Qwen2.5-Omni-7B,test_1570,lp_0-6000,Sperm_Whale,Bottlenose Dolphin,Bottlenose_Dolphin,false,1
Qwen/Qwen2.5-Omni-7B,test_1570,lp_0-8000,Sperm_Whale,False Killer Whale,False_Killer_Whale,false,1
Qwen/Qwen2.5-Omni-7B,test_1570,remove_0-1000,Sperm_Whale,False Killer Whale,False_Killer_Whale,false,1
Qwen/Qwen2.5-Omni-7B,test_1570,remove_1000-2000,Sperm_Whale,Bottlenose Dolphin,Bottlenose_Dolphin,false,1
Qwen/Qwen2.5-Omni-7B,test_1570,remove_2000-4000,Sperm_Whale,Bottlenose Dolphin,Bottlenose_Dolphin,false,1
Qwen/Qwen2.5-Omni-7B,test_1570,remove_4000-6000,Sperm_Whale,Bottlenose Dolphin,Bottlenose_Dolphin,false,1
Qwen/Qwen2.5-Omni-7B,test_1570,remove_6000-8000,Sperm_Whale,Bottlenose Dolphin,Bottlenose_Dolphin,false,1
Qwen/Qwen2.5-Omni-7B,test_1573,lp_0-2000,Sperm_Whale,"Beluga, White Whale","Beluga,_White_Whale",false,1
Qwen/Qwen2.5-Omni-7B,test_1573,lp_0-4000,Sperm_Whale,Bottlenose Dolphin,Bottlenose_Dolphin,false,1
Qwen/Qwen2.5-Omni-7B,test_1573,lp_0-6000,Sperm_Whale,Bottlenose Dolphin,Bottlenose_Dolphin,false,1
Qwen/Qwen2.5-Omni-7B,test_1573,lp_0-8000,Sperm_Whale,Bottlenose Dolphin,Bottlenose_Dolphin,false,1
Qwen/Qwen2.5-Omni-7B,test_1573,remove_0-1000,Sperm_Whale,"Beluga, White Whale","Beluga,_White_Whale",false,1
Qwen/Qwen2.5-Omni-7B,test_1573,remove_1000-2000,Sperm_Whale,False Killer Whale,False_Killer_Whale,false,1
Qwen/Qwen2.5-Omni-7B,test_1573,remove_2000-4000,Sperm_Whale,False Killer Whale,False_Killer_Whale,false,1
Qwen/Qwen2.5-Omni-7B,test_1573,remove_4000-6000,Sperm_Whale,Bottlenose Dolphin,Bottlenose_Dolphin,false,1
Qwen/Qwen2.5-Omni-7B,test_1573,remove_6000-8000,Sperm_Whale,Bottlenose Dolphin,Bottlenose_Dolphin,false,1
Qwen/Qwen2.5-Omni-7B,test_1593,lp_0-2000,Sperm_Whale,False Killer Whale,False_Killer_Whale,false,1
Qwen/Qwen2.5-Omni-7B,test_1593,lp_0-4000,Sperm_Whale,Bottlenose Dolphin,Bottlenose_Dolphin,false,1
Qwen/Qwen2.5-Omni-7B,test_1593,lp_0-6000,Sperm_Whale,Bottlenose Dolphin,Bottlenose_Dolphin,false,1
Qwen/Qwen2.5-Omni-7B,test_1593,lp_0-8000,Sperm_Whale,Bottlenose Dolphin,Bottlenose_Dolphin,false,1
Qwen/Qwen2.5-Omni-7B,test_1593,remove_0-1000,Sperm_Whale,"Beluga, White Whale","Beluga,_White_Whale",false,1
Qwen/Qwen2.5-Omni-7B,test_1593,remove_1000-2000,Sperm_Whale,Bottlenose Dolphin,Bottlenose_Dolphin,false,1
Qwen/Qwen2.5-Omni-7B,test_1593,remove_2000-4000,Sperm_Whale,False Killer Whale,False_Killer_Whale,false,1
Qwen/Qwen2.5-Omni-7B,test_1593,remove_4000-6000,Sperm_Whale,False Killer Whale,False_Killer_Whale,false,1
Qwen/Qwen2.5-Omni-7B,test_1593,remove_6000-8000,Sperm_Whale,False Killer Whale,False_Killer_Whale,false,1
Qwen/Qwen2.5-Omni-7B,test_1597,lp_0-2000,Sperm_Whale,False Killer Whale,False_Killer_Whale,false,1
Qwen/Qwen2.5-Omni-7B,test_1597,lp_0-4000,Sperm_Whale,False Killer Whale,False_Killer_Whale,false,1
Qwen/Qwen2.5-Omni-7B,test_1597,lp_0-6000,Sperm_Whale,False Killer Whale,False_Killer_Whale,false,1
Qwen/Qwen2.5-Omni-7B,test_1597,lp_0-8000,Sperm_Whale,False Killer Whale,False_Killer_Whale,false,1
Qwen/Qwen2.5-Omni-7B,test_1597,remove_0-1000,Sperm_Whale,False Killer Whale,False_Killer_Whale,false,1
Qwen/Qwen2.5-Omni-7B,test_1597,remove_1000-2000,Sperm_Whale,False Killer Whale,False_Killer_Whale,false,1
Qwen/Qwen2.5-Omni-7B,test_1597,remove_2000-4000,Sperm_Whale,False Killer Whale,False_Killer_Whale,false,1
Qwen/Qwen2.5-Omni-7B,test_1597,remove_4000-6000,Sperm_Whale,False Killer Whale,False_Killer_Whale,false,1
Qwen/Qwen2.5-Omni-7B,test_1597,remove_6000-8000,Sperm_Whale,False Killer Whale,False_Killer_Whale,false,1
Qwen/Qwen2.5-Omni-7B,test_1598,lp_0-2000,Sperm_Whale,False Killer Whale,False_Killer_Whale,false,1
Qwen/Qwen2.5-Omni-7B,test_1598,lp_0-4000,Sperm_Whale,Bottlenose Dolphin,Bottlenose_Dolphin,false,1
Qwen/Qwen2.5-Omni-7B,test_1598,lp_0-6000,Sperm_Whale,Bottlenose Dolphin,Bottlenose_Dolphin,false,1
Qwen/Qwen2.5-Omni-7B,test_1598,lp_0-8000,Sperm_Whale,"Beluga, White Whale","Beluga,_White_Whale",false,1
Qwen/Qwen2.5-Omni-7B,test_1598,remove_0-1000,Sperm_Whale,"Beluga, White Whale","Beluga,_White_Whale",false,1
Qwen/Qwen2.5-Omni-7B,test_1598,remove_1000-2000,Sperm_Whale,False Killer Whale,False_Killer_Whale,false,1
Qwen/Qwen2.5-Omni-7B,test_1598,remove_2000-4000,Sperm_Whale,False Killer Whale,False_Killer_Whale,false,1
Qwen/Qwen2.5-Omni-7B,test_1598,remove_4000-6000,Sperm_Whale,False Killer Whale,False_Killer_Whale,false,1
Qwen/Qwen2.5-Omni-7B,test_1598,remove_6000-8000,Sperm_Whale,False Killer Whale,False_Killer_Whale,false,1
Qwen/Qwen2.5-Omni-7B,test_1601,lp_0-2000,Sperm_Whale,False Killer Whale,False_Killer_Whale,false,1
Qwen/Qwen2.5-Omni-7B,test_1601,lp_0-4000,Sperm_Whale,False Killer Whale,False_Killer_Whale,false,1
Qwen/Qwen2.5-Omni-7B,test_1601,lp_0-6000,Sperm_Whale,False Killer Whale,False_Killer_Whale,false,1
Qwen/Qwen2.5-Omni-7B,test_1601,lp_0-8000,Sperm_Whale,False Killer Whale,False_Killer_Whale,false,1
Qwen/Qwen2.5-Omni-7B,test_1601,remove_0-1000,Sperm_Whale,False Killer Whale,False_Killer_Whale,false,1
Qwen/Qwen2.5-Omni-7B,test_1601,remove_1000-2000,Sperm_Whale,False Killer Whale,False_Killer_Whale,false,1
Qwen/Qwen2.5-Omni-7B,test_1601,remove_2000-4000,Sperm_Whale,False Killer Whale,False_Killer_Whale,false,1
Qwen/Qwen2.5-Omni-7B,test_1601,remove_4000-6000,Sperm_Whale,False Killer Whale,False_Killer_Whale,false,1
Qwen/Qwen2.5-Omni-7B,test_1601,remove_6000-8000,Sperm_Whale,False Killer Whale,False_Killer_Whale,false,1
Qwen/Qwen2.5-Omni-7B,test_1603,lp_0-2000,Sperm_Whale,False Killer Whale,False_Killer_Whale,false,1
Qwen/Qwen2.5-Omni-7B,test_1603,lp_0-4000,Sperm_Whale,False Killer Whale,False_Killer_Whale,false,1
Qwen/Qwen2.5-Omni-7B,test_1603,lp_0-6000,Sperm_Whale,False Killer Whale,False_Killer_Whale,false,1
Qwen/Qwen2.5-Omni-7B,test_1603,lp_0-8000,Sperm_Whale,Bottlenose Dolphin,Bottlenose_Dolphin,false,1
Qwen/Qwen2.5-Omni-7B,test_1603,remove_0-1000,Sperm_Whale,False Killer Whale,False_Killer_Whale,false,1
Qwen/Qwen2.5-Omni-7B,test_1603,remove_1000-2000,Sperm_Whale,False Killer Whale,False_Killer_Whale,false,1
Qwen/Qwen2.5-Omni-7B,test_1603,remove_2000-4000,Sperm_Whale,False Killer Whale,False_Killer_Whale,false,1
Qwen/Qwen2.5-Omni-7B,test_1603,remove_4000-6000,Sperm_Whale,False Killer Whale,False_Killer_Whale,false,1
Qwen/Qwen2.5-Omni-7B,test_1603,remove_6000-8000,Sperm_Whale,False Killer Whale,False_Killer_Whale,false,1
Qwen/Qwen2.5-Omni-7B,test_1606,lp_0-2000,Sperm_Whale,False Killer Whale,False_Killer_Whale,false,1
Qwen/Qwen2.5-Omni-7B,test_1606,lp_0-4000,Sperm_Whale,Bottlenose Dolphin,Bottlenose_Dolphin,false,1
Qwen/Qwen2.5-Omni-7B,test_1606,lp_0-6000,Sperm_Whale,False Killer Whale,False_Killer_Whale,false,1
Qwen/Qwen2.5-Omni-7B,test_1606,lp_0-8000,Sperm_Whale,Bottlenose Dolphin,Bottlenose_Dolphin,false,1
Qwen/Qwen2.5-Omni-7B,test_1606,remove_0-1000,Sperm_Whale,False Killer Whale,False_Killer_Whale,false,1
Qwen/Qwen2.5-Omni-7B,test_1606,remove_1000-2000,Sperm_Whale,False Killer Whale,False_Killer_Whale,false,1
Qwen/Qwen2.5-Omni-7B,test_1606,remove_2000-4000,Sperm_Whale,Bottlenose Dolphin,Bottlenose_Dolphin,false,1
Qwen/Qwen2.5-Omni-7B,test_1606,remove_4000-6000,Sperm_Whale,False Killer Whale,False_Killer_Whale,false,1
Qwen/Qwen2.5-Omni-7B,test_1606,remove_6000-8000,Sperm_Whale,Bottlenose Dolphin,Bottlenose_Dolphin,false,1
Qwen/Qwen2.5-Omni-7B,test_1616,lp_0-2000,Sperm_Whale,"Beluga, White Whale","Beluga,_White_Whale",false,1
Qwen/Qwen2.5-Omni-7B,test_1616,lp_0-4000,Sperm_Whale,Bottlenose Dolphin,Bottlenose_Dolphin,false,1
Qwen/Qwen2.5-Omni-7B,test_1616,lp_0-6000,Sperm_Whale,Bottlenose Dolphin,Bottlenose_Dolphin,false,1
Qwen/Qwen2.5-Omni-7B,test_1616,lp_0-8000,Sperm_Whale,Bottlenose Dolphin,Bottlenose_Dolphin,false,1
Qwen/Qwen2.5-Omni-7B,test_1616,remove_0-1000,Sperm_Whale,Bottlenose Dolphin,Bottlenose_Dolphin,false,1
Qwen/Qwen2.5-Omni-7B,test_1616,remove_1000-2000,Sperm_Whale,Bottlenose Dolphin,Bottlenose_Dolphin,false,1
Qwen/Qwen2.5-Omni-7B,test_1616,remove_2000-4000,Sperm_Whale,Bottlenose Dolphin,Bottlenose_Dolphin,false,1
Qwen/Qwen2.5-Omni-7B,test_1616,remove_4000-6000,Sperm_Whale,Bottlenose Dolphin,Bottlenose_Dolphin,false,1
Qwen/Qwen2.5-Omni-7B,test_1616,remove_6000-8000,Sperm_Whale,"Beluga, White Whale","Beluga,_White_Whale",false,1
Qwen/Qwen2.5-Omni-7B,test_1620,lp_0-2000,Sperm_Whale,"Beluga, White Whale","Beluga,_White_Whale",false,1
Qwen/Qwen2.5-Omni-7B,test_1620,lp_0-4000,Sperm_Whale,False Killer Whale,False_Killer_Whale,false,1
Qwen/Qwen2.5-Omni-7B,test_1620,lp_0-6000,Sperm_Whale,"Beluga, White Whale","Beluga,_White_Whale",false,1
Qwen/Qwen2.5-Omni-7B,test_1620,lp_0-8000,Sperm_Whale,False Killer Whale,False_Killer_Whale,false,1
Qwen/Qwen2.5-Omni-7B,test_1620,remove_0-1000,Sperm_Whale,False Killer Whale,False_Killer_Whale,false,1
Qwen/Qwen2.5-Omni-7B,test_1620,remove_1000-2000,Sperm_Whale,False Killer Whale,False_Killer_Whale,false,1
Qwen/Qwen2.5-Omni-7B,test_1620,remove_2000-4000,Sperm_Whale,False Killer Whale,False_Killer_Whale,false,1
Qwen/Qwen2.5-Omni-7B,test_1620,remove_4000-6000,Sperm_Whale,False Killer Whale,False_Killer_Whale,false,1
Qwen/Qwen2.5-Omni-7B,test_1620,remove_6000-8000,Sperm_Whale,False Killer Whale,False_Killer_Whale,false,1
Qwen/Qwen2.5-Omni-7B,test_1630,lp_0-2000,Sperm_Whale,False Killer Whale,False_Killer_Whale,false,1
Qwen/Qwen2.5-Omni-7B,test_1630,lp_0-4000,Sperm_Whale,Bottlenose Dolphin,Bottlenose_Dolphin,false,1
Qwen/Qwen2.5-Omni-7B,test_1630,lp_0-6000,Sperm_Whale,Bottlenose Dolphin,Bottlenose_Dolphin,false,1
Qwen/Qwen2.5-Omni-7B,test_1630,lp_0-8000,Sperm_Whale,"Beluga, White Whale","Beluga,_White_Whale",false,1
Qwen/Qwen2.5-Omni-7B,test_1630,remove_0-1000,Sperm_Whale,"Beluga, White Whale","Beluga,_White_Whale",false,1
Qwen/Qwen2.5-Omni-7B,test_1630,remove_1000-2000,Sperm_Whale,Bottlenose Dolphin,Bottlenose_Dolphin,false,1
Qwen/Qwen2.5-Omni-7B,test_1630,remove_2000-4000,Sperm_Whale,False Killer Whale,False_Killer_Whale,false,1
Qwen/Qwen2.5-Omni-7B,test_1630,remove_4000-6000,Sperm_Whale,False Killer Whale,False_Killer_Whale,false,1
Qwen/Qwen2.5-Omni-7B,test_1630,remove_6000-8000,Sperm_Whale,False Killer Whale,False_Killer_Whale,false,1
Qwen/Qwen2.5-Omni-7B,test_1637,lp_0-2000,Sperm_Whale,False Killer Whale,False_Killer_Whale,false,1
Qwen/Qwen2.5-Omni-7B,test_1637,lp_0-4000,Sperm_Whale,Bottlenose Dolphin,Bottlenose_Dolphin,false,1
Qwen/Qwen2.5-Omni-7B,test_1637,lp_0-6000,Sperm_Whale,Bottlenose Dolphin,Bottlenose_Dolphin,false,1
Qwen/Qwen2.5-Omni-7B,test_1637,lp_0-8000,Sperm_Whale,Bottlenose Dolphin,Bottlenose_Dolphin,false,1
Qwen/Qwen2.5-Omni-7B,test_1637,remove_0-1000,Sperm_Whale,False Killer Whale,False_Killer_Whale,false,1
Qwen/Qwen2.5-Omni-7B,test_1637,remove_1000-2000,Sperm_Whale,Bottlenose Dolphin,Bottlenose_Dolphin,false,1
Qwen/Qwen2.5-Omni-7B,test_1637,remove_2000-4000,Sperm_Whale,Bottlenose Dolphin,Bottlenose_Dolphin,false,1
Qwen/Qwen2.5-Omni-7B,test_1637,remove_4000-6000,Sperm_Whale,Bottlenose Dolphin,Bottlenose_Dolphin,false,1
Qwen/Qwen2.5-Omni-7B,test_1637,remove_6000-8000,Sperm_Whale,Bottlenose Dolphin,Bottlenose_Dolphin,false,1
Qwen/Qwen2.5-Omni-7B,test_1639,lp_0-2000,Sperm_Whale,False Killer Whale,False_Killer_Whale,false,1
Qwen/Qwen2.5-Omni-7B,test_1639,lp_0-4000,Sperm_Whale,False Killer Whale,False_Killer_Whale,false,1
Qwen/Qwen2.5-Omni-7B,test_1639,lp_0-6000,Sperm_Whale,False Killer Whale,False_Killer_Whale,false,1
Qwen/Qwen2.5-Omni-7B,test_1639,lp_0-8000,Sperm_Whale,Bottlenose Dolphin,Bottlenose_Dolphin,false,1
Qwen/Qwen2.5-Omni-7B,test_1639,remove_0-1000,Sperm_Whale,False Killer Whale,False_Killer_Whale,false,1
Qwen/Qwen2.5-Omni-7B,test_1639,remove_1000-2000,Sperm_Whale,False Killer Whale,False_Killer_Whale,false,1
Qwen/Qwen2.5-Omni-7B,test_1639,remove_2000-4000,Sperm_Whale,False Killer Whale,False_Killer_Whale,false,1
Qwen/Qwen2.5-Omni-7B,test_1639,remove_4000-6000,Sperm_Whale,False Killer Whale,False_Killer_Whale,false,1
Qwen/Qwen2.5-Omni-7B,test_1639,remove_6000-8000,Sperm_Whale,False Killer Whale,False_Killer_Whale,false,1
Qwen/Qwen2.5-Omni-7B,test_1640,lp_0-2000,Sperm_Whale,"Beluga, White Whale","Beluga,_White_Whale",false,1
Qwen/Qwen2.5-Omni-7B,test_1640,lp_0-4000,Sperm_Whale,"Beluga, White Whale","Beluga,_White_Whale",false,1
Qwen/Qwen2.5-Omni-7B,test_1640,lp_0-6000,Sperm_Whale,"Beluga, White Whale","Beluga,_White_Whale",false,1
Qwen/Qwen2.5-Omni-7B,test_1640,lp_0-8000,Sperm_Whale,Bottlenose Dolphin,Bottlenose_Dolphin,false,1
Qwen/Qwen2.5-Omni-7B,test_1640,remove_0-1000,Sperm_Whale,False Killer Whale,False_Killer_Whale,false,1
Qwen/Qwen2.5-Omni-7B,test_1640,remove_1000-2000,Sperm_Whale,Bottlenose Dolphin,Bottlenose_Dolphin,false,1
Qwen/Qwen2.5-Omni-7B,test_1640,remove_2000-4000,Sperm_Whale,"Beluga, White Whale","Beluga,_White_Whale",false,1
Qwen/Qwen2.5-Omni-7B,test_1640,remove_4000-6000,Sperm_Whale,"Beluga, White Whale","Beluga,_White_Whale",false,1
Qwen/Qwen2.5-Omni-7B,test_1640,remove_6000-8000,Sperm_Whale,"Beluga, White Whale","Beluga,_White_Whale",false,1
Qwen/Qwen2.5-Omni-7B,test_1643,lp_0-2000,Sperm_Whale,Bottlenose Dolphin,Bottlenose_Dolphin,false,1
Qwen/Qwen2.5-Omni-7B,test_1643,lp_0-4000,Sperm_Whale,Bottlenose Dolphin,Bottlenose_Dolphin,false,1
Qwen/Qwen2.5-Omni-7B,test_1643,lp_0-6000,Sperm_Whale,Bottlenose Dolphin,Bottlenose_Dolphin,false,1
Qwen/Qwen2.5-Omni-7B,test_1643,lp_0-8000,Sperm_Whale,Bottlenose Dolphin,Bottlenose_Dolphin,false,1
Qwen/Qwen2.5-Omni-7B,test_1643,remove_0-1000,Sperm_Whale,"Beluga, White Whale","Beluga,_White_Whale",false,1
Qwen/Qwen2.5-Omni-7B,test_1643,remove_1000-2000,Sperm_Whale,Bottlenose Dolphin,Bottlenose_Dolphin,false,1
Qwen/Qwen2.5-Omni-7B,test_1643,remove_2000-4000,Sperm_Whale,Bottlenose Dolphin,Bottlenose_Dolphin,false,1
Qwen/Qwen2.5-Omni-7B,test_1643,remove_4000-6000,Sperm_Whale,Bottlenose Dolphin,Bottlenose_Dolphin,false,1
Qwen/Qwen2.5-Omni-7B,test_1643,remove_6000-8000,Sperm_Whale,Bottlenose Dolphin,Bottlenose_Dolphin,false,1
Qwen/Qwen2.5-Omni-7B,test_1647,lp_0-2000,Common_Dolphin,"Beluga, White Whale","Beluga,_White_Whale",false,1
Qwen/Qwen2.5-Omni-7B,test_1647,lp_0-4000,Common_Dolphin,Bottlenose Dolphin,Bottlenose_Dolphin,false,1
Qwen/Qwen2.5-Omni-7B,test_1647,lp_0-6000,Common_Dolphin,Bottlenose Dolphin,Bottlenose_Dolphin,false,1
Qwen/Qwen2.5-Omni-7B,test_1647,lp_0-8000,Common_Dolphin,Bottlenose Dolphin,Bottlenose_Dolphin,false,1
Qwen/Qwen2.5-Omni-7B,test_1647,remove_0-1000,Common_Dolphin,Bottlenose Dolphin,Bottlenose_Dolphin,false,1
Qwen/Qwen2.5-Omni-7B,test_1647,remove_1000-2000,Common_Dolphin,Bottlenose Dolphin,Bottlenose_Dolphin,false,1
Qwen/Qwen2.5-Omni-7B,test_1647,remove_2000-4000,Common_Dolphin,"Beluga, White Whale","Beluga,_White_Whale",false,1
Qwen/Qwen2.5-Omni-7B,test_1647,remove_4000-6000,Common_Dolphin,"Beluga, White Whale","Beluga,_White_Whale",false,1
Qwen/Qwen2.5-Omni-7B,test_1647,remove_6000-8000,Common_Dolphin,False Killer Whale,False_Killer_Whale,false,1
Qwen/Qwen2.5-Omni-7B,test_1660,lp_0-2000,Common_Dolphin,False Killer Whale,False_Killer_Whale,false,1
Qwen/Qwen2.5-Omni-7B,test_1660,lp_0-4000,Common_Dolphin,False Killer Whale,False_Killer_Whale,false,1
Qwen/Qwen2.5-Omni-7B,test_1660,lp_0-6000,Common_Dolphin,Bottlenose Dolphin,Bottlenose_Dolphin,false,1
Qwen/Qwen2.5-Omni-7B,test_1660,lp_0-8000,Common_Dolphin,False Killer Whale,False_Killer_Whale,false,1
Qwen/Qwen2.5-Omni-7B,test_1660,remove_0-1000,Common_Dolphin,False Killer Whale,False_Killer_Whale,false,1
Qwen/Qwen2.5-Omni-7B,test_1660,remove_1000-2000,Common_Dolphin,False Killer Whale,False_Killer_Whale,false,1
Qwen/Qwen2.5-Omni-7B,test_1660,remove_2000-4000,Common_Dolphin,False Killer Whale,False_Killer_Whale,false,1
Qwen/Qwen2.5-Omni-7B,test_1660,remove_4000-6000,Common_Dolphin,False Killer Whale,False_Killer_Whale,false,1
Qwen/Qwen2.5-Omni-7B,test_1660,remove_6000-8000,Common_Dolphin,False Killer Whale,False_Killer_Whale,false,1
Qwen/Qwen2.5-Omni-7B,test_1662,lp_0-2000,Common_Dolphin,"Beluga, White Whale","Beluga,_White_Whale",false,1
Qwen/Qwen2.5-Omni-7B,test_1662,lp_0-4000,Common_Dolphin,Bottlenose Dolphin,Bottlenose_Dolphin,false,1
Qwen/Qwen2.5-Omni-7B,test_1662,lp_0-6000,Common_Dolphin,Bottlenose Dolphin,Bottlenose_Dolphin,false,1
Qwen/Qwen2.5-Omni-7B,test_1662,lp_0-8000,Common_Dolphin,"Beluga, White Whale","Beluga,_White_Whale",false,1
Qwen/Qwen2.5-Omni-7B,test_1662,remove_0-1000,Common_Dolphin,"Beluga, White Whale","Beluga,_White_Whale",false,1
Qwen/Qwen2.5-Omni-7B,test_1662,remove_1000-2000,Common_Dolphin,"Beluga, White Whale","Beluga,_White_Whale",false,1
Qwen/Qwen2.5-Omni-7B,test_1662,remove_2000-4000,Common_Dolphin,"Beluga, White Whale","Beluga,_White_Whale",false,1
Qwen/Qwen2.5-Omni-7B,test_1662,remove_4000-6000,Common_Dolphin,Bottlenose Dolphin,Bottlenose_Dolphin,false,1
Qwen/Qwen2.5-Omni-7B,test_1662,remove_6000-8000,Common_Dolphin,Bottlenose Dolphin,Bottlenose_Dolphin,false,1
Qwen/Qwen2.5-Omni-7B,test_1664,lp_0-2000,Common_Dolphin,"Beluga, White Whale","Beluga,_White_Whale",false,1
Qwen/Qwen2.5-Omni-7B,test_1664,lp_0-4000,Common_Dolphin,False Killer Whale,False_Killer_Whale,false,1
Qwen/Qwen2.5-Omni-7B,test_1664,lp_0-6000,Common_Dolphin,False Killer Whale,False_Killer_Whale,false,1
Qwen/Qwen2.5-Omni-7B,test_1664,lp_0-8000,Common_Dolphin,Bottlenose Dolphin,Bottlenose_Dolphin,false,1
Qwen/Qwen2.5-Omni-7B,test_1664,remove_0-1000,Common_Dolphin,Bottlenose Dolphin,Bottlenose_Dolphin,false,1
Qwen/Qwen2.5-Omni-7B,test_1664,remove_1000-2000,Common_Dolphin,False Killer Whale,False_Killer_Whale,false,1
Qwen/Qwen2.5-Omni-7B,test_1664,remove_2000-4000,Common_Dolphin,Bottlenose Dolphin,Bottlenose_Dolphin,false,1
Qwen/Qwen2.5-Omni-7B,test_1664,remove_4000-6000,Common_Dolphin,"Beluga, White Whale","Beluga,_White_Whale",false,1
Qwen/Qwen2.5-Omni-7B,test_1664,remove_6000-8000,Common_Dolphin,Bottlenose Dolphin,Bottlenose_Dolphin,false,1
Qwen/Qwen2.5-Omni-7B,test_1666,lp_0-2000,Common_Dolphin,"Beluga, White Whale","Beluga,_White_Whale",false,1
Qwen/Qwen2.5-Omni-7B,test_1666,lp_0-4000,Common_Dolphin,"Beluga, White Whale","Beluga,_White_Whale",false,1
Qwen/Qwen2.5-Omni-7B,test_1666,lp_0-6000,Common_Dolphin,Bottlenose Dolphin,Bottlenose_Dolphin,false,1
Qwen/Qwen2.5-Omni-7B,test_1666,lp_0-8000,Common_Dolphin,Bottlenose Dolphin,Bottlenose_Dolphin,false,1
Qwen/Qwen2.5-Omni-7B,test_1666,remove_0-1000,Common_Dolphin,Bottlenose Dolphin,Bottlenose_Dolphin,false,1
Qwen/Qwen2.5-Omni-7B,test_1666,remove_1000-2000,Common_Dolphin,Bottlenose Dolphin,Bottlenose_Dolphin,false,1
Qwen/Qwen2.5-Omni-7B,test_1666,remove_2000-4000,Common_Dolphin,Bottlenose Dolphin,Bottlenose_Dolphin,false,1
Qwen/Qwen2.5-Omni-7B,test_1666,remove_4000-6000,Common_Dolphin,Bottlenose Dolphin,Bottlenose_Dolphin,false,1
Qwen/Qwen2.5-Omni-7B,test_1666,remove_6000-8000,Common_Dolphin,Bottlenose Dolphin,Bottlenose_Dolphin,false,1
Qwen/Qwen2.5-Omni-7B,test_1677,lp_0-2000,Common_Dolphin,False Killer Whale,False_Killer_Whale,false,1
Qwen/Qwen2.5-Omni-7B,test_1677,lp_0-4000,Common_Dolphin,False Killer Whale,False_Killer_Whale,false,1
Qwen/Qwen2.5-Omni-7B,test_1677,lp_0-6000,Common_Dolphin,False Killer Whale,False_Killer_Whale,false,1
Qwen/Qwen2.5-Omni-7B,test_1677,lp_0-8000,Common_Dolphin,False Killer Whale,False_Killer_Whale,false,1
Qwen/Qwen2.5-Omni-7B,test_1677,remove_0-1000,Common_Dolphin,False Killer Whale,False_Killer_Whale,false,1
Qwen/Qwen2.5-Omni-7B,test_1677,remove_1000-2000,Common_Dolphin,False Killer Whale,False_Killer_Whale,false,1
Qwen/Qwen2.5-Omni-7B,test_1677,remove_2000-4000,Common_Dolphin,False Killer Whale,False_Killer_Whale,false,1
Qwen/Qwen2.5-Omni-7B,test_1677,remove_4000-6000,Common_Dolphin,False Killer Whale,False_Killer_Whale,false,1
Qwen/Qwen2.5-Omni-7B,test_1677,remove_6000-8000,Common_Dolphin,False Killer Whale,False_Killer_Whale,false,1
Qwen/Qwen2.5-Omni-7B,test_1679,lp_0-2000,Common_Dolphin,"Beluga, White Whale","Beluga,_White_Whale",false,1
Qwen/Qwen2.5-Omni-7B,test_1679,lp_0-4000,Common_Dolphin,False Killer Whale,False_Killer_Whale,false,1
Qwen/Qwen2.5-Omni-7B,test_1679,lp_0-6000,Common_Dolphin,"Beluga, White Whale","Beluga,_White_Whale",false,1
Qwen/Qwen2.5-Omni-7B,test_1679,lp_0-8000,Common_Dolphin,"Beluga, White Whale","Beluga,_White_Whale",false,1
Qwen/Qwen2.5-Omni-7B,test_1679,remove_0-1000,Common_Dolphin,False Killer Whale,False_Killer_Whale,false,1
Qwen/Qwen2.5-Omni-7B,test_1679,remove_1000-2000,Common_Dolphin,False Killer Whale,False_Killer_Whale,false,1
Qwen/Qwen2.5-Omni-7B,test_1679,remove_2000-4000,Common_Dolphin,False Killer Whale,False_Killer_Whale,false,1
Qwen/Qwen2.5-Omni-7B,test_1679,remove_4000-6000,Common_Dolphin,"Beluga, White Whale","Beluga,_White_Whale",false,1
Qwen/Qwen2.5-Omni-7B,test_1679,remove_6000-8000,Common_Dolphin,False Killer Whale,False_Killer_Whale,false,1
Qwen/Qwen2.5-Omni-7B,test_1682,lp_0-2000,Common_Dolphin,"Beluga, White Whale","Beluga,_White_Whale",false,1
Qwen/Qwen2.5-Omni-7B,test_1682,lp_0-4000,Common_Dolphin,"Beluga, White Whale","Beluga,_White_Whale",false,1
Qwen/Qwen2.5-Omni-7B,test_1682,lp_0-6000,Common_Dolphin,"Beluga, White Whale","Beluga,_White_Whale",false,1
Qwen/Qwen2.5-Omni-7B,test_1682,lp_0-8000,Common_Dolphin,"Beluga, White Whale","Beluga,_White_Whale",false,1
Qwen/Qwen2.5-Omni-7B,test_1682,remove_0-1000,Common_Dolphin,False Killer Whale,False_Killer_Whale,false,1
Qwen/Qwen2.5-Omni-7B,test_1682,remove_1000-2000,Common_Dolphin,False Killer Whale,False_Killer_Whale,false,1
Qwen/Qwen2.5-Omni-7B,test_1682,remove_2000-4000,Common_Dolphin,"Beluga, White Whale","Beluga,_White_Whale",false,1
Qwen/Qwen2.5-Omni-7B,test_1682,remove_4000-6000,Common_Dolphin,"Beluga, White Whale","Beluga,_White_Whale",false,1
Qwen/Qwen2.5-Omni-7B,test_1682,remove_6000-8000,Common_Dolphin,"Beluga, White Whale","Beluga,_White_Whale",false,1
Qwen/Qwen2.5-Omni-7B,test_1686,lp_0-2000,Common_Dolphin,Bottlenose Dolphin,Bottlenose_Dolphin,false,1
Qwen/Qwen2.5-Omni-7B,test_1686,lp_0-4000,Common_Dolphin,Bottlenose Dolphin,Bottlenose_Dolphin,false,1
Qwen/Qwen2.5-Omni-7B,test_1686,lp_0-6000,Common_Dolphin,Bottlenose Dolphin,Bottlenose_Dolphin,false,1
Qwen/Qwen2.5-Omni-7B,test_1686,lp_0-8000,Common_Dolphin,Bottlenose Dolphin,Bottlenose_Dolphin,false,1
Qwen/Qwen2.5-Omni-7B,test_1686,remove_0-1000,Common_Dolphin,"Beluga, White Whale","Beluga,_White_Whale",false,1
Qwen/Qwen2.5-Omni-7B,test_1686,remove_1000-2000,Common_Dolphin,Bottlenose Dolphin,Bottlenose_Dolphin,false,1
Qwen/Qwen2.5-Omni-7B,test_1686,remove_2000-4000,Common_Dolphin,Bottlenose Dolphin,Bottlenose_Dolphin,false,1
Qwen/Qwen2.5-Omni-7B,test_1686,remove_4000-6000,Common_Dolphin,Bottlenose Dolphin,Bottlenose_Dolphin,false,1
Qwen/Qwen2.5-Omni-7B,test_1686,remove_6000-8000,Common_Dolphin,Bottlenose Dolphin,Bottlenose_Dolphin,false,1
Qwen/Qwen2.5-Omni-7B,test_1687,lp_0-2000,Common_Dolphin,False Killer Whale,False_Killer_Whale,false,1
Qwen/Qwen2.5-Omni-7B,test_1687,lp_0-4000,Common_Dolphin,Bottlenose Dolphin,Bottlenose_Dolphin,false,1
Qwen/Qwen2.5-Omni-7B,test_1687,lp_0-6000,Common_Dolphin,Bottlenose Dolphin,Bottlenose_Dolphin,false,1
Qwen/Qwen2.5-Omni-7B,test_1687,lp_0-8000,Common_Dolphin,Bottlenose Dolphin,Bottlenose_Dolphin,false,1
Qwen/Qwen2.5-Omni-7B,test_1687,remove_0-1000,Common_Dolphin,"Beluga, White Whale","Beluga,_White_Whale",false,1
Qwen/Qwen2.5-Omni-7B,test_1687,remove_1000-2000,Common_Dolphin,Bottlenose Dolphin,Bottlenose_Dolphin,false,1
Qwen/Qwen2.5-Omni-7B,test_1687,remove_2000-4000,Common_Dolphin,False Killer Whale,False_Killer_Whale,false,1
Qwen/Qwen2.5-Omni-7B,test_1687,remove_4000-6000,Common_Dolphin,Bottlenose Dolphin,Bottlenose_Dolphin,false,1
Qwen/Qwen2.5-Omni-7B,test_1687,remove_6000-8000,Common_Dolphin,Bottlenose Dolphin,Bottlenose_Dolphin,false,1
Qwen/Qwen2.5-Omni-7B,test_1694,lp_0-2000,Common_Dolphin,False Killer Whale,False_Killer_Whale,false,1
Qwen/Qwen2.5-Omni-7B,test_1694,lp_0-4000,Common_Dolphin,False Killer Whale,False_Killer_Whale,false,1
Qwen/Qwen2.5-Omni-7B,test_1694,lp_0-6000,Common_Dolphin,False Killer Whale,False_Killer_Whale,false,1
Qwen/Qwen2.5-Omni-7B,test_1694,lp_0-8000,Common_Dolphin,"Beluga, White Whale","Beluga,_White_Whale",false,1
Qwen/Qwen2.5-Omni-7B,test_1694,remove_0-1000,Common_Dolphin,False Killer Whale,False_Killer_Whale,false,1
Qwen/Qwen2.5-Omni-7B,test_1694,remove_1000-2000,Common_Dolphin,False Killer Whale,False_Killer_Whale,false,1
Qwen/Qwen2.5-Omni-7B,test_1694,remove_2000-4000,Common_Dolphin,False Killer Whale,False_Killer_Whale,false,1
Qwen/Qwen2.5-Omni-7B,test_1694,remove_4000-6000,Common_Dolphin,False Killer Whale,False_Killer_Whale,false,1
Qwen/Qwen2.5-Omni-7B,test_1694,remove_6000-8000,Common_Dolphin,False Killer Whale,False_Killer_Whale,false,1
