model_id,event_id,condition,target,raw_prediction,prediction,correct,batch_size
Qwen/Qwen2.5-Omni-7B,test_6,full_0-8k,Mac,Rudy,Rudy,false,1
Qwen/Qwen2.5-Omni-7B,test_6,lp_0-1000,Mac,Rudy,Rudy,false,1
Qwen/Qwen2.5-Omni-7B,test_16,full_0-8k,Mac,Rudy,Rudy,false,1
Qwen/Qwen2.5-Omni-7B,test_16,lp_0-1000,Mac,Rudy,Rudy,false,1
Qwen/Qwen2.5-Omni-7B,test_18,full_0-8k,Mac,Rudy,Rudy,false,1
Qwen/Qwen2.5-Omni-7B,test_18,lp_0-1000,Mac,Rudy,Rudy,false,1
Qwen/Qwen2.5-Omni-7B,test_19,full_0-8k,Mac,Rudy,Rudy,false,1
Qwen/Qwen2.5-Omni-7B,test_19,lp_0-1000,Mac,Rudy,Rudy,false,1
Qwen/Qwen2.5-Omni-7B,test_20,full_0-8k,Mac,Rudy,Rudy,false,1
Qwen/Qwen2.5-Omni-7B,test_20,lp_0-1000,Mac,Rudy,Rudy,false,1
Qwen/Qwen2.5-Omni-7B,test_32,full_0-8k,Mac,Rudy,Rudy,false,1
Qwen/Qwen2.5-Omni-7B,test_32,lp_0-1000,Mac,Rudy,Rudy,false,1
Qwen/Qwen2.5-Omni-7B,test_33,full_0-8k,Mac,Rudy,Rudy,false,1
Qwen/Qwen2.5-Omni-7B,test_33,lp_0-1000,Mac,Rudy,Rudy,false,1
Qwen/Qwen2.5-Omni-7B,test_40,full_0-8k,Mac,Rudy,Rudy,false,1
Qwen/Qwen2.5-Omni-7B,test_40,lp_0-1000,Mac,Rudy,Rudy,false,1
Qwen/Qwen2.5-Omni-7B,test_53,full_0-8k,Mac,Rudy,Rudy,false,1
Qwen/Qwen2.5-Omni-7B,test_53,lp_0-1000,Mac,Rudy,Rudy,false,1
Qwen/Qwen2.5-Omni-7B,test_58,full_0-8k,Mac,Rudy,Rudy,false,1
Qwen/Qwen2.5-Omni-7B,test_58,lp_0-1000,Mac,Rudy,Rudy,false,1
Qwen/Qwen2.5-Omni-7B,test_60,full_0-8k,Mac,Rudy,Rudy,false,1
Qwen/Qwen2.5-Omni-7B,test_60,lp_0-1000,Mac,Rudy,Rudy,false,1
Qwen/Qwen2.5-Omni-7B,test_62,full_0-8k,Mac,Rudy,Rudy,false,1
Qwen/Qwen2.5-Omni-7B,test_62,lp_0-1000,Mac,Rudy,Rudy,false,1
Qwen/Qwen2.5-Omni-7B,test_66,full_0-8k,Mac,Rudy,Rudy,false,1
Qwen/Qwen2.5-Omni-7B,test_66,lp_0-1000,Mac,Rudy,Rudy,false,1
Qwen/Qwen2.5-Omni-7B,test_67,full_0-8k,Mac,Rudy,Rudy,false,1
Qwen/Qwen2.5-Omni-7B,test_67,lp_0-1000,Mac,Rudy,Rudy,false,1
Qwen/Qwen2.5-Omni-7B,test_78,full_0-8k,Mac,Rudy,Rudy,false,1
Qwen/Qwen2.5-Omni-7B,test_78,lp_0-1000,Mac,Rudy,Rudy,false,1
Qwen/Qwen2.5-Omni-7B,test_80,full_0-8k,Mac,Rudy,Rudy,false,1
Qwen/Qwen2.5-Omni-7B,test_80,lp_0-1000,Mac,Rudy,Rudy,false,1
Qwen/Qwen2.5-Omni-7B,test_81,full_0-8k,Mac,Rudy,Rudy,false,1
Qwen/Qwen2.5-Omni-7B,test_81,lp_0-1000,Mac,Rudy,Rudy,false,1
Qwen/Qwen2.5-Omni-7B,test_82,full_0-8k,Mac,Rudy,Rudy,false,1
Qwen/Qwen2.5-Omni-7B,test_82,lp_0-1000,Mac,Rudy,Rudy,false,1
Qwen/Qwen2.5-Omni-7B,test_92,full_0-8k,Rudy,Rudy,Rudy,true,1
Qwen/Qwen2.5-Omni-7B,test_92,lp_0-1000,Rudy,Rudy,Rudy,true,1
Qwen/Qwen2.5-Omni-7B,test_93,full_0-8k,Rudy,Rudy,Rudy,true,1
Qwen/Qwen2.5-Omni-7B,test_93,lp_0-1000,Rudy,Rudy,Rudy,true,1
Qwen/Qwen2.5-Omni-7B,test_94,full_0-8k,Rudy,Rudy,Rudy,true,1
Qwen/Qwen2.5-Omni-7B,test_94,lp_0-1000,Rudy,Rudy,Rudy,true,1
Qwen/Qwen2.5-Omni-7B,test_103,full_0-8k,Rudy,Rudy,Rudy,true,1
Qwen/Qwen2.5-Omni-7B,test_103,lp_0-1000,Rudy,Rudy,Rudy,true,1
Qwen/Qwen2.5-Omni-7B,test_115,full_0-8k,Siggy,Rudy,Rudy,false,1
Qwen/Qwen2.5-Omni-7B,test_115,lp_0-1000,Siggy,Rudy,Rudy,false,1
Qwen/Qwen2.5-Omni-7B,test_118,full_0-8k,Siggy,Rudy,Rudy,false,1
Qwen/Qwen2.5-Omni-7B,test_118,lp_0-1000,Siggy,Rudy,Rudy,false,1
Qwen/Qwen2.5-Omni-7B,test_123,full_0-8k,Siggy,Rudy,Rudy,false,1
Qwen/Qwen2.5-Omni-7B,test_123,lp_0-1000,Siggy,Rudy,Rudy,false,1
Qwen/Qwen2.5-Omni-7B,test_126,full_0-8k,Siggy,Rudy,Rudy,false,1
Qwen/Qwen2.5-Omni-7B,test_126,lp_0-1000,Siggy,Rudy,Rudy,false,1
Qwen/Qwen2.5-Omni-7B,test_129,full_0-8k,Siggy,Rudy,Rudy,false,1
Qwen/Qwen2.5-Omni-7B,test_129,lp_0-1000,Siggy,Rudy,Rudy,false,1
Qwen/Qwen2.5-Omni-7B,test_130,full_0-8k,Siggy,Rudy,Rudy,false,1
Qwen/Qwen2.5-Omni-7B,test_130,lp_0-1000,Siggy,Rudy,Rudy,false,1
Qwen/Qwen2.5-Omni-7B,test_131,full_0-8k,Siggy,Rudy,Rudy,false,1
Qwen/Qwen2.5-Omni-7B,test_131,lp_0-1000,Siggy,Rudy,Rudy,false,1
Qwen/Qwen2.5-Omni-7B,test_136,full_0-8k,Siggy,Rudy,Rudy,false,1
Qwen/Qwen2.5-Omni-7B,test_136,lp_0-1000,Siggy,Rudy,Rudy,false,1
Qwen/Qwen2.5-Omni-7B,test_141,full_0-8k,Siggy,Rudy,Rudy,false,1
Qwen/Qwen2.5-Omni-7B,test_141,lp_0-1000,Siggy,Rudy,Rudy,false,1
Qwen/Qwen2.5-Omni-7B,test_143,full_0-8k,Siggy,Rudy,Rudy,false,1
Qwen/Qwen2.5-Omni-7B,test_143,lp_0-1000,Siggy,Rudy,Rudy,false,1
Qwen/Qwen2.5-Omni-7B,test_147,full_0-8k,Siggy,Rudy,Rudy,false,1
Qwen/Qwen2.5-Omni-7B,test_147,lp_0-1000,Siggy,Rudy,Rudy,false,1
Qwen/Qwen2.5-Omni-7B,test_155,full_0-8k,Siggy,Rudy,Rudy,false,1
Qwen/Qwen2.5-Omni-7B,test_155,lp_0-1000,Siggy,Rudy,Rudy,false,1
Qwen/Qwen2.5-Omni-7B,test_170,full_0-8k,Siggy,Rudy,Rudy,false,1
Qwen/Qwen2.5-Omni-7B,test_170,lp_0-1000,Siggy,Rudy,Rudy,false,1
Qwen/Qwen2.5-Omni-7B,test_172,full_0-8k,Siggy,Rudy,Rudy,false,1
Qwen/Qwen2.5-Omni-7B,test_172,lp_0-1000,Siggy,Rudy,Rudy,false,1
Qwen/Qwen2.5-Omni-7B,test_181,full_0-8k,Louie,Rudy,Rudy,false,1
Qwen/Qwen2.5-Omni-7B,test_181,lp_0-1000,Louie,Rudy,Rudy,false,1
Qwen/Qwen2.5-Omni-7B,test_182,full_0-8k,Louie,Rudy,Rudy,false,1
Qwen/Qwen2.5-Omni-7B,test_182,lp_0-1000,Louie,Rudy,Rudy,false,1
Qwen/Qwen2.5-Omni-7B,test_184,full_0-8k,Louie,Rudy,Rudy,false,1
Qwen/Qwen2.5-Omni-7B,test_184,lp_0-1000,Louie,Rudy,Rudy,false,1
Qwen/Qwen2.5-Omni-7B,test_188,full_0-8k,Louie,Rudy,Rudy,false,1
Qwen/Qwen2.5-Omni-7B,test_188,lp_0-1000,Louie,Rudy,Rudy,false,1
Qwen/Qwen2.5-Omni-7B,test_190,full_0-8k,Louie,Rudy,Rudy,false,1
Qwen/Qwen2.5-Omni-7B,test_190,lp_0-1000,Louie,Rudy,Rudy,false,1
Qwen/Qwen2.5-Omni-7B,test_209,full_0-8k,Louie,Rudy,Rudy,false,1
Qwen/Qwen2.5-Omni-7B,test_209,lp_0-1000,Louie,Rudy,Rudy,false,1
Qwen/Qwen2.5-Omni-7B,test_210,full_0-8k,Louie,Rudy,Rudy,false,1
Qwen/Qwen2.5-Omni-7B,test_210,lp_0-1000,Louie,Rudy,Rudy,false,1
Qwen/Qwen2.5-Omni-7B,test_213,full_0-8k,Zoe,Rudy,Rudy,false,1
Qwen/Qwen2.5-Omni-7B,test_213,lp_0-1000,Zoe,Rudy,Rudy,false,1
Qwen/Qwen2.5-Omni-7B,test_216,full_0-8k,Zoe,Rudy,Rudy,false,1
Qwen/Qwen2.5-Omni-7B,test_216,lp_0-1000,Zoe,Rudy,Rudy,false,1
Qwen/Qwen2.5-Omni-7B,test_220,full_0-8k,Zoe,Rudy,Rudy,false,1
Qwen/Qwen2.5-Omni-7B,test_220,lp_0-1000,Zoe,Rudy,Rudy,false,1
Qwen/Qwen2.5-Omni-7B,test_229,full_0-8k,Zoe,Rudy,Rudy,false,1
Qwen/Qwen2.5-Omni-7B,test_229,lp_0-1000,Zoe,Rudy,Rudy,false,1
Qwen/Qwen2.5-Omni-7B,test_230,full_0-8k,Zoe,Rudy,Rudy,false,1
Qwen/Qwen2.5-Omni-7B,test_230,lp_0-1000,Zoe,Rudy,Rudy,false,1
Qwen/Qwen2.5-Omni-7B,test_237,full_0-8k,Zoe,Rudy,Rudy,false,1
Qwen/Qwen2.5-Omni-7B,test_237,lp_0-1000,Zoe,Rudy,Rudy,false,1
Qwen/Qwen2.5-Omni-7B,test_238,full_0-8k,Zoe,Rudy,Rudy,false,1
Qwen/Qwen2.5-Omni-7B,test_238,lp_0-1000,Zoe,Rudy,Rudy,false,1
Qwen/Qwen2.5-Omni-7B,test_241,full_0-8k,Zoe,Rudy,Rudy,false,1
Qwen/Qwen2.5-Omni-7B,test_241,lp_0-1000,Zoe,Rudy,Rudy,false,1
Qwen/Qwen2.5-Omni-7B,test_246,full_0-8k,Zoe,Rudy,Rudy,false,1
Qwen/Qwen2.5-Omni-7B,test_246,lp_0-1000,Zoe,Rudy,Rudy,false,1
Qwen/Qwen2.5-Omni-7B,test_248,full_0-8k,Zoe,Rudy,Rudy,false,1
Qwen/Qwen2.5-Omni-7B,test_248,lp_0-1000,Zoe,Rudy,Rudy,false,1
Qwen/Qwen2.5-Omni-7B,test_255,full_0-8k,Zoe,Rudy,Rudy,false,1
Qwen/Qwen2.5-Omni-7B,test_255,lp_0-1000,Zoe,Rudy,Rudy,false,1
Qwen/Qwen2.5-Omni-7B,test_270,full_0-8k,Zoe,Rudy,Rudy,false,1
Qwen/Qwen2.5-Omni-7B,test_270,lp_0-1000,Zoe,Rudy,Rudy,false,1
Qwen/Qwen2.5-Omni-7B,test_272,full_0-8k,Zoe,Rudy,Rudy,false,1
Qwen/Qwen2.5-Omni-7B,test_272,lp_0-1000,Zoe,Rudy,Rudy,false,1
Qwen/Qwen2.5-Omni-7B,test_275,full_0-8k,Zoe,Rudy,Rudy,false,1
Qwen/Qwen2.5-Omni-7B,test_275,lp_0-1000,Zoe,Rudy,Rudy,false,1
Qwen/Qwen2.5-Omni-7B,test_284,full_0-8k,Zoe,Rudy,Rudy,false,1
Qwen/Qwen2.5-Omni-7B,test_284,lp_0-1000,Zoe,Rudy,Rudy,false,1
Qwen/Qwen2.5-Omni-7B,test_289,full_0-8k,Roodie,Rudy,Rudy,false,1
Qwen/Qwen2.5-Omni-7B,test_289,lp_0-1000,Roodie,Rudy,Rudy,false,1
Qwen/Qwen2.5-Omni-7B,test_290,full_0-8k,Roodie,Rudy,Rudy,false,1
Qwen/Qwen2.5-Omni-7B,test_290,lp_0-1000,Roodie,Rudy,Rudy,false,1
Qwen/Qwen2.5-Omni-7B,test_299,full_0-8k,Roodie,Rudy,Rudy,false,1
Qwen/Qwen2.5-Omni-7B,test_299,lp_0-1000,Roodie,Rudy,Rudy,false,1
Qwen/Qwen2.5-Omni-7B,test_300,full_0-8k,Roodie,Rudy,Rudy,false,1
Qwen/Qwen2.5-Omni-7B,test_300,lp_0-1000,Roodie,Rudy,Rudy,false,1
Qwen/Qwen2.5-Omni-7B,test_301,full_0-8k,Roodie,Rudy,Rudy,false,1
Qwen/Qwen2.5-Omni-7B,test_301,lp_0-1000,Roodie,Rudy,Rudy,false,1
Qwen/Qwen2.5-Omni-7B,test_304,full_0-8k,Roodie,Rudy,Rudy,false,1
Qwen/Qwen2.5-Omni-7B,test_304,lp_0-1000,Roodie,Rudy,Rudy,false,1
Qwen/Qwen2.5-Omni-7B,test_307,full_0-8k,Roodie,Rudy,Rudy,false,1
Qwen/Qwen2.5-Omni-7B,test_307,lp_0-1000,Roodie,Rudy,Rudy,false,1
Qwen/Qwen2.5-Omni-7B,test_314,full_0-8k,Roodie,Rudy,Rudy,false,1
Qwen/Qwen2.5-Omni-7B,test_314,lp_0-1000,Roodie,Rudy,Rudy,false,1
Qwen/Qwen2.5-Omni-7B,test_316,full_0-8k,Roodie,Rudy,Rudy,false,1
Qwen/Qwen2.5-Omni-7B,test_316,lp_0-1000,Roodie,Rudy,Rudy,false,1
Qwen/Qwen2.5-Omni-7B,test_320,full_0-8k,Roodie,Rudy,Rudy,false,1
Qwen/Qwen2.5-Omni-7B,test_320,lp_0-1000,Roodie,Rudy,Rudy,false,1
Qwen/Qwen2.5-Omni-7B,test_336,full_0-8k,Roodie,Rudy,Rudy,false,1
Qwen/Qwen2.5-Omni-7B,test_336,lp_0-1000,Roodie,Rudy,Rudy,false,1
Qwen/Qwen2.5-Omni-7B,test_337,full_0-8k,Roodie,Rudy,Rudy,false,1
Qwen/Qwen2.5-Omni-7B,test_337,lp_0-1000,Roodie,Rudy,Rudy,false,1
Qwen/Qwen2.5-Omni-7B,test_342,full_0-8k,Roodie,Rudy,Rudy,false,1
Qwen/Qwen2.5-Omni-7B,test_342,lp_0-1000,Roodie,Rudy,Rudy,false,1
Qwen/Qwen2.5-Omni-7B,test_344,full_0-8k,Roodie,Rudy,Rudy,false,1
Qwen/Qwen2.5-Omni-7B,test_344,lp_0-1000,Roodie,Rudy,Rudy,false,1
Qwen/Qwen2.5-Omni-7B,test_349,full_0-8k,Roodie,Rudy,Rudy,false,1
Qwen/Qwen2.5-Omni-7B,test_349,lp_0-1000,Roodie,Rudy,Rudy,false,1
Qwen/Qwen2.5-Omni-7B,test_350,full_0-8k,Roodie,Rudy,Rudy,false,1
Qwen/Qwen2.5-Omni-7B,test_350,lp_0-1000,Roodie,Rudy,Rudy,false,1
Qwen/Qwen2.5-Omni-7B,test_354,full_0-8k,Roodie,Rudy,Rudy,false,1
Qwen/Qwen2.5-Omni-7B,test_354,lp_0-1000,Roodie,Rudy,Rudy,false,1
Qwen/Qwen2.5-Omni-7B,test_370,full_0-8k,Roodie,Rudy,Rudy,false,1
Qwen/Qwen2.5-Omni-7B,test_370,lp_0-1000,Roodie,Rudy,Rudy,false,1
Qwen/Qwen2.5-Omni-7B,test_378,full_0-8k,Roodie,Rudy,Rudy,false,1
Qwen/Qwen2.5-Omni-7B,test_378,lp_0-1000,Roodie,Rudy,Rudy,false,1
Qwen/Qwen2.5-Omni-7B,test_381,full_0-8k,Roodie,Rudy,Rudy,false,1
Qwen/Qwen2.5-Omni-7B,test_381,lp_0-1000,Roodie,Rudy,Rudy,false,1
Qwen/Qwen2.5-Omni-7B,test_387,full_0-8k,Roodie,Rudy,Rudy,false,1
Qwen/Qwen2.5-Omni-7B,test_387,lp_0-1000,Roodie,Rudy,Rudy,false,1
Qwen/Qwen2.5-Omni-7B,test_392,full_0-8k,Roodie,Rudy,Rudy,false,1
Qwen/Qwen2.5-Omni-7B,test_392,lp_0-1000,Roodie,Rudy,Rudy,false,1
Qwen/Qwen2.5-Omni-7B,test_401,full_0-8k,Roodie,Rudy,Rudy,false,1
Qwen/Qwen2.5-Omni-7B,test_401,lp_0-1000,Roodie,Rudy,Rudy,false,1
Qwen/Qwen2.5-Omni-7B,test_410,full_0-8k,Roodie,Rudy,Rudy,false,1
Qwen/Qwen2.5-Omni-7B,test_410,lp_0-1000,Roodie,Rudy,Rudy,false,1
Qwen/Qwen2.5-Omni-7B,test_417,full_0-8k,Roodie,Rudy,Rudy,false,1
Qwen/Qwen2.5-Omni-7B,test_417,lp_0-1000,Roodie,Rudy,Rudy,false,1
Qwen/Qwen2.5-Omni-7B,test_419,full_0-8k,Roodie,Rudy,Rudy,false,1
Qwen/Qwen2.5-Omni-7B,test_419,lp_0-1000,Roodie,Rudy,Rudy,false,1
Qwen/Qwen2.5-Omni-7B,test_420,full_0-8k,Roodie,Rudy,Rudy,false,1
Qwen/Qwen2.5-Omni-7B,test_420,lp_0-1000,Roodie,Rudy,Rudy,false,1
Qwen/Qwen2.5-Omni-7B,test_427,full_0-8k,Roodie,Rudy,Rudy,false,1
Qwen/Qwen2.5-Omni-7B,test_427,lp_0-1000,Roodie,Rudy,Rudy,false,1
Qwen/Qwen2.5-Omni-7B,test_428,full_0-8k,Roodie,Rudy,Rudy,false,1
Qwen/Qwen2.5-Omni-7B,test_428,lp_0-1000,Roodie,Rudy,Rudy,false,1
Qwen/Qwen2.5-Omni-7B,test_431,full_0-8k,Roodie,Rudy,Rudy,false,1
Qwen/Qwen2.5-Omni-7B,test_431,lp_0-1000,Roodie,Rudy,Rudy,false,1
Qwen/Qwen2.5-Omni-7B,test_444,full_0-8k,Farley,Rudy,Rudy,false,1
Qwen/Qwen2.5-Omni-7B,test_444,lp_0-1000,Farley,Rudy,Rudy,false,1
Qwen/Qwen2.5-Omni-7B,test_447,full_0-8k,Farley,Rudy,Rudy,false,1
Qwen/Qwen2.5-Omni-7B,test_447,lp_0-1000,Farley,Rudy,Rudy,false,1
Qwen/Qwen2.5-Omni-7B,test_451,full_0-8k,Farley,Rudy,Rudy,false,1
Qwen/Qwen2.5-Omni-7B,test_451,lp_0-1000,Farley,Rudy,Rudy,false,1
Qwen/Qwen2.5-Omni-7B,test_455,full_0-8k,Farley,Rudy,Rudy,false,1
Qwen/Qwen2.5-Omni-7B,test_455,lp_0-1000,Farley,Rudy,Rudy,false,1
Qwen/Qwen2.5-Omni-7B,test_475,full_0-8k,Farley,Rudy,Rudy,false,1
Qwen/Qwen2.5-Omni-7B,test_475,lp_0-1000,Farley,Rudy,Rudy,false,1
Qwen/Qwen2.5-Omni-7B,test_476,full_0-8k,Farley,Rudy,Rudy,false,1
Qwen/Qwen2.5-Omni-7B,test_476,lp_0-1000,Farley,Rudy,Rudy,false,1
Qwen/Qwen2.5-Omni-7B,test_477,full_0-8k,Farley,Rudy,Rudy,false,1
Qwen/Qwen2.5-Omni-7B,test_477,lp_0-1000,Farley,Rudy,Rudy,false,1
Qwen/Qwen2.5-Omni-7B,test_482,full_0-8k,Farley,Rudy,Rudy,false,1
Qwen/Qwen2.5-Omni-7B,test_482,lp_0-1000,Farley,Rudy,Rudy,false,1
Qwen/Qwen2.5-Omni-7B,test_485,full_0-8k,Farley,Rudy,Rudy,false,1
Qwen/Qwen2.5-Omni-7B,test_485,lp_0-1000,Farley,Rudy,Rudy,false,1
Qwen/Qwen2.5-Omni-7B,test_488,full_0-8k,Farley,Rudy,Rudy,false,1
Qwen/Qwen2.5-Omni-7B,test_488,lp_0-1000,Farley,Rudy,Rudy,false,1
Qwen/Qwen2.5-Omni-7B,test_489,full_0-8k,Keri,Rudy,Rudy,false,1
Qwen/Qwen2.5-Omni-7B,test_489,lp_0-1000,Keri,Rudy,Rudy,false,1
Qwen/Qwen2.5-Omni-7B,test_493,full_0-8k,Keri,Rudy,Rudy,false,1
Qwen/Qwen2.5-Omni-7B,test_493,lp_0-1000,Keri,Rudy,Rudy,false,1
Qwen/Qwen2.5-Omni-7B,test_497,full_0-8k,Keri,Rudy,Rudy,false,1
Qwen/Qwen2.5-Omni-7B,test_497,lp_0-1000,Keri,Rudy,Rudy,false,1
Qwen/Qwen2.5-Omni-7B,test_500,full_0-8k,Keri,Rudy,Rudy,false,1
Qwen/Qwen2.5-Omni-7B,test_500,lp_0-1000,Keri,Rudy,Rudy,false,1
Qwen/Qwen2.5-Omni-7B,test_512,full_0-8k,Keri,Rudy,Rudy,false,1
Qwen/Qwen2.5-Omni-7B,test_512,lp_0-1000,Keri,Rudy,Rudy,false,1
Qwen/Qwen2.5-Omni-7B,test_516,full_0-8k,Keri,Rudy,Rudy,false,1
Qwen/Qwen2.5-Omni-7B,test_516,lp_0-1000,Keri,Rudy,Rudy,false,1
Qwen/Qwen2.5-Omni-7B,test_524,full_0-8k,Keri,Rudy,Rudy,false,1
Qwen/Qwen2.5-Omni-7B,test_524,lp_0-1000,Keri,Rudy,Rudy,false,1
Qwen/Qwen2.5-Omni-7B,test_528,full_0-8k,Keri,Rudy,Rudy,false,1
Qwen/Qwen2.5-Omni-7B,test_528,lp_0-1000,Keri,Rudy,Rudy,false,1
Qwen/Qwen2.5-Omni-7B,test_532,full_0-8k,Freid,Rudy,Rudy,false,1
Qwen/Qwen2.5-Omni-7B,test_532,lp_0-1000,Freid,Rudy,Rudy,false,1
Qwen/Qwen2.5-Omni-7B,test_534,full_0-8k,Freid,Rudy,Rudy,false,1
Qwen/Qwen2.5-Omni-7B,test_534,lp_0-1000,Freid,Rudy,Rudy,false,1
Qwen/Qwen2.5-Omni-7B,test_537,full_0-8k,Freid,Rudy,Rudy,false,1
Qwen/Qwen2.5-Omni-7B,test_537,lp_0-1000,Freid,Rudy,Rudy,false,1
Qwen/Qwen2.5-Omni-7B,test_542,full_0-8k,Freid,Rudy,Rudy,false,1
Qwen/Qwen2.5-Omni-7B,test_542,lp_0-1000,Freid,Rudy,Rudy,false,1
Qwen/Qwen2.5-Omni-7B,test_544,full_0-8k,Freid,Rudy,Rudy,false,1
Qwen/Qwen2.5-Omni-7B,test_544,lp_0-1000,Freid,Rudy,Rudy,false,1
Qwen/Qwen2.5-Omni-7B,test_550,full_0-8k,Freid,Rudy,Rudy,false,1
Qwen/Qwen2.5-Omni-7B,test_550,lp_0-1000,Freid,Rudy,Rudy,false,1
Qwen/Qwen2.5-Omni-7B,test_558,full_0-8k,Freid,Rudy,Rudy,false,1
Qwen/Qwen2.5-Omni-7B,test_558,lp_0-1000,Freid,Rudy,Rudy,false,1
Qwen/Qwen2.5-Omni-7B,test_559,full_0-8k,Freid,Rudy,Rudy,false,1
Qwen/Qwen2.5-Omni-7B,test_559,lp_0-1000,Freid,Rudy,Rudy,false,1
Qwen/Qwen2.5-Omni-7B,test_566,full_0-8k,Freid,Rudy,Rudy,false,1
Qwen/Qwen2.5-Omni-7B,test_566,lp_0-1000,Freid,Rudy,Rudy,false,1
Qwen/Qwen2.5-Omni-7B,test_570,full_0-8k,Luke,Rudy,Rudy,false,1
Qwen/Qwen2.5-Omni-7B,test_570,lp_0-1000,Luke,Rudy,Rudy,false,1
Qwen/Qwen2.5-Omni-7B,test_571,full_0-8k,Luke,Rudy,Rudy,false,1
Qwen/Qwen2.5-Omni-7B,test_571,lp_0-1000,Luke,Rudy,Rudy,false,1
Qwen/Qwen2.5-Omni-7B,test_578,full_0-8k,Luke,Rudy,Rudy,false,1
Qwen/Qwen2.5-Omni-7B,test_578,lp_0-1000,Luke,Rudy,Rudy,false,1
Qwen/Qwen2.5-Omni-7B,test_581,full_0-8k,Luke,Rudy,Rudy,false,1
Qwen/Qwen2.5-Omni-7B,test_581,lp_0-1000,Luke,Rudy,Rudy,false,1
Qwen/Qwen2.5-Omni-7B,test_586,full_0-8k,Luke,Rudy,Rudy,false,1
Qwen/Qwen2.5-Omni-7B,test_586,lp_0-1000,Luke,Rudy,Rudy,false,1
Qwen/Qwen2.5-Omni-7B,test_593,full_0-8k,Luke,Rudy,Rudy,false,1
Qwen/Qwen2.5-Omni-7B,test_593,lp_0-1000,Luke,Rudy,Rudy,false,1
Qwen/Qwen2.5-Omni-7B,test_596,full_0-8k,Luke,Rudy,Rudy,false,1
Qwen/Qwen2.5-Omni-7B,test_596,lp_0-1000,Luke,Rudy,Rudy,false,1
Qwen/Qwen2.5-Omni-7B,test_601,full_0-8k,Luke,Rudy,Rudy,false,1
Qwen/Qwen2.5-Omni-7B,test_601,lp_0-1000,Luke,Rudy,Rudy,false,1
Qwen/Qwen2.5-Omni-7B,test_608,full_0-8k,Luke,Rudy,Rudy,false,1
Qwen/Qwen2.5-Omni-7B,test_608,lp_0-1000,Luke,Rudy,Rudy,false,1
Qwen/Qwen2.5-Omni-7B,test_622,full_0-8k,Luke,Rudy,Rudy,false,1
Qwen/Qwen2.5-Omni-7B,test_622,lp_0-1000,Luke,Rudy,Rudy,false,1
Qwen/Qwen2.5-Omni-7B,test_623,full_0-8k,Luke,Rudy,Rudy,false,1
Qwen/Qwen2.5-Omni-7B,test_623,lp_0-1000,Luke,Rudy,Rudy,false,1
Qwen/Qwen2.5-Omni-7B,test_624,full_0-8k,Luke,Rudy,Rudy,false,1
Qwen/Qwen2.5-Omni-7B,test_624,lp_0-1000,Luke,Rudy,Rudy,false,1
Qwen/Qwen2.5-Omni-7B,test_625,full_0-8k,Luke,Rudy,Rudy,false,1
Qwen/Qwen2.5-Omni-7B,test_625,lp_0-1000,Luke,Rudy,Rudy,false,1
Qwen/Qwen2.5-Omni-7B,test_627,full_0-8k,Luke,Rudy,Rudy,false,1
Qwen/Qwen2.5-Omni-7B,test_627,lp_0-1000,Luke,Rudy,Rudy,false,1
Qwen/Qwen2.5-Omni-7B,test_641,full_0-8k,Luke,Rudy,Rudy,false,1
Qwen/Qwen2.5-Omni-7B,test_641,lp_0-1000,Luke,Rudy,Rudy,false,1
Qwen/Qwen2.5-Omni-7B,test_650,full_0-8k,Luke,Rudy,Rudy,false,1
Qwen/Qwen2.5-Omni-7B,test_650,lp_0-1000,Luke,Rudy,Rudy,false,1
Qwen/Qwen2.5-Omni-7B,test_659,full_0-8k,Luke,Rudy,Rudy,false,1
Qwen/Qwen2.5-Omni-7B,test_659,lp_0-1000,Luke,Rudy,Rudy,false,1
Qwen/Qwen2.5-Omni-7B,test_665,full_0-8k,Luke,Rudy,Rudy,false,1
Qwen/Qwen2.5-Omni-7B,test_665,lp_0-1000,Luke,Rudy,Rudy,false,1
Qwen/Qwen2.5-Omni-7B,test_667,full_0-8k,Luke,Rudy,Rudy,false,1
Qwen/Qwen2.5-Omni-7B,test_667,lp_0-1000,Luke,Rudy,Rudy,false,1
Qwen/Qwen2.5-Omni-7B,test_668,full_0-8k,Luke,Rudy,Rudy,false,1
Qwen/Qwen2.5-Omni-7B,test_668,lp_0-1000,Luke,Rudy,Rudy,false,1
Qwen/Qwen2.5-Omni-7B,test_676,full_0-8k,Luke,Rudy,Rudy,false,1
Qwen/Qwen2.5-Omni-7B,test_676,lp_0-1000,Luke,Rudy,Rudy,false,1
Qwen/Qwen2.5-Omni-7B,test_680,full_0-8k,Luke,Rudy,Rudy,false,1
Qwen/Qwen2.5-Omni-7B,test_680,lp_0-1000,Luke,Rudy,Rudy,false,1
Qwen/Qwen2.5-Omni-7B,test_682,full_0-8k,Luke,Rudy,Rudy,false,1
Qwen/Qwen2.5-Omni-7B,test_682,lp_0-1000,Luke,Rudy,Rudy,false,1
Qwen/Qwen2.5-Omni-7B,test_684,full_0-8k,Luke,Rudy,Rudy,false,1
Qwen/Qwen2.5-Omni-7B,test_684,lp_0-1000,Luke,Rudy,Rudy,false,1
Qwen/Qwen2.5-Omni-7B,test_6,lp_0-2000,Mac,Rudy,Rudy,false,1
Qwen/Qwen2.5-Omni-7B,test_6,lp_0-4000,Mac,Rudy,Rudy,false,1
Qwen/Qwen2.5-Omni-7B,test_6,lp_0-6000,Mac,Rudy,Rudy,false,1
Qwen/Qwen2.5-Omni-7B,test_6,lp_0-8000,Mac,Rudy,Rudy,false,1
Qwen/Qwen2.5-Omni-7B,test_6,remove_0-1000,Mac,Rudy,Rudy,false,1
Qwen/Qwen2.5-Omni-7B,test_6,remove_1000-2000,Mac,Rudy,Rudy,false,1
Qwen/Qwen2.5-Omni-7B,test_6,remove_2000-4000,Mac,Rudy,Rudy,false,1
Qwen/Qwen2.5-Omni-7B,test_6,remove_4000-6000,Mac,Rudy,Rudy,false,1
Qwen/Qwen2.5-Omni-7B,test_6,remove_6000-8000,Mac,Rudy,Rudy,false,1
Qwen/Qwen2.5-Omni-7B,test_16,lp_0-2000,Mac,Rudy,Rudy,false,1
Qwen/Qwen2.5-Omni-7B,test_16,lp_0-4000,Mac,Rudy,Rudy,false,1
Qwen/Qwen2.5-Omni-7B,test_16,lp_0-6000,Mac,Rudy,Rudy,false,1
Qwen/Qwen2.5-Omni-7B,test_16,lp_0-8000,Mac,Rudy,Rudy,false,1
Qwen/Qwen2.5-Omni-7B,test_16,remove_0-1000,Mac,Rudy,Rudy,false,1
Qwen/Qwen2.5-Omni-7B,test_16,remove_1000-2000,Mac,Rudy,Rudy,false,1
Qwen/Qwen2.5-Omni-7B,test_16,remove_2000-4000,Mac,Rudy,Rudy,false,1
Qwen/Qwen2.5-Omni-7B,test_16,remove_4000-6000,Mac,Rudy,Rudy,false,1
Qwen/Qwen2.5-Omni-7B,test_16,remove_6000-8000,Mac,Rudy,Rudy,false,1
Qwen/Qwen2.5-Omni-7B,test_18,lp_0-2000,Mac,Rudy,Rudy,false,1
Qwen/Qwen2.5-Omni-7B,test_18,lp_0-4000,Mac,Rudy,Rudy,false,1
Qwen/Qwen2.5-Omni-7B,test_18,lp_0-6000,Mac,Rudy,Rudy,false,1
Qwen/Qwen2.5-Omni-7B,test_18,lp_0-8000,Mac,Rudy,Rudy,false,1
Qwen/Qwen2.5-Omni-7B,test_18,remove_0-1000,Mac,Rudy,Rudy,false,1
Qwen/Qwen2.5-Omni-7B,test_18,remove_1000-2000,Mac,Rudy,Rudy,false,1
Qwen/Qwen2.5-Omni-7B,test_18,remove_2000-4000,Mac,Rudy,Rudy,false,1
Qwen/Qwen2.5-Omni-7B,test_18,remove_4000-6000,Mac,Rudy,Rudy,false,1
Qwen/Qwen2.5-Omni-7B,test_18,remove_6000-8000,Mac,Rudy,Rudy,false,1
Qwen/Qwen2.5-Omni-7B,test_19,lp_0-2000,Mac,Rudy,Rudy,false,1
Qwen/Qwen2.5-Omni-7B,test_19,lp_0-4000,Mac,Rudy,Rudy,false,1
Qwen/Qwen2.5-Omni-7B,test_19,lp_0-6000,Mac,Rudy,Rudy,false,1
Qwen/Qwen2.5-Omni-7B,test_19,lp_0-8000,Mac,Rudy,Rudy,false,1
Qwen/Qwen2.5-Omni-7B,test_19,remove_0-1000,Mac,Rudy,Rudy,false,1
Qwen/Qwen2.5-Omni-7B,test_19,remove_1000-2000,Mac,Rudy,Rudy,false,1
Qwen/Qwen2.5-Omni-7B,test_19,remove_2000-4000,Mac,Rudy,Rudy,false,1
Qwen/Qwen2.5-Omni-7B,test_19,remove_4000-6000,Mac,Rudy,Rudy,false,1
Qwen/Qwen2.5-Omni-7B,test_19,remove_6000-8000,Mac,Rudy,Rudy,false,1
Qwen/Qwen2.5-Omni-7B,test_20,lp_0-2000,Mac,Rudy,Rudy,false,1
Qwen/Qwen2.5-Omni-7B,test_20,lp_0-4000,Mac,Rudy,Rudy,false,1
Qwen/Qwen2.5-Omni-7B,test_20,lp_0-6000,Mac,Rudy,Rudy,false,1
Qwen/Qwen2.5-Omni-7B,test_20,lp_0-8000,Mac,Rudy,Rudy,false,1
Qwen/Qwen2.5-Omni-7B,test_20,remove_0-1000,Mac,Rudy,Rudy,false,1
Qwen/Qwen2.5-Omni-7B,test_20,remove_1000-2000,Mac,Rudy,Rudy,false,1
Qwen/Qwen2.5-Omni-7B,test_20,remove_2000-4000,Mac,Rudy,Rudy,false,1
Qwen/Qwen2.5-Omni-7B,test_20,remove_4000-6000,Mac,Rudy,Rudy,false,1
Qwen/Qwen2.5-Omni-7B,test_20,remove_6000-8000,Mac,Rudy,Rudy,false,1
Qwen/Qwen2.5-Omni-7B,test_32,lp_0-2000,Mac,Rudy,Rudy,false,1
Qwen/Qwen2.5-Omni-7B,test_32,lp_0-4000,Mac,Rudy,Rudy,false,1
Qwen/Qwen2.5-Omni-7B,test_32,lp_0-6000,Mac,Rudy,Rudy,false,1
Qwen/Qwen2.5-Omni-7B,test_32,lp_0-8000,Mac,Rudy,Rudy,false,1
Qwen/Qwen2.5-Omni-7B,test_32,remove_0-1000,Mac,Rudy,Rudy,false,1
Qwen/Qwen2.5-Omni-7B,test_32,remove_1000-2000,Mac,Rudy,Rudy,false,1
Qwen/Qwen2.5-Omni-7B,test_32,remove_2000-4000,Mac,Rudy,Rudy,false,1
Qwen/Qwen2.5-Omni-7B,test_32,remove_4000-6000,Mac,Rudy,Rudy,false,1
Qwen/Qwen2.5-Omni-7B,test_32,remove_6000-8000,Mac,Rudy,Rudy,false,1
Qwen/Qwen2.5-Omni-7B,test_33,lp_0-2000,Mac,Rudy,Rudy,false,1
Qwen/Qwen2.5-Omni-7B,test_33,lp_0-4000,Mac,Rudy,Rudy,false,1
Qwen/Qwen2.5-Omni-7B,test_33,lp_0-6000,Mac,Rudy,Rudy,false,1
Qwen/Qwen2.5-Omni-7B,test_33,lp_0-8000,Mac,Rudy,Rudy,false,1
Qwen/Qwen2.5-Omni-7B,test_33,remove_0-1000,Mac,Rudy,Rudy,false,1
Qwen/Qwen2.5-Omni-7B,test_33,remove_1000-2000,Mac,Rudy,Rudy,false,1
Qwen/Qwen2.5-Omni-7B,test_33,remove_2000-4000,Mac,Rudy,Rudy,false,1
Qwen/Qwen2.5-Omni-7B,test_33,remove_4000-6000,Mac,Rudy,Rudy,false,1
Qwen/Qwen2.5-Omni-7B,test_33,remove_6000-8000,Mac,Rudy,Rudy,false,1
Qwen/Qwen2.5-Omni-7B,test_40,lp_0-2000,Mac,Rudy,Rudy,false,1
Qwen/Qwen2.5-Omni-7B,test_40,lp_0-4000,Mac,Rudy,Rudy,false,1
Qwen/Qwen2.5-Omni-7B,test_40,lp_0-6000,Mac,Rudy,Rudy,false,1
Qwen/Qwen2.5-Omni-7B,test_40,lp_0-8000,Mac,Rudy,Rudy,false,1
Qwen/Qwen2.5-Omni-7B,test_40,remove_0-1000,Mac,Rudy,Rudy,false,1
Qwen/Qwen2.5-Omni-7B,test_40,remove_1000-2000,Mac,Rudy,Rudy,false,1
Qwen/Qwen2.5-Omni-7B,test_40,remove_2000-4000,Mac,Rudy,Rudy,false,1
Qwen/Qwen2.5-Omni-7B,test_40,remove_4000-6000,Mac,Rudy,Rudy,false,1
Qwen/Qwen2.5-Omni-7B,test_40,remove_6000-8000,Mac,Rudy,Rudy,false,1
Qwen/Qwen2.5-Omni-7B,test_53,lp_0-2000,Mac,Rudy,Rudy,false,1
Qwen/Qwen2.5-Omni-7B,test_53,lp_0-4000,Mac,Rudy,Rudy,false,1
Qwen/Qwen2.5-Omni-7B,test_53,lp_0-6000,Mac,Rudy,Rudy,false,1
Qwen/Qwen2.5-Omni-7B,test_53,lp_0-8000,Mac,Rudy,Rudy,false,1
Qwen/Qwen2.5-Omni-7B,test_53,remove_0-1000,Mac,Rudy,Rudy,false,1
Qwen/Qwen2.5-Omni-7B,test_53,remove_1000-2000,Mac,Rudy,Rudy,false,1
Qwen/Qwen2.5-Omni-7B,test_53,remove_2000-4000,Mac,Rudy,Rudy,false,1
Qwen/Qwen2.5-Omni-7B,test_53,remove_4000-6000,Mac,Rudy,Rudy,false,1
Qwen/Qwen2.5-Omni-7B,test_53,remove_6000-8000,Mac,Rudy,Rudy,false,1
Qwen/Qwen2.5-Omni-7B,test_58,lp_0-2000,Mac,Rudy,Rudy,false,1
Qwen/Qwen2.5-Omni-7B,test_58,lp_0-4000,Mac,Rudy,Rudy,false,1
Qwen/Qwen2.5-Omni-7B,test_58,lp_0-6000,Mac,Rudy,Rudy,false,1
Qwen/Qwen2.5-Omni-7B,test_58,lp_0-8000,Mac,Rudy,Rudy,false,1
Qwen/Qwen2.5-Omni-7B,test_58,remove_0-1000,Mac,Rudy,Rudy,false,1
Qwen/Qwen2.5-Omni-7B,test_58,remove_1000-2000,Mac,Rudy,Rudy,false,1
Qwen/Qwen2.5-Omni-7B,test_58,remove_2000-4000,Mac,Rudy,Rudy,false,1
Qwen/Qwen2.5-Omni-7B,test_58,remove_4000-6000,Mac,Rudy,Rudy,false,1
Qwen/Qwen2.5-Omni-7B,test_58,remove_6000-8000,Mac,Rudy,Rudy,false,1
Qwen/Qwen2.5-Omni-7B,test_60,lp_0-2000,Mac,Rudy,Rudy,false,1
Qwen/Qwen2.5-Omni-7B,test_60,lp_0-4000,Mac,Rudy,Rudy,false,1
Qwen/Qwen2.5-Omni-7B,test_60,lp_0-6000,Mac,Rudy,Rudy,false,1
Qwen/Qwen2.5-Omni-7B,test_60,lp_0-8000,Mac,Rudy,Rudy,false,1
Qwen/Qwen2.5-Omni-7B,test_60,remove_0-1000,Mac,Rudy,Rudy,false,1
Qwen/Qwen2.5-Omni-7B,test_60,remove_1000-2000,Mac,Rudy,Rudy,false,1
Qwen/Qwen2.5-Omni-7B,test_60,remove_2000-4000,Mac,Rudy,Rudy,false,1
Qwen/Qwen2.5-Omni-7B,test_60,remove_4000-6000,Mac,Rudy,Rudy,false,1
Qwen/Qwen2.5-Omni-7B,test_60,remove_6000-8000,Mac,Rudy,Rudy,false,1
Qwen/Qwen2.5-Omni-7B,test_62,lp_0-2000,Mac,Rudy,Rudy,false,1
Qwen/Qwen2.5-Omni-7B,test_62,lp_0-4000,Mac,Rudy,Rudy,false,1
Qwen/Qwen2.5-Omni-7B,test_62,lp_0-6000,Mac,Rudy,Rudy,false,1
Qwen/Qwen2.5-Omni-7B,test_62,lp_0-8000,Mac,Rudy,Rudy,false,1
Qwen/Qwen2.5-Omni-7B,test_62,remove_0-1000,Mac,Rudy,Rudy,false,1
Qwen/Qwen2.5-Omni-7B,test_62,remove_1000-2000,Mac,Rudy,Rudy,false,1
Qwen/Qwen2.5-Omni-7B,test_62,remove_2000-4000,Mac,Rudy,Rudy,false,1
Qwen/Qwen2.5-Omni-7B,test_62,remove_4000-6000,Mac,Rudy,Rudy,false,1
Qwen/Qwen2.5-Omni-7B,test_62,remove_6000-8000,Mac,Rudy,Rudy,false,1
Qwen/Qwen2.5-Omni-7B,test_66,lp_0-2000,Mac,Rudy,Rudy,false,1
Qwen/Qwen2.5-Omni-7B,test_66,lp_0-4000,Mac,Rudy,Rudy,false,1
Qwen/Qwen2.5-Omni-7B,test_66,lp_0-6000,Mac,Rudy,Rudy,false,1
Qwen/Qwen2.5-Omni-7B,test_66,lp_0-8000,Mac,Rudy,Rudy,false,1
Qwen/Qwen2.5-Omni-7B,test_66,remove_0-1000,Mac,Rudy,Rudy,false,1
Qwen/Qwen2.5-Omni-7B,test_66,remove_1000-2000,Mac,Rudy,Rudy,false,1
Qwen/Qwen2.5-Omni-7B,test_66,remove_2000-4000,Mac,Rudy,Rudy,false,1
Qwen/Qwen2.5-Omni-7B,test_66,remove_4000-6000,Mac,Rudy,Rudy,false,1
Qwen/Qwen2.5-Omni-7B,test_66,remove_6000-8000,Mac,Rudy,Rudy,false,1
Qwen/Qwen2.5-Omni-7B,test_67,lp_0-2000,Mac,Rudy,Rudy,false,1
Qwen/Qwen2.5-Omni-7B,test_67,lp_0-4000,Mac,Rudy,Rudy,false,1
Qwen/Qwen2.5-Omni-7B,test_67,lp_0-6000,Mac,Rudy,Rudy,false,1
Qwen/Qwen2.5-Omni-7B,test_67,lp_0-8000,Mac,Rudy,Rudy,false,1
Qwen/Qwen2.5-Omni-7B,test_67,remove_0-1000,Mac,Rudy,Rudy,false,1
Qwen/Qwen2.5-Omni-7B,test_67,remove_1000-2000,Mac,Rudy,Rudy,false,1
Qwen/Qwen2.5-Omni-7B,test_67,remove_2000-4000,Mac,Rudy,Rudy,false,1
Qwen/Qwen2.5-Omni-7B,test_67,remove_4000-6000,Mac,Rudy,Rudy,false,1
Qwen/Qwen2.5-Omni-7B,test_67,remove_6000-8000,Mac,Rudy,Rudy,false,1
Qwen/Qwen2.5-Omni-7B,test_78,lp_0-2000,Mac,Rudy,Rudy,false,1
Qwen/Qwen2.5-Omni-7B,test_78,lp_0-4000,Mac,Rudy,Rudy,false,1
Qwen/Qwen2.5-Omni-7B,test_78,lp_0-6000,Mac,Rudy,Rudy,false,1
Qwen/Qwen2.5-Omni-7B,test_78,lp_0-8000,Mac,Rudy,Rudy,false,1
Qwen/Qwen2.5-Omni-7B,test_78,remove_0-1000,Mac,Rudy,Rudy,false,1
Qwen/Qwen2.5-Omni-7B,test_78,remove_1000-2000,Mac,Rudy,Rudy,false,1
Qwen/Qwen2.5-Omni-7B,test_78,remove_2000-4000,Mac,Rudy,Rudy,false,1
Qwen/Qwen2.5-Omni-7B,test_78,remove_4000-6000,Mac,Rudy,Rudy,false,1
Qwen/Qwen2.5-Omni-7B,test_78,remove_6000-8000,Mac,Rudy,Rudy,false,1
Qwen/Qwen2.5-Omni-7B,test_80,lp_0-2000,Mac,Rudy,Rudy,false,1
Qwen/Qwen2.5-Omni-7B,test_80,lp_0-4000,Mac,Rudy,Rudy,false,1
Qwen/Qwen2.5-Omni-7B,test_80,lp_0-6000,Mac,Rudy,Rudy,false,1
Qwen/Qwen2.5-Omni-7B,test_80,lp_0-8000,Mac,Rudy,Rudy,false,1
Qwen/Qwen2.5-Omni-7B,test_80,remove_0-1000,Mac,Rudy,Rudy,false,1
Qwen/Qwen2.5-Omni-7B,test_80,remove_1000-2000,Mac,Rudy,Rudy,false,1
Qwen/Qwen2.5-Omni-7B,test_80,remove_2000-4000,Mac,Rudy,Rudy,false,1
Qwen/Qwen2.5-Omni-7B,test_80,remove_4000-6000,Mac,Rudy,Rudy,false,1
Qwen/Qwen2.5-Omni-7B,test_80,remove_6000-8000,Mac,Rudy,Rudy,false,1
Qwen/Qwen2.5-Omni-7B,test_81,lp_0-2000,Mac,Rudy,Rudy,false,1
Qwen/Qwen2.5-Omni-7B,test_81,lp_0-4000,Mac,Rudy,Rudy,false,1
Qwen/Qwen2.5-Omni-7B,test_81,lp_0-6000,Mac,Rudy,Rudy,false,1
Qwen/Qwen2.5-Omni-7B,test_81,lp_0-8000,Mac,Rudy,Rudy,false,1
Qwen/Qwen2.5-Omni-7B,test_81,remove_0-1000,Mac,Rudy,Rudy,false,1
Qwen/Qwen2.5-Omni-7B,test_81,remove_1000-2000,Mac,Rudy,Rudy,false,1
Qwen/Qwen2.5-Omni-7B,test_81,remove_2000-4000,Mac,Rudy,Rudy,false,1
Qwen/Qwen2.5-Omni-7B,test_81,remove_4000-6000,Mac,Rudy,Rudy,false,1
Qwen/Qwen2.5-Omni-7B,test_81,remove_6000-8000,Mac,Rudy,Rudy,false,1
Qwen/Qwen2.5-Omni-7B,test_82,lp_0-2000,Mac,Rudy,Rudy,false,1
Qwen/Qwen2.5-Omni-7B,test_82,lp_0-4000,Mac,Rudy,Rudy,false,1
Qwen/Qwen2.5-Omni-7B,test_82,lp_0-6000,Mac,Rudy,Rudy,false,1
Qwen/Qwen2.5-Omni-7B,test_82,lp_0-8000,Mac,Rudy,Rudy,false,1
Qwen/Qwen2.5-Omni-7B,test_82,remove_0-1000,Mac,Rudy,Rudy,false,1
Qwen/Qwen2.5-Omni-7B,test_82,remove_1000-2000,Mac,Rudy,Rudy,false,1
Qwen/Qwen2.5-Omni-7B,test_82,remove_2000-4000,Mac,Rudy,Rudy,false,1
Qwen/Qwen2.5-Omni-7B,test_82,remove_4000-6000,Mac,Rudy,Rudy,false,1
Qwen/Qwen2.5-Omni-7B,test_82,remove_6000-8000,Mac,Rudy,Rudy,false,1
Qwen/Qwen2.5-Omni-7B,test_92,lp_0-2000,Rudy,Rudy,Rudy,true,1
Qwen/Qwen2.5-Omni-7B,test_92,lp_0-4000,Rudy,Rudy,Rudy,true,1
Qwen/Qwen2.5-Omni-7B,test_92,lp_0-6000,Rudy,Rudy,Rudy,true,1
Qwen/Qwen2.5-Omni-7B,test_92,lp_0-8000,Rudy,Rudy,Rudy,true,1
Qwen/Qwen2.5-Omni-7B,test_92,remove_0-1000,Rudy,Rudy,Rudy,true,1
Qwen/Qwen2.5-Omni-7B,test_92,remove_1000-2000,Rudy,Rudy,Rudy,true,1
Qwen/Qwen2.5-Omni-7B,test_92,remove_2000-4000,Rudy,Rudy,Rudy,true,1
Qwen/Qwen2.5-Omni-7B,test_92,remove_4000-6000,Rudy,Rudy,Rudy,true,1
Qwen/Qwen2.5-Omni-7B,test_92,remove_6000-8000,Rudy,Rudy,Rudy,true,1
Qwen/Qwen2.5-Omni-7B,test_93,lp_0-2000,Rudy,Rudy,Rudy,true,1
Qwen/Qwen2.5-Omni-7B,test_93,lp_0-4000,Rudy,Rudy,Rudy,true,1
Qwen/Qwen2.5-Omni-7B,test_93,lp_0-6000,Rudy,Rudy,Rudy,true,1
Qwen/Qwen2.5-Omni-7B,test_93,lp_0-8000,Rudy,Rudy,Rudy,true,1
Qwen/Qwen2.5-Omni-7B,test_93,remove_0-1000,Rudy,Rudy,Rudy,true,1
Qwen/Qwen2.5-Omni-7B,test_93,remove_1000-2000,Rudy,Rudy,Rudy,true,1
Qwen/Qwen2.5-Omni-7B,test_93,remove_2000-4000,Rudy,Rudy,Rudy,true,1
Qwen/Qwen2.5-Omni-7B,test_93,remove_4000-6000,Rudy,Rudy,Rudy,true,1
Qwen/Qwen2.5-Omni-7B,test_93,remove_6000-8000,Rudy,Rudy,Rudy,true,1
Qwen/Qwen2.5-Omni-7B,test_94,lp_0-2000,Rudy,Rudy,Rudy,true,1
Qwen/Qwen2.5-Omni-7B,test_94,lp_0-4000,Rudy,Rudy,Rudy,true,1
Qwen/Qwen2.5-Omni-7B,test_94,lp_0-6000,Rudy,Rudy,Rudy,true,1
Qwen/Qwen2.5-Omni-7B,test_94,lp_0-8000,Rudy,Rudy,Rudy,true,1
Qwen/Qwen2.5-Omni-7B,test_94,remove_0-1000,Rudy,Rudy,Rudy,true,1
Qwen/Qwen2.5-Omni-7B,test_94,remove_1000-2000,Rudy,Rudy,Rudy,true,1
Qwen/Qwen2.5-Omni-7B,test_94,remove_2000-4000,Rudy,Rudy,Rudy,true,1
Qwen/Qwen2.5-Omni-7B,test_94,remove_4000-6000,Rudy,Rudy,Rudy,true,1
Qwen/Qwen2.5-Omni-7B,test_94,remove_6000-8000,Rudy,Rudy,Rudy,true,1
Qwen/Qwen2.5-Omni-7B,test_103,lp_0-2000,Rudy,Rudy,Rudy,true,1
Qwen/Qwen2.5-Omni-7B,test_103,lp_0-4000,Rudy,Rudy,Rudy,true,1
Qwen/Qwen2.5-Omni-7B,test_103,lp_0-6000,Rudy,Rudy,Rudy,true,1
Qwen/Qwen2.5-Omni-7B,test_103,lp_0-8000,Rudy,Rudy,Rudy,true,1
Qwen/Qwen2.5-Omni-7B,test_103,remove_0-1000,Rudy,Rudy,Rudy,true,1
Qwen/Qwen2.5-Omni-7B,test_103,remove_1000-2000,Rudy,Rudy,Rudy,true,1
Qwen/Qwen2.5-Omni-7B,test_103,remove_2000-4000,Rudy,Rudy,Rudy,true,1
Qwen/Qwen2.5-Omni-7B,test_103,remove_4000-6000,Rudy,Rudy,Rudy,true,1
Qwen/Qwen2.5-Omni-7B,test_103,remove_6000-8000,Rudy,Rudy,Rudy,true,1
Qwen/Qwen2.5-Omni-7B,test_115,lp_0-2000,Siggy,Rudy,Rudy,false,1
Qwen/Qwen2.5-Omni-7B,test_115,lp_0-4000,Siggy,Rudy,Rudy,false,1
Qwen/Qwen2.5-Omni-7B,test_115,lp_0-6000,Siggy,Rudy,Rudy,false,1
Qwen/Qwen2.5-Omni-7B,test_115,lp_0-8000,Siggy,Rudy,Rudy,false,1
Qwen/Qwen2.5-Omni-7B,test_115,remove_0-1000,Siggy,Rudy,Rudy,false,1
Qwen/Qwen2.5-Omni-7B,test_115,remove_1000-2000,Siggy,Rudy,Rudy,false,1
Qwen/Qwen2.5-Omni-7B,test_115,remove_2000-4000,Siggy,Rudy,Rudy,false,1
Qwen/Qwen2.5-Omni-7B,test_115,remove_4000-6000,Siggy,Rudy,Rudy,false,1
Qwen/Qwen2.5-Omni-7B,test_115,remove_6000-8000,Siggy,Rudy,Rudy,false,1
Qwen/Qwen2.5-Omni-7B,test_118,lp_0-2000,Siggy,Rudy,Rudy,false,1
Qwen/Qwen2.5-Omni-7B,test_118,lp_0-4000,Siggy,Rudy,Rudy,false,1
Qwen/Qwen2.5-Omni-7B,test_118,lp_0-6000,Siggy,Rudy,Rudy,false,1
Qwen/Qwen2.5-Omni-7B,test_118,lp_0-8000,Siggy,Rudy,Rudy,false,1
Qwen/Qwen2.5-Omni-7B,test_118,remove_0-1000,Siggy,Rudy,Rudy,false,1
Qwen/Qwen2.5-Omni-7B,test_118,remove_1000-2000,Siggy,Rudy,Rudy,false,1
Qwen/Qwen2.5-Omni-7B,test_118,remove_2000-4000,Siggy,Rudy,Rudy,false,1
Qwen/Qwen2.5-Omni-7B,test_118,remove_4000-6000,Siggy,Rudy,Rudy,false,1
Qwen/Qwen2.5-Omni-7B,test_118,remove_6000-8000,Siggy,Rudy,Rudy,false,1
Qwen/Qwen2.5-Omni-7B,test_123,lp_0-2000,Siggy,Rudy,Rudy,false,1
Qwen/Qwen2.5-Omni-7B,test_123,lp_0-4000,Siggy,Rudy,Rudy,false,1
Qwen/Qwen2.5-Omni-7B,test_123,lp_0-6000,Siggy,Rudy,Rudy,false,1
Qwen/Qwen2.5-Omni-7B,test_123,lp_0-8000,Siggy,Rudy,Rudy,false,1
Qwen/Qwen2.5-Omni-7B,test_123,remove_0-1000,Siggy,Rudy,Rudy,false,1
Qwen/Qwen2.5-Omni-7B,test_123,remove_1000-2000,Siggy,Rudy,Rudy,false,1
Qwen/Qwen2.5-Omni-7B,test_123,remove_2000-4000,Siggy,Rudy,Rudy,false,1
Qwen/Qwen2.5-Omni-7B,test_123,remove_4000-6000,Siggy,Rudy,Rudy,false,1
Qwen/Qwen2.5-Omni-7B,test_123,remove_6000-8000,Siggy,Rudy,Rudy,false,1
Qwen/Qwen2.5-Omni-7B,test_126,lp_0-2000,Siggy,Rudy,Rudy,false,1
Qwen/Qwen2.5-Omni-7B,test_126,lp_0-4000,Siggy,Rudy,Rudy,false,1
Qwen/Qwen2.5-Omni-7B,test_126,lp_0-6000,Siggy,Rudy,Rudy,false,1
Qwen/Qwen2.5-Omni-7B,test_126,lp_0-8000,Siggy,Rudy,Rudy,false,1
Qwen/Qwen2.5-Omni-7B,test_126,remove_0-1000,Siggy,Rudy,Rudy,false,1
Qwen/Qwen2.5-Omni-7B,test_126,remove_1000-2000,Siggy,Rudy,Rudy,false,1
Qwen/Qwen2.5-Omni-7B,test_126,remove_2000-4000,Siggy,Rudy,Rudy,false,1
Qwen/Qwen2.5-Omni-7B,test_126,remove_4000-6000,Siggy,Rudy,Rudy,false,1
Qwen/Qwen2.5-Omni-7B,test_126,remove_6000-8000,Siggy,Rudy,Rudy,false,1
Qwen/Qwen2.5-Omni-7B,test_129,lp_0-2000,Siggy,Rudy,Rudy,false,1
Qwen/Qwen2.5-Omni-7B,test_129,lp_0-4000,Siggy,Rudy,Rudy,false,1
Qwen/Qwen2.5-Omni-7B,test_129,lp_0-6000,Siggy,Rudy,Rudy,false,1
Qwen/Qwen2.5-Omni-7B,test_129,lp_0-8000,Siggy,Rudy,Rudy,false,1
Qwen/Qwen2.5-Omni-7B,test_129,remove_0-1000,Siggy,Rudy,Rudy,false,1
Qwen/Qwen2.5-Omni-7B,test_129,remove_1000-2000,Siggy,Rudy,Rudy,false,1
Qwen/Qwen2.5-Omni-7B,test_129,remove_2000-4000,Siggy,Rudy,Rudy,false,1
Qwen/Qwen2.5-Omni-7B,test_129,remove_4000-6000,Siggy,Rudy,Rudy,false,1
Qwen/Qwen2.5-Omni-7B,test_129,remove_6000-8000,Siggy,Rudy,Rudy,false,1
Qwen/Qwen2.5-Omni-7B,test_130,lp_0-2000,Siggy,Rudy,Rudy,false,1
Qwen/Qwen2.5-Omni-7B,test_130,lp_0-4000,Siggy,Rudy,Rudy,false,1
Qwen/Qwen2.5-Omni-7B,test_130,lp_0-6000,Siggy,Rudy,Rudy,false,1
Qwen/Qwen2.5-Omni-7B,test_130,lp_0-8000,Siggy,Rudy,Rudy,false,1
Qwen/Qwen2.5-Omni-7B,test_130,remove_0-1000,Siggy,Rudy,Rudy,false,1
Qwen/Qwen2.5-Omni-7B,test_130,remove_1000-2000,Siggy,Rudy,Rudy,false,1
Qwen/Qwen2.5-Omni-7B,test_130,remove_2000-4000,Siggy,Rudy,Rudy,false,1
Qwen/Qwen2.5-Omni-7B,test_130,remove_4000-6000,Siggy,Rudy,Rudy,false,1
Qwen/Qwen2.5-Omni-7B,test_130,remove_6000-8000,Siggy,Rudy,Rudy,false,1
Qwen/Qwen2.5-Omni-7B,test_131,lp_0-2000,Siggy,Rudy,Rudy,false,1
Qwen/Qwen2.5-Omni-7B,test_131,lp_0-4000,Siggy,Rudy,Rudy,false,1
Qwen/Qwen2.5-Omni-7B,test_131,lp_0-6000,Siggy,Rudy,Rudy,false,1
Qwen/Qwen2.5-Omni-7B,test_131,lp_0-8000,Siggy,Rudy,Rudy,false,1
Qwen/Qwen2.5-Omni-7B,test_131,remove_0-1000,Siggy,Rudy,Rudy,false,1
Qwen/Qwen2.5-Omni-7B,test_131,remove_1000-2000,Siggy,Rudy,Rudy,false,1
Qwen/Qwen2.5-Omni-7B,test_131,remove_2000-4000,Siggy,Rudy,Rudy,false,1
Qwen/Qwen2.5-Omni-7B,test_131,remove_4000-6000,Siggy,Rudy,Rudy,false,1
Qwen/Qwen2.5-Omni-7B,test_131,remove_6000-8000,Siggy,Rudy,Rudy,false,1
Qwen/Qwen2.5-Omni-7B,test_136,lp_0-2000,Siggy,Rudy,Rudy,false,1
Qwen/Qwen2.5-Omni-7B,test_136,lp_0-4000,Siggy,Rudy,Rudy,false,1
Qwen/Qwen2.5-Omni-7B,test_136,lp_0-6000,Siggy,Rudy,Rudy,false,1
Qwen/Qwen2.5-Omni-7B,test_136,lp_0-8000,Siggy,Rudy,Rudy,false,1
Qwen/Qwen2.5-Omni-7B,test_136,remove_0-1000,Siggy,Rudy,Rudy,false,1
Qwen/Qwen2.5-Omni-7B,test_136,remove_1000-2000,Siggy,Rudy,Rudy,false,1
Qwen/Qwen2.5-Omni-7B,test_136,remove_2000-4000,Siggy,Rudy,Rudy,false,1
Qwen/Qwen2.5-Omni-7B,test_136,remove_4000-6000,Siggy,Rudy,Rudy,false,1
Qwen/Qwen2.5-Omni-7B,test_136,remove_6000-8000,Siggy,Rudy,Rudy,false,1
Qwen/Qwen2.5-Omni-7B,test_141,lp_0-2000,Siggy,Rudy,Rudy,false,1
Qwen/Qwen2.5-Omni-7B,test_141,lp_0-4000,Siggy,Rudy,Rudy,false,1
Qwen/Qwen2.5-Omni-7B,test_141,lp_0-6000,Siggy,Rudy,Rudy,false,1
Qwen/Qwen2.5-Omni-7B,test_141,lp_0-8000,Siggy,Rudy,Rudy,false,1
Qwen/Qwen2.5-Omni-7B,test_141,remove_0-1000,Siggy,Rudy,Rudy,false,1
Qwen/Qwen2.5-Omni-7B,test_141,remove_1000-2000,Siggy,Rudy,Rudy,false,1
Qwen/Qwen2.5-Omni-7B,test_141,remove_2000-4000,Siggy,Rudy,Rudy,false,1
Qwen/Qwen2.5-Omni-7B,test_141,remove_4000-6000,Siggy,Rudy,Rudy,false,1
Qwen/Qwen2.5-Omni-7B,test_141,remove_6000-8000,Siggy,Rudy,Rudy,false,1
Qwen/Qwen2.5-Omni-7B,test_143,lp_0-2000,Siggy,Rudy,Rudy,false,1
Qwen/Qwen2.5-Omni-7B,test_143,lp_0-4000,Siggy,Rudy,Rudy,false,1
Qwen/Qwen2.5-Omni-7B,test_143,lp_0-6000,Siggy,Rudy,Rudy,false,1
Qwen/Qwen2.5-Omni-7B,test_143,lp_0-8000,Siggy,Rudy,Rudy,false,1
Qwen/Qwen2.5-Omni-7B,test_143,remove_0-1000,Siggy,Rudy,Rudy,false,1
Qwen/Qwen2.5-Omni-7B,test_143,remove_1000-2000,Siggy,Rudy,Rudy,false,1
Qwen/Qwen2.5-Omni-7B,test_143,remove_2000-4000,Siggy,Rudy,Rudy,false,1
Qwen/Qwen2.5-Omni-7B,test_143,remove_4000-6000,Siggy,Rudy,Rudy,false,1
Qwen/Qwen2.5-Omni-7B,test_143,remove_6000-8000,Siggy,Rudy,Rudy,false,1
Qwen/Qwen2.5-Omni-7B,test_147,lp_0-2000,Siggy,Rudy,Rudy,false,1
Qwen/Qwen2.5-Omni-7B,test_147,lp_0-4000,Siggy,Rudy,Rudy,false,1
Qwen/Qwen2.5-Omni-7B,test_147,lp_0-6000,Siggy,Rudy,Rudy,false,1
Qwen/Qwen2.5-Omni-7B,test_147,lp_0-8000,Siggy,Rudy,Rudy,false,1
Qwen/Qwen2.5-Omni-7B,test_147,remove_0-1000,Siggy,Rudy,Rudy,false,1
Qwen/Qwen2.5-Omni-7B,test_147,remove_1000-2000,Siggy,Rudy,Rudy,false,1
Qwen/Qwen2.5-Omni-7B,test_147,remove_2000-4000,Siggy,Rudy,Rudy,false,1
Qwen/Qwen2.5-Omni-7B,test_147,remove_4000-6000,Siggy,Rudy,Rudy,false,1
Qwen/Qwen2.5-Omni-7B,test_147,remove_6000-8000,Siggy,Rudy,Rudy,false,1
Qwen/Qwen2.5-Omni-7B,test_155,lp_0-2000,Siggy,Rudy,Rudy,false,1
Qwen/Qwen2.5-Omni-7B,test_155,lp_0-4000,Siggy,Rudy,Rudy,false,1
Qwen/Qwen2.5-Omni-7B,test_155,lp_0-6000,Siggy,Rudy,Rudy,false,1
Qwen/Qwen2.5-Omni-7B,test_155,lp_0-8000,Siggy,Rudy,Rudy,false,1
Qwen/Qwen2.5-Omni-7B,test_155,remove_0-1000,Siggy,Rudy,Rudy,false,1
Qwen/Qwen2.5-Omni-7B,test_155,remove_1000-2000,Siggy,Rudy,Rudy,false,1
Qwen/Qwen2.5-Omni-7B,test_155,remove_2000-4000,Siggy,Rudy,Rudy,false,1
Qwen/Qwen2.5-Omni-7B,test_155,remove_4000-6000,Siggy,Rudy,Rudy,false,1
Qwen/Qwen2.5-Omni-7B,test_155,remove_6000-8000,Siggy,Rudy,Rudy,false,1
Qwen/Qwen2.5-Omni-7B,test_170,lp_0-2000,Siggy,Rudy,Rudy,false,1
Qwen/Qwen2.5-Omni-7B,test_170,lp_0-4000,Siggy,Rudy,Rudy,false,1
Qwen/Qwen2.5-Omni-7B,test_170,lp_0-6000,Siggy,Rudy,Rudy,false,1
Qwen/Qwen2.5-Omni-7B,test_170,lp_0-8000,Siggy,Rudy,Rudy,false,1
Qwen/Qwen2.5-Omni-7B,test_170,remove_0-1000,Siggy,Rudy,Rudy,false,1
Qwen/Qwen2.5-Omni-7B,test_170,remove_1000-2000,Siggy,Rudy,Rudy,false,1
Qwen/Qwen2.5-Omni-7B,test_170,remove_2000-4000,Siggy,Rudy,Rudy,false,1
Qwen/Qwen2.5-Omni-7B,test_170,remove_4000-6000,Siggy,Rudy,Rudy,false,1
Qwen/Qwen2.5-Omni-7B,test_170,remove_6000-8000,Siggy,Rudy,Rudy,false,1
Qwen/Qwen2.5-Omni-7B,test_172,lp_0-2000,Siggy,Rudy,Rudy,false,1
Qwen/Qwen2.5-Omni-7B,test_172,lp_0-4000,Siggy,Rudy,Rudy,false,1
Qwen/Qwen2.5-Omni-7B,test_172,lp_0-6000,Siggy,Rudy,Rudy,false,1
Qwen/Qwen2.5-Omni-7B,test_172,lp_0-8000,Siggy,Rudy,Rudy,false,1
Qwen/Qwen2.5-Omni-7B,test_172,remove_0-1000,Siggy,Rudy,Rudy,false,1
Qwen/Qwen2.5-Omni-7B,test_172,remove_1000-2000,Siggy,Rudy,Rudy,false,1
Qwen/Qwen2.5-Omni-7B,test_172,remove_2000-4000,Siggy,Rudy,Rudy,false,1
Qwen/Qwen2.5-Omni-7B,test_172,remove_4000-6000,Siggy,Rudy,Rudy,false,1
Qwen/Qwen2.5-Omni-7B,test_172,remove_6000-8000,Siggy,Rudy,Rudy,false,1
Qwen/Qwen2.5-Omni-7B,test_181,lp_0-2000,Louie,Rudy,Rudy,false,1
Qwen/Qwen2.5-Omni-7B,test_181,lp_0-4000,Louie,Rudy,Rudy,false,1
Qwen/Qwen2.5-Omni-7B,test_181,lp_0-6000,Louie,Rudy,Rudy,false,1
Qwen/Qwen2.5-Omni-7B,test_181,lp_0-8000,Louie,Rudy,Rudy,false,1
Qwen/Qwen2.5-Omni-7B,test_181,remove_0-1000,Louie,Rudy,Rudy,false,1
Qwen/Qwen2.5-Omni-7B,test_181,remove_1000-2000,Louie,Rudy,Rudy,false,1
Qwen/Qwen2.5-Omni-7B,test_181,remove_2000-4000,Louie,Rudy,Rudy,false,1
Qwen/Qwen2.5-Omni-7B,test_181,remove_4000-6000,Louie,Rudy,Rudy,false,1
Qwen/Qwen2.5-Omni-7B,test_181,remove_6000-8000,Louie,Rudy,Rudy,false,1
Qwen/Qwen2.5-Omni-7B,test_182,lp_0-2000,Louie,Rudy,Rudy,false,1
Qwen/Qwen2.5-Omni-7B,test_182,lp_0-4000,Louie,Rudy,Rudy,false,1
Qwen/Qwen2.5-Omni-7B,test_182,lp_0-6000,Louie,Rudy,Rudy,false,1
Qwen/Qwen2.5-Omni-7B,test_182,lp_0-8000,Louie,Rudy,Rudy,false,1
Qwen/Qwen2.5-Omni-7B,test_182,remove_0-1000,Louie,Rudy,Rudy,false,1
Qwen/Qwen2.5-Omni-7B,test_182,remove_1000-2000,Louie,Rudy,Rudy,false,1
Qwen/Qwen2.5-Omni-7B,test_182,remove_2000-4000,Louie,Rudy,Rudy,false,1
Qwen/Qwen2.5-Omni-7B,test_182,remove_4000-6000,Louie,Rudy,Rudy,false,1
Qwen/Qwen2.5-Omni-7B,test_182,remove_6000-8000,Louie,Rudy,Rudy,false,1
Qwen/Qwen2.5-Omni-7B,test_184,lp_0-2000,Louie,Rudy,Rudy,false,1
Qwen/Qwen2.5-Omni-7B,test_184,lp_0-4000,Louie,Rudy,Rudy,false,1
Qwen/Qwen2.5-Omni-7B,test_184,lp_0-6000,Louie,Rudy,Rudy,false,1
Qwen/Qwen2.5-Omni-7B,test_184,lp_0-8000,Louie,Rudy,Rudy,false,1
Qwen/Qwen2.5-Omni-7B,test_184,remove_0-1000,Louie,Rudy,Rudy,false,1
Qwen/Qwen2.5-Omni-7B,test_184,remove_1000-2000,Louie,Rudy,Rudy,false,1
Qwen/Qwen2.5-Omni-7B,test_184,remove_2000-4000,Louie,Rudy,Rudy,false,1
Qwen/Qwen2.5-Omni-7B,test_184,remove_4000-6000,Louie,Rudy,Rudy,false,1
Qwen/Qwen2.5-Omni-7B,test_184,remove_6000-8000,Louie,Rudy,Rudy,false,1
Qwen/Qwen2.5-Omni-7B,test_188,lp_0-2000,Louie,Rudy,Rudy,false,1
Qwen/Qwen2.5-Omni-7B,test_188,lp_0-4000,Louie,Rudy,Rudy,false,1
Qwen/Qwen2.5-Omni-7B,test_188,lp_0-6000,Louie,Rudy,Rudy,false,1
Qwen/Qwen2.5-Omni-7B,test_188,lp_0-8000,Louie,Rudy,Rudy,false,1
Qwen/Qwen2.5-Omni-7B,test_188,remove_0-1000,Louie,Rudy,Rudy,false,1
Qwen/Qwen2.5-Omni-7B,test_188,remove_1000-2000,Louie,Rudy,Rudy,false,1
Qwen/Qwen2.5-Omni-7B,test_188,remove_2000-4000,Louie,Rudy,Rudy,false,1
Qwen/Qwen2.5-Omni-7B,test_188,remove_4000-6000,Louie,Rudy,Rudy,false,1
Qwen/Qwen2.5-Omni-7B,test_188,remove_6000-8000,Louie,Rudy,Rudy,false,1
Qwen/Qwen2.5-Omni-7B,test_190,lp_0-2000,Louie,Rudy,Rudy,false,1
Qwen/Qwen2.5-Omni-7B,test_190,lp_0-4000,Louie,Rudy,Rudy,false,1
Qwen/Qwen2.5-Omni-7B,test_190,lp_0-6000,Louie,Rudy,Rudy,false,1
Qwen/Qwen2.5-Omni-7B,test_190,lp_0-8000,Louie,Rudy,Rudy,false,1
Qwen/Qwen2.5-Omni-7B,test_190,remove_0-1000,Louie,Rudy,Rudy,false,1
Qwen/Qwen2.5-Omni-7B,test_190,remove_1000-2000,Louie,Rudy,Rudy,false,1
Qwen/Qwen2.5-Omni-7B,test_190,remove_2000-4000,Louie,Rudy,Rudy,false,1
Qwen/Qwen2.5-Omni-7B,test_190,remove_4000-6000,Louie,Rudy,Rudy,false,1
Qwen/Qwen2.5-Omni-7B,test_190,remove_6000-8000,Louie,Rudy,Rudy,false,1
Qwen/Qwen2.5-Omni-7B,test_209,lp_0-2000,Louie,Rudy,Rudy,false,1
Qwen/Qwen2.5-Omni-7B,test_209,lp_0-4000,Louie,Rudy,Rudy,false,1
Qwen/Qwen2.5-Omni-7B,test_209,lp_0-6000,Louie,Rudy,Rudy,false,1
Qwen/Qwen2.5-Omni-7B,test_209,lp_0-8000,Louie,Rudy,Rudy,false,1
Qwen/Qwen2.5-Omni-7B,test_209,remove_0-1000,Louie,Rudy,Rudy,false,1
Qwen/Qwen2.5-Omni-7B,test_209,remove_1000-2000,Louie,Rudy,Rudy,false,1
Qwen/Qwen2.5-Omni-7B,test_209,remove_2000-4000,Louie,Rudy,Rudy,false,1
Qwen/Qwen2.5-Omni-7B,test_209,remove_4000-6000,Louie,Rudy,Rudy,false,1
Qwen/Qwen2.5-Omni-7B,test_209,remove_6000-8000,Louie,Rudy,Rudy,false,1
Qwen/Qwen2.5-Omni-7B,test_210,lp_0-2000,Louie,Rudy,Rudy,false,1
Qwen/Qwen2.5-Omni-7B,test_210,lp_0-4000,Louie,Rudy,Rudy,false,1
Qwen/Qwen2.5-Omni-7B,test_210,lp_0-6000,Louie,Rudy,Rudy,false,1
Qwen/Qwen2.5-Omni-7B,test_210,lp_0-8000,Louie,Rudy,Rudy,false,1
Qwen/Qwen2.5-Omni-7B,test_210,remove_0-1000,Louie,Rudy,Rudy,false,1
Qwen/Qwen2.5-Omni-7B,test_210,remove_1000-2000,Louie,Rudy,Rudy,false,1
Qwen/Qwen2.5-Omni-7B,test_210,remove_2000-4000,Louie,Rudy,Rudy,false,1
Qwen/Qwen2.5-Omni-7B,test_210,remove_4000-6000,Louie,Rudy,Rudy,false,1
Qwen/Qwen2.5-Omni-7B,test_210,remove_6000-8000,Louie,Rudy,Rudy,false,1
Qwen/Qwen2.5-Omni-7B,test_213,lp_0-2000,Zoe,Rudy,Rudy,false,1
Qwen/Qwen2.5-Omni-7B,test_213,lp_0-4000,Zoe,Rudy,Rudy,false,1
Qwen/Qwen2.5-Omni-7B,test_213,lp_0-6000,Zoe,Rudy,Rudy,false,1
Qwen/Qwen2.5-Omni-7B,test_213,lp_0-8000,Zoe,Rudy,Rudy,false,1
Qwen/Qwen2.5-Omni-7B,test_213,remove_0-1000,Zoe,Rudy,Rudy,false,1
Qwen/Qwen2.5-Omni-7B,test_213,remove_1000-2000,Zoe,Rudy,Rudy,false,1
Qwen/Qwen2.5-Omni-7B,test_213,remove_2000-4000,Zoe,Rudy,Rudy,false,1
Qwen/Qwen2.5-Omni-7B,test_213,remove_4000-6000,Zoe,Rudy,Rudy,false,1
Qwen/Qwen2.5-Omni-7B,test_213,remove_6000-8000,Zoe,Rudy,Rudy,false,1
Qwen/Qwen2.5-Omni-7B,test_216,lp_0-2000,Zoe,Rudy,Rudy,false,1
Qwen/Qwen2.5-Omni-7B,test_216,lp_0-4000,Zoe,Rudy,Rudy,false,1
Qwen/Qwen2.5-Omni-7B,test_216,lp_0-6000,Zoe,Rudy,Rudy,false,1
Qwen/Qwen2.5-Omni-7B,test_216,lp_0-8000,Zoe,Rudy,Rudy,false,1
Qwen/Qwen2.5-Omni-7B,test_216,remove_0-1000,Zoe,Rudy,Rudy,false,1
Qwen/Qwen2.5-Omni-7B,test_216,remove_1000-2000,Zoe,Rudy,Rudy,false,1
Qwen/Qwen2.5-Omni-7B,test_216,remove_2000-4000,Zoe,Rudy,Rudy,false,1
Qwen/Qwen2.5-Omni-7B,test_216,remove_4000-6000,Zoe,Rudy,Rudy,false,1
Qwen/Qwen2.5-Omni-7B,test_216,remove_6000-8000,Zoe,Rudy,Rudy,false,1
Qwen/Qwen2.5-Omni-7B,test_220,lp_0-2000,Zoe,Rudy,Rudy,false,1
Qwen/Qwen2.5-Omni-7B,test_220,lp_0-4000,Zoe,Rudy,Rudy,false,1
Qwen/Qwen2.5-Omni-7B,test_220,lp_0-6000,Zoe,Rudy,Rudy,false,1
Qwen/Qwen2.5-Omni-7B,test_220,lp_0-8000,Zoe,Rudy,Rudy,false,1
Qwen/Qwen2.5-Omni-7B,test_220,remove_0-1000,Zoe,Rudy,Rudy,false,1
Qwen/Qwen2.5-Omni-7B,test_220,remove_1000-2000,Zoe,Rudy,Rudy,false,1
Qwen/Qwen2.5-Omni-7B,test_220,remove_2000-4000,Zoe,Rudy,Rudy,false,1
Qwen/Qwen2.5-Omni-7B,test_220,remove_4000-6000,Zoe,Rudy,Rudy,false,1
Qwen/Qwen2.5-Omni-7B,test_220,remove_6000-8000,Zoe,Rudy,Rudy,false,1
Qwen/Qwen2.5-Omni-7B,test_229,lp_0-2000,Zoe,Rudy,Rudy,false,1
Qwen/Qwen2.5-Omni-7B,test_229,lp_0-4000,Zoe,Rudy,Rudy,false,1
Qwen/Qwen2.5-Omni-7B,test_229,lp_0-6000,Zoe,Rudy,Rudy,false,1
Qwen/Qwen2.5-Omni-7B,test_229,lp_0-8000,Zoe,Rudy,Rudy,false,1
Qwen/Qwen2.5-Omni-7B,test_229,remove_0-1000,Zoe,Rudy,Rudy,false,1
Qwen/Qwen2.5-Omni-7B,test_229,remove_1000-2000,Zoe,Rudy,Rudy,false,1
Qwen/Qwen2.5-Omni-7B,test_229,remove_2000-4000,Zoe,Rudy,Rudy,false,1
Qwen/Qwen2.5-Omni-7B,test_229,remove_4000-6000,Zoe,Rudy,Rudy,false,1
Qwen/Qwen2.5-Omni-7B,test_229,remove_6000-8000,Zoe,Rudy,Rudy,false,1
Qwen/Qwen2.5-Omni-7B,test_230,lp_0-2000,Zoe,Rudy,Rudy,false,1
Qwen/Qwen2.5-Omni-7B,test_230,lp_0-4000,Zoe,Rudy,Rudy,false,1
Qwen/Qwen2.5-Omni-7B,test_230,lp_0-6000,Zoe,Rudy,Rudy,false,1
Qwen/Qwen2.5-Omni-7B,test_230,lp_0-8000,Zoe,Rudy,Rudy,false,1
Qwen/Qwen2.5-Omni-7B,test_230,remove_0-1000,Zoe,Rudy,Rudy,false,1
Qwen/Qwen2.5-Omni-7B,test_230,remove_1000-2000,Zoe,Rudy,Rudy,false,1
Qwen/Qwen2.5-Omni-7B,test_230,remove_2000-4000,Zoe,Rudy,Rudy,false,1
Qwen/Qwen2.5-Omni-7B,test_230,remove_4000-6000,Zoe,Rudy,Rudy,false,1
Qwen/Qwen2.5-Omni-7B,test_230,remove_6000-8000,Zoe,Rudy,Rudy,false,1
Qwen/Qwen2.5-Omni-7B,test_237,lp_0-2000,Zoe,Rudy,Rudy,false,1
Qwen/Qwen2.5-Omni-7B,test_237,lp_0-4000,Zoe,Rudy,Rudy,false,1
Qwen/Qwen2.5-Omni-7B,test_237,lp_0-6000,Zoe,Rudy,Rudy,false,1
Qwen/Qwen2.5-Omni-7B,test_237,lp_0-8000,Zoe,Rudy,Rudy,false,1
Qwen/Qwen2.5-Omni-7B,test_237,remove_0-1000,Zoe,Rudy,Rudy,false,1
Qwen/Qwen2.5-Omni-7B,test_237,remove_1000-2000,Zoe,Rudy,Rudy,false,1
Qwen/Qwen2.5-Omni-7B,test_237,remove_2000-4000,Zoe,Rudy,Rudy,false,1
Qwen/Qwen2.5-Omni-7B,test_237,remove_4000-6000,Zoe,Rudy,Rudy,false,1
Qwen/Qwen2.5-Omni-7B,test_237,remove_6000-8000,Zoe,Rudy,Rudy,false,1
Qwen/Qwen2.5-Omni-7B,test_238,lp_0-2000,Zoe,Rudy,Rudy,false,1
Qwen/Qwen2.5-Omni-7B,test_238,lp_0-4000,Zoe,Rudy,Rudy,false,1
Qwen/Qwen2.5-Omni-7B,test_238,lp_0-6000,Zoe,Rudy,Rudy,false,1
Qwen/Qwen2.5-Omni-7B,test_238,lp_0-8000,Zoe,Rudy,Rudy,false,1
Qwen/Qwen2.5-Omni-7B,test_238,remove_0-1000,Zoe,Rudy,Rudy,false,1
Qwen/Qwen2.5-Omni-7B,test_238,remove_1000-2000,Zoe,Rudy,Rudy,false,1
Qwen/Qwen2.5-Omni-7B,test_238,remove_2000-4000,Zoe,Rudy,Rudy,false,1
Qwen/Qwen2.5-Omni-7B,test_238,remove_4000-6000,Zoe,Rudy,Rudy,false,1
Qwen/Qwen2.5-Omni-7B,test_238,remove_6000-8000,Zoe,Rudy,Rudy,false,1
Qwen/Qwen2.5-Omni-7B,test_241,lp_0-2000,Zoe,Rudy,Rudy,false,1
Qwen/Qwen2.5-Omni-7B,test_241,lp_0-4000,Zoe,Rudy,Rudy,false,1
Qwen/Qwen2.5-Omni-7B,test_241,lp_0-6000,Zoe,Rudy,Rudy,false,1
Qwen/Qwen2.5-Omni-7B,test_241,lp_0-8000,Zoe,Rudy,Rudy,false,1
Qwen/Qwen2.5-Omni-7B,test_241,remove_0-1000,Zoe,Rudy,Rudy,false,1
Qwen/Qwen2.5-Omni-7B,test_241,remove_1000-2000,Zoe,Rudy,Rudy,false,1
Qwen/Qwen2.5-Omni-7B,test_241,remove_2000-4000,Zoe,Rudy,Rudy,false,1
Qwen/Qwen2.5-Omni-7B,test_241,remove_4000-6000,Zoe,Rudy,Rudy,false,1
Qwen/Qwen2.5-Omni-7B,test_241,remove_6000-8000,Zoe,Rudy,Rudy,false,1
Qwen/Qwen2.5-Omni-7B,test_246,lp_0-2000,Zoe,Rudy,Rudy,false,1
Qwen/Qwen2.5-Omni-7B,test_246,lp_0-4000,Zoe,Rudy,Rudy,false,1
Qwen/Qwen2.5-Omni-7B,test_246,lp_0-6000,Zoe,Rudy,Rudy,false,1
Qwen/Qwen2.5-Omni-7B,test_246,lp_0-8000,Zoe,Rudy,Rudy,false,1
Qwen/Qwen2.5-Omni-7B,test_246,remove_0-1000,Zoe,Rudy,Rudy,false,1
Qwen/Qwen2.5-Omni-7B,test_246,remove_1000-2000,Zoe,Rudy,Rudy,false,1
Qwen/Qwen2.5-Omni-7B,test_246,remove_2000-4000,Zoe,Rudy,Rudy,false,1
Qwen/Qwen2.5-Omni-7B,test_246,remove_4000-6000,Zoe,Rudy,Rudy,false,1
Qwen/Qwen2.5-Omni-7B,test_246,remove_6000-8000,Zoe,Rudy,Rudy,false,1
Qwen/Qwen2.5-Omni-7B,test_248,lp_0-2000,Zoe,Rudy,Rudy,false,1
Qwen/Qwen2.5-Omni-7B,test_248,lp_0-4000,Zoe,Rudy,Rudy,false,1
Qwen/Qwen2.5-Omni-7B,test_248,lp_0-6000,Zoe,Rudy,Rudy,false,1
Qwen/Qwen2.5-Omni-7B,test_248,lp_0-8000,Zoe,Rudy,Rudy,false,1
Qwen/Qwen2.5-Omni-7B,test_248,remove_0-1000,Zoe,Rudy,Rudy,false,1
Qwen/Qwen2.5-Omni-7B,test_248,remove_1000-2000,Zoe,Rudy,Rudy,false,1
Qwen/Qwen2.5-Omni-7B,test_248,remove_2000-4000,Zoe,Rudy,Rudy,false,1
Qwen/Qwen2.5-Omni-7B,test_248,remove_4000-6000,Zoe,Rudy,Rudy,false,1
Qwen/Qwen2.5-Omni-7B,test_248,remove_6000-8000,Zoe,Rudy,Rudy,false,1
Qwen/Qwen2.5-Omni-7B,test_255,lp_0-2000,Zoe,Rudy,Rudy,false,1
Qwen/Qwen2.5-Omni-7B,test_255,lp_0-4000,Zoe,Rudy,Rudy,false,1
Qwen/Qwen2.5-Omni-7B,test_255,lp_0-6000,Zoe,Rudy,Rudy,false,1
Qwen/Qwen2.5-Omni-7B,test_255,lp_0-8000,Zoe,Rudy,Rudy,false,1
Qwen/Qwen2.5-Omni-7B,test_255,remove_0-1000,Zoe,Rudy,Rudy,false,1
Qwen/Qwen2.5-Omni-7B,test_255,remove_1000-2000,Zoe,Rudy,Rudy,false,1
Qwen/Qwen2.5-Omni-7B,test_255,remove_2000-4000,Zoe,Rudy,Rudy,false,1
Qwen/Qwen2.5-Omni-7B,test_255,remove_4000-6000,Zoe,Rudy,Rudy,false,1
Qwen/Qwen2.5-Omni-7B,test_255,remove_6000-8000,Zoe,Rudy,Rudy,false,1
Qwen/Qwen2.5-Omni-7B,test_270,lp_0-2000,Zoe,Rudy,Rudy,false,1
Qwen/Qwen2.5-Omni-7B,test_270,lp_0-4000,Zoe,Rudy,Rudy,false,1
Qwen/Qwen2.5-Omni-7B,test_270,lp_0-6000,Zoe,Rudy,Rudy,false,1
Qwen/Qwen2.5-Omni-7B,test_270,lp_0-8000,Zoe,Rudy,Rudy,false,1
Qwen/Qwen2.5-Omni-7B,test_270,remove_0-1000,Zoe,Rudy,Rudy,false,1
Qwen/Qwen2.5-Omni-7B,test_270,remove_1000-2000,Zoe,Rudy,Rudy,false,1
Qwen/Qwen2.5-Omni-7B,test_270,remove_2000-4000,Zoe,Rudy,Rudy,false,1
Qwen/Qwen2.5-Omni-7B,test_270,remove_4000-6000,Zoe,Rudy,Rudy,false,1
Qwen/Qwen2.5-Omni-7B,test_270,remove_6000-8000,Zoe,Rudy,Rudy,false,1
Qwen/Qwen2.5-Omni-7B,test_272,lp_0-2000,Zoe,Rudy,Rudy,false,1
Qwen/Qwen2.5-Omni-7B,test_272,lp_0-4000,Zoe,Rudy,Rudy,false,1
Qwen/Qwen2.5-Omni-7B,test_272,lp_0-6000,Zoe,Rudy,Rudy,false,1
Qwen/Qwen2.5-Omni-7B,test_272,lp_0-8000,Zoe,Rudy,Rudy,false,1
Qwen/Qwen2.5-Omni-7B,test_272,remove_0-1000,Zoe,Rudy,Rudy,false,1
Qwen/Qwen2.5-Omni-7B,test_272,remove_1000-2000,Zoe,Rudy,Rudy,false,1
Qwen/Qwen2.5-Omni-7B,test_272,remove_2000-4000,Zoe,Rudy,Rudy,false,1
Qwen/Qwen2.5-Omni-7B,test_272,remove_4000-6000,Zoe,Rudy,Rudy,false,1
Qwen/Qwen2.5-Omni-7B,test_272,remove_6000-8000,Zoe,Rudy,Rudy,false,1
Qwen/Qwen2.5-Omni-7B,test_275,lp_0-2000,Zoe,Rudy,Rudy,false,1
Qwen/Qwen2.5-Omni-7B,test_275,lp_0-4000,Zoe,Rudy,Rudy,false,1
Qwen/Qwen2.5-Omni-7B,test_275,lp_0-6000,Zoe,Rudy,Rudy,false,1
Qwen/Qwen2.5-Omni-7B,test_275,lp_0-8000,Zoe,Rudy,Rudy,false,1
Qwen/Qwen2.5-Omni-7B,test_275,remove_0-1000,Zoe,Rudy,Rudy,false,1
Qwen/Qwen2.5-Omni-7B,test_275,remove_1000-2000,Zoe,Rudy,Rudy,false,1
Qwen/Qwen2.5-Omni-7B,test_275,remove_2000-4000,Zoe,Rudy,Rudy,false,1
Qwen/Qwen2.5-Omni-7B,test_275,remove_4000-6000,Zoe,Rudy,Rudy,false,1
Qwen/Qwen2.5-Omni-7B,test_275,remove_6000-8000,Zoe,Rudy,Rudy,false,1
Qwen/Qwen2.5-Omni-7B,test_284,lp_0-2000,Zoe,Rudy,Rudy,false,1
Qwen/Qwen2.5-Omni-7B,test_284,lp_0-4000,Zoe,Rudy,Rudy,false,1
Qwen/Qwen2.5-Omni-7B,test_284,lp_0-6000,Zoe,Rudy,Rudy,false,1
Qwen/Qwen2.5-Omni-7B,test_284,lp_0-8000,Zoe,Rudy,Rudy,false,1
Qwen/Qwen2.5-Omni-7B,test_284,remove_0-1000,Zoe,Rudy,Rudy,false,1
Qwen/Qwen2.5-Omni-7B,test_284,remove_1000-2000,Zoe,Rudy,Rudy,false,1
Qwen/Qwen2.5-Omni-7B,test_284,remove_2000-4000,Zoe,Rudy,Rudy,false,1
Qwen/Qwen2.5-Omni-7B,test_284,remove_4000-6000,Zoe,Rudy,Rudy,false,1
Qwen/Qwen2.5-Omni-7B,test_284,remove_6000-8000,Zoe,Rudy,Rudy,false,1
Qwen/Qwen2.5-Omni-7B,test_289,lp_0-2000,Roodie,Rudy,Rudy,false,1
Qwen/Qwen2.5-Omni-7B,test_289,lp_0-4000,Roodie,Rudy,Rudy,false,1
Qwen/Qwen2.5-Omni-7B,test_289,lp_0-6000,Roodie,Rudy,Rudy,false,1
Qwen/Qwen2.5-Omni-7B,test_289,lp_0-8000,Roodie,Rudy,Rudy,false,1
Qwen/Qwen2.5-Omni-7B,test_289,remove_0-1000,Roodie,Rudy,Rudy,false,1
Qwen/Qwen2.5-Omni-7B,test_289,remove_1000-2000,Roodie,Rudy,Rudy,false,1
Qwen/Qwen2.5-Omni-7B,test_289,remove_2000-4000,Roodie,Rudy,Rudy,false,1
Qwen/Qwen2.5-Omni-7B,test_289,remove_4000-6000,Roodie,Rudy,Rudy,false,1
Qwen/Qwen2.5-Omni-7B,test_289,remove_6000-8000,Roodie,Rudy,Rudy,false,1
Qwen/Qwen2.5-Omni-7B,test_290,lp_0-2000,Roodie,Rudy,Rudy,false,1
Qwen/Qwen2.5-Omni-7B,test_290,lp_0-4000,Roodie,Rudy,Rudy,false,1
Qwen/Qwen2.5-Omni-7B,test_290,lp_0-6000,Roodie,Rudy,Rudy,false,1
Qwen/Qwen2.5-Omni-7B,test_290,lp_0-8000,Roodie,Rudy,Rudy,false,1
Qwen/Qwen2.5-Omni-7B,test_290,remove_0-1000,Roodie,Rudy,Rudy,false,1
Qwen/Qwen2.5-Omni-7B,test_290,remove_1000-2000,Roodie,Rudy,Rudy,false,1
Qwen/Qwen2.5-Omni-7B,test_290,remove_2000-4000,Roodie,Rudy,Rudy,false,1
Qwen/Qwen2.5-Omni-7B,test_290,remove_4000-6000,Roodie,Rudy,Rudy,false,1
Qwen/Qwen2.5-Omni-7B,test_290,remove_6000-8000,Roodie,Rudy,Rudy,false,1
Qwen/Qwen2.5-Omni-7B,test_299,lp_0-2000,Roodie,Rudy,Rudy,false,1
Qwen/Qwen2.5-Omni-7B,test_299,lp_0-4000,Roodie,Rudy,Rudy,false,1
Qwen/Qwen2.5-Omni-7B,test_299,lp_0-6000,Roodie,Rudy,Rudy,false,1
Qwen/Qwen2.5-Omni-7B,test_299,lp_0-8000,Roodie,Rudy,Rudy,false,1
Qwen/Qwen2.5-Omni-7B,test_299,remove_0-1000,Roodie,Rudy,Rudy,false,1
Qwen/Qwen2.5-Omni-7B,test_299,remove_1000-2000,Roodie,Rudy,Rudy,false,1
Qwen/Qwen2.5-Omni-7B,test_299,remove_2000-4000,Roodie,Rudy,Rudy,false,1
Qwen/Qwen2.5-Omni-7B,test_299,remove_4000-6000,Roodie,Rudy,Rudy,false,1
Qwen/Qwen2.5-Omni-7B,test_299,remove_6000-8000,Roodie,Rudy,Rudy,false,1
Qwen/Qwen2.5-Omni-7B,test_300,lp_0-2000,Roodie,Rudy,Rudy,false,1
Qwen/Qwen2.5-Omni-7B,test_300,lp_0-4000,Roodie,Rudy,Rudy,false,1
Qwen/Qwen2.5-Omni-7B,test_300,lp_0-6000,Roodie,Rudy,Rudy,false,1
Qwen/Qwen2.5-Omni-7B,test_300,lp_0-8000,Roodie,Rudy,Rudy,false,1
Qwen/Qwen2.5-Omni-7B,test_300,remove_0-1000,Roodie,Rudy,Rudy,false,1
Qwen/Qwen2.5-Omni-7B,test_300,remove_1000-2000,Roodie,Rudy,Rudy,false,1
Qwen/Qwen2.5-Omni-7B,test_300,remove_2000-4000,Roodie,Rudy,Rudy,false,1
Qwen/Qwen2.5-Omni-7B,test_300,remove_4000-6000,Roodie,Rudy,Rudy,false,1
Qwen/Qwen2.5-Omni-7B,test_300,remove_6000-8000,Roodie,Rudy,Rudy,false,1
Qwen/Qwen2.5-Omni-7B,test_301,lp_0-2000,Roodie,Rudy,Rudy,false,1
Qwen/Qwen2.5-Omni-7B,test_301,lp_0-4000,Roodie,Rudy,Rudy,false,1
Qwen/Qwen2.5-Omni-7B,test_301,lp_0-6000,Roodie,Rudy,Rudy,false,1
Qwen/Qwen2.5-Omni-7B,test_301,lp_0-8000,Roodie,Rudy,Rudy,false,1
Qwen/Qwen2.5-Omni-7B,test_301,remove_0-1000,Roodie,Rudy,Rudy,false,1
Qwen/Qwen2.5-Omni-7B,test_301,remove_1000-2000,Roodie,Rudy,Rudy,false,1
Qwen/Qwen2.5-Omni-7B,test_301,remove_2000-4000,Roodie,Rudy,Rudy,false,1
Qwen/Qwen2.5-Omni-7B,test_301,remove_4000-6000,Roodie,Rudy,Rudy,false,1
Qwen/Qwen2.5-Omni-7B,test_301,remove_6000-8000,Roodie,Rudy,Rudy,false,1
Qwen/Qwen2.5-Omni-7B,test_304,lp_0-2000,Roodie,Rudy,Rudy,false,1
Qwen/Qwen2.5-Omni-7B,test_304,lp_0-4000,Roodie,Rudy,Rudy,false,1
Qwen/Qwen2.5-Omni-7B,test_304,lp_0-6000,Roodie,Rudy,Rudy,false,1
Qwen/Qwen2.5-Omni-7B,test_304,lp_0-8000,Roodie,Rudy,Rudy,false,1
Qwen/Qwen2.5-Omni-7B,test_304,remove_0-1000,Roodie,Rudy,Rudy,false,1
Qwen/Qwen2.5-Omni-7B,test_304,remove_1000-2000,Roodie,Rudy,Rudy,false,1
Qwen/Qwen2.5-Omni-7B,test_304,remove_2000-4000,Roodie,Rudy,Rudy,false,1
Qwen/Qwen2.5-Omni-7B,test_304,remove_4000-6000,Roodie,Rudy,Rudy,false,1
Qwen/Qwen2.5-Omni-7B,test_304,remove_6000-8000,Roodie,Rudy,Rudy,false,1
Qwen/Qwen2.5-Omni-7B,test_307,lp_0-2000,Roodie,Rudy,Rudy,false,1
Qwen/Qwen2.5-Omni-7B,test_307,lp_0-4000,Roodie,Rudy,Rudy,false,1
Qwen/Qwen2.5-Omni-7B,test_307,lp_0-6000,Roodie,Rudy,Rudy,false,1
Qwen/Qwen2.5-Omni-7B,test_307,lp_0-8000,Roodie,Rudy,Rudy,false,1
Qwen/Qwen2.5-Omni-7B,test_307,remove_0-1000,Roodie,Rudy,Rudy,false,1
Qwen/Qwen2.5-Omni-7B,test_307,remove_1000-2000,Roodie,Rudy,Rudy,false,1
Qwen/Qwen2.5-Omni-7B,test_307,remove_2000-4000,Roodie,Rudy,Rudy,false,1
Qwen/Qwen2.5-Omni-7B,test_307,remove_4000-6000,Roodie,Rudy,Rudy,false,1
Qwen/Qwen2.5-Omni-7B,test_307,remove_6000-8000,Roodie,Rudy,Rudy,false,1
Qwen/Qwen2.5-Omni-7B,test_314,lp_0-2000,Roodie,Rudy,Rudy,false,1
Qwen/Qwen2.5-Omni-7B,test_314,lp_0-4000,Roodie,Rudy,Rudy,false,1
Qwen/Qwen2.5-Omni-7B,test_314,lp_0-6000,Roodie,Rudy,Rudy,false,1
Qwen/Qwen2.5-Omni-7B,test_314,lp_0-8000,Roodie,Rudy,Rudy,false,1
Qwen/Qwen2.5-Omni-7B,test_314,remove_0-1000,Roodie,Rudy,Rudy,false,1
Qwen/Qwen2.5-Omni-7B,test_314,remove_1000-2000,Roodie,Rudy,Rudy,false,1
Qwen/Qwen2.5-Omni-7B,test_314,remove_2000-4000,Roodie,Rudy,Rudy,false,1
Qwen/Qwen2.5-Omni-7B,test_314,remove_4000-6000,Roodie,Rudy,Rudy,false,1
Qwen/Qwen2.5-Omni-7B,test_314,remove_6000-8000,Roodie,Rudy,Rudy,false,1
Qwen/Qwen2.5-Omni-7B,test_316,lp_0-2000,Roodie,Rudy,Rudy,false,1
Qwen/Qwen2.5-Omni-7B,test_316,lp_0-4000,Roodie,Rudy,Rudy,false,1
Qwen/Qwen2.5-Omni-7B,test_316,lp_0-6000,Roodie,Rudy,Rudy,false,1
Qwen/Qwen2.5-Omni-7B,test_316,lp_0-8000,Roodie,Rudy,Rudy,false,1
Qwen/Qwen2.5-Omni-7B,test_316,remove_0-1000,Roodie,Rudy,Rudy,false,1
Qwen/Qwen2.5-Omni-7B,test_316,remove_1000-2000,Roodie,Rudy,Rudy,false,1
Qwen/Qwen2.5-Omni-7B,test_316,remove_2000-4000,Roodie,Rudy,Rudy,false,1
Qwen/Qwen2.5-Omni-7B,test_316,remove_4000-6000,Roodie,Rudy,Rudy,false,1
Qwen/Qwen2.5-Omni-7B,test_316,remove_6000-8000,Roodie,Rudy,Rudy,false,1
Qwen/Qwen2.5-Omni-7B,test_320,lp_0-2000,Roodie,Rudy,Rudy,false,1
Qwen/Qwen2.5-Omni-7B,test_320,lp_0-4000,Roodie,Rudy,Rudy,false,1
Qwen/Qwen2.5-Omni-7B,test_320,lp_0-6000,Roodie,Rudy,Rudy,false,1
Qwen/Qwen2.5-Omni-7B,test_320,lp_0-8000,Roodie,Rudy,Rudy,false,1
Qwen/Qwen2.5-Omni-7B,test_320,remove_0-1000,Roodie,Rudy,Rudy,false,1
Qwen/Qwen2.5-Omni-7B,test_320,remove_1000-2000,Roodie,Rudy,Rudy,false,1
Qwen/Qwen2.5-Omni-7B,test_320,remove_2000-4000,Roodie,Rudy,Rudy,false,1
Qwen/Qwen2.5-Omni-7B,test_320,remove_4000-6000,Roodie,Rudy,Rudy,false,1
Qwen/Qwen2.5-Omni-7B,test_320,remove_6000-8000,Roodie,Rudy,Rudy,false,1
Qwen/Qwen2.5-Omni-7B,test_336,lp_0-2000,Roodie,Rudy,Rudy,false,1
Qwen/Qwen2.5-Omni-7B,test_336,lp_0-4000,Roodie,Rudy,Rudy,false,1
Qwen/Qwen2.5-Omni-7B,test_336,lp_0-6000,Roodie,Rudy,Rudy,false,1
Qwen/Qwen2.5-Omni-7B,test_336,lp_0-8000,Roodie,Rudy,Rudy,false,1
Qwen/Qwen2.5-Omni-7B,test_336,remove_0-1000,Roodie,Rudy,Rudy,false,1
Qwen/Qwen2.5-Omni-7B,test_336,remove_1000-2000,Roodie,Rudy,Rudy,false,1
Qwen/Qwen2.5-Omni-7B,test_336,remove_2000-4000,Roodie,Rudy,Rudy,false,1
Qwen/Qwen2.5-Omni-7B,test_336,remove_4000-6000,Roodie,Rudy,Rudy,false,1
Qwen/Qwen2.5-Omni-7B,test_336,remove_6000-8000,Roodie,Rudy,Rudy,false,1
Qwen/Qwen2.5-Omni-7B,test_337,lp_0-2000,Roodie,Rudy,Rudy,false,1
Qwen/Qwen2.5-Omni-7B,test_337,lp_0-4000,Roodie,Rudy,Rudy,false,1
Qwen/Qwen2.5-Omni-7B,test_337,lp_0-6000,Roodie,Rudy,Rudy,false,1
Qwen/Qwen2.5-Omni-7B,test_337,lp_0-8000,Roodie,Rudy,Rudy,false,1
Qwen/Qwen2.5-Omni-7B,test_337,remove_0-1000,Roodie,Rudy,Rudy,false,1
Qwen/Qwen2.5-Omni-7B,test_337,remove_1000-2000,Roodie,Rudy,Rudy,false,1
Qwen/Qwen2.5-Omni-7B,test_337,remove_2000-4000,Roodie,Rudy,Rudy,false,1
Qwen/Qwen2.5-Omni-7B,test_337,remove_4000-6000,Roodie,Rudy,Rudy,false,1
Qwen/Qwen2.5-Omni-7B,test_337,remove_6000-8000,Roodie,Rudy,Rudy,false,1
Qwen/Qwen2.5-Omni-7B,test_342,lp_0-2000,Roodie,Rudy,Rudy,false,1
Qwen/Qwen2.5-Omni-7B,test_342,lp_0-4000,Roodie,Rudy,Rudy,false,1
Qwen/Qwen2.5-Omni-7B,test_342,lp_0-6000,Roodie,Rudy,Rudy,false,1
Qwen/Qwen2.5-Omni-7B,test_342,lp_0-8000,Roodie,Rudy,Rudy,false,1
Qwen/Qwen2.5-Omni-7B,test_342,remove_0-1000,Roodie,Rudy,Rudy,false,1
Qwen/Qwen2.5-Omni-7B,test_342,remove_1000-2000,Roodie,Rudy,Rudy,false,1
Qwen/Qwen2.5-Omni-7B,test_342,remove_2000-4000,Roodie,Rudy,Rudy,false,1
Qwen/Qwen2.5-Omni-7B,test_342,remove_4000-6000,Roodie,Rudy,Rudy,false,1
Qwen/Qwen2.5-Omni-7B,test_342,remove_6000-8000,Roodie,Rudy,Rudy,false,1
Qwen/Qwen2.5-Omni-7B,test_344,lp_0-2000,Roodie,Rudy,Rudy,false,1
Qwen/Qwen2.5-Omni-7B,test_344,lp_0-4000,Roodie,Rudy,Rudy,false,1
Qwen/Qwen2.5-Omni-7B,test_344,lp_0-6000,Roodie,Rudy,Rudy,false,1
Qwen/Qwen2.5-Omni-7B,test_344,lp_0-8000,Roodie,Rudy,Rudy,false,1
Qwen/Qwen2.5-Omni-7B,test_344,remove_0-1000,Roodie,Rudy,Rudy,false,1
Qwen/Qwen2.5-Omni-7B,test_344,remove_1000-2000,Roodie,Rudy,Rudy,false,1
Qwen/Qwen2.5-Omni-7B,test_344,remove_2000-4000,Roodie,Rudy,Rudy,false,1
Qwen/Qwen2.5-Omni-7B,test_344,remove_4000-6000,Roodie,Rudy,Rudy,false,1
Qwen/Qwen2.5-Omni-7B,test_344,remove_6000-8000,Roodie,Rudy,Rudy,false,1
Qwen/Qwen2.5-Omni-7B,test_349,lp_0-2000,Roodie,Rudy,Rudy,false,1
Qwen/Qwen2.5-Omni-7B,test_349,lp_0-4000,Roodie,Rudy,Rudy,false,1
Qwen/Qwen2.5-Omni-7B,test_349,lp_0-6000,Roodie,Rudy,Rudy,false,1
Qwen/Qwen2.5-Omni-7B,test_349,lp_0-8000,Roodie,Rudy,Rudy,false,1
Qwen/Qwen2.5-Omni-7B,test_349,remove_0-1000,Roodie,Rudy,Rudy,false,1
Qwen/Qwen2.5-Omni-7B,test_349,remove_1000-2000,Roodie,Rudy,Rudy,false,1
Qwen/Qwen2.5-Omni-7B,test_349,remove_2000-4000,Roodie,Rudy,Rudy,false,1
Qwen/Qwen2.5-Omni-7B,test_349,remove_4000-6000,Roodie,Rudy,Rudy,false,1
Qwen/Qwen2.5-Omni-7B,test_349,remove_6000-8000,Roodie,Rudy,Rudy,false,1
Qwen/Qwen2.5-Omni-7B,test_350,lp_0-2000,Roodie,Rudy,Rudy,false,1
Qwen/Qwen2.5-Omni-7B,test_350,lp_0-4000,Roodie,Rudy,Rudy,false,1
Qwen/Qwen2.5-Omni-7B,test_350,lp_0-6000,Roodie,Rudy,Rudy,false,1
Qwen/Qwen2.5-Omni-7B,test_350,lp_0-8000,Roodie,Rudy,Rudy,false,1
Qwen/Qwen2.5-Omni-7B,test_350,remove_0-1000,Roodie,Rudy,Rudy,false,1
Qwen/Qwen2.5-Omni-7B,test_350,remove_1000-2000,Roodie,Rudy,Rudy,false,1
Qwen/Qwen2.5-Omni-7B,test_350,remove_2000-4000,Roodie,Rudy,Rudy,false,1
Qwen/Qwen2.5-Omni-7B,test_350,remove_4000-6000,Roodie,Rudy,Rudy,false,1
Qwen/Qwen2.5-Omni-7B,test_350,remove_6000-8000,Roodie,Rudy,Rudy,false,1
Qwen/Qwen2.5-Omni-7B,test_354,lp_0-2000,Roodie,Rudy,Rudy,false,1
Qwen/Qwen2.5-Omni-7B,test_354,lp_0-4000,Roodie,Rudy,Rudy,false,1
Qwen/Qwen2.5-Omni-7B,test_354,lp_0-6000,Roodie,Rudy,Rudy,false,1
Qwen/Qwen2.5-Omni-7B,test_354,lp_0-8000,Roodie,Rudy,Rudy,false,1
Qwen/Qwen2.5-Omni-7B,test_354,remove_0-1000,Roodie,Rudy,Rudy,false,1
Qwen/Qwen2.5-Omni-7B,test_354,remove_1000-2000,Roodie,Rudy,Rudy,false,1
Qwen/Qwen2.5-Omni-7B,test_354,remove_2000-4000,Roodie,Rudy,Rudy,false,1
Qwen/Qwen2.5-Omni-7B,test_354,remove_4000-6000,Roodie,Rudy,Rudy,false,1
Qwen/Qwen2.5-Omni-7B,test_354,remove_6000-8000,Roodie,Rudy,Rudy,false,1
Qwen/Qwen2.5-Omni-7B,test_370,lp_0-2000,Roodie,Rudy,Rudy,false,1
Qwen/Qwen2.5-Omni-7B,test_370,lp_0-4000,Roodie,Rudy,Rudy,false,1
Qwen/Qwen2.5-Omni-7B,test_370,lp_0-6000,Roodie,Rudy,Rudy,false,1
Qwen/Qwen2.5-Omni-7B,test_370,lp_0-8000,Roodie,Rudy,Rudy,false,1
Qwen/Qwen2.5-Omni-7B,test_370,remove_0-1000,Roodie,Rudy,Rudy,false,1
Qwen/Qwen2.5-Omni-7B,test_370,remove_1000-2000,Roodie,Rudy,Rudy,false,1
Qwen/Qwen2.5-Omni-7B,test_370,remove_2000-4000,Roodie,Rudy,Rudy,false,1
Qwen/Qwen2.5-Omni-7B,test_370,remove_4000-6000,Roodie,Rudy,Rudy,false,1
Qwen/Qwen2.5-Omni-7B,test_370,remove_6000-8000,Roodie,Rudy,Rudy,false,1
Qwen/Qwen2.5-Omni-7B,test_378,lp_0-2000,Roodie,Rudy,Rudy,false,1
Qwen/Qwen2.5-Omni-7B,test_378,lp_0-4000,Roodie,Rudy,Rudy,false,1
Qwen/Qwen2.5-Omni-7B,test_378,lp_0-6000,Roodie,Rudy,Rudy,false,1
Qwen/Qwen2.5-Omni-7B,test_378,lp_0-8000,Roodie,Rudy,Rudy,false,1
Qwen/Qwen2.5-Omni-7B,test_378,remove_0-1000,Roodie,Rudy,Rudy,false,1
Qwen/Qwen2.5-Omni-7B,test_378,remove_1000-2000,Roodie,Rudy,Rudy,false,1
Qwen/Qwen2.5-Omni-7B,test_378,remove_2000-4000,Roodie,Rudy,Rudy,false,1
Qwen/Qwen2.5-Omni-7B,test_378,remove_4000-6000,Roodie,Rudy,Rudy,false,1
Qwen/Qwen2.5-Omni-7B,test_378,remove_6000-8000,Roodie,Rudy,Rudy,false,1
Qwen/Qwen2.5-Omni-7B,test_381,lp_0-2000,Roodie,Rudy,Rudy,false,1
Qwen/Qwen2.5-Omni-7B,test_381,lp_0-4000,Roodie,Rudy,Rudy,false,1
Qwen/Qwen2.5-Omni-7B,test_381,lp_0-6000,Roodie,Rudy,Rudy,false,1
Qwen/Qwen2.5-Omni-7B,test_381,lp_0-8000,Roodie,Rudy,Rudy,false,1
Qwen/Qwen2.5-Omni-7B,test_381,remove_0-1000,Roodie,Rudy,Rudy,false,1
Qwen/Qwen2.5-Omni-7B,test_381,remove_1000-2000,Roodie,Rudy,Rudy,false,1
Qwen/Qwen2.5-Omni-7B,test_381,remove_2000-4000,Roodie,Rudy,Rudy,false,1
Qwen/Qwen2.5-Omni-7B,test_381,remove_4000-6000,Roodie,Rudy,Rudy,false,1
Qwen/Qwen2.5-Omni-7B,test_381,remove_6000-8000,Roodie,Rudy,Rudy,false,1
Qwen/Qwen2.5-Omni-7B,test_387,lp_0-2000,Roodie,Rudy,Rudy,false,1
Qwen/Qwen2.5-Omni-7B,test_387,lp_0-4000,Roodie,Rudy,Rudy,false,1
Qwen/Qwen2.5-Omni-7B,test_387,lp_0-6000,Roodie,Rudy,Rudy,false,1
Qwen/Qwen2.5-Omni-7B,test_387,lp_0-8000,Roodie,Rudy,Rudy,false,1
Qwen/Qwen2.5-Omni-7B,test_387,remove_0-1000,Roodie,Rudy,Rudy,false,1
Qwen/Qwen2.5-Omni-7B,test_387,remove_1000-2000,Roodie,Rudy,Rudy,false,1
Qwen/Qwen2.5-Omni-7B,test_387,remove_2000-4000,Roodie,Rudy,Rudy,false,1
Qwen/Qwen2.5-Omni-7B,test_387,remove_4000-6000,Roodie,Rudy,Rudy,false,1
Qwen/Qwen2.5-Omni-7B,test_387,remove_6000-8000,Roodie,Rudy,Rudy,false,1
Qwen/Qwen2.5-Omni-7B,test_392,lp_0-2000,Roodie,Rudy,Rudy,false,1
Qwen/Qwen2.5-Omni-7B,test_392,lp_0-4000,Roodie,Rudy,Rudy,false,1
Qwen/Qwen2.5-Omni-7B,test_392,lp_0-6000,Roodie,Rudy,Rudy,false,1
Qwen/Qwen2.5-Omni-7B,test_392,lp_0-8000,Roodie,Rudy,Rudy,false,1
Qwen/Qwen2.5-Omni-7B,test_392,remove_0-1000,Roodie,Rudy,Rudy,false,1
Qwen/Qwen2.5-Omni-7B,test_392,remove_1000-2000,Roodie,Rudy,Rudy,false,1
Qwen/Qwen2.5-Omni-7B,test_392,remove_2000-4000,Roodie,Rudy,Rudy,false,1
Qwen/Qwen2.5-Omni-7B,test_392,remove_4000-6000,Roodie,Rudy,Rudy,false,1
Qwen/Qwen2.5-Omni-7B,test_392,remove_6000-8000,Roodie,Rudy,Rudy,false,1
Qwen/Qwen2.5-Omni-7B,test_401,lp_0-2000,Roodie,Rudy,Rudy,false,1
Qwen/Qwen2.5-Omni-7B,test_401,lp_0-4000,Roodie,Rudy,Rudy,false,1
Qwen/Qwen2.5-Omni-7B,test_401,lp_0-6000,Roodie,Rudy,Rudy,false,1
Qwen/Qwen2.5-Omni-7B,test_401,lp_0-8000,Roodie,Rudy,Rudy,false,1
Qwen/Qwen2.5-Omni-7B,test_401,remove_0-1000,Roodie,Rudy,Rudy,false,1
Qwen/Qwen2.5-Omni-7B,test_401,remove_1000-2000,Roodie,Rudy,Rudy,false,1
Qwen/Qwen2.5-Omni-7B,test_401,remove_2000-4000,Roodie,Rudy,Rudy,false,1
Qwen/Qwen2.5-Omni-7B,test_401,remove_4000-6000,Roodie,Rudy,Rudy,false,1
Qwen/Qwen2.5-Omni-7B,test_401,remove_6000-8000,Roodie,Rudy,Rudy,false,1
Qwen/Qwen2.5-Omni-7B,test_410,lp_0-2000,Roodie,Rudy,Rudy,false,1
Qwen/Qwen2.5-Omni-7B,test_410,lp_0-4000,Roodie,Rudy,Rudy,false,1
Qwen/Qwen2.5-Omni-7B,test_410,lp_0-6000,Roodie,Rudy,Rudy,false,1
Qwen/Qwen2.5-Omni-7B,test_410,lp_0-8000,Roodie,Rudy,Rudy,false,1
Qwen/Qwen2.5-Omni-7B,test_410,remove_0-1000,Roodie,Rudy,Rudy,false,1
Qwen/Qwen2.5-Omni-7B,test_410,remove_1000-2000,Roodie,Rudy,Rudy,false,1
Qwen/Qwen2.5-Omni-7B,test_410,remove_2000-4000,Roodie,Rudy,Rudy,false,1
Qwen/Qwen2.5-Omni-7B,test_410,remove_4000-6000,Roodie,Rudy,Rudy,false,1
Qwen/Qwen2.5-Omni-7B,test_410,remove_6000-8000,Roodie,Rudy,Rudy,false,1
Qwen/Qwen2.5-Omni-7B,test_417,lp_0-2000,Roodie,Rudy,Rudy,false,1
Qwen/Qwen2.5-Omni-7B,test_417,lp_0-4000,Roodie,Rudy,Rudy,false,1
Qwen/Qwen2.5-Omni-7B,test_417,lp_0-6000,Roodie,Rudy,Rudy,false,1
Qwen/Qwen2.5-Omni-7B,test_417,lp_0-8000,Roodie,Rudy,Rudy,false,1
Qwen/Qwen2.5-Omni-7B,test_417,remove_0-1000,Roodie,Rudy,Rudy,false,1
Qwen/Qwen2.5-Omni-7B,test_417,remove_1000-2000,Roodie,Rudy,Rudy,false,1
Qwen/Qwen2.5-Omni-7B,test_417,remove_2000-4000,Roodie,Rudy,Rudy,false,1
Qwen/Qwen2.5-Omni-7B,test_417,remove_4000-6000,Roodie,Rudy,Rudy,false,1
Qwen/Qwen2.5-Omni-7B,test_417,remove_6000-8000,Roodie,Rudy,Rudy,false,1
Qwen/Qwen2.5-Omni-7B,test_419,lp_0-2000,Roodie,Rudy,Rudy,false,1
Qwen/Qwen2.5-Omni-7B,test_419,lp_0-4000,Roodie,Rudy,Rudy,false,1
Qwen/Qwen2.5-Omni-7B,test_419,lp_0-6000,Roodie,Rudy,Rudy,false,1
Qwen/Qwen2.5-Omni-7B,test_419,lp_0-8000,Roodie,Rudy,Rudy,false,1
Qwen/Qwen2.5-Omni-7B,test_419,remove_0-1000,Roodie,Rudy,Rudy,false,1
Qwen/Qwen2.5-Omni-7B,test_419,remove_1000-2000,Roodie,Rudy,Rudy,false,1
Qwen/Qwen2.5-Omni-7B,test_419,remove_2000-4000,Roodie,Rudy,Rudy,false,1
Qwen/Qwen2.5-Omni-7B,test_419,remove_4000-6000,Roodie,Rudy,Rudy,false,1
Qwen/Qwen2.5-Omni-7B,test_419,remove_6000-8000,Roodie,Rudy,Rudy,false,1
Qwen/Qwen2.5-Omni-7B,test_420,lp_0-2000,Roodie,Rudy,Rudy,false,1
Qwen/Qwen2.5-Omni-7B,test_420,lp_0-4000,Roodie,Rudy,Rudy,false,1
Qwen/Qwen2.5-Omni-7B,test_420,lp_0-6000,Roodie,Rudy,Rudy,false,1
Qwen/Qwen2.5-Omni-7B,test_420,lp_0-8000,Roodie,Rudy,Rudy,false,1
Qwen/Qwen2.5-Omni-7B,test_420,remove_0-1000,Roodie,Rudy,Rudy,false,1
Qwen/Qwen2.5-Omni-7B,test_420,remove_1000-2000,Roodie,Rudy,Rudy,false,1
Qwen/Qwen2.5-Omni-7B,test_420,remove_2000-4000,Roodie,Rudy,Rudy,false,1
Qwen/Qwen2.5-Omni-7B,test_420,remove_4000-6000,Roodie,Rudy,Rudy,false,1
Qwen/Qwen2.5-Omni-7B,test_420,remove_6000-8000,Roodie,Rudy,Rudy,false,1
Qwen/Qwen2.5-Omni-7B,test_427,lp_0-2000,Roodie,Rudy,Rudy,false,1
Qwen/Qwen2.5-Omni-7B,test_427,lp_0-4000,Roodie,Rudy,Rudy,false,1
Qwen/Qwen2.5-Omni-7B,test_427,lp_0-6000,Roodie,Rudy,Rudy,false,1
Qwen/Qwen2.5-Omni-7B,test_427,lp_0-8000,Roodie,Rudy,Rudy,false,1
Qwen/Qwen2.5-Omni-7B,test_427,remove_0-1000,Roodie,Rudy,Rudy,false,1
Qwen/Qwen2.5-Omni-7B,test_427,remove_1000-2000,Roodie,Rudy,Rudy,false,1
Qwen/Qwen2.5-Omni-7B,test_427,remove_2000-4000,Roodie,Rudy,Rudy,false,1
Qwen/Qwen2.5-Omni-7B,test_427,remove_4000-6000,Roodie,Rudy,Rudy,false,1
Qwen/Qwen2.5-Omni-7B,test_427,remove_6000-8000,Roodie,Rudy,Rudy,false,1
Qwen/Qwen2.5-Omni-7B,test_428,lp_0-2000,Roodie,Rudy,Rudy,false,1
Qwen/Qwen2.5-Omni-7B,test_428,lp_0-4000,Roodie,Rudy,Rudy,false,1
Qwen/Qwen2.5-Omni-7B,test_428,lp_0-6000,Roodie,Rudy,Rudy,false,1
Qwen/Qwen2.5-Omni-7B,test_428,lp_0-8000,Roodie,Rudy,Rudy,false,1
Qwen/Qwen2.5-Omni-7B,test_428,remove_0-1000,Roodie,Rudy,Rudy,false,1
Qwen/Qwen2.5-Omni-7B,test_428,remove_1000-2000,Roodie,Rudy,Rudy,false,1
Qwen/Qwen2.5-Omni-7B,test_428,remove_2000-4000,Roodie,Rudy,Rudy,false,1
Qwen/Qwen2.5-Omni-7B,test_428,remove_4000-6000,Roodie,Rudy,Rudy,false,1
Qwen/Qwen2.5-Omni-7B,test_428,remove_6000-8000,Roodie,Rudy,Rudy,false,1
Qwen/Qwen2.5-Omni-7B,test_431,lp_0-2000,Roodie,Rudy,Rudy,false,1
Qwen/Qwen2.5-Omni-7B,test_431,lp_0-4000,Roodie,Rudy,Rudy,false,1
Qwen/Qwen2.5-Omni-7B,test_431,lp_0-6000,Roodie,Rudy,Rudy,false,1
Qwen/Qwen2.5-Omni-7B,test_431,lp_0-8000,Roodie,Rudy,Rudy,false,1
Qwen/Qwen2.5-Omni-7B,test_431,remove_0-1000,Roodie,Rudy,Rudy,false,1
Qwen/Qwen2.5-Omni-7B,test_431,remove_1000-2000,Roodie,Rudy,Rudy,false,1
Qwen/Qwen2.5-Omni-7B,test_431,remove_2000-4000,Roodie,Rudy,Rudy,false,1
Qwen/Qwen2.5-Omni-7B,test_431,remove_4000-6000,Roodie,Rudy,Rudy,false,1
Qwen/Qwen2.5-Omni-7B,test_431,remove_6000-8000,Roodie,Rudy,Rudy,false,1
Qwen/Qwen2.5-Omni-7B,test_444,lp_0-2000,Farley,Rudy,Rudy,false,1
Qwen/Qwen2.5-Omni-7B,test_444,lp_0-4000,Farley,Rudy,Rudy,false,1
Qwen/Qwen2.5-Omni-7B,test_444,lp_0-6000,Farley,Rudy,Rudy,false,1
Qwen/Qwen2.5-Omni-7B,test_444,lp_0-8000,Farley,Rudy,Rudy,false,1
Qwen/Qwen2.5-Omni-7B,test_444,remove_0-1000,Farley,Rudy,Rudy,false,1
Qwen/Qwen2.5-Omni-7B,test_444,remove_1000-2000,Farley,Rudy,Rudy,false,1
Qwen/Qwen2.5-Omni-7B,test_444,remove_2000-4000,Farley,Rudy,Rudy,false,1
Qwen/Qwen2.5-Omni-7B,test_444,remove_4000-6000,Farley,Rudy,Rudy,false,1
Qwen/Qwen2.5-Omni-7B,test_444,remove_6000-8000,Farley,Rudy,Rudy,false,1
Qwen/Qwen2.5-Omni-7B,test_447,lp_0-2000,Farley,Rudy,Rudy,false,1
Qwen/Qwen2.5-Omni-7B,test_447,lp_0-4000,Farley,Rudy,Rudy,false,1
Qwen/Qwen2.5-Omni-7B,test_447,lp_0-6000,Farley,Rudy,Rudy,false,1
Qwen/Qwen2.5-Omni-7B,test_447,lp_0-8000,Farley,Rudy,Rudy,false,1
Qwen/Qwen2.5-Omni-7B,test_447,remove_0-1000,Farley,Rudy,Rudy,false,1
Qwen/Qwen2.5-Omni-7B,test_447,remove_1000-2000,Farley,Rudy,Rudy,false,1
Qwen/Qwen2.5-Omni-7B,test_447,remove_2000-4000,Farley,Rudy,Rudy,false,1
Qwen/Qwen2.5-Omni-7B,test_447,remove_4000-6000,Farley,Rudy,Rudy,false,1
Qwen/Qwen2.5-Omni-7B,test_447,remove_6000-8000,Farley,Rudy,Rudy,false,1
Qwen/Qwen2.5-Omni-7B,test_451,lp_0-2000,Farley,Rudy,Rudy,false,1
Qwen/Qwen2.5-Omni-7B,test_451,lp_0-4000,Farley,Rudy,Rudy,false,1
Qwen/Qwen2.5-Omni-7B,test_451,lp_0-6000,Farley,Rudy,Rudy,false,1
Qwen/Qwen2.5-Omni-7B,test_451,lp_0-8000,Farley,Rudy,Rudy,false,1
Qwen/Qwen2.5-Omni-7B,test_451,remove_0-1000,Farley,Rudy,Rudy,false,1
Qwen/Qwen2.5-Omni-7B,test_451,remove_1000-2000,Farley,Rudy,Rudy,false,1
Qwen/Qwen2.5-Omni-7B,test_451,remove_2000-4000,Farley,Rudy,Rudy,false,1
Qwen/Qwen2.5-Omni-7B,test_451,remove_4000-6000,Farley,Rudy,Rudy,false,1
Qwen/Qwen2.5-Omni-7B,test_451,remove_6000-8000,Farley,Rudy,Rudy,false,1
Qwen/Qwen2.5-Omni-7B,test_455,lp_0-2000,Farley,Rudy,Rudy,false,1
Qwen/Qwen2.5-Omni-7B,test_455,lp_0-4000,Farley,Rudy,Rudy,false,1
Qwen/Qwen2.5-Omni-7B,test_455,lp_0-6000,Farley,Rudy,Rudy,false,1
Qwen/Qwen2.5-Omni-7B,test_455,lp_0-8000,Farley,Rudy,Rudy,false,1
Qwen/Qwen2.5-Omni-7B,test_455,remove_0-1000,Farley,Rudy,Rudy,false,1
Qwen/Qwen2.5-Omni-7B,test_455,remove_1000-2000,Farley,Rudy,Rudy,false,1
Qwen/Qwen2.5-Omni-7B,test_455,remove_2000-4000,Farley,Rudy,Rudy,false,1
Qwen/Qwen2.5-Omni-7B,test_455,remove_4000-6000,Farley,Rudy,Rudy,false,1
Qwen/Qwen2.5-Omni-7B,test_455,remove_6000-8000,Farley,Rudy,Rudy,false,1
Qwen/Qwen2.5-Omni-7B,test_475,lp_0-2000,Farley,Rudy,Rudy,false,1
Qwen/Qwen2.5-Omni-7B,test_475,lp_0-4000,Farley,Rudy,Rudy,false,1
Qwen/Qwen2.5-Omni-7B,test_475,lp_0-6000,Farley,Rudy,Rudy,false,1
Qwen/Qwen2.5-Omni-7B,test_475,lp_0-8000,Farley,Rudy,Rudy,false,1
Qwen/Qwen2.5-Omni-7B,test_475,remove_0-1000,Farley,Rudy,Rudy,false,1
Qwen/Qwen2.5-Omni-7B,test_475,remove_1000-2000,Farley,Rudy,Rudy,false,1
Qwen/Qwen2.5-Omni-7B,test_475,remove_2000-4000,Farley,Rudy,Rudy,false,1
Qwen/Qwen2.5-Omni-7B,test_475,remove_4000-6000,Farley,Rudy,Rudy,false,1
Qwen/Qwen2.5-Omni-7B,test_475,remove_6000-8000,Farley,Rudy,Rudy,false,1
Qwen/Qwen2.5-Omni-7B,test_476,lp_0-2000,Farley,Rudy,Rudy,false,1
Qwen/Qwen2.5-Omni-7B,test_476,lp_0-4000,Farley,Rudy,Rudy,false,1
Qwen/Qwen2.5-Omni-7B,test_476,lp_0-6000,Farley,Rudy,Rudy,false,1
Qwen/Qwen2.5-Omni-7B,test_476,lp_0-8000,Farley,Rudy,Rudy,false,1
Qwen/Qwen2.5-Omni-7B,test_476,remove_0-1000,Farley,Rudy,Rudy,false,1
Qwen/Qwen2.5-Omni-7B,test_476,remove_1000-2000,Farley,Rudy,Rudy,false,1
Qwen/Qwen2.5-Omni-7B,test_476,remove_2000-4000,Farley,Rudy,Rudy,false,1
Qwen/Qwen2.5-Omni-7B,test_476,remove_4000-6000,Farley,Rudy,Rudy,false,1
Qwen/Qwen2.5-Omni-7B,test_476,remove_6000-8000,Farley,Rudy,Rudy,false,1
Qwen/Qwen2.5-Omni-7B,test_477,lp_0-2000,Farley,Rudy,Rudy,false,1
Qwen/Qwen2.5-Omni-7B,test_477,lp_0-4000,Farley,Rudy,Rudy,false,1
Qwen/Qwen2.5-Omni-7B,test_477,lp_0-6000,Farley,Rudy,Rudy,false,1
Qwen/Qwen2.5-Omni-7B,test_477,lp_0-8000,Farley,Rudy,Rudy,false,1
Qwen/Qwen2.5-Omni-7B,test_477,remove_0-1000,Farley,Rudy,Rudy,false,1
Qwen/Qwen2.5-Omni-7B,test_477,remove_1000-2000,Farley,Rudy,Rudy,false,1
Qwen/Qwen2.5-Omni-7B,test_477,remove_2000-4000,Farley,Rudy,Rudy,false,1
Qwen/Qwen2.5-Omni-7B,test_477,remove_4000-6000,Farley,Rudy,Rudy,false,1
Qwen/Qwen2.5-Omni-7B,test_477,remove_6000-8000,Farley,Rudy,Rudy,false,1
Qwen/Qwen2.5-Omni-7B,test_482,lp_0-2000,Farley,Rudy,Rudy,false,1
Qwen/Qwen2.5-Omni-7B,test_482,lp_0-4000,Farley,Rudy,Rudy,false,1
Qwen/Qwen2.5-Omni-7B,test_482,lp_0-6000,Farley,Rudy,Rudy,false,1
Qwen/Qwen2.5-Omni-7B,test_482,lp_0-8000,Farley,Rudy,Rudy,false,1
Qwen/Qwen2.5-Omni-7B,test_482,remove_0-1000,Farley,Rudy,Rudy,false,1
Qwen/Qwen2.5-Omni-7B,test_482,remove_1000-2000,Farley,Rudy,Rudy,false,1
Qwen/Qwen2.5-Omni-7B,test_482,remove_2000-4000,Farley,Rudy,Rudy,false,1
Qwen/Qwen2.5-Omni-7B,test_482,remove_4000-6000,Farley,Rudy,Rudy,false,1
Qwen/Qwen2.5-Omni-7B,test_482,remove_6000-8000,Farley,Rudy,Rudy,false,1
Qwen/Qwen2.5-Omni-7B,test_485,lp_0-2000,Farley,Rudy,Rudy,false,1
Qwen/Qwen2.5-Omni-7B,test_485,lp_0-4000,Farley,Rudy,Rudy,false,1
Qwen/Qwen2.5-Omni-7B,test_485,lp_0-6000,Farley,Rudy,Rudy,false,1
Qwen/Qwen2.5-Omni-7B,test_485,lp_0-8000,Farley,Rudy,Rudy,false,1
Qwen/Qwen2.5-Omni-7B,test_485,remove_0-1000,Farley,Rudy,Rudy,false,1
Qwen/Qwen2.5-Omni-7B,test_485,remove_1000-2000,Farley,Rudy,Rudy,false,1
Qwen/Qwen2.5-Omni-7B,test_485,remove_2000-4000,Farley,Rudy,Rudy,false,1
Qwen/Qwen2.5-Omni-7B,test_485,remove_4000-6000,Farley,Rudy,Rudy,false,1
Qwen/Qwen2.5-Omni-7B,test_485,remove_6000-8000,Farley,Rudy,Rudy,false,1
Qwen/Qwen2.5-Omni-7B,test_488,lp_0-2000,Farley,Rudy,Rudy,false,1
Qwen/Qwen2.5-Omni-7B,test_488,lp_0-4000,Farley,Rudy,Rudy,false,1
Qwen/Qwen2.5-Omni-7B,test_488,lp_0-6000,Farley,Rudy,Rudy,false,1
Qwen/Qwen2.5-Omni-7B,test_488,lp_0-8000,Farley,Rudy,Rudy,false,1
Qwen/Qwen2.5-Omni-7B,test_488,remove_0-1000,Farley,Rudy,Rudy,false,1
Qwen/Qwen2.5-Omni-7B,test_488,remove_1000-2000,Farley,Rudy,Rudy,false,1
Qwen/Qwen2.5-Omni-7B,test_488,remove_2000-4000,Farley,Rudy,Rudy,false,1
Qwen/Qwen2.5-Omni-7B,test_488,remove_4000-6000,Farley,Rudy,Rudy,false,1
Qwen/Qwen2.5-Omni-7B,test_488,remove_6000-8000,Farley,Rudy,Rudy,false,1
Qwen/Qwen2.5-Omni-7B,test_489,lp_0-2000,Keri,Rudy,Rudy,false,1
Qwen/Qwen2.5-Omni-7B,test_489,lp_0-4000,Keri,Rudy,Rudy,false,1
Qwen/Qwen2.5-Omni-7B,test_489,lp_0-6000,Keri,Rudy,Rudy,false,1
Qwen/Qwen2.5-Omni-7B,test_489,lp_0-8000,Keri,Rudy,Rudy,false,1
Qwen/Qwen2.5-Omni-7B,test_489,remove_0-1000,Keri,Rudy,Rudy,false,1
Qwen/Qwen2.5-Omni-7B,test_489,remove_1000-2000,Keri,Rudy,Rudy,false,1
Qwen/Qwen2.5-Omni-7B,test_489,remove_2000-4000,Keri,Rudy,Rudy,false,1
Qwen/Qwen2.5-Omni-7B,test_489,remove_4000-6000,Keri,Rudy,Rudy,false,1
Qwen/Qwen2.5-Omni-7B,test_489,remove_6000-8000,Keri,Rudy,Rudy,false,1
Qwen/Qwen2.5-Omni-7B,test_493,lp_0-2000,Keri,Rudy,Rudy,false,1
Qwen/Qwen2.5-Omni-7B,test_493,lp_0-4000,Keri,Rudy,Rudy,false,1
Qwen/Qwen2.5-Omni-7B,test_493,lp_0-6000,Keri,Rudy,Rudy,false,1
Qwen/Qwen2.5-Omni-7B,test_493,lp_0-8000,Keri,Rudy,Rudy,false,1
Qwen/Qwen2.5-Omni-7B,test_493,remove_0-1000,Keri,Rudy,Rudy,false,1
Qwen/Qwen2.5-Omni-7B,test_493,remove_1000-2000,Keri,Rudy,Rudy,false,1
Qwen/Qwen2.5-Omni-7B,test_493,remove_2000-4000,Keri,Rudy,Rudy,false,1
Qwen/Qwen2.5-Omni-7B,test_493,remove_4000-6000,Keri,Rudy,Rudy,false,1
Qwen/Qwen2.5-Omni-7B,test_493,remove_6000-8000,Keri,Rudy,Rudy,false,1
Qwen/Qwen2.5-Omni-7B,test_497,lp_0-2000,Keri,Rudy,Rudy,false,1
Qwen/Qwen2.5-Omni-7B,test_497,lp_0-4000,Keri,Rudy,Rudy,false,1
Qwen/Qwen2.5-Omni-7B,test_497,lp_0-6000,Keri,Rudy,Rudy,false,1
Qwen/Qwen2.5-Omni-7B,test_497,lp_0-8000,Keri,Rudy,Rudy,false,1
Qwen/Qwen2.5-Omni-7B,test_497,remove_0-1000,Keri,Rudy,Rudy,false,1
Qwen/Qwen2.5-Omni-7B,test_497,remove_1000-2000,Keri,Rudy,Rudy,false,1
Qwen/Qwen2.5-Omni-7B,test_497,remove_2000-4000,Keri,Rudy,Rudy,false,1
Qwen/Qwen2.5-Omni-7B,test_497,remove_4000-6000,Keri,Rudy,Rudy,false,1
Qwen/Qwen2.5-Omni-7B,test_497,remove_6000-8000,Keri,Rudy,Rudy,false,1
Qwen/Qwen2.5-Omni-7B,test_500,lp_0-2000,Keri,Rudy,Rudy,false,1
Qwen/Qwen2.5-Omni-7B,test_500,lp_0-4000,Keri,Rudy,Rudy,false,1
Qwen/Qwen2.5-Omni-7B,test_500,lp_0-6000,Keri,Rudy,Rudy,false,1
Qwen/Qwen2.5-Omni-7B,test_500,lp_0-8000,Keri,Rudy,Rudy,false,1
Qwen/Qwen2.5-Omni-7B,test_500,remove_0-1000,Keri,Rudy,Rudy,false,1
Qwen/Qwen2.5-Omni-7B,test_500,remove_1000-2000,Keri,Rudy,Rudy,false,1
Qwen/Qwen2.5-Omni-7B,test_500,remove_2000-4000,Keri,Rudy,Rudy,false,1
Qwen/Qwen2.5-Omni-7B,test_500,remove_4000-6000,Keri,Rudy,Rudy,false,1
Qwen/Qwen2.5-Omni-7B,test_500,remove_6000-8000,Keri,Rudy,Rudy,false,1
Qwen/Qwen2.5-Omni-7B,test_512,lp_0-2000,Keri,Rudy,Rudy,false,1
Qwen/Qwen2.5-Omni-7B,test_512,lp_0-4000,Keri,Rudy,Rudy,false,1
Qwen/Qwen2.5-Omni-7B,test_512,lp_0-6000,Keri,Rudy,Rudy,false,1
Qwen/Qwen2.5-Omni-7B,test_512,lp_0-8000,Keri,Rudy,Rudy,false,1
Qwen/Qwen2.5-Omni-7B,test_512,remove_0-1000,Keri,Rudy,Rudy,false,1
Qwen/Qwen2.5-Omni-7B,test_512,remove_1000-2000,Keri,Rudy,Rudy,false,1
Qwen/Qwen2.5-Omni-7B,test_512,remove_2000-4000,Keri,Rudy,Rudy,false,1
Qwen/Qwen2.5-Omni-7B,test_512,remove_4000-6000,Keri,Rudy,Rudy,false,1
Qwen/Qwen2.5-Omni-7B,test_512,remove_6000-8000,Keri,Rudy,Rudy,false,1
Qwen/Qwen2.5-Omni-7B,test_516,lp_0-2000,Keri,Rudy,Rudy,false,1
Qwen/Qwen2.5-Omni-7B,test_516,lp_0-4000,Keri,Rudy,Rudy,false,1
Qwen/Qwen2.5-Omni-7B,test_516,lp_0-6000,Keri,Rudy,Rudy,false,1
Qwen/Qwen2.5-Omni-7B,test_516,lp_0-8000,Keri,Rudy,Rudy,false,1
Qwen/Qwen2.5-Omni-7B,test_516,remove_0-1000,Keri,Rudy,Rudy,false,1
Qwen/Qwen2.5-Omni-7B,test_516,remove_1000-2000,Keri,Rudy,Rudy,false,1
Qwen/Qwen2.5-Omni-7B,test_516,remove_2000-4000,Keri,Rudy,Rudy,false,1
Qwen/Qwen2.5-Omni-7B,test_516,remove_4000-6000,Keri,Rudy,Rudy,false,1
Qwen/Qwen2.5-Omni-7B,test_516,remove_6000-8000,Keri,Rudy,Rudy,false,1
Qwen/Qwen2.5-Omni-7B,test_524,lp_0-2000,Keri,Rudy,Rudy,false,1
Qwen/Qwen2.5-Omni-7B,test_524,lp_0-4000,Keri,Rudy,Rudy,false,1
Qwen/Qwen2.5-Omni-7B,test_524,lp_0-6000,Keri,Rudy,Rudy,false,1
Qwen/Qwen2.5-Omni-7B,test_524,lp_0-8000,Keri,Rudy,Rudy,false,1
Qwen/Qwen2.5-Omni-7B,test_524,remove_0-1000,Keri,Rudy,Rudy,false,1
Qwen/Qwen2.5-Omni-7B,test_524,remove_1000-2000,Keri,Rudy,Rudy,false,1
Qwen/Qwen2.5-Omni-7B,test_524,remove_2000-4000,Keri,Rudy,Rudy,false,1
Qwen/Qwen2.5-Omni-7B,test_524,remove_4000-6000,Keri,Rudy,Rudy,false,1
Qwen/Qwen2.5-Omni-7B,test_524,remove_6000-8000,Keri,Rudy,Rudy,false,1
Qwen/Qwen2.5-Omni-7B,test_528,lp_0-2000,Keri,Rudy,Rudy,false,1
Qwen/Qwen2.5-Omni-7B,test_528,lp_0-4000,Keri,Rudy,Rudy,false,1
Qwen/Qwen2.5-Omni-7B,test_528,lp_0-6000,Keri,Rudy,Rudy,false,1
Qwen/Qwen2.5-Omni-7B,test_528,lp_0-8000,Keri,Rudy,Rudy,false,1
Qwen/Qwen2.5-Omni-7B,test_528,remove_0-1000,Keri,Rudy,Rudy,false,1
Qwen/Qwen2.5-Omni-7B,test_528,remove_1000-2000,Keri,Rudy,Rudy,false,1
Qwen/Qwen2.5-Omni-7B,test_528,remove_2000-4000,Keri,Rudy,Rudy,false,1
Qwen/Qwen2.5-Omni-7B,test_528,remove_4000-6000,Keri,Rudy,Rudy,false,1
Qwen/Qwen2.5-Omni-7B,test_528,remove_6000-8000,Keri,Rudy,Rudy,false,1
Qwen/Qwen2.5-Omni-7B,test_532,lp_0-2000,Freid,Rudy,Rudy,false,1
Qwen/Qwen2.5-Omni-7B,test_532,lp_0-4000,Freid,Rudy,Rudy,false,1
Qwen/Qwen2.5-Omni-7B,test_532,lp_0-6000,Freid,Rudy,Rudy,false,1
Qwen/Qwen2.5-Omni-7B,test_532,lp_0-8000,Freid,Rudy,Rudy,false,1
Qwen/Qwen2.5-Omni-7B,test_532,remove_0-1000,Freid,Rudy,Rudy,false,1
Qwen/Qwen2.5-Omni-7B,test_532,remove_1000-2000,Freid,Rudy,Rudy,false,1
Qwen/Qwen2.5-Omni-7B,test_532,remove_2000-4000,Freid,Rudy,Rudy,false,1
Qwen/Qwen2.5-Omni-7B,test_532,remove_4000-6000,Freid,Rudy,Rudy,false,1
Qwen/Qwen2.5-Omni-7B,test_532,remove_6000-8000,Freid,Rudy,Rudy,false,1
Qwen/Qwen2.5-Omni-7B,test_534,lp_0-2000,Freid,Rudy,Rudy,false,1
Qwen/Qwen2.5-Omni-7B,test_534,lp_0-4000,Freid,Rudy,Rudy,false,1
Qwen/Qwen2.5-Omni-7B,test_534,lp_0-6000,Freid,Rudy,Rudy,false,1
Qwen/Qwen2.5-Omni-7B,test_534,lp_0-8000,Freid,Rudy,Rudy,false,1
Qwen/Qwen2.5-Omni-7B,test_534,remove_0-1000,Freid,Rudy,Rudy,false,1
Qwen/Qwen2.5-Omni-7B,test_534,remove_1000-2000,Freid,Rudy,Rudy,false,1
Qwen/Qwen2.5-Omni-7B,test_534,remove_2000-4000,Freid,Rudy,Rudy,false,1
Qwen/Qwen2.5-Omni-7B,test_534,remove_4000-6000,Freid,Rudy,Rudy,false,1
Qwen/Qwen2.5-Omni-7B,test_534,remove_6000-8000,Freid,Rudy,Rudy,false,1
Qwen/Qwen2.5-Omni-7B,test_537,lp_0-2000,Freid,Rudy,Rudy,false,1
Qwen/Qwen2.5-Omni-7B,test_537,lp_0-4000,Freid,Rudy,Rudy,false,1
Qwen/Qwen2.5-Omni-7B,test_537,lp_0-6000,Freid,Rudy,Rudy,false,1
Qwen/Qwen2.5-Omni-7B,test_537,lp_0-8000,Freid,Rudy,Rudy,false,1
Qwen/Qwen2.5-Omni-7B,test_537,remove_0-1000,Freid,Rudy,Rudy,false,1
Qwen/Qwen2.5-Omni-7B,test_537,remove_1000-2000,Freid,Rudy,Rudy,false,1
Qwen/Qwen2.5-Omni-7B,test_537,remove_2000-4000,Freid,Rudy,Rudy,false,1
Qwen/Qwen2.5-Omni-7B,test_537,remove_4000-6000,Freid,Rudy,Rudy,false,1
Qwen/Qwen2.5-Omni-7B,test_537,remove_6000-8000,Freid,Rudy,Rudy,false,1
Qwen/Qwen2.5-Omni-7B,test_542,lp_0-2000,Freid,Rudy,Rudy,false,1
Qwen/Qwen2.5-Omni-7B,test_542,lp_0-4000,Freid,Rudy,Rudy,false,1
Qwen/Qwen2.5-Omni-7B,test_542,lp_0-6000,Freid,Rudy,Rudy,false,1
Qwen/Qwen2.5-Omni-7B,test_542,lp_0-8000,Freid,Rudy,Rudy,false,1
Qwen/Qwen2.5-Omni-7B,test_542,remove_0-1000,Freid,Rudy,Rudy,false,1
Qwen/Qwen2.5-Omni-7B,test_542,remove_1000-2000,Freid,Rudy,Rudy,false,1
Qwen/Qwen2.5-Omni-7B,test_542,remove_2000-4000,Freid,Rudy,Rudy,false,1
Qwen/Qwen2.5-Omni-7B,test_542,remove_4000-6000,Freid,Rudy,Rudy,false,1
Qwen/Qwen2.5-Omni-7B,test_542,remove_6000-8000,Freid,Rudy,Rudy,false,1
Qwen/Qwen2.5-Omni-7B,test_544,lp_0-2000,Freid,Rudy,Rudy,false,1
Qwen/Qwen2.5-Omni-7B,test_544,lp_0-4000,Freid,Rudy,Rudy,false,1
Qwen/Qwen2.5-Omni-7B,test_544,lp_0-6000,Freid,Rudy,Rudy,false,1
Qwen/Qwen2.5-Omni-7B,test_544,lp_0-8000,Freid,Rudy,Rudy,false,1
Qwen/Qwen2.5-Omni-7B,test_544,remove_0-1000,Freid,Rudy,Rudy,false,1
Qwen/Qwen2.5-Omni-7B,test_544,remove_1000-2000,Freid,Rudy,Rudy,false,1
Qwen/Qwen2.5-Omni-7B,test_544,remove_2000-4000,Freid,Rudy,Rudy,false,1
Qwen/Qwen2.5-Omni-7B,test_544,remove_4000-6000,Freid,Rudy,Rudy,false,1
Qwen/Qwen2.5-Omni-7B,test_544,remove_6000-8000,Freid,Rudy,Rudy,false,1
Qwen/Qwen2.5-Omni-7B,test_550,lp_0-2000,Freid,Rudy,Rudy,false,1
Qwen/Qwen2.5-Omni-7B,test_550,lp_0-4000,Freid,Rudy,Rudy,false,1
Qwen/Qwen2.5-Omni-7B,test_550,lp_0-6000,Freid,Rudy,Rudy,false,1
Qwen/Qwen2.5-Omni-7B,test_550,lp_0-8000,Freid,Rudy,Rudy,false,1
Qwen/Qwen2.5-Omni-7B,test_550,remove_0-1000,Freid,Rudy,Rudy,false,1
Qwen/Qwen2.5-Omni-7B,test_550,remove_1000-2000,Freid,Rudy,Rudy,false,1
Qwen/Qwen2.5-Omni-7B,test_550,remove_2000-4000,Freid,Rudy,Rudy,false,1
Qwen/Qwen2.5-Omni-7B,test_550,remove_4000-6000,Freid,Rudy,Rudy,false,1
Qwen/Qwen2.5-Omni-7B,test_550,remove_6000-8000,Freid,Rudy,Rudy,false,1
Qwen/Qwen2.5-Omni-7B,test_558,lp_0-2000,Freid,Rudy,Rudy,false,1
Qwen/Qwen2.5-Omni-7B,test_558,lp_0-4000,Freid,Rudy,Rudy,false,1
Qwen/Qwen2.5-Omni-7B,test_558,lp_0-6000,Freid,Rudy,Rudy,false,1
Qwen/Qwen2.5-Omni-7B,test_558,lp_0-8000,Freid,Rudy,Rudy,false,1
Qwen/Qwen2.5-Omni-7B,test_558,remove_0-1000,Freid,Rudy,Rudy,false,1
Qwen/Qwen2.5-Omni-7B,test_558,remove_1000-2000,Freid,Rudy,Rudy,false,1
Qwen/Qwen2.5-Omni-7B,test_558,remove_2000-4000,Freid,Rudy,Rudy,false,1
Qwen/Qwen2.5-Omni-7B,test_558,remove_4000-6000,Freid,Rudy,Rudy,false,1
Qwen/Qwen2.5-Omni-7B,test_558,remove_6000-8000,Freid,Rudy,Rudy,false,1
Qwen/Qwen2.5-Omni-7B,test_559,lp_0-2000,Freid,Rudy,Rudy,false,1
Qwen/Qwen2.5-Omni-7B,test_559,lp_0-4000,Freid,Rudy,Rudy,false,1
Qwen/Qwen2.5-Omni-7B,test_559,lp_0-6000,Freid,Rudy,Rudy,false,1
Qwen/Qwen2.5-Omni-7B,test_559,lp_0-8000,Freid,Rudy,Rudy,false,1
Qwen/Qwen2.5-Omni-7B,test_559,remove_0-1000,Freid,Rudy,Rudy,false,1
Qwen/Qwen2.5-Omni-7B,test_559,remove_1000-2000,Freid,Rudy,Rudy,false,1
Qwen/Qwen2.5-Omni-7B,test_559,remove_2000-4000,Freid,Rudy,Rudy,false,1
Qwen/Qwen2.5-Omni-7B,test_559,remove_4000-6000,Freid,Rudy,Rudy,false,1
Qwen/Qwen2.5-Omni-7B,test_559,remove_6000-8000,Freid,Rudy,Rudy,false,1
Qwen/Qwen2.5-Omni-7B,test_566,lp_0-2000,Freid,Rudy,Rudy,false,1
Qwen/Qwen2.5-Omni-7B,test_566,lp_0-4000,Freid,Rudy,Rudy,false,1
Qwen/Qwen2.5-Omni-7B,test_566,lp_0-6000,Freid,Rudy,Rudy,false,1
Qwen/Qwen2.5-Omni-7B,test_566,lp_0-8000,Freid,Rudy,Rudy,false,1
Qwen/Qwen2.5-Omni-7B,test_566,remove_0-1000,Freid,Rudy,Rudy,false,1
Qwen/Qwen2.5-Omni-7B,test_566,remove_1000-2000,Freid,Rudy,Rudy,false,1
Qwen/Qwen2.5-Omni-7B,test_566,remove_2000-4000,Freid,Rudy,Rudy,false,1
Qwen/Qwen2.5-Omni-7B,test_566,remove_4000-6000,Freid,Rudy,Rudy,false,1
Qwen/Qwen2.5-Omni-7B,test_566,remove_6000-8000,Freid,Rudy,Rudy,false,1
Qwen/Qwen2.5-Omni-7B,test_570,lp_0-2000,Luke,Rudy,Rudy,false,1
Qwen/Qwen2.5-Omni-7B,test_570,lp_0-4000,Luke,Rudy,Rudy,false,1
Qwen/Qwen2.5-Omni-7B,test_570,lp_0-6000,Luke,Rudy,Rudy,false,1
Qwen/Qwen2.5-Omni-7B,test_570,lp_0-8000,Luke,Rudy,Rudy,false,1
Qwen/Qwen2.5-Omni-7B,test_570,remove_0-1000,Luke,Rudy,Rudy,false,1
Qwen/Qwen2.5-Omni-7B,test_570,remove_1000-2000,Luke,Rudy,Rudy,false,1
Qwen/Qwen2.5-Omni-7B,test_570,remove_2000-4000,Luke,Rudy,Rudy,false,1
Qwen/Qwen2.5-Omni-7B,test_570,remove_4000-6000,Luke,Rudy,Rudy,false,1
Qwen/Qwen2.5-Omni-7B,test_570,remove_6000-8000,Luke,Rudy,Rudy,false,1
Qwen/Qwen2.5-Omni-7B,test_571,lp_0-2000,Luke,Rudy,Rudy,false,1
Qwen/Qwen2.5-Omni-7B,test_571,lp_0-4000,Luke,Rudy,Rudy,false,1
Qwen/Qwen2.5-Omni-7B,test_571,lp_0-6000,Luke,Rudy,Rudy,false,1
Qwen/Qwen2.5-Omni-7B,test_571,lp_0-8000,Luke,Rudy,Rudy,false,1
Qwen/Qwen2.5-Omni-7B,test_571,remove_0-1000,Luke,Rudy,Rudy,false,1
Qwen/Qwen2.5-Omni-7B,test_571,remove_1000-2000,Luke,Rudy,Rudy,false,1
Qwen/Qwen2.5-Omni-7B,test_571,remove_2000-4000,Luke,Rudy,Rudy,false,1
Qwen/Qwen2.5-Omni-7B,test_571,remove_4000-6000,Luke,Rudy,Rudy,false,1
Qwen/Qwen2.5-Omni-7B,test_571,remove_6000-8000,Luke,Rudy,Rudy,false,1
Qwen/Qwen2.5-Omni-7B,test_578,lp_0-2000,Luke,Rudy,Rudy,false,1
Qwen/Qwen2.5-Omni-7B,test_578,lp_0-4000,Luke,Rudy,Rudy,false,1
Qwen/Qwen2.5-Omni-7B,test_578,lp_0-6000,Luke,Rudy,Rudy,false,1
Qwen/Qwen2.5-Omni-7B,test_578,lp_0-8000,Luke,Rudy,Rudy,false,1
Qwen/Qwen2.5-Omni-7B,test_578,remove_0-1000,Luke,Rudy,Rudy,false,1
Qwen/Qwen2.5-Omni-7B,test_578,remove_1000-2000,Luke,Rudy,Rudy,false,1
Qwen/Qwen2.5-Omni-7B,test_578,remove_2000-4000,Luke,Rudy,Rudy,false,1
Qwen/Qwen2.5-Omni-7B,test_578,remove_4000-6000,Luke,Rudy,Rudy,false,1
Qwen/Qwen2.5-Omni-7B,test_578,remove_6000-8000,Luke,Rudy,Rudy,false,1
Qwen/Qwen2.5-Omni-7B,test_581,lp_0-2000,Luke,Rudy,Rudy,false,1
Qwen/Qwen2.5-Omni-7B,test_581,lp_0-4000,Luke,Rudy,Rudy,false,1
Qwen/Qwen2.5-Omni-7B,test_581,lp_0-6000,Luke,Rudy,Rudy,false,1
Qwen/Qwen2.5-Omni-7B,test_581,lp_0-8000,Luke,Rudy,Rudy,false,1
Qwen/Qwen2.5-Omni-7B,test_581,remove_0-1000,Luke,Rudy,Rudy,false,1
Qwen/Qwen2.5-Omni-7B,test_581,remove_1000-2000,Luke,Rudy,Rudy,false,1
Qwen/Qwen2.5-Omni-7B,test_581,remove_2000-4000,Luke,Rudy,Rudy,false,1
Qwen/Qwen2.5-Omni-7B,test_581,remove_4000-6000,Luke,Rudy,Rudy,false,1
Qwen/Qwen2.5-Omni-7B,test_581,remove_6000-8000,Luke,Rudy,Rudy,false,1
Qwen/Qwen2.5-Omni-7B,test_586,lp_0-2000,Luke,Rudy,Rudy,false,1
Qwen/Qwen2.5-Omni-7B,test_586,lp_0-4000,Luke,Rudy,Rudy,false,1
Qwen/Qwen2.5-Omni-7B,test_586,lp_0-6000,Luke,Rudy,Rudy,false,1
Qwen/Qwen2.5-Omni-7B,test_586,lp_0-8000,Luke,Rudy,Rudy,false,1
Qwen/Qwen2.5-Omni-7B,test_586,remove_0-1000,Luke,Rudy,Rudy,false,1
Qwen/Qwen2.5-Omni-7B,test_586,remove_1000-2000,Luke,Rudy,Rudy,false,1
Qwen/Qwen2.5-Omni-7B,test_586,remove_2000-4000,Luke,Rudy,Rudy,false,1
Qwen/Qwen2.5-Omni-7B,test_586,remove_4000-6000,Luke,Rudy,Rudy,false,1
Qwen/Qwen2.5-Omni-7B,test_586,remove_6000-8000,Luke,Rudy,Rudy,false,1
Qwen/Qwen2.5-Omni-7B,test_593,lp_0-2000,Luke,Rudy,Rudy,false,1
Qwen/Qwen2.5-Omni-7B,test_593,lp_0-4000,Luke,Rudy,Rudy,false,1
Qwen/Qwen2.5-Omni-7B,test_593,lp_0-6000,Luke,Rudy,Rudy,false,1
Qwen/Qwen2.5-Omni-7B,test_593,lp_0-8000,Luke,Rudy,Rudy,false,1
Qwen/Qwen2.5-Omni-7B,test_593,remove_0-1000,Luke,Rudy,Rudy,false,1
Qwen/Qwen2.5-Omni-7B,test_593,remove_1000-2000,Luke,Rudy,Rudy,false,1
Qwen/Qwen2.5-Omni-7B,test_593,remove_2000-4000,Luke,Rudy,Rudy,false,1
Qwen/Qwen2.5-Omni-7B,test_593,remove_4000-6000,Luke,Rudy,Rudy,false,1
Qwen/Qwen2.5-Omni-7B,test_593,remove_6000-8000,Luke,Rudy,Rudy,false,1
Qwen/Qwen2.5-Omni-7B,test_596,lp_0-2000,Luke,Rudy,Rudy,false,1
Qwen/Qwen2.5-Omni-7B,test_596,lp_0-4000,Luke,Rudy,Rudy,false,1
Qwen/Qwen2.5-Omni-7B,test_596,lp_0-6000,Luke,Rudy,Rudy,false,1
Qwen/Qwen2.5-Omni-7B,test_596,lp_0-8000,Luke,Rudy,Rudy,false,1
Qwen/Qwen2.5-Omni-7B,test_596,remove_0-1000,Luke,Rudy,Rudy,false,1
Qwen/Qwen2.5-Omni-7B,test_596,remove_1000-2000,Luke,Rudy,Rudy,false,1
Qwen/Qwen2.5-Omni-7B,test_596,remove_2000-4000,Luke,Rudy,Rudy,false,1
Qwen/Qwen2.5-Omni-7B,test_596,remove_4000-6000,Luke,Rudy,Rudy,false,1
Qwen/Qwen2.5-Omni-7B,test_596,remove_6000-8000,Luke,Rudy,Rudy,false,1
Qwen/Qwen2.5-Omni-7B,test_601,lp_0-2000,Luke,Rudy,Rudy,false,1
Qwen/Qwen2.5-Omni-7B,test_601,lp_0-4000,Luke,Rudy,Rudy,false,1
Qwen/Qwen2.5-Omni-7B,test_601,lp_0-6000,Luke,Rudy,Rudy,false,1
Qwen/Qwen2.5-Omni-7B,test_601,lp_0-8000,Luke,Rudy,Rudy,false,1
Qwen/Qwen2.5-Omni-7B,test_601,remove_0-1000,Luke,Rudy,Rudy,false,1
Qwen/Qwen2.5-Omni-7B,test_601,remove_1000-2000,Luke,Rudy,Rudy,false,1
Qwen/Qwen2.5-Omni-7B,test_601,remove_2000-4000,Luke,Rudy,Rudy,false,1
Qwen/Qwen2.5-Omni-7B,test_601,remove_4000-6000,Luke,Rudy,Rudy,false,1
Qwen/Qwen2.5-Omni-7B,test_601,remove_6000-8000,Luke,Rudy,Rudy,false,1
Qwen/Qwen2.5-Omni-7B,test_608,lp_0-2000,Luke,Rudy,Rudy,false,1
Qwen/Qwen2.5-Omni-7B,test_608,lp_0-4000,Luke,Rudy,Rudy,false,1
Qwen/Qwen2.5-Omni-7B,test_608,lp_0-6000,Luke,Rudy,Rudy,false,1
Qwen/Qwen2.5-Omni-7B,test_608,lp_0-8000,Luke,Rudy,Rudy,false,1
Qwen/Qwen2.5-Omni-7B,test_608,remove_0-1000,Luke,Rudy,Rudy,false,1
Qwen/Qwen2.5-Omni-7B,test_608,remove_1000-2000,Luke,Rudy,Rudy,false,1
Qwen/Qwen2.5-Omni-7B,test_608,remove_2000-4000,Luke,Rudy,Rudy,false,1
Qwen/Qwen2.5-Omni-7B,test_608,remove_4000-6000,Luke,Rudy,Rudy,false,1
Qwen/Qwen2.5-Omni-7B,test_608,remove_6000-8000,Luke,Rudy,Rudy,false,1
Qwen/Qwen2.5-Omni-7B,test_622,lp_0-2000,Luke,Rudy,Rudy,false,1
Qwen/Qwen2.5-Omni-7B,test_622,lp_0-4000,Luke,Rudy,Rudy,false,1
Qwen/Qwen2.5-Omni-7B,test_622,lp_0-6000,Luke,Rudy,Rudy,false,1
Qwen/Qwen2.5-Omni-7B,test_622,lp_0-8000,Luke,Rudy,Rudy,false,1
Qwen/Qwen2.5-Omni-7B,test_622,remove_0-1000,Luke,Rudy,Rudy,false,1
Qwen/Qwen2.5-Omni-7B,test_622,remove_1000-2000,Luke,Rudy,Rudy,false,1
Qwen/Qwen2.5-Omni-7B,test_622,remove_2000-4000,Luke,Rudy,Rudy,false,1
Qwen/Qwen2.5-Omni-7B,test_622,remove_4000-6000,Luke,Rudy,Rudy,false,1
Qwen/Qwen2.5-Omni-7B,test_622,remove_6000-8000,Luke,Rudy,Rudy,false,1
Qwen/Qwen2.5-Omni-7B,test_623,lp_0-2000,Luke,Rudy,Rudy,false,1
Qwen/Qwen2.5-Omni-7B,test_623,lp_0-4000,Luke,Rudy,Rudy,false,1
Qwen/Qwen2.5-Omni-7B,test_623,lp_0-6000,Luke,Rudy,Rudy,false,1
Qwen/Qwen2.5-Omni-7B,test_623,lp_0-8000,Luke,Rudy,Rudy,false,1
Qwen/Qwen2.5-Omni-7B,test_623,remove_0-1000,Luke,Rudy,Rudy,false,1
Qwen/Qwen2.5-Omni-7B,test_623,remove_1000-2000,Luke,Rudy,Rudy,false,1
Qwen/Qwen2.5-Omni-7B,test_623,remove_2000-4000,Luke,Rudy,Rudy,false,1
Qwen/Qwen2.5-Omni-7B,test_623,remove_4000-6000,Luke,Rudy,Rudy,false,1
Qwen/Qwen2.5-Omni-7B,test_623,remove_6000-8000,Luke,Rudy,Rudy,false,1
Qwen/Qwen2.5-Omni-7B,test_624,lp_0-2000,Luke,Rudy,Rudy,false,1
Qwen/Qwen2.5-Omni-7B,test_624,lp_0-4000,Luke,Rudy,Rudy,false,1
Qwen/Qwen2.5-Omni-7B,test_624,lp_0-6000,Luke,Rudy,Rudy,false,1
Qwen/Qwen2.5-Omni-7B,test_624,lp_0-8000,Luke,Rudy,Rudy,false,1
Qwen/Qwen2.5-Omni-7B,test_624,remove_0-1000,Luke,Rudy,Rudy,false,1
Qwen/Qwen2.5-Omni-7B,test_624,remove_1000-2000,Luke,Rudy,Rudy,false,1
Qwen/Qwen2.5-Omni-7B,test_624,remove_2000-4000,Luke,Rudy,Rudy,false,1
Qwen/Qwen2.5-Omni-7B,test_624,remove_4000-6000,Luke,Rudy,Rudy,false,1
Qwen/Qwen2.5-Omni-7B,test_624,remove_6000-8000,Luke,Rudy,Rudy,false,1
Qwen/Qwen2.5-Omni-7B,test_625,lp_0-2000,Luke,Rudy,Rudy,false,1
Qwen/Qwen2.5-Omni-7B,test_625,lp_0-4000,Luke,Rudy,Rudy,false,1
Qwen/Qwen2.5-Omni-7B,test_625,lp_0-6000,Luke,Rudy,Rudy,false,1
Qwen/Qwen2.5-Omni-7B,test_625,lp_0-8000,Luke,Rudy,Rudy,false,1
Qwen/Qwen2.5-Omni-7B,test_625,remove_0-1000,Luke,Rudy,Rudy,false,1
Qwen/Qwen2.5-Omni-7B,test_625,remove_1000-2000,Luke,Rudy,Rudy,false,1
Qwen/Qwen2.5-Omni-7B,test_625,remove_2000-4000,Luke,Rudy,Rudy,false,1
Qwen/Qwen2.5-Omni-7B,test_625,remove_4000-6000,Luke,Rudy,Rudy,false,1
Qwen/Qwen2.5-Omni-7B,test_625,remove_6000-8000,Luke,Rudy,Rudy,false,1
Qwen/Qwen2.5-Omni-7B,test_627,lp_0-2000,Luke,Rudy,Rudy,false,1
Qwen/Qwen2.5-Omni-7B,test_627,lp_0-4000,Luke,Rudy,Rudy,false,1
Qwen/Qwen2.5-Omni-7B,test_627,lp_0-6000,Luke,Rudy,Rudy,false,1
Qwen/Qwen2.5-Omni-7B,test_627,lp_0-8000,Luke,Rudy,Rudy,false,1
Qwen/Qwen2.5-Omni-7B,test_627,remove_0-1000,Luke,Rudy,Rudy,false,1
Qwen/Qwen2.5-Omni-7B,test_627,remove_1000-2000,Luke,Rudy,Rudy,false,1
Qwen/Qwen2.5-Omni-7B,test_627,remove_2000-4000,Luke,Rudy,Rudy,false,1
Qwen/Qwen2.5-Omni-7B,test_627,remove_4000-6000,Luke,Rudy,Rudy,false,1
Qwen/Qwen2.5-Omni-7B,test_627,remove_6000-8000,Luke,Rudy,Rudy,false,1
Qwen/Qwen2.5-Omni-7B,test_641,lp_0-2000,Luke,Rudy,Rudy,false,1
Qwen/Qwen2.5-Omni-7B,test_641,lp_0-4000,Luke,Rudy,Rudy,false,1
Qwen/Qwen2.5-Omni-7B,test_641,lp_0-6000,Luke,Rudy,Rudy,false,1
Qwen/Qwen2.5-Omni-7B,test_641,lp_0-8000,Luke,Rudy,Rudy,false,1
Qwen/Qwen2.5-Omni-7B,test_641,remove_0-1000,Luke,Rudy,Rudy,false,1
Qwen/Qwen2.5-Omni-7B,test_641,remove_1000-2000,Luke,Rudy,Rudy,false,1
Qwen/Qwen2.5-Omni-7B,test_641,remove_2000-4000,Luke,Rudy,Rudy,false,1
Qwen/Qwen2.5-Omni-7B,test_641,remove_4000-6000,Luke,Rudy,Rudy,false,1
Qwen/Qwen2.5-Omni-7B,test_641,remove_6000-8000,Luke,Rudy,Rudy,false,1
Qwen/Qwen2.5-Omni-7B,test_650,lp_0-2000,Luke,Rudy,Rudy,false,1
Qwen/Qwen2.5-Omni-7B,test_650,lp_0-4000,Luke,Rudy,Rudy,false,1
Qwen/Qwen2.5-Omni-7B,test_650,lp_0-6000,Luke,Rudy,Rudy,false,1
Qwen/Qwen2.5-Omni-7B,test_650,lp_0-8000,Luke,Rudy,Rudy,false,1
Qwen/Qwen2.5-Omni-7B,test_650,remove_0-1000,Luke,Rudy,Rudy,false,1
Qwen/Qwen2.5-Omni-7B,test_650,remove_1000-2000,Luke,Rudy,Rudy,false,1
Qwen/Qwen2.5-Omni-7B,test_650,remove_2000-4000,Luke,Rudy,Rudy,false,1
Qwen/Qwen2.5-Omni-7B,test_650,remove_4000-6000,Luke,Rudy,Rudy,false,1
Qwen/Qwen2.5-Omni-7B,test_650,remove_6000-8000,Luke,Rudy,Rudy,false,1
Qwen/Qwen2.5-Omni-7B,test_659,lp_0-2000,Luke,Rudy,Rudy,false,1
Qwen/Qwen2.5-Omni-7B,test_659,lp_0-4000,Luke,Rudy,Rudy,false,1
Qwen/Qwen2.5-Omni-7B,test_659,lp_0-6000,Luke,Rudy,Rudy,false,1
Qwen/Qwen2.5-Omni-7B,test_659,lp_0-8000,Luke,Rudy,Rudy,false,1
Qwen/Qwen2.5-Omni-7B,test_659,remove_0-1000,Luke,Rudy,Rudy,false,1
Qwen/Qwen2.5-Omni-7B,test_659,remove_1000-2000,Luke,Rudy,Rudy,false,1
Qwen/Qwen2.5-Omni-7B,test_659,remove_2000-4000,Luke,Rudy,Rudy,false,1
Qwen/Qwen2.5-Omni-7B,test_659,remove_4000-6000,Luke,Rudy,Rudy,false,1
Qwen/Qwen2.5-Omni-7B,test_659,remove_6000-8000,Luke,Rudy,Rudy,false,1
Qwen/Qwen2.5-Omni-7B,test_665,lp_0-2000,Luke,Rudy,Rudy,false,1
Qwen/Qwen2.5-Omni-7B,test_665,lp_0-4000,Luke,Rudy,Rudy,false,1
Qwen/Qwen2.5-Omni-7B,test_665,lp_0-6000,Luke,Rudy,Rudy,false,1
Qwen/Qwen2.5-Omni-7B,test_665,lp_0-8000,Luke,Rudy,Rudy,false,1
Qwen/Qwen2.5-Omni-7B,test_665,remove_0-1000,Luke,Rudy,Rudy,false,1
Qwen/Qwen2.5-Omni-7B,test_665,remove_1000-2000,Luke,Rudy,Rudy,false,1
Qwen/Qwen2.5-Omni-7B,test_665,remove_2000-4000,Luke,Rudy,Rudy,false,1
Qwen/Qwen2.5-Omni-7B,test_665,remove_4000-6000,Luke,Rudy,Rudy,false,1
Qwen/Qwen2.5-Omni-7B,test_665,remove_6000-8000,Luke,Rudy,Rudy,false,1
Qwen/Qwen2.5-Omni-7B,test_667,lp_0-2000,Luke,Rudy,Rudy,false,1
Qwen/Qwen2.5-Omni-7B,test_667,lp_0-4000,Luke,Rudy,Rudy,false,1
Qwen/Qwen2.5-Omni-7B,test_667,lp_0-6000,Luke,Rudy,Rudy,false,1
Qwen/Qwen2.5-Omni-7B,test_667,lp_0-8000,Luke,Rudy,Rudy,false,1
Qwen/Qwen2.5-Omni-7B,test_667,remove_0-1000,Luke,Rudy,Rudy,false,1
Qwen/Qwen2.5-Omni-7B,test_667,remove_1000-2000,Luke,Rudy,Rudy,false,1
Qwen/Qwen2.5-Omni-7B,test_667,remove_2000-4000,Luke,Rudy,Rudy,false,1
Qwen/Qwen2.5-Omni-7B,test_667,remove_4000-6000,Luke,Rudy,Rudy,false,1
Qwen/Qwen2.5-Omni-7B,test_667,remove_6000-8000,Luke,Rudy,Rudy,false,1
Qwen/Qwen2.5-Omni-7B,test_668,lp_0-2000,Luke,Rudy,Rudy,false,1
Qwen/Qwen2.5-Omni-7B,test_668,lp_0-4000,Luke,Rudy,Rudy,false,1
Qwen/Qwen2.5-Omni-7B,test_668,lp_0-6000,Luke,Rudy,Rudy,false,1
Qwen/Qwen2.5-Omni-7B,test_668,lp_0-8000,Luke,Rudy,Rudy,false,1
Qwen/Qwen2.5-Omni-7B,test_668,remove_0-1000,Luke,Rudy,Rudy,false,1
Qwen/Qwen2.5-Omni-7B,test_668,remove_1000-2000,Luke,Rudy,Rudy,false,1
Qwen/Qwen2.5-Omni-7B,test_668,remove_2000-4000,Luke,Rudy,Rudy,false,1
Qwen/Qwen2.5-Omni-7B,test_668,remove_4000-6000,Luke,Rudy,Rudy,false,1
Qwen/Qwen2.5-Omni-7B,test_668,remove_6000-8000,Luke,Rudy,Rudy,false,1
Qwen/Qwen2.5-Omni-7B,test_676,lp_0-2000,Luke,Rudy,Rudy,false,1
Qwen/Qwen2.5-Omni-7B,test_676,lp_0-4000,Luke,Rudy,Rudy,false,1
Qwen/Qwen2.5-Omni-7B,test_676,lp_0-6000,Luke,Rudy,Rudy,false,1
Qwen/Qwen2.5-Omni-7B,test_676,lp_0-8000,Luke,Rudy,Rudy,false,1
Qwen/Qwen2.5-Omni-7B,test_676,remove_0-1000,Luke,Rudy,Rudy,false,1
Qwen/Qwen2.5-Omni-7B,test_676,remove_1000-2000,Luke,Rudy,Rudy,false,1
Qwen/Qwen2.5-Omni-7B,test_676,remove_2000-4000,Luke,Rudy,Rudy,false,1
Qwen/Qwen2.5-Omni-7B,test_676,remove_4000-6000,Luke,Rudy,Rudy,false,1
Qwen/Qwen2.5-Omni-7B,test_676,remove_6000-8000,Luke,Rudy,Rudy,false,1
Qwen/Qwen2.5-Omni-7B,test_680,lp_0-2000,Luke,Rudy,Rudy,false,1
Qwen/Qwen2.5-Omni-7B,test_680,lp_0-4000,Luke,Rudy,Rudy,false,1
Qwen/Qwen2.5-Omni-7B,test_680,lp_0-6000,Luke,Rudy,Rudy,false,1
Qwen/Qwen2.5-Omni-7B,test_680,lp_0-8000,Luke,Rudy,Rudy,false,1
Qwen/Qwen2.5-Omni-7B,test_680,remove_0-1000,Luke,Rudy,Rudy,false,1
Qwen/Qwen2.5-Omni-7B,test_680,remove_1000-2000,Luke,Rudy,Rudy,false,1
Qwen/Qwen2.5-Omni-7B,test_680,remove_2000-4000,Luke,Rudy,Rudy,false,1
Qwen/Qwen2.5-Omni-7B,test_680,remove_4000-6000,Luke,Rudy,Rudy,false,1
Qwen/Qwen2.5-Omni-7B,test_680,remove_6000-8000,Luke,Rudy,Rudy,false,1
Qwen/Qwen2.5-Omni-7B,test_682,lp_0-2000,Luke,Rudy,Rudy,false,1
Qwen/Qwen2.5-Omni-7B,test_682,lp_0-4000,Luke,Rudy,Rudy,false,1
Qwen/Qwen2.5-Omni-7B,test_682,lp_0-6000,Luke,Rudy,Rudy,false,1
Qwen/Qwen2.5-Omni-7B,test_682,lp_0-8000,Luke,Rudy,Rudy,false,1
Qwen/Qwen2.5-Omni-7B,test_682,remove_0-1000,Luke,Rudy,Rudy,false,1
Qwen/Qwen2.5-Omni-7B,test_682,remove_1000-2000,Luke,Rudy,Rudy,false,1
Qwen/Qwen2.5-Omni-7B,test_682,remove_2000-4000,Luke,Rudy,Rudy,false,1
Qwen/Qwen2.5-Omni-7B,test_682,remove_4000-6000,Luke,Rudy,Rudy,false,1
Qwen/Qwen2.5-Omni-7B,test_682,remove_6000-8000,Luke,Rudy,Rudy,false,1
Qwen/Qwen2.5-Omni-7B,test_684,lp_0-2000,Luke,Rudy,Rudy,false,1
Qwen/Qwen2.5-Omni-7B,test_684,lp_0-4000,Luke,Rudy,Rudy,false,1
Qwen/Qwen2.5-Omni-7B,test_684,lp_0-6000,Luke,Rudy,Rudy,false,1
Qwen/Qwen2.5-Omni-7B,test_684,lp_0-8000,Luke,Rudy,Rudy,false,1
Qwen/Qwen2.5-Omni-7B,test_684,remove_0-1000,Luke,Rudy,Rudy,false,1
Qwen/Qwen2.5-Omni-7B,test_684,remove_1000-2000,Luke,Rudy,Rudy,false,1
Qwen/Qwen2.5-Omni-7B,test_684,remove_2000-4000,Luke,Rudy,Rudy,false,1
Qwen/Qwen2.5-Omni-7B,test_684,remove_4000-6000,Luke,Rudy,Rudy,false,1
Qwen/Qwen2.5-Omni-7B,test_684,remove_6000-8000,Luke,Rudy,Rudy,false,1
