model_id,event_id,condition,target,raw_prediction,prediction,correct,batch_size
Qwen/Qwen2.5-Omni-7B,131555,full_0-8k,Infant Cry,Tsik,Tsik,false,1
Qwen/Qwen2.5-Omni-7B,162983,full_0-8k,Infant Cry,Seep,Seep,false,1
Qwen/Qwen2.5-Omni-7B,193131,full_0-8k,Infant Cry,Seep,Seep,false,1
Qwen/Qwen2.5-Omni-7B,201275,full_0-8k,Infant Cry,Seep,Seep,false,1
Qwen/Qwen2.5-Omni-7B,213327,full_0-8k,Infant Cry,Seep,Seep,false,1
Qwen/Qwen2.5-Omni-7B,221925,full_0-8k,Infant Cry,Seep,Seep,false,1
Qwen/Qwen2.5-Omni-7B,223069,full_0-8k,Infant Cry,Phee,Phee,false,1
Qwen/Qwen2.5-Omni-7B,223077,full_0-8k,Infant Cry,Tsik,Tsik,false,1
Qwen/Qwen2.5-Omni-7B,223247,full_0-8k,Infant Cry,Tsik,Tsik,false,1
Qwen/Qwen2.5-Omni-7B,223262,full_0-8k,Infant Cry,Seep,Seep,false,1
Qwen/Qwen2.5-Omni-7B,223312,full_0-8k,Infant Cry,Tsik,Tsik,false,1
Qwen/Qwen2.5-Omni-7B,223332,full_0-8k,Infant Cry,Seep,Seep,false,1
Qwen/Qwen2.5-Omni-7B,223352,full_0-8k,Infant Cry,Seep,Seep,false,1
Qwen/Qwen2.5-Omni-7B,223375,full_0-8k,Infant Cry,Seep,Seep,false,1
Qwen/Qwen2.5-Omni-7B,223383,full_0-8k,Infant Cry,Seep,Seep,false,1
Qwen/Qwen2.5-Omni-7B,223396,full_0-8k,Infant Cry,Seep,Seep,false,1
Qwen/Qwen2.5-Omni-7B,223400,full_0-8k,Infant Cry,Seep,Seep,false,1
Qwen/Qwen2.5-Omni-7B,223402,full_0-8k,Infant Cry,Tsik,Tsik,false,1
Qwen/Qwen2.5-Omni-7B,234304,full_0-8k,Infant Cry,Phee,Phee,false,1
Qwen/Qwen2.5-Omni-7B,237804,full_0-8k,Infant Cry,Seep,Seep,false,1
Qwen/Qwen2.5-Omni-7B,238029,full_0-8k,Infant Cry,Tsik,Tsik,false,1
Qwen/Qwen2.5-Omni-7B,238142,full_0-8k,Infant Cry,Seep,Seep,false,1
Qwen/Qwen2.5-Omni-7B,238306,full_0-8k,Infant Cry,Seep,Seep,false,1
Qwen/Qwen2.5-Omni-7B,299793,full_0-8k,Infant Cry,Tsik,Tsik,false,1
Qwen/Qwen2.5-Omni-7B,315549,full_0-8k,Infant Cry,Seep,Seep,false,1
Qwen/Qwen2.5-Omni-7B,329778,full_0-8k,Infant Cry,Seep,Seep,false,1
Qwen/Qwen2.5-Omni-7B,342684,full_0-8k,Infant Cry,Seep,Seep,false,1
Qwen/Qwen2.5-Omni-7B,350340,full_0-8k,Infant Cry,Seep,Seep,false,1
Qwen/Qwen2.5-Omni-7B,352081,full_0-8k,Infant Cry,Seep,Seep,false,1
Qwen/Qwen2.5-Omni-7B,354197,full_0-8k,Infant Cry,Tsik,Tsik,false,1
Qwen/Qwen2.5-Omni-7B,357670,full_0-8k,Infant Cry,Seep,Seep,false,1
Qwen/Qwen2.5-Omni-7B,372773,full_0-8k,Infant Cry,Tsik,Tsik,false,1
Qwen/Qwen2.5-Omni-7B,401218,full_0-8k,Infant Cry,Seep,Seep,false,1
Qwen/Qwen2.5-Omni-7B,405841,full_0-8k,Infant Cry,Seep,Seep,false,1
Qwen/Qwen2.5-Omni-7B,501612,full_0-8k,Infant Cry,Seep,Seep,false,1
Qwen/Qwen2.5-Omni-7B,508745,full_0-8k,Infant Cry,Phee,Phee,false,1
Qwen/Qwen2.5-Omni-7B,508764,full_0-8k,Infant Cry,Seep,Seep,false,1
Qwen/Qwen2.5-Omni-7B,508780,full_0-8k,Infant Cry,Seep,Seep,false,1
Qwen/Qwen2.5-Omni-7B,508801,full_0-8k,Infant Cry,Seep,Seep,false,1
Qwen/Qwen2.5-Omni-7B,509083,full_0-8k,Infant Cry,Tsik,Tsik,false,1
Qwen/Qwen2.5-Omni-7B,509091,full_0-8k,Infant Cry,Phee,Phee,false,1
Qwen/Qwen2.5-Omni-7B,509092,full_0-8k,Infant Cry,Seep,Seep,false,1
Qwen/Qwen2.5-Omni-7B,509100,full_0-8k,Infant Cry,Phee,Phee,false,1
Qwen/Qwen2.5-Omni-7B,518850,full_0-8k,Infant Cry,Phee,Phee,false,1
Qwen/Qwen2.5-Omni-7B,524694,full_0-8k,Infant Cry,Seep,Seep,false,1
Qwen/Qwen2.5-Omni-7B,524878,full_0-8k,Infant Cry,Seep,Seep,false,1
Qwen/Qwen2.5-Omni-7B,526040,full_0-8k,Infant Cry,Seep,Seep,false,1
Qwen/Qwen2.5-Omni-7B,526541,full_0-8k,Infant Cry,Seep,Seep,false,1
Qwen/Qwen2.5-Omni-7B,526671,full_0-8k,Infant Cry,Seep,Seep,false,1
Qwen/Qwen2.5-Omni-7B,526711,full_0-8k,Infant Cry,Seep,Seep,false,1
Qwen/Qwen2.5-Omni-7B,540984,full_0-8k,Infant Cry,Seep,Seep,false,1
Qwen/Qwen2.5-Omni-7B,558438,full_0-8k,Infant Cry,Seep,Seep,false,1
Qwen/Qwen2.5-Omni-7B,558594,full_0-8k,Infant Cry,Seep,Seep,false,1
Qwen/Qwen2.5-Omni-7B,558633,full_0-8k,Infant Cry,Phee,Phee,false,1
Qwen/Qwen2.5-Omni-7B,558689,full_0-8k,Infant Cry,Seep,Seep,false,1
Qwen/Qwen2.5-Omni-7B,562625,full_0-8k,Infant Cry,Seep,Seep,false,1
Qwen/Qwen2.5-Omni-7B,565266,full_0-8k,Infant Cry,Phee,Phee,false,1
Qwen/Qwen2.5-Omni-7B,57995,full_0-8k,Infant Cry,Seep,Seep,false,1
Qwen/Qwen2.5-Omni-7B,583214,full_0-8k,Infant Cry,Phee,Phee,false,1
Qwen/Qwen2.5-Omni-7B,596191,full_0-8k,Infant Cry,Seep,Seep,false,1
Qwen/Qwen2.5-Omni-7B,604234,full_0-8k,Infant Cry,Seep,Seep,false,1
Qwen/Qwen2.5-Omni-7B,609454,full_0-8k,Infant Cry,Seep,Seep,false,1
Qwen/Qwen2.5-Omni-7B,612455,full_0-8k,Infant Cry,Seep,Seep,false,1
Qwen/Qwen2.5-Omni-7B,612456,full_0-8k,Infant Cry,Phee,Phee,false,1
Qwen/Qwen2.5-Omni-7B,612715,full_0-8k,Infant Cry,Phee,Phee,false,1
Qwen/Qwen2.5-Omni-7B,618440,full_0-8k,Infant Cry,Tsik,Tsik,false,1
Qwen/Qwen2.5-Omni-7B,623676,full_0-8k,Infant Cry,Seep,Seep,false,1
Qwen/Qwen2.5-Omni-7B,623691,full_0-8k,Infant Cry,Seep,Seep,false,1
Qwen/Qwen2.5-Omni-7B,628729,full_0-8k,Infant Cry,Seep,Seep,false,1
Qwen/Qwen2.5-Omni-7B,631861,full_0-8k,Infant Cry,Tsik,Tsik,false,1
Qwen/Qwen2.5-Omni-7B,651191,full_0-8k,Infant Cry,Tsik,Tsik,false,1
Qwen/Qwen2.5-Omni-7B,657848,full_0-8k,Infant Cry,Seep,Seep,false,1
Qwen/Qwen2.5-Omni-7B,659272,full_0-8k,Infant Cry,Seep,Seep,false,1
Qwen/Qwen2.5-Omni-7B,6633,full_0-8k,Infant Cry,Tsik,Tsik,false,1
Qwen/Qwen2.5-Omni-7B,664504,full_0-8k,Infant Cry,Phee,Phee,false,1
Qwen/Qwen2.5-Omni-7B,666082,full_0-8k,Infant Cry,Phee,Phee,false,1
Qwen/Qwen2.5-Omni-7B,667865,full_0-8k,Infant Cry,Seep,Seep,false,1
Qwen/Qwen2.5-Omni-7B,667905,full_0-8k,Infant Cry,Seep,Seep,false,1
Qwen/Qwen2.5-Omni-7B,669950,full_0-8k,Infant Cry,Seep,Seep,false,1
Qwen/Qwen2.5-Omni-7B,669953,full_0-8k,Infant Cry,Seep,Seep,false,1
Qwen/Qwen2.5-Omni-7B,670039,full_0-8k,Infant Cry,Phee,Phee,false,1
Qwen/Qwen2.5-Omni-7B,691528,full_0-8k,Infant Cry,Tsik,Tsik,false,1
Qwen/Qwen2.5-Omni-7B,693164,full_0-8k,Infant Cry,Seep,Seep,false,1
Qwen/Qwen2.5-Omni-7B,695093,full_0-8k,Infant Cry,Seep,Seep,false,1
Qwen/Qwen2.5-Omni-7B,696291,full_0-8k,Infant Cry,Tsik,Tsik,false,1
Qwen/Qwen2.5-Omni-7B,725567,full_0-8k,Infant Cry,Tsik,Tsik,false,1
Qwen/Qwen2.5-Omni-7B,729021,full_0-8k,Infant Cry,Seep,Seep,false,1
Qwen/Qwen2.5-Omni-7B,731937,full_0-8k,Infant Cry,Seep,Seep,false,1
Qwen/Qwen2.5-Omni-7B,742006,full_0-8k,Infant Cry,Phee,Phee,false,1
Qwen/Qwen2.5-Omni-7B,763863,full_0-8k,Infant Cry,Seep,Seep,false,1
Qwen/Qwen2.5-Omni-7B,765458,full_0-8k,Infant Cry,Phee,Phee,false,1
Qwen/Qwen2.5-Omni-7B,765518,full_0-8k,Infant Cry,Phee,Phee,false,1
Qwen/Qwen2.5-Omni-7B,786486,full_0-8k,Infant Cry,Phee,Phee,false,1
Qwen/Qwen2.5-Omni-7B,799579,full_0-8k,Infant Cry,Phee,Phee,false,1
Qwen/Qwen2.5-Omni-7B,817109,full_0-8k,Infant Cry,Seep,Seep,false,1
Qwen/Qwen2.5-Omni-7B,817681,full_0-8k,Infant Cry,Seep,Seep,false,1
Qwen/Qwen2.5-Omni-7B,866025,full_0-8k,Infant Cry,Seep,Seep,false,1
Qwen/Qwen2.5-Omni-7B,867327,full_0-8k,Infant Cry,Tsik,Tsik,false,1
Qwen/Qwen2.5-Omni-7B,868095,full_0-8k,Infant Cry,Seep,Seep,false,1
Qwen/Qwen2.5-Omni-7B,9024,full_0-8k,Infant Cry,Phee,Phee,false,1
Qwen/Qwen2.5-Omni-7B,101138,full_0-8k,Phee,Phee,Phee,true,1
Qwen/Qwen2.5-Omni-7B,108998,full_0-8k,Phee,Phee,Phee,true,1
Qwen/Qwen2.5-Omni-7B,161381,full_0-8k,Phee,Seep,Seep,false,1
Qwen/Qwen2.5-Omni-7B,202978,full_0-8k,Phee,Seep,Seep,false,1
Qwen/Qwen2.5-Omni-7B,209319,full_0-8k,Phee,Seep,Seep,false,1
Qwen/Qwen2.5-Omni-7B,211839,full_0-8k,Phee,Phee,Phee,true,1
Qwen/Qwen2.5-Omni-7B,221515,full_0-8k,Phee,Phee,Phee,true,1
Qwen/Qwen2.5-Omni-7B,223107,full_0-8k,Phee,Seep,Seep,false,1
Qwen/Qwen2.5-Omni-7B,223154,full_0-8k,Phee,Seep,Seep,false,1
Qwen/Qwen2.5-Omni-7B,223196,full_0-8k,Phee,Phee,Phee,true,1
Qwen/Qwen2.5-Omni-7B,223198,full_0-8k,Phee,Seep,Seep,false,1
Qwen/Qwen2.5-Omni-7B,223206,full_0-8k,Phee,Phee,Phee,true,1
Qwen/Qwen2.5-Omni-7B,223208,full_0-8k,Phee,Phee,Phee,true,1
Qwen/Qwen2.5-Omni-7B,24031,full_0-8k,Phee,Phee,Phee,true,1
Qwen/Qwen2.5-Omni-7B,242790,full_0-8k,Phee,Seep,Seep,false,1
Qwen/Qwen2.5-Omni-7B,26795,full_0-8k,Phee,Seep,Seep,false,1
Qwen/Qwen2.5-Omni-7B,268974,full_0-8k,Phee,Phee,Phee,true,1
Qwen/Qwen2.5-Omni-7B,285967,full_0-8k,Phee,Phee,Phee,true,1
Qwen/Qwen2.5-Omni-7B,317391,full_0-8k,Phee,Seep,Seep,false,1
Qwen/Qwen2.5-Omni-7B,34756,full_0-8k,Phee,Phee,Phee,true,1
Qwen/Qwen2.5-Omni-7B,36485,full_0-8k,Phee,Seep,Seep,false,1
Qwen/Qwen2.5-Omni-7B,377896,full_0-8k,Phee,Tsik,Tsik,false,1
Qwen/Qwen2.5-Omni-7B,389438,full_0-8k,Phee,Phee,Phee,true,1
Qwen/Qwen2.5-Omni-7B,395548,full_0-8k,Phee,Phee,Phee,true,1
Qwen/Qwen2.5-Omni-7B,408631,full_0-8k,Phee,Phee,Phee,true,1
Qwen/Qwen2.5-Omni-7B,508670,full_0-8k,Phee,Phee,Phee,true,1
Qwen/Qwen2.5-Omni-7B,508675,full_0-8k,Phee,Phee,Phee,true,1
Qwen/Qwen2.5-Omni-7B,508696,full_0-8k,Phee,Phee,Phee,true,1
Qwen/Qwen2.5-Omni-7B,508707,full_0-8k,Phee,Phee,Phee,true,1
Qwen/Qwen2.5-Omni-7B,508717,full_0-8k,Phee,Seep,Seep,false,1
Qwen/Qwen2.5-Omni-7B,508775,full_0-8k,Phee,Seep,Seep,false,1
Qwen/Qwen2.5-Omni-7B,508835,full_0-8k,Phee,Phee,Phee,true,1
Qwen/Qwen2.5-Omni-7B,508966,full_0-8k,Phee,Phee,Phee,true,1
Qwen/Qwen2.5-Omni-7B,509009,full_0-8k,Phee,Seep,Seep,false,1
Qwen/Qwen2.5-Omni-7B,509015,full_0-8k,Phee,Phee,Phee,true,1
Qwen/Qwen2.5-Omni-7B,509036,full_0-8k,Phee,Phee,Phee,true,1
Qwen/Qwen2.5-Omni-7B,509047,full_0-8k,Phee,Seep,Seep,false,1
Qwen/Qwen2.5-Omni-7B,509050,full_0-8k,Phee,Seep,Seep,false,1
Qwen/Qwen2.5-Omni-7B,511620,full_0-8k,Phee,Seep,Seep,false,1
Qwen/Qwen2.5-Omni-7B,518079,full_0-8k,Phee,Phee,Phee,true,1
Qwen/Qwen2.5-Omni-7B,521545,full_0-8k,Phee,Phee,Phee,true,1
Qwen/Qwen2.5-Omni-7B,525796,full_0-8k,Phee,Phee,Phee,true,1
Qwen/Qwen2.5-Omni-7B,525942,full_0-8k,Phee,Seep,Seep,false,1
Qwen/Qwen2.5-Omni-7B,527150,full_0-8k,Phee,Phee,Phee,true,1
Qwen/Qwen2.5-Omni-7B,527518,full_0-8k,Phee,Seep,Seep,false,1
Qwen/Qwen2.5-Omni-7B,527789,full_0-8k,Phee,Phee,Phee,true,1
Qwen/Qwen2.5-Omni-7B,528688,full_0-8k,Phee,Phee,Phee,true,1
Qwen/Qwen2.5-Omni-7B,536094,full_0-8k,Phee,Phee,Phee,true,1
Qwen/Qwen2.5-Omni-7B,539354,full_0-8k,Phee,Phee,Phee,true,1
Qwen/Qwen2.5-Omni-7B,54180,full_0-8k,Phee,Seep,Seep,false,1
Qwen/Qwen2.5-Omni-7B,547992,full_0-8k,Phee,Phee,Phee,true,1
Qwen/Qwen2.5-Omni-7B,551590,full_0-8k,Phee,Phee,Phee,true,1
Qwen/Qwen2.5-Omni-7B,557502,full_0-8k,Phee,Seep,Seep,false,1
Qwen/Qwen2.5-Omni-7B,558541,full_0-8k,Phee,Phee,Phee,true,1
Qwen/Qwen2.5-Omni-7B,575225,full_0-8k,Phee,Seep,Seep,false,1
Qwen/Qwen2.5-Omni-7B,580352,full_0-8k,Phee,Phee,Phee,true,1
Qwen/Qwen2.5-Omni-7B,582600,full_0-8k,Phee,Phee,Phee,true,1
Qwen/Qwen2.5-Omni-7B,582669,full_0-8k,Phee,Phee,Phee,true,1
Qwen/Qwen2.5-Omni-7B,583172,full_0-8k,Phee,Seep,Seep,false,1
Qwen/Qwen2.5-Omni-7B,583673,full_0-8k,Phee,Seep,Seep,false,1
Qwen/Qwen2.5-Omni-7B,583769,full_0-8k,Phee,Seep,Seep,false,1
Qwen/Qwen2.5-Omni-7B,584012,full_0-8k,Phee,Phee,Phee,true,1
Qwen/Qwen2.5-Omni-7B,590590,full_0-8k,Phee,Phee,Phee,true,1
Qwen/Qwen2.5-Omni-7B,61472,full_0-8k,Phee,Seep,Seep,false,1
Qwen/Qwen2.5-Omni-7B,630989,full_0-8k,Phee,Seep,Seep,false,1
Qwen/Qwen2.5-Omni-7B,631145,full_0-8k,Phee,Seep,Seep,false,1
Qwen/Qwen2.5-Omni-7B,631485,full_0-8k,Phee,Phee,Phee,true,1
Qwen/Qwen2.5-Omni-7B,632300,full_0-8k,Phee,Phee,Phee,true,1
Qwen/Qwen2.5-Omni-7B,632863,full_0-8k,Phee,Seep,Seep,false,1
Qwen/Qwen2.5-Omni-7B,633531,full_0-8k,Phee,Phee,Phee,true,1
Qwen/Qwen2.5-Omni-7B,638580,full_0-8k,Phee,Phee,Phee,true,1
Qwen/Qwen2.5-Omni-7B,639491,full_0-8k,Phee,Seep,Seep,false,1
Qwen/Qwen2.5-Omni-7B,647588,full_0-8k,Phee,Phee,Phee,true,1
Qwen/Qwen2.5-Omni-7B,657440,full_0-8k,Phee,Phee,Phee,true,1
Qwen/Qwen2.5-Omni-7B,658275,full_0-8k,Phee,Seep,Seep,false,1
Qwen/Qwen2.5-Omni-7B,663233,full_0-8k,Phee,Phee,Phee,true,1
Qwen/Qwen2.5-Omni-7B,669577,full_0-8k,Phee,Phee,Phee,true,1
Qwen/Qwen2.5-Omni-7B,704199,full_0-8k,Phee,Phee,Phee,true,1
Qwen/Qwen2.5-Omni-7B,706021,full_0-8k,Phee,Phee,Phee,true,1
Qwen/Qwen2.5-Omni-7B,708365,full_0-8k,Phee,Phee,Phee,true,1
Qwen/Qwen2.5-Omni-7B,734091,full_0-8k,Phee,Seep,Seep,false,1
Qwen/Qwen2.5-Omni-7B,745366,full_0-8k,Phee,Seep,Seep,false,1
Qwen/Qwen2.5-Omni-7B,758751,full_0-8k,Phee,Seep,Seep,false,1
Qwen/Qwen2.5-Omni-7B,773651,full_0-8k,Phee,Phee,Phee,true,1
Qwen/Qwen2.5-Omni-7B,778988,full_0-8k,Phee,Phee,Phee,true,1
Qwen/Qwen2.5-Omni-7B,788000,full_0-8k,Phee,Phee,Phee,true,1
Qwen/Qwen2.5-Omni-7B,794666,full_0-8k,Phee,Phee,Phee,true,1
Qwen/Qwen2.5-Omni-7B,81234,full_0-8k,Phee,Phee,Phee,true,1
Qwen/Qwen2.5-Omni-7B,822050,full_0-8k,Phee,Seep,Seep,false,1
Qwen/Qwen2.5-Omni-7B,822265,full_0-8k,Phee,Phee,Phee,true,1
Qwen/Qwen2.5-Omni-7B,824405,full_0-8k,Phee,Phee,Phee,true,1
Qwen/Qwen2.5-Omni-7B,840586,full_0-8k,Phee,Phee,Phee,true,1
Qwen/Qwen2.5-Omni-7B,851005,full_0-8k,Phee,Phee,Phee,true,1
Qwen/Qwen2.5-Omni-7B,851788,full_0-8k,Phee,Phee,Phee,true,1
Qwen/Qwen2.5-Omni-7B,852264,full_0-8k,Phee,Seep,Seep,false,1
Qwen/Qwen2.5-Omni-7B,857896,full_0-8k,Phee,Phee,Phee,true,1
Qwen/Qwen2.5-Omni-7B,857970,full_0-8k,Phee,Seep,Seep,false,1
Qwen/Qwen2.5-Omni-7B,860537,full_0-8k,Phee,Phee,Phee,true,1
Qwen/Qwen2.5-Omni-7B,862343,full_0-8k,Phee,Phee,Phee,true,1
Qwen/Qwen2.5-Omni-7B,862520,full_0-8k,Phee,Phee,Phee,true,1
Qwen/Qwen2.5-Omni-7B,121321,full_0-8k,Seep,Phee,Phee,false,1
Qwen/Qwen2.5-Omni-7B,135177,full_0-8k,Seep,Phee,Phee,false,1
Qwen/Qwen2.5-Omni-7B,173793,full_0-8k,Seep,Phee,Phee,false,1
Qwen/Qwen2.5-Omni-7B,211832,full_0-8k,Seep,Tsik,Tsik,false,1
Qwen/Qwen2.5-Omni-7B,211974,full_0-8k,Seep,Tsik,Tsik,false,1
Qwen/Qwen2.5-Omni-7B,212002,full_0-8k,Seep,Phee,Phee,false,1
Qwen/Qwen2.5-Omni-7B,212103,full_0-8k,Seep,Phee,Phee,false,1
Qwen/Qwen2.5-Omni-7B,212106,full_0-8k,Seep,Seep,Seep,true,1
Qwen/Qwen2.5-Omni-7B,212109,full_0-8k,Seep,Tsik,Tsik,false,1
Qwen/Qwen2.5-Omni-7B,212110,full_0-8k,Seep,Tsik,Tsik,false,1
Qwen/Qwen2.5-Omni-7B,212113,full_0-8k,Seep,Phee,Phee,false,1
Qwen/Qwen2.5-Omni-7B,212116,full_0-8k,Seep,Tsik,Tsik,false,1
Qwen/Qwen2.5-Omni-7B,212120,full_0-8k,Seep,Tsik,Tsik,false,1
Qwen/Qwen2.5-Omni-7B,212126,full_0-8k,Seep,Tsik,Tsik,false,1
Qwen/Qwen2.5-Omni-7B,212127,full_0-8k,Seep,Phee,Phee,false,1
Qwen/Qwen2.5-Omni-7B,212130,full_0-8k,Seep,Phee,Phee,false,1
Qwen/Qwen2.5-Omni-7B,223298,full_0-8k,Seep,Phee,Phee,false,1
Qwen/Qwen2.5-Omni-7B,228489,full_0-8k,Seep,Phee,Phee,false,1
Qwen/Qwen2.5-Omni-7B,235891,full_0-8k,Seep,Seep,Seep,true,1
Qwen/Qwen2.5-Omni-7B,237025,full_0-8k,Seep,Phee,Phee,false,1
Qwen/Qwen2.5-Omni-7B,242947,full_0-8k,Seep,Phee,Phee,false,1
Qwen/Qwen2.5-Omni-7B,277849,full_0-8k,Seep,Phee,Phee,false,1
Qwen/Qwen2.5-Omni-7B,285498,full_0-8k,Seep,Phee,Phee,false,1
Qwen/Qwen2.5-Omni-7B,294079,full_0-8k,Seep,Tsik,Tsik,false,1
Qwen/Qwen2.5-Omni-7B,297892,full_0-8k,Seep,Seep,Seep,true,1
Qwen/Qwen2.5-Omni-7B,303572,full_0-8k,Seep,Tsik,Tsik,false,1
Qwen/Qwen2.5-Omni-7B,31828,full_0-8k,Seep,Phee,Phee,false,1
Qwen/Qwen2.5-Omni-7B,411252,full_0-8k,Seep,Seep,Seep,true,1
Qwen/Qwen2.5-Omni-7B,414997,full_0-8k,Seep,Phee,Phee,false,1
Qwen/Qwen2.5-Omni-7B,422474,full_0-8k,Seep,Tsik,Tsik,false,1
Qwen/Qwen2.5-Omni-7B,422515,full_0-8k,Seep,Phee,Phee,false,1
Qwen/Qwen2.5-Omni-7B,46505,full_0-8k,Seep,Tsik,Tsik,false,1
Qwen/Qwen2.5-Omni-7B,495081,full_0-8k,Seep,Phee,Phee,false,1
Qwen/Qwen2.5-Omni-7B,508896,full_0-8k,Seep,Seep,Seep,true,1
Qwen/Qwen2.5-Omni-7B,509055,full_0-8k,Seep,Seep,Seep,true,1
Qwen/Qwen2.5-Omni-7B,509060,full_0-8k,Seep,Phee,Phee,false,1
Qwen/Qwen2.5-Omni-7B,509065,full_0-8k,Seep,Phee,Phee,false,1
Qwen/Qwen2.5-Omni-7B,523406,full_0-8k,Seep,Tsik,Tsik,false,1
Qwen/Qwen2.5-Omni-7B,527437,full_0-8k,Seep,Phee,Phee,false,1
Qwen/Qwen2.5-Omni-7B,533988,full_0-8k,Seep,Seep,Seep,true,1
Qwen/Qwen2.5-Omni-7B,539296,full_0-8k,Seep,Seep,Seep,true,1
Qwen/Qwen2.5-Omni-7B,541326,full_0-8k,Seep,Phee,Phee,false,1
Qwen/Qwen2.5-Omni-7B,556028,full_0-8k,Seep,Tsik,Tsik,false,1
Qwen/Qwen2.5-Omni-7B,571992,full_0-8k,Seep,Phee,Phee,false,1
Qwen/Qwen2.5-Omni-7B,582662,full_0-8k,Seep,Seep,Seep,true,1
Qwen/Qwen2.5-Omni-7B,583884,full_0-8k,Seep,Phee,Phee,false,1
Qwen/Qwen2.5-Omni-7B,584362,full_0-8k,Seep,Phee,Phee,false,1
Qwen/Qwen2.5-Omni-7B,586064,full_0-8k,Seep,Seep,Seep,true,1
Qwen/Qwen2.5-Omni-7B,617822,full_0-8k,Seep,Tsik,Tsik,false,1
Qwen/Qwen2.5-Omni-7B,619623,full_0-8k,Seep,Phee,Phee,false,1
Qwen/Qwen2.5-Omni-7B,622417,full_0-8k,Seep,Phee,Phee,false,1
Qwen/Qwen2.5-Omni-7B,623382,full_0-8k,Seep,Phee,Phee,false,1
Qwen/Qwen2.5-Omni-7B,623621,full_0-8k,Seep,Tsik,Tsik,false,1
Qwen/Qwen2.5-Omni-7B,623713,full_0-8k,Seep,Seep,Seep,true,1
Qwen/Qwen2.5-Omni-7B,631021,full_0-8k,Seep,Phee,Phee,false,1
Qwen/Qwen2.5-Omni-7B,637669,full_0-8k,Seep,Tsik,Tsik,false,1
Qwen/Qwen2.5-Omni-7B,652668,full_0-8k,Seep,Phee,Phee,false,1
Qwen/Qwen2.5-Omni-7B,655668,full_0-8k,Seep,Phee,Phee,false,1
Qwen/Qwen2.5-Omni-7B,655868,full_0-8k,Seep,Seep,Seep,true,1
Qwen/Qwen2.5-Omni-7B,667130,full_0-8k,Seep,Phee,Phee,false,1
Qwen/Qwen2.5-Omni-7B,669272,full_0-8k,Seep,Seep,Seep,true,1
Qwen/Qwen2.5-Omni-7B,669273,full_0-8k,Seep,Tsik,Tsik,false,1
Qwen/Qwen2.5-Omni-7B,670290,full_0-8k,Seep,Phee,Phee,false,1
Qwen/Qwen2.5-Omni-7B,697899,full_0-8k,Seep,Phee,Phee,false,1
Qwen/Qwen2.5-Omni-7B,715845,full_0-8k,Seep,Phee,Phee,false,1
Qwen/Qwen2.5-Omni-7B,732993,full_0-8k,Seep,Phee,Phee,false,1
Qwen/Qwen2.5-Omni-7B,734314,full_0-8k,Seep,Phee,Phee,false,1
Qwen/Qwen2.5-Omni-7B,736548,full_0-8k,Seep,Tsik,Tsik,false,1
Qwen/Qwen2.5-Omni-7B,739815,full_0-8k,Seep,Phee,Phee,false,1
Qwen/Qwen2.5-Omni-7B,741056,full_0-8k,Seep,Seep,Seep,true,1
Qwen/Qwen2.5-Omni-7B,769197,full_0-8k,Seep,Seep,Seep,true,1
Qwen/Qwen2.5-Omni-7B,769489,full_0-8k,Seep,Phee,Phee,false,1
Qwen/Qwen2.5-Omni-7B,773125,full_0-8k,Seep,Phee,Phee,false,1
Qwen/Qwen2.5-Omni-7B,781684,full_0-8k,Seep,Phee,Phee,false,1
Qwen/Qwen2.5-Omni-7B,794037,full_0-8k,Seep,Phee,Phee,false,1
Qwen/Qwen2.5-Omni-7B,81191,full_0-8k,Seep,Phee,Phee,false,1
Qwen/Qwen2.5-Omni-7B,857186,full_0-8k,Seep,Phee,Phee,false,1
Qwen/Qwen2.5-Omni-7B,866515,full_0-8k,Seep,Phee,Phee,false,1
Qwen/Qwen2.5-Omni-7B,866655,full_0-8k,Seep,Tsik,Tsik,false,1
Qwen/Qwen2.5-Omni-7B,102022,full_0-8k,Trill,Phee,Phee,false,1
Qwen/Qwen2.5-Omni-7B,121474,full_0-8k,Trill,Tsik,Tsik,false,1
Qwen/Qwen2.5-Omni-7B,161850,full_0-8k,Trill,Tsik,Tsik,false,1
Qwen/Qwen2.5-Omni-7B,172015,full_0-8k,Trill,Phee,Phee,false,1
Qwen/Qwen2.5-Omni-7B,190781,full_0-8k,Trill,Phee,Phee,false,1
Qwen/Qwen2.5-Omni-7B,195490,full_0-8k,Trill,Phee,Phee,false,1
Qwen/Qwen2.5-Omni-7B,223123,full_0-8k,Trill,Phee,Phee,false,1
Qwen/Qwen2.5-Omni-7B,223144,full_0-8k,Trill,Tsik,Tsik,false,1
Qwen/Qwen2.5-Omni-7B,223263,full_0-8k,Trill,Phee,Phee,false,1
Qwen/Qwen2.5-Omni-7B,233067,full_0-8k,Trill,Seep,Seep,false,1
Qwen/Qwen2.5-Omni-7B,238981,full_0-8k,Trill,Tsik,Tsik,false,1
Qwen/Qwen2.5-Omni-7B,269263,full_0-8k,Trill,Tsik,Tsik,false,1
Qwen/Qwen2.5-Omni-7B,343808,full_0-8k,Trill,Seep,Seep,false,1
Qwen/Qwen2.5-Omni-7B,354379,full_0-8k,Trill,Phee,Phee,false,1
Qwen/Qwen2.5-Omni-7B,362733,full_0-8k,Trill,Phee,Phee,false,1
Qwen/Qwen2.5-Omni-7B,397118,full_0-8k,Trill,Phee,Phee,false,1
Qwen/Qwen2.5-Omni-7B,436313,full_0-8k,Trill,Seep,Seep,false,1
Qwen/Qwen2.5-Omni-7B,456914,full_0-8k,Trill,Phee,Phee,false,1
Qwen/Qwen2.5-Omni-7B,463226,full_0-8k,Trill,Tsik,Tsik,false,1
Qwen/Qwen2.5-Omni-7B,470849,full_0-8k,Trill,Phee,Phee,false,1
Qwen/Qwen2.5-Omni-7B,502854,full_0-8k,Trill,Tsik,Tsik,false,1
Qwen/Qwen2.5-Omni-7B,51436,full_0-8k,Trill,Tsik,Tsik,false,1
Qwen/Qwen2.5-Omni-7B,515398,full_0-8k,Trill,Phee,Phee,false,1
Qwen/Qwen2.5-Omni-7B,517703,full_0-8k,Trill,Phee,Phee,false,1
Qwen/Qwen2.5-Omni-7B,526430,full_0-8k,Trill,Seep,Seep,false,1
Qwen/Qwen2.5-Omni-7B,52861,full_0-8k,Trill,Tsik,Tsik,false,1
Qwen/Qwen2.5-Omni-7B,548798,full_0-8k,Trill,Tsik,Tsik,false,1
Qwen/Qwen2.5-Omni-7B,549295,full_0-8k,Trill,Tsik,Tsik,false,1
Qwen/Qwen2.5-Omni-7B,549995,full_0-8k,Trill,Phee,Phee,false,1
Qwen/Qwen2.5-Omni-7B,561688,full_0-8k,Trill,Phee,Phee,false,1
Qwen/Qwen2.5-Omni-7B,56195,full_0-8k,Trill,Tsik,Tsik,false,1
Qwen/Qwen2.5-Omni-7B,564626,full_0-8k,Trill,Tsik,Tsik,false,1
Qwen/Qwen2.5-Omni-7B,572081,full_0-8k,Trill,Tsik,Tsik,false,1
Qwen/Qwen2.5-Omni-7B,580149,full_0-8k,Trill,Phee,Phee,false,1
Qwen/Qwen2.5-Omni-7B,584053,full_0-8k,Trill,Phee,Phee,false,1
Qwen/Qwen2.5-Omni-7B,589438,full_0-8k,Trill,Tsik,Tsik,false,1
Qwen/Qwen2.5-Omni-7B,592253,full_0-8k,Trill,Tsik,Tsik,false,1
Qwen/Qwen2.5-Omni-7B,592333,full_0-8k,Trill,Phee,Phee,false,1
Qwen/Qwen2.5-Omni-7B,592365,full_0-8k,Trill,Tsik,Tsik,false,1
Qwen/Qwen2.5-Omni-7B,592485,full_0-8k,Trill,Tsik,Tsik,false,1
Qwen/Qwen2.5-Omni-7B,593649,full_0-8k,Trill,Phee,Phee,false,1
Qwen/Qwen2.5-Omni-7B,594023,full_0-8k,Trill,Tsik,Tsik,false,1
Qwen/Qwen2.5-Omni-7B,595018,full_0-8k,Trill,Seep,Seep,false,1
Qwen/Qwen2.5-Omni-7B,622320,full_0-8k,Trill,Phee,Phee,false,1
Qwen/Qwen2.5-Omni-7B,624712,full_0-8k,Trill,Seep,Seep,false,1
Qwen/Qwen2.5-Omni-7B,630476,full_0-8k,Trill,Tsik,Tsik,false,1
Qwen/Qwen2.5-Omni-7B,631448,full_0-8k,Trill,Phee,Phee,false,1
Qwen/Qwen2.5-Omni-7B,633994,full_0-8k,Trill,Phee,Phee,false,1
Qwen/Qwen2.5-Omni-7B,638810,full_0-8k,Trill,Tsik,Tsik,false,1
Qwen/Qwen2.5-Omni-7B,639917,full_0-8k,Trill,Tsik,Tsik,false,1
Qwen/Qwen2.5-Omni-7B,649137,full_0-8k,Trill,Tsik,Tsik,false,1
Qwen/Qwen2.5-Omni-7B,666889,full_0-8k,Trill,Tsik,Tsik,false,1
Qwen/Qwen2.5-Omni-7B,667042,full_0-8k,Trill,Phee,Phee,false,1
Qwen/Qwen2.5-Omni-7B,667091,full_0-8k,Trill,Phee,Phee,false,1
Qwen/Qwen2.5-Omni-7B,667312,full_0-8k,Trill,Phee,Phee,false,1
Qwen/Qwen2.5-Omni-7B,668428,full_0-8k,Trill,Seep,Seep,false,1
Qwen/Qwen2.5-Omni-7B,669075,full_0-8k,Trill,Phee,Phee,false,1
Qwen/Qwen2.5-Omni-7B,670835,full_0-8k,Trill,Phee,Phee,false,1
Qwen/Qwen2.5-Omni-7B,679182,full_0-8k,Trill,Phee,Phee,false,1
Qwen/Qwen2.5-Omni-7B,686112,full_0-8k,Trill,Tsik,Tsik,false,1
Qwen/Qwen2.5-Omni-7B,687244,full_0-8k,Trill,Phee,Phee,false,1
Qwen/Qwen2.5-Omni-7B,691986,full_0-8k,Trill,Phee,Phee,false,1
Qwen/Qwen2.5-Omni-7B,695230,full_0-8k,Trill,Tsik,Tsik,false,1
Qwen/Qwen2.5-Omni-7B,707417,full_0-8k,Trill,Tsik,Tsik,false,1
Qwen/Qwen2.5-Omni-7B,708875,full_0-8k,Trill,Seep,Seep,false,1
Qwen/Qwen2.5-Omni-7B,714664,full_0-8k,Trill,Seep,Seep,false,1
Qwen/Qwen2.5-Omni-7B,725841,full_0-8k,Trill,Seep,Seep,false,1
Qwen/Qwen2.5-Omni-7B,738495,full_0-8k,Trill,Phee,Phee,false,1
Qwen/Qwen2.5-Omni-7B,762457,full_0-8k,Trill,Phee,Phee,false,1
Qwen/Qwen2.5-Omni-7B,768310,full_0-8k,Trill,Seep,Seep,false,1
Qwen/Qwen2.5-Omni-7B,781044,full_0-8k,Trill,Tsik,Tsik,false,1
Qwen/Qwen2.5-Omni-7B,804279,full_0-8k,Trill,Seep,Seep,false,1
Qwen/Qwen2.5-Omni-7B,805610,full_0-8k,Trill,Seep,Seep,false,1
Qwen/Qwen2.5-Omni-7B,809280,full_0-8k,Trill,Phee,Phee,false,1
Qwen/Qwen2.5-Omni-7B,827373,full_0-8k,Trill,Tsik,Tsik,false,1
Qwen/Qwen2.5-Omni-7B,836027,full_0-8k,Trill,Seep,Seep,false,1
Qwen/Qwen2.5-Omni-7B,837515,full_0-8k,Trill,Phee,Phee,false,1
Qwen/Qwen2.5-Omni-7B,851383,full_0-8k,Trill,Phee,Phee,false,1
Qwen/Qwen2.5-Omni-7B,852107,full_0-8k,Trill,Phee,Phee,false,1
Qwen/Qwen2.5-Omni-7B,859379,full_0-8k,Trill,Phee,Phee,false,1
Qwen/Qwen2.5-Omni-7B,861790,full_0-8k,Trill,Tsik,Tsik,false,1
Qwen/Qwen2.5-Omni-7B,867502,full_0-8k,Trill,Seep,Seep,false,1
Qwen/Qwen2.5-Omni-7B,867780,full_0-8k,Trill,Phee,Phee,false,1
Qwen/Qwen2.5-Omni-7B,110359,full_0-8k,Tsik,Tsik,Tsik,true,1
Qwen/Qwen2.5-Omni-7B,110581,full_0-8k,Tsik,Tsik,Tsik,true,1
Qwen/Qwen2.5-Omni-7B,122742,full_0-8k,Tsik,Tsik,Tsik,true,1
Qwen/Qwen2.5-Omni-7B,143307,full_0-8k,Tsik,Phee,Phee,false,1
Qwen/Qwen2.5-Omni-7B,170858,full_0-8k,Tsik,Seep,Seep,false,1
Qwen/Qwen2.5-Omni-7B,200722,full_0-8k,Tsik,Tsik,Tsik,true,1
Qwen/Qwen2.5-Omni-7B,209834,full_0-8k,Tsik,Tsik,Tsik,true,1
Qwen/Qwen2.5-Omni-7B,209838,full_0-8k,Tsik,Tsik,Tsik,true,1
Qwen/Qwen2.5-Omni-7B,209846,full_0-8k,Tsik,Tsik,Tsik,true,1
Qwen/Qwen2.5-Omni-7B,209851,full_0-8k,Tsik,Tsik,Tsik,true,1
Qwen/Qwen2.5-Omni-7B,209853,full_0-8k,Tsik,Tsik,Tsik,true,1
Qwen/Qwen2.5-Omni-7B,209876,full_0-8k,Tsik,Tsik,Tsik,true,1
Qwen/Qwen2.5-Omni-7B,209886,full_0-8k,Tsik,Seep,Seep,false,1
Qwen/Qwen2.5-Omni-7B,209891,full_0-8k,Tsik,Tsik,Tsik,true,1
Qwen/Qwen2.5-Omni-7B,209893,full_0-8k,Tsik,Tsik,Tsik,true,1
Qwen/Qwen2.5-Omni-7B,209900,full_0-8k,Tsik,Tsik,Tsik,true,1
Qwen/Qwen2.5-Omni-7B,209901,full_0-8k,Tsik,Tsik,Tsik,true,1
Qwen/Qwen2.5-Omni-7B,209905,full_0-8k,Tsik,Tsik,Tsik,true,1
Qwen/Qwen2.5-Omni-7B,209919,full_0-8k,Tsik,Tsik,Tsik,true,1
Qwen/Qwen2.5-Omni-7B,223371,full_0-8k,Tsik,Tsik,Tsik,true,1
Qwen/Qwen2.5-Omni-7B,248161,full_0-8k,Tsik,Seep,Seep,false,1
Qwen/Qwen2.5-Omni-7B,31471,full_0-8k,Tsik,Tsik,Tsik,true,1
Qwen/Qwen2.5-Omni-7B,335642,full_0-8k,Tsik,Tsik,Tsik,true,1
Qwen/Qwen2.5-Omni-7B,423771,full_0-8k,Tsik,Tsik,Tsik,true,1
Qwen/Qwen2.5-Omni-7B,438410,full_0-8k,Tsik,Tsik,Tsik,true,1
Qwen/Qwen2.5-Omni-7B,468429,full_0-8k,Tsik,Tsik,Tsik,true,1
Qwen/Qwen2.5-Omni-7B,480809,full_0-8k,Tsik,Tsik,Tsik,true,1
Qwen/Qwen2.5-Omni-7B,481037,full_0-8k,Tsik,Tsik,Tsik,true,1
Qwen/Qwen2.5-Omni-7B,508866,full_0-8k,Tsik,Seep,Seep,false,1
Qwen/Qwen2.5-Omni-7B,508870,full_0-8k,Tsik,Tsik,Tsik,true,1
Qwen/Qwen2.5-Omni-7B,508872,full_0-8k,Tsik,Seep,Seep,false,1
Qwen/Qwen2.5-Omni-7B,508903,full_0-8k,Tsik,Tsik,Tsik,true,1
Qwen/Qwen2.5-Omni-7B,508905,full_0-8k,Tsik,Tsik,Tsik,true,1
Qwen/Qwen2.5-Omni-7B,508923,full_0-8k,Tsik,Tsik,Tsik,true,1
Qwen/Qwen2.5-Omni-7B,50919,full_0-8k,Tsik,Tsik,Tsik,true,1
Qwen/Qwen2.5-Omni-7B,525735,full_0-8k,Tsik,Tsik,Tsik,true,1
Qwen/Qwen2.5-Omni-7B,526904,full_0-8k,Tsik,Tsik,Tsik,true,1
Qwen/Qwen2.5-Omni-7B,549904,full_0-8k,Tsik,Tsik,Tsik,true,1
Qwen/Qwen2.5-Omni-7B,558254,full_0-8k,Tsik,Tsik,Tsik,true,1
Qwen/Qwen2.5-Omni-7B,563468,full_0-8k,Tsik,Tsik,Tsik,true,1
Qwen/Qwen2.5-Omni-7B,567790,full_0-8k,Tsik,Tsik,Tsik,true,1
Qwen/Qwen2.5-Omni-7B,589271,full_0-8k,Tsik,Tsik,Tsik,true,1
Qwen/Qwen2.5-Omni-7B,593315,full_0-8k,Tsik,Tsik,Tsik,true,1
Qwen/Qwen2.5-Omni-7B,610080,full_0-8k,Tsik,Tsik,Tsik,true,1
Qwen/Qwen2.5-Omni-7B,614582,full_0-8k,Tsik,Seep,Seep,false,1
Qwen/Qwen2.5-Omni-7B,614794,full_0-8k,Tsik,Tsik,Tsik,true,1
Qwen/Qwen2.5-Omni-7B,622312,full_0-8k,Tsik,Seep,Seep,false,1
Qwen/Qwen2.5-Omni-7B,623831,full_0-8k,Tsik,Tsik,Tsik,true,1
Qwen/Qwen2.5-Omni-7B,631947,full_0-8k,Tsik,Tsik,Tsik,true,1
Qwen/Qwen2.5-Omni-7B,632037,full_0-8k,Tsik,Phee,Phee,false,1
Qwen/Qwen2.5-Omni-7B,636120,full_0-8k,Tsik,Tsik,Tsik,true,1
Qwen/Qwen2.5-Omni-7B,636151,full_0-8k,Tsik,Tsik,Tsik,true,1
Qwen/Qwen2.5-Omni-7B,642827,full_0-8k,Tsik,Tsik,Tsik,true,1
Qwen/Qwen2.5-Omni-7B,654915,full_0-8k,Tsik,Tsik,Tsik,true,1
Qwen/Qwen2.5-Omni-7B,662160,full_0-8k,Tsik,Seep,Seep,false,1
Qwen/Qwen2.5-Omni-7B,663998,full_0-8k,Tsik,Tsik,Tsik,true,1
Qwen/Qwen2.5-Omni-7B,666489,full_0-8k,Tsik,Seep,Seep,false,1
Qwen/Qwen2.5-Omni-7B,666571,full_0-8k,Tsik,Tsik,Tsik,true,1
Qwen/Qwen2.5-Omni-7B,666726,full_0-8k,Tsik,Tsik,Tsik,true,1
Qwen/Qwen2.5-Omni-7B,666835,full_0-8k,Tsik,Tsik,Tsik,true,1
Qwen/Qwen2.5-Omni-7B,667582,full_0-8k,Tsik,Tsik,Tsik,true,1
Qwen/Qwen2.5-Omni-7B,668393,full_0-8k,Tsik,Tsik,Tsik,true,1
Qwen/Qwen2.5-Omni-7B,668980,full_0-8k,Tsik,Tsik,Tsik,true,1
Qwen/Qwen2.5-Omni-7B,669789,full_0-8k,Tsik,Tsik,Tsik,true,1
Qwen/Qwen2.5-Omni-7B,687663,full_0-8k,Tsik,Tsik,Tsik,true,1
Qwen/Qwen2.5-Omni-7B,716490,full_0-8k,Tsik,Tsik,Tsik,true,1
Qwen/Qwen2.5-Omni-7B,746198,full_0-8k,Tsik,Tsik,Tsik,true,1
Qwen/Qwen2.5-Omni-7B,753447,full_0-8k,Tsik,Tsik,Tsik,true,1
Qwen/Qwen2.5-Omni-7B,755986,full_0-8k,Tsik,Tsik,Tsik,true,1
Qwen/Qwen2.5-Omni-7B,770417,full_0-8k,Tsik,Tsik,Tsik,true,1
Qwen/Qwen2.5-Omni-7B,770853,full_0-8k,Tsik,Tsik,Tsik,true,1
Qwen/Qwen2.5-Omni-7B,779744,full_0-8k,Tsik,Tsik,Tsik,true,1
Qwen/Qwen2.5-Omni-7B,784804,full_0-8k,Tsik,Tsik,Tsik,true,1
Qwen/Qwen2.5-Omni-7B,787004,full_0-8k,Tsik,Tsik,Tsik,true,1
Qwen/Qwen2.5-Omni-7B,792714,full_0-8k,Tsik,Tsik,Tsik,true,1
Qwen/Qwen2.5-Omni-7B,799377,full_0-8k,Tsik,Tsik,Tsik,true,1
Qwen/Qwen2.5-Omni-7B,801091,full_0-8k,Tsik,Tsik,Tsik,true,1
Qwen/Qwen2.5-Omni-7B,804713,full_0-8k,Tsik,Seep,Seep,false,1
Qwen/Qwen2.5-Omni-7B,805029,full_0-8k,Tsik,Seep,Seep,false,1
Qwen/Qwen2.5-Omni-7B,807122,full_0-8k,Tsik,Tsik,Tsik,true,1
Qwen/Qwen2.5-Omni-7B,816990,full_0-8k,Tsik,Tsik,Tsik,true,1
Qwen/Qwen2.5-Omni-7B,84423,full_0-8k,Tsik,Tsik,Tsik,true,1
Qwen/Qwen2.5-Omni-7B,847877,full_0-8k,Tsik,Phee,Phee,false,1
Qwen/Qwen2.5-Omni-7B,853911,full_0-8k,Tsik,Tsik,Tsik,true,1
Qwen/Qwen2.5-Omni-7B,867489,full_0-8k,Tsik,Seep,Seep,false,1
Qwen/Qwen2.5-Omni-7B,137886,full_0-8k,Twitter,Twitter,Twitter,true,1
Qwen/Qwen2.5-Omni-7B,152770,full_0-8k,Twitter,Phee,Phee,false,1
Qwen/Qwen2.5-Omni-7B,166603,full_0-8k,Twitter,Seep,Seep,false,1
Qwen/Qwen2.5-Omni-7B,174653,full_0-8k,Twitter,Twitter,Twitter,true,1
Qwen/Qwen2.5-Omni-7B,205050,full_0-8k,Twitter,Tsik,Tsik,false,1
Qwen/Qwen2.5-Omni-7B,211769,full_0-8k,Twitter,Tsik,Tsik,false,1
Qwen/Qwen2.5-Omni-7B,223149,full_0-8k,Twitter,Phee,Phee,false,1
Qwen/Qwen2.5-Omni-7B,223184,full_0-8k,Twitter,Tsik,Tsik,false,1
Qwen/Qwen2.5-Omni-7B,223365,full_0-8k,Twitter,Tsik,Tsik,false,1
Qwen/Qwen2.5-Omni-7B,227303,full_0-8k,Twitter,Tsik,Tsik,false,1
Qwen/Qwen2.5-Omni-7B,228842,full_0-8k,Twitter,Phee,Phee,false,1
Qwen/Qwen2.5-Omni-7B,241125,full_0-8k,Twitter,Phee,Phee,false,1
Qwen/Qwen2.5-Omni-7B,248263,full_0-8k,Twitter,Tsik,Tsik,false,1
Qwen/Qwen2.5-Omni-7B,248296,full_0-8k,Twitter,Twitter,Twitter,true,1
Qwen/Qwen2.5-Omni-7B,250172,full_0-8k,Twitter,Seep,Seep,false,1
Qwen/Qwen2.5-Omni-7B,273977,full_0-8k,Twitter,Phee,Phee,false,1
Qwen/Qwen2.5-Omni-7B,274918,full_0-8k,Twitter,Seep,Seep,false,1
Qwen/Qwen2.5-Omni-7B,293662,full_0-8k,Twitter,Tsik,Tsik,false,1
Qwen/Qwen2.5-Omni-7B,313999,full_0-8k,Twitter,Tsik,Tsik,false,1
Qwen/Qwen2.5-Omni-7B,363877,full_0-8k,Twitter,Phee,Phee,false,1
Qwen/Qwen2.5-Omni-7B,36522,full_0-8k,Twitter,Phee,Phee,false,1
Qwen/Qwen2.5-Omni-7B,380174,full_0-8k,Twitter,Phee,Phee,false,1
Qwen/Qwen2.5-Omni-7B,386889,full_0-8k,Twitter,Seep,Seep,false,1
Qwen/Qwen2.5-Omni-7B,400874,full_0-8k,Twitter,Phee,Phee,false,1
Qwen/Qwen2.5-Omni-7B,43726,full_0-8k,Twitter,Phee,Phee,false,1
Qwen/Qwen2.5-Omni-7B,442547,full_0-8k,Twitter,Seep,Seep,false,1
Qwen/Qwen2.5-Omni-7B,452855,full_0-8k,Twitter,Seep,Seep,false,1
Qwen/Qwen2.5-Omni-7B,508634,full_0-8k,Twitter,Twitter,Twitter,true,1
Qwen/Qwen2.5-Omni-7B,508636,full_0-8k,Twitter,Tsik,Tsik,false,1
Qwen/Qwen2.5-Omni-7B,508695,full_0-8k,Twitter,Seep,Seep,false,1
Qwen/Qwen2.5-Omni-7B,508749,full_0-8k,Twitter,Tsik,Tsik,false,1
Qwen/Qwen2.5-Omni-7B,508777,full_0-8k,Twitter,Tsik,Tsik,false,1
Qwen/Qwen2.5-Omni-7B,508828,full_0-8k,Twitter,Tsik,Tsik,false,1
Qwen/Qwen2.5-Omni-7B,508830,full_0-8k,Twitter,Phee,Phee,false,1
Qwen/Qwen2.5-Omni-7B,508964,full_0-8k,Twitter,Phee,Phee,false,1
Qwen/Qwen2.5-Omni-7B,508992,full_0-8k,Twitter,Seep,Seep,false,1
Qwen/Qwen2.5-Omni-7B,508993,full_0-8k,Twitter,Seep,Seep,false,1
Qwen/Qwen2.5-Omni-7B,509005,full_0-8k,Twitter,Tsik,Tsik,false,1
Qwen/Qwen2.5-Omni-7B,509006,full_0-8k,Twitter,Tsik,Tsik,false,1
Qwen/Qwen2.5-Omni-7B,509008,full_0-8k,Twitter,Phee,Phee,false,1
Qwen/Qwen2.5-Omni-7B,509026,full_0-8k,Twitter,Tsik,Tsik,false,1
Qwen/Qwen2.5-Omni-7B,509046,full_0-8k,Twitter,Tsik,Tsik,false,1
Qwen/Qwen2.5-Omni-7B,509087,full_0-8k,Twitter,Seep,Seep,false,1
Qwen/Qwen2.5-Omni-7B,511735,full_0-8k,Twitter,Tsik,Tsik,false,1
Qwen/Qwen2.5-Omni-7B,525243,full_0-8k,Twitter,Seep,Seep,false,1
Qwen/Qwen2.5-Omni-7B,525561,full_0-8k,Twitter,Tsik,Tsik,false,1
Qwen/Qwen2.5-Omni-7B,525562,full_0-8k,Twitter,Tsik,Tsik,false,1
Qwen/Qwen2.5-Omni-7B,527487,full_0-8k,Twitter,Twitter,Twitter,true,1
Qwen/Qwen2.5-Omni-7B,539125,full_0-8k,Twitter,Twitter,Twitter,true,1
Qwen/Qwen2.5-Omni-7B,547929,full_0-8k,Twitter,Tsik,Tsik,false,1
Qwen/Qwen2.5-Omni-7B,550353,full_0-8k,Twitter,Phee,Phee,false,1
Qwen/Qwen2.5-Omni-7B,550482,full_0-8k,Twitter,Phee,Phee,false,1
Qwen/Qwen2.5-Omni-7B,5555,full_0-8k,Twitter,Tsik,Tsik,false,1
Qwen/Qwen2.5-Omni-7B,556866,full_0-8k,Twitter,Seep,Seep,false,1
Qwen/Qwen2.5-Omni-7B,557194,full_0-8k,Twitter,Tsik,Tsik,false,1
Qwen/Qwen2.5-Omni-7B,558285,full_0-8k,Twitter,Phee,Phee,false,1
Qwen/Qwen2.5-Omni-7B,567471,full_0-8k,Twitter,Tsik,Tsik,false,1
Qwen/Qwen2.5-Omni-7B,582722,full_0-8k,Twitter,Tsik,Tsik,false,1
Qwen/Qwen2.5-Omni-7B,584396,full_0-8k,Twitter,Tsik,Tsik,false,1
Qwen/Qwen2.5-Omni-7B,592286,full_0-8k,Twitter,Twitter,Twitter,true,1
Qwen/Qwen2.5-Omni-7B,598116,full_0-8k,Twitter,Phee,Phee,false,1
Qwen/Qwen2.5-Omni-7B,598781,full_0-8k,Twitter,Seep,Seep,false,1
Qwen/Qwen2.5-Omni-7B,600731,full_0-8k,Twitter,Phee,Phee,false,1
Qwen/Qwen2.5-Omni-7B,601927,full_0-8k,Twitter,Phee,Phee,false,1
Qwen/Qwen2.5-Omni-7B,602268,full_0-8k,Twitter,Twitter,Twitter,true,1
Qwen/Qwen2.5-Omni-7B,622260,full_0-8k,Twitter,Phee,Phee,false,1
Qwen/Qwen2.5-Omni-7B,622758,full_0-8k,Twitter,Phee,Phee,false,1
Qwen/Qwen2.5-Omni-7B,623573,full_0-8k,Twitter,Phee,Phee,false,1
Qwen/Qwen2.5-Omni-7B,624179,full_0-8k,Twitter,Twitter,Twitter,true,1
Qwen/Qwen2.5-Omni-7B,625053,full_0-8k,Twitter,Twitter,Twitter,true,1
Qwen/Qwen2.5-Omni-7B,632381,full_0-8k,Twitter,Phee,Phee,false,1
Qwen/Qwen2.5-Omni-7B,645428,full_0-8k,Twitter,Tsik,Tsik,false,1
Qwen/Qwen2.5-Omni-7B,648272,full_0-8k,Twitter,Tsik,Tsik,false,1
Qwen/Qwen2.5-Omni-7B,651229,full_0-8k,Twitter,Tsik,Tsik,false,1
Qwen/Qwen2.5-Omni-7B,662800,full_0-8k,Twitter,Phee,Phee,false,1
Qwen/Qwen2.5-Omni-7B,667201,full_0-8k,Twitter,Tsik,Tsik,false,1
Qwen/Qwen2.5-Omni-7B,678522,full_0-8k,Twitter,Phee,Phee,false,1
Qwen/Qwen2.5-Omni-7B,680295,full_0-8k,Twitter,Tsik,Tsik,false,1
Qwen/Qwen2.5-Omni-7B,680791,full_0-8k,Twitter,Tsik,Tsik,false,1
Qwen/Qwen2.5-Omni-7B,699227,full_0-8k,Twitter,Twitter,Twitter,true,1
Qwen/Qwen2.5-Omni-7B,737715,full_0-8k,Twitter,Phee,Phee,false,1
Qwen/Qwen2.5-Omni-7B,766645,full_0-8k,Twitter,Phee,Phee,false,1
Qwen/Qwen2.5-Omni-7B,768697,full_0-8k,Twitter,Tsik,Tsik,false,1
Qwen/Qwen2.5-Omni-7B,786011,full_0-8k,Twitter,Phee,Phee,false,1
Qwen/Qwen2.5-Omni-7B,79941,full_0-8k,Twitter,Tsik,Tsik,false,1
Qwen/Qwen2.5-Omni-7B,805513,full_0-8k,Twitter,Tsik,Tsik,false,1
Qwen/Qwen2.5-Omni-7B,807189,full_0-8k,Twitter,Phee,Phee,false,1
Qwen/Qwen2.5-Omni-7B,811393,full_0-8k,Twitter,Phee,Phee,false,1
Qwen/Qwen2.5-Omni-7B,8116,full_0-8k,Twitter,Twitter,Twitter,true,1
Qwen/Qwen2.5-Omni-7B,820757,full_0-8k,Twitter,Tsik,Tsik,false,1
Qwen/Qwen2.5-Omni-7B,826133,full_0-8k,Twitter,Tsik,Tsik,false,1
Qwen/Qwen2.5-Omni-7B,836799,full_0-8k,Twitter,Seep,Seep,false,1
Qwen/Qwen2.5-Omni-7B,844274,full_0-8k,Twitter,Tsik,Tsik,false,1
Qwen/Qwen2.5-Omni-7B,84477,full_0-8k,Twitter,Phee,Phee,false,1
Qwen/Qwen2.5-Omni-7B,851385,full_0-8k,Twitter,Phee,Phee,false,1
Qwen/Qwen2.5-Omni-7B,861853,full_0-8k,Twitter,Twitter,Twitter,true,1
Qwen/Qwen2.5-Omni-7B,866525,full_0-8k,Twitter,Seep,Seep,false,1
Qwen/Qwen2.5-Omni-7B,866533,full_0-8k,Twitter,Seep,Seep,false,1
Qwen/Qwen2.5-Omni-7B,866838,full_0-8k,Twitter,Seep,Seep,false,1
Qwen/Qwen2.5-Omni-7B,131555,lp_0-1000,Infant Cry,Seep,Seep,false,1
Qwen/Qwen2.5-Omni-7B,131555,lp_0-2000,Infant Cry,Seep,Seep,false,1
Qwen/Qwen2.5-Omni-7B,131555,lp_0-4000,Infant Cry,Phee,Phee,false,1
Qwen/Qwen2.5-Omni-7B,131555,lp_0-6000,Infant Cry,Phee,Phee,false,1
Qwen/Qwen2.5-Omni-7B,131555,lp_0-8000,Infant Cry,Tsik,Tsik,false,1
Qwen/Qwen2.5-Omni-7B,131555,remove_0-1000,Infant Cry,Tsik,Tsik,false,1
Qwen/Qwen2.5-Omni-7B,131555,remove_1000-2000,Infant Cry,Seep,Seep,false,1
Qwen/Qwen2.5-Omni-7B,131555,remove_2000-4000,Infant Cry,Tsik,Tsik,false,1
Qwen/Qwen2.5-Omni-7B,131555,remove_4000-6000,Infant Cry,Tsik,Tsik,false,1
Qwen/Qwen2.5-Omni-7B,131555,remove_6000-8000,Infant Cry,Tsik,Tsik,false,1
Qwen/Qwen2.5-Omni-7B,162983,lp_0-1000,Infant Cry,Seep,Seep,false,1
Qwen/Qwen2.5-Omni-7B,162983,lp_0-2000,Infant Cry,Phee,Phee,false,1
Qwen/Qwen2.5-Omni-7B,162983,lp_0-4000,Infant Cry,Phee,Phee,false,1
Qwen/Qwen2.5-Omni-7B,162983,lp_0-6000,Infant Cry,Phee,Phee,false,1
Qwen/Qwen2.5-Omni-7B,162983,lp_0-8000,Infant Cry,Seep,Seep,false,1
Qwen/Qwen2.5-Omni-7B,162983,remove_0-1000,Infant Cry,Seep,Seep,false,1
Qwen/Qwen2.5-Omni-7B,162983,remove_1000-2000,Infant Cry,Seep,Seep,false,1
Qwen/Qwen2.5-Omni-7B,162983,remove_2000-4000,Infant Cry,Seep,Seep,false,1
Qwen/Qwen2.5-Omni-7B,162983,remove_4000-6000,Infant Cry,Seep,Seep,false,1
Qwen/Qwen2.5-Omni-7B,162983,remove_6000-8000,Infant Cry,Phee,Phee,false,1
Qwen/Qwen2.5-Omni-7B,193131,lp_0-1000,Infant Cry,Phee,Phee,false,1
Qwen/Qwen2.5-Omni-7B,193131,lp_0-2000,Infant Cry,Phee,Phee,false,1
Qwen/Qwen2.5-Omni-7B,193131,lp_0-4000,Infant Cry,Phee,Phee,false,1
Qwen/Qwen2.5-Omni-7B,193131,lp_0-6000,Infant Cry,Seep,Seep,false,1
Qwen/Qwen2.5-Omni-7B,193131,lp_0-8000,Infant Cry,Seep,Seep,false,1
Qwen/Qwen2.5-Omni-7B,193131,remove_0-1000,Infant Cry,Tsik,Tsik,false,1
Qwen/Qwen2.5-Omni-7B,193131,remove_1000-2000,Infant Cry,Seep,Seep,false,1
Qwen/Qwen2.5-Omni-7B,193131,remove_2000-4000,Infant Cry,Seep,Seep,false,1
Qwen/Qwen2.5-Omni-7B,193131,remove_4000-6000,Infant Cry,Seep,Seep,false,1
Qwen/Qwen2.5-Omni-7B,193131,remove_6000-8000,Infant Cry,Seep,Seep,false,1
Qwen/Qwen2.5-Omni-7B,201275,lp_0-1000,Infant Cry,Seep,Seep,false,1
Qwen/Qwen2.5-Omni-7B,201275,lp_0-2000,Infant Cry,Phee,Phee,false,1
Qwen/Qwen2.5-Omni-7B,201275,lp_0-4000,Infant Cry,Phee,Phee,false,1
Qwen/Qwen2.5-Omni-7B,201275,lp_0-6000,Infant Cry,Phee,Phee,false,1
Qwen/Qwen2.5-Omni-7B,201275,lp_0-8000,Infant Cry,Tsik,Tsik,false,1
Qwen/Qwen2.5-Omni-7B,201275,remove_0-1000,Infant Cry,Tsik,Tsik,false,1
Qwen/Qwen2.5-Omni-7B,201275,remove_1000-2000,Infant Cry,Seep,Seep,false,1
Qwen/Qwen2.5-Omni-7B,201275,remove_2000-4000,Infant Cry,Tsik,Tsik,false,1
Qwen/Qwen2.5-Omni-7B,201275,remove_4000-6000,Infant Cry,Tsik,Tsik,false,1
Qwen/Qwen2.5-Omni-7B,201275,remove_6000-8000,Infant Cry,Phee,Phee,false,1
Qwen/Qwen2.5-Omni-7B,213327,lp_0-1000,Infant Cry,Seep,Seep,false,1
Qwen/Qwen2.5-Omni-7B,213327,lp_0-2000,Infant Cry,Phee,Phee,false,1
Qwen/Qwen2.5-Omni-7B,213327,lp_0-4000,Infant Cry,Phee,Phee,false,1
Qwen/Qwen2.5-Omni-7B,213327,lp_0-6000,Infant Cry,Tsik,Tsik,false,1
Qwen/Qwen2.5-Omni-7B,213327,lp_0-8000,Infant Cry,Seep,Seep,false,1
Qwen/Qwen2.5-Omni-7B,213327,remove_0-1000,Infant Cry,Seep,Seep,false,1
Qwen/Qwen2.5-Omni-7B,213327,remove_1000-2000,Infant Cry,Seep,Seep,false,1
Qwen/Qwen2.5-Omni-7B,213327,remove_2000-4000,Infant Cry,Seep,Seep,false,1
Qwen/Qwen2.5-Omni-7B,213327,remove_4000-6000,Infant Cry,Seep,Seep,false,1
Qwen/Qwen2.5-Omni-7B,213327,remove_6000-8000,Infant Cry,Seep,Seep,false,1
Qwen/Qwen2.5-Omni-7B,221925,lp_0-1000,Infant Cry,Seep,Seep,false,1
Qwen/Qwen2.5-Omni-7B,221925,lp_0-2000,Infant Cry,Phee,Phee,false,1
Qwen/Qwen2.5-Omni-7B,221925,lp_0-4000,Infant Cry,Phee,Phee,false,1
Qwen/Qwen2.5-Omni-7B,221925,lp_0-6000,Infant Cry,Phee,Phee,false,1
Qwen/Qwen2.5-Omni-7B,221925,lp_0-8000,Infant Cry,Seep,Seep,false,1
Qwen/Qwen2.5-Omni-7B,221925,remove_0-1000,Infant Cry,Phee,Phee,false,1
Qwen/Qwen2.5-Omni-7B,221925,remove_1000-2000,Infant Cry,Seep,Seep,false,1
Qwen/Qwen2.5-Omni-7B,221925,remove_2000-4000,Infant Cry,Seep,Seep,false,1
Qwen/Qwen2.5-Omni-7B,221925,remove_4000-6000,Infant Cry,Seep,Seep,false,1
Qwen/Qwen2.5-Omni-7B,221925,remove_6000-8000,Infant Cry,Seep,Seep,false,1
Qwen/Qwen2.5-Omni-7B,223069,lp_0-1000,Infant Cry,Phee,Phee,false,1
Qwen/Qwen2.5-Omni-7B,223069,lp_0-2000,Infant Cry,Phee,Phee,false,1
Qwen/Qwen2.5-Omni-7B,223069,lp_0-4000,Infant Cry,Phee,Phee,false,1
Qwen/Qwen2.5-Omni-7B,223069,lp_0-6000,Infant Cry,Phee,Phee,false,1
Qwen/Qwen2.5-Omni-7B,223069,lp_0-8000,Infant Cry,Phee,Phee,false,1
Qwen/Qwen2.5-Omni-7B,223069,remove_0-1000,Infant Cry,Seep,Seep,false,1
Qwen/Qwen2.5-Omni-7B,223069,remove_1000-2000,Infant Cry,Phee,Phee,false,1
Qwen/Qwen2.5-Omni-7B,223069,remove_2000-4000,Infant Cry,Tsik,Tsik,false,1
Qwen/Qwen2.5-Omni-7B,223069,remove_4000-6000,Infant Cry,Phee,Phee,false,1
Qwen/Qwen2.5-Omni-7B,223069,remove_6000-8000,Infant Cry,Phee,Phee,false,1
Qwen/Qwen2.5-Omni-7B,223077,lp_0-1000,Infant Cry,Seep,Seep,false,1
Qwen/Qwen2.5-Omni-7B,223077,lp_0-2000,Infant Cry,Phee,Phee,false,1
Qwen/Qwen2.5-Omni-7B,223077,lp_0-4000,Infant Cry,Phee,Phee,false,1
Qwen/Qwen2.5-Omni-7B,223077,lp_0-6000,Infant Cry,Phee,Phee,false,1
Qwen/Qwen2.5-Omni-7B,223077,lp_0-8000,Infant Cry,Tsik,Tsik,false,1
Qwen/Qwen2.5-Omni-7B,223077,remove_0-1000,Infant Cry,Tsik,Tsik,false,1
Qwen/Qwen2.5-Omni-7B,223077,remove_1000-2000,Infant Cry,Tsik,Tsik,false,1
Qwen/Qwen2.5-Omni-7B,223077,remove_2000-4000,Infant Cry,Tsik,Tsik,false,1
Qwen/Qwen2.5-Omni-7B,223077,remove_4000-6000,Infant Cry,Tsik,Tsik,false,1
Qwen/Qwen2.5-Omni-7B,223077,remove_6000-8000,Infant Cry,Phee,Phee,false,1
Qwen/Qwen2.5-Omni-7B,223247,lp_0-1000,Infant Cry,Seep,Seep,false,1
Qwen/Qwen2.5-Omni-7B,223247,lp_0-2000,Infant Cry,Phee,Phee,false,1
Qwen/Qwen2.5-Omni-7B,223247,lp_0-4000,Infant Cry,Phee,Phee,false,1
Qwen/Qwen2.5-Omni-7B,223247,lp_0-6000,Infant Cry,Phee,Phee,false,1
Qwen/Qwen2.5-Omni-7B,223247,lp_0-8000,Infant Cry,Tsik,Tsik,false,1
Qwen/Qwen2.5-Omni-7B,223247,remove_0-1000,Infant Cry,Seep,Seep,false,1
Qwen/Qwen2.5-Omni-7B,223247,remove_1000-2000,Infant Cry,Phee,Phee,false,1
Qwen/Qwen2.5-Omni-7B,223247,remove_2000-4000,Infant Cry,Phee,Phee,false,1
Qwen/Qwen2.5-Omni-7B,223247,remove_4000-6000,Infant Cry,Phee,Phee,false,1
Qwen/Qwen2.5-Omni-7B,223247,remove_6000-8000,Infant Cry,Phee,Phee,false,1
Qwen/Qwen2.5-Omni-7B,223262,lp_0-1000,Infant Cry,Seep,Seep,false,1
Qwen/Qwen2.5-Omni-7B,223262,lp_0-2000,Infant Cry,Phee,Phee,false,1
Qwen/Qwen2.5-Omni-7B,223262,lp_0-4000,Infant Cry,Phee,Phee,false,1
Qwen/Qwen2.5-Omni-7B,223262,lp_0-6000,Infant Cry,Seep,Seep,false,1
Qwen/Qwen2.5-Omni-7B,223262,lp_0-8000,Infant Cry,Seep,Seep,false,1
Qwen/Qwen2.5-Omni-7B,223262,remove_0-1000,Infant Cry,Seep,Seep,false,1
Qwen/Qwen2.5-Omni-7B,223262,remove_1000-2000,Infant Cry,Seep,Seep,false,1
Qwen/Qwen2.5-Omni-7B,223262,remove_2000-4000,Infant Cry,Phee,Phee,false,1
Qwen/Qwen2.5-Omni-7B,223262,remove_4000-6000,Infant Cry,Seep,Seep,false,1
Qwen/Qwen2.5-Omni-7B,223262,remove_6000-8000,Infant Cry,Seep,Seep,false,1
Qwen/Qwen2.5-Omni-7B,223312,lp_0-1000,Infant Cry,Seep,Seep,false,1
Qwen/Qwen2.5-Omni-7B,223312,lp_0-2000,Infant Cry,Phee,Phee,false,1
Qwen/Qwen2.5-Omni-7B,223312,lp_0-4000,Infant Cry,Phee,Phee,false,1
Qwen/Qwen2.5-Omni-7B,223312,lp_0-6000,Infant Cry,Phee,Phee,false,1
Qwen/Qwen2.5-Omni-7B,223312,lp_0-8000,Infant Cry,Tsik,Tsik,false,1
Qwen/Qwen2.5-Omni-7B,223312,remove_0-1000,Infant Cry,Tsik,Tsik,false,1
Qwen/Qwen2.5-Omni-7B,223312,remove_1000-2000,Infant Cry,Tsik,Tsik,false,1
Qwen/Qwen2.5-Omni-7B,223312,remove_2000-4000,Infant Cry,Seep,Seep,false,1
Qwen/Qwen2.5-Omni-7B,223312,remove_4000-6000,Infant Cry,Seep,Seep,false,1
Qwen/Qwen2.5-Omni-7B,223312,remove_6000-8000,Infant Cry,Seep,Seep,false,1
Qwen/Qwen2.5-Omni-7B,223332,lp_0-1000,Infant Cry,Phee,Phee,false,1
Qwen/Qwen2.5-Omni-7B,223332,lp_0-2000,Infant Cry,Phee,Phee,false,1
Qwen/Qwen2.5-Omni-7B,223332,lp_0-4000,Infant Cry,Phee,Phee,false,1
Qwen/Qwen2.5-Omni-7B,223332,lp_0-6000,Infant Cry,Seep,Seep,false,1
Qwen/Qwen2.5-Omni-7B,223332,lp_0-8000,Infant Cry,Seep,Seep,false,1
Qwen/Qwen2.5-Omni-7B,223332,remove_0-1000,Infant Cry,Seep,Seep,false,1
Qwen/Qwen2.5-Omni-7B,223332,remove_1000-2000,Infant Cry,Seep,Seep,false,1
Qwen/Qwen2.5-Omni-7B,223332,remove_2000-4000,Infant Cry,Seep,Seep,false,1
Qwen/Qwen2.5-Omni-7B,223332,remove_4000-6000,Infant Cry,Seep,Seep,false,1
Qwen/Qwen2.5-Omni-7B,223332,remove_6000-8000,Infant Cry,Seep,Seep,false,1
Qwen/Qwen2.5-Omni-7B,223352,lp_0-1000,Infant Cry,Seep,Seep,false,1
Qwen/Qwen2.5-Omni-7B,223352,lp_0-2000,Infant Cry,Seep,Seep,false,1
Qwen/Qwen2.5-Omni-7B,223352,lp_0-4000,Infant Cry,Phee,Phee,false,1
Qwen/Qwen2.5-Omni-7B,223352,lp_0-6000,Infant Cry,Tsik,Tsik,false,1
Qwen/Qwen2.5-Omni-7B,223352,lp_0-8000,Infant Cry,Seep,Seep,false,1
Qwen/Qwen2.5-Omni-7B,223352,remove_0-1000,Infant Cry,Seep,Seep,false,1
Qwen/Qwen2.5-Omni-7B,223352,remove_1000-2000,Infant Cry,Seep,Seep,false,1
Qwen/Qwen2.5-Omni-7B,223352,remove_2000-4000,Infant Cry,Seep,Seep,false,1
Qwen/Qwen2.5-Omni-7B,223352,remove_4000-6000,Infant Cry,Phee,Phee,false,1
Qwen/Qwen2.5-Omni-7B,223352,remove_6000-8000,Infant Cry,Phee,Phee,false,1
Qwen/Qwen2.5-Omni-7B,223375,lp_0-1000,Infant Cry,Seep,Seep,false,1
Qwen/Qwen2.5-Omni-7B,223375,lp_0-2000,Infant Cry,Phee,Phee,false,1
Qwen/Qwen2.5-Omni-7B,223375,lp_0-4000,Infant Cry,Tsik,Tsik,false,1
Qwen/Qwen2.5-Omni-7B,223375,lp_0-6000,Infant Cry,Phee,Phee,false,1
Qwen/Qwen2.5-Omni-7B,223375,lp_0-8000,Infant Cry,Seep,Seep,false,1
Qwen/Qwen2.5-Omni-7B,223375,remove_0-1000,Infant Cry,Seep,Seep,false,1
Qwen/Qwen2.5-Omni-7B,223375,remove_1000-2000,Infant Cry,Seep,Seep,false,1
Qwen/Qwen2.5-Omni-7B,223375,remove_2000-4000,Infant Cry,Seep,Seep,false,1
Qwen/Qwen2.5-Omni-7B,223375,remove_4000-6000,Infant Cry,Seep,Seep,false,1
Qwen/Qwen2.5-Omni-7B,223375,remove_6000-8000,Infant Cry,Seep,Seep,false,1
Qwen/Qwen2.5-Omni-7B,223383,lp_0-1000,Infant Cry,Seep,Seep,false,1
Qwen/Qwen2.5-Omni-7B,223383,lp_0-2000,Infant Cry,Phee,Phee,false,1
Qwen/Qwen2.5-Omni-7B,223383,lp_0-4000,Infant Cry,Phee,Phee,false,1
Qwen/Qwen2.5-Omni-7B,223383,lp_0-6000,Infant Cry,Seep,Seep,false,1
Qwen/Qwen2.5-Omni-7B,223383,lp_0-8000,Infant Cry,Seep,Seep,false,1
Qwen/Qwen2.5-Omni-7B,223383,remove_0-1000,Infant Cry,Seep,Seep,false,1
Qwen/Qwen2.5-Omni-7B,223383,remove_1000-2000,Infant Cry,Tsik,Tsik,false,1
Qwen/Qwen2.5-Omni-7B,223383,remove_2000-4000,Infant Cry,Seep,Seep,false,1
Qwen/Qwen2.5-Omni-7B,223383,remove_4000-6000,Infant Cry,Seep,Seep,false,1
Qwen/Qwen2.5-Omni-7B,223383,remove_6000-8000,Infant Cry,Seep,Seep,false,1
Qwen/Qwen2.5-Omni-7B,223396,lp_0-1000,Infant Cry,Seep,Seep,false,1
Qwen/Qwen2.5-Omni-7B,223396,lp_0-2000,Infant Cry,Phee,Phee,false,1
Qwen/Qwen2.5-Omni-7B,223396,lp_0-4000,Infant Cry,Phee,Phee,false,1
Qwen/Qwen2.5-Omni-7B,223396,lp_0-6000,Infant Cry,Phee,Phee,false,1
Qwen/Qwen2.5-Omni-7B,223396,lp_0-8000,Infant Cry,Seep,Seep,false,1
Qwen/Qwen2.5-Omni-7B,223396,remove_0-1000,Infant Cry,Seep,Seep,false,1
Qwen/Qwen2.5-Omni-7B,223396,remove_1000-2000,Infant Cry,Seep,Seep,false,1
Qwen/Qwen2.5-Omni-7B,223396,remove_2000-4000,Infant Cry,Phee,Phee,false,1
Qwen/Qwen2.5-Omni-7B,223396,remove_4000-6000,Infant Cry,Phee,Phee,false,1
Qwen/Qwen2.5-Omni-7B,223396,remove_6000-8000,Infant Cry,Seep,Seep,false,1
Qwen/Qwen2.5-Omni-7B,223400,lp_0-1000,Infant Cry,Seep,Seep,false,1
Qwen/Qwen2.5-Omni-7B,223400,lp_0-2000,Infant Cry,Seep,Seep,false,1
Qwen/Qwen2.5-Omni-7B,223400,lp_0-4000,Infant Cry,Phee,Phee,false,1
Qwen/Qwen2.5-Omni-7B,223400,lp_0-6000,Infant Cry,Seep,Seep,false,1
Qwen/Qwen2.5-Omni-7B,223400,lp_0-8000,Infant Cry,Seep,Seep,false,1
Qwen/Qwen2.5-Omni-7B,223400,remove_0-1000,Infant Cry,Seep,Seep,false,1
Qwen/Qwen2.5-Omni-7B,223400,remove_1000-2000,Infant Cry,Seep,Seep,false,1
Qwen/Qwen2.5-Omni-7B,223400,remove_2000-4000,Infant Cry,Seep,Seep,false,1
Qwen/Qwen2.5-Omni-7B,223400,remove_4000-6000,Infant Cry,Seep,Seep,false,1
Qwen/Qwen2.5-Omni-7B,223400,remove_6000-8000,Infant Cry,Seep,Seep,false,1
Qwen/Qwen2.5-Omni-7B,223402,lp_0-1000,Infant Cry,Seep,Seep,false,1
Qwen/Qwen2.5-Omni-7B,223402,lp_0-2000,Infant Cry,Phee,Phee,false,1
Qwen/Qwen2.5-Omni-7B,223402,lp_0-4000,Infant Cry,Phee,Phee,false,1
Qwen/Qwen2.5-Omni-7B,223402,lp_0-6000,Infant Cry,Phee,Phee,false,1
Qwen/Qwen2.5-Omni-7B,223402,lp_0-8000,Infant Cry,Tsik,Tsik,false,1
Qwen/Qwen2.5-Omni-7B,223402,remove_0-1000,Infant Cry,Tsik,Tsik,false,1
Qwen/Qwen2.5-Omni-7B,223402,remove_1000-2000,Infant Cry,Tsik,Tsik,false,1
Qwen/Qwen2.5-Omni-7B,223402,remove_2000-4000,Infant Cry,Tsik,Tsik,false,1
Qwen/Qwen2.5-Omni-7B,223402,remove_4000-6000,Infant Cry,Phee,Phee,false,1
Qwen/Qwen2.5-Omni-7B,223402,remove_6000-8000,Infant Cry,Phee,Phee,false,1
Qwen/Qwen2.5-Omni-7B,234304,lp_0-1000,Infant Cry,Phee,Phee,false,1
Qwen/Qwen2.5-Omni-7B,234304,lp_0-2000,Infant Cry,Phee,Phee,false,1
Qwen/Qwen2.5-Omni-7B,234304,lp_0-4000,Infant Cry,Phee,Phee,false,1
Qwen/Qwen2.5-Omni-7B,234304,lp_0-6000,Infant Cry,Phee,Phee,false,1
Qwen/Qwen2.5-Omni-7B,234304,lp_0-8000,Infant Cry,Phee,Phee,false,1
Qwen/Qwen2.5-Omni-7B,234304,remove_0-1000,Infant Cry,Seep,Seep,false,1
Qwen/Qwen2.5-Omni-7B,234304,remove_1000-2000,Infant Cry,Seep,Seep,false,1
Qwen/Qwen2.5-Omni-7B,234304,remove_2000-4000,Infant Cry,Seep,Seep,false,1
Qwen/Qwen2.5-Omni-7B,234304,remove_4000-6000,Infant Cry,Phee,Phee,false,1
Qwen/Qwen2.5-Omni-7B,234304,remove_6000-8000,Infant Cry,Phee,Phee,false,1
Qwen/Qwen2.5-Omni-7B,237804,lp_0-1000,Infant Cry,Seep,Seep,false,1
Qwen/Qwen2.5-Omni-7B,237804,lp_0-2000,Infant Cry,Phee,Phee,false,1
Qwen/Qwen2.5-Omni-7B,237804,lp_0-4000,Infant Cry,Phee,Phee,false,1
Qwen/Qwen2.5-Omni-7B,237804,lp_0-6000,Infant Cry,Seep,Seep,false,1
Qwen/Qwen2.5-Omni-7B,237804,lp_0-8000,Infant Cry,Seep,Seep,false,1
Qwen/Qwen2.5-Omni-7B,237804,remove_0-1000,Infant Cry,Seep,Seep,false,1
Qwen/Qwen2.5-Omni-7B,237804,remove_1000-2000,Infant Cry,Seep,Seep,false,1
Qwen/Qwen2.5-Omni-7B,237804,remove_2000-4000,Infant Cry,Seep,Seep,false,1
Qwen/Qwen2.5-Omni-7B,237804,remove_4000-6000,Infant Cry,Seep,Seep,false,1
Qwen/Qwen2.5-Omni-7B,237804,remove_6000-8000,Infant Cry,Seep,Seep,false,1
Qwen/Qwen2.5-Omni-7B,238029,lp_0-1000,Infant Cry,Seep,Seep,false,1
Qwen/Qwen2.5-Omni-7B,238029,lp_0-2000,Infant Cry,Phee,Phee,false,1
Qwen/Qwen2.5-Omni-7B,238029,lp_0-4000,Infant Cry,Phee,Phee,false,1
Qwen/Qwen2.5-Omni-7B,238029,lp_0-6000,Infant Cry,Phee,Phee,false,1
Qwen/Qwen2.5-Omni-7B,238029,lp_0-8000,Infant Cry,Phee,Phee,false,1
Qwen/Qwen2.5-Omni-7B,238029,remove_0-1000,Infant Cry,Seep,Seep,false,1
Qwen/Qwen2.5-Omni-7B,238029,remove_1000-2000,Infant Cry,Phee,Phee,false,1
Qwen/Qwen2.5-Omni-7B,238029,remove_2000-4000,Infant Cry,Seep,Seep,false,1
Qwen/Qwen2.5-Omni-7B,238029,remove_4000-6000,Infant Cry,Phee,Phee,false,1
Qwen/Qwen2.5-Omni-7B,238029,remove_6000-8000,Infant Cry,Phee,Phee,false,1
Qwen/Qwen2.5-Omni-7B,238142,lp_0-1000,Infant Cry,Seep,Seep,false,1
Qwen/Qwen2.5-Omni-7B,238142,lp_0-2000,Infant Cry,Phee,Phee,false,1
Qwen/Qwen2.5-Omni-7B,238142,lp_0-4000,Infant Cry,Phee,Phee,false,1
Qwen/Qwen2.5-Omni-7B,238142,lp_0-6000,Infant Cry,Seep,Seep,false,1
Qwen/Qwen2.5-Omni-7B,238142,lp_0-8000,Infant Cry,Seep,Seep,false,1
Qwen/Qwen2.5-Omni-7B,238142,remove_0-1000,Infant Cry,Seep,Seep,false,1
Qwen/Qwen2.5-Omni-7B,238142,remove_1000-2000,Infant Cry,Seep,Seep,false,1
Qwen/Qwen2.5-Omni-7B,238142,remove_2000-4000,Infant Cry,Seep,Seep,false,1
Qwen/Qwen2.5-Omni-7B,238142,remove_4000-6000,Infant Cry,Seep,Seep,false,1
Qwen/Qwen2.5-Omni-7B,238142,remove_6000-8000,Infant Cry,Phee,Phee,false,1
Qwen/Qwen2.5-Omni-7B,238306,lp_0-1000,Infant Cry,Seep,Seep,false,1
Qwen/Qwen2.5-Omni-7B,238306,lp_0-2000,Infant Cry,Phee,Phee,false,1
Qwen/Qwen2.5-Omni-7B,238306,lp_0-4000,Infant Cry,Tsik,Tsik,false,1
Qwen/Qwen2.5-Omni-7B,238306,lp_0-6000,Infant Cry,Tsik,Tsik,false,1
Qwen/Qwen2.5-Omni-7B,238306,lp_0-8000,Infant Cry,Seep,Seep,false,1
Qwen/Qwen2.5-Omni-7B,238306,remove_0-1000,Infant Cry,Seep,Seep,false,1
Qwen/Qwen2.5-Omni-7B,238306,remove_1000-2000,Infant Cry,Seep,Seep,false,1
Qwen/Qwen2.5-Omni-7B,238306,remove_2000-4000,Infant Cry,Seep,Seep,false,1
Qwen/Qwen2.5-Omni-7B,238306,remove_4000-6000,Infant Cry,Seep,Seep,false,1
Qwen/Qwen2.5-Omni-7B,238306,remove_6000-8000,Infant Cry,Seep,Seep,false,1
Qwen/Qwen2.5-Omni-7B,299793,lp_0-1000,Infant Cry,Phee,Phee,false,1
Qwen/Qwen2.5-Omni-7B,299793,lp_0-2000,Infant Cry,Phee,Phee,false,1
Qwen/Qwen2.5-Omni-7B,299793,lp_0-4000,Infant Cry,Phee,Phee,false,1
Qwen/Qwen2.5-Omni-7B,299793,lp_0-6000,Infant Cry,Phee,Phee,false,1
Qwen/Qwen2.5-Omni-7B,299793,lp_0-8000,Infant Cry,Tsik,Tsik,false,1
Qwen/Qwen2.5-Omni-7B,299793,remove_0-1000,Infant Cry,Tsik,Tsik,false,1
Qwen/Qwen2.5-Omni-7B,299793,remove_1000-2000,Infant Cry,Tsik,Tsik,false,1
Qwen/Qwen2.5-Omni-7B,299793,remove_2000-4000,Infant Cry,Seep,Seep,false,1
Qwen/Qwen2.5-Omni-7B,299793,remove_4000-6000,Infant Cry,Tsik,Tsik,false,1
Qwen/Qwen2.5-Omni-7B,299793,remove_6000-8000,Infant Cry,Seep,Seep,false,1
Qwen/Qwen2.5-Omni-7B,315549,lp_0-1000,Infant Cry,Phee,Phee,false,1
Qwen/Qwen2.5-Omni-7B,315549,lp_0-2000,Infant Cry,Phee,Phee,false,1
Qwen/Qwen2.5-Omni-7B,315549,lp_0-4000,Infant Cry,Phee,Phee,false,1
Qwen/Qwen2.5-Omni-7B,315549,lp_0-6000,Infant Cry,Phee,Phee,false,1
Qwen/Qwen2.5-Omni-7B,315549,lp_0-8000,Infant Cry,Seep,Seep,false,1
Qwen/Qwen2.5-Omni-7B,315549,remove_0-1000,Infant Cry,Tsik,Tsik,false,1
Qwen/Qwen2.5-Omni-7B,315549,remove_1000-2000,Infant Cry,Tsik,Tsik,false,1
Qwen/Qwen2.5-Omni-7B,315549,remove_2000-4000,Infant Cry,Tsik,Tsik,false,1
Qwen/Qwen2.5-Omni-7B,315549,remove_4000-6000,Infant Cry,Tsik,Tsik,false,1
Qwen/Qwen2.5-Omni-7B,315549,remove_6000-8000,Infant Cry,Phee,Phee,false,1
Qwen/Qwen2.5-Omni-7B,329778,lp_0-1000,Infant Cry,Seep,Seep,false,1
Qwen/Qwen2.5-Omni-7B,329778,lp_0-2000,Infant Cry,Phee,Phee,false,1
Qwen/Qwen2.5-Omni-7B,329778,lp_0-4000,Infant Cry,Phee,Phee,false,1
Qwen/Qwen2.5-Omni-7B,329778,lp_0-6000,Infant Cry,Phee,Phee,false,1
Qwen/Qwen2.5-Omni-7B,329778,lp_0-8000,Infant Cry,Seep,Seep,false,1
Qwen/Qwen2.5-Omni-7B,329778,remove_0-1000,Infant Cry,Seep,Seep,false,1
Qwen/Qwen2.5-Omni-7B,329778,remove_1000-2000,Infant Cry,Seep,Seep,false,1
Qwen/Qwen2.5-Omni-7B,329778,remove_2000-4000,Infant Cry,Seep,Seep,false,1
Qwen/Qwen2.5-Omni-7B,329778,remove_4000-6000,Infant Cry,Seep,Seep,false,1
Qwen/Qwen2.5-Omni-7B,329778,remove_6000-8000,Infant Cry,Seep,Seep,false,1
Qwen/Qwen2.5-Omni-7B,342684,lp_0-1000,Infant Cry,Seep,Seep,false,1
Qwen/Qwen2.5-Omni-7B,342684,lp_0-2000,Infant Cry,Phee,Phee,false,1
Qwen/Qwen2.5-Omni-7B,342684,lp_0-4000,Infant Cry,Phee,Phee,false,1
Qwen/Qwen2.5-Omni-7B,342684,lp_0-6000,Infant Cry,Phee,Phee,false,1
Qwen/Qwen2.5-Omni-7B,342684,lp_0-8000,Infant Cry,Seep,Seep,false,1
Qwen/Qwen2.5-Omni-7B,342684,remove_0-1000,Infant Cry,Seep,Seep,false,1
Qwen/Qwen2.5-Omni-7B,342684,remove_1000-2000,Infant Cry,Seep,Seep,false,1
Qwen/Qwen2.5-Omni-7B,342684,remove_2000-4000,Infant Cry,Seep,Seep,false,1
Qwen/Qwen2.5-Omni-7B,342684,remove_4000-6000,Infant Cry,Phee,Phee,false,1
Qwen/Qwen2.5-Omni-7B,342684,remove_6000-8000,Infant Cry,Phee,Phee,false,1
Qwen/Qwen2.5-Omni-7B,350340,lp_0-1000,Infant Cry,Phee,Phee,false,1
Qwen/Qwen2.5-Omni-7B,350340,lp_0-2000,Infant Cry,Seep,Seep,false,1
Qwen/Qwen2.5-Omni-7B,350340,lp_0-4000,Infant Cry,Phee,Phee,false,1
Qwen/Qwen2.5-Omni-7B,350340,lp_0-6000,Infant Cry,Seep,Seep,false,1
Qwen/Qwen2.5-Omni-7B,350340,lp_0-8000,Infant Cry,Seep,Seep,false,1
Qwen/Qwen2.5-Omni-7B,350340,remove_0-1000,Infant Cry,Seep,Seep,false,1
Qwen/Qwen2.5-Omni-7B,350340,remove_1000-2000,Infant Cry,Seep,Seep,false,1
Qwen/Qwen2.5-Omni-7B,350340,remove_2000-4000,Infant Cry,Seep,Seep,false,1
Qwen/Qwen2.5-Omni-7B,350340,remove_4000-6000,Infant Cry,Seep,Seep,false,1
Qwen/Qwen2.5-Omni-7B,350340,remove_6000-8000,Infant Cry,Seep,Seep,false,1
Qwen/Qwen2.5-Omni-7B,352081,lp_0-1000,Infant Cry,Phee,Phee,false,1
Qwen/Qwen2.5-Omni-7B,352081,lp_0-2000,Infant Cry,Seep,Seep,false,1
Qwen/Qwen2.5-Omni-7B,352081,lp_0-4000,Infant Cry,Phee,Phee,false,1
Qwen/Qwen2.5-Omni-7B,352081,lp_0-6000,Infant Cry,Seep,Seep,false,1
Qwen/Qwen2.5-Omni-7B,352081,lp_0-8000,Infant Cry,Seep,Seep,false,1
Qwen/Qwen2.5-Omni-7B,352081,remove_0-1000,Infant Cry,Phee,Phee,false,1
Qwen/Qwen2.5-Omni-7B,352081,remove_1000-2000,Infant Cry,Phee,Phee,false,1
Qwen/Qwen2.5-Omni-7B,352081,remove_2000-4000,Infant Cry,Seep,Seep,false,1
Qwen/Qwen2.5-Omni-7B,352081,remove_4000-6000,Infant Cry,Seep,Seep,false,1
Qwen/Qwen2.5-Omni-7B,352081,remove_6000-8000,Infant Cry,Seep,Seep,false,1
Qwen/Qwen2.5-Omni-7B,354197,lp_0-1000,Infant Cry,Seep,Seep,false,1
Qwen/Qwen2.5-Omni-7B,354197,lp_0-2000,Infant Cry,Phee,Phee,false,1
Qwen/Qwen2.5-Omni-7B,354197,lp_0-4000,Infant Cry,Tsik,Tsik,false,1
Qwen/Qwen2.5-Omni-7B,354197,lp_0-6000,Infant Cry,Tsik,Tsik,false,1
Qwen/Qwen2.5-Omni-7B,354197,lp_0-8000,Infant Cry,Tsik,Tsik,false,1
Qwen/Qwen2.5-Omni-7B,354197,remove_0-1000,Infant Cry,Tsik,Tsik,false,1
Qwen/Qwen2.5-Omni-7B,354197,remove_1000-2000,Infant Cry,Tsik,Tsik,false,1
Qwen/Qwen2.5-Omni-7B,354197,remove_2000-4000,Infant Cry,Seep,Seep,false,1
Qwen/Qwen2.5-Omni-7B,354197,remove_4000-6000,Infant Cry,Tsik,Tsik,false,1
Qwen/Qwen2.5-Omni-7B,354197,remove_6000-8000,Infant Cry,Tsik,Tsik,false,1
Qwen/Qwen2.5-Omni-7B,357670,lp_0-1000,Infant Cry,Seep,Seep,false,1
Qwen/Qwen2.5-Omni-7B,357670,lp_0-2000,Infant Cry,Phee,Phee,false,1
Qwen/Qwen2.5-Omni-7B,357670,lp_0-4000,Infant Cry,Tsik,Tsik,false,1
Qwen/Qwen2.5-Omni-7B,357670,lp_0-6000,Infant Cry,Tsik,Tsik,false,1
Qwen/Qwen2.5-Omni-7B,357670,lp_0-8000,Infant Cry,Seep,Seep,false,1
Qwen/Qwen2.5-Omni-7B,357670,remove_0-1000,Infant Cry,Tsik,Tsik,false,1
Qwen/Qwen2.5-Omni-7B,357670,remove_1000-2000,Infant Cry,Seep,Seep,false,1
Qwen/Qwen2.5-Omni-7B,357670,remove_2000-4000,Infant Cry,Seep,Seep,false,1
Qwen/Qwen2.5-Omni-7B,357670,remove_4000-6000,Infant Cry,Seep,Seep,false,1
Qwen/Qwen2.5-Omni-7B,357670,remove_6000-8000,Infant Cry,Tsik,Tsik,false,1
Qwen/Qwen2.5-Omni-7B,372773,lp_0-1000,Infant Cry,Seep,Seep,false,1
Qwen/Qwen2.5-Omni-7B,372773,lp_0-2000,Infant Cry,Phee,Phee,false,1
Qwen/Qwen2.5-Omni-7B,372773,lp_0-4000,Infant Cry,Phee,Phee,false,1
Qwen/Qwen2.5-Omni-7B,372773,lp_0-6000,Infant Cry,Twitter,Twitter,false,1
Qwen/Qwen2.5-Omni-7B,372773,lp_0-8000,Infant Cry,Tsik,Tsik,false,1
Qwen/Qwen2.5-Omni-7B,372773,remove_0-1000,Infant Cry,Tsik,Tsik,false,1
Qwen/Qwen2.5-Omni-7B,372773,remove_1000-2000,Infant Cry,Tsik,Tsik,false,1
Qwen/Qwen2.5-Omni-7B,372773,remove_2000-4000,Infant Cry,Tsik,Tsik,false,1
Qwen/Qwen2.5-Omni-7B,372773,remove_4000-6000,Infant Cry,Tsik,Tsik,false,1
Qwen/Qwen2.5-Omni-7B,372773,remove_6000-8000,Infant Cry,Twitter,Twitter,false,1
Qwen/Qwen2.5-Omni-7B,401218,lp_0-1000,Infant Cry,Seep,Seep,false,1
Qwen/Qwen2.5-Omni-7B,401218,lp_0-2000,Infant Cry,Phee,Phee,false,1
Qwen/Qwen2.5-Omni-7B,401218,lp_0-4000,Infant Cry,Phee,Phee,false,1
Qwen/Qwen2.5-Omni-7B,401218,lp_0-6000,Infant Cry,Seep,Seep,false,1
Qwen/Qwen2.5-Omni-7B,401218,lp_0-8000,Infant Cry,Seep,Seep,false,1
Qwen/Qwen2.5-Omni-7B,401218,remove_0-1000,Infant Cry,Seep,Seep,false,1
Qwen/Qwen2.5-Omni-7B,401218,remove_1000-2000,Infant Cry,Phee,Phee,false,1
Qwen/Qwen2.5-Omni-7B,401218,remove_2000-4000,Infant Cry,Seep,Seep,false,1
Qwen/Qwen2.5-Omni-7B,401218,remove_4000-6000,Infant Cry,Phee,Phee,false,1
Qwen/Qwen2.5-Omni-7B,401218,remove_6000-8000,Infant Cry,Seep,Seep,false,1
Qwen/Qwen2.5-Omni-7B,405841,lp_0-1000,Infant Cry,Phee,Phee,false,1
Qwen/Qwen2.5-Omni-7B,405841,lp_0-2000,Infant Cry,Seep,Seep,false,1
Qwen/Qwen2.5-Omni-7B,405841,lp_0-4000,Infant Cry,Seep,Seep,false,1
Qwen/Qwen2.5-Omni-7B,405841,lp_0-6000,Infant Cry,Seep,Seep,false,1
Qwen/Qwen2.5-Omni-7B,405841,lp_0-8000,Infant Cry,Seep,Seep,false,1
Qwen/Qwen2.5-Omni-7B,405841,remove_0-1000,Infant Cry,Tsik,Tsik,false,1
Qwen/Qwen2.5-Omni-7B,405841,remove_1000-2000,Infant Cry,Seep,Seep,false,1
Qwen/Qwen2.5-Omni-7B,405841,remove_2000-4000,Infant Cry,Seep,Seep,false,1
Qwen/Qwen2.5-Omni-7B,405841,remove_4000-6000,Infant Cry,Seep,Seep,false,1
Qwen/Qwen2.5-Omni-7B,405841,remove_6000-8000,Infant Cry,Seep,Seep,false,1
Qwen/Qwen2.5-Omni-7B,501612,lp_0-1000,Infant Cry,Seep,Seep,false,1
Qwen/Qwen2.5-Omni-7B,501612,lp_0-2000,Infant Cry,Phee,Phee,false,1
Qwen/Qwen2.5-Omni-7B,501612,lp_0-4000,Infant Cry,Phee,Phee,false,1
Qwen/Qwen2.5-Omni-7B,501612,lp_0-6000,Infant Cry,Twitter,Twitter,false,1
Qwen/Qwen2.5-Omni-7B,501612,lp_0-8000,Infant Cry,Seep,Seep,false,1
Qwen/Qwen2.5-Omni-7B,501612,remove_0-1000,Infant Cry,Tsik,Tsik,false,1
Qwen/Qwen2.5-Omni-7B,501612,remove_1000-2000,Infant Cry,Seep,Seep,false,1
Qwen/Qwen2.5-Omni-7B,501612,remove_2000-4000,Infant Cry,Seep,Seep,false,1
Qwen/Qwen2.5-Omni-7B,501612,remove_4000-6000,Infant Cry,Seep,Seep,false,1
Qwen/Qwen2.5-Omni-7B,501612,remove_6000-8000,Infant Cry,Seep,Seep,false,1
Qwen/Qwen2.5-Omni-7B,508745,lp_0-1000,Infant Cry,Phee,Phee,false,1
Qwen/Qwen2.5-Omni-7B,508745,lp_0-2000,Infant Cry,Phee,Phee,false,1
Qwen/Qwen2.5-Omni-7B,508745,lp_0-4000,Infant Cry,Phee,Phee,false,1
Qwen/Qwen2.5-Omni-7B,508745,lp_0-6000,Infant Cry,Phee,Phee,false,1
Qwen/Qwen2.5-Omni-7B,508745,lp_0-8000,Infant Cry,Phee,Phee,false,1
Qwen/Qwen2.5-Omni-7B,508745,remove_0-1000,Infant Cry,Phee,Phee,false,1
Qwen/Qwen2.5-Omni-7B,508745,remove_1000-2000,Infant Cry,Phee,Phee,false,1
Qwen/Qwen2.5-Omni-7B,508745,remove_2000-4000,Infant Cry,Phee,Phee,false,1
Qwen/Qwen2.5-Omni-7B,508745,remove_4000-6000,Infant Cry,Phee,Phee,false,1
Qwen/Qwen2.5-Omni-7B,508745,remove_6000-8000,Infant Cry,Phee,Phee,false,1
Qwen/Qwen2.5-Omni-7B,508764,lp_0-1000,Infant Cry,Phee,Phee,false,1
Qwen/Qwen2.5-Omni-7B,508764,lp_0-2000,Infant Cry,Seep,Seep,false,1
Qwen/Qwen2.5-Omni-7B,508764,lp_0-4000,Infant Cry,Phee,Phee,false,1
Qwen/Qwen2.5-Omni-7B,508764,lp_0-6000,Infant Cry,Phee,Phee,false,1
Qwen/Qwen2.5-Omni-7B,508764,lp_0-8000,Infant Cry,Seep,Seep,false,1
Qwen/Qwen2.5-Omni-7B,508764,remove_0-1000,Infant Cry,Seep,Seep,false,1
Qwen/Qwen2.5-Omni-7B,508764,remove_1000-2000,Infant Cry,Seep,Seep,false,1
Qwen/Qwen2.5-Omni-7B,508764,remove_2000-4000,Infant Cry,Tsik,Tsik,false,1
Qwen/Qwen2.5-Omni-7B,508764,remove_4000-6000,Infant Cry,Seep,Seep,false,1
Qwen/Qwen2.5-Omni-7B,508764,remove_6000-8000,Infant Cry,Seep,Seep,false,1
Qwen/Qwen2.5-Omni-7B,508780,lp_0-1000,Infant Cry,Phee,Phee,false,1
Qwen/Qwen2.5-Omni-7B,508780,lp_0-2000,Infant Cry,Phee,Phee,false,1
Qwen/Qwen2.5-Omni-7B,508780,lp_0-4000,Infant Cry,Phee,Phee,false,1
Qwen/Qwen2.5-Omni-7B,508780,lp_0-6000,Infant Cry,Phee,Phee,false,1
Qwen/Qwen2.5-Omni-7B,508780,lp_0-8000,Infant Cry,Seep,Seep,false,1
Qwen/Qwen2.5-Omni-7B,508780,remove_0-1000,Infant Cry,Seep,Seep,false,1
Qwen/Qwen2.5-Omni-7B,508780,remove_1000-2000,Infant Cry,Seep,Seep,false,1
Qwen/Qwen2.5-Omni-7B,508780,remove_2000-4000,Infant Cry,Seep,Seep,false,1
Qwen/Qwen2.5-Omni-7B,508780,remove_4000-6000,Infant Cry,Phee,Phee,false,1
Qwen/Qwen2.5-Omni-7B,508780,remove_6000-8000,Infant Cry,Seep,Seep,false,1
Qwen/Qwen2.5-Omni-7B,508801,lp_0-1000,Infant Cry,Seep,Seep,false,1
Qwen/Qwen2.5-Omni-7B,508801,lp_0-2000,Infant Cry,Phee,Phee,false,1
Qwen/Qwen2.5-Omni-7B,508801,lp_0-4000,Infant Cry,Phee,Phee,false,1
Qwen/Qwen2.5-Omni-7B,508801,lp_0-6000,Infant Cry,Seep,Seep,false,1
Qwen/Qwen2.5-Omni-7B,508801,lp_0-8000,Infant Cry,Seep,Seep,false,1
Qwen/Qwen2.5-Omni-7B,508801,remove_0-1000,Infant Cry,Seep,Seep,false,1
Qwen/Qwen2.5-Omni-7B,508801,remove_1000-2000,Infant Cry,Seep,Seep,false,1
Qwen/Qwen2.5-Omni-7B,508801,remove_2000-4000,Infant Cry,Seep,Seep,false,1
Qwen/Qwen2.5-Omni-7B,508801,remove_4000-6000,Infant Cry,Tsik,Tsik,false,1
Qwen/Qwen2.5-Omni-7B,508801,remove_6000-8000,Infant Cry,Seep,Seep,false,1
Qwen/Qwen2.5-Omni-7B,509083,lp_0-1000,Infant Cry,Phee,Phee,false,1
Qwen/Qwen2.5-Omni-7B,509083,lp_0-2000,Infant Cry,Phee,Phee,false,1
Qwen/Qwen2.5-Omni-7B,509083,lp_0-4000,Infant Cry,Phee,Phee,false,1
Qwen/Qwen2.5-Omni-7B,509083,lp_0-6000,Infant Cry,Tsik,Tsik,false,1
Qwen/Qwen2.5-Omni-7B,509083,lp_0-8000,Infant Cry,Tsik,Tsik,false,1
Qwen/Qwen2.5-Omni-7B,509083,remove_0-1000,Infant Cry,Seep,Seep,false,1
Qwen/Qwen2.5-Omni-7B,509083,remove_1000-2000,Infant Cry,Seep,Seep,false,1
Qwen/Qwen2.5-Omni-7B,509083,remove_2000-4000,Infant Cry,Tsik,Tsik,false,1
Qwen/Qwen2.5-Omni-7B,509083,remove_4000-6000,Infant Cry,Tsik,Tsik,false,1
Qwen/Qwen2.5-Omni-7B,509083,remove_6000-8000,Infant Cry,Tsik,Tsik,false,1
Qwen/Qwen2.5-Omni-7B,509091,lp_0-1000,Infant Cry,Seep,Seep,false,1
Qwen/Qwen2.5-Omni-7B,509091,lp_0-2000,Infant Cry,Phee,Phee,false,1
Qwen/Qwen2.5-Omni-7B,509091,lp_0-4000,Infant Cry,Phee,Phee,false,1
Qwen/Qwen2.5-Omni-7B,509091,lp_0-6000,Infant Cry,Phee,Phee,false,1
Qwen/Qwen2.5-Omni-7B,509091,lp_0-8000,Infant Cry,Phee,Phee,false,1
Qwen/Qwen2.5-Omni-7B,509091,remove_0-1000,Infant Cry,Phee,Phee,false,1
Qwen/Qwen2.5-Omni-7B,509091,remove_1000-2000,Infant Cry,Phee,Phee,false,1
Qwen/Qwen2.5-Omni-7B,509091,remove_2000-4000,Infant Cry,Seep,Seep,false,1
Qwen/Qwen2.5-Omni-7B,509091,remove_4000-6000,Infant Cry,Phee,Phee,false,1
Qwen/Qwen2.5-Omni-7B,509091,remove_6000-8000,Infant Cry,Phee,Phee,false,1
Qwen/Qwen2.5-Omni-7B,509092,lp_0-1000,Infant Cry,Seep,Seep,false,1
Qwen/Qwen2.5-Omni-7B,509092,lp_0-2000,Infant Cry,Seep,Seep,false,1
Qwen/Qwen2.5-Omni-7B,509092,lp_0-4000,Infant Cry,Phee,Phee,false,1
Qwen/Qwen2.5-Omni-7B,509092,lp_0-6000,Infant Cry,Seep,Seep,false,1
Qwen/Qwen2.5-Omni-7B,509092,lp_0-8000,Infant Cry,Seep,Seep,false,1
Qwen/Qwen2.5-Omni-7B,509092,remove_0-1000,Infant Cry,Seep,Seep,false,1
Qwen/Qwen2.5-Omni-7B,509092,remove_1000-2000,Infant Cry,Seep,Seep,false,1
Qwen/Qwen2.5-Omni-7B,509092,remove_2000-4000,Infant Cry,Seep,Seep,false,1
Qwen/Qwen2.5-Omni-7B,509092,remove_4000-6000,Infant Cry,Seep,Seep,false,1
Qwen/Qwen2.5-Omni-7B,509092,remove_6000-8000,Infant Cry,Seep,Seep,false,1
Qwen/Qwen2.5-Omni-7B,509100,lp_0-1000,Infant Cry,Phee,Phee,false,1
Qwen/Qwen2.5-Omni-7B,509100,lp_0-2000,Infant Cry,Phee,Phee,false,1
Qwen/Qwen2.5-Omni-7B,509100,lp_0-4000,Infant Cry,Phee,Phee,false,1
Qwen/Qwen2.5-Omni-7B,509100,lp_0-6000,Infant Cry,Tsik,Tsik,false,1
Qwen/Qwen2.5-Omni-7B,509100,lp_0-8000,Infant Cry,Phee,Phee,false,1
Qwen/Qwen2.5-Omni-7B,509100,remove_0-1000,Infant Cry,Tsik,Tsik,false,1
Qwen/Qwen2.5-Omni-7B,509100,remove_1000-2000,Infant Cry,Phee,Phee,false,1
Qwen/Qwen2.5-Omni-7B,509100,remove_2000-4000,Infant Cry,Phee,Phee,false,1
Qwen/Qwen2.5-Omni-7B,509100,remove_4000-6000,Infant Cry,Phee,Phee,false,1
Qwen/Qwen2.5-Omni-7B,509100,remove_6000-8000,Infant Cry,Phee,Phee,false,1
Qwen/Qwen2.5-Omni-7B,518850,lp_0-1000,Infant Cry,Phee,Phee,false,1
Qwen/Qwen2.5-Omni-7B,518850,lp_0-2000,Infant Cry,Phee,Phee,false,1
Qwen/Qwen2.5-Omni-7B,518850,lp_0-4000,Infant Cry,Phee,Phee,false,1
Qwen/Qwen2.5-Omni-7B,518850,lp_0-6000,Infant Cry,Phee,Phee,false,1
Qwen/Qwen2.5-Omni-7B,518850,lp_0-8000,Infant Cry,Phee,Phee,false,1
Qwen/Qwen2.5-Omni-7B,518850,remove_0-1000,Infant Cry,Phee,Phee,false,1
Qwen/Qwen2.5-Omni-7B,518850,remove_1000-2000,Infant Cry,Phee,Phee,false,1
Qwen/Qwen2.5-Omni-7B,518850,remove_2000-4000,Infant Cry,Phee,Phee,false,1
Qwen/Qwen2.5-Omni-7B,518850,remove_4000-6000,Infant Cry,Phee,Phee,false,1
Qwen/Qwen2.5-Omni-7B,518850,remove_6000-8000,Infant Cry,Phee,Phee,false,1
Qwen/Qwen2.5-Omni-7B,524694,lp_0-1000,Infant Cry,Seep,Seep,false,1
Qwen/Qwen2.5-Omni-7B,524694,lp_0-2000,Infant Cry,Phee,Phee,false,1
Qwen/Qwen2.5-Omni-7B,524694,lp_0-4000,Infant Cry,Seep,Seep,false,1
Qwen/Qwen2.5-Omni-7B,524694,lp_0-6000,Infant Cry,Seep,Seep,false,1
Qwen/Qwen2.5-Omni-7B,524694,lp_0-8000,Infant Cry,Seep,Seep,false,1
Qwen/Qwen2.5-Omni-7B,524694,remove_0-1000,Infant Cry,Seep,Seep,false,1
Qwen/Qwen2.5-Omni-7B,524694,remove_1000-2000,Infant Cry,Seep,Seep,false,1
Qwen/Qwen2.5-Omni-7B,524694,remove_2000-4000,Infant Cry,Seep,Seep,false,1
Qwen/Qwen2.5-Omni-7B,524694,remove_4000-6000,Infant Cry,Seep,Seep,false,1
Qwen/Qwen2.5-Omni-7B,524694,remove_6000-8000,Infant Cry,Seep,Seep,false,1
Qwen/Qwen2.5-Omni-7B,524878,lp_0-1000,Infant Cry,Phee,Phee,false,1
Qwen/Qwen2.5-Omni-7B,524878,lp_0-2000,Infant Cry,Seep,Seep,false,1
Qwen/Qwen2.5-Omni-7B,524878,lp_0-4000,Infant Cry,Phee,Phee,false,1
Qwen/Qwen2.5-Omni-7B,524878,lp_0-6000,Infant Cry,Seep,Seep,false,1
Qwen/Qwen2.5-Omni-7B,524878,lp_0-8000,Infant Cry,Seep,Seep,false,1
Qwen/Qwen2.5-Omni-7B,524878,remove_0-1000,Infant Cry,Seep,Seep,false,1
Qwen/Qwen2.5-Omni-7B,524878,remove_1000-2000,Infant Cry,Seep,Seep,false,1
Qwen/Qwen2.5-Omni-7B,524878,remove_2000-4000,Infant Cry,Seep,Seep,false,1
Qwen/Qwen2.5-Omni-7B,524878,remove_4000-6000,Infant Cry,Seep,Seep,false,1
Qwen/Qwen2.5-Omni-7B,524878,remove_6000-8000,Infant Cry,Seep,Seep,false,1
Qwen/Qwen2.5-Omni-7B,526040,lp_0-1000,Infant Cry,Seep,Seep,false,1
Qwen/Qwen2.5-Omni-7B,526040,lp_0-2000,Infant Cry,Phee,Phee,false,1
Qwen/Qwen2.5-Omni-7B,526040,lp_0-4000,Infant Cry,Phee,Phee,false,1
Qwen/Qwen2.5-Omni-7B,526040,lp_0-6000,Infant Cry,Seep,Seep,false,1
Qwen/Qwen2.5-Omni-7B,526040,lp_0-8000,Infant Cry,Seep,Seep,false,1
Qwen/Qwen2.5-Omni-7B,526040,remove_0-1000,Infant Cry,Seep,Seep,false,1
Qwen/Qwen2.5-Omni-7B,526040,remove_1000-2000,Infant Cry,Seep,Seep,false,1
Qwen/Qwen2.5-Omni-7B,526040,remove_2000-4000,Infant Cry,Seep,Seep,false,1
Qwen/Qwen2.5-Omni-7B,526040,remove_4000-6000,Infant Cry,Seep,Seep,false,1
Qwen/Qwen2.5-Omni-7B,526040,remove_6000-8000,Infant Cry,Phee,Phee,false,1
Qwen/Qwen2.5-Omni-7B,526541,lp_0-1000,Infant Cry,Phee,Phee,false,1
Qwen/Qwen2.5-Omni-7B,526541,lp_0-2000,Infant Cry,Phee,Phee,false,1
Qwen/Qwen2.5-Omni-7B,526541,lp_0-4000,Infant Cry,Seep,Seep,false,1
Qwen/Qwen2.5-Omni-7B,526541,lp_0-6000,Infant Cry,Seep,Seep,false,1
Qwen/Qwen2.5-Omni-7B,526541,lp_0-8000,Infant Cry,Seep,Seep,false,1
Qwen/Qwen2.5-Omni-7B,526541,remove_0-1000,Infant Cry,Seep,Seep,false,1
Qwen/Qwen2.5-Omni-7B,526541,remove_1000-2000,Infant Cry,Seep,Seep,false,1
Qwen/Qwen2.5-Omni-7B,526541,remove_2000-4000,Infant Cry,Seep,Seep,false,1
Qwen/Qwen2.5-Omni-7B,526541,remove_4000-6000,Infant Cry,Seep,Seep,false,1
Qwen/Qwen2.5-Omni-7B,526541,remove_6000-8000,Infant Cry,Seep,Seep,false,1
Qwen/Qwen2.5-Omni-7B,526671,lp_0-1000,Infant Cry,Seep,Seep,false,1
Qwen/Qwen2.5-Omni-7B,526671,lp_0-2000,Infant Cry,Seep,Seep,false,1
Qwen/Qwen2.5-Omni-7B,526671,lp_0-4000,Infant Cry,Phee,Phee,false,1
Qwen/Qwen2.5-Omni-7B,526671,lp_0-6000,Infant Cry,Phee,Phee,false,1
Qwen/Qwen2.5-Omni-7B,526671,lp_0-8000,Infant Cry,Seep,Seep,false,1
Qwen/Qwen2.5-Omni-7B,526671,remove_0-1000,Infant Cry,Seep,Seep,false,1
Qwen/Qwen2.5-Omni-7B,526671,remove_1000-2000,Infant Cry,Seep,Seep,false,1
Qwen/Qwen2.5-Omni-7B,526671,remove_2000-4000,Infant Cry,Seep,Seep,false,1
Qwen/Qwen2.5-Omni-7B,526671,remove_4000-6000,Infant Cry,Seep,Seep,false,1
Qwen/Qwen2.5-Omni-7B,526671,remove_6000-8000,Infant Cry,Seep,Seep,false,1
Qwen/Qwen2.5-Omni-7B,526711,lp_0-1000,Infant Cry,Seep,Seep,false,1
Qwen/Qwen2.5-Omni-7B,526711,lp_0-2000,Infant Cry,Phee,Phee,false,1
Qwen/Qwen2.5-Omni-7B,526711,lp_0-4000,Infant Cry,Tsik,Tsik,false,1
Qwen/Qwen2.5-Omni-7B,526711,lp_0-6000,Infant Cry,Seep,Seep,false,1
Qwen/Qwen2.5-Omni-7B,526711,lp_0-8000,Infant Cry,Seep,Seep,false,1
Qwen/Qwen2.5-Omni-7B,526711,remove_0-1000,Infant Cry,Tsik,Tsik,false,1
Qwen/Qwen2.5-Omni-7B,526711,remove_1000-2000,Infant Cry,Tsik,Tsik,false,1
Qwen/Qwen2.5-Omni-7B,526711,remove_2000-4000,Infant Cry,Seep,Seep,false,1
Qwen/Qwen2.5-Omni-7B,526711,remove_4000-6000,Infant Cry,Seep,Seep,false,1
Qwen/Qwen2.5-Omni-7B,526711,remove_6000-8000,Infant Cry,Tsik,Tsik,false,1
Qwen/Qwen2.5-Omni-7B,540984,lp_0-1000,Infant Cry,Seep,Seep,false,1
Qwen/Qwen2.5-Omni-7B,540984,lp_0-2000,Infant Cry,Seep,Seep,false,1
Qwen/Qwen2.5-Omni-7B,540984,lp_0-4000,Infant Cry,Phee,Phee,false,1
Qwen/Qwen2.5-Omni-7B,540984,lp_0-6000,Infant Cry,Phee,Phee,false,1
Qwen/Qwen2.5-Omni-7B,540984,lp_0-8000,Infant Cry,Seep,Seep,false,1
Qwen/Qwen2.5-Omni-7B,540984,remove_0-1000,Infant Cry,Tsik,Tsik,false,1
Qwen/Qwen2.5-Omni-7B,540984,remove_1000-2000,Infant Cry,Tsik,Tsik,false,1
Qwen/Qwen2.5-Omni-7B,540984,remove_2000-4000,Infant Cry,Tsik,Tsik,false,1
Qwen/Qwen2.5-Omni-7B,540984,remove_4000-6000,Infant Cry,Tsik,Tsik,false,1
Qwen/Qwen2.5-Omni-7B,540984,remove_6000-8000,Infant Cry,Seep,Seep,false,1
Qwen/Qwen2.5-Omni-7B,558438,lp_0-1000,Infant Cry,Seep,Seep,false,1
Qwen/Qwen2.5-Omni-7B,558438,lp_0-2000,Infant Cry,Seep,Seep,false,1
Qwen/Qwen2.5-Omni-7B,558438,lp_0-4000,Infant Cry,Tsik,Tsik,false,1
Qwen/Qwen2.5-Omni-7B,558438,lp_0-6000,Infant Cry,Seep,Seep,false,1
Qwen/Qwen2.5-Omni-7B,558438,lp_0-8000,Infant Cry,Phee,Phee,false,1
Qwen/Qwen2.5-Omni-7B,558438,remove_0-1000,Infant Cry,Phee,Phee,false,1
Qwen/Qwen2.5-Omni-7B,558438,remove_1000-2000,Infant Cry,Seep,Seep,false,1
Qwen/Qwen2.5-Omni-7B,558438,remove_2000-4000,Infant Cry,Tsik,Tsik,false,1
Qwen/Qwen2.5-Omni-7B,558438,remove_4000-6000,Infant Cry,Phee,Phee,false,1
Qwen/Qwen2.5-Omni-7B,558438,remove_6000-8000,Infant Cry,Seep,Seep,false,1
Qwen/Qwen2.5-Omni-7B,558594,lp_0-1000,Infant Cry,Seep,Seep,false,1
Qwen/Qwen2.5-Omni-7B,558594,lp_0-2000,Infant Cry,Seep,Seep,false,1
Qwen/Qwen2.5-Omni-7B,558594,lp_0-4000,Infant Cry,Phee,Phee,false,1
Qwen/Qwen2.5-Omni-7B,558594,lp_0-6000,Infant Cry,Seep,Seep,false,1
Qwen/Qwen2.5-Omni-7B,558594,lp_0-8000,Infant Cry,Seep,Seep,false,1
Qwen/Qwen2.5-Omni-7B,558594,remove_0-1000,Infant Cry,Seep,Seep,false,1
Qwen/Qwen2.5-Omni-7B,558594,remove_1000-2000,Infant Cry,Seep,Seep,false,1
Qwen/Qwen2.5-Omni-7B,558594,remove_2000-4000,Infant Cry,Seep,Seep,false,1
Qwen/Qwen2.5-Omni-7B,558594,remove_4000-6000,Infant Cry,Phee,Phee,false,1
Qwen/Qwen2.5-Omni-7B,558594,remove_6000-8000,Infant Cry,Phee,Phee,false,1
Qwen/Qwen2.5-Omni-7B,558633,lp_0-1000,Infant Cry,Phee,Phee,false,1
Qwen/Qwen2.5-Omni-7B,558633,lp_0-2000,Infant Cry,Seep,Seep,false,1
Qwen/Qwen2.5-Omni-7B,558633,lp_0-4000,Infant Cry,Phee,Phee,false,1
Qwen/Qwen2.5-Omni-7B,558633,lp_0-6000,Infant Cry,Phee,Phee,false,1
Qwen/Qwen2.5-Omni-7B,558633,lp_0-8000,Infant Cry,Phee,Phee,false,1
Qwen/Qwen2.5-Omni-7B,558633,remove_0-1000,Infant Cry,Phee,Phee,false,1
Qwen/Qwen2.5-Omni-7B,558633,remove_1000-2000,Infant Cry,Tsik,Tsik,false,1
Qwen/Qwen2.5-Omni-7B,558633,remove_2000-4000,Infant Cry,Phee,Phee,false,1
Qwen/Qwen2.5-Omni-7B,558633,remove_4000-6000,Infant Cry,Phee,Phee,false,1
Qwen/Qwen2.5-Omni-7B,558633,remove_6000-8000,Infant Cry,Phee,Phee,false,1
Qwen/Qwen2.5-Omni-7B,558689,lp_0-1000,Infant Cry,Seep,Seep,false,1
Qwen/Qwen2.5-Omni-7B,558689,lp_0-2000,Infant Cry,Seep,Seep,false,1
Qwen/Qwen2.5-Omni-7B,558689,lp_0-4000,Infant Cry,Phee,Phee,false,1
Qwen/Qwen2.5-Omni-7B,558689,lp_0-6000,Infant Cry,Seep,Seep,false,1
Qwen/Qwen2.5-Omni-7B,558689,lp_0-8000,Infant Cry,Seep,Seep,false,1
Qwen/Qwen2.5-Omni-7B,558689,remove_0-1000,Infant Cry,Seep,Seep,false,1
Qwen/Qwen2.5-Omni-7B,558689,remove_1000-2000,Infant Cry,Seep,Seep,false,1
Qwen/Qwen2.5-Omni-7B,558689,remove_2000-4000,Infant Cry,Seep,Seep,false,1
Qwen/Qwen2.5-Omni-7B,558689,remove_4000-6000,Infant Cry,Seep,Seep,false,1
Qwen/Qwen2.5-Omni-7B,558689,remove_6000-8000,Infant Cry,Seep,Seep,false,1
Qwen/Qwen2.5-Omni-7B,562625,lp_0-1000,Infant Cry,Seep,Seep,false,1
Qwen/Qwen2.5-Omni-7B,562625,lp_0-2000,Infant Cry,Seep,Seep,false,1
Qwen/Qwen2.5-Omni-7B,562625,lp_0-4000,Infant Cry,Phee,Phee,false,1
Qwen/Qwen2.5-Omni-7B,562625,lp_0-6000,Infant Cry,Seep,Seep,false,1
Qwen/Qwen2.5-Omni-7B,562625,lp_0-8000,Infant Cry,Seep,Seep,false,1
Qwen/Qwen2.5-Omni-7B,562625,remove_0-1000,Infant Cry,Seep,Seep,false,1
Qwen/Qwen2.5-Omni-7B,562625,remove_1000-2000,Infant Cry,Seep,Seep,false,1
Qwen/Qwen2.5-Omni-7B,562625,remove_2000-4000,Infant Cry,Seep,Seep,false,1
Qwen/Qwen2.5-Omni-7B,562625,remove_4000-6000,Infant Cry,Seep,Seep,false,1
Qwen/Qwen2.5-Omni-7B,562625,remove_6000-8000,Infant Cry,Seep,Seep,false,1
Qwen/Qwen2.5-Omni-7B,565266,lp_0-1000,Infant Cry,Seep,Seep,false,1
Qwen/Qwen2.5-Omni-7B,565266,lp_0-2000,Infant Cry,Phee,Phee,false,1
Qwen/Qwen2.5-Omni-7B,565266,lp_0-4000,Infant Cry,Phee,Phee,false,1
Qwen/Qwen2.5-Omni-7B,565266,lp_0-6000,Infant Cry,Phee,Phee,false,1
Qwen/Qwen2.5-Omni-7B,565266,lp_0-8000,Infant Cry,Phee,Phee,false,1
Qwen/Qwen2.5-Omni-7B,565266,remove_0-1000,Infant Cry,Tsik,Tsik,false,1
Qwen/Qwen2.5-Omni-7B,565266,remove_1000-2000,Infant Cry,Phee,Phee,false,1
Qwen/Qwen2.5-Omni-7B,565266,remove_2000-4000,Infant Cry,Tsik,Tsik,false,1
Qwen/Qwen2.5-Omni-7B,565266,remove_4000-6000,Infant Cry,Phee,Phee,false,1
Qwen/Qwen2.5-Omni-7B,565266,remove_6000-8000,Infant Cry,Phee,Phee,false,1
Qwen/Qwen2.5-Omni-7B,57995,lp_0-1000,Infant Cry,Seep,Seep,false,1
Qwen/Qwen2.5-Omni-7B,57995,lp_0-2000,Infant Cry,Phee,Phee,false,1
Qwen/Qwen2.5-Omni-7B,57995,lp_0-4000,Infant Cry,Seep,Seep,false,1
Qwen/Qwen2.5-Omni-7B,57995,lp_0-6000,Infant Cry,Seep,Seep,false,1
Qwen/Qwen2.5-Omni-7B,57995,lp_0-8000,Infant Cry,Seep,Seep,false,1
Qwen/Qwen2.5-Omni-7B,57995,remove_0-1000,Infant Cry,Phee,Phee,false,1
Qwen/Qwen2.5-Omni-7B,57995,remove_1000-2000,Infant Cry,Phee,Phee,false,1
Qwen/Qwen2.5-Omni-7B,57995,remove_2000-4000,Infant Cry,Seep,Seep,false,1
Qwen/Qwen2.5-Omni-7B,57995,remove_4000-6000,Infant Cry,Seep,Seep,false,1
Qwen/Qwen2.5-Omni-7B,57995,remove_6000-8000,Infant Cry,Seep,Seep,false,1
Qwen/Qwen2.5-Omni-7B,583214,lp_0-1000,Infant Cry,Seep,Seep,false,1
Qwen/Qwen2.5-Omni-7B,583214,lp_0-2000,Infant Cry,Seep,Seep,false,1
Qwen/Qwen2.5-Omni-7B,583214,lp_0-4000,Infant Cry,Phee,Phee,false,1
Qwen/Qwen2.5-Omni-7B,583214,lp_0-6000,Infant Cry,Seep,Seep,false,1
Qwen/Qwen2.5-Omni-7B,583214,lp_0-8000,Infant Cry,Seep,Seep,false,1
Qwen/Qwen2.5-Omni-7B,583214,remove_0-1000,Infant Cry,Seep,Seep,false,1
Qwen/Qwen2.5-Omni-7B,583214,remove_1000-2000,Infant Cry,Phee,Phee,false,1
Qwen/Qwen2.5-Omni-7B,583214,remove_2000-4000,Infant Cry,Phee,Phee,false,1
Qwen/Qwen2.5-Omni-7B,583214,remove_4000-6000,Infant Cry,Phee,Phee,false,1
Qwen/Qwen2.5-Omni-7B,583214,remove_6000-8000,Infant Cry,Phee,Phee,false,1
Qwen/Qwen2.5-Omni-7B,596191,lp_0-1000,Infant Cry,Phee,Phee,false,1
Qwen/Qwen2.5-Omni-7B,596191,lp_0-2000,Infant Cry,Phee,Phee,false,1
Qwen/Qwen2.5-Omni-7B,596191,lp_0-4000,Infant Cry,Phee,Phee,false,1
Qwen/Qwen2.5-Omni-7B,596191,lp_0-6000,Infant Cry,Seep,Seep,false,1
Qwen/Qwen2.5-Omni-7B,596191,lp_0-8000,Infant Cry,Seep,Seep,false,1
Qwen/Qwen2.5-Omni-7B,596191,remove_0-1000,Infant Cry,Seep,Seep,false,1
Qwen/Qwen2.5-Omni-7B,596191,remove_1000-2000,Infant Cry,Seep,Seep,false,1
Qwen/Qwen2.5-Omni-7B,596191,remove_2000-4000,Infant Cry,Seep,Seep,false,1
Qwen/Qwen2.5-Omni-7B,596191,remove_4000-6000,Infant Cry,Phee,Phee,false,1
Qwen/Qwen2.5-Omni-7B,596191,remove_6000-8000,Infant Cry,Phee,Phee,false,1
Qwen/Qwen2.5-Omni-7B,604234,lp_0-1000,Infant Cry,Phee,Phee,false,1
Qwen/Qwen2.5-Omni-7B,604234,lp_0-2000,Infant Cry,Phee,Phee,false,1
Qwen/Qwen2.5-Omni-7B,604234,lp_0-4000,Infant Cry,Phee,Phee,false,1
Qwen/Qwen2.5-Omni-7B,604234,lp_0-6000,Infant Cry,Phee,Phee,false,1
Qwen/Qwen2.5-Omni-7B,604234,lp_0-8000,Infant Cry,Seep,Seep,false,1
Qwen/Qwen2.5-Omni-7B,604234,remove_0-1000,Infant Cry,Seep,Seep,false,1
Qwen/Qwen2.5-Omni-7B,604234,remove_1000-2000,Infant Cry,Seep,Seep,false,1
Qwen/Qwen2.5-Omni-7B,604234,remove_2000-4000,Infant Cry,Seep,Seep,false,1
Qwen/Qwen2.5-Omni-7B,604234,remove_4000-6000,Infant Cry,Phee,Phee,false,1
Qwen/Qwen2.5-Omni-7B,604234,remove_6000-8000,Infant Cry,Seep,Seep,false,1
Qwen/Qwen2.5-Omni-7B,609454,lp_0-1000,Infant Cry,Phee,Phee,false,1
Qwen/Qwen2.5-Omni-7B,609454,lp_0-2000,Infant Cry,Phee,Phee,false,1
Qwen/Qwen2.5-Omni-7B,609454,lp_0-4000,Infant Cry,Tsik,Tsik,false,1
Qwen/Qwen2.5-Omni-7B,609454,lp_0-6000,Infant Cry,Tsik,Tsik,false,1
Qwen/Qwen2.5-Omni-7B,609454,lp_0-8000,Infant Cry,Seep,Seep,false,1
Qwen/Qwen2.5-Omni-7B,609454,remove_0-1000,Infant Cry,Tsik,Tsik,false,1
Qwen/Qwen2.5-Omni-7B,609454,remove_1000-2000,Infant Cry,Seep,Seep,false,1
Qwen/Qwen2.5-Omni-7B,609454,remove_2000-4000,Infant Cry,Tsik,Tsik,false,1
Qwen/Qwen2.5-Omni-7B,609454,remove_4000-6000,Infant Cry,Tsik,Tsik,false,1
Qwen/Qwen2.5-Omni-7B,609454,remove_6000-8000,Infant Cry,Tsik,Tsik,false,1
Qwen/Qwen2.5-Omni-7B,612455,lp_0-1000,Infant Cry,Phee,Phee,false,1
Qwen/Qwen2.5-Omni-7B,612455,lp_0-2000,Infant Cry,Phee,Phee,false,1
Qwen/Qwen2.5-Omni-7B,612455,lp_0-4000,Infant Cry,Phee,Phee,false,1
Qwen/Qwen2.5-Omni-7B,612455,lp_0-6000,Infant Cry,Phee,Phee,false,1
Qwen/Qwen2.5-Omni-7B,612455,lp_0-8000,Infant Cry,Seep,Seep,false,1
Qwen/Qwen2.5-Omni-7B,612455,remove_0-1000,Infant Cry,Seep,Seep,false,1
Qwen/Qwen2.5-Omni-7B,612455,remove_1000-2000,Infant Cry,Seep,Seep,false,1
Qwen/Qwen2.5-Omni-7B,612455,remove_2000-4000,Infant Cry,Seep,Seep,false,1
Qwen/Qwen2.5-Omni-7B,612455,remove_4000-6000,Infant Cry,Phee,Phee,false,1
Qwen/Qwen2.5-Omni-7B,612455,remove_6000-8000,Infant Cry,Phee,Phee,false,1
Qwen/Qwen2.5-Omni-7B,612456,lp_0-1000,Infant Cry,Phee,Phee,false,1
Qwen/Qwen2.5-Omni-7B,612456,lp_0-2000,Infant Cry,Phee,Phee,false,1
Qwen/Qwen2.5-Omni-7B,612456,lp_0-4000,Infant Cry,Phee,Phee,false,1
Qwen/Qwen2.5-Omni-7B,612456,lp_0-6000,Infant Cry,Seep,Seep,false,1
Qwen/Qwen2.5-Omni-7B,612456,lp_0-8000,Infant Cry,Seep,Seep,false,1
Qwen/Qwen2.5-Omni-7B,612456,remove_0-1000,Infant Cry,Tsik,Tsik,false,1
Qwen/Qwen2.5-Omni-7B,612456,remove_1000-2000,Infant Cry,Seep,Seep,false,1
Qwen/Qwen2.5-Omni-7B,612456,remove_2000-4000,Infant Cry,Seep,Seep,false,1
Qwen/Qwen2.5-Omni-7B,612456,remove_4000-6000,Infant Cry,Phee,Phee,false,1
Qwen/Qwen2.5-Omni-7B,612456,remove_6000-8000,Infant Cry,Seep,Seep,false,1
Qwen/Qwen2.5-Omni-7B,612715,lp_0-1000,Infant Cry,Phee,Phee,false,1
Qwen/Qwen2.5-Omni-7B,612715,lp_0-2000,Infant Cry,Seep,Seep,false,1
Qwen/Qwen2.5-Omni-7B,612715,lp_0-4000,Infant Cry,Phee,Phee,false,1
Qwen/Qwen2.5-Omni-7B,612715,lp_0-6000,Infant Cry,Phee,Phee,false,1
Qwen/Qwen2.5-Omni-7B,612715,lp_0-8000,Infant Cry,Phee,Phee,false,1
Qwen/Qwen2.5-Omni-7B,612715,remove_0-1000,Infant Cry,Seep,Seep,false,1
Qwen/Qwen2.5-Omni-7B,612715,remove_1000-2000,Infant Cry,Seep,Seep,false,1
Qwen/Qwen2.5-Omni-7B,612715,remove_2000-4000,Infant Cry,Seep,Seep,false,1
Qwen/Qwen2.5-Omni-7B,612715,remove_4000-6000,Infant Cry,Phee,Phee,false,1
Qwen/Qwen2.5-Omni-7B,612715,remove_6000-8000,Infant Cry,Phee,Phee,false,1
Qwen/Qwen2.5-Omni-7B,618440,lp_0-1000,Infant Cry,Phee,Phee,false,1
Qwen/Qwen2.5-Omni-7B,618440,lp_0-2000,Infant Cry,Phee,Phee,false,1
Qwen/Qwen2.5-Omni-7B,618440,lp_0-4000,Infant Cry,Phee,Phee,false,1
Qwen/Qwen2.5-Omni-7B,618440,lp_0-6000,Infant Cry,Tsik,Tsik,false,1
Qwen/Qwen2.5-Omni-7B,618440,lp_0-8000,Infant Cry,Tsik,Tsik,false,1
Qwen/Qwen2.5-Omni-7B,618440,remove_0-1000,Infant Cry,Tsik,Tsik,false,1
Qwen/Qwen2.5-Omni-7B,618440,remove_1000-2000,Infant Cry,Phee,Phee,false,1
Qwen/Qwen2.5-Omni-7B,618440,remove_2000-4000,Infant Cry,Seep,Seep,false,1
Qwen/Qwen2.5-Omni-7B,618440,remove_4000-6000,Infant Cry,Phee,Phee,false,1
Qwen/Qwen2.5-Omni-7B,618440,remove_6000-8000,Infant Cry,Tsik,Tsik,false,1
Qwen/Qwen2.5-Omni-7B,623676,lp_0-1000,Infant Cry,Seep,Seep,false,1
Qwen/Qwen2.5-Omni-7B,623676,lp_0-2000,Infant Cry,Phee,Phee,false,1
Qwen/Qwen2.5-Omni-7B,623676,lp_0-4000,Infant Cry,Phee,Phee,false,1
Qwen/Qwen2.5-Omni-7B,623676,lp_0-6000,Infant Cry,Tsik,Tsik,false,1
Qwen/Qwen2.5-Omni-7B,623676,lp_0-8000,Infant Cry,Seep,Seep,false,1
Qwen/Qwen2.5-Omni-7B,623676,remove_0-1000,Infant Cry,Seep,Seep,false,1
Qwen/Qwen2.5-Omni-7B,623676,remove_1000-2000,Infant Cry,Seep,Seep,false,1
Qwen/Qwen2.5-Omni-7B,623676,remove_2000-4000,Infant Cry,Seep,Seep,false,1
Qwen/Qwen2.5-Omni-7B,623676,remove_4000-6000,Infant Cry,Seep,Seep,false,1
Qwen/Qwen2.5-Omni-7B,623676,remove_6000-8000,Infant Cry,Seep,Seep,false,1
Qwen/Qwen2.5-Omni-7B,623691,lp_0-1000,Infant Cry,Seep,Seep,false,1
Qwen/Qwen2.5-Omni-7B,623691,lp_0-2000,Infant Cry,Phee,Phee,false,1
Qwen/Qwen2.5-Omni-7B,623691,lp_0-4000,Infant Cry,Phee,Phee,false,1
Qwen/Qwen2.5-Omni-7B,623691,lp_0-6000,Infant Cry,Seep,Seep,false,1
Qwen/Qwen2.5-Omni-7B,623691,lp_0-8000,Infant Cry,Seep,Seep,false,1
Qwen/Qwen2.5-Omni-7B,623691,remove_0-1000,Infant Cry,Seep,Seep,false,1
Qwen/Qwen2.5-Omni-7B,623691,remove_1000-2000,Infant Cry,Seep,Seep,false,1
Qwen/Qwen2.5-Omni-7B,623691,remove_2000-4000,Infant Cry,Seep,Seep,false,1
Qwen/Qwen2.5-Omni-7B,623691,remove_4000-6000,Infant Cry,Seep,Seep,false,1
Qwen/Qwen2.5-Omni-7B,623691,remove_6000-8000,Infant Cry,Phee,Phee,false,1
Qwen/Qwen2.5-Omni-7B,628729,lp_0-1000,Infant Cry,Seep,Seep,false,1
Qwen/Qwen2.5-Omni-7B,628729,lp_0-2000,Infant Cry,Phee,Phee,false,1
Qwen/Qwen2.5-Omni-7B,628729,lp_0-4000,Infant Cry,Phee,Phee,false,1
Qwen/Qwen2.5-Omni-7B,628729,lp_0-6000,Infant Cry,Seep,Seep,false,1
Qwen/Qwen2.5-Omni-7B,628729,lp_0-8000,Infant Cry,Seep,Seep,false,1
Qwen/Qwen2.5-Omni-7B,628729,remove_0-1000,Infant Cry,Tsik,Tsik,false,1
Qwen/Qwen2.5-Omni-7B,628729,remove_1000-2000,Infant Cry,Seep,Seep,false,1
Qwen/Qwen2.5-Omni-7B,628729,remove_2000-4000,Infant Cry,Phee,Phee,false,1
Qwen/Qwen2.5-Omni-7B,628729,remove_4000-6000,Infant Cry,Tsik,Tsik,false,1
Qwen/Qwen2.5-Omni-7B,628729,remove_6000-8000,Infant Cry,Phee,Phee,false,1
Qwen/Qwen2.5-Omni-7B,631861,lp_0-1000,Infant Cry,Phee,Phee,false,1
Qwen/Qwen2.5-Omni-7B,631861,lp_0-2000,Infant Cry,Phee,Phee,false,1
Qwen/Qwen2.5-Omni-7B,631861,lp_0-4000,Infant Cry,Phee,Phee,false,1
Qwen/Qwen2.5-Omni-7B,631861,lp_0-6000,Infant Cry,Phee,Phee,false,1
Qwen/Qwen2.5-Omni-7B,631861,lp_0-8000,Infant Cry,Tsik,Tsik,false,1
Qwen/Qwen2.5-Omni-7B,631861,remove_0-1000,Infant Cry,Tsik,Tsik,false,1
Qwen/Qwen2.5-Omni-7B,631861,remove_1000-2000,Infant Cry,Seep,Seep,false,1
Qwen/Qwen2.5-Omni-7B,631861,remove_2000-4000,Infant Cry,Seep,Seep,false,1
Qwen/Qwen2.5-Omni-7B,631861,remove_4000-6000,Infant Cry,Phee,Phee,false,1
Qwen/Qwen2.5-Omni-7B,631861,remove_6000-8000,Infant Cry,Tsik,Tsik,false,1
Qwen/Qwen2.5-Omni-7B,651191,lp_0-1000,Infant Cry,Seep,Seep,false,1
Qwen/Qwen2.5-Omni-7B,651191,lp_0-2000,Infant Cry,Phee,Phee,false,1
Qwen/Qwen2.5-Omni-7B,651191,lp_0-4000,Infant Cry,Phee,Phee,false,1
Qwen/Qwen2.5-Omni-7B,651191,lp_0-6000,Infant Cry,Phee,Phee,false,1
Qwen/Qwen2.5-Omni-7B,651191,lp_0-8000,Infant Cry,Tsik,Tsik,false,1
Qwen/Qwen2.5-Omni-7B,651191,remove_0-1000,Infant Cry,Seep,Seep,false,1
Qwen/Qwen2.5-Omni-7B,651191,remove_1000-2000,Infant Cry,Seep,Seep,false,1
Qwen/Qwen2.5-Omni-7B,651191,remove_2000-4000,Infant Cry,Seep,Seep,false,1
Qwen/Qwen2.5-Omni-7B,651191,remove_4000-6000,Infant Cry,Phee,Phee,false,1
Qwen/Qwen2.5-Omni-7B,651191,remove_6000-8000,Infant Cry,Seep,Seep,false,1
Qwen/Qwen2.5-Omni-7B,657848,lp_0-1000,Infant Cry,Seep,Seep,false,1
Qwen/Qwen2.5-Omni-7B,657848,lp_0-2000,Infant Cry,Phee,Phee,false,1
Qwen/Qwen2.5-Omni-7B,657848,lp_0-4000,Infant Cry,Phee,Phee,false,1
Qwen/Qwen2.5-Omni-7B,657848,lp_0-6000,Infant Cry,Phee,Phee,false,1
Qwen/Qwen2.5-Omni-7B,657848,lp_0-8000,Infant Cry,Seep,Seep,false,1
Qwen/Qwen2.5-Omni-7B,657848,remove_0-1000,Infant Cry,Tsik,Tsik,false,1
Qwen/Qwen2.5-Omni-7B,657848,remove_1000-2000,Infant Cry,Seep,Seep,false,1
Qwen/Qwen2.5-Omni-7B,657848,remove_2000-4000,Infant Cry,Phee,Phee,false,1
Qwen/Qwen2.5-Omni-7B,657848,remove_4000-6000,Infant Cry,Seep,Seep,false,1
Qwen/Qwen2.5-Omni-7B,657848,remove_6000-8000,Infant Cry,Phee,Phee,false,1
Qwen/Qwen2.5-Omni-7B,659272,lp_0-1000,Infant Cry,Seep,Seep,false,1
Qwen/Qwen2.5-Omni-7B,659272,lp_0-2000,Infant Cry,Phee,Phee,false,1
Qwen/Qwen2.5-Omni-7B,659272,lp_0-4000,Infant Cry,Phee,Phee,false,1
Qwen/Qwen2.5-Omni-7B,659272,lp_0-6000,Infant Cry,Seep,Seep,false,1
Qwen/Qwen2.5-Omni-7B,659272,lp_0-8000,Infant Cry,Seep,Seep,false,1
Qwen/Qwen2.5-Omni-7B,659272,remove_0-1000,Infant Cry,Seep,Seep,false,1
Qwen/Qwen2.5-Omni-7B,659272,remove_1000-2000,Infant Cry,Seep,Seep,false,1
Qwen/Qwen2.5-Omni-7B,659272,remove_2000-4000,Infant Cry,Seep,Seep,false,1
Qwen/Qwen2.5-Omni-7B,659272,remove_4000-6000,Infant Cry,Phee,Phee,false,1
Qwen/Qwen2.5-Omni-7B,659272,remove_6000-8000,Infant Cry,Phee,Phee,false,1
Qwen/Qwen2.5-Omni-7B,6633,lp_0-1000,Infant Cry,Seep,Seep,false,1
Qwen/Qwen2.5-Omni-7B,6633,lp_0-2000,Infant Cry,Phee,Phee,false,1
Qwen/Qwen2.5-Omni-7B,6633,lp_0-4000,Infant Cry,Phee,Phee,false,1
Qwen/Qwen2.5-Omni-7B,6633,lp_0-6000,Infant Cry,Seep,Seep,false,1
Qwen/Qwen2.5-Omni-7B,6633,lp_0-8000,Infant Cry,Seep,Seep,false,1
Qwen/Qwen2.5-Omni-7B,6633,remove_0-1000,Infant Cry,Seep,Seep,false,1
Qwen/Qwen2.5-Omni-7B,6633,remove_1000-2000,Infant Cry,Seep,Seep,false,1
Qwen/Qwen2.5-Omni-7B,6633,remove_2000-4000,Infant Cry,Tsik,Tsik,false,1
Qwen/Qwen2.5-Omni-7B,6633,remove_4000-6000,Infant Cry,Tsik,Tsik,false,1
Qwen/Qwen2.5-Omni-7B,6633,remove_6000-8000,Infant Cry,Phee,Phee,false,1
Qwen/Qwen2.5-Omni-7B,664504,lp_0-1000,Infant Cry,Seep,Seep,false,1
Qwen/Qwen2.5-Omni-7B,664504,lp_0-2000,Infant Cry,Seep,Seep,false,1
Qwen/Qwen2.5-Omni-7B,664504,lp_0-4000,Infant Cry,Phee,Phee,false,1
Qwen/Qwen2.5-Omni-7B,664504,lp_0-6000,Infant Cry,Phee,Phee,false,1
Qwen/Qwen2.5-Omni-7B,664504,lp_0-8000,Infant Cry,Tsik,Tsik,false,1
Qwen/Qwen2.5-Omni-7B,664504,remove_0-1000,Infant Cry,Phee,Phee,false,1
Qwen/Qwen2.5-Omni-7B,664504,remove_1000-2000,Infant Cry,Phee,Phee,false,1
Qwen/Qwen2.5-Omni-7B,664504,remove_2000-4000,Infant Cry,Phee,Phee,false,1
Qwen/Qwen2.5-Omni-7B,664504,remove_4000-6000,Infant Cry,Phee,Phee,false,1
Qwen/Qwen2.5-Omni-7B,664504,remove_6000-8000,Infant Cry,Phee,Phee,false,1
Qwen/Qwen2.5-Omni-7B,666082,lp_0-1000,Infant Cry,Seep,Seep,false,1
Qwen/Qwen2.5-Omni-7B,666082,lp_0-2000,Infant Cry,Phee,Phee,false,1
Qwen/Qwen2.5-Omni-7B,666082,lp_0-4000,Infant Cry,Phee,Phee,false,1
Qwen/Qwen2.5-Omni-7B,666082,lp_0-6000,Infant Cry,Seep,Seep,false,1
Qwen/Qwen2.5-Omni-7B,666082,lp_0-8000,Infant Cry,Seep,Seep,false,1
Qwen/Qwen2.5-Omni-7B,666082,remove_0-1000,Infant Cry,Phee,Phee,false,1
Qwen/Qwen2.5-Omni-7B,666082,remove_1000-2000,Infant Cry,Phee,Phee,false,1
Qwen/Qwen2.5-Omni-7B,666082,remove_2000-4000,Infant Cry,Phee,Phee,false,1
Qwen/Qwen2.5-Omni-7B,666082,remove_4000-6000,Infant Cry,Seep,Seep,false,1
Qwen/Qwen2.5-Omni-7B,666082,remove_6000-8000,Infant Cry,Phee,Phee,false,1
Qwen/Qwen2.5-Omni-7B,667865,lp_0-1000,Infant Cry,Seep,Seep,false,1
Qwen/Qwen2.5-Omni-7B,667865,lp_0-2000,Infant Cry,Phee,Phee,false,1
Qwen/Qwen2.5-Omni-7B,667865,lp_0-4000,Infant Cry,Phee,Phee,false,1
Qwen/Qwen2.5-Omni-7B,667865,lp_0-6000,Infant Cry,Phee,Phee,false,1
Qwen/Qwen2.5-Omni-7B,667865,lp_0-8000,Infant Cry,Seep,Seep,false,1
Qwen/Qwen2.5-Omni-7B,667865,remove_0-1000,Infant Cry,Seep,Seep,false,1
Qwen/Qwen2.5-Omni-7B,667865,remove_1000-2000,Infant Cry,Seep,Seep,false,1
Qwen/Qwen2.5-Omni-7B,667865,remove_2000-4000,Infant Cry,Seep,Seep,false,1
Qwen/Qwen2.5-Omni-7B,667865,remove_4000-6000,Infant Cry,Seep,Seep,false,1
Qwen/Qwen2.5-Omni-7B,667865,remove_6000-8000,Infant Cry,Seep,Seep,false,1
Qwen/Qwen2.5-Omni-7B,667905,lp_0-1000,Infant Cry,Seep,Seep,false,1
Qwen/Qwen2.5-Omni-7B,667905,lp_0-2000,Infant Cry,Phee,Phee,false,1
Qwen/Qwen2.5-Omni-7B,667905,lp_0-4000,Infant Cry,Phee,Phee,false,1
Qwen/Qwen2.5-Omni-7B,667905,lp_0-6000,Infant Cry,Phee,Phee,false,1
Qwen/Qwen2.5-Omni-7B,667905,lp_0-8000,Infant Cry,Seep,Seep,false,1
Qwen/Qwen2.5-Omni-7B,667905,remove_0-1000,Infant Cry,Seep,Seep,false,1
Qwen/Qwen2.5-Omni-7B,667905,remove_1000-2000,Infant Cry,Seep,Seep,false,1
Qwen/Qwen2.5-Omni-7B,667905,remove_2000-4000,Infant Cry,Seep,Seep,false,1
Qwen/Qwen2.5-Omni-7B,667905,remove_4000-6000,Infant Cry,Seep,Seep,false,1
Qwen/Qwen2.5-Omni-7B,667905,remove_6000-8000,Infant Cry,Phee,Phee,false,1
Qwen/Qwen2.5-Omni-7B,669950,lp_0-1000,Infant Cry,Seep,Seep,false,1
Qwen/Qwen2.5-Omni-7B,669950,lp_0-2000,Infant Cry,Phee,Phee,false,1
Qwen/Qwen2.5-Omni-7B,669950,lp_0-4000,Infant Cry,Phee,Phee,false,1
Qwen/Qwen2.5-Omni-7B,669950,lp_0-6000,Infant Cry,Seep,Seep,false,1
Qwen/Qwen2.5-Omni-7B,669950,lp_0-8000,Infant Cry,Seep,Seep,false,1
Qwen/Qwen2.5-Omni-7B,669950,remove_0-1000,Infant Cry,Seep,Seep,false,1
Qwen/Qwen2.5-Omni-7B,669950,remove_1000-2000,Infant Cry,Seep,Seep,false,1
Qwen/Qwen2.5-Omni-7B,669950,remove_2000-4000,Infant Cry,Seep,Seep,false,1
Qwen/Qwen2.5-Omni-7B,669950,remove_4000-6000,Infant Cry,Seep,Seep,false,1
Qwen/Qwen2.5-Omni-7B,669950,remove_6000-8000,Infant Cry,Seep,Seep,false,1
Qwen/Qwen2.5-Omni-7B,669953,lp_0-1000,Infant Cry,Seep,Seep,false,1
Qwen/Qwen2.5-Omni-7B,669953,lp_0-2000,Infant Cry,Phee,Phee,false,1
Qwen/Qwen2.5-Omni-7B,669953,lp_0-4000,Infant Cry,Phee,Phee,false,1
Qwen/Qwen2.5-Omni-7B,669953,lp_0-6000,Infant Cry,Seep,Seep,false,1
Qwen/Qwen2.5-Omni-7B,669953,lp_0-8000,Infant Cry,Seep,Seep,false,1
Qwen/Qwen2.5-Omni-7B,669953,remove_0-1000,Infant Cry,Seep,Seep,false,1
Qwen/Qwen2.5-Omni-7B,669953,remove_1000-2000,Infant Cry,Seep,Seep,false,1
Qwen/Qwen2.5-Omni-7B,669953,remove_2000-4000,Infant Cry,Seep,Seep,false,1
Qwen/Qwen2.5-Omni-7B,669953,remove_4000-6000,Infant Cry,Seep,Seep,false,1
Qwen/Qwen2.5-Omni-7B,669953,remove_6000-8000,Infant Cry,Seep,Seep,false,1
Qwen/Qwen2.5-Omni-7B,670039,lp_0-1000,Infant Cry,Seep,Seep,false,1
Qwen/Qwen2.5-Omni-7B,670039,lp_0-2000,Infant Cry,Seep,Seep,false,1
Qwen/Qwen2.5-Omni-7B,670039,lp_0-4000,Infant Cry,Phee,Phee,false,1
Qwen/Qwen2.5-Omni-7B,670039,lp_0-6000,Infant Cry,Phee,Phee,false,1
Qwen/Qwen2.5-Omni-7B,670039,lp_0-8000,Infant Cry,Phee,Phee,false,1
Qwen/Qwen2.5-Omni-7B,670039,remove_0-1000,Infant Cry,Phee,Phee,false,1
Qwen/Qwen2.5-Omni-7B,670039,remove_1000-2000,Infant Cry,Phee,Phee,false,1
Qwen/Qwen2.5-Omni-7B,670039,remove_2000-4000,Infant Cry,Phee,Phee,false,1
Qwen/Qwen2.5-Omni-7B,670039,remove_4000-6000,Infant Cry,Phee,Phee,false,1
Qwen/Qwen2.5-Omni-7B,670039,remove_6000-8000,Infant Cry,Phee,Phee,false,1
Qwen/Qwen2.5-Omni-7B,691528,lp_0-1000,Infant Cry,Seep,Seep,false,1
Qwen/Qwen2.5-Omni-7B,691528,lp_0-2000,Infant Cry,Phee,Phee,false,1
Qwen/Qwen2.5-Omni-7B,691528,lp_0-4000,Infant Cry,Phee,Phee,false,1
Qwen/Qwen2.5-Omni-7B,691528,lp_0-6000,Infant Cry,Phee,Phee,false,1
Qwen/Qwen2.5-Omni-7B,691528,lp_0-8000,Infant Cry,Tsik,Tsik,false,1
Qwen/Qwen2.5-Omni-7B,691528,remove_0-1000,Infant Cry,Tsik,Tsik,false,1
Qwen/Qwen2.5-Omni-7B,691528,remove_1000-2000,Infant Cry,Seep,Seep,false,1
Qwen/Qwen2.5-Omni-7B,691528,remove_2000-4000,Infant Cry,Tsik,Tsik,false,1
Qwen/Qwen2.5-Omni-7B,691528,remove_4000-6000,Infant Cry,Phee,Phee,false,1
Qwen/Qwen2.5-Omni-7B,691528,remove_6000-8000,Infant Cry,Phee,Phee,false,1
Qwen/Qwen2.5-Omni-7B,693164,lp_0-1000,Infant Cry,Phee,Phee,false,1
Qwen/Qwen2.5-Omni-7B,693164,lp_0-2000,Infant Cry,Phee,Phee,false,1
Qwen/Qwen2.5-Omni-7B,693164,lp_0-4000,Infant Cry,Phee,Phee,false,1
Qwen/Qwen2.5-Omni-7B,693164,lp_0-6000,Infant Cry,Phee,Phee,false,1
Qwen/Qwen2.5-Omni-7B,693164,lp_0-8000,Infant Cry,Seep,Seep,false,1
Qwen/Qwen2.5-Omni-7B,693164,remove_0-1000,Infant Cry,Seep,Seep,false,1
Qwen/Qwen2.5-Omni-7B,693164,remove_1000-2000,Infant Cry,Seep,Seep,false,1
Qwen/Qwen2.5-Omni-7B,693164,remove_2000-4000,Infant Cry,Seep,Seep,false,1
Qwen/Qwen2.5-Omni-7B,693164,remove_4000-6000,Infant Cry,Seep,Seep,false,1
Qwen/Qwen2.5-Omni-7B,693164,remove_6000-8000,Infant Cry,Phee,Phee,false,1
Qwen/Qwen2.5-Omni-7B,695093,lp_0-1000,Infant Cry,Seep,Seep,false,1
Qwen/Qwen2.5-Omni-7B,695093,lp_0-2000,Infant Cry,Phee,Phee,false,1
Qwen/Qwen2.5-Omni-7B,695093,lp_0-4000,Infant Cry,Phee,Phee,false,1
Qwen/Qwen2.5-Omni-7B,695093,lp_0-6000,Infant Cry,Seep,Seep,false,1
Qwen/Qwen2.5-Omni-7B,695093,lp_0-8000,Infant Cry,Seep,Seep,false,1
Qwen/Qwen2.5-Omni-7B,695093,remove_0-1000,Infant Cry,Seep,Seep,false,1
Qwen/Qwen2.5-Omni-7B,695093,remove_1000-2000,Infant Cry,Seep,Seep,false,1
Qwen/Qwen2.5-Omni-7B,695093,remove_2000-4000,Infant Cry,Seep,Seep,false,1
Qwen/Qwen2.5-Omni-7B,695093,remove_4000-6000,Infant Cry,Seep,Seep,false,1
Qwen/Qwen2.5-Omni-7B,695093,remove_6000-8000,Infant Cry,Seep,Seep,false,1
Qwen/Qwen2.5-Omni-7B,696291,lp_0-1000,Infant Cry,Phee,Phee,false,1
Qwen/Qwen2.5-Omni-7B,696291,lp_0-2000,Infant Cry,Phee,Phee,false,1
Qwen/Qwen2.5-Omni-7B,696291,lp_0-4000,Infant Cry,Phee,Phee,false,1
Qwen/Qwen2.5-Omni-7B,696291,lp_0-6000,Infant Cry,Tsik,Tsik,false,1
Qwen/Qwen2.5-Omni-7B,696291,lp_0-8000,Infant Cry,Tsik,Tsik,false,1
Qwen/Qwen2.5-Omni-7B,696291,remove_0-1000,Infant Cry,Tsik,Tsik,false,1
Qwen/Qwen2.5-Omni-7B,696291,remove_1000-2000,Infant Cry,Seep,Seep,false,1
Qwen/Qwen2.5-Omni-7B,696291,remove_2000-4000,Infant Cry,Tsik,Tsik,false,1
Qwen/Qwen2.5-Omni-7B,696291,remove_4000-6000,Infant Cry,Seep,Seep,false,1
Qwen/Qwen2.5-Omni-7B,696291,remove_6000-8000,Infant Cry,Seep,Seep,false,1
Qwen/Qwen2.5-Omni-7B,725567,lp_0-1000,Infant Cry,Seep,Seep,false,1
Qwen/Qwen2.5-Omni-7B,725567,lp_0-2000,Infant Cry,Seep,Seep,false,1
Qwen/Qwen2.5-Omni-7B,725567,lp_0-4000,Infant Cry,Phee,Phee,false,1
Qwen/Qwen2.5-Omni-7B,725567,lp_0-6000,Infant Cry,Phee,Phee,false,1
Qwen/Qwen2.5-Omni-7B,725567,lp_0-8000,Infant Cry,Tsik,Tsik,false,1
Qwen/Qwen2.5-Omni-7B,725567,remove_0-1000,Infant Cry,Tsik,Tsik,false,1
Qwen/Qwen2.5-Omni-7B,725567,remove_1000-2000,Infant Cry,Seep,Seep,false,1
Qwen/Qwen2.5-Omni-7B,725567,remove_2000-4000,Infant Cry,Seep,Seep,false,1
Qwen/Qwen2.5-Omni-7B,725567,remove_4000-6000,Infant Cry,Phee,Phee,false,1
Qwen/Qwen2.5-Omni-7B,725567,remove_6000-8000,Infant Cry,Phee,Phee,false,1
Qwen/Qwen2.5-Omni-7B,729021,lp_0-1000,Infant Cry,Seep,Seep,false,1
Qwen/Qwen2.5-Omni-7B,729021,lp_0-2000,Infant Cry,Phee,Phee,false,1
Qwen/Qwen2.5-Omni-7B,729021,lp_0-4000,Infant Cry,Phee,Phee,false,1
Qwen/Qwen2.5-Omni-7B,729021,lp_0-6000,Infant Cry,Seep,Seep,false,1
Qwen/Qwen2.5-Omni-7B,729021,lp_0-8000,Infant Cry,Seep,Seep,false,1
Qwen/Qwen2.5-Omni-7B,729021,remove_0-1000,Infant Cry,Seep,Seep,false,1
Qwen/Qwen2.5-Omni-7B,729021,remove_1000-2000,Infant Cry,Seep,Seep,false,1
Qwen/Qwen2.5-Omni-7B,729021,remove_2000-4000,Infant Cry,Seep,Seep,false,1
Qwen/Qwen2.5-Omni-7B,729021,remove_4000-6000,Infant Cry,Seep,Seep,false,1
Qwen/Qwen2.5-Omni-7B,729021,remove_6000-8000,Infant Cry,Seep,Seep,false,1
Qwen/Qwen2.5-Omni-7B,731937,lp_0-1000,Infant Cry,Seep,Seep,false,1
Qwen/Qwen2.5-Omni-7B,731937,lp_0-2000,Infant Cry,Phee,Phee,false,1
Qwen/Qwen2.5-Omni-7B,731937,lp_0-4000,Infant Cry,Seep,Seep,false,1
Qwen/Qwen2.5-Omni-7B,731937,lp_0-6000,Infant Cry,Seep,Seep,false,1
Qwen/Qwen2.5-Omni-7B,731937,lp_0-8000,Infant Cry,Seep,Seep,false,1
Qwen/Qwen2.5-Omni-7B,731937,remove_0-1000,Infant Cry,Seep,Seep,false,1
Qwen/Qwen2.5-Omni-7B,731937,remove_1000-2000,Infant Cry,Seep,Seep,false,1
Qwen/Qwen2.5-Omni-7B,731937,remove_2000-4000,Infant Cry,Seep,Seep,false,1
Qwen/Qwen2.5-Omni-7B,731937,remove_4000-6000,Infant Cry,Seep,Seep,false,1
Qwen/Qwen2.5-Omni-7B,731937,remove_6000-8000,Infant Cry,Seep,Seep,false,1
Qwen/Qwen2.5-Omni-7B,742006,lp_0-1000,Infant Cry,Phee,Phee,false,1
Qwen/Qwen2.5-Omni-7B,742006,lp_0-2000,Infant Cry,Phee,Phee,false,1
Qwen/Qwen2.5-Omni-7B,742006,lp_0-4000,Infant Cry,Phee,Phee,false,1
Qwen/Qwen2.5-Omni-7B,742006,lp_0-6000,Infant Cry,Phee,Phee,false,1
Qwen/Qwen2.5-Omni-7B,742006,lp_0-8000,Infant Cry,Seep,Seep,false,1
Qwen/Qwen2.5-Omni-7B,742006,remove_0-1000,Infant Cry,Seep,Seep,false,1
Qwen/Qwen2.5-Omni-7B,742006,remove_1000-2000,Infant Cry,Seep,Seep,false,1
Qwen/Qwen2.5-Omni-7B,742006,remove_2000-4000,Infant Cry,Tsik,Tsik,false,1
Qwen/Qwen2.5-Omni-7B,742006,remove_4000-6000,Infant Cry,Phee,Phee,false,1
Qwen/Qwen2.5-Omni-7B,742006,remove_6000-8000,Infant Cry,Tsik,Tsik,false,1
Qwen/Qwen2.5-Omni-7B,763863,lp_0-1000,Infant Cry,Seep,Seep,false,1
Qwen/Qwen2.5-Omni-7B,763863,lp_0-2000,Infant Cry,Seep,Seep,false,1
Qwen/Qwen2.5-Omni-7B,763863,lp_0-4000,Infant Cry,Seep,Seep,false,1
Qwen/Qwen2.5-Omni-7B,763863,lp_0-6000,Infant Cry,Seep,Seep,false,1
Qwen/Qwen2.5-Omni-7B,763863,lp_0-8000,Infant Cry,Seep,Seep,false,1
Qwen/Qwen2.5-Omni-7B,763863,remove_0-1000,Infant Cry,Tsik,Tsik,false,1
Qwen/Qwen2.5-Omni-7B,763863,remove_1000-2000,Infant Cry,Seep,Seep,false,1
Qwen/Qwen2.5-Omni-7B,763863,remove_2000-4000,Infant Cry,Phee,Phee,false,1
Qwen/Qwen2.5-Omni-7B,763863,remove_4000-6000,Infant Cry,Seep,Seep,false,1
Qwen/Qwen2.5-Omni-7B,763863,remove_6000-8000,Infant Cry,Seep,Seep,false,1
Qwen/Qwen2.5-Omni-7B,765458,lp_0-1000,Infant Cry,Phee,Phee,false,1
Qwen/Qwen2.5-Omni-7B,765458,lp_0-2000,Infant Cry,Phee,Phee,false,1
Qwen/Qwen2.5-Omni-7B,765458,lp_0-4000,Infant Cry,Phee,Phee,false,1
Qwen/Qwen2.5-Omni-7B,765458,lp_0-6000,Infant Cry,Phee,Phee,false,1
Qwen/Qwen2.5-Omni-7B,765458,lp_0-8000,Infant Cry,Phee,Phee,false,1
Qwen/Qwen2.5-Omni-7B,765458,remove_0-1000,Infant Cry,Seep,Seep,false,1
Qwen/Qwen2.5-Omni-7B,765458,remove_1000-2000,Infant Cry,Phee,Phee,false,1
Qwen/Qwen2.5-Omni-7B,765458,remove_2000-4000,Infant Cry,Seep,Seep,false,1
Qwen/Qwen2.5-Omni-7B,765458,remove_4000-6000,Infant Cry,Phee,Phee,false,1
Qwen/Qwen2.5-Omni-7B,765458,remove_6000-8000,Infant Cry,Phee,Phee,false,1
Qwen/Qwen2.5-Omni-7B,765518,lp_0-1000,Infant Cry,Seep,Seep,false,1
Qwen/Qwen2.5-Omni-7B,765518,lp_0-2000,Infant Cry,Phee,Phee,false,1
Qwen/Qwen2.5-Omni-7B,765518,lp_0-4000,Infant Cry,Phee,Phee,false,1
Qwen/Qwen2.5-Omni-7B,765518,lp_0-6000,Infant Cry,Phee,Phee,false,1
Qwen/Qwen2.5-Omni-7B,765518,lp_0-8000,Infant Cry,Phee,Phee,false,1
Qwen/Qwen2.5-Omni-7B,765518,remove_0-1000,Infant Cry,Phee,Phee,false,1
Qwen/Qwen2.5-Omni-7B,765518,remove_1000-2000,Infant Cry,Phee,Phee,false,1
Qwen/Qwen2.5-Omni-7B,765518,remove_2000-4000,Infant Cry,Phee,Phee,false,1
Qwen/Qwen2.5-Omni-7B,765518,remove_4000-6000,Infant Cry,Phee,Phee,false,1
Qwen/Qwen2.5-Omni-7B,765518,remove_6000-8000,Infant Cry,Phee,Phee,false,1
Qwen/Qwen2.5-Omni-7B,786486,lp_0-1000,Infant Cry,Seep,Seep,false,1
Qwen/Qwen2.5-Omni-7B,786486,lp_0-2000,Infant Cry,Phee,Phee,false,1
Qwen/Qwen2.5-Omni-7B,786486,lp_0-4000,Infant Cry,Phee,Phee,false,1
Qwen/Qwen2.5-Omni-7B,786486,lp_0-6000,Infant Cry,Phee,Phee,false,1
Qwen/Qwen2.5-Omni-7B,786486,lp_0-8000,Infant Cry,Phee,Phee,false,1
Qwen/Qwen2.5-Omni-7B,786486,remove_0-1000,Infant Cry,Tsik,Tsik,false,1
Qwen/Qwen2.5-Omni-7B,786486,remove_1000-2000,Infant Cry,Phee,Phee,false,1
Qwen/Qwen2.5-Omni-7B,786486,remove_2000-4000,Infant Cry,Phee,Phee,false,1
Qwen/Qwen2.5-Omni-7B,786486,remove_4000-6000,Infant Cry,Phee,Phee,false,1
Qwen/Qwen2.5-Omni-7B,786486,remove_6000-8000,Infant Cry,Phee,Phee,false,1
Qwen/Qwen2.5-Omni-7B,799579,lp_0-1000,Infant Cry,Seep,Seep,false,1
Qwen/Qwen2.5-Omni-7B,799579,lp_0-2000,Infant Cry,Phee,Phee,false,1
Qwen/Qwen2.5-Omni-7B,799579,lp_0-4000,Infant Cry,Phee,Phee,false,1
Qwen/Qwen2.5-Omni-7B,799579,lp_0-6000,Infant Cry,Phee,Phee,false,1
Qwen/Qwen2.5-Omni-7B,799579,lp_0-8000,Infant Cry,Phee,Phee,false,1
Qwen/Qwen2.5-Omni-7B,799579,remove_0-1000,Infant Cry,Phee,Phee,false,1
Qwen/Qwen2.5-Omni-7B,799579,remove_1000-2000,Infant Cry,Phee,Phee,false,1
Qwen/Qwen2.5-Omni-7B,799579,remove_2000-4000,Infant Cry,Phee,Phee,false,1
Qwen/Qwen2.5-Omni-7B,799579,remove_4000-6000,Infant Cry,Phee,Phee,false,1
Qwen/Qwen2.5-Omni-7B,799579,remove_6000-8000,Infant Cry,Phee,Phee,false,1
Qwen/Qwen2.5-Omni-7B,817109,lp_0-1000,Infant Cry,Phee,Phee,false,1
Qwen/Qwen2.5-Omni-7B,817109,lp_0-2000,Infant Cry,Phee,Phee,false,1
Qwen/Qwen2.5-Omni-7B,817109,lp_0-4000,Infant Cry,Phee,Phee,false,1
Qwen/Qwen2.5-Omni-7B,817109,lp_0-6000,Infant Cry,Seep,Seep,false,1
Qwen/Qwen2.5-Omni-7B,817109,lp_0-8000,Infant Cry,Seep,Seep,false,1
Qwen/Qwen2.5-Omni-7B,817109,remove_0-1000,Infant Cry,Seep,Seep,false,1
Qwen/Qwen2.5-Omni-7B,817109,remove_1000-2000,Infant Cry,Seep,Seep,false,1
Qwen/Qwen2.5-Omni-7B,817109,remove_2000-4000,Infant Cry,Seep,Seep,false,1
Qwen/Qwen2.5-Omni-7B,817109,remove_4000-6000,Infant Cry,Phee,Phee,false,1
Qwen/Qwen2.5-Omni-7B,817109,remove_6000-8000,Infant Cry,Phee,Phee,false,1
Qwen/Qwen2.5-Omni-7B,817681,lp_0-1000,Infant Cry,Seep,Seep,false,1
Qwen/Qwen2.5-Omni-7B,817681,lp_0-2000,Infant Cry,Seep,Seep,false,1
Qwen/Qwen2.5-Omni-7B,817681,lp_0-4000,Infant Cry,Seep,Seep,false,1
Qwen/Qwen2.5-Omni-7B,817681,lp_0-6000,Infant Cry,Seep,Seep,false,1
Qwen/Qwen2.5-Omni-7B,817681,lp_0-8000,Infant Cry,Seep,Seep,false,1
Qwen/Qwen2.5-Omni-7B,817681,remove_0-1000,Infant Cry,Seep,Seep,false,1
Qwen/Qwen2.5-Omni-7B,817681,remove_1000-2000,Infant Cry,Seep,Seep,false,1
Qwen/Qwen2.5-Omni-7B,817681,remove_2000-4000,Infant Cry,Seep,Seep,false,1
Qwen/Qwen2.5-Omni-7B,817681,remove_4000-6000,Infant Cry,Seep,Seep,false,1
Qwen/Qwen2.5-Omni-7B,817681,remove_6000-8000,Infant Cry,Seep,Seep,false,1
Qwen/Qwen2.5-Omni-7B,866025,lp_0-1000,Infant Cry,Seep,Seep,false,1
Qwen/Qwen2.5-Omni-7B,866025,lp_0-2000,Infant Cry,Seep,Seep,false,1
Qwen/Qwen2.5-Omni-7B,866025,lp_0-4000,Infant Cry,Tsik,Tsik,false,1
Qwen/Qwen2.5-Omni-7B,866025,lp_0-6000,Infant Cry,Tsik,Tsik,false,1
Qwen/Qwen2.5-Omni-7B,866025,lp_0-8000,Infant Cry,Seep,Seep,false,1
Qwen/Qwen2.5-Omni-7B,866025,remove_0-1000,Infant Cry,Tsik,Tsik,false,1
Qwen/Qwen2.5-Omni-7B,866025,remove_1000-2000,Infant Cry,Seep,Seep,false,1
Qwen/Qwen2.5-Omni-7B,866025,remove_2000-4000,Infant Cry,Seep,Seep,false,1
Qwen/Qwen2.5-Omni-7B,866025,remove_4000-6000,Infant Cry,Seep,Seep,false,1
Qwen/Qwen2.5-Omni-7B,866025,remove_6000-8000,Infant Cry,Seep,Seep,false,1
Qwen/Qwen2.5-Omni-7B,867327,lp_0-1000,Infant Cry,Seep,Seep,false,1
Qwen/Qwen2.5-Omni-7B,867327,lp_0-2000,Infant Cry,Phee,Phee,false,1
Qwen/Qwen2.5-Omni-7B,867327,lp_0-4000,Infant Cry,Phee,Phee,false,1
Qwen/Qwen2.5-Omni-7B,867327,lp_0-6000,Infant Cry,Phee,Phee,false,1
Qwen/Qwen2.5-Omni-7B,867327,lp_0-8000,Infant Cry,Tsik,Tsik,false,1
Qwen/Qwen2.5-Omni-7B,867327,remove_0-1000,Infant Cry,Seep,Seep,false,1
Qwen/Qwen2.5-Omni-7B,867327,remove_1000-2000,Infant Cry,Seep,Seep,false,1
Qwen/Qwen2.5-Omni-7B,867327,remove_2000-4000,Infant Cry,Phee,Phee,false,1
Qwen/Qwen2.5-Omni-7B,867327,remove_4000-6000,Infant Cry,Phee,Phee,false,1
Qwen/Qwen2.5-Omni-7B,867327,remove_6000-8000,Infant Cry,Phee,Phee,false,1
Qwen/Qwen2.5-Omni-7B,868095,lp_0-1000,Infant Cry,Phee,Phee,false,1
Qwen/Qwen2.5-Omni-7B,868095,lp_0-2000,Infant Cry,Phee,Phee,false,1
Qwen/Qwen2.5-Omni-7B,868095,lp_0-4000,Infant Cry,Phee,Phee,false,1
Qwen/Qwen2.5-Omni-7B,868095,lp_0-6000,Infant Cry,Phee,Phee,false,1
Qwen/Qwen2.5-Omni-7B,868095,lp_0-8000,Infant Cry,Seep,Seep,false,1
Qwen/Qwen2.5-Omni-7B,868095,remove_0-1000,Infant Cry,Seep,Seep,false,1
Qwen/Qwen2.5-Omni-7B,868095,remove_1000-2000,Infant Cry,Phee,Phee,false,1
Qwen/Qwen2.5-Omni-7B,868095,remove_2000-4000,Infant Cry,Tsik,Tsik,false,1
Qwen/Qwen2.5-Omni-7B,868095,remove_4000-6000,Infant Cry,Phee,Phee,false,1
Qwen/Qwen2.5-Omni-7B,868095,remove_6000-8000,Infant Cry,Seep,Seep,false,1
Qwen/Qwen2.5-Omni-7B,9024,lp_0-1000,Infant Cry,Seep,Seep,false,1
Qwen/Qwen2.5-Omni-7B,9024,lp_0-2000,Infant Cry,Phee,Phee,false,1
Qwen/Qwen2.5-Omni-7B,9024,lp_0-4000,Infant Cry,Phee,Phee,false,1
Qwen/Qwen2.5-Omni-7B,9024,lp_0-6000,Infant Cry,Phee,Phee,false,1
Qwen/Qwen2.5-Omni-7B,9024,lp_0-8000,Infant Cry,Phee,Phee,false,1
Qwen/Qwen2.5-Omni-7B,9024,remove_0-1000,Infant Cry,Seep,Seep,false,1
Qwen/Qwen2.5-Omni-7B,9024,remove_1000-2000,Infant Cry,Phee,Phee,false,1
Qwen/Qwen2.5-Omni-7B,9024,remove_2000-4000,Infant Cry,Seep,Seep,false,1
Qwen/Qwen2.5-Omni-7B,9024,remove_4000-6000,Infant Cry,Phee,Phee,false,1
Qwen/Qwen2.5-Omni-7B,9024,remove_6000-8000,Infant Cry,Phee,Phee,false,1
Qwen/Qwen2.5-Omni-7B,101138,lp_0-1000,Phee,Phee,Phee,true,1
Qwen/Qwen2.5-Omni-7B,101138,lp_0-2000,Phee,Phee,Phee,true,1
Qwen/Qwen2.5-Omni-7B,101138,lp_0-4000,Phee,Phee,Phee,true,1
Qwen/Qwen2.5-Omni-7B,101138,lp_0-6000,Phee,Phee,Phee,true,1
Qwen/Qwen2.5-Omni-7B,101138,lp_0-8000,Phee,Phee,Phee,true,1
Qwen/Qwen2.5-Omni-7B,101138,remove_0-1000,Phee,Phee,Phee,true,1
Qwen/Qwen2.5-Omni-7B,101138,remove_1000-2000,Phee,Phee,Phee,true,1
Qwen/Qwen2.5-Omni-7B,101138,remove_2000-4000,Phee,Phee,Phee,true,1
Qwen/Qwen2.5-Omni-7B,101138,remove_4000-6000,Phee,Phee,Phee,true,1
Qwen/Qwen2.5-Omni-7B,101138,remove_6000-8000,Phee,Phee,Phee,true,1
Qwen/Qwen2.5-Omni-7B,108998,lp_0-1000,Phee,Phee,Phee,true,1
Qwen/Qwen2.5-Omni-7B,108998,lp_0-2000,Phee,Phee,Phee,true,1
Qwen/Qwen2.5-Omni-7B,108998,lp_0-4000,Phee,Phee,Phee,true,1
Qwen/Qwen2.5-Omni-7B,108998,lp_0-6000,Phee,Seep,Seep,false,1
Qwen/Qwen2.5-Omni-7B,108998,lp_0-8000,Phee,Phee,Phee,true,1
Qwen/Qwen2.5-Omni-7B,108998,remove_0-1000,Phee,Seep,Seep,false,1
Qwen/Qwen2.5-Omni-7B,108998,remove_1000-2000,Phee,Phee,Phee,true,1
Qwen/Qwen2.5-Omni-7B,108998,remove_2000-4000,Phee,Phee,Phee,true,1
Qwen/Qwen2.5-Omni-7B,108998,remove_4000-6000,Phee,Phee,Phee,true,1
Qwen/Qwen2.5-Omni-7B,108998,remove_6000-8000,Phee,Phee,Phee,true,1
Qwen/Qwen2.5-Omni-7B,161381,lp_0-1000,Phee,Phee,Phee,true,1
Qwen/Qwen2.5-Omni-7B,161381,lp_0-2000,Phee,Phee,Phee,true,1
Qwen/Qwen2.5-Omni-7B,161381,lp_0-4000,Phee,Phee,Phee,true,1
Qwen/Qwen2.5-Omni-7B,161381,lp_0-6000,Phee,Seep,Seep,false,1
Qwen/Qwen2.5-Omni-7B,161381,lp_0-8000,Phee,Seep,Seep,false,1
Qwen/Qwen2.5-Omni-7B,161381,remove_0-1000,Phee,Phee,Phee,true,1
Qwen/Qwen2.5-Omni-7B,161381,remove_1000-2000,Phee,Phee,Phee,true,1
Qwen/Qwen2.5-Omni-7B,161381,remove_2000-4000,Phee,Phee,Phee,true,1
Qwen/Qwen2.5-Omni-7B,161381,remove_4000-6000,Phee,Phee,Phee,true,1
Qwen/Qwen2.5-Omni-7B,161381,remove_6000-8000,Phee,Phee,Phee,true,1
Qwen/Qwen2.5-Omni-7B,202978,lp_0-1000,Phee,Seep,Seep,false,1
Qwen/Qwen2.5-Omni-7B,202978,lp_0-2000,Phee,Seep,Seep,false,1
Qwen/Qwen2.5-Omni-7B,202978,lp_0-4000,Phee,Seep,Seep,false,1
Qwen/Qwen2.5-Omni-7B,202978,lp_0-6000,Phee,Seep,Seep,false,1
Qwen/Qwen2.5-Omni-7B,202978,lp_0-8000,Phee,Seep,Seep,false,1
Qwen/Qwen2.5-Omni-7B,202978,remove_0-1000,Phee,Seep,Seep,false,1
Qwen/Qwen2.5-Omni-7B,202978,remove_1000-2000,Phee,Tsik,Tsik,false,1
Qwen/Qwen2.5-Omni-7B,202978,remove_2000-4000,Phee,Tsik,Tsik,false,1
Qwen/Qwen2.5-Omni-7B,202978,remove_4000-6000,Phee,Seep,Seep,false,1
Qwen/Qwen2.5-Omni-7B,202978,remove_6000-8000,Phee,Seep,Seep,false,1
Qwen/Qwen2.5-Omni-7B,209319,lp_0-1000,Phee,Seep,Seep,false,1
Qwen/Qwen2.5-Omni-7B,209319,lp_0-2000,Phee,Seep,Seep,false,1
Qwen/Qwen2.5-Omni-7B,209319,lp_0-4000,Phee,Seep,Seep,false,1
Qwen/Qwen2.5-Omni-7B,209319,lp_0-6000,Phee,Seep,Seep,false,1
Qwen/Qwen2.5-Omni-7B,209319,lp_0-8000,Phee,Seep,Seep,false,1
Qwen/Qwen2.5-Omni-7B,209319,remove_0-1000,Phee,Seep,Seep,false,1
Qwen/Qwen2.5-Omni-7B,209319,remove_1000-2000,Phee,Phee,Phee,true,1
Qwen/Qwen2.5-Omni-7B,209319,remove_2000-4000,Phee,Phee,Phee,true,1
Qwen/Qwen2.5-Omni-7B,209319,remove_4000-6000,Phee,Phee,Phee,true,1
Qwen/Qwen2.5-Omni-7B,209319,remove_6000-8000,Phee,Seep,Seep,false,1
Qwen/Qwen2.5-Omni-7B,211839,lp_0-1000,Phee,Phee,Phee,true,1
Qwen/Qwen2.5-Omni-7B,211839,lp_0-2000,Phee,Phee,Phee,true,1
Qwen/Qwen2.5-Omni-7B,211839,lp_0-4000,Phee,Phee,Phee,true,1
Qwen/Qwen2.5-Omni-7B,211839,lp_0-6000,Phee,Phee,Phee,true,1
Qwen/Qwen2.5-Omni-7B,211839,lp_0-8000,Phee,Phee,Phee,true,1
Qwen/Qwen2.5-Omni-7B,211839,remove_0-1000,Phee,Phee,Phee,true,1
Qwen/Qwen2.5-Omni-7B,211839,remove_1000-2000,Phee,Phee,Phee,true,1
Qwen/Qwen2.5-Omni-7B,211839,remove_2000-4000,Phee,Phee,Phee,true,1
Qwen/Qwen2.5-Omni-7B,211839,remove_4000-6000,Phee,Phee,Phee,true,1
Qwen/Qwen2.5-Omni-7B,211839,remove_6000-8000,Phee,Seep,Seep,false,1
Qwen/Qwen2.5-Omni-7B,221515,lp_0-1000,Phee,Phee,Phee,true,1
Qwen/Qwen2.5-Omni-7B,221515,lp_0-2000,Phee,Phee,Phee,true,1
Qwen/Qwen2.5-Omni-7B,221515,lp_0-4000,Phee,Phee,Phee,true,1
Qwen/Qwen2.5-Omni-7B,221515,lp_0-6000,Phee,Phee,Phee,true,1
Qwen/Qwen2.5-Omni-7B,221515,lp_0-8000,Phee,Phee,Phee,true,1
Qwen/Qwen2.5-Omni-7B,221515,remove_0-1000,Phee,Phee,Phee,true,1
Qwen/Qwen2.5-Omni-7B,221515,remove_1000-2000,Phee,Phee,Phee,true,1
Qwen/Qwen2.5-Omni-7B,221515,remove_2000-4000,Phee,Phee,Phee,true,1
Qwen/Qwen2.5-Omni-7B,221515,remove_4000-6000,Phee,Phee,Phee,true,1
Qwen/Qwen2.5-Omni-7B,221515,remove_6000-8000,Phee,Phee,Phee,true,1
Qwen/Qwen2.5-Omni-7B,223107,lp_0-1000,Phee,Phee,Phee,true,1
Qwen/Qwen2.5-Omni-7B,223107,lp_0-2000,Phee,Phee,Phee,true,1
Qwen/Qwen2.5-Omni-7B,223107,lp_0-4000,Phee,Phee,Phee,true,1
Qwen/Qwen2.5-Omni-7B,223107,lp_0-6000,Phee,Seep,Seep,false,1
Qwen/Qwen2.5-Omni-7B,223107,lp_0-8000,Phee,Seep,Seep,false,1
Qwen/Qwen2.5-Omni-7B,223107,remove_0-1000,Phee,Seep,Seep,false,1
Qwen/Qwen2.5-Omni-7B,223107,remove_1000-2000,Phee,Seep,Seep,false,1
Qwen/Qwen2.5-Omni-7B,223107,remove_2000-4000,Phee,Phee,Phee,true,1
Qwen/Qwen2.5-Omni-7B,223107,remove_4000-6000,Phee,Phee,Phee,true,1
Qwen/Qwen2.5-Omni-7B,223107,remove_6000-8000,Phee,Seep,Seep,false,1
Qwen/Qwen2.5-Omni-7B,223154,lp_0-1000,Phee,Seep,Seep,false,1
Qwen/Qwen2.5-Omni-7B,223154,lp_0-2000,Phee,Seep,Seep,false,1
Qwen/Qwen2.5-Omni-7B,223154,lp_0-4000,Phee,Seep,Seep,false,1
Qwen/Qwen2.5-Omni-7B,223154,lp_0-6000,Phee,Seep,Seep,false,1
Qwen/Qwen2.5-Omni-7B,223154,lp_0-8000,Phee,Seep,Seep,false,1
Qwen/Qwen2.5-Omni-7B,223154,remove_0-1000,Phee,Seep,Seep,false,1
Qwen/Qwen2.5-Omni-7B,223154,remove_1000-2000,Phee,Seep,Seep,false,1
Qwen/Qwen2.5-Omni-7B,223154,remove_2000-4000,Phee,Seep,Seep,false,1
Qwen/Qwen2.5-Omni-7B,223154,remove_4000-6000,Phee,Phee,Phee,true,1
Qwen/Qwen2.5-Omni-7B,223154,remove_6000-8000,Phee,Seep,Seep,false,1
Qwen/Qwen2.5-Omni-7B,223196,lp_0-1000,Phee,Phee,Phee,true,1
Qwen/Qwen2.5-Omni-7B,223196,lp_0-2000,Phee,Phee,Phee,true,1
Qwen/Qwen2.5-Omni-7B,223196,lp_0-4000,Phee,Phee,Phee,true,1
Qwen/Qwen2.5-Omni-7B,223196,lp_0-6000,Phee,Phee,Phee,true,1
Qwen/Qwen2.5-Omni-7B,223196,lp_0-8000,Phee,Phee,Phee,true,1
Qwen/Qwen2.5-Omni-7B,223196,remove_0-1000,Phee,Phee,Phee,true,1
Qwen/Qwen2.5-Omni-7B,223196,remove_1000-2000,Phee,Phee,Phee,true,1
Qwen/Qwen2.5-Omni-7B,223196,remove_2000-4000,Phee,Phee,Phee,true,1
Qwen/Qwen2.5-Omni-7B,223196,remove_4000-6000,Phee,Phee,Phee,true,1
Qwen/Qwen2.5-Omni-7B,223196,remove_6000-8000,Phee,Phee,Phee,true,1
Qwen/Qwen2.5-Omni-7B,223198,lp_0-1000,Phee,Seep,Seep,false,1
Qwen/Qwen2.5-Omni-7B,223198,lp_0-2000,Phee,Seep,Seep,false,1
Qwen/Qwen2.5-Omni-7B,223198,lp_0-4000,Phee,Seep,Seep,false,1
Qwen/Qwen2.5-Omni-7B,223198,lp_0-6000,Phee,Seep,Seep,false,1
Qwen/Qwen2.5-Omni-7B,223198,lp_0-8000,Phee,Seep,Seep,false,1
Qwen/Qwen2.5-Omni-7B,223198,remove_0-1000,Phee,Seep,Seep,false,1
Qwen/Qwen2.5-Omni-7B,223198,remove_1000-2000,Phee,Seep,Seep,false,1
Qwen/Qwen2.5-Omni-7B,223198,remove_2000-4000,Phee,Seep,Seep,false,1
Qwen/Qwen2.5-Omni-7B,223198,remove_4000-6000,Phee,Seep,Seep,false,1
Qwen/Qwen2.5-Omni-7B,223198,remove_6000-8000,Phee,Tsik,Tsik,false,1
Qwen/Qwen2.5-Omni-7B,223206,lp_0-1000,Phee,Phee,Phee,true,1
Qwen/Qwen2.5-Omni-7B,223206,lp_0-2000,Phee,Phee,Phee,true,1
Qwen/Qwen2.5-Omni-7B,223206,lp_0-4000,Phee,Phee,Phee,true,1
Qwen/Qwen2.5-Omni-7B,223206,lp_0-6000,Phee,Phee,Phee,true,1
Qwen/Qwen2.5-Omni-7B,223206,lp_0-8000,Phee,Phee,Phee,true,1
Qwen/Qwen2.5-Omni-7B,223206,remove_0-1000,Phee,Seep,Seep,false,1
Qwen/Qwen2.5-Omni-7B,223206,remove_1000-2000,Phee,Phee,Phee,true,1
Qwen/Qwen2.5-Omni-7B,223206,remove_2000-4000,Phee,Phee,Phee,true,1
Qwen/Qwen2.5-Omni-7B,223206,remove_4000-6000,Phee,Phee,Phee,true,1
Qwen/Qwen2.5-Omni-7B,223206,remove_6000-8000,Phee,Phee,Phee,true,1
Qwen/Qwen2.5-Omni-7B,223208,lp_0-1000,Phee,Twitter,Twitter,false,1
Qwen/Qwen2.5-Omni-7B,223208,lp_0-2000,Phee,Twitter,Twitter,false,1
Qwen/Qwen2.5-Omni-7B,223208,lp_0-4000,Phee,Phee,Phee,true,1
Qwen/Qwen2.5-Omni-7B,223208,lp_0-6000,Phee,Phee,Phee,true,1
Qwen/Qwen2.5-Omni-7B,223208,lp_0-8000,Phee,Phee,Phee,true,1
Qwen/Qwen2.5-Omni-7B,223208,remove_0-1000,Phee,Phee,Phee,true,1
Qwen/Qwen2.5-Omni-7B,223208,remove_1000-2000,Phee,Phee,Phee,true,1
Qwen/Qwen2.5-Omni-7B,223208,remove_2000-4000,Phee,Phee,Phee,true,1
Qwen/Qwen2.5-Omni-7B,223208,remove_4000-6000,Phee,Phee,Phee,true,1
Qwen/Qwen2.5-Omni-7B,223208,remove_6000-8000,Phee,Phee,Phee,true,1
Qwen/Qwen2.5-Omni-7B,24031,lp_0-1000,Phee,Phee,Phee,true,1
Qwen/Qwen2.5-Omni-7B,24031,lp_0-2000,Phee,Phee,Phee,true,1
Qwen/Qwen2.5-Omni-7B,24031,lp_0-4000,Phee,Phee,Phee,true,1
Qwen/Qwen2.5-Omni-7B,24031,lp_0-6000,Phee,Phee,Phee,true,1
Qwen/Qwen2.5-Omni-7B,24031,lp_0-8000,Phee,Seep,Seep,false,1
Qwen/Qwen2.5-Omni-7B,24031,remove_0-1000,Phee,Seep,Seep,false,1
Qwen/Qwen2.5-Omni-7B,24031,remove_1000-2000,Phee,Seep,Seep,false,1
Qwen/Qwen2.5-Omni-7B,24031,remove_2000-4000,Phee,Seep,Seep,false,1
Qwen/Qwen2.5-Omni-7B,24031,remove_4000-6000,Phee,Phee,Phee,true,1
Qwen/Qwen2.5-Omni-7B,24031,remove_6000-8000,Phee,Phee,Phee,true,1
Qwen/Qwen2.5-Omni-7B,242790,lp_0-1000,Phee,Seep,Seep,false,1
Qwen/Qwen2.5-Omni-7B,242790,lp_0-2000,Phee,Seep,Seep,false,1
Qwen/Qwen2.5-Omni-7B,242790,lp_0-4000,Phee,Seep,Seep,false,1
Qwen/Qwen2.5-Omni-7B,242790,lp_0-6000,Phee,Seep,Seep,false,1
Qwen/Qwen2.5-Omni-7B,242790,lp_0-8000,Phee,Seep,Seep,false,1
Qwen/Qwen2.5-Omni-7B,242790,remove_0-1000,Phee,Seep,Seep,false,1
Qwen/Qwen2.5-Omni-7B,242790,remove_1000-2000,Phee,Seep,Seep,false,1
Qwen/Qwen2.5-Omni-7B,242790,remove_2000-4000,Phee,Seep,Seep,false,1
Qwen/Qwen2.5-Omni-7B,242790,remove_4000-6000,Phee,Seep,Seep,false,1
Qwen/Qwen2.5-Omni-7B,242790,remove_6000-8000,Phee,Seep,Seep,false,1
Qwen/Qwen2.5-Omni-7B,26795,lp_0-1000,Phee,Twitter,Twitter,false,1
Qwen/Qwen2.5-Omni-7B,26795,lp_0-2000,Phee,Seep,Seep,false,1
Qwen/Qwen2.5-Omni-7B,26795,lp_0-4000,Phee,Seep,Seep,false,1
Qwen/Qwen2.5-Omni-7B,26795,lp_0-6000,Phee,Seep,Seep,false,1
Qwen/Qwen2.5-Omni-7B,26795,lp_0-8000,Phee,Seep,Seep,false,1
Qwen/Qwen2.5-Omni-7B,26795,remove_0-1000,Phee,Seep,Seep,false,1
Qwen/Qwen2.5-Omni-7B,26795,remove_1000-2000,Phee,Seep,Seep,false,1
Qwen/Qwen2.5-Omni-7B,26795,remove_2000-4000,Phee,Seep,Seep,false,1
Qwen/Qwen2.5-Omni-7B,26795,remove_4000-6000,Phee,Seep,Seep,false,1
Qwen/Qwen2.5-Omni-7B,26795,remove_6000-8000,Phee,Seep,Seep,false,1
Qwen/Qwen2.5-Omni-7B,268974,lp_0-1000,Phee,Phee,Phee,true,1
Qwen/Qwen2.5-Omni-7B,268974,lp_0-2000,Phee,Phee,Phee,true,1
Qwen/Qwen2.5-Omni-7B,268974,lp_0-4000,Phee,Phee,Phee,true,1
Qwen/Qwen2.5-Omni-7B,268974,lp_0-6000,Phee,Phee,Phee,true,1
Qwen/Qwen2.5-Omni-7B,268974,lp_0-8000,Phee,Phee,Phee,true,1
Qwen/Qwen2.5-Omni-7B,268974,remove_0-1000,Phee,Phee,Phee,true,1
Qwen/Qwen2.5-Omni-7B,268974,remove_1000-2000,Phee,Phee,Phee,true,1
Qwen/Qwen2.5-Omni-7B,268974,remove_2000-4000,Phee,Phee,Phee,true,1
Qwen/Qwen2.5-Omni-7B,268974,remove_4000-6000,Phee,Phee,Phee,true,1
Qwen/Qwen2.5-Omni-7B,268974,remove_6000-8000,Phee,Phee,Phee,true,1
Qwen/Qwen2.5-Omni-7B,285967,lp_0-1000,Phee,Phee,Phee,true,1
Qwen/Qwen2.5-Omni-7B,285967,lp_0-2000,Phee,Phee,Phee,true,1
Qwen/Qwen2.5-Omni-7B,285967,lp_0-4000,Phee,Phee,Phee,true,1
Qwen/Qwen2.5-Omni-7B,285967,lp_0-6000,Phee,Phee,Phee,true,1
Qwen/Qwen2.5-Omni-7B,285967,lp_0-8000,Phee,Phee,Phee,true,1
Qwen/Qwen2.5-Omni-7B,285967,remove_0-1000,Phee,Phee,Phee,true,1
Qwen/Qwen2.5-Omni-7B,285967,remove_1000-2000,Phee,Phee,Phee,true,1
Qwen/Qwen2.5-Omni-7B,285967,remove_2000-4000,Phee,Phee,Phee,true,1
Qwen/Qwen2.5-Omni-7B,285967,remove_4000-6000,Phee,Phee,Phee,true,1
Qwen/Qwen2.5-Omni-7B,285967,remove_6000-8000,Phee,Phee,Phee,true,1
Qwen/Qwen2.5-Omni-7B,317391,lp_0-1000,Phee,Seep,Seep,false,1
Qwen/Qwen2.5-Omni-7B,317391,lp_0-2000,Phee,Seep,Seep,false,1
Qwen/Qwen2.5-Omni-7B,317391,lp_0-4000,Phee,Seep,Seep,false,1
Qwen/Qwen2.5-Omni-7B,317391,lp_0-6000,Phee,Seep,Seep,false,1
Qwen/Qwen2.5-Omni-7B,317391,lp_0-8000,Phee,Seep,Seep,false,1
Qwen/Qwen2.5-Omni-7B,317391,remove_0-1000,Phee,Seep,Seep,false,1
Qwen/Qwen2.5-Omni-7B,317391,remove_1000-2000,Phee,Seep,Seep,false,1
Qwen/Qwen2.5-Omni-7B,317391,remove_2000-4000,Phee,Seep,Seep,false,1
Qwen/Qwen2.5-Omni-7B,317391,remove_4000-6000,Phee,Seep,Seep,false,1
Qwen/Qwen2.5-Omni-7B,317391,remove_6000-8000,Phee,Seep,Seep,false,1
Qwen/Qwen2.5-Omni-7B,34756,lp_0-1000,Phee,Phee,Phee,true,1
Qwen/Qwen2.5-Omni-7B,34756,lp_0-2000,Phee,Phee,Phee,true,1
Qwen/Qwen2.5-Omni-7B,34756,lp_0-4000,Phee,Phee,Phee,true,1
Qwen/Qwen2.5-Omni-7B,34756,lp_0-6000,Phee,Phee,Phee,true,1
Qwen/Qwen2.5-Omni-7B,34756,lp_0-8000,Phee,Seep,Seep,false,1
Qwen/Qwen2.5-Omni-7B,34756,remove_0-1000,Phee,Seep,Seep,false,1
Qwen/Qwen2.5-Omni-7B,34756,remove_1000-2000,Phee,Phee,Phee,true,1
Qwen/Qwen2.5-Omni-7B,34756,remove_2000-4000,Phee,Phee,Phee,true,1
Qwen/Qwen2.5-Omni-7B,34756,remove_4000-6000,Phee,Seep,Seep,false,1
Qwen/Qwen2.5-Omni-7B,34756,remove_6000-8000,Phee,Seep,Seep,false,1
Qwen/Qwen2.5-Omni-7B,36485,lp_0-1000,Phee,Seep,Seep,false,1
Qwen/Qwen2.5-Omni-7B,36485,lp_0-2000,Phee,Seep,Seep,false,1
Qwen/Qwen2.5-Omni-7B,36485,lp_0-4000,Phee,Seep,Seep,false,1
Qwen/Qwen2.5-Omni-7B,36485,lp_0-6000,Phee,Seep,Seep,false,1
Qwen/Qwen2.5-Omni-7B,36485,lp_0-8000,Phee,Seep,Seep,false,1
Qwen/Qwen2.5-Omni-7B,36485,remove_0-1000,Phee,Seep,Seep,false,1
Qwen/Qwen2.5-Omni-7B,36485,remove_1000-2000,Phee,Seep,Seep,false,1
Qwen/Qwen2.5-Omni-7B,36485,remove_2000-4000,Phee,Seep,Seep,false,1
Qwen/Qwen2.5-Omni-7B,36485,remove_4000-6000,Phee,Seep,Seep,false,1
Qwen/Qwen2.5-Omni-7B,36485,remove_6000-8000,Phee,Seep,Seep,false,1
Qwen/Qwen2.5-Omni-7B,377896,lp_0-1000,Phee,Seep,Seep,false,1
Qwen/Qwen2.5-Omni-7B,377896,lp_0-2000,Phee,Seep,Seep,false,1
Qwen/Qwen2.5-Omni-7B,377896,lp_0-4000,Phee,Phee,Phee,true,1
Qwen/Qwen2.5-Omni-7B,377896,lp_0-6000,Phee,Phee,Phee,true,1
Qwen/Qwen2.5-Omni-7B,377896,lp_0-8000,Phee,Phee,Phee,true,1
Qwen/Qwen2.5-Omni-7B,377896,remove_0-1000,Phee,Seep,Seep,false,1
Qwen/Qwen2.5-Omni-7B,377896,remove_1000-2000,Phee,Phee,Phee,true,1
Qwen/Qwen2.5-Omni-7B,377896,remove_2000-4000,Phee,Phee,Phee,true,1
Qwen/Qwen2.5-Omni-7B,377896,remove_4000-6000,Phee,Phee,Phee,true,1
Qwen/Qwen2.5-Omni-7B,377896,remove_6000-8000,Phee,Phee,Phee,true,1
Qwen/Qwen2.5-Omni-7B,389438,lp_0-1000,Phee,Phee,Phee,true,1
Qwen/Qwen2.5-Omni-7B,389438,lp_0-2000,Phee,Phee,Phee,true,1
Qwen/Qwen2.5-Omni-7B,389438,lp_0-4000,Phee,Phee,Phee,true,1
Qwen/Qwen2.5-Omni-7B,389438,lp_0-6000,Phee,Phee,Phee,true,1
Qwen/Qwen2.5-Omni-7B,389438,lp_0-8000,Phee,Seep,Seep,false,1
Qwen/Qwen2.5-Omni-7B,389438,remove_0-1000,Phee,Phee,Phee,true,1
Qwen/Qwen2.5-Omni-7B,389438,remove_1000-2000,Phee,Seep,Seep,false,1
Qwen/Qwen2.5-Omni-7B,389438,remove_2000-4000,Phee,Phee,Phee,true,1
Qwen/Qwen2.5-Omni-7B,389438,remove_4000-6000,Phee,Seep,Seep,false,1
Qwen/Qwen2.5-Omni-7B,389438,remove_6000-8000,Phee,Phee,Phee,true,1
Qwen/Qwen2.5-Omni-7B,395548,lp_0-1000,Phee,Seep,Seep,false,1
Qwen/Qwen2.5-Omni-7B,395548,lp_0-2000,Phee,Phee,Phee,true,1
Qwen/Qwen2.5-Omni-7B,395548,lp_0-4000,Phee,Phee,Phee,true,1
Qwen/Qwen2.5-Omni-7B,395548,lp_0-6000,Phee,Phee,Phee,true,1
Qwen/Qwen2.5-Omni-7B,395548,lp_0-8000,Phee,Phee,Phee,true,1
Qwen/Qwen2.5-Omni-7B,395548,remove_0-1000,Phee,Phee,Phee,true,1
Qwen/Qwen2.5-Omni-7B,395548,remove_1000-2000,Phee,Phee,Phee,true,1
Qwen/Qwen2.5-Omni-7B,395548,remove_2000-4000,Phee,Phee,Phee,true,1
Qwen/Qwen2.5-Omni-7B,395548,remove_4000-6000,Phee,Phee,Phee,true,1
Qwen/Qwen2.5-Omni-7B,395548,remove_6000-8000,Phee,Phee,Phee,true,1
Qwen/Qwen2.5-Omni-7B,408631,lp_0-1000,Phee,Twitter,Twitter,false,1
Qwen/Qwen2.5-Omni-7B,408631,lp_0-2000,Phee,Phee,Phee,true,1
Qwen/Qwen2.5-Omni-7B,408631,lp_0-4000,Phee,Phee,Phee,true,1
Qwen/Qwen2.5-Omni-7B,408631,lp_0-6000,Phee,Phee,Phee,true,1
Qwen/Qwen2.5-Omni-7B,408631,lp_0-8000,Phee,Phee,Phee,true,1
Qwen/Qwen2.5-Omni-7B,408631,remove_0-1000,Phee,Phee,Phee,true,1
Qwen/Qwen2.5-Omni-7B,408631,remove_1000-2000,Phee,Phee,Phee,true,1
Qwen/Qwen2.5-Omni-7B,408631,remove_2000-4000,Phee,Phee,Phee,true,1
Qwen/Qwen2.5-Omni-7B,408631,remove_4000-6000,Phee,Phee,Phee,true,1
Qwen/Qwen2.5-Omni-7B,408631,remove_6000-8000,Phee,Phee,Phee,true,1
Qwen/Qwen2.5-Omni-7B,508670,lp_0-1000,Phee,Seep,Seep,false,1
Qwen/Qwen2.5-Omni-7B,508670,lp_0-2000,Phee,Seep,Seep,false,1
Qwen/Qwen2.5-Omni-7B,508670,lp_0-4000,Phee,Phee,Phee,true,1
Qwen/Qwen2.5-Omni-7B,508670,lp_0-6000,Phee,Phee,Phee,true,1
Qwen/Qwen2.5-Omni-7B,508670,lp_0-8000,Phee,Phee,Phee,true,1
Qwen/Qwen2.5-Omni-7B,508670,remove_0-1000,Phee,Seep,Seep,false,1
Qwen/Qwen2.5-Omni-7B,508670,remove_1000-2000,Phee,Phee,Phee,true,1
Qwen/Qwen2.5-Omni-7B,508670,remove_2000-4000,Phee,Phee,Phee,true,1
Qwen/Qwen2.5-Omni-7B,508670,remove_4000-6000,Phee,Phee,Phee,true,1
Qwen/Qwen2.5-Omni-7B,508670,remove_6000-8000,Phee,Phee,Phee,true,1
Qwen/Qwen2.5-Omni-7B,508675,lp_0-1000,Phee,Phee,Phee,true,1
Qwen/Qwen2.5-Omni-7B,508675,lp_0-2000,Phee,Phee,Phee,true,1
Qwen/Qwen2.5-Omni-7B,508675,lp_0-4000,Phee,Phee,Phee,true,1
Qwen/Qwen2.5-Omni-7B,508675,lp_0-6000,Phee,Phee,Phee,true,1
Qwen/Qwen2.5-Omni-7B,508675,lp_0-8000,Phee,Phee,Phee,true,1
Qwen/Qwen2.5-Omni-7B,508675,remove_0-1000,Phee,Phee,Phee,true,1
Qwen/Qwen2.5-Omni-7B,508675,remove_1000-2000,Phee,Phee,Phee,true,1
Qwen/Qwen2.5-Omni-7B,508675,remove_2000-4000,Phee,Phee,Phee,true,1
Qwen/Qwen2.5-Omni-7B,508675,remove_4000-6000,Phee,Phee,Phee,true,1
Qwen/Qwen2.5-Omni-7B,508675,remove_6000-8000,Phee,Phee,Phee,true,1
Qwen/Qwen2.5-Omni-7B,508696,lp_0-1000,Phee,Seep,Seep,false,1
Qwen/Qwen2.5-Omni-7B,508696,lp_0-2000,Phee,Seep,Seep,false,1
Qwen/Qwen2.5-Omni-7B,508696,lp_0-4000,Phee,Phee,Phee,true,1
Qwen/Qwen2.5-Omni-7B,508696,lp_0-6000,Phee,Seep,Seep,false,1
Qwen/Qwen2.5-Omni-7B,508696,lp_0-8000,Phee,Phee,Phee,true,1
Qwen/Qwen2.5-Omni-7B,508696,remove_0-1000,Phee,Seep,Seep,false,1
Qwen/Qwen2.5-Omni-7B,508696,remove_1000-2000,Phee,Seep,Seep,false,1
Qwen/Qwen2.5-Omni-7B,508696,remove_2000-4000,Phee,Seep,Seep,false,1
Qwen/Qwen2.5-Omni-7B,508696,remove_4000-6000,Phee,Phee,Phee,true,1
Qwen/Qwen2.5-Omni-7B,508696,remove_6000-8000,Phee,Seep,Seep,false,1
Qwen/Qwen2.5-Omni-7B,508707,lp_0-1000,Phee,Phee,Phee,true,1
Qwen/Qwen2.5-Omni-7B,508707,lp_0-2000,Phee,Phee,Phee,true,1
Qwen/Qwen2.5-Omni-7B,508707,lp_0-4000,Phee,Phee,Phee,true,1
Qwen/Qwen2.5-Omni-7B,508707,lp_0-6000,Phee,Phee,Phee,true,1
Qwen/Qwen2.5-Omni-7B,508707,lp_0-8000,Phee,Phee,Phee,true,1
Qwen/Qwen2.5-Omni-7B,508707,remove_0-1000,Phee,Phee,Phee,true,1
Qwen/Qwen2.5-Omni-7B,508707,remove_1000-2000,Phee,Phee,Phee,true,1
Qwen/Qwen2.5-Omni-7B,508707,remove_2000-4000,Phee,Seep,Seep,false,1
Qwen/Qwen2.5-Omni-7B,508707,remove_4000-6000,Phee,Phee,Phee,true,1
Qwen/Qwen2.5-Omni-7B,508707,remove_6000-8000,Phee,Seep,Seep,false,1
Qwen/Qwen2.5-Omni-7B,508717,lp_0-1000,Phee,Seep,Seep,false,1
Qwen/Qwen2.5-Omni-7B,508717,lp_0-2000,Phee,Phee,Phee,true,1
Qwen/Qwen2.5-Omni-7B,508717,lp_0-4000,Phee,Seep,Seep,false,1
Qwen/Qwen2.5-Omni-7B,508717,lp_0-6000,Phee,Phee,Phee,true,1
Qwen/Qwen2.5-Omni-7B,508717,lp_0-8000,Phee,Seep,Seep,false,1
Qwen/Qwen2.5-Omni-7B,508717,remove_0-1000,Phee,Seep,Seep,false,1
Qwen/Qwen2.5-Omni-7B,508717,remove_1000-2000,Phee,Phee,Phee,true,1
Qwen/Qwen2.5-Omni-7B,508717,remove_2000-4000,Phee,Seep,Seep,false,1
Qwen/Qwen2.5-Omni-7B,508717,remove_4000-6000,Phee,Seep,Seep,false,1
Qwen/Qwen2.5-Omni-7B,508717,remove_6000-8000,Phee,Seep,Seep,false,1
Qwen/Qwen2.5-Omni-7B,508775,lp_0-1000,Phee,Phee,Phee,true,1
Qwen/Qwen2.5-Omni-7B,508775,lp_0-2000,Phee,Phee,Phee,true,1
Qwen/Qwen2.5-Omni-7B,508775,lp_0-4000,Phee,Seep,Seep,false,1
Qwen/Qwen2.5-Omni-7B,508775,lp_0-6000,Phee,Seep,Seep,false,1
Qwen/Qwen2.5-Omni-7B,508775,lp_0-8000,Phee,Seep,Seep,false,1
Qwen/Qwen2.5-Omni-7B,508775,remove_0-1000,Phee,Seep,Seep,false,1
Qwen/Qwen2.5-Omni-7B,508775,remove_1000-2000,Phee,Phee,Phee,true,1
Qwen/Qwen2.5-Omni-7B,508775,remove_2000-4000,Phee,Seep,Seep,false,1
Qwen/Qwen2.5-Omni-7B,508775,remove_4000-6000,Phee,Phee,Phee,true,1
Qwen/Qwen2.5-Omni-7B,508775,remove_6000-8000,Phee,Seep,Seep,false,1
Qwen/Qwen2.5-Omni-7B,508835,lp_0-1000,Phee,Phee,Phee,true,1
Qwen/Qwen2.5-Omni-7B,508835,lp_0-2000,Phee,Phee,Phee,true,1
Qwen/Qwen2.5-Omni-7B,508835,lp_0-4000,Phee,Phee,Phee,true,1
Qwen/Qwen2.5-Omni-7B,508835,lp_0-6000,Phee,Phee,Phee,true,1
Qwen/Qwen2.5-Omni-7B,508835,lp_0-8000,Phee,Phee,Phee,true,1
Qwen/Qwen2.5-Omni-7B,508835,remove_0-1000,Phee,Phee,Phee,true,1
Qwen/Qwen2.5-Omni-7B,508835,remove_1000-2000,Phee,Phee,Phee,true,1
Qwen/Qwen2.5-Omni-7B,508835,remove_2000-4000,Phee,Phee,Phee,true,1
Qwen/Qwen2.5-Omni-7B,508835,remove_4000-6000,Phee,Phee,Phee,true,1
Qwen/Qwen2.5-Omni-7B,508835,remove_6000-8000,Phee,Phee,Phee,true,1
Qwen/Qwen2.5-Omni-7B,508966,lp_0-1000,Phee,Phee,Phee,true,1
Qwen/Qwen2.5-Omni-7B,508966,lp_0-2000,Phee,Phee,Phee,true,1
Qwen/Qwen2.5-Omni-7B,508966,lp_0-4000,Phee,Phee,Phee,true,1
Qwen/Qwen2.5-Omni-7B,508966,lp_0-6000,Phee,Phee,Phee,true,1
Qwen/Qwen2.5-Omni-7B,508966,lp_0-8000,Phee,Phee,Phee,true,1
Qwen/Qwen2.5-Omni-7B,508966,remove_0-1000,Phee,Phee,Phee,true,1
Qwen/Qwen2.5-Omni-7B,508966,remove_1000-2000,Phee,Phee,Phee,true,1
Qwen/Qwen2.5-Omni-7B,508966,remove_2000-4000,Phee,Phee,Phee,true,1
Qwen/Qwen2.5-Omni-7B,508966,remove_4000-6000,Phee,Phee,Phee,true,1
Qwen/Qwen2.5-Omni-7B,508966,remove_6000-8000,Phee,Seep,Seep,false,1
Qwen/Qwen2.5-Omni-7B,509009,lp_0-1000,Phee,Seep,Seep,false,1
Qwen/Qwen2.5-Omni-7B,509009,lp_0-2000,Phee,Seep,Seep,false,1
Qwen/Qwen2.5-Omni-7B,509009,lp_0-4000,Phee,Seep,Seep,false,1
Qwen/Qwen2.5-Omni-7B,509009,lp_0-6000,Phee,Seep,Seep,false,1
Qwen/Qwen2.5-Omni-7B,509009,lp_0-8000,Phee,Seep,Seep,false,1
Qwen/Qwen2.5-Omni-7B,509009,remove_0-1000,Phee,Seep,Seep,false,1
Qwen/Qwen2.5-Omni-7B,509009,remove_1000-2000,Phee,Seep,Seep,false,1
Qwen/Qwen2.5-Omni-7B,509009,remove_2000-4000,Phee,Seep,Seep,false,1
Qwen/Qwen2.5-Omni-7B,509009,remove_4000-6000,Phee,Seep,Seep,false,1
Qwen/Qwen2.5-Omni-7B,509009,remove_6000-8000,Phee,Seep,Seep,false,1
Qwen/Qwen2.5-Omni-7B,509015,lp_0-1000,Phee,Phee,Phee,true,1
Qwen/Qwen2.5-Omni-7B,509015,lp_0-2000,Phee,Phee,Phee,true,1
Qwen/Qwen2.5-Omni-7B,509015,lp_0-4000,Phee,Phee,Phee,true,1
Qwen/Qwen2.5-Omni-7B,509015,lp_0-6000,Phee,Phee,Phee,true,1
Qwen/Qwen2.5-Omni-7B,509015,lp_0-8000,Phee,Phee,Phee,true,1
Qwen/Qwen2.5-Omni-7B,509015,remove_0-1000,Phee,Phee,Phee,true,1
Qwen/Qwen2.5-Omni-7B,509015,remove_1000-2000,Phee,Phee,Phee,true,1
Qwen/Qwen2.5-Omni-7B,509015,remove_2000-4000,Phee,Phee,Phee,true,1
Qwen/Qwen2.5-Omni-7B,509015,remove_4000-6000,Phee,Phee,Phee,true,1
Qwen/Qwen2.5-Omni-7B,509015,remove_6000-8000,Phee,Phee,Phee,true,1
Qwen/Qwen2.5-Omni-7B,509036,lp_0-1000,Phee,Phee,Phee,true,1
Qwen/Qwen2.5-Omni-7B,509036,lp_0-2000,Phee,Phee,Phee,true,1
Qwen/Qwen2.5-Omni-7B,509036,lp_0-4000,Phee,Phee,Phee,true,1
Qwen/Qwen2.5-Omni-7B,509036,lp_0-6000,Phee,Phee,Phee,true,1
Qwen/Qwen2.5-Omni-7B,509036,lp_0-8000,Phee,Phee,Phee,true,1
Qwen/Qwen2.5-Omni-7B,509036,remove_0-1000,Phee,Phee,Phee,true,1
Qwen/Qwen2.5-Omni-7B,509036,remove_1000-2000,Phee,Phee,Phee,true,1
Qwen/Qwen2.5-Omni-7B,509036,remove_2000-4000,Phee,Phee,Phee,true,1
Qwen/Qwen2.5-Omni-7B,509036,remove_4000-6000,Phee,Phee,Phee,true,1
Qwen/Qwen2.5-Omni-7B,509036,remove_6000-8000,Phee,Seep,Seep,false,1
Qwen/Qwen2.5-Omni-7B,509047,lp_0-1000,Phee,Seep,Seep,false,1
Qwen/Qwen2.5-Omni-7B,509047,lp_0-2000,Phee,Seep,Seep,false,1
Qwen/Qwen2.5-Omni-7B,509047,lp_0-4000,Phee,Seep,Seep,false,1
Qwen/Qwen2.5-Omni-7B,509047,lp_0-6000,Phee,Seep,Seep,false,1
Qwen/Qwen2.5-Omni-7B,509047,lp_0-8000,Phee,Seep,Seep,false,1
Qwen/Qwen2.5-Omni-7B,509047,remove_0-1000,Phee,Seep,Seep,false,1
Qwen/Qwen2.5-Omni-7B,509047,remove_1000-2000,Phee,Seep,Seep,false,1
Qwen/Qwen2.5-Omni-7B,509047,remove_2000-4000,Phee,Seep,Seep,false,1
Qwen/Qwen2.5-Omni-7B,509047,remove_4000-6000,Phee,Seep,Seep,false,1
Qwen/Qwen2.5-Omni-7B,509047,remove_6000-8000,Phee,Seep,Seep,false,1
Qwen/Qwen2.5-Omni-7B,509050,lp_0-1000,Phee,Seep,Seep,false,1
Qwen/Qwen2.5-Omni-7B,509050,lp_0-2000,Phee,Seep,Seep,false,1
Qwen/Qwen2.5-Omni-7B,509050,lp_0-4000,Phee,Seep,Seep,false,1
Qwen/Qwen2.5-Omni-7B,509050,lp_0-6000,Phee,Seep,Seep,false,1
Qwen/Qwen2.5-Omni-7B,509050,lp_0-8000,Phee,Seep,Seep,false,1
Qwen/Qwen2.5-Omni-7B,509050,remove_0-1000,Phee,Seep,Seep,false,1
Qwen/Qwen2.5-Omni-7B,509050,remove_1000-2000,Phee,Seep,Seep,false,1
Qwen/Qwen2.5-Omni-7B,509050,remove_2000-4000,Phee,Seep,Seep,false,1
Qwen/Qwen2.5-Omni-7B,509050,remove_4000-6000,Phee,Seep,Seep,false,1
Qwen/Qwen2.5-Omni-7B,509050,remove_6000-8000,Phee,Seep,Seep,false,1
Qwen/Qwen2.5-Omni-7B,511620,lp_0-1000,Phee,Seep,Seep,false,1
Qwen/Qwen2.5-Omni-7B,511620,lp_0-2000,Phee,Seep,Seep,false,1
Qwen/Qwen2.5-Omni-7B,511620,lp_0-4000,Phee,Phee,Phee,true,1
Qwen/Qwen2.5-Omni-7B,511620,lp_0-6000,Phee,Seep,Seep,false,1
Qwen/Qwen2.5-Omni-7B,511620,lp_0-8000,Phee,Seep,Seep,false,1
Qwen/Qwen2.5-Omni-7B,511620,remove_0-1000,Phee,Seep,Seep,false,1
Qwen/Qwen2.5-Omni-7B,511620,remove_1000-2000,Phee,Seep,Seep,false,1
Qwen/Qwen2.5-Omni-7B,511620,remove_2000-4000,Phee,Seep,Seep,false,1
Qwen/Qwen2.5-Omni-7B,511620,remove_4000-6000,Phee,Seep,Seep,false,1
Qwen/Qwen2.5-Omni-7B,511620,remove_6000-8000,Phee,Seep,Seep,false,1
Qwen/Qwen2.5-Omni-7B,518079,lp_0-1000,Phee,Twitter,Twitter,false,1
Qwen/Qwen2.5-Omni-7B,518079,lp_0-2000,Phee,Seep,Seep,false,1
Qwen/Qwen2.5-Omni-7B,518079,lp_0-4000,Phee,Phee,Phee,true,1
Qwen/Qwen2.5-Omni-7B,518079,lp_0-6000,Phee,Phee,Phee,true,1
Qwen/Qwen2.5-Omni-7B,518079,lp_0-8000,Phee,Phee,Phee,true,1
Qwen/Qwen2.5-Omni-7B,518079,remove_0-1000,Phee,Seep,Seep,false,1
Qwen/Qwen2.5-Omni-7B,518079,remove_1000-2000,Phee,Phee,Phee,true,1
Qwen/Qwen2.5-Omni-7B,518079,remove_2000-4000,Phee,Phee,Phee,true,1
Qwen/Qwen2.5-Omni-7B,518079,remove_4000-6000,Phee,Phee,Phee,true,1
Qwen/Qwen2.5-Omni-7B,518079,remove_6000-8000,Phee,Phee,Phee,true,1
Qwen/Qwen2.5-Omni-7B,521545,lp_0-1000,Phee,Phee,Phee,true,1
Qwen/Qwen2.5-Omni-7B,521545,lp_0-2000,Phee,Phee,Phee,true,1
Qwen/Qwen2.5-Omni-7B,521545,lp_0-4000,Phee,Phee,Phee,true,1
Qwen/Qwen2.5-Omni-7B,521545,lp_0-6000,Phee,Phee,Phee,true,1
Qwen/Qwen2.5-Omni-7B,521545,lp_0-8000,Phee,Phee,Phee,true,1
Qwen/Qwen2.5-Omni-7B,521545,remove_0-1000,Phee,Phee,Phee,true,1
Qwen/Qwen2.5-Omni-7B,521545,remove_1000-2000,Phee,Phee,Phee,true,1
Qwen/Qwen2.5-Omni-7B,521545,remove_2000-4000,Phee,Phee,Phee,true,1
Qwen/Qwen2.5-Omni-7B,521545,remove_4000-6000,Phee,Phee,Phee,true,1
Qwen/Qwen2.5-Omni-7B,521545,remove_6000-8000,Phee,Phee,Phee,true,1
Qwen/Qwen2.5-Omni-7B,525796,lp_0-1000,Phee,Phee,Phee,true,1
Qwen/Qwen2.5-Omni-7B,525796,lp_0-2000,Phee,Phee,Phee,true,1
Qwen/Qwen2.5-Omni-7B,525796,lp_0-4000,Phee,Phee,Phee,true,1
Qwen/Qwen2.5-Omni-7B,525796,lp_0-6000,Phee,Seep,Seep,false,1
Qwen/Qwen2.5-Omni-7B,525796,lp_0-8000,Phee,Phee,Phee,true,1
Qwen/Qwen2.5-Omni-7B,525796,remove_0-1000,Phee,Phee,Phee,true,1
Qwen/Qwen2.5-Omni-7B,525796,remove_1000-2000,Phee,Phee,Phee,true,1
Qwen/Qwen2.5-Omni-7B,525796,remove_2000-4000,Phee,Phee,Phee,true,1
Qwen/Qwen2.5-Omni-7B,525796,remove_4000-6000,Phee,Phee,Phee,true,1
Qwen/Qwen2.5-Omni-7B,525796,remove_6000-8000,Phee,Phee,Phee,true,1
Qwen/Qwen2.5-Omni-7B,525942,lp_0-1000,Phee,Seep,Seep,false,1
Qwen/Qwen2.5-Omni-7B,525942,lp_0-2000,Phee,Seep,Seep,false,1
Qwen/Qwen2.5-Omni-7B,525942,lp_0-4000,Phee,Seep,Seep,false,1
Qwen/Qwen2.5-Omni-7B,525942,lp_0-6000,Phee,Seep,Seep,false,1
Qwen/Qwen2.5-Omni-7B,525942,lp_0-8000,Phee,Seep,Seep,false,1
Qwen/Qwen2.5-Omni-7B,525942,remove_0-1000,Phee,Seep,Seep,false,1
Qwen/Qwen2.5-Omni-7B,525942,remove_1000-2000,Phee,Seep,Seep,false,1
Qwen/Qwen2.5-Omni-7B,525942,remove_2000-4000,Phee,Seep,Seep,false,1
Qwen/Qwen2.5-Omni-7B,525942,remove_4000-6000,Phee,Seep,Seep,false,1
Qwen/Qwen2.5-Omni-7B,525942,remove_6000-8000,Phee,Phee,Phee,true,1
Qwen/Qwen2.5-Omni-7B,527150,lp_0-1000,Phee,Twitter,Twitter,false,1
Qwen/Qwen2.5-Omni-7B,527150,lp_0-2000,Phee,Phee,Phee,true,1
Qwen/Qwen2.5-Omni-7B,527150,lp_0-4000,Phee,Phee,Phee,true,1
Qwen/Qwen2.5-Omni-7B,527150,lp_0-6000,Phee,Phee,Phee,true,1
Qwen/Qwen2.5-Omni-7B,527150,lp_0-8000,Phee,Phee,Phee,true,1
Qwen/Qwen2.5-Omni-7B,527150,remove_0-1000,Phee,Phee,Phee,true,1
Qwen/Qwen2.5-Omni-7B,527150,remove_1000-2000,Phee,Phee,Phee,true,1
Qwen/Qwen2.5-Omni-7B,527150,remove_2000-4000,Phee,Phee,Phee,true,1
Qwen/Qwen2.5-Omni-7B,527150,remove_4000-6000,Phee,Phee,Phee,true,1
Qwen/Qwen2.5-Omni-7B,527150,remove_6000-8000,Phee,Phee,Phee,true,1
Qwen/Qwen2.5-Omni-7B,527518,lp_0-1000,Phee,Seep,Seep,false,1
Qwen/Qwen2.5-Omni-7B,527518,lp_0-2000,Phee,Seep,Seep,false,1
Qwen/Qwen2.5-Omni-7B,527518,lp_0-4000,Phee,Seep,Seep,false,1
Qwen/Qwen2.5-Omni-7B,527518,lp_0-6000,Phee,Seep,Seep,false,1
Qwen/Qwen2.5-Omni-7B,527518,lp_0-8000,Phee,Seep,Seep,false,1
Qwen/Qwen2.5-Omni-7B,527518,remove_0-1000,Phee,Seep,Seep,false,1
Qwen/Qwen2.5-Omni-7B,527518,remove_1000-2000,Phee,Seep,Seep,false,1
Qwen/Qwen2.5-Omni-7B,527518,remove_2000-4000,Phee,Seep,Seep,false,1
Qwen/Qwen2.5-Omni-7B,527518,remove_4000-6000,Phee,Seep,Seep,false,1
Qwen/Qwen2.5-Omni-7B,527518,remove_6000-8000,Phee,Seep,Seep,false,1
Qwen/Qwen2.5-Omni-7B,527789,lp_0-1000,Phee,Phee,Phee,true,1
Qwen/Qwen2.5-Omni-7B,527789,lp_0-2000,Phee,Phee,Phee,true,1
Qwen/Qwen2.5-Omni-7B,527789,lp_0-4000,Phee,Phee,Phee,true,1
Qwen/Qwen2.5-Omni-7B,527789,lp_0-6000,Phee,Phee,Phee,true,1
Qwen/Qwen2.5-Omni-7B,527789,lp_0-8000,Phee,Phee,Phee,true,1
Qwen/Qwen2.5-Omni-7B,527789,remove_0-1000,Phee,Phee,Phee,true,1
Qwen/Qwen2.5-Omni-7B,527789,remove_1000-2000,Phee,Phee,Phee,true,1
Qwen/Qwen2.5-Omni-7B,527789,remove_2000-4000,Phee,Phee,Phee,true,1
Qwen/Qwen2.5-Omni-7B,527789,remove_4000-6000,Phee,Phee,Phee,true,1
Qwen/Qwen2.5-Omni-7B,527789,remove_6000-8000,Phee,Phee,Phee,true,1
Qwen/Qwen2.5-Omni-7B,528688,lp_0-1000,Phee,Phee,Phee,true,1
Qwen/Qwen2.5-Omni-7B,528688,lp_0-2000,Phee,Phee,Phee,true,1
Qwen/Qwen2.5-Omni-7B,528688,lp_0-4000,Phee,Phee,Phee,true,1
Qwen/Qwen2.5-Omni-7B,528688,lp_0-6000,Phee,Phee,Phee,true,1
Qwen/Qwen2.5-Omni-7B,528688,lp_0-8000,Phee,Phee,Phee,true,1
Qwen/Qwen2.5-Omni-7B,528688,remove_0-1000,Phee,Phee,Phee,true,1
Qwen/Qwen2.5-Omni-7B,528688,remove_1000-2000,Phee,Phee,Phee,true,1
Qwen/Qwen2.5-Omni-7B,528688,remove_2000-4000,Phee,Phee,Phee,true,1
Qwen/Qwen2.5-Omni-7B,528688,remove_4000-6000,Phee,Phee,Phee,true,1
Qwen/Qwen2.5-Omni-7B,528688,remove_6000-8000,Phee,Seep,Seep,false,1
Qwen/Qwen2.5-Omni-7B,536094,lp_0-1000,Phee,Phee,Phee,true,1
Qwen/Qwen2.5-Omni-7B,536094,lp_0-2000,Phee,Phee,Phee,true,1
Qwen/Qwen2.5-Omni-7B,536094,lp_0-4000,Phee,Phee,Phee,true,1
Qwen/Qwen2.5-Omni-7B,536094,lp_0-6000,Phee,Phee,Phee,true,1
Qwen/Qwen2.5-Omni-7B,536094,lp_0-8000,Phee,Phee,Phee,true,1
Qwen/Qwen2.5-Omni-7B,536094,remove_0-1000,Phee,Phee,Phee,true,1
Qwen/Qwen2.5-Omni-7B,536094,remove_1000-2000,Phee,Phee,Phee,true,1
Qwen/Qwen2.5-Omni-7B,536094,remove_2000-4000,Phee,Phee,Phee,true,1
Qwen/Qwen2.5-Omni-7B,536094,remove_4000-6000,Phee,Phee,Phee,true,1
Qwen/Qwen2.5-Omni-7B,536094,remove_6000-8000,Phee,Phee,Phee,true,1
Qwen/Qwen2.5-Omni-7B,539354,lp_0-1000,Phee,Phee,Phee,true,1
Qwen/Qwen2.5-Omni-7B,539354,lp_0-2000,Phee,Phee,Phee,true,1
Qwen/Qwen2.5-Omni-7B,539354,lp_0-4000,Phee,Phee,Phee,true,1
Qwen/Qwen2.5-Omni-7B,539354,lp_0-6000,Phee,Phee,Phee,true,1
Qwen/Qwen2.5-Omni-7B,539354,lp_0-8000,Phee,Phee,Phee,true,1
Qwen/Qwen2.5-Omni-7B,539354,remove_0-1000,Phee,Phee,Phee,true,1
Qwen/Qwen2.5-Omni-7B,539354,remove_1000-2000,Phee,Phee,Phee,true,1
Qwen/Qwen2.5-Omni-7B,539354,remove_2000-4000,Phee,Phee,Phee,true,1
Qwen/Qwen2.5-Omni-7B,539354,remove_4000-6000,Phee,Phee,Phee,true,1
Qwen/Qwen2.5-Omni-7B,539354,remove_6000-8000,Phee,Phee,Phee,true,1
Qwen/Qwen2.5-Omni-7B,54180,lp_0-1000,Phee,Seep,Seep,false,1
Qwen/Qwen2.5-Omni-7B,54180,lp_0-2000,Phee,Seep,Seep,false,1
Qwen/Qwen2.5-Omni-7B,54180,lp_0-4000,Phee,Seep,Seep,false,1
Qwen/Qwen2.5-Omni-7B,54180,lp_0-6000,Phee,Seep,Seep,false,1
Qwen/Qwen2.5-Omni-7B,54180,lp_0-8000,Phee,Seep,Seep,false,1
Qwen/Qwen2.5-Omni-7B,54180,remove_0-1000,Phee,Seep,Seep,false,1
Qwen/Qwen2.5-Omni-7B,54180,remove_1000-2000,Phee,Phee,Phee,true,1
Qwen/Qwen2.5-Omni-7B,54180,remove_2000-4000,Phee,Phee,Phee,true,1
Qwen/Qwen2.5-Omni-7B,54180,remove_4000-6000,Phee,Seep,Seep,false,1
Qwen/Qwen2.5-Omni-7B,54180,remove_6000-8000,Phee,Seep,Seep,false,1
Qwen/Qwen2.5-Omni-7B,547992,lp_0-1000,Phee,Phee,Phee,true,1
Qwen/Qwen2.5-Omni-7B,547992,lp_0-2000,Phee,Phee,Phee,true,1
Qwen/Qwen2.5-Omni-7B,547992,lp_0-4000,Phee,Phee,Phee,true,1
Qwen/Qwen2.5-Omni-7B,547992,lp_0-6000,Phee,Phee,Phee,true,1
Qwen/Qwen2.5-Omni-7B,547992,lp_0-8000,Phee,Phee,Phee,true,1
Qwen/Qwen2.5-Omni-7B,547992,remove_0-1000,Phee,Phee,Phee,true,1
Qwen/Qwen2.5-Omni-7B,547992,remove_1000-2000,Phee,Phee,Phee,true,1
Qwen/Qwen2.5-Omni-7B,547992,remove_2000-4000,Phee,Phee,Phee,true,1
Qwen/Qwen2.5-Omni-7B,547992,remove_4000-6000,Phee,Phee,Phee,true,1
Qwen/Qwen2.5-Omni-7B,547992,remove_6000-8000,Phee,Phee,Phee,true,1
Qwen/Qwen2.5-Omni-7B,551590,lp_0-1000,Phee,Phee,Phee,true,1
Qwen/Qwen2.5-Omni-7B,551590,lp_0-2000,Phee,Phee,Phee,true,1
Qwen/Qwen2.5-Omni-7B,551590,lp_0-4000,Phee,Phee,Phee,true,1
Qwen/Qwen2.5-Omni-7B,551590,lp_0-6000,Phee,Phee,Phee,true,1
Qwen/Qwen2.5-Omni-7B,551590,lp_0-8000,Phee,Phee,Phee,true,1
Qwen/Qwen2.5-Omni-7B,551590,remove_0-1000,Phee,Phee,Phee,true,1
Qwen/Qwen2.5-Omni-7B,551590,remove_1000-2000,Phee,Phee,Phee,true,1
Qwen/Qwen2.5-Omni-7B,551590,remove_2000-4000,Phee,Phee,Phee,true,1
Qwen/Qwen2.5-Omni-7B,551590,remove_4000-6000,Phee,Phee,Phee,true,1
Qwen/Qwen2.5-Omni-7B,551590,remove_6000-8000,Phee,Phee,Phee,true,1
Qwen/Qwen2.5-Omni-7B,557502,lp_0-1000,Phee,Seep,Seep,false,1
Qwen/Qwen2.5-Omni-7B,557502,lp_0-2000,Phee,Seep,Seep,false,1
Qwen/Qwen2.5-Omni-7B,557502,lp_0-4000,Phee,Seep,Seep,false,1
Qwen/Qwen2.5-Omni-7B,557502,lp_0-6000,Phee,Seep,Seep,false,1
Qwen/Qwen2.5-Omni-7B,557502,lp_0-8000,Phee,Seep,Seep,false,1
Qwen/Qwen2.5-Omni-7B,557502,remove_0-1000,Phee,Seep,Seep,false,1
Qwen/Qwen2.5-Omni-7B,557502,remove_1000-2000,Phee,Seep,Seep,false,1
Qwen/Qwen2.5-Omni-7B,557502,remove_2000-4000,Phee,Seep,Seep,false,1
Qwen/Qwen2.5-Omni-7B,557502,remove_4000-6000,Phee,Seep,Seep,false,1
Qwen/Qwen2.5-Omni-7B,557502,remove_6000-8000,Phee,Seep,Seep,false,1
Qwen/Qwen2.5-Omni-7B,558541,lp_0-1000,Phee,Phee,Phee,true,1
Qwen/Qwen2.5-Omni-7B,558541,lp_0-2000,Phee,Phee,Phee,true,1
Qwen/Qwen2.5-Omni-7B,558541,lp_0-4000,Phee,Phee,Phee,true,1
Qwen/Qwen2.5-Omni-7B,558541,lp_0-6000,Phee,Phee,Phee,true,1
Qwen/Qwen2.5-Omni-7B,558541,lp_0-8000,Phee,Phee,Phee,true,1
Qwen/Qwen2.5-Omni-7B,558541,remove_0-1000,Phee,Phee,Phee,true,1
Qwen/Qwen2.5-Omni-7B,558541,remove_1000-2000,Phee,Phee,Phee,true,1
Qwen/Qwen2.5-Omni-7B,558541,remove_2000-4000,Phee,Phee,Phee,true,1
Qwen/Qwen2.5-Omni-7B,558541,remove_4000-6000,Phee,Phee,Phee,true,1
Qwen/Qwen2.5-Omni-7B,558541,remove_6000-8000,Phee,Phee,Phee,true,1
Qwen/Qwen2.5-Omni-7B,575225,lp_0-1000,Phee,Phee,Phee,true,1
Qwen/Qwen2.5-Omni-7B,575225,lp_0-2000,Phee,Phee,Phee,true,1
Qwen/Qwen2.5-Omni-7B,575225,lp_0-4000,Phee,Phee,Phee,true,1
Qwen/Qwen2.5-Omni-7B,575225,lp_0-6000,Phee,Phee,Phee,true,1
Qwen/Qwen2.5-Omni-7B,575225,lp_0-8000,Phee,Seep,Seep,false,1
Qwen/Qwen2.5-Omni-7B,575225,remove_0-1000,Phee,Seep,Seep,false,1
Qwen/Qwen2.5-Omni-7B,575225,remove_1000-2000,Phee,Phee,Phee,true,1
Qwen/Qwen2.5-Omni-7B,575225,remove_2000-4000,Phee,Seep,Seep,false,1
Qwen/Qwen2.5-Omni-7B,575225,remove_4000-6000,Phee,Seep,Seep,false,1
Qwen/Qwen2.5-Omni-7B,575225,remove_6000-8000,Phee,Seep,Seep,false,1
Qwen/Qwen2.5-Omni-7B,580352,lp_0-1000,Phee,Phee,Phee,true,1
Qwen/Qwen2.5-Omni-7B,580352,lp_0-2000,Phee,Phee,Phee,true,1
Qwen/Qwen2.5-Omni-7B,580352,lp_0-4000,Phee,Phee,Phee,true,1
Qwen/Qwen2.5-Omni-7B,580352,lp_0-6000,Phee,Phee,Phee,true,1
Qwen/Qwen2.5-Omni-7B,580352,lp_0-8000,Phee,Phee,Phee,true,1
Qwen/Qwen2.5-Omni-7B,580352,remove_0-1000,Phee,Phee,Phee,true,1
Qwen/Qwen2.5-Omni-7B,580352,remove_1000-2000,Phee,Phee,Phee,true,1
Qwen/Qwen2.5-Omni-7B,580352,remove_2000-4000,Phee,Phee,Phee,true,1
Qwen/Qwen2.5-Omni-7B,580352,remove_4000-6000,Phee,Phee,Phee,true,1
Qwen/Qwen2.5-Omni-7B,580352,remove_6000-8000,Phee,Phee,Phee,true,1
Qwen/Qwen2.5-Omni-7B,582600,lp_0-1000,Phee,Phee,Phee,true,1
Qwen/Qwen2.5-Omni-7B,582600,lp_0-2000,Phee,Phee,Phee,true,1
Qwen/Qwen2.5-Omni-7B,582600,lp_0-4000,Phee,Phee,Phee,true,1
Qwen/Qwen2.5-Omni-7B,582600,lp_0-6000,Phee,Phee,Phee,true,1
Qwen/Qwen2.5-Omni-7B,582600,lp_0-8000,Phee,Phee,Phee,true,1
Qwen/Qwen2.5-Omni-7B,582600,remove_0-1000,Phee,Phee,Phee,true,1
Qwen/Qwen2.5-Omni-7B,582600,remove_1000-2000,Phee,Phee,Phee,true,1
Qwen/Qwen2.5-Omni-7B,582600,remove_2000-4000,Phee,Seep,Seep,false,1
Qwen/Qwen2.5-Omni-7B,582600,remove_4000-6000,Phee,Phee,Phee,true,1
Qwen/Qwen2.5-Omni-7B,582600,remove_6000-8000,Phee,Phee,Phee,true,1
Qwen/Qwen2.5-Omni-7B,582669,lp_0-1000,Phee,Phee,Phee,true,1
Qwen/Qwen2.5-Omni-7B,582669,lp_0-2000,Phee,Phee,Phee,true,1
Qwen/Qwen2.5-Omni-7B,582669,lp_0-4000,Phee,Phee,Phee,true,1
Qwen/Qwen2.5-Omni-7B,582669,lp_0-6000,Phee,Phee,Phee,true,1
Qwen/Qwen2.5-Omni-7B,582669,lp_0-8000,Phee,Phee,Phee,true,1
Qwen/Qwen2.5-Omni-7B,582669,remove_0-1000,Phee,Phee,Phee,true,1
Qwen/Qwen2.5-Omni-7B,582669,remove_1000-2000,Phee,Phee,Phee,true,1
Qwen/Qwen2.5-Omni-7B,582669,remove_2000-4000,Phee,Phee,Phee,true,1
Qwen/Qwen2.5-Omni-7B,582669,remove_4000-6000,Phee,Phee,Phee,true,1
Qwen/Qwen2.5-Omni-7B,582669,remove_6000-8000,Phee,Phee,Phee,true,1
Qwen/Qwen2.5-Omni-7B,583172,lp_0-1000,Phee,Seep,Seep,false,1
Qwen/Qwen2.5-Omni-7B,583172,lp_0-2000,Phee,Seep,Seep,false,1
Qwen/Qwen2.5-Omni-7B,583172,lp_0-4000,Phee,Seep,Seep,false,1
Qwen/Qwen2.5-Omni-7B,583172,lp_0-6000,Phee,Seep,Seep,false,1
Qwen/Qwen2.5-Omni-7B,583172,lp_0-8000,Phee,Seep,Seep,false,1
Qwen/Qwen2.5-Omni-7B,583172,remove_0-1000,Phee,Seep,Seep,false,1
Qwen/Qwen2.5-Omni-7B,583172,remove_1000-2000,Phee,Seep,Seep,false,1
Qwen/Qwen2.5-Omni-7B,583172,remove_2000-4000,Phee,Seep,Seep,false,1
Qwen/Qwen2.5-Omni-7B,583172,remove_4000-6000,Phee,Seep,Seep,false,1
Qwen/Qwen2.5-Omni-7B,583172,remove_6000-8000,Phee,Seep,Seep,false,1
Qwen/Qwen2.5-Omni-7B,583673,lp_0-1000,Phee,Seep,Seep,false,1
Qwen/Qwen2.5-Omni-7B,583673,lp_0-2000,Phee,Seep,Seep,false,1
Qwen/Qwen2.5-Omni-7B,583673,lp_0-4000,Phee,Seep,Seep,false,1
Qwen/Qwen2.5-Omni-7B,583673,lp_0-6000,Phee,Seep,Seep,false,1
Qwen/Qwen2.5-Omni-7B,583673,lp_0-8000,Phee,Seep,Seep,false,1
Qwen/Qwen2.5-Omni-7B,583673,remove_0-1000,Phee,Seep,Seep,false,1
Qwen/Qwen2.5-Omni-7B,583673,remove_1000-2000,Phee,Seep,Seep,false,1
Qwen/Qwen2.5-Omni-7B,583673,remove_2000-4000,Phee,Seep,Seep,false,1
Qwen/Qwen2.5-Omni-7B,583673,remove_4000-6000,Phee,Seep,Seep,false,1
Qwen/Qwen2.5-Omni-7B,583673,remove_6000-8000,Phee,Seep,Seep,false,1
Qwen/Qwen2.5-Omni-7B,583769,lp_0-1000,Phee,Phee,Phee,true,1
Qwen/Qwen2.5-Omni-7B,583769,lp_0-2000,Phee,Phee,Phee,true,1
Qwen/Qwen2.5-Omni-7B,583769,lp_0-4000,Phee,Phee,Phee,true,1
Qwen/Qwen2.5-Omni-7B,583769,lp_0-6000,Phee,Phee,Phee,true,1
Qwen/Qwen2.5-Omni-7B,583769,lp_0-8000,Phee,Phee,Phee,true,1
Qwen/Qwen2.5-Omni-7B,583769,remove_0-1000,Phee,Phee,Phee,true,1
Qwen/Qwen2.5-Omni-7B,583769,remove_1000-2000,Phee,Phee,Phee,true,1
Qwen/Qwen2.5-Omni-7B,583769,remove_2000-4000,Phee,Phee,Phee,true,1
Qwen/Qwen2.5-Omni-7B,583769,remove_4000-6000,Phee,Phee,Phee,true,1
Qwen/Qwen2.5-Omni-7B,583769,remove_6000-8000,Phee,Seep,Seep,false,1
Qwen/Qwen2.5-Omni-7B,584012,lp_0-1000,Phee,Phee,Phee,true,1
Qwen/Qwen2.5-Omni-7B,584012,lp_0-2000,Phee,Phee,Phee,true,1
Qwen/Qwen2.5-Omni-7B,584012,lp_0-4000,Phee,Phee,Phee,true,1
Qwen/Qwen2.5-Omni-7B,584012,lp_0-6000,Phee,Phee,Phee,true,1
Qwen/Qwen2.5-Omni-7B,584012,lp_0-8000,Phee,Phee,Phee,true,1
Qwen/Qwen2.5-Omni-7B,584012,remove_0-1000,Phee,Phee,Phee,true,1
Qwen/Qwen2.5-Omni-7B,584012,remove_1000-2000,Phee,Phee,Phee,true,1
Qwen/Qwen2.5-Omni-7B,584012,remove_2000-4000,Phee,Phee,Phee,true,1
Qwen/Qwen2.5-Omni-7B,584012,remove_4000-6000,Phee,Phee,Phee,true,1
Qwen/Qwen2.5-Omni-7B,584012,remove_6000-8000,Phee,Seep,Seep,false,1
Qwen/Qwen2.5-Omni-7B,590590,lp_0-1000,Phee,Twitter,Twitter,false,1
Qwen/Qwen2.5-Omni-7B,590590,lp_0-2000,Phee,Phee,Phee,true,1
Qwen/Qwen2.5-Omni-7B,590590,lp_0-4000,Phee,Phee,Phee,true,1
Qwen/Qwen2.5-Omni-7B,590590,lp_0-6000,Phee,Phee,Phee,true,1
Qwen/Qwen2.5-Omni-7B,590590,lp_0-8000,Phee,Phee,Phee,true,1
Qwen/Qwen2.5-Omni-7B,590590,remove_0-1000,Phee,Phee,Phee,true,1
Qwen/Qwen2.5-Omni-7B,590590,remove_1000-2000,Phee,Phee,Phee,true,1
Qwen/Qwen2.5-Omni-7B,590590,remove_2000-4000,Phee,Phee,Phee,true,1
Qwen/Qwen2.5-Omni-7B,590590,remove_4000-6000,Phee,Phee,Phee,true,1
Qwen/Qwen2.5-Omni-7B,590590,remove_6000-8000,Phee,Seep,Seep,false,1
Qwen/Qwen2.5-Omni-7B,61472,lp_0-1000,Phee,Seep,Seep,false,1
Qwen/Qwen2.5-Omni-7B,61472,lp_0-2000,Phee,Seep,Seep,false,1
Qwen/Qwen2.5-Omni-7B,61472,lp_0-4000,Phee,Seep,Seep,false,1
Qwen/Qwen2.5-Omni-7B,61472,lp_0-6000,Phee,Seep,Seep,false,1
Qwen/Qwen2.5-Omni-7B,61472,lp_0-8000,Phee,Seep,Seep,false,1
Qwen/Qwen2.5-Omni-7B,61472,remove_0-1000,Phee,Seep,Seep,false,1
Qwen/Qwen2.5-Omni-7B,61472,remove_1000-2000,Phee,Seep,Seep,false,1
Qwen/Qwen2.5-Omni-7B,61472,remove_2000-4000,Phee,Seep,Seep,false,1
Qwen/Qwen2.5-Omni-7B,61472,remove_4000-6000,Phee,Seep,Seep,false,1
Qwen/Qwen2.5-Omni-7B,61472,remove_6000-8000,Phee,Seep,Seep,false,1
Qwen/Qwen2.5-Omni-7B,630989,lp_0-1000,Phee,Seep,Seep,false,1
Qwen/Qwen2.5-Omni-7B,630989,lp_0-2000,Phee,Seep,Seep,false,1
Qwen/Qwen2.5-Omni-7B,630989,lp_0-4000,Phee,Seep,Seep,false,1
Qwen/Qwen2.5-Omni-7B,630989,lp_0-6000,Phee,Seep,Seep,false,1
Qwen/Qwen2.5-Omni-7B,630989,lp_0-8000,Phee,Seep,Seep,false,1
Qwen/Qwen2.5-Omni-7B,630989,remove_0-1000,Phee,Seep,Seep,false,1
Qwen/Qwen2.5-Omni-7B,630989,remove_1000-2000,Phee,Tsik,Tsik,false,1
Qwen/Qwen2.5-Omni-7B,630989,remove_2000-4000,Phee,Seep,Seep,false,1
Qwen/Qwen2.5-Omni-7B,630989,remove_4000-6000,Phee,Seep,Seep,false,1
Qwen/Qwen2.5-Omni-7B,630989,remove_6000-8000,Phee,Seep,Seep,false,1
Qwen/Qwen2.5-Omni-7B,631145,lp_0-1000,Phee,Phee,Phee,true,1
Qwen/Qwen2.5-Omni-7B,631145,lp_0-2000,Phee,Phee,Phee,true,1
Qwen/Qwen2.5-Omni-7B,631145,lp_0-4000,Phee,Phee,Phee,true,1
Qwen/Qwen2.5-Omni-7B,631145,lp_0-6000,Phee,Seep,Seep,false,1
Qwen/Qwen2.5-Omni-7B,631145,lp_0-8000,Phee,Seep,Seep,false,1
Qwen/Qwen2.5-Omni-7B,631145,remove_0-1000,Phee,Phee,Phee,true,1
Qwen/Qwen2.5-Omni-7B,631145,remove_1000-2000,Phee,Seep,Seep,false,1
Qwen/Qwen2.5-Omni-7B,631145,remove_2000-4000,Phee,Seep,Seep,false,1
Qwen/Qwen2.5-Omni-7B,631145,remove_4000-6000,Phee,Phee,Phee,true,1
Qwen/Qwen2.5-Omni-7B,631145,remove_6000-8000,Phee,Seep,Seep,false,1
Qwen/Qwen2.5-Omni-7B,631485,lp_0-1000,Phee,Twitter,Twitter,false,1
Qwen/Qwen2.5-Omni-7B,631485,lp_0-2000,Phee,Twitter,Twitter,false,1
Qwen/Qwen2.5-Omni-7B,631485,lp_0-4000,Phee,Phee,Phee,true,1
Qwen/Qwen2.5-Omni-7B,631485,lp_0-6000,Phee,Phee,Phee,true,1
Qwen/Qwen2.5-Omni-7B,631485,lp_0-8000,Phee,Phee,Phee,true,1
Qwen/Qwen2.5-Omni-7B,631485,remove_0-1000,Phee,Phee,Phee,true,1
Qwen/Qwen2.5-Omni-7B,631485,remove_1000-2000,Phee,Phee,Phee,true,1
Qwen/Qwen2.5-Omni-7B,631485,remove_2000-4000,Phee,Phee,Phee,true,1
Qwen/Qwen2.5-Omni-7B,631485,remove_4000-6000,Phee,Phee,Phee,true,1
Qwen/Qwen2.5-Omni-7B,631485,remove_6000-8000,Phee,Phee,Phee,true,1
Qwen/Qwen2.5-Omni-7B,632300,lp_0-1000,Phee,Phee,Phee,true,1
Qwen/Qwen2.5-Omni-7B,632300,lp_0-2000,Phee,Phee,Phee,true,1
Qwen/Qwen2.5-Omni-7B,632300,lp_0-4000,Phee,Phee,Phee,true,1
Qwen/Qwen2.5-Omni-7B,632300,lp_0-6000,Phee,Phee,Phee,true,1
Qwen/Qwen2.5-Omni-7B,632300,lp_0-8000,Phee,Phee,Phee,true,1
Qwen/Qwen2.5-Omni-7B,632300,remove_0-1000,Phee,Phee,Phee,true,1
Qwen/Qwen2.5-Omni-7B,632300,remove_1000-2000,Phee,Phee,Phee,true,1
Qwen/Qwen2.5-Omni-7B,632300,remove_2000-4000,Phee,Phee,Phee,true,1
Qwen/Qwen2.5-Omni-7B,632300,remove_4000-6000,Phee,Phee,Phee,true,1
Qwen/Qwen2.5-Omni-7B,632300,remove_6000-8000,Phee,Phee,Phee,true,1
Qwen/Qwen2.5-Omni-7B,632863,lp_0-1000,Phee,Seep,Seep,false,1
Qwen/Qwen2.5-Omni-7B,632863,lp_0-2000,Phee,Seep,Seep,false,1
Qwen/Qwen2.5-Omni-7B,632863,lp_0-4000,Phee,Seep,Seep,false,1
Qwen/Qwen2.5-Omni-7B,632863,lp_0-6000,Phee,Seep,Seep,false,1
Qwen/Qwen2.5-Omni-7B,632863,lp_0-8000,Phee,Seep,Seep,false,1
Qwen/Qwen2.5-Omni-7B,632863,remove_0-1000,Phee,Seep,Seep,false,1
Qwen/Qwen2.5-Omni-7B,632863,remove_1000-2000,Phee,Seep,Seep,false,1
Qwen/Qwen2.5-Omni-7B,632863,remove_2000-4000,Phee,Seep,Seep,false,1
Qwen/Qwen2.5-Omni-7B,632863,remove_4000-6000,Phee,Seep,Seep,false,1
Qwen/Qwen2.5-Omni-7B,632863,remove_6000-8000,Phee,Seep,Seep,false,1
Qwen/Qwen2.5-Omni-7B,633531,lp_0-1000,Phee,Phee,Phee,true,1
Qwen/Qwen2.5-Omni-7B,633531,lp_0-2000,Phee,Phee,Phee,true,1
Qwen/Qwen2.5-Omni-7B,633531,lp_0-4000,Phee,Phee,Phee,true,1
Qwen/Qwen2.5-Omni-7B,633531,lp_0-6000,Phee,Phee,Phee,true,1
Qwen/Qwen2.5-Omni-7B,633531,lp_0-8000,Phee,Phee,Phee,true,1
Qwen/Qwen2.5-Omni-7B,633531,remove_0-1000,Phee,Phee,Phee,true,1
Qwen/Qwen2.5-Omni-7B,633531,remove_1000-2000,Phee,Phee,Phee,true,1
Qwen/Qwen2.5-Omni-7B,633531,remove_2000-4000,Phee,Phee,Phee,true,1
Qwen/Qwen2.5-Omni-7B,633531,remove_4000-6000,Phee,Phee,Phee,true,1
Qwen/Qwen2.5-Omni-7B,633531,remove_6000-8000,Phee,Phee,Phee,true,1
Qwen/Qwen2.5-Omni-7B,638580,lp_0-1000,Phee,Seep,Seep,false,1
Qwen/Qwen2.5-Omni-7B,638580,lp_0-2000,Phee,Phee,Phee,true,1
Qwen/Qwen2.5-Omni-7B,638580,lp_0-4000,Phee,Phee,Phee,true,1
Qwen/Qwen2.5-Omni-7B,638580,lp_0-6000,Phee,Seep,Seep,false,1
Qwen/Qwen2.5-Omni-7B,638580,lp_0-8000,Phee,Seep,Seep,false,1
Qwen/Qwen2.5-Omni-7B,638580,remove_0-1000,Phee,Seep,Seep,false,1
Qwen/Qwen2.5-Omni-7B,638580,remove_1000-2000,Phee,Phee,Phee,true,1
Qwen/Qwen2.5-Omni-7B,638580,remove_2000-4000,Phee,Seep,Seep,false,1
Qwen/Qwen2.5-Omni-7B,638580,remove_4000-6000,Phee,Phee,Phee,true,1
Qwen/Qwen2.5-Omni-7B,638580,remove_6000-8000,Phee,Seep,Seep,false,1
Qwen/Qwen2.5-Omni-7B,639491,lp_0-1000,Phee,Seep,Seep,false,1
Qwen/Qwen2.5-Omni-7B,639491,lp_0-2000,Phee,Seep,Seep,false,1
Qwen/Qwen2.5-Omni-7B,639491,lp_0-4000,Phee,Phee,Phee,true,1
Qwen/Qwen2.5-Omni-7B,639491,lp_0-6000,Phee,Seep,Seep,false,1
Qwen/Qwen2.5-Omni-7B,639491,lp_0-8000,Phee,Seep,Seep,false,1
Qwen/Qwen2.5-Omni-7B,639491,remove_0-1000,Phee,Seep,Seep,false,1
Qwen/Qwen2.5-Omni-7B,639491,remove_1000-2000,Phee,Seep,Seep,false,1
Qwen/Qwen2.5-Omni-7B,639491,remove_2000-4000,Phee,Seep,Seep,false,1
Qwen/Qwen2.5-Omni-7B,639491,remove_4000-6000,Phee,Seep,Seep,false,1
Qwen/Qwen2.5-Omni-7B,639491,remove_6000-8000,Phee,Seep,Seep,false,1
Qwen/Qwen2.5-Omni-7B,647588,lp_0-1000,Phee,Phee,Phee,true,1
Qwen/Qwen2.5-Omni-7B,647588,lp_0-2000,Phee,Phee,Phee,true,1
Qwen/Qwen2.5-Omni-7B,647588,lp_0-4000,Phee,Phee,Phee,true,1
Qwen/Qwen2.5-Omni-7B,647588,lp_0-6000,Phee,Phee,Phee,true,1
Qwen/Qwen2.5-Omni-7B,647588,lp_0-8000,Phee,Phee,Phee,true,1
Qwen/Qwen2.5-Omni-7B,647588,remove_0-1000,Phee,Phee,Phee,true,1
Qwen/Qwen2.5-Omni-7B,647588,remove_1000-2000,Phee,Phee,Phee,true,1
Qwen/Qwen2.5-Omni-7B,647588,remove_2000-4000,Phee,Phee,Phee,true,1
Qwen/Qwen2.5-Omni-7B,647588,remove_4000-6000,Phee,Phee,Phee,true,1
Qwen/Qwen2.5-Omni-7B,647588,remove_6000-8000,Phee,Phee,Phee,true,1
Qwen/Qwen2.5-Omni-7B,657440,lp_0-1000,Phee,Seep,Seep,false,1
Qwen/Qwen2.5-Omni-7B,657440,lp_0-2000,Phee,Seep,Seep,false,1
Qwen/Qwen2.5-Omni-7B,657440,lp_0-4000,Phee,Phee,Phee,true,1
Qwen/Qwen2.5-Omni-7B,657440,lp_0-6000,Phee,Phee,Phee,true,1
Qwen/Qwen2.5-Omni-7B,657440,lp_0-8000,Phee,Phee,Phee,true,1
Qwen/Qwen2.5-Omni-7B,657440,remove_0-1000,Phee,Seep,Seep,false,1
Qwen/Qwen2.5-Omni-7B,657440,remove_1000-2000,Phee,Seep,Seep,false,1
Qwen/Qwen2.5-Omni-7B,657440,remove_2000-4000,Phee,Seep,Seep,false,1
Qwen/Qwen2.5-Omni-7B,657440,remove_4000-6000,Phee,Phee,Phee,true,1
Qwen/Qwen2.5-Omni-7B,657440,remove_6000-8000,Phee,Seep,Seep,false,1
Qwen/Qwen2.5-Omni-7B,658275,lp_0-1000,Phee,Seep,Seep,false,1
Qwen/Qwen2.5-Omni-7B,658275,lp_0-2000,Phee,Seep,Seep,false,1
Qwen/Qwen2.5-Omni-7B,658275,lp_0-4000,Phee,Phee,Phee,true,1
Qwen/Qwen2.5-Omni-7B,658275,lp_0-6000,Phee,Seep,Seep,false,1
Qwen/Qwen2.5-Omni-7B,658275,lp_0-8000,Phee,Seep,Seep,false,1
Qwen/Qwen2.5-Omni-7B,658275,remove_0-1000,Phee,Seep,Seep,false,1
Qwen/Qwen2.5-Omni-7B,658275,remove_1000-2000,Phee,Phee,Phee,true,1
Qwen/Qwen2.5-Omni-7B,658275,remove_2000-4000,Phee,Seep,Seep,false,1
Qwen/Qwen2.5-Omni-7B,658275,remove_4000-6000,Phee,Phee,Phee,true,1
Qwen/Qwen2.5-Omni-7B,658275,remove_6000-8000,Phee,Seep,Seep,false,1
Qwen/Qwen2.5-Omni-7B,663233,lp_0-1000,Phee,Phee,Phee,true,1
Qwen/Qwen2.5-Omni-7B,663233,lp_0-2000,Phee,Phee,Phee,true,1
Qwen/Qwen2.5-Omni-7B,663233,lp_0-4000,Phee,Phee,Phee,true,1
Qwen/Qwen2.5-Omni-7B,663233,lp_0-6000,Phee,Phee,Phee,true,1
Qwen/Qwen2.5-Omni-7B,663233,lp_0-8000,Phee,Phee,Phee,true,1
Qwen/Qwen2.5-Omni-7B,663233,remove_0-1000,Phee,Phee,Phee,true,1
Qwen/Qwen2.5-Omni-7B,663233,remove_1000-2000,Phee,Phee,Phee,true,1
Qwen/Qwen2.5-Omni-7B,663233,remove_2000-4000,Phee,Phee,Phee,true,1
Qwen/Qwen2.5-Omni-7B,663233,remove_4000-6000,Phee,Phee,Phee,true,1
Qwen/Qwen2.5-Omni-7B,663233,remove_6000-8000,Phee,Phee,Phee,true,1
Qwen/Qwen2.5-Omni-7B,669577,lp_0-1000,Phee,Phee,Phee,true,1
Qwen/Qwen2.5-Omni-7B,669577,lp_0-2000,Phee,Phee,Phee,true,1
Qwen/Qwen2.5-Omni-7B,669577,lp_0-4000,Phee,Phee,Phee,true,1
Qwen/Qwen2.5-Omni-7B,669577,lp_0-6000,Phee,Phee,Phee,true,1
Qwen/Qwen2.5-Omni-7B,669577,lp_0-8000,Phee,Phee,Phee,true,1
Qwen/Qwen2.5-Omni-7B,669577,remove_0-1000,Phee,Phee,Phee,true,1
Qwen/Qwen2.5-Omni-7B,669577,remove_1000-2000,Phee,Phee,Phee,true,1
Qwen/Qwen2.5-Omni-7B,669577,remove_2000-4000,Phee,Phee,Phee,true,1
Qwen/Qwen2.5-Omni-7B,669577,remove_4000-6000,Phee,Phee,Phee,true,1
Qwen/Qwen2.5-Omni-7B,669577,remove_6000-8000,Phee,Phee,Phee,true,1
Qwen/Qwen2.5-Omni-7B,704199,lp_0-1000,Phee,Twitter,Twitter,false,1
Qwen/Qwen2.5-Omni-7B,704199,lp_0-2000,Phee,Phee,Phee,true,1
Qwen/Qwen2.5-Omni-7B,704199,lp_0-4000,Phee,Phee,Phee,true,1
Qwen/Qwen2.5-Omni-7B,704199,lp_0-6000,Phee,Phee,Phee,true,1
Qwen/Qwen2.5-Omni-7B,704199,lp_0-8000,Phee,Phee,Phee,true,1
Qwen/Qwen2.5-Omni-7B,704199,remove_0-1000,Phee,Seep,Seep,false,1
Qwen/Qwen2.5-Omni-7B,704199,remove_1000-2000,Phee,Seep,Seep,false,1
Qwen/Qwen2.5-Omni-7B,704199,remove_2000-4000,Phee,Phee,Phee,true,1
Qwen/Qwen2.5-Omni-7B,704199,remove_4000-6000,Phee,Phee,Phee,true,1
Qwen/Qwen2.5-Omni-7B,704199,remove_6000-8000,Phee,Seep,Seep,false,1
Qwen/Qwen2.5-Omni-7B,706021,lp_0-1000,Phee,Twitter,Twitter,false,1
Qwen/Qwen2.5-Omni-7B,706021,lp_0-2000,Phee,Phee,Phee,true,1
Qwen/Qwen2.5-Omni-7B,706021,lp_0-4000,Phee,Phee,Phee,true,1
Qwen/Qwen2.5-Omni-7B,706021,lp_0-6000,Phee,Phee,Phee,true,1
Qwen/Qwen2.5-Omni-7B,706021,lp_0-8000,Phee,Phee,Phee,true,1
Qwen/Qwen2.5-Omni-7B,706021,remove_0-1000,Phee,Phee,Phee,true,1
Qwen/Qwen2.5-Omni-7B,706021,remove_1000-2000,Phee,Phee,Phee,true,1
Qwen/Qwen2.5-Omni-7B,706021,remove_2000-4000,Phee,Phee,Phee,true,1
Qwen/Qwen2.5-Omni-7B,706021,remove_4000-6000,Phee,Phee,Phee,true,1
Qwen/Qwen2.5-Omni-7B,706021,remove_6000-8000,Phee,Phee,Phee,true,1
Qwen/Qwen2.5-Omni-7B,708365,lp_0-1000,Phee,Seep,Seep,false,1
Qwen/Qwen2.5-Omni-7B,708365,lp_0-2000,Phee,Phee,Phee,true,1
Qwen/Qwen2.5-Omni-7B,708365,lp_0-4000,Phee,Seep,Seep,false,1
Qwen/Qwen2.5-Omni-7B,708365,lp_0-6000,Phee,Seep,Seep,false,1
Qwen/Qwen2.5-Omni-7B,708365,lp_0-8000,Phee,Phee,Phee,true,1
Qwen/Qwen2.5-Omni-7B,708365,remove_0-1000,Phee,Seep,Seep,false,1
Qwen/Qwen2.5-Omni-7B,708365,remove_1000-2000,Phee,Phee,Phee,true,1
Qwen/Qwen2.5-Omni-7B,708365,remove_2000-4000,Phee,Phee,Phee,true,1
Qwen/Qwen2.5-Omni-7B,708365,remove_4000-6000,Phee,Phee,Phee,true,1
Qwen/Qwen2.5-Omni-7B,708365,remove_6000-8000,Phee,Seep,Seep,false,1
Qwen/Qwen2.5-Omni-7B,734091,lp_0-1000,Phee,Phee,Phee,true,1
Qwen/Qwen2.5-Omni-7B,734091,lp_0-2000,Phee,Phee,Phee,true,1
Qwen/Qwen2.5-Omni-7B,734091,lp_0-4000,Phee,Phee,Phee,true,1
Qwen/Qwen2.5-Omni-7B,734091,lp_0-6000,Phee,Phee,Phee,true,1
Qwen/Qwen2.5-Omni-7B,734091,lp_0-8000,Phee,Phee,Phee,true,1
Qwen/Qwen2.5-Omni-7B,734091,remove_0-1000,Phee,Seep,Seep,false,1
Qwen/Qwen2.5-Omni-7B,734091,remove_1000-2000,Phee,Phee,Phee,true,1
Qwen/Qwen2.5-Omni-7B,734091,remove_2000-4000,Phee,Seep,Seep,false,1
Qwen/Qwen2.5-Omni-7B,734091,remove_4000-6000,Phee,Phee,Phee,true,1
Qwen/Qwen2.5-Omni-7B,734091,remove_6000-8000,Phee,Phee,Phee,true,1
Qwen/Qwen2.5-Omni-7B,745366,lp_0-1000,Phee,Seep,Seep,false,1
Qwen/Qwen2.5-Omni-7B,745366,lp_0-2000,Phee,Phee,Phee,true,1
Qwen/Qwen2.5-Omni-7B,745366,lp_0-4000,Phee,Phee,Phee,true,1
Qwen/Qwen2.5-Omni-7B,745366,lp_0-6000,Phee,Phee,Phee,true,1
Qwen/Qwen2.5-Omni-7B,745366,lp_0-8000,Phee,Seep,Seep,false,1
Qwen/Qwen2.5-Omni-7B,745366,remove_0-1000,Phee,Seep,Seep,false,1
Qwen/Qwen2.5-Omni-7B,745366,remove_1000-2000,Phee,Seep,Seep,false,1
Qwen/Qwen2.5-Omni-7B,745366,remove_2000-4000,Phee,Seep,Seep,false,1
Qwen/Qwen2.5-Omni-7B,745366,remove_4000-6000,Phee,Seep,Seep,false,1
Qwen/Qwen2.5-Omni-7B,745366,remove_6000-8000,Phee,Seep,Seep,false,1
Qwen/Qwen2.5-Omni-7B,758751,lp_0-1000,Phee,Seep,Seep,false,1
Qwen/Qwen2.5-Omni-7B,758751,lp_0-2000,Phee,Seep,Seep,false,1
Qwen/Qwen2.5-Omni-7B,758751,lp_0-4000,Phee,Seep,Seep,false,1
Qwen/Qwen2.5-Omni-7B,758751,lp_0-6000,Phee,Seep,Seep,false,1
Qwen/Qwen2.5-Omni-7B,758751,lp_0-8000,Phee,Seep,Seep,false,1
Qwen/Qwen2.5-Omni-7B,758751,remove_0-1000,Phee,Seep,Seep,false,1
Qwen/Qwen2.5-Omni-7B,758751,remove_1000-2000,Phee,Seep,Seep,false,1
Qwen/Qwen2.5-Omni-7B,758751,remove_2000-4000,Phee,Seep,Seep,false,1
Qwen/Qwen2.5-Omni-7B,758751,remove_4000-6000,Phee,Seep,Seep,false,1
Qwen/Qwen2.5-Omni-7B,758751,remove_6000-8000,Phee,Seep,Seep,false,1
Qwen/Qwen2.5-Omni-7B,773651,lp_0-1000,Phee,Phee,Phee,true,1
Qwen/Qwen2.5-Omni-7B,773651,lp_0-2000,Phee,Phee,Phee,true,1
Qwen/Qwen2.5-Omni-7B,773651,lp_0-4000,Phee,Phee,Phee,true,1
Qwen/Qwen2.5-Omni-7B,773651,lp_0-6000,Phee,Phee,Phee,true,1
Qwen/Qwen2.5-Omni-7B,773651,lp_0-8000,Phee,Phee,Phee,true,1
Qwen/Qwen2.5-Omni-7B,773651,remove_0-1000,Phee,Phee,Phee,true,1
Qwen/Qwen2.5-Omni-7B,773651,remove_1000-2000,Phee,Phee,Phee,true,1
Qwen/Qwen2.5-Omni-7B,773651,remove_2000-4000,Phee,Phee,Phee,true,1
Qwen/Qwen2.5-Omni-7B,773651,remove_4000-6000,Phee,Phee,Phee,true,1
Qwen/Qwen2.5-Omni-7B,773651,remove_6000-8000,Phee,Phee,Phee,true,1
Qwen/Qwen2.5-Omni-7B,778988,lp_0-1000,Phee,Phee,Phee,true,1
Qwen/Qwen2.5-Omni-7B,778988,lp_0-2000,Phee,Phee,Phee,true,1
Qwen/Qwen2.5-Omni-7B,778988,lp_0-4000,Phee,Phee,Phee,true,1
Qwen/Qwen2.5-Omni-7B,778988,lp_0-6000,Phee,Phee,Phee,true,1
Qwen/Qwen2.5-Omni-7B,778988,lp_0-8000,Phee,Phee,Phee,true,1
Qwen/Qwen2.5-Omni-7B,778988,remove_0-1000,Phee,Phee,Phee,true,1
Qwen/Qwen2.5-Omni-7B,778988,remove_1000-2000,Phee,Phee,Phee,true,1
Qwen/Qwen2.5-Omni-7B,778988,remove_2000-4000,Phee,Phee,Phee,true,1
Qwen/Qwen2.5-Omni-7B,778988,remove_4000-6000,Phee,Phee,Phee,true,1
Qwen/Qwen2.5-Omni-7B,778988,remove_6000-8000,Phee,Phee,Phee,true,1
Qwen/Qwen2.5-Omni-7B,788000,lp_0-1000,Phee,Twitter,Twitter,false,1
Qwen/Qwen2.5-Omni-7B,788000,lp_0-2000,Phee,Phee,Phee,true,1
Qwen/Qwen2.5-Omni-7B,788000,lp_0-4000,Phee,Phee,Phee,true,1
Qwen/Qwen2.5-Omni-7B,788000,lp_0-6000,Phee,Phee,Phee,true,1
Qwen/Qwen2.5-Omni-7B,788000,lp_0-8000,Phee,Phee,Phee,true,1
Qwen/Qwen2.5-Omni-7B,788000,remove_0-1000,Phee,Seep,Seep,false,1
Qwen/Qwen2.5-Omni-7B,788000,remove_1000-2000,Phee,Phee,Phee,true,1
Qwen/Qwen2.5-Omni-7B,788000,remove_2000-4000,Phee,Phee,Phee,true,1
Qwen/Qwen2.5-Omni-7B,788000,remove_4000-6000,Phee,Phee,Phee,true,1
Qwen/Qwen2.5-Omni-7B,788000,remove_6000-8000,Phee,Phee,Phee,true,1
Qwen/Qwen2.5-Omni-7B,794666,lp_0-1000,Phee,Phee,Phee,true,1
Qwen/Qwen2.5-Omni-7B,794666,lp_0-2000,Phee,Phee,Phee,true,1
Qwen/Qwen2.5-Omni-7B,794666,lp_0-4000,Phee,Phee,Phee,true,1
Qwen/Qwen2.5-Omni-7B,794666,lp_0-6000,Phee,Phee,Phee,true,1
Qwen/Qwen2.5-Omni-7B,794666,lp_0-8000,Phee,Phee,Phee,true,1
Qwen/Qwen2.5-Omni-7B,794666,remove_0-1000,Phee,Phee,Phee,true,1
Qwen/Qwen2.5-Omni-7B,794666,remove_1000-2000,Phee,Phee,Phee,true,1
Qwen/Qwen2.5-Omni-7B,794666,remove_2000-4000,Phee,Phee,Phee,true,1
Qwen/Qwen2.5-Omni-7B,794666,remove_4000-6000,Phee,Phee,Phee,true,1
Qwen/Qwen2.5-Omni-7B,794666,remove_6000-8000,Phee,Phee,Phee,true,1
Qwen/Qwen2.5-Omni-7B,81234,lp_0-1000,Phee,Phee,Phee,true,1
Qwen/Qwen2.5-Omni-7B,81234,lp_0-2000,Phee,Phee,Phee,true,1
Qwen/Qwen2.5-Omni-7B,81234,lp_0-4000,Phee,Phee,Phee,true,1
Qwen/Qwen2.5-Omni-7B,81234,lp_0-6000,Phee,Phee,Phee,true,1
Qwen/Qwen2.5-Omni-7B,81234,lp_0-8000,Phee,Phee,Phee,true,1
Qwen/Qwen2.5-Omni-7B,81234,remove_0-1000,Phee,Phee,Phee,true,1
Qwen/Qwen2.5-Omni-7B,81234,remove_1000-2000,Phee,Phee,Phee,true,1
Qwen/Qwen2.5-Omni-7B,81234,remove_2000-4000,Phee,Phee,Phee,true,1
Qwen/Qwen2.5-Omni-7B,81234,remove_4000-6000,Phee,Phee,Phee,true,1
Qwen/Qwen2.5-Omni-7B,81234,remove_6000-8000,Phee,Phee,Phee,true,1
Qwen/Qwen2.5-Omni-7B,822050,lp_0-1000,Phee,Seep,Seep,false,1
Qwen/Qwen2.5-Omni-7B,822050,lp_0-2000,Phee,Seep,Seep,false,1
Qwen/Qwen2.5-Omni-7B,822050,lp_0-4000,Phee,Seep,Seep,false,1
Qwen/Qwen2.5-Omni-7B,822050,lp_0-6000,Phee,Phee,Phee,true,1
Qwen/Qwen2.5-Omni-7B,822050,lp_0-8000,Phee,Seep,Seep,false,1
Qwen/Qwen2.5-Omni-7B,822050,remove_0-1000,Phee,Seep,Seep,false,1
Qwen/Qwen2.5-Omni-7B,822050,remove_1000-2000,Phee,Seep,Seep,false,1
Qwen/Qwen2.5-Omni-7B,822050,remove_2000-4000,Phee,Seep,Seep,false,1
Qwen/Qwen2.5-Omni-7B,822050,remove_4000-6000,Phee,Seep,Seep,false,1
Qwen/Qwen2.5-Omni-7B,822050,remove_6000-8000,Phee,Seep,Seep,false,1
Qwen/Qwen2.5-Omni-7B,822265,lp_0-1000,Phee,Phee,Phee,true,1
Qwen/Qwen2.5-Omni-7B,822265,lp_0-2000,Phee,Phee,Phee,true,1
Qwen/Qwen2.5-Omni-7B,822265,lp_0-4000,Phee,Phee,Phee,true,1
Qwen/Qwen2.5-Omni-7B,822265,lp_0-6000,Phee,Phee,Phee,true,1
Qwen/Qwen2.5-Omni-7B,822265,lp_0-8000,Phee,Phee,Phee,true,1
Qwen/Qwen2.5-Omni-7B,822265,remove_0-1000,Phee,Phee,Phee,true,1
Qwen/Qwen2.5-Omni-7B,822265,remove_1000-2000,Phee,Phee,Phee,true,1
Qwen/Qwen2.5-Omni-7B,822265,remove_2000-4000,Phee,Phee,Phee,true,1
Qwen/Qwen2.5-Omni-7B,822265,remove_4000-6000,Phee,Phee,Phee,true,1
Qwen/Qwen2.5-Omni-7B,822265,remove_6000-8000,Phee,Phee,Phee,true,1
Qwen/Qwen2.5-Omni-7B,824405,lp_0-1000,Phee,Phee,Phee,true,1
Qwen/Qwen2.5-Omni-7B,824405,lp_0-2000,Phee,Phee,Phee,true,1
Qwen/Qwen2.5-Omni-7B,824405,lp_0-4000,Phee,Phee,Phee,true,1
Qwen/Qwen2.5-Omni-7B,824405,lp_0-6000,Phee,Phee,Phee,true,1
Qwen/Qwen2.5-Omni-7B,824405,lp_0-8000,Phee,Phee,Phee,true,1
Qwen/Qwen2.5-Omni-7B,824405,remove_0-1000,Phee,Phee,Phee,true,1
Qwen/Qwen2.5-Omni-7B,824405,remove_1000-2000,Phee,Phee,Phee,true,1
Qwen/Qwen2.5-Omni-7B,824405,remove_2000-4000,Phee,Phee,Phee,true,1
Qwen/Qwen2.5-Omni-7B,824405,remove_4000-6000,Phee,Phee,Phee,true,1
Qwen/Qwen2.5-Omni-7B,824405,remove_6000-8000,Phee,Phee,Phee,true,1
Qwen/Qwen2.5-Omni-7B,840586,lp_0-1000,Phee,Phee,Phee,true,1
Qwen/Qwen2.5-Omni-7B,840586,lp_0-2000,Phee,Phee,Phee,true,1
Qwen/Qwen2.5-Omni-7B,840586,lp_0-4000,Phee,Phee,Phee,true,1
Qwen/Qwen2.5-Omni-7B,840586,lp_0-6000,Phee,Phee,Phee,true,1
Qwen/Qwen2.5-Omni-7B,840586,lp_0-8000,Phee,Phee,Phee,true,1
Qwen/Qwen2.5-Omni-7B,840586,remove_0-1000,Phee,Phee,Phee,true,1
Qwen/Qwen2.5-Omni-7B,840586,remove_1000-2000,Phee,Phee,Phee,true,1
Qwen/Qwen2.5-Omni-7B,840586,remove_2000-4000,Phee,Phee,Phee,true,1
Qwen/Qwen2.5-Omni-7B,840586,remove_4000-6000,Phee,Phee,Phee,true,1
Qwen/Qwen2.5-Omni-7B,840586,remove_6000-8000,Phee,Phee,Phee,true,1
Qwen/Qwen2.5-Omni-7B,851005,lp_0-1000,Phee,Seep,Seep,false,1
Qwen/Qwen2.5-Omni-7B,851005,lp_0-2000,Phee,Phee,Phee,true,1
Qwen/Qwen2.5-Omni-7B,851005,lp_0-4000,Phee,Phee,Phee,true,1
Qwen/Qwen2.5-Omni-7B,851005,lp_0-6000,Phee,Seep,Seep,false,1
Qwen/Qwen2.5-Omni-7B,851005,lp_0-8000,Phee,Phee,Phee,true,1
Qwen/Qwen2.5-Omni-7B,851005,remove_0-1000,Phee,Seep,Seep,false,1
Qwen/Qwen2.5-Omni-7B,851005,remove_1000-2000,Phee,Phee,Phee,true,1
Qwen/Qwen2.5-Omni-7B,851005,remove_2000-4000,Phee,Phee,Phee,true,1
Qwen/Qwen2.5-Omni-7B,851005,remove_4000-6000,Phee,Phee,Phee,true,1
Qwen/Qwen2.5-Omni-7B,851005,remove_6000-8000,Phee,Seep,Seep,false,1
Qwen/Qwen2.5-Omni-7B,851788,lp_0-1000,Phee,Phee,Phee,true,1
Qwen/Qwen2.5-Omni-7B,851788,lp_0-2000,Phee,Phee,Phee,true,1
Qwen/Qwen2.5-Omni-7B,851788,lp_0-4000,Phee,Phee,Phee,true,1
Qwen/Qwen2.5-Omni-7B,851788,lp_0-6000,Phee,Phee,Phee,true,1
Qwen/Qwen2.5-Omni-7B,851788,lp_0-8000,Phee,Phee,Phee,true,1
Qwen/Qwen2.5-Omni-7B,851788,remove_0-1000,Phee,Phee,Phee,true,1
Qwen/Qwen2.5-Omni-7B,851788,remove_1000-2000,Phee,Phee,Phee,true,1
Qwen/Qwen2.5-Omni-7B,851788,remove_2000-4000,Phee,Phee,Phee,true,1
Qwen/Qwen2.5-Omni-7B,851788,remove_4000-6000,Phee,Phee,Phee,true,1
Qwen/Qwen2.5-Omni-7B,851788,remove_6000-8000,Phee,Phee,Phee,true,1
Qwen/Qwen2.5-Omni-7B,852264,lp_0-1000,Phee,Seep,Seep,false,1
Qwen/Qwen2.5-Omni-7B,852264,lp_0-2000,Phee,Seep,Seep,false,1
Qwen/Qwen2.5-Omni-7B,852264,lp_0-4000,Phee,Phee,Phee,true,1
Qwen/Qwen2.5-Omni-7B,852264,lp_0-6000,Phee,Seep,Seep,false,1
Qwen/Qwen2.5-Omni-7B,852264,lp_0-8000,Phee,Seep,Seep,false,1
Qwen/Qwen2.5-Omni-7B,852264,remove_0-1000,Phee,Seep,Seep,false,1
Qwen/Qwen2.5-Omni-7B,852264,remove_1000-2000,Phee,Seep,Seep,false,1
Qwen/Qwen2.5-Omni-7B,852264,remove_2000-4000,Phee,Seep,Seep,false,1
Qwen/Qwen2.5-Omni-7B,852264,remove_4000-6000,Phee,Seep,Seep,false,1
Qwen/Qwen2.5-Omni-7B,852264,remove_6000-8000,Phee,Seep,Seep,false,1
Qwen/Qwen2.5-Omni-7B,857896,lp_0-1000,Phee,Twitter,Twitter,false,1
Qwen/Qwen2.5-Omni-7B,857896,lp_0-2000,Phee,Phee,Phee,true,1
Qwen/Qwen2.5-Omni-7B,857896,lp_0-4000,Phee,Seep,Seep,false,1
Qwen/Qwen2.5-Omni-7B,857896,lp_0-6000,Phee,Phee,Phee,true,1
Qwen/Qwen2.5-Omni-7B,857896,lp_0-8000,Phee,Phee,Phee,true,1
Qwen/Qwen2.5-Omni-7B,857896,remove_0-1000,Phee,Seep,Seep,false,1
Qwen/Qwen2.5-Omni-7B,857896,remove_1000-2000,Phee,Phee,Phee,true,1
Qwen/Qwen2.5-Omni-7B,857896,remove_2000-4000,Phee,Phee,Phee,true,1
Qwen/Qwen2.5-Omni-7B,857896,remove_4000-6000,Phee,Phee,Phee,true,1
Qwen/Qwen2.5-Omni-7B,857896,remove_6000-8000,Phee,Seep,Seep,false,1
Qwen/Qwen2.5-Omni-7B,857970,lp_0-1000,Phee,Seep,Seep,false,1
Qwen/Qwen2.5-Omni-7B,857970,lp_0-2000,Phee,Seep,Seep,false,1
Qwen/Qwen2.5-Omni-7B,857970,lp_0-4000,Phee,Seep,Seep,false,1
Qwen/Qwen2.5-Omni-7B,857970,lp_0-6000,Phee,Seep,Seep,false,1
Qwen/Qwen2.5-Omni-7B,857970,lp_0-8000,Phee,Seep,Seep,false,1
Qwen/Qwen2.5-Omni-7B,857970,remove_0-1000,Phee,Seep,Seep,false,1
Qwen/Qwen2.5-Omni-7B,857970,remove_1000-2000,Phee,Seep,Seep,false,1
Qwen/Qwen2.5-Omni-7B,857970,remove_2000-4000,Phee,Seep,Seep,false,1
Qwen/Qwen2.5-Omni-7B,857970,remove_4000-6000,Phee,Seep,Seep,false,1
Qwen/Qwen2.5-Omni-7B,857970,remove_6000-8000,Phee,Seep,Seep,false,1
Qwen/Qwen2.5-Omni-7B,860537,lp_0-1000,Phee,Phee,Phee,true,1
Qwen/Qwen2.5-Omni-7B,860537,lp_0-2000,Phee,Phee,Phee,true,1
Qwen/Qwen2.5-Omni-7B,860537,lp_0-4000,Phee,Phee,Phee,true,1
Qwen/Qwen2.5-Omni-7B,860537,lp_0-6000,Phee,Phee,Phee,true,1
Qwen/Qwen2.5-Omni-7B,860537,lp_0-8000,Phee,Phee,Phee,true,1
Qwen/Qwen2.5-Omni-7B,860537,remove_0-1000,Phee,Phee,Phee,true,1
Qwen/Qwen2.5-Omni-7B,860537,remove_1000-2000,Phee,Phee,Phee,true,1
Qwen/Qwen2.5-Omni-7B,860537,remove_2000-4000,Phee,Phee,Phee,true,1
Qwen/Qwen2.5-Omni-7B,860537,remove_4000-6000,Phee,Phee,Phee,true,1
Qwen/Qwen2.5-Omni-7B,860537,remove_6000-8000,Phee,Phee,Phee,true,1
Qwen/Qwen2.5-Omni-7B,862343,lp_0-1000,Phee,Seep,Seep,false,1
Qwen/Qwen2.5-Omni-7B,862343,lp_0-2000,Phee,Phee,Phee,true,1
Qwen/Qwen2.5-Omni-7B,862343,lp_0-4000,Phee,Phee,Phee,true,1
Qwen/Qwen2.5-Omni-7B,862343,lp_0-6000,Phee,Seep,Seep,false,1
Qwen/Qwen2.5-Omni-7B,862343,lp_0-8000,Phee,Phee,Phee,true,1
Qwen/Qwen2.5-Omni-7B,862343,remove_0-1000,Phee,Seep,Seep,false,1
Qwen/Qwen2.5-Omni-7B,862343,remove_1000-2000,Phee,Phee,Phee,true,1
Qwen/Qwen2.5-Omni-7B,862343,remove_2000-4000,Phee,Phee,Phee,true,1
Qwen/Qwen2.5-Omni-7B,862343,remove_4000-6000,Phee,Phee,Phee,true,1
Qwen/Qwen2.5-Omni-7B,862343,remove_6000-8000,Phee,Phee,Phee,true,1
Qwen/Qwen2.5-Omni-7B,862520,lp_0-1000,Phee,Phee,Phee,true,1
Qwen/Qwen2.5-Omni-7B,862520,lp_0-2000,Phee,Phee,Phee,true,1
Qwen/Qwen2.5-Omni-7B,862520,lp_0-4000,Phee,Phee,Phee,true,1
Qwen/Qwen2.5-Omni-7B,862520,lp_0-6000,Phee,Phee,Phee,true,1
Qwen/Qwen2.5-Omni-7B,862520,lp_0-8000,Phee,Phee,Phee,true,1
Qwen/Qwen2.5-Omni-7B,862520,remove_0-1000,Phee,Phee,Phee,true,1
Qwen/Qwen2.5-Omni-7B,862520,remove_1000-2000,Phee,Phee,Phee,true,1
Qwen/Qwen2.5-Omni-7B,862520,remove_2000-4000,Phee,Phee,Phee,true,1
Qwen/Qwen2.5-Omni-7B,862520,remove_4000-6000,Phee,Phee,Phee,true,1
Qwen/Qwen2.5-Omni-7B,862520,remove_6000-8000,Phee,Phee,Phee,true,1
Qwen/Qwen2.5-Omni-7B,121321,lp_0-1000,Seep,Phee,Phee,false,1
Qwen/Qwen2.5-Omni-7B,121321,lp_0-2000,Seep,Phee,Phee,false,1
Qwen/Qwen2.5-Omni-7B,121321,lp_0-4000,Seep,Phee,Phee,false,1
Qwen/Qwen2.5-Omni-7B,121321,lp_0-6000,Seep,Phee,Phee,false,1
Qwen/Qwen2.5-Omni-7B,121321,lp_0-8000,Seep,Phee,Phee,false,1
Qwen/Qwen2.5-Omni-7B,121321,remove_0-1000,Seep,Phee,Phee,false,1
Qwen/Qwen2.5-Omni-7B,121321,remove_1000-2000,Seep,Phee,Phee,false,1
Qwen/Qwen2.5-Omni-7B,121321,remove_2000-4000,Seep,Tsik,Tsik,false,1
Qwen/Qwen2.5-Omni-7B,121321,remove_4000-6000,Seep,Phee,Phee,false,1
Qwen/Qwen2.5-Omni-7B,121321,remove_6000-8000,Seep,Phee,Phee,false,1
Qwen/Qwen2.5-Omni-7B,135177,lp_0-1000,Seep,Phee,Phee,false,1
Qwen/Qwen2.5-Omni-7B,135177,lp_0-2000,Seep,Phee,Phee,false,1
Qwen/Qwen2.5-Omni-7B,135177,lp_0-4000,Seep,Phee,Phee,false,1
Qwen/Qwen2.5-Omni-7B,135177,lp_0-6000,Seep,Phee,Phee,false,1
Qwen/Qwen2.5-Omni-7B,135177,lp_0-8000,Seep,Phee,Phee,false,1
Qwen/Qwen2.5-Omni-7B,135177,remove_0-1000,Seep,Phee,Phee,false,1
Qwen/Qwen2.5-Omni-7B,135177,remove_1000-2000,Seep,Phee,Phee,false,1
Qwen/Qwen2.5-Omni-7B,135177,remove_2000-4000,Seep,Phee,Phee,false,1
Qwen/Qwen2.5-Omni-7B,135177,remove_4000-6000,Seep,Phee,Phee,false,1
Qwen/Qwen2.5-Omni-7B,135177,remove_6000-8000,Seep,Phee,Phee,false,1
Qwen/Qwen2.5-Omni-7B,173793,lp_0-1000,Seep,Phee,Phee,false,1
Qwen/Qwen2.5-Omni-7B,173793,lp_0-2000,Seep,Phee,Phee,false,1
Qwen/Qwen2.5-Omni-7B,173793,lp_0-4000,Seep,Phee,Phee,false,1
Qwen/Qwen2.5-Omni-7B,173793,lp_0-6000,Seep,Phee,Phee,false,1
Qwen/Qwen2.5-Omni-7B,173793,lp_0-8000,Seep,Phee,Phee,false,1
Qwen/Qwen2.5-Omni-7B,173793,remove_0-1000,Seep,Phee,Phee,false,1
Qwen/Qwen2.5-Omni-7B,173793,remove_1000-2000,Seep,Seep,Seep,true,1
Qwen/Qwen2.5-Omni-7B,173793,remove_2000-4000,Seep,Phee,Phee,false,1
Qwen/Qwen2.5-Omni-7B,173793,remove_4000-6000,Seep,Phee,Phee,false,1
Qwen/Qwen2.5-Omni-7B,173793,remove_6000-8000,Seep,Phee,Phee,false,1
Qwen/Qwen2.5-Omni-7B,211832,lp_0-1000,Seep,Seep,Seep,true,1
Qwen/Qwen2.5-Omni-7B,211832,lp_0-2000,Seep,Phee,Phee,false,1
Qwen/Qwen2.5-Omni-7B,211832,lp_0-4000,Seep,Phee,Phee,false,1
Qwen/Qwen2.5-Omni-7B,211832,lp_0-6000,Seep,Phee,Phee,false,1
Qwen/Qwen2.5-Omni-7B,211832,lp_0-8000,Seep,Tsik,Tsik,false,1
Qwen/Qwen2.5-Omni-7B,211832,remove_0-1000,Seep,Tsik,Tsik,false,1
Qwen/Qwen2.5-Omni-7B,211832,remove_1000-2000,Seep,Tsik,Tsik,false,1
Qwen/Qwen2.5-Omni-7B,211832,remove_2000-4000,Seep,Tsik,Tsik,false,1
Qwen/Qwen2.5-Omni-7B,211832,remove_4000-6000,Seep,Tsik,Tsik,false,1
Qwen/Qwen2.5-Omni-7B,211832,remove_6000-8000,Seep,Tsik,Tsik,false,1
Qwen/Qwen2.5-Omni-7B,211974,lp_0-1000,Seep,Phee,Phee,false,1
Qwen/Qwen2.5-Omni-7B,211974,lp_0-2000,Seep,Phee,Phee,false,1
Qwen/Qwen2.5-Omni-7B,211974,lp_0-4000,Seep,Phee,Phee,false,1
Qwen/Qwen2.5-Omni-7B,211974,lp_0-6000,Seep,Phee,Phee,false,1
Qwen/Qwen2.5-Omni-7B,211974,lp_0-8000,Seep,Tsik,Tsik,false,1
Qwen/Qwen2.5-Omni-7B,211974,remove_0-1000,Seep,Tsik,Tsik,false,1
Qwen/Qwen2.5-Omni-7B,211974,remove_1000-2000,Seep,Tsik,Tsik,false,1
Qwen/Qwen2.5-Omni-7B,211974,remove_2000-4000,Seep,Tsik,Tsik,false,1
Qwen/Qwen2.5-Omni-7B,211974,remove_4000-6000,Seep,Tsik,Tsik,false,1
Qwen/Qwen2.5-Omni-7B,211974,remove_6000-8000,Seep,Phee,Phee,false,1
Qwen/Qwen2.5-Omni-7B,212002,lp_0-1000,Seep,Phee,Phee,false,1
Qwen/Qwen2.5-Omni-7B,212002,lp_0-2000,Seep,Phee,Phee,false,1
Qwen/Qwen2.5-Omni-7B,212002,lp_0-4000,Seep,Phee,Phee,false,1
Qwen/Qwen2.5-Omni-7B,212002,lp_0-6000,Seep,Phee,Phee,false,1
Qwen/Qwen2.5-Omni-7B,212002,lp_0-8000,Seep,Phee,Phee,false,1
Qwen/Qwen2.5-Omni-7B,212002,remove_0-1000,Seep,Tsik,Tsik,false,1
Qwen/Qwen2.5-Omni-7B,212002,remove_1000-2000,Seep,Seep,Seep,true,1
Qwen/Qwen2.5-Omni-7B,212002,remove_2000-4000,Seep,Phee,Phee,false,1
Qwen/Qwen2.5-Omni-7B,212002,remove_4000-6000,Seep,Phee,Phee,false,1
Qwen/Qwen2.5-Omni-7B,212002,remove_6000-8000,Seep,Phee,Phee,false,1
Qwen/Qwen2.5-Omni-7B,212103,lp_0-1000,Seep,Phee,Phee,false,1
Qwen/Qwen2.5-Omni-7B,212103,lp_0-2000,Seep,Phee,Phee,false,1
Qwen/Qwen2.5-Omni-7B,212103,lp_0-4000,Seep,Phee,Phee,false,1
Qwen/Qwen2.5-Omni-7B,212103,lp_0-6000,Seep,Phee,Phee,false,1
Qwen/Qwen2.5-Omni-7B,212103,lp_0-8000,Seep,Phee,Phee,false,1
Qwen/Qwen2.5-Omni-7B,212103,remove_0-1000,Seep,Phee,Phee,false,1
Qwen/Qwen2.5-Omni-7B,212103,remove_1000-2000,Seep,Phee,Phee,false,1
Qwen/Qwen2.5-Omni-7B,212103,remove_2000-4000,Seep,Phee,Phee,false,1
Qwen/Qwen2.5-Omni-7B,212103,remove_4000-6000,Seep,Phee,Phee,false,1
Qwen/Qwen2.5-Omni-7B,212103,remove_6000-8000,Seep,Phee,Phee,false,1
Qwen/Qwen2.5-Omni-7B,212106,lp_0-1000,Seep,Seep,Seep,true,1
Qwen/Qwen2.5-Omni-7B,212106,lp_0-2000,Seep,Seep,Seep,true,1
Qwen/Qwen2.5-Omni-7B,212106,lp_0-4000,Seep,Seep,Seep,true,1
Qwen/Qwen2.5-Omni-7B,212106,lp_0-6000,Seep,Seep,Seep,true,1
Qwen/Qwen2.5-Omni-7B,212106,lp_0-8000,Seep,Seep,Seep,true,1
Qwen/Qwen2.5-Omni-7B,212106,remove_0-1000,Seep,Phee,Phee,false,1
Qwen/Qwen2.5-Omni-7B,212106,remove_1000-2000,Seep,Seep,Seep,true,1
Qwen/Qwen2.5-Omni-7B,212106,remove_2000-4000,Seep,Phee,Phee,false,1
Qwen/Qwen2.5-Omni-7B,212106,remove_4000-6000,Seep,Phee,Phee,false,1
Qwen/Qwen2.5-Omni-7B,212106,remove_6000-8000,Seep,Phee,Phee,false,1
Qwen/Qwen2.5-Omni-7B,212109,lp_0-1000,Seep,Seep,Seep,true,1
Qwen/Qwen2.5-Omni-7B,212109,lp_0-2000,Seep,Seep,Seep,true,1
Qwen/Qwen2.5-Omni-7B,212109,lp_0-4000,Seep,Phee,Phee,false,1
Qwen/Qwen2.5-Omni-7B,212109,lp_0-6000,Seep,Seep,Seep,true,1
Qwen/Qwen2.5-Omni-7B,212109,lp_0-8000,Seep,Seep,Seep,true,1
Qwen/Qwen2.5-Omni-7B,212109,remove_0-1000,Seep,Tsik,Tsik,false,1
Qwen/Qwen2.5-Omni-7B,212109,remove_1000-2000,Seep,Tsik,Tsik,false,1
Qwen/Qwen2.5-Omni-7B,212109,remove_2000-4000,Seep,Tsik,Tsik,false,1
Qwen/Qwen2.5-Omni-7B,212109,remove_4000-6000,Seep,Tsik,Tsik,false,1
Qwen/Qwen2.5-Omni-7B,212109,remove_6000-8000,Seep,Tsik,Tsik,false,1
Qwen/Qwen2.5-Omni-7B,212110,lp_0-1000,Seep,Phee,Phee,false,1
Qwen/Qwen2.5-Omni-7B,212110,lp_0-2000,Seep,Phee,Phee,false,1
Qwen/Qwen2.5-Omni-7B,212110,lp_0-4000,Seep,Phee,Phee,false,1
Qwen/Qwen2.5-Omni-7B,212110,lp_0-6000,Seep,Phee,Phee,false,1
Qwen/Qwen2.5-Omni-7B,212110,lp_0-8000,Seep,Tsik,Tsik,false,1
Qwen/Qwen2.5-Omni-7B,212110,remove_0-1000,Seep,Phee,Phee,false,1
Qwen/Qwen2.5-Omni-7B,212110,remove_1000-2000,Seep,Tsik,Tsik,false,1
Qwen/Qwen2.5-Omni-7B,212110,remove_2000-4000,Seep,Phee,Phee,false,1
Qwen/Qwen2.5-Omni-7B,212110,remove_4000-6000,Seep,Phee,Phee,false,1
Qwen/Qwen2.5-Omni-7B,212110,remove_6000-8000,Seep,Tsik,Tsik,false,1
Qwen/Qwen2.5-Omni-7B,212113,lp_0-1000,Seep,Seep,Seep,true,1
Qwen/Qwen2.5-Omni-7B,212113,lp_0-2000,Seep,Phee,Phee,false,1
Qwen/Qwen2.5-Omni-7B,212113,lp_0-4000,Seep,Phee,Phee,false,1
Qwen/Qwen2.5-Omni-7B,212113,lp_0-6000,Seep,Seep,Seep,true,1
Qwen/Qwen2.5-Omni-7B,212113,lp_0-8000,Seep,Seep,Seep,true,1
Qwen/Qwen2.5-Omni-7B,212113,remove_0-1000,Seep,Phee,Phee,false,1
Qwen/Qwen2.5-Omni-7B,212113,remove_1000-2000,Seep,Seep,Seep,true,1
Qwen/Qwen2.5-Omni-7B,212113,remove_2000-4000,Seep,Phee,Phee,false,1
Qwen/Qwen2.5-Omni-7B,212113,remove_4000-6000,Seep,Phee,Phee,false,1
Qwen/Qwen2.5-Omni-7B,212113,remove_6000-8000,Seep,Seep,Seep,true,1
Qwen/Qwen2.5-Omni-7B,212116,lp_0-1000,Seep,Phee,Phee,false,1
Qwen/Qwen2.5-Omni-7B,212116,lp_0-2000,Seep,Seep,Seep,true,1
Qwen/Qwen2.5-Omni-7B,212116,lp_0-4000,Seep,Phee,Phee,false,1
Qwen/Qwen2.5-Omni-7B,212116,lp_0-6000,Seep,Phee,Phee,false,1
Qwen/Qwen2.5-Omni-7B,212116,lp_0-8000,Seep,Tsik,Tsik,false,1
Qwen/Qwen2.5-Omni-7B,212116,remove_0-1000,Seep,Phee,Phee,false,1
Qwen/Qwen2.5-Omni-7B,212116,remove_1000-2000,Seep,Tsik,Tsik,false,1
Qwen/Qwen2.5-Omni-7B,212116,remove_2000-4000,Seep,Seep,Seep,true,1
Qwen/Qwen2.5-Omni-7B,212116,remove_4000-6000,Seep,Tsik,Tsik,false,1
Qwen/Qwen2.5-Omni-7B,212116,remove_6000-8000,Seep,Phee,Phee,false,1
Qwen/Qwen2.5-Omni-7B,212120,lp_0-1000,Seep,Phee,Phee,false,1
Qwen/Qwen2.5-Omni-7B,212120,lp_0-2000,Seep,Phee,Phee,false,1
Qwen/Qwen2.5-Omni-7B,212120,lp_0-4000,Seep,Phee,Phee,false,1
Qwen/Qwen2.5-Omni-7B,212120,lp_0-6000,Seep,Phee,Phee,false,1
Qwen/Qwen2.5-Omni-7B,212120,lp_0-8000,Seep,Tsik,Tsik,false,1
Qwen/Qwen2.5-Omni-7B,212120,remove_0-1000,Seep,Tsik,Tsik,false,1
Qwen/Qwen2.5-Omni-7B,212120,remove_1000-2000,Seep,Tsik,Tsik,false,1
Qwen/Qwen2.5-Omni-7B,212120,remove_2000-4000,Seep,Tsik,Tsik,false,1
Qwen/Qwen2.5-Omni-7B,212120,remove_4000-6000,Seep,Tsik,Tsik,false,1
Qwen/Qwen2.5-Omni-7B,212120,remove_6000-8000,Seep,Tsik,Tsik,false,1
Qwen/Qwen2.5-Omni-7B,212126,lp_0-1000,Seep,Seep,Seep,true,1
Qwen/Qwen2.5-Omni-7B,212126,lp_0-2000,Seep,Seep,Seep,true,1
Qwen/Qwen2.5-Omni-7B,212126,lp_0-4000,Seep,Phee,Phee,false,1
Qwen/Qwen2.5-Omni-7B,212126,lp_0-6000,Seep,Seep,Seep,true,1
Qwen/Qwen2.5-Omni-7B,212126,lp_0-8000,Seep,Tsik,Tsik,false,1
Qwen/Qwen2.5-Omni-7B,212126,remove_0-1000,Seep,Tsik,Tsik,false,1
Qwen/Qwen2.5-Omni-7B,212126,remove_1000-2000,Seep,Seep,Seep,true,1
Qwen/Qwen2.5-Omni-7B,212126,remove_2000-4000,Seep,Seep,Seep,true,1
Qwen/Qwen2.5-Omni-7B,212126,remove_4000-6000,Seep,Seep,Seep,true,1
Qwen/Qwen2.5-Omni-7B,212126,remove_6000-8000,Seep,Seep,Seep,true,1
Qwen/Qwen2.5-Omni-7B,212127,lp_0-1000,Seep,Seep,Seep,true,1
Qwen/Qwen2.5-Omni-7B,212127,lp_0-2000,Seep,Seep,Seep,true,1
Qwen/Qwen2.5-Omni-7B,212127,lp_0-4000,Seep,Phee,Phee,false,1
Qwen/Qwen2.5-Omni-7B,212127,lp_0-6000,Seep,Phee,Phee,false,1
Qwen/Qwen2.5-Omni-7B,212127,lp_0-8000,Seep,Phee,Phee,false,1
Qwen/Qwen2.5-Omni-7B,212127,remove_0-1000,Seep,Phee,Phee,false,1
Qwen/Qwen2.5-Omni-7B,212127,remove_1000-2000,Seep,Phee,Phee,false,1
Qwen/Qwen2.5-Omni-7B,212127,remove_2000-4000,Seep,Phee,Phee,false,1
Qwen/Qwen2.5-Omni-7B,212127,remove_4000-6000,Seep,Phee,Phee,false,1
Qwen/Qwen2.5-Omni-7B,212127,remove_6000-8000,Seep,Phee,Phee,false,1
Qwen/Qwen2.5-Omni-7B,212130,lp_0-1000,Seep,Seep,Seep,true,1
Qwen/Qwen2.5-Omni-7B,212130,lp_0-2000,Seep,Seep,Seep,true,1
Qwen/Qwen2.5-Omni-7B,212130,lp_0-4000,Seep,Phee,Phee,false,1
Qwen/Qwen2.5-Omni-7B,212130,lp_0-6000,Seep,Phee,Phee,false,1
Qwen/Qwen2.5-Omni-7B,212130,lp_0-8000,Seep,Phee,Phee,false,1
Qwen/Qwen2.5-Omni-7B,212130,remove_0-1000,Seep,Tsik,Tsik,false,1
Qwen/Qwen2.5-Omni-7B,212130,remove_1000-2000,Seep,Phee,Phee,false,1
Qwen/Qwen2.5-Omni-7B,212130,remove_2000-4000,Seep,Phee,Phee,false,1
Qwen/Qwen2.5-Omni-7B,212130,remove_4000-6000,Seep,Phee,Phee,false,1
Qwen/Qwen2.5-Omni-7B,212130,remove_6000-8000,Seep,Tsik,Tsik,false,1
Qwen/Qwen2.5-Omni-7B,223298,lp_0-1000,Seep,Phee,Phee,false,1
Qwen/Qwen2.5-Omni-7B,223298,lp_0-2000,Seep,Phee,Phee,false,1
Qwen/Qwen2.5-Omni-7B,223298,lp_0-4000,Seep,Phee,Phee,false,1
Qwen/Qwen2.5-Omni-7B,223298,lp_0-6000,Seep,Phee,Phee,false,1
Qwen/Qwen2.5-Omni-7B,223298,lp_0-8000,Seep,Phee,Phee,false,1
Qwen/Qwen2.5-Omni-7B,223298,remove_0-1000,Seep,Phee,Phee,false,1
Qwen/Qwen2.5-Omni-7B,223298,remove_1000-2000,Seep,Phee,Phee,false,1
Qwen/Qwen2.5-Omni-7B,223298,remove_2000-4000,Seep,Phee,Phee,false,1
Qwen/Qwen2.5-Omni-7B,223298,remove_4000-6000,Seep,Phee,Phee,false,1
Qwen/Qwen2.5-Omni-7B,223298,remove_6000-8000,Seep,Phee,Phee,false,1
Qwen/Qwen2.5-Omni-7B,228489,lp_0-1000,Seep,Phee,Phee,false,1
Qwen/Qwen2.5-Omni-7B,228489,lp_0-2000,Seep,Phee,Phee,false,1
Qwen/Qwen2.5-Omni-7B,228489,lp_0-4000,Seep,Phee,Phee,false,1
Qwen/Qwen2.5-Omni-7B,228489,lp_0-6000,Seep,Phee,Phee,false,1
Qwen/Qwen2.5-Omni-7B,228489,lp_0-8000,Seep,Phee,Phee,false,1
Qwen/Qwen2.5-Omni-7B,228489,remove_0-1000,Seep,Phee,Phee,false,1
Qwen/Qwen2.5-Omni-7B,228489,remove_1000-2000,Seep,Phee,Phee,false,1
Qwen/Qwen2.5-Omni-7B,228489,remove_2000-4000,Seep,Phee,Phee,false,1
Qwen/Qwen2.5-Omni-7B,228489,remove_4000-6000,Seep,Phee,Phee,false,1
Qwen/Qwen2.5-Omni-7B,228489,remove_6000-8000,Seep,Phee,Phee,false,1
Qwen/Qwen2.5-Omni-7B,235891,lp_0-1000,Seep,Seep,Seep,true,1
Qwen/Qwen2.5-Omni-7B,235891,lp_0-2000,Seep,Phee,Phee,false,1
Qwen/Qwen2.5-Omni-7B,235891,lp_0-4000,Seep,Phee,Phee,false,1
Qwen/Qwen2.5-Omni-7B,235891,lp_0-6000,Seep,Phee,Phee,false,1
Qwen/Qwen2.5-Omni-7B,235891,lp_0-8000,Seep,Seep,Seep,true,1
Qwen/Qwen2.5-Omni-7B,235891,remove_0-1000,Seep,Tsik,Tsik,false,1
Qwen/Qwen2.5-Omni-7B,235891,remove_1000-2000,Seep,Tsik,Tsik,false,1
Qwen/Qwen2.5-Omni-7B,235891,remove_2000-4000,Seep,Seep,Seep,true,1
Qwen/Qwen2.5-Omni-7B,235891,remove_4000-6000,Seep,Seep,Seep,true,1
Qwen/Qwen2.5-Omni-7B,235891,remove_6000-8000,Seep,Tsik,Tsik,false,1
Qwen/Qwen2.5-Omni-7B,237025,lp_0-1000,Seep,Phee,Phee,false,1
Qwen/Qwen2.5-Omni-7B,237025,lp_0-2000,Seep,Phee,Phee,false,1
Qwen/Qwen2.5-Omni-7B,237025,lp_0-4000,Seep,Phee,Phee,false,1
Qwen/Qwen2.5-Omni-7B,237025,lp_0-6000,Seep,Phee,Phee,false,1
Qwen/Qwen2.5-Omni-7B,237025,lp_0-8000,Seep,Phee,Phee,false,1
Qwen/Qwen2.5-Omni-7B,237025,remove_0-1000,Seep,Phee,Phee,false,1
Qwen/Qwen2.5-Omni-7B,237025,remove_1000-2000,Seep,Phee,Phee,false,1
Qwen/Qwen2.5-Omni-7B,237025,remove_2000-4000,Seep,Phee,Phee,false,1
Qwen/Qwen2.5-Omni-7B,237025,remove_4000-6000,Seep,Phee,Phee,false,1
Qwen/Qwen2.5-Omni-7B,237025,remove_6000-8000,Seep,Phee,Phee,false,1
Qwen/Qwen2.5-Omni-7B,242947,lp_0-1000,Seep,Phee,Phee,false,1
Qwen/Qwen2.5-Omni-7B,242947,lp_0-2000,Seep,Seep,Seep,true,1
Qwen/Qwen2.5-Omni-7B,242947,lp_0-4000,Seep,Phee,Phee,false,1
Qwen/Qwen2.5-Omni-7B,242947,lp_0-6000,Seep,Phee,Phee,false,1
Qwen/Qwen2.5-Omni-7B,242947,lp_0-8000,Seep,Phee,Phee,false,1
Qwen/Qwen2.5-Omni-7B,242947,remove_0-1000,Seep,Phee,Phee,false,1
Qwen/Qwen2.5-Omni-7B,242947,remove_1000-2000,Seep,Phee,Phee,false,1
Qwen/Qwen2.5-Omni-7B,242947,remove_2000-4000,Seep,Phee,Phee,false,1
Qwen/Qwen2.5-Omni-7B,242947,remove_4000-6000,Seep,Phee,Phee,false,1
Qwen/Qwen2.5-Omni-7B,242947,remove_6000-8000,Seep,Phee,Phee,false,1
Qwen/Qwen2.5-Omni-7B,277849,lp_0-1000,Seep,Phee,Phee,false,1
Qwen/Qwen2.5-Omni-7B,277849,lp_0-2000,Seep,Phee,Phee,false,1
Qwen/Qwen2.5-Omni-7B,277849,lp_0-4000,Seep,Phee,Phee,false,1
Qwen/Qwen2.5-Omni-7B,277849,lp_0-6000,Seep,Phee,Phee,false,1
Qwen/Qwen2.5-Omni-7B,277849,lp_0-8000,Seep,Phee,Phee,false,1
Qwen/Qwen2.5-Omni-7B,277849,remove_0-1000,Seep,Phee,Phee,false,1
Qwen/Qwen2.5-Omni-7B,277849,remove_1000-2000,Seep,Seep,Seep,true,1
Qwen/Qwen2.5-Omni-7B,277849,remove_2000-4000,Seep,Phee,Phee,false,1
Qwen/Qwen2.5-Omni-7B,277849,remove_4000-6000,Seep,Phee,Phee,false,1
Qwen/Qwen2.5-Omni-7B,277849,remove_6000-8000,Seep,Phee,Phee,false,1
Qwen/Qwen2.5-Omni-7B,285498,lp_0-1000,Seep,Phee,Phee,false,1
Qwen/Qwen2.5-Omni-7B,285498,lp_0-2000,Seep,Phee,Phee,false,1
Qwen/Qwen2.5-Omni-7B,285498,lp_0-4000,Seep,Phee,Phee,false,1
Qwen/Qwen2.5-Omni-7B,285498,lp_0-6000,Seep,Phee,Phee,false,1
Qwen/Qwen2.5-Omni-7B,285498,lp_0-8000,Seep,Phee,Phee,false,1
Qwen/Qwen2.5-Omni-7B,285498,remove_0-1000,Seep,Phee,Phee,false,1
Qwen/Qwen2.5-Omni-7B,285498,remove_1000-2000,Seep,Phee,Phee,false,1
Qwen/Qwen2.5-Omni-7B,285498,remove_2000-4000,Seep,Phee,Phee,false,1
Qwen/Qwen2.5-Omni-7B,285498,remove_4000-6000,Seep,Phee,Phee,false,1
Qwen/Qwen2.5-Omni-7B,285498,remove_6000-8000,Seep,Phee,Phee,false,1
Qwen/Qwen2.5-Omni-7B,294079,lp_0-1000,Seep,Phee,Phee,false,1
Qwen/Qwen2.5-Omni-7B,294079,lp_0-2000,Seep,Phee,Phee,false,1
Qwen/Qwen2.5-Omni-7B,294079,lp_0-4000,Seep,Phee,Phee,false,1
Qwen/Qwen2.5-Omni-7B,294079,lp_0-6000,Seep,Tsik,Tsik,false,1
Qwen/Qwen2.5-Omni-7B,294079,lp_0-8000,Seep,Tsik,Tsik,false,1
Qwen/Qwen2.5-Omni-7B,294079,remove_0-1000,Seep,Tsik,Tsik,false,1
Qwen/Qwen2.5-Omni-7B,294079,remove_1000-2000,Seep,Tsik,Tsik,false,1
Qwen/Qwen2.5-Omni-7B,294079,remove_2000-4000,Seep,Tsik,Tsik,false,1
Qwen/Qwen2.5-Omni-7B,294079,remove_4000-6000,Seep,Tsik,Tsik,false,1
Qwen/Qwen2.5-Omni-7B,294079,remove_6000-8000,Seep,Tsik,Tsik,false,1
Qwen/Qwen2.5-Omni-7B,297892,lp_0-1000,Seep,Seep,Seep,true,1
Qwen/Qwen2.5-Omni-7B,297892,lp_0-2000,Seep,Seep,Seep,true,1
Qwen/Qwen2.5-Omni-7B,297892,lp_0-4000,Seep,Phee,Phee,false,1
Qwen/Qwen2.5-Omni-7B,297892,lp_0-6000,Seep,Phee,Phee,false,1
Qwen/Qwen2.5-Omni-7B,297892,lp_0-8000,Seep,Seep,Seep,true,1
Qwen/Qwen2.5-Omni-7B,297892,remove_0-1000,Seep,Seep,Seep,true,1
Qwen/Qwen2.5-Omni-7B,297892,remove_1000-2000,Seep,Seep,Seep,true,1
Qwen/Qwen2.5-Omni-7B,297892,remove_2000-4000,Seep,Seep,Seep,true,1
Qwen/Qwen2.5-Omni-7B,297892,remove_4000-6000,Seep,Seep,Seep,true,1
Qwen/Qwen2.5-Omni-7B,297892,remove_6000-8000,Seep,Seep,Seep,true,1
Qwen/Qwen2.5-Omni-7B,303572,lp_0-1000,Seep,Seep,Seep,true,1
Qwen/Qwen2.5-Omni-7B,303572,lp_0-2000,Seep,Phee,Phee,false,1
Qwen/Qwen2.5-Omni-7B,303572,lp_0-4000,Seep,Seep,Seep,true,1
Qwen/Qwen2.5-Omni-7B,303572,lp_0-6000,Seep,Tsik,Tsik,false,1
Qwen/Qwen2.5-Omni-7B,303572,lp_0-8000,Seep,Tsik,Tsik,false,1
Qwen/Qwen2.5-Omni-7B,303572,remove_0-1000,Seep,Tsik,Tsik,false,1
Qwen/Qwen2.5-Omni-7B,303572,remove_1000-2000,Seep,Tsik,Tsik,false,1
Qwen/Qwen2.5-Omni-7B,303572,remove_2000-4000,Seep,Tsik,Tsik,false,1
Qwen/Qwen2.5-Omni-7B,303572,remove_4000-6000,Seep,Tsik,Tsik,false,1
Qwen/Qwen2.5-Omni-7B,303572,remove_6000-8000,Seep,Tsik,Tsik,false,1
Qwen/Qwen2.5-Omni-7B,31828,lp_0-1000,Seep,Phee,Phee,false,1
Qwen/Qwen2.5-Omni-7B,31828,lp_0-2000,Seep,Phee,Phee,false,1
Qwen/Qwen2.5-Omni-7B,31828,lp_0-4000,Seep,Phee,Phee,false,1
Qwen/Qwen2.5-Omni-7B,31828,lp_0-6000,Seep,Phee,Phee,false,1
Qwen/Qwen2.5-Omni-7B,31828,lp_0-8000,Seep,Phee,Phee,false,1
Qwen/Qwen2.5-Omni-7B,31828,remove_0-1000,Seep,Phee,Phee,false,1
Qwen/Qwen2.5-Omni-7B,31828,remove_1000-2000,Seep,Phee,Phee,false,1
Qwen/Qwen2.5-Omni-7B,31828,remove_2000-4000,Seep,Tsik,Tsik,false,1
Qwen/Qwen2.5-Omni-7B,31828,remove_4000-6000,Seep,Tsik,Tsik,false,1
Qwen/Qwen2.5-Omni-7B,31828,remove_6000-8000,Seep,Phee,Phee,false,1
Qwen/Qwen2.5-Omni-7B,411252,lp_0-1000,Seep,Seep,Seep,true,1
Qwen/Qwen2.5-Omni-7B,411252,lp_0-2000,Seep,Seep,Seep,true,1
Qwen/Qwen2.5-Omni-7B,411252,lp_0-4000,Seep,Seep,Seep,true,1
Qwen/Qwen2.5-Omni-7B,411252,lp_0-6000,Seep,Phee,Phee,false,1
Qwen/Qwen2.5-Omni-7B,411252,lp_0-8000,Seep,Seep,Seep,true,1
Qwen/Qwen2.5-Omni-7B,411252,remove_0-1000,Seep,Seep,Seep,true,1
Qwen/Qwen2.5-Omni-7B,411252,remove_1000-2000,Seep,Seep,Seep,true,1
Qwen/Qwen2.5-Omni-7B,411252,remove_2000-4000,Seep,Seep,Seep,true,1
Qwen/Qwen2.5-Omni-7B,411252,remove_4000-6000,Seep,Seep,Seep,true,1
Qwen/Qwen2.5-Omni-7B,411252,remove_6000-8000,Seep,Seep,Seep,true,1
Qwen/Qwen2.5-Omni-7B,414997,lp_0-1000,Seep,Phee,Phee,false,1
Qwen/Qwen2.5-Omni-7B,414997,lp_0-2000,Seep,Phee,Phee,false,1
Qwen/Qwen2.5-Omni-7B,414997,lp_0-4000,Seep,Phee,Phee,false,1
Qwen/Qwen2.5-Omni-7B,414997,lp_0-6000,Seep,Phee,Phee,false,1
Qwen/Qwen2.5-Omni-7B,414997,lp_0-8000,Seep,Phee,Phee,false,1
Qwen/Qwen2.5-Omni-7B,414997,remove_0-1000,Seep,Phee,Phee,false,1
Qwen/Qwen2.5-Omni-7B,414997,remove_1000-2000,Seep,Phee,Phee,false,1
Qwen/Qwen2.5-Omni-7B,414997,remove_2000-4000,Seep,Phee,Phee,false,1
Qwen/Qwen2.5-Omni-7B,414997,remove_4000-6000,Seep,Phee,Phee,false,1
Qwen/Qwen2.5-Omni-7B,414997,remove_6000-8000,Seep,Phee,Phee,false,1
Qwen/Qwen2.5-Omni-7B,422474,lp_0-1000,Seep,Phee,Phee,false,1
Qwen/Qwen2.5-Omni-7B,422474,lp_0-2000,Seep,Phee,Phee,false,1
Qwen/Qwen2.5-Omni-7B,422474,lp_0-4000,Seep,Phee,Phee,false,1
Qwen/Qwen2.5-Omni-7B,422474,lp_0-6000,Seep,Phee,Phee,false,1
Qwen/Qwen2.5-Omni-7B,422474,lp_0-8000,Seep,Tsik,Tsik,false,1
Qwen/Qwen2.5-Omni-7B,422474,remove_0-1000,Seep,Tsik,Tsik,false,1
Qwen/Qwen2.5-Omni-7B,422474,remove_1000-2000,Seep,Tsik,Tsik,false,1
Qwen/Qwen2.5-Omni-7B,422474,remove_2000-4000,Seep,Tsik,Tsik,false,1
Qwen/Qwen2.5-Omni-7B,422474,remove_4000-6000,Seep,Phee,Phee,false,1
Qwen/Qwen2.5-Omni-7B,422474,remove_6000-8000,Seep,Tsik,Tsik,false,1
Qwen/Qwen2.5-Omni-7B,422515,lp_0-1000,Seep,Phee,Phee,false,1
Qwen/Qwen2.5-Omni-7B,422515,lp_0-2000,Seep,Phee,Phee,false,1
Qwen/Qwen2.5-Omni-7B,422515,lp_0-4000,Seep,Phee,Phee,false,1
Qwen/Qwen2.5-Omni-7B,422515,lp_0-6000,Seep,Phee,Phee,false,1
Qwen/Qwen2.5-Omni-7B,422515,lp_0-8000,Seep,Phee,Phee,false,1
Qwen/Qwen2.5-Omni-7B,422515,remove_0-1000,Seep,Phee,Phee,false,1
Qwen/Qwen2.5-Omni-7B,422515,remove_1000-2000,Seep,Phee,Phee,false,1
Qwen/Qwen2.5-Omni-7B,422515,remove_2000-4000,Seep,Phee,Phee,false,1
Qwen/Qwen2.5-Omni-7B,422515,remove_4000-6000,Seep,Phee,Phee,false,1
Qwen/Qwen2.5-Omni-7B,422515,remove_6000-8000,Seep,Phee,Phee,false,1
Qwen/Qwen2.5-Omni-7B,46505,lp_0-1000,Seep,Phee,Phee,false,1
Qwen/Qwen2.5-Omni-7B,46505,lp_0-2000,Seep,Phee,Phee,false,1
Qwen/Qwen2.5-Omni-7B,46505,lp_0-4000,Seep,Phee,Phee,false,1
Qwen/Qwen2.5-Omni-7B,46505,lp_0-6000,Seep,Phee,Phee,false,1
Qwen/Qwen2.5-Omni-7B,46505,lp_0-8000,Seep,Tsik,Tsik,false,1
Qwen/Qwen2.5-Omni-7B,46505,remove_0-1000,Seep,Phee,Phee,false,1
Qwen/Qwen2.5-Omni-7B,46505,remove_1000-2000,Seep,Phee,Phee,false,1
Qwen/Qwen2.5-Omni-7B,46505,remove_2000-4000,Seep,Phee,Phee,false,1
Qwen/Qwen2.5-Omni-7B,46505,remove_4000-6000,Seep,Phee,Phee,false,1
Qwen/Qwen2.5-Omni-7B,46505,remove_6000-8000,Seep,Phee,Phee,false,1
Qwen/Qwen2.5-Omni-7B,495081,lp_0-1000,Seep,Phee,Phee,false,1
Qwen/Qwen2.5-Omni-7B,495081,lp_0-2000,Seep,Phee,Phee,false,1
Qwen/Qwen2.5-Omni-7B,495081,lp_0-4000,Seep,Phee,Phee,false,1
Qwen/Qwen2.5-Omni-7B,495081,lp_0-6000,Seep,Phee,Phee,false,1
Qwen/Qwen2.5-Omni-7B,495081,lp_0-8000,Seep,Phee,Phee,false,1
Qwen/Qwen2.5-Omni-7B,495081,remove_0-1000,Seep,Phee,Phee,false,1
Qwen/Qwen2.5-Omni-7B,495081,remove_1000-2000,Seep,Phee,Phee,false,1
Qwen/Qwen2.5-Omni-7B,495081,remove_2000-4000,Seep,Phee,Phee,false,1
Qwen/Qwen2.5-Omni-7B,495081,remove_4000-6000,Seep,Phee,Phee,false,1
Qwen/Qwen2.5-Omni-7B,495081,remove_6000-8000,Seep,Phee,Phee,false,1
Qwen/Qwen2.5-Omni-7B,508896,lp_0-1000,Seep,Phee,Phee,false,1
Qwen/Qwen2.5-Omni-7B,508896,lp_0-2000,Seep,Phee,Phee,false,1
Qwen/Qwen2.5-Omni-7B,508896,lp_0-4000,Seep,Phee,Phee,false,1
Qwen/Qwen2.5-Omni-7B,508896,lp_0-6000,Seep,Phee,Phee,false,1
Qwen/Qwen2.5-Omni-7B,508896,lp_0-8000,Seep,Seep,Seep,true,1
Qwen/Qwen2.5-Omni-7B,508896,remove_0-1000,Seep,Phee,Phee,false,1
Qwen/Qwen2.5-Omni-7B,508896,remove_1000-2000,Seep,Seep,Seep,true,1
Qwen/Qwen2.5-Omni-7B,508896,remove_2000-4000,Seep,Seep,Seep,true,1
Qwen/Qwen2.5-Omni-7B,508896,remove_4000-6000,Seep,Phee,Phee,false,1
Qwen/Qwen2.5-Omni-7B,508896,remove_6000-8000,Seep,Seep,Seep,true,1
Qwen/Qwen2.5-Omni-7B,509055,lp_0-1000,Seep,Phee,Phee,false,1
Qwen/Qwen2.5-Omni-7B,509055,lp_0-2000,Seep,Phee,Phee,false,1
Qwen/Qwen2.5-Omni-7B,509055,lp_0-4000,Seep,Phee,Phee,false,1
Qwen/Qwen2.5-Omni-7B,509055,lp_0-6000,Seep,Seep,Seep,true,1
Qwen/Qwen2.5-Omni-7B,509055,lp_0-8000,Seep,Seep,Seep,true,1
Qwen/Qwen2.5-Omni-7B,509055,remove_0-1000,Seep,Tsik,Tsik,false,1
Qwen/Qwen2.5-Omni-7B,509055,remove_1000-2000,Seep,Seep,Seep,true,1
Qwen/Qwen2.5-Omni-7B,509055,remove_2000-4000,Seep,Seep,Seep,true,1
Qwen/Qwen2.5-Omni-7B,509055,remove_4000-6000,Seep,Phee,Phee,false,1
Qwen/Qwen2.5-Omni-7B,509055,remove_6000-8000,Seep,Seep,Seep,true,1
Qwen/Qwen2.5-Omni-7B,509060,lp_0-1000,Seep,Seep,Seep,true,1
Qwen/Qwen2.5-Omni-7B,509060,lp_0-2000,Seep,Phee,Phee,false,1
Qwen/Qwen2.5-Omni-7B,509060,lp_0-4000,Seep,Seep,Seep,true,1
Qwen/Qwen2.5-Omni-7B,509060,lp_0-6000,Seep,Phee,Phee,false,1
Qwen/Qwen2.5-Omni-7B,509060,lp_0-8000,Seep,Phee,Phee,false,1
Qwen/Qwen2.5-Omni-7B,509060,remove_0-1000,Seep,Phee,Phee,false,1
Qwen/Qwen2.5-Omni-7B,509060,remove_1000-2000,Seep,Seep,Seep,true,1
Qwen/Qwen2.5-Omni-7B,509060,remove_2000-4000,Seep,Phee,Phee,false,1
Qwen/Qwen2.5-Omni-7B,509060,remove_4000-6000,Seep,Seep,Seep,true,1
Qwen/Qwen2.5-Omni-7B,509060,remove_6000-8000,Seep,Seep,Seep,true,1
Qwen/Qwen2.5-Omni-7B,509065,lp_0-1000,Seep,Phee,Phee,false,1
Qwen/Qwen2.5-Omni-7B,509065,lp_0-2000,Seep,Phee,Phee,false,1
Qwen/Qwen2.5-Omni-7B,509065,lp_0-4000,Seep,Phee,Phee,false,1
Qwen/Qwen2.5-Omni-7B,509065,lp_0-6000,Seep,Phee,Phee,false,1
Qwen/Qwen2.5-Omni-7B,509065,lp_0-8000,Seep,Phee,Phee,false,1
Qwen/Qwen2.5-Omni-7B,509065,remove_0-1000,Seep,Phee,Phee,false,1
Qwen/Qwen2.5-Omni-7B,509065,remove_1000-2000,Seep,Phee,Phee,false,1
Qwen/Qwen2.5-Omni-7B,509065,remove_2000-4000,Seep,Phee,Phee,false,1
Qwen/Qwen2.5-Omni-7B,509065,remove_4000-6000,Seep,Phee,Phee,false,1
Qwen/Qwen2.5-Omni-7B,509065,remove_6000-8000,Seep,Seep,Seep,true,1
Qwen/Qwen2.5-Omni-7B,523406,lp_0-1000,Seep,Seep,Seep,true,1
Qwen/Qwen2.5-Omni-7B,523406,lp_0-2000,Seep,Seep,Seep,true,1
Qwen/Qwen2.5-Omni-7B,523406,lp_0-4000,Seep,Phee,Phee,false,1
Qwen/Qwen2.5-Omni-7B,523406,lp_0-6000,Seep,Tsik,Tsik,false,1
Qwen/Qwen2.5-Omni-7B,523406,lp_0-8000,Seep,Tsik,Tsik,false,1
Qwen/Qwen2.5-Omni-7B,523406,remove_0-1000,Seep,Tsik,Tsik,false,1
Qwen/Qwen2.5-Omni-7B,523406,remove_1000-2000,Seep,Phee,Phee,false,1
Qwen/Qwen2.5-Omni-7B,523406,remove_2000-4000,Seep,Phee,Phee,false,1
Qwen/Qwen2.5-Omni-7B,523406,remove_4000-6000,Seep,Tsik,Tsik,false,1
Qwen/Qwen2.5-Omni-7B,523406,remove_6000-8000,Seep,Tsik,Tsik,false,1
Qwen/Qwen2.5-Omni-7B,527437,lp_0-1000,Seep,Phee,Phee,false,1
Qwen/Qwen2.5-Omni-7B,527437,lp_0-2000,Seep,Phee,Phee,false,1
Qwen/Qwen2.5-Omni-7B,527437,lp_0-4000,Seep,Phee,Phee,false,1
Qwen/Qwen2.5-Omni-7B,527437,lp_0-6000,Seep,Phee,Phee,false,1
Qwen/Qwen2.5-Omni-7B,527437,lp_0-8000,Seep,Phee,Phee,false,1
Qwen/Qwen2.5-Omni-7B,527437,remove_0-1000,Seep,Phee,Phee,false,1
Qwen/Qwen2.5-Omni-7B,527437,remove_1000-2000,Seep,Phee,Phee,false,1
Qwen/Qwen2.5-Omni-7B,527437,remove_2000-4000,Seep,Phee,Phee,false,1
Qwen/Qwen2.5-Omni-7B,527437,remove_4000-6000,Seep,Phee,Phee,false,1
Qwen/Qwen2.5-Omni-7B,527437,remove_6000-8000,Seep,Phee,Phee,false,1
Qwen/Qwen2.5-Omni-7B,533988,lp_0-1000,Seep,Seep,Seep,true,1
Qwen/Qwen2.5-Omni-7B,533988,lp_0-2000,Seep,Seep,Seep,true,1
Qwen/Qwen2.5-Omni-7B,533988,lp_0-4000,Seep,Seep,Seep,true,1
Qwen/Qwen2.5-Omni-7B,533988,lp_0-6000,Seep,Seep,Seep,true,1
Qwen/Qwen2.5-Omni-7B,533988,lp_0-8000,Seep,Seep,Seep,true,1
Qwen/Qwen2.5-Omni-7B,533988,remove_0-1000,Seep,Seep,Seep,true,1
Qwen/Qwen2.5-Omni-7B,533988,remove_1000-2000,Seep,Phee,Phee,false,1
Qwen/Qwen2.5-Omni-7B,533988,remove_2000-4000,Seep,Seep,Seep,true,1
Qwen/Qwen2.5-Omni-7B,533988,remove_4000-6000,Seep,Seep,Seep,true,1
Qwen/Qwen2.5-Omni-7B,533988,remove_6000-8000,Seep,Seep,Seep,true,1
Qwen/Qwen2.5-Omni-7B,539296,lp_0-1000,Seep,Phee,Phee,false,1
Qwen/Qwen2.5-Omni-7B,539296,lp_0-2000,Seep,Phee,Phee,false,1
Qwen/Qwen2.5-Omni-7B,539296,lp_0-4000,Seep,Phee,Phee,false,1
Qwen/Qwen2.5-Omni-7B,539296,lp_0-6000,Seep,Phee,Phee,false,1
Qwen/Qwen2.5-Omni-7B,539296,lp_0-8000,Seep,Seep,Seep,true,1
Qwen/Qwen2.5-Omni-7B,539296,remove_0-1000,Seep,Tsik,Tsik,false,1
Qwen/Qwen2.5-Omni-7B,539296,remove_1000-2000,Seep,Phee,Phee,false,1
Qwen/Qwen2.5-Omni-7B,539296,remove_2000-4000,Seep,Phee,Phee,false,1
Qwen/Qwen2.5-Omni-7B,539296,remove_4000-6000,Seep,Tsik,Tsik,false,1
Qwen/Qwen2.5-Omni-7B,539296,remove_6000-8000,Seep,Seep,Seep,true,1
Qwen/Qwen2.5-Omni-7B,541326,lp_0-1000,Seep,Phee,Phee,false,1
Qwen/Qwen2.5-Omni-7B,541326,lp_0-2000,Seep,Phee,Phee,false,1
Qwen/Qwen2.5-Omni-7B,541326,lp_0-4000,Seep,Phee,Phee,false,1
Qwen/Qwen2.5-Omni-7B,541326,lp_0-6000,Seep,Phee,Phee,false,1
Qwen/Qwen2.5-Omni-7B,541326,lp_0-8000,Seep,Phee,Phee,false,1
Qwen/Qwen2.5-Omni-7B,541326,remove_0-1000,Seep,Tsik,Tsik,false,1
Qwen/Qwen2.5-Omni-7B,541326,remove_1000-2000,Seep,Tsik,Tsik,false,1
Qwen/Qwen2.5-Omni-7B,541326,remove_2000-4000,Seep,Phee,Phee,false,1
Qwen/Qwen2.5-Omni-7B,541326,remove_4000-6000,Seep,Phee,Phee,false,1
Qwen/Qwen2.5-Omni-7B,541326,remove_6000-8000,Seep,Phee,Phee,false,1
Qwen/Qwen2.5-Omni-7B,556028,lp_0-1000,Seep,Phee,Phee,false,1
Qwen/Qwen2.5-Omni-7B,556028,lp_0-2000,Seep,Phee,Phee,false,1
Qwen/Qwen2.5-Omni-7B,556028,lp_0-4000,Seep,Phee,Phee,false,1
Qwen/Qwen2.5-Omni-7B,556028,lp_0-6000,Seep,Phee,Phee,false,1
Qwen/Qwen2.5-Omni-7B,556028,lp_0-8000,Seep,Phee,Phee,false,1
Qwen/Qwen2.5-Omni-7B,556028,remove_0-1000,Seep,Phee,Phee,false,1
Qwen/Qwen2.5-Omni-7B,556028,remove_1000-2000,Seep,Phee,Phee,false,1
Qwen/Qwen2.5-Omni-7B,556028,remove_2000-4000,Seep,Phee,Phee,false,1
Qwen/Qwen2.5-Omni-7B,556028,remove_4000-6000,Seep,Seep,Seep,true,1
Qwen/Qwen2.5-Omni-7B,556028,remove_6000-8000,Seep,Phee,Phee,false,1
Qwen/Qwen2.5-Omni-7B,571992,lp_0-1000,Seep,Phee,Phee,false,1
Qwen/Qwen2.5-Omni-7B,571992,lp_0-2000,Seep,Phee,Phee,false,1
Qwen/Qwen2.5-Omni-7B,571992,lp_0-4000,Seep,Phee,Phee,false,1
Qwen/Qwen2.5-Omni-7B,571992,lp_0-6000,Seep,Phee,Phee,false,1
Qwen/Qwen2.5-Omni-7B,571992,lp_0-8000,Seep,Phee,Phee,false,1
Qwen/Qwen2.5-Omni-7B,571992,remove_0-1000,Seep,Phee,Phee,false,1
Qwen/Qwen2.5-Omni-7B,571992,remove_1000-2000,Seep,Phee,Phee,false,1
Qwen/Qwen2.5-Omni-7B,571992,remove_2000-4000,Seep,Phee,Phee,false,1
Qwen/Qwen2.5-Omni-7B,571992,remove_4000-6000,Seep,Phee,Phee,false,1
Qwen/Qwen2.5-Omni-7B,571992,remove_6000-8000,Seep,Phee,Phee,false,1
Qwen/Qwen2.5-Omni-7B,582662,lp_0-1000,Seep,Phee,Phee,false,1
Qwen/Qwen2.5-Omni-7B,582662,lp_0-2000,Seep,Phee,Phee,false,1
Qwen/Qwen2.5-Omni-7B,582662,lp_0-4000,Seep,Phee,Phee,false,1
Qwen/Qwen2.5-Omni-7B,582662,lp_0-6000,Seep,Phee,Phee,false,1
Qwen/Qwen2.5-Omni-7B,582662,lp_0-8000,Seep,Seep,Seep,true,1
Qwen/Qwen2.5-Omni-7B,582662,remove_0-1000,Seep,Tsik,Tsik,false,1
Qwen/Qwen2.5-Omni-7B,582662,remove_1000-2000,Seep,Seep,Seep,true,1
Qwen/Qwen2.5-Omni-7B,582662,remove_2000-4000,Seep,Seep,Seep,true,1
Qwen/Qwen2.5-Omni-7B,582662,remove_4000-6000,Seep,Seep,Seep,true,1
Qwen/Qwen2.5-Omni-7B,582662,remove_6000-8000,Seep,Seep,Seep,true,1
Qwen/Qwen2.5-Omni-7B,583884,lp_0-1000,Seep,Phee,Phee,false,1
Qwen/Qwen2.5-Omni-7B,583884,lp_0-2000,Seep,Phee,Phee,false,1
Qwen/Qwen2.5-Omni-7B,583884,lp_0-4000,Seep,Phee,Phee,false,1
Qwen/Qwen2.5-Omni-7B,583884,lp_0-6000,Seep,Phee,Phee,false,1
Qwen/Qwen2.5-Omni-7B,583884,lp_0-8000,Seep,Phee,Phee,false,1
Qwen/Qwen2.5-Omni-7B,583884,remove_0-1000,Seep,Phee,Phee,false,1
Qwen/Qwen2.5-Omni-7B,583884,remove_1000-2000,Seep,Phee,Phee,false,1
Qwen/Qwen2.5-Omni-7B,583884,remove_2000-4000,Seep,Phee,Phee,false,1
Qwen/Qwen2.5-Omni-7B,583884,remove_4000-6000,Seep,Phee,Phee,false,1
Qwen/Qwen2.5-Omni-7B,583884,remove_6000-8000,Seep,Phee,Phee,false,1
Qwen/Qwen2.5-Omni-7B,584362,lp_0-1000,Seep,Phee,Phee,false,1
Qwen/Qwen2.5-Omni-7B,584362,lp_0-2000,Seep,Phee,Phee,false,1
Qwen/Qwen2.5-Omni-7B,584362,lp_0-4000,Seep,Phee,Phee,false,1
Qwen/Qwen2.5-Omni-7B,584362,lp_0-6000,Seep,Phee,Phee,false,1
Qwen/Qwen2.5-Omni-7B,584362,lp_0-8000,Seep,Phee,Phee,false,1
Qwen/Qwen2.5-Omni-7B,584362,remove_0-1000,Seep,Phee,Phee,false,1
Qwen/Qwen2.5-Omni-7B,584362,remove_1000-2000,Seep,Phee,Phee,false,1
Qwen/Qwen2.5-Omni-7B,584362,remove_2000-4000,Seep,Phee,Phee,false,1
Qwen/Qwen2.5-Omni-7B,584362,remove_4000-6000,Seep,Phee,Phee,false,1
Qwen/Qwen2.5-Omni-7B,584362,remove_6000-8000,Seep,Phee,Phee,false,1
Qwen/Qwen2.5-Omni-7B,586064,lp_0-1000,Seep,Phee,Phee,false,1
Qwen/Qwen2.5-Omni-7B,586064,lp_0-2000,Seep,Seep,Seep,true,1
Qwen/Qwen2.5-Omni-7B,586064,lp_0-4000,Seep,Phee,Phee,false,1
Qwen/Qwen2.5-Omni-7B,586064,lp_0-6000,Seep,Phee,Phee,false,1
Qwen/Qwen2.5-Omni-7B,586064,lp_0-8000,Seep,Phee,Phee,false,1
Qwen/Qwen2.5-Omni-7B,586064,remove_0-1000,Seep,Phee,Phee,false,1
Qwen/Qwen2.5-Omni-7B,586064,remove_1000-2000,Seep,Phee,Phee,false,1
Qwen/Qwen2.5-Omni-7B,586064,remove_2000-4000,Seep,Phee,Phee,false,1
Qwen/Qwen2.5-Omni-7B,586064,remove_4000-6000,Seep,Phee,Phee,false,1
Qwen/Qwen2.5-Omni-7B,586064,remove_6000-8000,Seep,Seep,Seep,true,1
Qwen/Qwen2.5-Omni-7B,617822,lp_0-1000,Seep,Phee,Phee,false,1
Qwen/Qwen2.5-Omni-7B,617822,lp_0-2000,Seep,Phee,Phee,false,1
Qwen/Qwen2.5-Omni-7B,617822,lp_0-4000,Seep,Phee,Phee,false,1
Qwen/Qwen2.5-Omni-7B,617822,lp_0-6000,Seep,Phee,Phee,false,1
Qwen/Qwen2.5-Omni-7B,617822,lp_0-8000,Seep,Tsik,Tsik,false,1
Qwen/Qwen2.5-Omni-7B,617822,remove_0-1000,Seep,Tsik,Tsik,false,1
Qwen/Qwen2.5-Omni-7B,617822,remove_1000-2000,Seep,Tsik,Tsik,false,1
Qwen/Qwen2.5-Omni-7B,617822,remove_2000-4000,Seep,Tsik,Tsik,false,1
Qwen/Qwen2.5-Omni-7B,617822,remove_4000-6000,Seep,Tsik,Tsik,false,1
Qwen/Qwen2.5-Omni-7B,617822,remove_6000-8000,Seep,Phee,Phee,false,1
Qwen/Qwen2.5-Omni-7B,619623,lp_0-1000,Seep,Phee,Phee,false,1
Qwen/Qwen2.5-Omni-7B,619623,lp_0-2000,Seep,Phee,Phee,false,1
Qwen/Qwen2.5-Omni-7B,619623,lp_0-4000,Seep,Phee,Phee,false,1
Qwen/Qwen2.5-Omni-7B,619623,lp_0-6000,Seep,Phee,Phee,false,1
Qwen/Qwen2.5-Omni-7B,619623,lp_0-8000,Seep,Phee,Phee,false,1
Qwen/Qwen2.5-Omni-7B,619623,remove_0-1000,Seep,Phee,Phee,false,1
Qwen/Qwen2.5-Omni-7B,619623,remove_1000-2000,Seep,Phee,Phee,false,1
Qwen/Qwen2.5-Omni-7B,619623,remove_2000-4000,Seep,Phee,Phee,false,1
Qwen/Qwen2.5-Omni-7B,619623,remove_4000-6000,Seep,Phee,Phee,false,1
Qwen/Qwen2.5-Omni-7B,619623,remove_6000-8000,Seep,Phee,Phee,false,1
Qwen/Qwen2.5-Omni-7B,622417,lp_0-1000,Seep,Seep,Seep,true,1
Qwen/Qwen2.5-Omni-7B,622417,lp_0-2000,Seep,Phee,Phee,false,1
Qwen/Qwen2.5-Omni-7B,622417,lp_0-4000,Seep,Phee,Phee,false,1
Qwen/Qwen2.5-Omni-7B,622417,lp_0-6000,Seep,Phee,Phee,false,1
Qwen/Qwen2.5-Omni-7B,622417,lp_0-8000,Seep,Phee,Phee,false,1
Qwen/Qwen2.5-Omni-7B,622417,remove_0-1000,Seep,Phee,Phee,false,1
Qwen/Qwen2.5-Omni-7B,622417,remove_1000-2000,Seep,Phee,Phee,false,1
Qwen/Qwen2.5-Omni-7B,622417,remove_2000-4000,Seep,Phee,Phee,false,1
Qwen/Qwen2.5-Omni-7B,622417,remove_4000-6000,Seep,Phee,Phee,false,1
Qwen/Qwen2.5-Omni-7B,622417,remove_6000-8000,Seep,Phee,Phee,false,1
Qwen/Qwen2.5-Omni-7B,623382,lp_0-1000,Seep,Phee,Phee,false,1
Qwen/Qwen2.5-Omni-7B,623382,lp_0-2000,Seep,Phee,Phee,false,1
Qwen/Qwen2.5-Omni-7B,623382,lp_0-4000,Seep,Phee,Phee,false,1
Qwen/Qwen2.5-Omni-7B,623382,lp_0-6000,Seep,Phee,Phee,false,1
Qwen/Qwen2.5-Omni-7B,623382,lp_0-8000,Seep,Phee,Phee,false,1
Qwen/Qwen2.5-Omni-7B,623382,remove_0-1000,Seep,Phee,Phee,false,1
Qwen/Qwen2.5-Omni-7B,623382,remove_1000-2000,Seep,Phee,Phee,false,1
Qwen/Qwen2.5-Omni-7B,623382,remove_2000-4000,Seep,Phee,Phee,false,1
Qwen/Qwen2.5-Omni-7B,623382,remove_4000-6000,Seep,Phee,Phee,false,1
Qwen/Qwen2.5-Omni-7B,623382,remove_6000-8000,Seep,Phee,Phee,false,1
Qwen/Qwen2.5-Omni-7B,623621,lp_0-1000,Seep,Phee,Phee,false,1
Qwen/Qwen2.5-Omni-7B,623621,lp_0-2000,Seep,Phee,Phee,false,1
Qwen/Qwen2.5-Omni-7B,623621,lp_0-4000,Seep,Phee,Phee,false,1
Qwen/Qwen2.5-Omni-7B,623621,lp_0-6000,Seep,Tsik,Tsik,false,1
Qwen/Qwen2.5-Omni-7B,623621,lp_0-8000,Seep,Tsik,Tsik,false,1
Qwen/Qwen2.5-Omni-7B,623621,remove_0-1000,Seep,Tsik,Tsik,false,1
Qwen/Qwen2.5-Omni-7B,623621,remove_1000-2000,Seep,Tsik,Tsik,false,1
Qwen/Qwen2.5-Omni-7B,623621,remove_2000-4000,Seep,Tsik,Tsik,false,1
Qwen/Qwen2.5-Omni-7B,623621,remove_4000-6000,Seep,Tsik,Tsik,false,1
Qwen/Qwen2.5-Omni-7B,623621,remove_6000-8000,Seep,Phee,Phee,false,1
Qwen/Qwen2.5-Omni-7B,623713,lp_0-1000,Seep,Phee,Phee,false,1
Qwen/Qwen2.5-Omni-7B,623713,lp_0-2000,Seep,Seep,Seep,true,1
Qwen/Qwen2.5-Omni-7B,623713,lp_0-4000,Seep,Phee,Phee,false,1
Qwen/Qwen2.5-Omni-7B,623713,lp_0-6000,Seep,Phee,Phee,false,1
Qwen/Qwen2.5-Omni-7B,623713,lp_0-8000,Seep,Seep,Seep,true,1
Qwen/Qwen2.5-Omni-7B,623713,remove_0-1000,Seep,Tsik,Tsik,false,1
Qwen/Qwen2.5-Omni-7B,623713,remove_1000-2000,Seep,Tsik,Tsik,false,1
Qwen/Qwen2.5-Omni-7B,623713,remove_2000-4000,Seep,Phee,Phee,false,1
Qwen/Qwen2.5-Omni-7B,623713,remove_4000-6000,Seep,Tsik,Tsik,false,1
Qwen/Qwen2.5-Omni-7B,623713,remove_6000-8000,Seep,Phee,Phee,false,1
Qwen/Qwen2.5-Omni-7B,631021,lp_0-1000,Seep,Phee,Phee,false,1
Qwen/Qwen2.5-Omni-7B,631021,lp_0-2000,Seep,Phee,Phee,false,1
Qwen/Qwen2.5-Omni-7B,631021,lp_0-4000,Seep,Phee,Phee,false,1
Qwen/Qwen2.5-Omni-7B,631021,lp_0-6000,Seep,Phee,Phee,false,1
Qwen/Qwen2.5-Omni-7B,631021,lp_0-8000,Seep,Phee,Phee,false,1
Qwen/Qwen2.5-Omni-7B,631021,remove_0-1000,Seep,Phee,Phee,false,1
Qwen/Qwen2.5-Omni-7B,631021,remove_1000-2000,Seep,Phee,Phee,false,1
Qwen/Qwen2.5-Omni-7B,631021,remove_2000-4000,Seep,Phee,Phee,false,1
Qwen/Qwen2.5-Omni-7B,631021,remove_4000-6000,Seep,Phee,Phee,false,1
Qwen/Qwen2.5-Omni-7B,631021,remove_6000-8000,Seep,Phee,Phee,false,1
Qwen/Qwen2.5-Omni-7B,637669,lp_0-1000,Seep,Phee,Phee,false,1
Qwen/Qwen2.5-Omni-7B,637669,lp_0-2000,Seep,Phee,Phee,false,1
Qwen/Qwen2.5-Omni-7B,637669,lp_0-4000,Seep,Phee,Phee,false,1
Qwen/Qwen2.5-Omni-7B,637669,lp_0-6000,Seep,Phee,Phee,false,1
Qwen/Qwen2.5-Omni-7B,637669,lp_0-8000,Seep,Tsik,Tsik,false,1
Qwen/Qwen2.5-Omni-7B,637669,remove_0-1000,Seep,Tsik,Tsik,false,1
Qwen/Qwen2.5-Omni-7B,637669,remove_1000-2000,Seep,Tsik,Tsik,false,1
Qwen/Qwen2.5-Omni-7B,637669,remove_2000-4000,Seep,Tsik,Tsik,false,1
Qwen/Qwen2.5-Omni-7B,637669,remove_4000-6000,Seep,Tsik,Tsik,false,1
Qwen/Qwen2.5-Omni-7B,637669,remove_6000-8000,Seep,Tsik,Tsik,false,1
Qwen/Qwen2.5-Omni-7B,652668,lp_0-1000,Seep,Phee,Phee,false,1
Qwen/Qwen2.5-Omni-7B,652668,lp_0-2000,Seep,Phee,Phee,false,1
Qwen/Qwen2.5-Omni-7B,652668,lp_0-4000,Seep,Phee,Phee,false,1
Qwen/Qwen2.5-Omni-7B,652668,lp_0-6000,Seep,Phee,Phee,false,1
Qwen/Qwen2.5-Omni-7B,652668,lp_0-8000,Seep,Phee,Phee,false,1
Qwen/Qwen2.5-Omni-7B,652668,remove_0-1000,Seep,Phee,Phee,false,1
Qwen/Qwen2.5-Omni-7B,652668,remove_1000-2000,Seep,Phee,Phee,false,1
Qwen/Qwen2.5-Omni-7B,652668,remove_2000-4000,Seep,Phee,Phee,false,1
Qwen/Qwen2.5-Omni-7B,652668,remove_4000-6000,Seep,Phee,Phee,false,1
Qwen/Qwen2.5-Omni-7B,652668,remove_6000-8000,Seep,Phee,Phee,false,1
Qwen/Qwen2.5-Omni-7B,655668,lp_0-1000,Seep,Phee,Phee,false,1
Qwen/Qwen2.5-Omni-7B,655668,lp_0-2000,Seep,Phee,Phee,false,1
Qwen/Qwen2.5-Omni-7B,655668,lp_0-4000,Seep,Phee,Phee,false,1
Qwen/Qwen2.5-Omni-7B,655668,lp_0-6000,Seep,Phee,Phee,false,1
Qwen/Qwen2.5-Omni-7B,655668,lp_0-8000,Seep,Phee,Phee,false,1
Qwen/Qwen2.5-Omni-7B,655668,remove_0-1000,Seep,Phee,Phee,false,1
Qwen/Qwen2.5-Omni-7B,655668,remove_1000-2000,Seep,Phee,Phee,false,1
Qwen/Qwen2.5-Omni-7B,655668,remove_2000-4000,Seep,Phee,Phee,false,1
Qwen/Qwen2.5-Omni-7B,655668,remove_4000-6000,Seep,Phee,Phee,false,1
Qwen/Qwen2.5-Omni-7B,655668,remove_6000-8000,Seep,Phee,Phee,false,1
Qwen/Qwen2.5-Omni-7B,655868,lp_0-1000,Seep,Phee,Phee,false,1
Qwen/Qwen2.5-Omni-7B,655868,lp_0-2000,Seep,Phee,Phee,false,1
Qwen/Qwen2.5-Omni-7B,655868,lp_0-4000,Seep,Phee,Phee,false,1
Qwen/Qwen2.5-Omni-7B,655868,lp_0-6000,Seep,Phee,Phee,false,1
Qwen/Qwen2.5-Omni-7B,655868,lp_0-8000,Seep,Seep,Seep,true,1
Qwen/Qwen2.5-Omni-7B,655868,remove_0-1000,Seep,Phee,Phee,false,1
Qwen/Qwen2.5-Omni-7B,655868,remove_1000-2000,Seep,Seep,Seep,true,1
Qwen/Qwen2.5-Omni-7B,655868,remove_2000-4000,Seep,Phee,Phee,false,1
Qwen/Qwen2.5-Omni-7B,655868,remove_4000-6000,Seep,Phee,Phee,false,1
Qwen/Qwen2.5-Omni-7B,655868,remove_6000-8000,Seep,Phee,Phee,false,1
Qwen/Qwen2.5-Omni-7B,667130,lp_0-1000,Seep,Phee,Phee,false,1
Qwen/Qwen2.5-Omni-7B,667130,lp_0-2000,Seep,Seep,Seep,true,1
Qwen/Qwen2.5-Omni-7B,667130,lp_0-4000,Seep,Phee,Phee,false,1
Qwen/Qwen2.5-Omni-7B,667130,lp_0-6000,Seep,Phee,Phee,false,1
Qwen/Qwen2.5-Omni-7B,667130,lp_0-8000,Seep,Phee,Phee,false,1
Qwen/Qwen2.5-Omni-7B,667130,remove_0-1000,Seep,Tsik,Tsik,false,1
Qwen/Qwen2.5-Omni-7B,667130,remove_1000-2000,Seep,Phee,Phee,false,1
Qwen/Qwen2.5-Omni-7B,667130,remove_2000-4000,Seep,Phee,Phee,false,1
Qwen/Qwen2.5-Omni-7B,667130,remove_4000-6000,Seep,Phee,Phee,false,1
Qwen/Qwen2.5-Omni-7B,667130,remove_6000-8000,Seep,Seep,Seep,true,1
Qwen/Qwen2.5-Omni-7B,669272,lp_0-1000,Seep,Phee,Phee,false,1
Qwen/Qwen2.5-Omni-7B,669272,lp_0-2000,Seep,Phee,Phee,false,1
Qwen/Qwen2.5-Omni-7B,669272,lp_0-4000,Seep,Phee,Phee,false,1
Qwen/Qwen2.5-Omni-7B,669272,lp_0-6000,Seep,Seep,Seep,true,1
Qwen/Qwen2.5-Omni-7B,669272,lp_0-8000,Seep,Seep,Seep,true,1
Qwen/Qwen2.5-Omni-7B,669272,remove_0-1000,Seep,Phee,Phee,false,1
Qwen/Qwen2.5-Omni-7B,669272,remove_1000-2000,Seep,Phee,Phee,false,1
Qwen/Qwen2.5-Omni-7B,669272,remove_2000-4000,Seep,Phee,Phee,false,1
Qwen/Qwen2.5-Omni-7B,669272,remove_4000-6000,Seep,Phee,Phee,false,1
Qwen/Qwen2.5-Omni-7B,669272,remove_6000-8000,Seep,Seep,Seep,true,1
Qwen/Qwen2.5-Omni-7B,669273,lp_0-1000,Seep,Seep,Seep,true,1
Qwen/Qwen2.5-Omni-7B,669273,lp_0-2000,Seep,Phee,Phee,false,1
Qwen/Qwen2.5-Omni-7B,669273,lp_0-4000,Seep,Phee,Phee,false,1
Qwen/Qwen2.5-Omni-7B,669273,lp_0-6000,Seep,Phee,Phee,false,1
Qwen/Qwen2.5-Omni-7B,669273,lp_0-8000,Seep,Tsik,Tsik,false,1
Qwen/Qwen2.5-Omni-7B,669273,remove_0-1000,Seep,Phee,Phee,false,1
Qwen/Qwen2.5-Omni-7B,669273,remove_1000-2000,Seep,Seep,Seep,true,1
Qwen/Qwen2.5-Omni-7B,669273,remove_2000-4000,Seep,Seep,Seep,true,1
Qwen/Qwen2.5-Omni-7B,669273,remove_4000-6000,Seep,Phee,Phee,false,1
Qwen/Qwen2.5-Omni-7B,669273,remove_6000-8000,Seep,Tsik,Tsik,false,1
Qwen/Qwen2.5-Omni-7B,670290,lp_0-1000,Seep,Seep,Seep,true,1
Qwen/Qwen2.5-Omni-7B,670290,lp_0-2000,Seep,Phee,Phee,false,1
Qwen/Qwen2.5-Omni-7B,670290,lp_0-4000,Seep,Phee,Phee,false,1
Qwen/Qwen2.5-Omni-7B,670290,lp_0-6000,Seep,Phee,Phee,false,1
Qwen/Qwen2.5-Omni-7B,670290,lp_0-8000,Seep,Phee,Phee,false,1
Qwen/Qwen2.5-Omni-7B,670290,remove_0-1000,Seep,Phee,Phee,false,1
Qwen/Qwen2.5-Omni-7B,670290,remove_1000-2000,Seep,Phee,Phee,false,1
Qwen/Qwen2.5-Omni-7B,670290,remove_2000-4000,Seep,Phee,Phee,false,1
Qwen/Qwen2.5-Omni-7B,670290,remove_4000-6000,Seep,Phee,Phee,false,1
Qwen/Qwen2.5-Omni-7B,670290,remove_6000-8000,Seep,Phee,Phee,false,1
Qwen/Qwen2.5-Omni-7B,697899,lp_0-1000,Seep,Phee,Phee,false,1
Qwen/Qwen2.5-Omni-7B,697899,lp_0-2000,Seep,Phee,Phee,false,1
Qwen/Qwen2.5-Omni-7B,697899,lp_0-4000,Seep,Phee,Phee,false,1
Qwen/Qwen2.5-Omni-7B,697899,lp_0-6000,Seep,Phee,Phee,false,1
Qwen/Qwen2.5-Omni-7B,697899,lp_0-8000,Seep,Phee,Phee,false,1
Qwen/Qwen2.5-Omni-7B,697899,remove_0-1000,Seep,Phee,Phee,false,1
Qwen/Qwen2.5-Omni-7B,697899,remove_1000-2000,Seep,Phee,Phee,false,1
Qwen/Qwen2.5-Omni-7B,697899,remove_2000-4000,Seep,Phee,Phee,false,1
Qwen/Qwen2.5-Omni-7B,697899,remove_4000-6000,Seep,Phee,Phee,false,1
Qwen/Qwen2.5-Omni-7B,697899,remove_6000-8000,Seep,Phee,Phee,false,1
Qwen/Qwen2.5-Omni-7B,715845,lp_0-1000,Seep,Phee,Phee,false,1
Qwen/Qwen2.5-Omni-7B,715845,lp_0-2000,Seep,Phee,Phee,false,1
Qwen/Qwen2.5-Omni-7B,715845,lp_0-4000,Seep,Phee,Phee,false,1
Qwen/Qwen2.5-Omni-7B,715845,lp_0-6000,Seep,Phee,Phee,false,1
Qwen/Qwen2.5-Omni-7B,715845,lp_0-8000,Seep,Phee,Phee,false,1
Qwen/Qwen2.5-Omni-7B,715845,remove_0-1000,Seep,Phee,Phee,false,1
Qwen/Qwen2.5-Omni-7B,715845,remove_1000-2000,Seep,Phee,Phee,false,1
Qwen/Qwen2.5-Omni-7B,715845,remove_2000-4000,Seep,Phee,Phee,false,1
Qwen/Qwen2.5-Omni-7B,715845,remove_4000-6000,Seep,Phee,Phee,false,1
Qwen/Qwen2.5-Omni-7B,715845,remove_6000-8000,Seep,Phee,Phee,false,1
Qwen/Qwen2.5-Omni-7B,732993,lp_0-1000,Seep,Phee,Phee,false,1
Qwen/Qwen2.5-Omni-7B,732993,lp_0-2000,Seep,Phee,Phee,false,1
Qwen/Qwen2.5-Omni-7B,732993,lp_0-4000,Seep,Phee,Phee,false,1
Qwen/Qwen2.5-Omni-7B,732993,lp_0-6000,Seep,Phee,Phee,false,1
Qwen/Qwen2.5-Omni-7B,732993,lp_0-8000,Seep,Tsik,Tsik,false,1
Qwen/Qwen2.5-Omni-7B,732993,remove_0-1000,Seep,Phee,Phee,false,1
Qwen/Qwen2.5-Omni-7B,732993,remove_1000-2000,Seep,Phee,Phee,false,1
Qwen/Qwen2.5-Omni-7B,732993,remove_2000-4000,Seep,Phee,Phee,false,1
Qwen/Qwen2.5-Omni-7B,732993,remove_4000-6000,Seep,Phee,Phee,false,1
Qwen/Qwen2.5-Omni-7B,732993,remove_6000-8000,Seep,Tsik,Tsik,false,1
Qwen/Qwen2.5-Omni-7B,734314,lp_0-1000,Seep,Phee,Phee,false,1
Qwen/Qwen2.5-Omni-7B,734314,lp_0-2000,Seep,Phee,Phee,false,1
Qwen/Qwen2.5-Omni-7B,734314,lp_0-4000,Seep,Phee,Phee,false,1
Qwen/Qwen2.5-Omni-7B,734314,lp_0-6000,Seep,Phee,Phee,false,1
Qwen/Qwen2.5-Omni-7B,734314,lp_0-8000,Seep,Phee,Phee,false,1
Qwen/Qwen2.5-Omni-7B,734314,remove_0-1000,Seep,Phee,Phee,false,1
Qwen/Qwen2.5-Omni-7B,734314,remove_1000-2000,Seep,Phee,Phee,false,1
Qwen/Qwen2.5-Omni-7B,734314,remove_2000-4000,Seep,Seep,Seep,true,1
Qwen/Qwen2.5-Omni-7B,734314,remove_4000-6000,Seep,Phee,Phee,false,1
Qwen/Qwen2.5-Omni-7B,734314,remove_6000-8000,Seep,Phee,Phee,false,1
Qwen/Qwen2.5-Omni-7B,736548,lp_0-1000,Seep,Phee,Phee,false,1
Qwen/Qwen2.5-Omni-7B,736548,lp_0-2000,Seep,Phee,Phee,false,1
Qwen/Qwen2.5-Omni-7B,736548,lp_0-4000,Seep,Phee,Phee,false,1
Qwen/Qwen2.5-Omni-7B,736548,lp_0-6000,Seep,Tsik,Tsik,false,1
Qwen/Qwen2.5-Omni-7B,736548,lp_0-8000,Seep,Tsik,Tsik,false,1
Qwen/Qwen2.5-Omni-7B,736548,remove_0-1000,Seep,Tsik,Tsik,false,1
Qwen/Qwen2.5-Omni-7B,736548,remove_1000-2000,Seep,Tsik,Tsik,false,1
Qwen/Qwen2.5-Omni-7B,736548,remove_2000-4000,Seep,Tsik,Tsik,false,1
Qwen/Qwen2.5-Omni-7B,736548,remove_4000-6000,Seep,Tsik,Tsik,false,1
Qwen/Qwen2.5-Omni-7B,736548,remove_6000-8000,Seep,Tsik,Tsik,false,1
Qwen/Qwen2.5-Omni-7B,739815,lp_0-1000,Seep,Phee,Phee,false,1
Qwen/Qwen2.5-Omni-7B,739815,lp_0-2000,Seep,Phee,Phee,false,1
Qwen/Qwen2.5-Omni-7B,739815,lp_0-4000,Seep,Phee,Phee,false,1
Qwen/Qwen2.5-Omni-7B,739815,lp_0-6000,Seep,Phee,Phee,false,1
Qwen/Qwen2.5-Omni-7B,739815,lp_0-8000,Seep,Phee,Phee,false,1
Qwen/Qwen2.5-Omni-7B,739815,remove_0-1000,Seep,Phee,Phee,false,1
Qwen/Qwen2.5-Omni-7B,739815,remove_1000-2000,Seep,Phee,Phee,false,1
Qwen/Qwen2.5-Omni-7B,739815,remove_2000-4000,Seep,Phee,Phee,false,1
Qwen/Qwen2.5-Omni-7B,739815,remove_4000-6000,Seep,Phee,Phee,false,1
Qwen/Qwen2.5-Omni-7B,739815,remove_6000-8000,Seep,Phee,Phee,false,1
Qwen/Qwen2.5-Omni-7B,741056,lp_0-1000,Seep,Phee,Phee,false,1
Qwen/Qwen2.5-Omni-7B,741056,lp_0-2000,Seep,Phee,Phee,false,1
Qwen/Qwen2.5-Omni-7B,741056,lp_0-4000,Seep,Phee,Phee,false,1
Qwen/Qwen2.5-Omni-7B,741056,lp_0-6000,Seep,Seep,Seep,true,1
Qwen/Qwen2.5-Omni-7B,741056,lp_0-8000,Seep,Seep,Seep,true,1
Qwen/Qwen2.5-Omni-7B,741056,remove_0-1000,Seep,Seep,Seep,true,1
Qwen/Qwen2.5-Omni-7B,741056,remove_1000-2000,Seep,Seep,Seep,true,1
Qwen/Qwen2.5-Omni-7B,741056,remove_2000-4000,Seep,Seep,Seep,true,1
Qwen/Qwen2.5-Omni-7B,741056,remove_4000-6000,Seep,Seep,Seep,true,1
Qwen/Qwen2.5-Omni-7B,741056,remove_6000-8000,Seep,Seep,Seep,true,1
Qwen/Qwen2.5-Omni-7B,769197,lp_0-1000,Seep,Phee,Phee,false,1
Qwen/Qwen2.5-Omni-7B,769197,lp_0-2000,Seep,Phee,Phee,false,1
Qwen/Qwen2.5-Omni-7B,769197,lp_0-4000,Seep,Phee,Phee,false,1
Qwen/Qwen2.5-Omni-7B,769197,lp_0-6000,Seep,Seep,Seep,true,1
Qwen/Qwen2.5-Omni-7B,769197,lp_0-8000,Seep,Seep,Seep,true,1
Qwen/Qwen2.5-Omni-7B,769197,remove_0-1000,Seep,Tsik,Tsik,false,1
Qwen/Qwen2.5-Omni-7B,769197,remove_1000-2000,Seep,Seep,Seep,true,1
Qwen/Qwen2.5-Omni-7B,769197,remove_2000-4000,Seep,Seep,Seep,true,1
Qwen/Qwen2.5-Omni-7B,769197,remove_4000-6000,Seep,Seep,Seep,true,1
Qwen/Qwen2.5-Omni-7B,769197,remove_6000-8000,Seep,Seep,Seep,true,1
Qwen/Qwen2.5-Omni-7B,769489,lp_0-1000,Seep,Phee,Phee,false,1
Qwen/Qwen2.5-Omni-7B,769489,lp_0-2000,Seep,Seep,Seep,true,1
Qwen/Qwen2.5-Omni-7B,769489,lp_0-4000,Seep,Phee,Phee,false,1
Qwen/Qwen2.5-Omni-7B,769489,lp_0-6000,Seep,Phee,Phee,false,1
Qwen/Qwen2.5-Omni-7B,769489,lp_0-8000,Seep,Phee,Phee,false,1
Qwen/Qwen2.5-Omni-7B,769489,remove_0-1000,Seep,Phee,Phee,false,1
Qwen/Qwen2.5-Omni-7B,769489,remove_1000-2000,Seep,Seep,Seep,true,1
Qwen/Qwen2.5-Omni-7B,769489,remove_2000-4000,Seep,Seep,Seep,true,1
Qwen/Qwen2.5-Omni-7B,769489,remove_4000-6000,Seep,Seep,Seep,true,1
Qwen/Qwen2.5-Omni-7B,769489,remove_6000-8000,Seep,Phee,Phee,false,1
Qwen/Qwen2.5-Omni-7B,773125,lp_0-1000,Seep,Phee,Phee,false,1
Qwen/Qwen2.5-Omni-7B,773125,lp_0-2000,Seep,Phee,Phee,false,1
Qwen/Qwen2.5-Omni-7B,773125,lp_0-4000,Seep,Phee,Phee,false,1
Qwen/Qwen2.5-Omni-7B,773125,lp_0-6000,Seep,Phee,Phee,false,1
Qwen/Qwen2.5-Omni-7B,773125,lp_0-8000,Seep,Phee,Phee,false,1
Qwen/Qwen2.5-Omni-7B,773125,remove_0-1000,Seep,Phee,Phee,false,1
Qwen/Qwen2.5-Omni-7B,773125,remove_1000-2000,Seep,Phee,Phee,false,1
Qwen/Qwen2.5-Omni-7B,773125,remove_2000-4000,Seep,Phee,Phee,false,1
Qwen/Qwen2.5-Omni-7B,773125,remove_4000-6000,Seep,Phee,Phee,false,1
Qwen/Qwen2.5-Omni-7B,773125,remove_6000-8000,Seep,Phee,Phee,false,1
Qwen/Qwen2.5-Omni-7B,781684,lp_0-1000,Seep,Phee,Phee,false,1
Qwen/Qwen2.5-Omni-7B,781684,lp_0-2000,Seep,Phee,Phee,false,1
Qwen/Qwen2.5-Omni-7B,781684,lp_0-4000,Seep,Phee,Phee,false,1
Qwen/Qwen2.5-Omni-7B,781684,lp_0-6000,Seep,Phee,Phee,false,1
Qwen/Qwen2.5-Omni-7B,781684,lp_0-8000,Seep,Phee,Phee,false,1
Qwen/Qwen2.5-Omni-7B,781684,remove_0-1000,Seep,Phee,Phee,false,1
Qwen/Qwen2.5-Omni-7B,781684,remove_1000-2000,Seep,Phee,Phee,false,1
Qwen/Qwen2.5-Omni-7B,781684,remove_2000-4000,Seep,Seep,Seep,true,1
Qwen/Qwen2.5-Omni-7B,781684,remove_4000-6000,Seep,Phee,Phee,false,1
Qwen/Qwen2.5-Omni-7B,781684,remove_6000-8000,Seep,Phee,Phee,false,1
Qwen/Qwen2.5-Omni-7B,794037,lp_0-1000,Seep,Phee,Phee,false,1
Qwen/Qwen2.5-Omni-7B,794037,lp_0-2000,Seep,Phee,Phee,false,1
Qwen/Qwen2.5-Omni-7B,794037,lp_0-4000,Seep,Phee,Phee,false,1
Qwen/Qwen2.5-Omni-7B,794037,lp_0-6000,Seep,Phee,Phee,false,1
Qwen/Qwen2.5-Omni-7B,794037,lp_0-8000,Seep,Phee,Phee,false,1
Qwen/Qwen2.5-Omni-7B,794037,remove_0-1000,Seep,Tsik,Tsik,false,1
Qwen/Qwen2.5-Omni-7B,794037,remove_1000-2000,Seep,Phee,Phee,false,1
Qwen/Qwen2.5-Omni-7B,794037,remove_2000-4000,Seep,Phee,Phee,false,1
Qwen/Qwen2.5-Omni-7B,794037,remove_4000-6000,Seep,Phee,Phee,false,1
Qwen/Qwen2.5-Omni-7B,794037,remove_6000-8000,Seep,Phee,Phee,false,1
Qwen/Qwen2.5-Omni-7B,81191,lp_0-1000,Seep,Phee,Phee,false,1
Qwen/Qwen2.5-Omni-7B,81191,lp_0-2000,Seep,Phee,Phee,false,1
Qwen/Qwen2.5-Omni-7B,81191,lp_0-4000,Seep,Phee,Phee,false,1
Qwen/Qwen2.5-Omni-7B,81191,lp_0-6000,Seep,Phee,Phee,false,1
Qwen/Qwen2.5-Omni-7B,81191,lp_0-8000,Seep,Phee,Phee,false,1
Qwen/Qwen2.5-Omni-7B,81191,remove_0-1000,Seep,Phee,Phee,false,1
Qwen/Qwen2.5-Omni-7B,81191,remove_1000-2000,Seep,Phee,Phee,false,1
Qwen/Qwen2.5-Omni-7B,81191,remove_2000-4000,Seep,Phee,Phee,false,1
Qwen/Qwen2.5-Omni-7B,81191,remove_4000-6000,Seep,Phee,Phee,false,1
Qwen/Qwen2.5-Omni-7B,81191,remove_6000-8000,Seep,Phee,Phee,false,1
Qwen/Qwen2.5-Omni-7B,857186,lp_0-1000,Seep,Phee,Phee,false,1
Qwen/Qwen2.5-Omni-7B,857186,lp_0-2000,Seep,Phee,Phee,false,1
Qwen/Qwen2.5-Omni-7B,857186,lp_0-4000,Seep,Phee,Phee,false,1
Qwen/Qwen2.5-Omni-7B,857186,lp_0-6000,Seep,Phee,Phee,false,1
Qwen/Qwen2.5-Omni-7B,857186,lp_0-8000,Seep,Phee,Phee,false,1
Qwen/Qwen2.5-Omni-7B,857186,remove_0-1000,Seep,Phee,Phee,false,1
Qwen/Qwen2.5-Omni-7B,857186,remove_1000-2000,Seep,Phee,Phee,false,1
Qwen/Qwen2.5-Omni-7B,857186,remove_2000-4000,Seep,Phee,Phee,false,1
Qwen/Qwen2.5-Omni-7B,857186,remove_4000-6000,Seep,Phee,Phee,false,1
Qwen/Qwen2.5-Omni-7B,857186,remove_6000-8000,Seep,Seep,Seep,true,1
Qwen/Qwen2.5-Omni-7B,866515,lp_0-1000,Seep,Phee,Phee,false,1
Qwen/Qwen2.5-Omni-7B,866515,lp_0-2000,Seep,Phee,Phee,false,1
Qwen/Qwen2.5-Omni-7B,866515,lp_0-4000,Seep,Phee,Phee,false,1
Qwen/Qwen2.5-Omni-7B,866515,lp_0-6000,Seep,Phee,Phee,false,1
Qwen/Qwen2.5-Omni-7B,866515,lp_0-8000,Seep,Phee,Phee,false,1
Qwen/Qwen2.5-Omni-7B,866515,remove_0-1000,Seep,Phee,Phee,false,1
Qwen/Qwen2.5-Omni-7B,866515,remove_1000-2000,Seep,Phee,Phee,false,1
Qwen/Qwen2.5-Omni-7B,866515,remove_2000-4000,Seep,Phee,Phee,false,1
Qwen/Qwen2.5-Omni-7B,866515,remove_4000-6000,Seep,Phee,Phee,false,1
Qwen/Qwen2.5-Omni-7B,866515,remove_6000-8000,Seep,Phee,Phee,false,1
Qwen/Qwen2.5-Omni-7B,866655,lp_0-1000,Seep,Phee,Phee,false,1
Qwen/Qwen2.5-Omni-7B,866655,lp_0-2000,Seep,Phee,Phee,false,1
Qwen/Qwen2.5-Omni-7B,866655,lp_0-4000,Seep,Phee,Phee,false,1
Qwen/Qwen2.5-Omni-7B,866655,lp_0-6000,Seep,Phee,Phee,false,1
Qwen/Qwen2.5-Omni-7B,866655,lp_0-8000,Seep,Tsik,Tsik,false,1
Qwen/Qwen2.5-Omni-7B,866655,remove_0-1000,Seep,Seep,Seep,true,1
Qwen/Qwen2.5-Omni-7B,866655,remove_1000-2000,Seep,Seep,Seep,true,1
Qwen/Qwen2.5-Omni-7B,866655,remove_2000-4000,Seep,Seep,Seep,true,1
Qwen/Qwen2.5-Omni-7B,866655,remove_4000-6000,Seep,Tsik,Tsik,false,1
Qwen/Qwen2.5-Omni-7B,866655,remove_6000-8000,Seep,Seep,Seep,true,1
Qwen/Qwen2.5-Omni-7B,102022,lp_0-1000,Trill,Phee,Phee,false,1
Qwen/Qwen2.5-Omni-7B,102022,lp_0-2000,Trill,Phee,Phee,false,1
Qwen/Qwen2.5-Omni-7B,102022,lp_0-4000,Trill,Phee,Phee,false,1
Qwen/Qwen2.5-Omni-7B,102022,lp_0-6000,Trill,Seep,Seep,false,1
Qwen/Qwen2.5-Omni-7B,102022,lp_0-8000,Trill,Phee,Phee,false,1
Qwen/Qwen2.5-Omni-7B,102022,remove_0-1000,Trill,Tsik,Tsik,false,1
Qwen/Qwen2.5-Omni-7B,102022,remove_1000-2000,Trill,Phee,Phee,false,1
Qwen/Qwen2.5-Omni-7B,102022,remove_2000-4000,Trill,Phee,Phee,false,1
Qwen/Qwen2.5-Omni-7B,102022,remove_4000-6000,Trill,Phee,Phee,false,1
Qwen/Qwen2.5-Omni-7B,102022,remove_6000-8000,Trill,Phee,Phee,false,1
Qwen/Qwen2.5-Omni-7B,121474,lp_0-1000,Trill,Phee,Phee,false,1
Qwen/Qwen2.5-Omni-7B,121474,lp_0-2000,Trill,Phee,Phee,false,1
Qwen/Qwen2.5-Omni-7B,121474,lp_0-4000,Trill,Phee,Phee,false,1
Qwen/Qwen2.5-Omni-7B,121474,lp_0-6000,Trill,Tsik,Tsik,false,1
Qwen/Qwen2.5-Omni-7B,121474,lp_0-8000,Trill,Tsik,Tsik,false,1
Qwen/Qwen2.5-Omni-7B,121474,remove_0-1000,Trill,Tsik,Tsik,false,1
Qwen/Qwen2.5-Omni-7B,121474,remove_1000-2000,Trill,Tsik,Tsik,false,1
Qwen/Qwen2.5-Omni-7B,121474,remove_2000-4000,Trill,Tsik,Tsik,false,1
Qwen/Qwen2.5-Omni-7B,121474,remove_4000-6000,Trill,Tsik,Tsik,false,1
Qwen/Qwen2.5-Omni-7B,121474,remove_6000-8000,Trill,Tsik,Tsik,false,1
Qwen/Qwen2.5-Omni-7B,161850,lp_0-1000,Trill,Phee,Phee,false,1
Qwen/Qwen2.5-Omni-7B,161850,lp_0-2000,Trill,Phee,Phee,false,1
Qwen/Qwen2.5-Omni-7B,161850,lp_0-4000,Trill,Phee,Phee,false,1
Qwen/Qwen2.5-Omni-7B,161850,lp_0-6000,Trill,Phee,Phee,false,1
Qwen/Qwen2.5-Omni-7B,161850,lp_0-8000,Trill,Phee,Phee,false,1
Qwen/Qwen2.5-Omni-7B,161850,remove_0-1000,Trill,Tsik,Tsik,false,1
Qwen/Qwen2.5-Omni-7B,161850,remove_1000-2000,Trill,Tsik,Tsik,false,1
Qwen/Qwen2.5-Omni-7B,161850,remove_2000-4000,Trill,Phee,Phee,false,1
Qwen/Qwen2.5-Omni-7B,161850,remove_4000-6000,Trill,Tsik,Tsik,false,1
Qwen/Qwen2.5-Omni-7B,161850,remove_6000-8000,Trill,Phee,Phee,false,1
Qwen/Qwen2.5-Omni-7B,172015,lp_0-1000,Trill,Phee,Phee,false,1
Qwen/Qwen2.5-Omni-7B,172015,lp_0-2000,Trill,Phee,Phee,false,1
Qwen/Qwen2.5-Omni-7B,172015,lp_0-4000,Trill,Phee,Phee,false,1
Qwen/Qwen2.5-Omni-7B,172015,lp_0-6000,Trill,Phee,Phee,false,1
Qwen/Qwen2.5-Omni-7B,172015,lp_0-8000,Trill,Phee,Phee,false,1
Qwen/Qwen2.5-Omni-7B,172015,remove_0-1000,Trill,Phee,Phee,false,1
Qwen/Qwen2.5-Omni-7B,172015,remove_1000-2000,Trill,Phee,Phee,false,1
Qwen/Qwen2.5-Omni-7B,172015,remove_2000-4000,Trill,Phee,Phee,false,1
Qwen/Qwen2.5-Omni-7B,172015,remove_4000-6000,Trill,Seep,Seep,false,1
Qwen/Qwen2.5-Omni-7B,172015,remove_6000-8000,Trill,Phee,Phee,false,1
Qwen/Qwen2.5-Omni-7B,190781,lp_0-1000,Trill,Phee,Phee,false,1
Qwen/Qwen2.5-Omni-7B,190781,lp_0-2000,Trill,Phee,Phee,false,1
Qwen/Qwen2.5-Omni-7B,190781,lp_0-4000,Trill,Phee,Phee,false,1
Qwen/Qwen2.5-Omni-7B,190781,lp_0-6000,Trill,Phee,Phee,false,1
Qwen/Qwen2.5-Omni-7B,190781,lp_0-8000,Trill,Phee,Phee,false,1
Qwen/Qwen2.5-Omni-7B,190781,remove_0-1000,Trill,Phee,Phee,false,1
Qwen/Qwen2.5-Omni-7B,190781,remove_1000-2000,Trill,Phee,Phee,false,1
Qwen/Qwen2.5-Omni-7B,190781,remove_2000-4000,Trill,Phee,Phee,false,1
Qwen/Qwen2.5-Omni-7B,190781,remove_4000-6000,Trill,Phee,Phee,false,1
Qwen/Qwen2.5-Omni-7B,190781,remove_6000-8000,Trill,Phee,Phee,false,1
Qwen/Qwen2.5-Omni-7B,195490,lp_0-1000,Trill,Phee,Phee,false,1
Qwen/Qwen2.5-Omni-7B,195490,lp_0-2000,Trill,Phee,Phee,false,1
Qwen/Qwen2.5-Omni-7B,195490,lp_0-4000,Trill,Phee,Phee,false,1
Qwen/Qwen2.5-Omni-7B,195490,lp_0-6000,Trill,Phee,Phee,false,1
Qwen/Qwen2.5-Omni-7B,195490,lp_0-8000,Trill,Phee,Phee,false,1
Qwen/Qwen2.5-Omni-7B,195490,remove_0-1000,Trill,Phee,Phee,false,1
Qwen/Qwen2.5-Omni-7B,195490,remove_1000-2000,Trill,Phee,Phee,false,1
Qwen/Qwen2.5-Omni-7B,195490,remove_2000-4000,Trill,Phee,Phee,false,1
Qwen/Qwen2.5-Omni-7B,195490,remove_4000-6000,Trill,Phee,Phee,false,1
Qwen/Qwen2.5-Omni-7B,195490,remove_6000-8000,Trill,Phee,Phee,false,1
Qwen/Qwen2.5-Omni-7B,223123,lp_0-1000,Trill,Phee,Phee,false,1
Qwen/Qwen2.5-Omni-7B,223123,lp_0-2000,Trill,Phee,Phee,false,1
Qwen/Qwen2.5-Omni-7B,223123,lp_0-4000,Trill,Phee,Phee,false,1
Qwen/Qwen2.5-Omni-7B,223123,lp_0-6000,Trill,Phee,Phee,false,1
Qwen/Qwen2.5-Omni-7B,223123,lp_0-8000,Trill,Phee,Phee,false,1
Qwen/Qwen2.5-Omni-7B,223123,remove_0-1000,Trill,Phee,Phee,false,1
Qwen/Qwen2.5-Omni-7B,223123,remove_1000-2000,Trill,Tsik,Tsik,false,1
Qwen/Qwen2.5-Omni-7B,223123,remove_2000-4000,Trill,Tsik,Tsik,false,1
Qwen/Qwen2.5-Omni-7B,223123,remove_4000-6000,Trill,Phee,Phee,false,1
Qwen/Qwen2.5-Omni-7B,223123,remove_6000-8000,Trill,Phee,Phee,false,1
Qwen/Qwen2.5-Omni-7B,223144,lp_0-1000,Trill,Phee,Phee,false,1
Qwen/Qwen2.5-Omni-7B,223144,lp_0-2000,Trill,Phee,Phee,false,1
Qwen/Qwen2.5-Omni-7B,223144,lp_0-4000,Trill,Phee,Phee,false,1
Qwen/Qwen2.5-Omni-7B,223144,lp_0-6000,Trill,Tsik,Tsik,false,1
Qwen/Qwen2.5-Omni-7B,223144,lp_0-8000,Trill,Tsik,Tsik,false,1
Qwen/Qwen2.5-Omni-7B,223144,remove_0-1000,Trill,Tsik,Tsik,false,1
Qwen/Qwen2.5-Omni-7B,223144,remove_1000-2000,Trill,Phee,Phee,false,1
Qwen/Qwen2.5-Omni-7B,223144,remove_2000-4000,Trill,Tsik,Tsik,false,1
Qwen/Qwen2.5-Omni-7B,223144,remove_4000-6000,Trill,Tsik,Tsik,false,1
Qwen/Qwen2.5-Omni-7B,223144,remove_6000-8000,Trill,Tsik,Tsik,false,1
Qwen/Qwen2.5-Omni-7B,223263,lp_0-1000,Trill,Phee,Phee,false,1
Qwen/Qwen2.5-Omni-7B,223263,lp_0-2000,Trill,Phee,Phee,false,1
Qwen/Qwen2.5-Omni-7B,223263,lp_0-4000,Trill,Phee,Phee,false,1
Qwen/Qwen2.5-Omni-7B,223263,lp_0-6000,Trill,Phee,Phee,false,1
Qwen/Qwen2.5-Omni-7B,223263,lp_0-8000,Trill,Phee,Phee,false,1
Qwen/Qwen2.5-Omni-7B,223263,remove_0-1000,Trill,Phee,Phee,false,1
Qwen/Qwen2.5-Omni-7B,223263,remove_1000-2000,Trill,Phee,Phee,false,1
Qwen/Qwen2.5-Omni-7B,223263,remove_2000-4000,Trill,Phee,Phee,false,1
Qwen/Qwen2.5-Omni-7B,223263,remove_4000-6000,Trill,Phee,Phee,false,1
Qwen/Qwen2.5-Omni-7B,223263,remove_6000-8000,Trill,Phee,Phee,false,1
Qwen/Qwen2.5-Omni-7B,233067,lp_0-1000,Trill,Seep,Seep,false,1
Qwen/Qwen2.5-Omni-7B,233067,lp_0-2000,Trill,Phee,Phee,false,1
Qwen/Qwen2.5-Omni-7B,233067,lp_0-4000,Trill,Phee,Phee,false,1
Qwen/Qwen2.5-Omni-7B,233067,lp_0-6000,Trill,Seep,Seep,false,1
Qwen/Qwen2.5-Omni-7B,233067,lp_0-8000,Trill,Seep,Seep,false,1
Qwen/Qwen2.5-Omni-7B,233067,remove_0-1000,Trill,Phee,Phee,false,1
Qwen/Qwen2.5-Omni-7B,233067,remove_1000-2000,Trill,Seep,Seep,false,1
Qwen/Qwen2.5-Omni-7B,233067,remove_2000-4000,Trill,Seep,Seep,false,1
Qwen/Qwen2.5-Omni-7B,233067,remove_4000-6000,Trill,Seep,Seep,false,1
Qwen/Qwen2.5-Omni-7B,233067,remove_6000-8000,Trill,Seep,Seep,false,1
Qwen/Qwen2.5-Omni-7B,238981,lp_0-1000,Trill,Seep,Seep,false,1
Qwen/Qwen2.5-Omni-7B,238981,lp_0-2000,Trill,Seep,Seep,false,1
Qwen/Qwen2.5-Omni-7B,238981,lp_0-4000,Trill,Tsik,Tsik,false,1
Qwen/Qwen2.5-Omni-7B,238981,lp_0-6000,Trill,Tsik,Tsik,false,1
Qwen/Qwen2.5-Omni-7B,238981,lp_0-8000,Trill,Tsik,Tsik,false,1
Qwen/Qwen2.5-Omni-7B,238981,remove_0-1000,Trill,Tsik,Tsik,false,1
Qwen/Qwen2.5-Omni-7B,238981,remove_1000-2000,Trill,Phee,Phee,false,1
Qwen/Qwen2.5-Omni-7B,238981,remove_2000-4000,Trill,Tsik,Tsik,false,1
Qwen/Qwen2.5-Omni-7B,238981,remove_4000-6000,Trill,Tsik,Tsik,false,1
Qwen/Qwen2.5-Omni-7B,238981,remove_6000-8000,Trill,Tsik,Tsik,false,1
Qwen/Qwen2.5-Omni-7B,269263,lp_0-1000,Trill,Phee,Phee,false,1
Qwen/Qwen2.5-Omni-7B,269263,lp_0-2000,Trill,Phee,Phee,false,1
Qwen/Qwen2.5-Omni-7B,269263,lp_0-4000,Trill,Phee,Phee,false,1
Qwen/Qwen2.5-Omni-7B,269263,lp_0-6000,Trill,Phee,Phee,false,1
Qwen/Qwen2.5-Omni-7B,269263,lp_0-8000,Trill,Tsik,Tsik,false,1
Qwen/Qwen2.5-Omni-7B,269263,remove_0-1000,Trill,Tsik,Tsik,false,1
Qwen/Qwen2.5-Omni-7B,269263,remove_1000-2000,Trill,Tsik,Tsik,false,1
Qwen/Qwen2.5-Omni-7B,269263,remove_2000-4000,Trill,Phee,Phee,false,1
Qwen/Qwen2.5-Omni-7B,269263,remove_4000-6000,Trill,Tsik,Tsik,false,1
Qwen/Qwen2.5-Omni-7B,269263,remove_6000-8000,Trill,Phee,Phee,false,1
Qwen/Qwen2.5-Omni-7B,343808,lp_0-1000,Trill,Phee,Phee,false,1
Qwen/Qwen2.5-Omni-7B,343808,lp_0-2000,Trill,Seep,Seep,false,1
Qwen/Qwen2.5-Omni-7B,343808,lp_0-4000,Trill,Phee,Phee,false,1
Qwen/Qwen2.5-Omni-7B,343808,lp_0-6000,Trill,Seep,Seep,false,1
Qwen/Qwen2.5-Omni-7B,343808,lp_0-8000,Trill,Seep,Seep,false,1
Qwen/Qwen2.5-Omni-7B,343808,remove_0-1000,Trill,Seep,Seep,false,1
Qwen/Qwen2.5-Omni-7B,343808,remove_1000-2000,Trill,Seep,Seep,false,1
Qwen/Qwen2.5-Omni-7B,343808,remove_2000-4000,Trill,Seep,Seep,false,1
Qwen/Qwen2.5-Omni-7B,343808,remove_4000-6000,Trill,Seep,Seep,false,1
Qwen/Qwen2.5-Omni-7B,343808,remove_6000-8000,Trill,Seep,Seep,false,1
Qwen/Qwen2.5-Omni-7B,354379,lp_0-1000,Trill,Phee,Phee,false,1
Qwen/Qwen2.5-Omni-7B,354379,lp_0-2000,Trill,Phee,Phee,false,1
Qwen/Qwen2.5-Omni-7B,354379,lp_0-4000,Trill,Phee,Phee,false,1
Qwen/Qwen2.5-Omni-7B,354379,lp_0-6000,Trill,Phee,Phee,false,1
Qwen/Qwen2.5-Omni-7B,354379,lp_0-8000,Trill,Phee,Phee,false,1
Qwen/Qwen2.5-Omni-7B,354379,remove_0-1000,Trill,Phee,Phee,false,1
Qwen/Qwen2.5-Omni-7B,354379,remove_1000-2000,Trill,Phee,Phee,false,1
Qwen/Qwen2.5-Omni-7B,354379,remove_2000-4000,Trill,Phee,Phee,false,1
Qwen/Qwen2.5-Omni-7B,354379,remove_4000-6000,Trill,Phee,Phee,false,1
Qwen/Qwen2.5-Omni-7B,354379,remove_6000-8000,Trill,Phee,Phee,false,1
Qwen/Qwen2.5-Omni-7B,362733,lp_0-1000,Trill,Phee,Phee,false,1
Qwen/Qwen2.5-Omni-7B,362733,lp_0-2000,Trill,Phee,Phee,false,1
Qwen/Qwen2.5-Omni-7B,362733,lp_0-4000,Trill,Phee,Phee,false,1
Qwen/Qwen2.5-Omni-7B,362733,lp_0-6000,Trill,Phee,Phee,false,1
Qwen/Qwen2.5-Omni-7B,362733,lp_0-8000,Trill,Phee,Phee,false,1
Qwen/Qwen2.5-Omni-7B,362733,remove_0-1000,Trill,Phee,Phee,false,1
Qwen/Qwen2.5-Omni-7B,362733,remove_1000-2000,Trill,Phee,Phee,false,1
Qwen/Qwen2.5-Omni-7B,362733,remove_2000-4000,Trill,Phee,Phee,false,1
Qwen/Qwen2.5-Omni-7B,362733,remove_4000-6000,Trill,Phee,Phee,false,1
Qwen/Qwen2.5-Omni-7B,362733,remove_6000-8000,Trill,Phee,Phee,false,1
Qwen/Qwen2.5-Omni-7B,397118,lp_0-1000,Trill,Phee,Phee,false,1
Qwen/Qwen2.5-Omni-7B,397118,lp_0-2000,Trill,Phee,Phee,false,1
Qwen/Qwen2.5-Omni-7B,397118,lp_0-4000,Trill,Phee,Phee,false,1
Qwen/Qwen2.5-Omni-7B,397118,lp_0-6000,Trill,Seep,Seep,false,1
Qwen/Qwen2.5-Omni-7B,397118,lp_0-8000,Trill,Seep,Seep,false,1
Qwen/Qwen2.5-Omni-7B,397118,remove_0-1000,Trill,Phee,Phee,false,1
Qwen/Qwen2.5-Omni-7B,397118,remove_1000-2000,Trill,Phee,Phee,false,1
Qwen/Qwen2.5-Omni-7B,397118,remove_2000-4000,Trill,Phee,Phee,false,1
Qwen/Qwen2.5-Omni-7B,397118,remove_4000-6000,Trill,Phee,Phee,false,1
Qwen/Qwen2.5-Omni-7B,397118,remove_6000-8000,Trill,Seep,Seep,false,1
Qwen/Qwen2.5-Omni-7B,436313,lp_0-1000,Trill,Phee,Phee,false,1
Qwen/Qwen2.5-Omni-7B,436313,lp_0-2000,Trill,Phee,Phee,false,1
Qwen/Qwen2.5-Omni-7B,436313,lp_0-4000,Trill,Phee,Phee,false,1
Qwen/Qwen2.5-Omni-7B,436313,lp_0-6000,Trill,Seep,Seep,false,1
Qwen/Qwen2.5-Omni-7B,436313,lp_0-8000,Trill,Seep,Seep,false,1
Qwen/Qwen2.5-Omni-7B,436313,remove_0-1000,Trill,Seep,Seep,false,1
Qwen/Qwen2.5-Omni-7B,436313,remove_1000-2000,Trill,Seep,Seep,false,1
Qwen/Qwen2.5-Omni-7B,436313,remove_2000-4000,Trill,Seep,Seep,false,1
Qwen/Qwen2.5-Omni-7B,436313,remove_4000-6000,Trill,Seep,Seep,false,1
Qwen/Qwen2.5-Omni-7B,436313,remove_6000-8000,Trill,Seep,Seep,false,1
Qwen/Qwen2.5-Omni-7B,456914,lp_0-1000,Trill,Phee,Phee,false,1
Qwen/Qwen2.5-Omni-7B,456914,lp_0-2000,Trill,Phee,Phee,false,1
Qwen/Qwen2.5-Omni-7B,456914,lp_0-4000,Trill,Phee,Phee,false,1
Qwen/Qwen2.5-Omni-7B,456914,lp_0-6000,Trill,Phee,Phee,false,1
Qwen/Qwen2.5-Omni-7B,456914,lp_0-8000,Trill,Phee,Phee,false,1
Qwen/Qwen2.5-Omni-7B,456914,remove_0-1000,Trill,Phee,Phee,false,1
Qwen/Qwen2.5-Omni-7B,456914,remove_1000-2000,Trill,Phee,Phee,false,1
Qwen/Qwen2.5-Omni-7B,456914,remove_2000-4000,Trill,Phee,Phee,false,1
Qwen/Qwen2.5-Omni-7B,456914,remove_4000-6000,Trill,Phee,Phee,false,1
Qwen/Qwen2.5-Omni-7B,456914,remove_6000-8000,Trill,Phee,Phee,false,1
Qwen/Qwen2.5-Omni-7B,463226,lp_0-1000,Trill,Seep,Seep,false,1
Qwen/Qwen2.5-Omni-7B,463226,lp_0-2000,Trill,Phee,Phee,false,1
Qwen/Qwen2.5-Omni-7B,463226,lp_0-4000,Trill,Phee,Phee,false,1
Qwen/Qwen2.5-Omni-7B,463226,lp_0-6000,Trill,Seep,Seep,false,1
Qwen/Qwen2.5-Omni-7B,463226,lp_0-8000,Trill,Seep,Seep,false,1
Qwen/Qwen2.5-Omni-7B,463226,remove_0-1000,Trill,Phee,Phee,false,1
Qwen/Qwen2.5-Omni-7B,463226,remove_1000-2000,Trill,Tsik,Tsik,false,1
Qwen/Qwen2.5-Omni-7B,463226,remove_2000-4000,Trill,Tsik,Tsik,false,1
Qwen/Qwen2.5-Omni-7B,463226,remove_4000-6000,Trill,Phee,Phee,false,1
Qwen/Qwen2.5-Omni-7B,463226,remove_6000-8000,Trill,Tsik,Tsik,false,1
Qwen/Qwen2.5-Omni-7B,470849,lp_0-1000,Trill,Phee,Phee,false,1
Qwen/Qwen2.5-Omni-7B,470849,lp_0-2000,Trill,Phee,Phee,false,1
Qwen/Qwen2.5-Omni-7B,470849,lp_0-4000,Trill,Phee,Phee,false,1
Qwen/Qwen2.5-Omni-7B,470849,lp_0-6000,Trill,Phee,Phee,false,1
Qwen/Qwen2.5-Omni-7B,470849,lp_0-8000,Trill,Phee,Phee,false,1
Qwen/Qwen2.5-Omni-7B,470849,remove_0-1000,Trill,Phee,Phee,false,1
Qwen/Qwen2.5-Omni-7B,470849,remove_1000-2000,Trill,Phee,Phee,false,1
Qwen/Qwen2.5-Omni-7B,470849,remove_2000-4000,Trill,Phee,Phee,false,1
Qwen/Qwen2.5-Omni-7B,470849,remove_4000-6000,Trill,Phee,Phee,false,1
Qwen/Qwen2.5-Omni-7B,470849,remove_6000-8000,Trill,Phee,Phee,false,1
Qwen/Qwen2.5-Omni-7B,502854,lp_0-1000,Trill,Seep,Seep,false,1
Qwen/Qwen2.5-Omni-7B,502854,lp_0-2000,Trill,Seep,Seep,false,1
Qwen/Qwen2.5-Omni-7B,502854,lp_0-4000,Trill,Phee,Phee,false,1
Qwen/Qwen2.5-Omni-7B,502854,lp_0-6000,Trill,Phee,Phee,false,1
Qwen/Qwen2.5-Omni-7B,502854,lp_0-8000,Trill,Phee,Phee,false,1
Qwen/Qwen2.5-Omni-7B,502854,remove_0-1000,Trill,Tsik,Tsik,false,1
Qwen/Qwen2.5-Omni-7B,502854,remove_1000-2000,Trill,Phee,Phee,false,1
Qwen/Qwen2.5-Omni-7B,502854,remove_2000-4000,Trill,Phee,Phee,false,1
Qwen/Qwen2.5-Omni-7B,502854,remove_4000-6000,Trill,Phee,Phee,false,1
Qwen/Qwen2.5-Omni-7B,502854,remove_6000-8000,Trill,Twitter,Twitter,false,1
Qwen/Qwen2.5-Omni-7B,51436,lp_0-1000,Trill,Seep,Seep,false,1
Qwen/Qwen2.5-Omni-7B,51436,lp_0-2000,Trill,Phee,Phee,false,1
Qwen/Qwen2.5-Omni-7B,51436,lp_0-4000,Trill,Phee,Phee,false,1
Qwen/Qwen2.5-Omni-7B,51436,lp_0-6000,Trill,Phee,Phee,false,1
Qwen/Qwen2.5-Omni-7B,51436,lp_0-8000,Trill,Tsik,Tsik,false,1
Qwen/Qwen2.5-Omni-7B,51436,remove_0-1000,Trill,Tsik,Tsik,false,1
Qwen/Qwen2.5-Omni-7B,51436,remove_1000-2000,Trill,Tsik,Tsik,false,1
Qwen/Qwen2.5-Omni-7B,51436,remove_2000-4000,Trill,Tsik,Tsik,false,1
Qwen/Qwen2.5-Omni-7B,51436,remove_4000-6000,Trill,Phee,Phee,false,1
Qwen/Qwen2.5-Omni-7B,51436,remove_6000-8000,Trill,Seep,Seep,false,1
Qwen/Qwen2.5-Omni-7B,515398,lp_0-1000,Trill,Phee,Phee,false,1
Qwen/Qwen2.5-Omni-7B,515398,lp_0-2000,Trill,Phee,Phee,false,1
Qwen/Qwen2.5-Omni-7B,515398,lp_0-4000,Trill,Phee,Phee,false,1
Qwen/Qwen2.5-Omni-7B,515398,lp_0-6000,Trill,Phee,Phee,false,1
Qwen/Qwen2.5-Omni-7B,515398,lp_0-8000,Trill,Phee,Phee,false,1
Qwen/Qwen2.5-Omni-7B,515398,remove_0-1000,Trill,Phee,Phee,false,1
Qwen/Qwen2.5-Omni-7B,515398,remove_1000-2000,Trill,Phee,Phee,false,1
Qwen/Qwen2.5-Omni-7B,515398,remove_2000-4000,Trill,Phee,Phee,false,1
Qwen/Qwen2.5-Omni-7B,515398,remove_4000-6000,Trill,Phee,Phee,false,1
Qwen/Qwen2.5-Omni-7B,515398,remove_6000-8000,Trill,Phee,Phee,false,1
Qwen/Qwen2.5-Omni-7B,517703,lp_0-1000,Trill,Seep,Seep,false,1
Qwen/Qwen2.5-Omni-7B,517703,lp_0-2000,Trill,Seep,Seep,false,1
Qwen/Qwen2.5-Omni-7B,517703,lp_0-4000,Trill,Seep,Seep,false,1
Qwen/Qwen2.5-Omni-7B,517703,lp_0-6000,Trill,Seep,Seep,false,1
Qwen/Qwen2.5-Omni-7B,517703,lp_0-8000,Trill,Seep,Seep,false,1
Qwen/Qwen2.5-Omni-7B,517703,remove_0-1000,Trill,Phee,Phee,false,1
Qwen/Qwen2.5-Omni-7B,517703,remove_1000-2000,Trill,Phee,Phee,false,1
Qwen/Qwen2.5-Omni-7B,517703,remove_2000-4000,Trill,Phee,Phee,false,1
Qwen/Qwen2.5-Omni-7B,517703,remove_4000-6000,Trill,Tsik,Tsik,false,1
Qwen/Qwen2.5-Omni-7B,517703,remove_6000-8000,Trill,Seep,Seep,false,1
Qwen/Qwen2.5-Omni-7B,526430,lp_0-1000,Trill,Phee,Phee,false,1
Qwen/Qwen2.5-Omni-7B,526430,lp_0-2000,Trill,Phee,Phee,false,1
Qwen/Qwen2.5-Omni-7B,526430,lp_0-4000,Trill,Phee,Phee,false,1
Qwen/Qwen2.5-Omni-7B,526430,lp_0-6000,Trill,Seep,Seep,false,1
Qwen/Qwen2.5-Omni-7B,526430,lp_0-8000,Trill,Seep,Seep,false,1
Qwen/Qwen2.5-Omni-7B,526430,remove_0-1000,Trill,Seep,Seep,false,1
Qwen/Qwen2.5-Omni-7B,526430,remove_1000-2000,Trill,Seep,Seep,false,1
Qwen/Qwen2.5-Omni-7B,526430,remove_2000-4000,Trill,Seep,Seep,false,1
Qwen/Qwen2.5-Omni-7B,526430,remove_4000-6000,Trill,Seep,Seep,false,1
Qwen/Qwen2.5-Omni-7B,526430,remove_6000-8000,Trill,Seep,Seep,false,1
Qwen/Qwen2.5-Omni-7B,52861,lp_0-1000,Trill,Seep,Seep,false,1
Qwen/Qwen2.5-Omni-7B,52861,lp_0-2000,Trill,Seep,Seep,false,1
Qwen/Qwen2.5-Omni-7B,52861,lp_0-4000,Trill,Seep,Seep,false,1
Qwen/Qwen2.5-Omni-7B,52861,lp_0-6000,Trill,Seep,Seep,false,1
Qwen/Qwen2.5-Omni-7B,52861,lp_0-8000,Trill,Seep,Seep,false,1
Qwen/Qwen2.5-Omni-7B,52861,remove_0-1000,Trill,Tsik,Tsik,false,1
Qwen/Qwen2.5-Omni-7B,52861,remove_1000-2000,Trill,Seep,Seep,false,1
Qwen/Qwen2.5-Omni-7B,52861,remove_2000-4000,Trill,Tsik,Tsik,false,1
Qwen/Qwen2.5-Omni-7B,52861,remove_4000-6000,Trill,Tsik,Tsik,false,1
Qwen/Qwen2.5-Omni-7B,52861,remove_6000-8000,Trill,Phee,Phee,false,1
Qwen/Qwen2.5-Omni-7B,548798,lp_0-1000,Trill,Seep,Seep,false,1
Qwen/Qwen2.5-Omni-7B,548798,lp_0-2000,Trill,Phee,Phee,false,1
Qwen/Qwen2.5-Omni-7B,548798,lp_0-4000,Trill,Tsik,Tsik,false,1
Qwen/Qwen2.5-Omni-7B,548798,lp_0-6000,Trill,Tsik,Tsik,false,1
Qwen/Qwen2.5-Omni-7B,548798,lp_0-8000,Trill,Tsik,Tsik,false,1
Qwen/Qwen2.5-Omni-7B,548798,remove_0-1000,Trill,Tsik,Tsik,false,1
Qwen/Qwen2.5-Omni-7B,548798,remove_1000-2000,Trill,Tsik,Tsik,false,1
Qwen/Qwen2.5-Omni-7B,548798,remove_2000-4000,Trill,Tsik,Tsik,false,1
Qwen/Qwen2.5-Omni-7B,548798,remove_4000-6000,Trill,Tsik,Tsik,false,1
Qwen/Qwen2.5-Omni-7B,548798,remove_6000-8000,Trill,Tsik,Tsik,false,1
Qwen/Qwen2.5-Omni-7B,549295,lp_0-1000,Trill,Phee,Phee,false,1
Qwen/Qwen2.5-Omni-7B,549295,lp_0-2000,Trill,Phee,Phee,false,1
Qwen/Qwen2.5-Omni-7B,549295,lp_0-4000,Trill,Phee,Phee,false,1
Qwen/Qwen2.5-Omni-7B,549295,lp_0-6000,Trill,Seep,Seep,false,1
Qwen/Qwen2.5-Omni-7B,549295,lp_0-8000,Trill,Tsik,Tsik,false,1
Qwen/Qwen2.5-Omni-7B,549295,remove_0-1000,Trill,Tsik,Tsik,false,1
Qwen/Qwen2.5-Omni-7B,549295,remove_1000-2000,Trill,Tsik,Tsik,false,1
Qwen/Qwen2.5-Omni-7B,549295,remove_2000-4000,Trill,Seep,Seep,false,1
Qwen/Qwen2.5-Omni-7B,549295,remove_4000-6000,Trill,Tsik,Tsik,false,1
Qwen/Qwen2.5-Omni-7B,549295,remove_6000-8000,Trill,Seep,Seep,false,1
Qwen/Qwen2.5-Omni-7B,549995,lp_0-1000,Trill,Phee,Phee,false,1
Qwen/Qwen2.5-Omni-7B,549995,lp_0-2000,Trill,Phee,Phee,false,1
Qwen/Qwen2.5-Omni-7B,549995,lp_0-4000,Trill,Phee,Phee,false,1
Qwen/Qwen2.5-Omni-7B,549995,lp_0-6000,Trill,Twitter,Twitter,false,1
Qwen/Qwen2.5-Omni-7B,549995,lp_0-8000,Trill,Phee,Phee,false,1
Qwen/Qwen2.5-Omni-7B,549995,remove_0-1000,Trill,Tsik,Tsik,false,1
Qwen/Qwen2.5-Omni-7B,549995,remove_1000-2000,Trill,Tsik,Tsik,false,1
Qwen/Qwen2.5-Omni-7B,549995,remove_2000-4000,Trill,Tsik,Tsik,false,1
Qwen/Qwen2.5-Omni-7B,549995,remove_4000-6000,Trill,Tsik,Tsik,false,1
Qwen/Qwen2.5-Omni-7B,549995,remove_6000-8000,Trill,Tsik,Tsik,false,1
Qwen/Qwen2.5-Omni-7B,561688,lp_0-1000,Trill,Phee,Phee,false,1
Qwen/Qwen2.5-Omni-7B,561688,lp_0-2000,Trill,Phee,Phee,false,1
Qwen/Qwen2.5-Omni-7B,561688,lp_0-4000,Trill,Phee,Phee,false,1
Qwen/Qwen2.5-Omni-7B,561688,lp_0-6000,Trill,Phee,Phee,false,1
Qwen/Qwen2.5-Omni-7B,561688,lp_0-8000,Trill,Phee,Phee,false,1
Qwen/Qwen2.5-Omni-7B,561688,remove_0-1000,Trill,Phee,Phee,false,1
Qwen/Qwen2.5-Omni-7B,561688,remove_1000-2000,Trill,Phee,Phee,false,1
Qwen/Qwen2.5-Omni-7B,561688,remove_2000-4000,Trill,Phee,Phee,false,1
Qwen/Qwen2.5-Omni-7B,561688,remove_4000-6000,Trill,Phee,Phee,false,1
Qwen/Qwen2.5-Omni-7B,561688,remove_6000-8000,Trill,Phee,Phee,false,1
Qwen/Qwen2.5-Omni-7B,56195,lp_0-1000,Trill,Seep,Seep,false,1
Qwen/Qwen2.5-Omni-7B,56195,lp_0-2000,Trill,Phee,Phee,false,1
Qwen/Qwen2.5-Omni-7B,56195,lp_0-4000,Trill,Phee,Phee,false,1
Qwen/Qwen2.5-Omni-7B,56195,lp_0-6000,Trill,Tsik,Tsik,false,1
Qwen/Qwen2.5-Omni-7B,56195,lp_0-8000,Trill,Tsik,Tsik,false,1
Qwen/Qwen2.5-Omni-7B,56195,remove_0-1000,Trill,Phee,Phee,false,1
Qwen/Qwen2.5-Omni-7B,56195,remove_1000-2000,Trill,Phee,Phee,false,1
Qwen/Qwen2.5-Omni-7B,56195,remove_2000-4000,Trill,Tsik,Tsik,false,1
Qwen/Qwen2.5-Omni-7B,56195,remove_4000-6000,Trill,Tsik,Tsik,false,1
Qwen/Qwen2.5-Omni-7B,56195,remove_6000-8000,Trill,Seep,Seep,false,1
Qwen/Qwen2.5-Omni-7B,564626,lp_0-1000,Trill,Seep,Seep,false,1
Qwen/Qwen2.5-Omni-7B,564626,lp_0-2000,Trill,Phee,Phee,false,1
Qwen/Qwen2.5-Omni-7B,564626,lp_0-4000,Trill,Phee,Phee,false,1
Qwen/Qwen2.5-Omni-7B,564626,lp_0-6000,Trill,Tsik,Tsik,false,1
Qwen/Qwen2.5-Omni-7B,564626,lp_0-8000,Trill,Tsik,Tsik,false,1
Qwen/Qwen2.5-Omni-7B,564626,remove_0-1000,Trill,Tsik,Tsik,false,1
Qwen/Qwen2.5-Omni-7B,564626,remove_1000-2000,Trill,Phee,Phee,false,1
Qwen/Qwen2.5-Omni-7B,564626,remove_2000-4000,Trill,Phee,Phee,false,1
Qwen/Qwen2.5-Omni-7B,564626,remove_4000-6000,Trill,Tsik,Tsik,false,1
Qwen/Qwen2.5-Omni-7B,564626,remove_6000-8000,Trill,Tsik,Tsik,false,1
Qwen/Qwen2.5-Omni-7B,572081,lp_0-1000,Trill,Phee,Phee,false,1
Qwen/Qwen2.5-Omni-7B,572081,lp_0-2000,Trill,Phee,Phee,false,1
Qwen/Qwen2.5-Omni-7B,572081,lp_0-4000,Trill,Tsik,Tsik,false,1
Qwen/Qwen2.5-Omni-7B,572081,lp_0-6000,Trill,Tsik,Tsik,false,1
Qwen/Qwen2.5-Omni-7B,572081,lp_0-8000,Trill,Seep,Seep,false,1
Qwen/Qwen2.5-Omni-7B,572081,remove_0-1000,Trill,Tsik,Tsik,false,1
Qwen/Qwen2.5-Omni-7B,572081,remove_1000-2000,Trill,Phee,Phee,false,1
Qwen/Qwen2.5-Omni-7B,572081,remove_2000-4000,Trill,Tsik,Tsik,false,1
Qwen/Qwen2.5-Omni-7B,572081,remove_4000-6000,Trill,Seep,Seep,false,1
Qwen/Qwen2.5-Omni-7B,572081,remove_6000-8000,Trill,Tsik,Tsik,false,1
Qwen/Qwen2.5-Omni-7B,580149,lp_0-1000,Trill,Phee,Phee,false,1
Qwen/Qwen2.5-Omni-7B,580149,lp_0-2000,Trill,Phee,Phee,false,1
Qwen/Qwen2.5-Omni-7B,580149,lp_0-4000,Trill,Phee,Phee,false,1
Qwen/Qwen2.5-Omni-7B,580149,lp_0-6000,Trill,Phee,Phee,false,1
Qwen/Qwen2.5-Omni-7B,580149,lp_0-8000,Trill,Phee,Phee,false,1
Qwen/Qwen2.5-Omni-7B,580149,remove_0-1000,Trill,Phee,Phee,false,1
Qwen/Qwen2.5-Omni-7B,580149,remove_1000-2000,Trill,Phee,Phee,false,1
Qwen/Qwen2.5-Omni-7B,580149,remove_2000-4000,Trill,Phee,Phee,false,1
Qwen/Qwen2.5-Omni-7B,580149,remove_4000-6000,Trill,Phee,Phee,false,1
Qwen/Qwen2.5-Omni-7B,580149,remove_6000-8000,Trill,Seep,Seep,false,1
Qwen/Qwen2.5-Omni-7B,584053,lp_0-1000,Trill,Phee,Phee,false,1
Qwen/Qwen2.5-Omni-7B,584053,lp_0-2000,Trill,Phee,Phee,false,1
Qwen/Qwen2.5-Omni-7B,584053,lp_0-4000,Trill,Phee,Phee,false,1
Qwen/Qwen2.5-Omni-7B,584053,lp_0-6000,Trill,Phee,Phee,false,1
Qwen/Qwen2.5-Omni-7B,584053,lp_0-8000,Trill,Tsik,Tsik,false,1
Qwen/Qwen2.5-Omni-7B,584053,remove_0-1000,Trill,Phee,Phee,false,1
Qwen/Qwen2.5-Omni-7B,584053,remove_1000-2000,Trill,Phee,Phee,false,1
Qwen/Qwen2.5-Omni-7B,584053,remove_2000-4000,Trill,Phee,Phee,false,1
Qwen/Qwen2.5-Omni-7B,584053,remove_4000-6000,Trill,Phee,Phee,false,1
Qwen/Qwen2.5-Omni-7B,584053,remove_6000-8000,Trill,Phee,Phee,false,1
Qwen/Qwen2.5-Omni-7B,589438,lp_0-1000,Trill,Seep,Seep,false,1
Qwen/Qwen2.5-Omni-7B,589438,lp_0-2000,Trill,Seep,Seep,false,1
Qwen/Qwen2.5-Omni-7B,589438,lp_0-4000,Trill,Seep,Seep,false,1
Qwen/Qwen2.5-Omni-7B,589438,lp_0-6000,Trill,Tsik,Tsik,false,1
Qwen/Qwen2.5-Omni-7B,589438,lp_0-8000,Trill,Tsik,Tsik,false,1
Qwen/Qwen2.5-Omni-7B,589438,remove_0-1000,Trill,Phee,Phee,false,1
Qwen/Qwen2.5-Omni-7B,589438,remove_1000-2000,Trill,Phee,Phee,false,1
Qwen/Qwen2.5-Omni-7B,589438,remove_2000-4000,Trill,Tsik,Tsik,false,1
Qwen/Qwen2.5-Omni-7B,589438,remove_4000-6000,Trill,Seep,Seep,false,1
Qwen/Qwen2.5-Omni-7B,589438,remove_6000-8000,Trill,Tsik,Tsik,false,1
Qwen/Qwen2.5-Omni-7B,592253,lp_0-1000,Trill,Phee,Phee,false,1
Qwen/Qwen2.5-Omni-7B,592253,lp_0-2000,Trill,Seep,Seep,false,1
Qwen/Qwen2.5-Omni-7B,592253,lp_0-4000,Trill,Phee,Phee,false,1
Qwen/Qwen2.5-Omni-7B,592253,lp_0-6000,Trill,Phee,Phee,false,1
Qwen/Qwen2.5-Omni-7B,592253,lp_0-8000,Trill,Tsik,Tsik,false,1
Qwen/Qwen2.5-Omni-7B,592253,remove_0-1000,Trill,Tsik,Tsik,false,1
Qwen/Qwen2.5-Omni-7B,592253,remove_1000-2000,Trill,Tsik,Tsik,false,1
Qwen/Qwen2.5-Omni-7B,592253,remove_2000-4000,Trill,Tsik,Tsik,false,1
Qwen/Qwen2.5-Omni-7B,592253,remove_4000-6000,Trill,Tsik,Tsik,false,1
Qwen/Qwen2.5-Omni-7B,592253,remove_6000-8000,Trill,Tsik,Tsik,false,1
Qwen/Qwen2.5-Omni-7B,592333,lp_0-1000,Trill,Seep,Seep,false,1
Qwen/Qwen2.5-Omni-7B,592333,lp_0-2000,Trill,Phee,Phee,false,1
Qwen/Qwen2.5-Omni-7B,592333,lp_0-4000,Trill,Phee,Phee,false,1
Qwen/Qwen2.5-Omni-7B,592333,lp_0-6000,Trill,Seep,Seep,false,1
Qwen/Qwen2.5-Omni-7B,592333,lp_0-8000,Trill,Phee,Phee,false,1
Qwen/Qwen2.5-Omni-7B,592333,remove_0-1000,Trill,Phee,Phee,false,1
Qwen/Qwen2.5-Omni-7B,592333,remove_1000-2000,Trill,Phee,Phee,false,1
Qwen/Qwen2.5-Omni-7B,592333,remove_2000-4000,Trill,Phee,Phee,false,1
Qwen/Qwen2.5-Omni-7B,592333,remove_4000-6000,Trill,Phee,Phee,false,1
Qwen/Qwen2.5-Omni-7B,592333,remove_6000-8000,Trill,Phee,Phee,false,1
Qwen/Qwen2.5-Omni-7B,592365,lp_0-1000,Trill,Seep,Seep,false,1
Qwen/Qwen2.5-Omni-7B,592365,lp_0-2000,Trill,Phee,Phee,false,1
Qwen/Qwen2.5-Omni-7B,592365,lp_0-4000,Trill,Seep,Seep,false,1
Qwen/Qwen2.5-Omni-7B,592365,lp_0-6000,Trill,Seep,Seep,false,1
Qwen/Qwen2.5-Omni-7B,592365,lp_0-8000,Trill,Tsik,Tsik,false,1
Qwen/Qwen2.5-Omni-7B,592365,remove_0-1000,Trill,Tsik,Tsik,false,1
Qwen/Qwen2.5-Omni-7B,592365,remove_1000-2000,Trill,Tsik,Tsik,false,1
Qwen/Qwen2.5-Omni-7B,592365,remove_2000-4000,Trill,Tsik,Tsik,false,1
Qwen/Qwen2.5-Omni-7B,592365,remove_4000-6000,Trill,Tsik,Tsik,false,1
Qwen/Qwen2.5-Omni-7B,592365,remove_6000-8000,Trill,Tsik,Tsik,false,1
Qwen/Qwen2.5-Omni-7B,592485,lp_0-1000,Trill,Seep,Seep,false,1
Qwen/Qwen2.5-Omni-7B,592485,lp_0-2000,Trill,Phee,Phee,false,1
Qwen/Qwen2.5-Omni-7B,592485,lp_0-4000,Trill,Tsik,Tsik,false,1
Qwen/Qwen2.5-Omni-7B,592485,lp_0-6000,Trill,Tsik,Tsik,false,1
Qwen/Qwen2.5-Omni-7B,592485,lp_0-8000,Trill,Tsik,Tsik,false,1
Qwen/Qwen2.5-Omni-7B,592485,remove_0-1000,Trill,Tsik,Tsik,false,1
Qwen/Qwen2.5-Omni-7B,592485,remove_1000-2000,Trill,Tsik,Tsik,false,1
Qwen/Qwen2.5-Omni-7B,592485,remove_2000-4000,Trill,Tsik,Tsik,false,1
Qwen/Qwen2.5-Omni-7B,592485,remove_4000-6000,Trill,Tsik,Tsik,false,1
Qwen/Qwen2.5-Omni-7B,592485,remove_6000-8000,Trill,Tsik,Tsik,false,1
Qwen/Qwen2.5-Omni-7B,593649,lp_0-1000,Trill,Phee,Phee,false,1
Qwen/Qwen2.5-Omni-7B,593649,lp_0-2000,Trill,Phee,Phee,false,1
Qwen/Qwen2.5-Omni-7B,593649,lp_0-4000,Trill,Phee,Phee,false,1
Qwen/Qwen2.5-Omni-7B,593649,lp_0-6000,Trill,Phee,Phee,false,1
Qwen/Qwen2.5-Omni-7B,593649,lp_0-8000,Trill,Phee,Phee,false,1
Qwen/Qwen2.5-Omni-7B,593649,remove_0-1000,Trill,Phee,Phee,false,1
Qwen/Qwen2.5-Omni-7B,593649,remove_1000-2000,Trill,Phee,Phee,false,1
Qwen/Qwen2.5-Omni-7B,593649,remove_2000-4000,Trill,Phee,Phee,false,1
Qwen/Qwen2.5-Omni-7B,593649,remove_4000-6000,Trill,Phee,Phee,false,1
Qwen/Qwen2.5-Omni-7B,593649,remove_6000-8000,Trill,Phee,Phee,false,1
Qwen/Qwen2.5-Omni-7B,594023,lp_0-1000,Trill,Seep,Seep,false,1
Qwen/Qwen2.5-Omni-7B,594023,lp_0-2000,Trill,Seep,Seep,false,1
Qwen/Qwen2.5-Omni-7B,594023,lp_0-4000,Trill,Tsik,Tsik,false,1
Qwen/Qwen2.5-Omni-7B,594023,lp_0-6000,Trill,Tsik,Tsik,false,1
Qwen/Qwen2.5-Omni-7B,594023,lp_0-8000,Trill,Tsik,Tsik,false,1
Qwen/Qwen2.5-Omni-7B,594023,remove_0-1000,Trill,Tsik,Tsik,false,1
Qwen/Qwen2.5-Omni-7B,594023,remove_1000-2000,Trill,Tsik,Tsik,false,1
Qwen/Qwen2.5-Omni-7B,594023,remove_2000-4000,Trill,Tsik,Tsik,false,1
Qwen/Qwen2.5-Omni-7B,594023,remove_4000-6000,Trill,Tsik,Tsik,false,1
Qwen/Qwen2.5-Omni-7B,594023,remove_6000-8000,Trill,Tsik,Tsik,false,1
Qwen/Qwen2.5-Omni-7B,595018,lp_0-1000,Trill,Phee,Phee,false,1
Qwen/Qwen2.5-Omni-7B,595018,lp_0-2000,Trill,Phee,Phee,false,1
Qwen/Qwen2.5-Omni-7B,595018,lp_0-4000,Trill,Phee,Phee,false,1
Qwen/Qwen2.5-Omni-7B,595018,lp_0-6000,Trill,Seep,Seep,false,1
Qwen/Qwen2.5-Omni-7B,595018,lp_0-8000,Trill,Seep,Seep,false,1
Qwen/Qwen2.5-Omni-7B,595018,remove_0-1000,Trill,Seep,Seep,false,1
Qwen/Qwen2.5-Omni-7B,595018,remove_1000-2000,Trill,Seep,Seep,false,1
Qwen/Qwen2.5-Omni-7B,595018,remove_2000-4000,Trill,Seep,Seep,false,1
Qwen/Qwen2.5-Omni-7B,595018,remove_4000-6000,Trill,Seep,Seep,false,1
Qwen/Qwen2.5-Omni-7B,595018,remove_6000-8000,Trill,Seep,Seep,false,1
Qwen/Qwen2.5-Omni-7B,622320,lp_0-1000,Trill,Phee,Phee,false,1
Qwen/Qwen2.5-Omni-7B,622320,lp_0-2000,Trill,Phee,Phee,false,1
Qwen/Qwen2.5-Omni-7B,622320,lp_0-4000,Trill,Phee,Phee,false,1
Qwen/Qwen2.5-Omni-7B,622320,lp_0-6000,Trill,Phee,Phee,false,1
Qwen/Qwen2.5-Omni-7B,622320,lp_0-8000,Trill,Phee,Phee,false,1
Qwen/Qwen2.5-Omni-7B,622320,remove_0-1000,Trill,Phee,Phee,false,1
Qwen/Qwen2.5-Omni-7B,622320,remove_1000-2000,Trill,Tsik,Tsik,false,1
Qwen/Qwen2.5-Omni-7B,622320,remove_2000-4000,Trill,Phee,Phee,false,1
Qwen/Qwen2.5-Omni-7B,622320,remove_4000-6000,Trill,Tsik,Tsik,false,1
Qwen/Qwen2.5-Omni-7B,622320,remove_6000-8000,Trill,Tsik,Tsik,false,1
Qwen/Qwen2.5-Omni-7B,624712,lp_0-1000,Trill,Seep,Seep,false,1
Qwen/Qwen2.5-Omni-7B,624712,lp_0-2000,Trill,Phee,Phee,false,1
Qwen/Qwen2.5-Omni-7B,624712,lp_0-4000,Trill,Phee,Phee,false,1
Qwen/Qwen2.5-Omni-7B,624712,lp_0-6000,Trill,Seep,Seep,false,1
Qwen/Qwen2.5-Omni-7B,624712,lp_0-8000,Trill,Seep,Seep,false,1
Qwen/Qwen2.5-Omni-7B,624712,remove_0-1000,Trill,Tsik,Tsik,false,1
Qwen/Qwen2.5-Omni-7B,624712,remove_1000-2000,Trill,Phee,Phee,false,1
Qwen/Qwen2.5-Omni-7B,624712,remove_2000-4000,Trill,Seep,Seep,false,1
Qwen/Qwen2.5-Omni-7B,624712,remove_4000-6000,Trill,Seep,Seep,false,1
Qwen/Qwen2.5-Omni-7B,624712,remove_6000-8000,Trill,Seep,Seep,false,1
Qwen/Qwen2.5-Omni-7B,630476,lp_0-1000,Trill,Phee,Phee,false,1
Qwen/Qwen2.5-Omni-7B,630476,lp_0-2000,Trill,Phee,Phee,false,1
Qwen/Qwen2.5-Omni-7B,630476,lp_0-4000,Trill,Phee,Phee,false,1
Qwen/Qwen2.5-Omni-7B,630476,lp_0-6000,Trill,Phee,Phee,false,1
Qwen/Qwen2.5-Omni-7B,630476,lp_0-8000,Trill,Tsik,Tsik,false,1
Qwen/Qwen2.5-Omni-7B,630476,remove_0-1000,Trill,Tsik,Tsik,false,1
Qwen/Qwen2.5-Omni-7B,630476,remove_1000-2000,Trill,Phee,Phee,false,1
Qwen/Qwen2.5-Omni-7B,630476,remove_2000-4000,Trill,Phee,Phee,false,1
Qwen/Qwen2.5-Omni-7B,630476,remove_4000-6000,Trill,Phee,Phee,false,1
Qwen/Qwen2.5-Omni-7B,630476,remove_6000-8000,Trill,Tsik,Tsik,false,1
Qwen/Qwen2.5-Omni-7B,631448,lp_0-1000,Trill,Phee,Phee,false,1
Qwen/Qwen2.5-Omni-7B,631448,lp_0-2000,Trill,Phee,Phee,false,1
Qwen/Qwen2.5-Omni-7B,631448,lp_0-4000,Trill,Phee,Phee,false,1
Qwen/Qwen2.5-Omni-7B,631448,lp_0-6000,Trill,Phee,Phee,false,1
Qwen/Qwen2.5-Omni-7B,631448,lp_0-8000,Trill,Phee,Phee,false,1
Qwen/Qwen2.5-Omni-7B,631448,remove_0-1000,Trill,Phee,Phee,false,1
Qwen/Qwen2.5-Omni-7B,631448,remove_1000-2000,Trill,Phee,Phee,false,1
Qwen/Qwen2.5-Omni-7B,631448,remove_2000-4000,Trill,Tsik,Tsik,false,1
Qwen/Qwen2.5-Omni-7B,631448,remove_4000-6000,Trill,Phee,Phee,false,1
Qwen/Qwen2.5-Omni-7B,631448,remove_6000-8000,Trill,Tsik,Tsik,false,1
Qwen/Qwen2.5-Omni-7B,633994,lp_0-1000,Trill,Phee,Phee,false,1
Qwen/Qwen2.5-Omni-7B,633994,lp_0-2000,Trill,Seep,Seep,false,1
Qwen/Qwen2.5-Omni-7B,633994,lp_0-4000,Trill,Phee,Phee,false,1
Qwen/Qwen2.5-Omni-7B,633994,lp_0-6000,Trill,Seep,Seep,false,1
Qwen/Qwen2.5-Omni-7B,633994,lp_0-8000,Trill,Phee,Phee,false,1
Qwen/Qwen2.5-Omni-7B,633994,remove_0-1000,Trill,Tsik,Tsik,false,1
Qwen/Qwen2.5-Omni-7B,633994,remove_1000-2000,Trill,Tsik,Tsik,false,1
Qwen/Qwen2.5-Omni-7B,633994,remove_2000-4000,Trill,Phee,Phee,false,1
Qwen/Qwen2.5-Omni-7B,633994,remove_4000-6000,Trill,Phee,Phee,false,1
Qwen/Qwen2.5-Omni-7B,633994,remove_6000-8000,Trill,Seep,Seep,false,1
Qwen/Qwen2.5-Omni-7B,638810,lp_0-1000,Trill,Phee,Phee,false,1
Qwen/Qwen2.5-Omni-7B,638810,lp_0-2000,Trill,Phee,Phee,false,1
Qwen/Qwen2.5-Omni-7B,638810,lp_0-4000,Trill,Phee,Phee,false,1
Qwen/Qwen2.5-Omni-7B,638810,lp_0-6000,Trill,Phee,Phee,false,1
Qwen/Qwen2.5-Omni-7B,638810,lp_0-8000,Trill,Tsik,Tsik,false,1
Qwen/Qwen2.5-Omni-7B,638810,remove_0-1000,Trill,Tsik,Tsik,false,1
Qwen/Qwen2.5-Omni-7B,638810,remove_1000-2000,Trill,Tsik,Tsik,false,1
Qwen/Qwen2.5-Omni-7B,638810,remove_2000-4000,Trill,Tsik,Tsik,false,1
Qwen/Qwen2.5-Omni-7B,638810,remove_4000-6000,Trill,Tsik,Tsik,false,1
Qwen/Qwen2.5-Omni-7B,638810,remove_6000-8000,Trill,Tsik,Tsik,false,1
Qwen/Qwen2.5-Omni-7B,639917,lp_0-1000,Trill,Phee,Phee,false,1
Qwen/Qwen2.5-Omni-7B,639917,lp_0-2000,Trill,Phee,Phee,false,1
Qwen/Qwen2.5-Omni-7B,639917,lp_0-4000,Trill,Seep,Seep,false,1
Qwen/Qwen2.5-Omni-7B,639917,lp_0-6000,Trill,Phee,Phee,false,1
Qwen/Qwen2.5-Omni-7B,639917,lp_0-8000,Trill,Seep,Seep,false,1
Qwen/Qwen2.5-Omni-7B,639917,remove_0-1000,Trill,Tsik,Tsik,false,1
Qwen/Qwen2.5-Omni-7B,639917,remove_1000-2000,Trill,Tsik,Tsik,false,1
Qwen/Qwen2.5-Omni-7B,639917,remove_2000-4000,Trill,Tsik,Tsik,false,1
Qwen/Qwen2.5-Omni-7B,639917,remove_4000-6000,Trill,Tsik,Tsik,false,1
Qwen/Qwen2.5-Omni-7B,639917,remove_6000-8000,Trill,Seep,Seep,false,1
Qwen/Qwen2.5-Omni-7B,649137,lp_0-1000,Trill,Seep,Seep,false,1
Qwen/Qwen2.5-Omni-7B,649137,lp_0-2000,Trill,Seep,Seep,false,1
Qwen/Qwen2.5-Omni-7B,649137,lp_0-4000,Trill,Phee,Phee,false,1
Qwen/Qwen2.5-Omni-7B,649137,lp_0-6000,Trill,Seep,Seep,false,1
Qwen/Qwen2.5-Omni-7B,649137,lp_0-8000,Trill,Tsik,Tsik,false,1
Qwen/Qwen2.5-Omni-7B,649137,remove_0-1000,Trill,Tsik,Tsik,false,1
Qwen/Qwen2.5-Omni-7B,649137,remove_1000-2000,Trill,Tsik,Tsik,false,1
Qwen/Qwen2.5-Omni-7B,649137,remove_2000-4000,Trill,Tsik,Tsik,false,1
Qwen/Qwen2.5-Omni-7B,649137,remove_4000-6000,Trill,Seep,Seep,false,1
Qwen/Qwen2.5-Omni-7B,649137,remove_6000-8000,Trill,Seep,Seep,false,1
Qwen/Qwen2.5-Omni-7B,666889,lp_0-1000,Trill,Phee,Phee,false,1
Qwen/Qwen2.5-Omni-7B,666889,lp_0-2000,Trill,Phee,Phee,false,1
Qwen/Qwen2.5-Omni-7B,666889,lp_0-4000,Trill,Phee,Phee,false,1
Qwen/Qwen2.5-Omni-7B,666889,lp_0-6000,Trill,Phee,Phee,false,1
Qwen/Qwen2.5-Omni-7B,666889,lp_0-8000,Trill,Phee,Phee,false,1
Qwen/Qwen2.5-Omni-7B,666889,remove_0-1000,Trill,Phee,Phee,false,1
Qwen/Qwen2.5-Omni-7B,666889,remove_1000-2000,Trill,Phee,Phee,false,1
Qwen/Qwen2.5-Omni-7B,666889,remove_2000-4000,Trill,Phee,Phee,false,1
Qwen/Qwen2.5-Omni-7B,666889,remove_4000-6000,Trill,Phee,Phee,false,1
Qwen/Qwen2.5-Omni-7B,666889,remove_6000-8000,Trill,Phee,Phee,false,1
Qwen/Qwen2.5-Omni-7B,667042,lp_0-1000,Trill,Seep,Seep,false,1
Qwen/Qwen2.5-Omni-7B,667042,lp_0-2000,Trill,Phee,Phee,false,1
Qwen/Qwen2.5-Omni-7B,667042,lp_0-4000,Trill,Phee,Phee,false,1
Qwen/Qwen2.5-Omni-7B,667042,lp_0-6000,Trill,Seep,Seep,false,1
Qwen/Qwen2.5-Omni-7B,667042,lp_0-8000,Trill,Seep,Seep,false,1
Qwen/Qwen2.5-Omni-7B,667042,remove_0-1000,Trill,Tsik,Tsik,false,1
Qwen/Qwen2.5-Omni-7B,667042,remove_1000-2000,Trill,Phee,Phee,false,1
Qwen/Qwen2.5-Omni-7B,667042,remove_2000-4000,Trill,Phee,Phee,false,1
Qwen/Qwen2.5-Omni-7B,667042,remove_4000-6000,Trill,Phee,Phee,false,1
Qwen/Qwen2.5-Omni-7B,667042,remove_6000-8000,Trill,Seep,Seep,false,1
Qwen/Qwen2.5-Omni-7B,667091,lp_0-1000,Trill,Phee,Phee,false,1
Qwen/Qwen2.5-Omni-7B,667091,lp_0-2000,Trill,Phee,Phee,false,1
Qwen/Qwen2.5-Omni-7B,667091,lp_0-4000,Trill,Phee,Phee,false,1
Qwen/Qwen2.5-Omni-7B,667091,lp_0-6000,Trill,Phee,Phee,false,1
Qwen/Qwen2.5-Omni-7B,667091,lp_0-8000,Trill,Phee,Phee,false,1
Qwen/Qwen2.5-Omni-7B,667091,remove_0-1000,Trill,Phee,Phee,false,1
Qwen/Qwen2.5-Omni-7B,667091,remove_1000-2000,Trill,Phee,Phee,false,1
Qwen/Qwen2.5-Omni-7B,667091,remove_2000-4000,Trill,Phee,Phee,false,1
Qwen/Qwen2.5-Omni-7B,667091,remove_4000-6000,Trill,Phee,Phee,false,1
Qwen/Qwen2.5-Omni-7B,667091,remove_6000-8000,Trill,Phee,Phee,false,1
Qwen/Qwen2.5-Omni-7B,667312,lp_0-1000,Trill,Phee,Phee,false,1
Qwen/Qwen2.5-Omni-7B,667312,lp_0-2000,Trill,Phee,Phee,false,1
Qwen/Qwen2.5-Omni-7B,667312,lp_0-4000,Trill,Phee,Phee,false,1
Qwen/Qwen2.5-Omni-7B,667312,lp_0-6000,Trill,Seep,Seep,false,1
Qwen/Qwen2.5-Omni-7B,667312,lp_0-8000,Trill,Tsik,Tsik,false,1
Qwen/Qwen2.5-Omni-7B,667312,remove_0-1000,Trill,Tsik,Tsik,false,1
Qwen/Qwen2.5-Omni-7B,667312,remove_1000-2000,Trill,Phee,Phee,false,1
Qwen/Qwen2.5-Omni-7B,667312,remove_2000-4000,Trill,Phee,Phee,false,1
Qwen/Qwen2.5-Omni-7B,667312,remove_4000-6000,Trill,Tsik,Tsik,false,1
Qwen/Qwen2.5-Omni-7B,667312,remove_6000-8000,Trill,Phee,Phee,false,1
Qwen/Qwen2.5-Omni-7B,668428,lp_0-1000,Trill,Phee,Phee,false,1
Qwen/Qwen2.5-Omni-7B,668428,lp_0-2000,Trill,Phee,Phee,false,1
Qwen/Qwen2.5-Omni-7B,668428,lp_0-4000,Trill,Phee,Phee,false,1
Qwen/Qwen2.5-Omni-7B,668428,lp_0-6000,Trill,Seep,Seep,false,1
Qwen/Qwen2.5-Omni-7B,668428,lp_0-8000,Trill,Seep,Seep,false,1
Qwen/Qwen2.5-Omni-7B,668428,remove_0-1000,Trill,Phee,Phee,false,1
Qwen/Qwen2.5-Omni-7B,668428,remove_1000-2000,Trill,Seep,Seep,false,1
Qwen/Qwen2.5-Omni-7B,668428,remove_2000-4000,Trill,Seep,Seep,false,1
Qwen/Qwen2.5-Omni-7B,668428,remove_4000-6000,Trill,Phee,Phee,false,1
Qwen/Qwen2.5-Omni-7B,668428,remove_6000-8000,Trill,Phee,Phee,false,1
Qwen/Qwen2.5-Omni-7B,669075,lp_0-1000,Trill,Phee,Phee,false,1
Qwen/Qwen2.5-Omni-7B,669075,lp_0-2000,Trill,Phee,Phee,false,1
Qwen/Qwen2.5-Omni-7B,669075,lp_0-4000,Trill,Phee,Phee,false,1
Qwen/Qwen2.5-Omni-7B,669075,lp_0-6000,Trill,Phee,Phee,false,1
Qwen/Qwen2.5-Omni-7B,669075,lp_0-8000,Trill,Phee,Phee,false,1
Qwen/Qwen2.5-Omni-7B,669075,remove_0-1000,Trill,Phee,Phee,false,1
Qwen/Qwen2.5-Omni-7B,669075,remove_1000-2000,Trill,Phee,Phee,false,1
Qwen/Qwen2.5-Omni-7B,669075,remove_2000-4000,Trill,Phee,Phee,false,1
Qwen/Qwen2.5-Omni-7B,669075,remove_4000-6000,Trill,Phee,Phee,false,1
Qwen/Qwen2.5-Omni-7B,669075,remove_6000-8000,Trill,Phee,Phee,false,1
Qwen/Qwen2.5-Omni-7B,670835,lp_0-1000,Trill,Phee,Phee,false,1
Qwen/Qwen2.5-Omni-7B,670835,lp_0-2000,Trill,Phee,Phee,false,1
Qwen/Qwen2.5-Omni-7B,670835,lp_0-4000,Trill,Phee,Phee,false,1
Qwen/Qwen2.5-Omni-7B,670835,lp_0-6000,Trill,Phee,Phee,false,1
Qwen/Qwen2.5-Omni-7B,670835,lp_0-8000,Trill,Phee,Phee,false,1
Qwen/Qwen2.5-Omni-7B,670835,remove_0-1000,Trill,Phee,Phee,false,1
Qwen/Qwen2.5-Omni-7B,670835,remove_1000-2000,Trill,Phee,Phee,false,1
Qwen/Qwen2.5-Omni-7B,670835,remove_2000-4000,Trill,Phee,Phee,false,1
Qwen/Qwen2.5-Omni-7B,670835,remove_4000-6000,Trill,Phee,Phee,false,1
Qwen/Qwen2.5-Omni-7B,670835,remove_6000-8000,Trill,Phee,Phee,false,1
Qwen/Qwen2.5-Omni-7B,679182,lp_0-1000,Trill,Phee,Phee,false,1
Qwen/Qwen2.5-Omni-7B,679182,lp_0-2000,Trill,Phee,Phee,false,1
Qwen/Qwen2.5-Omni-7B,679182,lp_0-4000,Trill,Phee,Phee,false,1
Qwen/Qwen2.5-Omni-7B,679182,lp_0-6000,Trill,Phee,Phee,false,1
Qwen/Qwen2.5-Omni-7B,679182,lp_0-8000,Trill,Phee,Phee,false,1
Qwen/Qwen2.5-Omni-7B,679182,remove_0-1000,Trill,Tsik,Tsik,false,1
Qwen/Qwen2.5-Omni-7B,679182,remove_1000-2000,Trill,Phee,Phee,false,1
Qwen/Qwen2.5-Omni-7B,679182,remove_2000-4000,Trill,Phee,Phee,false,1
Qwen/Qwen2.5-Omni-7B,679182,remove_4000-6000,Trill,Phee,Phee,false,1
Qwen/Qwen2.5-Omni-7B,679182,remove_6000-8000,Trill,Phee,Phee,false,1
Qwen/Qwen2.5-Omni-7B,686112,lp_0-1000,Trill,Phee,Phee,false,1
Qwen/Qwen2.5-Omni-7B,686112,lp_0-2000,Trill,Phee,Phee,false,1
Qwen/Qwen2.5-Omni-7B,686112,lp_0-4000,Trill,Phee,Phee,false,1
Qwen/Qwen2.5-Omni-7B,686112,lp_0-6000,Trill,Phee,Phee,false,1
Qwen/Qwen2.5-Omni-7B,686112,lp_0-8000,Trill,Tsik,Tsik,false,1
Qwen/Qwen2.5-Omni-7B,686112,remove_0-1000,Trill,Tsik,Tsik,false,1
Qwen/Qwen2.5-Omni-7B,686112,remove_1000-2000,Trill,Phee,Phee,false,1
Qwen/Qwen2.5-Omni-7B,686112,remove_2000-4000,Trill,Tsik,Tsik,false,1
Qwen/Qwen2.5-Omni-7B,686112,remove_4000-6000,Trill,Tsik,Tsik,false,1
Qwen/Qwen2.5-Omni-7B,686112,remove_6000-8000,Trill,Tsik,Tsik,false,1
Qwen/Qwen2.5-Omni-7B,687244,lp_0-1000,Trill,Phee,Phee,false,1
Qwen/Qwen2.5-Omni-7B,687244,lp_0-2000,Trill,Phee,Phee,false,1
Qwen/Qwen2.5-Omni-7B,687244,lp_0-4000,Trill,Phee,Phee,false,1
Qwen/Qwen2.5-Omni-7B,687244,lp_0-6000,Trill,Phee,Phee,false,1
Qwen/Qwen2.5-Omni-7B,687244,lp_0-8000,Trill,Phee,Phee,false,1
Qwen/Qwen2.5-Omni-7B,687244,remove_0-1000,Trill,Phee,Phee,false,1
Qwen/Qwen2.5-Omni-7B,687244,remove_1000-2000,Trill,Phee,Phee,false,1
Qwen/Qwen2.5-Omni-7B,687244,remove_2000-4000,Trill,Phee,Phee,false,1
Qwen/Qwen2.5-Omni-7B,687244,remove_4000-6000,Trill,Phee,Phee,false,1
Qwen/Qwen2.5-Omni-7B,687244,remove_6000-8000,Trill,Phee,Phee,false,1
Qwen/Qwen2.5-Omni-7B,691986,lp_0-1000,Trill,Phee,Phee,false,1
Qwen/Qwen2.5-Omni-7B,691986,lp_0-2000,Trill,Phee,Phee,false,1
Qwen/Qwen2.5-Omni-7B,691986,lp_0-4000,Trill,Phee,Phee,false,1
Qwen/Qwen2.5-Omni-7B,691986,lp_0-6000,Trill,Phee,Phee,false,1
Qwen/Qwen2.5-Omni-7B,691986,lp_0-8000,Trill,Phee,Phee,false,1
Qwen/Qwen2.5-Omni-7B,691986,remove_0-1000,Trill,Tsik,Tsik,false,1
Qwen/Qwen2.5-Omni-7B,691986,remove_1000-2000,Trill,Phee,Phee,false,1
Qwen/Qwen2.5-Omni-7B,691986,remove_2000-4000,Trill,Phee,Phee,false,1
Qwen/Qwen2.5-Omni-7B,691986,remove_4000-6000,Trill,Phee,Phee,false,1
Qwen/Qwen2.5-Omni-7B,691986,remove_6000-8000,Trill,Phee,Phee,false,1
Qwen/Qwen2.5-Omni-7B,695230,lp_0-1000,Trill,Phee,Phee,false,1
Qwen/Qwen2.5-Omni-7B,695230,lp_0-2000,Trill,Phee,Phee,false,1
Qwen/Qwen2.5-Omni-7B,695230,lp_0-4000,Trill,Phee,Phee,false,1
Qwen/Qwen2.5-Omni-7B,695230,lp_0-6000,Trill,Tsik,Tsik,false,1
Qwen/Qwen2.5-Omni-7B,695230,lp_0-8000,Trill,Tsik,Tsik,false,1
Qwen/Qwen2.5-Omni-7B,695230,remove_0-1000,Trill,Tsik,Tsik,false,1
Qwen/Qwen2.5-Omni-7B,695230,remove_1000-2000,Trill,Tsik,Tsik,false,1
Qwen/Qwen2.5-Omni-7B,695230,remove_2000-4000,Trill,Tsik,Tsik,false,1
Qwen/Qwen2.5-Omni-7B,695230,remove_4000-6000,Trill,Tsik,Tsik,false,1
Qwen/Qwen2.5-Omni-7B,695230,remove_6000-8000,Trill,Tsik,Tsik,false,1
Qwen/Qwen2.5-Omni-7B,707417,lp_0-1000,Trill,Phee,Phee,false,1
Qwen/Qwen2.5-Omni-7B,707417,lp_0-2000,Trill,Phee,Phee,false,1
Qwen/Qwen2.5-Omni-7B,707417,lp_0-4000,Trill,Phee,Phee,false,1
Qwen/Qwen2.5-Omni-7B,707417,lp_0-6000,Trill,Phee,Phee,false,1
Qwen/Qwen2.5-Omni-7B,707417,lp_0-8000,Trill,Phee,Phee,false,1
Qwen/Qwen2.5-Omni-7B,707417,remove_0-1000,Trill,Tsik,Tsik,false,1
Qwen/Qwen2.5-Omni-7B,707417,remove_1000-2000,Trill,Phee,Phee,false,1
Qwen/Qwen2.5-Omni-7B,707417,remove_2000-4000,Trill,Tsik,Tsik,false,1
Qwen/Qwen2.5-Omni-7B,707417,remove_4000-6000,Trill,Phee,Phee,false,1
Qwen/Qwen2.5-Omni-7B,707417,remove_6000-8000,Trill,Phee,Phee,false,1
Qwen/Qwen2.5-Omni-7B,708875,lp_0-1000,Trill,Seep,Seep,false,1
Qwen/Qwen2.5-Omni-7B,708875,lp_0-2000,Trill,Phee,Phee,false,1
Qwen/Qwen2.5-Omni-7B,708875,lp_0-4000,Trill,Phee,Phee,false,1
Qwen/Qwen2.5-Omni-7B,708875,lp_0-6000,Trill,Phee,Phee,false,1
Qwen/Qwen2.5-Omni-7B,708875,lp_0-8000,Trill,Seep,Seep,false,1
Qwen/Qwen2.5-Omni-7B,708875,remove_0-1000,Trill,Tsik,Tsik,false,1
Qwen/Qwen2.5-Omni-7B,708875,remove_1000-2000,Trill,Seep,Seep,false,1
Qwen/Qwen2.5-Omni-7B,708875,remove_2000-4000,Trill,Seep,Seep,false,1
Qwen/Qwen2.5-Omni-7B,708875,remove_4000-6000,Trill,Seep,Seep,false,1
Qwen/Qwen2.5-Omni-7B,708875,remove_6000-8000,Trill,Seep,Seep,false,1
Qwen/Qwen2.5-Omni-7B,714664,lp_0-1000,Trill,Seep,Seep,false,1
Qwen/Qwen2.5-Omni-7B,714664,lp_0-2000,Trill,Phee,Phee,false,1
Qwen/Qwen2.5-Omni-7B,714664,lp_0-4000,Trill,Phee,Phee,false,1
Qwen/Qwen2.5-Omni-7B,714664,lp_0-6000,Trill,Phee,Phee,false,1
Qwen/Qwen2.5-Omni-7B,714664,lp_0-8000,Trill,Seep,Seep,false,1
Qwen/Qwen2.5-Omni-7B,714664,remove_0-1000,Trill,Tsik,Tsik,false,1
Qwen/Qwen2.5-Omni-7B,714664,remove_1000-2000,Trill,Tsik,Tsik,false,1
Qwen/Qwen2.5-Omni-7B,714664,remove_2000-4000,Trill,Tsik,Tsik,false,1
Qwen/Qwen2.5-Omni-7B,714664,remove_4000-6000,Trill,Seep,Seep,false,1
Qwen/Qwen2.5-Omni-7B,714664,remove_6000-8000,Trill,Tsik,Tsik,false,1
Qwen/Qwen2.5-Omni-7B,725841,lp_0-1000,Trill,Seep,Seep,false,1
Qwen/Qwen2.5-Omni-7B,725841,lp_0-2000,Trill,Seep,Seep,false,1
Qwen/Qwen2.5-Omni-7B,725841,lp_0-4000,Trill,Seep,Seep,false,1
Qwen/Qwen2.5-Omni-7B,725841,lp_0-6000,Trill,Seep,Seep,false,1
Qwen/Qwen2.5-Omni-7B,725841,lp_0-8000,Trill,Seep,Seep,false,1
Qwen/Qwen2.5-Omni-7B,725841,remove_0-1000,Trill,Seep,Seep,false,1
Qwen/Qwen2.5-Omni-7B,725841,remove_1000-2000,Trill,Seep,Seep,false,1
Qwen/Qwen2.5-Omni-7B,725841,remove_2000-4000,Trill,Seep,Seep,false,1
Qwen/Qwen2.5-Omni-7B,725841,remove_4000-6000,Trill,Seep,Seep,false,1
Qwen/Qwen2.5-Omni-7B,725841,remove_6000-8000,Trill,Seep,Seep,false,1
Qwen/Qwen2.5-Omni-7B,738495,lp_0-1000,Trill,Phee,Phee,false,1
Qwen/Qwen2.5-Omni-7B,738495,lp_0-2000,Trill,Phee,Phee,false,1
Qwen/Qwen2.5-Omni-7B,738495,lp_0-4000,Trill,Phee,Phee,false,1
Qwen/Qwen2.5-Omni-7B,738495,lp_0-6000,Trill,Phee,Phee,false,1
Qwen/Qwen2.5-Omni-7B,738495,lp_0-8000,Trill,Phee,Phee,false,1
Qwen/Qwen2.5-Omni-7B,738495,remove_0-1000,Trill,Tsik,Tsik,false,1
Qwen/Qwen2.5-Omni-7B,738495,remove_1000-2000,Trill,Phee,Phee,false,1
Qwen/Qwen2.5-Omni-7B,738495,remove_2000-4000,Trill,Phee,Phee,false,1
Qwen/Qwen2.5-Omni-7B,738495,remove_4000-6000,Trill,Phee,Phee,false,1
Qwen/Qwen2.5-Omni-7B,738495,remove_6000-8000,Trill,Phee,Phee,false,1
Qwen/Qwen2.5-Omni-7B,762457,lp_0-1000,Trill,Phee,Phee,false,1
Qwen/Qwen2.5-Omni-7B,762457,lp_0-2000,Trill,Phee,Phee,false,1
Qwen/Qwen2.5-Omni-7B,762457,lp_0-4000,Trill,Phee,Phee,false,1
Qwen/Qwen2.5-Omni-7B,762457,lp_0-6000,Trill,Phee,Phee,false,1
Qwen/Qwen2.5-Omni-7B,762457,lp_0-8000,Trill,Phee,Phee,false,1
Qwen/Qwen2.5-Omni-7B,762457,remove_0-1000,Trill,Tsik,Tsik,false,1
Qwen/Qwen2.5-Omni-7B,762457,remove_1000-2000,Trill,Phee,Phee,false,1
Qwen/Qwen2.5-Omni-7B,762457,remove_2000-4000,Trill,Tsik,Tsik,false,1
Qwen/Qwen2.5-Omni-7B,762457,remove_4000-6000,Trill,Phee,Phee,false,1
Qwen/Qwen2.5-Omni-7B,762457,remove_6000-8000,Trill,Phee,Phee,false,1
Qwen/Qwen2.5-Omni-7B,768310,lp_0-1000,Trill,Seep,Seep,false,1
Qwen/Qwen2.5-Omni-7B,768310,lp_0-2000,Trill,Phee,Phee,false,1
Qwen/Qwen2.5-Omni-7B,768310,lp_0-4000,Trill,Seep,Seep,false,1
Qwen/Qwen2.5-Omni-7B,768310,lp_0-6000,Trill,Seep,Seep,false,1
Qwen/Qwen2.5-Omni-7B,768310,lp_0-8000,Trill,Seep,Seep,false,1
Qwen/Qwen2.5-Omni-7B,768310,remove_0-1000,Trill,Seep,Seep,false,1
Qwen/Qwen2.5-Omni-7B,768310,remove_1000-2000,Trill,Seep,Seep,false,1
Qwen/Qwen2.5-Omni-7B,768310,remove_2000-4000,Trill,Seep,Seep,false,1
Qwen/Qwen2.5-Omni-7B,768310,remove_4000-6000,Trill,Seep,Seep,false,1
Qwen/Qwen2.5-Omni-7B,768310,remove_6000-8000,Trill,Seep,Seep,false,1
Qwen/Qwen2.5-Omni-7B,781044,lp_0-1000,Trill,Phee,Phee,false,1
Qwen/Qwen2.5-Omni-7B,781044,lp_0-2000,Trill,Phee,Phee,false,1
Qwen/Qwen2.5-Omni-7B,781044,lp_0-4000,Trill,Phee,Phee,false,1
Qwen/Qwen2.5-Omni-7B,781044,lp_0-6000,Trill,Phee,Phee,false,1
Qwen/Qwen2.5-Omni-7B,781044,lp_0-8000,Trill,Tsik,Tsik,false,1
Qwen/Qwen2.5-Omni-7B,781044,remove_0-1000,Trill,Tsik,Tsik,false,1
Qwen/Qwen2.5-Omni-7B,781044,remove_1000-2000,Trill,Tsik,Tsik,false,1
Qwen/Qwen2.5-Omni-7B,781044,remove_2000-4000,Trill,Tsik,Tsik,false,1
Qwen/Qwen2.5-Omni-7B,781044,remove_4000-6000,Trill,Tsik,Tsik,false,1
Qwen/Qwen2.5-Omni-7B,781044,remove_6000-8000,Trill,Phee,Phee,false,1
Qwen/Qwen2.5-Omni-7B,804279,lp_0-1000,Trill,Phee,Phee,false,1
Qwen/Qwen2.5-Omni-7B,804279,lp_0-2000,Trill,Phee,Phee,false,1
Qwen/Qwen2.5-Omni-7B,804279,lp_0-4000,Trill,Phee,Phee,false,1
Qwen/Qwen2.5-Omni-7B,804279,lp_0-6000,Trill,Seep,Seep,false,1
Qwen/Qwen2.5-Omni-7B,804279,lp_0-8000,Trill,Seep,Seep,false,1
Qwen/Qwen2.5-Omni-7B,804279,remove_0-1000,Trill,Tsik,Tsik,false,1
Qwen/Qwen2.5-Omni-7B,804279,remove_1000-2000,Trill,Seep,Seep,false,1
Qwen/Qwen2.5-Omni-7B,804279,remove_2000-4000,Trill,Seep,Seep,false,1
Qwen/Qwen2.5-Omni-7B,804279,remove_4000-6000,Trill,Seep,Seep,false,1
Qwen/Qwen2.5-Omni-7B,804279,remove_6000-8000,Trill,Tsik,Tsik,false,1
Qwen/Qwen2.5-Omni-7B,805610,lp_0-1000,Trill,Phee,Phee,false,1
Qwen/Qwen2.5-Omni-7B,805610,lp_0-2000,Trill,Phee,Phee,false,1
Qwen/Qwen2.5-Omni-7B,805610,lp_0-4000,Trill,Phee,Phee,false,1
Qwen/Qwen2.5-Omni-7B,805610,lp_0-6000,Trill,Phee,Phee,false,1
Qwen/Qwen2.5-Omni-7B,805610,lp_0-8000,Trill,Seep,Seep,false,1
Qwen/Qwen2.5-Omni-7B,805610,remove_0-1000,Trill,Seep,Seep,false,1
Qwen/Qwen2.5-Omni-7B,805610,remove_1000-2000,Trill,Phee,Phee,false,1
Qwen/Qwen2.5-Omni-7B,805610,remove_2000-4000,Trill,Phee,Phee,false,1
Qwen/Qwen2.5-Omni-7B,805610,remove_4000-6000,Trill,Phee,Phee,false,1
Qwen/Qwen2.5-Omni-7B,805610,remove_6000-8000,Trill,Phee,Phee,false,1
Qwen/Qwen2.5-Omni-7B,809280,lp_0-1000,Trill,Phee,Phee,false,1
Qwen/Qwen2.5-Omni-7B,809280,lp_0-2000,Trill,Phee,Phee,false,1
Qwen/Qwen2.5-Omni-7B,809280,lp_0-4000,Trill,Phee,Phee,false,1
Qwen/Qwen2.5-Omni-7B,809280,lp_0-6000,Trill,Phee,Phee,false,1
Qwen/Qwen2.5-Omni-7B,809280,lp_0-8000,Trill,Phee,Phee,false,1
Qwen/Qwen2.5-Omni-7B,809280,remove_0-1000,Trill,Phee,Phee,false,1
Qwen/Qwen2.5-Omni-7B,809280,remove_1000-2000,Trill,Phee,Phee,false,1
Qwen/Qwen2.5-Omni-7B,809280,remove_2000-4000,Trill,Phee,Phee,false,1
Qwen/Qwen2.5-Omni-7B,809280,remove_4000-6000,Trill,Phee,Phee,false,1
Qwen/Qwen2.5-Omni-7B,809280,remove_6000-8000,Trill,Phee,Phee,false,1
Qwen/Qwen2.5-Omni-7B,827373,lp_0-1000,Trill,Seep,Seep,false,1
Qwen/Qwen2.5-Omni-7B,827373,lp_0-2000,Trill,Phee,Phee,false,1
Qwen/Qwen2.5-Omni-7B,827373,lp_0-4000,Trill,Phee,Phee,false,1
Qwen/Qwen2.5-Omni-7B,827373,lp_0-6000,Trill,Seep,Seep,false,1
Qwen/Qwen2.5-Omni-7B,827373,lp_0-8000,Trill,Tsik,Tsik,false,1
Qwen/Qwen2.5-Omni-7B,827373,remove_0-1000,Trill,Tsik,Tsik,false,1
Qwen/Qwen2.5-Omni-7B,827373,remove_1000-2000,Trill,Tsik,Tsik,false,1
Qwen/Qwen2.5-Omni-7B,827373,remove_2000-4000,Trill,Tsik,Tsik,false,1
Qwen/Qwen2.5-Omni-7B,827373,remove_4000-6000,Trill,Tsik,Tsik,false,1
Qwen/Qwen2.5-Omni-7B,827373,remove_6000-8000,Trill,Phee,Phee,false,1
Qwen/Qwen2.5-Omni-7B,836027,lp_0-1000,Trill,Seep,Seep,false,1
Qwen/Qwen2.5-Omni-7B,836027,lp_0-2000,Trill,Phee,Phee,false,1
Qwen/Qwen2.5-Omni-7B,836027,lp_0-4000,Trill,Tsik,Tsik,false,1
Qwen/Qwen2.5-Omni-7B,836027,lp_0-6000,Trill,Seep,Seep,false,1
Qwen/Qwen2.5-Omni-7B,836027,lp_0-8000,Trill,Seep,Seep,false,1
Qwen/Qwen2.5-Omni-7B,836027,remove_0-1000,Trill,Tsik,Tsik,false,1
Qwen/Qwen2.5-Omni-7B,836027,remove_1000-2000,Trill,Phee,Phee,false,1
Qwen/Qwen2.5-Omni-7B,836027,remove_2000-4000,Trill,Tsik,Tsik,false,1
Qwen/Qwen2.5-Omni-7B,836027,remove_4000-6000,Trill,Seep,Seep,false,1
Qwen/Qwen2.5-Omni-7B,836027,remove_6000-8000,Trill,Phee,Phee,false,1
Qwen/Qwen2.5-Omni-7B,837515,lp_0-1000,Trill,Phee,Phee,false,1
Qwen/Qwen2.5-Omni-7B,837515,lp_0-2000,Trill,Phee,Phee,false,1
Qwen/Qwen2.5-Omni-7B,837515,lp_0-4000,Trill,Phee,Phee,false,1
Qwen/Qwen2.5-Omni-7B,837515,lp_0-6000,Trill,Phee,Phee,false,1
Qwen/Qwen2.5-Omni-7B,837515,lp_0-8000,Trill,Phee,Phee,false,1
Qwen/Qwen2.5-Omni-7B,837515,remove_0-1000,Trill,Phee,Phee,false,1
Qwen/Qwen2.5-Omni-7B,837515,remove_1000-2000,Trill,Phee,Phee,false,1
Qwen/Qwen2.5-Omni-7B,837515,remove_2000-4000,Trill,Phee,Phee,false,1
Qwen/Qwen2.5-Omni-7B,837515,remove_4000-6000,Trill,Phee,Phee,false,1
Qwen/Qwen2.5-Omni-7B,837515,remove_6000-8000,Trill,Phee,Phee,false,1
Qwen/Qwen2.5-Omni-7B,851383,lp_0-1000,Trill,Phee,Phee,false,1
Qwen/Qwen2.5-Omni-7B,851383,lp_0-2000,Trill,Phee,Phee,false,1
Qwen/Qwen2.5-Omni-7B,851383,lp_0-4000,Trill,Phee,Phee,false,1
Qwen/Qwen2.5-Omni-7B,851383,lp_0-6000,Trill,Phee,Phee,false,1
Qwen/Qwen2.5-Omni-7B,851383,lp_0-8000,Trill,Phee,Phee,false,1
Qwen/Qwen2.5-Omni-7B,851383,remove_0-1000,Trill,Phee,Phee,false,1
Qwen/Qwen2.5-Omni-7B,851383,remove_1000-2000,Trill,Phee,Phee,false,1
Qwen/Qwen2.5-Omni-7B,851383,remove_2000-4000,Trill,Phee,Phee,false,1
Qwen/Qwen2.5-Omni-7B,851383,remove_4000-6000,Trill,Tsik,Tsik,false,1
Qwen/Qwen2.5-Omni-7B,851383,remove_6000-8000,Trill,Phee,Phee,false,1
Qwen/Qwen2.5-Omni-7B,852107,lp_0-1000,Trill,Phee,Phee,false,1
Qwen/Qwen2.5-Omni-7B,852107,lp_0-2000,Trill,Phee,Phee,false,1
Qwen/Qwen2.5-Omni-7B,852107,lp_0-4000,Trill,Phee,Phee,false,1
Qwen/Qwen2.5-Omni-7B,852107,lp_0-6000,Trill,Phee,Phee,false,1
Qwen/Qwen2.5-Omni-7B,852107,lp_0-8000,Trill,Phee,Phee,false,1
Qwen/Qwen2.5-Omni-7B,852107,remove_0-1000,Trill,Tsik,Tsik,false,1
Qwen/Qwen2.5-Omni-7B,852107,remove_1000-2000,Trill,Phee,Phee,false,1
Qwen/Qwen2.5-Omni-7B,852107,remove_2000-4000,Trill,Phee,Phee,false,1
Qwen/Qwen2.5-Omni-7B,852107,remove_4000-6000,Trill,Tsik,Tsik,false,1
Qwen/Qwen2.5-Omni-7B,852107,remove_6000-8000,Trill,Phee,Phee,false,1
Qwen/Qwen2.5-Omni-7B,859379,lp_0-1000,Trill,Phee,Phee,false,1
Qwen/Qwen2.5-Omni-7B,859379,lp_0-2000,Trill,Phee,Phee,false,1
Qwen/Qwen2.5-Omni-7B,859379,lp_0-4000,Trill,Phee,Phee,false,1
Qwen/Qwen2.5-Omni-7B,859379,lp_0-6000,Trill,Phee,Phee,false,1
Qwen/Qwen2.5-Omni-7B,859379,lp_0-8000,Trill,Phee,Phee,false,1
Qwen/Qwen2.5-Omni-7B,859379,remove_0-1000,Trill,Tsik,Tsik,false,1
Qwen/Qwen2.5-Omni-7B,859379,remove_1000-2000,Trill,Phee,Phee,false,1
Qwen/Qwen2.5-Omni-7B,859379,remove_2000-4000,Trill,Phee,Phee,false,1
Qwen/Qwen2.5-Omni-7B,859379,remove_4000-6000,Trill,Phee,Phee,false,1
Qwen/Qwen2.5-Omni-7B,859379,remove_6000-8000,Trill,Tsik,Tsik,false,1
Qwen/Qwen2.5-Omni-7B,861790,lp_0-1000,Trill,Seep,Seep,false,1
Qwen/Qwen2.5-Omni-7B,861790,lp_0-2000,Trill,Seep,Seep,false,1
Qwen/Qwen2.5-Omni-7B,861790,lp_0-4000,Trill,Tsik,Tsik,false,1
Qwen/Qwen2.5-Omni-7B,861790,lp_0-6000,Trill,Tsik,Tsik,false,1
Qwen/Qwen2.5-Omni-7B,861790,lp_0-8000,Trill,Tsik,Tsik,false,1
Qwen/Qwen2.5-Omni-7B,861790,remove_0-1000,Trill,Tsik,Tsik,false,1
Qwen/Qwen2.5-Omni-7B,861790,remove_1000-2000,Trill,Tsik,Tsik,false,1
Qwen/Qwen2.5-Omni-7B,861790,remove_2000-4000,Trill,Tsik,Tsik,false,1
Qwen/Qwen2.5-Omni-7B,861790,remove_4000-6000,Trill,Tsik,Tsik,false,1
Qwen/Qwen2.5-Omni-7B,861790,remove_6000-8000,Trill,Tsik,Tsik,false,1
Qwen/Qwen2.5-Omni-7B,867502,lp_0-1000,Trill,Phee,Phee,false,1
Qwen/Qwen2.5-Omni-7B,867502,lp_0-2000,Trill,Phee,Phee,false,1
Qwen/Qwen2.5-Omni-7B,867502,lp_0-4000,Trill,Phee,Phee,false,1
Qwen/Qwen2.5-Omni-7B,867502,lp_0-6000,Trill,Phee,Phee,false,1
Qwen/Qwen2.5-Omni-7B,867502,lp_0-8000,Trill,Seep,Seep,false,1
Qwen/Qwen2.5-Omni-7B,867502,remove_0-1000,Trill,Tsik,Tsik,false,1
Qwen/Qwen2.5-Omni-7B,867502,remove_1000-2000,Trill,Seep,Seep,false,1
Qwen/Qwen2.5-Omni-7B,867502,remove_2000-4000,Trill,Seep,Seep,false,1
Qwen/Qwen2.5-Omni-7B,867502,remove_4000-6000,Trill,Seep,Seep,false,1
Qwen/Qwen2.5-Omni-7B,867502,remove_6000-8000,Trill,Phee,Phee,false,1
Qwen/Qwen2.5-Omni-7B,867780,lp_0-1000,Trill,Phee,Phee,false,1
Qwen/Qwen2.5-Omni-7B,867780,lp_0-2000,Trill,Phee,Phee,false,1
Qwen/Qwen2.5-Omni-7B,867780,lp_0-4000,Trill,Phee,Phee,false,1
Qwen/Qwen2.5-Omni-7B,867780,lp_0-6000,Trill,Phee,Phee,false,1
Qwen/Qwen2.5-Omni-7B,867780,lp_0-8000,Trill,Phee,Phee,false,1
Qwen/Qwen2.5-Omni-7B,867780,remove_0-1000,Trill,Phee,Phee,false,1
Qwen/Qwen2.5-Omni-7B,867780,remove_1000-2000,Trill,Phee,Phee,false,1
Qwen/Qwen2.5-Omni-7B,867780,remove_2000-4000,Trill,Phee,Phee,false,1
Qwen/Qwen2.5-Omni-7B,867780,remove_4000-6000,Trill,Phee,Phee,false,1
Qwen/Qwen2.5-Omni-7B,867780,remove_6000-8000,Trill,Phee,Phee,false,1
Qwen/Qwen2.5-Omni-7B,110359,lp_0-1000,Tsik,Phee,Phee,false,1
Qwen/Qwen2.5-Omni-7B,110359,lp_0-2000,Tsik,Phee,Phee,false,1
Qwen/Qwen2.5-Omni-7B,110359,lp_0-4000,Tsik,Tsik,Tsik,true,1
Qwen/Qwen2.5-Omni-7B,110359,lp_0-6000,Tsik,Tsik,Tsik,true,1
Qwen/Qwen2.5-Omni-7B,110359,lp_0-8000,Tsik,Tsik,Tsik,true,1
Qwen/Qwen2.5-Omni-7B,110359,remove_0-1000,Tsik,Tsik,Tsik,true,1
Qwen/Qwen2.5-Omni-7B,110359,remove_1000-2000,Tsik,Tsik,Tsik,true,1
Qwen/Qwen2.5-Omni-7B,110359,remove_2000-4000,Tsik,Tsik,Tsik,true,1
Qwen/Qwen2.5-Omni-7B,110359,remove_4000-6000,Tsik,Tsik,Tsik,true,1
Qwen/Qwen2.5-Omni-7B,110359,remove_6000-8000,Tsik,Tsik,Tsik,true,1
Qwen/Qwen2.5-Omni-7B,110581,lp_0-1000,Tsik,Phee,Phee,false,1
Qwen/Qwen2.5-Omni-7B,110581,lp_0-2000,Tsik,Phee,Phee,false,1
Qwen/Qwen2.5-Omni-7B,110581,lp_0-4000,Tsik,Tsik,Tsik,true,1
Qwen/Qwen2.5-Omni-7B,110581,lp_0-6000,Tsik,Tsik,Tsik,true,1
Qwen/Qwen2.5-Omni-7B,110581,lp_0-8000,Tsik,Tsik,Tsik,true,1
Qwen/Qwen2.5-Omni-7B,110581,remove_0-1000,Tsik,Tsik,Tsik,true,1
Qwen/Qwen2.5-Omni-7B,110581,remove_1000-2000,Tsik,Tsik,Tsik,true,1
Qwen/Qwen2.5-Omni-7B,110581,remove_2000-4000,Tsik,Tsik,Tsik,true,1
Qwen/Qwen2.5-Omni-7B,110581,remove_4000-6000,Tsik,Tsik,Tsik,true,1
Qwen/Qwen2.5-Omni-7B,110581,remove_6000-8000,Tsik,Tsik,Tsik,true,1
Qwen/Qwen2.5-Omni-7B,122742,lp_0-1000,Tsik,Seep,Seep,false,1
Qwen/Qwen2.5-Omni-7B,122742,lp_0-2000,Tsik,Seep,Seep,false,1
Qwen/Qwen2.5-Omni-7B,122742,lp_0-4000,Tsik,Tsik,Tsik,true,1
Qwen/Qwen2.5-Omni-7B,122742,lp_0-6000,Tsik,Phee,Phee,false,1
Qwen/Qwen2.5-Omni-7B,122742,lp_0-8000,Tsik,Tsik,Tsik,true,1
Qwen/Qwen2.5-Omni-7B,122742,remove_0-1000,Tsik,Tsik,Tsik,true,1
Qwen/Qwen2.5-Omni-7B,122742,remove_1000-2000,Tsik,Tsik,Tsik,true,1
Qwen/Qwen2.5-Omni-7B,122742,remove_2000-4000,Tsik,Tsik,Tsik,true,1
Qwen/Qwen2.5-Omni-7B,122742,remove_4000-6000,Tsik,Tsik,Tsik,true,1
Qwen/Qwen2.5-Omni-7B,122742,remove_6000-8000,Tsik,Tsik,Tsik,true,1
Qwen/Qwen2.5-Omni-7B,143307,lp_0-1000,Tsik,Phee,Phee,false,1
Qwen/Qwen2.5-Omni-7B,143307,lp_0-2000,Tsik,Phee,Phee,false,1
Qwen/Qwen2.5-Omni-7B,143307,lp_0-4000,Tsik,Phee,Phee,false,1
Qwen/Qwen2.5-Omni-7B,143307,lp_0-6000,Tsik,Phee,Phee,false,1
Qwen/Qwen2.5-Omni-7B,143307,lp_0-8000,Tsik,Phee,Phee,false,1
Qwen/Qwen2.5-Omni-7B,143307,remove_0-1000,Tsik,Phee,Phee,false,1
Qwen/Qwen2.5-Omni-7B,143307,remove_1000-2000,Tsik,Phee,Phee,false,1
Qwen/Qwen2.5-Omni-7B,143307,remove_2000-4000,Tsik,Phee,Phee,false,1
Qwen/Qwen2.5-Omni-7B,143307,remove_4000-6000,Tsik,Phee,Phee,false,1
Qwen/Qwen2.5-Omni-7B,143307,remove_6000-8000,Tsik,Phee,Phee,false,1
Qwen/Qwen2.5-Omni-7B,170858,lp_0-1000,Tsik,Seep,Seep,false,1
Qwen/Qwen2.5-Omni-7B,170858,lp_0-2000,Tsik,Seep,Seep,false,1
Qwen/Qwen2.5-Omni-7B,170858,lp_0-4000,Tsik,Phee,Phee,false,1
Qwen/Qwen2.5-Omni-7B,170858,lp_0-6000,Tsik,Phee,Phee,false,1
Qwen/Qwen2.5-Omni-7B,170858,lp_0-8000,Tsik,Seep,Seep,false,1
Qwen/Qwen2.5-Omni-7B,170858,remove_0-1000,Tsik,Tsik,Tsik,true,1
Qwen/Qwen2.5-Omni-7B,170858,remove_1000-2000,Tsik,Seep,Seep,false,1
Qwen/Qwen2.5-Omni-7B,170858,remove_2000-4000,Tsik,Tsik,Tsik,true,1
Qwen/Qwen2.5-Omni-7B,170858,remove_4000-6000,Tsik,Seep,Seep,false,1
Qwen/Qwen2.5-Omni-7B,170858,remove_6000-8000,Tsik,Tsik,Tsik,true,1
Qwen/Qwen2.5-Omni-7B,200722,lp_0-1000,Tsik,Phee,Phee,false,1
Qwen/Qwen2.5-Omni-7B,200722,lp_0-2000,Tsik,Phee,Phee,false,1
Qwen/Qwen2.5-Omni-7B,200722,lp_0-4000,Tsik,Phee,Phee,false,1
Qwen/Qwen2.5-Omni-7B,200722,lp_0-6000,Tsik,Phee,Phee,false,1
Qwen/Qwen2.5-Omni-7B,200722,lp_0-8000,Tsik,Tsik,Tsik,true,1
Qwen/Qwen2.5-Omni-7B,200722,remove_0-1000,Tsik,Tsik,Tsik,true,1
Qwen/Qwen2.5-Omni-7B,200722,remove_1000-2000,Tsik,Tsik,Tsik,true,1
Qwen/Qwen2.5-Omni-7B,200722,remove_2000-4000,Tsik,Tsik,Tsik,true,1
Qwen/Qwen2.5-Omni-7B,200722,remove_4000-6000,Tsik,Tsik,Tsik,true,1
Qwen/Qwen2.5-Omni-7B,200722,remove_6000-8000,Tsik,Tsik,Tsik,true,1
Qwen/Qwen2.5-Omni-7B,209834,lp_0-1000,Tsik,Phee,Phee,false,1
Qwen/Qwen2.5-Omni-7B,209834,lp_0-2000,Tsik,Phee,Phee,false,1
Qwen/Qwen2.5-Omni-7B,209834,lp_0-4000,Tsik,Phee,Phee,false,1
Qwen/Qwen2.5-Omni-7B,209834,lp_0-6000,Tsik,Tsik,Tsik,true,1
Qwen/Qwen2.5-Omni-7B,209834,lp_0-8000,Tsik,Tsik,Tsik,true,1
Qwen/Qwen2.5-Omni-7B,209834,remove_0-1000,Tsik,Tsik,Tsik,true,1
Qwen/Qwen2.5-Omni-7B,209834,remove_1000-2000,Tsik,Tsik,Tsik,true,1
Qwen/Qwen2.5-Omni-7B,209834,remove_2000-4000,Tsik,Tsik,Tsik,true,1
Qwen/Qwen2.5-Omni-7B,209834,remove_4000-6000,Tsik,Tsik,Tsik,true,1
Qwen/Qwen2.5-Omni-7B,209834,remove_6000-8000,Tsik,Tsik,Tsik,true,1
Qwen/Qwen2.5-Omni-7B,209838,lp_0-1000,Tsik,Phee,Phee,false,1
Qwen/Qwen2.5-Omni-7B,209838,lp_0-2000,Tsik,Seep,Seep,false,1
Qwen/Qwen2.5-Omni-7B,209838,lp_0-4000,Tsik,Seep,Seep,false,1
Qwen/Qwen2.5-Omni-7B,209838,lp_0-6000,Tsik,Tsik,Tsik,true,1
Qwen/Qwen2.5-Omni-7B,209838,lp_0-8000,Tsik,Tsik,Tsik,true,1
Qwen/Qwen2.5-Omni-7B,209838,remove_0-1000,Tsik,Tsik,Tsik,true,1
Qwen/Qwen2.5-Omni-7B,209838,remove_1000-2000,Tsik,Tsik,Tsik,true,1
Qwen/Qwen2.5-Omni-7B,209838,remove_2000-4000,Tsik,Tsik,Tsik,true,1
Qwen/Qwen2.5-Omni-7B,209838,remove_4000-6000,Tsik,Tsik,Tsik,true,1
Qwen/Qwen2.5-Omni-7B,209838,remove_6000-8000,Tsik,Tsik,Tsik,true,1
Qwen/Qwen2.5-Omni-7B,209846,lp_0-1000,Tsik,Seep,Seep,false,1
Qwen/Qwen2.5-Omni-7B,209846,lp_0-2000,Tsik,Seep,Seep,false,1
Qwen/Qwen2.5-Omni-7B,209846,lp_0-4000,Tsik,Tsik,Tsik,true,1
Qwen/Qwen2.5-Omni-7B,209846,lp_0-6000,Tsik,Tsik,Tsik,true,1
Qwen/Qwen2.5-Omni-7B,209846,lp_0-8000,Tsik,Tsik,Tsik,true,1
Qwen/Qwen2.5-Omni-7B,209846,remove_0-1000,Tsik,Tsik,Tsik,true,1
Qwen/Qwen2.5-Omni-7B,209846,remove_1000-2000,Tsik,Tsik,Tsik,true,1
Qwen/Qwen2.5-Omni-7B,209846,remove_2000-4000,Tsik,Tsik,Tsik,true,1
Qwen/Qwen2.5-Omni-7B,209846,remove_4000-6000,Tsik,Tsik,Tsik,true,1
Qwen/Qwen2.5-Omni-7B,209846,remove_6000-8000,Tsik,Tsik,Tsik,true,1
Qwen/Qwen2.5-Omni-7B,209851,lp_0-1000,Tsik,Seep,Seep,false,1
Qwen/Qwen2.5-Omni-7B,209851,lp_0-2000,Tsik,Phee,Phee,false,1
Qwen/Qwen2.5-Omni-7B,209851,lp_0-4000,Tsik,Tsik,Tsik,true,1
Qwen/Qwen2.5-Omni-7B,209851,lp_0-6000,Tsik,Tsik,Tsik,true,1
Qwen/Qwen2.5-Omni-7B,209851,lp_0-8000,Tsik,Tsik,Tsik,true,1
Qwen/Qwen2.5-Omni-7B,209851,remove_0-1000,Tsik,Tsik,Tsik,true,1
Qwen/Qwen2.5-Omni-7B,209851,remove_1000-2000,Tsik,Tsik,Tsik,true,1
Qwen/Qwen2.5-Omni-7B,209851,remove_2000-4000,Tsik,Tsik,Tsik,true,1
Qwen/Qwen2.5-Omni-7B,209851,remove_4000-6000,Tsik,Tsik,Tsik,true,1
Qwen/Qwen2.5-Omni-7B,209851,remove_6000-8000,Tsik,Tsik,Tsik,true,1
Qwen/Qwen2.5-Omni-7B,209853,lp_0-1000,Tsik,Seep,Seep,false,1
Qwen/Qwen2.5-Omni-7B,209853,lp_0-2000,Tsik,Phee,Phee,false,1
Qwen/Qwen2.5-Omni-7B,209853,lp_0-4000,Tsik,Phee,Phee,false,1
Qwen/Qwen2.5-Omni-7B,209853,lp_0-6000,Tsik,Phee,Phee,false,1
Qwen/Qwen2.5-Omni-7B,209853,lp_0-8000,Tsik,Tsik,Tsik,true,1
Qwen/Qwen2.5-Omni-7B,209853,remove_0-1000,Tsik,Tsik,Tsik,true,1
Qwen/Qwen2.5-Omni-7B,209853,remove_1000-2000,Tsik,Tsik,Tsik,true,1
Qwen/Qwen2.5-Omni-7B,209853,remove_2000-4000,Tsik,Tsik,Tsik,true,1
Qwen/Qwen2.5-Omni-7B,209853,remove_4000-6000,Tsik,Tsik,Tsik,true,1
Qwen/Qwen2.5-Omni-7B,209853,remove_6000-8000,Tsik,Tsik,Tsik,true,1
Qwen/Qwen2.5-Omni-7B,209876,lp_0-1000,Tsik,Phee,Phee,false,1
Qwen/Qwen2.5-Omni-7B,209876,lp_0-2000,Tsik,Tsik,Tsik,true,1
Qwen/Qwen2.5-Omni-7B,209876,lp_0-4000,Tsik,Tsik,Tsik,true,1
Qwen/Qwen2.5-Omni-7B,209876,lp_0-6000,Tsik,Tsik,Tsik,true,1
Qwen/Qwen2.5-Omni-7B,209876,lp_0-8000,Tsik,Tsik,Tsik,true,1
Qwen/Qwen2.5-Omni-7B,209876,remove_0-1000,Tsik,Tsik,Tsik,true,1
Qwen/Qwen2.5-Omni-7B,209876,remove_1000-2000,Tsik,Tsik,Tsik,true,1
Qwen/Qwen2.5-Omni-7B,209876,remove_2000-4000,Tsik,Tsik,Tsik,true,1
Qwen/Qwen2.5-Omni-7B,209876,remove_4000-6000,Tsik,Tsik,Tsik,true,1
Qwen/Qwen2.5-Omni-7B,209876,remove_6000-8000,Tsik,Tsik,Tsik,true,1
Qwen/Qwen2.5-Omni-7B,209886,lp_0-1000,Tsik,Seep,Seep,false,1
Qwen/Qwen2.5-Omni-7B,209886,lp_0-2000,Tsik,Phee,Phee,false,1
Qwen/Qwen2.5-Omni-7B,209886,lp_0-4000,Tsik,Phee,Phee,false,1
Qwen/Qwen2.5-Omni-7B,209886,lp_0-6000,Tsik,Phee,Phee,false,1
Qwen/Qwen2.5-Omni-7B,209886,lp_0-8000,Tsik,Seep,Seep,false,1
Qwen/Qwen2.5-Omni-7B,209886,remove_0-1000,Tsik,Seep,Seep,false,1
Qwen/Qwen2.5-Omni-7B,209886,remove_1000-2000,Tsik,Seep,Seep,false,1
Qwen/Qwen2.5-Omni-7B,209886,remove_2000-4000,Tsik,Seep,Seep,false,1
Qwen/Qwen2.5-Omni-7B,209886,remove_4000-6000,Tsik,Tsik,Tsik,true,1
Qwen/Qwen2.5-Omni-7B,209886,remove_6000-8000,Tsik,Seep,Seep,false,1
Qwen/Qwen2.5-Omni-7B,209891,lp_0-1000,Tsik,Seep,Seep,false,1
Qwen/Qwen2.5-Omni-7B,209891,lp_0-2000,Tsik,Phee,Phee,false,1
Qwen/Qwen2.5-Omni-7B,209891,lp_0-4000,Tsik,Tsik,Tsik,true,1
Qwen/Qwen2.5-Omni-7B,209891,lp_0-6000,Tsik,Tsik,Tsik,true,1
Qwen/Qwen2.5-Omni-7B,209891,lp_0-8000,Tsik,Tsik,Tsik,true,1
Qwen/Qwen2.5-Omni-7B,209891,remove_0-1000,Tsik,Tsik,Tsik,true,1
Qwen/Qwen2.5-Omni-7B,209891,remove_1000-2000,Tsik,Tsik,Tsik,true,1
Qwen/Qwen2.5-Omni-7B,209891,remove_2000-4000,Tsik,Tsik,Tsik,true,1
Qwen/Qwen2.5-Omni-7B,209891,remove_4000-6000,Tsik,Seep,Seep,false,1
Qwen/Qwen2.5-Omni-7B,209891,remove_6000-8000,Tsik,Tsik,Tsik,true,1
Qwen/Qwen2.5-Omni-7B,209893,lp_0-1000,Tsik,Phee,Phee,false,1
Qwen/Qwen2.5-Omni-7B,209893,lp_0-2000,Tsik,Phee,Phee,false,1
Qwen/Qwen2.5-Omni-7B,209893,lp_0-4000,Tsik,Phee,Phee,false,1
Qwen/Qwen2.5-Omni-7B,209893,lp_0-6000,Tsik,Tsik,Tsik,true,1
Qwen/Qwen2.5-Omni-7B,209893,lp_0-8000,Tsik,Tsik,Tsik,true,1
Qwen/Qwen2.5-Omni-7B,209893,remove_0-1000,Tsik,Tsik,Tsik,true,1
Qwen/Qwen2.5-Omni-7B,209893,remove_1000-2000,Tsik,Tsik,Tsik,true,1
Qwen/Qwen2.5-Omni-7B,209893,remove_2000-4000,Tsik,Tsik,Tsik,true,1
Qwen/Qwen2.5-Omni-7B,209893,remove_4000-6000,Tsik,Tsik,Tsik,true,1
Qwen/Qwen2.5-Omni-7B,209893,remove_6000-8000,Tsik,Tsik,Tsik,true,1
Qwen/Qwen2.5-Omni-7B,209900,lp_0-1000,Tsik,Seep,Seep,false,1
Qwen/Qwen2.5-Omni-7B,209900,lp_0-2000,Tsik,Seep,Seep,false,1
Qwen/Qwen2.5-Omni-7B,209900,lp_0-4000,Tsik,Tsik,Tsik,true,1
Qwen/Qwen2.5-Omni-7B,209900,lp_0-6000,Tsik,Tsik,Tsik,true,1
Qwen/Qwen2.5-Omni-7B,209900,lp_0-8000,Tsik,Tsik,Tsik,true,1
Qwen/Qwen2.5-Omni-7B,209900,remove_0-1000,Tsik,Tsik,Tsik,true,1
Qwen/Qwen2.5-Omni-7B,209900,remove_1000-2000,Tsik,Tsik,Tsik,true,1
Qwen/Qwen2.5-Omni-7B,209900,remove_2000-4000,Tsik,Tsik,Tsik,true,1
Qwen/Qwen2.5-Omni-7B,209900,remove_4000-6000,Tsik,Tsik,Tsik,true,1
Qwen/Qwen2.5-Omni-7B,209900,remove_6000-8000,Tsik,Tsik,Tsik,true,1
Qwen/Qwen2.5-Omni-7B,209901,lp_0-1000,Tsik,Phee,Phee,false,1
Qwen/Qwen2.5-Omni-7B,209901,lp_0-2000,Tsik,Phee,Phee,false,1
Qwen/Qwen2.5-Omni-7B,209901,lp_0-4000,Tsik,Phee,Phee,false,1
Qwen/Qwen2.5-Omni-7B,209901,lp_0-6000,Tsik,Tsik,Tsik,true,1
Qwen/Qwen2.5-Omni-7B,209901,lp_0-8000,Tsik,Tsik,Tsik,true,1
Qwen/Qwen2.5-Omni-7B,209901,remove_0-1000,Tsik,Tsik,Tsik,true,1
Qwen/Qwen2.5-Omni-7B,209901,remove_1000-2000,Tsik,Tsik,Tsik,true,1
Qwen/Qwen2.5-Omni-7B,209901,remove_2000-4000,Tsik,Tsik,Tsik,true,1
Qwen/Qwen2.5-Omni-7B,209901,remove_4000-6000,Tsik,Tsik,Tsik,true,1
Qwen/Qwen2.5-Omni-7B,209901,remove_6000-8000,Tsik,Tsik,Tsik,true,1
Qwen/Qwen2.5-Omni-7B,209905,lp_0-1000,Tsik,Seep,Seep,false,1
Qwen/Qwen2.5-Omni-7B,209905,lp_0-2000,Tsik,Phee,Phee,false,1
Qwen/Qwen2.5-Omni-7B,209905,lp_0-4000,Tsik,Phee,Phee,false,1
Qwen/Qwen2.5-Omni-7B,209905,lp_0-6000,Tsik,Tsik,Tsik,true,1
Qwen/Qwen2.5-Omni-7B,209905,lp_0-8000,Tsik,Tsik,Tsik,true,1
Qwen/Qwen2.5-Omni-7B,209905,remove_0-1000,Tsik,Tsik,Tsik,true,1
Qwen/Qwen2.5-Omni-7B,209905,remove_1000-2000,Tsik,Tsik,Tsik,true,1
Qwen/Qwen2.5-Omni-7B,209905,remove_2000-4000,Tsik,Tsik,Tsik,true,1
Qwen/Qwen2.5-Omni-7B,209905,remove_4000-6000,Tsik,Tsik,Tsik,true,1
Qwen/Qwen2.5-Omni-7B,209905,remove_6000-8000,Tsik,Tsik,Tsik,true,1
Qwen/Qwen2.5-Omni-7B,209919,lp_0-1000,Tsik,Seep,Seep,false,1
Qwen/Qwen2.5-Omni-7B,209919,lp_0-2000,Tsik,Phee,Phee,false,1
Qwen/Qwen2.5-Omni-7B,209919,lp_0-4000,Tsik,Tsik,Tsik,true,1
Qwen/Qwen2.5-Omni-7B,209919,lp_0-6000,Tsik,Tsik,Tsik,true,1
Qwen/Qwen2.5-Omni-7B,209919,lp_0-8000,Tsik,Tsik,Tsik,true,1
Qwen/Qwen2.5-Omni-7B,209919,remove_0-1000,Tsik,Tsik,Tsik,true,1
Qwen/Qwen2.5-Omni-7B,209919,remove_1000-2000,Tsik,Tsik,Tsik,true,1
Qwen/Qwen2.5-Omni-7B,209919,remove_2000-4000,Tsik,Tsik,Tsik,true,1
Qwen/Qwen2.5-Omni-7B,209919,remove_4000-6000,Tsik,Tsik,Tsik,true,1
Qwen/Qwen2.5-Omni-7B,209919,remove_6000-8000,Tsik,Tsik,Tsik,true,1
Qwen/Qwen2.5-Omni-7B,223371,lp_0-1000,Tsik,Phee,Phee,false,1
Qwen/Qwen2.5-Omni-7B,223371,lp_0-2000,Tsik,Phee,Phee,false,1
Qwen/Qwen2.5-Omni-7B,223371,lp_0-4000,Tsik,Phee,Phee,false,1
Qwen/Qwen2.5-Omni-7B,223371,lp_0-6000,Tsik,Phee,Phee,false,1
Qwen/Qwen2.5-Omni-7B,223371,lp_0-8000,Tsik,Tsik,Tsik,true,1
Qwen/Qwen2.5-Omni-7B,223371,remove_0-1000,Tsik,Tsik,Tsik,true,1
Qwen/Qwen2.5-Omni-7B,223371,remove_1000-2000,Tsik,Tsik,Tsik,true,1
Qwen/Qwen2.5-Omni-7B,223371,remove_2000-4000,Tsik,Tsik,Tsik,true,1
Qwen/Qwen2.5-Omni-7B,223371,remove_4000-6000,Tsik,Tsik,Tsik,true,1
Qwen/Qwen2.5-Omni-7B,223371,remove_6000-8000,Tsik,Tsik,Tsik,true,1
Qwen/Qwen2.5-Omni-7B,248161,lp_0-1000,Tsik,Phee,Phee,false,1
Qwen/Qwen2.5-Omni-7B,248161,lp_0-2000,Tsik,Phee,Phee,false,1
Qwen/Qwen2.5-Omni-7B,248161,lp_0-4000,Tsik,Phee,Phee,false,1
Qwen/Qwen2.5-Omni-7B,248161,lp_0-6000,Tsik,Phee,Phee,false,1
Qwen/Qwen2.5-Omni-7B,248161,lp_0-8000,Tsik,Phee,Phee,false,1
Qwen/Qwen2.5-Omni-7B,248161,remove_0-1000,Tsik,Phee,Phee,false,1
Qwen/Qwen2.5-Omni-7B,248161,remove_1000-2000,Tsik,Phee,Phee,false,1
Qwen/Qwen2.5-Omni-7B,248161,remove_2000-4000,Tsik,Phee,Phee,false,1
Qwen/Qwen2.5-Omni-7B,248161,remove_4000-6000,Tsik,Phee,Phee,false,1
Qwen/Qwen2.5-Omni-7B,248161,remove_6000-8000,Tsik,Seep,Seep,false,1
Qwen/Qwen2.5-Omni-7B,31471,lp_0-1000,Tsik,Phee,Phee,false,1
Qwen/Qwen2.5-Omni-7B,31471,lp_0-2000,Tsik,Phee,Phee,false,1
Qwen/Qwen2.5-Omni-7B,31471,lp_0-4000,Tsik,Phee,Phee,false,1
Qwen/Qwen2.5-Omni-7B,31471,lp_0-6000,Tsik,Tsik,Tsik,true,1
Qwen/Qwen2.5-Omni-7B,31471,lp_0-8000,Tsik,Tsik,Tsik,true,1
Qwen/Qwen2.5-Omni-7B,31471,remove_0-1000,Tsik,Tsik,Tsik,true,1
Qwen/Qwen2.5-Omni-7B,31471,remove_1000-2000,Tsik,Tsik,Tsik,true,1
Qwen/Qwen2.5-Omni-7B,31471,remove_2000-4000,Tsik,Tsik,Tsik,true,1
Qwen/Qwen2.5-Omni-7B,31471,remove_4000-6000,Tsik,Tsik,Tsik,true,1
Qwen/Qwen2.5-Omni-7B,31471,remove_6000-8000,Tsik,Tsik,Tsik,true,1
Qwen/Qwen2.5-Omni-7B,335642,lp_0-1000,Tsik,Phee,Phee,false,1
Qwen/Qwen2.5-Omni-7B,335642,lp_0-2000,Tsik,Phee,Phee,false,1
Qwen/Qwen2.5-Omni-7B,335642,lp_0-4000,Tsik,Phee,Phee,false,1
Qwen/Qwen2.5-Omni-7B,335642,lp_0-6000,Tsik,Phee,Phee,false,1
Qwen/Qwen2.5-Omni-7B,335642,lp_0-8000,Tsik,Tsik,Tsik,true,1
Qwen/Qwen2.5-Omni-7B,335642,remove_0-1000,Tsik,Tsik,Tsik,true,1
Qwen/Qwen2.5-Omni-7B,335642,remove_1000-2000,Tsik,Tsik,Tsik,true,1
Qwen/Qwen2.5-Omni-7B,335642,remove_2000-4000,Tsik,Tsik,Tsik,true,1
Qwen/Qwen2.5-Omni-7B,335642,remove_4000-6000,Tsik,Tsik,Tsik,true,1
Qwen/Qwen2.5-Omni-7B,335642,remove_6000-8000,Tsik,Tsik,Tsik,true,1
Qwen/Qwen2.5-Omni-7B,423771,lp_0-1000,Tsik,Seep,Seep,false,1
Qwen/Qwen2.5-Omni-7B,423771,lp_0-2000,Tsik,Seep,Seep,false,1
Qwen/Qwen2.5-Omni-7B,423771,lp_0-4000,Tsik,Seep,Seep,false,1
Qwen/Qwen2.5-Omni-7B,423771,lp_0-6000,Tsik,Tsik,Tsik,true,1
Qwen/Qwen2.5-Omni-7B,423771,lp_0-8000,Tsik,Tsik,Tsik,true,1
Qwen/Qwen2.5-Omni-7B,423771,remove_0-1000,Tsik,Tsik,Tsik,true,1
Qwen/Qwen2.5-Omni-7B,423771,remove_1000-2000,Tsik,Tsik,Tsik,true,1
Qwen/Qwen2.5-Omni-7B,423771,remove_2000-4000,Tsik,Tsik,Tsik,true,1
Qwen/Qwen2.5-Omni-7B,423771,remove_4000-6000,Tsik,Tsik,Tsik,true,1
Qwen/Qwen2.5-Omni-7B,423771,remove_6000-8000,Tsik,Tsik,Tsik,true,1
Qwen/Qwen2.5-Omni-7B,438410,lp_0-1000,Tsik,Phee,Phee,false,1
Qwen/Qwen2.5-Omni-7B,438410,lp_0-2000,Tsik,Seep,Seep,false,1
Qwen/Qwen2.5-Omni-7B,438410,lp_0-4000,Tsik,Phee,Phee,false,1
Qwen/Qwen2.5-Omni-7B,438410,lp_0-6000,Tsik,Phee,Phee,false,1
Qwen/Qwen2.5-Omni-7B,438410,lp_0-8000,Tsik,Seep,Seep,false,1
Qwen/Qwen2.5-Omni-7B,438410,remove_0-1000,Tsik,Tsik,Tsik,true,1
Qwen/Qwen2.5-Omni-7B,438410,remove_1000-2000,Tsik,Seep,Seep,false,1
Qwen/Qwen2.5-Omni-7B,438410,remove_2000-4000,Tsik,Seep,Seep,false,1
Qwen/Qwen2.5-Omni-7B,438410,remove_4000-6000,Tsik,Phee,Phee,false,1
Qwen/Qwen2.5-Omni-7B,438410,remove_6000-8000,Tsik,Seep,Seep,false,1
Qwen/Qwen2.5-Omni-7B,468429,lp_0-1000,Tsik,Phee,Phee,false,1
Qwen/Qwen2.5-Omni-7B,468429,lp_0-2000,Tsik,Phee,Phee,false,1
Qwen/Qwen2.5-Omni-7B,468429,lp_0-4000,Tsik,Tsik,Tsik,true,1
Qwen/Qwen2.5-Omni-7B,468429,lp_0-6000,Tsik,Tsik,Tsik,true,1
Qwen/Qwen2.5-Omni-7B,468429,lp_0-8000,Tsik,Tsik,Tsik,true,1
Qwen/Qwen2.5-Omni-7B,468429,remove_0-1000,Tsik,Tsik,Tsik,true,1
Qwen/Qwen2.5-Omni-7B,468429,remove_1000-2000,Tsik,Tsik,Tsik,true,1
Qwen/Qwen2.5-Omni-7B,468429,remove_2000-4000,Tsik,Tsik,Tsik,true,1
Qwen/Qwen2.5-Omni-7B,468429,remove_4000-6000,Tsik,Tsik,Tsik,true,1
Qwen/Qwen2.5-Omni-7B,468429,remove_6000-8000,Tsik,Tsik,Tsik,true,1
Qwen/Qwen2.5-Omni-7B,480809,lp_0-1000,Tsik,Phee,Phee,false,1
Qwen/Qwen2.5-Omni-7B,480809,lp_0-2000,Tsik,Phee,Phee,false,1
Qwen/Qwen2.5-Omni-7B,480809,lp_0-4000,Tsik,Phee,Phee,false,1
Qwen/Qwen2.5-Omni-7B,480809,lp_0-6000,Tsik,Phee,Phee,false,1
Qwen/Qwen2.5-Omni-7B,480809,lp_0-8000,Tsik,Tsik,Tsik,true,1
Qwen/Qwen2.5-Omni-7B,480809,remove_0-1000,Tsik,Phee,Phee,false,1
Qwen/Qwen2.5-Omni-7B,480809,remove_1000-2000,Tsik,Tsik,Tsik,true,1
Qwen/Qwen2.5-Omni-7B,480809,remove_2000-4000,Tsik,Tsik,Tsik,true,1
Qwen/Qwen2.5-Omni-7B,480809,remove_4000-6000,Tsik,Phee,Phee,false,1
Qwen/Qwen2.5-Omni-7B,480809,remove_6000-8000,Tsik,Phee,Phee,false,1
Qwen/Qwen2.5-Omni-7B,481037,lp_0-1000,Tsik,Phee,Phee,false,1
Qwen/Qwen2.5-Omni-7B,481037,lp_0-2000,Tsik,Phee,Phee,false,1
Qwen/Qwen2.5-Omni-7B,481037,lp_0-4000,Tsik,Phee,Phee,false,1
Qwen/Qwen2.5-Omni-7B,481037,lp_0-6000,Tsik,Tsik,Tsik,true,1
Qwen/Qwen2.5-Omni-7B,481037,lp_0-8000,Tsik,Tsik,Tsik,true,1
Qwen/Qwen2.5-Omni-7B,481037,remove_0-1000,Tsik,Tsik,Tsik,true,1
Qwen/Qwen2.5-Omni-7B,481037,remove_1000-2000,Tsik,Tsik,Tsik,true,1
Qwen/Qwen2.5-Omni-7B,481037,remove_2000-4000,Tsik,Tsik,Tsik,true,1
Qwen/Qwen2.5-Omni-7B,481037,remove_4000-6000,Tsik,Tsik,Tsik,true,1
Qwen/Qwen2.5-Omni-7B,481037,remove_6000-8000,Tsik,Tsik,Tsik,true,1
Qwen/Qwen2.5-Omni-7B,508866,lp_0-1000,Tsik,Phee,Phee,false,1
Qwen/Qwen2.5-Omni-7B,508866,lp_0-2000,Tsik,Phee,Phee,false,1
Qwen/Qwen2.5-Omni-7B,508866,lp_0-4000,Tsik,Seep,Seep,false,1
Qwen/Qwen2.5-Omni-7B,508866,lp_0-6000,Tsik,Seep,Seep,false,1
Qwen/Qwen2.5-Omni-7B,508866,lp_0-8000,Tsik,Seep,Seep,false,1
Qwen/Qwen2.5-Omni-7B,508866,remove_0-1000,Tsik,Tsik,Tsik,true,1
Qwen/Qwen2.5-Omni-7B,508866,remove_1000-2000,Tsik,Tsik,Tsik,true,1
Qwen/Qwen2.5-Omni-7B,508866,remove_2000-4000,Tsik,Tsik,Tsik,true,1
Qwen/Qwen2.5-Omni-7B,508866,remove_4000-6000,Tsik,Seep,Seep,false,1
Qwen/Qwen2.5-Omni-7B,508866,remove_6000-8000,Tsik,Seep,Seep,false,1
Qwen/Qwen2.5-Omni-7B,508870,lp_0-1000,Tsik,Seep,Seep,false,1
Qwen/Qwen2.5-Omni-7B,508870,lp_0-2000,Tsik,Seep,Seep,false,1
Qwen/Qwen2.5-Omni-7B,508870,lp_0-4000,Tsik,Seep,Seep,false,1
Qwen/Qwen2.5-Omni-7B,508870,lp_0-6000,Tsik,Tsik,Tsik,true,1
Qwen/Qwen2.5-Omni-7B,508870,lp_0-8000,Tsik,Tsik,Tsik,true,1
Qwen/Qwen2.5-Omni-7B,508870,remove_0-1000,Tsik,Tsik,Tsik,true,1
Qwen/Qwen2.5-Omni-7B,508870,remove_1000-2000,Tsik,Tsik,Tsik,true,1
Qwen/Qwen2.5-Omni-7B,508870,remove_2000-4000,Tsik,Tsik,Tsik,true,1
Qwen/Qwen2.5-Omni-7B,508870,remove_4000-6000,Tsik,Tsik,Tsik,true,1
Qwen/Qwen2.5-Omni-7B,508870,remove_6000-8000,Tsik,Tsik,Tsik,true,1
Qwen/Qwen2.5-Omni-7B,508872,lp_0-1000,Tsik,Seep,Seep,false,1
Qwen/Qwen2.5-Omni-7B,508872,lp_0-2000,Tsik,Seep,Seep,false,1
Qwen/Qwen2.5-Omni-7B,508872,lp_0-4000,Tsik,Phee,Phee,false,1
Qwen/Qwen2.5-Omni-7B,508872,lp_0-6000,Tsik,Seep,Seep,false,1
Qwen/Qwen2.5-Omni-7B,508872,lp_0-8000,Tsik,Seep,Seep,false,1
Qwen/Qwen2.5-Omni-7B,508872,remove_0-1000,Tsik,Tsik,Tsik,true,1
Qwen/Qwen2.5-Omni-7B,508872,remove_1000-2000,Tsik,Seep,Seep,false,1
Qwen/Qwen2.5-Omni-7B,508872,remove_2000-4000,Tsik,Seep,Seep,false,1
Qwen/Qwen2.5-Omni-7B,508872,remove_4000-6000,Tsik,Seep,Seep,false,1
Qwen/Qwen2.5-Omni-7B,508872,remove_6000-8000,Tsik,Seep,Seep,false,1
Qwen/Qwen2.5-Omni-7B,508903,lp_0-1000,Tsik,Seep,Seep,false,1
Qwen/Qwen2.5-Omni-7B,508903,lp_0-2000,Tsik,Seep,Seep,false,1
Qwen/Qwen2.5-Omni-7B,508903,lp_0-4000,Tsik,Seep,Seep,false,1
Qwen/Qwen2.5-Omni-7B,508903,lp_0-6000,Tsik,Tsik,Tsik,true,1
Qwen/Qwen2.5-Omni-7B,508903,lp_0-8000,Tsik,Tsik,Tsik,true,1
Qwen/Qwen2.5-Omni-7B,508903,remove_0-1000,Tsik,Tsik,Tsik,true,1
Qwen/Qwen2.5-Omni-7B,508903,remove_1000-2000,Tsik,Tsik,Tsik,true,1
Qwen/Qwen2.5-Omni-7B,508903,remove_2000-4000,Tsik,Tsik,Tsik,true,1
Qwen/Qwen2.5-Omni-7B,508903,remove_4000-6000,Tsik,Tsik,Tsik,true,1
Qwen/Qwen2.5-Omni-7B,508903,remove_6000-8000,Tsik,Tsik,Tsik,true,1
Qwen/Qwen2.5-Omni-7B,508905,lp_0-1000,Tsik,Seep,Seep,false,1
Qwen/Qwen2.5-Omni-7B,508905,lp_0-2000,Tsik,Tsik,Tsik,true,1
Qwen/Qwen2.5-Omni-7B,508905,lp_0-4000,Tsik,Tsik,Tsik,true,1
Qwen/Qwen2.5-Omni-7B,508905,lp_0-6000,Tsik,Tsik,Tsik,true,1
Qwen/Qwen2.5-Omni-7B,508905,lp_0-8000,Tsik,Tsik,Tsik,true,1
Qwen/Qwen2.5-Omni-7B,508905,remove_0-1000,Tsik,Tsik,Tsik,true,1
Qwen/Qwen2.5-Omni-7B,508905,remove_1000-2000,Tsik,Tsik,Tsik,true,1
Qwen/Qwen2.5-Omni-7B,508905,remove_2000-4000,Tsik,Tsik,Tsik,true,1
Qwen/Qwen2.5-Omni-7B,508905,remove_4000-6000,Tsik,Tsik,Tsik,true,1
Qwen/Qwen2.5-Omni-7B,508905,remove_6000-8000,Tsik,Tsik,Tsik,true,1
Qwen/Qwen2.5-Omni-7B,508923,lp_0-1000,Tsik,Seep,Seep,false,1
Qwen/Qwen2.5-Omni-7B,508923,lp_0-2000,Tsik,Seep,Seep,false,1
Qwen/Qwen2.5-Omni-7B,508923,lp_0-4000,Tsik,Seep,Seep,false,1
Qwen/Qwen2.5-Omni-7B,508923,lp_0-6000,Tsik,Seep,Seep,false,1
Qwen/Qwen2.5-Omni-7B,508923,lp_0-8000,Tsik,Tsik,Tsik,true,1
Qwen/Qwen2.5-Omni-7B,508923,remove_0-1000,Tsik,Tsik,Tsik,true,1
Qwen/Qwen2.5-Omni-7B,508923,remove_1000-2000,Tsik,Seep,Seep,false,1
Qwen/Qwen2.5-Omni-7B,508923,remove_2000-4000,Tsik,Tsik,Tsik,true,1
Qwen/Qwen2.5-Omni-7B,508923,remove_4000-6000,Tsik,Tsik,Tsik,true,1
Qwen/Qwen2.5-Omni-7B,508923,remove_6000-8000,Tsik,Tsik,Tsik,true,1
Qwen/Qwen2.5-Omni-7B,50919,lp_0-1000,Tsik,Seep,Seep,false,1
Qwen/Qwen2.5-Omni-7B,50919,lp_0-2000,Tsik,Seep,Seep,false,1
Qwen/Qwen2.5-Omni-7B,50919,lp_0-4000,Tsik,Seep,Seep,false,1
Qwen/Qwen2.5-Omni-7B,50919,lp_0-6000,Tsik,Tsik,Tsik,true,1
Qwen/Qwen2.5-Omni-7B,50919,lp_0-8000,Tsik,Tsik,Tsik,true,1
Qwen/Qwen2.5-Omni-7B,50919,remove_0-1000,Tsik,Tsik,Tsik,true,1
Qwen/Qwen2.5-Omni-7B,50919,remove_1000-2000,Tsik,Tsik,Tsik,true,1
Qwen/Qwen2.5-Omni-7B,50919,remove_2000-4000,Tsik,Tsik,Tsik,true,1
Qwen/Qwen2.5-Omni-7B,50919,remove_4000-6000,Tsik,Tsik,Tsik,true,1
Qwen/Qwen2.5-Omni-7B,50919,remove_6000-8000,Tsik,Seep,Seep,false,1
Qwen/Qwen2.5-Omni-7B,525735,lp_0-1000,Tsik,Seep,Seep,false,1
Qwen/Qwen2.5-Omni-7B,525735,lp_0-2000,Tsik,Seep,Seep,false,1
Qwen/Qwen2.5-Omni-7B,525735,lp_0-4000,Tsik,Seep,Seep,false,1
Qwen/Qwen2.5-Omni-7B,525735,lp_0-6000,Tsik,Tsik,Tsik,true,1
Qwen/Qwen2.5-Omni-7B,525735,lp_0-8000,Tsik,Tsik,Tsik,true,1
Qwen/Qwen2.5-Omni-7B,525735,remove_0-1000,Tsik,Tsik,Tsik,true,1
Qwen/Qwen2.5-Omni-7B,525735,remove_1000-2000,Tsik,Tsik,Tsik,true,1
Qwen/Qwen2.5-Omni-7B,525735,remove_2000-4000,Tsik,Tsik,Tsik,true,1
Qwen/Qwen2.5-Omni-7B,525735,remove_4000-6000,Tsik,Tsik,Tsik,true,1
Qwen/Qwen2.5-Omni-7B,525735,remove_6000-8000,Tsik,Tsik,Tsik,true,1
Qwen/Qwen2.5-Omni-7B,526904,lp_0-1000,Tsik,Seep,Seep,false,1
Qwen/Qwen2.5-Omni-7B,526904,lp_0-2000,Tsik,Seep,Seep,false,1
Qwen/Qwen2.5-Omni-7B,526904,lp_0-4000,Tsik,Phee,Phee,false,1
Qwen/Qwen2.5-Omni-7B,526904,lp_0-6000,Tsik,Seep,Seep,false,1
Qwen/Qwen2.5-Omni-7B,526904,lp_0-8000,Tsik,Tsik,Tsik,true,1
Qwen/Qwen2.5-Omni-7B,526904,remove_0-1000,Tsik,Tsik,Tsik,true,1
Qwen/Qwen2.5-Omni-7B,526904,remove_1000-2000,Tsik,Tsik,Tsik,true,1
Qwen/Qwen2.5-Omni-7B,526904,remove_2000-4000,Tsik,Tsik,Tsik,true,1
Qwen/Qwen2.5-Omni-7B,526904,remove_4000-6000,Tsik,Tsik,Tsik,true,1
Qwen/Qwen2.5-Omni-7B,526904,remove_6000-8000,Tsik,Tsik,Tsik,true,1
Qwen/Qwen2.5-Omni-7B,549904,lp_0-1000,Tsik,Seep,Seep,false,1
Qwen/Qwen2.5-Omni-7B,549904,lp_0-2000,Tsik,Phee,Phee,false,1
Qwen/Qwen2.5-Omni-7B,549904,lp_0-4000,Tsik,Phee,Phee,false,1
Qwen/Qwen2.5-Omni-7B,549904,lp_0-6000,Tsik,Seep,Seep,false,1
Qwen/Qwen2.5-Omni-7B,549904,lp_0-8000,Tsik,Tsik,Tsik,true,1
Qwen/Qwen2.5-Omni-7B,549904,remove_0-1000,Tsik,Tsik,Tsik,true,1
Qwen/Qwen2.5-Omni-7B,549904,remove_1000-2000,Tsik,Tsik,Tsik,true,1
Qwen/Qwen2.5-Omni-7B,549904,remove_2000-4000,Tsik,Tsik,Tsik,true,1
Qwen/Qwen2.5-Omni-7B,549904,remove_4000-6000,Tsik,Tsik,Tsik,true,1
Qwen/Qwen2.5-Omni-7B,549904,remove_6000-8000,Tsik,Tsik,Tsik,true,1
Qwen/Qwen2.5-Omni-7B,558254,lp_0-1000,Tsik,Seep,Seep,false,1
Qwen/Qwen2.5-Omni-7B,558254,lp_0-2000,Tsik,Seep,Seep,false,1
Qwen/Qwen2.5-Omni-7B,558254,lp_0-4000,Tsik,Seep,Seep,false,1
Qwen/Qwen2.5-Omni-7B,558254,lp_0-6000,Tsik,Tsik,Tsik,true,1
Qwen/Qwen2.5-Omni-7B,558254,lp_0-8000,Tsik,Tsik,Tsik,true,1
Qwen/Qwen2.5-Omni-7B,558254,remove_0-1000,Tsik,Tsik,Tsik,true,1
Qwen/Qwen2.5-Omni-7B,558254,remove_1000-2000,Tsik,Tsik,Tsik,true,1
Qwen/Qwen2.5-Omni-7B,558254,remove_2000-4000,Tsik,Tsik,Tsik,true,1
Qwen/Qwen2.5-Omni-7B,558254,remove_4000-6000,Tsik,Tsik,Tsik,true,1
Qwen/Qwen2.5-Omni-7B,558254,remove_6000-8000,Tsik,Tsik,Tsik,true,1
Qwen/Qwen2.5-Omni-7B,563468,lp_0-1000,Tsik,Seep,Seep,false,1
Qwen/Qwen2.5-Omni-7B,563468,lp_0-2000,Tsik,Seep,Seep,false,1
Qwen/Qwen2.5-Omni-7B,563468,lp_0-4000,Tsik,Phee,Phee,false,1
Qwen/Qwen2.5-Omni-7B,563468,lp_0-6000,Tsik,Seep,Seep,false,1
Qwen/Qwen2.5-Omni-7B,563468,lp_0-8000,Tsik,Tsik,Tsik,true,1
Qwen/Qwen2.5-Omni-7B,563468,remove_0-1000,Tsik,Tsik,Tsik,true,1
Qwen/Qwen2.5-Omni-7B,563468,remove_1000-2000,Tsik,Tsik,Tsik,true,1
Qwen/Qwen2.5-Omni-7B,563468,remove_2000-4000,Tsik,Tsik,Tsik,true,1
Qwen/Qwen2.5-Omni-7B,563468,remove_4000-6000,Tsik,Tsik,Tsik,true,1
Qwen/Qwen2.5-Omni-7B,563468,remove_6000-8000,Tsik,Tsik,Tsik,true,1
Qwen/Qwen2.5-Omni-7B,567790,lp_0-1000,Tsik,Phee,Phee,false,1
Qwen/Qwen2.5-Omni-7B,567790,lp_0-2000,Tsik,Phee,Phee,false,1
Qwen/Qwen2.5-Omni-7B,567790,lp_0-4000,Tsik,Tsik,Tsik,true,1
Qwen/Qwen2.5-Omni-7B,567790,lp_0-6000,Tsik,Tsik,Tsik,true,1
Qwen/Qwen2.5-Omni-7B,567790,lp_0-8000,Tsik,Tsik,Tsik,true,1
Qwen/Qwen2.5-Omni-7B,567790,remove_0-1000,Tsik,Tsik,Tsik,true,1
Qwen/Qwen2.5-Omni-7B,567790,remove_1000-2000,Tsik,Tsik,Tsik,true,1
Qwen/Qwen2.5-Omni-7B,567790,remove_2000-4000,Tsik,Tsik,Tsik,true,1
Qwen/Qwen2.5-Omni-7B,567790,remove_4000-6000,Tsik,Tsik,Tsik,true,1
Qwen/Qwen2.5-Omni-7B,567790,remove_6000-8000,Tsik,Tsik,Tsik,true,1
Qwen/Qwen2.5-Omni-7B,589271,lp_0-1000,Tsik,Phee,Phee,false,1
Qwen/Qwen2.5-Omni-7B,589271,lp_0-2000,Tsik,Phee,Phee,false,1
Qwen/Qwen2.5-Omni-7B,589271,lp_0-4000,Tsik,Tsik,Tsik,true,1
Qwen/Qwen2.5-Omni-7B,589271,lp_0-6000,Tsik,Tsik,Tsik,true,1
Qwen/Qwen2.5-Omni-7B,589271,lp_0-8000,Tsik,Tsik,Tsik,true,1
Qwen/Qwen2.5-Omni-7B,589271,remove_0-1000,Tsik,Tsik,Tsik,true,1
Qwen/Qwen2.5-Omni-7B,589271,remove_1000-2000,Tsik,Tsik,Tsik,true,1
Qwen/Qwen2.5-Omni-7B,589271,remove_2000-4000,Tsik,Tsik,Tsik,true,1
Qwen/Qwen2.5-Omni-7B,589271,remove_4000-6000,Tsik,Tsik,Tsik,true,1
Qwen/Qwen2.5-Omni-7B,589271,remove_6000-8000,Tsik,Tsik,Tsik,true,1
Qwen/Qwen2.5-Omni-7B,593315,lp_0-1000,Tsik,Seep,Seep,false,1
Qwen/Qwen2.5-Omni-7B,593315,lp_0-2000,Tsik,Seep,Seep,false,1
Qwen/Qwen2.5-Omni-7B,593315,lp_0-4000,Tsik,Phee,Phee,false,1
Qwen/Qwen2.5-Omni-7B,593315,lp_0-6000,Tsik,Seep,Seep,false,1
Qwen/Qwen2.5-Omni-7B,593315,lp_0-8000,Tsik,Seep,Seep,false,1
Qwen/Qwen2.5-Omni-7B,593315,remove_0-1000,Tsik,Tsik,Tsik,true,1
Qwen/Qwen2.5-Omni-7B,593315,remove_1000-2000,Tsik,Tsik,Tsik,true,1
Qwen/Qwen2.5-Omni-7B,593315,remove_2000-4000,Tsik,Tsik,Tsik,true,1
Qwen/Qwen2.5-Omni-7B,593315,remove_4000-6000,Tsik,Seep,Seep,false,1
Qwen/Qwen2.5-Omni-7B,593315,remove_6000-8000,Tsik,Seep,Seep,false,1
Qwen/Qwen2.5-Omni-7B,610080,lp_0-1000,Tsik,Phee,Phee,false,1
Qwen/Qwen2.5-Omni-7B,610080,lp_0-2000,Tsik,Seep,Seep,false,1
Qwen/Qwen2.5-Omni-7B,610080,lp_0-4000,Tsik,Phee,Phee,false,1
Qwen/Qwen2.5-Omni-7B,610080,lp_0-6000,Tsik,Phee,Phee,false,1
Qwen/Qwen2.5-Omni-7B,610080,lp_0-8000,Tsik,Tsik,Tsik,true,1
Qwen/Qwen2.5-Omni-7B,610080,remove_0-1000,Tsik,Tsik,Tsik,true,1
Qwen/Qwen2.5-Omni-7B,610080,remove_1000-2000,Tsik,Tsik,Tsik,true,1
Qwen/Qwen2.5-Omni-7B,610080,remove_2000-4000,Tsik,Tsik,Tsik,true,1
Qwen/Qwen2.5-Omni-7B,610080,remove_4000-6000,Tsik,Tsik,Tsik,true,1
Qwen/Qwen2.5-Omni-7B,610080,remove_6000-8000,Tsik,Tsik,Tsik,true,1
Qwen/Qwen2.5-Omni-7B,614582,lp_0-1000,Tsik,Phee,Phee,false,1
Qwen/Qwen2.5-Omni-7B,614582,lp_0-2000,Tsik,Phee,Phee,false,1
Qwen/Qwen2.5-Omni-7B,614582,lp_0-4000,Tsik,Phee,Phee,false,1
Qwen/Qwen2.5-Omni-7B,614582,lp_0-6000,Tsik,Phee,Phee,false,1
Qwen/Qwen2.5-Omni-7B,614582,lp_0-8000,Tsik,Seep,Seep,false,1
Qwen/Qwen2.5-Omni-7B,614582,remove_0-1000,Tsik,Phee,Phee,false,1
Qwen/Qwen2.5-Omni-7B,614582,remove_1000-2000,Tsik,Phee,Phee,false,1
Qwen/Qwen2.5-Omni-7B,614582,remove_2000-4000,Tsik,Phee,Phee,false,1
Qwen/Qwen2.5-Omni-7B,614582,remove_4000-6000,Tsik,Phee,Phee,false,1
Qwen/Qwen2.5-Omni-7B,614582,remove_6000-8000,Tsik,Phee,Phee,false,1
Qwen/Qwen2.5-Omni-7B,614794,lp_0-1000,Tsik,Phee,Phee,false,1
Qwen/Qwen2.5-Omni-7B,614794,lp_0-2000,Tsik,Phee,Phee,false,1
Qwen/Qwen2.5-Omni-7B,614794,lp_0-4000,Tsik,Tsik,Tsik,true,1
Qwen/Qwen2.5-Omni-7B,614794,lp_0-6000,Tsik,Tsik,Tsik,true,1
Qwen/Qwen2.5-Omni-7B,614794,lp_0-8000,Tsik,Tsik,Tsik,true,1
Qwen/Qwen2.5-Omni-7B,614794,remove_0-1000,Tsik,Tsik,Tsik,true,1
Qwen/Qwen2.5-Omni-7B,614794,remove_1000-2000,Tsik,Tsik,Tsik,true,1
Qwen/Qwen2.5-Omni-7B,614794,remove_2000-4000,Tsik,Tsik,Tsik,true,1
Qwen/Qwen2.5-Omni-7B,614794,remove_4000-6000,Tsik,Tsik,Tsik,true,1
Qwen/Qwen2.5-Omni-7B,614794,remove_6000-8000,Tsik,Tsik,Tsik,true,1
Qwen/Qwen2.5-Omni-7B,622312,lp_0-1000,Tsik,Seep,Seep,false,1
Qwen/Qwen2.5-Omni-7B,622312,lp_0-2000,Tsik,Seep,Seep,false,1
Qwen/Qwen2.5-Omni-7B,622312,lp_0-4000,Tsik,Phee,Phee,false,1
Qwen/Qwen2.5-Omni-7B,622312,lp_0-6000,Tsik,Phee,Phee,false,1
Qwen/Qwen2.5-Omni-7B,622312,lp_0-8000,Tsik,Seep,Seep,false,1
Qwen/Qwen2.5-Omni-7B,622312,remove_0-1000,Tsik,Tsik,Tsik,true,1
Qwen/Qwen2.5-Omni-7B,622312,remove_1000-2000,Tsik,Tsik,Tsik,true,1
Qwen/Qwen2.5-Omni-7B,622312,remove_2000-4000,Tsik,Tsik,Tsik,true,1
Qwen/Qwen2.5-Omni-7B,622312,remove_4000-6000,Tsik,Seep,Seep,false,1
Qwen/Qwen2.5-Omni-7B,622312,remove_6000-8000,Tsik,Tsik,Tsik,true,1
Qwen/Qwen2.5-Omni-7B,623831,lp_0-1000,Tsik,Phee,Phee,false,1
Qwen/Qwen2.5-Omni-7B,623831,lp_0-2000,Tsik,Phee,Phee,false,1
Qwen/Qwen2.5-Omni-7B,623831,lp_0-4000,Tsik,Phee,Phee,false,1
Qwen/Qwen2.5-Omni-7B,623831,lp_0-6000,Tsik,Phee,Phee,false,1
Qwen/Qwen2.5-Omni-7B,623831,lp_0-8000,Tsik,Tsik,Tsik,true,1
Qwen/Qwen2.5-Omni-7B,623831,remove_0-1000,Tsik,Tsik,Tsik,true,1
Qwen/Qwen2.5-Omni-7B,623831,remove_1000-2000,Tsik,Tsik,Tsik,true,1
Qwen/Qwen2.5-Omni-7B,623831,remove_2000-4000,Tsik,Tsik,Tsik,true,1
Qwen/Qwen2.5-Omni-7B,623831,remove_4000-6000,Tsik,Tsik,Tsik,true,1
Qwen/Qwen2.5-Omni-7B,623831,remove_6000-8000,Tsik,Tsik,Tsik,true,1
Qwen/Qwen2.5-Omni-7B,631947,lp_0-1000,Tsik,Phee,Phee,false,1
Qwen/Qwen2.5-Omni-7B,631947,lp_0-2000,Tsik,Phee,Phee,false,1
Qwen/Qwen2.5-Omni-7B,631947,lp_0-4000,Tsik,Phee,Phee,false,1
Qwen/Qwen2.5-Omni-7B,631947,lp_0-6000,Tsik,Phee,Phee,false,1
Qwen/Qwen2.5-Omni-7B,631947,lp_0-8000,Tsik,Tsik,Tsik,true,1
Qwen/Qwen2.5-Omni-7B,631947,remove_0-1000,Tsik,Phee,Phee,false,1
Qwen/Qwen2.5-Omni-7B,631947,remove_1000-2000,Tsik,Phee,Phee,false,1
Qwen/Qwen2.5-Omni-7B,631947,remove_2000-4000,Tsik,Phee,Phee,false,1
Qwen/Qwen2.5-Omni-7B,631947,remove_4000-6000,Tsik,Tsik,Tsik,true,1
Qwen/Qwen2.5-Omni-7B,631947,remove_6000-8000,Tsik,Tsik,Tsik,true,1
Qwen/Qwen2.5-Omni-7B,632037,lp_0-1000,Tsik,Phee,Phee,false,1
Qwen/Qwen2.5-Omni-7B,632037,lp_0-2000,Tsik,Phee,Phee,false,1
Qwen/Qwen2.5-Omni-7B,632037,lp_0-4000,Tsik,Phee,Phee,false,1
Qwen/Qwen2.5-Omni-7B,632037,lp_0-6000,Tsik,Phee,Phee,false,1
Qwen/Qwen2.5-Omni-7B,632037,lp_0-8000,Tsik,Phee,Phee,false,1
Qwen/Qwen2.5-Omni-7B,632037,remove_0-1000,Tsik,Phee,Phee,false,1
Qwen/Qwen2.5-Omni-7B,632037,remove_1000-2000,Tsik,Phee,Phee,false,1
Qwen/Qwen2.5-Omni-7B,632037,remove_2000-4000,Tsik,Phee,Phee,false,1
Qwen/Qwen2.5-Omni-7B,632037,remove_4000-6000,Tsik,Phee,Phee,false,1
Qwen/Qwen2.5-Omni-7B,632037,remove_6000-8000,Tsik,Phee,Phee,false,1
Qwen/Qwen2.5-Omni-7B,636120,lp_0-1000,Tsik,Phee,Phee,false,1
Qwen/Qwen2.5-Omni-7B,636120,lp_0-2000,Tsik,Phee,Phee,false,1
Qwen/Qwen2.5-Omni-7B,636120,lp_0-4000,Tsik,Phee,Phee,false,1
Qwen/Qwen2.5-Omni-7B,636120,lp_0-6000,Tsik,Phee,Phee,false,1
Qwen/Qwen2.5-Omni-7B,636120,lp_0-8000,Tsik,Tsik,Tsik,true,1
Qwen/Qwen2.5-Omni-7B,636120,remove_0-1000,Tsik,Tsik,Tsik,true,1
Qwen/Qwen2.5-Omni-7B,636120,remove_1000-2000,Tsik,Tsik,Tsik,true,1
Qwen/Qwen2.5-Omni-7B,636120,remove_2000-4000,Tsik,Tsik,Tsik,true,1
Qwen/Qwen2.5-Omni-7B,636120,remove_4000-6000,Tsik,Tsik,Tsik,true,1
Qwen/Qwen2.5-Omni-7B,636120,remove_6000-8000,Tsik,Tsik,Tsik,true,1
Qwen/Qwen2.5-Omni-7B,636151,lp_0-1000,Tsik,Seep,Seep,false,1
Qwen/Qwen2.5-Omni-7B,636151,lp_0-2000,Tsik,Seep,Seep,false,1
Qwen/Qwen2.5-Omni-7B,636151,lp_0-4000,Tsik,Seep,Seep,false,1
Qwen/Qwen2.5-Omni-7B,636151,lp_0-6000,Tsik,Tsik,Tsik,true,1
Qwen/Qwen2.5-Omni-7B,636151,lp_0-8000,Tsik,Tsik,Tsik,true,1
Qwen/Qwen2.5-Omni-7B,636151,remove_0-1000,Tsik,Tsik,Tsik,true,1
Qwen/Qwen2.5-Omni-7B,636151,remove_1000-2000,Tsik,Tsik,Tsik,true,1
Qwen/Qwen2.5-Omni-7B,636151,remove_2000-4000,Tsik,Tsik,Tsik,true,1
Qwen/Qwen2.5-Omni-7B,636151,remove_4000-6000,Tsik,Tsik,Tsik,true,1
Qwen/Qwen2.5-Omni-7B,636151,remove_6000-8000,Tsik,Tsik,Tsik,true,1
Qwen/Qwen2.5-Omni-7B,642827,lp_0-1000,Tsik,Seep,Seep,false,1
Qwen/Qwen2.5-Omni-7B,642827,lp_0-2000,Tsik,Seep,Seep,false,1
Qwen/Qwen2.5-Omni-7B,642827,lp_0-4000,Tsik,Seep,Seep,false,1
Qwen/Qwen2.5-Omni-7B,642827,lp_0-6000,Tsik,Tsik,Tsik,true,1
Qwen/Qwen2.5-Omni-7B,642827,lp_0-8000,Tsik,Tsik,Tsik,true,1
Qwen/Qwen2.5-Omni-7B,642827,remove_0-1000,Tsik,Tsik,Tsik,true,1
Qwen/Qwen2.5-Omni-7B,642827,remove_1000-2000,Tsik,Tsik,Tsik,true,1
Qwen/Qwen2.5-Omni-7B,642827,remove_2000-4000,Tsik,Tsik,Tsik,true,1
Qwen/Qwen2.5-Omni-7B,642827,remove_4000-6000,Tsik,Tsik,Tsik,true,1
Qwen/Qwen2.5-Omni-7B,642827,remove_6000-8000,Tsik,Tsik,Tsik,true,1
Qwen/Qwen2.5-Omni-7B,654915,lp_0-1000,Tsik,Phee,Phee,false,1
Qwen/Qwen2.5-Omni-7B,654915,lp_0-2000,Tsik,Phee,Phee,false,1
Qwen/Qwen2.5-Omni-7B,654915,lp_0-4000,Tsik,Tsik,Tsik,true,1
Qwen/Qwen2.5-Omni-7B,654915,lp_0-6000,Tsik,Tsik,Tsik,true,1
Qwen/Qwen2.5-Omni-7B,654915,lp_0-8000,Tsik,Tsik,Tsik,true,1
Qwen/Qwen2.5-Omni-7B,654915,remove_0-1000,Tsik,Tsik,Tsik,true,1
Qwen/Qwen2.5-Omni-7B,654915,remove_1000-2000,Tsik,Tsik,Tsik,true,1
Qwen/Qwen2.5-Omni-7B,654915,remove_2000-4000,Tsik,Tsik,Tsik,true,1
Qwen/Qwen2.5-Omni-7B,654915,remove_4000-6000,Tsik,Tsik,Tsik,true,1
Qwen/Qwen2.5-Omni-7B,654915,remove_6000-8000,Tsik,Tsik,Tsik,true,1
Qwen/Qwen2.5-Omni-7B,662160,lp_0-1000,Tsik,Phee,Phee,false,1
Qwen/Qwen2.5-Omni-7B,662160,lp_0-2000,Tsik,Phee,Phee,false,1
Qwen/Qwen2.5-Omni-7B,662160,lp_0-4000,Tsik,Phee,Phee,false,1
Qwen/Qwen2.5-Omni-7B,662160,lp_0-6000,Tsik,Seep,Seep,false,1
Qwen/Qwen2.5-Omni-7B,662160,lp_0-8000,Tsik,Seep,Seep,false,1
Qwen/Qwen2.5-Omni-7B,662160,remove_0-1000,Tsik,Seep,Seep,false,1
Qwen/Qwen2.5-Omni-7B,662160,remove_1000-2000,Tsik,Seep,Seep,false,1
Qwen/Qwen2.5-Omni-7B,662160,remove_2000-4000,Tsik,Seep,Seep,false,1
Qwen/Qwen2.5-Omni-7B,662160,remove_4000-6000,Tsik,Tsik,Tsik,true,1
Qwen/Qwen2.5-Omni-7B,662160,remove_6000-8000,Tsik,Tsik,Tsik,true,1
Qwen/Qwen2.5-Omni-7B,663998,lp_0-1000,Tsik,Phee,Phee,false,1
Qwen/Qwen2.5-Omni-7B,663998,lp_0-2000,Tsik,Phee,Phee,false,1
Qwen/Qwen2.5-Omni-7B,663998,lp_0-4000,Tsik,Phee,Phee,false,1
Qwen/Qwen2.5-Omni-7B,663998,lp_0-6000,Tsik,Phee,Phee,false,1
Qwen/Qwen2.5-Omni-7B,663998,lp_0-8000,Tsik,Tsik,Tsik,true,1
Qwen/Qwen2.5-Omni-7B,663998,remove_0-1000,Tsik,Tsik,Tsik,true,1
Qwen/Qwen2.5-Omni-7B,663998,remove_1000-2000,Tsik,Tsik,Tsik,true,1
Qwen/Qwen2.5-Omni-7B,663998,remove_2000-4000,Tsik,Tsik,Tsik,true,1
Qwen/Qwen2.5-Omni-7B,663998,remove_4000-6000,Tsik,Tsik,Tsik,true,1
Qwen/Qwen2.5-Omni-7B,663998,remove_6000-8000,Tsik,Tsik,Tsik,true,1
Qwen/Qwen2.5-Omni-7B,666489,lp_0-1000,Tsik,Seep,Seep,false,1
Qwen/Qwen2.5-Omni-7B,666489,lp_0-2000,Tsik,Phee,Phee,false,1
Qwen/Qwen2.5-Omni-7B,666489,lp_0-4000,Tsik,Phee,Phee,false,1
Qwen/Qwen2.5-Omni-7B,666489,lp_0-6000,Tsik,Seep,Seep,false,1
Qwen/Qwen2.5-Omni-7B,666489,lp_0-8000,Tsik,Seep,Seep,false,1
Qwen/Qwen2.5-Omni-7B,666489,remove_0-1000,Tsik,Seep,Seep,false,1
Qwen/Qwen2.5-Omni-7B,666489,remove_1000-2000,Tsik,Tsik,Tsik,true,1
Qwen/Qwen2.5-Omni-7B,666489,remove_2000-4000,Tsik,Seep,Seep,false,1
Qwen/Qwen2.5-Omni-7B,666489,remove_4000-6000,Tsik,Seep,Seep,false,1
Qwen/Qwen2.5-Omni-7B,666489,remove_6000-8000,Tsik,Tsik,Tsik,true,1
Qwen/Qwen2.5-Omni-7B,666571,lp_0-1000,Tsik,Seep,Seep,false,1
Qwen/Qwen2.5-Omni-7B,666571,lp_0-2000,Tsik,Phee,Phee,false,1
Qwen/Qwen2.5-Omni-7B,666571,lp_0-4000,Tsik,Phee,Phee,false,1
Qwen/Qwen2.5-Omni-7B,666571,lp_0-6000,Tsik,Tsik,Tsik,true,1
Qwen/Qwen2.5-Omni-7B,666571,lp_0-8000,Tsik,Tsik,Tsik,true,1
Qwen/Qwen2.5-Omni-7B,666571,remove_0-1000,Tsik,Tsik,Tsik,true,1
Qwen/Qwen2.5-Omni-7B,666571,remove_1000-2000,Tsik,Tsik,Tsik,true,1
Qwen/Qwen2.5-Omni-7B,666571,remove_2000-4000,Tsik,Tsik,Tsik,true,1
Qwen/Qwen2.5-Omni-7B,666571,remove_4000-6000,Tsik,Tsik,Tsik,true,1
Qwen/Qwen2.5-Omni-7B,666571,remove_6000-8000,Tsik,Seep,Seep,false,1
Qwen/Qwen2.5-Omni-7B,666726,lp_0-1000,Tsik,Seep,Seep,false,1
Qwen/Qwen2.5-Omni-7B,666726,lp_0-2000,Tsik,Phee,Phee,false,1
Qwen/Qwen2.5-Omni-7B,666726,lp_0-4000,Tsik,Phee,Phee,false,1
Qwen/Qwen2.5-Omni-7B,666726,lp_0-6000,Tsik,Phee,Phee,false,1
Qwen/Qwen2.5-Omni-7B,666726,lp_0-8000,Tsik,Tsik,Tsik,true,1
Qwen/Qwen2.5-Omni-7B,666726,remove_0-1000,Tsik,Tsik,Tsik,true,1
Qwen/Qwen2.5-Omni-7B,666726,remove_1000-2000,Tsik,Tsik,Tsik,true,1
Qwen/Qwen2.5-Omni-7B,666726,remove_2000-4000,Tsik,Tsik,Tsik,true,1
Qwen/Qwen2.5-Omni-7B,666726,remove_4000-6000,Tsik,Tsik,Tsik,true,1
Qwen/Qwen2.5-Omni-7B,666726,remove_6000-8000,Tsik,Tsik,Tsik,true,1
Qwen/Qwen2.5-Omni-7B,666835,lp_0-1000,Tsik,Phee,Phee,false,1
Qwen/Qwen2.5-Omni-7B,666835,lp_0-2000,Tsik,Phee,Phee,false,1
Qwen/Qwen2.5-Omni-7B,666835,lp_0-4000,Tsik,Tsik,Tsik,true,1
Qwen/Qwen2.5-Omni-7B,666835,lp_0-6000,Tsik,Tsik,Tsik,true,1
Qwen/Qwen2.5-Omni-7B,666835,lp_0-8000,Tsik,Tsik,Tsik,true,1
Qwen/Qwen2.5-Omni-7B,666835,remove_0-1000,Tsik,Tsik,Tsik,true,1
Qwen/Qwen2.5-Omni-7B,666835,remove_1000-2000,Tsik,Tsik,Tsik,true,1
Qwen/Qwen2.5-Omni-7B,666835,remove_2000-4000,Tsik,Tsik,Tsik,true,1
Qwen/Qwen2.5-Omni-7B,666835,remove_4000-6000,Tsik,Tsik,Tsik,true,1
Qwen/Qwen2.5-Omni-7B,666835,remove_6000-8000,Tsik,Tsik,Tsik,true,1
Qwen/Qwen2.5-Omni-7B,667582,lp_0-1000,Tsik,Seep,Seep,false,1
Qwen/Qwen2.5-Omni-7B,667582,lp_0-2000,Tsik,Phee,Phee,false,1
Qwen/Qwen2.5-Omni-7B,667582,lp_0-4000,Tsik,Phee,Phee,false,1
Qwen/Qwen2.5-Omni-7B,667582,lp_0-6000,Tsik,Tsik,Tsik,true,1
Qwen/Qwen2.5-Omni-7B,667582,lp_0-8000,Tsik,Tsik,Tsik,true,1
Qwen/Qwen2.5-Omni-7B,667582,remove_0-1000,Tsik,Tsik,Tsik,true,1
Qwen/Qwen2.5-Omni-7B,667582,remove_1000-2000,Tsik,Tsik,Tsik,true,1
Qwen/Qwen2.5-Omni-7B,667582,remove_2000-4000,Tsik,Tsik,Tsik,true,1
Qwen/Qwen2.5-Omni-7B,667582,remove_4000-6000,Tsik,Tsik,Tsik,true,1
Qwen/Qwen2.5-Omni-7B,667582,remove_6000-8000,Tsik,Tsik,Tsik,true,1
Qwen/Qwen2.5-Omni-7B,668393,lp_0-1000,Tsik,Phee,Phee,false,1
Qwen/Qwen2.5-Omni-7B,668393,lp_0-2000,Tsik,Phee,Phee,false,1
Qwen/Qwen2.5-Omni-7B,668393,lp_0-4000,Tsik,Tsik,Tsik,true,1
Qwen/Qwen2.5-Omni-7B,668393,lp_0-6000,Tsik,Tsik,Tsik,true,1
Qwen/Qwen2.5-Omni-7B,668393,lp_0-8000,Tsik,Tsik,Tsik,true,1
Qwen/Qwen2.5-Omni-7B,668393,remove_0-1000,Tsik,Tsik,Tsik,true,1
Qwen/Qwen2.5-Omni-7B,668393,remove_1000-2000,Tsik,Tsik,Tsik,true,1
Qwen/Qwen2.5-Omni-7B,668393,remove_2000-4000,Tsik,Tsik,Tsik,true,1
Qwen/Qwen2.5-Omni-7B,668393,remove_4000-6000,Tsik,Tsik,Tsik,true,1
Qwen/Qwen2.5-Omni-7B,668393,remove_6000-8000,Tsik,Tsik,Tsik,true,1
Qwen/Qwen2.5-Omni-7B,668980,lp_0-1000,Tsik,Seep,Seep,false,1
Qwen/Qwen2.5-Omni-7B,668980,lp_0-2000,Tsik,Seep,Seep,false,1
Qwen/Qwen2.5-Omni-7B,668980,lp_0-4000,Tsik,Tsik,Tsik,true,1
Qwen/Qwen2.5-Omni-7B,668980,lp_0-6000,Tsik,Phee,Phee,false,1
Qwen/Qwen2.5-Omni-7B,668980,lp_0-8000,Tsik,Tsik,Tsik,true,1
Qwen/Qwen2.5-Omni-7B,668980,remove_0-1000,Tsik,Tsik,Tsik,true,1
Qwen/Qwen2.5-Omni-7B,668980,remove_1000-2000,Tsik,Tsik,Tsik,true,1
Qwen/Qwen2.5-Omni-7B,668980,remove_2000-4000,Tsik,Tsik,Tsik,true,1
Qwen/Qwen2.5-Omni-7B,668980,remove_4000-6000,Tsik,Tsik,Tsik,true,1
Qwen/Qwen2.5-Omni-7B,668980,remove_6000-8000,Tsik,Tsik,Tsik,true,1
Qwen/Qwen2.5-Omni-7B,669789,lp_0-1000,Tsik,Seep,Seep,false,1
Qwen/Qwen2.5-Omni-7B,669789,lp_0-2000,Tsik,Seep,Seep,false,1
Qwen/Qwen2.5-Omni-7B,669789,lp_0-4000,Tsik,Seep,Seep,false,1
Qwen/Qwen2.5-Omni-7B,669789,lp_0-6000,Tsik,Seep,Seep,false,1
Qwen/Qwen2.5-Omni-7B,669789,lp_0-8000,Tsik,Tsik,Tsik,true,1
Qwen/Qwen2.5-Omni-7B,669789,remove_0-1000,Tsik,Tsik,Tsik,true,1
Qwen/Qwen2.5-Omni-7B,669789,remove_1000-2000,Tsik,Tsik,Tsik,true,1
Qwen/Qwen2.5-Omni-7B,669789,remove_2000-4000,Tsik,Tsik,Tsik,true,1
Qwen/Qwen2.5-Omni-7B,669789,remove_4000-6000,Tsik,Tsik,Tsik,true,1
Qwen/Qwen2.5-Omni-7B,669789,remove_6000-8000,Tsik,Tsik,Tsik,true,1
Qwen/Qwen2.5-Omni-7B,687663,lp_0-1000,Tsik,Seep,Seep,false,1
Qwen/Qwen2.5-Omni-7B,687663,lp_0-2000,Tsik,Seep,Seep,false,1
Qwen/Qwen2.5-Omni-7B,687663,lp_0-4000,Tsik,Seep,Seep,false,1
Qwen/Qwen2.5-Omni-7B,687663,lp_0-6000,Tsik,Seep,Seep,false,1
Qwen/Qwen2.5-Omni-7B,687663,lp_0-8000,Tsik,Tsik,Tsik,true,1
Qwen/Qwen2.5-Omni-7B,687663,remove_0-1000,Tsik,Tsik,Tsik,true,1
Qwen/Qwen2.5-Omni-7B,687663,remove_1000-2000,Tsik,Tsik,Tsik,true,1
Qwen/Qwen2.5-Omni-7B,687663,remove_2000-4000,Tsik,Tsik,Tsik,true,1
Qwen/Qwen2.5-Omni-7B,687663,remove_4000-6000,Tsik,Seep,Seep,false,1
Qwen/Qwen2.5-Omni-7B,687663,remove_6000-8000,Tsik,Tsik,Tsik,true,1
Qwen/Qwen2.5-Omni-7B,716490,lp_0-1000,Tsik,Seep,Seep,false,1
Qwen/Qwen2.5-Omni-7B,716490,lp_0-2000,Tsik,Phee,Phee,false,1
Qwen/Qwen2.5-Omni-7B,716490,lp_0-4000,Tsik,Tsik,Tsik,true,1
Qwen/Qwen2.5-Omni-7B,716490,lp_0-6000,Tsik,Tsik,Tsik,true,1
Qwen/Qwen2.5-Omni-7B,716490,lp_0-8000,Tsik,Tsik,Tsik,true,1
Qwen/Qwen2.5-Omni-7B,716490,remove_0-1000,Tsik,Tsik,Tsik,true,1
Qwen/Qwen2.5-Omni-7B,716490,remove_1000-2000,Tsik,Tsik,Tsik,true,1
Qwen/Qwen2.5-Omni-7B,716490,remove_2000-4000,Tsik,Tsik,Tsik,true,1
Qwen/Qwen2.5-Omni-7B,716490,remove_4000-6000,Tsik,Tsik,Tsik,true,1
Qwen/Qwen2.5-Omni-7B,716490,remove_6000-8000,Tsik,Tsik,Tsik,true,1
Qwen/Qwen2.5-Omni-7B,746198,lp_0-1000,Tsik,Phee,Phee,false,1
Qwen/Qwen2.5-Omni-7B,746198,lp_0-2000,Tsik,Phee,Phee,false,1
Qwen/Qwen2.5-Omni-7B,746198,lp_0-4000,Tsik,Phee,Phee,false,1
Qwen/Qwen2.5-Omni-7B,746198,lp_0-6000,Tsik,Phee,Phee,false,1
Qwen/Qwen2.5-Omni-7B,746198,lp_0-8000,Tsik,Tsik,Tsik,true,1
Qwen/Qwen2.5-Omni-7B,746198,remove_0-1000,Tsik,Tsik,Tsik,true,1
Qwen/Qwen2.5-Omni-7B,746198,remove_1000-2000,Tsik,Tsik,Tsik,true,1
Qwen/Qwen2.5-Omni-7B,746198,remove_2000-4000,Tsik,Tsik,Tsik,true,1
Qwen/Qwen2.5-Omni-7B,746198,remove_4000-6000,Tsik,Phee,Phee,false,1
Qwen/Qwen2.5-Omni-7B,746198,remove_6000-8000,Tsik,Phee,Phee,false,1
Qwen/Qwen2.5-Omni-7B,753447,lp_0-1000,Tsik,Seep,Seep,false,1
Qwen/Qwen2.5-Omni-7B,753447,lp_0-2000,Tsik,Seep,Seep,false,1
Qwen/Qwen2.5-Omni-7B,753447,lp_0-4000,Tsik,Tsik,Tsik,true,1
Qwen/Qwen2.5-Omni-7B,753447,lp_0-6000,Tsik,Tsik,Tsik,true,1
Qwen/Qwen2.5-Omni-7B,753447,lp_0-8000,Tsik,Tsik,Tsik,true,1
Qwen/Qwen2.5-Omni-7B,753447,remove_0-1000,Tsik,Tsik,Tsik,true,1
Qwen/Qwen2.5-Omni-7B,753447,remove_1000-2000,Tsik,Tsik,Tsik,true,1
Qwen/Qwen2.5-Omni-7B,753447,remove_2000-4000,Tsik,Tsik,Tsik,true,1
Qwen/Qwen2.5-Omni-7B,753447,remove_4000-6000,Tsik,Tsik,Tsik,true,1
Qwen/Qwen2.5-Omni-7B,753447,remove_6000-8000,Tsik,Tsik,Tsik,true,1
Qwen/Qwen2.5-Omni-7B,755986,lp_0-1000,Tsik,Phee,Phee,false,1
Qwen/Qwen2.5-Omni-7B,755986,lp_0-2000,Tsik,Phee,Phee,false,1
Qwen/Qwen2.5-Omni-7B,755986,lp_0-4000,Tsik,Phee,Phee,false,1
Qwen/Qwen2.5-Omni-7B,755986,lp_0-6000,Tsik,Tsik,Tsik,true,1
Qwen/Qwen2.5-Omni-7B,755986,lp_0-8000,Tsik,Tsik,Tsik,true,1
Qwen/Qwen2.5-Omni-7B,755986,remove_0-1000,Tsik,Tsik,Tsik,true,1
Qwen/Qwen2.5-Omni-7B,755986,remove_1000-2000,Tsik,Tsik,Tsik,true,1
Qwen/Qwen2.5-Omni-7B,755986,remove_2000-4000,Tsik,Tsik,Tsik,true,1
Qwen/Qwen2.5-Omni-7B,755986,remove_4000-6000,Tsik,Tsik,Tsik,true,1
Qwen/Qwen2.5-Omni-7B,755986,remove_6000-8000,Tsik,Tsik,Tsik,true,1
Qwen/Qwen2.5-Omni-7B,770417,lp_0-1000,Tsik,Phee,Phee,false,1
Qwen/Qwen2.5-Omni-7B,770417,lp_0-2000,Tsik,Phee,Phee,false,1
Qwen/Qwen2.5-Omni-7B,770417,lp_0-4000,Tsik,Phee,Phee,false,1
Qwen/Qwen2.5-Omni-7B,770417,lp_0-6000,Tsik,Phee,Phee,false,1
Qwen/Qwen2.5-Omni-7B,770417,lp_0-8000,Tsik,Phee,Phee,false,1
Qwen/Qwen2.5-Omni-7B,770417,remove_0-1000,Tsik,Tsik,Tsik,true,1
Qwen/Qwen2.5-Omni-7B,770417,remove_1000-2000,Tsik,Tsik,Tsik,true,1
Qwen/Qwen2.5-Omni-7B,770417,remove_2000-4000,Tsik,Tsik,Tsik,true,1
Qwen/Qwen2.5-Omni-7B,770417,remove_4000-6000,Tsik,Tsik,Tsik,true,1
Qwen/Qwen2.5-Omni-7B,770417,remove_6000-8000,Tsik,Tsik,Tsik,true,1
Qwen/Qwen2.5-Omni-7B,770853,lp_0-1000,Tsik,Seep,Seep,false,1
Qwen/Qwen2.5-Omni-7B,770853,lp_0-2000,Tsik,Seep,Seep,false,1
Qwen/Qwen2.5-Omni-7B,770853,lp_0-4000,Tsik,Seep,Seep,false,1
Qwen/Qwen2.5-Omni-7B,770853,lp_0-6000,Tsik,Tsik,Tsik,true,1
Qwen/Qwen2.5-Omni-7B,770853,lp_0-8000,Tsik,Tsik,Tsik,true,1
Qwen/Qwen2.5-Omni-7B,770853,remove_0-1000,Tsik,Tsik,Tsik,true,1
Qwen/Qwen2.5-Omni-7B,770853,remove_1000-2000,Tsik,Tsik,Tsik,true,1
Qwen/Qwen2.5-Omni-7B,770853,remove_2000-4000,Tsik,Tsik,Tsik,true,1
Qwen/Qwen2.5-Omni-7B,770853,remove_4000-6000,Tsik,Tsik,Tsik,true,1
Qwen/Qwen2.5-Omni-7B,770853,remove_6000-8000,Tsik,Tsik,Tsik,true,1
Qwen/Qwen2.5-Omni-7B,779744,lp_0-1000,Tsik,Phee,Phee,false,1
Qwen/Qwen2.5-Omni-7B,779744,lp_0-2000,Tsik,Phee,Phee,false,1
Qwen/Qwen2.5-Omni-7B,779744,lp_0-4000,Tsik,Tsik,Tsik,true,1
Qwen/Qwen2.5-Omni-7B,779744,lp_0-6000,Tsik,Tsik,Tsik,true,1
Qwen/Qwen2.5-Omni-7B,779744,lp_0-8000,Tsik,Tsik,Tsik,true,1
Qwen/Qwen2.5-Omni-7B,779744,remove_0-1000,Tsik,Tsik,Tsik,true,1
Qwen/Qwen2.5-Omni-7B,779744,remove_1000-2000,Tsik,Tsik,Tsik,true,1
Qwen/Qwen2.5-Omni-7B,779744,remove_2000-4000,Tsik,Tsik,Tsik,true,1
Qwen/Qwen2.5-Omni-7B,779744,remove_4000-6000,Tsik,Tsik,Tsik,true,1
Qwen/Qwen2.5-Omni-7B,779744,remove_6000-8000,Tsik,Tsik,Tsik,true,1
Qwen/Qwen2.5-Omni-7B,784804,lp_0-1000,Tsik,Seep,Seep,false,1
Qwen/Qwen2.5-Omni-7B,784804,lp_0-2000,Tsik,Seep,Seep,false,1
Qwen/Qwen2.5-Omni-7B,784804,lp_0-4000,Tsik,Tsik,Tsik,true,1
Qwen/Qwen2.5-Omni-7B,784804,lp_0-6000,Tsik,Tsik,Tsik,true,1
Qwen/Qwen2.5-Omni-7B,784804,lp_0-8000,Tsik,Tsik,Tsik,true,1
Qwen/Qwen2.5-Omni-7B,784804,remove_0-1000,Tsik,Tsik,Tsik,true,1
Qwen/Qwen2.5-Omni-7B,784804,remove_1000-2000,Tsik,Tsik,Tsik,true,1
Qwen/Qwen2.5-Omni-7B,784804,remove_2000-4000,Tsik,Tsik,Tsik,true,1
Qwen/Qwen2.5-Omni-7B,784804,remove_4000-6000,Tsik,Tsik,Tsik,true,1
Qwen/Qwen2.5-Omni-7B,784804,remove_6000-8000,Tsik,Tsik,Tsik,true,1
Qwen/Qwen2.5-Omni-7B,787004,lp_0-1000,Tsik,Seep,Seep,false,1
Qwen/Qwen2.5-Omni-7B,787004,lp_0-2000,Tsik,Phee,Phee,false,1
Qwen/Qwen2.5-Omni-7B,787004,lp_0-4000,Tsik,Tsik,Tsik,true,1
Qwen/Qwen2.5-Omni-7B,787004,lp_0-6000,Tsik,Tsik,Tsik,true,1
Qwen/Qwen2.5-Omni-7B,787004,lp_0-8000,Tsik,Tsik,Tsik,true,1
Qwen/Qwen2.5-Omni-7B,787004,remove_0-1000,Tsik,Tsik,Tsik,true,1
Qwen/Qwen2.5-Omni-7B,787004,remove_1000-2000,Tsik,Tsik,Tsik,true,1
Qwen/Qwen2.5-Omni-7B,787004,remove_2000-4000,Tsik,Tsik,Tsik,true,1
Qwen/Qwen2.5-Omni-7B,787004,remove_4000-6000,Tsik,Tsik,Tsik,true,1
Qwen/Qwen2.5-Omni-7B,787004,remove_6000-8000,Tsik,Tsik,Tsik,true,1
Qwen/Qwen2.5-Omni-7B,792714,lp_0-1000,Tsik,Seep,Seep,false,1
Qwen/Qwen2.5-Omni-7B,792714,lp_0-2000,Tsik,Seep,Seep,false,1
Qwen/Qwen2.5-Omni-7B,792714,lp_0-4000,Tsik,Phee,Phee,false,1
Qwen/Qwen2.5-Omni-7B,792714,lp_0-6000,Tsik,Tsik,Tsik,true,1
Qwen/Qwen2.5-Omni-7B,792714,lp_0-8000,Tsik,Tsik,Tsik,true,1
Qwen/Qwen2.5-Omni-7B,792714,remove_0-1000,Tsik,Tsik,Tsik,true,1
Qwen/Qwen2.5-Omni-7B,792714,remove_1000-2000,Tsik,Phee,Phee,false,1
Qwen/Qwen2.5-Omni-7B,792714,remove_2000-4000,Tsik,Tsik,Tsik,true,1
Qwen/Qwen2.5-Omni-7B,792714,remove_4000-6000,Tsik,Tsik,Tsik,true,1
Qwen/Qwen2.5-Omni-7B,792714,remove_6000-8000,Tsik,Tsik,Tsik,true,1
Qwen/Qwen2.5-Omni-7B,799377,lp_0-1000,Tsik,Seep,Seep,false,1
Qwen/Qwen2.5-Omni-7B,799377,lp_0-2000,Tsik,Phee,Phee,false,1
Qwen/Qwen2.5-Omni-7B,799377,lp_0-4000,Tsik,Tsik,Tsik,true,1
Qwen/Qwen2.5-Omni-7B,799377,lp_0-6000,Tsik,Tsik,Tsik,true,1
Qwen/Qwen2.5-Omni-7B,799377,lp_0-8000,Tsik,Tsik,Tsik,true,1
Qwen/Qwen2.5-Omni-7B,799377,remove_0-1000,Tsik,Tsik,Tsik,true,1
Qwen/Qwen2.5-Omni-7B,799377,remove_1000-2000,Tsik,Tsik,Tsik,true,1
Qwen/Qwen2.5-Omni-7B,799377,remove_2000-4000,Tsik,Tsik,Tsik,true,1
Qwen/Qwen2.5-Omni-7B,799377,remove_4000-6000,Tsik,Tsik,Tsik,true,1
Qwen/Qwen2.5-Omni-7B,799377,remove_6000-8000,Tsik,Tsik,Tsik,true,1
Qwen/Qwen2.5-Omni-7B,801091,lp_0-1000,Tsik,Seep,Seep,false,1
Qwen/Qwen2.5-Omni-7B,801091,lp_0-2000,Tsik,Seep,Seep,false,1
Qwen/Qwen2.5-Omni-7B,801091,lp_0-4000,Tsik,Tsik,Tsik,true,1
Qwen/Qwen2.5-Omni-7B,801091,lp_0-6000,Tsik,Tsik,Tsik,true,1
Qwen/Qwen2.5-Omni-7B,801091,lp_0-8000,Tsik,Tsik,Tsik,true,1
Qwen/Qwen2.5-Omni-7B,801091,remove_0-1000,Tsik,Tsik,Tsik,true,1
Qwen/Qwen2.5-Omni-7B,801091,remove_1000-2000,Tsik,Tsik,Tsik,true,1
Qwen/Qwen2.5-Omni-7B,801091,remove_2000-4000,Tsik,Tsik,Tsik,true,1
Qwen/Qwen2.5-Omni-7B,801091,remove_4000-6000,Tsik,Tsik,Tsik,true,1
Qwen/Qwen2.5-Omni-7B,801091,remove_6000-8000,Tsik,Tsik,Tsik,true,1
Qwen/Qwen2.5-Omni-7B,804713,lp_0-1000,Tsik,Seep,Seep,false,1
Qwen/Qwen2.5-Omni-7B,804713,lp_0-2000,Tsik,Phee,Phee,false,1
Qwen/Qwen2.5-Omni-7B,804713,lp_0-4000,Tsik,Seep,Seep,false,1
Qwen/Qwen2.5-Omni-7B,804713,lp_0-6000,Tsik,Tsik,Tsik,true,1
Qwen/Qwen2.5-Omni-7B,804713,lp_0-8000,Tsik,Seep,Seep,false,1
Qwen/Qwen2.5-Omni-7B,804713,remove_0-1000,Tsik,Tsik,Tsik,true,1
Qwen/Qwen2.5-Omni-7B,804713,remove_1000-2000,Tsik,Tsik,Tsik,true,1
Qwen/Qwen2.5-Omni-7B,804713,remove_2000-4000,Tsik,Tsik,Tsik,true,1
Qwen/Qwen2.5-Omni-7B,804713,remove_4000-6000,Tsik,Tsik,Tsik,true,1
Qwen/Qwen2.5-Omni-7B,804713,remove_6000-8000,Tsik,Tsik,Tsik,true,1
Qwen/Qwen2.5-Omni-7B,805029,lp_0-1000,Tsik,Seep,Seep,false,1
Qwen/Qwen2.5-Omni-7B,805029,lp_0-2000,Tsik,Seep,Seep,false,1
Qwen/Qwen2.5-Omni-7B,805029,lp_0-4000,Tsik,Seep,Seep,false,1
Qwen/Qwen2.5-Omni-7B,805029,lp_0-6000,Tsik,Seep,Seep,false,1
Qwen/Qwen2.5-Omni-7B,805029,lp_0-8000,Tsik,Seep,Seep,false,1
Qwen/Qwen2.5-Omni-7B,805029,remove_0-1000,Tsik,Tsik,Tsik,true,1
Qwen/Qwen2.5-Omni-7B,805029,remove_1000-2000,Tsik,Seep,Seep,false,1
Qwen/Qwen2.5-Omni-7B,805029,remove_2000-4000,Tsik,Tsik,Tsik,true,1
Qwen/Qwen2.5-Omni-7B,805029,remove_4000-6000,Tsik,Tsik,Tsik,true,1
Qwen/Qwen2.5-Omni-7B,805029,remove_6000-8000,Tsik,Tsik,Tsik,true,1
Qwen/Qwen2.5-Omni-7B,807122,lp_0-1000,Tsik,Seep,Seep,false,1
Qwen/Qwen2.5-Omni-7B,807122,lp_0-2000,Tsik,Seep,Seep,false,1
Qwen/Qwen2.5-Omni-7B,807122,lp_0-4000,Tsik,Tsik,Tsik,true,1
Qwen/Qwen2.5-Omni-7B,807122,lp_0-6000,Tsik,Tsik,Tsik,true,1
Qwen/Qwen2.5-Omni-7B,807122,lp_0-8000,Tsik,Tsik,Tsik,true,1
Qwen/Qwen2.5-Omni-7B,807122,remove_0-1000,Tsik,Tsik,Tsik,true,1
Qwen/Qwen2.5-Omni-7B,807122,remove_1000-2000,Tsik,Tsik,Tsik,true,1
Qwen/Qwen2.5-Omni-7B,807122,remove_2000-4000,Tsik,Tsik,Tsik,true,1
Qwen/Qwen2.5-Omni-7B,807122,remove_4000-6000,Tsik,Seep,Seep,false,1
Qwen/Qwen2.5-Omni-7B,807122,remove_6000-8000,Tsik,Tsik,Tsik,true,1
Qwen/Qwen2.5-Omni-7B,816990,lp_0-1000,Tsik,Phee,Phee,false,1
Qwen/Qwen2.5-Omni-7B,816990,lp_0-2000,Tsik,Phee,Phee,false,1
Qwen/Qwen2.5-Omni-7B,816990,lp_0-4000,Tsik,Phee,Phee,false,1
Qwen/Qwen2.5-Omni-7B,816990,lp_0-6000,Tsik,Tsik,Tsik,true,1
Qwen/Qwen2.5-Omni-7B,816990,lp_0-8000,Tsik,Tsik,Tsik,true,1
Qwen/Qwen2.5-Omni-7B,816990,remove_0-1000,Tsik,Tsik,Tsik,true,1
Qwen/Qwen2.5-Omni-7B,816990,remove_1000-2000,Tsik,Tsik,Tsik,true,1
Qwen/Qwen2.5-Omni-7B,816990,remove_2000-4000,Tsik,Tsik,Tsik,true,1
Qwen/Qwen2.5-Omni-7B,816990,remove_4000-6000,Tsik,Tsik,Tsik,true,1
Qwen/Qwen2.5-Omni-7B,816990,remove_6000-8000,Tsik,Tsik,Tsik,true,1
Qwen/Qwen2.5-Omni-7B,84423,lp_0-1000,Tsik,Phee,Phee,false,1
Qwen/Qwen2.5-Omni-7B,84423,lp_0-2000,Tsik,Phee,Phee,false,1
Qwen/Qwen2.5-Omni-7B,84423,lp_0-4000,Tsik,Tsik,Tsik,true,1
Qwen/Qwen2.5-Omni-7B,84423,lp_0-6000,Tsik,Tsik,Tsik,true,1
Qwen/Qwen2.5-Omni-7B,84423,lp_0-8000,Tsik,Tsik,Tsik,true,1
Qwen/Qwen2.5-Omni-7B,84423,remove_0-1000,Tsik,Tsik,Tsik,true,1
Qwen/Qwen2.5-Omni-7B,84423,remove_1000-2000,Tsik,Tsik,Tsik,true,1
Qwen/Qwen2.5-Omni-7B,84423,remove_2000-4000,Tsik,Tsik,Tsik,true,1
Qwen/Qwen2.5-Omni-7B,84423,remove_4000-6000,Tsik,Tsik,Tsik,true,1
Qwen/Qwen2.5-Omni-7B,84423,remove_6000-8000,Tsik,Tsik,Tsik,true,1
Qwen/Qwen2.5-Omni-7B,847877,lp_0-1000,Tsik,Phee,Phee,false,1
Qwen/Qwen2.5-Omni-7B,847877,lp_0-2000,Tsik,Phee,Phee,false,1
Qwen/Qwen2.5-Omni-7B,847877,lp_0-4000,Tsik,Phee,Phee,false,1
Qwen/Qwen2.5-Omni-7B,847877,lp_0-6000,Tsik,Phee,Phee,false,1
Qwen/Qwen2.5-Omni-7B,847877,lp_0-8000,Tsik,Phee,Phee,false,1
Qwen/Qwen2.5-Omni-7B,847877,remove_0-1000,Tsik,Tsik,Tsik,true,1
Qwen/Qwen2.5-Omni-7B,847877,remove_1000-2000,Tsik,Phee,Phee,false,1
Qwen/Qwen2.5-Omni-7B,847877,remove_2000-4000,Tsik,Phee,Phee,false,1
Qwen/Qwen2.5-Omni-7B,847877,remove_4000-6000,Tsik,Tsik,Tsik,true,1
Qwen/Qwen2.5-Omni-7B,847877,remove_6000-8000,Tsik,Tsik,Tsik,true,1
Qwen/Qwen2.5-Omni-7B,853911,lp_0-1000,Tsik,Seep,Seep,false,1
Qwen/Qwen2.5-Omni-7B,853911,lp_0-2000,Tsik,Seep,Seep,false,1
Qwen/Qwen2.5-Omni-7B,853911,lp_0-4000,Tsik,Seep,Seep,false,1
Qwen/Qwen2.5-Omni-7B,853911,lp_0-6000,Tsik,Tsik,Tsik,true,1
Qwen/Qwen2.5-Omni-7B,853911,lp_0-8000,Tsik,Tsik,Tsik,true,1
Qwen/Qwen2.5-Omni-7B,853911,remove_0-1000,Tsik,Tsik,Tsik,true,1
Qwen/Qwen2.5-Omni-7B,853911,remove_1000-2000,Tsik,Tsik,Tsik,true,1
Qwen/Qwen2.5-Omni-7B,853911,remove_2000-4000,Tsik,Tsik,Tsik,true,1
Qwen/Qwen2.5-Omni-7B,853911,remove_4000-6000,Tsik,Phee,Phee,false,1
Qwen/Qwen2.5-Omni-7B,853911,remove_6000-8000,Tsik,Tsik,Tsik,true,1
Qwen/Qwen2.5-Omni-7B,867489,lp_0-1000,Tsik,Phee,Phee,false,1
Qwen/Qwen2.5-Omni-7B,867489,lp_0-2000,Tsik,Phee,Phee,false,1
Qwen/Qwen2.5-Omni-7B,867489,lp_0-4000,Tsik,Phee,Phee,false,1
Qwen/Qwen2.5-Omni-7B,867489,lp_0-6000,Tsik,Seep,Seep,false,1
Qwen/Qwen2.5-Omni-7B,867489,lp_0-8000,Tsik,Seep,Seep,false,1
Qwen/Qwen2.5-Omni-7B,867489,remove_0-1000,Tsik,Tsik,Tsik,true,1
Qwen/Qwen2.5-Omni-7B,867489,remove_1000-2000,Tsik,Tsik,Tsik,true,1
Qwen/Qwen2.5-Omni-7B,867489,remove_2000-4000,Tsik,Tsik,Tsik,true,1
Qwen/Qwen2.5-Omni-7B,867489,remove_4000-6000,Tsik,Tsik,Tsik,true,1
Qwen/Qwen2.5-Omni-7B,867489,remove_6000-8000,Tsik,Tsik,Tsik,true,1
Qwen/Qwen2.5-Omni-7B,137886,lp_0-1000,Twitter,Phee,Phee,false,1
Qwen/Qwen2.5-Omni-7B,137886,lp_0-2000,Twitter,Phee,Phee,false,1
Qwen/Qwen2.5-Omni-7B,137886,lp_0-4000,Twitter,Phee,Phee,false,1
Qwen/Qwen2.5-Omni-7B,137886,lp_0-6000,Twitter,Twitter,Twitter,true,1
Qwen/Qwen2.5-Omni-7B,137886,lp_0-8000,Twitter,Twitter,Twitter,true,1
Qwen/Qwen2.5-Omni-7B,137886,remove_0-1000,Twitter,Twitter,Twitter,true,1
Qwen/Qwen2.5-Omni-7B,137886,remove_1000-2000,Twitter,Twitter,Twitter,true,1
Qwen/Qwen2.5-Omni-7B,137886,remove_2000-4000,Twitter,Twitter,Twitter,true,1
Qwen/Qwen2.5-Omni-7B,137886,remove_4000-6000,Twitter,Seep,Seep,false,1
Qwen/Qwen2.5-Omni-7B,137886,remove_6000-8000,Twitter,Twitter,Twitter,true,1
Qwen/Qwen2.5-Omni-7B,152770,lp_0-1000,Twitter,Phee,Phee,false,1
Qwen/Qwen2.5-Omni-7B,152770,lp_0-2000,Twitter,Phee,Phee,false,1
Qwen/Qwen2.5-Omni-7B,152770,lp_0-4000,Twitter,Phee,Phee,false,1
Qwen/Qwen2.5-Omni-7B,152770,lp_0-6000,Twitter,Phee,Phee,false,1
Qwen/Qwen2.5-Omni-7B,152770,lp_0-8000,Twitter,Phee,Phee,false,1
Qwen/Qwen2.5-Omni-7B,152770,remove_0-1000,Twitter,Tsik,Tsik,false,1
Qwen/Qwen2.5-Omni-7B,152770,remove_1000-2000,Twitter,Phee,Phee,false,1
Qwen/Qwen2.5-Omni-7B,152770,remove_2000-4000,Twitter,Phee,Phee,false,1
Qwen/Qwen2.5-Omni-7B,152770,remove_4000-6000,Twitter,Phee,Phee,false,1
Qwen/Qwen2.5-Omni-7B,152770,remove_6000-8000,Twitter,Phee,Phee,false,1
Qwen/Qwen2.5-Omni-7B,166603,lp_0-1000,Twitter,Phee,Phee,false,1
Qwen/Qwen2.5-Omni-7B,166603,lp_0-2000,Twitter,Phee,Phee,false,1
Qwen/Qwen2.5-Omni-7B,166603,lp_0-4000,Twitter,Phee,Phee,false,1
Qwen/Qwen2.5-Omni-7B,166603,lp_0-6000,Twitter,Phee,Phee,false,1
Qwen/Qwen2.5-Omni-7B,166603,lp_0-8000,Twitter,Phee,Phee,false,1
Qwen/Qwen2.5-Omni-7B,166603,remove_0-1000,Twitter,Phee,Phee,false,1
Qwen/Qwen2.5-Omni-7B,166603,remove_1000-2000,Twitter,Seep,Seep,false,1
Qwen/Qwen2.5-Omni-7B,166603,remove_2000-4000,Twitter,Phee,Phee,false,1
Qwen/Qwen2.5-Omni-7B,166603,remove_4000-6000,Twitter,Phee,Phee,false,1
Qwen/Qwen2.5-Omni-7B,166603,remove_6000-8000,Twitter,Phee,Phee,false,1
Qwen/Qwen2.5-Omni-7B,174653,lp_0-1000,Twitter,Phee,Phee,false,1
Qwen/Qwen2.5-Omni-7B,174653,lp_0-2000,Twitter,Phee,Phee,false,1
Qwen/Qwen2.5-Omni-7B,174653,lp_0-4000,Twitter,Phee,Phee,false,1
Qwen/Qwen2.5-Omni-7B,174653,lp_0-6000,Twitter,Seep,Seep,false,1
Qwen/Qwen2.5-Omni-7B,174653,lp_0-8000,Twitter,Twitter,Twitter,true,1
Qwen/Qwen2.5-Omni-7B,174653,remove_0-1000,Twitter,Tsik,Tsik,false,1
Qwen/Qwen2.5-Omni-7B,174653,remove_1000-2000,Twitter,Phee,Phee,false,1
Qwen/Qwen2.5-Omni-7B,174653,remove_2000-4000,Twitter,Twitter,Twitter,true,1
Qwen/Qwen2.5-Omni-7B,174653,remove_4000-6000,Twitter,Twitter,Twitter,true,1
Qwen/Qwen2.5-Omni-7B,174653,remove_6000-8000,Twitter,Twitter,Twitter,true,1
Qwen/Qwen2.5-Omni-7B,205050,lp_0-1000,Twitter,Phee,Phee,false,1
Qwen/Qwen2.5-Omni-7B,205050,lp_0-2000,Twitter,Phee,Phee,false,1
Qwen/Qwen2.5-Omni-7B,205050,lp_0-4000,Twitter,Phee,Phee,false,1
Qwen/Qwen2.5-Omni-7B,205050,lp_0-6000,Twitter,Phee,Phee,false,1
Qwen/Qwen2.5-Omni-7B,205050,lp_0-8000,Twitter,Tsik,Tsik,false,1
Qwen/Qwen2.5-Omni-7B,205050,remove_0-1000,Twitter,Tsik,Tsik,false,1
Qwen/Qwen2.5-Omni-7B,205050,remove_1000-2000,Twitter,Tsik,Tsik,false,1
Qwen/Qwen2.5-Omni-7B,205050,remove_2000-4000,Twitter,Tsik,Tsik,false,1
Qwen/Qwen2.5-Omni-7B,205050,remove_4000-6000,Twitter,Tsik,Tsik,false,1
Qwen/Qwen2.5-Omni-7B,205050,remove_6000-8000,Twitter,Phee,Phee,false,1
Qwen/Qwen2.5-Omni-7B,211769,lp_0-1000,Twitter,Phee,Phee,false,1
Qwen/Qwen2.5-Omni-7B,211769,lp_0-2000,Twitter,Phee,Phee,false,1
Qwen/Qwen2.5-Omni-7B,211769,lp_0-4000,Twitter,Phee,Phee,false,1
Qwen/Qwen2.5-Omni-7B,211769,lp_0-6000,Twitter,Phee,Phee,false,1
Qwen/Qwen2.5-Omni-7B,211769,lp_0-8000,Twitter,Tsik,Tsik,false,1
Qwen/Qwen2.5-Omni-7B,211769,remove_0-1000,Twitter,Tsik,Tsik,false,1
Qwen/Qwen2.5-Omni-7B,211769,remove_1000-2000,Twitter,Tsik,Tsik,false,1
Qwen/Qwen2.5-Omni-7B,211769,remove_2000-4000,Twitter,Tsik,Tsik,false,1
Qwen/Qwen2.5-Omni-7B,211769,remove_4000-6000,Twitter,Tsik,Tsik,false,1
Qwen/Qwen2.5-Omni-7B,211769,remove_6000-8000,Twitter,Phee,Phee,false,1
Qwen/Qwen2.5-Omni-7B,223149,lp_0-1000,Twitter,Phee,Phee,false,1
Qwen/Qwen2.5-Omni-7B,223149,lp_0-2000,Twitter,Phee,Phee,false,1
Qwen/Qwen2.5-Omni-7B,223149,lp_0-4000,Twitter,Phee,Phee,false,1
Qwen/Qwen2.5-Omni-7B,223149,lp_0-6000,Twitter,Phee,Phee,false,1
Qwen/Qwen2.5-Omni-7B,223149,lp_0-8000,Twitter,Phee,Phee,false,1
Qwen/Qwen2.5-Omni-7B,223149,remove_0-1000,Twitter,Phee,Phee,false,1
Qwen/Qwen2.5-Omni-7B,223149,remove_1000-2000,Twitter,Phee,Phee,false,1
Qwen/Qwen2.5-Omni-7B,223149,remove_2000-4000,Twitter,Phee,Phee,false,1
Qwen/Qwen2.5-Omni-7B,223149,remove_4000-6000,Twitter,Phee,Phee,false,1
Qwen/Qwen2.5-Omni-7B,223149,remove_6000-8000,Twitter,Phee,Phee,false,1
Qwen/Qwen2.5-Omni-7B,223184,lp_0-1000,Twitter,Phee,Phee,false,1
Qwen/Qwen2.5-Omni-7B,223184,lp_0-2000,Twitter,Phee,Phee,false,1
Qwen/Qwen2.5-Omni-7B,223184,lp_0-4000,Twitter,Phee,Phee,false,1
Qwen/Qwen2.5-Omni-7B,223184,lp_0-6000,Twitter,Tsik,Tsik,false,1
Qwen/Qwen2.5-Omni-7B,223184,lp_0-8000,Twitter,Tsik,Tsik,false,1
Qwen/Qwen2.5-Omni-7B,223184,remove_0-1000,Twitter,Tsik,Tsik,false,1
Qwen/Qwen2.5-Omni-7B,223184,remove_1000-2000,Twitter,Tsik,Tsik,false,1
Qwen/Qwen2.5-Omni-7B,223184,remove_2000-4000,Twitter,Tsik,Tsik,false,1
Qwen/Qwen2.5-Omni-7B,223184,remove_4000-6000,Twitter,Tsik,Tsik,false,1
Qwen/Qwen2.5-Omni-7B,223184,remove_6000-8000,Twitter,Seep,Seep,false,1
Qwen/Qwen2.5-Omni-7B,223365,lp_0-1000,Twitter,Phee,Phee,false,1
Qwen/Qwen2.5-Omni-7B,223365,lp_0-2000,Twitter,Phee,Phee,false,1
Qwen/Qwen2.5-Omni-7B,223365,lp_0-4000,Twitter,Phee,Phee,false,1
Qwen/Qwen2.5-Omni-7B,223365,lp_0-6000,Twitter,Phee,Phee,false,1
Qwen/Qwen2.5-Omni-7B,223365,lp_0-8000,Twitter,Tsik,Tsik,false,1
Qwen/Qwen2.5-Omni-7B,223365,remove_0-1000,Twitter,Tsik,Tsik,false,1
Qwen/Qwen2.5-Omni-7B,223365,remove_1000-2000,Twitter,Phee,Phee,false,1
Qwen/Qwen2.5-Omni-7B,223365,remove_2000-4000,Twitter,Tsik,Tsik,false,1
Qwen/Qwen2.5-Omni-7B,223365,remove_4000-6000,Twitter,Phee,Phee,false,1
Qwen/Qwen2.5-Omni-7B,223365,remove_6000-8000,Twitter,Tsik,Tsik,false,1
Qwen/Qwen2.5-Omni-7B,227303,lp_0-1000,Twitter,Phee,Phee,false,1
Qwen/Qwen2.5-Omni-7B,227303,lp_0-2000,Twitter,Phee,Phee,false,1
Qwen/Qwen2.5-Omni-7B,227303,lp_0-4000,Twitter,Phee,Phee,false,1
Qwen/Qwen2.5-Omni-7B,227303,lp_0-6000,Twitter,Tsik,Tsik,false,1
Qwen/Qwen2.5-Omni-7B,227303,lp_0-8000,Twitter,Tsik,Tsik,false,1
Qwen/Qwen2.5-Omni-7B,227303,remove_0-1000,Twitter,Tsik,Tsik,false,1
Qwen/Qwen2.5-Omni-7B,227303,remove_1000-2000,Twitter,Tsik,Tsik,false,1
Qwen/Qwen2.5-Omni-7B,227303,remove_2000-4000,Twitter,Tsik,Tsik,false,1
Qwen/Qwen2.5-Omni-7B,227303,remove_4000-6000,Twitter,Tsik,Tsik,false,1
Qwen/Qwen2.5-Omni-7B,227303,remove_6000-8000,Twitter,Tsik,Tsik,false,1
Qwen/Qwen2.5-Omni-7B,228842,lp_0-1000,Twitter,Phee,Phee,false,1
Qwen/Qwen2.5-Omni-7B,228842,lp_0-2000,Twitter,Phee,Phee,false,1
Qwen/Qwen2.5-Omni-7B,228842,lp_0-4000,Twitter,Phee,Phee,false,1
Qwen/Qwen2.5-Omni-7B,228842,lp_0-6000,Twitter,Phee,Phee,false,1
Qwen/Qwen2.5-Omni-7B,228842,lp_0-8000,Twitter,Phee,Phee,false,1
Qwen/Qwen2.5-Omni-7B,228842,remove_0-1000,Twitter,Tsik,Tsik,false,1
Qwen/Qwen2.5-Omni-7B,228842,remove_1000-2000,Twitter,Tsik,Tsik,false,1
Qwen/Qwen2.5-Omni-7B,228842,remove_2000-4000,Twitter,Phee,Phee,false,1
Qwen/Qwen2.5-Omni-7B,228842,remove_4000-6000,Twitter,Phee,Phee,false,1
Qwen/Qwen2.5-Omni-7B,228842,remove_6000-8000,Twitter,Phee,Phee,false,1
Qwen/Qwen2.5-Omni-7B,241125,lp_0-1000,Twitter,Phee,Phee,false,1
Qwen/Qwen2.5-Omni-7B,241125,lp_0-2000,Twitter,Phee,Phee,false,1
Qwen/Qwen2.5-Omni-7B,241125,lp_0-4000,Twitter,Phee,Phee,false,1
Qwen/Qwen2.5-Omni-7B,241125,lp_0-6000,Twitter,Phee,Phee,false,1
Qwen/Qwen2.5-Omni-7B,241125,lp_0-8000,Twitter,Phee,Phee,false,1
Qwen/Qwen2.5-Omni-7B,241125,remove_0-1000,Twitter,Phee,Phee,false,1
Qwen/Qwen2.5-Omni-7B,241125,remove_1000-2000,Twitter,Seep,Seep,false,1
Qwen/Qwen2.5-Omni-7B,241125,remove_2000-4000,Twitter,Phee,Phee,false,1
Qwen/Qwen2.5-Omni-7B,241125,remove_4000-6000,Twitter,Phee,Phee,false,1
Qwen/Qwen2.5-Omni-7B,241125,remove_6000-8000,Twitter,Phee,Phee,false,1
Qwen/Qwen2.5-Omni-7B,248263,lp_0-1000,Twitter,Phee,Phee,false,1
Qwen/Qwen2.5-Omni-7B,248263,lp_0-2000,Twitter,Seep,Seep,false,1
Qwen/Qwen2.5-Omni-7B,248263,lp_0-4000,Twitter,Phee,Phee,false,1
Qwen/Qwen2.5-Omni-7B,248263,lp_0-6000,Twitter,Tsik,Tsik,false,1
Qwen/Qwen2.5-Omni-7B,248263,lp_0-8000,Twitter,Tsik,Tsik,false,1
Qwen/Qwen2.5-Omni-7B,248263,remove_0-1000,Twitter,Tsik,Tsik,false,1
Qwen/Qwen2.5-Omni-7B,248263,remove_1000-2000,Twitter,Tsik,Tsik,false,1
Qwen/Qwen2.5-Omni-7B,248263,remove_2000-4000,Twitter,Tsik,Tsik,false,1
Qwen/Qwen2.5-Omni-7B,248263,remove_4000-6000,Twitter,Tsik,Tsik,false,1
Qwen/Qwen2.5-Omni-7B,248263,remove_6000-8000,Twitter,Tsik,Tsik,false,1
Qwen/Qwen2.5-Omni-7B,248296,lp_0-1000,Twitter,Phee,Phee,false,1
Qwen/Qwen2.5-Omni-7B,248296,lp_0-2000,Twitter,Phee,Phee,false,1
Qwen/Qwen2.5-Omni-7B,248296,lp_0-4000,Twitter,Phee,Phee,false,1
Qwen/Qwen2.5-Omni-7B,248296,lp_0-6000,Twitter,Twitter,Twitter,true,1
Qwen/Qwen2.5-Omni-7B,248296,lp_0-8000,Twitter,Twitter,Twitter,true,1
Qwen/Qwen2.5-Omni-7B,248296,remove_0-1000,Twitter,Twitter,Twitter,true,1
Qwen/Qwen2.5-Omni-7B,248296,remove_1000-2000,Twitter,Twitter,Twitter,true,1
Qwen/Qwen2.5-Omni-7B,248296,remove_2000-4000,Twitter,Twitter,Twitter,true,1
Qwen/Qwen2.5-Omni-7B,248296,remove_4000-6000,Twitter,Twitter,Twitter,true,1
Qwen/Qwen2.5-Omni-7B,248296,remove_6000-8000,Twitter,Seep,Seep,false,1
Qwen/Qwen2.5-Omni-7B,250172,lp_0-1000,Twitter,Phee,Phee,false,1
Qwen/Qwen2.5-Omni-7B,250172,lp_0-2000,Twitter,Phee,Phee,false,1
Qwen/Qwen2.5-Omni-7B,250172,lp_0-4000,Twitter,Phee,Phee,false,1
Qwen/Qwen2.5-Omni-7B,250172,lp_0-6000,Twitter,Phee,Phee,false,1
Qwen/Qwen2.5-Omni-7B,250172,lp_0-8000,Twitter,Seep,Seep,false,1
Qwen/Qwen2.5-Omni-7B,250172,remove_0-1000,Twitter,Tsik,Tsik,false,1
Qwen/Qwen2.5-Omni-7B,250172,remove_1000-2000,Twitter,Phee,Phee,false,1
Qwen/Qwen2.5-Omni-7B,250172,remove_2000-4000,Twitter,Tsik,Tsik,false,1
Qwen/Qwen2.5-Omni-7B,250172,remove_4000-6000,Twitter,Seep,Seep,false,1
Qwen/Qwen2.5-Omni-7B,250172,remove_6000-8000,Twitter,Tsik,Tsik,false,1
Qwen/Qwen2.5-Omni-7B,273977,lp_0-1000,Twitter,Phee,Phee,false,1
Qwen/Qwen2.5-Omni-7B,273977,lp_0-2000,Twitter,Phee,Phee,false,1
Qwen/Qwen2.5-Omni-7B,273977,lp_0-4000,Twitter,Phee,Phee,false,1
Qwen/Qwen2.5-Omni-7B,273977,lp_0-6000,Twitter,Phee,Phee,false,1
Qwen/Qwen2.5-Omni-7B,273977,lp_0-8000,Twitter,Phee,Phee,false,1
Qwen/Qwen2.5-Omni-7B,273977,remove_0-1000,Twitter,Phee,Phee,false,1
Qwen/Qwen2.5-Omni-7B,273977,remove_1000-2000,Twitter,Phee,Phee,false,1
Qwen/Qwen2.5-Omni-7B,273977,remove_2000-4000,Twitter,Phee,Phee,false,1
Qwen/Qwen2.5-Omni-7B,273977,remove_4000-6000,Twitter,Phee,Phee,false,1
Qwen/Qwen2.5-Omni-7B,273977,remove_6000-8000,Twitter,Phee,Phee,false,1
Qwen/Qwen2.5-Omni-7B,274918,lp_0-1000,Twitter,Seep,Seep,false,1
Qwen/Qwen2.5-Omni-7B,274918,lp_0-2000,Twitter,Seep,Seep,false,1
Qwen/Qwen2.5-Omni-7B,274918,lp_0-4000,Twitter,Phee,Phee,false,1
Qwen/Qwen2.5-Omni-7B,274918,lp_0-6000,Twitter,Seep,Seep,false,1
Qwen/Qwen2.5-Omni-7B,274918,lp_0-8000,Twitter,Phee,Phee,false,1
Qwen/Qwen2.5-Omni-7B,274918,remove_0-1000,Twitter,Seep,Seep,false,1
Qwen/Qwen2.5-Omni-7B,274918,remove_1000-2000,Twitter,Seep,Seep,false,1
Qwen/Qwen2.5-Omni-7B,274918,remove_2000-4000,Twitter,Seep,Seep,false,1
Qwen/Qwen2.5-Omni-7B,274918,remove_4000-6000,Twitter,Seep,Seep,false,1
Qwen/Qwen2.5-Omni-7B,274918,remove_6000-8000,Twitter,Phee,Phee,false,1
Qwen/Qwen2.5-Omni-7B,293662,lp_0-1000,Twitter,Phee,Phee,false,1
Qwen/Qwen2.5-Omni-7B,293662,lp_0-2000,Twitter,Phee,Phee,false,1
Qwen/Qwen2.5-Omni-7B,293662,lp_0-4000,Twitter,Phee,Phee,false,1
Qwen/Qwen2.5-Omni-7B,293662,lp_0-6000,Twitter,Tsik,Tsik,false,1
Qwen/Qwen2.5-Omni-7B,293662,lp_0-8000,Twitter,Tsik,Tsik,false,1
Qwen/Qwen2.5-Omni-7B,293662,remove_0-1000,Twitter,Tsik,Tsik,false,1
Qwen/Qwen2.5-Omni-7B,293662,remove_1000-2000,Twitter,Tsik,Tsik,false,1
Qwen/Qwen2.5-Omni-7B,293662,remove_2000-4000,Twitter,Tsik,Tsik,false,1
Qwen/Qwen2.5-Omni-7B,293662,remove_4000-6000,Twitter,Tsik,Tsik,false,1
Qwen/Qwen2.5-Omni-7B,293662,remove_6000-8000,Twitter,Tsik,Tsik,false,1
Qwen/Qwen2.5-Omni-7B,313999,lp_0-1000,Twitter,Phee,Phee,false,1
Qwen/Qwen2.5-Omni-7B,313999,lp_0-2000,Twitter,Phee,Phee,false,1
Qwen/Qwen2.5-Omni-7B,313999,lp_0-4000,Twitter,Phee,Phee,false,1
Qwen/Qwen2.5-Omni-7B,313999,lp_0-6000,Twitter,Phee,Phee,false,1
Qwen/Qwen2.5-Omni-7B,313999,lp_0-8000,Twitter,Tsik,Tsik,false,1
Qwen/Qwen2.5-Omni-7B,313999,remove_0-1000,Twitter,Tsik,Tsik,false,1
Qwen/Qwen2.5-Omni-7B,313999,remove_1000-2000,Twitter,Tsik,Tsik,false,1
Qwen/Qwen2.5-Omni-7B,313999,remove_2000-4000,Twitter,Seep,Seep,false,1
Qwen/Qwen2.5-Omni-7B,313999,remove_4000-6000,Twitter,Tsik,Tsik,false,1
Qwen/Qwen2.5-Omni-7B,313999,remove_6000-8000,Twitter,Tsik,Tsik,false,1
Qwen/Qwen2.5-Omni-7B,363877,lp_0-1000,Twitter,Phee,Phee,false,1
Qwen/Qwen2.5-Omni-7B,363877,lp_0-2000,Twitter,Phee,Phee,false,1
Qwen/Qwen2.5-Omni-7B,363877,lp_0-4000,Twitter,Phee,Phee,false,1
Qwen/Qwen2.5-Omni-7B,363877,lp_0-6000,Twitter,Phee,Phee,false,1
Qwen/Qwen2.5-Omni-7B,363877,lp_0-8000,Twitter,Phee,Phee,false,1
Qwen/Qwen2.5-Omni-7B,363877,remove_0-1000,Twitter,Phee,Phee,false,1
Qwen/Qwen2.5-Omni-7B,363877,remove_1000-2000,Twitter,Tsik,Tsik,false,1
Qwen/Qwen2.5-Omni-7B,363877,remove_2000-4000,Twitter,Phee,Phee,false,1
Qwen/Qwen2.5-Omni-7B,363877,remove_4000-6000,Twitter,Phee,Phee,false,1
Qwen/Qwen2.5-Omni-7B,363877,remove_6000-8000,Twitter,Phee,Phee,false,1
Qwen/Qwen2.5-Omni-7B,36522,lp_0-1000,Twitter,Phee,Phee,false,1
Qwen/Qwen2.5-Omni-7B,36522,lp_0-2000,Twitter,Phee,Phee,false,1
Qwen/Qwen2.5-Omni-7B,36522,lp_0-4000,Twitter,Phee,Phee,false,1
Qwen/Qwen2.5-Omni-7B,36522,lp_0-6000,Twitter,Seep,Seep,false,1
Qwen/Qwen2.5-Omni-7B,36522,lp_0-8000,Twitter,Seep,Seep,false,1
Qwen/Qwen2.5-Omni-7B,36522,remove_0-1000,Twitter,Tsik,Tsik,false,1
Qwen/Qwen2.5-Omni-7B,36522,remove_1000-2000,Twitter,Seep,Seep,false,1
Qwen/Qwen2.5-Omni-7B,36522,remove_2000-4000,Twitter,Tsik,Tsik,false,1
Qwen/Qwen2.5-Omni-7B,36522,remove_4000-6000,Twitter,Seep,Seep,false,1
Qwen/Qwen2.5-Omni-7B,36522,remove_6000-8000,Twitter,Phee,Phee,false,1
Qwen/Qwen2.5-Omni-7B,380174,lp_0-1000,Twitter,Phee,Phee,false,1
Qwen/Qwen2.5-Omni-7B,380174,lp_0-2000,Twitter,Phee,Phee,false,1
Qwen/Qwen2.5-Omni-7B,380174,lp_0-4000,Twitter,Phee,Phee,false,1
Qwen/Qwen2.5-Omni-7B,380174,lp_0-6000,Twitter,Phee,Phee,false,1
Qwen/Qwen2.5-Omni-7B,380174,lp_0-8000,Twitter,Phee,Phee,false,1
Qwen/Qwen2.5-Omni-7B,380174,remove_0-1000,Twitter,Phee,Phee,false,1
Qwen/Qwen2.5-Omni-7B,380174,remove_1000-2000,Twitter,Phee,Phee,false,1
Qwen/Qwen2.5-Omni-7B,380174,remove_2000-4000,Twitter,Phee,Phee,false,1
Qwen/Qwen2.5-Omni-7B,380174,remove_4000-6000,Twitter,Phee,Phee,false,1
Qwen/Qwen2.5-Omni-7B,380174,remove_6000-8000,Twitter,Phee,Phee,false,1
Qwen/Qwen2.5-Omni-7B,386889,lp_0-1000,Twitter,Seep,Seep,false,1
Qwen/Qwen2.5-Omni-7B,386889,lp_0-2000,Twitter,Seep,Seep,false,1
Qwen/Qwen2.5-Omni-7B,386889,lp_0-4000,Twitter,Phee,Phee,false,1
Qwen/Qwen2.5-Omni-7B,386889,lp_0-6000,Twitter,Phee,Phee,false,1
Qwen/Qwen2.5-Omni-7B,386889,lp_0-8000,Twitter,Seep,Seep,false,1
Qwen/Qwen2.5-Omni-7B,386889,remove_0-1000,Twitter,Tsik,Tsik,false,1
Qwen/Qwen2.5-Omni-7B,386889,remove_1000-2000,Twitter,Tsik,Tsik,false,1
Qwen/Qwen2.5-Omni-7B,386889,remove_2000-4000,Twitter,Tsik,Tsik,false,1
Qwen/Qwen2.5-Omni-7B,386889,remove_4000-6000,Twitter,Tsik,Tsik,false,1
Qwen/Qwen2.5-Omni-7B,386889,remove_6000-8000,Twitter,Phee,Phee,false,1
Qwen/Qwen2.5-Omni-7B,400874,lp_0-1000,Twitter,Phee,Phee,false,1
Qwen/Qwen2.5-Omni-7B,400874,lp_0-2000,Twitter,Phee,Phee,false,1
Qwen/Qwen2.5-Omni-7B,400874,lp_0-4000,Twitter,Seep,Seep,false,1
Qwen/Qwen2.5-Omni-7B,400874,lp_0-6000,Twitter,Phee,Phee,false,1
Qwen/Qwen2.5-Omni-7B,400874,lp_0-8000,Twitter,Phee,Phee,false,1
Qwen/Qwen2.5-Omni-7B,400874,remove_0-1000,Twitter,Phee,Phee,false,1
Qwen/Qwen2.5-Omni-7B,400874,remove_1000-2000,Twitter,Phee,Phee,false,1
Qwen/Qwen2.5-Omni-7B,400874,remove_2000-4000,Twitter,Phee,Phee,false,1
Qwen/Qwen2.5-Omni-7B,400874,remove_4000-6000,Twitter,Phee,Phee,false,1
Qwen/Qwen2.5-Omni-7B,400874,remove_6000-8000,Twitter,Phee,Phee,false,1
Qwen/Qwen2.5-Omni-7B,43726,lp_0-1000,Twitter,Phee,Phee,false,1
Qwen/Qwen2.5-Omni-7B,43726,lp_0-2000,Twitter,Phee,Phee,false,1
Qwen/Qwen2.5-Omni-7B,43726,lp_0-4000,Twitter,Phee,Phee,false,1
Qwen/Qwen2.5-Omni-7B,43726,lp_0-6000,Twitter,Phee,Phee,false,1
Qwen/Qwen2.5-Omni-7B,43726,lp_0-8000,Twitter,Phee,Phee,false,1
Qwen/Qwen2.5-Omni-7B,43726,remove_0-1000,Twitter,Phee,Phee,false,1
Qwen/Qwen2.5-Omni-7B,43726,remove_1000-2000,Twitter,Tsik,Tsik,false,1
Qwen/Qwen2.5-Omni-7B,43726,remove_2000-4000,Twitter,Phee,Phee,false,1
Qwen/Qwen2.5-Omni-7B,43726,remove_4000-6000,Twitter,Phee,Phee,false,1
Qwen/Qwen2.5-Omni-7B,43726,remove_6000-8000,Twitter,Phee,Phee,false,1
Qwen/Qwen2.5-Omni-7B,442547,lp_0-1000,Twitter,Seep,Seep,false,1
Qwen/Qwen2.5-Omni-7B,442547,lp_0-2000,Twitter,Seep,Seep,false,1
Qwen/Qwen2.5-Omni-7B,442547,lp_0-4000,Twitter,Seep,Seep,false,1
Qwen/Qwen2.5-Omni-7B,442547,lp_0-6000,Twitter,Seep,Seep,false,1
Qwen/Qwen2.5-Omni-7B,442547,lp_0-8000,Twitter,Seep,Seep,false,1
Qwen/Qwen2.5-Omni-7B,442547,remove_0-1000,Twitter,Tsik,Tsik,false,1
Qwen/Qwen2.5-Omni-7B,442547,remove_1000-2000,Twitter,Seep,Seep,false,1
Qwen/Qwen2.5-Omni-7B,442547,remove_2000-4000,Twitter,Seep,Seep,false,1
Qwen/Qwen2.5-Omni-7B,442547,remove_4000-6000,Twitter,Seep,Seep,false,1
Qwen/Qwen2.5-Omni-7B,442547,remove_6000-8000,Twitter,Seep,Seep,false,1
Qwen/Qwen2.5-Omni-7B,452855,lp_0-1000,Twitter,Seep,Seep,false,1
Qwen/Qwen2.5-Omni-7B,452855,lp_0-2000,Twitter,Seep,Seep,false,1
Qwen/Qwen2.5-Omni-7B,452855,lp_0-4000,Twitter,Seep,Seep,false,1
Qwen/Qwen2.5-Omni-7B,452855,lp_0-6000,Twitter,Seep,Seep,false,1
Qwen/Qwen2.5-Omni-7B,452855,lp_0-8000,Twitter,Seep,Seep,false,1
Qwen/Qwen2.5-Omni-7B,452855,remove_0-1000,Twitter,Seep,Seep,false,1
Qwen/Qwen2.5-Omni-7B,452855,remove_1000-2000,Twitter,Seep,Seep,false,1
Qwen/Qwen2.5-Omni-7B,452855,remove_2000-4000,Twitter,Seep,Seep,false,1
Qwen/Qwen2.5-Omni-7B,452855,remove_4000-6000,Twitter,Seep,Seep,false,1
Qwen/Qwen2.5-Omni-7B,452855,remove_6000-8000,Twitter,Tsik,Tsik,false,1
Qwen/Qwen2.5-Omni-7B,508634,lp_0-1000,Twitter,Seep,Seep,false,1
Qwen/Qwen2.5-Omni-7B,508634,lp_0-2000,Twitter,Seep,Seep,false,1
Qwen/Qwen2.5-Omni-7B,508634,lp_0-4000,Twitter,Seep,Seep,false,1
Qwen/Qwen2.5-Omni-7B,508634,lp_0-6000,Twitter,Seep,Seep,false,1
Qwen/Qwen2.5-Omni-7B,508634,lp_0-8000,Twitter,Seep,Seep,false,1
Qwen/Qwen2.5-Omni-7B,508634,remove_0-1000,Twitter,Twitter,Twitter,true,1
Qwen/Qwen2.5-Omni-7B,508634,remove_1000-2000,Twitter,Seep,Seep,false,1
Qwen/Qwen2.5-Omni-7B,508634,remove_2000-4000,Twitter,Seep,Seep,false,1
Qwen/Qwen2.5-Omni-7B,508634,remove_4000-6000,Twitter,Twitter,Twitter,true,1
Qwen/Qwen2.5-Omni-7B,508634,remove_6000-8000,Twitter,Seep,Seep,false,1
Qwen/Qwen2.5-Omni-7B,508636,lp_0-1000,Twitter,Seep,Seep,false,1
Qwen/Qwen2.5-Omni-7B,508636,lp_0-2000,Twitter,Seep,Seep,false,1
Qwen/Qwen2.5-Omni-7B,508636,lp_0-4000,Twitter,Seep,Seep,false,1
Qwen/Qwen2.5-Omni-7B,508636,lp_0-6000,Twitter,Seep,Seep,false,1
Qwen/Qwen2.5-Omni-7B,508636,lp_0-8000,Twitter,Tsik,Tsik,false,1
Qwen/Qwen2.5-Omni-7B,508636,remove_0-1000,Twitter,Tsik,Tsik,false,1
Qwen/Qwen2.5-Omni-7B,508636,remove_1000-2000,Twitter,Tsik,Tsik,false,1
Qwen/Qwen2.5-Omni-7B,508636,remove_2000-4000,Twitter,Seep,Seep,false,1
Qwen/Qwen2.5-Omni-7B,508636,remove_4000-6000,Twitter,Seep,Seep,false,1
Qwen/Qwen2.5-Omni-7B,508636,remove_6000-8000,Twitter,Seep,Seep,false,1
Qwen/Qwen2.5-Omni-7B,508695,lp_0-1000,Twitter,Seep,Seep,false,1
Qwen/Qwen2.5-Omni-7B,508695,lp_0-2000,Twitter,Seep,Seep,false,1
Qwen/Qwen2.5-Omni-7B,508695,lp_0-4000,Twitter,Seep,Seep,false,1
Qwen/Qwen2.5-Omni-7B,508695,lp_0-6000,Twitter,Seep,Seep,false,1
Qwen/Qwen2.5-Omni-7B,508695,lp_0-8000,Twitter,Seep,Seep,false,1
Qwen/Qwen2.5-Omni-7B,508695,remove_0-1000,Twitter,Tsik,Tsik,false,1
Qwen/Qwen2.5-Omni-7B,508695,remove_1000-2000,Twitter,Seep,Seep,false,1
Qwen/Qwen2.5-Omni-7B,508695,remove_2000-4000,Twitter,Seep,Seep,false,1
Qwen/Qwen2.5-Omni-7B,508695,remove_4000-6000,Twitter,Seep,Seep,false,1
Qwen/Qwen2.5-Omni-7B,508695,remove_6000-8000,Twitter,Seep,Seep,false,1
Qwen/Qwen2.5-Omni-7B,508749,lp_0-1000,Twitter,Phee,Phee,false,1
Qwen/Qwen2.5-Omni-7B,508749,lp_0-2000,Twitter,Phee,Phee,false,1
Qwen/Qwen2.5-Omni-7B,508749,lp_0-4000,Twitter,Phee,Phee,false,1
Qwen/Qwen2.5-Omni-7B,508749,lp_0-6000,Twitter,Phee,Phee,false,1
Qwen/Qwen2.5-Omni-7B,508749,lp_0-8000,Twitter,Tsik,Tsik,false,1
Qwen/Qwen2.5-Omni-7B,508749,remove_0-1000,Twitter,Tsik,Tsik,false,1
Qwen/Qwen2.5-Omni-7B,508749,remove_1000-2000,Twitter,Tsik,Tsik,false,1
Qwen/Qwen2.5-Omni-7B,508749,remove_2000-4000,Twitter,Tsik,Tsik,false,1
Qwen/Qwen2.5-Omni-7B,508749,remove_4000-6000,Twitter,Seep,Seep,false,1
Qwen/Qwen2.5-Omni-7B,508749,remove_6000-8000,Twitter,Phee,Phee,false,1
Qwen/Qwen2.5-Omni-7B,508777,lp_0-1000,Twitter,Seep,Seep,false,1
Qwen/Qwen2.5-Omni-7B,508777,lp_0-2000,Twitter,Seep,Seep,false,1
Qwen/Qwen2.5-Omni-7B,508777,lp_0-4000,Twitter,Phee,Phee,false,1
Qwen/Qwen2.5-Omni-7B,508777,lp_0-6000,Twitter,Tsik,Tsik,false,1
Qwen/Qwen2.5-Omni-7B,508777,lp_0-8000,Twitter,Tsik,Tsik,false,1
Qwen/Qwen2.5-Omni-7B,508777,remove_0-1000,Twitter,Tsik,Tsik,false,1
Qwen/Qwen2.5-Omni-7B,508777,remove_1000-2000,Twitter,Tsik,Tsik,false,1
Qwen/Qwen2.5-Omni-7B,508777,remove_2000-4000,Twitter,Tsik,Tsik,false,1
Qwen/Qwen2.5-Omni-7B,508777,remove_4000-6000,Twitter,Tsik,Tsik,false,1
Qwen/Qwen2.5-Omni-7B,508777,remove_6000-8000,Twitter,Tsik,Tsik,false,1
Qwen/Qwen2.5-Omni-7B,508828,lp_0-1000,Twitter,Phee,Phee,false,1
Qwen/Qwen2.5-Omni-7B,508828,lp_0-2000,Twitter,Phee,Phee,false,1
Qwen/Qwen2.5-Omni-7B,508828,lp_0-4000,Twitter,Phee,Phee,false,1
Qwen/Qwen2.5-Omni-7B,508828,lp_0-6000,Twitter,Seep,Seep,false,1
Qwen/Qwen2.5-Omni-7B,508828,lp_0-8000,Twitter,Twitter,Twitter,true,1
Qwen/Qwen2.5-Omni-7B,508828,remove_0-1000,Twitter,Tsik,Tsik,false,1
Qwen/Qwen2.5-Omni-7B,508828,remove_1000-2000,Twitter,Tsik,Tsik,false,1
Qwen/Qwen2.5-Omni-7B,508828,remove_2000-4000,Twitter,Twitter,Twitter,true,1
Qwen/Qwen2.5-Omni-7B,508828,remove_4000-6000,Twitter,Tsik,Tsik,false,1
Qwen/Qwen2.5-Omni-7B,508828,remove_6000-8000,Twitter,Tsik,Tsik,false,1
Qwen/Qwen2.5-Omni-7B,508830,lp_0-1000,Twitter,Phee,Phee,false,1
Qwen/Qwen2.5-Omni-7B,508830,lp_0-2000,Twitter,Phee,Phee,false,1
Qwen/Qwen2.5-Omni-7B,508830,lp_0-4000,Twitter,Phee,Phee,false,1
Qwen/Qwen2.5-Omni-7B,508830,lp_0-6000,Twitter,Phee,Phee,false,1
Qwen/Qwen2.5-Omni-7B,508830,lp_0-8000,Twitter,Phee,Phee,false,1
Qwen/Qwen2.5-Omni-7B,508830,remove_0-1000,Twitter,Tsik,Tsik,false,1
Qwen/Qwen2.5-Omni-7B,508830,remove_1000-2000,Twitter,Phee,Phee,false,1
Qwen/Qwen2.5-Omni-7B,508830,remove_2000-4000,Twitter,Phee,Phee,false,1
Qwen/Qwen2.5-Omni-7B,508830,remove_4000-6000,Twitter,Phee,Phee,false,1
Qwen/Qwen2.5-Omni-7B,508830,remove_6000-8000,Twitter,Phee,Phee,false,1
Qwen/Qwen2.5-Omni-7B,508964,lp_0-1000,Twitter,Phee,Phee,false,1
Qwen/Qwen2.5-Omni-7B,508964,lp_0-2000,Twitter,Phee,Phee,false,1
Qwen/Qwen2.5-Omni-7B,508964,lp_0-4000,Twitter,Phee,Phee,false,1
Qwen/Qwen2.5-Omni-7B,508964,lp_0-6000,Twitter,Phee,Phee,false,1
Qwen/Qwen2.5-Omni-7B,508964,lp_0-8000,Twitter,Phee,Phee,false,1
Qwen/Qwen2.5-Omni-7B,508964,remove_0-1000,Twitter,Phee,Phee,false,1
Qwen/Qwen2.5-Omni-7B,508964,remove_1000-2000,Twitter,Phee,Phee,false,1
Qwen/Qwen2.5-Omni-7B,508964,remove_2000-4000,Twitter,Phee,Phee,false,1
Qwen/Qwen2.5-Omni-7B,508964,remove_4000-6000,Twitter,Phee,Phee,false,1
Qwen/Qwen2.5-Omni-7B,508964,remove_6000-8000,Twitter,Phee,Phee,false,1
Qwen/Qwen2.5-Omni-7B,508992,lp_0-1000,Twitter,Seep,Seep,false,1
Qwen/Qwen2.5-Omni-7B,508992,lp_0-2000,Twitter,Seep,Seep,false,1
Qwen/Qwen2.5-Omni-7B,508992,lp_0-4000,Twitter,Seep,Seep,false,1
Qwen/Qwen2.5-Omni-7B,508992,lp_0-6000,Twitter,Seep,Seep,false,1
Qwen/Qwen2.5-Omni-7B,508992,lp_0-8000,Twitter,Seep,Seep,false,1
Qwen/Qwen2.5-Omni-7B,508992,remove_0-1000,Twitter,Tsik,Tsik,false,1
Qwen/Qwen2.5-Omni-7B,508992,remove_1000-2000,Twitter,Tsik,Tsik,false,1
Qwen/Qwen2.5-Omni-7B,508992,remove_2000-4000,Twitter,Seep,Seep,false,1
Qwen/Qwen2.5-Omni-7B,508992,remove_4000-6000,Twitter,Seep,Seep,false,1
Qwen/Qwen2.5-Omni-7B,508992,remove_6000-8000,Twitter,Seep,Seep,false,1
Qwen/Qwen2.5-Omni-7B,508993,lp_0-1000,Twitter,Phee,Phee,false,1
Qwen/Qwen2.5-Omni-7B,508993,lp_0-2000,Twitter,Phee,Phee,false,1
Qwen/Qwen2.5-Omni-7B,508993,lp_0-4000,Twitter,Phee,Phee,false,1
Qwen/Qwen2.5-Omni-7B,508993,lp_0-6000,Twitter,Phee,Phee,false,1
Qwen/Qwen2.5-Omni-7B,508993,lp_0-8000,Twitter,Seep,Seep,false,1
Qwen/Qwen2.5-Omni-7B,508993,remove_0-1000,Twitter,Tsik,Tsik,false,1
Qwen/Qwen2.5-Omni-7B,508993,remove_1000-2000,Twitter,Seep,Seep,false,1
Qwen/Qwen2.5-Omni-7B,508993,remove_2000-4000,Twitter,Phee,Phee,false,1
Qwen/Qwen2.5-Omni-7B,508993,remove_4000-6000,Twitter,Tsik,Tsik,false,1
Qwen/Qwen2.5-Omni-7B,508993,remove_6000-8000,Twitter,Seep,Seep,false,1
Qwen/Qwen2.5-Omni-7B,509005,lp_0-1000,Twitter,Phee,Phee,false,1
Qwen/Qwen2.5-Omni-7B,509005,lp_0-2000,Twitter,Phee,Phee,false,1
Qwen/Qwen2.5-Omni-7B,509005,lp_0-4000,Twitter,Phee,Phee,false,1
Qwen/Qwen2.5-Omni-7B,509005,lp_0-6000,Twitter,Phee,Phee,false,1
Qwen/Qwen2.5-Omni-7B,509005,lp_0-8000,Twitter,Tsik,Tsik,false,1
Qwen/Qwen2.5-Omni-7B,509005,remove_0-1000,Twitter,Tsik,Tsik,false,1
Qwen/Qwen2.5-Omni-7B,509005,remove_1000-2000,Twitter,Tsik,Tsik,false,1
Qwen/Qwen2.5-Omni-7B,509005,remove_2000-4000,Twitter,Tsik,Tsik,false,1
Qwen/Qwen2.5-Omni-7B,509005,remove_4000-6000,Twitter,Phee,Phee,false,1
Qwen/Qwen2.5-Omni-7B,509005,remove_6000-8000,Twitter,Tsik,Tsik,false,1
Qwen/Qwen2.5-Omni-7B,509006,lp_0-1000,Twitter,Phee,Phee,false,1
Qwen/Qwen2.5-Omni-7B,509006,lp_0-2000,Twitter,Phee,Phee,false,1
Qwen/Qwen2.5-Omni-7B,509006,lp_0-4000,Twitter,Phee,Phee,false,1
Qwen/Qwen2.5-Omni-7B,509006,lp_0-6000,Twitter,Phee,Phee,false,1
Qwen/Qwen2.5-Omni-7B,509006,lp_0-8000,Twitter,Tsik,Tsik,false,1
Qwen/Qwen2.5-Omni-7B,509006,remove_0-1000,Twitter,Tsik,Tsik,false,1
Qwen/Qwen2.5-Omni-7B,509006,remove_1000-2000,Twitter,Tsik,Tsik,false,1
Qwen/Qwen2.5-Omni-7B,509006,remove_2000-4000,Twitter,Seep,Seep,false,1
Qwen/Qwen2.5-Omni-7B,509006,remove_4000-6000,Twitter,Tsik,Tsik,false,1
Qwen/Qwen2.5-Omni-7B,509006,remove_6000-8000,Twitter,Phee,Phee,false,1
Qwen/Qwen2.5-Omni-7B,509008,lp_0-1000,Twitter,Phee,Phee,false,1
Qwen/Qwen2.5-Omni-7B,509008,lp_0-2000,Twitter,Phee,Phee,false,1
Qwen/Qwen2.5-Omni-7B,509008,lp_0-4000,Twitter,Phee,Phee,false,1
Qwen/Qwen2.5-Omni-7B,509008,lp_0-6000,Twitter,Phee,Phee,false,1
Qwen/Qwen2.5-Omni-7B,509008,lp_0-8000,Twitter,Phee,Phee,false,1
Qwen/Qwen2.5-Omni-7B,509008,remove_0-1000,Twitter,Twitter,Twitter,true,1
Qwen/Qwen2.5-Omni-7B,509008,remove_1000-2000,Twitter,Phee,Phee,false,1
Qwen/Qwen2.5-Omni-7B,509008,remove_2000-4000,Twitter,Phee,Phee,false,1
Qwen/Qwen2.5-Omni-7B,509008,remove_4000-6000,Twitter,Phee,Phee,false,1
Qwen/Qwen2.5-Omni-7B,509008,remove_6000-8000,Twitter,Phee,Phee,false,1
Qwen/Qwen2.5-Omni-7B,509026,lp_0-1000,Twitter,Seep,Seep,false,1
Qwen/Qwen2.5-Omni-7B,509026,lp_0-2000,Twitter,Seep,Seep,false,1
Qwen/Qwen2.5-Omni-7B,509026,lp_0-4000,Twitter,Seep,Seep,false,1
Qwen/Qwen2.5-Omni-7B,509026,lp_0-6000,Twitter,Tsik,Tsik,false,1
Qwen/Qwen2.5-Omni-7B,509026,lp_0-8000,Twitter,Tsik,Tsik,false,1
Qwen/Qwen2.5-Omni-7B,509026,remove_0-1000,Twitter,Tsik,Tsik,false,1
Qwen/Qwen2.5-Omni-7B,509026,remove_1000-2000,Twitter,Tsik,Tsik,false,1
Qwen/Qwen2.5-Omni-7B,509026,remove_2000-4000,Twitter,Twitter,Twitter,true,1
Qwen/Qwen2.5-Omni-7B,509026,remove_4000-6000,Twitter,Tsik,Tsik,false,1
Qwen/Qwen2.5-Omni-7B,509026,remove_6000-8000,Twitter,Seep,Seep,false,1
Qwen/Qwen2.5-Omni-7B,509046,lp_0-1000,Twitter,Seep,Seep,false,1
Qwen/Qwen2.5-Omni-7B,509046,lp_0-2000,Twitter,Seep,Seep,false,1
Qwen/Qwen2.5-Omni-7B,509046,lp_0-4000,Twitter,Phee,Phee,false,1
Qwen/Qwen2.5-Omni-7B,509046,lp_0-6000,Twitter,Phee,Phee,false,1
Qwen/Qwen2.5-Omni-7B,509046,lp_0-8000,Twitter,Seep,Seep,false,1
Qwen/Qwen2.5-Omni-7B,509046,remove_0-1000,Twitter,Tsik,Tsik,false,1
Qwen/Qwen2.5-Omni-7B,509046,remove_1000-2000,Twitter,Tsik,Tsik,false,1
Qwen/Qwen2.5-Omni-7B,509046,remove_2000-4000,Twitter,Seep,Seep,false,1
Qwen/Qwen2.5-Omni-7B,509046,remove_4000-6000,Twitter,Tsik,Tsik,false,1
Qwen/Qwen2.5-Omni-7B,509046,remove_6000-8000,Twitter,Seep,Seep,false,1
Qwen/Qwen2.5-Omni-7B,509087,lp_0-1000,Twitter,Phee,Phee,false,1
Qwen/Qwen2.5-Omni-7B,509087,lp_0-2000,Twitter,Phee,Phee,false,1
Qwen/Qwen2.5-Omni-7B,509087,lp_0-4000,Twitter,Phee,Phee,false,1
Qwen/Qwen2.5-Omni-7B,509087,lp_0-6000,Twitter,Phee,Phee,false,1
Qwen/Qwen2.5-Omni-7B,509087,lp_0-8000,Twitter,Seep,Seep,false,1
Qwen/Qwen2.5-Omni-7B,509087,remove_0-1000,Twitter,Tsik,Tsik,false,1
Qwen/Qwen2.5-Omni-7B,509087,remove_1000-2000,Twitter,Seep,Seep,false,1
Qwen/Qwen2.5-Omni-7B,509087,remove_2000-4000,Twitter,Seep,Seep,false,1
Qwen/Qwen2.5-Omni-7B,509087,remove_4000-6000,Twitter,Tsik,Tsik,false,1
Qwen/Qwen2.5-Omni-7B,509087,remove_6000-8000,Twitter,Phee,Phee,false,1
Qwen/Qwen2.5-Omni-7B,511735,lp_0-1000,Twitter,Phee,Phee,false,1
Qwen/Qwen2.5-Omni-7B,511735,lp_0-2000,Twitter,Phee,Phee,false,1
Qwen/Qwen2.5-Omni-7B,511735,lp_0-4000,Twitter,Phee,Phee,false,1
Qwen/Qwen2.5-Omni-7B,511735,lp_0-6000,Twitter,Tsik,Tsik,false,1
Qwen/Qwen2.5-Omni-7B,511735,lp_0-8000,Twitter,Tsik,Tsik,false,1
Qwen/Qwen2.5-Omni-7B,511735,remove_0-1000,Twitter,Tsik,Tsik,false,1
Qwen/Qwen2.5-Omni-7B,511735,remove_1000-2000,Twitter,Tsik,Tsik,false,1
Qwen/Qwen2.5-Omni-7B,511735,remove_2000-4000,Twitter,Phee,Phee,false,1
Qwen/Qwen2.5-Omni-7B,511735,remove_4000-6000,Twitter,Tsik,Tsik,false,1
Qwen/Qwen2.5-Omni-7B,511735,remove_6000-8000,Twitter,Seep,Seep,false,1
Qwen/Qwen2.5-Omni-7B,525243,lp_0-1000,Twitter,Phee,Phee,false,1
Qwen/Qwen2.5-Omni-7B,525243,lp_0-2000,Twitter,Phee,Phee,false,1
Qwen/Qwen2.5-Omni-7B,525243,lp_0-4000,Twitter,Phee,Phee,false,1
Qwen/Qwen2.5-Omni-7B,525243,lp_0-6000,Twitter,Phee,Phee,false,1
Qwen/Qwen2.5-Omni-7B,525243,lp_0-8000,Twitter,Seep,Seep,false,1
Qwen/Qwen2.5-Omni-7B,525243,remove_0-1000,Twitter,Tsik,Tsik,false,1
Qwen/Qwen2.5-Omni-7B,525243,remove_1000-2000,Twitter,Seep,Seep,false,1
Qwen/Qwen2.5-Omni-7B,525243,remove_2000-4000,Twitter,Phee,Phee,false,1
Qwen/Qwen2.5-Omni-7B,525243,remove_4000-6000,Twitter,Tsik,Tsik,false,1
Qwen/Qwen2.5-Omni-7B,525243,remove_6000-8000,Twitter,Phee,Phee,false,1
Qwen/Qwen2.5-Omni-7B,525561,lp_0-1000,Twitter,Seep,Seep,false,1
Qwen/Qwen2.5-Omni-7B,525561,lp_0-2000,Twitter,Seep,Seep,false,1
Qwen/Qwen2.5-Omni-7B,525561,lp_0-4000,Twitter,Seep,Seep,false,1
Qwen/Qwen2.5-Omni-7B,525561,lp_0-6000,Twitter,Seep,Seep,false,1
Qwen/Qwen2.5-Omni-7B,525561,lp_0-8000,Twitter,Tsik,Tsik,false,1
Qwen/Qwen2.5-Omni-7B,525561,remove_0-1000,Twitter,Tsik,Tsik,false,1
Qwen/Qwen2.5-Omni-7B,525561,remove_1000-2000,Twitter,Tsik,Tsik,false,1
Qwen/Qwen2.5-Omni-7B,525561,remove_2000-4000,Twitter,Tsik,Tsik,false,1
Qwen/Qwen2.5-Omni-7B,525561,remove_4000-6000,Twitter,Tsik,Tsik,false,1
Qwen/Qwen2.5-Omni-7B,525561,remove_6000-8000,Twitter,Tsik,Tsik,false,1
Qwen/Qwen2.5-Omni-7B,525562,lp_0-1000,Twitter,Phee,Phee,false,1
Qwen/Qwen2.5-Omni-7B,525562,lp_0-2000,Twitter,Phee,Phee,false,1
Qwen/Qwen2.5-Omni-7B,525562,lp_0-4000,Twitter,Phee,Phee,false,1
Qwen/Qwen2.5-Omni-7B,525562,lp_0-6000,Twitter,Phee,Phee,false,1
Qwen/Qwen2.5-Omni-7B,525562,lp_0-8000,Twitter,Tsik,Tsik,false,1
Qwen/Qwen2.5-Omni-7B,525562,remove_0-1000,Twitter,Phee,Phee,false,1
Qwen/Qwen2.5-Omni-7B,525562,remove_1000-2000,Twitter,Phee,Phee,false,1
Qwen/Qwen2.5-Omni-7B,525562,remove_2000-4000,Twitter,Phee,Phee,false,1
Qwen/Qwen2.5-Omni-7B,525562,remove_4000-6000,Twitter,Tsik,Tsik,false,1
Qwen/Qwen2.5-Omni-7B,525562,remove_6000-8000,Twitter,Phee,Phee,false,1
Qwen/Qwen2.5-Omni-7B,527487,lp_0-1000,Twitter,Phee,Phee,false,1
Qwen/Qwen2.5-Omni-7B,527487,lp_0-2000,Twitter,Phee,Phee,false,1
Qwen/Qwen2.5-Omni-7B,527487,lp_0-4000,Twitter,Phee,Phee,false,1
Qwen/Qwen2.5-Omni-7B,527487,lp_0-6000,Twitter,Phee,Phee,false,1
Qwen/Qwen2.5-Omni-7B,527487,lp_0-8000,Twitter,Twitter,Twitter,true,1
Qwen/Qwen2.5-Omni-7B,527487,remove_0-1000,Twitter,Tsik,Tsik,false,1
Qwen/Qwen2.5-Omni-7B,527487,remove_1000-2000,Twitter,Phee,Phee,false,1
Qwen/Qwen2.5-Omni-7B,527487,remove_2000-4000,Twitter,Phee,Phee,false,1
Qwen/Qwen2.5-Omni-7B,527487,remove_4000-6000,Twitter,Tsik,Tsik,false,1
Qwen/Qwen2.5-Omni-7B,527487,remove_6000-8000,Twitter,Twitter,Twitter,true,1
Qwen/Qwen2.5-Omni-7B,539125,lp_0-1000,Twitter,Phee,Phee,false,1
Qwen/Qwen2.5-Omni-7B,539125,lp_0-2000,Twitter,Phee,Phee,false,1
Qwen/Qwen2.5-Omni-7B,539125,lp_0-4000,Twitter,Phee,Phee,false,1
Qwen/Qwen2.5-Omni-7B,539125,lp_0-6000,Twitter,Twitter,Twitter,true,1
Qwen/Qwen2.5-Omni-7B,539125,lp_0-8000,Twitter,Twitter,Twitter,true,1
Qwen/Qwen2.5-Omni-7B,539125,remove_0-1000,Twitter,Twitter,Twitter,true,1
Qwen/Qwen2.5-Omni-7B,539125,remove_1000-2000,Twitter,Seep,Seep,false,1
Qwen/Qwen2.5-Omni-7B,539125,remove_2000-4000,Twitter,Twitter,Twitter,true,1
Qwen/Qwen2.5-Omni-7B,539125,remove_4000-6000,Twitter,Twitter,Twitter,true,1
Qwen/Qwen2.5-Omni-7B,539125,remove_6000-8000,Twitter,Twitter,Twitter,true,1
Qwen/Qwen2.5-Omni-7B,547929,lp_0-1000,Twitter,Phee,Phee,false,1
Qwen/Qwen2.5-Omni-7B,547929,lp_0-2000,Twitter,Phee,Phee,false,1
Qwen/Qwen2.5-Omni-7B,547929,lp_0-4000,Twitter,Phee,Phee,false,1
Qwen/Qwen2.5-Omni-7B,547929,lp_0-6000,Twitter,Phee,Phee,false,1
Qwen/Qwen2.5-Omni-7B,547929,lp_0-8000,Twitter,Tsik,Tsik,false,1
Qwen/Qwen2.5-Omni-7B,547929,remove_0-1000,Twitter,Phee,Phee,false,1
Qwen/Qwen2.5-Omni-7B,547929,remove_1000-2000,Twitter,Phee,Phee,false,1
Qwen/Qwen2.5-Omni-7B,547929,remove_2000-4000,Twitter,Phee,Phee,false,1
Qwen/Qwen2.5-Omni-7B,547929,remove_4000-6000,Twitter,Phee,Phee,false,1
Qwen/Qwen2.5-Omni-7B,547929,remove_6000-8000,Twitter,Phee,Phee,false,1
Qwen/Qwen2.5-Omni-7B,550353,lp_0-1000,Twitter,Phee,Phee,false,1
Qwen/Qwen2.5-Omni-7B,550353,lp_0-2000,Twitter,Seep,Seep,false,1
Qwen/Qwen2.5-Omni-7B,550353,lp_0-4000,Twitter,Phee,Phee,false,1
Qwen/Qwen2.5-Omni-7B,550353,lp_0-6000,Twitter,Tsik,Tsik,false,1
Qwen/Qwen2.5-Omni-7B,550353,lp_0-8000,Twitter,Phee,Phee,false,1
Qwen/Qwen2.5-Omni-7B,550353,remove_0-1000,Twitter,Tsik,Tsik,false,1
Qwen/Qwen2.5-Omni-7B,550353,remove_1000-2000,Twitter,Tsik,Tsik,false,1
Qwen/Qwen2.5-Omni-7B,550353,remove_2000-4000,Twitter,Tsik,Tsik,false,1
Qwen/Qwen2.5-Omni-7B,550353,remove_4000-6000,Twitter,Tsik,Tsik,false,1
Qwen/Qwen2.5-Omni-7B,550353,remove_6000-8000,Twitter,Phee,Phee,false,1
Qwen/Qwen2.5-Omni-7B,550482,lp_0-1000,Twitter,Phee,Phee,false,1
Qwen/Qwen2.5-Omni-7B,550482,lp_0-2000,Twitter,Phee,Phee,false,1
Qwen/Qwen2.5-Omni-7B,550482,lp_0-4000,Twitter,Phee,Phee,false,1
Qwen/Qwen2.5-Omni-7B,550482,lp_0-6000,Twitter,Phee,Phee,false,1
Qwen/Qwen2.5-Omni-7B,550482,lp_0-8000,Twitter,Phee,Phee,false,1
Qwen/Qwen2.5-Omni-7B,550482,remove_0-1000,Twitter,Phee,Phee,false,1
Qwen/Qwen2.5-Omni-7B,550482,remove_1000-2000,Twitter,Phee,Phee,false,1
Qwen/Qwen2.5-Omni-7B,550482,remove_2000-4000,Twitter,Phee,Phee,false,1
Qwen/Qwen2.5-Omni-7B,550482,remove_4000-6000,Twitter,Phee,Phee,false,1
Qwen/Qwen2.5-Omni-7B,550482,remove_6000-8000,Twitter,Phee,Phee,false,1
Qwen/Qwen2.5-Omni-7B,5555,lp_0-1000,Twitter,Phee,Phee,false,1
Qwen/Qwen2.5-Omni-7B,5555,lp_0-2000,Twitter,Phee,Phee,false,1
Qwen/Qwen2.5-Omni-7B,5555,lp_0-4000,Twitter,Tsik,Tsik,false,1
Qwen/Qwen2.5-Omni-7B,5555,lp_0-6000,Twitter,Tsik,Tsik,false,1
Qwen/Qwen2.5-Omni-7B,5555,lp_0-8000,Twitter,Tsik,Tsik,false,1
Qwen/Qwen2.5-Omni-7B,5555,remove_0-1000,Twitter,Tsik,Tsik,false,1
Qwen/Qwen2.5-Omni-7B,5555,remove_1000-2000,Twitter,Tsik,Tsik,false,1
Qwen/Qwen2.5-Omni-7B,5555,remove_2000-4000,Twitter,Tsik,Tsik,false,1
Qwen/Qwen2.5-Omni-7B,5555,remove_4000-6000,Twitter,Tsik,Tsik,false,1
Qwen/Qwen2.5-Omni-7B,5555,remove_6000-8000,Twitter,Tsik,Tsik,false,1
Qwen/Qwen2.5-Omni-7B,556866,lp_0-1000,Twitter,Seep,Seep,false,1
Qwen/Qwen2.5-Omni-7B,556866,lp_0-2000,Twitter,Seep,Seep,false,1
Qwen/Qwen2.5-Omni-7B,556866,lp_0-4000,Twitter,Seep,Seep,false,1
Qwen/Qwen2.5-Omni-7B,556866,lp_0-6000,Twitter,Seep,Seep,false,1
Qwen/Qwen2.5-Omni-7B,556866,lp_0-8000,Twitter,Seep,Seep,false,1
Qwen/Qwen2.5-Omni-7B,556866,remove_0-1000,Twitter,Tsik,Tsik,false,1
Qwen/Qwen2.5-Omni-7B,556866,remove_1000-2000,Twitter,Seep,Seep,false,1
Qwen/Qwen2.5-Omni-7B,556866,remove_2000-4000,Twitter,Seep,Seep,false,1
Qwen/Qwen2.5-Omni-7B,556866,remove_4000-6000,Twitter,Seep,Seep,false,1
Qwen/Qwen2.5-Omni-7B,556866,remove_6000-8000,Twitter,Tsik,Tsik,false,1
Qwen/Qwen2.5-Omni-7B,557194,lp_0-1000,Twitter,Phee,Phee,false,1
Qwen/Qwen2.5-Omni-7B,557194,lp_0-2000,Twitter,Seep,Seep,false,1
Qwen/Qwen2.5-Omni-7B,557194,lp_0-4000,Twitter,Phee,Phee,false,1
Qwen/Qwen2.5-Omni-7B,557194,lp_0-6000,Twitter,Seep,Seep,false,1
Qwen/Qwen2.5-Omni-7B,557194,lp_0-8000,Twitter,Tsik,Tsik,false,1
Qwen/Qwen2.5-Omni-7B,557194,remove_0-1000,Twitter,Tsik,Tsik,false,1
Qwen/Qwen2.5-Omni-7B,557194,remove_1000-2000,Twitter,Tsik,Tsik,false,1
Qwen/Qwen2.5-Omni-7B,557194,remove_2000-4000,Twitter,Tsik,Tsik,false,1
Qwen/Qwen2.5-Omni-7B,557194,remove_4000-6000,Twitter,Tsik,Tsik,false,1
Qwen/Qwen2.5-Omni-7B,557194,remove_6000-8000,Twitter,Seep,Seep,false,1
Qwen/Qwen2.5-Omni-7B,558285,lp_0-1000,Twitter,Phee,Phee,false,1
Qwen/Qwen2.5-Omni-7B,558285,lp_0-2000,Twitter,Phee,Phee,false,1
Qwen/Qwen2.5-Omni-7B,558285,lp_0-4000,Twitter,Phee,Phee,false,1
Qwen/Qwen2.5-Omni-7B,558285,lp_0-6000,Twitter,Phee,Phee,false,1
Qwen/Qwen2.5-Omni-7B,558285,lp_0-8000,Twitter,Phee,Phee,false,1
Qwen/Qwen2.5-Omni-7B,558285,remove_0-1000,Twitter,Phee,Phee,false,1
Qwen/Qwen2.5-Omni-7B,558285,remove_1000-2000,Twitter,Phee,Phee,false,1
Qwen/Qwen2.5-Omni-7B,558285,remove_2000-4000,Twitter,Twitter,Twitter,true,1
Qwen/Qwen2.5-Omni-7B,558285,remove_4000-6000,Twitter,Twitter,Twitter,true,1
Qwen/Qwen2.5-Omni-7B,558285,remove_6000-8000,Twitter,Phee,Phee,false,1
Qwen/Qwen2.5-Omni-7B,567471,lp_0-1000,Twitter,Seep,Seep,false,1
Qwen/Qwen2.5-Omni-7B,567471,lp_0-2000,Twitter,Phee,Phee,false,1
Qwen/Qwen2.5-Omni-7B,567471,lp_0-4000,Twitter,Phee,Phee,false,1
Qwen/Qwen2.5-Omni-7B,567471,lp_0-6000,Twitter,Phee,Phee,false,1
Qwen/Qwen2.5-Omni-7B,567471,lp_0-8000,Twitter,Tsik,Tsik,false,1
Qwen/Qwen2.5-Omni-7B,567471,remove_0-1000,Twitter,Tsik,Tsik,false,1
Qwen/Qwen2.5-Omni-7B,567471,remove_1000-2000,Twitter,Tsik,Tsik,false,1
Qwen/Qwen2.5-Omni-7B,567471,remove_2000-4000,Twitter,Tsik,Tsik,false,1
Qwen/Qwen2.5-Omni-7B,567471,remove_4000-6000,Twitter,Tsik,Tsik,false,1
Qwen/Qwen2.5-Omni-7B,567471,remove_6000-8000,Twitter,Tsik,Tsik,false,1
Qwen/Qwen2.5-Omni-7B,582722,lp_0-1000,Twitter,Phee,Phee,false,1
Qwen/Qwen2.5-Omni-7B,582722,lp_0-2000,Twitter,Phee,Phee,false,1
Qwen/Qwen2.5-Omni-7B,582722,lp_0-4000,Twitter,Phee,Phee,false,1
Qwen/Qwen2.5-Omni-7B,582722,lp_0-6000,Twitter,Phee,Phee,false,1
Qwen/Qwen2.5-Omni-7B,582722,lp_0-8000,Twitter,Phee,Phee,false,1
Qwen/Qwen2.5-Omni-7B,582722,remove_0-1000,Twitter,Tsik,Tsik,false,1
Qwen/Qwen2.5-Omni-7B,582722,remove_1000-2000,Twitter,Phee,Phee,false,1
Qwen/Qwen2.5-Omni-7B,582722,remove_2000-4000,Twitter,Phee,Phee,false,1
Qwen/Qwen2.5-Omni-7B,582722,remove_4000-6000,Twitter,Phee,Phee,false,1
Qwen/Qwen2.5-Omni-7B,582722,remove_6000-8000,Twitter,Phee,Phee,false,1
Qwen/Qwen2.5-Omni-7B,584396,lp_0-1000,Twitter,Phee,Phee,false,1
Qwen/Qwen2.5-Omni-7B,584396,lp_0-2000,Twitter,Phee,Phee,false,1
Qwen/Qwen2.5-Omni-7B,584396,lp_0-4000,Twitter,Phee,Phee,false,1
Qwen/Qwen2.5-Omni-7B,584396,lp_0-6000,Twitter,Tsik,Tsik,false,1
Qwen/Qwen2.5-Omni-7B,584396,lp_0-8000,Twitter,Tsik,Tsik,false,1
Qwen/Qwen2.5-Omni-7B,584396,remove_0-1000,Twitter,Tsik,Tsik,false,1
Qwen/Qwen2.5-Omni-7B,584396,remove_1000-2000,Twitter,Tsik,Tsik,false,1
Qwen/Qwen2.5-Omni-7B,584396,remove_2000-4000,Twitter,Tsik,Tsik,false,1
Qwen/Qwen2.5-Omni-7B,584396,remove_4000-6000,Twitter,Tsik,Tsik,false,1
Qwen/Qwen2.5-Omni-7B,584396,remove_6000-8000,Twitter,Seep,Seep,false,1
Qwen/Qwen2.5-Omni-7B,592286,lp_0-1000,Twitter,Phee,Phee,false,1
Qwen/Qwen2.5-Omni-7B,592286,lp_0-2000,Twitter,Phee,Phee,false,1
Qwen/Qwen2.5-Omni-7B,592286,lp_0-4000,Twitter,Phee,Phee,false,1
Qwen/Qwen2.5-Omni-7B,592286,lp_0-6000,Twitter,Twitter,Twitter,true,1
Qwen/Qwen2.5-Omni-7B,592286,lp_0-8000,Twitter,Twitter,Twitter,true,1
Qwen/Qwen2.5-Omni-7B,592286,remove_0-1000,Twitter,Twitter,Twitter,true,1
Qwen/Qwen2.5-Omni-7B,592286,remove_1000-2000,Twitter,Tsik,Tsik,false,1
Qwen/Qwen2.5-Omni-7B,592286,remove_2000-4000,Twitter,Twitter,Twitter,true,1
Qwen/Qwen2.5-Omni-7B,592286,remove_4000-6000,Twitter,Twitter,Twitter,true,1
Qwen/Qwen2.5-Omni-7B,592286,remove_6000-8000,Twitter,Twitter,Twitter,true,1
Qwen/Qwen2.5-Omni-7B,598116,lp_0-1000,Twitter,Phee,Phee,false,1
Qwen/Qwen2.5-Omni-7B,598116,lp_0-2000,Twitter,Phee,Phee,false,1
Qwen/Qwen2.5-Omni-7B,598116,lp_0-4000,Twitter,Phee,Phee,false,1
Qwen/Qwen2.5-Omni-7B,598116,lp_0-6000,Twitter,Phee,Phee,false,1
Qwen/Qwen2.5-Omni-7B,598116,lp_0-8000,Twitter,Phee,Phee,false,1
Qwen/Qwen2.5-Omni-7B,598116,remove_0-1000,Twitter,Twitter,Twitter,true,1
Qwen/Qwen2.5-Omni-7B,598116,remove_1000-2000,Twitter,Twitter,Twitter,true,1
Qwen/Qwen2.5-Omni-7B,598116,remove_2000-4000,Twitter,Twitter,Twitter,true,1
Qwen/Qwen2.5-Omni-7B,598116,remove_4000-6000,Twitter,Twitter,Twitter,true,1
Qwen/Qwen2.5-Omni-7B,598116,remove_6000-8000,Twitter,Seep,Seep,false,1
Qwen/Qwen2.5-Omni-7B,598781,lp_0-1000,Twitter,Phee,Phee,false,1
Qwen/Qwen2.5-Omni-7B,598781,lp_0-2000,Twitter,Phee,Phee,false,1
Qwen/Qwen2.5-Omni-7B,598781,lp_0-4000,Twitter,Phee,Phee,false,1
Qwen/Qwen2.5-Omni-7B,598781,lp_0-6000,Twitter,Phee,Phee,false,1
Qwen/Qwen2.5-Omni-7B,598781,lp_0-8000,Twitter,Seep,Seep,false,1
Qwen/Qwen2.5-Omni-7B,598781,remove_0-1000,Twitter,Tsik,Tsik,false,1
Qwen/Qwen2.5-Omni-7B,598781,remove_1000-2000,Twitter,Tsik,Tsik,false,1
Qwen/Qwen2.5-Omni-7B,598781,remove_2000-4000,Twitter,Tsik,Tsik,false,1
Qwen/Qwen2.5-Omni-7B,598781,remove_4000-6000,Twitter,Twitter,Twitter,true,1
Qwen/Qwen2.5-Omni-7B,598781,remove_6000-8000,Twitter,Tsik,Tsik,false,1
Qwen/Qwen2.5-Omni-7B,600731,lp_0-1000,Twitter,Phee,Phee,false,1
Qwen/Qwen2.5-Omni-7B,600731,lp_0-2000,Twitter,Phee,Phee,false,1
Qwen/Qwen2.5-Omni-7B,600731,lp_0-4000,Twitter,Phee,Phee,false,1
Qwen/Qwen2.5-Omni-7B,600731,lp_0-6000,Twitter,Phee,Phee,false,1
Qwen/Qwen2.5-Omni-7B,600731,lp_0-8000,Twitter,Phee,Phee,false,1
Qwen/Qwen2.5-Omni-7B,600731,remove_0-1000,Twitter,Phee,Phee,false,1
Qwen/Qwen2.5-Omni-7B,600731,remove_1000-2000,Twitter,Phee,Phee,false,1
Qwen/Qwen2.5-Omni-7B,600731,remove_2000-4000,Twitter,Phee,Phee,false,1
Qwen/Qwen2.5-Omni-7B,600731,remove_4000-6000,Twitter,Phee,Phee,false,1
Qwen/Qwen2.5-Omni-7B,600731,remove_6000-8000,Twitter,Phee,Phee,false,1
Qwen/Qwen2.5-Omni-7B,601927,lp_0-1000,Twitter,Phee,Phee,false,1
Qwen/Qwen2.5-Omni-7B,601927,lp_0-2000,Twitter,Phee,Phee,false,1
Qwen/Qwen2.5-Omni-7B,601927,lp_0-4000,Twitter,Tsik,Tsik,false,1
Qwen/Qwen2.5-Omni-7B,601927,lp_0-6000,Twitter,Tsik,Tsik,false,1
Qwen/Qwen2.5-Omni-7B,601927,lp_0-8000,Twitter,Phee,Phee,false,1
Qwen/Qwen2.5-Omni-7B,601927,remove_0-1000,Twitter,Tsik,Tsik,false,1
Qwen/Qwen2.5-Omni-7B,601927,remove_1000-2000,Twitter,Seep,Seep,false,1
Qwen/Qwen2.5-Omni-7B,601927,remove_2000-4000,Twitter,Phee,Phee,false,1
Qwen/Qwen2.5-Omni-7B,601927,remove_4000-6000,Twitter,Tsik,Tsik,false,1
Qwen/Qwen2.5-Omni-7B,601927,remove_6000-8000,Twitter,Tsik,Tsik,false,1
Qwen/Qwen2.5-Omni-7B,602268,lp_0-1000,Twitter,Phee,Phee,false,1
Qwen/Qwen2.5-Omni-7B,602268,lp_0-2000,Twitter,Phee,Phee,false,1
Qwen/Qwen2.5-Omni-7B,602268,lp_0-4000,Twitter,Phee,Phee,false,1
Qwen/Qwen2.5-Omni-7B,602268,lp_0-6000,Twitter,Phee,Phee,false,1
Qwen/Qwen2.5-Omni-7B,602268,lp_0-8000,Twitter,Phee,Phee,false,1
Qwen/Qwen2.5-Omni-7B,602268,remove_0-1000,Twitter,Twitter,Twitter,true,1
Qwen/Qwen2.5-Omni-7B,602268,remove_1000-2000,Twitter,Phee,Phee,false,1
Qwen/Qwen2.5-Omni-7B,602268,remove_2000-4000,Twitter,Phee,Phee,false,1
Qwen/Qwen2.5-Omni-7B,602268,remove_4000-6000,Twitter,Seep,Seep,false,1
Qwen/Qwen2.5-Omni-7B,602268,remove_6000-8000,Twitter,Phee,Phee,false,1
Qwen/Qwen2.5-Omni-7B,622260,lp_0-1000,Twitter,Phee,Phee,false,1
Qwen/Qwen2.5-Omni-7B,622260,lp_0-2000,Twitter,Phee,Phee,false,1
Qwen/Qwen2.5-Omni-7B,622260,lp_0-4000,Twitter,Phee,Phee,false,1
Qwen/Qwen2.5-Omni-7B,622260,lp_0-6000,Twitter,Phee,Phee,false,1
Qwen/Qwen2.5-Omni-7B,622260,lp_0-8000,Twitter,Phee,Phee,false,1
Qwen/Qwen2.5-Omni-7B,622260,remove_0-1000,Twitter,Tsik,Tsik,false,1
Qwen/Qwen2.5-Omni-7B,622260,remove_1000-2000,Twitter,Phee,Phee,false,1
Qwen/Qwen2.5-Omni-7B,622260,remove_2000-4000,Twitter,Phee,Phee,false,1
Qwen/Qwen2.5-Omni-7B,622260,remove_4000-6000,Twitter,Phee,Phee,false,1
Qwen/Qwen2.5-Omni-7B,622260,remove_6000-8000,Twitter,Phee,Phee,false,1
Qwen/Qwen2.5-Omni-7B,622758,lp_0-1000,Twitter,Phee,Phee,false,1
Qwen/Qwen2.5-Omni-7B,622758,lp_0-2000,Twitter,Phee,Phee,false,1
Qwen/Qwen2.5-Omni-7B,622758,lp_0-4000,Twitter,Phee,Phee,false,1
Qwen/Qwen2.5-Omni-7B,622758,lp_0-6000,Twitter,Phee,Phee,false,1
Qwen/Qwen2.5-Omni-7B,622758,lp_0-8000,Twitter,Phee,Phee,false,1
Qwen/Qwen2.5-Omni-7B,622758,remove_0-1000,Twitter,Twitter,Twitter,true,1
Qwen/Qwen2.5-Omni-7B,622758,remove_1000-2000,Twitter,Twitter,Twitter,true,1
Qwen/Qwen2.5-Omni-7B,622758,remove_2000-4000,Twitter,Phee,Phee,false,1
Qwen/Qwen2.5-Omni-7B,622758,remove_4000-6000,Twitter,Twitter,Twitter,true,1
Qwen/Qwen2.5-Omni-7B,622758,remove_6000-8000,Twitter,Phee,Phee,false,1
Qwen/Qwen2.5-Omni-7B,623573,lp_0-1000,Twitter,Phee,Phee,false,1
Qwen/Qwen2.5-Omni-7B,623573,lp_0-2000,Twitter,Phee,Phee,false,1
Qwen/Qwen2.5-Omni-7B,623573,lp_0-4000,Twitter,Phee,Phee,false,1
Qwen/Qwen2.5-Omni-7B,623573,lp_0-6000,Twitter,Phee,Phee,false,1
Qwen/Qwen2.5-Omni-7B,623573,lp_0-8000,Twitter,Phee,Phee,false,1
Qwen/Qwen2.5-Omni-7B,623573,remove_0-1000,Twitter,Phee,Phee,false,1
Qwen/Qwen2.5-Omni-7B,623573,remove_1000-2000,Twitter,Tsik,Tsik,false,1
Qwen/Qwen2.5-Omni-7B,623573,remove_2000-4000,Twitter,Tsik,Tsik,false,1
Qwen/Qwen2.5-Omni-7B,623573,remove_4000-6000,Twitter,Phee,Phee,false,1
Qwen/Qwen2.5-Omni-7B,623573,remove_6000-8000,Twitter,Phee,Phee,false,1
Qwen/Qwen2.5-Omni-7B,624179,lp_0-1000,Twitter,Phee,Phee,false,1
Qwen/Qwen2.5-Omni-7B,624179,lp_0-2000,Twitter,Phee,Phee,false,1
Qwen/Qwen2.5-Omni-7B,624179,lp_0-4000,Twitter,Phee,Phee,false,1
Qwen/Qwen2.5-Omni-7B,624179,lp_0-6000,Twitter,Twitter,Twitter,true,1
Qwen/Qwen2.5-Omni-7B,624179,lp_0-8000,Twitter,Tsik,Tsik,false,1
Qwen/Qwen2.5-Omni-7B,624179,remove_0-1000,Twitter,Twitter,Twitter,true,1
Qwen/Qwen2.5-Omni-7B,624179,remove_1000-2000,Twitter,Twitter,Twitter,true,1
Qwen/Qwen2.5-Omni-7B,624179,remove_2000-4000,Twitter,Twitter,Twitter,true,1
Qwen/Qwen2.5-Omni-7B,624179,remove_4000-6000,Twitter,Twitter,Twitter,true,1
Qwen/Qwen2.5-Omni-7B,624179,remove_6000-8000,Twitter,Twitter,Twitter,true,1
Qwen/Qwen2.5-Omni-7B,625053,lp_0-1000,Twitter,Phee,Phee,false,1
Qwen/Qwen2.5-Omni-7B,625053,lp_0-2000,Twitter,Phee,Phee,false,1
Qwen/Qwen2.5-Omni-7B,625053,lp_0-4000,Twitter,Phee,Phee,false,1
Qwen/Qwen2.5-Omni-7B,625053,lp_0-6000,Twitter,Phee,Phee,false,1
Qwen/Qwen2.5-Omni-7B,625053,lp_0-8000,Twitter,Twitter,Twitter,true,1
Qwen/Qwen2.5-Omni-7B,625053,remove_0-1000,Twitter,Tsik,Tsik,false,1
Qwen/Qwen2.5-Omni-7B,625053,remove_1000-2000,Twitter,Phee,Phee,false,1
Qwen/Qwen2.5-Omni-7B,625053,remove_2000-4000,Twitter,Twitter,Twitter,true,1
Qwen/Qwen2.5-Omni-7B,625053,remove_4000-6000,Twitter,Twitter,Twitter,true,1
Qwen/Qwen2.5-Omni-7B,625053,remove_6000-8000,Twitter,Twitter,Twitter,true,1
Qwen/Qwen2.5-Omni-7B,632381,lp_0-1000,Twitter,Seep,Seep,false,1
Qwen/Qwen2.5-Omni-7B,632381,lp_0-2000,Twitter,Phee,Phee,false,1
Qwen/Qwen2.5-Omni-7B,632381,lp_0-4000,Twitter,Seep,Seep,false,1
Qwen/Qwen2.5-Omni-7B,632381,lp_0-6000,Twitter,Twitter,Twitter,true,1
Qwen/Qwen2.5-Omni-7B,632381,lp_0-8000,Twitter,Tsik,Tsik,false,1
Qwen/Qwen2.5-Omni-7B,632381,remove_0-1000,Twitter,Twitter,Twitter,true,1
Qwen/Qwen2.5-Omni-7B,632381,remove_1000-2000,Twitter,Phee,Phee,false,1
Qwen/Qwen2.5-Omni-7B,632381,remove_2000-4000,Twitter,Phee,Phee,false,1
Qwen/Qwen2.5-Omni-7B,632381,remove_4000-6000,Twitter,Tsik,Tsik,false,1
Qwen/Qwen2.5-Omni-7B,632381,remove_6000-8000,Twitter,Tsik,Tsik,false,1
Qwen/Qwen2.5-Omni-7B,645428,lp_0-1000,Twitter,Phee,Phee,false,1
Qwen/Qwen2.5-Omni-7B,645428,lp_0-2000,Twitter,Phee,Phee,false,1
Qwen/Qwen2.5-Omni-7B,645428,lp_0-4000,Twitter,Phee,Phee,false,1
Qwen/Qwen2.5-Omni-7B,645428,lp_0-6000,Twitter,Tsik,Tsik,false,1
Qwen/Qwen2.5-Omni-7B,645428,lp_0-8000,Twitter,Tsik,Tsik,false,1
Qwen/Qwen2.5-Omni-7B,645428,remove_0-1000,Twitter,Twitter,Twitter,true,1
Qwen/Qwen2.5-Omni-7B,645428,remove_1000-2000,Twitter,Tsik,Tsik,false,1
Qwen/Qwen2.5-Omni-7B,645428,remove_2000-4000,Twitter,Twitter,Twitter,true,1
Qwen/Qwen2.5-Omni-7B,645428,remove_4000-6000,Twitter,Twitter,Twitter,true,1
Qwen/Qwen2.5-Omni-7B,645428,remove_6000-8000,Twitter,Tsik,Tsik,false,1
Qwen/Qwen2.5-Omni-7B,648272,lp_0-1000,Twitter,Seep,Seep,false,1
Qwen/Qwen2.5-Omni-7B,648272,lp_0-2000,Twitter,Seep,Seep,false,1
Qwen/Qwen2.5-Omni-7B,648272,lp_0-4000,Twitter,Seep,Seep,false,1
Qwen/Qwen2.5-Omni-7B,648272,lp_0-6000,Twitter,Seep,Seep,false,1
Qwen/Qwen2.5-Omni-7B,648272,lp_0-8000,Twitter,Seep,Seep,false,1
Qwen/Qwen2.5-Omni-7B,648272,remove_0-1000,Twitter,Tsik,Tsik,false,1
Qwen/Qwen2.5-Omni-7B,648272,remove_1000-2000,Twitter,Phee,Phee,false,1
Qwen/Qwen2.5-Omni-7B,648272,remove_2000-4000,Twitter,Tsik,Tsik,false,1
Qwen/Qwen2.5-Omni-7B,648272,remove_4000-6000,Twitter,Tsik,Tsik,false,1
Qwen/Qwen2.5-Omni-7B,648272,remove_6000-8000,Twitter,Seep,Seep,false,1
Qwen/Qwen2.5-Omni-7B,651229,lp_0-1000,Twitter,Phee,Phee,false,1
Qwen/Qwen2.5-Omni-7B,651229,lp_0-2000,Twitter,Phee,Phee,false,1
Qwen/Qwen2.5-Omni-7B,651229,lp_0-4000,Twitter,Tsik,Tsik,false,1
Qwen/Qwen2.5-Omni-7B,651229,lp_0-6000,Twitter,Tsik,Tsik,false,1
Qwen/Qwen2.5-Omni-7B,651229,lp_0-8000,Twitter,Tsik,Tsik,false,1
Qwen/Qwen2.5-Omni-7B,651229,remove_0-1000,Twitter,Tsik,Tsik,false,1
Qwen/Qwen2.5-Omni-7B,651229,remove_1000-2000,Twitter,Tsik,Tsik,false,1
Qwen/Qwen2.5-Omni-7B,651229,remove_2000-4000,Twitter,Tsik,Tsik,false,1
Qwen/Qwen2.5-Omni-7B,651229,remove_4000-6000,Twitter,Tsik,Tsik,false,1
Qwen/Qwen2.5-Omni-7B,651229,remove_6000-8000,Twitter,Phee,Phee,false,1
Qwen/Qwen2.5-Omni-7B,662800,lp_0-1000,Twitter,Phee,Phee,false,1
Qwen/Qwen2.5-Omni-7B,662800,lp_0-2000,Twitter,Phee,Phee,false,1
Qwen/Qwen2.5-Omni-7B,662800,lp_0-4000,Twitter,Phee,Phee,false,1
Qwen/Qwen2.5-Omni-7B,662800,lp_0-6000,Twitter,Phee,Phee,false,1
Qwen/Qwen2.5-Omni-7B,662800,lp_0-8000,Twitter,Phee,Phee,false,1
Qwen/Qwen2.5-Omni-7B,662800,remove_0-1000,Twitter,Phee,Phee,false,1
Qwen/Qwen2.5-Omni-7B,662800,remove_1000-2000,Twitter,Phee,Phee,false,1
Qwen/Qwen2.5-Omni-7B,662800,remove_2000-4000,Twitter,Phee,Phee,false,1
Qwen/Qwen2.5-Omni-7B,662800,remove_4000-6000,Twitter,Phee,Phee,false,1
Qwen/Qwen2.5-Omni-7B,662800,remove_6000-8000,Twitter,Phee,Phee,false,1
Qwen/Qwen2.5-Omni-7B,667201,lp_0-1000,Twitter,Seep,Seep,false,1
Qwen/Qwen2.5-Omni-7B,667201,lp_0-2000,Twitter,Seep,Seep,false,1
Qwen/Qwen2.5-Omni-7B,667201,lp_0-4000,Twitter,Seep,Seep,false,1
Qwen/Qwen2.5-Omni-7B,667201,lp_0-6000,Twitter,Seep,Seep,false,1
Qwen/Qwen2.5-Omni-7B,667201,lp_0-8000,Twitter,Tsik,Tsik,false,1
Qwen/Qwen2.5-Omni-7B,667201,remove_0-1000,Twitter,Tsik,Tsik,false,1
Qwen/Qwen2.5-Omni-7B,667201,remove_1000-2000,Twitter,Seep,Seep,false,1
Qwen/Qwen2.5-Omni-7B,667201,remove_2000-4000,Twitter,Tsik,Tsik,false,1
Qwen/Qwen2.5-Omni-7B,667201,remove_4000-6000,Twitter,Tsik,Tsik,false,1
Qwen/Qwen2.5-Omni-7B,667201,remove_6000-8000,Twitter,Seep,Seep,false,1
Qwen/Qwen2.5-Omni-7B,678522,lp_0-1000,Twitter,Phee,Phee,false,1
Qwen/Qwen2.5-Omni-7B,678522,lp_0-2000,Twitter,Phee,Phee,false,1
Qwen/Qwen2.5-Omni-7B,678522,lp_0-4000,Twitter,Phee,Phee,false,1
Qwen/Qwen2.5-Omni-7B,678522,lp_0-6000,Twitter,Phee,Phee,false,1
Qwen/Qwen2.5-Omni-7B,678522,lp_0-8000,Twitter,Phee,Phee,false,1
Qwen/Qwen2.5-Omni-7B,678522,remove_0-1000,Twitter,Phee,Phee,false,1
Qwen/Qwen2.5-Omni-7B,678522,remove_1000-2000,Twitter,Phee,Phee,false,1
Qwen/Qwen2.5-Omni-7B,678522,remove_2000-4000,Twitter,Phee,Phee,false,1
Qwen/Qwen2.5-Omni-7B,678522,remove_4000-6000,Twitter,Tsik,Tsik,false,1
Qwen/Qwen2.5-Omni-7B,678522,remove_6000-8000,Twitter,Phee,Phee,false,1
Qwen/Qwen2.5-Omni-7B,680295,lp_0-1000,Twitter,Phee,Phee,false,1
Qwen/Qwen2.5-Omni-7B,680295,lp_0-2000,Twitter,Phee,Phee,false,1
Qwen/Qwen2.5-Omni-7B,680295,lp_0-4000,Twitter,Phee,Phee,false,1
Qwen/Qwen2.5-Omni-7B,680295,lp_0-6000,Twitter,Tsik,Tsik,false,1
Qwen/Qwen2.5-Omni-7B,680295,lp_0-8000,Twitter,Phee,Phee,false,1
Qwen/Qwen2.5-Omni-7B,680295,remove_0-1000,Twitter,Tsik,Tsik,false,1
Qwen/Qwen2.5-Omni-7B,680295,remove_1000-2000,Twitter,Tsik,Tsik,false,1
Qwen/Qwen2.5-Omni-7B,680295,remove_2000-4000,Twitter,Twitter,Twitter,true,1
Qwen/Qwen2.5-Omni-7B,680295,remove_4000-6000,Twitter,Tsik,Tsik,false,1
Qwen/Qwen2.5-Omni-7B,680295,remove_6000-8000,Twitter,Tsik,Tsik,false,1
Qwen/Qwen2.5-Omni-7B,680791,lp_0-1000,Twitter,Seep,Seep,false,1
Qwen/Qwen2.5-Omni-7B,680791,lp_0-2000,Twitter,Seep,Seep,false,1
Qwen/Qwen2.5-Omni-7B,680791,lp_0-4000,Twitter,Tsik,Tsik,false,1
Qwen/Qwen2.5-Omni-7B,680791,lp_0-6000,Twitter,Seep,Seep,false,1
Qwen/Qwen2.5-Omni-7B,680791,lp_0-8000,Twitter,Tsik,Tsik,false,1
Qwen/Qwen2.5-Omni-7B,680791,remove_0-1000,Twitter,Tsik,Tsik,false,1
Qwen/Qwen2.5-Omni-7B,680791,remove_1000-2000,Twitter,Tsik,Tsik,false,1
Qwen/Qwen2.5-Omni-7B,680791,remove_2000-4000,Twitter,Seep,Seep,false,1
Qwen/Qwen2.5-Omni-7B,680791,remove_4000-6000,Twitter,Tsik,Tsik,false,1
Qwen/Qwen2.5-Omni-7B,680791,remove_6000-8000,Twitter,Tsik,Tsik,false,1
Qwen/Qwen2.5-Omni-7B,699227,lp_0-1000,Twitter,Phee,Phee,false,1
Qwen/Qwen2.5-Omni-7B,699227,lp_0-2000,Twitter,Phee,Phee,false,1
Qwen/Qwen2.5-Omni-7B,699227,lp_0-4000,Twitter,Phee,Phee,false,1
Qwen/Qwen2.5-Omni-7B,699227,lp_0-6000,Twitter,Seep,Seep,false,1
Qwen/Qwen2.5-Omni-7B,699227,lp_0-8000,Twitter,Twitter,Twitter,true,1
Qwen/Qwen2.5-Omni-7B,699227,remove_0-1000,Twitter,Twitter,Twitter,true,1
Qwen/Qwen2.5-Omni-7B,699227,remove_1000-2000,Twitter,Twitter,Twitter,true,1
Qwen/Qwen2.5-Omni-7B,699227,remove_2000-4000,Twitter,Twitter,Twitter,true,1
Qwen/Qwen2.5-Omni-7B,699227,remove_4000-6000,Twitter,Twitter,Twitter,true,1
Qwen/Qwen2.5-Omni-7B,699227,remove_6000-8000,Twitter,Seep,Seep,false,1
Qwen/Qwen2.5-Omni-7B,737715,lp_0-1000,Twitter,Phee,Phee,false,1
Qwen/Qwen2.5-Omni-7B,737715,lp_0-2000,Twitter,Phee,Phee,false,1
Qwen/Qwen2.5-Omni-7B,737715,lp_0-4000,Twitter,Phee,Phee,false,1
Qwen/Qwen2.5-Omni-7B,737715,lp_0-6000,Twitter,Phee,Phee,false,1
Qwen/Qwen2.5-Omni-7B,737715,lp_0-8000,Twitter,Phee,Phee,false,1
Qwen/Qwen2.5-Omni-7B,737715,remove_0-1000,Twitter,Twitter,Twitter,true,1
Qwen/Qwen2.5-Omni-7B,737715,remove_1000-2000,Twitter,Twitter,Twitter,true,1
Qwen/Qwen2.5-Omni-7B,737715,remove_2000-4000,Twitter,Phee,Phee,false,1
Qwen/Qwen2.5-Omni-7B,737715,remove_4000-6000,Twitter,Phee,Phee,false,1
Qwen/Qwen2.5-Omni-7B,737715,remove_6000-8000,Twitter,Phee,Phee,false,1
Qwen/Qwen2.5-Omni-7B,766645,lp_0-1000,Twitter,Phee,Phee,false,1
Qwen/Qwen2.5-Omni-7B,766645,lp_0-2000,Twitter,Phee,Phee,false,1
Qwen/Qwen2.5-Omni-7B,766645,lp_0-4000,Twitter,Phee,Phee,false,1
Qwen/Qwen2.5-Omni-7B,766645,lp_0-6000,Twitter,Phee,Phee,false,1
Qwen/Qwen2.5-Omni-7B,766645,lp_0-8000,Twitter,Phee,Phee,false,1
Qwen/Qwen2.5-Omni-7B,766645,remove_0-1000,Twitter,Twitter,Twitter,true,1
Qwen/Qwen2.5-Omni-7B,766645,remove_1000-2000,Twitter,Phee,Phee,false,1
Qwen/Qwen2.5-Omni-7B,766645,remove_2000-4000,Twitter,Phee,Phee,false,1
Qwen/Qwen2.5-Omni-7B,766645,remove_4000-6000,Twitter,Phee,Phee,false,1
Qwen/Qwen2.5-Omni-7B,766645,remove_6000-8000,Twitter,Phee,Phee,false,1
Qwen/Qwen2.5-Omni-7B,768697,lp_0-1000,Twitter,Phee,Phee,false,1
Qwen/Qwen2.5-Omni-7B,768697,lp_0-2000,Twitter,Phee,Phee,false,1
Qwen/Qwen2.5-Omni-7B,768697,lp_0-4000,Twitter,Phee,Phee,false,1
Qwen/Qwen2.5-Omni-7B,768697,lp_0-6000,Twitter,Phee,Phee,false,1
Qwen/Qwen2.5-Omni-7B,768697,lp_0-8000,Twitter,Tsik,Tsik,false,1
Qwen/Qwen2.5-Omni-7B,768697,remove_0-1000,Twitter,Tsik,Tsik,false,1
Qwen/Qwen2.5-Omni-7B,768697,remove_1000-2000,Twitter,Seep,Seep,false,1
Qwen/Qwen2.5-Omni-7B,768697,remove_2000-4000,Twitter,Tsik,Tsik,false,1
Qwen/Qwen2.5-Omni-7B,768697,remove_4000-6000,Twitter,Tsik,Tsik,false,1
Qwen/Qwen2.5-Omni-7B,768697,remove_6000-8000,Twitter,Tsik,Tsik,false,1
Qwen/Qwen2.5-Omni-7B,786011,lp_0-1000,Twitter,Phee,Phee,false,1
Qwen/Qwen2.5-Omni-7B,786011,lp_0-2000,Twitter,Phee,Phee,false,1
Qwen/Qwen2.5-Omni-7B,786011,lp_0-4000,Twitter,Phee,Phee,false,1
Qwen/Qwen2.5-Omni-7B,786011,lp_0-6000,Twitter,Phee,Phee,false,1
Qwen/Qwen2.5-Omni-7B,786011,lp_0-8000,Twitter,Phee,Phee,false,1
Qwen/Qwen2.5-Omni-7B,786011,remove_0-1000,Twitter,Phee,Phee,false,1
Qwen/Qwen2.5-Omni-7B,786011,remove_1000-2000,Twitter,Phee,Phee,false,1
Qwen/Qwen2.5-Omni-7B,786011,remove_2000-4000,Twitter,Phee,Phee,false,1
Qwen/Qwen2.5-Omni-7B,786011,remove_4000-6000,Twitter,Phee,Phee,false,1
Qwen/Qwen2.5-Omni-7B,786011,remove_6000-8000,Twitter,Phee,Phee,false,1
Qwen/Qwen2.5-Omni-7B,79941,lp_0-1000,Twitter,Seep,Seep,false,1
Qwen/Qwen2.5-Omni-7B,79941,lp_0-2000,Twitter,Seep,Seep,false,1
Qwen/Qwen2.5-Omni-7B,79941,lp_0-4000,Twitter,Phee,Phee,false,1
Qwen/Qwen2.5-Omni-7B,79941,lp_0-6000,Twitter,Tsik,Tsik,false,1
Qwen/Qwen2.5-Omni-7B,79941,lp_0-8000,Twitter,Tsik,Tsik,false,1
Qwen/Qwen2.5-Omni-7B,79941,remove_0-1000,Twitter,Tsik,Tsik,false,1
Qwen/Qwen2.5-Omni-7B,79941,remove_1000-2000,Twitter,Tsik,Tsik,false,1
Qwen/Qwen2.5-Omni-7B,79941,remove_2000-4000,Twitter,Tsik,Tsik,false,1
Qwen/Qwen2.5-Omni-7B,79941,remove_4000-6000,Twitter,Tsik,Tsik,false,1
Qwen/Qwen2.5-Omni-7B,79941,remove_6000-8000,Twitter,Tsik,Tsik,false,1
Qwen/Qwen2.5-Omni-7B,805513,lp_0-1000,Twitter,Seep,Seep,false,1
Qwen/Qwen2.5-Omni-7B,805513,lp_0-2000,Twitter,Seep,Seep,false,1
Qwen/Qwen2.5-Omni-7B,805513,lp_0-4000,Twitter,Tsik,Tsik,false,1
Qwen/Qwen2.5-Omni-7B,805513,lp_0-6000,Twitter,Tsik,Tsik,false,1
Qwen/Qwen2.5-Omni-7B,805513,lp_0-8000,Twitter,Tsik,Tsik,false,1
Qwen/Qwen2.5-Omni-7B,805513,remove_0-1000,Twitter,Tsik,Tsik,false,1
Qwen/Qwen2.5-Omni-7B,805513,remove_1000-2000,Twitter,Tsik,Tsik,false,1
Qwen/Qwen2.5-Omni-7B,805513,remove_2000-4000,Twitter,Tsik,Tsik,false,1
Qwen/Qwen2.5-Omni-7B,805513,remove_4000-6000,Twitter,Tsik,Tsik,false,1
Qwen/Qwen2.5-Omni-7B,805513,remove_6000-8000,Twitter,Tsik,Tsik,false,1
Qwen/Qwen2.5-Omni-7B,807189,lp_0-1000,Twitter,Phee,Phee,false,1
Qwen/Qwen2.5-Omni-7B,807189,lp_0-2000,Twitter,Phee,Phee,false,1
Qwen/Qwen2.5-Omni-7B,807189,lp_0-4000,Twitter,Phee,Phee,false,1
Qwen/Qwen2.5-Omni-7B,807189,lp_0-6000,Twitter,Phee,Phee,false,1
Qwen/Qwen2.5-Omni-7B,807189,lp_0-8000,Twitter,Phee,Phee,false,1
Qwen/Qwen2.5-Omni-7B,807189,remove_0-1000,Twitter,Phee,Phee,false,1
Qwen/Qwen2.5-Omni-7B,807189,remove_1000-2000,Twitter,Phee,Phee,false,1
Qwen/Qwen2.5-Omni-7B,807189,remove_2000-4000,Twitter,Tsik,Tsik,false,1
Qwen/Qwen2.5-Omni-7B,807189,remove_4000-6000,Twitter,Tsik,Tsik,false,1
Qwen/Qwen2.5-Omni-7B,807189,remove_6000-8000,Twitter,Phee,Phee,false,1
Qwen/Qwen2.5-Omni-7B,811393,lp_0-1000,Twitter,Phee,Phee,false,1
Qwen/Qwen2.5-Omni-7B,811393,lp_0-2000,Twitter,Phee,Phee,false,1
Qwen/Qwen2.5-Omni-7B,811393,lp_0-4000,Twitter,Phee,Phee,false,1
Qwen/Qwen2.5-Omni-7B,811393,lp_0-6000,Twitter,Seep,Seep,false,1
Qwen/Qwen2.5-Omni-7B,811393,lp_0-8000,Twitter,Phee,Phee,false,1
Qwen/Qwen2.5-Omni-7B,811393,remove_0-1000,Twitter,Phee,Phee,false,1
Qwen/Qwen2.5-Omni-7B,811393,remove_1000-2000,Twitter,Phee,Phee,false,1
Qwen/Qwen2.5-Omni-7B,811393,remove_2000-4000,Twitter,Phee,Phee,false,1
Qwen/Qwen2.5-Omni-7B,811393,remove_4000-6000,Twitter,Phee,Phee,false,1
Qwen/Qwen2.5-Omni-7B,811393,remove_6000-8000,Twitter,Phee,Phee,false,1
Qwen/Qwen2.5-Omni-7B,8116,lp_0-1000,Twitter,Phee,Phee,false,1
Qwen/Qwen2.5-Omni-7B,8116,lp_0-2000,Twitter,Phee,Phee,false,1
Qwen/Qwen2.5-Omni-7B,8116,lp_0-4000,Twitter,Phee,Phee,false,1
Qwen/Qwen2.5-Omni-7B,8116,lp_0-6000,Twitter,Phee,Phee,false,1
Qwen/Qwen2.5-Omni-7B,8116,lp_0-8000,Twitter,Twitter,Twitter,true,1
Qwen/Qwen2.5-Omni-7B,8116,remove_0-1000,Twitter,Tsik,Tsik,false,1
Qwen/Qwen2.5-Omni-7B,8116,remove_1000-2000,Twitter,Tsik,Tsik,false,1
Qwen/Qwen2.5-Omni-7B,8116,remove_2000-4000,Twitter,Tsik,Tsik,false,1
Qwen/Qwen2.5-Omni-7B,8116,remove_4000-6000,Twitter,Twitter,Twitter,true,1
Qwen/Qwen2.5-Omni-7B,8116,remove_6000-8000,Twitter,Phee,Phee,false,1
Qwen/Qwen2.5-Omni-7B,820757,lp_0-1000,Twitter,Phee,Phee,false,1
Qwen/Qwen2.5-Omni-7B,820757,lp_0-2000,Twitter,Phee,Phee,false,1
Qwen/Qwen2.5-Omni-7B,820757,lp_0-4000,Twitter,Phee,Phee,false,1
Qwen/Qwen2.5-Omni-7B,820757,lp_0-6000,Twitter,Seep,Seep,false,1
Qwen/Qwen2.5-Omni-7B,820757,lp_0-8000,Twitter,Tsik,Tsik,false,1
Qwen/Qwen2.5-Omni-7B,820757,remove_0-1000,Twitter,Tsik,Tsik,false,1
Qwen/Qwen2.5-Omni-7B,820757,remove_1000-2000,Twitter,Tsik,Tsik,false,1
Qwen/Qwen2.5-Omni-7B,820757,remove_2000-4000,Twitter,Tsik,Tsik,false,1
Qwen/Qwen2.5-Omni-7B,820757,remove_4000-6000,Twitter,Tsik,Tsik,false,1
Qwen/Qwen2.5-Omni-7B,820757,remove_6000-8000,Twitter,Phee,Phee,false,1
Qwen/Qwen2.5-Omni-7B,826133,lp_0-1000,Twitter,Phee,Phee,false,1
Qwen/Qwen2.5-Omni-7B,826133,lp_0-2000,Twitter,Phee,Phee,false,1
Qwen/Qwen2.5-Omni-7B,826133,lp_0-4000,Twitter,Phee,Phee,false,1
Qwen/Qwen2.5-Omni-7B,826133,lp_0-6000,Twitter,Phee,Phee,false,1
Qwen/Qwen2.5-Omni-7B,826133,lp_0-8000,Twitter,Tsik,Tsik,false,1
Qwen/Qwen2.5-Omni-7B,826133,remove_0-1000,Twitter,Tsik,Tsik,false,1
Qwen/Qwen2.5-Omni-7B,826133,remove_1000-2000,Twitter,Tsik,Tsik,false,1
Qwen/Qwen2.5-Omni-7B,826133,remove_2000-4000,Twitter,Tsik,Tsik,false,1
Qwen/Qwen2.5-Omni-7B,826133,remove_4000-6000,Twitter,Tsik,Tsik,false,1
Qwen/Qwen2.5-Omni-7B,826133,remove_6000-8000,Twitter,Phee,Phee,false,1
Qwen/Qwen2.5-Omni-7B,836799,lp_0-1000,Twitter,Phee,Phee,false,1
Qwen/Qwen2.5-Omni-7B,836799,lp_0-2000,Twitter,Phee,Phee,false,1
Qwen/Qwen2.5-Omni-7B,836799,lp_0-4000,Twitter,Phee,Phee,false,1
Qwen/Qwen2.5-Omni-7B,836799,lp_0-6000,Twitter,Phee,Phee,false,1
Qwen/Qwen2.5-Omni-7B,836799,lp_0-8000,Twitter,Seep,Seep,false,1
Qwen/Qwen2.5-Omni-7B,836799,remove_0-1000,Twitter,Tsik,Tsik,false,1
Qwen/Qwen2.5-Omni-7B,836799,remove_1000-2000,Twitter,Seep,Seep,false,1
Qwen/Qwen2.5-Omni-7B,836799,remove_2000-4000,Twitter,Tsik,Tsik,false,1
Qwen/Qwen2.5-Omni-7B,836799,remove_4000-6000,Twitter,Twitter,Twitter,true,1
Qwen/Qwen2.5-Omni-7B,836799,remove_6000-8000,Twitter,Phee,Phee,false,1
Qwen/Qwen2.5-Omni-7B,844274,lp_0-1000,Twitter,Seep,Seep,false,1
Qwen/Qwen2.5-Omni-7B,844274,lp_0-2000,Twitter,Seep,Seep,false,1
Qwen/Qwen2.5-Omni-7B,844274,lp_0-4000,Twitter,Seep,Seep,false,1
Qwen/Qwen2.5-Omni-7B,844274,lp_0-6000,Twitter,Seep,Seep,false,1
Qwen/Qwen2.5-Omni-7B,844274,lp_0-8000,Twitter,Tsik,Tsik,false,1
Qwen/Qwen2.5-Omni-7B,844274,remove_0-1000,Twitter,Tsik,Tsik,false,1
Qwen/Qwen2.5-Omni-7B,844274,remove_1000-2000,Twitter,Phee,Phee,false,1
Qwen/Qwen2.5-Omni-7B,844274,remove_2000-4000,Twitter,Seep,Seep,false,1
Qwen/Qwen2.5-Omni-7B,844274,remove_4000-6000,Twitter,Tsik,Tsik,false,1
Qwen/Qwen2.5-Omni-7B,844274,remove_6000-8000,Twitter,Seep,Seep,false,1
Qwen/Qwen2.5-Omni-7B,84477,lp_0-1000,Twitter,Seep,Seep,false,1
Qwen/Qwen2.5-Omni-7B,84477,lp_0-2000,Twitter,Phee,Phee,false,1
Qwen/Qwen2.5-Omni-7B,84477,lp_0-4000,Twitter,Phee,Phee,false,1
Qwen/Qwen2.5-Omni-7B,84477,lp_0-6000,Twitter,Seep,Seep,false,1
Qwen/Qwen2.5-Omni-7B,84477,lp_0-8000,Twitter,Phee,Phee,false,1
Qwen/Qwen2.5-Omni-7B,84477,remove_0-1000,Twitter,Tsik,Tsik,false,1
Qwen/Qwen2.5-Omni-7B,84477,remove_1000-2000,Twitter,Seep,Seep,false,1
Qwen/Qwen2.5-Omni-7B,84477,remove_2000-4000,Twitter,Phee,Phee,false,1
Qwen/Qwen2.5-Omni-7B,84477,remove_4000-6000,Twitter,Phee,Phee,false,1
Qwen/Qwen2.5-Omni-7B,84477,remove_6000-8000,Twitter,Phee,Phee,false,1
Qwen/Qwen2.5-Omni-7B,851385,lp_0-1000,Twitter,Phee,Phee,false,1
Qwen/Qwen2.5-Omni-7B,851385,lp_0-2000,Twitter,Phee,Phee,false,1
Qwen/Qwen2.5-Omni-7B,851385,lp_0-4000,Twitter,Phee,Phee,false,1
Qwen/Qwen2.5-Omni-7B,851385,lp_0-6000,Twitter,Phee,Phee,false,1
Qwen/Qwen2.5-Omni-7B,851385,lp_0-8000,Twitter,Phee,Phee,false,1
Qwen/Qwen2.5-Omni-7B,851385,remove_0-1000,Twitter,Tsik,Tsik,false,1
Qwen/Qwen2.5-Omni-7B,851385,remove_1000-2000,Twitter,Tsik,Tsik,false,1
Qwen/Qwen2.5-Omni-7B,851385,remove_2000-4000,Twitter,Tsik,Tsik,false,1
Qwen/Qwen2.5-Omni-7B,851385,remove_4000-6000,Twitter,Tsik,Tsik,false,1
Qwen/Qwen2.5-Omni-7B,851385,remove_6000-8000,Twitter,Phee,Phee,false,1
Qwen/Qwen2.5-Omni-7B,861853,lp_0-1000,Twitter,Phee,Phee,false,1
Qwen/Qwen2.5-Omni-7B,861853,lp_0-2000,Twitter,Phee,Phee,false,1
Qwen/Qwen2.5-Omni-7B,861853,lp_0-4000,Twitter,Phee,Phee,false,1
Qwen/Qwen2.5-Omni-7B,861853,lp_0-6000,Twitter,Phee,Phee,false,1
Qwen/Qwen2.5-Omni-7B,861853,lp_0-8000,Twitter,Seep,Seep,false,1
Qwen/Qwen2.5-Omni-7B,861853,remove_0-1000,Twitter,Twitter,Twitter,true,1
Qwen/Qwen2.5-Omni-7B,861853,remove_1000-2000,Twitter,Twitter,Twitter,true,1
Qwen/Qwen2.5-Omni-7B,861853,remove_2000-4000,Twitter,Twitter,Twitter,true,1
Qwen/Qwen2.5-Omni-7B,861853,remove_4000-6000,Twitter,Twitter,Twitter,true,1
Qwen/Qwen2.5-Omni-7B,861853,remove_6000-8000,Twitter,Phee,Phee,false,1
Qwen/Qwen2.5-Omni-7B,866525,lp_0-1000,Twitter,Phee,Phee,false,1
Qwen/Qwen2.5-Omni-7B,866525,lp_0-2000,Twitter,Phee,Phee,false,1
Qwen/Qwen2.5-Omni-7B,866525,lp_0-4000,Twitter,Phee,Phee,false,1
Qwen/Qwen2.5-Omni-7B,866525,lp_0-6000,Twitter,Phee,Phee,false,1
Qwen/Qwen2.5-Omni-7B,866525,lp_0-8000,Twitter,Phee,Phee,false,1
Qwen/Qwen2.5-Omni-7B,866525,remove_0-1000,Twitter,Twitter,Twitter,true,1
Qwen/Qwen2.5-Omni-7B,866525,remove_1000-2000,Twitter,Phee,Phee,false,1
Qwen/Qwen2.5-Omni-7B,866525,remove_2000-4000,Twitter,Phee,Phee,false,1
Qwen/Qwen2.5-Omni-7B,866525,remove_4000-6000,Twitter,Twitter,Twitter,true,1
Qwen/Qwen2.5-Omni-7B,866525,remove_6000-8000,Twitter,Seep,Seep,false,1
Qwen/Qwen2.5-Omni-7B,866533,lp_0-1000,Twitter,Seep,Seep,false,1
Qwen/Qwen2.5-Omni-7B,866533,lp_0-2000,Twitter,Seep,Seep,false,1
Qwen/Qwen2.5-Omni-7B,866533,lp_0-4000,Twitter,Seep,Seep,false,1
Qwen/Qwen2.5-Omni-7B,866533,lp_0-6000,Twitter,Tsik,Tsik,false,1
Qwen/Qwen2.5-Omni-7B,866533,lp_0-8000,Twitter,Seep,Seep,false,1
Qwen/Qwen2.5-Omni-7B,866533,remove_0-1000,Twitter,Tsik,Tsik,false,1
Qwen/Qwen2.5-Omni-7B,866533,remove_1000-2000,Twitter,Seep,Seep,false,1
Qwen/Qwen2.5-Omni-7B,866533,remove_2000-4000,Twitter,Seep,Seep,false,1
Qwen/Qwen2.5-Omni-7B,866533,remove_4000-6000,Twitter,Seep,Seep,false,1
Qwen/Qwen2.5-Omni-7B,866533,remove_6000-8000,Twitter,Seep,Seep,false,1
Qwen/Qwen2.5-Omni-7B,866838,lp_0-1000,Twitter,Phee,Phee,false,1
Qwen/Qwen2.5-Omni-7B,866838,lp_0-2000,Twitter,Phee,Phee,false,1
Qwen/Qwen2.5-Omni-7B,866838,lp_0-4000,Twitter,Phee,Phee,false,1
Qwen/Qwen2.5-Omni-7B,866838,lp_0-6000,Twitter,Seep,Seep,false,1
Qwen/Qwen2.5-Omni-7B,866838,lp_0-8000,Twitter,Seep,Seep,false,1
Qwen/Qwen2.5-Omni-7B,866838,remove_0-1000,Twitter,Tsik,Tsik,false,1
Qwen/Qwen2.5-Omni-7B,866838,remove_1000-2000,Twitter,Seep,Seep,false,1
Qwen/Qwen2.5-Omni-7B,866838,remove_2000-4000,Twitter,Phee,Phee,false,1
Qwen/Qwen2.5-Omni-7B,866838,remove_4000-6000,Twitter,Seep,Seep,false,1
Qwen/Qwen2.5-Omni-7B,866838,remove_6000-8000,Twitter,Seep,Seep,false,1
