event_id,target,target_output,support_k_per_class,support_k_total,method,readout,raw_prediction,candidate_scores_json,prediction,correct
31471,Tsik,B,0,0,audio_icl_candidate,candidate,,"[{""candidate"":""D"",""token_ids"":[35],""token_count"":1,""sequence_logprob"":-1.17349112033844,""mean_token_logprob"":-1.17349112033844,""token_logprobs"":[-1.17349112033844]},{""candidate"":""E"",""token_ids"":[36],""token_count"":1,""sequence_logprob"":-1.86099112033844,""mean_token_logprob"":-1.86099112033844,""token_logprobs"":[-1.86099112033844]},{""candidate"":""F"",""token_ids"":[37],""token_count"":1,""sequence_logprob"":-5.73599100112915,""mean_token_logprob"":-5.73599100112915,""token_logprobs"":[-5.73599100112915]},{""candidate"":""A"",""token_ids"":[32],""token_count"":1,""sequence_logprob"":-1.36099112033844,""mean_token_logprob"":-1.36099112033844,""token_logprobs"":[-1.36099112033844]},{""candidate"":""B"",""token_ids"":[33],""token_count"":1,""sequence_logprob"":-1.67349112033844,""mean_token_logprob"":-1.67349112033844,""token_logprobs"":[-1.67349112033844]},{""candidate"":""C"",""token_ids"":[34],""token_count"":1,""sequence_logprob"":-2.7984910011291504,""mean_token_logprob"":-2.7984910011291504,""token_logprobs"":[-2.7984910011291504]}]",D,false
31828,Seep,F,0,0,audio_icl_candidate,candidate,,"[{""candidate"":""D"",""token_ids"":[35],""token_count"":1,""sequence_logprob"":-1.2041926383972168,""mean_token_logprob"":-1.2041926383972168,""token_logprobs"":[-1.2041926383972168]},{""candidate"":""E"",""token_ids"":[36],""token_count"":1,""sequence_logprob"":-1.8916926383972168,""mean_token_logprob"":-1.8916926383972168,""token_logprobs"":[-1.8916926383972168]},{""candidate"":""F"",""token_ids"":[37],""token_count"":1,""sequence_logprob"":-1.7666926383972168,""mean_token_logprob"":-1.7666926383972168,""token_logprobs"":[-1.7666926383972168]},{""candidate"":""A"",""token_ids"":[32],""token_count"":1,""sequence_logprob"":-1.8291926383972168,""mean_token_logprob"":-1.8291926383972168,""token_logprobs"":[-1.8291926383972168]},{""candidate"":""B"",""token_ids"":[33],""token_count"":1,""sequence_logprob"":-1.7666926383972168,""mean_token_logprob"":-1.7666926383972168,""token_logprobs"":[-1.7666926383972168]},{""candidate"":""C"",""token_ids"":[34],""token_count"":1,""sequence_logprob"":-3.766692638397217,""mean_token_logprob"":-3.766692638397217,""token_logprobs"":[-3.766692638397217]}]",D,false
34756,Phee,E,0,0,audio_icl_candidate,candidate,,"[{""candidate"":""D"",""token_ids"":[35],""token_count"":1,""sequence_logprob"":-1.2897545099258423,""mean_token_logprob"":-1.2897545099258423,""token_logprobs"":[-1.2897545099258423]},{""candidate"":""E"",""token_ids"":[36],""token_count"":1,""sequence_logprob"":-1.8522545099258423,""mean_token_logprob"":-1.8522545099258423,""token_logprobs"":[-1.8522545099258423]},{""candidate"":""F"",""token_ids"":[37],""token_count"":1,""sequence_logprob"":-1.8522545099258423,""mean_token_logprob"":-1.8522545099258423,""token_logprobs"":[-1.8522545099258423]},{""candidate"":""A"",""token_ids"":[32],""token_count"":1,""sequence_logprob"":-1.7272545099258423,""mean_token_logprob"":-1.7272545099258423,""token_logprobs"":[-1.7272545099258423]},{""candidate"":""B"",""token_ids"":[33],""token_count"":1,""sequence_logprob"":-1.7897545099258423,""mean_token_logprob"":-1.7897545099258423,""token_logprobs"":[-1.7897545099258423]},{""candidate"":""C"",""token_ids"":[34],""token_count"":1,""sequence_logprob"":-4.227254390716553,""mean_token_logprob"":-4.227254390716553,""token_logprobs"":[-4.227254390716553]}]",D,false
36485,Phee,E,0,0,audio_icl_candidate,candidate,,"[{""candidate"":""D"",""token_ids"":[35],""token_count"":1,""sequence_logprob"":-1.1073248386383057,""mean_token_logprob"":-1.1073248386383057,""token_logprobs"":[-1.1073248386383057]},{""candidate"":""E"",""token_ids"":[36],""token_count"":1,""sequence_logprob"":-1.8573248386383057,""mean_token_logprob"":-1.8573248386383057,""token_logprobs"":[-1.8573248386383057]},{""candidate"":""F"",""token_ids"":[37],""token_count"":1,""sequence_logprob"":-2.6698248386383057,""mean_token_logprob"":-2.6698248386383057,""token_logprobs"":[-2.6698248386383057]},{""candidate"":""A"",""token_ids"":[32],""token_count"":1,""sequence_logprob"":-1.7948248386383057,""mean_token_logprob"":-1.7948248386383057,""token_logprobs"":[-1.7948248386383057]},{""candidate"":""B"",""token_ids"":[33],""token_count"":1,""sequence_logprob"":-1.7948248386383057,""mean_token_logprob"":-1.7948248386383057,""token_logprobs"":[-1.7948248386383057]},{""candidate"":""C"",""token_ids"":[34],""token_count"":1,""sequence_logprob"":-2.3573248386383057,""mean_token_logprob"":-2.3573248386383057,""token_logprobs"":[-2.3573248386383057]}]",D,false
36522,Twitter,C,0,0,audio_icl_candidate,candidate,,"[{""candidate"":""D"",""token_ids"":[35],""token_count"":1,""sequence_logprob"":-0.904872477054596,""mean_token_logprob"":-0.904872477054596,""token_logprobs"":[-0.904872477054596]},{""candidate"":""E"",""token_ids"":[36],""token_count"":1,""sequence_logprob"":-2.092372417449951,""mean_token_logprob"":-2.092372417449951,""token_logprobs"":[-2.092372417449951]},{""candidate"":""F"",""token_ids"":[37],""token_count"":1,""sequence_logprob"":-2.154872417449951,""mean_token_logprob"":-2.154872417449951,""token_logprobs"":[-2.154872417449951]},{""candidate"":""A"",""token_ids"":[32],""token_count"":1,""sequence_logprob"":-1.7798724174499512,""mean_token_logprob"":-1.7798724174499512,""token_logprobs"":[-1.7798724174499512]},{""candidate"":""B"",""token_ids"":[33],""token_count"":1,""sequence_logprob"":-1.9673724174499512,""mean_token_logprob"":-1.9673724174499512,""token_logprobs"":[-1.9673724174499512]},{""candidate"":""C"",""token_ids"":[34],""token_count"":1,""sequence_logprob"":-3.342372417449951,""mean_token_logprob"":-3.342372417449951,""token_logprobs"":[-3.342372417449951]}]",D,false
405841,Infant Cry,D,0,0,audio_icl_candidate,candidate,,"[{""candidate"":""D"",""token_ids"":[35],""token_count"":1,""sequence_logprob"":-1.2592483758926392,""mean_token_logprob"":-1.2592483758926392,""token_logprobs"":[-1.2592483758926392]},{""candidate"":""E"",""token_ids"":[36],""token_count"":1,""sequence_logprob"":-1.3842483758926392,""mean_token_logprob"":-1.3842483758926392,""token_logprobs"":[-1.3842483758926392]},{""candidate"":""F"",""token_ids"":[37],""token_count"":1,""sequence_logprob"":-4.00924825668335,""mean_token_logprob"":-4.00924825668335,""token_logprobs"":[-4.00924825668335]},{""candidate"":""A"",""token_ids"":[32],""token_count"":1,""sequence_logprob"":-1.6342483758926392,""mean_token_logprob"":-1.6342483758926392,""token_logprobs"":[-1.6342483758926392]},{""candidate"":""B"",""token_ids"":[33],""token_count"":1,""sequence_logprob"":-1.6967483758926392,""mean_token_logprob"":-1.6967483758926392,""token_logprobs"":[-1.6967483758926392]},{""candidate"":""C"",""token_ids"":[34],""token_count"":1,""sequence_logprob"":-3.0717482566833496,""mean_token_logprob"":-3.0717482566833496,""token_logprobs"":[-3.0717482566833496]}]",D,true
408631,Phee,E,0,0,audio_icl_candidate,candidate,,"[{""candidate"":""D"",""token_ids"":[35],""token_count"":1,""sequence_logprob"":-1.1988228559494019,""mean_token_logprob"":-1.1988228559494019,""token_logprobs"":[-1.1988228559494019]},{""candidate"":""E"",""token_ids"":[36],""token_count"":1,""sequence_logprob"":-2.0113229751586914,""mean_token_logprob"":-2.0113229751586914,""token_logprobs"":[-2.0113229751586914]},{""candidate"":""F"",""token_ids"":[37],""token_count"":1,""sequence_logprob"":-2.5113229751586914,""mean_token_logprob"":-2.5113229751586914,""token_logprobs"":[-2.5113229751586914]},{""candidate"":""A"",""token_ids"":[32],""token_count"":1,""sequence_logprob"":-1.7613228559494019,""mean_token_logprob"":-1.7613228559494019,""token_logprobs"":[-1.7613228559494019]},{""candidate"":""B"",""token_ids"":[33],""token_count"":1,""sequence_logprob"":-1.8863228559494019,""mean_token_logprob"":-1.8863228559494019,""token_logprobs"":[-1.8863228559494019]},{""candidate"":""C"",""token_ids"":[34],""token_count"":1,""sequence_logprob"":-1.9488228559494019,""mean_token_logprob"":-1.9488228559494019,""token_logprobs"":[-1.9488228559494019]}]",D,false
50919,Tsik,B,0,0,audio_icl_candidate,candidate,,"[{""candidate"":""D"",""token_ids"":[35],""token_count"":1,""sequence_logprob"":-1.082949161529541,""mean_token_logprob"":-1.082949161529541,""token_logprobs"":[-1.082949161529541]},{""candidate"":""E"",""token_ids"":[36],""token_count"":1,""sequence_logprob"":-1.707949161529541,""mean_token_logprob"":-1.707949161529541,""token_logprobs"":[-1.707949161529541]},{""candidate"":""F"",""token_ids"":[37],""token_count"":1,""sequence_logprob"":-2.645449161529541,""mean_token_logprob"":-2.645449161529541,""token_logprobs"":[-2.645449161529541]},{""candidate"":""A"",""token_ids"":[32],""token_count"":1,""sequence_logprob"":-1.832949161529541,""mean_token_logprob"":-1.832949161529541,""token_logprobs"":[-1.832949161529541]},{""candidate"":""B"",""token_ids"":[33],""token_count"":1,""sequence_logprob"":-1.832949161529541,""mean_token_logprob"":-1.832949161529541,""token_logprobs"":[-1.832949161529541]},{""candidate"":""C"",""token_ids"":[34],""token_count"":1,""sequence_logprob"":-2.582949161529541,""mean_token_logprob"":-2.582949161529541,""token_logprobs"":[-2.582949161529541]}]",D,false
51436,Trill,A,0,0,audio_icl_candidate,candidate,,"[{""candidate"":""D"",""token_ids"":[35],""token_count"":1,""sequence_logprob"":-1.2406989336013794,""mean_token_logprob"":-1.2406989336013794,""token_logprobs"":[-1.2406989336013794]},{""candidate"":""E"",""token_ids"":[36],""token_count"":1,""sequence_logprob"":-1.7406989336013794,""mean_token_logprob"":-1.7406989336013794,""token_logprobs"":[-1.7406989336013794]},{""candidate"":""F"",""token_ids"":[37],""token_count"":1,""sequence_logprob"":-2.24069881439209,""mean_token_logprob"":-2.24069881439209,""token_logprobs"":[-2.24069881439209]},{""candidate"":""A"",""token_ids"":[32],""token_count"":1,""sequence_logprob"":-1.8031989336013794,""mean_token_logprob"":-1.8031989336013794,""token_logprobs"":[-1.8031989336013794]},{""candidate"":""B"",""token_ids"":[33],""token_count"":1,""sequence_logprob"":-1.6156989336013794,""mean_token_logprob"":-1.6156989336013794,""token_logprobs"":[-1.6156989336013794]},{""candidate"":""C"",""token_ids"":[34],""token_count"":1,""sequence_logprob"":-3.30319881439209,""mean_token_logprob"":-3.30319881439209,""token_logprobs"":[-3.30319881439209]}]",D,false
517703,Trill,A,0,0,audio_icl_candidate,candidate,,"[{""candidate"":""D"",""token_ids"":[35],""token_count"":1,""sequence_logprob"":-1.3619035482406616,""mean_token_logprob"":-1.3619035482406616,""token_logprobs"":[-1.3619035482406616]},{""candidate"":""E"",""token_ids"":[36],""token_count"":1,""sequence_logprob"":-1.7369035482406616,""mean_token_logprob"":-1.7369035482406616,""token_logprobs"":[-1.7369035482406616]},{""candidate"":""F"",""token_ids"":[37],""token_count"":1,""sequence_logprob"":-2.424403667449951,""mean_token_logprob"":-2.424403667449951,""token_logprobs"":[-2.424403667449951]},{""candidate"":""A"",""token_ids"":[32],""token_count"":1,""sequence_logprob"":-1.7994035482406616,""mean_token_logprob"":-1.7994035482406616,""token_logprobs"":[-1.7994035482406616]},{""candidate"":""B"",""token_ids"":[33],""token_count"":1,""sequence_logprob"":-1.4244035482406616,""mean_token_logprob"":-1.4244035482406616,""token_logprobs"":[-1.4244035482406616]},{""candidate"":""C"",""token_ids"":[34],""token_count"":1,""sequence_logprob"":-3.299403667449951,""mean_token_logprob"":-3.299403667449951,""token_logprobs"":[-3.299403667449951]}]",D,false
518079,Phee,E,0,0,audio_icl_candidate,candidate,,"[{""candidate"":""D"",""token_ids"":[35],""token_count"":1,""sequence_logprob"":-1.4315532445907593,""mean_token_logprob"":-1.4315532445907593,""token_logprobs"":[-1.4315532445907593]},{""candidate"":""E"",""token_ids"":[36],""token_count"":1,""sequence_logprob"":-1.9940532445907593,""mean_token_logprob"":-1.9940532445907593,""token_logprobs"":[-1.9940532445907593]},{""candidate"":""F"",""token_ids"":[37],""token_count"":1,""sequence_logprob"":-1.5565532445907593,""mean_token_logprob"":-1.5565532445907593,""token_logprobs"":[-1.5565532445907593]},{""candidate"":""A"",""token_ids"":[32],""token_count"":1,""sequence_logprob"":-1.8065532445907593,""mean_token_logprob"":-1.8065532445907593,""token_logprobs"":[-1.8065532445907593]},{""candidate"":""B"",""token_ids"":[33],""token_count"":1,""sequence_logprob"":-1.8690532445907593,""mean_token_logprob"":-1.8690532445907593,""token_logprobs"":[-1.8690532445907593]},{""candidate"":""C"",""token_ids"":[34],""token_count"":1,""sequence_logprob"":-2.494053363800049,""mean_token_logprob"":-2.494053363800049,""token_logprobs"":[-2.494053363800049]}]",D,false
521545,Phee,E,0,0,audio_icl_candidate,candidate,,"[{""candidate"":""D"",""token_ids"":[35],""token_count"":1,""sequence_logprob"":-1.1722095012664795,""mean_token_logprob"":-1.1722095012664795,""token_logprobs"":[-1.1722095012664795]},{""candidate"":""E"",""token_ids"":[36],""token_count"":1,""sequence_logprob"":-1.8597095012664795,""mean_token_logprob"":-1.8597095012664795,""token_logprobs"":[-1.8597095012664795]},{""candidate"":""F"",""token_ids"":[37],""token_count"":1,""sequence_logprob"":-1.9847095012664795,""mean_token_logprob"":-1.9847095012664795,""token_logprobs"":[-1.9847095012664795]},{""candidate"":""A"",""token_ids"":[32],""token_count"":1,""sequence_logprob"":-1.8597095012664795,""mean_token_logprob"":-1.8597095012664795,""token_logprobs"":[-1.8597095012664795]},{""candidate"":""B"",""token_ids"":[33],""token_count"":1,""sequence_logprob"":-1.9847095012664795,""mean_token_logprob"":-1.9847095012664795,""token_logprobs"":[-1.9847095012664795]},{""candidate"":""C"",""token_ids"":[34],""token_count"":1,""sequence_logprob"":-2.3597095012664795,""mean_token_logprob"":-2.3597095012664795,""token_logprobs"":[-2.3597095012664795]}]",D,false
52861,Trill,A,0,0,audio_icl_candidate,candidate,,"[{""candidate"":""D"",""token_ids"":[35],""token_count"":1,""sequence_logprob"":-1.1917222738265991,""mean_token_logprob"":-1.1917222738265991,""token_logprobs"":[-1.1917222738265991]},{""candidate"":""E"",""token_ids"":[36],""token_count"":1,""sequence_logprob"":-1.8792222738265991,""mean_token_logprob"":-1.8792222738265991,""token_logprobs"":[-1.8792222738265991]},{""candidate"":""F"",""token_ids"":[37],""token_count"":1,""sequence_logprob"":-2.1292223930358887,""mean_token_logprob"":-2.1292223930358887,""token_logprobs"":[-2.1292223930358887]},{""candidate"":""A"",""token_ids"":[32],""token_count"":1,""sequence_logprob"":-1.7542222738265991,""mean_token_logprob"":-1.7542222738265991,""token_logprobs"":[-1.7542222738265991]},{""candidate"":""B"",""token_ids"":[33],""token_count"":1,""sequence_logprob"":-1.6292222738265991,""mean_token_logprob"":-1.6292222738265991,""token_logprobs"":[-1.6292222738265991]},{""candidate"":""C"",""token_ids"":[34],""token_count"":1,""sequence_logprob"":-3.3167223930358887,""mean_token_logprob"":-3.3167223930358887,""token_logprobs"":[-3.3167223930358887]}]",D,false
533988,Seep,F,0,0,audio_icl_candidate,candidate,,"[{""candidate"":""D"",""token_ids"":[35],""token_count"":1,""sequence_logprob"":-1.3482743501663208,""mean_token_logprob"":-1.3482743501663208,""token_logprobs"":[-1.3482743501663208]},{""candidate"":""E"",""token_ids"":[36],""token_count"":1,""sequence_logprob"":-1.9107743501663208,""mean_token_logprob"":-1.9107743501663208,""token_logprobs"":[-1.9107743501663208]},{""candidate"":""F"",""token_ids"":[37],""token_count"":1,""sequence_logprob"":-1.5982743501663208,""mean_token_logprob"":-1.5982743501663208,""token_logprobs"":[-1.5982743501663208]},{""candidate"":""A"",""token_ids"":[32],""token_count"":1,""sequence_logprob"":-1.7857743501663208,""mean_token_logprob"":-1.7857743501663208,""token_logprobs"":[-1.7857743501663208]},{""candidate"":""B"",""token_ids"":[33],""token_count"":1,""sequence_logprob"":-1.8482743501663208,""mean_token_logprob"":-1.8482743501663208,""token_logprobs"":[-1.8482743501663208]},{""candidate"":""C"",""token_ids"":[34],""token_count"":1,""sequence_logprob"":-2.9107742309570312,""mean_token_logprob"":-2.9107742309570312,""token_logprobs"":[-2.9107742309570312]}]",D,false
54180,Phee,E,0,0,audio_icl_candidate,candidate,,"[{""candidate"":""D"",""token_ids"":[35],""token_count"":1,""sequence_logprob"":-1.158042073249817,""mean_token_logprob"":-1.158042073249817,""token_logprobs"":[-1.158042073249817]},{""candidate"":""E"",""token_ids"":[36],""token_count"":1,""sequence_logprob"":-1.845542073249817,""mean_token_logprob"":-1.845542073249817,""token_logprobs"":[-1.845542073249817]},{""candidate"":""F"",""token_ids"":[37],""token_count"":1,""sequence_logprob"":-2.9705419540405273,""mean_token_logprob"":-2.9705419540405273,""token_logprobs"":[-2.9705419540405273]},{""candidate"":""A"",""token_ids"":[32],""token_count"":1,""sequence_logprob"":-1.783042073249817,""mean_token_logprob"":-1.783042073249817,""token_logprobs"":[-1.783042073249817]},{""candidate"":""B"",""token_ids"":[33],""token_count"":1,""sequence_logprob"":-1.595542073249817,""mean_token_logprob"":-1.595542073249817,""token_logprobs"":[-1.595542073249817]},{""candidate"":""C"",""token_ids"":[34],""token_count"":1,""sequence_logprob"":-2.5330419540405273,""mean_token_logprob"":-2.5330419540405273,""token_logprobs"":[-2.5330419540405273]}]",D,false
547929,Twitter,C,0,0,audio_icl_candidate,candidate,,"[{""candidate"":""D"",""token_ids"":[35],""token_count"":1,""sequence_logprob"":-1.1146974563598633,""mean_token_logprob"":-1.1146974563598633,""token_logprobs"":[-1.1146974563598633]},{""candidate"":""E"",""token_ids"":[36],""token_count"":1,""sequence_logprob"":-1.7396974563598633,""mean_token_logprob"":-1.7396974563598633,""token_logprobs"":[-1.7396974563598633]},{""candidate"":""F"",""token_ids"":[37],""token_count"":1,""sequence_logprob"":-2.7396974563598633,""mean_token_logprob"":-2.7396974563598633,""token_logprobs"":[-2.7396974563598633]},{""candidate"":""A"",""token_ids"":[32],""token_count"":1,""sequence_logprob"":-1.6771974563598633,""mean_token_logprob"":-1.6771974563598633,""token_logprobs"":[-1.6771974563598633]},{""candidate"":""B"",""token_ids"":[33],""token_count"":1,""sequence_logprob"":-1.7396974563598633,""mean_token_logprob"":-1.7396974563598633,""token_logprobs"":[-1.7396974563598633]},{""candidate"":""C"",""token_ids"":[34],""token_count"":1,""sequence_logprob"":-3.2396974563598633,""mean_token_logprob"":-3.2396974563598633,""token_logprobs"":[-3.2396974563598633]}]",D,false
547992,Phee,E,0,0,audio_icl_candidate,candidate,,"[{""candidate"":""D"",""token_ids"":[35],""token_count"":1,""sequence_logprob"":-1.280070185661316,""mean_token_logprob"":-1.280070185661316,""token_logprobs"":[-1.280070185661316]},{""candidate"":""E"",""token_ids"":[36],""token_count"":1,""sequence_logprob"":-1.655070185661316,""mean_token_logprob"":-1.655070185661316,""token_logprobs"":[-1.655070185661316]},{""candidate"":""F"",""token_ids"":[37],""token_count"":1,""sequence_logprob"":-4.2175703048706055,""mean_token_logprob"":-4.2175703048706055,""token_logprobs"":[-4.2175703048706055]},{""candidate"":""A"",""token_ids"":[32],""token_count"":1,""sequence_logprob"":-1.530070185661316,""mean_token_logprob"":-1.530070185661316,""token_logprobs"":[-1.530070185661316]},{""candidate"":""B"",""token_ids"":[33],""token_count"":1,""sequence_logprob"":-1.780070185661316,""mean_token_logprob"":-1.780070185661316,""token_logprobs"":[-1.780070185661316]},{""candidate"":""C"",""token_ids"":[34],""token_count"":1,""sequence_logprob"":-2.3425703048706055,""mean_token_logprob"":-2.3425703048706055,""token_logprobs"":[-2.3425703048706055]}]",D,false
548798,Trill,A,0,0,audio_icl_candidate,candidate,,"[{""candidate"":""D"",""token_ids"":[35],""token_count"":1,""sequence_logprob"":-1.025952696800232,""mean_token_logprob"":-1.025952696800232,""token_logprobs"":[-1.025952696800232]},{""candidate"":""E"",""token_ids"":[36],""token_count"":1,""sequence_logprob"":-1.838452696800232,""mean_token_logprob"":-1.838452696800232,""token_logprobs"":[-1.838452696800232]},{""candidate"":""F"",""token_ids"":[37],""token_count"":1,""sequence_logprob"":-2.3384528160095215,""mean_token_logprob"":-2.3384528160095215,""token_logprobs"":[-2.3384528160095215]},{""candidate"":""A"",""token_ids"":[32],""token_count"":1,""sequence_logprob"":-1.838452696800232,""mean_token_logprob"":-1.838452696800232,""token_logprobs"":[-1.838452696800232]},{""candidate"":""B"",""token_ids"":[33],""token_count"":1,""sequence_logprob"":-1.775952696800232,""mean_token_logprob"":-1.775952696800232,""token_logprobs"":[-1.775952696800232]},{""candidate"":""C"",""token_ids"":[34],""token_count"":1,""sequence_logprob"":-3.3384528160095215,""mean_token_logprob"":-3.3384528160095215,""token_logprobs"":[-3.3384528160095215]}]",D,false
56195,Trill,A,0,0,audio_icl_candidate,candidate,,"[{""candidate"":""D"",""token_ids"":[35],""token_count"":1,""sequence_logprob"":-1.2470225095748901,""mean_token_logprob"":-1.2470225095748901,""token_logprobs"":[-1.2470225095748901]},{""candidate"":""E"",""token_ids"":[36],""token_count"":1,""sequence_logprob"":-1.8720225095748901,""mean_token_logprob"":-1.8720225095748901,""token_logprobs"":[-1.8720225095748901]},{""candidate"":""F"",""token_ids"":[37],""token_count"":1,""sequence_logprob"":-1.9345225095748901,""mean_token_logprob"":-1.9345225095748901,""token_logprobs"":[-1.9345225095748901]},{""candidate"":""A"",""token_ids"":[32],""token_count"":1,""sequence_logprob"":-1.7470225095748901,""mean_token_logprob"":-1.7470225095748901,""token_logprobs"":[-1.7470225095748901]},{""candidate"":""B"",""token_ids"":[33],""token_count"":1,""sequence_logprob"":-1.7470225095748901,""mean_token_logprob"":-1.7470225095748901,""token_logprobs"":[-1.7470225095748901]},{""candidate"":""C"",""token_ids"":[34],""token_count"":1,""sequence_logprob"":-3.3095226287841797,""mean_token_logprob"":-3.3095226287841797,""token_logprobs"":[-3.3095226287841797]}]",D,false
580149,Trill,A,0,0,audio_icl_candidate,candidate,,"[{""candidate"":""D"",""token_ids"":[35],""token_count"":1,""sequence_logprob"":-0.9429803490638733,""mean_token_logprob"":-0.9429803490638733,""token_logprobs"":[-0.9429803490638733]},{""candidate"":""E"",""token_ids"":[36],""token_count"":1,""sequence_logprob"":-1.6929802894592285,""mean_token_logprob"":-1.6929802894592285,""token_logprobs"":[-1.6929802894592285]},{""candidate"":""F"",""token_ids"":[37],""token_count"":1,""sequence_logprob"":-3.6304802894592285,""mean_token_logprob"":-3.6304802894592285,""token_logprobs"":[-3.6304802894592285]},{""candidate"":""A"",""token_ids"":[32],""token_count"":1,""sequence_logprob"":-1.6929802894592285,""mean_token_logprob"":-1.6929802894592285,""token_logprobs"":[-1.6929802894592285]},{""candidate"":""B"",""token_ids"":[33],""token_count"":1,""sequence_logprob"":-1.8804802894592285,""mean_token_logprob"":-1.8804802894592285,""token_logprobs"":[-1.8804802894592285]},{""candidate"":""C"",""token_ids"":[34],""token_count"":1,""sequence_logprob"":-4.6304802894592285,""mean_token_logprob"":-4.6304802894592285,""token_logprobs"":[-4.6304802894592285]}]",D,false
580352,Phee,E,0,0,audio_icl_candidate,candidate,,"[{""candidate"":""D"",""token_ids"":[35],""token_count"":1,""sequence_logprob"":-1.0334919691085815,""mean_token_logprob"":-1.0334919691085815,""token_logprobs"":[-1.0334919691085815]},{""candidate"":""E"",""token_ids"":[36],""token_count"":1,""sequence_logprob"":-1.7209919691085815,""mean_token_logprob"":-1.7209919691085815,""token_logprobs"":[-1.7209919691085815]},{""candidate"":""F"",""token_ids"":[37],""token_count"":1,""sequence_logprob"":-2.783492088317871,""mean_token_logprob"":-2.783492088317871,""token_logprobs"":[-2.783492088317871]},{""candidate"":""A"",""token_ids"":[32],""token_count"":1,""sequence_logprob"":-1.7209919691085815,""mean_token_logprob"":-1.7209919691085815,""token_logprobs"":[-1.7209919691085815]},{""candidate"":""B"",""token_ids"":[33],""token_count"":1,""sequence_logprob"":-1.9084919691085815,""mean_token_logprob"":-1.9084919691085815,""token_logprobs"":[-1.9084919691085815]},{""candidate"":""C"",""token_ids"":[34],""token_count"":1,""sequence_logprob"":-4.220992088317871,""mean_token_logprob"":-4.220992088317871,""token_logprobs"":[-4.220992088317871]}]",D,false
590590,Phee,E,0,0,audio_icl_candidate,candidate,,"[{""candidate"":""D"",""token_ids"":[35],""token_count"":1,""sequence_logprob"":-1.153770089149475,""mean_token_logprob"":-1.153770089149475,""token_logprobs"":[-1.153770089149475]},{""candidate"":""E"",""token_ids"":[36],""token_count"":1,""sequence_logprob"":-1.903770089149475,""mean_token_logprob"":-1.903770089149475,""token_logprobs"":[-1.903770089149475]},{""candidate"":""F"",""token_ids"":[37],""token_count"":1,""sequence_logprob"":-2.5912699699401855,""mean_token_logprob"":-2.5912699699401855,""token_logprobs"":[-2.5912699699401855]},{""candidate"":""A"",""token_ids"":[32],""token_count"":1,""sequence_logprob"":-1.841270089149475,""mean_token_logprob"":-1.841270089149475,""token_logprobs"":[-1.841270089149475]},{""candidate"":""B"",""token_ids"":[33],""token_count"":1,""sequence_logprob"":-1.778770089149475,""mean_token_logprob"":-1.778770089149475,""token_logprobs"":[-1.778770089149475]},{""candidate"":""C"",""token_ids"":[34],""token_count"":1,""sequence_logprob"":-2.1537699699401855,""mean_token_logprob"":-2.1537699699401855,""token_logprobs"":[-2.1537699699401855]}]",D,false
592253,Trill,A,0,0,audio_icl_candidate,candidate,,"[{""candidate"":""D"",""token_ids"":[35],""token_count"":1,""sequence_logprob"":-1.1698377132415771,""mean_token_logprob"":-1.1698377132415771,""token_logprobs"":[-1.1698377132415771]},{""candidate"":""E"",""token_ids"":[36],""token_count"":1,""sequence_logprob"":-1.8573377132415771,""mean_token_logprob"":-1.8573377132415771,""token_logprobs"":[-1.8573377132415771]},{""candidate"":""F"",""token_ids"":[37],""token_count"":1,""sequence_logprob"":-2.107337713241577,""mean_token_logprob"":-2.107337713241577,""token_logprobs"":[-2.107337713241577]},{""candidate"":""A"",""token_ids"":[32],""token_count"":1,""sequence_logprob"":-1.7948377132415771,""mean_token_logprob"":-1.7948377132415771,""token_logprobs"":[-1.7948377132415771]},{""candidate"":""B"",""token_ids"":[33],""token_count"":1,""sequence_logprob"":-1.6698377132415771,""mean_token_logprob"":-1.6698377132415771,""token_logprobs"":[-1.6698377132415771]},{""candidate"":""C"",""token_ids"":[34],""token_count"":1,""sequence_logprob"":-3.419837713241577,""mean_token_logprob"":-3.419837713241577,""token_logprobs"":[-3.419837713241577]}]",D,false
592286,Twitter,C,0,0,audio_icl_candidate,candidate,,"[{""candidate"":""D"",""token_ids"":[35],""token_count"":1,""sequence_logprob"":-1.0277800559997559,""mean_token_logprob"":-1.0277800559997559,""token_logprobs"":[-1.0277800559997559]},{""candidate"":""E"",""token_ids"":[36],""token_count"":1,""sequence_logprob"":-2.152780055999756,""mean_token_logprob"":-2.152780055999756,""token_logprobs"":[-2.152780055999756]},{""candidate"":""F"",""token_ids"":[37],""token_count"":1,""sequence_logprob"":-1.5902800559997559,""mean_token_logprob"":-1.5902800559997559,""token_logprobs"":[-1.5902800559997559]},{""candidate"":""A"",""token_ids"":[32],""token_count"":1,""sequence_logprob"":-1.8402800559997559,""mean_token_logprob"":-1.8402800559997559,""token_logprobs"":[-1.8402800559997559]},{""candidate"":""B"",""token_ids"":[33],""token_count"":1,""sequence_logprob"":-2.152780055999756,""mean_token_logprob"":-2.152780055999756,""token_logprobs"":[-2.152780055999756]},{""candidate"":""C"",""token_ids"":[34],""token_count"":1,""sequence_logprob"":-3.652780055999756,""mean_token_logprob"":-3.652780055999756,""token_logprobs"":[-3.652780055999756]}]",D,false
595018,Trill,A,0,0,audio_icl_candidate,candidate,,"[{""candidate"":""D"",""token_ids"":[35],""token_count"":1,""sequence_logprob"":-1.0927443504333496,""mean_token_logprob"":-1.0927443504333496,""token_logprobs"":[-1.0927443504333496]},{""candidate"":""E"",""token_ids"":[36],""token_count"":1,""sequence_logprob"":-1.8427443504333496,""mean_token_logprob"":-1.8427443504333496,""token_logprobs"":[-1.8427443504333496]},{""candidate"":""F"",""token_ids"":[37],""token_count"":1,""sequence_logprob"":-2.0927443504333496,""mean_token_logprob"":-2.0927443504333496,""token_logprobs"":[-2.0927443504333496]},{""candidate"":""A"",""token_ids"":[32],""token_count"":1,""sequence_logprob"":-1.8427443504333496,""mean_token_logprob"":-1.8427443504333496,""token_logprobs"":[-1.8427443504333496]},{""candidate"":""B"",""token_ids"":[33],""token_count"":1,""sequence_logprob"":-1.7802443504333496,""mean_token_logprob"":-1.7802443504333496,""token_logprobs"":[-1.7802443504333496]},{""candidate"":""C"",""token_ids"":[34],""token_count"":1,""sequence_logprob"":-3.2802443504333496,""mean_token_logprob"":-3.2802443504333496,""token_logprobs"":[-3.2802443504333496]}]",D,false
598116,Twitter,C,0,0,audio_icl_candidate,candidate,,"[{""candidate"":""D"",""token_ids"":[35],""token_count"":1,""sequence_logprob"":-1.1031275987625122,""mean_token_logprob"":-1.1031275987625122,""token_logprobs"":[-1.1031275987625122]},{""candidate"":""E"",""token_ids"":[36],""token_count"":1,""sequence_logprob"":-1.7281275987625122,""mean_token_logprob"":-1.7281275987625122,""token_logprobs"":[-1.7281275987625122]},{""candidate"":""F"",""token_ids"":[37],""token_count"":1,""sequence_logprob"":-5.384377479553223,""mean_token_logprob"":-5.384377479553223,""token_logprobs"":[-5.384377479553223]},{""candidate"":""A"",""token_ids"":[32],""token_count"":1,""sequence_logprob"":-1.6031275987625122,""mean_token_logprob"":-1.6031275987625122,""token_logprobs"":[-1.6031275987625122]},{""candidate"":""B"",""token_ids"":[33],""token_count"":1,""sequence_logprob"":-1.7906275987625122,""mean_token_logprob"":-1.7906275987625122,""token_logprobs"":[-1.7906275987625122]},{""candidate"":""C"",""token_ids"":[34],""token_count"":1,""sequence_logprob"":-2.8531274795532227,""mean_token_logprob"":-2.8531274795532227,""token_logprobs"":[-2.8531274795532227]}]",D,false
598781,Twitter,C,0,0,audio_icl_candidate,candidate,,"[{""candidate"":""D"",""token_ids"":[35],""token_count"":1,""sequence_logprob"":-0.9600299596786499,""mean_token_logprob"":-0.9600299596786499,""token_logprobs"":[-0.9600299596786499]},{""candidate"":""E"",""token_ids"":[36],""token_count"":1,""sequence_logprob"":-1.83502995967865,""mean_token_logprob"":-1.83502995967865,""token_logprobs"":[-1.83502995967865]},{""candidate"":""F"",""token_ids"":[37],""token_count"":1,""sequence_logprob"":-4.4600300788879395,""mean_token_logprob"":-4.4600300788879395,""token_logprobs"":[-4.4600300788879395]},{""candidate"":""A"",""token_ids"":[32],""token_count"":1,""sequence_logprob"":-1.71002995967865,""mean_token_logprob"":-1.71002995967865,""token_logprobs"":[-1.71002995967865]},{""candidate"":""B"",""token_ids"":[33],""token_count"":1,""sequence_logprob"":-1.71002995967865,""mean_token_logprob"":-1.71002995967865,""token_logprobs"":[-1.71002995967865]},{""candidate"":""C"",""token_ids"":[34],""token_count"":1,""sequence_logprob"":-3.2100300788879395,""mean_token_logprob"":-3.2100300788879395,""token_logprobs"":[-3.2100300788879395]}]",D,false
609454,Infant Cry,D,0,0,audio_icl_candidate,candidate,,"[{""candidate"":""D"",""token_ids"":[35],""token_count"":1,""sequence_logprob"":-1.3230969905853271,""mean_token_logprob"":-1.3230969905853271,""token_logprobs"":[-1.3230969905853271]},{""candidate"":""E"",""token_ids"":[36],""token_count"":1,""sequence_logprob"":-1.4480969905853271,""mean_token_logprob"":-1.4480969905853271,""token_logprobs"":[-1.4480969905853271]},{""candidate"":""F"",""token_ids"":[37],""token_count"":1,""sequence_logprob"":-4.323097229003906,""mean_token_logprob"":-4.323097229003906,""token_logprobs"":[-4.323097229003906]},{""candidate"":""A"",""token_ids"":[32],""token_count"":1,""sequence_logprob"":-1.6980969905853271,""mean_token_logprob"":-1.6980969905853271,""token_logprobs"":[-1.6980969905853271]},{""candidate"":""B"",""token_ids"":[33],""token_count"":1,""sequence_logprob"":-1.5105969905853271,""mean_token_logprob"":-1.5105969905853271,""token_logprobs"":[-1.5105969905853271]},{""candidate"":""C"",""token_ids"":[34],""token_count"":1,""sequence_logprob"":-2.885596990585327,""mean_token_logprob"":-2.885596990585327,""token_logprobs"":[-2.885596990585327]}]",D,true
610080,Tsik,B,0,0,audio_icl_candidate,candidate,,"[{""candidate"":""D"",""token_ids"":[35],""token_count"":1,""sequence_logprob"":-1.1148732900619507,""mean_token_logprob"":-1.1148732900619507,""token_logprobs"":[-1.1148732900619507]},{""candidate"":""E"",""token_ids"":[36],""token_count"":1,""sequence_logprob"":-1.6148732900619507,""mean_token_logprob"":-1.6148732900619507,""token_logprobs"":[-1.6148732900619507]},{""candidate"":""F"",""token_ids"":[37],""token_count"":1,""sequence_logprob"":-5.92737340927124,""mean_token_logprob"":-5.92737340927124,""token_logprobs"":[-5.92737340927124]},{""candidate"":""A"",""token_ids"":[32],""token_count"":1,""sequence_logprob"":-1.6773732900619507,""mean_token_logprob"":-1.6773732900619507,""token_logprobs"":[-1.6773732900619507]},{""candidate"":""B"",""token_ids"":[33],""token_count"":1,""sequence_logprob"":-1.6773732900619507,""mean_token_logprob"":-1.6773732900619507,""token_logprobs"":[-1.6773732900619507]},{""candidate"":""C"",""token_ids"":[34],""token_count"":1,""sequence_logprob"":-2.8023734092712402,""mean_token_logprob"":-2.8023734092712402,""token_logprobs"":[-2.8023734092712402]}]",D,false
614582,Tsik,B,0,0,audio_icl_candidate,candidate,,"[{""candidate"":""D"",""token_ids"":[35],""token_count"":1,""sequence_logprob"":-1.045389175415039,""mean_token_logprob"":-1.045389175415039,""token_logprobs"":[-1.045389175415039]},{""candidate"":""E"",""token_ids"":[36],""token_count"":1,""sequence_logprob"":-1.732889175415039,""mean_token_logprob"":-1.732889175415039,""token_logprobs"":[-1.732889175415039]},{""candidate"":""F"",""token_ids"":[37],""token_count"":1,""sequence_logprob"":-4.857889175415039,""mean_token_logprob"":-4.857889175415039,""token_logprobs"":[-4.857889175415039]},{""candidate"":""A"",""token_ids"":[32],""token_count"":1,""sequence_logprob"":-1.545389175415039,""mean_token_logprob"":-1.545389175415039,""token_logprobs"":[-1.545389175415039]},{""candidate"":""B"",""token_ids"":[33],""token_count"":1,""sequence_logprob"":-1.732889175415039,""mean_token_logprob"":-1.732889175415039,""token_logprobs"":[-1.732889175415039]},{""candidate"":""C"",""token_ids"":[34],""token_count"":1,""sequence_logprob"":-3.107889175415039,""mean_token_logprob"":-3.107889175415039,""token_logprobs"":[-3.107889175415039]}]",D,false
614794,Tsik,B,0,0,audio_icl_candidate,candidate,,"[{""candidate"":""D"",""token_ids"":[35],""token_count"":1,""sequence_logprob"":-0.992845892906189,""mean_token_logprob"":-0.992845892906189,""token_logprobs"":[-0.992845892906189]},{""candidate"":""E"",""token_ids"":[36],""token_count"":1,""sequence_logprob"":-1.742845892906189,""mean_token_logprob"":-1.742845892906189,""token_logprobs"":[-1.742845892906189]},{""candidate"":""F"",""token_ids"":[37],""token_count"":1,""sequence_logprob"":-5.6178460121154785,""mean_token_logprob"":-5.6178460121154785,""token_logprobs"":[-5.6178460121154785]},{""candidate"":""A"",""token_ids"":[32],""token_count"":1,""sequence_logprob"":-1.617845892906189,""mean_token_logprob"":-1.617845892906189,""token_logprobs"":[-1.617845892906189]},{""candidate"":""B"",""token_ids"":[33],""token_count"":1,""sequence_logprob"":-1.742845892906189,""mean_token_logprob"":-1.742845892906189,""token_logprobs"":[-1.742845892906189]},{""candidate"":""C"",""token_ids"":[34],""token_count"":1,""sequence_logprob"":-3.0553460121154785,""mean_token_logprob"":-3.0553460121154785,""token_logprobs"":[-3.0553460121154785]}]",D,false
622260,Twitter,C,0,0,audio_icl_candidate,candidate,,"[{""candidate"":""D"",""token_ids"":[35],""token_count"":1,""sequence_logprob"":-1.065563678741455,""mean_token_logprob"":-1.065563678741455,""token_logprobs"":[-1.065563678741455]},{""candidate"":""E"",""token_ids"":[36],""token_count"":1,""sequence_logprob"":-1.690563678741455,""mean_token_logprob"":-1.690563678741455,""token_logprobs"":[-1.690563678741455]},{""candidate"":""F"",""token_ids"":[37],""token_count"":1,""sequence_logprob"":-5.253063678741455,""mean_token_logprob"":-5.253063678741455,""token_logprobs"":[-5.253063678741455]},{""candidate"":""A"",""token_ids"":[32],""token_count"":1,""sequence_logprob"":-1.690563678741455,""mean_token_logprob"":-1.690563678741455,""token_logprobs"":[-1.690563678741455]},{""candidate"":""B"",""token_ids"":[33],""token_count"":1,""sequence_logprob"":-1.503063678741455,""mean_token_logprob"":-1.503063678741455,""token_logprobs"":[-1.503063678741455]},{""candidate"":""C"",""token_ids"":[34],""token_count"":1,""sequence_logprob"":-3.628063678741455,""mean_token_logprob"":-3.628063678741455,""token_logprobs"":[-3.628063678741455]}]",D,false
622312,Tsik,B,0,0,audio_icl_candidate,candidate,,"[{""candidate"":""D"",""token_ids"":[35],""token_count"":1,""sequence_logprob"":-1.0981872081756592,""mean_token_logprob"":-1.0981872081756592,""token_logprobs"":[-1.0981872081756592]},{""candidate"":""E"",""token_ids"":[36],""token_count"":1,""sequence_logprob"":-1.7231872081756592,""mean_token_logprob"":-1.7231872081756592,""token_logprobs"":[-1.7231872081756592]},{""candidate"":""F"",""token_ids"":[37],""token_count"":1,""sequence_logprob"":-2.285687208175659,""mean_token_logprob"":-2.285687208175659,""token_logprobs"":[-2.285687208175659]},{""candidate"":""A"",""token_ids"":[32],""token_count"":1,""sequence_logprob"":-1.7856872081756592,""mean_token_logprob"":-1.7856872081756592,""token_logprobs"":[-1.7856872081756592]},{""candidate"":""B"",""token_ids"":[33],""token_count"":1,""sequence_logprob"":-1.7856872081756592,""mean_token_logprob"":-1.7856872081756592,""token_logprobs"":[-1.7856872081756592]},{""candidate"":""C"",""token_ids"":[34],""token_count"":1,""sequence_logprob"":-3.348187208175659,""mean_token_logprob"":-3.348187208175659,""token_logprobs"":[-3.348187208175659]}]",D,false
622320,Trill,A,0,0,audio_icl_candidate,candidate,,"[{""candidate"":""D"",""token_ids"":[35],""token_count"":1,""sequence_logprob"":-1.04021155834198,""mean_token_logprob"":-1.04021155834198,""token_logprobs"":[-1.04021155834198]},{""candidate"":""E"",""token_ids"":[36],""token_count"":1,""sequence_logprob"":-1.66521155834198,""mean_token_logprob"":-1.66521155834198,""token_logprobs"":[-1.66521155834198]},{""candidate"":""F"",""token_ids"":[37],""token_count"":1,""sequence_logprob"":-3.2902116775512695,""mean_token_logprob"":-3.2902116775512695,""token_logprobs"":[-3.2902116775512695]},{""candidate"":""A"",""token_ids"":[32],""token_count"":1,""sequence_logprob"":-1.72771155834198,""mean_token_logprob"":-1.72771155834198,""token_logprobs"":[-1.72771155834198]},{""candidate"":""B"",""token_ids"":[33],""token_count"":1,""sequence_logprob"":-1.66521155834198,""mean_token_logprob"":-1.66521155834198,""token_logprobs"":[-1.66521155834198]},{""candidate"":""C"",""token_ids"":[34],""token_count"":1,""sequence_logprob"":-3.6027116775512695,""mean_token_logprob"":-3.6027116775512695,""token_logprobs"":[-3.6027116775512695]}]",D,false
622417,Seep,F,0,0,audio_icl_candidate,candidate,,"[{""candidate"":""D"",""token_ids"":[35],""token_count"":1,""sequence_logprob"":-1.2575428485870361,""mean_token_logprob"":-1.2575428485870361,""token_logprobs"":[-1.2575428485870361]},{""candidate"":""E"",""token_ids"":[36],""token_count"":1,""sequence_logprob"":-1.8200428485870361,""mean_token_logprob"":-1.8200428485870361,""token_logprobs"":[-1.8200428485870361]},{""candidate"":""F"",""token_ids"":[37],""token_count"":1,""sequence_logprob"":-1.6325428485870361,""mean_token_logprob"":-1.6325428485870361,""token_logprobs"":[-1.6325428485870361]},{""candidate"":""A"",""token_ids"":[32],""token_count"":1,""sequence_logprob"":-1.7575428485870361,""mean_token_logprob"":-1.7575428485870361,""token_logprobs"":[-1.7575428485870361]},{""candidate"":""B"",""token_ids"":[33],""token_count"":1,""sequence_logprob"":-1.8825428485870361,""mean_token_logprob"":-1.8825428485870361,""token_logprobs"":[-1.8825428485870361]},{""candidate"":""C"",""token_ids"":[34],""token_count"":1,""sequence_logprob"":-4.132542610168457,""mean_token_logprob"":-4.132542610168457,""token_logprobs"":[-4.132542610168457]}]",D,false
622758,Twitter,C,0,0,audio_icl_candidate,candidate,,"[{""candidate"":""D"",""token_ids"":[35],""token_count"":1,""sequence_logprob"":-0.9816616773605347,""mean_token_logprob"":-0.9816616773605347,""token_logprobs"":[-0.9816616773605347]},{""candidate"":""E"",""token_ids"":[36],""token_count"":1,""sequence_logprob"":-1.8566616773605347,""mean_token_logprob"":-1.8566616773605347,""token_logprobs"":[-1.8566616773605347]},{""candidate"":""F"",""token_ids"":[37],""token_count"":1,""sequence_logprob"":-3.544161796569824,""mean_token_logprob"":-3.544161796569824,""token_logprobs"":[-3.544161796569824]},{""candidate"":""A"",""token_ids"":[32],""token_count"":1,""sequence_logprob"":-1.6691616773605347,""mean_token_logprob"":-1.6691616773605347,""token_logprobs"":[-1.6691616773605347]},{""candidate"":""B"",""token_ids"":[33],""token_count"":1,""sequence_logprob"":-1.7316616773605347,""mean_token_logprob"":-1.7316616773605347,""token_logprobs"":[-1.7316616773605347]},{""candidate"":""C"",""token_ids"":[34],""token_count"":1,""sequence_logprob"":-4.231661796569824,""mean_token_logprob"":-4.231661796569824,""token_logprobs"":[-4.231661796569824]}]",D,false
623382,Seep,F,0,0,audio_icl_candidate,candidate,,"[{""candidate"":""D"",""token_ids"":[35],""token_count"":1,""sequence_logprob"":-1.2870806455612183,""mean_token_logprob"":-1.2870806455612183,""token_logprobs"":[-1.2870806455612183]},{""candidate"":""E"",""token_ids"":[36],""token_count"":1,""sequence_logprob"":-1.7870806455612183,""mean_token_logprob"":-1.7870806455612183,""token_logprobs"":[-1.7870806455612183]},{""candidate"":""F"",""token_ids"":[37],""token_count"":1,""sequence_logprob"":-1.7245806455612183,""mean_token_logprob"":-1.7245806455612183,""token_logprobs"":[-1.7245806455612183]},{""candidate"":""A"",""token_ids"":[32],""token_count"":1,""sequence_logprob"":-1.5995806455612183,""mean_token_logprob"":-1.5995806455612183,""token_logprobs"":[-1.5995806455612183]},{""candidate"":""B"",""token_ids"":[33],""token_count"":1,""sequence_logprob"":-1.9745806455612183,""mean_token_logprob"":-1.9745806455612183,""token_logprobs"":[-1.9745806455612183]},{""candidate"":""C"",""token_ids"":[34],""token_count"":1,""sequence_logprob"":-4.162080764770508,""mean_token_logprob"":-4.162080764770508,""token_logprobs"":[-4.162080764770508]}]",D,false
623573,Twitter,C,0,0,audio_icl_candidate,candidate,,"[{""candidate"":""D"",""token_ids"":[35],""token_count"":1,""sequence_logprob"":-1.1808772087097168,""mean_token_logprob"":-1.1808772087097168,""token_logprobs"":[-1.1808772087097168]},{""candidate"":""E"",""token_ids"":[36],""token_count"":1,""sequence_logprob"":-1.9308772087097168,""mean_token_logprob"":-1.9308772087097168,""token_logprobs"":[-1.9308772087097168]},{""candidate"":""F"",""token_ids"":[37],""token_count"":1,""sequence_logprob"":-1.8683772087097168,""mean_token_logprob"":-1.8683772087097168,""token_logprobs"":[-1.8683772087097168]},{""candidate"":""A"",""token_ids"":[32],""token_count"":1,""sequence_logprob"":-1.8058772087097168,""mean_token_logprob"":-1.8058772087097168,""token_logprobs"":[-1.8058772087097168]},{""candidate"":""B"",""token_ids"":[33],""token_count"":1,""sequence_logprob"":-1.7433772087097168,""mean_token_logprob"":-1.7433772087097168,""token_logprobs"":[-1.7433772087097168]},{""candidate"":""C"",""token_ids"":[34],""token_count"":1,""sequence_logprob"":-4.368377208709717,""mean_token_logprob"":-4.368377208709717,""token_logprobs"":[-4.368377208709717]}]",D,false
623621,Seep,F,0,0,audio_icl_candidate,candidate,,"[{""candidate"":""D"",""token_ids"":[35],""token_count"":1,""sequence_logprob"":-1.1292873620986938,""mean_token_logprob"":-1.1292873620986938,""token_logprobs"":[-1.1292873620986938]},{""candidate"":""E"",""token_ids"":[36],""token_count"":1,""sequence_logprob"":-1.9417873620986938,""mean_token_logprob"":-1.9417873620986938,""token_logprobs"":[-1.9417873620986938]},{""candidate"":""F"",""token_ids"":[37],""token_count"":1,""sequence_logprob"":-1.7542873620986938,""mean_token_logprob"":-1.7542873620986938,""token_logprobs"":[-1.7542873620986938]},{""candidate"":""A"",""token_ids"":[32],""token_count"":1,""sequence_logprob"":-1.8167873620986938,""mean_token_logprob"":-1.8167873620986938,""token_logprobs"":[-1.8167873620986938]},{""candidate"":""B"",""token_ids"":[33],""token_count"":1,""sequence_logprob"":-1.8792873620986938,""mean_token_logprob"":-1.8792873620986938,""token_logprobs"":[-1.8792873620986938]},{""candidate"":""C"",""token_ids"":[34],""token_count"":1,""sequence_logprob"":-3.5667872428894043,""mean_token_logprob"":-3.5667872428894043,""token_logprobs"":[-3.5667872428894043]}]",D,false
623676,Infant Cry,D,0,0,audio_icl_candidate,candidate,,"[{""candidate"":""D"",""token_ids"":[35],""token_count"":1,""sequence_logprob"":-1.3006662130355835,""mean_token_logprob"":-1.3006662130355835,""token_logprobs"":[-1.3006662130355835]},{""candidate"":""E"",""token_ids"":[36],""token_count"":1,""sequence_logprob"":-1.3631662130355835,""mean_token_logprob"":-1.3631662130355835,""token_logprobs"":[-1.3631662130355835]},{""candidate"":""F"",""token_ids"":[37],""token_count"":1,""sequence_logprob"":-4.800666332244873,""mean_token_logprob"":-4.800666332244873,""token_logprobs"":[-4.800666332244873]},{""candidate"":""A"",""token_ids"":[32],""token_count"":1,""sequence_logprob"":-1.6131662130355835,""mean_token_logprob"":-1.6131662130355835,""token_logprobs"":[-1.6131662130355835]},{""candidate"":""B"",""token_ids"":[33],""token_count"":1,""sequence_logprob"":-1.6131662130355835,""mean_token_logprob"":-1.6131662130355835,""token_logprobs"":[-1.6131662130355835]},{""candidate"":""C"",""token_ids"":[34],""token_count"":1,""sequence_logprob"":-3.238166332244873,""mean_token_logprob"":-3.238166332244873,""token_logprobs"":[-3.238166332244873]}]",D,true
623691,Infant Cry,D,0,0,audio_icl_candidate,candidate,,"[{""candidate"":""D"",""token_ids"":[35],""token_count"":1,""sequence_logprob"":-1.3301037549972534,""mean_token_logprob"":-1.3301037549972534,""token_logprobs"":[-1.3301037549972534]},{""candidate"":""E"",""token_ids"":[36],""token_count"":1,""sequence_logprob"":-1.4551037549972534,""mean_token_logprob"":-1.4551037549972534,""token_logprobs"":[-1.4551037549972534]},{""candidate"":""F"",""token_ids"":[37],""token_count"":1,""sequence_logprob"":-4.142603874206543,""mean_token_logprob"":-4.142603874206543,""token_logprobs"":[-4.142603874206543]},{""candidate"":""A"",""token_ids"":[32],""token_count"":1,""sequence_logprob"":-1.6426037549972534,""mean_token_logprob"":-1.6426037549972534,""token_logprobs"":[-1.6426037549972534]},{""candidate"":""B"",""token_ids"":[33],""token_count"":1,""sequence_logprob"":-1.5801037549972534,""mean_token_logprob"":-1.5801037549972534,""token_logprobs"":[-1.5801037549972534]},{""candidate"":""C"",""token_ids"":[34],""token_count"":1,""sequence_logprob"":-2.767603874206543,""mean_token_logprob"":-2.767603874206543,""token_logprobs"":[-2.767603874206543]}]",D,true
623713,Seep,F,0,0,audio_icl_candidate,candidate,,"[{""candidate"":""D"",""token_ids"":[35],""token_count"":1,""sequence_logprob"":-1.1357645988464355,""mean_token_logprob"":-1.1357645988464355,""token_logprobs"":[-1.1357645988464355]},{""candidate"":""E"",""token_ids"":[36],""token_count"":1,""sequence_logprob"":-1.9482645988464355,""mean_token_logprob"":-1.9482645988464355,""token_logprobs"":[-1.9482645988464355]},{""candidate"":""F"",""token_ids"":[37],""token_count"":1,""sequence_logprob"":-1.6982645988464355,""mean_token_logprob"":-1.6982645988464355,""token_logprobs"":[-1.6982645988464355]},{""candidate"":""A"",""token_ids"":[32],""token_count"":1,""sequence_logprob"":-1.7607645988464355,""mean_token_logprob"":-1.7607645988464355,""token_logprobs"":[-1.7607645988464355]},{""candidate"":""B"",""token_ids"":[33],""token_count"":1,""sequence_logprob"":-1.9482645988464355,""mean_token_logprob"":-1.9482645988464355,""token_logprobs"":[-1.9482645988464355]},{""candidate"":""C"",""token_ids"":[34],""token_count"":1,""sequence_logprob"":-3.7607645988464355,""mean_token_logprob"":-3.7607645988464355,""token_logprobs"":[-3.7607645988464355]}]",D,false
623831,Tsik,B,0,0,audio_icl_candidate,candidate,,"[{""candidate"":""D"",""token_ids"":[35],""token_count"":1,""sequence_logprob"":-1.1575746536254883,""mean_token_logprob"":-1.1575746536254883,""token_logprobs"":[-1.1575746536254883]},{""candidate"":""E"",""token_ids"":[36],""token_count"":1,""sequence_logprob"":-1.6575746536254883,""mean_token_logprob"":-1.6575746536254883,""token_logprobs"":[-1.6575746536254883]},{""candidate"":""F"",""token_ids"":[37],""token_count"":1,""sequence_logprob"":-4.970074653625488,""mean_token_logprob"":-4.970074653625488,""token_logprobs"":[-4.970074653625488]},{""candidate"":""A"",""token_ids"":[32],""token_count"":1,""sequence_logprob"":-1.5950746536254883,""mean_token_logprob"":-1.5950746536254883,""token_logprobs"":[-1.5950746536254883]},{""candidate"":""B"",""token_ids"":[33],""token_count"":1,""sequence_logprob"":-1.5950746536254883,""mean_token_logprob"":-1.5950746536254883,""token_logprobs"":[-1.5950746536254883]},{""candidate"":""C"",""token_ids"":[34],""token_count"":1,""sequence_logprob"":-2.9700746536254883,""mean_token_logprob"":-2.9700746536254883,""token_logprobs"":[-2.9700746536254883]}]",D,false
624179,Twitter,C,0,0,audio_icl_candidate,candidate,,"[{""candidate"":""D"",""token_ids"":[35],""token_count"":1,""sequence_logprob"":-0.8752570748329163,""mean_token_logprob"":-0.8752570748329163,""token_logprobs"":[-0.8752570748329163]},{""candidate"":""E"",""token_ids"":[36],""token_count"":1,""sequence_logprob"":-1.8127570152282715,""mean_token_logprob"":-1.8127570152282715,""token_logprobs"":[-1.8127570152282715]},{""candidate"":""F"",""token_ids"":[37],""token_count"":1,""sequence_logprob"":-2.8752570152282715,""mean_token_logprob"":-2.8752570152282715,""token_logprobs"":[-2.8752570152282715]},{""candidate"":""A"",""token_ids"":[32],""token_count"":1,""sequence_logprob"":-1.7502570152282715,""mean_token_logprob"":-1.7502570152282715,""token_logprobs"":[-1.7502570152282715]},{""candidate"":""B"",""token_ids"":[33],""token_count"":1,""sequence_logprob"":-2.0002570152282715,""mean_token_logprob"":-2.0002570152282715,""token_logprobs"":[-2.0002570152282715]},{""candidate"":""C"",""token_ids"":[34],""token_count"":1,""sequence_logprob"":-4.9377570152282715,""mean_token_logprob"":-4.9377570152282715,""token_logprobs"":[-4.9377570152282715]}]",D,false
624712,Trill,A,0,0,audio_icl_candidate,candidate,,"[{""candidate"":""D"",""token_ids"":[35],""token_count"":1,""sequence_logprob"":-1.0565980672836304,""mean_token_logprob"":-1.0565980672836304,""token_logprobs"":[-1.0565980672836304]},{""candidate"":""E"",""token_ids"":[36],""token_count"":1,""sequence_logprob"":-1.8065980672836304,""mean_token_logprob"":-1.8065980672836304,""token_logprobs"":[-1.8065980672836304]},{""candidate"":""F"",""token_ids"":[37],""token_count"":1,""sequence_logprob"":-2.05659818649292,""mean_token_logprob"":-2.05659818649292,""token_logprobs"":[-2.05659818649292]},{""candidate"":""A"",""token_ids"":[32],""token_count"":1,""sequence_logprob"":-1.8690980672836304,""mean_token_logprob"":-1.8690980672836304,""token_logprobs"":[-1.8690980672836304]},{""candidate"":""B"",""token_ids"":[33],""token_count"":1,""sequence_logprob"":-1.8065980672836304,""mean_token_logprob"":-1.8065980672836304,""token_logprobs"":[-1.8065980672836304]},{""candidate"":""C"",""token_ids"":[34],""token_count"":1,""sequence_logprob"":-4.18159818649292,""mean_token_logprob"":-4.18159818649292,""token_logprobs"":[-4.18159818649292]}]",D,false
625053,Twitter,C,0,0,audio_icl_candidate,candidate,,"[{""candidate"":""D"",""token_ids"":[35],""token_count"":1,""sequence_logprob"":-1.1539602279663086,""mean_token_logprob"":-1.1539602279663086,""token_logprobs"":[-1.1539602279663086]},{""candidate"":""E"",""token_ids"":[36],""token_count"":1,""sequence_logprob"":-1.8414602279663086,""mean_token_logprob"":-1.8414602279663086,""token_logprobs"":[-1.8414602279663086]},{""candidate"":""F"",""token_ids"":[37],""token_count"":1,""sequence_logprob"":-1.8414602279663086,""mean_token_logprob"":-1.8414602279663086,""token_logprobs"":[-1.8414602279663086]},{""candidate"":""A"",""token_ids"":[32],""token_count"":1,""sequence_logprob"":-1.8414602279663086,""mean_token_logprob"":-1.8414602279663086,""token_logprobs"":[-1.8414602279663086]},{""candidate"":""B"",""token_ids"":[33],""token_count"":1,""sequence_logprob"":-1.8414602279663086,""mean_token_logprob"":-1.8414602279663086,""token_logprobs"":[-1.8414602279663086]},{""candidate"":""C"",""token_ids"":[34],""token_count"":1,""sequence_logprob"":-3.1539602279663086,""mean_token_logprob"":-3.1539602279663086,""token_logprobs"":[-3.1539602279663086]}]",D,false
628729,Infant Cry,D,0,0,audio_icl_candidate,candidate,,"[{""candidate"":""D"",""token_ids"":[35],""token_count"":1,""sequence_logprob"":-1.4095383882522583,""mean_token_logprob"":-1.4095383882522583,""token_logprobs"":[-1.4095383882522583]},{""candidate"":""E"",""token_ids"":[36],""token_count"":1,""sequence_logprob"":-1.4095383882522583,""mean_token_logprob"":-1.4095383882522583,""token_logprobs"":[-1.4095383882522583]},{""candidate"":""F"",""token_ids"":[37],""token_count"":1,""sequence_logprob"":-3.6595382690429688,""mean_token_logprob"":-3.6595382690429688,""token_logprobs"":[-3.6595382690429688]},{""candidate"":""A"",""token_ids"":[32],""token_count"":1,""sequence_logprob"":-1.8470383882522583,""mean_token_logprob"":-1.8470383882522583,""token_logprobs"":[-1.8470383882522583]},{""candidate"":""B"",""token_ids"":[33],""token_count"":1,""sequence_logprob"":-1.5345383882522583,""mean_token_logprob"":-1.5345383882522583,""token_logprobs"":[-1.5345383882522583]},{""candidate"":""C"",""token_ids"":[34],""token_count"":1,""sequence_logprob"":-2.5970382690429688,""mean_token_logprob"":-2.5970382690429688,""token_logprobs"":[-2.5970382690429688]}]",D,true
631448,Trill,A,0,0,audio_icl_candidate,candidate,,"[{""candidate"":""D"",""token_ids"":[35],""token_count"":1,""sequence_logprob"":-1.1743310689926147,""mean_token_logprob"":-1.1743310689926147,""token_logprobs"":[-1.1743310689926147]},{""candidate"":""E"",""token_ids"":[36],""token_count"":1,""sequence_logprob"":-1.9243310689926147,""mean_token_logprob"":-1.9243310689926147,""token_logprobs"":[-1.9243310689926147]},{""candidate"":""F"",""token_ids"":[37],""token_count"":1,""sequence_logprob"":-2.1118311882019043,""mean_token_logprob"":-2.1118311882019043,""token_logprobs"":[-2.1118311882019043]},{""candidate"":""A"",""token_ids"":[32],""token_count"":1,""sequence_logprob"":-1.7368310689926147,""mean_token_logprob"":-1.7368310689926147,""token_logprobs"":[-1.7368310689926147]},{""candidate"":""B"",""token_ids"":[33],""token_count"":1,""sequence_logprob"":-1.7993310689926147,""mean_token_logprob"":-1.7993310689926147,""token_logprobs"":[-1.7993310689926147]},{""candidate"":""C"",""token_ids"":[34],""token_count"":1,""sequence_logprob"":-2.8618311882019043,""mean_token_logprob"":-2.8618311882019043,""token_logprobs"":[-2.8618311882019043]}]",D,false
631485,Phee,E,0,0,audio_icl_candidate,candidate,,"[{""candidate"":""D"",""token_ids"":[35],""token_count"":1,""sequence_logprob"":-1.2179369926452637,""mean_token_logprob"":-1.2179369926452637,""token_logprobs"":[-1.2179369926452637]},{""candidate"":""E"",""token_ids"":[36],""token_count"":1,""sequence_logprob"":-2.0304369926452637,""mean_token_logprob"":-2.0304369926452637,""token_logprobs"":[-2.0304369926452637]},{""candidate"":""F"",""token_ids"":[37],""token_count"":1,""sequence_logprob"":-2.4679369926452637,""mean_token_logprob"":-2.4679369926452637,""token_logprobs"":[-2.4679369926452637]},{""candidate"":""A"",""token_ids"":[32],""token_count"":1,""sequence_logprob"":-1.7179369926452637,""mean_token_logprob"":-1.7179369926452637,""token_logprobs"":[-1.7179369926452637]},{""candidate"":""B"",""token_ids"":[33],""token_count"":1,""sequence_logprob"":-1.9679369926452637,""mean_token_logprob"":-1.9679369926452637,""token_logprobs"":[-1.9679369926452637]},{""candidate"":""C"",""token_ids"":[34],""token_count"":1,""sequence_logprob"":-1.9054369926452637,""mean_token_logprob"":-1.9054369926452637,""token_logprobs"":[-1.9054369926452637]}]",D,false
631861,Infant Cry,D,0,0,audio_icl_candidate,candidate,,"[{""candidate"":""D"",""token_ids"":[35],""token_count"":1,""sequence_logprob"":-1.1189384460449219,""mean_token_logprob"":-1.1189384460449219,""token_logprobs"":[-1.1189384460449219]},{""candidate"":""E"",""token_ids"":[36],""token_count"":1,""sequence_logprob"":-1.6189384460449219,""mean_token_logprob"":-1.6189384460449219,""token_logprobs"":[-1.6189384460449219]},{""candidate"":""F"",""token_ids"":[37],""token_count"":1,""sequence_logprob"":-4.806438446044922,""mean_token_logprob"":-4.806438446044922,""token_logprobs"":[-4.806438446044922]},{""candidate"":""A"",""token_ids"":[32],""token_count"":1,""sequence_logprob"":-1.6189384460449219,""mean_token_logprob"":-1.6189384460449219,""token_logprobs"":[-1.6189384460449219]},{""candidate"":""B"",""token_ids"":[33],""token_count"":1,""sequence_logprob"":-1.6814384460449219,""mean_token_logprob"":-1.6814384460449219,""token_logprobs"":[-1.6814384460449219]},{""candidate"":""C"",""token_ids"":[34],""token_count"":1,""sequence_logprob"":-2.868938446044922,""mean_token_logprob"":-2.868938446044922,""token_logprobs"":[-2.868938446044922]}]",D,true
631947,Tsik,B,0,0,audio_icl_candidate,candidate,,"[{""candidate"":""D"",""token_ids"":[35],""token_count"":1,""sequence_logprob"":-0.9145211577415466,""mean_token_logprob"":-0.9145211577415466,""token_logprobs"":[-0.9145211577415466]},{""candidate"":""E"",""token_ids"":[36],""token_count"":1,""sequence_logprob"":-2.0395212173461914,""mean_token_logprob"":-2.0395212173461914,""token_logprobs"":[-2.0395212173461914]},{""candidate"":""F"",""token_ids"":[37],""token_count"":1,""sequence_logprob"":-4.352021217346191,""mean_token_logprob"":-4.352021217346191,""token_logprobs"":[-4.352021217346191]},{""candidate"":""A"",""token_ids"":[32],""token_count"":1,""sequence_logprob"":-1.6020212173461914,""mean_token_logprob"":-1.6020212173461914,""token_logprobs"":[-1.6020212173461914]},{""candidate"":""B"",""token_ids"":[33],""token_count"":1,""sequence_logprob"":-1.7270212173461914,""mean_token_logprob"":-1.7270212173461914,""token_logprobs"":[-1.7270212173461914]},{""candidate"":""C"",""token_ids"":[34],""token_count"":1,""sequence_logprob"":-3.1645212173461914,""mean_token_logprob"":-3.1645212173461914,""token_logprobs"":[-3.1645212173461914]}]",D,false
632037,Tsik,B,0,0,audio_icl_candidate,candidate,,"[{""candidate"":""D"",""token_ids"":[35],""token_count"":1,""sequence_logprob"":-1.0137972831726074,""mean_token_logprob"":-1.0137972831726074,""token_logprobs"":[-1.0137972831726074]},{""candidate"":""E"",""token_ids"":[36],""token_count"":1,""sequence_logprob"":-1.7012972831726074,""mean_token_logprob"":-1.7012972831726074,""token_logprobs"":[-1.7012972831726074]},{""candidate"":""F"",""token_ids"":[37],""token_count"":1,""sequence_logprob"":-5.326297283172607,""mean_token_logprob"":-5.326297283172607,""token_logprobs"":[-5.326297283172607]},{""candidate"":""A"",""token_ids"":[32],""token_count"":1,""sequence_logprob"":-1.7012972831726074,""mean_token_logprob"":-1.7012972831726074,""token_logprobs"":[-1.7012972831726074]},{""candidate"":""B"",""token_ids"":[33],""token_count"":1,""sequence_logprob"":-1.6387972831726074,""mean_token_logprob"":-1.6387972831726074,""token_logprobs"":[-1.6387972831726074]},{""candidate"":""C"",""token_ids"":[34],""token_count"":1,""sequence_logprob"":-3.2637972831726074,""mean_token_logprob"":-3.2637972831726074,""token_logprobs"":[-3.2637972831726074]}]",D,false
632300,Phee,E,0,0,audio_icl_candidate,candidate,,"[{""candidate"":""D"",""token_ids"":[35],""token_count"":1,""sequence_logprob"":-1.1435914039611816,""mean_token_logprob"":-1.1435914039611816,""token_logprobs"":[-1.1435914039611816]},{""candidate"":""E"",""token_ids"":[36],""token_count"":1,""sequence_logprob"":-1.8310914039611816,""mean_token_logprob"":-1.8310914039611816,""token_logprobs"":[-1.8310914039611816]},{""candidate"":""F"",""token_ids"":[37],""token_count"":1,""sequence_logprob"":-2.4560914039611816,""mean_token_logprob"":-2.4560914039611816,""token_logprobs"":[-2.4560914039611816]},{""candidate"":""A"",""token_ids"":[32],""token_count"":1,""sequence_logprob"":-1.7685914039611816,""mean_token_logprob"":-1.7685914039611816,""token_logprobs"":[-1.7685914039611816]},{""candidate"":""B"",""token_ids"":[33],""token_count"":1,""sequence_logprob"":-1.8935914039611816,""mean_token_logprob"":-1.8935914039611816,""token_logprobs"":[-1.8935914039611816]},{""candidate"":""C"",""token_ids"":[34],""token_count"":1,""sequence_logprob"":-2.3310914039611816,""mean_token_logprob"":-2.3310914039611816,""token_logprobs"":[-2.3310914039611816]}]",D,false
632381,Twitter,C,0,0,audio_icl_candidate,candidate,,"[{""candidate"":""D"",""token_ids"":[35],""token_count"":1,""sequence_logprob"":-1.0368666648864746,""mean_token_logprob"":-1.0368666648864746,""token_logprobs"":[-1.0368666648864746]},{""candidate"":""E"",""token_ids"":[36],""token_count"":1,""sequence_logprob"":-1.9743666648864746,""mean_token_logprob"":-1.9743666648864746,""token_logprobs"":[-1.9743666648864746]},{""candidate"":""F"",""token_ids"":[37],""token_count"":1,""sequence_logprob"":-2.5993666648864746,""mean_token_logprob"":-2.5993666648864746,""token_logprobs"":[-2.5993666648864746]},{""candidate"":""A"",""token_ids"":[32],""token_count"":1,""sequence_logprob"":-1.7868666648864746,""mean_token_logprob"":-1.7868666648864746,""token_logprobs"":[-1.7868666648864746]},{""candidate"":""B"",""token_ids"":[33],""token_count"":1,""sequence_logprob"":-1.8493666648864746,""mean_token_logprob"":-1.8493666648864746,""token_logprobs"":[-1.8493666648864746]},{""candidate"":""C"",""token_ids"":[34],""token_count"":1,""sequence_logprob"":-2.4118666648864746,""mean_token_logprob"":-2.4118666648864746,""token_logprobs"":[-2.4118666648864746]}]",D,false
632863,Phee,E,0,0,audio_icl_candidate,candidate,,"[{""candidate"":""D"",""token_ids"":[35],""token_count"":1,""sequence_logprob"":-1.1682980060577393,""mean_token_logprob"":-1.1682980060577393,""token_logprobs"":[-1.1682980060577393]},{""candidate"":""E"",""token_ids"":[36],""token_count"":1,""sequence_logprob"":-1.7307980060577393,""mean_token_logprob"":-1.7307980060577393,""token_logprobs"":[-1.7307980060577393]},{""candidate"":""F"",""token_ids"":[37],""token_count"":1,""sequence_logprob"":-2.9807980060577393,""mean_token_logprob"":-2.9807980060577393,""token_logprobs"":[-2.9807980060577393]},{""candidate"":""A"",""token_ids"":[32],""token_count"":1,""sequence_logprob"":-1.7307980060577393,""mean_token_logprob"":-1.7307980060577393,""token_logprobs"":[-1.7307980060577393]},{""candidate"":""B"",""token_ids"":[33],""token_count"":1,""sequence_logprob"":-1.7932980060577393,""mean_token_logprob"":-1.7932980060577393,""token_logprobs"":[-1.7932980060577393]},{""candidate"":""C"",""token_ids"":[34],""token_count"":1,""sequence_logprob"":-2.4182980060577393,""mean_token_logprob"":-2.4182980060577393,""token_logprobs"":[-2.4182980060577393]}]",D,false
633531,Phee,E,0,0,audio_icl_candidate,candidate,,"[{""candidate"":""D"",""token_ids"":[35],""token_count"":1,""sequence_logprob"":-1.2764112949371338,""mean_token_logprob"":-1.2764112949371338,""token_logprobs"":[-1.2764112949371338]},{""candidate"":""E"",""token_ids"":[36],""token_count"":1,""sequence_logprob"":-1.7764112949371338,""mean_token_logprob"":-1.7764112949371338,""token_logprobs"":[-1.7764112949371338]},{""candidate"":""F"",""token_ids"":[37],""token_count"":1,""sequence_logprob"":-1.9639112949371338,""mean_token_logprob"":-1.9639112949371338,""token_logprobs"":[-1.9639112949371338]},{""candidate"":""A"",""token_ids"":[32],""token_count"":1,""sequence_logprob"":-1.7139112949371338,""mean_token_logprob"":-1.7139112949371338,""token_logprobs"":[-1.7139112949371338]},{""candidate"":""B"",""token_ids"":[33],""token_count"":1,""sequence_logprob"":-1.8389112949371338,""mean_token_logprob"":-1.8389112949371338,""token_logprobs"":[-1.8389112949371338]},{""candidate"":""C"",""token_ids"":[34],""token_count"":1,""sequence_logprob"":-3.901411294937134,""mean_token_logprob"":-3.901411294937134,""token_logprobs"":[-3.901411294937134]}]",D,false
642827,Tsik,B,0,0,audio_icl_candidate,candidate,,"[{""candidate"":""D"",""token_ids"":[35],""token_count"":1,""sequence_logprob"":-1.3219447135925293,""mean_token_logprob"":-1.3219447135925293,""token_logprobs"":[-1.3219447135925293]},{""candidate"":""E"",""token_ids"":[36],""token_count"":1,""sequence_logprob"":-1.6969447135925293,""mean_token_logprob"":-1.6969447135925293,""token_logprobs"":[-1.6969447135925293]},{""candidate"":""F"",""token_ids"":[37],""token_count"":1,""sequence_logprob"":-2.2594447135925293,""mean_token_logprob"":-2.2594447135925293,""token_logprobs"":[-2.2594447135925293]},{""candidate"":""A"",""token_ids"":[32],""token_count"":1,""sequence_logprob"":-1.7594447135925293,""mean_token_logprob"":-1.7594447135925293,""token_logprobs"":[-1.7594447135925293]},{""candidate"":""B"",""token_ids"":[33],""token_count"":1,""sequence_logprob"":-1.8219447135925293,""mean_token_logprob"":-1.8219447135925293,""token_logprobs"":[-1.8219447135925293]},{""candidate"":""C"",""token_ids"":[34],""token_count"":1,""sequence_logprob"":-2.3219447135925293,""mean_token_logprob"":-2.3219447135925293,""token_logprobs"":[-2.3219447135925293]}]",D,false
647588,Phee,E,0,0,audio_icl_candidate,candidate,,"[{""candidate"":""D"",""token_ids"":[35],""token_count"":1,""sequence_logprob"":-1.0792970657348633,""mean_token_logprob"":-1.0792970657348633,""token_logprobs"":[-1.0792970657348633]},{""candidate"":""E"",""token_ids"":[36],""token_count"":1,""sequence_logprob"":-1.8292970657348633,""mean_token_logprob"":-1.8292970657348633,""token_logprobs"":[-1.8292970657348633]},{""candidate"":""F"",""token_ids"":[37],""token_count"":1,""sequence_logprob"":-4.298047065734863,""mean_token_logprob"":-4.298047065734863,""token_logprobs"":[-4.298047065734863]},{""candidate"":""A"",""token_ids"":[32],""token_count"":1,""sequence_logprob"":-1.7042970657348633,""mean_token_logprob"":-1.7042970657348633,""token_logprobs"":[-1.7042970657348633]},{""candidate"":""B"",""token_ids"":[33],""token_count"":1,""sequence_logprob"":-1.7042970657348633,""mean_token_logprob"":-1.7042970657348633,""token_logprobs"":[-1.7042970657348633]},{""candidate"":""C"",""token_ids"":[34],""token_count"":1,""sequence_logprob"":-2.6417970657348633,""mean_token_logprob"":-2.6417970657348633,""token_logprobs"":[-2.6417970657348633]}]",D,false
695230,Trill,A,0,0,audio_icl_candidate,candidate,,"[{""candidate"":""D"",""token_ids"":[35],""token_count"":1,""sequence_logprob"":-1.0981693267822266,""mean_token_logprob"":-1.0981693267822266,""token_logprobs"":[-1.0981693267822266]},{""candidate"":""E"",""token_ids"":[36],""token_count"":1,""sequence_logprob"":-1.6606693267822266,""mean_token_logprob"":-1.6606693267822266,""token_logprobs"":[-1.6606693267822266]},{""candidate"":""F"",""token_ids"":[37],""token_count"":1,""sequence_logprob"":-3.6606693267822266,""mean_token_logprob"":-3.6606693267822266,""token_logprobs"":[-3.6606693267822266]},{""candidate"":""A"",""token_ids"":[32],""token_count"":1,""sequence_logprob"":-1.7856693267822266,""mean_token_logprob"":-1.7856693267822266,""token_logprobs"":[-1.7856693267822266]},{""candidate"":""B"",""token_ids"":[33],""token_count"":1,""sequence_logprob"":-1.5356693267822266,""mean_token_logprob"":-1.5356693267822266,""token_logprobs"":[-1.5356693267822266]},{""candidate"":""C"",""token_ids"":[34],""token_count"":1,""sequence_logprob"":-3.1606693267822266,""mean_token_logprob"":-3.1606693267822266,""token_logprobs"":[-3.1606693267822266]}]",D,false
699227,Twitter,C,0,0,audio_icl_candidate,candidate,,"[{""candidate"":""D"",""token_ids"":[35],""token_count"":1,""sequence_logprob"":-1.2955650091171265,""mean_token_logprob"":-1.2955650091171265,""token_logprobs"":[-1.2955650091171265]},{""candidate"":""E"",""token_ids"":[36],""token_count"":1,""sequence_logprob"":-1.9205650091171265,""mean_token_logprob"":-1.9205650091171265,""token_logprobs"":[-1.9205650091171265]},{""candidate"":""F"",""token_ids"":[37],""token_count"":1,""sequence_logprob"":-1.7330650091171265,""mean_token_logprob"":-1.7330650091171265,""token_logprobs"":[-1.7330650091171265]},{""candidate"":""A"",""token_ids"":[32],""token_count"":1,""sequence_logprob"":-1.8580650091171265,""mean_token_logprob"":-1.8580650091171265,""token_logprobs"":[-1.8580650091171265]},{""candidate"":""B"",""token_ids"":[33],""token_count"":1,""sequence_logprob"":-1.6705650091171265,""mean_token_logprob"":-1.6705650091171265,""token_logprobs"":[-1.6705650091171265]},{""candidate"":""C"",""token_ids"":[34],""token_count"":1,""sequence_logprob"":-3.108065128326416,""mean_token_logprob"":-3.108065128326416,""token_logprobs"":[-3.108065128326416]}]",D,false
706021,Phee,E,0,0,audio_icl_candidate,candidate,,"[{""candidate"":""D"",""token_ids"":[35],""token_count"":1,""sequence_logprob"":-1.2128534317016602,""mean_token_logprob"":-1.2128534317016602,""token_logprobs"":[-1.2128534317016602]},{""candidate"":""E"",""token_ids"":[36],""token_count"":1,""sequence_logprob"":-1.9003534317016602,""mean_token_logprob"":-1.9003534317016602,""token_logprobs"":[-1.9003534317016602]},{""candidate"":""F"",""token_ids"":[37],""token_count"":1,""sequence_logprob"":-2.40035343170166,""mean_token_logprob"":-2.40035343170166,""token_logprobs"":[-2.40035343170166]},{""candidate"":""A"",""token_ids"":[32],""token_count"":1,""sequence_logprob"":-1.7753534317016602,""mean_token_logprob"":-1.7753534317016602,""token_logprobs"":[-1.7753534317016602]},{""candidate"":""B"",""token_ids"":[33],""token_count"":1,""sequence_logprob"":-1.8378534317016602,""mean_token_logprob"":-1.8378534317016602,""token_logprobs"":[-1.8378534317016602]},{""candidate"":""C"",""token_ids"":[34],""token_count"":1,""sequence_logprob"":-2.15035343170166,""mean_token_logprob"":-2.15035343170166,""token_logprobs"":[-2.15035343170166]}]",D,false
708875,Trill,A,0,0,audio_icl_candidate,candidate,,"[{""candidate"":""D"",""token_ids"":[35],""token_count"":1,""sequence_logprob"":-1.033227801322937,""mean_token_logprob"":-1.033227801322937,""token_logprobs"":[-1.033227801322937]},{""candidate"":""E"",""token_ids"":[36],""token_count"":1,""sequence_logprob"":-1.658227801322937,""mean_token_logprob"":-1.658227801322937,""token_logprobs"":[-1.658227801322937]},{""candidate"":""F"",""token_ids"":[37],""token_count"":1,""sequence_logprob"":-2.4707279205322266,""mean_token_logprob"":-2.4707279205322266,""token_logprobs"":[-2.4707279205322266]},{""candidate"":""A"",""token_ids"":[32],""token_count"":1,""sequence_logprob"":-1.845727801322937,""mean_token_logprob"":-1.845727801322937,""token_logprobs"":[-1.845727801322937]},{""candidate"":""B"",""token_ids"":[33],""token_count"":1,""sequence_logprob"":-1.783227801322937,""mean_token_logprob"":-1.783227801322937,""token_logprobs"":[-1.783227801322937]},{""candidate"":""C"",""token_ids"":[34],""token_count"":1,""sequence_logprob"":-3.6582279205322266,""mean_token_logprob"":-3.6582279205322266,""token_logprobs"":[-3.6582279205322266]}]",D,false
715845,Seep,F,0,0,audio_icl_candidate,candidate,,"[{""candidate"":""D"",""token_ids"":[35],""token_count"":1,""sequence_logprob"":-1.2468632459640503,""mean_token_logprob"":-1.2468632459640503,""token_logprobs"":[-1.2468632459640503]},{""candidate"":""E"",""token_ids"":[36],""token_count"":1,""sequence_logprob"":-1.8718632459640503,""mean_token_logprob"":-1.8718632459640503,""token_logprobs"":[-1.8718632459640503]},{""candidate"":""F"",""token_ids"":[37],""token_count"":1,""sequence_logprob"":-1.6218632459640503,""mean_token_logprob"":-1.6218632459640503,""token_logprobs"":[-1.6218632459640503]},{""candidate"":""A"",""token_ids"":[32],""token_count"":1,""sequence_logprob"":-1.8093632459640503,""mean_token_logprob"":-1.8093632459640503,""token_logprobs"":[-1.8093632459640503]},{""candidate"":""B"",""token_ids"":[33],""token_count"":1,""sequence_logprob"":-1.8718632459640503,""mean_token_logprob"":-1.8718632459640503,""token_logprobs"":[-1.8718632459640503]},{""candidate"":""C"",""token_ids"":[34],""token_count"":1,""sequence_logprob"":-3.99686336517334,""mean_token_logprob"":-3.99686336517334,""token_logprobs"":[-3.99686336517334]}]",D,false
716490,Tsik,B,0,0,audio_icl_candidate,candidate,,"[{""candidate"":""D"",""token_ids"":[35],""token_count"":1,""sequence_logprob"":-0.950366735458374,""mean_token_logprob"":-0.950366735458374,""token_logprobs"":[-0.950366735458374]},{""candidate"":""E"",""token_ids"":[36],""token_count"":1,""sequence_logprob"":-1.762866735458374,""mean_token_logprob"":-1.762866735458374,""token_logprobs"":[-1.762866735458374]},{""candidate"":""F"",""token_ids"":[37],""token_count"":1,""sequence_logprob"":-2.450366735458374,""mean_token_logprob"":-2.450366735458374,""token_logprobs"":[-2.450366735458374]},{""candidate"":""A"",""token_ids"":[32],""token_count"":1,""sequence_logprob"":-1.887866735458374,""mean_token_logprob"":-1.887866735458374,""token_logprobs"":[-1.887866735458374]},{""candidate"":""B"",""token_ids"":[33],""token_count"":1,""sequence_logprob"":-1.950366735458374,""mean_token_logprob"":-1.950366735458374,""token_logprobs"":[-1.950366735458374]},{""candidate"":""C"",""token_ids"":[34],""token_count"":1,""sequence_logprob"":-3.075366735458374,""mean_token_logprob"":-3.075366735458374,""token_logprobs"":[-3.075366735458374]}]",D,false
737715,Twitter,C,0,0,audio_icl_candidate,candidate,,"[{""candidate"":""D"",""token_ids"":[35],""token_count"":1,""sequence_logprob"":-0.9584048390388489,""mean_token_logprob"":-0.9584048390388489,""token_logprobs"":[-0.9584048390388489]},{""candidate"":""E"",""token_ids"":[36],""token_count"":1,""sequence_logprob"":-1.833404779434204,""mean_token_logprob"":-1.833404779434204,""token_logprobs"":[-1.833404779434204]},{""candidate"":""F"",""token_ids"":[37],""token_count"":1,""sequence_logprob"":-5.302155017852783,""mean_token_logprob"":-5.302155017852783,""token_logprobs"":[-5.302155017852783]},{""candidate"":""A"",""token_ids"":[32],""token_count"":1,""sequence_logprob"":-1.583404779434204,""mean_token_logprob"":-1.583404779434204,""token_logprobs"":[-1.583404779434204]},{""candidate"":""B"",""token_ids"":[33],""token_count"":1,""sequence_logprob"":-1.708404779434204,""mean_token_logprob"":-1.708404779434204,""token_logprobs"":[-1.708404779434204]},{""candidate"":""C"",""token_ids"":[34],""token_count"":1,""sequence_logprob"":-3.583404779434204,""mean_token_logprob"":-3.583404779434204,""token_logprobs"":[-3.583404779434204]}]",D,false
738495,Trill,A,0,0,audio_icl_candidate,candidate,,"[{""candidate"":""D"",""token_ids"":[35],""token_count"":1,""sequence_logprob"":-1.1276521682739258,""mean_token_logprob"":-1.1276521682739258,""token_logprobs"":[-1.1276521682739258]},{""candidate"":""E"",""token_ids"":[36],""token_count"":1,""sequence_logprob"":-1.6276521682739258,""mean_token_logprob"":-1.6276521682739258,""token_logprobs"":[-1.6276521682739258]},{""candidate"":""F"",""token_ids"":[37],""token_count"":1,""sequence_logprob"":-3.690152168273926,""mean_token_logprob"":-3.690152168273926,""token_logprobs"":[-3.690152168273926]},{""candidate"":""A"",""token_ids"":[32],""token_count"":1,""sequence_logprob"":-1.6901521682739258,""mean_token_logprob"":-1.6901521682739258,""token_logprobs"":[-1.6901521682739258]},{""candidate"":""B"",""token_ids"":[33],""token_count"":1,""sequence_logprob"":-1.6276521682739258,""mean_token_logprob"":-1.6276521682739258,""token_logprobs"":[-1.6276521682739258]},{""candidate"":""C"",""token_ids"":[34],""token_count"":1,""sequence_logprob"":-3.002652168273926,""mean_token_logprob"":-3.002652168273926,""token_logprobs"":[-3.002652168273926]}]",D,false
742006,Infant Cry,D,0,0,audio_icl_candidate,candidate,,"[{""candidate"":""D"",""token_ids"":[35],""token_count"":1,""sequence_logprob"":-1.111807107925415,""mean_token_logprob"":-1.111807107925415,""token_logprobs"":[-1.111807107925415]},{""candidate"":""E"",""token_ids"":[36],""token_count"":1,""sequence_logprob"":-1.674307107925415,""mean_token_logprob"":-1.674307107925415,""token_logprobs"":[-1.674307107925415]},{""candidate"":""F"",""token_ids"":[37],""token_count"":1,""sequence_logprob"":-3.986807107925415,""mean_token_logprob"":-3.986807107925415,""token_logprobs"":[-3.986807107925415]},{""candidate"":""A"",""token_ids"":[32],""token_count"":1,""sequence_logprob"":-1.611807107925415,""mean_token_logprob"":-1.611807107925415,""token_logprobs"":[-1.611807107925415]},{""candidate"":""B"",""token_ids"":[33],""token_count"":1,""sequence_logprob"":-1.674307107925415,""mean_token_logprob"":-1.674307107925415,""token_logprobs"":[-1.674307107925415]},{""candidate"":""C"",""token_ids"":[34],""token_count"":1,""sequence_logprob"":-2.924307107925415,""mean_token_logprob"":-2.924307107925415,""token_logprobs"":[-2.924307107925415]}]",D,true
755986,Tsik,B,0,0,audio_icl_candidate,candidate,,"[{""candidate"":""D"",""token_ids"":[35],""token_count"":1,""sequence_logprob"":-1.0360605716705322,""mean_token_logprob"":-1.0360605716705322,""token_logprobs"":[-1.0360605716705322]},{""candidate"":""E"",""token_ids"":[36],""token_count"":1,""sequence_logprob"":-1.6610605716705322,""mean_token_logprob"":-1.6610605716705322,""token_logprobs"":[-1.6610605716705322]},{""candidate"":""F"",""token_ids"":[37],""token_count"":1,""sequence_logprob"":-5.848560333251953,""mean_token_logprob"":-5.848560333251953,""token_logprobs"":[-5.848560333251953]},{""candidate"":""A"",""token_ids"":[32],""token_count"":1,""sequence_logprob"":-1.7235605716705322,""mean_token_logprob"":-1.7235605716705322,""token_logprobs"":[-1.7235605716705322]},{""candidate"":""B"",""token_ids"":[33],""token_count"":1,""sequence_logprob"":-1.7235605716705322,""mean_token_logprob"":-1.7235605716705322,""token_logprobs"":[-1.7235605716705322]},{""candidate"":""C"",""token_ids"":[34],""token_count"":1,""sequence_logprob"":-2.7235605716705322,""mean_token_logprob"":-2.7235605716705322,""token_logprobs"":[-2.7235605716705322]}]",D,false
758751,Phee,E,0,0,audio_icl_candidate,candidate,,"[{""candidate"":""D"",""token_ids"":[35],""token_count"":1,""sequence_logprob"":-1.158108115196228,""mean_token_logprob"":-1.158108115196228,""token_logprobs"":[-1.158108115196228]},{""candidate"":""E"",""token_ids"":[36],""token_count"":1,""sequence_logprob"":-1.908108115196228,""mean_token_logprob"":-1.908108115196228,""token_logprobs"":[-1.908108115196228]},{""candidate"":""F"",""token_ids"":[37],""token_count"":1,""sequence_logprob"":-2.8456082344055176,""mean_token_logprob"":-2.8456082344055176,""token_logprobs"":[-2.8456082344055176]},{""candidate"":""A"",""token_ids"":[32],""token_count"":1,""sequence_logprob"":-1.783108115196228,""mean_token_logprob"":-1.783108115196228,""token_logprobs"":[-1.783108115196228]},{""candidate"":""B"",""token_ids"":[33],""token_count"":1,""sequence_logprob"":-1.720608115196228,""mean_token_logprob"":-1.720608115196228,""token_logprobs"":[-1.720608115196228]},{""candidate"":""C"",""token_ids"":[34],""token_count"":1,""sequence_logprob"":-2.2206082344055176,""mean_token_logprob"":-2.2206082344055176,""token_logprobs"":[-2.2206082344055176]}]",D,false
788000,Phee,E,0,0,audio_icl_candidate,candidate,,"[{""candidate"":""D"",""token_ids"":[35],""token_count"":1,""sequence_logprob"":-1.0967308282852173,""mean_token_logprob"":-1.0967308282852173,""token_logprobs"":[-1.0967308282852173]},{""candidate"":""E"",""token_ids"":[36],""token_count"":1,""sequence_logprob"":-1.8467308282852173,""mean_token_logprob"":-1.8467308282852173,""token_logprobs"":[-1.8467308282852173]},{""candidate"":""F"",""token_ids"":[37],""token_count"":1,""sequence_logprob"":-2.6592307090759277,""mean_token_logprob"":-2.6592307090759277,""token_logprobs"":[-2.6592307090759277]},{""candidate"":""A"",""token_ids"":[32],""token_count"":1,""sequence_logprob"":-1.9092308282852173,""mean_token_logprob"":-1.9092308282852173,""token_logprobs"":[-1.9092308282852173]},{""candidate"":""B"",""token_ids"":[33],""token_count"":1,""sequence_logprob"":-1.9092308282852173,""mean_token_logprob"":-1.9092308282852173,""token_logprobs"":[-1.9092308282852173]},{""candidate"":""C"",""token_ids"":[34],""token_count"":1,""sequence_logprob"":-2.0967307090759277,""mean_token_logprob"":-2.0967307090759277,""token_logprobs"":[-2.0967307090759277]}]",D,false
794666,Phee,E,0,0,audio_icl_candidate,candidate,,"[{""candidate"":""D"",""token_ids"":[35],""token_count"":1,""sequence_logprob"":-1.343259334564209,""mean_token_logprob"":-1.343259334564209,""token_logprobs"":[-1.343259334564209]},{""candidate"":""E"",""token_ids"":[36],""token_count"":1,""sequence_logprob"":-1.968259334564209,""mean_token_logprob"":-1.968259334564209,""token_logprobs"":[-1.968259334564209]},{""candidate"":""F"",""token_ids"":[37],""token_count"":1,""sequence_logprob"":-1.655759334564209,""mean_token_logprob"":-1.655759334564209,""token_logprobs"":[-1.655759334564209]},{""candidate"":""A"",""token_ids"":[32],""token_count"":1,""sequence_logprob"":-1.843259334564209,""mean_token_logprob"":-1.843259334564209,""token_logprobs"":[-1.843259334564209]},{""candidate"":""B"",""token_ids"":[33],""token_count"":1,""sequence_logprob"":-1.905759334564209,""mean_token_logprob"":-1.905759334564209,""token_logprobs"":[-1.905759334564209]},{""candidate"":""C"",""token_ids"":[34],""token_count"":1,""sequence_logprob"":-2.468259334564209,""mean_token_logprob"":-2.468259334564209,""token_logprobs"":[-2.468259334564209]}]",D,false
799377,Tsik,B,0,0,audio_icl_candidate,candidate,,"[{""candidate"":""D"",""token_ids"":[35],""token_count"":1,""sequence_logprob"":-1.0019642114639282,""mean_token_logprob"":-1.0019642114639282,""token_logprobs"":[-1.0019642114639282]},{""candidate"":""E"",""token_ids"":[36],""token_count"":1,""sequence_logprob"":-1.7519642114639282,""mean_token_logprob"":-1.7519642114639282,""token_logprobs"":[-1.7519642114639282]},{""candidate"":""F"",""token_ids"":[37],""token_count"":1,""sequence_logprob"":-2.3769640922546387,""mean_token_logprob"":-2.3769640922546387,""token_logprobs"":[-2.3769640922546387]},{""candidate"":""A"",""token_ids"":[32],""token_count"":1,""sequence_logprob"":-1.6894642114639282,""mean_token_logprob"":-1.6894642114639282,""token_logprobs"":[-1.6894642114639282]},{""candidate"":""B"",""token_ids"":[33],""token_count"":1,""sequence_logprob"":-1.9394642114639282,""mean_token_logprob"":-1.9394642114639282,""token_logprobs"":[-1.9394642114639282]},{""candidate"":""C"",""token_ids"":[34],""token_count"":1,""sequence_logprob"":-3.8144640922546387,""mean_token_logprob"":-3.8144640922546387,""token_logprobs"":[-3.8144640922546387]}]",D,false
859379,Trill,A,0,0,audio_icl_candidate,candidate,,"[{""candidate"":""D"",""token_ids"":[35],""token_count"":1,""sequence_logprob"":-1.2282955646514893,""mean_token_logprob"":-1.2282955646514893,""token_logprobs"":[-1.2282955646514893]},{""candidate"":""E"",""token_ids"":[36],""token_count"":1,""sequence_logprob"":-1.7282955646514893,""mean_token_logprob"":-1.7282955646514893,""token_logprobs"":[-1.7282955646514893]},{""candidate"":""F"",""token_ids"":[37],""token_count"":1,""sequence_logprob"":-2.7907955646514893,""mean_token_logprob"":-2.7907955646514893,""token_logprobs"":[-2.7907955646514893]},{""candidate"":""A"",""token_ids"":[32],""token_count"":1,""sequence_logprob"":-1.6657955646514893,""mean_token_logprob"":-1.6657955646514893,""token_logprobs"":[-1.6657955646514893]},{""candidate"":""B"",""token_ids"":[33],""token_count"":1,""sequence_logprob"":-1.6032955646514893,""mean_token_logprob"":-1.6032955646514893,""token_logprobs"":[-1.6032955646514893]},{""candidate"":""C"",""token_ids"":[34],""token_count"":1,""sequence_logprob"":-3.1032955646514893,""mean_token_logprob"":-3.1032955646514893,""token_logprobs"":[-3.1032955646514893]}]",D,false
860537,Phee,E,0,0,audio_icl_candidate,candidate,,"[{""candidate"":""D"",""token_ids"":[35],""token_count"":1,""sequence_logprob"":-1.4578328132629395,""mean_token_logprob"":-1.4578328132629395,""token_logprobs"":[-1.4578328132629395]},{""candidate"":""E"",""token_ids"":[36],""token_count"":1,""sequence_logprob"":-2.0828328132629395,""mean_token_logprob"":-2.0828328132629395,""token_logprobs"":[-2.0828328132629395]},{""candidate"":""F"",""token_ids"":[37],""token_count"":1,""sequence_logprob"":-1.5203328132629395,""mean_token_logprob"":-1.5203328132629395,""token_logprobs"":[-1.5203328132629395]},{""candidate"":""A"",""token_ids"":[32],""token_count"":1,""sequence_logprob"":-1.8328328132629395,""mean_token_logprob"":-1.8328328132629395,""token_logprobs"":[-1.8328328132629395]},{""candidate"":""B"",""token_ids"":[33],""token_count"":1,""sequence_logprob"":-1.7703328132629395,""mean_token_logprob"":-1.7703328132629395,""token_logprobs"":[-1.7703328132629395]},{""candidate"":""C"",""token_ids"":[34],""token_count"":1,""sequence_logprob"":-2.5828328132629395,""mean_token_logprob"":-2.5828328132629395,""token_logprobs"":[-2.5828328132629395]}]",D,false
861790,Trill,A,0,0,audio_icl_candidate,candidate,,"[{""candidate"":""D"",""token_ids"":[35],""token_count"":1,""sequence_logprob"":-1.1079962253570557,""mean_token_logprob"":-1.1079962253570557,""token_logprobs"":[-1.1079962253570557]},{""candidate"":""E"",""token_ids"":[36],""token_count"":1,""sequence_logprob"":-1.7329962253570557,""mean_token_logprob"":-1.7329962253570557,""token_logprobs"":[-1.7329962253570557]},{""candidate"":""F"",""token_ids"":[37],""token_count"":1,""sequence_logprob"":-3.4829962253570557,""mean_token_logprob"":-3.4829962253570557,""token_logprobs"":[-3.4829962253570557]},{""candidate"":""A"",""token_ids"":[32],""token_count"":1,""sequence_logprob"":-1.6704962253570557,""mean_token_logprob"":-1.6704962253570557,""token_logprobs"":[-1.6704962253570557]},{""candidate"":""B"",""token_ids"":[33],""token_count"":1,""sequence_logprob"":-1.7329962253570557,""mean_token_logprob"":-1.7329962253570557,""token_logprobs"":[-1.7329962253570557]},{""candidate"":""C"",""token_ids"":[34],""token_count"":1,""sequence_logprob"":-2.6704962253570557,""mean_token_logprob"":-2.6704962253570557,""token_logprobs"":[-2.6704962253570557]}]",D,false
31471,Tsik,B,1,6,audio_icl_candidate,candidate,,"[{""candidate"":""D"",""token_ids"":[35],""token_count"":1,""sequence_logprob"":-3.1555275917053223,""mean_token_logprob"":-3.1555275917053223,""token_logprobs"":[-3.1555275917053223]},{""candidate"":""E"",""token_ids"":[36],""token_count"":1,""sequence_logprob"":-1.0305275917053223,""mean_token_logprob"":-1.0305275917053223,""token_logprobs"":[-1.0305275917053223]},{""candidate"":""F"",""token_ids"":[37],""token_count"":1,""sequence_logprob"":-2.7805275917053223,""mean_token_logprob"":-2.7805275917053223,""token_logprobs"":[-2.7805275917053223]},{""candidate"":""A"",""token_ids"":[32],""token_count"":1,""sequence_logprob"":-1.4680275917053223,""mean_token_logprob"":-1.4680275917053223,""token_logprobs"":[-1.4680275917053223]},{""candidate"":""B"",""token_ids"":[33],""token_count"":1,""sequence_logprob"":-2.4055275917053223,""mean_token_logprob"":-2.4055275917053223,""token_logprobs"":[-2.4055275917053223]},{""candidate"":""C"",""token_ids"":[34],""token_count"":1,""sequence_logprob"":-4.030527591705322,""mean_token_logprob"":-4.030527591705322,""token_logprobs"":[-4.030527591705322]}]",E,false
31828,Seep,F,1,6,audio_icl_candidate,candidate,,"[{""candidate"":""D"",""token_ids"":[35],""token_count"":1,""sequence_logprob"":-3.4220385551452637,""mean_token_logprob"":-3.4220385551452637,""token_logprobs"":[-3.4220385551452637]},{""candidate"":""E"",""token_ids"":[36],""token_count"":1,""sequence_logprob"":-0.8595386147499084,""mean_token_logprob"":-0.8595386147499084,""token_logprobs"":[-0.8595386147499084]},{""candidate"":""F"",""token_ids"":[37],""token_count"":1,""sequence_logprob"":-4.297038555145264,""mean_token_logprob"":-4.297038555145264,""token_logprobs"":[-4.297038555145264]},{""candidate"":""A"",""token_ids"":[32],""token_count"":1,""sequence_logprob"":-1.5470385551452637,""mean_token_logprob"":-1.5470385551452637,""token_logprobs"":[-1.5470385551452637]},{""candidate"":""B"",""token_ids"":[33],""token_count"":1,""sequence_logprob"":-2.2970385551452637,""mean_token_logprob"":-2.2970385551452637,""token_logprobs"":[-2.2970385551452637]},{""candidate"":""C"",""token_ids"":[34],""token_count"":1,""sequence_logprob"":-4.547038555145264,""mean_token_logprob"":-4.547038555145264,""token_logprobs"":[-4.547038555145264]}]",E,false
34756,Phee,E,1,6,audio_icl_candidate,candidate,,"[{""candidate"":""D"",""token_ids"":[35],""token_count"":1,""sequence_logprob"":-3.9344286918640137,""mean_token_logprob"":-3.9344286918640137,""token_logprobs"":[-3.9344286918640137]},{""candidate"":""E"",""token_ids"":[36],""token_count"":1,""sequence_logprob"":-0.8094287514686584,""mean_token_logprob"":-0.8094287514686584,""token_logprobs"":[-0.8094287514686584]},{""candidate"":""F"",""token_ids"":[37],""token_count"":1,""sequence_logprob"":-4.621928691864014,""mean_token_logprob"":-4.621928691864014,""token_logprobs"":[-4.621928691864014]},{""candidate"":""A"",""token_ids"":[32],""token_count"":1,""sequence_logprob"":-1.5594286918640137,""mean_token_logprob"":-1.5594286918640137,""token_logprobs"":[-1.5594286918640137]},{""candidate"":""B"",""token_ids"":[33],""token_count"":1,""sequence_logprob"":-2.0594286918640137,""mean_token_logprob"":-2.0594286918640137,""token_logprobs"":[-2.0594286918640137]},{""candidate"":""C"",""token_ids"":[34],""token_count"":1,""sequence_logprob"":-4.746928691864014,""mean_token_logprob"":-4.746928691864014,""token_logprobs"":[-4.746928691864014]}]",E,true
36485,Phee,E,1,6,audio_icl_candidate,candidate,,"[{""candidate"":""D"",""token_ids"":[35],""token_count"":1,""sequence_logprob"":-3.732879638671875,""mean_token_logprob"":-3.732879638671875,""token_logprobs"":[-3.732879638671875]},{""candidate"":""E"",""token_ids"":[36],""token_count"":1,""sequence_logprob"":-0.7953796982765198,""mean_token_logprob"":-0.7953796982765198,""token_logprobs"":[-0.7953796982765198]},{""candidate"":""F"",""token_ids"":[37],""token_count"":1,""sequence_logprob"":-4.607879638671875,""mean_token_logprob"":-4.607879638671875,""token_logprobs"":[-4.607879638671875]},{""candidate"":""A"",""token_ids"":[32],""token_count"":1,""sequence_logprob"":-1.482879638671875,""mean_token_logprob"":-1.482879638671875,""token_logprobs"":[-1.482879638671875]},{""candidate"":""B"",""token_ids"":[33],""token_count"":1,""sequence_logprob"":-2.045379638671875,""mean_token_logprob"":-2.045379638671875,""token_logprobs"":[-2.045379638671875]},{""candidate"":""C"",""token_ids"":[34],""token_count"":1,""sequence_logprob"":-4.920379638671875,""mean_token_logprob"":-4.920379638671875,""token_logprobs"":[-4.920379638671875]}]",E,true
36522,Twitter,C,1,6,audio_icl_candidate,candidate,,"[{""candidate"":""D"",""token_ids"":[35],""token_count"":1,""sequence_logprob"":-4.106166362762451,""mean_token_logprob"":-4.106166362762451,""token_logprobs"":[-4.106166362762451]},{""candidate"":""E"",""token_ids"":[36],""token_count"":1,""sequence_logprob"":-0.6686663627624512,""mean_token_logprob"":-0.6686663627624512,""token_logprobs"":[-0.6686663627624512]},{""candidate"":""F"",""token_ids"":[37],""token_count"":1,""sequence_logprob"":-4.106166362762451,""mean_token_logprob"":-4.106166362762451,""token_logprobs"":[-4.106166362762451]},{""candidate"":""A"",""token_ids"":[32],""token_count"":1,""sequence_logprob"":-1.6061663627624512,""mean_token_logprob"":-1.6061663627624512,""token_logprobs"":[-1.6061663627624512]},{""candidate"":""B"",""token_ids"":[33],""token_count"":1,""sequence_logprob"":-2.668666362762451,""mean_token_logprob"":-2.668666362762451,""token_logprobs"":[-2.668666362762451]},{""candidate"":""C"",""token_ids"":[34],""token_count"":1,""sequence_logprob"":-5.106166362762451,""mean_token_logprob"":-5.106166362762451,""token_logprobs"":[-5.106166362762451]}]",E,false
405841,Infant Cry,D,1,6,audio_icl_candidate,candidate,,"[{""candidate"":""D"",""token_ids"":[35],""token_count"":1,""sequence_logprob"":-3.69632625579834,""mean_token_logprob"":-3.69632625579834,""token_logprobs"":[-3.69632625579834]},{""candidate"":""E"",""token_ids"":[36],""token_count"":1,""sequence_logprob"":-0.7588263750076294,""mean_token_logprob"":-0.7588263750076294,""token_logprobs"":[-0.7588263750076294]},{""candidate"":""F"",""token_ids"":[37],""token_count"":1,""sequence_logprob"":-3.69632625579834,""mean_token_logprob"":-3.69632625579834,""token_logprobs"":[-3.69632625579834]},{""candidate"":""A"",""token_ids"":[32],""token_count"":1,""sequence_logprob"":-1.6338263750076294,""mean_token_logprob"":-1.6338263750076294,""token_logprobs"":[-1.6338263750076294]},{""candidate"":""B"",""token_ids"":[33],""token_count"":1,""sequence_logprob"":-2.32132625579834,""mean_token_logprob"":-2.32132625579834,""token_logprobs"":[-2.32132625579834]},{""candidate"":""C"",""token_ids"":[34],""token_count"":1,""sequence_logprob"":-5.00882625579834,""mean_token_logprob"":-5.00882625579834,""token_logprobs"":[-5.00882625579834]}]",E,false
408631,Phee,E,1,6,audio_icl_candidate,candidate,,"[{""candidate"":""D"",""token_ids"":[35],""token_count"":1,""sequence_logprob"":-3.8965110778808594,""mean_token_logprob"":-3.8965110778808594,""token_logprobs"":[-3.8965110778808594]},{""candidate"":""E"",""token_ids"":[36],""token_count"":1,""sequence_logprob"":-0.7715109586715698,""mean_token_logprob"":-0.7715109586715698,""token_logprobs"":[-0.7715109586715698]},{""candidate"":""F"",""token_ids"":[37],""token_count"":1,""sequence_logprob"":-4.146511077880859,""mean_token_logprob"":-4.146511077880859,""token_logprobs"":[-4.146511077880859]},{""candidate"":""A"",""token_ids"":[32],""token_count"":1,""sequence_logprob"":-1.5215109586715698,""mean_token_logprob"":-1.5215109586715698,""token_logprobs"":[-1.5215109586715698]},{""candidate"":""B"",""token_ids"":[33],""token_count"":1,""sequence_logprob"":-2.0840110778808594,""mean_token_logprob"":-2.0840110778808594,""token_logprobs"":[-2.0840110778808594]},{""candidate"":""C"",""token_ids"":[34],""token_count"":1,""sequence_logprob"":-4.771511077880859,""mean_token_logprob"":-4.771511077880859,""token_logprobs"":[-4.771511077880859]}]",E,true
50919,Tsik,B,1,6,audio_icl_candidate,candidate,,"[{""candidate"":""D"",""token_ids"":[35],""token_count"":1,""sequence_logprob"":-3.2676138877868652,""mean_token_logprob"":-3.2676138877868652,""token_logprobs"":[-3.2676138877868652]},{""candidate"":""E"",""token_ids"":[36],""token_count"":1,""sequence_logprob"":-0.8926137685775757,""mean_token_logprob"":-0.8926137685775757,""token_logprobs"":[-0.8926137685775757]},{""candidate"":""F"",""token_ids"":[37],""token_count"":1,""sequence_logprob"":-4.017613887786865,""mean_token_logprob"":-4.017613887786865,""token_logprobs"":[-4.017613887786865]},{""candidate"":""A"",""token_ids"":[32],""token_count"":1,""sequence_logprob"":-1.5801137685775757,""mean_token_logprob"":-1.5801137685775757,""token_logprobs"":[-1.5801137685775757]},{""candidate"":""B"",""token_ids"":[33],""token_count"":1,""sequence_logprob"":-2.2051138877868652,""mean_token_logprob"":-2.2051138877868652,""token_logprobs"":[-2.2051138877868652]},{""candidate"":""C"",""token_ids"":[34],""token_count"":1,""sequence_logprob"":-4.955113887786865,""mean_token_logprob"":-4.955113887786865,""token_logprobs"":[-4.955113887786865]}]",E,false
51436,Trill,A,1,6,audio_icl_candidate,candidate,,"[{""candidate"":""D"",""token_ids"":[35],""token_count"":1,""sequence_logprob"":-3.9392271041870117,""mean_token_logprob"":-3.9392271041870117,""token_logprobs"":[-3.9392271041870117]},{""candidate"":""E"",""token_ids"":[36],""token_count"":1,""sequence_logprob"":-0.8142271637916565,""mean_token_logprob"":-0.8142271637916565,""token_logprobs"":[-0.8142271637916565]},{""candidate"":""F"",""token_ids"":[37],""token_count"":1,""sequence_logprob"":-4.439227104187012,""mean_token_logprob"":-4.439227104187012,""token_logprobs"":[-4.439227104187012]},{""candidate"":""A"",""token_ids"":[32],""token_count"":1,""sequence_logprob"":-1.5017271041870117,""mean_token_logprob"":-1.5017271041870117,""token_logprobs"":[-1.5017271041870117]},{""candidate"":""B"",""token_ids"":[33],""token_count"":1,""sequence_logprob"":-2.0642271041870117,""mean_token_logprob"":-2.0642271041870117,""token_logprobs"":[-2.0642271041870117]},{""candidate"":""C"",""token_ids"":[34],""token_count"":1,""sequence_logprob"":-4.939227104187012,""mean_token_logprob"":-4.939227104187012,""token_logprobs"":[-4.939227104187012]}]",E,false
517703,Trill,A,1,6,audio_icl_candidate,candidate,,"[{""candidate"":""D"",""token_ids"":[35],""token_count"":1,""sequence_logprob"":-3.6125826835632324,""mean_token_logprob"":-3.6125826835632324,""token_logprobs"":[-3.6125826835632324]},{""candidate"":""E"",""token_ids"":[36],""token_count"":1,""sequence_logprob"":-0.8000826835632324,""mean_token_logprob"":-0.8000826835632324,""token_logprobs"":[-0.8000826835632324]},{""candidate"":""F"",""token_ids"":[37],""token_count"":1,""sequence_logprob"":-4.175082683563232,""mean_token_logprob"":-4.175082683563232,""token_logprobs"":[-4.175082683563232]},{""candidate"":""A"",""token_ids"":[32],""token_count"":1,""sequence_logprob"":-1.5500826835632324,""mean_token_logprob"":-1.5500826835632324,""token_logprobs"":[-1.5500826835632324]},{""candidate"":""B"",""token_ids"":[33],""token_count"":1,""sequence_logprob"":-2.2375826835632324,""mean_token_logprob"":-2.2375826835632324,""token_logprobs"":[-2.2375826835632324]},{""candidate"":""C"",""token_ids"":[34],""token_count"":1,""sequence_logprob"":-4.987582683563232,""mean_token_logprob"":-4.987582683563232,""token_logprobs"":[-4.987582683563232]}]",E,false
518079,Phee,E,1,6,audio_icl_candidate,candidate,,"[{""candidate"":""D"",""token_ids"":[35],""token_count"":1,""sequence_logprob"":-4.402787208557129,""mean_token_logprob"":-4.402787208557129,""token_logprobs"":[-4.402787208557129]},{""candidate"":""E"",""token_ids"":[36],""token_count"":1,""sequence_logprob"":-0.840287446975708,""mean_token_logprob"":-0.840287446975708,""token_logprobs"":[-0.840287446975708]},{""candidate"":""F"",""token_ids"":[37],""token_count"":1,""sequence_logprob"":-4.715287208557129,""mean_token_logprob"":-4.715287208557129,""token_logprobs"":[-4.715287208557129]},{""candidate"":""A"",""token_ids"":[32],""token_count"":1,""sequence_logprob"":-1.590287446975708,""mean_token_logprob"":-1.590287446975708,""token_logprobs"":[-1.590287446975708]},{""candidate"":""B"",""token_ids"":[33],""token_count"":1,""sequence_logprob"":-1.902787446975708,""mean_token_logprob"":-1.902787446975708,""token_logprobs"":[-1.902787446975708]},{""candidate"":""C"",""token_ids"":[34],""token_count"":1,""sequence_logprob"":-4.902787208557129,""mean_token_logprob"":-4.902787208557129,""token_logprobs"":[-4.902787208557129]}]",E,true
521545,Phee,E,1,6,audio_icl_candidate,candidate,,"[{""candidate"":""D"",""token_ids"":[35],""token_count"":1,""sequence_logprob"":-3.608919143676758,""mean_token_logprob"":-3.608919143676758,""token_logprobs"":[-3.608919143676758]},{""candidate"":""E"",""token_ids"":[36],""token_count"":1,""sequence_logprob"":-0.8589192628860474,""mean_token_logprob"":-0.8589192628860474,""token_logprobs"":[-0.8589192628860474]},{""candidate"":""F"",""token_ids"":[37],""token_count"":1,""sequence_logprob"":-3.983919143676758,""mean_token_logprob"":-3.983919143676758,""token_logprobs"":[-3.983919143676758]},{""candidate"":""A"",""token_ids"":[32],""token_count"":1,""sequence_logprob"":-1.4839192628860474,""mean_token_logprob"":-1.4839192628860474,""token_logprobs"":[-1.4839192628860474]},{""candidate"":""B"",""token_ids"":[33],""token_count"":1,""sequence_logprob"":-1.8589192628860474,""mean_token_logprob"":-1.8589192628860474,""token_logprobs"":[-1.8589192628860474]},{""candidate"":""C"",""token_ids"":[34],""token_count"":1,""sequence_logprob"":-4.483919143676758,""mean_token_logprob"":-4.483919143676758,""token_logprobs"":[-4.483919143676758]}]",E,true
52861,Trill,A,1,6,audio_icl_candidate,candidate,,"[{""candidate"":""D"",""token_ids"":[35],""token_count"":1,""sequence_logprob"":-4.023124694824219,""mean_token_logprob"":-4.023124694824219,""token_logprobs"":[-4.023124694824219]},{""candidate"":""E"",""token_ids"":[36],""token_count"":1,""sequence_logprob"":-0.7106248736381531,""mean_token_logprob"":-0.7106248736381531,""token_logprobs"":[-0.7106248736381531]},{""candidate"":""F"",""token_ids"":[37],""token_count"":1,""sequence_logprob"":-3.835624933242798,""mean_token_logprob"":-3.835624933242798,""token_logprobs"":[-3.835624933242798]},{""candidate"":""A"",""token_ids"":[32],""token_count"":1,""sequence_logprob"":-1.5856249332427979,""mean_token_logprob"":-1.5856249332427979,""token_logprobs"":[-1.5856249332427979]},{""candidate"":""B"",""token_ids"":[33],""token_count"":1,""sequence_logprob"":-2.210624933242798,""mean_token_logprob"":-2.210624933242798,""token_logprobs"":[-2.210624933242798]},{""candidate"":""C"",""token_ids"":[34],""token_count"":1,""sequence_logprob"":-4.960624694824219,""mean_token_logprob"":-4.960624694824219,""token_logprobs"":[-4.960624694824219]}]",E,false
533988,Seep,F,1,6,audio_icl_candidate,candidate,,"[{""candidate"":""D"",""token_ids"":[35],""token_count"":1,""sequence_logprob"":-4.159994602203369,""mean_token_logprob"":-4.159994602203369,""token_logprobs"":[-4.159994602203369]},{""candidate"":""E"",""token_ids"":[36],""token_count"":1,""sequence_logprob"":-0.7224947214126587,""mean_token_logprob"":-0.7224947214126587,""token_logprobs"":[-0.7224947214126587]},{""candidate"":""F"",""token_ids"":[37],""token_count"":1,""sequence_logprob"":-4.159994602203369,""mean_token_logprob"":-4.159994602203369,""token_logprobs"":[-4.159994602203369]},{""candidate"":""A"",""token_ids"":[32],""token_count"":1,""sequence_logprob"":-1.5974947214126587,""mean_token_logprob"":-1.5974947214126587,""token_logprobs"":[-1.5974947214126587]},{""candidate"":""B"",""token_ids"":[33],""token_count"":1,""sequence_logprob"":-2.159994602203369,""mean_token_logprob"":-2.159994602203369,""token_logprobs"":[-2.159994602203369]},{""candidate"":""C"",""token_ids"":[34],""token_count"":1,""sequence_logprob"":-4.847494602203369,""mean_token_logprob"":-4.847494602203369,""token_logprobs"":[-4.847494602203369]}]",E,false
54180,Phee,E,1,6,audio_icl_candidate,candidate,,"[{""candidate"":""D"",""token_ids"":[35],""token_count"":1,""sequence_logprob"":-4.069225788116455,""mean_token_logprob"":-4.069225788116455,""token_logprobs"":[-4.069225788116455]},{""candidate"":""E"",""token_ids"":[36],""token_count"":1,""sequence_logprob"":-0.7567256093025208,""mean_token_logprob"":-0.7567256093025208,""token_logprobs"":[-0.7567256093025208]},{""candidate"":""F"",""token_ids"":[37],""token_count"":1,""sequence_logprob"":-4.506725788116455,""mean_token_logprob"":-4.506725788116455,""token_logprobs"":[-4.506725788116455]},{""candidate"":""A"",""token_ids"":[32],""token_count"":1,""sequence_logprob"":-1.569225549697876,""mean_token_logprob"":-1.569225549697876,""token_logprobs"":[-1.569225549697876]},{""candidate"":""B"",""token_ids"":[33],""token_count"":1,""sequence_logprob"":-2.006725549697876,""mean_token_logprob"":-2.006725549697876,""token_logprobs"":[-2.006725549697876]},{""candidate"":""C"",""token_ids"":[34],""token_count"":1,""sequence_logprob"":-4.881725788116455,""mean_token_logprob"":-4.881725788116455,""token_logprobs"":[-4.881725788116455]}]",E,true
547929,Twitter,C,1,6,audio_icl_candidate,candidate,,"[{""candidate"":""D"",""token_ids"":[35],""token_count"":1,""sequence_logprob"":-4.347713470458984,""mean_token_logprob"":-4.347713470458984,""token_logprobs"":[-4.347713470458984]},{""candidate"":""E"",""token_ids"":[36],""token_count"":1,""sequence_logprob"":-0.7852135300636292,""mean_token_logprob"":-0.7852135300636292,""token_logprobs"":[-0.7852135300636292]},{""candidate"":""F"",""token_ids"":[37],""token_count"":1,""sequence_logprob"":-4.722713470458984,""mean_token_logprob"":-4.722713470458984,""token_logprobs"":[-4.722713470458984]},{""candidate"":""A"",""token_ids"":[32],""token_count"":1,""sequence_logprob"":-1.5352134704589844,""mean_token_logprob"":-1.5352134704589844,""token_logprobs"":[-1.5352134704589844]},{""candidate"":""B"",""token_ids"":[33],""token_count"":1,""sequence_logprob"":-2.2227134704589844,""mean_token_logprob"":-2.2227134704589844,""token_logprobs"":[-2.2227134704589844]},{""candidate"":""C"",""token_ids"":[34],""token_count"":1,""sequence_logprob"":-5.160213470458984,""mean_token_logprob"":-5.160213470458984,""token_logprobs"":[-5.160213470458984]}]",E,false
547992,Phee,E,1,6,audio_icl_candidate,candidate,,"[{""candidate"":""D"",""token_ids"":[35],""token_count"":1,""sequence_logprob"":-4.231150150299072,""mean_token_logprob"":-4.231150150299072,""token_logprobs"":[-4.231150150299072]},{""candidate"":""E"",""token_ids"":[36],""token_count"":1,""sequence_logprob"":-0.7936500906944275,""mean_token_logprob"":-0.7936500906944275,""token_logprobs"":[-0.7936500906944275]},{""candidate"":""F"",""token_ids"":[37],""token_count"":1,""sequence_logprob"":-4.106150150299072,""mean_token_logprob"":-4.106150150299072,""token_logprobs"":[-4.106150150299072]},{""candidate"":""A"",""token_ids"":[32],""token_count"":1,""sequence_logprob"":-1.6061501502990723,""mean_token_logprob"":-1.6061501502990723,""token_logprobs"":[-1.6061501502990723]},{""candidate"":""B"",""token_ids"":[33],""token_count"":1,""sequence_logprob"":-2.1061501502990723,""mean_token_logprob"":-2.1061501502990723,""token_logprobs"":[-2.1061501502990723]},{""candidate"":""C"",""token_ids"":[34],""token_count"":1,""sequence_logprob"":-4.731150150299072,""mean_token_logprob"":-4.731150150299072,""token_logprobs"":[-4.731150150299072]}]",E,true
548798,Trill,A,1,6,audio_icl_candidate,candidate,,"[{""candidate"":""D"",""token_ids"":[35],""token_count"":1,""sequence_logprob"":-4.383047103881836,""mean_token_logprob"":-4.383047103881836,""token_logprobs"":[-4.383047103881836]},{""candidate"":""E"",""token_ids"":[36],""token_count"":1,""sequence_logprob"":-0.7580468654632568,""mean_token_logprob"":-0.7580468654632568,""token_logprobs"":[-0.7580468654632568]},{""candidate"":""F"",""token_ids"":[37],""token_count"":1,""sequence_logprob"":-4.320547103881836,""mean_token_logprob"":-4.320547103881836,""token_logprobs"":[-4.320547103881836]},{""candidate"":""A"",""token_ids"":[32],""token_count"":1,""sequence_logprob"":-1.5080468654632568,""mean_token_logprob"":-1.5080468654632568,""token_logprobs"":[-1.5080468654632568]},{""candidate"":""B"",""token_ids"":[33],""token_count"":1,""sequence_logprob"":-2.383046865463257,""mean_token_logprob"":-2.383046865463257,""token_logprobs"":[-2.383046865463257]},{""candidate"":""C"",""token_ids"":[34],""token_count"":1,""sequence_logprob"":-5.508047103881836,""mean_token_logprob"":-5.508047103881836,""token_logprobs"":[-5.508047103881836]}]",E,false
56195,Trill,A,1,6,audio_icl_candidate,candidate,,"[{""candidate"":""D"",""token_ids"":[35],""token_count"":1,""sequence_logprob"":-3.699045181274414,""mean_token_logprob"":-3.699045181274414,""token_logprobs"":[-3.699045181274414]},{""candidate"":""E"",""token_ids"":[36],""token_count"":1,""sequence_logprob"":-0.9490451812744141,""mean_token_logprob"":-0.9490451812744141,""token_logprobs"":[-0.9490451812744141]},{""candidate"":""F"",""token_ids"":[37],""token_count"":1,""sequence_logprob"":-4.136545181274414,""mean_token_logprob"":-4.136545181274414,""token_logprobs"":[-4.136545181274414]},{""candidate"":""A"",""token_ids"":[32],""token_count"":1,""sequence_logprob"":-1.449045181274414,""mean_token_logprob"":-1.449045181274414,""token_logprobs"":[-1.449045181274414]},{""candidate"":""B"",""token_ids"":[33],""token_count"":1,""sequence_logprob"":-1.886545181274414,""mean_token_logprob"":-1.886545181274414,""token_logprobs"":[-1.886545181274414]},{""candidate"":""C"",""token_ids"":[34],""token_count"":1,""sequence_logprob"":-4.449045181274414,""mean_token_logprob"":-4.449045181274414,""token_logprobs"":[-4.449045181274414]}]",E,false
580149,Trill,A,1,6,audio_icl_candidate,candidate,,"[{""candidate"":""D"",""token_ids"":[35],""token_count"":1,""sequence_logprob"":-4.438874244689941,""mean_token_logprob"":-4.438874244689941,""token_logprobs"":[-4.438874244689941]},{""candidate"":""E"",""token_ids"":[36],""token_count"":1,""sequence_logprob"":-0.7513741850852966,""mean_token_logprob"":-0.7513741850852966,""token_logprobs"":[-0.7513741850852966]},{""candidate"":""F"",""token_ids"":[37],""token_count"":1,""sequence_logprob"":-4.626374244689941,""mean_token_logprob"":-4.626374244689941,""token_logprobs"":[-4.626374244689941]},{""candidate"":""A"",""token_ids"":[32],""token_count"":1,""sequence_logprob"":-1.5638742446899414,""mean_token_logprob"":-1.5638742446899414,""token_logprobs"":[-1.5638742446899414]},{""candidate"":""B"",""token_ids"":[33],""token_count"":1,""sequence_logprob"":-1.9388742446899414,""mean_token_logprob"":-1.9388742446899414,""token_logprobs"":[-1.9388742446899414]},{""candidate"":""C"",""token_ids"":[34],""token_count"":1,""sequence_logprob"":-5.438874244689941,""mean_token_logprob"":-5.438874244689941,""token_logprobs"":[-5.438874244689941]}]",E,false
580352,Phee,E,1,6,audio_icl_candidate,candidate,,"[{""candidate"":""D"",""token_ids"":[35],""token_count"":1,""sequence_logprob"":-4.232928276062012,""mean_token_logprob"":-4.232928276062012,""token_logprobs"":[-4.232928276062012]},{""candidate"":""E"",""token_ids"":[36],""token_count"":1,""sequence_logprob"":-0.795428454875946,""mean_token_logprob"":-0.795428454875946,""token_logprobs"":[-0.795428454875946]},{""candidate"":""F"",""token_ids"":[37],""token_count"":1,""sequence_logprob"":-3.982928514480591,""mean_token_logprob"":-3.982928514480591,""token_logprobs"":[-3.982928514480591]},{""candidate"":""A"",""token_ids"":[32],""token_count"":1,""sequence_logprob"":-1.6079285144805908,""mean_token_logprob"":-1.6079285144805908,""token_logprobs"":[-1.6079285144805908]},{""candidate"":""B"",""token_ids"":[33],""token_count"":1,""sequence_logprob"":-1.7954285144805908,""mean_token_logprob"":-1.7954285144805908,""token_logprobs"":[-1.7954285144805908]},{""candidate"":""C"",""token_ids"":[34],""token_count"":1,""sequence_logprob"":-4.982928276062012,""mean_token_logprob"":-4.982928276062012,""token_logprobs"":[-4.982928276062012]}]",E,true
590590,Phee,E,1,6,audio_icl_candidate,candidate,,"[{""candidate"":""D"",""token_ids"":[35],""token_count"":1,""sequence_logprob"":-3.877030849456787,""mean_token_logprob"":-3.877030849456787,""token_logprobs"":[-3.877030849456787]},{""candidate"":""E"",""token_ids"":[36],""token_count"":1,""sequence_logprob"":-0.7520307898521423,""mean_token_logprob"":-0.7520307898521423,""token_logprobs"":[-0.7520307898521423]},{""candidate"":""F"",""token_ids"":[37],""token_count"":1,""sequence_logprob"":-4.189530849456787,""mean_token_logprob"":-4.189530849456787,""token_logprobs"":[-4.189530849456787]},{""candidate"":""A"",""token_ids"":[32],""token_count"":1,""sequence_logprob"":-1.564530849456787,""mean_token_logprob"":-1.564530849456787,""token_logprobs"":[-1.564530849456787]},{""candidate"":""B"",""token_ids"":[33],""token_count"":1,""sequence_logprob"":-2.127030849456787,""mean_token_logprob"":-2.127030849456787,""token_logprobs"":[-2.127030849456787]},{""candidate"":""C"",""token_ids"":[34],""token_count"":1,""sequence_logprob"":-4.814530849456787,""mean_token_logprob"":-4.814530849456787,""token_logprobs"":[-4.814530849456787]}]",E,true
592253,Trill,A,1,6,audio_icl_candidate,candidate,,"[{""candidate"":""D"",""token_ids"":[35],""token_count"":1,""sequence_logprob"":-3.939350128173828,""mean_token_logprob"":-3.939350128173828,""token_logprobs"":[-3.939350128173828]},{""candidate"":""E"",""token_ids"":[36],""token_count"":1,""sequence_logprob"":-0.8768501281738281,""mean_token_logprob"":-0.8768501281738281,""token_logprobs"":[-0.8768501281738281]},{""candidate"":""F"",""token_ids"":[37],""token_count"":1,""sequence_logprob"":-4.689350128173828,""mean_token_logprob"":-4.689350128173828,""token_logprobs"":[-4.689350128173828]},{""candidate"":""A"",""token_ids"":[32],""token_count"":1,""sequence_logprob"":-1.4393501281738281,""mean_token_logprob"":-1.4393501281738281,""token_logprobs"":[-1.4393501281738281]},{""candidate"":""B"",""token_ids"":[33],""token_count"":1,""sequence_logprob"":-2.064350128173828,""mean_token_logprob"":-2.064350128173828,""token_logprobs"":[-2.064350128173828]},{""candidate"":""C"",""token_ids"":[34],""token_count"":1,""sequence_logprob"":-5.126850128173828,""mean_token_logprob"":-5.126850128173828,""token_logprobs"":[-5.126850128173828]}]",E,false
592286,Twitter,C,1,6,audio_icl_candidate,candidate,,"[{""candidate"":""D"",""token_ids"":[35],""token_count"":1,""sequence_logprob"":-4.223162651062012,""mean_token_logprob"":-4.223162651062012,""token_logprobs"":[-4.223162651062012]},{""candidate"":""E"",""token_ids"":[36],""token_count"":1,""sequence_logprob"":-0.5356627702713013,""mean_token_logprob"":-0.5356627702713013,""token_logprobs"":[-0.5356627702713013]},{""candidate"":""F"",""token_ids"":[37],""token_count"":1,""sequence_logprob"":-4.598162651062012,""mean_token_logprob"":-4.598162651062012,""token_logprobs"":[-4.598162651062012]},{""candidate"":""A"",""token_ids"":[32],""token_count"":1,""sequence_logprob"":-1.6606627702713013,""mean_token_logprob"":-1.6606627702713013,""token_logprobs"":[-1.6606627702713013]},{""candidate"":""B"",""token_ids"":[33],""token_count"":1,""sequence_logprob"":-3.3481626510620117,""mean_token_logprob"":-3.3481626510620117,""token_logprobs"":[-3.3481626510620117]},{""candidate"":""C"",""token_ids"":[34],""token_count"":1,""sequence_logprob"":-5.035662651062012,""mean_token_logprob"":-5.035662651062012,""token_logprobs"":[-5.035662651062012]}]",E,false
595018,Trill,A,1,6,audio_icl_candidate,candidate,,"[{""candidate"":""D"",""token_ids"":[35],""token_count"":1,""sequence_logprob"":-3.520961284637451,""mean_token_logprob"":-3.520961284637451,""token_logprobs"":[-3.520961284637451]},{""candidate"":""E"",""token_ids"":[36],""token_count"":1,""sequence_logprob"":-0.7709612250328064,""mean_token_logprob"":-0.7709612250328064,""token_logprobs"":[-0.7709612250328064]},{""candidate"":""F"",""token_ids"":[37],""token_count"":1,""sequence_logprob"":-4.270961284637451,""mean_token_logprob"":-4.270961284637451,""token_logprobs"":[-4.270961284637451]},{""candidate"":""A"",""token_ids"":[32],""token_count"":1,""sequence_logprob"":-1.5209612846374512,""mean_token_logprob"":-1.5209612846374512,""token_logprobs"":[-1.5209612846374512]},{""candidate"":""B"",""token_ids"":[33],""token_count"":1,""sequence_logprob"":-2.145961284637451,""mean_token_logprob"":-2.145961284637451,""token_logprobs"":[-2.145961284637451]},{""candidate"":""C"",""token_ids"":[34],""token_count"":1,""sequence_logprob"":-4.770961284637451,""mean_token_logprob"":-4.770961284637451,""token_logprobs"":[-4.770961284637451]}]",E,false
598116,Twitter,C,1,6,audio_icl_candidate,candidate,,"[{""candidate"":""D"",""token_ids"":[35],""token_count"":1,""sequence_logprob"":-4.035493850708008,""mean_token_logprob"":-4.035493850708008,""token_logprobs"":[-4.035493850708008]},{""candidate"":""E"",""token_ids"":[36],""token_count"":1,""sequence_logprob"":-0.7854936718940735,""mean_token_logprob"":-0.7854936718940735,""token_logprobs"":[-0.7854936718940735]},{""candidate"":""F"",""token_ids"":[37],""token_count"":1,""sequence_logprob"":-4.410493850708008,""mean_token_logprob"":-4.410493850708008,""token_logprobs"":[-4.410493850708008]},{""candidate"":""A"",""token_ids"":[32],""token_count"":1,""sequence_logprob"":-1.5354936122894287,""mean_token_logprob"":-1.5354936122894287,""token_logprobs"":[-1.5354936122894287]},{""candidate"":""B"",""token_ids"":[33],""token_count"":1,""sequence_logprob"":-2.2229936122894287,""mean_token_logprob"":-2.2229936122894287,""token_logprobs"":[-2.2229936122894287]},{""candidate"":""C"",""token_ids"":[34],""token_count"":1,""sequence_logprob"":-4.910493850708008,""mean_token_logprob"":-4.910493850708008,""token_logprobs"":[-4.910493850708008]}]",E,false
598781,Twitter,C,1,6,audio_icl_candidate,candidate,,"[{""candidate"":""D"",""token_ids"":[35],""token_count"":1,""sequence_logprob"":-4.609203338623047,""mean_token_logprob"":-4.609203338623047,""token_logprobs"":[-4.609203338623047]},{""candidate"":""E"",""token_ids"":[36],""token_count"":1,""sequence_logprob"":-0.7967034578323364,""mean_token_logprob"":-0.7967034578323364,""token_logprobs"":[-0.7967034578323364]},{""candidate"":""F"",""token_ids"":[37],""token_count"":1,""sequence_logprob"":-4.734203338623047,""mean_token_logprob"":-4.734203338623047,""token_logprobs"":[-4.734203338623047]},{""candidate"":""A"",""token_ids"":[32],""token_count"":1,""sequence_logprob"":-1.5467034578323364,""mean_token_logprob"":-1.5467034578323364,""token_logprobs"":[-1.5467034578323364]},{""candidate"":""B"",""token_ids"":[33],""token_count"":1,""sequence_logprob"":-2.046703338623047,""mean_token_logprob"":-2.046703338623047,""token_logprobs"":[-2.046703338623047]},{""candidate"":""C"",""token_ids"":[34],""token_count"":1,""sequence_logprob"":-4.859203338623047,""mean_token_logprob"":-4.859203338623047,""token_logprobs"":[-4.859203338623047]}]",E,false
609454,Infant Cry,D,1,6,audio_icl_candidate,candidate,,"[{""candidate"":""D"",""token_ids"":[35],""token_count"":1,""sequence_logprob"":-3.7078466415405273,""mean_token_logprob"":-3.7078466415405273,""token_logprobs"":[-3.7078466415405273]},{""candidate"":""E"",""token_ids"":[36],""token_count"":1,""sequence_logprob"":-0.8328465223312378,""mean_token_logprob"":-0.8328465223312378,""token_logprobs"":[-0.8328465223312378]},{""candidate"":""F"",""token_ids"":[37],""token_count"":1,""sequence_logprob"":-3.7703466415405273,""mean_token_logprob"":-3.7703466415405273,""token_logprobs"":[-3.7703466415405273]},{""candidate"":""A"",""token_ids"":[32],""token_count"":1,""sequence_logprob"":-1.6453465223312378,""mean_token_logprob"":-1.6453465223312378,""token_logprobs"":[-1.6453465223312378]},{""candidate"":""B"",""token_ids"":[33],""token_count"":1,""sequence_logprob"":-2.1453466415405273,""mean_token_logprob"":-2.1453466415405273,""token_logprobs"":[-2.1453466415405273]},{""candidate"":""C"",""token_ids"":[34],""token_count"":1,""sequence_logprob"":-4.957846641540527,""mean_token_logprob"":-4.957846641540527,""token_logprobs"":[-4.957846641540527]}]",E,false
610080,Tsik,B,1,6,audio_icl_candidate,candidate,,"[{""candidate"":""D"",""token_ids"":[35],""token_count"":1,""sequence_logprob"":-3.4554481506347656,""mean_token_logprob"":-3.4554481506347656,""token_logprobs"":[-3.4554481506347656]},{""candidate"":""E"",""token_ids"":[36],""token_count"":1,""sequence_logprob"":-0.8929482698440552,""mean_token_logprob"":-0.8929482698440552,""token_logprobs"":[-0.8929482698440552]},{""candidate"":""F"",""token_ids"":[37],""token_count"":1,""sequence_logprob"":-3.1429481506347656,""mean_token_logprob"":-3.1429481506347656,""token_logprobs"":[-3.1429481506347656]},{""candidate"":""A"",""token_ids"":[32],""token_count"":1,""sequence_logprob"":-1.6429482698440552,""mean_token_logprob"":-1.6429482698440552,""token_logprobs"":[-1.6429482698440552]},{""candidate"":""B"",""token_ids"":[33],""token_count"":1,""sequence_logprob"":-2.2054481506347656,""mean_token_logprob"":-2.2054481506347656,""token_logprobs"":[-2.2054481506347656]},{""candidate"":""C"",""token_ids"":[34],""token_count"":1,""sequence_logprob"":-4.330448150634766,""mean_token_logprob"":-4.330448150634766,""token_logprobs"":[-4.330448150634766]}]",E,false
614582,Tsik,B,1,6,audio_icl_candidate,candidate,,"[{""candidate"":""D"",""token_ids"":[35],""token_count"":1,""sequence_logprob"":-3.770094871520996,""mean_token_logprob"":-3.770094871520996,""token_logprobs"":[-3.770094871520996]},{""candidate"":""E"",""token_ids"":[36],""token_count"":1,""sequence_logprob"":-1.0200949907302856,""mean_token_logprob"":-1.0200949907302856,""token_logprobs"":[-1.0200949907302856]},{""candidate"":""F"",""token_ids"":[37],""token_count"":1,""sequence_logprob"":-3.082594871520996,""mean_token_logprob"":-3.082594871520996,""token_logprobs"":[-3.082594871520996]},{""candidate"":""A"",""token_ids"":[32],""token_count"":1,""sequence_logprob"":-1.3950949907302856,""mean_token_logprob"":-1.3950949907302856,""token_logprobs"":[-1.3950949907302856]},{""candidate"":""B"",""token_ids"":[33],""token_count"":1,""sequence_logprob"":-2.332594871520996,""mean_token_logprob"":-2.332594871520996,""token_logprobs"":[-2.332594871520996]},{""candidate"":""C"",""token_ids"":[34],""token_count"":1,""sequence_logprob"":-4.270094871520996,""mean_token_logprob"":-4.270094871520996,""token_logprobs"":[-4.270094871520996]}]",E,false
614794,Tsik,B,1,6,audio_icl_candidate,candidate,,"[{""candidate"":""D"",""token_ids"":[35],""token_count"":1,""sequence_logprob"":-3.625054121017456,""mean_token_logprob"":-3.625054121017456,""token_logprobs"":[-3.625054121017456]},{""candidate"":""E"",""token_ids"":[36],""token_count"":1,""sequence_logprob"":-0.937554121017456,""mean_token_logprob"":-0.937554121017456,""token_logprobs"":[-0.937554121017456]},{""candidate"":""F"",""token_ids"":[37],""token_count"":1,""sequence_logprob"":-3.375054121017456,""mean_token_logprob"":-3.375054121017456,""token_logprobs"":[-3.375054121017456]},{""candidate"":""A"",""token_ids"":[32],""token_count"":1,""sequence_logprob"":-1.562554121017456,""mean_token_logprob"":-1.562554121017456,""token_logprobs"":[-1.562554121017456]},{""candidate"":""B"",""token_ids"":[33],""token_count"":1,""sequence_logprob"":-2.062554121017456,""mean_token_logprob"":-2.062554121017456,""token_logprobs"":[-2.062554121017456]},{""candidate"":""C"",""token_ids"":[34],""token_count"":1,""sequence_logprob"":-4.437554359436035,""mean_token_logprob"":-4.437554359436035,""token_logprobs"":[-4.437554359436035]}]",E,false
622260,Twitter,C,1,6,audio_icl_candidate,candidate,,"[{""candidate"":""D"",""token_ids"":[35],""token_count"":1,""sequence_logprob"":-4.372350692749023,""mean_token_logprob"":-4.372350692749023,""token_logprobs"":[-4.372350692749023]},{""candidate"":""E"",""token_ids"":[36],""token_count"":1,""sequence_logprob"":-0.7473509311676025,""mean_token_logprob"":-0.7473509311676025,""token_logprobs"":[-0.7473509311676025]},{""candidate"":""F"",""token_ids"":[37],""token_count"":1,""sequence_logprob"":-4.872350692749023,""mean_token_logprob"":-4.872350692749023,""token_logprobs"":[-4.872350692749023]},{""candidate"":""A"",""token_ids"":[32],""token_count"":1,""sequence_logprob"":-1.5598509311676025,""mean_token_logprob"":-1.5598509311676025,""token_logprobs"":[-1.5598509311676025]},{""candidate"":""B"",""token_ids"":[33],""token_count"":1,""sequence_logprob"":-2.0598509311676025,""mean_token_logprob"":-2.0598509311676025,""token_logprobs"":[-2.0598509311676025]},{""candidate"":""C"",""token_ids"":[34],""token_count"":1,""sequence_logprob"":-5.622350692749023,""mean_token_logprob"":-5.622350692749023,""token_logprobs"":[-5.622350692749023]}]",E,false
622312,Tsik,B,1,6,audio_icl_candidate,candidate,,"[{""candidate"":""D"",""token_ids"":[35],""token_count"":1,""sequence_logprob"":-3.949343681335449,""mean_token_logprob"":-3.949343681335449,""token_logprobs"":[-3.949343681335449]},{""candidate"":""E"",""token_ids"":[36],""token_count"":1,""sequence_logprob"":-0.8243435621261597,""mean_token_logprob"":-0.8243435621261597,""token_logprobs"":[-0.8243435621261597]},{""candidate"":""F"",""token_ids"":[37],""token_count"":1,""sequence_logprob"":-4.261843681335449,""mean_token_logprob"":-4.261843681335449,""token_logprobs"":[-4.261843681335449]},{""candidate"":""A"",""token_ids"":[32],""token_count"":1,""sequence_logprob"":-1.5743435621261597,""mean_token_logprob"":-1.5743435621261597,""token_logprobs"":[-1.5743435621261597]},{""candidate"":""B"",""token_ids"":[33],""token_count"":1,""sequence_logprob"":-2.199343681335449,""mean_token_logprob"":-2.199343681335449,""token_logprobs"":[-2.199343681335449]},{""candidate"":""C"",""token_ids"":[34],""token_count"":1,""sequence_logprob"":-4.949343681335449,""mean_token_logprob"":-4.949343681335449,""token_logprobs"":[-4.949343681335449]}]",E,false
622320,Trill,A,1,6,audio_icl_candidate,candidate,,"[{""candidate"":""D"",""token_ids"":[35],""token_count"":1,""sequence_logprob"":-4.044425964355469,""mean_token_logprob"":-4.044425964355469,""token_logprobs"":[-4.044425964355469]},{""candidate"":""E"",""token_ids"":[36],""token_count"":1,""sequence_logprob"":-0.8569260835647583,""mean_token_logprob"":-0.8569260835647583,""token_logprobs"":[-0.8569260835647583]},{""candidate"":""F"",""token_ids"":[37],""token_count"":1,""sequence_logprob"":-4.106925964355469,""mean_token_logprob"":-4.106925964355469,""token_logprobs"":[-4.106925964355469]},{""candidate"":""A"",""token_ids"":[32],""token_count"":1,""sequence_logprob"":-1.4819260835647583,""mean_token_logprob"":-1.4819260835647583,""token_logprobs"":[-1.4819260835647583]},{""candidate"":""B"",""token_ids"":[33],""token_count"":1,""sequence_logprob"":-1.9819260835647583,""mean_token_logprob"":-1.9819260835647583,""token_logprobs"":[-1.9819260835647583]},{""candidate"":""C"",""token_ids"":[34],""token_count"":1,""sequence_logprob"":-4.856925964355469,""mean_token_logprob"":-4.856925964355469,""token_logprobs"":[-4.856925964355469]}]",E,false
622417,Seep,F,1,6,audio_icl_candidate,candidate,,"[{""candidate"":""D"",""token_ids"":[35],""token_count"":1,""sequence_logprob"":-4.195485591888428,""mean_token_logprob"":-4.195485591888428,""token_logprobs"":[-4.195485591888428]},{""candidate"":""E"",""token_ids"":[36],""token_count"":1,""sequence_logprob"":-0.7579856514930725,""mean_token_logprob"":-0.7579856514930725,""token_logprobs"":[-0.7579856514930725]},{""candidate"":""F"",""token_ids"":[37],""token_count"":1,""sequence_logprob"":-3.8829855918884277,""mean_token_logprob"":-3.8829855918884277,""token_logprobs"":[-3.8829855918884277]},{""candidate"":""A"",""token_ids"":[32],""token_count"":1,""sequence_logprob"":-1.6329855918884277,""mean_token_logprob"":-1.6329855918884277,""token_logprobs"":[-1.6329855918884277]},{""candidate"":""B"",""token_ids"":[33],""token_count"":1,""sequence_logprob"":-2.1954855918884277,""mean_token_logprob"":-2.1954855918884277,""token_logprobs"":[-2.1954855918884277]},{""candidate"":""C"",""token_ids"":[34],""token_count"":1,""sequence_logprob"":-4.945485591888428,""mean_token_logprob"":-4.945485591888428,""token_logprobs"":[-4.945485591888428]}]",E,false
622758,Twitter,C,1,6,audio_icl_candidate,candidate,,"[{""candidate"":""D"",""token_ids"":[35],""token_count"":1,""sequence_logprob"":-4.256832599639893,""mean_token_logprob"":-4.256832599639893,""token_logprobs"":[-4.256832599639893]},{""candidate"":""E"",""token_ids"":[36],""token_count"":1,""sequence_logprob"":-0.8818327188491821,""mean_token_logprob"":-0.8818327188491821,""token_logprobs"":[-0.8818327188491821]},{""candidate"":""F"",""token_ids"":[37],""token_count"":1,""sequence_logprob"":-4.381832599639893,""mean_token_logprob"":-4.381832599639893,""token_logprobs"":[-4.381832599639893]},{""candidate"":""A"",""token_ids"":[32],""token_count"":1,""sequence_logprob"":-1.5068327188491821,""mean_token_logprob"":-1.5068327188491821,""token_logprobs"":[-1.5068327188491821]},{""candidate"":""B"",""token_ids"":[33],""token_count"":1,""sequence_logprob"":-1.8193327188491821,""mean_token_logprob"":-1.8193327188491821,""token_logprobs"":[-1.8193327188491821]},{""candidate"":""C"",""token_ids"":[34],""token_count"":1,""sequence_logprob"":-5.131832599639893,""mean_token_logprob"":-5.131832599639893,""token_logprobs"":[-5.131832599639893]}]",E,false
623382,Seep,F,1,6,audio_icl_candidate,candidate,,"[{""candidate"":""D"",""token_ids"":[35],""token_count"":1,""sequence_logprob"":-4.100722789764404,""mean_token_logprob"":-4.100722789764404,""token_logprobs"":[-4.100722789764404]},{""candidate"":""E"",""token_ids"":[36],""token_count"":1,""sequence_logprob"":-0.9132226705551147,""mean_token_logprob"":-0.9132226705551147,""token_logprobs"":[-0.9132226705551147]},{""candidate"":""F"",""token_ids"":[37],""token_count"":1,""sequence_logprob"":-4.600722789764404,""mean_token_logprob"":-4.600722789764404,""token_logprobs"":[-4.600722789764404]},{""candidate"":""A"",""token_ids"":[32],""token_count"":1,""sequence_logprob"":-1.5382226705551147,""mean_token_logprob"":-1.5382226705551147,""token_logprobs"":[-1.5382226705551147]},{""candidate"":""B"",""token_ids"":[33],""token_count"":1,""sequence_logprob"":-2.1007227897644043,""mean_token_logprob"":-2.1007227897644043,""token_logprobs"":[-2.1007227897644043]},{""candidate"":""C"",""token_ids"":[34],""token_count"":1,""sequence_logprob"":-4.975722789764404,""mean_token_logprob"":-4.975722789764404,""token_logprobs"":[-4.975722789764404]}]",E,false
623573,Twitter,C,1,6,audio_icl_candidate,candidate,,"[{""candidate"":""D"",""token_ids"":[35],""token_count"":1,""sequence_logprob"":-4.29683780670166,""mean_token_logprob"":-4.29683780670166,""token_logprobs"":[-4.29683780670166]},{""candidate"":""E"",""token_ids"":[36],""token_count"":1,""sequence_logprob"":-0.8593380451202393,""mean_token_logprob"":-0.8593380451202393,""token_logprobs"":[-0.8593380451202393]},{""candidate"":""F"",""token_ids"":[37],""token_count"":1,""sequence_logprob"":-4.23433780670166,""mean_token_logprob"":-4.23433780670166,""token_logprobs"":[-4.23433780670166]},{""candidate"":""A"",""token_ids"":[32],""token_count"":1,""sequence_logprob"":-1.4843380451202393,""mean_token_logprob"":-1.4843380451202393,""token_logprobs"":[-1.4843380451202393]},{""candidate"":""B"",""token_ids"":[33],""token_count"":1,""sequence_logprob"":-2.0468380451202393,""mean_token_logprob"":-2.0468380451202393,""token_logprobs"":[-2.0468380451202393]},{""candidate"":""C"",""token_ids"":[34],""token_count"":1,""sequence_logprob"":-4.98433780670166,""mean_token_logprob"":-4.98433780670166,""token_logprobs"":[-4.98433780670166]}]",E,false
623621,Seep,F,1,6,audio_icl_candidate,candidate,,"[{""candidate"":""D"",""token_ids"":[35],""token_count"":1,""sequence_logprob"":-4.137869834899902,""mean_token_logprob"":-4.137869834899902,""token_logprobs"":[-4.137869834899902]},{""candidate"":""E"",""token_ids"":[36],""token_count"":1,""sequence_logprob"":-0.825369656085968,""mean_token_logprob"":-0.825369656085968,""token_logprobs"":[-0.825369656085968]},{""candidate"":""F"",""token_ids"":[37],""token_count"":1,""sequence_logprob"":-4.512869834899902,""mean_token_logprob"":-4.512869834899902,""token_logprobs"":[-4.512869834899902]},{""candidate"":""A"",""token_ids"":[32],""token_count"":1,""sequence_logprob"":-1.6378695964813232,""mean_token_logprob"":-1.6378695964813232,""token_logprobs"":[-1.6378695964813232]},{""candidate"":""B"",""token_ids"":[33],""token_count"":1,""sequence_logprob"":-2.0753695964813232,""mean_token_logprob"":-2.0753695964813232,""token_logprobs"":[-2.0753695964813232]},{""candidate"":""C"",""token_ids"":[34],""token_count"":1,""sequence_logprob"":-5.012869834899902,""mean_token_logprob"":-5.012869834899902,""token_logprobs"":[-5.012869834899902]}]",E,false
623676,Infant Cry,D,1,6,audio_icl_candidate,candidate,,"[{""candidate"":""D"",""token_ids"":[35],""token_count"":1,""sequence_logprob"":-3.7683024406433105,""mean_token_logprob"":-3.7683024406433105,""token_logprobs"":[-3.7683024406433105]},{""candidate"":""E"",""token_ids"":[36],""token_count"":1,""sequence_logprob"":-0.8933024406433105,""mean_token_logprob"":-0.8933024406433105,""token_logprobs"":[-0.8933024406433105]},{""candidate"":""F"",""token_ids"":[37],""token_count"":1,""sequence_logprob"":-3.8308024406433105,""mean_token_logprob"":-3.8308024406433105,""token_logprobs"":[-3.8308024406433105]},{""candidate"":""A"",""token_ids"":[32],""token_count"":1,""sequence_logprob"":-1.5183024406433105,""mean_token_logprob"":-1.5183024406433105,""token_logprobs"":[-1.5183024406433105]},{""candidate"":""B"",""token_ids"":[33],""token_count"":1,""sequence_logprob"":-2.0808024406433105,""mean_token_logprob"":-2.0808024406433105,""token_logprobs"":[-2.0808024406433105]},{""candidate"":""C"",""token_ids"":[34],""token_count"":1,""sequence_logprob"":-5.4558024406433105,""mean_token_logprob"":-5.4558024406433105,""token_logprobs"":[-5.4558024406433105]}]",E,false
623691,Infant Cry,D,1,6,audio_icl_candidate,candidate,,"[{""candidate"":""D"",""token_ids"":[35],""token_count"":1,""sequence_logprob"":-3.6463563442230225,""mean_token_logprob"":-3.6463563442230225,""token_logprobs"":[-3.6463563442230225]},{""candidate"":""E"",""token_ids"":[36],""token_count"":1,""sequence_logprob"":-0.8338563442230225,""mean_token_logprob"":-0.8338563442230225,""token_logprobs"":[-0.8338563442230225]},{""candidate"":""F"",""token_ids"":[37],""token_count"":1,""sequence_logprob"":-3.7088563442230225,""mean_token_logprob"":-3.7088563442230225,""token_logprobs"":[-3.7088563442230225]},{""candidate"":""A"",""token_ids"":[32],""token_count"":1,""sequence_logprob"":-1.5838563442230225,""mean_token_logprob"":-1.5838563442230225,""token_logprobs"":[-1.5838563442230225]},{""candidate"":""B"",""token_ids"":[33],""token_count"":1,""sequence_logprob"":-2.2088563442230225,""mean_token_logprob"":-2.2088563442230225,""token_logprobs"":[-2.2088563442230225]},{""candidate"":""C"",""token_ids"":[34],""token_count"":1,""sequence_logprob"":-4.958856582641602,""mean_token_logprob"":-4.958856582641602,""token_logprobs"":[-4.958856582641602]}]",E,false
623713,Seep,F,1,6,audio_icl_candidate,candidate,,"[{""candidate"":""D"",""token_ids"":[35],""token_count"":1,""sequence_logprob"":-4.145807266235352,""mean_token_logprob"":-4.145807266235352,""token_logprobs"":[-4.145807266235352]},{""candidate"":""E"",""token_ids"":[36],""token_count"":1,""sequence_logprob"":-0.8333075046539307,""mean_token_logprob"":-0.8333075046539307,""token_logprobs"":[-0.8333075046539307]},{""candidate"":""F"",""token_ids"":[37],""token_count"":1,""sequence_logprob"":-4.395807266235352,""mean_token_logprob"":-4.395807266235352,""token_logprobs"":[-4.395807266235352]},{""candidate"":""A"",""token_ids"":[32],""token_count"":1,""sequence_logprob"":-1.5833075046539307,""mean_token_logprob"":-1.5833075046539307,""token_logprobs"":[-1.5833075046539307]},{""candidate"":""B"",""token_ids"":[33],""token_count"":1,""sequence_logprob"":-2.1458075046539307,""mean_token_logprob"":-2.1458075046539307,""token_logprobs"":[-2.1458075046539307]},{""candidate"":""C"",""token_ids"":[34],""token_count"":1,""sequence_logprob"":-5.270807266235352,""mean_token_logprob"":-5.270807266235352,""token_logprobs"":[-5.270807266235352]}]",E,false
623831,Tsik,B,1,6,audio_icl_candidate,candidate,,"[{""candidate"":""D"",""token_ids"":[35],""token_count"":1,""sequence_logprob"":-3.701287269592285,""mean_token_logprob"":-3.701287269592285,""token_logprobs"":[-3.701287269592285]},{""candidate"":""E"",""token_ids"":[36],""token_count"":1,""sequence_logprob"":-0.8262873888015747,""mean_token_logprob"":-0.8262873888015747,""token_logprobs"":[-0.8262873888015747]},{""candidate"":""F"",""token_ids"":[37],""token_count"":1,""sequence_logprob"":-3.138787269592285,""mean_token_logprob"":-3.138787269592285,""token_logprobs"":[-3.138787269592285]},{""candidate"":""A"",""token_ids"":[32],""token_count"":1,""sequence_logprob"":-1.6387873888015747,""mean_token_logprob"":-1.6387873888015747,""token_logprobs"":[-1.6387873888015747]},{""candidate"":""B"",""token_ids"":[33],""token_count"":1,""sequence_logprob"":-2.326287269592285,""mean_token_logprob"":-2.326287269592285,""token_logprobs"":[-2.326287269592285]},{""candidate"":""C"",""token_ids"":[34],""token_count"":1,""sequence_logprob"":-4.513787269592285,""mean_token_logprob"":-4.513787269592285,""token_logprobs"":[-4.513787269592285]}]",E,false
624179,Twitter,C,1,6,audio_icl_candidate,candidate,,"[{""candidate"":""D"",""token_ids"":[35],""token_count"":1,""sequence_logprob"":-4.525568962097168,""mean_token_logprob"":-4.525568962097168,""token_logprobs"":[-4.525568962097168]},{""candidate"":""E"",""token_ids"":[36],""token_count"":1,""sequence_logprob"":-0.5255690813064575,""mean_token_logprob"":-0.5255690813064575,""token_logprobs"":[-0.5255690813064575]},{""candidate"":""F"",""token_ids"":[37],""token_count"":1,""sequence_logprob"":-4.338068962097168,""mean_token_logprob"":-4.338068962097168,""token_logprobs"":[-4.338068962097168]},{""candidate"":""A"",""token_ids"":[32],""token_count"":1,""sequence_logprob"":-1.5880690813064575,""mean_token_logprob"":-1.5880690813064575,""token_logprobs"":[-1.5880690813064575]},{""candidate"":""B"",""token_ids"":[33],""token_count"":1,""sequence_logprob"":-3.213068962097168,""mean_token_logprob"":-3.213068962097168,""token_logprobs"":[-3.213068962097168]},{""candidate"":""C"",""token_ids"":[34],""token_count"":1,""sequence_logprob"":-5.713068962097168,""mean_token_logprob"":-5.713068962097168,""token_logprobs"":[-5.713068962097168]}]",E,false
624712,Trill,A,1,6,audio_icl_candidate,candidate,,"[{""candidate"":""D"",""token_ids"":[35],""token_count"":1,""sequence_logprob"":-3.867504119873047,""mean_token_logprob"":-3.867504119873047,""token_logprobs"":[-3.867504119873047]},{""candidate"":""E"",""token_ids"":[36],""token_count"":1,""sequence_logprob"":-0.8050041198730469,""mean_token_logprob"":-0.8050041198730469,""token_logprobs"":[-0.8050041198730469]},{""candidate"":""F"",""token_ids"":[37],""token_count"":1,""sequence_logprob"":-4.680004119873047,""mean_token_logprob"":-4.680004119873047,""token_logprobs"":[-4.680004119873047]},{""candidate"":""A"",""token_ids"":[32],""token_count"":1,""sequence_logprob"":-1.5550041198730469,""mean_token_logprob"":-1.5550041198730469,""token_logprobs"":[-1.5550041198730469]},{""candidate"":""B"",""token_ids"":[33],""token_count"":1,""sequence_logprob"":-2.117504119873047,""mean_token_logprob"":-2.117504119873047,""token_logprobs"":[-2.117504119873047]},{""candidate"":""C"",""token_ids"":[34],""token_count"":1,""sequence_logprob"":-4.805004119873047,""mean_token_logprob"":-4.805004119873047,""token_logprobs"":[-4.805004119873047]}]",E,false
625053,Twitter,C,1,6,audio_icl_candidate,candidate,,"[{""candidate"":""D"",""token_ids"":[35],""token_count"":1,""sequence_logprob"":-4.984353542327881,""mean_token_logprob"":-4.984353542327881,""token_logprobs"":[-4.984353542327881]},{""candidate"":""E"",""token_ids"":[36],""token_count"":1,""sequence_logprob"":-0.4843534827232361,""mean_token_logprob"":-0.4843534827232361,""token_logprobs"":[-0.4843534827232361]},{""candidate"":""F"",""token_ids"":[37],""token_count"":1,""sequence_logprob"":-4.671853542327881,""mean_token_logprob"":-4.671853542327881,""token_logprobs"":[-4.671853542327881]},{""candidate"":""A"",""token_ids"":[32],""token_count"":1,""sequence_logprob"":-1.8593535423278809,""mean_token_logprob"":-1.8593535423278809,""token_logprobs"":[-1.8593535423278809]},{""candidate"":""B"",""token_ids"":[33],""token_count"":1,""sequence_logprob"":-2.859353542327881,""mean_token_logprob"":-2.859353542327881,""token_logprobs"":[-2.859353542327881]},{""candidate"":""C"",""token_ids"":[34],""token_count"":1,""sequence_logprob"":-5.859353542327881,""mean_token_logprob"":-5.859353542327881,""token_logprobs"":[-5.859353542327881]}]",E,false
628729,Infant Cry,D,1,6,audio_icl_candidate,candidate,,"[{""candidate"":""D"",""token_ids"":[35],""token_count"":1,""sequence_logprob"":-3.665501117706299,""mean_token_logprob"":-3.665501117706299,""token_logprobs"":[-3.665501117706299]},{""candidate"":""E"",""token_ids"":[36],""token_count"":1,""sequence_logprob"":-0.915501058101654,""mean_token_logprob"":-0.915501058101654,""token_logprobs"":[-0.915501058101654]},{""candidate"":""F"",""token_ids"":[37],""token_count"":1,""sequence_logprob"":-3.915501117706299,""mean_token_logprob"":-3.915501117706299,""token_logprobs"":[-3.915501117706299]},{""candidate"":""A"",""token_ids"":[32],""token_count"":1,""sequence_logprob"":-1.4780011177062988,""mean_token_logprob"":-1.4780011177062988,""token_logprobs"":[-1.4780011177062988]},{""candidate"":""B"",""token_ids"":[33],""token_count"":1,""sequence_logprob"":-2.103001117706299,""mean_token_logprob"":-2.103001117706299,""token_logprobs"":[-2.103001117706299]},{""candidate"":""C"",""token_ids"":[34],""token_count"":1,""sequence_logprob"":-4.978001117706299,""mean_token_logprob"":-4.978001117706299,""token_logprobs"":[-4.978001117706299]}]",E,false
631448,Trill,A,1,6,audio_icl_candidate,candidate,,"[{""candidate"":""D"",""token_ids"":[35],""token_count"":1,""sequence_logprob"":-4.321080684661865,""mean_token_logprob"":-4.321080684661865,""token_logprobs"":[-4.321080684661865]},{""candidate"":""E"",""token_ids"":[36],""token_count"":1,""sequence_logprob"":-0.8210806250572205,""mean_token_logprob"":-0.8210806250572205,""token_logprobs"":[-0.8210806250572205]},{""candidate"":""F"",""token_ids"":[37],""token_count"":1,""sequence_logprob"":-4.571080684661865,""mean_token_logprob"":-4.571080684661865,""token_logprobs"":[-4.571080684661865]},{""candidate"":""A"",""token_ids"":[32],""token_count"":1,""sequence_logprob"":-1.6335806846618652,""mean_token_logprob"":-1.6335806846618652,""token_logprobs"":[-1.6335806846618652]},{""candidate"":""B"",""token_ids"":[33],""token_count"":1,""sequence_logprob"":-1.9460806846618652,""mean_token_logprob"":-1.9460806846618652,""token_logprobs"":[-1.9460806846618652]},{""candidate"":""C"",""token_ids"":[34],""token_count"":1,""sequence_logprob"":-4.883580684661865,""mean_token_logprob"":-4.883580684661865,""token_logprobs"":[-4.883580684661865]}]",E,false
631485,Phee,E,1,6,audio_icl_candidate,candidate,,"[{""candidate"":""D"",""token_ids"":[35],""token_count"":1,""sequence_logprob"":-3.7313709259033203,""mean_token_logprob"":-3.7313709259033203,""token_logprobs"":[-3.7313709259033203]},{""candidate"":""E"",""token_ids"":[36],""token_count"":1,""sequence_logprob"":-0.7313708066940308,""mean_token_logprob"":-0.7313708066940308,""token_logprobs"":[-0.7313708066940308]},{""candidate"":""F"",""token_ids"":[37],""token_count"":1,""sequence_logprob"":-3.9188709259033203,""mean_token_logprob"":-3.9188709259033203,""token_logprobs"":[-3.9188709259033203]},{""candidate"":""A"",""token_ids"":[32],""token_count"":1,""sequence_logprob"":-1.5438708066940308,""mean_token_logprob"":-1.5438708066940308,""token_logprobs"":[-1.5438708066940308]},{""candidate"":""B"",""token_ids"":[33],""token_count"":1,""sequence_logprob"":-2.1688709259033203,""mean_token_logprob"":-2.1688709259033203,""token_logprobs"":[-2.1688709259033203]},{""candidate"":""C"",""token_ids"":[34],""token_count"":1,""sequence_logprob"":-4.66887092590332,""mean_token_logprob"":-4.66887092590332,""token_logprobs"":[-4.66887092590332]}]",E,true
631861,Infant Cry,D,1,6,audio_icl_candidate,candidate,,"[{""candidate"":""D"",""token_ids"":[35],""token_count"":1,""sequence_logprob"":-3.743173360824585,""mean_token_logprob"":-3.743173360824585,""token_logprobs"":[-3.743173360824585]},{""candidate"":""E"",""token_ids"":[36],""token_count"":1,""sequence_logprob"":-0.9306734204292297,""mean_token_logprob"":-0.9306734204292297,""token_logprobs"":[-0.9306734204292297]},{""candidate"":""F"",""token_ids"":[37],""token_count"":1,""sequence_logprob"":-3.930673360824585,""mean_token_logprob"":-3.930673360824585,""token_logprobs"":[-3.930673360824585]},{""candidate"":""A"",""token_ids"":[32],""token_count"":1,""sequence_logprob"":-1.493173360824585,""mean_token_logprob"":-1.493173360824585,""token_logprobs"":[-1.493173360824585]},{""candidate"":""B"",""token_ids"":[33],""token_count"":1,""sequence_logprob"":-1.993173360824585,""mean_token_logprob"":-1.993173360824585,""token_logprobs"":[-1.993173360824585]},{""candidate"":""C"",""token_ids"":[34],""token_count"":1,""sequence_logprob"":-4.993173599243164,""mean_token_logprob"":-4.993173599243164,""token_logprobs"":[-4.993173599243164]}]",E,false
631947,Tsik,B,1,6,audio_icl_candidate,candidate,,"[{""candidate"":""D"",""token_ids"":[35],""token_count"":1,""sequence_logprob"":-4.0597405433654785,""mean_token_logprob"":-4.0597405433654785,""token_logprobs"":[-4.0597405433654785]},{""candidate"":""E"",""token_ids"":[36],""token_count"":1,""sequence_logprob"":-0.9972406625747681,""mean_token_logprob"":-0.9972406625747681,""token_logprobs"":[-0.9972406625747681]},{""candidate"":""F"",""token_ids"":[37],""token_count"":1,""sequence_logprob"":-4.4972405433654785,""mean_token_logprob"":-4.4972405433654785,""token_logprobs"":[-4.4972405433654785]},{""candidate"":""A"",""token_ids"":[32],""token_count"":1,""sequence_logprob"":-1.497240662574768,""mean_token_logprob"":-1.497240662574768,""token_logprobs"":[-1.497240662574768]},{""candidate"":""B"",""token_ids"":[33],""token_count"":1,""sequence_logprob"":-2.0597405433654785,""mean_token_logprob"":-2.0597405433654785,""token_logprobs"":[-2.0597405433654785]},{""candidate"":""C"",""token_ids"":[34],""token_count"":1,""sequence_logprob"":-4.9347405433654785,""mean_token_logprob"":-4.9347405433654785,""token_logprobs"":[-4.9347405433654785]}]",E,false
632037,Tsik,B,1,6,audio_icl_candidate,candidate,,"[{""candidate"":""D"",""token_ids"":[35],""token_count"":1,""sequence_logprob"":-3.610140085220337,""mean_token_logprob"":-3.610140085220337,""token_logprobs"":[-3.610140085220337]},{""candidate"":""E"",""token_ids"":[36],""token_count"":1,""sequence_logprob"":-0.9226400256156921,""mean_token_logprob"":-0.9226400256156921,""token_logprobs"":[-0.9226400256156921]},{""candidate"":""F"",""token_ids"":[37],""token_count"":1,""sequence_logprob"":-3.297640085220337,""mean_token_logprob"":-3.297640085220337,""token_logprobs"":[-3.297640085220337]},{""candidate"":""A"",""token_ids"":[32],""token_count"":1,""sequence_logprob"":-1.547640085220337,""mean_token_logprob"":-1.547640085220337,""token_logprobs"":[-1.547640085220337]},{""candidate"":""B"",""token_ids"":[33],""token_count"":1,""sequence_logprob"":-2.297640085220337,""mean_token_logprob"":-2.297640085220337,""token_logprobs"":[-2.297640085220337]},{""candidate"":""C"",""token_ids"":[34],""token_count"":1,""sequence_logprob"":-4.485139846801758,""mean_token_logprob"":-4.485139846801758,""token_logprobs"":[-4.485139846801758]}]",E,false
632300,Phee,E,1,6,audio_icl_candidate,candidate,,"[{""candidate"":""D"",""token_ids"":[35],""token_count"":1,""sequence_logprob"":-4.268278121948242,""mean_token_logprob"":-4.268278121948242,""token_logprobs"":[-4.268278121948242]},{""candidate"":""E"",""token_ids"":[36],""token_count"":1,""sequence_logprob"":-0.7057783603668213,""mean_token_logprob"":-0.7057783603668213,""token_logprobs"":[-0.7057783603668213]},{""candidate"":""F"",""token_ids"":[37],""token_count"":1,""sequence_logprob"":-3.7682783603668213,""mean_token_logprob"":-3.7682783603668213,""token_logprobs"":[-3.7682783603668213]},{""candidate"":""A"",""token_ids"":[32],""token_count"":1,""sequence_logprob"":-1.6432783603668213,""mean_token_logprob"":-1.6432783603668213,""token_logprobs"":[-1.6432783603668213]},{""candidate"":""B"",""token_ids"":[33],""token_count"":1,""sequence_logprob"":-2.1432783603668213,""mean_token_logprob"":-2.1432783603668213,""token_logprobs"":[-2.1432783603668213]},{""candidate"":""C"",""token_ids"":[34],""token_count"":1,""sequence_logprob"":-5.143278121948242,""mean_token_logprob"":-5.143278121948242,""token_logprobs"":[-5.143278121948242]}]",E,true
632381,Twitter,C,1,6,audio_icl_candidate,candidate,,"[{""candidate"":""D"",""token_ids"":[35],""token_count"":1,""sequence_logprob"":-4.396265029907227,""mean_token_logprob"":-4.396265029907227,""token_logprobs"":[-4.396265029907227]},{""candidate"":""E"",""token_ids"":[36],""token_count"":1,""sequence_logprob"":-0.7087648510932922,""mean_token_logprob"":-0.7087648510932922,""token_logprobs"":[-0.7087648510932922]},{""candidate"":""F"",""token_ids"":[37],""token_count"":1,""sequence_logprob"":-4.146265029907227,""mean_token_logprob"":-4.146265029907227,""token_logprobs"":[-4.146265029907227]},{""candidate"":""A"",""token_ids"":[32],""token_count"":1,""sequence_logprob"":-1.5837647914886475,""mean_token_logprob"":-1.5837647914886475,""token_logprobs"":[-1.5837647914886475]},{""candidate"":""B"",""token_ids"":[33],""token_count"":1,""sequence_logprob"":-2.2712647914886475,""mean_token_logprob"":-2.2712647914886475,""token_logprobs"":[-2.2712647914886475]},{""candidate"":""C"",""token_ids"":[34],""token_count"":1,""sequence_logprob"":-5.271265029907227,""mean_token_logprob"":-5.271265029907227,""token_logprobs"":[-5.271265029907227]}]",E,false
632863,Phee,E,1,6,audio_icl_candidate,candidate,,"[{""candidate"":""D"",""token_ids"":[35],""token_count"":1,""sequence_logprob"":-3.50490140914917,""mean_token_logprob"":-3.50490140914917,""token_logprobs"":[-3.50490140914917]},{""candidate"":""E"",""token_ids"":[36],""token_count"":1,""sequence_logprob"":-0.8174014091491699,""mean_token_logprob"":-0.8174014091491699,""token_logprobs"":[-0.8174014091491699]},{""candidate"":""F"",""token_ids"":[37],""token_count"":1,""sequence_logprob"":-4.62990140914917,""mean_token_logprob"":-4.62990140914917,""token_logprobs"":[-4.62990140914917]},{""candidate"":""A"",""token_ids"":[32],""token_count"":1,""sequence_logprob"":-1.50490140914917,""mean_token_logprob"":-1.50490140914917,""token_logprobs"":[-1.50490140914917]},{""candidate"":""B"",""token_ids"":[33],""token_count"":1,""sequence_logprob"":-2.12990140914917,""mean_token_logprob"":-2.12990140914917,""token_logprobs"":[-2.12990140914917]},{""candidate"":""C"",""token_ids"":[34],""token_count"":1,""sequence_logprob"":-4.56740140914917,""mean_token_logprob"":-4.56740140914917,""token_logprobs"":[-4.56740140914917]}]",E,true
633531,Phee,E,1,6,audio_icl_candidate,candidate,,"[{""candidate"":""D"",""token_ids"":[35],""token_count"":1,""sequence_logprob"":-4.253393650054932,""mean_token_logprob"":-4.253393650054932,""token_logprobs"":[-4.253393650054932]},{""candidate"":""E"",""token_ids"":[36],""token_count"":1,""sequence_logprob"":-0.8158936500549316,""mean_token_logprob"":-0.8158936500549316,""token_logprobs"":[-0.8158936500549316]},{""candidate"":""F"",""token_ids"":[37],""token_count"":1,""sequence_logprob"":-4.378393650054932,""mean_token_logprob"":-4.378393650054932,""token_logprobs"":[-4.378393650054932]},{""candidate"":""A"",""token_ids"":[32],""token_count"":1,""sequence_logprob"":-1.5658936500549316,""mean_token_logprob"":-1.5658936500549316,""token_logprobs"":[-1.5658936500549316]},{""candidate"":""B"",""token_ids"":[33],""token_count"":1,""sequence_logprob"":-2.0658936500549316,""mean_token_logprob"":-2.0658936500549316,""token_logprobs"":[-2.0658936500549316]},{""candidate"":""C"",""token_ids"":[34],""token_count"":1,""sequence_logprob"":-4.940893650054932,""mean_token_logprob"":-4.940893650054932,""token_logprobs"":[-4.940893650054932]}]",E,true
642827,Tsik,B,1,6,audio_icl_candidate,candidate,,"[{""candidate"":""D"",""token_ids"":[35],""token_count"":1,""sequence_logprob"":-3.6846492290496826,""mean_token_logprob"":-3.6846492290496826,""token_logprobs"":[-3.6846492290496826]},{""candidate"":""E"",""token_ids"":[36],""token_count"":1,""sequence_logprob"":-0.8721492290496826,""mean_token_logprob"":-0.8721492290496826,""token_logprobs"":[-0.8721492290496826]},{""candidate"":""F"",""token_ids"":[37],""token_count"":1,""sequence_logprob"":-4.309649467468262,""mean_token_logprob"":-4.309649467468262,""token_logprobs"":[-4.309649467468262]},{""candidate"":""A"",""token_ids"":[32],""token_count"":1,""sequence_logprob"":-1.5596492290496826,""mean_token_logprob"":-1.5596492290496826,""token_logprobs"":[-1.5596492290496826]},{""candidate"":""B"",""token_ids"":[33],""token_count"":1,""sequence_logprob"":-2.1846492290496826,""mean_token_logprob"":-2.1846492290496826,""token_logprobs"":[-2.1846492290496826]},{""candidate"":""C"",""token_ids"":[34],""token_count"":1,""sequence_logprob"":-5.059649467468262,""mean_token_logprob"":-5.059649467468262,""token_logprobs"":[-5.059649467468262]}]",E,false
647588,Phee,E,1,6,audio_icl_candidate,candidate,,"[{""candidate"":""D"",""token_ids"":[35],""token_count"":1,""sequence_logprob"":-4.357586860656738,""mean_token_logprob"":-4.357586860656738,""token_logprobs"":[-4.357586860656738]},{""candidate"":""E"",""token_ids"":[36],""token_count"":1,""sequence_logprob"":-0.857586681842804,""mean_token_logprob"":-0.857586681842804,""token_logprobs"":[-0.857586681842804]},{""candidate"":""F"",""token_ids"":[37],""token_count"":1,""sequence_logprob"":-4.670086860656738,""mean_token_logprob"":-4.670086860656738,""token_logprobs"":[-4.670086860656738]},{""candidate"":""A"",""token_ids"":[32],""token_count"":1,""sequence_logprob"":-1.4825866222381592,""mean_token_logprob"":-1.4825866222381592,""token_logprobs"":[-1.4825866222381592]},{""candidate"":""B"",""token_ids"":[33],""token_count"":1,""sequence_logprob"":-1.7950866222381592,""mean_token_logprob"":-1.7950866222381592,""token_logprobs"":[-1.7950866222381592]},{""candidate"":""C"",""token_ids"":[34],""token_count"":1,""sequence_logprob"":-5.170086860656738,""mean_token_logprob"":-5.170086860656738,""token_logprobs"":[-5.170086860656738]}]",E,true
695230,Trill,A,1,6,audio_icl_candidate,candidate,,"[{""candidate"":""D"",""token_ids"":[35],""token_count"":1,""sequence_logprob"":-3.747922658920288,""mean_token_logprob"":-3.747922658920288,""token_logprobs"":[-3.747922658920288]},{""candidate"":""E"",""token_ids"":[36],""token_count"":1,""sequence_logprob"":-0.7479227185249329,""mean_token_logprob"":-0.7479227185249329,""token_logprobs"":[-0.7479227185249329]},{""candidate"":""F"",""token_ids"":[37],""token_count"":1,""sequence_logprob"":-3.935422658920288,""mean_token_logprob"":-3.935422658920288,""token_logprobs"":[-3.935422658920288]},{""candidate"":""A"",""token_ids"":[32],""token_count"":1,""sequence_logprob"":-1.560422658920288,""mean_token_logprob"":-1.560422658920288,""token_logprobs"":[-1.560422658920288]},{""candidate"":""B"",""token_ids"":[33],""token_count"":1,""sequence_logprob"":-2.247922658920288,""mean_token_logprob"":-2.247922658920288,""token_logprobs"":[-2.247922658920288]},{""candidate"":""C"",""token_ids"":[34],""token_count"":1,""sequence_logprob"":-4.810422897338867,""mean_token_logprob"":-4.810422897338867,""token_logprobs"":[-4.810422897338867]}]",E,false
699227,Twitter,C,1,6,audio_icl_candidate,candidate,,"[{""candidate"":""D"",""token_ids"":[35],""token_count"":1,""sequence_logprob"":-4.606542110443115,""mean_token_logprob"":-4.606542110443115,""token_logprobs"":[-4.606542110443115]},{""candidate"":""E"",""token_ids"":[36],""token_count"":1,""sequence_logprob"":-0.9190421104431152,""mean_token_logprob"":-0.9190421104431152,""token_logprobs"":[-0.9190421104431152]},{""candidate"":""F"",""token_ids"":[37],""token_count"":1,""sequence_logprob"":-4.731542110443115,""mean_token_logprob"":-4.731542110443115,""token_logprobs"":[-4.731542110443115]},{""candidate"":""A"",""token_ids"":[32],""token_count"":1,""sequence_logprob"":-1.5440421104431152,""mean_token_logprob"":-1.5440421104431152,""token_logprobs"":[-1.5440421104431152]},{""candidate"":""B"",""token_ids"":[33],""token_count"":1,""sequence_logprob"":-2.0440421104431152,""mean_token_logprob"":-2.0440421104431152,""token_logprobs"":[-2.0440421104431152]},{""candidate"":""C"",""token_ids"":[34],""token_count"":1,""sequence_logprob"":-5.106542110443115,""mean_token_logprob"":-5.106542110443115,""token_logprobs"":[-5.106542110443115]}]",E,false
706021,Phee,E,1,6,audio_icl_candidate,candidate,,"[{""candidate"":""D"",""token_ids"":[35],""token_count"":1,""sequence_logprob"":-4.097244739532471,""mean_token_logprob"":-4.097244739532471,""token_logprobs"":[-4.097244739532471]},{""candidate"":""E"",""token_ids"":[36],""token_count"":1,""sequence_logprob"":-0.7222447395324707,""mean_token_logprob"":-0.7222447395324707,""token_logprobs"":[-0.7222447395324707]},{""candidate"":""F"",""token_ids"":[37],""token_count"":1,""sequence_logprob"":-4.034744739532471,""mean_token_logprob"":-4.034744739532471,""token_logprobs"":[-4.034744739532471]},{""candidate"":""A"",""token_ids"":[32],""token_count"":1,""sequence_logprob"":-1.5347447395324707,""mean_token_logprob"":-1.5347447395324707,""token_logprobs"":[-1.5347447395324707]},{""candidate"":""B"",""token_ids"":[33],""token_count"":1,""sequence_logprob"":-2.0972447395324707,""mean_token_logprob"":-2.0972447395324707,""token_logprobs"":[-2.0972447395324707]},{""candidate"":""C"",""token_ids"":[34],""token_count"":1,""sequence_logprob"":-4.909744739532471,""mean_token_logprob"":-4.909744739532471,""token_logprobs"":[-4.909744739532471]}]",E,true
708875,Trill,A,1,6,audio_icl_candidate,candidate,,"[{""candidate"":""D"",""token_ids"":[35],""token_count"":1,""sequence_logprob"":-3.6945033073425293,""mean_token_logprob"":-3.6945033073425293,""token_logprobs"":[-3.6945033073425293]},{""candidate"":""E"",""token_ids"":[36],""token_count"":1,""sequence_logprob"":-0.7570032477378845,""mean_token_logprob"":-0.7570032477378845,""token_logprobs"":[-0.7570032477378845]},{""candidate"":""F"",""token_ids"":[37],""token_count"":1,""sequence_logprob"":-4.444503307342529,""mean_token_logprob"":-4.444503307342529,""token_logprobs"":[-4.444503307342529]},{""candidate"":""A"",""token_ids"":[32],""token_count"":1,""sequence_logprob"":-1.5070033073425293,""mean_token_logprob"":-1.5070033073425293,""token_logprobs"":[-1.5070033073425293]},{""candidate"":""B"",""token_ids"":[33],""token_count"":1,""sequence_logprob"":-2.2570033073425293,""mean_token_logprob"":-2.2570033073425293,""token_logprobs"":[-2.2570033073425293]},{""candidate"":""C"",""token_ids"":[34],""token_count"":1,""sequence_logprob"":-5.007003307342529,""mean_token_logprob"":-5.007003307342529,""token_logprobs"":[-5.007003307342529]}]",E,false
715845,Seep,F,1,6,audio_icl_candidate,candidate,,"[{""candidate"":""D"",""token_ids"":[35],""token_count"":1,""sequence_logprob"":-4.124238967895508,""mean_token_logprob"":-4.124238967895508,""token_logprobs"":[-4.124238967895508]},{""candidate"":""E"",""token_ids"":[36],""token_count"":1,""sequence_logprob"":-0.8742387890815735,""mean_token_logprob"":-0.8742387890815735,""token_logprobs"":[-0.8742387890815735]},{""candidate"":""F"",""token_ids"":[37],""token_count"":1,""sequence_logprob"":-4.249238967895508,""mean_token_logprob"":-4.249238967895508,""token_logprobs"":[-4.249238967895508]},{""candidate"":""A"",""token_ids"":[32],""token_count"":1,""sequence_logprob"":-1.5617387294769287,""mean_token_logprob"":-1.5617387294769287,""token_logprobs"":[-1.5617387294769287]},{""candidate"":""B"",""token_ids"":[33],""token_count"":1,""sequence_logprob"":-2.0617387294769287,""mean_token_logprob"":-2.0617387294769287,""token_logprobs"":[-2.0617387294769287]},{""candidate"":""C"",""token_ids"":[34],""token_count"":1,""sequence_logprob"":-5.061738967895508,""mean_token_logprob"":-5.061738967895508,""token_logprobs"":[-5.061738967895508]}]",E,false
716490,Tsik,B,1,6,audio_icl_candidate,candidate,,"[{""candidate"":""D"",""token_ids"":[35],""token_count"":1,""sequence_logprob"":-3.7896900177001953,""mean_token_logprob"":-3.7896900177001953,""token_logprobs"":[-3.7896900177001953]},{""candidate"":""E"",""token_ids"":[36],""token_count"":1,""sequence_logprob"":-0.7896901369094849,""mean_token_logprob"":-0.7896901369094849,""token_logprobs"":[-0.7896901369094849]},{""candidate"":""F"",""token_ids"":[37],""token_count"":1,""sequence_logprob"":-4.414690017700195,""mean_token_logprob"":-4.414690017700195,""token_logprobs"":[-4.414690017700195]},{""candidate"":""A"",""token_ids"":[32],""token_count"":1,""sequence_logprob"":-1.5396901369094849,""mean_token_logprob"":-1.5396901369094849,""token_logprobs"":[-1.5396901369094849]},{""candidate"":""B"",""token_ids"":[33],""token_count"":1,""sequence_logprob"":-2.5396900177001953,""mean_token_logprob"":-2.5396900177001953,""token_logprobs"":[-2.5396900177001953]},{""candidate"":""C"",""token_ids"":[34],""token_count"":1,""sequence_logprob"":-5.414690017700195,""mean_token_logprob"":-5.414690017700195,""token_logprobs"":[-5.414690017700195]}]",E,false
737715,Twitter,C,1,6,audio_icl_candidate,candidate,,"[{""candidate"":""D"",""token_ids"":[35],""token_count"":1,""sequence_logprob"":-3.798617362976074,""mean_token_logprob"":-3.798617362976074,""token_logprobs"":[-3.798617362976074]},{""candidate"":""E"",""token_ids"":[36],""token_count"":1,""sequence_logprob"":-0.923617422580719,""mean_token_logprob"":-0.923617422580719,""token_logprobs"":[-0.923617422580719]},{""candidate"":""F"",""token_ids"":[37],""token_count"":1,""sequence_logprob"":-4.173617362976074,""mean_token_logprob"":-4.173617362976074,""token_logprobs"":[-4.173617362976074]},{""candidate"":""A"",""token_ids"":[32],""token_count"":1,""sequence_logprob"":-1.4861173629760742,""mean_token_logprob"":-1.4861173629760742,""token_logprobs"":[-1.4861173629760742]},{""candidate"":""B"",""token_ids"":[33],""token_count"":1,""sequence_logprob"":-2.048617362976074,""mean_token_logprob"":-2.048617362976074,""token_logprobs"":[-2.048617362976074]},{""candidate"":""C"",""token_ids"":[34],""token_count"":1,""sequence_logprob"":-4.486117362976074,""mean_token_logprob"":-4.486117362976074,""token_logprobs"":[-4.486117362976074]}]",E,false
738495,Trill,A,1,6,audio_icl_candidate,candidate,,"[{""candidate"":""D"",""token_ids"":[35],""token_count"":1,""sequence_logprob"":-3.7098681926727295,""mean_token_logprob"":-3.7098681926727295,""token_logprobs"":[-3.7098681926727295]},{""candidate"":""E"",""token_ids"":[36],""token_count"":1,""sequence_logprob"":-0.7723682522773743,""mean_token_logprob"":-0.7723682522773743,""token_logprobs"":[-0.7723682522773743]},{""candidate"":""F"",""token_ids"":[37],""token_count"":1,""sequence_logprob"":-3.3348681926727295,""mean_token_logprob"":-3.3348681926727295,""token_logprobs"":[-3.3348681926727295]},{""candidate"":""A"",""token_ids"":[32],""token_count"":1,""sequence_logprob"":-1.5223681926727295,""mean_token_logprob"":-1.5223681926727295,""token_logprobs"":[-1.5223681926727295]},{""candidate"":""B"",""token_ids"":[33],""token_count"":1,""sequence_logprob"":-2.2098681926727295,""mean_token_logprob"":-2.2098681926727295,""token_logprobs"":[-2.2098681926727295]},{""candidate"":""C"",""token_ids"":[34],""token_count"":1,""sequence_logprob"":-4.647368431091309,""mean_token_logprob"":-4.647368431091309,""token_logprobs"":[-4.647368431091309]}]",E,false
742006,Infant Cry,D,1,6,audio_icl_candidate,candidate,,"[{""candidate"":""D"",""token_ids"":[35],""token_count"":1,""sequence_logprob"":-3.743380308151245,""mean_token_logprob"":-3.743380308151245,""token_logprobs"":[-3.743380308151245]},{""candidate"":""E"",""token_ids"":[36],""token_count"":1,""sequence_logprob"":-0.8058803081512451,""mean_token_logprob"":-0.8058803081512451,""token_logprobs"":[-0.8058803081512451]},{""candidate"":""F"",""token_ids"":[37],""token_count"":1,""sequence_logprob"":-3.868380308151245,""mean_token_logprob"":-3.868380308151245,""token_logprobs"":[-3.868380308151245]},{""candidate"":""A"",""token_ids"":[32],""token_count"":1,""sequence_logprob"":-1.5558803081512451,""mean_token_logprob"":-1.5558803081512451,""token_logprobs"":[-1.5558803081512451]},{""candidate"":""B"",""token_ids"":[33],""token_count"":1,""sequence_logprob"":-2.243380308151245,""mean_token_logprob"":-2.243380308151245,""token_logprobs"":[-2.243380308151245]},{""candidate"":""C"",""token_ids"":[34],""token_count"":1,""sequence_logprob"":-5.055880546569824,""mean_token_logprob"":-5.055880546569824,""token_logprobs"":[-5.055880546569824]}]",E,false
755986,Tsik,B,1,6,audio_icl_candidate,candidate,,"[{""candidate"":""D"",""token_ids"":[35],""token_count"":1,""sequence_logprob"":-3.6325809955596924,""mean_token_logprob"":-3.6325809955596924,""token_logprobs"":[-3.6325809955596924]},{""candidate"":""E"",""token_ids"":[36],""token_count"":1,""sequence_logprob"":-0.8200809955596924,""mean_token_logprob"":-0.8200809955596924,""token_logprobs"":[-0.8200809955596924]},{""candidate"":""F"",""token_ids"":[37],""token_count"":1,""sequence_logprob"":-3.1325809955596924,""mean_token_logprob"":-3.1325809955596924,""token_logprobs"":[-3.1325809955596924]},{""candidate"":""A"",""token_ids"":[32],""token_count"":1,""sequence_logprob"":-1.7575809955596924,""mean_token_logprob"":-1.7575809955596924,""token_logprobs"":[-1.7575809955596924]},{""candidate"":""B"",""token_ids"":[33],""token_count"":1,""sequence_logprob"":-2.4450809955596924,""mean_token_logprob"":-2.4450809955596924,""token_logprobs"":[-2.4450809955596924]},{""candidate"":""C"",""token_ids"":[34],""token_count"":1,""sequence_logprob"":-4.257580757141113,""mean_token_logprob"":-4.257580757141113,""token_logprobs"":[-4.257580757141113]}]",E,false
758751,Phee,E,1,6,audio_icl_candidate,candidate,,"[{""candidate"":""D"",""token_ids"":[35],""token_count"":1,""sequence_logprob"":-4.0368876457214355,""mean_token_logprob"":-4.0368876457214355,""token_logprobs"":[-4.0368876457214355]},{""candidate"":""E"",""token_ids"":[36],""token_count"":1,""sequence_logprob"":-0.7243877053260803,""mean_token_logprob"":-0.7243877053260803,""token_logprobs"":[-0.7243877053260803]},{""candidate"":""F"",""token_ids"":[37],""token_count"":1,""sequence_logprob"":-4.7868876457214355,""mean_token_logprob"":-4.7868876457214355,""token_logprobs"":[-4.7868876457214355]},{""candidate"":""A"",""token_ids"":[32],""token_count"":1,""sequence_logprob"":-1.5368876457214355,""mean_token_logprob"":-1.5368876457214355,""token_logprobs"":[-1.5368876457214355]},{""candidate"":""B"",""token_ids"":[33],""token_count"":1,""sequence_logprob"":-2.0993876457214355,""mean_token_logprob"":-2.0993876457214355,""token_logprobs"":[-2.0993876457214355]},{""candidate"":""C"",""token_ids"":[34],""token_count"":1,""sequence_logprob"":-5.0993876457214355,""mean_token_logprob"":-5.0993876457214355,""token_logprobs"":[-5.0993876457214355]}]",E,true
788000,Phee,E,1,6,audio_icl_candidate,candidate,,"[{""candidate"":""D"",""token_ids"":[35],""token_count"":1,""sequence_logprob"":-4.056573390960693,""mean_token_logprob"":-4.056573390960693,""token_logprobs"":[-4.056573390960693]},{""candidate"":""E"",""token_ids"":[36],""token_count"":1,""sequence_logprob"":-0.7440732717514038,""mean_token_logprob"":-0.7440732717514038,""token_logprobs"":[-0.7440732717514038]},{""candidate"":""F"",""token_ids"":[37],""token_count"":1,""sequence_logprob"":-4.306573390960693,""mean_token_logprob"":-4.306573390960693,""token_logprobs"":[-4.306573390960693]},{""candidate"":""A"",""token_ids"":[32],""token_count"":1,""sequence_logprob"":-1.6190732717514038,""mean_token_logprob"":-1.6190732717514038,""token_logprobs"":[-1.6190732717514038]},{""candidate"":""B"",""token_ids"":[33],""token_count"":1,""sequence_logprob"":-1.9315732717514038,""mean_token_logprob"":-1.9315732717514038,""token_logprobs"":[-1.9315732717514038]},{""candidate"":""C"",""token_ids"":[34],""token_count"":1,""sequence_logprob"":-4.806573390960693,""mean_token_logprob"":-4.806573390960693,""token_logprobs"":[-4.806573390960693]}]",E,true
794666,Phee,E,1,6,audio_icl_candidate,candidate,,"[{""candidate"":""D"",""token_ids"":[35],""token_count"":1,""sequence_logprob"":-4.115445613861084,""mean_token_logprob"":-4.115445613861084,""token_logprobs"":[-4.115445613861084]},{""candidate"":""E"",""token_ids"":[36],""token_count"":1,""sequence_logprob"":-0.6779457926750183,""mean_token_logprob"":-0.6779457926750183,""token_logprobs"":[-0.6779457926750183]},{""candidate"":""F"",""token_ids"":[37],""token_count"":1,""sequence_logprob"":-3.990445852279663,""mean_token_logprob"":-3.990445852279663,""token_logprobs"":[-3.990445852279663]},{""candidate"":""A"",""token_ids"":[32],""token_count"":1,""sequence_logprob"":-1.552945852279663,""mean_token_logprob"":-1.552945852279663,""token_logprobs"":[-1.552945852279663]},{""candidate"":""B"",""token_ids"":[33],""token_count"":1,""sequence_logprob"":-2.177945852279663,""mean_token_logprob"":-2.177945852279663,""token_logprobs"":[-2.177945852279663]},{""candidate"":""C"",""token_ids"":[34],""token_count"":1,""sequence_logprob"":-5.240445613861084,""mean_token_logprob"":-5.240445613861084,""token_logprobs"":[-5.240445613861084]}]",E,true
799377,Tsik,B,1,6,audio_icl_candidate,candidate,,"[{""candidate"":""D"",""token_ids"":[35],""token_count"":1,""sequence_logprob"":-4.001138687133789,""mean_token_logprob"":-4.001138687133789,""token_logprobs"":[-4.001138687133789]},{""candidate"":""E"",""token_ids"":[36],""token_count"":1,""sequence_logprob"":-0.8761389255523682,""mean_token_logprob"":-0.8761389255523682,""token_logprobs"":[-0.8761389255523682]},{""candidate"":""F"",""token_ids"":[37],""token_count"":1,""sequence_logprob"":-4.251138687133789,""mean_token_logprob"":-4.251138687133789,""token_logprobs"":[-4.251138687133789]},{""candidate"":""A"",""token_ids"":[32],""token_count"":1,""sequence_logprob"":-1.5011389255523682,""mean_token_logprob"":-1.5011389255523682,""token_logprobs"":[-1.5011389255523682]},{""candidate"":""B"",""token_ids"":[33],""token_count"":1,""sequence_logprob"":-2.188638925552368,""mean_token_logprob"":-2.188638925552368,""token_logprobs"":[-2.188638925552368]},{""candidate"":""C"",""token_ids"":[34],""token_count"":1,""sequence_logprob"":-5.063638687133789,""mean_token_logprob"":-5.063638687133789,""token_logprobs"":[-5.063638687133789]}]",E,false
859379,Trill,A,1,6,audio_icl_candidate,candidate,,"[{""candidate"":""D"",""token_ids"":[35],""token_count"":1,""sequence_logprob"":-3.5380942821502686,""mean_token_logprob"":-3.5380942821502686,""token_logprobs"":[-3.5380942821502686]},{""candidate"":""E"",""token_ids"":[36],""token_count"":1,""sequence_logprob"":-0.8505942225456238,""mean_token_logprob"":-0.8505942225456238,""token_logprobs"":[-0.8505942225456238]},{""candidate"":""F"",""token_ids"":[37],""token_count"":1,""sequence_logprob"":-3.6630942821502686,""mean_token_logprob"":-3.6630942821502686,""token_logprobs"":[-3.6630942821502686]},{""candidate"":""A"",""token_ids"":[32],""token_count"":1,""sequence_logprob"":-1.4755942821502686,""mean_token_logprob"":-1.4755942821502686,""token_logprobs"":[-1.4755942821502686]},{""candidate"":""B"",""token_ids"":[33],""token_count"":1,""sequence_logprob"":-2.0380942821502686,""mean_token_logprob"":-2.0380942821502686,""token_logprobs"":[-2.0380942821502686]},{""candidate"":""C"",""token_ids"":[34],""token_count"":1,""sequence_logprob"":-4.5380940437316895,""mean_token_logprob"":-4.5380940437316895,""token_logprobs"":[-4.5380940437316895]}]",E,false
860537,Phee,E,1,6,audio_icl_candidate,candidate,,"[{""candidate"":""D"",""token_ids"":[35],""token_count"":1,""sequence_logprob"":-4.211186408996582,""mean_token_logprob"":-4.211186408996582,""token_logprobs"":[-4.211186408996582]},{""candidate"":""E"",""token_ids"":[36],""token_count"":1,""sequence_logprob"":-0.8361865282058716,""mean_token_logprob"":-0.8361865282058716,""token_logprobs"":[-0.8361865282058716]},{""candidate"":""F"",""token_ids"":[37],""token_count"":1,""sequence_logprob"":-4.148686408996582,""mean_token_logprob"":-4.148686408996582,""token_logprobs"":[-4.148686408996582]},{""candidate"":""A"",""token_ids"":[32],""token_count"":1,""sequence_logprob"":-1.5236865282058716,""mean_token_logprob"":-1.5236865282058716,""token_logprobs"":[-1.5236865282058716]},{""candidate"":""B"",""token_ids"":[33],""token_count"":1,""sequence_logprob"":-1.9611865282058716,""mean_token_logprob"":-1.9611865282058716,""token_logprobs"":[-1.9611865282058716]},{""candidate"":""C"",""token_ids"":[34],""token_count"":1,""sequence_logprob"":-5.023686408996582,""mean_token_logprob"":-5.023686408996582,""token_logprobs"":[-5.023686408996582]}]",E,true
861790,Trill,A,1,6,audio_icl_candidate,candidate,,"[{""candidate"":""D"",""token_ids"":[35],""token_count"":1,""sequence_logprob"":-4.214141845703125,""mean_token_logprob"":-4.214141845703125,""token_logprobs"":[-4.214141845703125]},{""candidate"":""E"",""token_ids"":[36],""token_count"":1,""sequence_logprob"":-0.7766416072845459,""mean_token_logprob"":-0.7766416072845459,""token_logprobs"":[-0.7766416072845459]},{""candidate"":""F"",""token_ids"":[37],""token_count"":1,""sequence_logprob"":-5.089141845703125,""mean_token_logprob"":-5.089141845703125,""token_logprobs"":[-5.089141845703125]},{""candidate"":""A"",""token_ids"":[32],""token_count"":1,""sequence_logprob"":-1.589141607284546,""mean_token_logprob"":-1.589141607284546,""token_logprobs"":[-1.589141607284546]},{""candidate"":""B"",""token_ids"":[33],""token_count"":1,""sequence_logprob"":-2.089141607284546,""mean_token_logprob"":-2.089141607284546,""token_logprobs"":[-2.089141607284546]},{""candidate"":""C"",""token_ids"":[34],""token_count"":1,""sequence_logprob"":-5.089141845703125,""mean_token_logprob"":-5.089141845703125,""token_logprobs"":[-5.089141845703125]}]",E,false
