event_id,target,target_output,support_k_per_class,support_k_total,method,readout,raw_prediction,candidate_scores_json,prediction,correct
31471,Tsik,C,0,0,audio_icl_candidate,candidate,,"[{""candidate"":""E"",""token_ids"":[36],""token_count"":1,""sequence_logprob"":-1.0973691940307617,""mean_token_logprob"":-1.0973691940307617,""token_logprobs"":[-1.0973691940307617]},{""candidate"":""F"",""token_ids"":[37],""token_count"":1,""sequence_logprob"":-2.9098691940307617,""mean_token_logprob"":-2.9098691940307617,""token_logprobs"":[-2.9098691940307617]},{""candidate"":""A"",""token_ids"":[32],""token_count"":1,""sequence_logprob"":-1.2223691940307617,""mean_token_logprob"":-1.2223691940307617,""token_logprobs"":[-1.2223691940307617]},{""candidate"":""B"",""token_ids"":[33],""token_count"":1,""sequence_logprob"":-1.5348691940307617,""mean_token_logprob"":-1.5348691940307617,""token_logprobs"":[-1.5348691940307617]},{""candidate"":""C"",""token_ids"":[34],""token_count"":1,""sequence_logprob"":-4.534869194030762,""mean_token_logprob"":-4.534869194030762,""token_logprobs"":[-4.534869194030762]},{""candidate"":""D"",""token_ids"":[35],""token_count"":1,""sequence_logprob"":-5.378619194030762,""mean_token_logprob"":-5.378619194030762,""token_logprobs"":[-5.378619194030762]}]",E,false
31828,Seep,A,0,0,audio_icl_candidate,candidate,,"[{""candidate"":""E"",""token_ids"":[36],""token_count"":1,""sequence_logprob"":-0.9548953771591187,""mean_token_logprob"":-0.9548953771591187,""token_logprobs"":[-0.9548953771591187]},{""candidate"":""F"",""token_ids"":[37],""token_count"":1,""sequence_logprob"":-2.517395496368408,""mean_token_logprob"":-2.517395496368408,""token_logprobs"":[-2.517395496368408]},{""candidate"":""A"",""token_ids"":[32],""token_count"":1,""sequence_logprob"":-1.5173953771591187,""mean_token_logprob"":-1.5173953771591187,""token_logprobs"":[-1.5173953771591187]},{""candidate"":""B"",""token_ids"":[33],""token_count"":1,""sequence_logprob"":-1.5173953771591187,""mean_token_logprob"":-1.5173953771591187,""token_logprobs"":[-1.5173953771591187]},{""candidate"":""C"",""token_ids"":[34],""token_count"":1,""sequence_logprob"":-4.267395496368408,""mean_token_logprob"":-4.267395496368408,""token_logprobs"":[-4.267395496368408]},{""candidate"":""D"",""token_ids"":[35],""token_count"":1,""sequence_logprob"":-4.954895496368408,""mean_token_logprob"":-4.954895496368408,""token_logprobs"":[-4.954895496368408]}]",E,false
34756,Phee,F,0,0,audio_icl_candidate,candidate,,"[{""candidate"":""E"",""token_ids"":[36],""token_count"":1,""sequence_logprob"":-0.9851881265640259,""mean_token_logprob"":-0.9851881265640259,""token_logprobs"":[-0.9851881265640259]},{""candidate"":""F"",""token_ids"":[37],""token_count"":1,""sequence_logprob"":-3.1101880073547363,""mean_token_logprob"":-3.1101880073547363,""token_logprobs"":[-3.1101880073547363]},{""candidate"":""A"",""token_ids"":[32],""token_count"":1,""sequence_logprob"":-1.4851881265640259,""mean_token_logprob"":-1.4851881265640259,""token_logprobs"":[-1.4851881265640259]},{""candidate"":""B"",""token_ids"":[33],""token_count"":1,""sequence_logprob"":-1.5476881265640259,""mean_token_logprob"":-1.5476881265640259,""token_logprobs"":[-1.5476881265640259]},{""candidate"":""C"",""token_ids"":[34],""token_count"":1,""sequence_logprob"":-4.485188007354736,""mean_token_logprob"":-4.485188007354736,""token_logprobs"":[-4.485188007354736]},{""candidate"":""D"",""token_ids"":[35],""token_count"":1,""sequence_logprob"":-5.360188007354736,""mean_token_logprob"":-5.360188007354736,""token_logprobs"":[-5.360188007354736]}]",E,false
36485,Phee,F,0,0,audio_icl_candidate,candidate,,"[{""candidate"":""E"",""token_ids"":[36],""token_count"":1,""sequence_logprob"":-1.0614278316497803,""mean_token_logprob"":-1.0614278316497803,""token_logprobs"":[-1.0614278316497803]},{""candidate"":""F"",""token_ids"":[37],""token_count"":1,""sequence_logprob"":-5.155178070068359,""mean_token_logprob"":-5.155178070068359,""token_logprobs"":[-5.155178070068359]},{""candidate"":""A"",""token_ids"":[32],""token_count"":1,""sequence_logprob"":-1.3739278316497803,""mean_token_logprob"":-1.3739278316497803,""token_logprobs"":[-1.3739278316497803]},{""candidate"":""B"",""token_ids"":[33],""token_count"":1,""sequence_logprob"":-1.3739278316497803,""mean_token_logprob"":-1.3739278316497803,""token_logprobs"":[-1.3739278316497803]},{""candidate"":""C"",""token_ids"":[34],""token_count"":1,""sequence_logprob"":-4.123928070068359,""mean_token_logprob"":-4.123928070068359,""token_logprobs"":[-4.123928070068359]},{""candidate"":""D"",""token_ids"":[35],""token_count"":1,""sequence_logprob"":-4.842678070068359,""mean_token_logprob"":-4.842678070068359,""token_logprobs"":[-4.842678070068359]}]",E,false
36522,Twitter,D,0,0,audio_icl_candidate,candidate,,"[{""candidate"":""E"",""token_ids"":[36],""token_count"":1,""sequence_logprob"":-0.7261509299278259,""mean_token_logprob"":-0.7261509299278259,""token_logprobs"":[-0.7261509299278259]},{""candidate"":""F"",""token_ids"":[37],""token_count"":1,""sequence_logprob"":-3.7886509895324707,""mean_token_logprob"":-3.7886509895324707,""token_logprobs"":[-3.7886509895324707]},{""candidate"":""A"",""token_ids"":[32],""token_count"":1,""sequence_logprob"":-1.4761509895324707,""mean_token_logprob"":-1.4761509895324707,""token_logprobs"":[-1.4761509895324707]},{""candidate"":""B"",""token_ids"":[33],""token_count"":1,""sequence_logprob"":-1.7261509895324707,""mean_token_logprob"":-1.7261509895324707,""token_logprobs"":[-1.7261509895324707]},{""candidate"":""C"",""token_ids"":[34],""token_count"":1,""sequence_logprob"":-4.163650989532471,""mean_token_logprob"":-4.163650989532471,""token_logprobs"":[-4.163650989532471]},{""candidate"":""D"",""token_ids"":[35],""token_count"":1,""sequence_logprob"":-4.726150989532471,""mean_token_logprob"":-4.726150989532471,""token_logprobs"":[-4.726150989532471]}]",E,false
405841,Infant Cry,E,0,0,audio_icl_candidate,candidate,,"[{""candidate"":""E"",""token_ids"":[36],""token_count"":1,""sequence_logprob"":-0.9695726037025452,""mean_token_logprob"":-0.9695726037025452,""token_logprobs"":[-0.9695726037025452]},{""candidate"":""F"",""token_ids"":[37],""token_count"":1,""sequence_logprob"":-3.4070725440979004,""mean_token_logprob"":-3.4070725440979004,""token_logprobs"":[-3.4070725440979004]},{""candidate"":""A"",""token_ids"":[32],""token_count"":1,""sequence_logprob"":-1.5320725440979004,""mean_token_logprob"":-1.5320725440979004,""token_logprobs"":[-1.5320725440979004]},{""candidate"":""B"",""token_ids"":[33],""token_count"":1,""sequence_logprob"":-1.5320725440979004,""mean_token_logprob"":-1.5320725440979004,""token_logprobs"":[-1.5320725440979004]},{""candidate"":""C"",""token_ids"":[34],""token_count"":1,""sequence_logprob"":-4.6570725440979,""mean_token_logprob"":-4.6570725440979,""token_logprobs"":[-4.6570725440979]},{""candidate"":""D"",""token_ids"":[35],""token_count"":1,""sequence_logprob"":-5.2195725440979,""mean_token_logprob"":-5.2195725440979,""token_logprobs"":[-5.2195725440979]}]",E,true
408631,Phee,F,0,0,audio_icl_candidate,candidate,,"[{""candidate"":""E"",""token_ids"":[36],""token_count"":1,""sequence_logprob"":-0.9463367462158203,""mean_token_logprob"":-0.9463367462158203,""token_logprobs"":[-0.9463367462158203]},{""candidate"":""F"",""token_ids"":[37],""token_count"":1,""sequence_logprob"":-4.82133674621582,""mean_token_logprob"":-4.82133674621582,""token_logprobs"":[-4.82133674621582]},{""candidate"":""A"",""token_ids"":[32],""token_count"":1,""sequence_logprob"":-1.3838367462158203,""mean_token_logprob"":-1.3838367462158203,""token_logprobs"":[-1.3838367462158203]},{""candidate"":""B"",""token_ids"":[33],""token_count"":1,""sequence_logprob"":-1.5088367462158203,""mean_token_logprob"":-1.5088367462158203,""token_logprobs"":[-1.5088367462158203]},{""candidate"":""C"",""token_ids"":[34],""token_count"":1,""sequence_logprob"":-3.9463367462158203,""mean_token_logprob"":-3.9463367462158203,""token_logprobs"":[-3.9463367462158203]},{""candidate"":""D"",""token_ids"":[35],""token_count"":1,""sequence_logprob"":-4.88383674621582,""mean_token_logprob"":-4.88383674621582,""token_logprobs"":[-4.88383674621582]}]",E,false
50919,Tsik,C,0,0,audio_icl_candidate,candidate,,"[{""candidate"":""E"",""token_ids"":[36],""token_count"":1,""sequence_logprob"":-0.8350450396537781,""mean_token_logprob"":-0.8350450396537781,""token_logprobs"":[-0.8350450396537781]},{""candidate"":""F"",""token_ids"":[37],""token_count"":1,""sequence_logprob"":-4.866294860839844,""mean_token_logprob"":-4.866294860839844,""token_logprobs"":[-4.866294860839844]},{""candidate"":""A"",""token_ids"":[32],""token_count"":1,""sequence_logprob"":-1.5225450992584229,""mean_token_logprob"":-1.5225450992584229,""token_logprobs"":[-1.5225450992584229]},{""candidate"":""B"",""token_ids"":[33],""token_count"":1,""sequence_logprob"":-1.5225450992584229,""mean_token_logprob"":-1.5225450992584229,""token_logprobs"":[-1.5225450992584229]},{""candidate"":""C"",""token_ids"":[34],""token_count"":1,""sequence_logprob"":-4.272544860839844,""mean_token_logprob"":-4.272544860839844,""token_logprobs"":[-4.272544860839844]},{""candidate"":""D"",""token_ids"":[35],""token_count"":1,""sequence_logprob"":-4.897544860839844,""mean_token_logprob"":-4.897544860839844,""token_logprobs"":[-4.897544860839844]}]",E,false
51436,Trill,B,0,0,audio_icl_candidate,candidate,,"[{""candidate"":""E"",""token_ids"":[36],""token_count"":1,""sequence_logprob"":-1.2253544330596924,""mean_token_logprob"":-1.2253544330596924,""token_logprobs"":[-1.2253544330596924]},{""candidate"":""F"",""token_ids"":[37],""token_count"":1,""sequence_logprob"":-4.162854194641113,""mean_token_logprob"":-4.162854194641113,""token_logprobs"":[-4.162854194641113]},{""candidate"":""A"",""token_ids"":[32],""token_count"":1,""sequence_logprob"":-1.4128544330596924,""mean_token_logprob"":-1.4128544330596924,""token_logprobs"":[-1.4128544330596924]},{""candidate"":""B"",""token_ids"":[33],""token_count"":1,""sequence_logprob"":-1.3503544330596924,""mean_token_logprob"":-1.3503544330596924,""token_logprobs"":[-1.3503544330596924]},{""candidate"":""C"",""token_ids"":[34],""token_count"":1,""sequence_logprob"":-4.287854194641113,""mean_token_logprob"":-4.287854194641113,""token_logprobs"":[-4.287854194641113]},{""candidate"":""D"",""token_ids"":[35],""token_count"":1,""sequence_logprob"":-4.662854194641113,""mean_token_logprob"":-4.662854194641113,""token_logprobs"":[-4.662854194641113]}]",E,false
517703,Trill,B,0,0,audio_icl_candidate,candidate,,"[{""candidate"":""E"",""token_ids"":[36],""token_count"":1,""sequence_logprob"":-1.2831374406814575,""mean_token_logprob"":-1.2831374406814575,""token_logprobs"":[-1.2831374406814575]},{""candidate"":""F"",""token_ids"":[37],""token_count"":1,""sequence_logprob"":-3.939387321472168,""mean_token_logprob"":-3.939387321472168,""token_logprobs"":[-3.939387321472168]},{""candidate"":""A"",""token_ids"":[32],""token_count"":1,""sequence_logprob"":-1.4706374406814575,""mean_token_logprob"":-1.4706374406814575,""token_logprobs"":[-1.4706374406814575]},{""candidate"":""B"",""token_ids"":[33],""token_count"":1,""sequence_logprob"":-1.3456374406814575,""mean_token_logprob"":-1.3456374406814575,""token_logprobs"":[-1.3456374406814575]},{""candidate"":""C"",""token_ids"":[34],""token_count"":1,""sequence_logprob"":-4.314387321472168,""mean_token_logprob"":-4.314387321472168,""token_logprobs"":[-4.314387321472168]},{""candidate"":""D"",""token_ids"":[35],""token_count"":1,""sequence_logprob"":-5.158137321472168,""mean_token_logprob"":-5.158137321472168,""token_logprobs"":[-5.158137321472168]}]",E,false
518079,Phee,F,0,0,audio_icl_candidate,candidate,,"[{""candidate"":""E"",""token_ids"":[36],""token_count"":1,""sequence_logprob"":-0.8804780840873718,""mean_token_logprob"":-0.8804780840873718,""token_logprobs"":[-0.8804780840873718]},{""candidate"":""F"",""token_ids"":[37],""token_count"":1,""sequence_logprob"":-3.6304781436920166,""mean_token_logprob"":-3.6304781436920166,""token_logprobs"":[-3.6304781436920166]},{""candidate"":""A"",""token_ids"":[32],""token_count"":1,""sequence_logprob"":-1.4429781436920166,""mean_token_logprob"":-1.4429781436920166,""token_logprobs"":[-1.4429781436920166]},{""candidate"":""B"",""token_ids"":[33],""token_count"":1,""sequence_logprob"":-1.5054781436920166,""mean_token_logprob"":-1.5054781436920166,""token_logprobs"":[-1.5054781436920166]},{""candidate"":""C"",""token_ids"":[34],""token_count"":1,""sequence_logprob"":-4.0054779052734375,""mean_token_logprob"":-4.0054779052734375,""token_logprobs"":[-4.0054779052734375]},{""candidate"":""D"",""token_ids"":[35],""token_count"":1,""sequence_logprob"":-4.7554779052734375,""mean_token_logprob"":-4.7554779052734375,""token_logprobs"":[-4.7554779052734375]}]",E,false
521545,Phee,F,0,0,audio_icl_candidate,candidate,,"[{""candidate"":""E"",""token_ids"":[36],""token_count"":1,""sequence_logprob"":-0.7728987336158752,""mean_token_logprob"":-0.7728987336158752,""token_logprobs"":[-0.7728987336158752]},{""candidate"":""F"",""token_ids"":[37],""token_count"":1,""sequence_logprob"":-5.1791486740112305,""mean_token_logprob"":-5.1791486740112305,""token_logprobs"":[-5.1791486740112305]},{""candidate"":""A"",""token_ids"":[32],""token_count"":1,""sequence_logprob"":-1.5228986740112305,""mean_token_logprob"":-1.5228986740112305,""token_logprobs"":[-1.5228986740112305]},{""candidate"":""B"",""token_ids"":[33],""token_count"":1,""sequence_logprob"":-1.5228986740112305,""mean_token_logprob"":-1.5228986740112305,""token_logprobs"":[-1.5228986740112305]},{""candidate"":""C"",""token_ids"":[34],""token_count"":1,""sequence_logprob"":-4.3978986740112305,""mean_token_logprob"":-4.3978986740112305,""token_logprobs"":[-4.3978986740112305]},{""candidate"":""D"",""token_ids"":[35],""token_count"":1,""sequence_logprob"":-5.0853986740112305,""mean_token_logprob"":-5.0853986740112305,""token_logprobs"":[-5.0853986740112305]}]",E,false
52861,Trill,B,0,0,audio_icl_candidate,candidate,,"[{""candidate"":""E"",""token_ids"":[36],""token_count"":1,""sequence_logprob"":-1.0879546403884888,""mean_token_logprob"":-1.0879546403884888,""token_logprobs"":[-1.0879546403884888]},{""candidate"":""F"",""token_ids"":[37],""token_count"":1,""sequence_logprob"":-3.837954521179199,""mean_token_logprob"":-3.837954521179199,""token_logprobs"":[-3.837954521179199]},{""candidate"":""A"",""token_ids"":[32],""token_count"":1,""sequence_logprob"":-1.4629546403884888,""mean_token_logprob"":-1.4629546403884888,""token_logprobs"":[-1.4629546403884888]},{""candidate"":""B"",""token_ids"":[33],""token_count"":1,""sequence_logprob"":-1.3379546403884888,""mean_token_logprob"":-1.3379546403884888,""token_logprobs"":[-1.3379546403884888]},{""candidate"":""C"",""token_ids"":[34],""token_count"":1,""sequence_logprob"":-4.275454521179199,""mean_token_logprob"":-4.275454521179199,""token_logprobs"":[-4.275454521179199]},{""candidate"":""D"",""token_ids"":[35],""token_count"":1,""sequence_logprob"":-5.087954521179199,""mean_token_logprob"":-5.087954521179199,""token_logprobs"":[-5.087954521179199]}]",E,false
533988,Seep,A,0,0,audio_icl_candidate,candidate,,"[{""candidate"":""E"",""token_ids"":[36],""token_count"":1,""sequence_logprob"":-0.999437153339386,""mean_token_logprob"":-0.999437153339386,""token_logprobs"":[-0.999437153339386]},{""candidate"":""F"",""token_ids"":[37],""token_count"":1,""sequence_logprob"":-4.06193733215332,""mean_token_logprob"":-4.06193733215332,""token_logprobs"":[-4.06193733215332]},{""candidate"":""A"",""token_ids"":[32],""token_count"":1,""sequence_logprob"":-1.3744370937347412,""mean_token_logprob"":-1.3744370937347412,""token_logprobs"":[-1.3744370937347412]},{""candidate"":""B"",""token_ids"":[33],""token_count"":1,""sequence_logprob"":-1.4369370937347412,""mean_token_logprob"":-1.4369370937347412,""token_logprobs"":[-1.4369370937347412]},{""candidate"":""C"",""token_ids"":[34],""token_count"":1,""sequence_logprob"":-4.18693733215332,""mean_token_logprob"":-4.18693733215332,""token_logprobs"":[-4.18693733215332]},{""candidate"":""D"",""token_ids"":[35],""token_count"":1,""sequence_logprob"":-4.74943733215332,""mean_token_logprob"":-4.74943733215332,""token_logprobs"":[-4.74943733215332]}]",E,false
54180,Phee,F,0,0,audio_icl_candidate,candidate,,"[{""candidate"":""E"",""token_ids"":[36],""token_count"":1,""sequence_logprob"":-1.08609938621521,""mean_token_logprob"":-1.08609938621521,""token_logprobs"":[-1.08609938621521]},{""candidate"":""F"",""token_ids"":[37],""token_count"":1,""sequence_logprob"":-4.992349624633789,""mean_token_logprob"":-4.992349624633789,""token_logprobs"":[-4.992349624633789]},{""candidate"":""A"",""token_ids"":[32],""token_count"":1,""sequence_logprob"":-1.39859938621521,""mean_token_logprob"":-1.39859938621521,""token_logprobs"":[-1.39859938621521]},{""candidate"":""B"",""token_ids"":[33],""token_count"":1,""sequence_logprob"":-1.27359938621521,""mean_token_logprob"":-1.27359938621521,""token_logprobs"":[-1.27359938621521]},{""candidate"":""C"",""token_ids"":[34],""token_count"":1,""sequence_logprob"":-4.336099624633789,""mean_token_logprob"":-4.336099624633789,""token_logprobs"":[-4.336099624633789]},{""candidate"":""D"",""token_ids"":[35],""token_count"":1,""sequence_logprob"":-4.867349624633789,""mean_token_logprob"":-4.867349624633789,""token_logprobs"":[-4.867349624633789]}]",E,false
547929,Twitter,D,0,0,audio_icl_candidate,candidate,,"[{""candidate"":""E"",""token_ids"":[36],""token_count"":1,""sequence_logprob"":-0.9843541979789734,""mean_token_logprob"":-0.9843541979789734,""token_logprobs"":[-0.9843541979789734]},{""candidate"":""F"",""token_ids"":[37],""token_count"":1,""sequence_logprob"":-3.359354257583618,""mean_token_logprob"":-3.359354257583618,""token_logprobs"":[-3.359354257583618]},{""candidate"":""A"",""token_ids"":[32],""token_count"":1,""sequence_logprob"":-1.5468542575836182,""mean_token_logprob"":-1.5468542575836182,""token_logprobs"":[-1.5468542575836182]},{""candidate"":""B"",""token_ids"":[33],""token_count"":1,""sequence_logprob"":-1.4843542575836182,""mean_token_logprob"":-1.4843542575836182,""token_logprobs"":[-1.4843542575836182]},{""candidate"":""C"",""token_ids"":[34],""token_count"":1,""sequence_logprob"":-3.984354257583618,""mean_token_logprob"":-3.984354257583618,""token_logprobs"":[-3.984354257583618]},{""candidate"":""D"",""token_ids"":[35],""token_count"":1,""sequence_logprob"":-4.359354019165039,""mean_token_logprob"":-4.359354019165039,""token_logprobs"":[-4.359354019165039]}]",E,false
547992,Phee,F,0,0,audio_icl_candidate,candidate,,"[{""candidate"":""E"",""token_ids"":[36],""token_count"":1,""sequence_logprob"":-0.9849213361740112,""mean_token_logprob"":-0.9849213361740112,""token_logprobs"":[-0.9849213361740112]},{""candidate"":""F"",""token_ids"":[37],""token_count"":1,""sequence_logprob"":-3.734921455383301,""mean_token_logprob"":-3.734921455383301,""token_logprobs"":[-3.734921455383301]},{""candidate"":""A"",""token_ids"":[32],""token_count"":1,""sequence_logprob"":-1.4224213361740112,""mean_token_logprob"":-1.4224213361740112,""token_logprobs"":[-1.4224213361740112]},{""candidate"":""B"",""token_ids"":[33],""token_count"":1,""sequence_logprob"":-1.4849213361740112,""mean_token_logprob"":-1.4849213361740112,""token_logprobs"":[-1.4849213361740112]},{""candidate"":""C"",""token_ids"":[34],""token_count"":1,""sequence_logprob"":-4.297421455383301,""mean_token_logprob"":-4.297421455383301,""token_logprobs"":[-4.297421455383301]},{""candidate"":""D"",""token_ids"":[35],""token_count"":1,""sequence_logprob"":-4.516171455383301,""mean_token_logprob"":-4.516171455383301,""token_logprobs"":[-4.516171455383301]}]",E,false
548798,Trill,B,0,0,audio_icl_candidate,candidate,,"[{""candidate"":""E"",""token_ids"":[36],""token_count"":1,""sequence_logprob"":-1.051279067993164,""mean_token_logprob"":-1.051279067993164,""token_logprobs"":[-1.051279067993164]},{""candidate"":""F"",""token_ids"":[37],""token_count"":1,""sequence_logprob"":-4.176279067993164,""mean_token_logprob"":-4.176279067993164,""token_logprobs"":[-4.176279067993164]},{""candidate"":""A"",""token_ids"":[32],""token_count"":1,""sequence_logprob"":-1.426279067993164,""mean_token_logprob"":-1.426279067993164,""token_logprobs"":[-1.426279067993164]},{""candidate"":""B"",""token_ids"":[33],""token_count"":1,""sequence_logprob"":-1.426279067993164,""mean_token_logprob"":-1.426279067993164,""token_logprobs"":[-1.426279067993164]},{""candidate"":""C"",""token_ids"":[34],""token_count"":1,""sequence_logprob"":-4.238779067993164,""mean_token_logprob"":-4.238779067993164,""token_logprobs"":[-4.238779067993164]},{""candidate"":""D"",""token_ids"":[35],""token_count"":1,""sequence_logprob"":-4.457529067993164,""mean_token_logprob"":-4.457529067993164,""token_logprobs"":[-4.457529067993164]}]",E,false
56195,Trill,B,0,0,audio_icl_candidate,candidate,,"[{""candidate"":""E"",""token_ids"":[36],""token_count"":1,""sequence_logprob"":-1.1494427919387817,""mean_token_logprob"":-1.1494427919387817,""token_logprobs"":[-1.1494427919387817]},{""candidate"":""F"",""token_ids"":[37],""token_count"":1,""sequence_logprob"":-3.961942672729492,""mean_token_logprob"":-3.961942672729492,""token_logprobs"":[-3.961942672729492]},{""candidate"":""A"",""token_ids"":[32],""token_count"":1,""sequence_logprob"":-1.4619427919387817,""mean_token_logprob"":-1.4619427919387817,""token_logprobs"":[-1.4619427919387817]},{""candidate"":""B"",""token_ids"":[33],""token_count"":1,""sequence_logprob"":-1.3994427919387817,""mean_token_logprob"":-1.3994427919387817,""token_logprobs"":[-1.3994427919387817]},{""candidate"":""C"",""token_ids"":[34],""token_count"":1,""sequence_logprob"":-4.086942672729492,""mean_token_logprob"":-4.086942672729492,""token_logprobs"":[-4.086942672729492]},{""candidate"":""D"",""token_ids"":[35],""token_count"":1,""sequence_logprob"":-5.118192672729492,""mean_token_logprob"":-5.118192672729492,""token_logprobs"":[-5.118192672729492]}]",E,false
580149,Trill,B,0,0,audio_icl_candidate,candidate,,"[{""candidate"":""E"",""token_ids"":[36],""token_count"":1,""sequence_logprob"":-0.8694530129432678,""mean_token_logprob"":-0.8694530129432678,""token_logprobs"":[-0.8694530129432678]},{""candidate"":""F"",""token_ids"":[37],""token_count"":1,""sequence_logprob"":-5.119452953338623,""mean_token_logprob"":-5.119452953338623,""token_logprobs"":[-5.119452953338623]},{""candidate"":""A"",""token_ids"":[32],""token_count"":1,""sequence_logprob"":-1.306952953338623,""mean_token_logprob"":-1.306952953338623,""token_logprobs"":[-1.306952953338623]},{""candidate"":""B"",""token_ids"":[33],""token_count"":1,""sequence_logprob"":-1.619452953338623,""mean_token_logprob"":-1.619452953338623,""token_logprobs"":[-1.619452953338623]},{""candidate"":""C"",""token_ids"":[34],""token_count"":1,""sequence_logprob"":-4.744452953338623,""mean_token_logprob"":-4.744452953338623,""token_logprobs"":[-4.744452953338623]},{""candidate"":""D"",""token_ids"":[35],""token_count"":1,""sequence_logprob"":-4.931952953338623,""mean_token_logprob"":-4.931952953338623,""token_logprobs"":[-4.931952953338623]}]",E,false
580352,Phee,F,0,0,audio_icl_candidate,candidate,,"[{""candidate"":""E"",""token_ids"":[36],""token_count"":1,""sequence_logprob"":-1.0773950815200806,""mean_token_logprob"":-1.0773950815200806,""token_logprobs"":[-1.0773950815200806]},{""candidate"":""F"",""token_ids"":[37],""token_count"":1,""sequence_logprob"":-4.608644962310791,""mean_token_logprob"":-4.608644962310791,""token_logprobs"":[-4.608644962310791]},{""candidate"":""A"",""token_ids"":[32],""token_count"":1,""sequence_logprob"":-1.2648950815200806,""mean_token_logprob"":-1.2648950815200806,""token_logprobs"":[-1.2648950815200806]},{""candidate"":""B"",""token_ids"":[33],""token_count"":1,""sequence_logprob"":-1.4523950815200806,""mean_token_logprob"":-1.4523950815200806,""token_logprobs"":[-1.4523950815200806]},{""candidate"":""C"",""token_ids"":[34],""token_count"":1,""sequence_logprob"":-4.171144962310791,""mean_token_logprob"":-4.171144962310791,""token_logprobs"":[-4.171144962310791]},{""candidate"":""D"",""token_ids"":[35],""token_count"":1,""sequence_logprob"":-4.608644962310791,""mean_token_logprob"":-4.608644962310791,""token_logprobs"":[-4.608644962310791]}]",E,false
590590,Phee,F,0,0,audio_icl_candidate,candidate,,"[{""candidate"":""E"",""token_ids"":[36],""token_count"":1,""sequence_logprob"":-0.8242592811584473,""mean_token_logprob"":-0.8242592811584473,""token_logprobs"":[-0.8242592811584473]},{""candidate"":""F"",""token_ids"":[37],""token_count"":1,""sequence_logprob"":-5.074259281158447,""mean_token_logprob"":-5.074259281158447,""token_logprobs"":[-5.074259281158447]},{""candidate"":""A"",""token_ids"":[32],""token_count"":1,""sequence_logprob"":-1.5117592811584473,""mean_token_logprob"":-1.5117592811584473,""token_logprobs"":[-1.5117592811584473]},{""candidate"":""B"",""token_ids"":[33],""token_count"":1,""sequence_logprob"":-1.4492592811584473,""mean_token_logprob"":-1.4492592811584473,""token_logprobs"":[-1.4492592811584473]},{""candidate"":""C"",""token_ids"":[34],""token_count"":1,""sequence_logprob"":-4.199259281158447,""mean_token_logprob"":-4.199259281158447,""token_logprobs"":[-4.199259281158447]},{""candidate"":""D"",""token_ids"":[35],""token_count"":1,""sequence_logprob"":-4.761759281158447,""mean_token_logprob"":-4.761759281158447,""token_logprobs"":[-4.761759281158447]}]",E,false
592253,Trill,B,0,0,audio_icl_candidate,candidate,,"[{""candidate"":""E"",""token_ids"":[36],""token_count"":1,""sequence_logprob"":-1.1154193878173828,""mean_token_logprob"":-1.1154193878173828,""token_logprobs"":[-1.1154193878173828]},{""candidate"":""F"",""token_ids"":[37],""token_count"":1,""sequence_logprob"":-4.115419387817383,""mean_token_logprob"":-4.115419387817383,""token_logprobs"":[-4.115419387817383]},{""candidate"":""A"",""token_ids"":[32],""token_count"":1,""sequence_logprob"":-1.4904193878173828,""mean_token_logprob"":-1.4904193878173828,""token_logprobs"":[-1.4904193878173828]},{""candidate"":""B"",""token_ids"":[33],""token_count"":1,""sequence_logprob"":-1.4904193878173828,""mean_token_logprob"":-1.4904193878173828,""token_logprobs"":[-1.4904193878173828]},{""candidate"":""C"",""token_ids"":[34],""token_count"":1,""sequence_logprob"":-4.052919387817383,""mean_token_logprob"":-4.052919387817383,""token_logprobs"":[-4.052919387817383]},{""candidate"":""D"",""token_ids"":[35],""token_count"":1,""sequence_logprob"":-4.771669387817383,""mean_token_logprob"":-4.771669387817383,""token_logprobs"":[-4.771669387817383]}]",E,false
592286,Twitter,D,0,0,audio_icl_candidate,candidate,,"[{""candidate"":""E"",""token_ids"":[36],""token_count"":1,""sequence_logprob"":-0.6460610628128052,""mean_token_logprob"":-0.6460610628128052,""token_logprobs"":[-0.6460610628128052]},{""candidate"":""F"",""token_ids"":[37],""token_count"":1,""sequence_logprob"":-5.458560943603516,""mean_token_logprob"":-5.458560943603516,""token_logprobs"":[-5.458560943603516]},{""candidate"":""A"",""token_ids"":[32],""token_count"":1,""sequence_logprob"":-1.3960610628128052,""mean_token_logprob"":-1.3960610628128052,""token_logprobs"":[-1.3960610628128052]},{""candidate"":""B"",""token_ids"":[33],""token_count"":1,""sequence_logprob"":-1.8960610628128052,""mean_token_logprob"":-1.8960610628128052,""token_logprobs"":[-1.8960610628128052]},{""candidate"":""C"",""token_ids"":[34],""token_count"":1,""sequence_logprob"":-4.771060943603516,""mean_token_logprob"":-4.771060943603516,""token_logprobs"":[-4.771060943603516]},{""candidate"":""D"",""token_ids"":[35],""token_count"":1,""sequence_logprob"":-5.083560943603516,""mean_token_logprob"":-5.083560943603516,""token_logprobs"":[-5.083560943603516]}]",E,false
595018,Trill,B,0,0,audio_icl_candidate,candidate,,"[{""candidate"":""E"",""token_ids"":[36],""token_count"":1,""sequence_logprob"":-0.9682086110115051,""mean_token_logprob"":-0.9682086110115051,""token_logprobs"":[-0.9682086110115051]},{""candidate"":""F"",""token_ids"":[37],""token_count"":1,""sequence_logprob"":-4.5307087898254395,""mean_token_logprob"":-4.5307087898254395,""token_logprobs"":[-4.5307087898254395]},{""candidate"":""A"",""token_ids"":[32],""token_count"":1,""sequence_logprob"":-1.4682085514068604,""mean_token_logprob"":-1.4682085514068604,""token_logprobs"":[-1.4682085514068604]},{""candidate"":""B"",""token_ids"":[33],""token_count"":1,""sequence_logprob"":-1.4057085514068604,""mean_token_logprob"":-1.4057085514068604,""token_logprobs"":[-1.4057085514068604]},{""candidate"":""C"",""token_ids"":[34],""token_count"":1,""sequence_logprob"":-4.2182087898254395,""mean_token_logprob"":-4.2182087898254395,""token_logprobs"":[-4.2182087898254395]},{""candidate"":""D"",""token_ids"":[35],""token_count"":1,""sequence_logprob"":-5.2807087898254395,""mean_token_logprob"":-5.2807087898254395,""token_logprobs"":[-5.2807087898254395]}]",E,false
598116,Twitter,D,0,0,audio_icl_candidate,candidate,,"[{""candidate"":""E"",""token_ids"":[36],""token_count"":1,""sequence_logprob"":-0.8370617032051086,""mean_token_logprob"":-0.8370617032051086,""token_logprobs"":[-0.8370617032051086]},{""candidate"":""F"",""token_ids"":[37],""token_count"":1,""sequence_logprob"":-5.462061882019043,""mean_token_logprob"":-5.462061882019043,""token_logprobs"":[-5.462061882019043]},{""candidate"":""A"",""token_ids"":[32],""token_count"":1,""sequence_logprob"":-1.3995616436004639,""mean_token_logprob"":-1.3995616436004639,""token_logprobs"":[-1.3995616436004639]},{""candidate"":""B"",""token_ids"":[33],""token_count"":1,""sequence_logprob"":-1.5870616436004639,""mean_token_logprob"":-1.5870616436004639,""token_logprobs"":[-1.5870616436004639]},{""candidate"":""C"",""token_ids"":[34],""token_count"":1,""sequence_logprob"":-4.587061882019043,""mean_token_logprob"":-4.587061882019043,""token_logprobs"":[-4.587061882019043]},{""candidate"":""D"",""token_ids"":[35],""token_count"":1,""sequence_logprob"":-4.524561882019043,""mean_token_logprob"":-4.524561882019043,""token_logprobs"":[-4.524561882019043]}]",E,false
598781,Twitter,D,0,0,audio_icl_candidate,candidate,,"[{""candidate"":""E"",""token_ids"":[36],""token_count"":1,""sequence_logprob"":-1.0724961757659912,""mean_token_logprob"":-1.0724961757659912,""token_logprobs"":[-1.0724961757659912]},{""candidate"":""F"",""token_ids"":[37],""token_count"":1,""sequence_logprob"":-2.947496175765991,""mean_token_logprob"":-2.947496175765991,""token_logprobs"":[-2.947496175765991]},{""candidate"":""A"",""token_ids"":[32],""token_count"":1,""sequence_logprob"":-1.4474961757659912,""mean_token_logprob"":-1.4474961757659912,""token_logprobs"":[-1.4474961757659912]},{""candidate"":""B"",""token_ids"":[33],""token_count"":1,""sequence_logprob"":-1.5099961757659912,""mean_token_logprob"":-1.5099961757659912,""token_logprobs"":[-1.5099961757659912]},{""candidate"":""C"",""token_ids"":[34],""token_count"":1,""sequence_logprob"":-4.44749641418457,""mean_token_logprob"":-4.44749641418457,""token_logprobs"":[-4.44749641418457]},{""candidate"":""D"",""token_ids"":[35],""token_count"":1,""sequence_logprob"":-4.75999641418457,""mean_token_logprob"":-4.75999641418457,""token_logprobs"":[-4.75999641418457]}]",E,false
609454,Infant Cry,E,0,0,audio_icl_candidate,candidate,,"[{""candidate"":""E"",""token_ids"":[36],""token_count"":1,""sequence_logprob"":-0.9606733322143555,""mean_token_logprob"":-0.9606733322143555,""token_logprobs"":[-0.9606733322143555]},{""candidate"":""F"",""token_ids"":[37],""token_count"":1,""sequence_logprob"":-3.7731733322143555,""mean_token_logprob"":-3.7731733322143555,""token_logprobs"":[-3.7731733322143555]},{""candidate"":""A"",""token_ids"":[32],""token_count"":1,""sequence_logprob"":-1.5231733322143555,""mean_token_logprob"":-1.5231733322143555,""token_logprobs"":[-1.5231733322143555]},{""candidate"":""B"",""token_ids"":[33],""token_count"":1,""sequence_logprob"":-1.3981733322143555,""mean_token_logprob"":-1.3981733322143555,""token_logprobs"":[-1.3981733322143555]},{""candidate"":""C"",""token_ids"":[34],""token_count"":1,""sequence_logprob"":-4.1481733322143555,""mean_token_logprob"":-4.1481733322143555,""token_logprobs"":[-4.1481733322143555]},{""candidate"":""D"",""token_ids"":[35],""token_count"":1,""sequence_logprob"":-5.0231733322143555,""mean_token_logprob"":-5.0231733322143555,""token_logprobs"":[-5.0231733322143555]}]",E,true
610080,Tsik,C,0,0,audio_icl_candidate,candidate,,"[{""candidate"":""E"",""token_ids"":[36],""token_count"":1,""sequence_logprob"":-0.9949128031730652,""mean_token_logprob"":-0.9949128031730652,""token_logprobs"":[-0.9949128031730652]},{""candidate"":""F"",""token_ids"":[37],""token_count"":1,""sequence_logprob"":-2.30741286277771,""mean_token_logprob"":-2.30741286277771,""token_logprobs"":[-2.30741286277771]},{""candidate"":""A"",""token_ids"":[32],""token_count"":1,""sequence_logprob"":-1.55741286277771,""mean_token_logprob"":-1.55741286277771,""token_logprobs"":[-1.55741286277771]},{""candidate"":""B"",""token_ids"":[33],""token_count"":1,""sequence_logprob"":-1.55741286277771,""mean_token_logprob"":-1.55741286277771,""token_logprobs"":[-1.55741286277771]},{""candidate"":""C"",""token_ids"":[34],""token_count"":1,""sequence_logprob"":-4.682412624359131,""mean_token_logprob"":-4.682412624359131,""token_logprobs"":[-4.682412624359131]},{""candidate"":""D"",""token_ids"":[35],""token_count"":1,""sequence_logprob"":-5.182412624359131,""mean_token_logprob"":-5.182412624359131,""token_logprobs"":[-5.182412624359131]}]",E,false
614582,Tsik,C,0,0,audio_icl_candidate,candidate,,"[{""candidate"":""E"",""token_ids"":[36],""token_count"":1,""sequence_logprob"":-1.0576114654541016,""mean_token_logprob"":-1.0576114654541016,""token_logprobs"":[-1.0576114654541016]},{""candidate"":""F"",""token_ids"":[37],""token_count"":1,""sequence_logprob"":-3.0576114654541016,""mean_token_logprob"":-3.0576114654541016,""token_logprobs"":[-3.0576114654541016]},{""candidate"":""A"",""token_ids"":[32],""token_count"":1,""sequence_logprob"":-1.3701114654541016,""mean_token_logprob"":-1.3701114654541016,""token_logprobs"":[-1.3701114654541016]},{""candidate"":""B"",""token_ids"":[33],""token_count"":1,""sequence_logprob"":-1.6201114654541016,""mean_token_logprob"":-1.6201114654541016,""token_logprobs"":[-1.6201114654541016]},{""candidate"":""C"",""token_ids"":[34],""token_count"":1,""sequence_logprob"":-4.495111465454102,""mean_token_logprob"":-4.495111465454102,""token_logprobs"":[-4.495111465454102]},{""candidate"":""D"",""token_ids"":[35],""token_count"":1,""sequence_logprob"":-4.870111465454102,""mean_token_logprob"":-4.870111465454102,""token_logprobs"":[-4.870111465454102]}]",E,false
614794,Tsik,C,0,0,audio_icl_candidate,candidate,,"[{""candidate"":""E"",""token_ids"":[36],""token_count"":1,""sequence_logprob"":-1.0645767450332642,""mean_token_logprob"":-1.0645767450332642,""token_logprobs"":[-1.0645767450332642]},{""candidate"":""F"",""token_ids"":[37],""token_count"":1,""sequence_logprob"":-2.6895766258239746,""mean_token_logprob"":-2.6895766258239746,""token_logprobs"":[-2.6895766258239746]},{""candidate"":""A"",""token_ids"":[32],""token_count"":1,""sequence_logprob"":-1.4395767450332642,""mean_token_logprob"":-1.4395767450332642,""token_logprobs"":[-1.4395767450332642]},{""candidate"":""B"",""token_ids"":[33],""token_count"":1,""sequence_logprob"":-1.5020767450332642,""mean_token_logprob"":-1.5020767450332642,""token_logprobs"":[-1.5020767450332642]},{""candidate"":""C"",""token_ids"":[34],""token_count"":1,""sequence_logprob"":-3.6270766258239746,""mean_token_logprob"":-3.6270766258239746,""token_logprobs"":[-3.6270766258239746]},{""candidate"":""D"",""token_ids"":[35],""token_count"":1,""sequence_logprob"":-4.002076625823975,""mean_token_logprob"":-4.002076625823975,""token_logprobs"":[-4.002076625823975]}]",E,false
622260,Twitter,D,0,0,audio_icl_candidate,candidate,,"[{""candidate"":""E"",""token_ids"":[36],""token_count"":1,""sequence_logprob"":-1.1209694147109985,""mean_token_logprob"":-1.1209694147109985,""token_logprobs"":[-1.1209694147109985]},{""candidate"":""F"",""token_ids"":[37],""token_count"":1,""sequence_logprob"":-2.245969295501709,""mean_token_logprob"":-2.245969295501709,""token_logprobs"":[-2.245969295501709]},{""candidate"":""A"",""token_ids"":[32],""token_count"":1,""sequence_logprob"":-1.4959694147109985,""mean_token_logprob"":-1.4959694147109985,""token_logprobs"":[-1.4959694147109985]},{""candidate"":""B"",""token_ids"":[33],""token_count"":1,""sequence_logprob"":-1.4959694147109985,""mean_token_logprob"":-1.4959694147109985,""token_logprobs"":[-1.4959694147109985]},{""candidate"":""C"",""token_ids"":[34],""token_count"":1,""sequence_logprob"":-4.745969295501709,""mean_token_logprob"":-4.745969295501709,""token_logprobs"":[-4.745969295501709]},{""candidate"":""D"",""token_ids"":[35],""token_count"":1,""sequence_logprob"":-4.558469295501709,""mean_token_logprob"":-4.558469295501709,""token_logprobs"":[-4.558469295501709]}]",E,false
622312,Tsik,C,0,0,audio_icl_candidate,candidate,,"[{""candidate"":""E"",""token_ids"":[36],""token_count"":1,""sequence_logprob"":-1.026520013809204,""mean_token_logprob"":-1.026520013809204,""token_logprobs"":[-1.026520013809204]},{""candidate"":""F"",""token_ids"":[37],""token_count"":1,""sequence_logprob"":-4.839019775390625,""mean_token_logprob"":-4.839019775390625,""token_logprobs"":[-4.839019775390625]},{""candidate"":""A"",""token_ids"":[32],""token_count"":1,""sequence_logprob"":-1.401520013809204,""mean_token_logprob"":-1.401520013809204,""token_logprobs"":[-1.401520013809204]},{""candidate"":""B"",""token_ids"":[33],""token_count"":1,""sequence_logprob"":-1.339020013809204,""mean_token_logprob"":-1.339020013809204,""token_logprobs"":[-1.339020013809204]},{""candidate"":""C"",""token_ids"":[34],""token_count"":1,""sequence_logprob"":-3.839020013809204,""mean_token_logprob"":-3.839020013809204,""token_logprobs"":[-3.839020013809204]},{""candidate"":""D"",""token_ids"":[35],""token_count"":1,""sequence_logprob"":-4.526519775390625,""mean_token_logprob"":-4.526519775390625,""token_logprobs"":[-4.526519775390625]}]",E,false
622320,Trill,B,0,0,audio_icl_candidate,candidate,,"[{""candidate"":""E"",""token_ids"":[36],""token_count"":1,""sequence_logprob"":-1.144823670387268,""mean_token_logprob"":-1.144823670387268,""token_logprobs"":[-1.144823670387268]},{""candidate"":""F"",""token_ids"":[37],""token_count"":1,""sequence_logprob"":-4.3948235511779785,""mean_token_logprob"":-4.3948235511779785,""token_logprobs"":[-4.3948235511779785]},{""candidate"":""A"",""token_ids"":[32],""token_count"":1,""sequence_logprob"":-1.394823670387268,""mean_token_logprob"":-1.394823670387268,""token_logprobs"":[-1.394823670387268]},{""candidate"":""B"",""token_ids"":[33],""token_count"":1,""sequence_logprob"":-1.394823670387268,""mean_token_logprob"":-1.394823670387268,""token_logprobs"":[-1.394823670387268]},{""candidate"":""C"",""token_ids"":[34],""token_count"":1,""sequence_logprob"":-4.3323235511779785,""mean_token_logprob"":-4.3323235511779785,""token_logprobs"":[-4.3323235511779785]},{""candidate"":""D"",""token_ids"":[35],""token_count"":1,""sequence_logprob"":-4.9885735511779785,""mean_token_logprob"":-4.9885735511779785,""token_logprobs"":[-4.9885735511779785]}]",E,false
622417,Seep,A,0,0,audio_icl_candidate,candidate,,"[{""candidate"":""E"",""token_ids"":[36],""token_count"":1,""sequence_logprob"":-1.093367576599121,""mean_token_logprob"":-1.093367576599121,""token_logprobs"":[-1.093367576599121]},{""candidate"":""F"",""token_ids"":[37],""token_count"":1,""sequence_logprob"":-3.155867576599121,""mean_token_logprob"":-3.155867576599121,""token_logprobs"":[-3.155867576599121]},{""candidate"":""A"",""token_ids"":[32],""token_count"":1,""sequence_logprob"":-1.468367576599121,""mean_token_logprob"":-1.468367576599121,""token_logprobs"":[-1.468367576599121]},{""candidate"":""B"",""token_ids"":[33],""token_count"":1,""sequence_logprob"":-1.593367576599121,""mean_token_logprob"":-1.593367576599121,""token_logprobs"":[-1.593367576599121]},{""candidate"":""C"",""token_ids"":[34],""token_count"":1,""sequence_logprob"":-4.718367576599121,""mean_token_logprob"":-4.718367576599121,""token_logprobs"":[-4.718367576599121]},{""candidate"":""D"",""token_ids"":[35],""token_count"":1,""sequence_logprob"":-5.405867576599121,""mean_token_logprob"":-5.405867576599121,""token_logprobs"":[-5.405867576599121]}]",E,false
622758,Twitter,D,0,0,audio_icl_candidate,candidate,,"[{""candidate"":""E"",""token_ids"":[36],""token_count"":1,""sequence_logprob"":-1.012939453125,""mean_token_logprob"":-1.012939453125,""token_logprobs"":[-1.012939453125]},{""candidate"":""F"",""token_ids"":[37],""token_count"":1,""sequence_logprob"":-5.169189453125,""mean_token_logprob"":-5.169189453125,""token_logprobs"":[-5.169189453125]},{""candidate"":""A"",""token_ids"":[32],""token_count"":1,""sequence_logprob"":-1.325439453125,""mean_token_logprob"":-1.325439453125,""token_logprobs"":[-1.325439453125]},{""candidate"":""B"",""token_ids"":[33],""token_count"":1,""sequence_logprob"":-1.387939453125,""mean_token_logprob"":-1.387939453125,""token_logprobs"":[-1.387939453125]},{""candidate"":""C"",""token_ids"":[34],""token_count"":1,""sequence_logprob"":-4.512939453125,""mean_token_logprob"":-4.512939453125,""token_logprobs"":[-4.512939453125]},{""candidate"":""D"",""token_ids"":[35],""token_count"":1,""sequence_logprob"":-4.575439453125,""mean_token_logprob"":-4.575439453125,""token_logprobs"":[-4.575439453125]}]",E,false
623382,Seep,A,0,0,audio_icl_candidate,candidate,,"[{""candidate"":""E"",""token_ids"":[36],""token_count"":1,""sequence_logprob"":-1.0808849334716797,""mean_token_logprob"":-1.0808849334716797,""token_logprobs"":[-1.0808849334716797]},{""candidate"":""F"",""token_ids"":[37],""token_count"":1,""sequence_logprob"":-2.8308849334716797,""mean_token_logprob"":-2.8308849334716797,""token_logprobs"":[-2.8308849334716797]},{""candidate"":""A"",""token_ids"":[32],""token_count"":1,""sequence_logprob"":-1.3308849334716797,""mean_token_logprob"":-1.3308849334716797,""token_logprobs"":[-1.3308849334716797]},{""candidate"":""B"",""token_ids"":[33],""token_count"":1,""sequence_logprob"":-1.6433849334716797,""mean_token_logprob"":-1.6433849334716797,""token_logprobs"":[-1.6433849334716797]},{""candidate"":""C"",""token_ids"":[34],""token_count"":1,""sequence_logprob"":-4.39338493347168,""mean_token_logprob"":-4.39338493347168,""token_logprobs"":[-4.39338493347168]},{""candidate"":""D"",""token_ids"":[35],""token_count"":1,""sequence_logprob"":-5.11213493347168,""mean_token_logprob"":-5.11213493347168,""token_logprobs"":[-5.11213493347168]}]",E,false
623573,Twitter,D,0,0,audio_icl_candidate,candidate,,"[{""candidate"":""E"",""token_ids"":[36],""token_count"":1,""sequence_logprob"":-1.0177478790283203,""mean_token_logprob"":-1.0177478790283203,""token_logprobs"":[-1.0177478790283203]},{""candidate"":""F"",""token_ids"":[37],""token_count"":1,""sequence_logprob"":-3.7052478790283203,""mean_token_logprob"":-3.7052478790283203,""token_logprobs"":[-3.7052478790283203]},{""candidate"":""A"",""token_ids"":[32],""token_count"":1,""sequence_logprob"":-1.5802478790283203,""mean_token_logprob"":-1.5802478790283203,""token_logprobs"":[-1.5802478790283203]},{""candidate"":""B"",""token_ids"":[33],""token_count"":1,""sequence_logprob"":-1.3927478790283203,""mean_token_logprob"":-1.3927478790283203,""token_logprobs"":[-1.3927478790283203]},{""candidate"":""C"",""token_ids"":[34],""token_count"":1,""sequence_logprob"":-4.51774787902832,""mean_token_logprob"":-4.51774787902832,""token_logprobs"":[-4.51774787902832]},{""candidate"":""D"",""token_ids"":[35],""token_count"":1,""sequence_logprob"":-5.58024787902832,""mean_token_logprob"":-5.58024787902832,""token_logprobs"":[-5.58024787902832]}]",E,false
623621,Seep,A,0,0,audio_icl_candidate,candidate,,"[{""candidate"":""E"",""token_ids"":[36],""token_count"":1,""sequence_logprob"":-1.01800537109375,""mean_token_logprob"":-1.01800537109375,""token_logprobs"":[-1.01800537109375]},{""candidate"":""F"",""token_ids"":[37],""token_count"":1,""sequence_logprob"":-3.39300537109375,""mean_token_logprob"":-3.39300537109375,""token_logprobs"":[-3.39300537109375]},{""candidate"":""A"",""token_ids"":[32],""token_count"":1,""sequence_logprob"":-1.45550537109375,""mean_token_logprob"":-1.45550537109375,""token_logprobs"":[-1.45550537109375]},{""candidate"":""B"",""token_ids"":[33],""token_count"":1,""sequence_logprob"":-1.58050537109375,""mean_token_logprob"":-1.58050537109375,""token_logprobs"":[-1.58050537109375]},{""candidate"":""C"",""token_ids"":[34],""token_count"":1,""sequence_logprob"":-4.08050537109375,""mean_token_logprob"":-4.08050537109375,""token_logprobs"":[-4.08050537109375]},{""candidate"":""D"",""token_ids"":[35],""token_count"":1,""sequence_logprob"":-4.64300537109375,""mean_token_logprob"":-4.64300537109375,""token_logprobs"":[-4.64300537109375]}]",E,false
623676,Infant Cry,E,0,0,audio_icl_candidate,candidate,,"[{""candidate"":""E"",""token_ids"":[36],""token_count"":1,""sequence_logprob"":-1.0171774625778198,""mean_token_logprob"":-1.0171774625778198,""token_logprobs"":[-1.0171774625778198]},{""candidate"":""F"",""token_ids"":[37],""token_count"":1,""sequence_logprob"":-3.8296775817871094,""mean_token_logprob"":-3.8296775817871094,""token_logprobs"":[-3.8296775817871094]},{""candidate"":""A"",""token_ids"":[32],""token_count"":1,""sequence_logprob"":-1.5171774625778198,""mean_token_logprob"":-1.5171774625778198,""token_logprobs"":[-1.5171774625778198]},{""candidate"":""B"",""token_ids"":[33],""token_count"":1,""sequence_logprob"":-1.3921774625778198,""mean_token_logprob"":-1.3921774625778198,""token_logprobs"":[-1.3921774625778198]},{""candidate"":""C"",""token_ids"":[34],""token_count"":1,""sequence_logprob"":-4.267177581787109,""mean_token_logprob"":-4.267177581787109,""token_logprobs"":[-4.267177581787109]},{""candidate"":""D"",""token_ids"":[35],""token_count"":1,""sequence_logprob"":-4.985927581787109,""mean_token_logprob"":-4.985927581787109,""token_logprobs"":[-4.985927581787109]}]",E,true
623691,Infant Cry,E,0,0,audio_icl_candidate,candidate,,"[{""candidate"":""E"",""token_ids"":[36],""token_count"":1,""sequence_logprob"":-1.0503599643707275,""mean_token_logprob"":-1.0503599643707275,""token_logprobs"":[-1.0503599643707275]},{""candidate"":""F"",""token_ids"":[37],""token_count"":1,""sequence_logprob"":-3.4878599643707275,""mean_token_logprob"":-3.4878599643707275,""token_logprobs"":[-3.4878599643707275]},{""candidate"":""A"",""token_ids"":[32],""token_count"":1,""sequence_logprob"":-1.4878599643707275,""mean_token_logprob"":-1.4878599643707275,""token_logprobs"":[-1.4878599643707275]},{""candidate"":""B"",""token_ids"":[33],""token_count"":1,""sequence_logprob"":-1.4878599643707275,""mean_token_logprob"":-1.4878599643707275,""token_logprobs"":[-1.4878599643707275]},{""candidate"":""C"",""token_ids"":[34],""token_count"":1,""sequence_logprob"":-4.612859725952148,""mean_token_logprob"":-4.612859725952148,""token_logprobs"":[-4.612859725952148]},{""candidate"":""D"",""token_ids"":[35],""token_count"":1,""sequence_logprob"":-5.269109725952148,""mean_token_logprob"":-5.269109725952148,""token_logprobs"":[-5.269109725952148]}]",E,true
623713,Seep,A,0,0,audio_icl_candidate,candidate,,"[{""candidate"":""E"",""token_ids"":[36],""token_count"":1,""sequence_logprob"":-1.0893502235412598,""mean_token_logprob"":-1.0893502235412598,""token_logprobs"":[-1.0893502235412598]},{""candidate"":""F"",""token_ids"":[37],""token_count"":1,""sequence_logprob"":-3.2768502235412598,""mean_token_logprob"":-3.2768502235412598,""token_logprobs"":[-3.2768502235412598]},{""candidate"":""A"",""token_ids"":[32],""token_count"":1,""sequence_logprob"":-1.4018502235412598,""mean_token_logprob"":-1.4018502235412598,""token_logprobs"":[-1.4018502235412598]},{""candidate"":""B"",""token_ids"":[33],""token_count"":1,""sequence_logprob"":-1.5893502235412598,""mean_token_logprob"":-1.5893502235412598,""token_logprobs"":[-1.5893502235412598]},{""candidate"":""C"",""token_ids"":[34],""token_count"":1,""sequence_logprob"":-4.21435022354126,""mean_token_logprob"":-4.21435022354126,""token_logprobs"":[-4.21435022354126]},{""candidate"":""D"",""token_ids"":[35],""token_count"":1,""sequence_logprob"":-4.65185022354126,""mean_token_logprob"":-4.65185022354126,""token_logprobs"":[-4.65185022354126]}]",E,false
623831,Tsik,C,0,0,audio_icl_candidate,candidate,,"[{""candidate"":""E"",""token_ids"":[36],""token_count"":1,""sequence_logprob"":-1.2560570240020752,""mean_token_logprob"":-1.2560570240020752,""token_logprobs"":[-1.2560570240020752]},{""candidate"":""F"",""token_ids"":[37],""token_count"":1,""sequence_logprob"":-2.943557024002075,""mean_token_logprob"":-2.943557024002075,""token_logprobs"":[-2.943557024002075]},{""candidate"":""A"",""token_ids"":[32],""token_count"":1,""sequence_logprob"":-1.5685570240020752,""mean_token_logprob"":-1.5685570240020752,""token_logprobs"":[-1.5685570240020752]},{""candidate"":""B"",""token_ids"":[33],""token_count"":1,""sequence_logprob"":-1.3810570240020752,""mean_token_logprob"":-1.3810570240020752,""token_logprobs"":[-1.3810570240020752]},{""candidate"":""C"",""token_ids"":[34],""token_count"":1,""sequence_logprob"":-4.318556785583496,""mean_token_logprob"":-4.318556785583496,""token_logprobs"":[-4.318556785583496]},{""candidate"":""D"",""token_ids"":[35],""token_count"":1,""sequence_logprob"":-4.631056785583496,""mean_token_logprob"":-4.631056785583496,""token_logprobs"":[-4.631056785583496]}]",E,false
624179,Twitter,D,0,0,audio_icl_candidate,candidate,,"[{""candidate"":""E"",""token_ids"":[36],""token_count"":1,""sequence_logprob"":-0.9066013097763062,""mean_token_logprob"":-0.9066013097763062,""token_logprobs"":[-0.9066013097763062]},{""candidate"":""F"",""token_ids"":[37],""token_count"":1,""sequence_logprob"":-5.969101428985596,""mean_token_logprob"":-5.969101428985596,""token_logprobs"":[-5.969101428985596]},{""candidate"":""A"",""token_ids"":[32],""token_count"":1,""sequence_logprob"":-1.2191013097763062,""mean_token_logprob"":-1.2191013097763062,""token_logprobs"":[-1.2191013097763062]},{""candidate"":""B"",""token_ids"":[33],""token_count"":1,""sequence_logprob"":-1.6566013097763062,""mean_token_logprob"":-1.6566013097763062,""token_logprobs"":[-1.6566013097763062]},{""candidate"":""C"",""token_ids"":[34],""token_count"":1,""sequence_logprob"":-5.344101428985596,""mean_token_logprob"":-5.344101428985596,""token_logprobs"":[-5.344101428985596]},{""candidate"":""D"",""token_ids"":[35],""token_count"":1,""sequence_logprob"":-5.344101428985596,""mean_token_logprob"":-5.344101428985596,""token_logprobs"":[-5.344101428985596]}]",E,false
624712,Trill,B,0,0,audio_icl_candidate,candidate,,"[{""candidate"":""E"",""token_ids"":[36],""token_count"":1,""sequence_logprob"":-0.9925722479820251,""mean_token_logprob"":-0.9925722479820251,""token_logprobs"":[-0.9925722479820251]},{""candidate"":""F"",""token_ids"":[37],""token_count"":1,""sequence_logprob"":-3.86757230758667,""mean_token_logprob"":-3.86757230758667,""token_logprobs"":[-3.86757230758667]},{""candidate"":""A"",""token_ids"":[32],""token_count"":1,""sequence_logprob"":-1.49257230758667,""mean_token_logprob"":-1.49257230758667,""token_logprobs"":[-1.49257230758667]},{""candidate"":""B"",""token_ids"":[33],""token_count"":1,""sequence_logprob"":-1.49257230758667,""mean_token_logprob"":-1.49257230758667,""token_logprobs"":[-1.49257230758667]},{""candidate"":""C"",""token_ids"":[34],""token_count"":1,""sequence_logprob"":-4.30507230758667,""mean_token_logprob"":-4.30507230758667,""token_logprobs"":[-4.30507230758667]},{""candidate"":""D"",""token_ids"":[35],""token_count"":1,""sequence_logprob"":-5.49257230758667,""mean_token_logprob"":-5.49257230758667,""token_logprobs"":[-5.49257230758667]}]",E,false
625053,Twitter,D,0,0,audio_icl_candidate,candidate,,"[{""candidate"":""E"",""token_ids"":[36],""token_count"":1,""sequence_logprob"":-0.7248300313949585,""mean_token_logprob"":-0.7248300313949585,""token_logprobs"":[-0.7248300313949585]},{""candidate"":""F"",""token_ids"":[37],""token_count"":1,""sequence_logprob"":-4.662330150604248,""mean_token_logprob"":-4.662330150604248,""token_logprobs"":[-4.662330150604248]},{""candidate"":""A"",""token_ids"":[32],""token_count"":1,""sequence_logprob"":-1.4748300313949585,""mean_token_logprob"":-1.4748300313949585,""token_logprobs"":[-1.4748300313949585]},{""candidate"":""B"",""token_ids"":[33],""token_count"":1,""sequence_logprob"":-1.5373300313949585,""mean_token_logprob"":-1.5373300313949585,""token_logprobs"":[-1.5373300313949585]},{""candidate"":""C"",""token_ids"":[34],""token_count"":1,""sequence_logprob"":-4.912330150604248,""mean_token_logprob"":-4.912330150604248,""token_logprobs"":[-4.912330150604248]},{""candidate"":""D"",""token_ids"":[35],""token_count"":1,""sequence_logprob"":-5.099830150604248,""mean_token_logprob"":-5.099830150604248,""token_logprobs"":[-5.099830150604248]}]",E,false
628729,Infant Cry,E,0,0,audio_icl_candidate,candidate,,"[{""candidate"":""E"",""token_ids"":[36],""token_count"":1,""sequence_logprob"":-0.9222579598426819,""mean_token_logprob"":-0.9222579598426819,""token_logprobs"":[-0.9222579598426819]},{""candidate"":""F"",""token_ids"":[37],""token_count"":1,""sequence_logprob"":-3.609757900238037,""mean_token_logprob"":-3.609757900238037,""token_logprobs"":[-3.609757900238037]},{""candidate"":""A"",""token_ids"":[32],""token_count"":1,""sequence_logprob"":-1.609757900238037,""mean_token_logprob"":-1.609757900238037,""token_logprobs"":[-1.609757900238037]},{""candidate"":""B"",""token_ids"":[33],""token_count"":1,""sequence_logprob"":-1.547257900238037,""mean_token_logprob"":-1.547257900238037,""token_logprobs"":[-1.547257900238037]},{""candidate"":""C"",""token_ids"":[34],""token_count"":1,""sequence_logprob"":-4.016007900238037,""mean_token_logprob"":-4.016007900238037,""token_logprobs"":[-4.016007900238037]},{""candidate"":""D"",""token_ids"":[35],""token_count"":1,""sequence_logprob"":-4.516007900238037,""mean_token_logprob"":-4.516007900238037,""token_logprobs"":[-4.516007900238037]}]",E,true
631448,Trill,B,0,0,audio_icl_candidate,candidate,,"[{""candidate"":""E"",""token_ids"":[36],""token_count"":1,""sequence_logprob"":-1.0228959321975708,""mean_token_logprob"":-1.0228959321975708,""token_logprobs"":[-1.0228959321975708]},{""candidate"":""F"",""token_ids"":[37],""token_count"":1,""sequence_logprob"":-2.7728958129882812,""mean_token_logprob"":-2.7728958129882812,""token_logprobs"":[-2.7728958129882812]},{""candidate"":""A"",""token_ids"":[32],""token_count"":1,""sequence_logprob"":-1.5228959321975708,""mean_token_logprob"":-1.5228959321975708,""token_logprobs"":[-1.5228959321975708]},{""candidate"":""B"",""token_ids"":[33],""token_count"":1,""sequence_logprob"":-1.5228959321975708,""mean_token_logprob"":-1.5228959321975708,""token_logprobs"":[-1.5228959321975708]},{""candidate"":""C"",""token_ids"":[34],""token_count"":1,""sequence_logprob"":-4.085395812988281,""mean_token_logprob"":-4.085395812988281,""token_logprobs"":[-4.085395812988281]},{""candidate"":""D"",""token_ids"":[35],""token_count"":1,""sequence_logprob"":-4.491645812988281,""mean_token_logprob"":-4.491645812988281,""token_logprobs"":[-4.491645812988281]}]",E,false
631485,Phee,F,0,0,audio_icl_candidate,candidate,,"[{""candidate"":""E"",""token_ids"":[36],""token_count"":1,""sequence_logprob"":-0.7960988879203796,""mean_token_logprob"":-0.7960988879203796,""token_logprobs"":[-0.7960988879203796]},{""candidate"":""F"",""token_ids"":[37],""token_count"":1,""sequence_logprob"":-4.983598709106445,""mean_token_logprob"":-4.983598709106445,""token_logprobs"":[-4.983598709106445]},{""candidate"":""A"",""token_ids"":[32],""token_count"":1,""sequence_logprob"":-1.4210989475250244,""mean_token_logprob"":-1.4210989475250244,""token_logprobs"":[-1.4210989475250244]},{""candidate"":""B"",""token_ids"":[33],""token_count"":1,""sequence_logprob"":-1.6085989475250244,""mean_token_logprob"":-1.6085989475250244,""token_logprobs"":[-1.6085989475250244]},{""candidate"":""C"",""token_ids"":[34],""token_count"":1,""sequence_logprob"":-3.9210989475250244,""mean_token_logprob"":-3.9210989475250244,""token_logprobs"":[-3.9210989475250244]},{""candidate"":""D"",""token_ids"":[35],""token_count"":1,""sequence_logprob"":-4.921098709106445,""mean_token_logprob"":-4.921098709106445,""token_logprobs"":[-4.921098709106445]}]",E,false
631861,Infant Cry,E,0,0,audio_icl_candidate,candidate,,"[{""candidate"":""E"",""token_ids"":[36],""token_count"":1,""sequence_logprob"":-1.026548147201538,""mean_token_logprob"":-1.026548147201538,""token_logprobs"":[-1.026548147201538]},{""candidate"":""F"",""token_ids"":[37],""token_count"":1,""sequence_logprob"":-3.964048147201538,""mean_token_logprob"":-3.964048147201538,""token_logprobs"":[-3.964048147201538]},{""candidate"":""A"",""token_ids"":[32],""token_count"":1,""sequence_logprob"":-1.464048147201538,""mean_token_logprob"":-1.464048147201538,""token_logprobs"":[-1.464048147201538]},{""candidate"":""B"",""token_ids"":[33],""token_count"":1,""sequence_logprob"":-1.464048147201538,""mean_token_logprob"":-1.464048147201538,""token_logprobs"":[-1.464048147201538]},{""candidate"":""C"",""token_ids"":[34],""token_count"":1,""sequence_logprob"":-4.464048385620117,""mean_token_logprob"":-4.464048385620117,""token_logprobs"":[-4.464048385620117]},{""candidate"":""D"",""token_ids"":[35],""token_count"":1,""sequence_logprob"":-4.745298385620117,""mean_token_logprob"":-4.745298385620117,""token_logprobs"":[-4.745298385620117]}]",E,true
631947,Tsik,C,0,0,audio_icl_candidate,candidate,,"[{""candidate"":""E"",""token_ids"":[36],""token_count"":1,""sequence_logprob"":-1.050524353981018,""mean_token_logprob"":-1.050524353981018,""token_logprobs"":[-1.050524353981018]},{""candidate"":""F"",""token_ids"":[37],""token_count"":1,""sequence_logprob"":-2.7380242347717285,""mean_token_logprob"":-2.7380242347717285,""token_logprobs"":[-2.7380242347717285]},{""candidate"":""A"",""token_ids"":[32],""token_count"":1,""sequence_logprob"":-1.425524353981018,""mean_token_logprob"":-1.425524353981018,""token_logprobs"":[-1.425524353981018]},{""candidate"":""B"",""token_ids"":[33],""token_count"":1,""sequence_logprob"":-1.488024353981018,""mean_token_logprob"":-1.488024353981018,""token_logprobs"":[-1.488024353981018]},{""candidate"":""C"",""token_ids"":[34],""token_count"":1,""sequence_logprob"":-4.4255242347717285,""mean_token_logprob"":-4.4255242347717285,""token_logprobs"":[-4.4255242347717285]},{""candidate"":""D"",""token_ids"":[35],""token_count"":1,""sequence_logprob"":-4.7692742347717285,""mean_token_logprob"":-4.7692742347717285,""token_logprobs"":[-4.7692742347717285]}]",E,false
632037,Tsik,C,0,0,audio_icl_candidate,candidate,,"[{""candidate"":""E"",""token_ids"":[36],""token_count"":1,""sequence_logprob"":-1.1780283451080322,""mean_token_logprob"":-1.1780283451080322,""token_logprobs"":[-1.1780283451080322]},{""candidate"":""F"",""token_ids"":[37],""token_count"":1,""sequence_logprob"":-2.8030283451080322,""mean_token_logprob"":-2.8030283451080322,""token_logprobs"":[-2.8030283451080322]},{""candidate"":""A"",""token_ids"":[32],""token_count"":1,""sequence_logprob"":-1.4280283451080322,""mean_token_logprob"":-1.4280283451080322,""token_logprobs"":[-1.4280283451080322]},{""candidate"":""B"",""token_ids"":[33],""token_count"":1,""sequence_logprob"":-1.4280283451080322,""mean_token_logprob"":-1.4280283451080322,""token_logprobs"":[-1.4280283451080322]},{""candidate"":""C"",""token_ids"":[34],""token_count"":1,""sequence_logprob"":-4.615528106689453,""mean_token_logprob"":-4.615528106689453,""token_logprobs"":[-4.615528106689453]},{""candidate"":""D"",""token_ids"":[35],""token_count"":1,""sequence_logprob"":-4.865528106689453,""mean_token_logprob"":-4.865528106689453,""token_logprobs"":[-4.865528106689453]}]",E,false
632300,Phee,F,0,0,audio_icl_candidate,candidate,,"[{""candidate"":""E"",""token_ids"":[36],""token_count"":1,""sequence_logprob"":-0.8316566348075867,""mean_token_logprob"":-0.8316566348075867,""token_logprobs"":[-0.8316566348075867]},{""candidate"":""F"",""token_ids"":[37],""token_count"":1,""sequence_logprob"":-5.675406455993652,""mean_token_logprob"":-5.675406455993652,""token_logprobs"":[-5.675406455993652]},{""candidate"":""A"",""token_ids"":[32],""token_count"":1,""sequence_logprob"":-1.5191566944122314,""mean_token_logprob"":-1.5191566944122314,""token_logprobs"":[-1.5191566944122314]},{""candidate"":""B"",""token_ids"":[33],""token_count"":1,""sequence_logprob"":-1.4566566944122314,""mean_token_logprob"":-1.4566566944122314,""token_logprobs"":[-1.4566566944122314]},{""candidate"":""C"",""token_ids"":[34],""token_count"":1,""sequence_logprob"":-4.331656455993652,""mean_token_logprob"":-4.331656455993652,""token_logprobs"":[-4.331656455993652]},{""candidate"":""D"",""token_ids"":[35],""token_count"":1,""sequence_logprob"":-5.144156455993652,""mean_token_logprob"":-5.144156455993652,""token_logprobs"":[-5.144156455993652]}]",E,false
632381,Twitter,D,0,0,audio_icl_candidate,candidate,,"[{""candidate"":""E"",""token_ids"":[36],""token_count"":1,""sequence_logprob"":-0.8484062552452087,""mean_token_logprob"":-0.8484062552452087,""token_logprobs"":[-0.8484062552452087]},{""candidate"":""F"",""token_ids"":[37],""token_count"":1,""sequence_logprob"":-5.3796563148498535,""mean_token_logprob"":-5.3796563148498535,""token_logprobs"":[-5.3796563148498535]},{""candidate"":""A"",""token_ids"":[32],""token_count"":1,""sequence_logprob"":-1.4734063148498535,""mean_token_logprob"":-1.4734063148498535,""token_logprobs"":[-1.4734063148498535]},{""candidate"":""B"",""token_ids"":[33],""token_count"":1,""sequence_logprob"":-1.4734063148498535,""mean_token_logprob"":-1.4734063148498535,""token_logprobs"":[-1.4734063148498535]},{""candidate"":""C"",""token_ids"":[34],""token_count"":1,""sequence_logprob"":-4.5359063148498535,""mean_token_logprob"":-4.5359063148498535,""token_logprobs"":[-4.5359063148498535]},{""candidate"":""D"",""token_ids"":[35],""token_count"":1,""sequence_logprob"":-5.0046563148498535,""mean_token_logprob"":-5.0046563148498535,""token_logprobs"":[-5.0046563148498535]}]",E,false
632863,Phee,F,0,0,audio_icl_candidate,candidate,,"[{""candidate"":""E"",""token_ids"":[36],""token_count"":1,""sequence_logprob"":-1.0317180156707764,""mean_token_logprob"":-1.0317180156707764,""token_logprobs"":[-1.0317180156707764]},{""candidate"":""F"",""token_ids"":[37],""token_count"":1,""sequence_logprob"":-4.7817182540893555,""mean_token_logprob"":-4.7817182540893555,""token_logprobs"":[-4.7817182540893555]},{""candidate"":""A"",""token_ids"":[32],""token_count"":1,""sequence_logprob"":-1.3442180156707764,""mean_token_logprob"":-1.3442180156707764,""token_logprobs"":[-1.3442180156707764]},{""candidate"":""B"",""token_ids"":[33],""token_count"":1,""sequence_logprob"":-1.4692180156707764,""mean_token_logprob"":-1.4692180156707764,""token_logprobs"":[-1.4692180156707764]},{""candidate"":""C"",""token_ids"":[34],""token_count"":1,""sequence_logprob"":-4.1567182540893555,""mean_token_logprob"":-4.1567182540893555,""token_logprobs"":[-4.1567182540893555]},{""candidate"":""D"",""token_ids"":[35],""token_count"":1,""sequence_logprob"":-4.7192182540893555,""mean_token_logprob"":-4.7192182540893555,""token_logprobs"":[-4.7192182540893555]}]",E,false
633531,Phee,F,0,0,audio_icl_candidate,candidate,,"[{""candidate"":""E"",""token_ids"":[36],""token_count"":1,""sequence_logprob"":-0.9233043789863586,""mean_token_logprob"":-0.9233043789863586,""token_logprobs"":[-0.9233043789863586]},{""candidate"":""F"",""token_ids"":[37],""token_count"":1,""sequence_logprob"":-2.610804319381714,""mean_token_logprob"":-2.610804319381714,""token_logprobs"":[-2.610804319381714]},{""candidate"":""A"",""token_ids"":[32],""token_count"":1,""sequence_logprob"":-1.6108043193817139,""mean_token_logprob"":-1.6108043193817139,""token_logprobs"":[-1.6108043193817139]},{""candidate"":""B"",""token_ids"":[33],""token_count"":1,""sequence_logprob"":-1.6108043193817139,""mean_token_logprob"":-1.6108043193817139,""token_logprobs"":[-1.6108043193817139]},{""candidate"":""C"",""token_ids"":[34],""token_count"":1,""sequence_logprob"":-4.173304557800293,""mean_token_logprob"":-4.173304557800293,""token_logprobs"":[-4.173304557800293]},{""candidate"":""D"",""token_ids"":[35],""token_count"":1,""sequence_logprob"":-5.142054557800293,""mean_token_logprob"":-5.142054557800293,""token_logprobs"":[-5.142054557800293]}]",E,false
642827,Tsik,C,0,0,audio_icl_candidate,candidate,,"[{""candidate"":""E"",""token_ids"":[36],""token_count"":1,""sequence_logprob"":-0.9801875352859497,""mean_token_logprob"":-0.9801875352859497,""token_logprobs"":[-0.9801875352859497]},{""candidate"":""F"",""token_ids"":[37],""token_count"":1,""sequence_logprob"":-5.23018741607666,""mean_token_logprob"":-5.23018741607666,""token_logprobs"":[-5.23018741607666]},{""candidate"":""A"",""token_ids"":[32],""token_count"":1,""sequence_logprob"":-1.4176875352859497,""mean_token_logprob"":-1.4176875352859497,""token_logprobs"":[-1.4176875352859497]},{""candidate"":""B"",""token_ids"":[33],""token_count"":1,""sequence_logprob"":-1.4176875352859497,""mean_token_logprob"":-1.4176875352859497,""token_logprobs"":[-1.4176875352859497]},{""candidate"":""C"",""token_ids"":[34],""token_count"":1,""sequence_logprob"":-4.10518741607666,""mean_token_logprob"":-4.10518741607666,""token_logprobs"":[-4.10518741607666]},{""candidate"":""D"",""token_ids"":[35],""token_count"":1,""sequence_logprob"":-4.98018741607666,""mean_token_logprob"":-4.98018741607666,""token_logprobs"":[-4.98018741607666]}]",E,false
647588,Phee,F,0,0,audio_icl_candidate,candidate,,"[{""candidate"":""E"",""token_ids"":[36],""token_count"":1,""sequence_logprob"":-1.0160351991653442,""mean_token_logprob"":-1.0160351991653442,""token_logprobs"":[-1.0160351991653442]},{""candidate"":""F"",""token_ids"":[37],""token_count"":1,""sequence_logprob"":-2.6410350799560547,""mean_token_logprob"":-2.6410350799560547,""token_logprobs"":[-2.6410350799560547]},{""candidate"":""A"",""token_ids"":[32],""token_count"":1,""sequence_logprob"":-1.5160351991653442,""mean_token_logprob"":-1.5160351991653442,""token_logprobs"":[-1.5160351991653442]},{""candidate"":""B"",""token_ids"":[33],""token_count"":1,""sequence_logprob"":-1.5160351991653442,""mean_token_logprob"":-1.5160351991653442,""token_logprobs"":[-1.5160351991653442]},{""candidate"":""C"",""token_ids"":[34],""token_count"":1,""sequence_logprob"":-4.234785079956055,""mean_token_logprob"":-4.234785079956055,""token_logprobs"":[-4.234785079956055]},{""candidate"":""D"",""token_ids"":[35],""token_count"":1,""sequence_logprob"":-4.359785079956055,""mean_token_logprob"":-4.359785079956055,""token_logprobs"":[-4.359785079956055]}]",E,false
695230,Trill,B,0,0,audio_icl_candidate,candidate,,"[{""candidate"":""E"",""token_ids"":[36],""token_count"":1,""sequence_logprob"":-1.0892442464828491,""mean_token_logprob"":-1.0892442464828491,""token_logprobs"":[-1.0892442464828491]},{""candidate"":""F"",""token_ids"":[37],""token_count"":1,""sequence_logprob"":-4.651744365692139,""mean_token_logprob"":-4.651744365692139,""token_logprobs"":[-4.651744365692139]},{""candidate"":""A"",""token_ids"":[32],""token_count"":1,""sequence_logprob"":-1.4642442464828491,""mean_token_logprob"":-1.4642442464828491,""token_logprobs"":[-1.4642442464828491]},{""candidate"":""B"",""token_ids"":[33],""token_count"":1,""sequence_logprob"":-1.3392442464828491,""mean_token_logprob"":-1.3392442464828491,""token_logprobs"":[-1.3392442464828491]},{""candidate"":""C"",""token_ids"":[34],""token_count"":1,""sequence_logprob"":-4.307994365692139,""mean_token_logprob"":-4.307994365692139,""token_logprobs"":[-4.307994365692139]},{""candidate"":""D"",""token_ids"":[35],""token_count"":1,""sequence_logprob"":-4.932994365692139,""mean_token_logprob"":-4.932994365692139,""token_logprobs"":[-4.932994365692139]}]",E,false
699227,Twitter,D,0,0,audio_icl_candidate,candidate,,"[{""candidate"":""E"",""token_ids"":[36],""token_count"":1,""sequence_logprob"":-0.8130835294723511,""mean_token_logprob"":-0.8130835294723511,""token_logprobs"":[-0.8130835294723511]},{""candidate"":""F"",""token_ids"":[37],""token_count"":1,""sequence_logprob"":-4.438083648681641,""mean_token_logprob"":-4.438083648681641,""token_logprobs"":[-4.438083648681641]},{""candidate"":""A"",""token_ids"":[32],""token_count"":1,""sequence_logprob"":-1.563083529472351,""mean_token_logprob"":-1.563083529472351,""token_logprobs"":[-1.563083529472351]},{""candidate"":""B"",""token_ids"":[33],""token_count"":1,""sequence_logprob"":-1.438083529472351,""mean_token_logprob"":-1.438083529472351,""token_logprobs"":[-1.438083529472351]},{""candidate"":""C"",""token_ids"":[34],""token_count"":1,""sequence_logprob"":-4.125583648681641,""mean_token_logprob"":-4.125583648681641,""token_logprobs"":[-4.125583648681641]},{""candidate"":""D"",""token_ids"":[35],""token_count"":1,""sequence_logprob"":-4.750583648681641,""mean_token_logprob"":-4.750583648681641,""token_logprobs"":[-4.750583648681641]}]",E,false
706021,Phee,F,0,0,audio_icl_candidate,candidate,,"[{""candidate"":""E"",""token_ids"":[36],""token_count"":1,""sequence_logprob"":-0.9343414306640625,""mean_token_logprob"":-0.9343414306640625,""token_logprobs"":[-0.9343414306640625]},{""candidate"":""F"",""token_ids"":[37],""token_count"":1,""sequence_logprob"":-4.7468414306640625,""mean_token_logprob"":-4.7468414306640625,""token_logprobs"":[-4.7468414306640625]},{""candidate"":""A"",""token_ids"":[32],""token_count"":1,""sequence_logprob"":-1.3718414306640625,""mean_token_logprob"":-1.3718414306640625,""token_logprobs"":[-1.3718414306640625]},{""candidate"":""B"",""token_ids"":[33],""token_count"":1,""sequence_logprob"":-1.4343414306640625,""mean_token_logprob"":-1.4343414306640625,""token_logprobs"":[-1.4343414306640625]},{""candidate"":""C"",""token_ids"":[34],""token_count"":1,""sequence_logprob"":-4.1843414306640625,""mean_token_logprob"":-4.1843414306640625,""token_logprobs"":[-4.1843414306640625]},{""candidate"":""D"",""token_ids"":[35],""token_count"":1,""sequence_logprob"":-4.8405914306640625,""mean_token_logprob"":-4.8405914306640625,""token_logprobs"":[-4.8405914306640625]}]",E,false
708875,Trill,B,0,0,audio_icl_candidate,candidate,,"[{""candidate"":""E"",""token_ids"":[36],""token_count"":1,""sequence_logprob"":-1.001691460609436,""mean_token_logprob"":-1.001691460609436,""token_logprobs"":[-1.001691460609436]},{""candidate"":""F"",""token_ids"":[37],""token_count"":1,""sequence_logprob"":-5.0641913414001465,""mean_token_logprob"":-5.0641913414001465,""token_logprobs"":[-5.0641913414001465]},{""candidate"":""A"",""token_ids"":[32],""token_count"":1,""sequence_logprob"":-1.439191460609436,""mean_token_logprob"":-1.439191460609436,""token_logprobs"":[-1.439191460609436]},{""candidate"":""B"",""token_ids"":[33],""token_count"":1,""sequence_logprob"":-1.501691460609436,""mean_token_logprob"":-1.501691460609436,""token_logprobs"":[-1.501691460609436]},{""candidate"":""C"",""token_ids"":[34],""token_count"":1,""sequence_logprob"":-4.4391913414001465,""mean_token_logprob"":-4.4391913414001465,""token_logprobs"":[-4.4391913414001465]},{""candidate"":""D"",""token_ids"":[35],""token_count"":1,""sequence_logprob"":-5.1579413414001465,""mean_token_logprob"":-5.1579413414001465,""token_logprobs"":[-5.1579413414001465]}]",E,false
715845,Seep,A,0,0,audio_icl_candidate,candidate,,"[{""candidate"":""E"",""token_ids"":[36],""token_count"":1,""sequence_logprob"":-1.0020948648452759,""mean_token_logprob"":-1.0020948648452759,""token_logprobs"":[-1.0020948648452759]},{""candidate"":""F"",""token_ids"":[37],""token_count"":1,""sequence_logprob"":-2.4395947456359863,""mean_token_logprob"":-2.4395947456359863,""token_logprobs"":[-2.4395947456359863]},{""candidate"":""A"",""token_ids"":[32],""token_count"":1,""sequence_logprob"":-1.5020948648452759,""mean_token_logprob"":-1.5020948648452759,""token_logprobs"":[-1.5020948648452759]},{""candidate"":""B"",""token_ids"":[33],""token_count"":1,""sequence_logprob"":-1.5645948648452759,""mean_token_logprob"":-1.5645948648452759,""token_logprobs"":[-1.5645948648452759]},{""candidate"":""C"",""token_ids"":[34],""token_count"":1,""sequence_logprob"":-4.314594745635986,""mean_token_logprob"":-4.314594745635986,""token_logprobs"":[-4.314594745635986]},{""candidate"":""D"",""token_ids"":[35],""token_count"":1,""sequence_logprob"":-5.314594745635986,""mean_token_logprob"":-5.314594745635986,""token_logprobs"":[-5.314594745635986]}]",E,false
716490,Tsik,C,0,0,audio_icl_candidate,candidate,,"[{""candidate"":""E"",""token_ids"":[36],""token_count"":1,""sequence_logprob"":-0.7881692051887512,""mean_token_logprob"":-0.7881692051887512,""token_logprobs"":[-0.7881692051887512]},{""candidate"":""F"",""token_ids"":[37],""token_count"":1,""sequence_logprob"":-4.6631693840026855,""mean_token_logprob"":-4.6631693840026855,""token_logprobs"":[-4.6631693840026855]},{""candidate"":""A"",""token_ids"":[32],""token_count"":1,""sequence_logprob"":-1.5381691455841064,""mean_token_logprob"":-1.5381691455841064,""token_logprobs"":[-1.5381691455841064]},{""candidate"":""B"",""token_ids"":[33],""token_count"":1,""sequence_logprob"":-1.6631691455841064,""mean_token_logprob"":-1.6631691455841064,""token_logprobs"":[-1.6631691455841064]},{""candidate"":""C"",""token_ids"":[34],""token_count"":1,""sequence_logprob"":-4.5381693840026855,""mean_token_logprob"":-4.5381693840026855,""token_logprobs"":[-4.5381693840026855]},{""candidate"":""D"",""token_ids"":[35],""token_count"":1,""sequence_logprob"":-5.1006693840026855,""mean_token_logprob"":-5.1006693840026855,""token_logprobs"":[-5.1006693840026855]}]",E,false
737715,Twitter,D,0,0,audio_icl_candidate,candidate,,"[{""candidate"":""E"",""token_ids"":[36],""token_count"":1,""sequence_logprob"":-0.8803802728652954,""mean_token_logprob"":-0.8803802728652954,""token_logprobs"":[-0.8803802728652954]},{""candidate"":""F"",""token_ids"":[37],""token_count"":1,""sequence_logprob"":-5.192880153656006,""mean_token_logprob"":-5.192880153656006,""token_logprobs"":[-5.192880153656006]},{""candidate"":""A"",""token_ids"":[32],""token_count"":1,""sequence_logprob"":-1.3178802728652954,""mean_token_logprob"":-1.3178802728652954,""token_logprobs"":[-1.3178802728652954]},{""candidate"":""B"",""token_ids"":[33],""token_count"":1,""sequence_logprob"":-1.5678802728652954,""mean_token_logprob"":-1.5678802728652954,""token_logprobs"":[-1.5678802728652954]},{""candidate"":""C"",""token_ids"":[34],""token_count"":1,""sequence_logprob"":-4.817880153656006,""mean_token_logprob"":-4.817880153656006,""token_logprobs"":[-4.817880153656006]},{""candidate"":""D"",""token_ids"":[35],""token_count"":1,""sequence_logprob"":-4.692880153656006,""mean_token_logprob"":-4.692880153656006,""token_logprobs"":[-4.692880153656006]}]",E,false
738495,Trill,B,0,0,audio_icl_candidate,candidate,,"[{""candidate"":""E"",""token_ids"":[36],""token_count"":1,""sequence_logprob"":-1.1488432884216309,""mean_token_logprob"":-1.1488432884216309,""token_logprobs"":[-1.1488432884216309]},{""candidate"":""F"",""token_ids"":[37],""token_count"":1,""sequence_logprob"":-4.273843288421631,""mean_token_logprob"":-4.273843288421631,""token_logprobs"":[-4.273843288421631]},{""candidate"":""A"",""token_ids"":[32],""token_count"":1,""sequence_logprob"":-1.3363432884216309,""mean_token_logprob"":-1.3363432884216309,""token_logprobs"":[-1.3363432884216309]},{""candidate"":""B"",""token_ids"":[33],""token_count"":1,""sequence_logprob"":-1.4613432884216309,""mean_token_logprob"":-1.4613432884216309,""token_logprobs"":[-1.4613432884216309]},{""candidate"":""C"",""token_ids"":[34],""token_count"":1,""sequence_logprob"":-4.336343288421631,""mean_token_logprob"":-4.336343288421631,""token_logprobs"":[-4.336343288421631]},{""candidate"":""D"",""token_ids"":[35],""token_count"":1,""sequence_logprob"":-4.898843288421631,""mean_token_logprob"":-4.898843288421631,""token_logprobs"":[-4.898843288421631]}]",E,false
742006,Infant Cry,E,0,0,audio_icl_candidate,candidate,,"[{""candidate"":""E"",""token_ids"":[36],""token_count"":1,""sequence_logprob"":-1.0695407390594482,""mean_token_logprob"":-1.0695407390594482,""token_logprobs"":[-1.0695407390594482]},{""candidate"":""F"",""token_ids"":[37],""token_count"":1,""sequence_logprob"":-3.5695407390594482,""mean_token_logprob"":-3.5695407390594482,""token_logprobs"":[-3.5695407390594482]},{""candidate"":""A"",""token_ids"":[32],""token_count"":1,""sequence_logprob"":-1.4445407390594482,""mean_token_logprob"":-1.4445407390594482,""token_logprobs"":[-1.4445407390594482]},{""candidate"":""B"",""token_ids"":[33],""token_count"":1,""sequence_logprob"":-1.5695407390594482,""mean_token_logprob"":-1.5695407390594482,""token_logprobs"":[-1.5695407390594482]},{""candidate"":""C"",""token_ids"":[34],""token_count"":1,""sequence_logprob"":-4.382040977478027,""mean_token_logprob"":-4.382040977478027,""token_logprobs"":[-4.382040977478027]},{""candidate"":""D"",""token_ids"":[35],""token_count"":1,""sequence_logprob"":-5.069540977478027,""mean_token_logprob"":-5.069540977478027,""token_logprobs"":[-5.069540977478027]}]",E,true
755986,Tsik,C,0,0,audio_icl_candidate,candidate,,"[{""candidate"":""E"",""token_ids"":[36],""token_count"":1,""sequence_logprob"":-1.060335636138916,""mean_token_logprob"":-1.060335636138916,""token_logprobs"":[-1.060335636138916]},{""candidate"":""F"",""token_ids"":[37],""token_count"":1,""sequence_logprob"":-2.185335636138916,""mean_token_logprob"":-2.185335636138916,""token_logprobs"":[-2.185335636138916]},{""candidate"":""A"",""token_ids"":[32],""token_count"":1,""sequence_logprob"":-1.622835636138916,""mean_token_logprob"":-1.622835636138916,""token_logprobs"":[-1.622835636138916]},{""candidate"":""B"",""token_ids"":[33],""token_count"":1,""sequence_logprob"":-1.560335636138916,""mean_token_logprob"":-1.560335636138916,""token_logprobs"":[-1.560335636138916]},{""candidate"":""C"",""token_ids"":[34],""token_count"":1,""sequence_logprob"":-4.497835636138916,""mean_token_logprob"":-4.497835636138916,""token_logprobs"":[-4.497835636138916]},{""candidate"":""D"",""token_ids"":[35],""token_count"":1,""sequence_logprob"":-5.404085636138916,""mean_token_logprob"":-5.404085636138916,""token_logprobs"":[-5.404085636138916]}]",E,false
758751,Phee,F,0,0,audio_icl_candidate,candidate,,"[{""candidate"":""E"",""token_ids"":[36],""token_count"":1,""sequence_logprob"":-1.0134366750717163,""mean_token_logprob"":-1.0134366750717163,""token_logprobs"":[-1.0134366750717163]},{""candidate"":""F"",""token_ids"":[37],""token_count"":1,""sequence_logprob"":-5.107186794281006,""mean_token_logprob"":-5.107186794281006,""token_logprobs"":[-5.107186794281006]},{""candidate"":""A"",""token_ids"":[32],""token_count"":1,""sequence_logprob"":-1.4509366750717163,""mean_token_logprob"":-1.4509366750717163,""token_logprobs"":[-1.4509366750717163]},{""candidate"":""B"",""token_ids"":[33],""token_count"":1,""sequence_logprob"":-1.3884366750717163,""mean_token_logprob"":-1.3884366750717163,""token_logprobs"":[-1.3884366750717163]},{""candidate"":""C"",""token_ids"":[34],""token_count"":1,""sequence_logprob"":-4.263436794281006,""mean_token_logprob"":-4.263436794281006,""token_logprobs"":[-4.263436794281006]},{""candidate"":""D"",""token_ids"":[35],""token_count"":1,""sequence_logprob"":-4.950936794281006,""mean_token_logprob"":-4.950936794281006,""token_logprobs"":[-4.950936794281006]}]",E,false
788000,Phee,F,0,0,audio_icl_candidate,candidate,,"[{""candidate"":""E"",""token_ids"":[36],""token_count"":1,""sequence_logprob"":-0.778225302696228,""mean_token_logprob"":-0.778225302696228,""token_logprobs"":[-0.778225302696228]},{""candidate"":""F"",""token_ids"":[37],""token_count"":1,""sequence_logprob"":-4.903225421905518,""mean_token_logprob"":-4.903225421905518,""token_logprobs"":[-4.903225421905518]},{""candidate"":""A"",""token_ids"":[32],""token_count"":1,""sequence_logprob"":-1.528225302696228,""mean_token_logprob"":-1.528225302696228,""token_logprobs"":[-1.528225302696228]},{""candidate"":""B"",""token_ids"":[33],""token_count"":1,""sequence_logprob"":-1.528225302696228,""mean_token_logprob"":-1.528225302696228,""token_logprobs"":[-1.528225302696228]},{""candidate"":""C"",""token_ids"":[34],""token_count"":1,""sequence_logprob"":-4.278225421905518,""mean_token_logprob"":-4.278225421905518,""token_logprobs"":[-4.278225421905518]},{""candidate"":""D"",""token_ids"":[35],""token_count"":1,""sequence_logprob"":-4.403225421905518,""mean_token_logprob"":-4.403225421905518,""token_logprobs"":[-4.403225421905518]}]",E,false
794666,Phee,F,0,0,audio_icl_candidate,candidate,,"[{""candidate"":""E"",""token_ids"":[36],""token_count"":1,""sequence_logprob"":-0.8643731474876404,""mean_token_logprob"":-0.8643731474876404,""token_logprobs"":[-0.8643731474876404]},{""candidate"":""F"",""token_ids"":[37],""token_count"":1,""sequence_logprob"":-3.551873207092285,""mean_token_logprob"":-3.551873207092285,""token_logprobs"":[-3.551873207092285]},{""candidate"":""A"",""token_ids"":[32],""token_count"":1,""sequence_logprob"":-1.4893732070922852,""mean_token_logprob"":-1.4893732070922852,""token_logprobs"":[-1.4893732070922852]},{""candidate"":""B"",""token_ids"":[33],""token_count"":1,""sequence_logprob"":-1.5518732070922852,""mean_token_logprob"":-1.5518732070922852,""token_logprobs"":[-1.5518732070922852]},{""candidate"":""C"",""token_ids"":[34],""token_count"":1,""sequence_logprob"":-4.364373207092285,""mean_token_logprob"":-4.364373207092285,""token_logprobs"":[-4.364373207092285]},{""candidate"":""D"",""token_ids"":[35],""token_count"":1,""sequence_logprob"":-5.020623207092285,""mean_token_logprob"":-5.020623207092285,""token_logprobs"":[-5.020623207092285]}]",E,false
799377,Tsik,C,0,0,audio_icl_candidate,candidate,,"[{""candidate"":""E"",""token_ids"":[36],""token_count"":1,""sequence_logprob"":-0.9489558935165405,""mean_token_logprob"":-0.9489558935165405,""token_logprobs"":[-0.9489558935165405]},{""candidate"":""F"",""token_ids"":[37],""token_count"":1,""sequence_logprob"":-5.32395601272583,""mean_token_logprob"":-5.32395601272583,""token_logprobs"":[-5.32395601272583]},{""candidate"":""A"",""token_ids"":[32],""token_count"":1,""sequence_logprob"":-1.3864558935165405,""mean_token_logprob"":-1.3864558935165405,""token_logprobs"":[-1.3864558935165405]},{""candidate"":""B"",""token_ids"":[33],""token_count"":1,""sequence_logprob"":-1.5114558935165405,""mean_token_logprob"":-1.5114558935165405,""token_logprobs"":[-1.5114558935165405]},{""candidate"":""C"",""token_ids"":[34],""token_count"":1,""sequence_logprob"":-4.13645601272583,""mean_token_logprob"":-4.13645601272583,""token_logprobs"":[-4.13645601272583]},{""candidate"":""D"",""token_ids"":[35],""token_count"":1,""sequence_logprob"":-4.76145601272583,""mean_token_logprob"":-4.76145601272583,""token_logprobs"":[-4.76145601272583]}]",E,false
859379,Trill,B,0,0,audio_icl_candidate,candidate,,"[{""candidate"":""E"",""token_ids"":[36],""token_count"":1,""sequence_logprob"":-1.0809985399246216,""mean_token_logprob"":-1.0809985399246216,""token_logprobs"":[-1.0809985399246216]},{""candidate"":""F"",""token_ids"":[37],""token_count"":1,""sequence_logprob"":-4.143498420715332,""mean_token_logprob"":-4.143498420715332,""token_logprobs"":[-4.143498420715332]},{""candidate"":""A"",""token_ids"":[32],""token_count"":1,""sequence_logprob"":-1.3934985399246216,""mean_token_logprob"":-1.3934985399246216,""token_logprobs"":[-1.3934985399246216]},{""candidate"":""B"",""token_ids"":[33],""token_count"":1,""sequence_logprob"":-1.4559985399246216,""mean_token_logprob"":-1.4559985399246216,""token_logprobs"":[-1.4559985399246216]},{""candidate"":""C"",""token_ids"":[34],""token_count"":1,""sequence_logprob"":-4.268498420715332,""mean_token_logprob"":-4.268498420715332,""token_logprobs"":[-4.268498420715332]},{""candidate"":""D"",""token_ids"":[35],""token_count"":1,""sequence_logprob"":-4.580998420715332,""mean_token_logprob"":-4.580998420715332,""token_logprobs"":[-4.580998420715332]}]",E,false
860537,Phee,F,0,0,audio_icl_candidate,candidate,,"[{""candidate"":""E"",""token_ids"":[36],""token_count"":1,""sequence_logprob"":-0.9864351749420166,""mean_token_logprob"":-0.9864351749420166,""token_logprobs"":[-0.9864351749420166]},{""candidate"":""F"",""token_ids"":[37],""token_count"":1,""sequence_logprob"":-3.4239351749420166,""mean_token_logprob"":-3.4239351749420166,""token_logprobs"":[-3.4239351749420166]},{""candidate"":""A"",""token_ids"":[32],""token_count"":1,""sequence_logprob"":-1.4864351749420166,""mean_token_logprob"":-1.4864351749420166,""token_logprobs"":[-1.4864351749420166]},{""candidate"":""B"",""token_ids"":[33],""token_count"":1,""sequence_logprob"":-1.4239351749420166,""mean_token_logprob"":-1.4239351749420166,""token_logprobs"":[-1.4239351749420166]},{""candidate"":""C"",""token_ids"":[34],""token_count"":1,""sequence_logprob"":-4.4864349365234375,""mean_token_logprob"":-4.4864349365234375,""token_logprobs"":[-4.4864349365234375]},{""candidate"":""D"",""token_ids"":[35],""token_count"":1,""sequence_logprob"":-4.6426849365234375,""mean_token_logprob"":-4.6426849365234375,""token_logprobs"":[-4.6426849365234375]}]",E,false
861790,Trill,B,0,0,audio_icl_candidate,candidate,,"[{""candidate"":""E"",""token_ids"":[36],""token_count"":1,""sequence_logprob"":-0.9494122266769409,""mean_token_logprob"":-0.9494122266769409,""token_logprobs"":[-0.9494122266769409]},{""candidate"":""F"",""token_ids"":[37],""token_count"":1,""sequence_logprob"":-5.0431623458862305,""mean_token_logprob"":-5.0431623458862305,""token_logprobs"":[-5.0431623458862305]},{""candidate"":""A"",""token_ids"":[32],""token_count"":1,""sequence_logprob"":-1.386912226676941,""mean_token_logprob"":-1.386912226676941,""token_logprobs"":[-1.386912226676941]},{""candidate"":""B"",""token_ids"":[33],""token_count"":1,""sequence_logprob"":-1.511912226676941,""mean_token_logprob"":-1.511912226676941,""token_logprobs"":[-1.511912226676941]},{""candidate"":""C"",""token_ids"":[34],""token_count"":1,""sequence_logprob"":-4.3869123458862305,""mean_token_logprob"":-4.3869123458862305,""token_logprobs"":[-4.3869123458862305]},{""candidate"":""D"",""token_ids"":[35],""token_count"":1,""sequence_logprob"":-5.0119123458862305,""mean_token_logprob"":-5.0119123458862305,""token_logprobs"":[-5.0119123458862305]}]",E,false
31471,Tsik,C,1,6,audio_icl_candidate,candidate,,"[{""candidate"":""E"",""token_ids"":[36],""token_count"":1,""sequence_logprob"":-0.970749020576477,""mean_token_logprob"":-0.970749020576477,""token_logprobs"":[-0.970749020576477]},{""candidate"":""F"",""token_ids"":[37],""token_count"":1,""sequence_logprob"":-2.0957489013671875,""mean_token_logprob"":-2.0957489013671875,""token_logprobs"":[-2.0957489013671875]},{""candidate"":""A"",""token_ids"":[32],""token_count"":1,""sequence_logprob"":-1.345749020576477,""mean_token_logprob"":-1.345749020576477,""token_logprobs"":[-1.345749020576477]},{""candidate"":""B"",""token_ids"":[33],""token_count"":1,""sequence_logprob"":-2.3457489013671875,""mean_token_logprob"":-2.3457489013671875,""token_logprobs"":[-2.3457489013671875]},{""candidate"":""C"",""token_ids"":[34],""token_count"":1,""sequence_logprob"":-4.7832489013671875,""mean_token_logprob"":-4.7832489013671875,""token_logprobs"":[-4.7832489013671875]},{""candidate"":""D"",""token_ids"":[35],""token_count"":1,""sequence_logprob"":-6.2832489013671875,""mean_token_logprob"":-6.2832489013671875,""token_logprobs"":[-6.2832489013671875]}]",E,false
31828,Seep,A,1,6,audio_icl_candidate,candidate,,"[{""candidate"":""E"",""token_ids"":[36],""token_count"":1,""sequence_logprob"":-0.8465313911437988,""mean_token_logprob"":-0.8465313911437988,""token_logprobs"":[-0.8465313911437988]},{""candidate"":""F"",""token_ids"":[37],""token_count"":1,""sequence_logprob"":-2.659031391143799,""mean_token_logprob"":-2.659031391143799,""token_logprobs"":[-2.659031391143799]},{""candidate"":""A"",""token_ids"":[32],""token_count"":1,""sequence_logprob"":-1.3465313911437988,""mean_token_logprob"":-1.3465313911437988,""token_logprobs"":[-1.3465313911437988]},{""candidate"":""B"",""token_ids"":[33],""token_count"":1,""sequence_logprob"":-2.284031391143799,""mean_token_logprob"":-2.284031391143799,""token_logprobs"":[-2.284031391143799]},{""candidate"":""C"",""token_ids"":[34],""token_count"":1,""sequence_logprob"":-5.721531391143799,""mean_token_logprob"":-5.721531391143799,""token_logprobs"":[-5.721531391143799]},{""candidate"":""D"",""token_ids"":[35],""token_count"":1,""sequence_logprob"":-5.784031391143799,""mean_token_logprob"":-5.784031391143799,""token_logprobs"":[-5.784031391143799]}]",E,false
34756,Phee,F,1,6,audio_icl_candidate,candidate,,"[{""candidate"":""E"",""token_ids"":[36],""token_count"":1,""sequence_logprob"":-1.0137883424758911,""mean_token_logprob"":-1.0137883424758911,""token_logprobs"":[-1.0137883424758911]},{""candidate"":""F"",""token_ids"":[37],""token_count"":1,""sequence_logprob"":-2.5762882232666016,""mean_token_logprob"":-2.5762882232666016,""token_logprobs"":[-2.5762882232666016]},{""candidate"":""A"",""token_ids"":[32],""token_count"":1,""sequence_logprob"":-1.3887883424758911,""mean_token_logprob"":-1.3887883424758911,""token_logprobs"":[-1.3887883424758911]},{""candidate"":""B"",""token_ids"":[33],""token_count"":1,""sequence_logprob"":-2.0137882232666016,""mean_token_logprob"":-2.0137882232666016,""token_logprobs"":[-2.0137882232666016]},{""candidate"":""C"",""token_ids"":[34],""token_count"":1,""sequence_logprob"":-5.076288223266602,""mean_token_logprob"":-5.076288223266602,""token_logprobs"":[-5.076288223266602]},{""candidate"":""D"",""token_ids"":[35],""token_count"":1,""sequence_logprob"":-5.576288223266602,""mean_token_logprob"":-5.576288223266602,""token_logprobs"":[-5.576288223266602]}]",E,false
36485,Phee,F,1,6,audio_icl_candidate,candidate,,"[{""candidate"":""E"",""token_ids"":[36],""token_count"":1,""sequence_logprob"":-0.9812437891960144,""mean_token_logprob"":-0.9812437891960144,""token_logprobs"":[-0.9812437891960144]},{""candidate"":""F"",""token_ids"":[37],""token_count"":1,""sequence_logprob"":-2.481243848800659,""mean_token_logprob"":-2.481243848800659,""token_logprobs"":[-2.481243848800659]},{""candidate"":""A"",""token_ids"":[32],""token_count"":1,""sequence_logprob"":-1.2937438488006592,""mean_token_logprob"":-1.2937438488006592,""token_logprobs"":[-1.2937438488006592]},{""candidate"":""B"",""token_ids"":[33],""token_count"":1,""sequence_logprob"":-2.106243848800659,""mean_token_logprob"":-2.106243848800659,""token_logprobs"":[-2.106243848800659]},{""candidate"":""C"",""token_ids"":[34],""token_count"":1,""sequence_logprob"":-5.10624361038208,""mean_token_logprob"":-5.10624361038208,""token_logprobs"":[-5.10624361038208]},{""candidate"":""D"",""token_ids"":[35],""token_count"":1,""sequence_logprob"":-6.23124361038208,""mean_token_logprob"":-6.23124361038208,""token_logprobs"":[-6.23124361038208]}]",E,false
36522,Twitter,D,1,6,audio_icl_candidate,candidate,,"[{""candidate"":""E"",""token_ids"":[36],""token_count"":1,""sequence_logprob"":-0.9126896858215332,""mean_token_logprob"":-0.9126896858215332,""token_logprobs"":[-0.9126896858215332]},{""candidate"":""F"",""token_ids"":[37],""token_count"":1,""sequence_logprob"":-2.662689685821533,""mean_token_logprob"":-2.662689685821533,""token_logprobs"":[-2.662689685821533]},{""candidate"":""A"",""token_ids"":[32],""token_count"":1,""sequence_logprob"":-1.1626896858215332,""mean_token_logprob"":-1.1626896858215332,""token_logprobs"":[-1.1626896858215332]},{""candidate"":""B"",""token_ids"":[33],""token_count"":1,""sequence_logprob"":-2.600189685821533,""mean_token_logprob"":-2.600189685821533,""token_logprobs"":[-2.600189685821533]},{""candidate"":""C"",""token_ids"":[34],""token_count"":1,""sequence_logprob"":-5.225189685821533,""mean_token_logprob"":-5.225189685821533,""token_logprobs"":[-5.225189685821533]},{""candidate"":""D"",""token_ids"":[35],""token_count"":1,""sequence_logprob"":-6.225189685821533,""mean_token_logprob"":-6.225189685821533,""token_logprobs"":[-6.225189685821533]}]",E,false
405841,Infant Cry,E,1,6,audio_icl_candidate,candidate,,"[{""candidate"":""E"",""token_ids"":[36],""token_count"":1,""sequence_logprob"":-0.9595147371292114,""mean_token_logprob"":-0.9595147371292114,""token_logprobs"":[-0.9595147371292114]},{""candidate"":""F"",""token_ids"":[37],""token_count"":1,""sequence_logprob"":-2.272014617919922,""mean_token_logprob"":-2.272014617919922,""token_logprobs"":[-2.272014617919922]},{""candidate"":""A"",""token_ids"":[32],""token_count"":1,""sequence_logprob"":-1.2720147371292114,""mean_token_logprob"":-1.2720147371292114,""token_logprobs"":[-1.2720147371292114]},{""candidate"":""B"",""token_ids"":[33],""token_count"":1,""sequence_logprob"":-2.334514617919922,""mean_token_logprob"":-2.334514617919922,""token_logprobs"":[-2.334514617919922]},{""candidate"":""C"",""token_ids"":[34],""token_count"":1,""sequence_logprob"":-5.084514617919922,""mean_token_logprob"":-5.084514617919922,""token_logprobs"":[-5.084514617919922]},{""candidate"":""D"",""token_ids"":[35],""token_count"":1,""sequence_logprob"":-6.522014617919922,""mean_token_logprob"":-6.522014617919922,""token_logprobs"":[-6.522014617919922]}]",E,true
408631,Phee,F,1,6,audio_icl_candidate,candidate,,"[{""candidate"":""E"",""token_ids"":[36],""token_count"":1,""sequence_logprob"":-0.9102392196655273,""mean_token_logprob"":-0.9102392196655273,""token_logprobs"":[-0.9102392196655273]},{""candidate"":""F"",""token_ids"":[37],""token_count"":1,""sequence_logprob"":-2.2852392196655273,""mean_token_logprob"":-2.2852392196655273,""token_logprobs"":[-2.2852392196655273]},{""candidate"":""A"",""token_ids"":[32],""token_count"":1,""sequence_logprob"":-1.3477392196655273,""mean_token_logprob"":-1.3477392196655273,""token_logprobs"":[-1.3477392196655273]},{""candidate"":""B"",""token_ids"":[33],""token_count"":1,""sequence_logprob"":-2.1602392196655273,""mean_token_logprob"":-2.1602392196655273,""token_logprobs"":[-2.1602392196655273]},{""candidate"":""C"",""token_ids"":[34],""token_count"":1,""sequence_logprob"":-4.910239219665527,""mean_token_logprob"":-4.910239219665527,""token_logprobs"":[-4.910239219665527]},{""candidate"":""D"",""token_ids"":[35],""token_count"":1,""sequence_logprob"":-6.222739219665527,""mean_token_logprob"":-6.222739219665527,""token_logprobs"":[-6.222739219665527]}]",E,false
50919,Tsik,C,1,6,audio_icl_candidate,candidate,,"[{""candidate"":""E"",""token_ids"":[36],""token_count"":1,""sequence_logprob"":-0.9201036691665649,""mean_token_logprob"":-0.9201036691665649,""token_logprobs"":[-0.9201036691665649]},{""candidate"":""F"",""token_ids"":[37],""token_count"":1,""sequence_logprob"":-2.6076035499572754,""mean_token_logprob"":-2.6076035499572754,""token_logprobs"":[-2.6076035499572754]},{""candidate"":""A"",""token_ids"":[32],""token_count"":1,""sequence_logprob"":-1.420103669166565,""mean_token_logprob"":-1.420103669166565,""token_logprobs"":[-1.420103669166565]},{""candidate"":""B"",""token_ids"":[33],""token_count"":1,""sequence_logprob"":-2.1076035499572754,""mean_token_logprob"":-2.1076035499572754,""token_logprobs"":[-2.1076035499572754]},{""candidate"":""C"",""token_ids"":[34],""token_count"":1,""sequence_logprob"":-4.982603549957275,""mean_token_logprob"":-4.982603549957275,""token_logprobs"":[-4.982603549957275]},{""candidate"":""D"",""token_ids"":[35],""token_count"":1,""sequence_logprob"":-6.107603549957275,""mean_token_logprob"":-6.107603549957275,""token_logprobs"":[-6.107603549957275]}]",E,false
51436,Trill,B,1,6,audio_icl_candidate,candidate,,"[{""candidate"":""E"",""token_ids"":[36],""token_count"":1,""sequence_logprob"":-0.9372067451477051,""mean_token_logprob"":-0.9372067451477051,""token_logprobs"":[-0.9372067451477051]},{""candidate"":""F"",""token_ids"":[37],""token_count"":1,""sequence_logprob"":-2.687206745147705,""mean_token_logprob"":-2.687206745147705,""token_logprobs"":[-2.687206745147705]},{""candidate"":""A"",""token_ids"":[32],""token_count"":1,""sequence_logprob"":-1.374706745147705,""mean_token_logprob"":-1.374706745147705,""token_logprobs"":[-1.374706745147705]},{""candidate"":""B"",""token_ids"":[33],""token_count"":1,""sequence_logprob"":-1.999706745147705,""mean_token_logprob"":-1.999706745147705,""token_logprobs"":[-1.999706745147705]},{""candidate"":""C"",""token_ids"":[34],""token_count"":1,""sequence_logprob"":-4.999706745147705,""mean_token_logprob"":-4.999706745147705,""token_logprobs"":[-4.999706745147705]},{""candidate"":""D"",""token_ids"":[35],""token_count"":1,""sequence_logprob"":-5.687206745147705,""mean_token_logprob"":-5.687206745147705,""token_logprobs"":[-5.687206745147705]}]",E,false
517703,Trill,B,1,6,audio_icl_candidate,candidate,,"[{""candidate"":""E"",""token_ids"":[36],""token_count"":1,""sequence_logprob"":-0.8323123455047607,""mean_token_logprob"":-0.8323123455047607,""token_logprobs"":[-0.8323123455047607]},{""candidate"":""F"",""token_ids"":[37],""token_count"":1,""sequence_logprob"":-2.7073123455047607,""mean_token_logprob"":-2.7073123455047607,""token_logprobs"":[-2.7073123455047607]},{""candidate"":""A"",""token_ids"":[32],""token_count"":1,""sequence_logprob"":-1.4573123455047607,""mean_token_logprob"":-1.4573123455047607,""token_logprobs"":[-1.4573123455047607]},{""candidate"":""B"",""token_ids"":[33],""token_count"":1,""sequence_logprob"":-2.2073123455047607,""mean_token_logprob"":-2.2073123455047607,""token_logprobs"":[-2.2073123455047607]},{""candidate"":""C"",""token_ids"":[34],""token_count"":1,""sequence_logprob"":-5.26981258392334,""mean_token_logprob"":-5.26981258392334,""token_logprobs"":[-5.26981258392334]},{""candidate"":""D"",""token_ids"":[35],""token_count"":1,""sequence_logprob"":-6.20731258392334,""mean_token_logprob"":-6.20731258392334,""token_logprobs"":[-6.20731258392334]}]",E,false
518079,Phee,F,1,6,audio_icl_candidate,candidate,,"[{""candidate"":""E"",""token_ids"":[36],""token_count"":1,""sequence_logprob"":-0.926114559173584,""mean_token_logprob"":-0.926114559173584,""token_logprobs"":[-0.926114559173584]},{""candidate"":""F"",""token_ids"":[37],""token_count"":1,""sequence_logprob"":-2.488614559173584,""mean_token_logprob"":-2.488614559173584,""token_logprobs"":[-2.488614559173584]},{""candidate"":""A"",""token_ids"":[32],""token_count"":1,""sequence_logprob"":-1.363614559173584,""mean_token_logprob"":-1.363614559173584,""token_logprobs"":[-1.363614559173584]},{""candidate"":""B"",""token_ids"":[33],""token_count"":1,""sequence_logprob"":-2.113614559173584,""mean_token_logprob"":-2.113614559173584,""token_logprobs"":[-2.113614559173584]},{""candidate"":""C"",""token_ids"":[34],""token_count"":1,""sequence_logprob"":-4.863614559173584,""mean_token_logprob"":-4.863614559173584,""token_logprobs"":[-4.863614559173584]},{""candidate"":""D"",""token_ids"":[35],""token_count"":1,""sequence_logprob"":-5.488614559173584,""mean_token_logprob"":-5.488614559173584,""token_logprobs"":[-5.488614559173584]}]",E,false
521545,Phee,F,1,6,audio_icl_candidate,candidate,,"[{""candidate"":""E"",""token_ids"":[36],""token_count"":1,""sequence_logprob"":-0.7321290969848633,""mean_token_logprob"":-0.7321290969848633,""token_logprobs"":[-0.7321290969848633]},{""candidate"":""F"",""token_ids"":[37],""token_count"":1,""sequence_logprob"":-2.8571290969848633,""mean_token_logprob"":-2.8571290969848633,""token_logprobs"":[-2.8571290969848633]},{""candidate"":""A"",""token_ids"":[32],""token_count"":1,""sequence_logprob"":-1.4196290969848633,""mean_token_logprob"":-1.4196290969848633,""token_logprobs"":[-1.4196290969848633]},{""candidate"":""B"",""token_ids"":[33],""token_count"":1,""sequence_logprob"":-2.1071290969848633,""mean_token_logprob"":-2.1071290969848633,""token_logprobs"":[-2.1071290969848633]},{""candidate"":""C"",""token_ids"":[34],""token_count"":1,""sequence_logprob"":-5.482129096984863,""mean_token_logprob"":-5.482129096984863,""token_logprobs"":[-5.482129096984863]},{""candidate"":""D"",""token_ids"":[35],""token_count"":1,""sequence_logprob"":-5.607129096984863,""mean_token_logprob"":-5.607129096984863,""token_logprobs"":[-5.607129096984863]}]",E,false
52861,Trill,B,1,6,audio_icl_candidate,candidate,,"[{""candidate"":""E"",""token_ids"":[36],""token_count"":1,""sequence_logprob"":-0.8531972169876099,""mean_token_logprob"":-0.8531972169876099,""token_logprobs"":[-0.8531972169876099]},{""candidate"":""F"",""token_ids"":[37],""token_count"":1,""sequence_logprob"":-2.4781970977783203,""mean_token_logprob"":-2.4781970977783203,""token_logprobs"":[-2.4781970977783203]},{""candidate"":""A"",""token_ids"":[32],""token_count"":1,""sequence_logprob"":-1.4156972169876099,""mean_token_logprob"":-1.4156972169876099,""token_logprobs"":[-1.4156972169876099]},{""candidate"":""B"",""token_ids"":[33],""token_count"":1,""sequence_logprob"":-2.2281970977783203,""mean_token_logprob"":-2.2281970977783203,""token_logprobs"":[-2.2281970977783203]},{""candidate"":""C"",""token_ids"":[34],""token_count"":1,""sequence_logprob"":-5.29069709777832,""mean_token_logprob"":-5.29069709777832,""token_logprobs"":[-5.29069709777832]},{""candidate"":""D"",""token_ids"":[35],""token_count"":1,""sequence_logprob"":-6.29069709777832,""mean_token_logprob"":-6.29069709777832,""token_logprobs"":[-6.29069709777832]}]",E,false
533988,Seep,A,1,6,audio_icl_candidate,candidate,,"[{""candidate"":""E"",""token_ids"":[36],""token_count"":1,""sequence_logprob"":-0.8067225813865662,""mean_token_logprob"":-0.8067225813865662,""token_logprobs"":[-0.8067225813865662]},{""candidate"":""F"",""token_ids"":[37],""token_count"":1,""sequence_logprob"":-2.619222640991211,""mean_token_logprob"":-2.619222640991211,""token_logprobs"":[-2.619222640991211]},{""candidate"":""A"",""token_ids"":[32],""token_count"":1,""sequence_logprob"":-1.431722640991211,""mean_token_logprob"":-1.431722640991211,""token_logprobs"":[-1.431722640991211]},{""candidate"":""B"",""token_ids"":[33],""token_count"":1,""sequence_logprob"":-2.306722640991211,""mean_token_logprob"":-2.306722640991211,""token_logprobs"":[-2.306722640991211]},{""candidate"":""C"",""token_ids"":[34],""token_count"":1,""sequence_logprob"":-5.494222640991211,""mean_token_logprob"":-5.494222640991211,""token_logprobs"":[-5.494222640991211]},{""candidate"":""D"",""token_ids"":[35],""token_count"":1,""sequence_logprob"":-5.869222640991211,""mean_token_logprob"":-5.869222640991211,""token_logprobs"":[-5.869222640991211]}]",E,false
54180,Phee,F,1,6,audio_icl_candidate,candidate,,"[{""candidate"":""E"",""token_ids"":[36],""token_count"":1,""sequence_logprob"":-0.9697355031967163,""mean_token_logprob"":-0.9697355031967163,""token_logprobs"":[-0.9697355031967163]},{""candidate"":""F"",""token_ids"":[37],""token_count"":1,""sequence_logprob"":-2.407235622406006,""mean_token_logprob"":-2.407235622406006,""token_logprobs"":[-2.407235622406006]},{""candidate"":""A"",""token_ids"":[32],""token_count"":1,""sequence_logprob"":-1.3447355031967163,""mean_token_logprob"":-1.3447355031967163,""token_logprobs"":[-1.3447355031967163]},{""candidate"":""B"",""token_ids"":[33],""token_count"":1,""sequence_logprob"":-2.094735622406006,""mean_token_logprob"":-2.094735622406006,""token_logprobs"":[-2.094735622406006]},{""candidate"":""C"",""token_ids"":[34],""token_count"":1,""sequence_logprob"":-5.219735622406006,""mean_token_logprob"":-5.219735622406006,""token_logprobs"":[-5.219735622406006]},{""candidate"":""D"",""token_ids"":[35],""token_count"":1,""sequence_logprob"":-5.782235622406006,""mean_token_logprob"":-5.782235622406006,""token_logprobs"":[-5.782235622406006]}]",E,false
547929,Twitter,D,1,6,audio_icl_candidate,candidate,,"[{""candidate"":""E"",""token_ids"":[36],""token_count"":1,""sequence_logprob"":-0.9461368322372437,""mean_token_logprob"":-0.9461368322372437,""token_logprobs"":[-0.9461368322372437]},{""candidate"":""F"",""token_ids"":[37],""token_count"":1,""sequence_logprob"":-2.946136951446533,""mean_token_logprob"":-2.946136951446533,""token_logprobs"":[-2.946136951446533]},{""candidate"":""A"",""token_ids"":[32],""token_count"":1,""sequence_logprob"":-1.3211368322372437,""mean_token_logprob"":-1.3211368322372437,""token_logprobs"":[-1.3211368322372437]},{""candidate"":""B"",""token_ids"":[33],""token_count"":1,""sequence_logprob"":-2.133636951446533,""mean_token_logprob"":-2.133636951446533,""token_logprobs"":[-2.133636951446533]},{""candidate"":""C"",""token_ids"":[34],""token_count"":1,""sequence_logprob"":-5.258636951446533,""mean_token_logprob"":-5.258636951446533,""token_logprobs"":[-5.258636951446533]},{""candidate"":""D"",""token_ids"":[35],""token_count"":1,""sequence_logprob"":-5.571136951446533,""mean_token_logprob"":-5.571136951446533,""token_logprobs"":[-5.571136951446533]}]",E,false
547992,Phee,F,1,6,audio_icl_candidate,candidate,,"[{""candidate"":""E"",""token_ids"":[36],""token_count"":1,""sequence_logprob"":-0.7858086228370667,""mean_token_logprob"":-0.7858086228370667,""token_logprobs"":[-0.7858086228370667]},{""candidate"":""F"",""token_ids"":[37],""token_count"":1,""sequence_logprob"":-2.660808563232422,""mean_token_logprob"":-2.660808563232422,""token_logprobs"":[-2.660808563232422]},{""candidate"":""A"",""token_ids"":[32],""token_count"":1,""sequence_logprob"":-1.4108085632324219,""mean_token_logprob"":-1.4108085632324219,""token_logprobs"":[-1.4108085632324219]},{""candidate"":""B"",""token_ids"":[33],""token_count"":1,""sequence_logprob"":-2.410808563232422,""mean_token_logprob"":-2.410808563232422,""token_logprobs"":[-2.410808563232422]},{""candidate"":""C"",""token_ids"":[34],""token_count"":1,""sequence_logprob"":-5.285808563232422,""mean_token_logprob"":-5.285808563232422,""token_logprobs"":[-5.285808563232422]},{""candidate"":""D"",""token_ids"":[35],""token_count"":1,""sequence_logprob"":-6.223308563232422,""mean_token_logprob"":-6.223308563232422,""token_logprobs"":[-6.223308563232422]}]",E,false
548798,Trill,B,1,6,audio_icl_candidate,candidate,,"[{""candidate"":""E"",""token_ids"":[36],""token_count"":1,""sequence_logprob"":-0.8905645608901978,""mean_token_logprob"":-0.8905645608901978,""token_logprobs"":[-0.8905645608901978]},{""candidate"":""F"",""token_ids"":[37],""token_count"":1,""sequence_logprob"":-2.640564441680908,""mean_token_logprob"":-2.640564441680908,""token_logprobs"":[-2.640564441680908]},{""candidate"":""A"",""token_ids"":[32],""token_count"":1,""sequence_logprob"":-1.2030645608901978,""mean_token_logprob"":-1.2030645608901978,""token_logprobs"":[-1.2030645608901978]},{""candidate"":""B"",""token_ids"":[33],""token_count"":1,""sequence_logprob"":-2.453064441680908,""mean_token_logprob"":-2.453064441680908,""token_logprobs"":[-2.453064441680908]},{""candidate"":""C"",""token_ids"":[34],""token_count"":1,""sequence_logprob"":-5.640564441680908,""mean_token_logprob"":-5.640564441680908,""token_logprobs"":[-5.640564441680908]},{""candidate"":""D"",""token_ids"":[35],""token_count"":1,""sequence_logprob"":-6.078064441680908,""mean_token_logprob"":-6.078064441680908,""token_logprobs"":[-6.078064441680908]}]",E,false
56195,Trill,B,1,6,audio_icl_candidate,candidate,,"[{""candidate"":""E"",""token_ids"":[36],""token_count"":1,""sequence_logprob"":-0.9611401557922363,""mean_token_logprob"":-0.9611401557922363,""token_logprobs"":[-0.9611401557922363]},{""candidate"":""F"",""token_ids"":[37],""token_count"":1,""sequence_logprob"":-2.5861401557922363,""mean_token_logprob"":-2.5861401557922363,""token_logprobs"":[-2.5861401557922363]},{""candidate"":""A"",""token_ids"":[32],""token_count"":1,""sequence_logprob"":-1.3986401557922363,""mean_token_logprob"":-1.3986401557922363,""token_logprobs"":[-1.3986401557922363]},{""candidate"":""B"",""token_ids"":[33],""token_count"":1,""sequence_logprob"":-1.9611401557922363,""mean_token_logprob"":-1.9611401557922363,""token_logprobs"":[-1.9611401557922363]},{""candidate"":""C"",""token_ids"":[34],""token_count"":1,""sequence_logprob"":-5.023640155792236,""mean_token_logprob"":-5.023640155792236,""token_logprobs"":[-5.023640155792236]},{""candidate"":""D"",""token_ids"":[35],""token_count"":1,""sequence_logprob"":-5.648640155792236,""mean_token_logprob"":-5.648640155792236,""token_logprobs"":[-5.648640155792236]}]",E,false
580149,Trill,B,1,6,audio_icl_candidate,candidate,,"[{""candidate"":""E"",""token_ids"":[36],""token_count"":1,""sequence_logprob"":-0.847880482673645,""mean_token_logprob"":-0.847880482673645,""token_logprobs"":[-0.847880482673645]},{""candidate"":""F"",""token_ids"":[37],""token_count"":1,""sequence_logprob"":-2.7228803634643555,""mean_token_logprob"":-2.7228803634643555,""token_logprobs"":[-2.7228803634643555]},{""candidate"":""A"",""token_ids"":[32],""token_count"":1,""sequence_logprob"":-1.347880482673645,""mean_token_logprob"":-1.347880482673645,""token_logprobs"":[-1.347880482673645]},{""candidate"":""B"",""token_ids"":[33],""token_count"":1,""sequence_logprob"":-1.972880482673645,""mean_token_logprob"":-1.972880482673645,""token_logprobs"":[-1.972880482673645]},{""candidate"":""C"",""token_ids"":[34],""token_count"":1,""sequence_logprob"":-5.4103803634643555,""mean_token_logprob"":-5.4103803634643555,""token_logprobs"":[-5.4103803634643555]},{""candidate"":""D"",""token_ids"":[35],""token_count"":1,""sequence_logprob"":-5.8478803634643555,""mean_token_logprob"":-5.8478803634643555,""token_logprobs"":[-5.8478803634643555]}]",E,false
580352,Phee,F,1,6,audio_icl_candidate,candidate,,"[{""candidate"":""E"",""token_ids"":[36],""token_count"":1,""sequence_logprob"":-0.8015890121459961,""mean_token_logprob"":-0.8015890121459961,""token_logprobs"":[-0.8015890121459961]},{""candidate"":""F"",""token_ids"":[37],""token_count"":1,""sequence_logprob"":-2.614089012145996,""mean_token_logprob"":-2.614089012145996,""token_logprobs"":[-2.614089012145996]},{""candidate"":""A"",""token_ids"":[32],""token_count"":1,""sequence_logprob"":-1.426589012145996,""mean_token_logprob"":-1.426589012145996,""token_logprobs"":[-1.426589012145996]},{""candidate"":""B"",""token_ids"":[33],""token_count"":1,""sequence_logprob"":-2.114089012145996,""mean_token_logprob"":-2.114089012145996,""token_logprobs"":[-2.114089012145996]},{""candidate"":""C"",""token_ids"":[34],""token_count"":1,""sequence_logprob"":-5.114089012145996,""mean_token_logprob"":-5.114089012145996,""token_logprobs"":[-5.114089012145996]},{""candidate"":""D"",""token_ids"":[35],""token_count"":1,""sequence_logprob"":-5.614089012145996,""mean_token_logprob"":-5.614089012145996,""token_logprobs"":[-5.614089012145996]}]",E,false
590590,Phee,F,1,6,audio_icl_candidate,candidate,,"[{""candidate"":""E"",""token_ids"":[36],""token_count"":1,""sequence_logprob"":-1.0137101411819458,""mean_token_logprob"":-1.0137101411819458,""token_logprobs"":[-1.0137101411819458]},{""candidate"":""F"",""token_ids"":[37],""token_count"":1,""sequence_logprob"":-2.2637100219726562,""mean_token_logprob"":-2.2637100219726562,""token_logprobs"":[-2.2637100219726562]},{""candidate"":""A"",""token_ids"":[32],""token_count"":1,""sequence_logprob"":-1.2637101411819458,""mean_token_logprob"":-1.2637101411819458,""token_logprobs"":[-1.2637101411819458]},{""candidate"":""B"",""token_ids"":[33],""token_count"":1,""sequence_logprob"":-2.0762100219726562,""mean_token_logprob"":-2.0762100219726562,""token_logprobs"":[-2.0762100219726562]},{""candidate"":""C"",""token_ids"":[34],""token_count"":1,""sequence_logprob"":-5.138710021972656,""mean_token_logprob"":-5.138710021972656,""token_logprobs"":[-5.138710021972656]},{""candidate"":""D"",""token_ids"":[35],""token_count"":1,""sequence_logprob"":-6.326210021972656,""mean_token_logprob"":-6.326210021972656,""token_logprobs"":[-6.326210021972656]}]",E,false
592253,Trill,B,1,6,audio_icl_candidate,candidate,,"[{""candidate"":""E"",""token_ids"":[36],""token_count"":1,""sequence_logprob"":-0.9820308685302734,""mean_token_logprob"":-0.9820308685302734,""token_logprobs"":[-0.9820308685302734]},{""candidate"":""F"",""token_ids"":[37],""token_count"":1,""sequence_logprob"":-2.7320308685302734,""mean_token_logprob"":-2.7320308685302734,""token_logprobs"":[-2.7320308685302734]},{""candidate"":""A"",""token_ids"":[32],""token_count"":1,""sequence_logprob"":-1.3570308685302734,""mean_token_logprob"":-1.3570308685302734,""token_logprobs"":[-1.3570308685302734]},{""candidate"":""B"",""token_ids"":[33],""token_count"":1,""sequence_logprob"":-1.9820308685302734,""mean_token_logprob"":-1.9820308685302734,""token_logprobs"":[-1.9820308685302734]},{""candidate"":""C"",""token_ids"":[34],""token_count"":1,""sequence_logprob"":-5.169530868530273,""mean_token_logprob"":-5.169530868530273,""token_logprobs"":[-5.169530868530273]},{""candidate"":""D"",""token_ids"":[35],""token_count"":1,""sequence_logprob"":-5.919530868530273,""mean_token_logprob"":-5.919530868530273,""token_logprobs"":[-5.919530868530273]}]",E,false
592286,Twitter,D,1,6,audio_icl_candidate,candidate,,"[{""candidate"":""E"",""token_ids"":[36],""token_count"":1,""sequence_logprob"":-0.9627690315246582,""mean_token_logprob"":-0.9627690315246582,""token_logprobs"":[-0.9627690315246582]},{""candidate"":""F"",""token_ids"":[37],""token_count"":1,""sequence_logprob"":-2.775269031524658,""mean_token_logprob"":-2.775269031524658,""token_logprobs"":[-2.775269031524658]},{""candidate"":""A"",""token_ids"":[32],""token_count"":1,""sequence_logprob"":-0.9002690315246582,""mean_token_logprob"":-0.9002690315246582,""token_logprobs"":[-0.9002690315246582]},{""candidate"":""B"",""token_ids"":[33],""token_count"":1,""sequence_logprob"":-3.275269031524658,""mean_token_logprob"":-3.275269031524658,""token_logprobs"":[-3.275269031524658]},{""candidate"":""C"",""token_ids"":[34],""token_count"":1,""sequence_logprob"":-5.775269031524658,""mean_token_logprob"":-5.775269031524658,""token_logprobs"":[-5.775269031524658]},{""candidate"":""D"",""token_ids"":[35],""token_count"":1,""sequence_logprob"":-7.337769031524658,""mean_token_logprob"":-7.337769031524658,""token_logprobs"":[-7.337769031524658]}]",A,false
595018,Trill,B,1,6,audio_icl_candidate,candidate,,"[{""candidate"":""E"",""token_ids"":[36],""token_count"":1,""sequence_logprob"":-0.9112334847450256,""mean_token_logprob"":-0.9112334847450256,""token_logprobs"":[-0.9112334847450256]},{""candidate"":""F"",""token_ids"":[37],""token_count"":1,""sequence_logprob"":-2.473733425140381,""mean_token_logprob"":-2.473733425140381,""token_logprobs"":[-2.473733425140381]},{""candidate"":""A"",""token_ids"":[32],""token_count"":1,""sequence_logprob"":-1.4112334251403809,""mean_token_logprob"":-1.4112334251403809,""token_logprobs"":[-1.4112334251403809]},{""candidate"":""B"",""token_ids"":[33],""token_count"":1,""sequence_logprob"":-2.036233425140381,""mean_token_logprob"":-2.036233425140381,""token_logprobs"":[-2.036233425140381]},{""candidate"":""C"",""token_ids"":[34],""token_count"":1,""sequence_logprob"":-4.973733425140381,""mean_token_logprob"":-4.973733425140381,""token_logprobs"":[-4.973733425140381]},{""candidate"":""D"",""token_ids"":[35],""token_count"":1,""sequence_logprob"":-6.036233425140381,""mean_token_logprob"":-6.036233425140381,""token_logprobs"":[-6.036233425140381]}]",E,false
598116,Twitter,D,1,6,audio_icl_candidate,candidate,,"[{""candidate"":""E"",""token_ids"":[36],""token_count"":1,""sequence_logprob"":-0.9285386204719543,""mean_token_logprob"":-0.9285386204719543,""token_logprobs"":[-0.9285386204719543]},{""candidate"":""F"",""token_ids"":[37],""token_count"":1,""sequence_logprob"":-2.6160385608673096,""mean_token_logprob"":-2.6160385608673096,""token_logprobs"":[-2.6160385608673096]},{""candidate"":""A"",""token_ids"":[32],""token_count"":1,""sequence_logprob"":-1.3035385608673096,""mean_token_logprob"":-1.3035385608673096,""token_logprobs"":[-1.3035385608673096]},{""candidate"":""B"",""token_ids"":[33],""token_count"":1,""sequence_logprob"":-2.1785385608673096,""mean_token_logprob"":-2.1785385608673096,""token_logprobs"":[-2.1785385608673096]},{""candidate"":""C"",""token_ids"":[34],""token_count"":1,""sequence_logprob"":-5.053538799285889,""mean_token_logprob"":-5.053538799285889,""token_logprobs"":[-5.053538799285889]},{""candidate"":""D"",""token_ids"":[35],""token_count"":1,""sequence_logprob"":-5.741038799285889,""mean_token_logprob"":-5.741038799285889,""token_logprobs"":[-5.741038799285889]}]",E,false
598781,Twitter,D,1,6,audio_icl_candidate,candidate,,"[{""candidate"":""E"",""token_ids"":[36],""token_count"":1,""sequence_logprob"":-0.9366353750228882,""mean_token_logprob"":-0.9366353750228882,""token_logprobs"":[-0.9366353750228882]},{""candidate"":""F"",""token_ids"":[37],""token_count"":1,""sequence_logprob"":-2.6241354942321777,""mean_token_logprob"":-2.6241354942321777,""token_logprobs"":[-2.6241354942321777]},{""candidate"":""A"",""token_ids"":[32],""token_count"":1,""sequence_logprob"":-1.3116353750228882,""mean_token_logprob"":-1.3116353750228882,""token_logprobs"":[-1.3116353750228882]},{""candidate"":""B"",""token_ids"":[33],""token_count"":1,""sequence_logprob"":-2.0616354942321777,""mean_token_logprob"":-2.0616354942321777,""token_logprobs"":[-2.0616354942321777]},{""candidate"":""C"",""token_ids"":[34],""token_count"":1,""sequence_logprob"":-5.311635494232178,""mean_token_logprob"":-5.311635494232178,""token_logprobs"":[-5.311635494232178]},{""candidate"":""D"",""token_ids"":[35],""token_count"":1,""sequence_logprob"":-5.436635494232178,""mean_token_logprob"":-5.436635494232178,""token_logprobs"":[-5.436635494232178]}]",E,false
609454,Infant Cry,E,1,6,audio_icl_candidate,candidate,,"[{""candidate"":""E"",""token_ids"":[36],""token_count"":1,""sequence_logprob"":-0.9696488380432129,""mean_token_logprob"":-0.9696488380432129,""token_logprobs"":[-0.9696488380432129]},{""candidate"":""F"",""token_ids"":[37],""token_count"":1,""sequence_logprob"":-2.157148838043213,""mean_token_logprob"":-2.157148838043213,""token_logprobs"":[-2.157148838043213]},{""candidate"":""A"",""token_ids"":[32],""token_count"":1,""sequence_logprob"":-1.407148838043213,""mean_token_logprob"":-1.407148838043213,""token_logprobs"":[-1.407148838043213]},{""candidate"":""B"",""token_ids"":[33],""token_count"":1,""sequence_logprob"":-2.219648838043213,""mean_token_logprob"":-2.219648838043213,""token_logprobs"":[-2.219648838043213]},{""candidate"":""C"",""token_ids"":[34],""token_count"":1,""sequence_logprob"":-5.032148838043213,""mean_token_logprob"":-5.032148838043213,""token_logprobs"":[-5.032148838043213]},{""candidate"":""D"",""token_ids"":[35],""token_count"":1,""sequence_logprob"":-6.032148838043213,""mean_token_logprob"":-6.032148838043213,""token_logprobs"":[-6.032148838043213]}]",E,true
610080,Tsik,C,1,6,audio_icl_candidate,candidate,,"[{""candidate"":""E"",""token_ids"":[36],""token_count"":1,""sequence_logprob"":-1.0479731559753418,""mean_token_logprob"":-1.0479731559753418,""token_logprobs"":[-1.0479731559753418]},{""candidate"":""F"",""token_ids"":[37],""token_count"":1,""sequence_logprob"":-2.172973155975342,""mean_token_logprob"":-2.172973155975342,""token_logprobs"":[-2.172973155975342]},{""candidate"":""A"",""token_ids"":[32],""token_count"":1,""sequence_logprob"":-1.4229731559753418,""mean_token_logprob"":-1.4229731559753418,""token_logprobs"":[-1.4229731559753418]},{""candidate"":""B"",""token_ids"":[33],""token_count"":1,""sequence_logprob"":-2.047973155975342,""mean_token_logprob"":-2.047973155975342,""token_logprobs"":[-2.047973155975342]},{""candidate"":""C"",""token_ids"":[34],""token_count"":1,""sequence_logprob"":-4.485473155975342,""mean_token_logprob"":-4.485473155975342,""token_logprobs"":[-4.485473155975342]},{""candidate"":""D"",""token_ids"":[35],""token_count"":1,""sequence_logprob"":-5.610473155975342,""mean_token_logprob"":-5.610473155975342,""token_logprobs"":[-5.610473155975342]}]",E,false
614582,Tsik,C,1,6,audio_icl_candidate,candidate,,"[{""candidate"":""E"",""token_ids"":[36],""token_count"":1,""sequence_logprob"":-1.0665017366409302,""mean_token_logprob"":-1.0665017366409302,""token_logprobs"":[-1.0665017366409302]},{""candidate"":""F"",""token_ids"":[37],""token_count"":1,""sequence_logprob"":-2.4415016174316406,""mean_token_logprob"":-2.4415016174316406,""token_logprobs"":[-2.4415016174316406]},{""candidate"":""A"",""token_ids"":[32],""token_count"":1,""sequence_logprob"":-1.3165017366409302,""mean_token_logprob"":-1.3165017366409302,""token_logprobs"":[-1.3165017366409302]},{""candidate"":""B"",""token_ids"":[33],""token_count"":1,""sequence_logprob"":-2.1290016174316406,""mean_token_logprob"":-2.1290016174316406,""token_logprobs"":[-2.1290016174316406]},{""candidate"":""C"",""token_ids"":[34],""token_count"":1,""sequence_logprob"":-4.691501617431641,""mean_token_logprob"":-4.691501617431641,""token_logprobs"":[-4.691501617431641]},{""candidate"":""D"",""token_ids"":[35],""token_count"":1,""sequence_logprob"":-5.879001617431641,""mean_token_logprob"":-5.879001617431641,""token_logprobs"":[-5.879001617431641]}]",E,false
614794,Tsik,C,1,6,audio_icl_candidate,candidate,,"[{""candidate"":""E"",""token_ids"":[36],""token_count"":1,""sequence_logprob"":-1.0484256744384766,""mean_token_logprob"":-1.0484256744384766,""token_logprobs"":[-1.0484256744384766]},{""candidate"":""F"",""token_ids"":[37],""token_count"":1,""sequence_logprob"":-2.2359256744384766,""mean_token_logprob"":-2.2359256744384766,""token_logprobs"":[-2.2359256744384766]},{""candidate"":""A"",""token_ids"":[32],""token_count"":1,""sequence_logprob"":-1.4234256744384766,""mean_token_logprob"":-1.4234256744384766,""token_logprobs"":[-1.4234256744384766]},{""candidate"":""B"",""token_ids"":[33],""token_count"":1,""sequence_logprob"":-1.8609256744384766,""mean_token_logprob"":-1.8609256744384766,""token_logprobs"":[-1.8609256744384766]},{""candidate"":""C"",""token_ids"":[34],""token_count"":1,""sequence_logprob"":-4.735925674438477,""mean_token_logprob"":-4.735925674438477,""token_logprobs"":[-4.735925674438477]},{""candidate"":""D"",""token_ids"":[35],""token_count"":1,""sequence_logprob"":-5.923425674438477,""mean_token_logprob"":-5.923425674438477,""token_logprobs"":[-5.923425674438477]}]",E,false
622260,Twitter,D,1,6,audio_icl_candidate,candidate,,"[{""candidate"":""E"",""token_ids"":[36],""token_count"":1,""sequence_logprob"":-0.8650769591331482,""mean_token_logprob"":-0.8650769591331482,""token_logprobs"":[-0.8650769591331482]},{""candidate"":""F"",""token_ids"":[37],""token_count"":1,""sequence_logprob"":-2.677577018737793,""mean_token_logprob"":-2.677577018737793,""token_logprobs"":[-2.677577018737793]},{""candidate"":""A"",""token_ids"":[32],""token_count"":1,""sequence_logprob"":-1.240077018737793,""mean_token_logprob"":-1.240077018737793,""token_logprobs"":[-1.240077018737793]},{""candidate"":""B"",""token_ids"":[33],""token_count"":1,""sequence_logprob"":-1.990077018737793,""mean_token_logprob"":-1.990077018737793,""token_logprobs"":[-1.990077018737793]},{""candidate"":""C"",""token_ids"":[34],""token_count"":1,""sequence_logprob"":-5.865077018737793,""mean_token_logprob"":-5.865077018737793,""token_logprobs"":[-5.865077018737793]},{""candidate"":""D"",""token_ids"":[35],""token_count"":1,""sequence_logprob"":-6.052577018737793,""mean_token_logprob"":-6.052577018737793,""token_logprobs"":[-6.052577018737793]}]",E,false
622312,Tsik,C,1,6,audio_icl_candidate,candidate,,"[{""candidate"":""E"",""token_ids"":[36],""token_count"":1,""sequence_logprob"":-0.9337217807769775,""mean_token_logprob"":-0.9337217807769775,""token_logprobs"":[-0.9337217807769775]},{""candidate"":""F"",""token_ids"":[37],""token_count"":1,""sequence_logprob"":-2.6212217807769775,""mean_token_logprob"":-2.6212217807769775,""token_logprobs"":[-2.6212217807769775]},{""candidate"":""A"",""token_ids"":[32],""token_count"":1,""sequence_logprob"":-1.4337217807769775,""mean_token_logprob"":-1.4337217807769775,""token_logprobs"":[-1.4337217807769775]},{""candidate"":""B"",""token_ids"":[33],""token_count"":1,""sequence_logprob"":-2.0587217807769775,""mean_token_logprob"":-2.0587217807769775,""token_logprobs"":[-2.0587217807769775]},{""candidate"":""C"",""token_ids"":[34],""token_count"":1,""sequence_logprob"":-4.996221542358398,""mean_token_logprob"":-4.996221542358398,""token_logprobs"":[-4.996221542358398]},{""candidate"":""D"",""token_ids"":[35],""token_count"":1,""sequence_logprob"":-5.808721542358398,""mean_token_logprob"":-5.808721542358398,""token_logprobs"":[-5.808721542358398]}]",E,false
622320,Trill,B,1,6,audio_icl_candidate,candidate,,"[{""candidate"":""E"",""token_ids"":[36],""token_count"":1,""sequence_logprob"":-0.9698203206062317,""mean_token_logprob"":-0.9698203206062317,""token_logprobs"":[-0.9698203206062317]},{""candidate"":""F"",""token_ids"":[37],""token_count"":1,""sequence_logprob"":-2.469820261001587,""mean_token_logprob"":-2.469820261001587,""token_logprobs"":[-2.469820261001587]},{""candidate"":""A"",""token_ids"":[32],""token_count"":1,""sequence_logprob"":-1.344820261001587,""mean_token_logprob"":-1.344820261001587,""token_logprobs"":[-1.344820261001587]},{""candidate"":""B"",""token_ids"":[33],""token_count"":1,""sequence_logprob"":-2.094820261001587,""mean_token_logprob"":-2.094820261001587,""token_logprobs"":[-2.094820261001587]},{""candidate"":""C"",""token_ids"":[34],""token_count"":1,""sequence_logprob"":-5.157320499420166,""mean_token_logprob"":-5.157320499420166,""token_logprobs"":[-5.157320499420166]},{""candidate"":""D"",""token_ids"":[35],""token_count"":1,""sequence_logprob"":-5.407320499420166,""mean_token_logprob"":-5.407320499420166,""token_logprobs"":[-5.407320499420166]}]",E,false
622417,Seep,A,1,6,audio_icl_candidate,candidate,,"[{""candidate"":""E"",""token_ids"":[36],""token_count"":1,""sequence_logprob"":-0.9031875133514404,""mean_token_logprob"":-0.9031875133514404,""token_logprobs"":[-0.9031875133514404]},{""candidate"":""F"",""token_ids"":[37],""token_count"":1,""sequence_logprob"":-2.7781875133514404,""mean_token_logprob"":-2.7781875133514404,""token_logprobs"":[-2.7781875133514404]},{""candidate"":""A"",""token_ids"":[32],""token_count"":1,""sequence_logprob"":-1.3406875133514404,""mean_token_logprob"":-1.3406875133514404,""token_logprobs"":[-1.3406875133514404]},{""candidate"":""B"",""token_ids"":[33],""token_count"":1,""sequence_logprob"":-2.1531875133514404,""mean_token_logprob"":-2.1531875133514404,""token_logprobs"":[-2.1531875133514404]},{""candidate"":""C"",""token_ids"":[34],""token_count"":1,""sequence_logprob"":-5.6531877517700195,""mean_token_logprob"":-5.6531877517700195,""token_logprobs"":[-5.6531877517700195]},{""candidate"":""D"",""token_ids"":[35],""token_count"":1,""sequence_logprob"":-6.3406877517700195,""mean_token_logprob"":-6.3406877517700195,""token_logprobs"":[-6.3406877517700195]}]",E,false
622758,Twitter,D,1,6,audio_icl_candidate,candidate,,"[{""candidate"":""E"",""token_ids"":[36],""token_count"":1,""sequence_logprob"":-0.9234550595283508,""mean_token_logprob"":-0.9234550595283508,""token_logprobs"":[-0.9234550595283508]},{""candidate"":""F"",""token_ids"":[37],""token_count"":1,""sequence_logprob"":-2.735954999923706,""mean_token_logprob"":-2.735954999923706,""token_logprobs"":[-2.735954999923706]},{""candidate"":""A"",""token_ids"":[32],""token_count"":1,""sequence_logprob"":-1.298454999923706,""mean_token_logprob"":-1.298454999923706,""token_logprobs"":[-1.298454999923706]},{""candidate"":""B"",""token_ids"":[33],""token_count"":1,""sequence_logprob"":-1.923454999923706,""mean_token_logprob"":-1.923454999923706,""token_logprobs"":[-1.923454999923706]},{""candidate"":""C"",""token_ids"":[34],""token_count"":1,""sequence_logprob"":-5.423455238342285,""mean_token_logprob"":-5.423455238342285,""token_logprobs"":[-5.423455238342285]},{""candidate"":""D"",""token_ids"":[35],""token_count"":1,""sequence_logprob"":-5.298455238342285,""mean_token_logprob"":-5.298455238342285,""token_logprobs"":[-5.298455238342285]}]",E,false
623382,Seep,A,1,6,audio_icl_candidate,candidate,,"[{""candidate"":""E"",""token_ids"":[36],""token_count"":1,""sequence_logprob"":-0.9014341831207275,""mean_token_logprob"":-0.9014341831207275,""token_logprobs"":[-0.9014341831207275]},{""candidate"":""F"",""token_ids"":[37],""token_count"":1,""sequence_logprob"":-2.8389341831207275,""mean_token_logprob"":-2.8389341831207275,""token_logprobs"":[-2.8389341831207275]},{""candidate"":""A"",""token_ids"":[32],""token_count"":1,""sequence_logprob"":-1.4639341831207275,""mean_token_logprob"":-1.4639341831207275,""token_logprobs"":[-1.4639341831207275]},{""candidate"":""B"",""token_ids"":[33],""token_count"":1,""sequence_logprob"":-2.2139341831207275,""mean_token_logprob"":-2.2139341831207275,""token_logprobs"":[-2.2139341831207275]},{""candidate"":""C"",""token_ids"":[34],""token_count"":1,""sequence_logprob"":-5.651433944702148,""mean_token_logprob"":-5.651433944702148,""token_logprobs"":[-5.651433944702148]},{""candidate"":""D"",""token_ids"":[35],""token_count"":1,""sequence_logprob"":-5.901433944702148,""mean_token_logprob"":-5.901433944702148,""token_logprobs"":[-5.901433944702148]}]",E,false
623573,Twitter,D,1,6,audio_icl_candidate,candidate,,"[{""candidate"":""E"",""token_ids"":[36],""token_count"":1,""sequence_logprob"":-0.9801363945007324,""mean_token_logprob"":-0.9801363945007324,""token_logprobs"":[-0.9801363945007324]},{""candidate"":""F"",""token_ids"":[37],""token_count"":1,""sequence_logprob"":-2.5426363945007324,""mean_token_logprob"":-2.5426363945007324,""token_logprobs"":[-2.5426363945007324]},{""candidate"":""A"",""token_ids"":[32],""token_count"":1,""sequence_logprob"":-1.3551363945007324,""mean_token_logprob"":-1.3551363945007324,""token_logprobs"":[-1.3551363945007324]},{""candidate"":""B"",""token_ids"":[33],""token_count"":1,""sequence_logprob"":-2.1051363945007324,""mean_token_logprob"":-2.1051363945007324,""token_logprobs"":[-2.1051363945007324]},{""candidate"":""C"",""token_ids"":[34],""token_count"":1,""sequence_logprob"":-5.042636394500732,""mean_token_logprob"":-5.042636394500732,""token_logprobs"":[-5.042636394500732]},{""candidate"":""D"",""token_ids"":[35],""token_count"":1,""sequence_logprob"":-5.855136394500732,""mean_token_logprob"":-5.855136394500732,""token_logprobs"":[-5.855136394500732]}]",E,false
623621,Seep,A,1,6,audio_icl_candidate,candidate,,"[{""candidate"":""E"",""token_ids"":[36],""token_count"":1,""sequence_logprob"":-1.0154693126678467,""mean_token_logprob"":-1.0154693126678467,""token_logprobs"":[-1.0154693126678467]},{""candidate"":""F"",""token_ids"":[37],""token_count"":1,""sequence_logprob"":-2.7029693126678467,""mean_token_logprob"":-2.7029693126678467,""token_logprobs"":[-2.7029693126678467]},{""candidate"":""A"",""token_ids"":[32],""token_count"":1,""sequence_logprob"":-1.5154693126678467,""mean_token_logprob"":-1.5154693126678467,""token_logprobs"":[-1.5154693126678467]},{""candidate"":""B"",""token_ids"":[33],""token_count"":1,""sequence_logprob"":-2.0154693126678467,""mean_token_logprob"":-2.0154693126678467,""token_logprobs"":[-2.0154693126678467]},{""candidate"":""C"",""token_ids"":[34],""token_count"":1,""sequence_logprob"":-5.015469551086426,""mean_token_logprob"":-5.015469551086426,""token_logprobs"":[-5.015469551086426]},{""candidate"":""D"",""token_ids"":[35],""token_count"":1,""sequence_logprob"":-5.390469551086426,""mean_token_logprob"":-5.390469551086426,""token_logprobs"":[-5.390469551086426]}]",E,false
623676,Infant Cry,E,1,6,audio_icl_candidate,candidate,,"[{""candidate"":""E"",""token_ids"":[36],""token_count"":1,""sequence_logprob"":-0.8244970440864563,""mean_token_logprob"":-0.8244970440864563,""token_logprobs"":[-0.8244970440864563]},{""candidate"":""F"",""token_ids"":[37],""token_count"":1,""sequence_logprob"":-2.5744969844818115,""mean_token_logprob"":-2.5744969844818115,""token_logprobs"":[-2.5744969844818115]},{""candidate"":""A"",""token_ids"":[32],""token_count"":1,""sequence_logprob"":-1.3869969844818115,""mean_token_logprob"":-1.3869969844818115,""token_logprobs"":[-1.3869969844818115]},{""candidate"":""B"",""token_ids"":[33],""token_count"":1,""sequence_logprob"":-2.3869969844818115,""mean_token_logprob"":-2.3869969844818115,""token_logprobs"":[-2.3869969844818115]},{""candidate"":""C"",""token_ids"":[34],""token_count"":1,""sequence_logprob"":-5.386997222900391,""mean_token_logprob"":-5.386997222900391,""token_logprobs"":[-5.386997222900391]},{""candidate"":""D"",""token_ids"":[35],""token_count"":1,""sequence_logprob"":-6.136997222900391,""mean_token_logprob"":-6.136997222900391,""token_logprobs"":[-6.136997222900391]}]",E,true
623691,Infant Cry,E,1,6,audio_icl_candidate,candidate,,"[{""candidate"":""E"",""token_ids"":[36],""token_count"":1,""sequence_logprob"":-0.9535423517227173,""mean_token_logprob"":-0.9535423517227173,""token_logprobs"":[-0.9535423517227173]},{""candidate"":""F"",""token_ids"":[37],""token_count"":1,""sequence_logprob"":-2.2035422325134277,""mean_token_logprob"":-2.2035422325134277,""token_logprobs"":[-2.2035422325134277]},{""candidate"":""A"",""token_ids"":[32],""token_count"":1,""sequence_logprob"":-1.3910423517227173,""mean_token_logprob"":-1.3910423517227173,""token_logprobs"":[-1.3910423517227173]},{""candidate"":""B"",""token_ids"":[33],""token_count"":1,""sequence_logprob"":-2.2660422325134277,""mean_token_logprob"":-2.2660422325134277,""token_logprobs"":[-2.2660422325134277]},{""candidate"":""C"",""token_ids"":[34],""token_count"":1,""sequence_logprob"":-4.953542232513428,""mean_token_logprob"":-4.953542232513428,""token_logprobs"":[-4.953542232513428]},{""candidate"":""D"",""token_ids"":[35],""token_count"":1,""sequence_logprob"":-6.453542232513428,""mean_token_logprob"":-6.453542232513428,""token_logprobs"":[-6.453542232513428]}]",E,true
623713,Seep,A,1,6,audio_icl_candidate,candidate,,"[{""candidate"":""E"",""token_ids"":[36],""token_count"":1,""sequence_logprob"":-0.9104382991790771,""mean_token_logprob"":-0.9104382991790771,""token_logprobs"":[-0.9104382991790771]},{""candidate"":""F"",""token_ids"":[37],""token_count"":1,""sequence_logprob"":-2.847938299179077,""mean_token_logprob"":-2.847938299179077,""token_logprobs"":[-2.847938299179077]},{""candidate"":""A"",""token_ids"":[32],""token_count"":1,""sequence_logprob"":-1.4104382991790771,""mean_token_logprob"":-1.4104382991790771,""token_logprobs"":[-1.4104382991790771]},{""candidate"":""B"",""token_ids"":[33],""token_count"":1,""sequence_logprob"":-2.097938299179077,""mean_token_logprob"":-2.097938299179077,""token_logprobs"":[-2.097938299179077]},{""candidate"":""C"",""token_ids"":[34],""token_count"":1,""sequence_logprob"":-5.347938537597656,""mean_token_logprob"":-5.347938537597656,""token_logprobs"":[-5.347938537597656]},{""candidate"":""D"",""token_ids"":[35],""token_count"":1,""sequence_logprob"":-5.972938537597656,""mean_token_logprob"":-5.972938537597656,""token_logprobs"":[-5.972938537597656]}]",E,false
623831,Tsik,C,1,6,audio_icl_candidate,candidate,,"[{""candidate"":""E"",""token_ids"":[36],""token_count"":1,""sequence_logprob"":-0.9673484563827515,""mean_token_logprob"":-0.9673484563827515,""token_logprobs"":[-0.9673484563827515]},{""candidate"":""F"",""token_ids"":[37],""token_count"":1,""sequence_logprob"":-2.342348575592041,""mean_token_logprob"":-2.342348575592041,""token_logprobs"":[-2.342348575592041]},{""candidate"":""A"",""token_ids"":[32],""token_count"":1,""sequence_logprob"":-1.4048484563827515,""mean_token_logprob"":-1.4048484563827515,""token_logprobs"":[-1.4048484563827515]},{""candidate"":""B"",""token_ids"":[33],""token_count"":1,""sequence_logprob"":-2.154848575592041,""mean_token_logprob"":-2.154848575592041,""token_logprobs"":[-2.154848575592041]},{""candidate"":""C"",""token_ids"":[34],""token_count"":1,""sequence_logprob"":-4.717348575592041,""mean_token_logprob"":-4.717348575592041,""token_logprobs"":[-4.717348575592041]},{""candidate"":""D"",""token_ids"":[35],""token_count"":1,""sequence_logprob"":-6.154848575592041,""mean_token_logprob"":-6.154848575592041,""token_logprobs"":[-6.154848575592041]}]",E,false
624179,Twitter,D,1,6,audio_icl_candidate,candidate,,"[{""candidate"":""E"",""token_ids"":[36],""token_count"":1,""sequence_logprob"":-0.7975104451179504,""mean_token_logprob"":-0.7975104451179504,""token_logprobs"":[-0.7975104451179504]},{""candidate"":""F"",""token_ids"":[37],""token_count"":1,""sequence_logprob"":-2.9225103855133057,""mean_token_logprob"":-2.9225103855133057,""token_logprobs"":[-2.9225103855133057]},{""candidate"":""A"",""token_ids"":[32],""token_count"":1,""sequence_logprob"":-0.9850104451179504,""mean_token_logprob"":-0.9850104451179504,""token_logprobs"":[-0.9850104451179504]},{""candidate"":""B"",""token_ids"":[33],""token_count"":1,""sequence_logprob"":-3.0475103855133057,""mean_token_logprob"":-3.0475103855133057,""token_logprobs"":[-3.0475103855133057]},{""candidate"":""C"",""token_ids"":[34],""token_count"":1,""sequence_logprob"":-6.110010623931885,""mean_token_logprob"":-6.110010623931885,""token_logprobs"":[-6.110010623931885]},{""candidate"":""D"",""token_ids"":[35],""token_count"":1,""sequence_logprob"":-7.297510623931885,""mean_token_logprob"":-7.297510623931885,""token_logprobs"":[-7.297510623931885]}]",E,false
624712,Trill,B,1,6,audio_icl_candidate,candidate,,"[{""candidate"":""E"",""token_ids"":[36],""token_count"":1,""sequence_logprob"":-0.9559614658355713,""mean_token_logprob"":-0.9559614658355713,""token_logprobs"":[-0.9559614658355713]},{""candidate"":""F"",""token_ids"":[37],""token_count"":1,""sequence_logprob"":-2.6434614658355713,""mean_token_logprob"":-2.6434614658355713,""token_logprobs"":[-2.6434614658355713]},{""candidate"":""A"",""token_ids"":[32],""token_count"":1,""sequence_logprob"":-1.3309614658355713,""mean_token_logprob"":-1.3309614658355713,""token_logprobs"":[-1.3309614658355713]},{""candidate"":""B"",""token_ids"":[33],""token_count"":1,""sequence_logprob"":-2.0809614658355713,""mean_token_logprob"":-2.0809614658355713,""token_logprobs"":[-2.0809614658355713]},{""candidate"":""C"",""token_ids"":[34],""token_count"":1,""sequence_logprob"":-4.893461227416992,""mean_token_logprob"":-4.893461227416992,""token_logprobs"":[-4.893461227416992]},{""candidate"":""D"",""token_ids"":[35],""token_count"":1,""sequence_logprob"":-5.893461227416992,""mean_token_logprob"":-5.893461227416992,""token_logprobs"":[-5.893461227416992]}]",E,false
625053,Twitter,D,1,6,audio_icl_candidate,candidate,,"[{""candidate"":""E"",""token_ids"":[36],""token_count"":1,""sequence_logprob"":-0.9107347726821899,""mean_token_logprob"":-0.9107347726821899,""token_logprobs"":[-0.9107347726821899]},{""candidate"":""F"",""token_ids"":[37],""token_count"":1,""sequence_logprob"":-2.3482346534729004,""mean_token_logprob"":-2.3482346534729004,""token_logprobs"":[-2.3482346534729004]},{""candidate"":""A"",""token_ids"":[32],""token_count"":1,""sequence_logprob"":-1.09823477268219,""mean_token_logprob"":-1.09823477268219,""token_logprobs"":[-1.09823477268219]},{""candidate"":""B"",""token_ids"":[33],""token_count"":1,""sequence_logprob"":-2.7857346534729004,""mean_token_logprob"":-2.7857346534729004,""token_logprobs"":[-2.7857346534729004]},{""candidate"":""C"",""token_ids"":[34],""token_count"":1,""sequence_logprob"":-5.7857346534729,""mean_token_logprob"":-5.7857346534729,""token_logprobs"":[-5.7857346534729]},{""candidate"":""D"",""token_ids"":[35],""token_count"":1,""sequence_logprob"":-6.9107346534729,""mean_token_logprob"":-6.9107346534729,""token_logprobs"":[-6.9107346534729]}]",E,false
628729,Infant Cry,E,1,6,audio_icl_candidate,candidate,,"[{""candidate"":""E"",""token_ids"":[36],""token_count"":1,""sequence_logprob"":-0.9294061660766602,""mean_token_logprob"":-0.9294061660766602,""token_logprobs"":[-0.9294061660766602]},{""candidate"":""F"",""token_ids"":[37],""token_count"":1,""sequence_logprob"":-2.49190616607666,""mean_token_logprob"":-2.49190616607666,""token_logprobs"":[-2.49190616607666]},{""candidate"":""A"",""token_ids"":[32],""token_count"":1,""sequence_logprob"":-1.3044061660766602,""mean_token_logprob"":-1.3044061660766602,""token_logprobs"":[-1.3044061660766602]},{""candidate"":""B"",""token_ids"":[33],""token_count"":1,""sequence_logprob"":-2.17940616607666,""mean_token_logprob"":-2.17940616607666,""token_logprobs"":[-2.17940616607666]},{""candidate"":""C"",""token_ids"":[34],""token_count"":1,""sequence_logprob"":-5.17940616607666,""mean_token_logprob"":-5.17940616607666,""token_logprobs"":[-5.17940616607666]},{""candidate"":""D"",""token_ids"":[35],""token_count"":1,""sequence_logprob"":-6.05440616607666,""mean_token_logprob"":-6.05440616607666,""token_logprobs"":[-6.05440616607666]}]",E,true
631448,Trill,B,1,6,audio_icl_candidate,candidate,,"[{""candidate"":""E"",""token_ids"":[36],""token_count"":1,""sequence_logprob"":-0.9466292262077332,""mean_token_logprob"":-0.9466292262077332,""token_logprobs"":[-0.9466292262077332]},{""candidate"":""F"",""token_ids"":[37],""token_count"":1,""sequence_logprob"":-2.759129285812378,""mean_token_logprob"":-2.759129285812378,""token_logprobs"":[-2.759129285812378]},{""candidate"":""A"",""token_ids"":[32],""token_count"":1,""sequence_logprob"":-1.446629285812378,""mean_token_logprob"":-1.446629285812378,""token_logprobs"":[-1.446629285812378]},{""candidate"":""B"",""token_ids"":[33],""token_count"":1,""sequence_logprob"":-2.009129285812378,""mean_token_logprob"":-2.009129285812378,""token_logprobs"":[-2.009129285812378]},{""candidate"":""C"",""token_ids"":[34],""token_count"":1,""sequence_logprob"":-5.134129047393799,""mean_token_logprob"":-5.134129047393799,""token_logprobs"":[-5.134129047393799]},{""candidate"":""D"",""token_ids"":[35],""token_count"":1,""sequence_logprob"":-5.321629047393799,""mean_token_logprob"":-5.321629047393799,""token_logprobs"":[-5.321629047393799]}]",E,false
631485,Phee,F,1,6,audio_icl_candidate,candidate,,"[{""candidate"":""E"",""token_ids"":[36],""token_count"":1,""sequence_logprob"":-1.0164296627044678,""mean_token_logprob"":-1.0164296627044678,""token_logprobs"":[-1.0164296627044678]},{""candidate"":""F"",""token_ids"":[37],""token_count"":1,""sequence_logprob"":-2.0789296627044678,""mean_token_logprob"":-2.0789296627044678,""token_logprobs"":[-2.0789296627044678]},{""candidate"":""A"",""token_ids"":[32],""token_count"":1,""sequence_logprob"":-1.3289296627044678,""mean_token_logprob"":-1.3289296627044678,""token_logprobs"":[-1.3289296627044678]},{""candidate"":""B"",""token_ids"":[33],""token_count"":1,""sequence_logprob"":-2.1414296627044678,""mean_token_logprob"":-2.1414296627044678,""token_logprobs"":[-2.1414296627044678]},{""candidate"":""C"",""token_ids"":[34],""token_count"":1,""sequence_logprob"":-4.891429901123047,""mean_token_logprob"":-4.891429901123047,""token_logprobs"":[-4.891429901123047]},{""candidate"":""D"",""token_ids"":[35],""token_count"":1,""sequence_logprob"":-6.078929901123047,""mean_token_logprob"":-6.078929901123047,""token_logprobs"":[-6.078929901123047]}]",E,false
631861,Infant Cry,E,1,6,audio_icl_candidate,candidate,,"[{""candidate"":""E"",""token_ids"":[36],""token_count"":1,""sequence_logprob"":-0.9410329461097717,""mean_token_logprob"":-0.9410329461097717,""token_logprobs"":[-0.9410329461097717]},{""candidate"":""F"",""token_ids"":[37],""token_count"":1,""sequence_logprob"":-2.378532886505127,""mean_token_logprob"":-2.378532886505127,""token_logprobs"":[-2.378532886505127]},{""candidate"":""A"",""token_ids"":[32],""token_count"":1,""sequence_logprob"":-1.378532886505127,""mean_token_logprob"":-1.378532886505127,""token_logprobs"":[-1.378532886505127]},{""candidate"":""B"",""token_ids"":[33],""token_count"":1,""sequence_logprob"":-2.128532886505127,""mean_token_logprob"":-2.128532886505127,""token_logprobs"":[-2.128532886505127]},{""candidate"":""C"",""token_ids"":[34],""token_count"":1,""sequence_logprob"":-5.253532886505127,""mean_token_logprob"":-5.253532886505127,""token_logprobs"":[-5.253532886505127]},{""candidate"":""D"",""token_ids"":[35],""token_count"":1,""sequence_logprob"":-5.878532886505127,""mean_token_logprob"":-5.878532886505127,""token_logprobs"":[-5.878532886505127]}]",E,true
631947,Tsik,C,1,6,audio_icl_candidate,candidate,,"[{""candidate"":""E"",""token_ids"":[36],""token_count"":1,""sequence_logprob"":-0.957252025604248,""mean_token_logprob"":-0.957252025604248,""token_logprobs"":[-0.957252025604248]},{""candidate"":""F"",""token_ids"":[37],""token_count"":1,""sequence_logprob"":-2.894752025604248,""mean_token_logprob"":-2.894752025604248,""token_logprobs"":[-2.894752025604248]},{""candidate"":""A"",""token_ids"":[32],""token_count"":1,""sequence_logprob"":-1.394752025604248,""mean_token_logprob"":-1.394752025604248,""token_logprobs"":[-1.394752025604248]},{""candidate"":""B"",""token_ids"":[33],""token_count"":1,""sequence_logprob"":-2.019752025604248,""mean_token_logprob"":-2.019752025604248,""token_logprobs"":[-2.019752025604248]},{""candidate"":""C"",""token_ids"":[34],""token_count"":1,""sequence_logprob"":-5.269752025604248,""mean_token_logprob"":-5.269752025604248,""token_logprobs"":[-5.269752025604248]},{""candidate"":""D"",""token_ids"":[35],""token_count"":1,""sequence_logprob"":-5.144752025604248,""mean_token_logprob"":-5.144752025604248,""token_logprobs"":[-5.144752025604248]}]",E,false
632037,Tsik,C,1,6,audio_icl_candidate,candidate,,"[{""candidate"":""E"",""token_ids"":[36],""token_count"":1,""sequence_logprob"":-1.0541393756866455,""mean_token_logprob"":-1.0541393756866455,""token_logprobs"":[-1.0541393756866455]},{""candidate"":""F"",""token_ids"":[37],""token_count"":1,""sequence_logprob"":-2.3666393756866455,""mean_token_logprob"":-2.3666393756866455,""token_logprobs"":[-2.3666393756866455]},{""candidate"":""A"",""token_ids"":[32],""token_count"":1,""sequence_logprob"":-1.4291393756866455,""mean_token_logprob"":-1.4291393756866455,""token_logprobs"":[-1.4291393756866455]},{""candidate"":""B"",""token_ids"":[33],""token_count"":1,""sequence_logprob"":-1.9916393756866455,""mean_token_logprob"":-1.9916393756866455,""token_logprobs"":[-1.9916393756866455]},{""candidate"":""C"",""token_ids"":[34],""token_count"":1,""sequence_logprob"":-4.741639137268066,""mean_token_logprob"":-4.741639137268066,""token_logprobs"":[-4.741639137268066]},{""candidate"":""D"",""token_ids"":[35],""token_count"":1,""sequence_logprob"":-5.554139137268066,""mean_token_logprob"":-5.554139137268066,""token_logprobs"":[-5.554139137268066]}]",E,false
632300,Phee,F,1,6,audio_icl_candidate,candidate,,"[{""candidate"":""E"",""token_ids"":[36],""token_count"":1,""sequence_logprob"":-1.0103979110717773,""mean_token_logprob"":-1.0103979110717773,""token_logprobs"":[-1.0103979110717773]},{""candidate"":""F"",""token_ids"":[37],""token_count"":1,""sequence_logprob"":-2.1353979110717773,""mean_token_logprob"":-2.1353979110717773,""token_logprobs"":[-2.1353979110717773]},{""candidate"":""A"",""token_ids"":[32],""token_count"":1,""sequence_logprob"":-1.3228979110717773,""mean_token_logprob"":-1.3228979110717773,""token_logprobs"":[-1.3228979110717773]},{""candidate"":""B"",""token_ids"":[33],""token_count"":1,""sequence_logprob"":-2.0728979110717773,""mean_token_logprob"":-2.0728979110717773,""token_logprobs"":[-2.0728979110717773]},{""candidate"":""C"",""token_ids"":[34],""token_count"":1,""sequence_logprob"":-5.197897911071777,""mean_token_logprob"":-5.197897911071777,""token_logprobs"":[-5.197897911071777]},{""candidate"":""D"",""token_ids"":[35],""token_count"":1,""sequence_logprob"":-5.697897911071777,""mean_token_logprob"":-5.697897911071777,""token_logprobs"":[-5.697897911071777]}]",E,false
632381,Twitter,D,1,6,audio_icl_candidate,candidate,,"[{""candidate"":""E"",""token_ids"":[36],""token_count"":1,""sequence_logprob"":-0.9115833044052124,""mean_token_logprob"":-0.9115833044052124,""token_logprobs"":[-0.9115833044052124]},{""candidate"":""F"",""token_ids"":[37],""token_count"":1,""sequence_logprob"":-2.099083423614502,""mean_token_logprob"":-2.099083423614502,""token_logprobs"":[-2.099083423614502]},{""candidate"":""A"",""token_ids"":[32],""token_count"":1,""sequence_logprob"":-1.2240833044052124,""mean_token_logprob"":-1.2240833044052124,""token_logprobs"":[-1.2240833044052124]},{""candidate"":""B"",""token_ids"":[33],""token_count"":1,""sequence_logprob"":-2.536583423614502,""mean_token_logprob"":-2.536583423614502,""token_logprobs"":[-2.536583423614502]},{""candidate"":""C"",""token_ids"":[34],""token_count"":1,""sequence_logprob"":-5.411583423614502,""mean_token_logprob"":-5.411583423614502,""token_logprobs"":[-5.411583423614502]},{""candidate"":""D"",""token_ids"":[35],""token_count"":1,""sequence_logprob"":-6.224083423614502,""mean_token_logprob"":-6.224083423614502,""token_logprobs"":[-6.224083423614502]}]",E,false
632863,Phee,F,1,6,audio_icl_candidate,candidate,,"[{""candidate"":""E"",""token_ids"":[36],""token_count"":1,""sequence_logprob"":-0.9077381491661072,""mean_token_logprob"":-0.9077381491661072,""token_logprobs"":[-0.9077381491661072]},{""candidate"":""F"",""token_ids"":[37],""token_count"":1,""sequence_logprob"":-2.532738208770752,""mean_token_logprob"":-2.532738208770752,""token_logprobs"":[-2.532738208770752]},{""candidate"":""A"",""token_ids"":[32],""token_count"":1,""sequence_logprob"":-1.407738208770752,""mean_token_logprob"":-1.407738208770752,""token_logprobs"":[-1.407738208770752]},{""candidate"":""B"",""token_ids"":[33],""token_count"":1,""sequence_logprob"":-2.157738208770752,""mean_token_logprob"":-2.157738208770752,""token_logprobs"":[-2.157738208770752]},{""candidate"":""C"",""token_ids"":[34],""token_count"":1,""sequence_logprob"":-4.845238208770752,""mean_token_logprob"":-4.845238208770752,""token_logprobs"":[-4.845238208770752]},{""candidate"":""D"",""token_ids"":[35],""token_count"":1,""sequence_logprob"":-5.970238208770752,""mean_token_logprob"":-5.970238208770752,""token_logprobs"":[-5.970238208770752]}]",E,false
633531,Phee,F,1,6,audio_icl_candidate,candidate,,"[{""candidate"":""E"",""token_ids"":[36],""token_count"":1,""sequence_logprob"":-0.9405148029327393,""mean_token_logprob"":-0.9405148029327393,""token_logprobs"":[-0.9405148029327393]},{""candidate"":""F"",""token_ids"":[37],""token_count"":1,""sequence_logprob"":-2.6280148029327393,""mean_token_logprob"":-2.6280148029327393,""token_logprobs"":[-2.6280148029327393]},{""candidate"":""A"",""token_ids"":[32],""token_count"":1,""sequence_logprob"":-1.4405148029327393,""mean_token_logprob"":-1.4405148029327393,""token_logprobs"":[-1.4405148029327393]},{""candidate"":""B"",""token_ids"":[33],""token_count"":1,""sequence_logprob"":-2.0030148029327393,""mean_token_logprob"":-2.0030148029327393,""token_logprobs"":[-2.0030148029327393]},{""candidate"":""C"",""token_ids"":[34],""token_count"":1,""sequence_logprob"":-5.06551456451416,""mean_token_logprob"":-5.06551456451416,""token_logprobs"":[-5.06551456451416]},{""candidate"":""D"",""token_ids"":[35],""token_count"":1,""sequence_logprob"":-5.50301456451416,""mean_token_logprob"":-5.50301456451416,""token_logprobs"":[-5.50301456451416]}]",E,false
642827,Tsik,C,1,6,audio_icl_candidate,candidate,,"[{""candidate"":""E"",""token_ids"":[36],""token_count"":1,""sequence_logprob"":-0.9574323296546936,""mean_token_logprob"":-0.9574323296546936,""token_logprobs"":[-0.9574323296546936]},{""candidate"":""F"",""token_ids"":[37],""token_count"":1,""sequence_logprob"":-2.707432270050049,""mean_token_logprob"":-2.707432270050049,""token_logprobs"":[-2.707432270050049]},{""candidate"":""A"",""token_ids"":[32],""token_count"":1,""sequence_logprob"":-1.3949322700500488,""mean_token_logprob"":-1.3949322700500488,""token_logprobs"":[-1.3949322700500488]},{""candidate"":""B"",""token_ids"":[33],""token_count"":1,""sequence_logprob"":-2.082432270050049,""mean_token_logprob"":-2.082432270050049,""token_logprobs"":[-2.082432270050049]},{""candidate"":""C"",""token_ids"":[34],""token_count"":1,""sequence_logprob"":-5.082432270050049,""mean_token_logprob"":-5.082432270050049,""token_logprobs"":[-5.082432270050049]},{""candidate"":""D"",""token_ids"":[35],""token_count"":1,""sequence_logprob"":-5.769932270050049,""mean_token_logprob"":-5.769932270050049,""token_logprobs"":[-5.769932270050049]}]",E,false
647588,Phee,F,1,6,audio_icl_candidate,candidate,,"[{""candidate"":""E"",""token_ids"":[36],""token_count"":1,""sequence_logprob"":-0.8478538393974304,""mean_token_logprob"":-0.8478538393974304,""token_logprobs"":[-0.8478538393974304]},{""candidate"":""F"",""token_ids"":[37],""token_count"":1,""sequence_logprob"":-2.722853899002075,""mean_token_logprob"":-2.722853899002075,""token_logprobs"":[-2.722853899002075]},{""candidate"":""A"",""token_ids"":[32],""token_count"":1,""sequence_logprob"":-1.3478538990020752,""mean_token_logprob"":-1.3478538990020752,""token_logprobs"":[-1.3478538990020752]},{""candidate"":""B"",""token_ids"":[33],""token_count"":1,""sequence_logprob"":-2.160353899002075,""mean_token_logprob"":-2.160353899002075,""token_logprobs"":[-2.160353899002075]},{""candidate"":""C"",""token_ids"":[34],""token_count"":1,""sequence_logprob"":-5.285353660583496,""mean_token_logprob"":-5.285353660583496,""token_logprobs"":[-5.285353660583496]},{""candidate"":""D"",""token_ids"":[35],""token_count"":1,""sequence_logprob"":-5.722853660583496,""mean_token_logprob"":-5.722853660583496,""token_logprobs"":[-5.722853660583496]}]",E,false
695230,Trill,B,1,6,audio_icl_candidate,candidate,,"[{""candidate"":""E"",""token_ids"":[36],""token_count"":1,""sequence_logprob"":-0.9177676439285278,""mean_token_logprob"":-0.9177676439285278,""token_logprobs"":[-0.9177676439285278]},{""candidate"":""F"",""token_ids"":[37],""token_count"":1,""sequence_logprob"":-2.4802675247192383,""mean_token_logprob"":-2.4802675247192383,""token_logprobs"":[-2.4802675247192383]},{""candidate"":""A"",""token_ids"":[32],""token_count"":1,""sequence_logprob"":-1.2927676439285278,""mean_token_logprob"":-1.2927676439285278,""token_logprobs"":[-1.2927676439285278]},{""candidate"":""B"",""token_ids"":[33],""token_count"":1,""sequence_logprob"":-2.2927675247192383,""mean_token_logprob"":-2.2927675247192383,""token_logprobs"":[-2.2927675247192383]},{""candidate"":""C"",""token_ids"":[34],""token_count"":1,""sequence_logprob"":-5.042767524719238,""mean_token_logprob"":-5.042767524719238,""token_logprobs"":[-5.042767524719238]},{""candidate"":""D"",""token_ids"":[35],""token_count"":1,""sequence_logprob"":-5.605267524719238,""mean_token_logprob"":-5.605267524719238,""token_logprobs"":[-5.605267524719238]}]",E,false
699227,Twitter,D,1,6,audio_icl_candidate,candidate,,"[{""candidate"":""E"",""token_ids"":[36],""token_count"":1,""sequence_logprob"":-0.9740028381347656,""mean_token_logprob"":-0.9740028381347656,""token_logprobs"":[-0.9740028381347656]},{""candidate"":""F"",""token_ids"":[37],""token_count"":1,""sequence_logprob"":-2.6615028381347656,""mean_token_logprob"":-2.6615028381347656,""token_logprobs"":[-2.6615028381347656]},{""candidate"":""A"",""token_ids"":[32],""token_count"":1,""sequence_logprob"":-1.3490028381347656,""mean_token_logprob"":-1.3490028381347656,""token_logprobs"":[-1.3490028381347656]},{""candidate"":""B"",""token_ids"":[33],""token_count"":1,""sequence_logprob"":-2.0365028381347656,""mean_token_logprob"":-2.0365028381347656,""token_logprobs"":[-2.0365028381347656]},{""candidate"":""C"",""token_ids"":[34],""token_count"":1,""sequence_logprob"":-5.099002838134766,""mean_token_logprob"":-5.099002838134766,""token_logprobs"":[-5.099002838134766]},{""candidate"":""D"",""token_ids"":[35],""token_count"":1,""sequence_logprob"":-5.161502838134766,""mean_token_logprob"":-5.161502838134766,""token_logprobs"":[-5.161502838134766]}]",E,false
706021,Phee,F,1,6,audio_icl_candidate,candidate,,"[{""candidate"":""E"",""token_ids"":[36],""token_count"":1,""sequence_logprob"":-1.0153247117996216,""mean_token_logprob"":-1.0153247117996216,""token_logprobs"":[-1.0153247117996216]},{""candidate"":""F"",""token_ids"":[37],""token_count"":1,""sequence_logprob"":-2.015324592590332,""mean_token_logprob"":-2.015324592590332,""token_logprobs"":[-2.015324592590332]},{""candidate"":""A"",""token_ids"":[32],""token_count"":1,""sequence_logprob"":-1.3903247117996216,""mean_token_logprob"":-1.3903247117996216,""token_logprobs"":[-1.3903247117996216]},{""candidate"":""B"",""token_ids"":[33],""token_count"":1,""sequence_logprob"":-2.077824592590332,""mean_token_logprob"":-2.077824592590332,""token_logprobs"":[-2.077824592590332]},{""candidate"":""C"",""token_ids"":[34],""token_count"":1,""sequence_logprob"":-5.140324592590332,""mean_token_logprob"":-5.140324592590332,""token_logprobs"":[-5.140324592590332]},{""candidate"":""D"",""token_ids"":[35],""token_count"":1,""sequence_logprob"":-5.765324592590332,""mean_token_logprob"":-5.765324592590332,""token_logprobs"":[-5.765324592590332]}]",E,false
708875,Trill,B,1,6,audio_icl_candidate,candidate,,"[{""candidate"":""E"",""token_ids"":[36],""token_count"":1,""sequence_logprob"":-0.941897988319397,""mean_token_logprob"":-0.941897988319397,""token_logprobs"":[-0.941897988319397]},{""candidate"":""F"",""token_ids"":[37],""token_count"":1,""sequence_logprob"":-2.5668978691101074,""mean_token_logprob"":-2.5668978691101074,""token_logprobs"":[-2.5668978691101074]},{""candidate"":""A"",""token_ids"":[32],""token_count"":1,""sequence_logprob"":-1.316897988319397,""mean_token_logprob"":-1.316897988319397,""token_logprobs"":[-1.316897988319397]},{""candidate"":""B"",""token_ids"":[33],""token_count"":1,""sequence_logprob"":-2.1293978691101074,""mean_token_logprob"":-2.1293978691101074,""token_logprobs"":[-2.1293978691101074]},{""candidate"":""C"",""token_ids"":[34],""token_count"":1,""sequence_logprob"":-5.191897869110107,""mean_token_logprob"":-5.191897869110107,""token_logprobs"":[-5.191897869110107]},{""candidate"":""D"",""token_ids"":[35],""token_count"":1,""sequence_logprob"":-6.129397869110107,""mean_token_logprob"":-6.129397869110107,""token_logprobs"":[-6.129397869110107]}]",E,false
715845,Seep,A,1,6,audio_icl_candidate,candidate,,"[{""candidate"":""E"",""token_ids"":[36],""token_count"":1,""sequence_logprob"":-0.8946239948272705,""mean_token_logprob"":-0.8946239948272705,""token_logprobs"":[-0.8946239948272705]},{""candidate"":""F"",""token_ids"":[37],""token_count"":1,""sequence_logprob"":-2.7696239948272705,""mean_token_logprob"":-2.7696239948272705,""token_logprobs"":[-2.7696239948272705]},{""candidate"":""A"",""token_ids"":[32],""token_count"":1,""sequence_logprob"":-1.4571239948272705,""mean_token_logprob"":-1.4571239948272705,""token_logprobs"":[-1.4571239948272705]},{""candidate"":""B"",""token_ids"":[33],""token_count"":1,""sequence_logprob"":-2.0821239948272705,""mean_token_logprob"":-2.0821239948272705,""token_logprobs"":[-2.0821239948272705]},{""candidate"":""C"",""token_ids"":[34],""token_count"":1,""sequence_logprob"":-5.707123756408691,""mean_token_logprob"":-5.707123756408691,""token_logprobs"":[-5.707123756408691]},{""candidate"":""D"",""token_ids"":[35],""token_count"":1,""sequence_logprob"":-6.019623756408691,""mean_token_logprob"":-6.019623756408691,""token_logprobs"":[-6.019623756408691]}]",E,false
716490,Tsik,C,1,6,audio_icl_candidate,candidate,,"[{""candidate"":""E"",""token_ids"":[36],""token_count"":1,""sequence_logprob"":-0.8683695793151855,""mean_token_logprob"":-0.8683695793151855,""token_logprobs"":[-0.8683695793151855]},{""candidate"":""F"",""token_ids"":[37],""token_count"":1,""sequence_logprob"":-2.8058695793151855,""mean_token_logprob"":-2.8058695793151855,""token_logprobs"":[-2.8058695793151855]},{""candidate"":""A"",""token_ids"":[32],""token_count"":1,""sequence_logprob"":-1.1808695793151855,""mean_token_logprob"":-1.1808695793151855,""token_logprobs"":[-1.1808695793151855]},{""candidate"":""B"",""token_ids"":[33],""token_count"":1,""sequence_logprob"":-2.6183695793151855,""mean_token_logprob"":-2.6183695793151855,""token_logprobs"":[-2.6183695793151855]},{""candidate"":""C"",""token_ids"":[34],""token_count"":1,""sequence_logprob"":-5.3683695793151855,""mean_token_logprob"":-5.3683695793151855,""token_logprobs"":[-5.3683695793151855]},{""candidate"":""D"",""token_ids"":[35],""token_count"":1,""sequence_logprob"":-6.7433695793151855,""mean_token_logprob"":-6.7433695793151855,""token_logprobs"":[-6.7433695793151855]}]",E,false
737715,Twitter,D,1,6,audio_icl_candidate,candidate,,"[{""candidate"":""E"",""token_ids"":[36],""token_count"":1,""sequence_logprob"":-0.872168779373169,""mean_token_logprob"":-0.872168779373169,""token_logprobs"":[-0.872168779373169]},{""candidate"":""F"",""token_ids"":[37],""token_count"":1,""sequence_logprob"":-2.434668779373169,""mean_token_logprob"":-2.434668779373169,""token_logprobs"":[-2.434668779373169]},{""candidate"":""A"",""token_ids"":[32],""token_count"":1,""sequence_logprob"":-1.434668779373169,""mean_token_logprob"":-1.434668779373169,""token_logprobs"":[-1.434668779373169]},{""candidate"":""B"",""token_ids"":[33],""token_count"":1,""sequence_logprob"":-2.184668779373169,""mean_token_logprob"":-2.184668779373169,""token_logprobs"":[-2.184668779373169]},{""candidate"":""C"",""token_ids"":[34],""token_count"":1,""sequence_logprob"":-4.93466854095459,""mean_token_logprob"":-4.93466854095459,""token_logprobs"":[-4.93466854095459]},{""candidate"":""D"",""token_ids"":[35],""token_count"":1,""sequence_logprob"":-5.93466854095459,""mean_token_logprob"":-5.93466854095459,""token_logprobs"":[-5.93466854095459]}]",E,false
738495,Trill,B,1,6,audio_icl_candidate,candidate,,"[{""candidate"":""E"",""token_ids"":[36],""token_count"":1,""sequence_logprob"":-0.8447036147117615,""mean_token_logprob"":-0.8447036147117615,""token_logprobs"":[-0.8447036147117615]},{""candidate"":""F"",""token_ids"":[37],""token_count"":1,""sequence_logprob"":-2.2822036743164062,""mean_token_logprob"":-2.2822036743164062,""token_logprobs"":[-2.2822036743164062]},{""candidate"":""A"",""token_ids"":[32],""token_count"":1,""sequence_logprob"":-1.4072036743164062,""mean_token_logprob"":-1.4072036743164062,""token_logprobs"":[-1.4072036743164062]},{""candidate"":""B"",""token_ids"":[33],""token_count"":1,""sequence_logprob"":-2.2822036743164062,""mean_token_logprob"":-2.2822036743164062,""token_logprobs"":[-2.2822036743164062]},{""candidate"":""C"",""token_ids"":[34],""token_count"":1,""sequence_logprob"":-5.219703674316406,""mean_token_logprob"":-5.219703674316406,""token_logprobs"":[-5.219703674316406]},{""candidate"":""D"",""token_ids"":[35],""token_count"":1,""sequence_logprob"":-6.282203674316406,""mean_token_logprob"":-6.282203674316406,""token_logprobs"":[-6.282203674316406]}]",E,false
742006,Infant Cry,E,1,6,audio_icl_candidate,candidate,,"[{""candidate"":""E"",""token_ids"":[36],""token_count"":1,""sequence_logprob"":-0.9279458522796631,""mean_token_logprob"":-0.9279458522796631,""token_logprobs"":[-0.9279458522796631]},{""candidate"":""F"",""token_ids"":[37],""token_count"":1,""sequence_logprob"":-2.302945852279663,""mean_token_logprob"":-2.302945852279663,""token_logprobs"":[-2.302945852279663]},{""candidate"":""A"",""token_ids"":[32],""token_count"":1,""sequence_logprob"":-1.365445852279663,""mean_token_logprob"":-1.365445852279663,""token_logprobs"":[-1.365445852279663]},{""candidate"":""B"",""token_ids"":[33],""token_count"":1,""sequence_logprob"":-2.240445852279663,""mean_token_logprob"":-2.240445852279663,""token_logprobs"":[-2.240445852279663]},{""candidate"":""C"",""token_ids"":[34],""token_count"":1,""sequence_logprob"":-5.302946090698242,""mean_token_logprob"":-5.302946090698242,""token_logprobs"":[-5.302946090698242]},{""candidate"":""D"",""token_ids"":[35],""token_count"":1,""sequence_logprob"":-6.240446090698242,""mean_token_logprob"":-6.240446090698242,""token_logprobs"":[-6.240446090698242]}]",E,true
755986,Tsik,C,1,6,audio_icl_candidate,candidate,,"[{""candidate"":""E"",""token_ids"":[36],""token_count"":1,""sequence_logprob"":-1.0027333498001099,""mean_token_logprob"":-1.0027333498001099,""token_logprobs"":[-1.0027333498001099]},{""candidate"":""F"",""token_ids"":[37],""token_count"":1,""sequence_logprob"":-2.1277332305908203,""mean_token_logprob"":-2.1277332305908203,""token_logprobs"":[-2.1277332305908203]},{""candidate"":""A"",""token_ids"":[32],""token_count"":1,""sequence_logprob"":-1.3777333498001099,""mean_token_logprob"":-1.3777333498001099,""token_logprobs"":[-1.3777333498001099]},{""candidate"":""B"",""token_ids"":[33],""token_count"":1,""sequence_logprob"":-2.2527332305908203,""mean_token_logprob"":-2.2527332305908203,""token_logprobs"":[-2.2527332305908203]},{""candidate"":""C"",""token_ids"":[34],""token_count"":1,""sequence_logprob"":-4.56523323059082,""mean_token_logprob"":-4.56523323059082,""token_logprobs"":[-4.56523323059082]},{""candidate"":""D"",""token_ids"":[35],""token_count"":1,""sequence_logprob"":-6.19023323059082,""mean_token_logprob"":-6.19023323059082,""token_logprobs"":[-6.19023323059082]}]",E,false
758751,Phee,F,1,6,audio_icl_candidate,candidate,,"[{""candidate"":""E"",""token_ids"":[36],""token_count"":1,""sequence_logprob"":-0.8914387822151184,""mean_token_logprob"":-0.8914387822151184,""token_logprobs"":[-0.8914387822151184]},{""candidate"":""F"",""token_ids"":[37],""token_count"":1,""sequence_logprob"":-2.5164387226104736,""mean_token_logprob"":-2.5164387226104736,""token_logprobs"":[-2.5164387226104736]},{""candidate"":""A"",""token_ids"":[32],""token_count"":1,""sequence_logprob"":-1.3914387226104736,""mean_token_logprob"":-1.3914387226104736,""token_logprobs"":[-1.3914387226104736]},{""candidate"":""B"",""token_ids"":[33],""token_count"":1,""sequence_logprob"":-2.1414387226104736,""mean_token_logprob"":-2.1414387226104736,""token_logprobs"":[-2.1414387226104736]},{""candidate"":""C"",""token_ids"":[34],""token_count"":1,""sequence_logprob"":-5.203938961029053,""mean_token_logprob"":-5.203938961029053,""token_logprobs"":[-5.203938961029053]},{""candidate"":""D"",""token_ids"":[35],""token_count"":1,""sequence_logprob"":-6.203938961029053,""mean_token_logprob"":-6.203938961029053,""token_logprobs"":[-6.203938961029053]}]",E,false
788000,Phee,F,1,6,audio_icl_candidate,candidate,,"[{""candidate"":""E"",""token_ids"":[36],""token_count"":1,""sequence_logprob"":-0.9983509182929993,""mean_token_logprob"":-0.9983509182929993,""token_logprobs"":[-0.9983509182929993]},{""candidate"":""F"",""token_ids"":[37],""token_count"":1,""sequence_logprob"":-1.9983508586883545,""mean_token_logprob"":-1.9983508586883545,""token_logprobs"":[-1.9983508586883545]},{""candidate"":""A"",""token_ids"":[32],""token_count"":1,""sequence_logprob"":-1.4358508586883545,""mean_token_logprob"":-1.4358508586883545,""token_logprobs"":[-1.4358508586883545]},{""candidate"":""B"",""token_ids"":[33],""token_count"":1,""sequence_logprob"":-1.9983508586883545,""mean_token_logprob"":-1.9983508586883545,""token_logprobs"":[-1.9983508586883545]},{""candidate"":""C"",""token_ids"":[34],""token_count"":1,""sequence_logprob"":-5.060851097106934,""mean_token_logprob"":-5.060851097106934,""token_logprobs"":[-5.060851097106934]},{""candidate"":""D"",""token_ids"":[35],""token_count"":1,""sequence_logprob"":-5.560851097106934,""mean_token_logprob"":-5.560851097106934,""token_logprobs"":[-5.560851097106934]}]",E,false
794666,Phee,F,1,6,audio_icl_candidate,candidate,,"[{""candidate"":""E"",""token_ids"":[36],""token_count"":1,""sequence_logprob"":-0.990336000919342,""mean_token_logprob"":-0.990336000919342,""token_logprobs"":[-0.990336000919342]},{""candidate"":""F"",""token_ids"":[37],""token_count"":1,""sequence_logprob"":-2.3653359413146973,""mean_token_logprob"":-2.3653359413146973,""token_logprobs"":[-2.3653359413146973]},{""candidate"":""A"",""token_ids"":[32],""token_count"":1,""sequence_logprob"":-1.3653359413146973,""mean_token_logprob"":-1.3653359413146973,""token_logprobs"":[-1.3653359413146973]},{""candidate"":""B"",""token_ids"":[33],""token_count"":1,""sequence_logprob"":-1.9903359413146973,""mean_token_logprob"":-1.9903359413146973,""token_logprobs"":[-1.9903359413146973]},{""candidate"":""C"",""token_ids"":[34],""token_count"":1,""sequence_logprob"":-5.052835941314697,""mean_token_logprob"":-5.052835941314697,""token_logprobs"":[-5.052835941314697]},{""candidate"":""D"",""token_ids"":[35],""token_count"":1,""sequence_logprob"":-5.865335941314697,""mean_token_logprob"":-5.865335941314697,""token_logprobs"":[-5.865335941314697]}]",E,false
799377,Tsik,C,1,6,audio_icl_candidate,candidate,,"[{""candidate"":""E"",""token_ids"":[36],""token_count"":1,""sequence_logprob"":-0.9057145118713379,""mean_token_logprob"":-0.9057145118713379,""token_logprobs"":[-0.9057145118713379]},{""candidate"":""F"",""token_ids"":[37],""token_count"":1,""sequence_logprob"":-2.780714511871338,""mean_token_logprob"":-2.780714511871338,""token_logprobs"":[-2.780714511871338]},{""candidate"":""A"",""token_ids"":[32],""token_count"":1,""sequence_logprob"":-1.343214511871338,""mean_token_logprob"":-1.343214511871338,""token_logprobs"":[-1.343214511871338]},{""candidate"":""B"",""token_ids"":[33],""token_count"":1,""sequence_logprob"":-2.093214511871338,""mean_token_logprob"":-2.093214511871338,""token_logprobs"":[-2.093214511871338]},{""candidate"":""C"",""token_ids"":[34],""token_count"":1,""sequence_logprob"":-5.280714511871338,""mean_token_logprob"":-5.280714511871338,""token_logprobs"":[-5.280714511871338]},{""candidate"":""D"",""token_ids"":[35],""token_count"":1,""sequence_logprob"":-5.655714511871338,""mean_token_logprob"":-5.655714511871338,""token_logprobs"":[-5.655714511871338]}]",E,false
859379,Trill,B,1,6,audio_icl_candidate,candidate,,"[{""candidate"":""E"",""token_ids"":[36],""token_count"":1,""sequence_logprob"":-0.9804753065109253,""mean_token_logprob"":-0.9804753065109253,""token_logprobs"":[-0.9804753065109253]},{""candidate"":""F"",""token_ids"":[37],""token_count"":1,""sequence_logprob"":-2.292975425720215,""mean_token_logprob"":-2.292975425720215,""token_logprobs"":[-2.292975425720215]},{""candidate"":""A"",""token_ids"":[32],""token_count"":1,""sequence_logprob"":-1.3554753065109253,""mean_token_logprob"":-1.3554753065109253,""token_logprobs"":[-1.3554753065109253]},{""candidate"":""B"",""token_ids"":[33],""token_count"":1,""sequence_logprob"":-2.105475425720215,""mean_token_logprob"":-2.105475425720215,""token_logprobs"":[-2.105475425720215]},{""candidate"":""C"",""token_ids"":[34],""token_count"":1,""sequence_logprob"":-4.917975425720215,""mean_token_logprob"":-4.917975425720215,""token_logprobs"":[-4.917975425720215]},{""candidate"":""D"",""token_ids"":[35],""token_count"":1,""sequence_logprob"":-5.730475425720215,""mean_token_logprob"":-5.730475425720215,""token_logprobs"":[-5.730475425720215]}]",E,false
860537,Phee,F,1,6,audio_icl_candidate,candidate,,"[{""candidate"":""E"",""token_ids"":[36],""token_count"":1,""sequence_logprob"":-1.0130926370620728,""mean_token_logprob"":-1.0130926370620728,""token_logprobs"":[-1.0130926370620728]},{""candidate"":""F"",""token_ids"":[37],""token_count"":1,""sequence_logprob"":-2.388092517852783,""mean_token_logprob"":-2.388092517852783,""token_logprobs"":[-2.388092517852783]},{""candidate"":""A"",""token_ids"":[32],""token_count"":1,""sequence_logprob"":-1.3880926370620728,""mean_token_logprob"":-1.3880926370620728,""token_logprobs"":[-1.3880926370620728]},{""candidate"":""B"",""token_ids"":[33],""token_count"":1,""sequence_logprob"":-1.9505926370620728,""mean_token_logprob"":-1.9505926370620728,""token_logprobs"":[-1.9505926370620728]},{""candidate"":""C"",""token_ids"":[34],""token_count"":1,""sequence_logprob"":-5.200592517852783,""mean_token_logprob"":-5.200592517852783,""token_logprobs"":[-5.200592517852783]},{""candidate"":""D"",""token_ids"":[35],""token_count"":1,""sequence_logprob"":-5.450592517852783,""mean_token_logprob"":-5.450592517852783,""token_logprobs"":[-5.450592517852783]}]",E,false
861790,Trill,B,1,6,audio_icl_candidate,candidate,,"[{""candidate"":""E"",""token_ids"":[36],""token_count"":1,""sequence_logprob"":-0.9800587296485901,""mean_token_logprob"":-0.9800587296485901,""token_logprobs"":[-0.9800587296485901]},{""candidate"":""F"",""token_ids"":[37],""token_count"":1,""sequence_logprob"":-2.6675586700439453,""mean_token_logprob"":-2.6675586700439453,""token_logprobs"":[-2.6675586700439453]},{""candidate"":""A"",""token_ids"":[32],""token_count"":1,""sequence_logprob"":-1.3550586700439453,""mean_token_logprob"":-1.3550586700439453,""token_logprobs"":[-1.3550586700439453]},{""candidate"":""B"",""token_ids"":[33],""token_count"":1,""sequence_logprob"":-2.0425586700439453,""mean_token_logprob"":-2.0425586700439453,""token_logprobs"":[-2.0425586700439453]},{""candidate"":""C"",""token_ids"":[34],""token_count"":1,""sequence_logprob"":-5.230058670043945,""mean_token_logprob"":-5.230058670043945,""token_logprobs"":[-5.230058670043945]},{""candidate"":""D"",""token_ids"":[35],""token_count"":1,""sequence_logprob"":-5.792558670043945,""mean_token_logprob"":-5.792558670043945,""token_logprobs"":[-5.792558670043945]}]",E,false
