event_id,recording_id,target,prompt_name,prediction_mean,prediction_sum,correct_mean,correct_sum,candidate_scores_json
110359,2022_2_4,Tsik,bare,Tsik,Tsik,true,true,"[{""candidate"":""Infant Cry"",""token_ids"":[19433,517,42705],""token_count"":3,""sequence_logprob"":-10.791929244995117,""mean_token_logprob"":-3.5973097483317056,""token_logprobs"":[-10.791345596313477,-4.172316494077677e-06,-0.0005802616360597312]},{""candidate"":""Phee"",""token_ids"":[47,49053],""token_count"":2,""sequence_logprob"":-3.139545440673828,""mean_token_logprob"":-1.569772720336914,""token_logprobs"":[-3.1395297050476074,-1.585470999998506e-05]},{""candidate"":""Seep"",""token_ids"":[1514,747],""token_count"":2,""sequence_logprob"":-3.28525972366333,""mean_token_logprob"":-1.642629861831665,""token_logprobs"":[-3.2852559089660645,-3.814689989667386e-06]},{""candidate"":""Trill"",""token_ids"":[1282,483],""token_count"":2,""sequence_logprob"":-5.087143898010254,""mean_token_logprob"":-2.543571949005127,""token_logprobs"":[-3.193897247314453,-1.8932468891143799]},{""candidate"":""Tsik"",""token_ids"":[52793,1579],""token_count"":2,""sequence_logprob"":-0.5283769965171814,""mean_token_logprob"":-0.2641884982585907,""token_logprobs"":[-0.5280811786651611,-0.00029583368450403214]},{""candidate"":""Twitter"",""token_ids"":[24862],""token_count"":1,""sequence_logprob"":-1.488806962966919,""mean_token_logprob"":-1.488806962966919,""token_logprobs"":[-1.488806962966919]}]"
110359,2022_2_4,Tsik,definition,Twitter,Twitter,false,false,"[{""candidate"":""Infant Cry"",""token_ids"":[19433,517,42705],""token_count"":3,""sequence_logprob"":-9.040217399597168,""mean_token_logprob"":-3.0134057998657227,""token_logprobs"":[-9.039989471435547,-2.145764938177308e-06,-0.0002256377338198945]},{""candidate"":""Phee"",""token_ids"":[47,49053],""token_count"":2,""sequence_logprob"":-4.342215538024902,""mean_token_logprob"":-2.171107769012451,""token_logprobs"":[-4.342167854309082,-4.7801782784517854e-05]},{""candidate"":""Seep"",""token_ids"":[1514,747],""token_count"":2,""sequence_logprob"":-2.784064531326294,""mean_token_logprob"":-1.392032265663147,""token_logprobs"":[-2.784061908721924,-2.622600959512056e-06]},{""candidate"":""Trill"",""token_ids"":[1282,483],""token_count"":2,""sequence_logprob"":-6.442580223083496,""mean_token_logprob"":-3.221290111541748,""token_logprobs"":[-3.6682798862457275,-2.7743000984191895]},{""candidate"":""Tsik"",""token_ids"":[52793,1579],""token_count"":2,""sequence_logprob"":-3.534837007522583,""mean_token_logprob"":-1.7674185037612915,""token_logprobs"":[-3.5348331928253174,-3.814689989667386e-06]},{""candidate"":""Twitter"",""token_ids"":[24862],""token_count"":1,""sequence_logprob"":-0.1484220325946808,""mean_token_logprob"":-0.1484220325946808,""token_logprobs"":[-0.1484220325946808]}]"
110581,2022_2_4,Tsik,bare,Tsik,Tsik,true,true,"[{""candidate"":""Infant Cry"",""token_ids"":[19433,517,42705],""token_count"":3,""sequence_logprob"":-12.282034873962402,""mean_token_logprob"":-4.094011624654134,""token_logprobs"":[-12.281045913696289,-6.318072337307967e-06,-0.0009825170272961259]},{""candidate"":""Phee"",""token_ids"":[47,49053],""token_count"":2,""sequence_logprob"":-3.009734869003296,""mean_token_logprob"":-1.504867434501648,""token_logprobs"":[-3.0097157955169678,-1.9073304429184645e-05]},{""candidate"":""Seep"",""token_ids"":[1514,747],""token_count"":2,""sequence_logprob"":-4.146844387054443,""mean_token_logprob"":-2.0734221935272217,""token_logprobs"":[-4.1468377113342285,-6.556489552167477e-06]},{""candidate"":""Trill"",""token_ids"":[1282,483],""token_count"":2,""sequence_logprob"":-5.720912933349609,""mean_token_logprob"":-2.8604564666748047,""token_logprobs"":[-4.770699977874756,-0.950212836265564]},{""candidate"":""Tsik"",""token_ids"":[52793,1579],""token_count"":2,""sequence_logprob"":-0.19001176953315735,""mean_token_logprob"":-0.09500588476657867,""token_logprobs"":[-0.18976062536239624,-0.000251142424531281]},{""candidate"":""Twitter"",""token_ids"":[24862],""token_count"":1,""sequence_logprob"":-2.656803607940674,""mean_token_logprob"":-2.656803607940674,""token_logprobs"":[-2.656803607940674]}]"
110581,2022_2_4,Tsik,definition,Twitter,Twitter,false,false,"[{""candidate"":""Infant Cry"",""token_ids"":[19433,517,42705],""token_count"":3,""sequence_logprob"":-10.517640113830566,""mean_token_logprob"":-3.505880037943522,""token_logprobs"":[-10.517350196838379,-1.6689286894688848e-06,-0.000288087350782007]},{""candidate"":""Phee"",""token_ids"":[47,49053],""token_count"":2,""sequence_logprob"":-4.1802077293396,""mean_token_logprob"":-2.0901038646698,""token_logprobs"":[-4.180168628692627,-3.9219088648678735e-05]},{""candidate"":""Seep"",""token_ids"":[1514,747],""token_count"":2,""sequence_logprob"":-2.601628541946411,""mean_token_logprob"":-1.3008142709732056,""token_logprobs"":[-2.6016268730163574,-1.6689286894688848e-06]},{""candidate"":""Trill"",""token_ids"":[1282,483],""token_count"":2,""sequence_logprob"":-6.105010032653809,""mean_token_logprob"":-3.0525050163269043,""token_logprobs"":[-4.107210636138916,-1.9977993965148926]},{""candidate"":""Tsik"",""token_ids"":[52793,1579],""token_count"":2,""sequence_logprob"":-3.5395314693450928,""mean_token_logprob"":-1.7697657346725464,""token_logprobs"":[-3.539524555206299,-7.033323527139146e-06]},{""candidate"":""Twitter"",""token_ids"":[24862],""token_count"":1,""sequence_logprob"":-0.16029782593250275,""mean_token_logprob"":-0.16029782593250275,""token_logprobs"":[-0.16029782593250275]}]"
122742,2022_2_6,Tsik,bare,Phee,Phee,false,false,"[{""candidate"":""Infant Cry"",""token_ids"":[19433,517,42705],""token_count"":3,""sequence_logprob"":-8.450013160705566,""mean_token_logprob"":-2.816671053568522,""token_logprobs"":[-8.449225425720215,-4.172316494077677e-06,-0.0007839705212973058]},{""candidate"":""Phee"",""token_ids"":[47,49053],""token_count"":2,""sequence_logprob"":-1.314333438873291,""mean_token_logprob"":-0.6571667194366455,""token_logprobs"":[-1.3143190145492554,-1.4424220353248529e-05]},{""candidate"":""Seep"",""token_ids"":[1514,747],""token_count"":2,""sequence_logprob"":-1.6675832271575928,""mean_token_logprob"":-0.8337916135787964,""token_logprobs"":[-1.6675820350646973,-1.1920922133867862e-06]},{""candidate"":""Trill"",""token_ids"":[1282,483],""token_count"":2,""sequence_logprob"":-6.57588005065918,""mean_token_logprob"":-3.28794002532959,""token_logprobs"":[-3.103855848312378,-3.4720242023468018]},{""candidate"":""Tsik"",""token_ids"":[52793,1579],""token_count"":2,""sequence_logprob"":-1.4312705993652344,""mean_token_logprob"":-0.7156352996826172,""token_logprobs"":[-1.4311007261276245,-0.00016985881666187197]},{""candidate"":""Twitter"",""token_ids"":[24862],""token_count"":1,""sequence_logprob"":-1.7563101053237915,""mean_token_logprob"":-1.7563101053237915,""token_logprobs"":[-1.7563101053237915]}]"
122742,2022_2_6,Tsik,definition,Twitter,Twitter,false,false,"[{""candidate"":""Infant Cry"",""token_ids"":[19433,517,42705],""token_count"":3,""sequence_logprob"":-6.90961217880249,""mean_token_logprob"":-2.30320405960083,""token_logprobs"":[-6.909418106079102,-1.311301275563892e-06,-0.00019262365822214633]},{""candidate"":""Phee"",""token_ids"":[47,49053],""token_count"":2,""sequence_logprob"":-2.2543277740478516,""mean_token_logprob"":-1.1271638870239258,""token_logprobs"":[-2.254291534423828,-3.6238969187252223e-05]},{""candidate"":""Seep"",""token_ids"":[1514,747],""token_count"":2,""sequence_logprob"":-1.7037498950958252,""mean_token_logprob"":-0.8518749475479126,""token_logprobs"":[-1.703747272491455,-2.622600959512056e-06]},{""candidate"":""Trill"",""token_ids"":[1282,483],""token_count"":2,""sequence_logprob"":-4.470478057861328,""mean_token_logprob"":-2.235239028930664,""token_logprobs"":[-3.5658516883850098,-0.9046266078948975]},{""candidate"":""Tsik"",""token_ids"":[52793,1579],""token_count"":2,""sequence_logprob"":-3.2556135654449463,""mean_token_logprob"":-1.6278067827224731,""token_logprobs"":[-3.2556092739105225,-4.410734163684538e-06]},{""candidate"":""Twitter"",""token_ids"":[24862],""token_count"":1,""sequence_logprob"":-0.4725109040737152,""mean_token_logprob"":-0.4725109040737152,""token_logprobs"":[-0.4725109040737152]}]"
166603,2022_3_1,Twitter,bare,Phee,Phee,false,false,"[{""candidate"":""Infant Cry"",""token_ids"":[19433,517,42705],""token_count"":3,""sequence_logprob"":-7.941455841064453,""mean_token_logprob"":-2.6471519470214844,""token_logprobs"":[-7.940469264984131,-2.7418097943154862e-06,-0.0009839460253715515]},{""candidate"":""Phee"",""token_ids"":[47,49053],""token_count"":2,""sequence_logprob"":-1.178072452545166,""mean_token_logprob"":-0.589036226272583,""token_logprobs"":[-1.1780577898025513,-1.4662635294371285e-05]},{""candidate"":""Seep"",""token_ids"":[1514,747],""token_count"":2,""sequence_logprob"":-1.2566649913787842,""mean_token_logprob"":-0.6283324956893921,""token_logprobs"":[-1.2566640377044678,-9.536738616588991e-07]},{""candidate"":""Trill"",""token_ids"":[1282,483],""token_count"":2,""sequence_logprob"":-4.842555046081543,""mean_token_logprob"":-2.4212775230407715,""token_logprobs"":[-3.512887477874756,-1.329667329788208]},{""candidate"":""Tsik"",""token_ids"":[52793,1579],""token_count"":2,""sequence_logprob"":-1.679868459701538,""mean_token_logprob"":-0.839934229850769,""token_logprobs"":[-1.6795402765274048,-0.0003281293320469558]},{""candidate"":""Twitter"",""token_ids"":[24862],""token_count"":1,""sequence_logprob"":-1.7950648069381714,""mean_token_logprob"":-1.7950648069381714,""token_logprobs"":[-1.7950648069381714]}]"
166603,2022_3_1,Twitter,definition,Twitter,Twitter,true,true,"[{""candidate"":""Infant Cry"",""token_ids"":[19433,517,42705],""token_count"":3,""sequence_logprob"":-7.635369300842285,""mean_token_logprob"":-2.5451231002807617,""token_logprobs"":[-7.635110378265381,-9.536738616588991e-07,-0.0002579356369096786]},{""candidate"":""Phee"",""token_ids"":[47,49053],""token_count"":2,""sequence_logprob"":-2.760014057159424,""mean_token_logprob"":-1.380007028579712,""token_logprobs"":[-2.7599704265594482,-4.3748852476710454e-05]},{""candidate"":""Seep"",""token_ids"":[1514,747],""token_count"":2,""sequence_logprob"":-1.7678673267364502,""mean_token_logprob"":-0.8839336633682251,""token_logprobs"":[-1.767865777015686,-1.5497195136049413e-06]},{""candidate"":""Trill"",""token_ids"":[1282,483],""token_count"":2,""sequence_logprob"":-5.850966930389404,""mean_token_logprob"":-2.925483465194702,""token_logprobs"":[-3.406001091003418,-2.4449658393859863]},{""candidate"":""Tsik"",""token_ids"":[52793,1579],""token_count"":2,""sequence_logprob"":-3.4213106632232666,""mean_token_logprob"":-1.7106553316116333,""token_logprobs"":[-3.4213037490844727,-6.9141146923357155e-06]},{""candidate"":""Twitter"",""token_ids"":[24862],""token_count"":1,""sequence_logprob"":-0.3963221311569214,""mean_token_logprob"":-0.3963221311569214,""token_logprobs"":[-0.3963221311569214]}]"
190781,2022_4_0,Trill,bare,Phee,Phee,false,false,"[{""candidate"":""Infant Cry"",""token_ids"":[19433,517,42705],""token_count"":3,""sequence_logprob"":-7.289593696594238,""mean_token_logprob"":-2.4298645655314126,""token_logprobs"":[-7.288928031921387,-2.622600959512056e-06,-0.0006632988806813955]},{""candidate"":""Phee"",""token_ids"":[47,49053],""token_count"":2,""sequence_logprob"":-0.7275213599205017,""mean_token_logprob"":-0.36376067996025085,""token_logprobs"":[-0.7275120615959167,-9.298280929215252e-06]},{""candidate"":""Seep"",""token_ids"":[1514,747],""token_count"":2,""sequence_logprob"":-1.6041843891143799,""mean_token_logprob"":-0.8020921945571899,""token_logprobs"":[-1.6041834354400635,-9.536738616588991e-07]},{""candidate"":""Trill"",""token_ids"":[1282,483],""token_count"":2,""sequence_logprob"":-6.220979690551758,""mean_token_logprob"":-3.110489845275879,""token_logprobs"":[-3.2045047283172607,-3.016474723815918]},{""candidate"":""Tsik"",""token_ids"":[52793,1579],""token_count"":2,""sequence_logprob"":-2.3303046226501465,""mean_token_logprob"":-1.1651523113250732,""token_logprobs"":[-2.3301916122436523,-0.00011312322021694854]},{""candidate"":""Twitter"",""token_ids"":[24862],""token_count"":1,""sequence_logprob"":-2.0400121212005615,""mean_token_logprob"":-2.0400121212005615,""token_logprobs"":[-2.0400121212005615]}]"
190781,2022_4_0,Trill,definition,Twitter,Twitter,false,false,"[{""candidate"":""Infant Cry"",""token_ids"":[19433,517,42705],""token_count"":3,""sequence_logprob"":-6.208664894104004,""mean_token_logprob"":-2.0695549647013345,""token_logprobs"":[-6.208296775817871,-1.311301275563892e-06,-0.0003666205739136785]},{""candidate"":""Phee"",""token_ids"":[47,49053],""token_count"":2,""sequence_logprob"":-2.050352096557617,""mean_token_logprob"":-1.0251760482788086,""token_logprobs"":[-2.050311803817749,-4.029192859889008e-05]},{""candidate"":""Seep"",""token_ids"":[1514,747],""token_count"":2,""sequence_logprob"":-1.831093430519104,""mean_token_logprob"":-0.915546715259552,""token_logprobs"":[-1.831091046333313,-2.3841830625315197e-06]},{""candidate"":""Trill"",""token_ids"":[1282,483],""token_count"":2,""sequence_logprob"":-4.067981719970703,""mean_token_logprob"":-2.0339908599853516,""token_logprobs"":[-2.9623329639434814,-1.1056488752365112]},{""candidate"":""Tsik"",""token_ids"":[52793,1579],""token_count"":2,""sequence_logprob"":-3.2412140369415283,""mean_token_logprob"":-1.6206070184707642,""token_logprobs"":[-3.2412028312683105,-1.1205610462639015e-05]},{""candidate"":""Twitter"",""token_ids"":[24862],""token_count"":1,""sequence_logprob"":-0.550311803817749,""mean_token_logprob"":-0.550311803817749,""token_logprobs"":[-0.550311803817749]}]"
195490,2022_4_0,Trill,bare,Phee,Phee,false,false,"[{""candidate"":""Infant Cry"",""token_ids"":[19433,517,42705],""token_count"":3,""sequence_logprob"":-8.191603660583496,""mean_token_logprob"":-2.730534553527832,""token_logprobs"":[-8.191092491149902,-3.2186455882765586e-06,-0.0005086558521725237]},{""candidate"":""Phee"",""token_ids"":[47,49053],""token_count"":2,""sequence_logprob"":-0.8788627982139587,""mean_token_logprob"":-0.43943139910697937,""token_logprobs"":[-0.8788490891456604,-1.3708974620385561e-05]},{""candidate"":""Seep"",""token_ids"":[1514,747],""token_count"":2,""sequence_logprob"":-1.8498691320419312,""mean_token_logprob"":-0.9249345660209656,""token_logprobs"":[-1.8498674631118774,-1.6689286894688848e-06]},{""candidate"":""Trill"",""token_ids"":[1282,483],""token_count"":2,""sequence_logprob"":-6.750992774963379,""mean_token_logprob"":-3.3754963874816895,""token_logprobs"":[-3.0766396522521973,-3.6743531227111816]},{""candidate"":""Tsik"",""token_ids"":[52793,1579],""token_count"":2,""sequence_logprob"":-1.7837492227554321,""mean_token_logprob"":-0.8918746113777161,""token_logprobs"":[-1.7835479974746704,-0.0002012050390476361]},{""candidate"":""Twitter"",""token_ids"":[24862],""token_count"":1,""sequence_logprob"":-1.8788490295410156,""mean_token_logprob"":-1.8788490295410156,""token_logprobs"":[-1.8788490295410156]}]"
195490,2022_4_0,Trill,definition,Twitter,Twitter,false,false,"[{""candidate"":""Infant Cry"",""token_ids"":[19433,517,42705],""token_count"":3,""sequence_logprob"":-6.445937633514404,""mean_token_logprob"":-2.1486458778381348,""token_logprobs"":[-6.445673942565918,-1.5497195136049413e-06,-0.000262106885202229]},{""candidate"":""Phee"",""token_ids"":[47,49053],""token_count"":2,""sequence_logprob"":-2.091534376144409,""mean_token_logprob"":-1.0457671880722046,""token_logprobs"":[-2.0914902687072754,-4.4225667807040736e-05]},{""candidate"":""Seep"",""token_ids"":[1514,747],""token_count"":2,""sequence_logprob"":-1.6711795330047607,""mean_token_logprob"":-0.8355897665023804,""token_logprobs"":[-1.6711766719818115,-2.861018856492592e-06]},{""candidate"":""Trill"",""token_ids"":[1282,483],""token_count"":2,""sequence_logprob"":-4.413521766662598,""mean_token_logprob"":-2.206760883331299,""token_logprobs"":[-2.9723403453826904,-1.4411811828613281]},{""candidate"":""Tsik"",""token_ids"":[52793,1579],""token_count"":2,""sequence_logprob"":-2.959977626800537,""mean_token_logprob"":-1.4799888134002686,""token_logprobs"":[-2.9599647521972656,-1.2993727978027891e-05]},{""candidate"":""Twitter"",""token_ids"":[24862],""token_count"":1,""sequence_logprob"":-0.6539901494979858,""mean_token_logprob"":-0.6539901494979858,""token_logprobs"":[-0.6539901494979858]}]"
201275,2022_3_4,Infant Cry,bare,Phee,Phee,false,false,"[{""candidate"":""Infant Cry"",""token_ids"":[19433,517,42705],""token_count"":3,""sequence_logprob"":-8.849882125854492,""mean_token_logprob"":-2.949960708618164,""token_logprobs"":[-8.849188804626465,-1.9073468138230965e-06,-0.0006910558440722525]},{""candidate"":""Phee"",""token_ids"":[47,49053],""token_count"":2,""sequence_logprob"":-1.4129680395126343,""mean_token_logprob"":-0.7064840197563171,""token_logprobs"":[-1.4129564762115479,-1.156323378381785e-05]},{""candidate"":""Seep"",""token_ids"":[1514,747],""token_count"":2,""sequence_logprob"":-1.5219398736953735,""mean_token_logprob"":-0.7609699368476868,""token_logprobs"":[-1.5219389200210571,-9.536738616588991e-07]},{""candidate"":""Trill"",""token_ids"":[1282,483],""token_count"":2,""sequence_logprob"":-6.176608085632324,""mean_token_logprob"":-3.088304042816162,""token_logprobs"":[-3.134782552719116,-3.041825532913208]},{""candidate"":""Tsik"",""token_ids"":[52793,1579],""token_count"":2,""sequence_logprob"":-1.508351445198059,""mean_token_logprob"":-0.7541757225990295,""token_logprobs"":[-1.5081632137298584,-0.00018821375851985067]},{""candidate"":""Twitter"",""token_ids"":[24862],""token_count"":1,""sequence_logprob"":-1.6295732259750366,""mean_token_logprob"":-1.6295732259750366,""token_logprobs"":[-1.6295732259750366]}]"
201275,2022_3_4,Infant Cry,definition,Twitter,Twitter,false,false,"[{""candidate"":""Infant Cry"",""token_ids"":[19433,517,42705],""token_count"":3,""sequence_logprob"":-7.34423828125,""mean_token_logprob"":-2.4480794270833335,""token_logprobs"":[-7.343911170959473,-1.4305104514278355e-06,-0.00032574593205936253]},{""candidate"":""Phee"",""token_ids"":[47,49053],""token_count"":2,""sequence_logprob"":-2.82936954498291,""mean_token_logprob"":-1.414684772491455,""token_logprobs"":[-2.8293209075927734,-4.8636207793606445e-05]},{""candidate"":""Seep"",""token_ids"":[1514,747],""token_count"":2,""sequence_logprob"":-1.576319694519043,""mean_token_logprob"":-0.7881598472595215,""token_logprobs"":[-1.576317310333252,-2.3841830625315197e-06]},{""candidate"":""Trill"",""token_ids"":[1282,483],""token_count"":2,""sequence_logprob"":-5.243700981140137,""mean_token_logprob"":-2.6218504905700684,""token_logprobs"":[-3.3881402015686035,-1.8555606603622437]},{""candidate"":""Tsik"",""token_ids"":[52793,1579],""token_count"":2,""sequence_logprob"":-3.3206374645233154,""mean_token_logprob"":-1.6603187322616577,""token_logprobs"":[-3.320629119873047,-8.34461570775602e-06]},{""candidate"":""Twitter"",""token_ids"":[24862],""token_count"":1,""sequence_logprob"":-0.49143707752227783,""mean_token_logprob"":-0.49143707752227783,""token_logprobs"":[-0.49143707752227783]}]"
202978,2022_3_4,Phee,bare,Phee,Phee,true,true,"[{""candidate"":""Infant Cry"",""token_ids"":[19433,517,42705],""token_count"":3,""sequence_logprob"":-9.146278381347656,""mean_token_logprob"":-3.0487594604492188,""token_logprobs"":[-9.145459175109863,-3.576272320060525e-06,-0.0008156548719853163]},{""candidate"":""Phee"",""token_ids"":[47,49053],""token_count"":2,""sequence_logprob"":-1.0482829809188843,""mean_token_logprob"":-0.5241414904594421,""token_logprobs"":[-1.0482720136642456,-1.0967194612021558e-05]},{""candidate"":""Seep"",""token_ids"":[1514,747],""token_count"":2,""sequence_logprob"":-1.3396666049957275,""mean_token_logprob"":-0.6698333024978638,""token_logprobs"":[-1.3396656513214111,-9.536738616588991e-07]},{""candidate"":""Trill"",""token_ids"":[1282,483],""token_count"":2,""sequence_logprob"":-6.540936470031738,""mean_token_logprob"":-3.270468235015869,""token_logprobs"":[-3.158377170562744,-3.382559061050415]},{""candidate"":""Tsik"",""token_ids"":[52793,1579],""token_count"":2,""sequence_logprob"":-1.8502278327941895,""mean_token_logprob"":-0.9251139163970947,""token_logprobs"":[-1.8501330614089966,-9.476689592702314e-05]},{""candidate"":""Twitter"",""token_ids"":[24862],""token_count"":1,""sequence_logprob"":-1.8607720136642456,""mean_token_logprob"":-1.8607720136642456,""token_logprobs"":[-1.8607720136642456]}]"
202978,2022_3_4,Phee,definition,Twitter,Twitter,false,false,"[{""candidate"":""Infant Cry"",""token_ids"":[19433,517,42705],""token_count"":3,""sequence_logprob"":-7.643312454223633,""mean_token_logprob"":-2.5477708180745444,""token_logprobs"":[-7.643060207366943,-1.1920922133867862e-06,-0.000251142424531281]},{""candidate"":""Phee"",""token_ids"":[47,49053],""token_count"":2,""sequence_logprob"":-2.6182618141174316,""mean_token_logprob"":-1.3091309070587158,""token_logprobs"":[-2.618216037750244,-4.577531944960356e-05]},{""candidate"":""Seep"",""token_ids"":[1514,747],""token_count"":2,""sequence_logprob"":-1.2847801446914673,""mean_token_logprob"":-0.6423900723457336,""token_logprobs"":[-1.2847787141799927,-1.4305104514278355e-06]},{""candidate"":""Trill"",""token_ids"":[1282,483],""token_count"":2,""sequence_logprob"":-5.308215141296387,""mean_token_logprob"":-2.6541075706481934,""token_logprobs"":[-3.4990477561950684,-1.809167504310608]},{""candidate"":""Tsik"",""token_ids"":[52793,1579],""token_count"":2,""sequence_logprob"":-3.31008243560791,""mean_token_logprob"":-1.655041217803955,""token_logprobs"":[-3.3100743293762207,-8.106198947643861e-06]},{""candidate"":""Twitter"",""token_ids"":[24862],""token_count"":1,""sequence_logprob"":-0.5557159781455994,""mean_token_logprob"":-0.5557159781455994,""token_logprobs"":[-0.5557159781455994]}]"
205050,2022_10_0,Twitter,bare,Tsik,Tsik,false,false,"[{""candidate"":""Infant Cry"",""token_ids"":[19433,517,42705],""token_count"":3,""sequence_logprob"":-8.902164459228516,""mean_token_logprob"":-2.967388153076172,""token_logprobs"":[-8.901467323303223,-3.576272320060525e-06,-0.0006932000978849828]},{""candidate"":""Phee"",""token_ids"":[47,49053],""token_count"":2,""sequence_logprob"":-1.326719045639038,""mean_token_logprob"":-0.663359522819519,""token_logprobs"":[-1.3267046213150024,-1.4424220353248529e-05]},{""candidate"":""Seep"",""token_ids"":[1514,747],""token_count"":2,""sequence_logprob"":-1.9779725074768066,""mean_token_logprob"":-0.9889862537384033,""token_logprobs"":[-1.977970838546753,-1.6689286894688848e-06]},{""candidate"":""Trill"",""token_ids"":[1282,483],""token_count"":2,""sequence_logprob"":-6.945978164672852,""mean_token_logprob"":-3.472989082336426,""token_logprobs"":[-3.230522871017456,-3.7154552936553955]},{""candidate"":""Tsik"",""token_ids"":[52793,1579],""token_count"":2,""sequence_logprob"":-1.0089796781539917,""mean_token_logprob"":-0.5044898390769958,""token_logprobs"":[-1.008758544921875,-0.00022110878489911556]},{""candidate"":""Twitter"",""token_ids"":[24862],""token_count"":1,""sequence_logprob"":-1.961308240890503,""mean_token_logprob"":-1.961308240890503,""token_logprobs"":[-1.961308240890503]}]"
205050,2022_10_0,Twitter,definition,Twitter,Twitter,true,true,"[{""candidate"":""Infant Cry"",""token_ids"":[19433,517,42705],""token_count"":3,""sequence_logprob"":-7.220231533050537,""mean_token_logprob"":-2.406743844350179,""token_logprobs"":[-7.2200117111206055,-1.1920922133867862e-06,-0.00021884430316276848]},{""candidate"":""Phee"",""token_ids"":[47,49053],""token_count"":2,""sequence_logprob"":-2.1420414447784424,""mean_token_logprob"":-1.0710207223892212,""token_logprobs"":[-2.141993522644043,-4.792098479811102e-05]},{""candidate"":""Seep"",""token_ids"":[1514,747],""token_count"":2,""sequence_logprob"":-1.3726284503936768,""mean_token_logprob"":-0.6863142251968384,""token_logprobs"":[-1.3726269006729126,-1.5497195136049413e-06]},{""candidate"":""Trill"",""token_ids"":[1282,483],""token_count"":2,""sequence_logprob"":-5.446091651916504,""mean_token_logprob"":-2.723045825958252,""token_logprobs"":[-3.1431896686553955,-2.3029022216796875]},{""candidate"":""Tsik"",""token_ids"":[52793,1579],""token_count"":2,""sequence_logprob"":-2.968555450439453,""mean_token_logprob"":-1.4842777252197266,""token_logprobs"":[-2.968550682067871,-4.768360213347478e-06]},{""candidate"":""Twitter"",""token_ids"":[24862],""token_count"":1,""sequence_logprob"":-0.6273514628410339,""mean_token_logprob"":-0.6273514628410339,""token_logprobs"":[-0.6273514628410339]}]"
209838,2022_12_0,Tsik,bare,Tsik,Tsik,true,true,"[{""candidate"":""Infant Cry"",""token_ids"":[19433,517,42705],""token_count"":3,""sequence_logprob"":-10.860225677490234,""mean_token_logprob"":-3.620075225830078,""token_logprobs"":[-10.859583854675293,-3.4570634852570947e-06,-0.0006384003208950162]},{""candidate"":""Phee"",""token_ids"":[47,49053],""token_count"":2,""sequence_logprob"":-3.051421880722046,""mean_token_logprob"":-1.525710940361023,""token_logprobs"":[-3.0514047145843506,-1.7165990357170813e-05]},{""candidate"":""Seep"",""token_ids"":[1514,747],""token_count"":2,""sequence_logprob"":-3.1807379722595215,""mean_token_logprob"":-1.5903689861297607,""token_logprobs"":[-3.1807363033294678,-1.7881377516459906e-06]},{""candidate"":""Trill"",""token_ids"":[1282,483],""token_count"":2,""sequence_logprob"":-7.273918151855469,""mean_token_logprob"":-3.6369590759277344,""token_logprobs"":[-4.446911334991455,-2.8270065784454346]},{""candidate"":""Tsik"",""token_ids"":[52793,1579],""token_count"":2,""sequence_logprob"":-0.47555312514305115,""mean_token_logprob"":-0.23777656257152557,""token_logprobs"":[-0.47536981105804443,-0.0001833270798670128]},{""candidate"":""Twitter"",""token_ids"":[24862],""token_count"":1,""sequence_logprob"":-1.4818440675735474,""mean_token_logprob"":-1.4818440675735474,""token_logprobs"":[-1.4818440675735474]}]"
209838,2022_12_0,Tsik,definition,Twitter,Twitter,false,false,"[{""candidate"":""Infant Cry"",""token_ids"":[19433,517,42705],""token_count"":3,""sequence_logprob"":-9.670331954956055,""mean_token_logprob"":-3.2234439849853516,""token_logprobs"":[-9.670125961303711,-1.0728830375228426e-06,-0.00020489977032411844]},{""candidate"":""Phee"",""token_ids"":[47,49053],""token_count"":2,""sequence_logprob"":-3.5719356536865234,""mean_token_logprob"":-1.7859678268432617,""token_logprobs"":[-3.5718915462493896,-4.4225667807040736e-05]},{""candidate"":""Seep"",""token_ids"":[1514,747],""token_count"":2,""sequence_logprob"":-2.6200578212738037,""mean_token_logprob"":-1.3100289106369019,""token_logprobs"":[-2.620056390762329,-1.5497195136049413e-06]},{""candidate"":""Trill"",""token_ids"":[1282,483],""token_count"":2,""sequence_logprob"":-5.083470344543457,""mean_token_logprob"":-2.5417351722717285,""token_logprobs"":[-3.6410393714904785,-1.442430853843689]},{""candidate"":""Tsik"",""token_ids"":[52793,1579],""token_count"":2,""sequence_logprob"":-3.644912004470825,""mean_token_logprob"":-1.8224560022354126,""token_logprobs"":[-3.6449053287506104,-6.794906312279636e-06]},{""candidate"":""Twitter"",""token_ids"":[24862],""token_count"":1,""sequence_logprob"":-0.20342060923576355,""mean_token_logprob"":-0.20342060923576355,""token_logprobs"":[-0.20342060923576355]}]"
209851,2022_12_0,Tsik,bare,Tsik,Tsik,true,true,"[{""candidate"":""Infant Cry"",""token_ids"":[19433,517,42705],""token_count"":3,""sequence_logprob"":-8.892125129699707,""mean_token_logprob"":-2.9640417098999023,""token_logprobs"":[-8.891454696655273,-2.622600959512056e-06,-0.0006677066558040679]},{""candidate"":""Phee"",""token_ids"":[47,49053],""token_count"":2,""sequence_logprob"":-2.610218048095703,""mean_token_logprob"":-1.3051090240478516,""token_logprobs"":[-2.6102044582366943,-1.3589766240329482e-05]},{""candidate"":""Seep"",""token_ids"":[1514,747],""token_count"":2,""sequence_logprob"":-2.422705888748169,""mean_token_logprob"":-1.2113529443740845,""token_logprobs"":[-2.4227044582366943,-1.4305104514278355e-06]},{""candidate"":""Trill"",""token_ids"":[1282,483],""token_count"":2,""sequence_logprob"":-6.43820333480835,""mean_token_logprob"":-3.219101667404175,""token_logprobs"":[-3.9852044582366943,-2.4529988765716553]},{""candidate"":""Tsik"",""token_ids"":[52793,1579],""token_count"":2,""sequence_logprob"":-0.42295315861701965,""mean_token_logprob"":-0.21147657930850983,""token_logprobs"":[-0.42270439863204956,-0.00024875884992070496]},{""candidate"":""Twitter"",""token_ids"":[24862],""token_count"":1,""sequence_logprob"":-2.1727044582366943,""mean_token_logprob"":-2.1727044582366943,""token_logprobs"":[-2.1727044582366943]}]"
209851,2022_12_0,Tsik,definition,Twitter,Twitter,false,false,"[{""candidate"":""Infant Cry"",""token_ids"":[19433,517,42705],""token_count"":3,""sequence_logprob"":-6.386676788330078,""mean_token_logprob"":-2.128892262776693,""token_logprobs"":[-6.386419296264648,-1.311301275563892e-06,-0.00025614796322770417]},{""candidate"":""Phee"",""token_ids"":[47,49053],""token_count"":2,""sequence_logprob"":-3.323967218399048,""mean_token_logprob"":-1.661983609199524,""token_logprobs"":[-3.3239192962646484,-4.792098479811102e-05]},{""candidate"":""Seep"",""token_ids"":[1514,747],""token_count"":2,""sequence_logprob"":-1.3864210844039917,""mean_token_logprob"":-0.6932105422019958,""token_logprobs"":[-1.3864192962646484,-1.7881377516459906e-06]},{""candidate"":""Trill"",""token_ids"":[1282,483],""token_count"":2,""sequence_logprob"":-4.003127098083496,""mean_token_logprob"":-2.001563549041748,""token_logprobs"":[-3.5114192962646484,-0.4917076826095581]},{""candidate"":""Tsik"",""token_ids"":[52793,1579],""token_count"":2,""sequence_logprob"":-2.5114264488220215,""mean_token_logprob"":-1.2557132244110107,""token_logprobs"":[-2.5114192962646484,-7.152531907195225e-06]},{""candidate"":""Twitter"",""token_ids"":[24862],""token_count"":1,""sequence_logprob"":-0.5739192962646484,""mean_token_logprob"":-0.5739192962646484,""token_logprobs"":[-0.5739192962646484]}]"
209905,2022_12_0,Tsik,bare,Tsik,Tsik,true,true,"[{""candidate"":""Infant Cry"",""token_ids"":[19433,517,42705],""token_count"":3,""sequence_logprob"":-11.067717552185059,""mean_token_logprob"":-3.689239184061686,""token_logprobs"":[-11.066733360290527,-5.483612312673358e-06,-0.0009784678695723414]},{""candidate"":""Phee"",""token_ids"":[47,49053],""token_count"":2,""sequence_logprob"":-3.487170457839966,""mean_token_logprob"":-1.743585228919983,""token_logprobs"":[-3.487138032913208,-3.242440288886428e-05]},{""candidate"":""Seep"",""token_ids"":[1514,747],""token_count"":2,""sequence_logprob"":-3.104505777359009,""mean_token_logprob"":-1.5522528886795044,""token_logprobs"":[-3.1045026779174805,-3.099436753473128e-06]},{""candidate"":""Trill"",""token_ids"":[1282,483],""token_count"":2,""sequence_logprob"":-4.889656066894531,""mean_token_logprob"":-2.4448280334472656,""token_logprobs"":[-4.35689640045166,-0.5327598452568054]},{""candidate"":""Tsik"",""token_ids"":[52793,1579],""token_count"":2,""sequence_logprob"":-0.16084903478622437,""mean_token_logprob"":-0.08042451739311218,""token_logprobs"":[-0.16048336029052734,-0.00036566724884323776]},{""candidate"":""Twitter"",""token_ids"":[24862],""token_count"":1,""sequence_logprob"":-3.424638032913208,""mean_token_logprob"":-3.424638032913208,""token_logprobs"":[-3.424638032913208]}]"
209905,2022_12_0,Tsik,definition,Twitter,Twitter,false,false,"[{""candidate"":""Infant Cry"",""token_ids"":[19433,517,42705],""token_count"":3,""sequence_logprob"":-7.451858043670654,""mean_token_logprob"":-2.4839526812235513,""token_logprobs"":[-7.451604843139648,-1.0728830375228426e-06,-0.0002520958660170436]},{""candidate"":""Phee"",""token_ids"":[47,49053],""token_count"":2,""sequence_logprob"":-2.4024949073791504,""mean_token_logprob"":-1.2012474536895752,""token_logprobs"":[-2.4024319648742676,-6.294052582234144e-05]},{""candidate"":""Seep"",""token_ids"":[1514,747],""token_count"":2,""sequence_logprob"":-1.454363465309143,""mean_token_logprob"":-0.7271817326545715,""token_logprobs"":[-1.4543616771697998,-1.7881377516459906e-06]},{""candidate"":""Trill"",""token_ids"":[1282,483],""token_count"":2,""sequence_logprob"":-5.68658447265625,""mean_token_logprob"":-2.843292236328125,""token_logprobs"":[-3.5568251609802246,-2.1297593116760254]},{""candidate"":""Tsik"",""token_ids"":[52793,1579],""token_count"":2,""sequence_logprob"":-2.014108180999756,""mean_token_logprob"":-1.007054090499878,""token_logprobs"":[-2.0141048431396484,-3.3378546504536644e-06]},{""candidate"":""Twitter"",""token_ids"":[24862],""token_count"":1,""sequence_logprob"":-0.714931845664978,""mean_token_logprob"":-0.714931845664978,""token_logprobs"":[-0.714931845664978]}]"
211839,2019_12_0,Phee,bare,Phee,Phee,true,true,"[{""candidate"":""Infant Cry"",""token_ids"":[19433,517,42705],""token_count"":3,""sequence_logprob"":-9.54349422454834,""mean_token_logprob"":-3.1811647415161133,""token_logprobs"":[-9.542902946472168,-3.2186455882765586e-06,-0.0005882440018467605]},{""candidate"":""Phee"",""token_ids"":[47,49053],""token_count"":2,""sequence_logprob"":-0.8238800764083862,""mean_token_logprob"":-0.4119400382041931,""token_logprobs"":[-0.8238708972930908,-9.179073458653875e-06]},{""candidate"":""Seep"",""token_ids"":[1514,747],""token_count"":2,""sequence_logprob"":-1.2213044166564941,""mean_token_logprob"":-0.6106522083282471,""token_logprobs"":[-1.221303939819336,-4.768370445162873e-07]},{""candidate"":""Trill"",""token_ids"":[1282,483],""token_count"":2,""sequence_logprob"":-6.104366302490234,""mean_token_logprob"":-3.052183151245117,""token_logprobs"":[-3.633513927459717,-2.4708523750305176]},{""candidate"":""Tsik"",""token_ids"":[52793,1579],""token_count"":2,""sequence_logprob"":-2.5298478603363037,""mean_token_logprob"":-1.2649239301681519,""token_logprobs"":[-2.5297164916992188,-0.00013147920253686607]},{""candidate"":""Twitter"",""token_ids"":[24862],""token_count"":1,""sequence_logprob"":-2.261370897293091,""mean_token_logprob"":-2.261370897293091,""token_logprobs"":[-2.261370897293091]}]"
211839,2019_12_0,Phee,definition,Seep,Seep,false,false,"[{""candidate"":""Infant Cry"",""token_ids"":[19433,517,42705],""token_count"":3,""sequence_logprob"":-6.604156494140625,""mean_token_logprob"":-2.201385498046875,""token_logprobs"":[-6.603930950164795,-1.4305104514278355e-06,-0.00022432672267314047]},{""candidate"":""Phee"",""token_ids"":[47,49053],""token_count"":2,""sequence_logprob"":-1.5963408946990967,""mean_token_logprob"":-0.7981704473495483,""token_logprobs"":[-1.5963095426559448,-3.135155202471651e-05]},{""candidate"":""Seep"",""token_ids"":[1514,747],""token_count"":2,""sequence_logprob"":-0.9397624135017395,""mean_token_logprob"":-0.46988120675086975,""token_logprobs"":[-0.9397609829902649,-1.4305104514278355e-06]},{""candidate"":""Trill"",""token_ids"":[1282,483],""token_count"":2,""sequence_logprob"":-5.154775619506836,""mean_token_logprob"":-2.577387809753418,""token_logprobs"":[-3.1290931701660156,-2.0256824493408203]},{""candidate"":""Tsik"",""token_ids"":[52793,1579],""token_count"":2,""sequence_logprob"":-3.4763827323913574,""mean_token_logprob"":-1.7381913661956787,""token_logprobs"":[-3.4763784408569336,-4.291525328881107e-06]},{""candidate"":""Twitter"",""token_ids"":[24862],""token_count"":1,""sequence_logprob"":-1.1588095426559448,""mean_token_logprob"":-1.1588095426559448,""token_logprobs"":[-1.1588095426559448]}]"
212106,2022_3_4,Seep,bare,Seep,Seep,true,true,"[{""candidate"":""Infant Cry"",""token_ids"":[19433,517,42705],""token_count"":3,""sequence_logprob"":-8.589835166931152,""mean_token_logprob"":-2.863278388977051,""token_logprobs"":[-8.589073181152344,-4.410734163684538e-06,-0.0007568117580376565]},{""candidate"":""Phee"",""token_ids"":[47,49053],""token_count"":2,""sequence_logprob"":-1.057834506034851,""mean_token_logprob"":-0.5289172530174255,""token_logprobs"":[-1.0578229427337646,-1.156323378381785e-05]},{""candidate"":""Seep"",""token_ids"":[1514,747],""token_count"":2,""sequence_logprob"":-1.0578240156173706,""mean_token_logprob"":-0.5289120078086853,""token_logprobs"":[-1.0578229427337646,-1.0728830375228426e-06]},{""candidate"":""Trill"",""token_ids"":[1282,483],""token_count"":2,""sequence_logprob"":-5.034463882446289,""mean_token_logprob"":-2.5172319412231445,""token_logprobs"":[-2.7453229427337646,-2.2891411781311035]},{""candidate"":""Tsik"",""token_ids"":[52793,1579],""token_count"":2,""sequence_logprob"":-2.2456023693084717,""mean_token_logprob"":-1.1228011846542358,""token_logprobs"":[-2.2453229427337646,-0.0002795067266561091]},{""candidate"":""Twitter"",""token_ids"":[24862],""token_count"":1,""sequence_logprob"":-2.3703229427337646,""mean_token_logprob"":-2.3703229427337646,""token_logprobs"":[-2.3703229427337646]}]"
212106,2022_3_4,Seep,definition,Seep,Seep,true,true,"[{""candidate"":""Infant Cry"",""token_ids"":[19433,517,42705],""token_count"":3,""sequence_logprob"":-5.831925868988037,""mean_token_logprob"":-1.943975289662679,""token_logprobs"":[-5.831582069396973,-3.099436753473128e-06,-0.0003411188081372529]},{""candidate"":""Phee"",""token_ids"":[47,49053],""token_count"":2,""sequence_logprob"":-2.0191311836242676,""mean_token_logprob"":-1.0095655918121338,""token_logprobs"":[-2.0190818309783936,-4.9470632802695036e-05]},{""candidate"":""Seep"",""token_ids"":[1514,747],""token_count"":2,""sequence_logprob"":-0.831583559513092,""mean_token_logprob"":-0.415791779756546,""token_logprobs"":[-0.8315818905830383,-1.6689286894688848e-06]},{""candidate"":""Trill"",""token_ids"":[1282,483],""token_count"":2,""sequence_logprob"":-3.3663735389709473,""mean_token_logprob"":-1.6831867694854736,""token_logprobs"":[-2.7065818309783936,-0.6597915887832642]},{""candidate"":""Tsik"",""token_ids"":[52793,1579],""token_count"":2,""sequence_logprob"":-3.519092559814453,""mean_token_logprob"":-1.7595462799072266,""token_logprobs"":[-3.5190818309783936,-1.0847986231965479e-05]},{""candidate"":""Twitter"",""token_ids"":[24862],""token_count"":1,""sequence_logprob"":-1.2690818309783936,""mean_token_logprob"":-1.2690818309783936,""token_logprobs"":[-1.2690818309783936]}]"
212109,2022_3_4,Seep,bare,Phee,Phee,false,false,"[{""candidate"":""Infant Cry"",""token_ids"":[19433,517,42705],""token_count"":3,""sequence_logprob"":-6.919035911560059,""mean_token_logprob"":-2.306345303853353,""token_logprobs"":[-6.918473243713379,-2.145764938177308e-06,-0.0005607224884442985]},{""candidate"":""Phee"",""token_ids"":[47,49053],""token_count"":2,""sequence_logprob"":-1.1059845685958862,""mean_token_logprob"":-0.5529922842979431,""token_logprobs"":[-1.1059731245040894,-1.1444026313256472e-05]},{""candidate"":""Seep"",""token_ids"":[1514,747],""token_count"":2,""sequence_logprob"":-1.2934741973876953,""mean_token_logprob"":-0.6467370986938477,""token_logprobs"":[-1.2934731245040894,-1.0728830375228426e-06]},{""candidate"":""Trill"",""token_ids"":[1282,483],""token_count"":2,""sequence_logprob"":-6.200421333312988,""mean_token_logprob"":-3.100210666656494,""token_logprobs"":[-3.168473243713379,-3.0319478511810303]},{""candidate"":""Tsik"",""token_ids"":[52793,1579],""token_count"":2,""sequence_logprob"":-1.7936080694198608,""mean_token_logprob"":-0.8968040347099304,""token_logprobs"":[-1.7934731245040894,-0.00013493580627255142]},{""candidate"":""Twitter"",""token_ids"":[24862],""token_count"":1,""sequence_logprob"":-1.9184731245040894,""mean_token_logprob"":-1.9184731245040894,""token_logprobs"":[-1.9184731245040894]}]"
212109,2022_3_4,Seep,definition,Twitter,Twitter,false,false,"[{""candidate"":""Infant Cry"",""token_ids"":[19433,517,42705],""token_count"":3,""sequence_logprob"":-6.219849586486816,""mean_token_logprob"":-2.0732831954956055,""token_logprobs"":[-6.219692707061768,-1.0728830375228426e-06,-0.00015579440514557064]},{""candidate"":""Phee"",""token_ids"":[47,49053],""token_count"":2,""sequence_logprob"":-2.7197394371032715,""mean_token_logprob"":-1.3598697185516357,""token_logprobs"":[-2.7196927070617676,-4.684815212385729e-05]},{""candidate"":""Seep"",""token_ids"":[1514,747],""token_count"":2,""sequence_logprob"":-1.532194972038269,""mean_token_logprob"":-0.7660974860191345,""token_logprobs"":[-1.5321927070617676,-2.264974000354414e-06]},{""candidate"":""Trill"",""token_ids"":[1282,483],""token_count"":2,""sequence_logprob"":-4.319090843200684,""mean_token_logprob"":-2.159545421600342,""token_logprobs"":[-3.4696927070617676,-0.8493978977203369]},{""candidate"":""Tsik"",""token_ids"":[52793,1579],""token_count"":2,""sequence_logprob"":-2.84470796585083,""mean_token_logprob"":-1.422353982925415,""token_logprobs"":[-2.8446927070617676,-1.5258672647178173e-05]},{""candidate"":""Twitter"",""token_ids"":[24862],""token_count"":1,""sequence_logprob"":-0.5321927666664124,""mean_token_logprob"":-0.5321927666664124,""token_logprobs"":[-0.5321927666664124]}]"
212113,2022_3_4,Seep,bare,Phee,Phee,false,false,"[{""candidate"":""Infant Cry"",""token_ids"":[19433,517,42705],""token_count"":3,""sequence_logprob"":-8.38099193572998,""mean_token_logprob"":-2.79366397857666,""token_logprobs"":[-8.380378723144531,-2.50339189733495e-06,-0.0006107610533945262]},{""candidate"":""Phee"",""token_ids"":[47,49053],""token_count"":2,""sequence_logprob"":-1.0224634408950806,""mean_token_logprob"":-0.5112317204475403,""token_logprobs"":[-1.022455096244812,-8.34461570775602e-06]},{""candidate"":""Seep"",""token_ids"":[1514,747],""token_count"":2,""sequence_logprob"":-1.1869267225265503,""mean_token_logprob"":-0.5934633612632751,""token_logprobs"":[-1.186926007270813,-7.152555099310121e-07]},{""candidate"":""Trill"",""token_ids"":[1282,483],""token_count"":2,""sequence_logprob"":-6.451024055480957,""mean_token_logprob"":-3.2255120277404785,""token_logprobs"":[-3.111637830734253,-3.339386463165283]},{""candidate"":""Tsik"",""token_ids"":[52793,1579],""token_count"":2,""sequence_logprob"":-2.13136625289917,""mean_token_logprob"":-1.065683126449585,""token_logprobs"":[-2.131293296813965,-7.30726242181845e-05]},{""candidate"":""Twitter"",""token_ids"":[24862],""token_count"":1,""sequence_logprob"":-1.8735394477844238,""mean_token_logprob"":-1.8735394477844238,""token_logprobs"":[-1.8735394477844238]}]"
212113,2022_3_4,Seep,definition,Seep,Twitter,true,false,"[{""candidate"":""Infant Cry"",""token_ids"":[19433,517,42705],""token_count"":3,""sequence_logprob"":-6.408724308013916,""mean_token_logprob"":-2.1362414360046387,""token_logprobs"":[-6.4084792137146,-1.1920922133867862e-06,-0.00024434918304905295]},{""candidate"":""Phee"",""token_ids"":[47,49053],""token_count"":2,""sequence_logprob"":-2.437342643737793,""mean_token_logprob"":-1.2186713218688965,""token_logprobs"":[-2.4372975826263428,-4.51792984677013e-05]},{""candidate"":""Seep"",""token_ids"":[1514,747],""token_count"":2,""sequence_logprob"":-1.0597926378250122,""mean_token_logprob"":-0.5298963189125061,""token_logprobs"":[-1.0597912073135376,-1.4305104514278355e-06]},{""candidate"":""Trill"",""token_ids"":[1282,483],""token_count"":2,""sequence_logprob"":-5.677199363708496,""mean_token_logprob"":-2.838599681854248,""token_logprobs"":[-3.2068047523498535,-2.4703948497772217]},{""candidate"":""Tsik"",""token_ids"":[52793,1579],""token_count"":2,""sequence_logprob"":-3.307899236679077,""mean_token_logprob"":-1.6539496183395386,""token_logprobs"":[-3.307893753051758,-5.483612312673358e-06]},{""candidate"":""Twitter"",""token_ids"":[24862],""token_count"":1,""sequence_logprob"":-0.7394989728927612,""mean_token_logprob"":-0.7394989728927612,""token_logprobs"":[-0.7394989728927612]}]"
212120,2022_3_4,Seep,bare,Tsik,Tsik,false,false,"[{""candidate"":""Infant Cry"",""token_ids"":[19433,517,42705],""token_count"":3,""sequence_logprob"":-7.220049858093262,""mean_token_logprob"":-2.4066832860310874,""token_logprobs"":[-7.2197980880737305,-1.5497195136049413e-06,-0.00025018901214934886]},{""candidate"":""Phee"",""token_ids"":[47,49053],""token_count"":2,""sequence_logprob"":-1.8899329900741577,""mean_token_logprob"":-0.9449664950370789,""token_logprobs"":[-1.8899223804473877,-1.0609570381348021e-05]},{""candidate"":""Seep"",""token_ids"":[1514,747],""token_count"":2,""sequence_logprob"":-1.764923095703125,""mean_token_logprob"":-0.8824615478515625,""token_logprobs"":[-1.7649223804473877,-7.152555099310121e-07]},{""candidate"":""Trill"",""token_ids"":[1282,483],""token_count"":2,""sequence_logprob"":-5.686445713043213,""mean_token_logprob"":-2.8432228565216064,""token_logprobs"":[-3.096050977706909,-2.5903947353363037]},{""candidate"":""Tsik"",""token_ids"":[52793,1579],""token_count"":2,""sequence_logprob"":-0.9073813557624817,""mean_token_logprob"":-0.45369067788124084,""token_logprobs"":[-0.9072979092597961,-8.34430247778073e-05]},{""candidate"":""Twitter"",""token_ids"":[24862],""token_count"":1,""sequence_logprob"":-1.7649223804473877,""mean_token_logprob"":-1.7649223804473877,""token_logprobs"":[-1.7649223804473877]}]"
212120,2022_3_4,Seep,definition,Twitter,Twitter,false,false,"[{""candidate"":""Infant Cry"",""token_ids"":[19433,517,42705],""token_count"":3,""sequence_logprob"":-6.996971130371094,""mean_token_logprob"":-2.3323237101236978,""token_logprobs"":[-6.996811866760254,-8.344646857949556e-07,-0.00015829740732442588]},{""candidate"":""Phee"",""token_ids"":[47,49053],""token_count"":2,""sequence_logprob"":-3.305050849914551,""mean_token_logprob"":-1.6525254249572754,""token_logprobs"":[-3.3049731254577637,-7.784063927829266e-05]},{""candidate"":""Seep"",""token_ids"":[1514,747],""token_count"":2,""sequence_logprob"":-1.4924743175506592,""mean_token_logprob"":-0.7462371587753296,""token_logprobs"":[-1.4924731254577637,-1.1920922133867862e-06]},{""candidate"":""Trill"",""token_ids"":[1282,483],""token_count"":2,""sequence_logprob"":-7.10886287689209,""mean_token_logprob"":-3.554431438446045,""token_logprobs"":[-3.6774184703826904,-3.4314441680908203]},{""candidate"":""Tsik"",""token_ids"":[52793,1579],""token_count"":2,""sequence_logprob"":-2.8093152046203613,""mean_token_logprob"":-1.4046576023101807,""token_logprobs"":[-2.809311628341675,-3.576272320060525e-06]},{""candidate"":""Twitter"",""token_ids"":[24862],""token_count"":1,""sequence_logprob"":-0.49247318506240845,""mean_token_logprob"":-0.49247318506240845,""token_logprobs"":[-0.49247318506240845]}]"
212126,2022_3_4,Seep,bare,Tsik,Tsik,false,false,"[{""candidate"":""Infant Cry"",""token_ids"":[19433,517,42705],""token_count"":3,""sequence_logprob"":-8.940476417541504,""mean_token_logprob"":-2.980158805847168,""token_logprobs"":[-8.939722061157227,-2.50339189733495e-06,-0.0007510940195061266]},{""candidate"":""Phee"",""token_ids"":[47,49053],""token_count"":2,""sequence_logprob"":-1.635056972503662,""mean_token_logprob"":-0.817528486251831,""token_logprobs"":[-1.6350407600402832,-1.6212332411669195e-05]},{""candidate"":""Seep"",""token_ids"":[1514,747],""token_count"":2,""sequence_logprob"":-1.2938209772109985,""mean_token_logprob"":-0.6469104886054993,""token_logprobs"":[-1.2938201427459717,-8.344646857949556e-07]},{""candidate"":""Trill"",""token_ids"":[1282,483],""token_count"":2,""sequence_logprob"":-6.628656387329102,""mean_token_logprob"":-3.314328193664551,""token_logprobs"":[-3.1744089126586914,-3.454247236251831]},{""candidate"":""Tsik"",""token_ids"":[52793,1579],""token_count"":2,""sequence_logprob"":-1.1764094829559326,""mean_token_logprob"":-0.5882047414779663,""token_logprobs"":[-1.176310658454895,-9.881961887003854e-05]},{""candidate"":""Twitter"",""token_ids"":[24862],""token_count"":1,""sequence_logprob"":-1.8143229484558105,""mean_token_logprob"":-1.8143229484558105,""token_logprobs"":[-1.8143229484558105]}]"
212126,2022_3_4,Seep,definition,Twitter,Twitter,false,false,"[{""candidate"":""Infant Cry"",""token_ids"":[19433,517,42705],""token_count"":3,""sequence_logprob"":-7.263367176055908,""mean_token_logprob"":-2.421122392018636,""token_logprobs"":[-7.263111591339111,-1.1920922133867862e-06,-0.0002548369811847806]},{""candidate"":""Phee"",""token_ids"":[47,49053],""token_count"":2,""sequence_logprob"":-2.768785238265991,""mean_token_logprob"":-1.3843926191329956,""token_logprobs"":[-2.7687416076660156,-4.3748852476710454e-05]},{""candidate"":""Seep"",""token_ids"":[1514,747],""token_count"":2,""sequence_logprob"":-1.445534348487854,""mean_token_logprob"":-0.722767174243927,""token_logprobs"":[-1.4455320835113525,-2.264974000354414e-06]},{""candidate"":""Trill"",""token_ids"":[1282,483],""token_count"":2,""sequence_logprob"":-5.85731840133667,""mean_token_logprob"":-2.928659200668335,""token_logprobs"":[-3.515101671218872,-2.342216730117798]},{""candidate"":""Tsik"",""token_ids"":[52793,1579],""token_count"":2,""sequence_logprob"":-3.1960489749908447,""mean_token_logprob"":-1.5980244874954224,""token_logprobs"":[-3.1960408687591553,-8.106198947643861e-06]},{""candidate"":""Twitter"",""token_ids"":[24862],""token_count"":1,""sequence_logprob"":-0.5238783359527588,""mean_token_logprob"":-0.5238783359527588,""token_logprobs"":[-0.5238783359527588]}]"
213327,2019_12_0,Infant Cry,bare,Seep,Seep,false,false,"[{""candidate"":""Infant Cry"",""token_ids"":[19433,517,42705],""token_count"":3,""sequence_logprob"":-9.081340789794922,""mean_token_logprob"":-3.027113596598307,""token_logprobs"":[-9.080687522888184,-2.3841830625315197e-06,-0.0006516240537166595]},{""candidate"":""Phee"",""token_ids"":[47,49053],""token_count"":2,""sequence_logprob"":-1.7982486486434937,""mean_token_logprob"":-0.8991243243217468,""token_logprobs"":[-1.7982367277145386,-1.1920858014491387e-05]},{""candidate"":""Seep"",""token_ids"":[1514,747],""token_count"":2,""sequence_logprob"":-0.7974514365196228,""mean_token_logprob"":-0.3987257182598114,""token_logprobs"":[-0.797450602054596,-8.344646857949556e-07]},{""candidate"":""Trill"",""token_ids"":[1282,483],""token_count"":2,""sequence_logprob"":-7.061337471008301,""mean_token_logprob"":-3.5306687355041504,""token_logprobs"":[-3.7369377613067627,-3.324399948120117]},{""candidate"":""Tsik"",""token_ids"":[52793,1579],""token_count"":2,""sequence_logprob"":-1.5170716047286987,""mean_token_logprob"":-0.7585358023643494,""token_logprobs"":[-1.5169613361358643,-0.0001102625101339072]},{""candidate"":""Twitter"",""token_ids"":[24862],""token_count"":1,""sequence_logprob"":-2.4244377613067627,""mean_token_logprob"":-2.4244377613067627,""token_logprobs"":[-2.4244377613067627]}]"
213327,2019_12_0,Infant Cry,definition,Seep,Twitter,false,false,"[{""candidate"":""Infant Cry"",""token_ids"":[19433,517,42705],""token_count"":3,""sequence_logprob"":-7.46532678604126,""mean_token_logprob"":-2.4884422620137534,""token_logprobs"":[-7.465035438537598,-1.5497195136049413e-06,-0.00028975578607060015]},{""candidate"":""Phee"",""token_ids"":[47,49053],""token_count"":2,""sequence_logprob"":-3.1617445945739746,""mean_token_logprob"":-1.5808722972869873,""token_logprobs"":[-3.1616930961608887,-5.1616290875244886e-05]},{""candidate"":""Seep"",""token_ids"":[1514,747],""token_count"":2,""sequence_logprob"":-0.9189065098762512,""mean_token_logprob"":-0.4594532549381256,""token_logprobs"":[-0.9189044833183289,-2.0265558760002023e-06]},{""candidate"":""Trill"",""token_ids"":[1282,483],""token_count"":2,""sequence_logprob"":-5.785536766052246,""mean_token_logprob"":-2.892768383026123,""token_logprobs"":[-3.8400356769561768,-1.9455013275146484]},{""candidate"":""Tsik"",""token_ids"":[52793,1579],""token_count"":2,""sequence_logprob"":-3.0648677349090576,""mean_token_logprob"":-1.5324338674545288,""token_logprobs"":[-3.0648627281188965,-5.006777428206988e-06]},{""candidate"":""Twitter"",""token_ids"":[24862],""token_count"":1,""sequence_logprob"":-0.8400356769561768,""mean_token_logprob"":-0.8400356769561768,""token_logprobs"":[-0.8400356769561768]}]"
223077,2019_12_0,Infant Cry,bare,Phee,Phee,false,false,"[{""candidate"":""Infant Cry"",""token_ids"":[19433,517,42705],""token_count"":3,""sequence_logprob"":-6.997827529907227,""mean_token_logprob"":-2.332609176635742,""token_logprobs"":[-6.99732780456543,-2.7418097943154862e-06,-0.0004967409186065197]},{""candidate"":""Phee"",""token_ids"":[47,49053],""token_count"":2,""sequence_logprob"":-1.0891491174697876,""mean_token_logprob"":-0.5445745587348938,""token_logprobs"":[-1.0891375541687012,-1.156323378381785e-05]},{""candidate"":""Seep"",""token_ids"":[1514,747],""token_count"":2,""sequence_logprob"":-1.7683216333389282,""mean_token_logprob"":-0.8841608166694641,""token_logprobs"":[-1.7683206796646118,-9.536738616588991e-07]},{""candidate"":""Trill"",""token_ids"":[1282,483],""token_count"":2,""sequence_logprob"":-6.531572341918945,""mean_token_logprob"":-3.2657861709594727,""token_logprobs"":[-3.4157769680023193,-3.115795612335205]},{""candidate"":""Tsik"",""token_ids"":[52793,1579],""token_count"":2,""sequence_logprob"":-1.3921722173690796,""mean_token_logprob"":-0.6960861086845398,""token_logprobs"":[-1.392073154449463,-9.905801562126726e-05]},{""candidate"":""Twitter"",""token_ids"":[24862],""token_count"":1,""sequence_logprob"":-1.6191630363464355,""mean_token_logprob"":-1.6191630363464355,""token_logprobs"":[-1.6191630363464355]}]"
223077,2019_12_0,Infant Cry,definition,Twitter,Twitter,false,false,"[{""candidate"":""Infant Cry"",""token_ids"":[19433,517,42705],""token_count"":3,""sequence_logprob"":-5.573248386383057,""mean_token_logprob"":-1.8577494621276855,""token_logprobs"":[-5.572971820831299,-1.0728830375228426e-06,-0.00027569307712838054]},{""candidate"":""Phee"",""token_ids"":[47,49053],""token_count"":2,""sequence_logprob"":-2.7716622352600098,""mean_token_logprob"":-1.3858311176300049,""token_logprobs"":[-2.7716097831726074,-5.245071224635467e-05]},{""candidate"":""Seep"",""token_ids"":[1514,747],""token_count"":2,""sequence_logprob"":-1.5705389976501465,""mean_token_logprob"":-0.7852694988250732,""token_logprobs"":[-1.5705370903015137,-1.9073468138230965e-06]},{""candidate"":""Trill"",""token_ids"":[1282,483],""token_count"":2,""sequence_logprob"":-5.292850494384766,""mean_token_logprob"":-2.646425247192383,""token_logprobs"":[-3.493795394897461,-1.7990549802780151]},{""candidate"":""Tsik"",""token_ids"":[52793,1579],""token_count"":2,""sequence_logprob"":-3.149064064025879,""mean_token_logprob"":-1.5745320320129395,""token_logprobs"":[-3.1490578651428223,-6.318072337307967e-06]},{""candidate"":""Twitter"",""token_ids"":[24862],""token_count"":1,""sequence_logprob"":-0.5254812836647034,""mean_token_logprob"":-0.5254812836647034,""token_logprobs"":[-0.5254812836647034]}]"
223247,2019_12_0,Infant Cry,bare,Phee,Phee,false,false,"[{""candidate"":""Infant Cry"",""token_ids"":[19433,517,42705],""token_count"":3,""sequence_logprob"":-9.167469024658203,""mean_token_logprob"":-3.055823008219401,""token_logprobs"":[-9.16674518585205,-6.556489552167477e-06,-0.0007173825288191438]},{""candidate"":""Phee"",""token_ids"":[47,49053],""token_count"":2,""sequence_logprob"":-1.1881049871444702,""mean_token_logprob"":-0.5940524935722351,""token_logprobs"":[-1.1880931854248047,-1.1801649634435307e-05]},{""candidate"":""Seep"",""token_ids"":[1514,747],""token_count"":2,""sequence_logprob"":-1.3429124355316162,""mean_token_logprob"":-0.6714562177658081,""token_logprobs"":[-1.3429113626480103,-1.0728830375228426e-06]},{""candidate"":""Trill"",""token_ids"":[1282,483],""token_count"":2,""sequence_logprob"":-5.884364128112793,""mean_token_logprob"":-2.9421820640563965,""token_logprobs"":[-3.5303897857666016,-2.3539743423461914]},{""candidate"":""Tsik"",""token_ids"":[52793,1579],""token_count"":2,""sequence_logprob"":-1.2892054319381714,""mean_token_logprob"":-0.6446027159690857,""token_logprobs"":[-1.2890968322753906,-0.00010859376925509423]},{""candidate"":""Twitter"",""token_ids"":[24862],""token_count"":1,""sequence_logprob"":-2.3250224590301514,""mean_token_logprob"":-2.3250224590301514,""token_logprobs"":[-2.3250224590301514]}]"
223247,2019_12_0,Infant Cry,definition,Seep,Twitter,false,false,"[{""candidate"":""Infant Cry"",""token_ids"":[19433,517,42705],""token_count"":3,""sequence_logprob"":-7.148430824279785,""mean_token_logprob"":-2.3828102747599282,""token_logprobs"":[-7.147970199584961,-2.264974000354414e-06,-0.0004580163804348558]},{""candidate"":""Phee"",""token_ids"":[47,49053],""token_count"":2,""sequence_logprob"":-2.4148590564727783,""mean_token_logprob"":-1.2074295282363892,""token_logprobs"":[-2.4148058891296387,-5.3165931603871286e-05]},{""candidate"":""Seep"",""token_ids"":[1514,747],""token_count"":2,""sequence_logprob"":-1.0463342666625977,""mean_token_logprob"":-0.5231671333312988,""token_logprobs"":[-1.0463324785232544,-1.7881377516459906e-06]},{""candidate"":""Trill"",""token_ids"":[1282,483],""token_count"":2,""sequence_logprob"":-5.291512489318848,""mean_token_logprob"":-2.645756244659424,""token_logprobs"":[-3.362715244293213,-1.9287971258163452]},{""candidate"":""Tsik"",""token_ids"":[52793,1579],""token_count"":2,""sequence_logprob"":-2.8734097480773926,""mean_token_logprob"":-1.4367048740386963,""token_logprobs"":[-2.8733980655670166,-1.168244216387393e-05]},{""candidate"":""Twitter"",""token_ids"":[24862],""token_count"":1,""sequence_logprob"":-0.7075424790382385,""mean_token_logprob"":-0.7075424790382385,""token_logprobs"":[-0.7075424790382385]}]"
223262,2019_12_0,Infant Cry,bare,Seep,Seep,false,false,"[{""candidate"":""Infant Cry"",""token_ids"":[19433,517,42705],""token_count"":3,""sequence_logprob"":-9.264925956726074,""mean_token_logprob"":-3.088308652242025,""token_logprobs"":[-9.264225959777832,-2.7418097943154862e-06,-0.0006972504197619855]},{""candidate"":""Phee"",""token_ids"":[47,49053],""token_count"":2,""sequence_logprob"":-1.1337188482284546,""mean_token_logprob"":-0.5668594241142273,""token_logprobs"":[-1.1337085962295532,-1.0251946150674485e-05]},{""candidate"":""Seep"",""token_ids"":[1514,747],""token_count"":2,""sequence_logprob"":-1.033339262008667,""mean_token_logprob"":-0.5166696310043335,""token_logprobs"":[-1.0333387851715088,-4.768370445162873e-07]},{""candidate"":""Trill"",""token_ids"":[1282,483],""token_count"":2,""sequence_logprob"":-6.221597194671631,""mean_token_logprob"":-3.1107985973358154,""token_logprobs"":[-3.4112138748168945,-2.8103833198547363]},{""candidate"":""Tsik"",""token_ids"":[52793,1579],""token_count"":2,""sequence_logprob"":-2.025053024291992,""mean_token_logprob"":-1.012526512145996,""token_logprobs"":[-2.0248396396636963,-0.0002134810492862016]},{""candidate"":""Twitter"",""token_ids"":[24862],""token_count"":1,""sequence_logprob"":-2.1840829849243164,""mean_token_logprob"":-2.1840829849243164,""token_logprobs"":[-2.1840829849243164]}]"
223262,2019_12_0,Infant Cry,definition,Seep,Twitter,false,false,"[{""candidate"":""Infant Cry"",""token_ids"":[19433,517,42705],""token_count"":3,""sequence_logprob"":-6.684206008911133,""mean_token_logprob"":-2.2280686696370444,""token_logprobs"":[-6.683958053588867,-1.4305104514278355e-06,-0.00024637524620629847]},{""candidate"":""Phee"",""token_ids"":[47,49053],""token_count"":2,""sequence_logprob"":-2.5734331607818604,""mean_token_logprob"":-1.2867165803909302,""token_logprobs"":[-2.5733842849731445,-4.8993817472364753e-05]},{""candidate"":""Seep"",""token_ids"":[1514,747],""token_count"":2,""sequence_logprob"":-0.9618697166442871,""mean_token_logprob"":-0.48093485832214355,""token_logprobs"":[-0.9618673324584961,-2.3841830625315197e-06]},{""candidate"":""Trill"",""token_ids"":[1282,483],""token_count"":2,""sequence_logprob"":-5.591442108154297,""mean_token_logprob"":-2.7957210540771484,""token_logprobs"":[-3.1942155361175537,-2.397226333618164]},{""candidate"":""Tsik"",""token_ids"":[52793,1579],""token_count"":2,""sequence_logprob"":-3.226811647415161,""mean_token_logprob"":-1.6134058237075806,""token_logprobs"":[-3.2268028259277344,-8.940656698541716e-06]},{""candidate"":""Twitter"",""token_ids"":[24862],""token_count"":1,""sequence_logprob"":-0.8767866492271423,""mean_token_logprob"":-0.8767866492271423,""token_logprobs"":[-0.8767866492271423]}]"
223263,2019_12_0,Trill,bare,Phee,Phee,false,false,"[{""candidate"":""Infant Cry"",""token_ids"":[19433,517,42705],""token_count"":3,""sequence_logprob"":-8.496687889099121,""mean_token_logprob"":-2.8322292963663735,""token_logprobs"":[-8.495843887329102,-2.9802276912960224e-06,-0.000841025379486382]},{""candidate"":""Phee"",""token_ids"":[47,49053],""token_count"":2,""sequence_logprob"":-0.924808919429779,""mean_token_logprob"":-0.4624044597148895,""token_logprobs"":[-0.9247996211051941,-9.298280929215252e-06]},{""candidate"":""Seep"",""token_ids"":[1514,747],""token_count"":2,""sequence_logprob"":-1.4419043064117432,""mean_token_logprob"":-0.7209521532058716,""token_logprobs"":[-1.4419033527374268,-9.536738616588991e-07]},{""candidate"":""Trill"",""token_ids"":[1282,483],""token_count"":2,""sequence_logprob"":-5.8030853271484375,""mean_token_logprob"":-2.9015426635742188,""token_logprobs"":[-3.32795786857605,-2.4751274585723877]},{""candidate"":""Tsik"",""token_ids"":[52793,1579],""token_count"":2,""sequence_logprob"":-1.912270188331604,""mean_token_logprob"":-0.956135094165802,""token_logprobs"":[-1.9121612310409546,-0.00010895135346800089]},{""candidate"":""Twitter"",""token_ids"":[24862],""token_count"":1,""sequence_logprob"":-1.9872996807098389,""mean_token_logprob"":-1.9872996807098389,""token_logprobs"":[-1.9872996807098389]}]"
223263,2019_12_0,Trill,definition,Seep,Twitter,false,false,"[{""candidate"":""Infant Cry"",""token_ids"":[19433,517,42705],""token_count"":3,""sequence_logprob"":-6.344101905822754,""mean_token_logprob"":-2.1147006352742515,""token_logprobs"":[-6.343814849853516,-1.0728830375228426e-06,-0.00028618055512197316]},{""candidate"":""Phee"",""token_ids"":[47,49053],""token_count"":2,""sequence_logprob"":-2.4205214977264404,""mean_token_logprob"":-1.2102607488632202,""token_logprobs"":[-2.4204795360565186,-4.207999518257566e-05]},{""candidate"":""Seep"",""token_ids"":[1514,747],""token_count"":2,""sequence_logprob"":-1.3043822050094604,""mean_token_logprob"":-0.6521911025047302,""token_logprobs"":[-1.3043798208236694,-2.3841830625315197e-06]},{""candidate"":""Trill"",""token_ids"":[1282,483],""token_count"":2,""sequence_logprob"":-4.210742950439453,""mean_token_logprob"":-2.1053714752197266,""token_logprobs"":[-3.1809654235839844,-1.0297776460647583]},{""candidate"":""Tsik"",""token_ids"":[52793,1579],""token_count"":2,""sequence_logprob"":-2.9945662021636963,""mean_token_logprob"":-1.4972831010818481,""token_logprobs"":[-2.9945521354675293,-1.4185804502631072e-05]},{""candidate"":""Twitter"",""token_ids"":[24862],""token_count"":1,""sequence_logprob"":-0.6704794764518738,""mean_token_logprob"":-0.6704794764518738,""token_logprobs"":[-0.6704794764518738]}]"
223298,2019_12_0,Seep,bare,Phee,Phee,false,false,"[{""candidate"":""Infant Cry"",""token_ids"":[19433,517,42705],""token_count"":3,""sequence_logprob"":-7.774978160858154,""mean_token_logprob"":-2.5916593869527182,""token_logprobs"":[-7.774488925933838,-1.9073468138230965e-06,-0.00048708971007727087]},{""candidate"":""Phee"",""token_ids"":[47,49053],""token_count"":2,""sequence_logprob"":-0.8995006084442139,""mean_token_logprob"":-0.44975030422210693,""token_logprobs"":[-0.8994889259338379,-1.168244216387393e-05]},{""candidate"":""Seep"",""token_ids"":[1514,747],""token_count"":2,""sequence_logprob"":-1.2744899988174438,""mean_token_logprob"":-0.6372449994087219,""token_logprobs"":[-1.274488925933838,-1.0728830375228426e-06]},{""candidate"":""Trill"",""token_ids"":[1282,483],""token_count"":2,""sequence_logprob"":-6.468937873840332,""mean_token_logprob"":-3.234468936920166,""token_logprobs"":[-3.155102014541626,-3.313835859298706]},{""candidate"":""Tsik"",""token_ids"":[52793,1579],""token_count"":2,""sequence_logprob"":-2.274616241455078,""mean_token_logprob"":-1.137308120727539,""token_logprobs"":[-2.274488925933838,-0.00012742661056108773]},{""candidate"":""Twitter"",""token_ids"":[24862],""token_count"":1,""sequence_logprob"":-1.961988925933838,""mean_token_logprob"":-1.961988925933838,""token_logprobs"":[-1.961988925933838]}]"
223298,2019_12_0,Seep,definition,Twitter,Twitter,false,false,"[{""candidate"":""Infant Cry"",""token_ids"":[19433,517,42705],""token_count"":3,""sequence_logprob"":-6.274362564086914,""mean_token_logprob"":-2.091454188028971,""token_logprobs"":[-6.2740678787231445,-1.1920922133867862e-06,-0.00029380773776210845]},{""candidate"":""Phee"",""token_ids"":[47,49053],""token_count"":2,""sequence_logprob"":-2.3991146087646484,""mean_token_logprob"":-1.1995573043823242,""token_logprobs"":[-2.3990678787231445,-4.672895011026412e-05]},{""candidate"":""Seep"",""token_ids"":[1514,747],""token_count"":2,""sequence_logprob"":-1.461569905281067,""mean_token_logprob"":-0.7307849526405334,""token_logprobs"":[-1.4615678787231445,-2.0265558760002023e-06]},{""candidate"":""Trill"",""token_ids"":[1282,483],""token_count"":2,""sequence_logprob"":-5.641613483428955,""mean_token_logprob"":-2.8208067417144775,""token_logprobs"":[-3.053114652633667,-2.588498830795288]},{""candidate"":""Tsik"",""token_ids"":[52793,1579],""token_count"":2,""sequence_logprob"":-3.336580514907837,""mean_token_logprob"":-1.6682902574539185,""token_logprobs"":[-3.3365678787231445,-1.2636104656849056e-05]},{""candidate"":""Twitter"",""token_ids"":[24862],""token_count"":1,""sequence_logprob"":-0.5865678191184998,""mean_token_logprob"":-0.5865678191184998,""token_logprobs"":[-0.5865678191184998]}]"
223396,2019_12_0,Infant Cry,bare,Seep,Seep,false,false,"[{""candidate"":""Infant Cry"",""token_ids"":[19433,517,42705],""token_count"":3,""sequence_logprob"":-9.377049446105957,""mean_token_logprob"":-3.125683148701986,""token_logprobs"":[-9.376200675964355,-4.172316494077677e-06,-0.0008445986895821989]},{""candidate"":""Phee"",""token_ids"":[47,49053],""token_count"":2,""sequence_logprob"":-1.633976936340332,""mean_token_logprob"":-0.816988468170166,""token_logprobs"":[-1.633960247039795,-1.6689160474925302e-05]},{""candidate"":""Seep"",""token_ids"":[1514,747],""token_count"":2,""sequence_logprob"":-0.6342810988426208,""mean_token_logprob"":-0.3171405494213104,""token_logprobs"":[-0.634280264377594,-8.344646857949556e-07]},{""candidate"":""Trill"",""token_ids"":[1282,483],""token_count"":2,""sequence_logprob"":-6.053487777709961,""mean_token_logprob"":-3.0267438888549805,""token_logprobs"":[-3.4166393280029297,-2.6368484497070312]},{""candidate"":""Tsik"",""token_ids"":[52793,1579],""token_count"":2,""sequence_logprob"":-2.02376389503479,""mean_token_logprob"":-1.011881947517395,""token_logprobs"":[-2.023616313934326,-0.00014757021563127637]},{""candidate"":""Twitter"",""token_ids"":[24862],""token_count"":1,""sequence_logprob"":-2.5925467014312744,""mean_token_logprob"":-2.5925467014312744,""token_logprobs"":[-2.5925467014312744]}]"
223396,2019_12_0,Infant Cry,definition,Seep,Seep,false,false,"[{""candidate"":""Infant Cry"",""token_ids"":[19433,517,42705],""token_count"":3,""sequence_logprob"":-7.227413177490234,""mean_token_logprob"":-2.409137725830078,""token_logprobs"":[-7.226947784423828,-2.145764938177308e-06,-0.00046361665590666234]},{""candidate"":""Phee"",""token_ids"":[47,49053],""token_count"":2,""sequence_logprob"":-2.893294095993042,""mean_token_logprob"":-1.446647047996521,""token_logprobs"":[-2.8932461738586426,-4.792098479811102e-05]},{""candidate"":""Seep"",""token_ids"":[1514,747],""token_count"":2,""sequence_logprob"":-0.698176383972168,""mean_token_logprob"":-0.349088191986084,""token_logprobs"":[-0.6981744766235352,-1.9073468138230965e-06]},{""candidate"":""Trill"",""token_ids"":[1282,483],""token_count"":2,""sequence_logprob"":-6.024970054626465,""mean_token_logprob"":-3.0124850273132324,""token_logprobs"":[-3.858266830444336,-2.166703224182129]},{""candidate"":""Tsik"",""token_ids"":[52793,1579],""token_count"":2,""sequence_logprob"":-3.257814884185791,""mean_token_logprob"":-1.6289074420928955,""token_logprobs"":[-3.2578039169311523,-1.1086402082582936e-05]},{""candidate"":""Twitter"",""token_ids"":[24862],""token_count"":1,""sequence_logprob"":-0.9177867770195007,""mean_token_logprob"":-0.9177867770195007,""token_logprobs"":[-0.9177867770195007]}]"
233067,2022_12_0,Trill,bare,Seep,Seep,false,false,"[{""candidate"":""Infant Cry"",""token_ids"":[19433,517,42705],""token_count"":3,""sequence_logprob"":-8.413355827331543,""mean_token_logprob"":-2.8044519424438477,""token_logprobs"":[-8.412611961364746,-2.0265558760002023e-06,-0.0007419217727147043]},{""candidate"":""Phee"",""token_ids"":[47,49053],""token_count"":2,""sequence_logprob"":-1.131371259689331,""mean_token_logprob"":-0.5656856298446655,""token_logprobs"":[-1.1313616037368774,-9.65590606938349e-06]},{""candidate"":""Seep"",""token_ids"":[1514,747],""token_count"":2,""sequence_logprob"":-1.0688625574111938,""mean_token_logprob"":-0.5344312787055969,""token_logprobs"":[-1.0688616037368774,-9.536738616588991e-07]},{""candidate"":""Trill"",""token_ids"":[1282,483],""token_count"":2,""sequence_logprob"":-5.593235969543457,""mean_token_logprob"":-2.7966179847717285,""token_logprobs"":[-3.193861484527588,-2.39937424659729]},{""candidate"":""Tsik"",""token_ids"":[52793,1579],""token_count"":2,""sequence_logprob"":-2.1315109729766846,""mean_token_logprob"":-1.0657554864883423,""token_logprobs"":[-2.131361484527588,-0.00014959646796341985]},{""candidate"":""Twitter"",""token_ids"":[24862],""token_count"":1,""sequence_logprob"":-1.9438616037368774,""mean_token_logprob"":-1.9438616037368774,""token_logprobs"":[-1.9438616037368774]}]"
233067,2022_12_0,Trill,definition,Twitter,Twitter,false,false,"[{""candidate"":""Infant Cry"",""token_ids"":[19433,517,42705],""token_count"":3,""sequence_logprob"":-6.549500942230225,""mean_token_logprob"":-2.183166980743408,""token_logprobs"":[-6.549278736114502,-9.536738616588991e-07,-0.0002213471452705562]},{""candidate"":""Phee"",""token_ids"":[47,49053],""token_count"":2,""sequence_logprob"":-2.1743099689483643,""mean_token_logprob"":-1.0871549844741821,""token_logprobs"":[-2.174278736114502,-3.123234637314454e-05]},{""candidate"":""Seep"",""token_ids"":[1514,747],""token_count"":2,""sequence_logprob"":-1.4242801666259766,""mean_token_logprob"":-0.7121400833129883,""token_logprobs"":[-1.4242788553237915,-1.311301275563892e-06]},{""candidate"":""Trill"",""token_ids"":[1282,483],""token_count"":2,""sequence_logprob"":-5.496252059936523,""mean_token_logprob"":-2.7481260299682617,""token_logprobs"":[-3.299278736114502,-2.1969733238220215]},{""candidate"":""Tsik"",""token_ids"":[52793,1579],""token_count"":2,""sequence_logprob"":-3.361783742904663,""mean_token_logprob"":-1.6808918714523315,""token_logprobs"":[-3.361778736114502,-5.006777428206988e-06]},{""candidate"":""Twitter"",""token_ids"":[24862],""token_count"":1,""sequence_logprob"":-0.6117788553237915,""mean_token_logprob"":-0.6117788553237915,""token_logprobs"":[-0.6117788553237915]}]"
237025,2020_1_0,Seep,bare,Phee,Phee,false,false,"[{""candidate"":""Infant Cry"",""token_ids"":[19433,517,42705],""token_count"":3,""sequence_logprob"":-7.998506546020508,""mean_token_logprob"":-2.6661688486735025,""token_logprobs"":[-7.99768590927124,-3.576272320060525e-06,-0.0008174415561370552]},{""candidate"":""Phee"",""token_ids"":[47,49053],""token_count"":2,""sequence_logprob"":-1.003023624420166,""mean_token_logprob"":-0.501511812210083,""token_logprobs"":[-1.0030096769332886,-1.3947389561508317e-05]},{""candidate"":""Seep"",""token_ids"":[1514,747],""token_count"":2,""sequence_logprob"":-1.3155109882354736,""mean_token_logprob"":-0.6577554941177368,""token_logprobs"":[-1.3155096769332886,-1.311301275563892e-06]},{""candidate"":""Trill"",""token_ids"":[1282,483],""token_count"":2,""sequence_logprob"":-6.2156243324279785,""mean_token_logprob"":-3.1078121662139893,""token_logprobs"":[-3.003009796142578,-3.2126145362854004]},{""candidate"":""Tsik"",""token_ids"":[52793,1579],""token_count"":2,""sequence_logprob"":-2.003204822540283,""mean_token_logprob"":-1.0016024112701416,""token_logprobs"":[-2.003009796142578,-0.00019500737835187465]},{""candidate"":""Twitter"",""token_ids"":[24862],""token_count"":1,""sequence_logprob"":-1.8625850677490234,""mean_token_logprob"":-1.8625850677490234,""token_logprobs"":[-1.8625850677490234]}]"
237025,2020_1_0,Seep,definition,Twitter,Twitter,false,false,"[{""candidate"":""Infant Cry"",""token_ids"":[19433,517,42705],""token_count"":3,""sequence_logprob"":-6.066823482513428,""mean_token_logprob"":-2.0222744941711426,""token_logprobs"":[-6.066457748413086,-1.5497195136049413e-06,-0.0003644755925051868]},{""candidate"":""Phee"",""token_ids"":[47,49053],""token_count"":2,""sequence_logprob"":-2.6259710788726807,""mean_token_logprob"":-1.3129855394363403,""token_logprobs"":[-2.6259186267852783,-5.245071224635467e-05]},{""candidate"":""Seep"",""token_ids"":[1514,747],""token_count"":2,""sequence_logprob"":-1.3134204149246216,""mean_token_logprob"":-0.6567102074623108,""token_logprobs"":[-1.3134186267852783,-1.7881377516459906e-06]},{""candidate"":""Trill"",""token_ids"":[1282,483],""token_count"":2,""sequence_logprob"":-5.163917541503906,""mean_token_logprob"":-2.581958770751953,""token_logprobs"":[-3.0634186267852783,-2.100499153137207]},{""candidate"":""Tsik"",""token_ids"":[52793,1579],""token_count"":2,""sequence_logprob"":-3.1884257793426514,""mean_token_logprob"":-1.5942128896713257,""token_logprobs"":[-3.1884186267852783,-7.271740287251305e-06]},{""candidate"":""Twitter"",""token_ids"":[24862],""token_count"":1,""sequence_logprob"":-0.5700525045394897,""mean_token_logprob"":-0.5700525045394897,""token_logprobs"":[-0.5700525045394897]}]"
238029,2022_12_1,Infant Cry,bare,Phee,Phee,false,false,"[{""candidate"":""Infant Cry"",""token_ids"":[19433,517,42705],""token_count"":3,""sequence_logprob"":-8.190264701843262,""mean_token_logprob"":-2.730088233947754,""token_logprobs"":[-8.189812660217285,-2.7418097943154862e-06,-0.0004493180604185909]},{""candidate"":""Phee"",""token_ids"":[47,49053],""token_count"":2,""sequence_logprob"":-0.8712723255157471,""mean_token_logprob"":-0.43563616275787354,""token_logprobs"":[-0.8712633848190308,-8.940656698541716e-06]},{""candidate"":""Seep"",""token_ids"":[1514,747],""token_count"":2,""sequence_logprob"":-1.8744888305664062,""mean_token_logprob"":-0.9372444152832031,""token_logprobs"":[-1.8744879961013794,-8.344646857949556e-07]},{""candidate"":""Trill"",""token_ids"":[1282,483],""token_count"":2,""sequence_logprob"":-6.761510848999023,""mean_token_logprob"":-3.3807554244995117,""token_logprobs"":[-3.494680643081665,-3.2668302059173584]},{""candidate"":""Tsik"",""token_ids"":[52793,1579],""token_count"":2,""sequence_logprob"":-1.6651002168655396,""mean_token_logprob"":-0.8325501084327698,""token_logprobs"":[-1.6650283336639404,-7.188061863416806e-05]},{""candidate"":""Twitter"",""token_ids"":[24862],""token_count"":1,""sequence_logprob"":-1.8545186519622803,""mean_token_logprob"":-1.8545186519622803,""token_logprobs"":[-1.8545186519622803]}]"
238029,2022_12_1,Infant Cry,definition,Twitter,Twitter,false,false,"[{""candidate"":""Infant Cry"",""token_ids"":[19433,517,42705],""token_count"":3,""sequence_logprob"":-6.0300164222717285,""mean_token_logprob"":-2.010005474090576,""token_logprobs"":[-6.029792785644531,-1.0728830375228426e-06,-0.0002227773511549458]},{""candidate"":""Phee"",""token_ids"":[47,49053],""token_count"":2,""sequence_logprob"":-2.292818069458008,""mean_token_logprob"":-1.146409034729004,""token_logprobs"":[-2.2927751541137695,-4.2914423829643056e-05]},{""candidate"":""Seep"",""token_ids"":[1514,747],""token_count"":2,""sequence_logprob"":-1.486533761024475,""mean_token_logprob"":-0.7432668805122375,""token_logprobs"":[-1.4865318536758423,-1.9073468138230965e-06]},{""candidate"":""Trill"",""token_ids"":[1282,483],""token_count"":2,""sequence_logprob"":-6.031701564788818,""mean_token_logprob"":-3.015850782394409,""token_logprobs"":[-3.7391457557678223,-2.292555809020996]},{""candidate"":""Tsik"",""token_ids"":[52793,1579],""token_count"":2,""sequence_logprob"":-3.0604310035705566,""mean_token_logprob"":-1.5302155017852783,""token_logprobs"":[-3.060426712036133,-4.410734163684538e-06]},{""candidate"":""Twitter"",""token_ids"":[24862],""token_count"":1,""sequence_logprob"":-0.5643690824508667,""mean_token_logprob"":-0.5643690824508667,""token_logprobs"":[-0.5643690824508667]}]"
241125,2020_2_0,Twitter,bare,Tsik,Tsik,false,false,"[{""candidate"":""Infant Cry"",""token_ids"":[19433,517,42705],""token_count"":3,""sequence_logprob"":-8.82800579071045,""mean_token_logprob"":-2.942668596903483,""token_logprobs"":[-8.827537536621094,-1.7881377516459906e-06,-0.0004667146422434598]},{""candidate"":""Phee"",""token_ids"":[47,49053],""token_count"":2,""sequence_logprob"":-1.3563618659973145,""mean_token_logprob"":-0.6781809329986572,""token_logprobs"":[-1.356349229812622,-1.2636104656849056e-05]},{""candidate"":""Seep"",""token_ids"":[1514,747],""token_count"":2,""sequence_logprob"":-1.60721755027771,""mean_token_logprob"":-0.803608775138855,""token_logprobs"":[-1.607216715812683,-8.344646857949556e-07]},{""candidate"":""Trill"",""token_ids"":[1282,483],""token_count"":2,""sequence_logprob"":-7.068418025970459,""mean_token_logprob"":-3.5342090129852295,""token_logprobs"":[-3.440718173980713,-3.627699851989746]},{""candidate"":""Tsik"",""token_ids"":[52793,1579],""token_count"":2,""sequence_logprob"":-1.3281606435775757,""mean_token_logprob"":-0.6640803217887878,""token_logprobs"":[-1.3280075788497925,-0.0001530530134914443]},{""candidate"":""Twitter"",""token_ids"":[24862],""token_count"":1,""sequence_logprob"":-1.731349229812622,""mean_token_logprob"":-1.731349229812622,""token_logprobs"":[-1.731349229812622]}]"
241125,2020_2_0,Twitter,definition,Twitter,Twitter,true,true,"[{""candidate"":""Infant Cry"",""token_ids"":[19433,517,42705],""token_count"":3,""sequence_logprob"":-8.137495994567871,""mean_token_logprob"":-2.712498664855957,""token_logprobs"":[-8.137246131896973,-1.1920922133867862e-06,-0.0002489972102921456]},{""candidate"":""Phee"",""token_ids"":[47,49053],""token_count"":2,""sequence_logprob"":-3.2692840099334717,""mean_token_logprob"":-1.6346420049667358,""token_logprobs"":[-3.269242763519287,-4.136476854910143e-05]},{""candidate"":""Seep"",""token_ids"":[1514,747],""token_count"":2,""sequence_logprob"":-1.7806013822555542,""mean_token_logprob"":-0.8903006911277771,""token_logprobs"":[-1.78059983253479,-1.5497195136049413e-06]},{""candidate"":""Trill"",""token_ids"":[1282,483],""token_count"":2,""sequence_logprob"":-6.141639709472656,""mean_token_logprob"":-3.070819854736328,""token_logprobs"":[-3.614281177520752,-2.5273585319519043]},{""candidate"":""Tsik"",""token_ids"":[52793,1579],""token_count"":2,""sequence_logprob"":-3.3904614448547363,""mean_token_logprob"":-1.6952307224273682,""token_logprobs"":[-3.390458345413208,-3.099436753473128e-06]},{""candidate"":""Twitter"",""token_ids"":[24862],""token_count"":1,""sequence_logprob"":-0.33174267411231995,""mean_token_logprob"":-0.33174267411231995,""token_logprobs"":[-0.33174267411231995]}]"
248263,2022_9_0,Twitter,bare,Tsik,Tsik,false,false,"[{""candidate"":""Infant Cry"",""token_ids"":[19433,517,42705],""token_count"":3,""sequence_logprob"":-9.303836822509766,""mean_token_logprob"":-3.1012789408365884,""token_logprobs"":[-9.30341911315918,-2.0265558760002023e-06,-0.00041571559268049896]},{""candidate"":""Phee"",""token_ids"":[47,49053],""token_count"":2,""sequence_logprob"":-2.3674917221069336,""mean_token_logprob"":-1.1837458610534668,""token_logprobs"":[-2.3674800395965576,-1.168244216387393e-05]},{""candidate"":""Seep"",""token_ids"":[1514,747],""token_count"":2,""sequence_logprob"":-2.2926223278045654,""mean_token_logprob"":-1.1463111639022827,""token_logprobs"":[-2.292621612548828,-8.344646857949556e-07]},{""candidate"":""Trill"",""token_ids"":[1282,483],""token_count"":2,""sequence_logprob"":-7.444839000701904,""mean_token_logprob"":-3.722419500350952,""token_logprobs"":[-3.5478875637054443,-3.89695143699646]},{""candidate"":""Tsik"",""token_ids"":[52793,1579],""token_count"":2,""sequence_logprob"":-0.9709091186523438,""mean_token_logprob"":-0.4854545593261719,""token_logprobs"":[-0.970801830291748,-0.0001072826053132303]},{""candidate"":""Twitter"",""token_ids"":[24862],""token_count"":1,""sequence_logprob"":-0.9840573072433472,""mean_token_logprob"":-0.9840573072433472,""token_logprobs"":[-0.9840573072433472]}]"
248263,2022_9_0,Twitter,definition,Twitter,Twitter,true,true,"[{""candidate"":""Infant Cry"",""token_ids"":[19433,517,42705],""token_count"":3,""sequence_logprob"":-9.383496284484863,""mean_token_logprob"":-3.1278320948282876,""token_logprobs"":[-9.383291244506836,-1.311301275563892e-06,-0.00020394629973452538]},{""candidate"":""Phee"",""token_ids"":[47,49053],""token_count"":2,""sequence_logprob"":-4.2674713134765625,""mean_token_logprob"":-2.1337356567382812,""token_logprobs"":[-4.267423152923584,-4.827859811484814e-05]},{""candidate"":""Seep"",""token_ids"":[1514,747],""token_count"":2,""sequence_logprob"":-2.3232481479644775,""mean_token_logprob"":-1.1616240739822388,""token_logprobs"":[-2.3232462406158447,-1.9073468138230965e-06]},{""candidate"":""Trill"",""token_ids"":[1282,483],""token_count"":2,""sequence_logprob"":-5.700496673583984,""mean_token_logprob"":-2.850248336791992,""token_logprobs"":[-3.6364197731018066,-2.064077138900757]},{""candidate"":""Tsik"",""token_ids"":[52793,1579],""token_count"":2,""sequence_logprob"":-3.756030559539795,""mean_token_logprob"":-1.8780152797698975,""token_logprobs"":[-3.7560267448425293,-3.933898824470816e-06]},{""candidate"":""Twitter"",""token_ids"":[24862],""token_count"":1,""sequence_logprob"":-0.20424313843250275,""mean_token_logprob"":-0.20424313843250275,""token_logprobs"":[-0.20424313843250275]}]"
268974,2022_12_1,Phee,bare,Phee,Phee,true,true,"[{""candidate"":""Infant Cry"",""token_ids"":[19433,517,42705],""token_count"":3,""sequence_logprob"":-8.238444328308105,""mean_token_logprob"":-2.746148109436035,""token_logprobs"":[-8.23780345916748,-2.264974000354414e-06,-0.0006386386230587959]},{""candidate"":""Phee"",""token_ids"":[47,49053],""token_count"":2,""sequence_logprob"":-0.8672568798065186,""mean_token_logprob"":-0.4336284399032593,""token_logprobs"":[-0.8672475814819336,-9.298280929215252e-06]},{""candidate"":""Seep"",""token_ids"":[1514,747],""token_count"":2,""sequence_logprob"":-1.3405072689056396,""mean_token_logprob"":-0.6702536344528198,""token_logprobs"":[-1.3405064344406128,-8.344646857949556e-07]},{""candidate"":""Trill"",""token_ids"":[1282,483],""token_count"":2,""sequence_logprob"":-5.405401229858398,""mean_token_logprob"":-2.702700614929199,""token_logprobs"":[-3.2561898231506348,-2.1492111682891846]},{""candidate"":""Tsik"",""token_ids"":[52793,1579],""token_count"":2,""sequence_logprob"":-2.245882272720337,""mean_token_logprob"":-1.1229411363601685,""token_logprobs"":[-2.245807409286499,-7.486063259420916e-05]},{""candidate"":""Twitter"",""token_ids"":[24862],""token_count"":1,""sequence_logprob"":-1.9812047481536865,""mean_token_logprob"":-1.9812047481536865,""token_logprobs"":[-1.9812047481536865]}]"
268974,2022_12_1,Phee,definition,Seep,Twitter,false,false,"[{""candidate"":""Infant Cry"",""token_ids"":[19433,517,42705],""token_count"":3,""sequence_logprob"":-6.660672187805176,""mean_token_logprob"":-2.220224062601725,""token_logprobs"":[-6.660384654998779,-1.0728830375228426e-06,-0.0002865380665753037]},{""candidate"":""Phee"",""token_ids"":[47,49053],""token_count"":2,""sequence_logprob"":-2.787425994873047,""mean_token_logprob"":-1.3937129974365234,""token_logprobs"":[-2.7873804569244385,-4.5536911784438416e-05]},{""candidate"":""Seep"",""token_ids"":[1514,747],""token_count"":2,""sequence_logprob"":-1.2689546346664429,""mean_token_logprob"":-0.6344773173332214,""token_logprobs"":[-1.2689528465270996,-1.7881377516459906e-06]},{""candidate"":""Trill"",""token_ids"":[1282,483],""token_count"":2,""sequence_logprob"":-5.76862907409668,""mean_token_logprob"":-2.88431453704834,""token_logprobs"":[-3.587928533554077,-2.1807007789611816]},{""candidate"":""Tsik"",""token_ids"":[52793,1579],""token_count"":2,""sequence_logprob"":-2.842120409011841,""mean_token_logprob"":-1.4210602045059204,""token_logprobs"":[-2.842115640640259,-4.768360213347478e-06]},{""candidate"":""Twitter"",""token_ids"":[24862],""token_count"":1,""sequence_logprob"":-0.6666272282600403,""mean_token_logprob"":-0.6666272282600403,""token_logprobs"":[-0.6666272282600403]}]"
277849,2020_2_0,Seep,bare,Phee,Phee,false,false,"[{""candidate"":""Infant Cry"",""token_ids"":[19433,517,42705],""token_count"":3,""sequence_logprob"":-7.560812950134277,""mean_token_logprob"":-2.5202709833780923,""token_logprobs"":[-7.560338973999023,-1.9073468138230965e-06,-0.00047183825518004596]},{""candidate"":""Phee"",""token_ids"":[47,49053],""token_count"":2,""sequence_logprob"":-1.0260238647460938,""mean_token_logprob"":-0.5130119323730469,""token_logprobs"":[-1.0260114669799805,-1.2397689715726301e-05]},{""candidate"":""Seep"",""token_ids"":[1514,747],""token_count"":2,""sequence_logprob"":-1.1827574968338013,""mean_token_logprob"":-0.5913787484169006,""token_logprobs"":[-1.1827561855316162,-1.311301275563892e-06]},{""candidate"":""Trill"",""token_ids"":[1282,483],""token_count"":2,""sequence_logprob"":-4.794972896575928,""mean_token_logprob"":-2.397486448287964,""token_logprobs"":[-3.121140718460083,-1.6738321781158447]},{""candidate"":""Tsik"",""token_ids"":[52793,1579],""token_count"":2,""sequence_logprob"":-2.060478448867798,""mean_token_logprob"":-1.030239224433899,""token_logprobs"":[-2.0603389739990234,-0.00013958434283267707]},{""candidate"":""Twitter"",""token_ids"":[24862],""token_count"":1,""sequence_logprob"":-2.0260114669799805,""mean_token_logprob"":-2.0260114669799805,""token_logprobs"":[-2.0260114669799805]}]"
277849,2020_2_0,Seep,definition,Twitter,Twitter,false,false,"[{""candidate"":""Infant Cry"",""token_ids"":[19433,517,42705],""token_count"":3,""sequence_logprob"":-6.388930797576904,""mean_token_logprob"":-2.1296435991923013,""token_logprobs"":[-6.388728141784668,-1.1920922133867862e-06,-0.00020180096908006817]},{""candidate"":""Phee"",""token_ids"":[47,49053],""token_count"":2,""sequence_logprob"":-2.5081446170806885,""mean_token_logprob"":-1.2540723085403442,""token_logprobs"":[-2.50807785987854,-6.687417771900073e-05]},{""candidate"":""Seep"",""token_ids"":[1514,747],""token_count"":2,""sequence_logprob"":-1.5344492197036743,""mean_token_logprob"":-0.7672246098518372,""token_logprobs"":[-1.5344470739364624,-2.145764938177308e-06]},{""candidate"":""Trill"",""token_ids"":[1282,483],""token_count"":2,""sequence_logprob"":-5.607082366943359,""mean_token_logprob"":-2.8035411834716797,""token_logprobs"":[-3.2758748531341553,-2.331207513809204]},{""candidate"":""Tsik"",""token_ids"":[52793,1579],""token_count"":2,""sequence_logprob"":-3.326233148574829,""mean_token_logprob"":-1.6631165742874146,""token_logprobs"":[-3.326228141784668,-5.125986263010418e-06]},{""candidate"":""Twitter"",""token_ids"":[24862],""token_count"":1,""sequence_logprob"":-0.5080778002738953,""mean_token_logprob"":-0.5080778002738953,""token_logprobs"":[-0.5080778002738953]}]"
34756,2022_1_3,Phee,bare,Phee,Phee,true,true,"[{""candidate"":""Infant Cry"",""token_ids"":[19433,517,42705],""token_count"":3,""sequence_logprob"":-8.473479270935059,""mean_token_logprob"":-2.824493090311686,""token_logprobs"":[-8.473066329956055,-2.0265558760002023e-06,-0.00041059168870560825]},{""candidate"":""Phee"",""token_ids"":[47,49053],""token_count"":2,""sequence_logprob"":-0.9980827569961548,""mean_token_logprob"":-0.4990413784980774,""token_logprobs"":[-0.9980713129043579,-1.1444026313256472e-05]},{""candidate"":""Seep"",""token_ids"":[1514,747],""token_count"":2,""sequence_logprob"":-1.1624983549118042,""mean_token_logprob"":-0.5812491774559021,""token_logprobs"":[-1.1624977588653564,-5.960462772236497e-07]},{""candidate"":""Trill"",""token_ids"":[1282,483],""token_count"":2,""sequence_logprob"":-6.04147481918335,""mean_token_logprob"":-3.020737409591675,""token_logprobs"":[-3.4589219093322754,-2.582552909851074]},{""candidate"":""Tsik"",""token_ids"":[52793,1579],""token_count"":2,""sequence_logprob"":-2.2716224193573,""mean_token_logprob"":-1.13581120967865,""token_logprobs"":[-2.2715587615966797,-6.3774932641536e-05]},{""candidate"":""Twitter"",""token_ids"":[24862],""token_count"":1,""sequence_logprob"":-1.998071312904358,""mean_token_logprob"":-1.998071312904358,""token_logprobs"":[-1.998071312904358]}]"
34756,2022_1_3,Phee,definition,Seep,Twitter,false,false,"[{""candidate"":""Infant Cry"",""token_ids"":[19433,517,42705],""token_count"":3,""sequence_logprob"":-7.479719638824463,""mean_token_logprob"":-2.4932398796081543,""token_logprobs"":[-7.479502201080322,-1.0728830375228426e-06,-0.00021669900161214173]},{""candidate"":""Phee"",""token_ids"":[47,49053],""token_count"":2,""sequence_logprob"":-2.9477860927581787,""mean_token_logprob"":-1.4738930463790894,""token_logprobs"":[-2.9477453231811523,-4.076874756719917e-05]},{""candidate"":""Seep"",""token_ids"":[1514,747],""token_count"":2,""sequence_logprob"":-0.9452527165412903,""mean_token_logprob"":-0.47262635827064514,""token_logprobs"":[-0.9452502131462097,-2.50339189733495e-06]},{""candidate"":""Trill"",""token_ids"":[1282,483],""token_count"":2,""sequence_logprob"":-5.947940349578857,""mean_token_logprob"":-2.9739701747894287,""token_logprobs"":[-3.884270668029785,-2.0636696815490723]},{""candidate"":""Tsik"",""token_ids"":[52793,1579],""token_count"":2,""sequence_logprob"":-3.259681463241577,""mean_token_logprob"":-1.6298407316207886,""token_logprobs"":[-3.2596757411956787,-5.8412379075889476e-06]},{""candidate"":""Twitter"",""token_ids"":[24862],""token_count"":1,""sequence_logprob"":-0.7602452039718628,""mean_token_logprob"":-0.7602452039718628,""token_logprobs"":[-0.7602452039718628]}]"
354197,2022_3_12,Infant Cry,bare,Phee,Phee,false,false,"[{""candidate"":""Infant Cry"",""token_ids"":[19433,517,42705],""token_count"":3,""sequence_logprob"":-8.888631820678711,""mean_token_logprob"":-2.9628772735595703,""token_logprobs"":[-8.888049125671387,-2.3841830625315197e-06,-0.0005812147865071893]},{""candidate"":""Phee"",""token_ids"":[47,49053],""token_count"":2,""sequence_logprob"":-1.2193653583526611,""mean_token_logprob"":-0.6096826791763306,""token_logprobs"":[-1.219354510307312,-1.0847986231965479e-05]},{""candidate"":""Seep"",""token_ids"":[1514,747],""token_count"":2,""sequence_logprob"":-1.5758204460144043,""mean_token_logprob"":-0.7879102230072021,""token_logprobs"":[-1.5758192539215088,-1.1920922133867862e-06]},{""candidate"":""Trill"",""token_ids"":[1282,483],""token_count"":2,""sequence_logprob"":-6.61769962310791,""mean_token_logprob"":-3.308849811553955,""token_logprobs"":[-3.245400905609131,-3.3722989559173584]},{""candidate"":""Tsik"",""token_ids"":[52793,1579],""token_count"":2,""sequence_logprob"":-1.3882715702056885,""mean_token_logprob"":-0.6941357851028442,""token_logprobs"":[-1.388048768043518,-0.0002227773511549458]},{""candidate"":""Twitter"",""token_ids"":[24862],""token_count"":1,""sequence_logprob"":-1.881718635559082,""mean_token_logprob"":-1.881718635559082,""token_logprobs"":[-1.881718635559082]}]"
354197,2022_3_12,Infant Cry,definition,Twitter,Twitter,false,false,"[{""candidate"":""Infant Cry"",""token_ids"":[19433,517,42705],""token_count"":3,""sequence_logprob"":-6.168914794921875,""mean_token_logprob"":-2.056304931640625,""token_logprobs"":[-6.168590545654297,-1.311301275563892e-06,-0.0003228858404327184]},{""candidate"":""Phee"",""token_ids"":[47,49053],""token_count"":2,""sequence_logprob"":-2.400808095932007,""mean_token_logprob"":-1.2004040479660034,""token_logprobs"":[-2.400763511657715,-4.470248313737102e-05]},{""candidate"":""Seep"",""token_ids"":[1514,747],""token_count"":2,""sequence_logprob"":-1.3325376510620117,""mean_token_logprob"":-0.6662688255310059,""token_logprobs"":[-1.332535743713379,-1.9073468138230965e-06]},{""candidate"":""Trill"",""token_ids"":[1282,483],""token_count"":2,""sequence_logprob"":-5.056736469268799,""mean_token_logprob"":-2.5283682346343994,""token_logprobs"":[-3.1026129722595215,-1.9541234970092773]},{""candidate"":""Tsik"",""token_ids"":[52793,1579],""token_count"":2,""sequence_logprob"":-3.1686017513275146,""mean_token_logprob"":-1.5843008756637573,""token_logprobs"":[-3.168590545654297,-1.1324817933200393e-05]},{""candidate"":""Twitter"",""token_ids"":[24862],""token_count"":1,""sequence_logprob"":-0.570225179195404,""mean_token_logprob"":-0.570225179195404,""token_logprobs"":[-0.570225179195404]}]"
354379,2022_3_12,Trill,bare,Phee,Phee,false,false,"[{""candidate"":""Infant Cry"",""token_ids"":[19433,517,42705],""token_count"":3,""sequence_logprob"":-7.7275872230529785,""mean_token_logprob"":-2.575862407684326,""token_logprobs"":[-7.72698974609375,-2.50339189733495e-06,-0.0005952732171863317]},{""candidate"":""Phee"",""token_ids"":[47,49053],""token_count"":2,""sequence_logprob"":-0.8640085458755493,""mean_token_logprob"":-0.43200427293777466,""token_logprobs"":[-0.8639969825744629,-1.156323378381785e-05]},{""candidate"":""Seep"",""token_ids"":[1514,747],""token_count"":2,""sequence_logprob"":-1.4262878894805908,""mean_token_logprob"":-0.7131439447402954,""token_logprobs"":[-1.4262866973876953,-1.1920922133867862e-06]},{""candidate"":""Trill"",""token_ids"":[1282,483],""token_count"":2,""sequence_logprob"":-5.834611892700195,""mean_token_logprob"":-2.9173059463500977,""token_logprobs"":[-3.094229221343994,-2.7403829097747803]},{""candidate"":""Tsik"",""token_ids"":[52793,1579],""token_count"":2,""sequence_logprob"":-1.9771125316619873,""mean_token_logprob"":-0.9885562658309937,""token_logprobs"":[-1.97698974609375,-0.0001227780303452164]},{""candidate"":""Twitter"",""token_ids"":[24862],""token_count"":1,""sequence_logprob"":-2.301496982574463,""mean_token_logprob"":-2.301496982574463,""token_logprobs"":[-2.301496982574463]}]"
354379,2022_3_12,Trill,definition,Twitter,Twitter,false,false,"[{""candidate"":""Infant Cry"",""token_ids"":[19433,517,42705],""token_count"":3,""sequence_logprob"":-6.120188236236572,""mean_token_logprob"":-2.040062745412191,""token_logprobs"":[-6.11980676651001,-1.5497195136049413e-06,-0.0003798478574026376]},{""candidate"":""Phee"",""token_ids"":[47,49053],""token_count"":2,""sequence_logprob"":-2.2069735527038574,""mean_token_logprob"":-1.1034867763519287,""token_logprobs"":[-2.2069218158721924,-5.173549288883805e-05]},{""candidate"":""Seep"",""token_ids"":[1514,747],""token_count"":2,""sequence_logprob"":-1.4159785509109497,""mean_token_logprob"":-0.7079892754554749,""token_logprobs"":[-1.4159760475158691,-2.50339189733495e-06]},{""candidate"":""Trill"",""token_ids"":[1282,483],""token_count"":2,""sequence_logprob"":-4.22524881362915,""mean_token_logprob"":-2.112624406814575,""token_logprobs"":[-3.1916117668151855,-1.0336371660232544]},{""candidate"":""Tsik"",""token_ids"":[52793,1579],""token_count"":2,""sequence_logprob"":-2.9948232173919678,""mean_token_logprob"":-1.4974116086959839,""token_logprobs"":[-2.9948067665100098,-1.6569954823353328e-05]},{""candidate"":""Twitter"",""token_ids"":[24862],""token_count"":1,""sequence_logprob"":-0.7069218754768372,""mean_token_logprob"":-0.7069218754768372,""token_logprobs"":[-0.7069218754768372]}]"
357670,2022_3_12,Infant Cry,bare,Seep,Seep,false,false,"[{""candidate"":""Infant Cry"",""token_ids"":[19433,517,42705],""token_count"":3,""sequence_logprob"":-10.278425216674805,""mean_token_logprob"":-3.4261417388916016,""token_logprobs"":[-10.277299880981445,-3.2186455882765586e-06,-0.001122202374972403]},{""candidate"":""Phee"",""token_ids"":[47,49053],""token_count"":2,""sequence_logprob"":-2.3858304023742676,""mean_token_logprob"":-1.1929152011871338,""token_logprobs"":[-2.385814666748047,-1.585470999998506e-05]},{""candidate"":""Seep"",""token_ids"":[1514,747],""token_count"":2,""sequence_logprob"":-0.6740966439247131,""mean_token_logprob"":-0.33704832196235657,""token_logprobs"":[-0.6740958094596863,-8.344646857949556e-07]},{""candidate"":""Trill"",""token_ids"":[1282,483],""token_count"":2,""sequence_logprob"":-6.825783729553223,""mean_token_logprob"":-3.4128918647766113,""token_logprobs"":[-3.5462918281555176,-3.279492139816284]},{""candidate"":""Tsik"",""token_ids"":[52793,1579],""token_count"":2,""sequence_logprob"":-1.37045419216156,""mean_token_logprob"":-0.68522709608078,""token_logprobs"":[-1.3702706098556519,-0.00018356545479036868]},{""candidate"":""Twitter"",""token_ids"":[24862],""token_count"":1,""sequence_logprob"":-2.420907735824585,""mean_token_logprob"":-2.420907735824585,""token_logprobs"":[-2.420907735824585]}]"
357670,2022_3_12,Infant Cry,definition,Seep,Seep,false,false,"[{""candidate"":""Infant Cry"",""token_ids"":[19433,517,42705],""token_count"":3,""sequence_logprob"":-7.578177452087402,""mean_token_logprob"":-2.526059150695801,""token_logprobs"":[-7.577854633331299,-1.1920922133867862e-06,-0.00032181330607272685]},{""candidate"":""Phee"",""token_ids"":[47,49053],""token_count"":2,""sequence_logprob"":-3.5522000789642334,""mean_token_logprob"":-1.7761000394821167,""token_logprobs"":[-3.5521278381347656,-7.223821739898995e-05]},{""candidate"":""Seep"",""token_ids"":[1514,747],""token_count"":2,""sequence_logprob"":-0.8995676636695862,""mean_token_logprob"":-0.4497838318347931,""token_logprobs"":[-0.8995662331581116,-1.4305104514278355e-06]},{""candidate"":""Trill"",""token_ids"":[1282,483],""token_count"":2,""sequence_logprob"":-5.716978073120117,""mean_token_logprob"":-2.8584890365600586,""token_logprobs"":[-3.7737083435058594,-1.9432694911956787]},{""candidate"":""Tsik"",""token_ids"":[52793,1579],""token_count"":2,""sequence_logprob"":-2.8695926666259766,""mean_token_logprob"":-1.4347963333129883,""token_logprobs"":[-2.869584798812866,-7.867782187531702e-06]},{""candidate"":""Twitter"",""token_ids"":[24862],""token_count"":1,""sequence_logprob"":-0.9536730647087097,""mean_token_logprob"":-0.9536730647087097,""token_logprobs"":[-0.9536730647087097]}]"
380174,2022_9_0,Twitter,bare,Phee,Phee,false,false,"[{""candidate"":""Infant Cry"",""token_ids"":[19433,517,42705],""token_count"":3,""sequence_logprob"":-8.401975631713867,""mean_token_logprob"":-2.8006585439046225,""token_logprobs"":[-8.401581764221191,-2.0265558760002023e-06,-0.00039188333903439343]},{""candidate"":""Phee"",""token_ids"":[47,49053],""token_count"":2,""sequence_logprob"":-1.0650320053100586,""mean_token_logprob"":-0.5325160026550293,""token_logprobs"":[-1.065023422241211,-8.583032467868179e-06]},{""candidate"":""Seep"",""token_ids"":[1514,747],""token_count"":2,""sequence_logprob"":-1.2753760814666748,""mean_token_logprob"":-0.6376880407333374,""token_logprobs"":[-1.2753748893737793,-1.1920922133867862e-06]},{""candidate"":""Trill"",""token_ids"":[1282,483],""token_count"":2,""sequence_logprob"":-7.204570770263672,""mean_token_logprob"":-3.602285385131836,""token_logprobs"":[-3.236072063446045,-3.968498706817627]},{""candidate"":""Tsik"",""token_ids"":[52793,1579],""token_count"":2,""sequence_logprob"":-1.8391581773757935,""mean_token_logprob"":-0.9195790886878967,""token_logprobs"":[-1.839081883430481,-7.629103492945433e-05]},{""candidate"":""Twitter"",""token_ids"":[24862],""token_count"":1,""sequence_logprob"":-1.690023422241211,""mean_token_logprob"":-1.690023422241211,""token_logprobs"":[-1.690023422241211]}]"
380174,2022_9_0,Twitter,definition,Twitter,Twitter,true,true,"[{""candidate"":""Infant Cry"",""token_ids"":[19433,517,42705],""token_count"":3,""sequence_logprob"":-6.950469970703125,""mean_token_logprob"":-2.3168233235677085,""token_logprobs"":[-6.950087547302246,-1.5497195136049413e-06,-0.00038115866482257843]},{""candidate"":""Phee"",""token_ids"":[47,49053],""token_count"":2,""sequence_logprob"":-2.193742036819458,""mean_token_logprob"":-1.096871018409729,""token_logprobs"":[-2.193699836730957,-4.23184028477408e-05]},{""candidate"":""Seep"",""token_ids"":[1514,747],""token_count"":2,""sequence_logprob"":-1.5175797939300537,""mean_token_logprob"":-0.7587898969650269,""token_logprobs"":[-1.5098192691802979,-0.007760494016110897]},{""candidate"":""Trill"",""token_ids"":[1282,483],""token_count"":2,""sequence_logprob"":-5.479239463806152,""mean_token_logprob"":-2.739619731903076,""token_logprobs"":[-3.1263699531555176,-2.3528692722320557]},{""candidate"":""Tsik"",""token_ids"":[52793,1579],""token_count"":2,""sequence_logprob"":-2.887600898742676,""mean_token_logprob"":-1.443800449371338,""token_logprobs"":[-2.887587308883667,-1.3589766240329482e-05]},{""candidate"":""Twitter"",""token_ids"":[24862],""token_count"":1,""sequence_logprob"":-0.6311997771263123,""mean_token_logprob"":-0.6311997771263123,""token_logprobs"":[-0.6311997771263123]}]"
408631,2022_4_3,Phee,bare,Phee,Phee,true,true,"[{""candidate"":""Infant Cry"",""token_ids"":[19433,517,42705],""token_count"":3,""sequence_logprob"":-7.094317436218262,""mean_token_logprob"":-2.3647724787394204,""token_logprobs"":[-7.093958377838135,-2.145764938177308e-06,-0.00035696811391972005]},{""candidate"":""Phee"",""token_ids"":[47,49053],""token_count"":2,""sequence_logprob"":-0.7189704775810242,""mean_token_logprob"":-0.3594852387905121,""token_logprobs"":[-0.7189585566520691,-1.1920858014491387e-05]},{""candidate"":""Seep"",""token_ids"":[1514,747],""token_count"":2,""sequence_logprob"":-1.9064598083496094,""mean_token_logprob"":-0.9532299041748047,""token_logprobs"":[-1.9064586162567139,-1.1920922133867862e-06]},{""candidate"":""Trill"",""token_ids"":[1282,483],""token_count"":2,""sequence_logprob"":-7.315713882446289,""mean_token_logprob"":-3.6578569412231445,""token_logprobs"":[-3.343958616256714,-3.9717555046081543]},{""candidate"":""Tsik"",""token_ids"":[52793,1579],""token_count"":2,""sequence_logprob"":-2.2815163135528564,""mean_token_logprob"":-1.1407581567764282,""token_logprobs"":[-2.281458616256714,-5.769562994828448e-05]},{""candidate"":""Twitter"",""token_ids"":[24862],""token_count"":1,""sequence_logprob"":-1.6564586162567139,""mean_token_logprob"":-1.6564586162567139,""token_logprobs"":[-1.6564586162567139]}]"
408631,2022_4_3,Phee,definition,Twitter,Twitter,false,false,"[{""candidate"":""Infant Cry"",""token_ids"":[19433,517,42705],""token_count"":3,""sequence_logprob"":-6.966525554656982,""mean_token_logprob"":-2.3221751848856607,""token_logprobs"":[-6.966326713562012,-1.0728830375228426e-06,-0.00019798702851403505]},{""candidate"":""Phee"",""token_ids"":[47,49053],""token_count"":2,""sequence_logprob"":-2.4663777351379395,""mean_token_logprob"":-1.2331888675689697,""token_logprobs"":[-2.4663267135620117,-5.113947918289341e-05]},{""candidate"":""Seep"",""token_ids"":[1514,747],""token_count"":2,""sequence_logprob"":-1.5288280248641968,""mean_token_logprob"":-0.7644140124320984,""token_logprobs"":[-1.5288267135620117,-1.311301275563892e-06]},{""candidate"":""Trill"",""token_ids"":[1282,483],""token_count"":2,""sequence_logprob"":-5.173569202423096,""mean_token_logprob"":-2.586784601211548,""token_logprobs"":[-3.4038267135620117,-1.769742488861084]},{""candidate"":""Tsik"",""token_ids"":[52793,1579],""token_count"":2,""sequence_logprob"":-3.2163307666778564,""mean_token_logprob"":-1.6081653833389282,""token_logprobs"":[-3.2163267135620117,-4.0531076592742465e-06]},{""candidate"":""Twitter"",""token_ids"":[24862],""token_count"":1,""sequence_logprob"":-0.5288266539573669,""mean_token_logprob"":-0.5288266539573669,""token_logprobs"":[-0.5288266539573669]}]"
438410,2022_9_1,Tsik,bare,Phee,Phee,false,false,"[{""candidate"":""Infant Cry"",""token_ids"":[19433,517,42705],""token_count"":3,""sequence_logprob"":-8.653289794921875,""mean_token_logprob"":-2.884429931640625,""token_logprobs"":[-8.652542114257812,-1.9073468138230965e-06,-0.0007458527106791735]},{""candidate"":""Phee"",""token_ids"":[47,49053],""token_count"":2,""sequence_logprob"":-1.0487163066864014,""mean_token_logprob"":-0.5243581533432007,""token_logprobs"":[-1.048704743385315,-1.156323378381785e-05]},{""candidate"":""Seep"",""token_ids"":[1514,747],""token_count"":2,""sequence_logprob"":-1.2544177770614624,""mean_token_logprob"":-0.6272088885307312,""token_logprobs"":[-1.2544167041778564,-1.0728830375228426e-06]},{""candidate"":""Trill"",""token_ids"":[1282,483],""token_count"":2,""sequence_logprob"":-5.0890655517578125,""mean_token_logprob"":-2.5445327758789062,""token_logprobs"":[-3.2704408168792725,-1.8186248540878296]},{""candidate"":""Tsik"",""token_ids"":[52793,1579],""token_count"":2,""sequence_logprob"":-1.934016227722168,""mean_token_logprob"":-0.967008113861084,""token_logprobs"":[-1.9337923526763916,-0.00022384998737834394]},{""candidate"":""Twitter"",""token_ids"":[24862],""token_count"":1,""sequence_logprob"":-2.1737046241760254,""mean_token_logprob"":-2.1737046241760254,""token_logprobs"":[-2.1737046241760254]}]"
438410,2022_9_1,Tsik,definition,Twitter,Twitter,false,false,"[{""candidate"":""Infant Cry"",""token_ids"":[19433,517,42705],""token_count"":3,""sequence_logprob"":-7.761260986328125,""mean_token_logprob"":-2.5870869954427085,""token_logprobs"":[-7.761044025421143,-1.0728830375228426e-06,-0.00021610308613162488]},{""candidate"":""Phee"",""token_ids"":[47,49053],""token_count"":2,""sequence_logprob"":-3.3341193199157715,""mean_token_logprob"":-1.6670596599578857,""token_logprobs"":[-3.334052085876465,-6.723177648382261e-05]},{""candidate"":""Seep"",""token_ids"":[1514,747],""token_count"":2,""sequence_logprob"":-1.4909886121749878,""mean_token_logprob"":-0.7454943060874939,""token_logprobs"":[-1.4909875392913818,-1.0728830375228426e-06]},{""candidate"":""Trill"",""token_ids"":[1282,483],""token_count"":2,""sequence_logprob"":-5.931994438171387,""mean_token_logprob"":-2.9659972190856934,""token_logprobs"":[-3.4370927810668945,-2.494901657104492]},{""candidate"":""Tsik"",""token_ids"":[52793,1579],""token_count"":2,""sequence_logprob"":-3.417299270629883,""mean_token_logprob"":-1.7086496353149414,""token_logprobs"":[-3.4172940254211426,-5.364403477869928e-06]},{""candidate"":""Twitter"",""token_ids"":[24862],""token_count"":1,""sequence_logprob"":-0.4590519666671753,""mean_token_logprob"":-0.4590519666671753,""token_logprobs"":[-0.4590519666671753]}]"
456914,2022_10_3,Trill,bare,Phee,Phee,false,false,"[{""candidate"":""Infant Cry"",""token_ids"":[19433,517,42705],""token_count"":3,""sequence_logprob"":-9.245759963989258,""mean_token_logprob"":-3.0819199879964194,""token_logprobs"":[-9.245278358459473,-2.9802276912960224e-06,-0.0004786299541592598]},{""candidate"":""Phee"",""token_ids"":[47,49053],""token_count"":2,""sequence_logprob"":-1.0668200254440308,""mean_token_logprob"":-0.5334100127220154,""token_logprobs"":[-1.0668078660964966,-1.2159273865108844e-05]},{""candidate"":""Seep"",""token_ids"":[1514,747],""token_count"":2,""sequence_logprob"":-1.081624984741211,""mean_token_logprob"":-0.5408124923706055,""token_logprobs"":[-1.0816242694854736,-7.152555099310121e-07]},{""candidate"":""Trill"",""token_ids"":[1282,483],""token_count"":2,""sequence_logprob"":-6.714362144470215,""mean_token_logprob"":-3.3571810722351074,""token_logprobs"":[-3.4752488136291504,-3.2391130924224854]},{""candidate"":""Tsik"",""token_ids"":[52793,1579],""token_count"":2,""sequence_logprob"":-2.018854856491089,""mean_token_logprob"":-1.0094274282455444,""token_logprobs"":[-2.018711805343628,-0.0001431601122021675]},{""candidate"":""Twitter"",""token_ids"":[24862],""token_count"":1,""sequence_logprob"":-2.754307746887207,""mean_token_logprob"":-2.754307746887207,""token_logprobs"":[-2.754307746887207]}]"
456914,2022_10_3,Trill,definition,Seep,Twitter,false,false,"[{""candidate"":""Infant Cry"",""token_ids"":[19433,517,42705],""token_count"":3,""sequence_logprob"":-6.609068870544434,""mean_token_logprob"":-2.2030229568481445,""token_logprobs"":[-6.608814716339111,-1.1920922133867862e-06,-0.00025328766787424684]},{""candidate"":""Phee"",""token_ids"":[47,49053],""token_count"":2,""sequence_logprob"":-2.345651388168335,""mean_token_logprob"":-1.1728256940841675,""token_logprobs"":[-2.345606803894043,-4.458328112377785e-05]},{""candidate"":""Seep"",""token_ids"":[1514,747],""token_count"":2,""sequence_logprob"":-1.1973469257354736,""mean_token_logprob"":-0.5986734628677368,""token_logprobs"":[-1.1973453760147095,-1.5497195136049413e-06]},{""candidate"":""Trill"",""token_ids"":[1282,483],""token_count"":2,""sequence_logprob"":-5.359433650970459,""mean_token_logprob"":-2.6797168254852295,""token_logprobs"":[-3.204885959625244,-2.154547691345215]},{""candidate"":""Tsik"",""token_ids"":[52793,1579],""token_count"":2,""sequence_logprob"":-2.6967060565948486,""mean_token_logprob"":-1.3483530282974243,""token_logprobs"":[-2.6967015266418457,-4.529942543740617e-06]},{""candidate"":""Twitter"",""token_ids"":[24862],""token_count"":1,""sequence_logprob"":-0.8456068634986877,""mean_token_logprob"":-0.8456068634986877,""token_logprobs"":[-0.8456068634986877]}]"
501612,2022_12_2,Infant Cry,bare,Phee,Phee,false,false,"[{""candidate"":""Infant Cry"",""token_ids"":[19433,517,42705],""token_count"":3,""sequence_logprob"":-8.770759582519531,""mean_token_logprob"":-2.9235865275065103,""token_logprobs"":[-8.770170211791992,-1.9073468138230965e-06,-0.0005875291535630822]},{""candidate"":""Phee"",""token_ids"":[47,49053],""token_count"":2,""sequence_logprob"":-1.223634123802185,""mean_token_logprob"":-0.6118170619010925,""token_logprobs"":[-1.2236255407333374,-8.583032467868179e-06]},{""candidate"":""Seep"",""token_ids"":[1514,747],""token_count"":2,""sequence_logprob"":-1.6068884134292603,""mean_token_logprob"":-0.8034442067146301,""token_logprobs"":[-1.6068875789642334,-8.344646857949556e-07]},{""candidate"":""Trill"",""token_ids"":[1282,483],""token_count"":2,""sequence_logprob"":-6.693750381469727,""mean_token_logprob"":-3.3468751907348633,""token_logprobs"":[-3.0718839168548584,-3.621866464614868]},{""candidate"":""Tsik"",""token_ids"":[52793,1579],""token_count"":2,""sequence_logprob"":-1.5245970487594604,""mean_token_logprob"":-0.7622985243797302,""token_logprobs"":[-1.5245122909545898,-8.475421054754406e-05]},{""candidate"":""Twitter"",""token_ids"":[24862],""token_count"":1,""sequence_logprob"":-1.49921452999115,""mean_token_logprob"":-1.49921452999115,""token_logprobs"":[-1.49921452999115]}]"
501612,2022_12_2,Infant Cry,definition,Twitter,Twitter,false,false,"[{""candidate"":""Infant Cry"",""token_ids"":[19433,517,42705],""token_count"":3,""sequence_logprob"":-7.750293254852295,""mean_token_logprob"":-2.583431084950765,""token_logprobs"":[-7.750043869018555,-1.4305104514278355e-06,-0.00024780540843494236]},{""candidate"":""Phee"",""token_ids"":[47,49053],""token_count"":2,""sequence_logprob"":-3.524644136428833,""mean_token_logprob"":-1.7623220682144165,""token_logprobs"":[-3.524599075317383,-4.51792984677013e-05]},{""candidate"":""Seep"",""token_ids"":[1514,747],""token_count"":2,""sequence_logprob"":-1.5373737812042236,""mean_token_logprob"":-0.7686868906021118,""token_logprobs"":[-1.5373717546463013,-2.0265558760002023e-06]},{""candidate"":""Trill"",""token_ids"":[1282,483],""token_count"":2,""sequence_logprob"":-5.7114667892456055,""mean_token_logprob"":-2.8557333946228027,""token_logprobs"":[-3.3509318828582764,-2.360535144805908]},{""candidate"":""Tsik"",""token_ids"":[52793,1579],""token_count"":2,""sequence_logprob"":-3.5347793102264404,""mean_token_logprob"":-1.7673896551132202,""token_logprobs"":[-3.534771680831909,-7.629365427419543e-06]},{""candidate"":""Twitter"",""token_ids"":[24862],""token_count"":1,""sequence_logprob"":-0.41985422372817993,""mean_token_logprob"":-0.41985422372817993,""token_logprobs"":[-0.41985422372817993]}]"
508717,2023_4_1,Phee,bare,Phee,Phee,true,true,"[{""candidate"":""Infant Cry"",""token_ids"":[19433,517,42705],""token_count"":3,""sequence_logprob"":-8.912575721740723,""mean_token_logprob"":-2.970858573913574,""token_logprobs"":[-8.912199974060059,-1.6689286894688848e-06,-0.00037424711626954377]},{""candidate"":""Phee"",""token_ids"":[47,49053],""token_count"":2,""sequence_logprob"":-1.030489444732666,""mean_token_logprob"":-0.515244722366333,""token_logprobs"":[-1.0304800271987915,-9.417489309271332e-06]},{""candidate"":""Seep"",""token_ids"":[1514,747],""token_count"":2,""sequence_logprob"":-1.1839892864227295,""mean_token_logprob"":-0.5919946432113647,""token_logprobs"":[-1.183988332748413,-9.536738616588991e-07]},{""candidate"":""Trill"",""token_ids"":[1282,483],""token_count"":2,""sequence_logprob"":-7.5008134841918945,""mean_token_logprob"":-3.7504067420959473,""token_logprobs"":[-3.3745527267456055,-4.126260757446289]},{""candidate"":""Tsik"",""token_ids"":[52793,1579],""token_count"":2,""sequence_logprob"":-2.13663649559021,""mean_token_logprob"":-1.068318247795105,""token_logprobs"":[-2.136532783508301,-0.0001037067049765028]},{""candidate"":""Twitter"",""token_ids"":[24862],""token_count"":1,""sequence_logprob"":-2.0319173336029053,""mean_token_logprob"":-2.0319173336029053,""token_logprobs"":[-2.0319173336029053]}]"
508717,2023_4_1,Phee,definition,Twitter,Twitter,false,false,"[{""candidate"":""Infant Cry"",""token_ids"":[19433,517,42705],""token_count"":3,""sequence_logprob"":-7.907731533050537,""mean_token_logprob"":-2.6359105110168457,""token_logprobs"":[-7.907571792602539,-9.536738616588991e-07,-0.00015877417172305286]},{""candidate"":""Phee"",""token_ids"":[47,49053],""token_count"":2,""sequence_logprob"":-2.6785964965820312,""mean_token_logprob"":-1.3392982482910156,""token_logprobs"":[-2.678553581237793,-4.2914423829643056e-05]},{""candidate"":""Seep"",""token_ids"":[1514,747],""token_count"":2,""sequence_logprob"":-1.1994781494140625,""mean_token_logprob"":-0.5997390747070312,""token_logprobs"":[-1.1994762420654297,-1.9073468138230965e-06]},{""candidate"":""Trill"",""token_ids"":[1282,483],""token_count"":2,""sequence_logprob"":-5.61021614074707,""mean_token_logprob"":-2.805108070373535,""token_logprobs"":[-3.5376062393188477,-2.0726099014282227]},{""candidate"":""Tsik"",""token_ids"":[52793,1579],""token_count"":2,""sequence_logprob"":-3.1283047199249268,""mean_token_logprob"":-1.5641523599624634,""token_logprobs"":[-3.1282992362976074,-5.602820692729438e-06]},{""candidate"":""Twitter"",""token_ids"":[24862],""token_count"":1,""sequence_logprob"":-0.5454643368721008,""mean_token_logprob"":-0.5454643368721008,""token_logprobs"":[-0.5454643368721008]}]"
508780,2023_4_1,Infant Cry,bare,Seep,Seep,false,false,"[{""candidate"":""Infant Cry"",""token_ids"":[19433,517,42705],""token_count"":3,""sequence_logprob"":-8.021636962890625,""mean_token_logprob"":-2.6738789876302085,""token_logprobs"":[-8.021286010742188,-1.9073468138230965e-06,-0.0003486264031380415]},{""candidate"":""Phee"",""token_ids"":[47,49053],""token_count"":2,""sequence_logprob"":-1.2625759840011597,""mean_token_logprob"":-0.6312879920005798,""token_logprobs"":[-1.262563943862915,-1.2040065485052764e-05]},{""candidate"":""Seep"",""token_ids"":[1514,747],""token_count"":2,""sequence_logprob"":-1.1217916011810303,""mean_token_logprob"":-0.5608958005905151,""token_logprobs"":[-1.1217905282974243,-1.0728830375228426e-06]},{""candidate"":""Trill"",""token_ids"":[1282,483],""token_count"":2,""sequence_logprob"":-6.929636001586914,""mean_token_logprob"":-3.464818000793457,""token_logprobs"":[-3.4079160690307617,-3.5217201709747314]},{""candidate"":""Tsik"",""token_ids"":[52793,1579],""token_count"":2,""sequence_logprob"":-1.8370498418807983,""mean_token_logprob"":-0.9185249209403992,""token_logprobs"":[-1.8369650840759277,-8.475421054754406e-05]},{""candidate"":""Twitter"",""token_ids"":[24862],""token_count"":1,""sequence_logprob"":-2.0994691848754883,""mean_token_logprob"":-2.0994691848754883,""token_logprobs"":[-2.0994691848754883]}]"
508780,2023_4_1,Infant Cry,definition,Twitter,Twitter,false,false,"[{""candidate"":""Infant Cry"",""token_ids"":[19433,517,42705],""token_count"":3,""sequence_logprob"":-8.07952880859375,""mean_token_logprob"":-2.69317626953125,""token_logprobs"":[-8.07929515838623,-1.0728830375228426e-06,-0.00023266946664080024]},{""candidate"":""Phee"",""token_ids"":[47,49053],""token_count"":2,""sequence_logprob"":-3.5194473266601562,""mean_token_logprob"":-1.7597236633300781,""token_logprobs"":[-3.519388198852539,-5.9126061387360096e-05]},{""candidate"":""Seep"",""token_ids"":[1514,747],""token_count"":2,""sequence_logprob"":-1.345625638961792,""mean_token_logprob"":-0.672812819480896,""token_logprobs"":[-1.3456237316131592,-1.9073468138230965e-06]},{""candidate"":""Trill"",""token_ids"":[1282,483],""token_count"":2,""sequence_logprob"":-6.437485694885254,""mean_token_logprob"":-3.218742847442627,""token_logprobs"":[-3.6385419368743896,-2.798943519592285]},{""candidate"":""Tsik"",""token_ids"":[52793,1579],""token_count"":2,""sequence_logprob"":-3.1869056224823,""mean_token_logprob"":-1.59345281124115,""token_logprobs"":[-3.186897039413452,-8.583032467868179e-06]},{""candidate"":""Twitter"",""token_ids"":[24862],""token_count"":1,""sequence_logprob"":-0.4495629668235779,""mean_token_logprob"":-0.4495629668235779,""token_logprobs"":[-0.4495629668235779]}]"
508830,2023_4_1,Twitter,bare,Phee,Phee,false,false,"[{""candidate"":""Infant Cry"",""token_ids"":[19433,517,42705],""token_count"":3,""sequence_logprob"":-8.893486976623535,""mean_token_logprob"":-2.9644956588745117,""token_logprobs"":[-8.892533302307129,-3.2186455882765586e-06,-0.0009505997295491397]},{""candidate"":""Phee"",""token_ids"":[47,49053],""token_count"":2,""sequence_logprob"":-1.0987457036972046,""mean_token_logprob"":-0.5493728518486023,""token_logprobs"":[-1.0987331867218018,-1.2516897186287679e-05]},{""candidate"":""Seep"",""token_ids"":[1514,747],""token_count"":2,""sequence_logprob"":-1.4550347328186035,""mean_token_logprob"":-0.7275173664093018,""token_logprobs"":[-1.455033302307129,-1.4305104514278355e-06]},{""candidate"":""Trill"",""token_ids"":[1282,483],""token_count"":2,""sequence_logprob"":-5.771130084991455,""mean_token_logprob"":-2.8855650424957275,""token_logprobs"":[-3.0987331867218018,-2.6723968982696533]},{""candidate"":""Tsik"",""token_ids"":[52793,1579],""token_count"":2,""sequence_logprob"":-1.5177561044692993,""mean_token_logprob"":-0.7588780522346497,""token_logprobs"":[-1.517533302307129,-0.0002227773511549458]},{""candidate"":""Twitter"",""token_ids"":[24862],""token_count"":1,""sequence_logprob"":-1.9112331867218018,""mean_token_logprob"":-1.9112331867218018,""token_logprobs"":[-1.9112331867218018]}]"
508830,2023_4_1,Twitter,definition,Twitter,Twitter,true,true,"[{""candidate"":""Infant Cry"",""token_ids"":[19433,517,42705],""token_count"":3,""sequence_logprob"":-6.991084098815918,""mean_token_logprob"":-2.3303613662719727,""token_logprobs"":[-6.9908552169799805,-1.4305104514278355e-06,-0.00022766382608097047]},{""candidate"":""Phee"",""token_ids"":[47,49053],""token_count"":2,""sequence_logprob"":-2.4792215824127197,""mean_token_logprob"":-1.2396107912063599,""token_logprobs"":[-2.4791791439056396,-4.2437604861333966e-05]},{""candidate"":""Seep"",""token_ids"":[1514,747],""token_count"":2,""sequence_logprob"":-1.6158571243286133,""mean_token_logprob"":-0.8079285621643066,""token_logprobs"":[-1.6158552169799805,-1.9073468138230965e-06]},{""candidate"":""Trill"",""token_ids"":[1282,483],""token_count"":2,""sequence_logprob"":-4.93446683883667,""mean_token_logprob"":-2.467233419418335,""token_logprobs"":[-3.2291791439056396,-1.7052878141403198]},{""candidate"":""Tsik"",""token_ids"":[52793,1579],""token_count"":2,""sequence_logprob"":-3.240859031677246,""mean_token_logprob"":-1.620429515838623,""token_logprobs"":[-3.2408552169799805,-3.933898824470816e-06]},{""candidate"":""Twitter"",""token_ids"":[24862],""token_count"":1,""sequence_logprob"":-0.47917914390563965,""mean_token_logprob"":-0.47917914390563965,""token_logprobs"":[-0.47917914390563965]}]"
508903,2023_4_1,Tsik,bare,Tsik,Tsik,true,true,"[{""candidate"":""Infant Cry"",""token_ids"":[19433,517,42705],""token_count"":3,""sequence_logprob"":-10.662891387939453,""mean_token_logprob"":-3.554297129313151,""token_logprobs"":[-10.661869049072266,-4.887569048150908e-06,-0.0010176486102864146]},{""candidate"":""Phee"",""token_ids"":[47,49053],""token_count"":2,""sequence_logprob"":-2.9431416988372803,""mean_token_logprob"":-1.4715708494186401,""token_logprobs"":[-2.9431190490722656,-2.276871418871451e-05]},{""candidate"":""Seep"",""token_ids"":[1514,747],""token_count"":2,""sequence_logprob"":-2.505622148513794,""mean_token_logprob"":-1.252811074256897,""token_logprobs"":[-2.5056190490722656,-3.099436753473128e-06]},{""candidate"":""Trill"",""token_ids"":[1282,483],""token_count"":2,""sequence_logprob"":-6.336953163146973,""mean_token_logprob"":-3.1684765815734863,""token_logprobs"":[-3.8181190490722656,-2.518834352493286]},{""candidate"":""Tsik"",""token_ids"":[52793,1579],""token_count"":2,""sequence_logprob"":-0.3184882402420044,""mean_token_logprob"":-0.1592441201210022,""token_logprobs"":[-0.3181191086769104,-0.0003691230376716703]},{""candidate"":""Twitter"",""token_ids"":[24862],""token_count"":1,""sequence_logprob"":-2.6306190490722656,""mean_token_logprob"":-2.6306190490722656,""token_logprobs"":[-2.6306190490722656]}]"
508903,2023_4_1,Tsik,definition,Twitter,Twitter,false,false,"[{""candidate"":""Infant Cry"",""token_ids"":[19433,517,42705],""token_count"":3,""sequence_logprob"":-7.0417304039001465,""mean_token_logprob"":-2.3472434679667153,""token_logprobs"":[-7.041364669799805,-1.7881377516459906e-06,-0.0003638797497842461]},{""candidate"":""Phee"",""token_ids"":[47,49053],""token_count"":2,""sequence_logprob"":-3.041419506072998,""mean_token_logprob"":-1.520709753036499,""token_logprobs"":[-3.0413646697998047,-5.495397272170521e-05]},{""candidate"":""Seep"",""token_ids"":[1514,747],""token_count"":2,""sequence_logprob"":-1.4788669347763062,""mean_token_logprob"":-0.7394334673881531,""token_logprobs"":[-1.4788646697998047,-2.264974000354414e-06]},{""candidate"":""Trill"",""token_ids"":[1282,483],""token_count"":2,""sequence_logprob"":-4.249107837677002,""mean_token_logprob"":-2.124553918838501,""token_logprobs"":[-3.4163646697998047,-0.8327431678771973]},{""candidate"":""Tsik"",""token_ids"":[52793,1579],""token_count"":2,""sequence_logprob"":-2.2913742065429688,""mean_token_logprob"":-1.1456871032714844,""token_logprobs"":[-2.2913646697998047,-9.65590606938349e-06]},{""candidate"":""Twitter"",""token_ids"":[24862],""token_count"":1,""sequence_logprob"":-0.6038646697998047,""mean_token_logprob"":-0.6038646697998047,""token_logprobs"":[-0.6038646697998047]}]"
508905,2023_4_1,Tsik,bare,Tsik,Tsik,true,true,"[{""candidate"":""Infant Cry"",""token_ids"":[19433,517,42705],""token_count"":3,""sequence_logprob"":-11.403581619262695,""mean_token_logprob"":-3.801193873087565,""token_logprobs"":[-11.402189254760742,-7.152531907195225e-06,-0.0013858010061085224]},{""candidate"":""Phee"",""token_ids"":[47,49053],""token_count"":2,""sequence_logprob"":-3.749323844909668,""mean_token_logprob"":-1.874661922454834,""token_logprobs"":[-3.7492942810058594,-2.95634672511369e-05]},{""candidate"":""Seep"",""token_ids"":[1514,747],""token_count"":2,""sequence_logprob"":-2.3550877571105957,""mean_token_logprob"":-1.1775438785552979,""token_logprobs"":[-2.355085611343384,-2.264974000354414e-06]},{""candidate"":""Trill"",""token_ids"":[1282,483],""token_count"":2,""sequence_logprob"":-6.834188938140869,""mean_token_logprob"":-3.4170944690704346,""token_logprobs"":[-4.084403991699219,-2.7497849464416504]},{""candidate"":""Tsik"",""token_ids"":[52793,1579],""token_count"":2,""sequence_logprob"":-0.35261255502700806,""mean_token_logprob"":-0.17630627751350403,""token_logprobs"":[-0.352131187915802,-0.00048137042904272676]},{""candidate"":""Twitter"",""token_ids"":[24862],""token_count"":1,""sequence_logprob"":-2.0481624603271484,""mean_token_logprob"":-2.0481624603271484,""token_logprobs"":[-2.0481624603271484]}]"
508905,2023_4_1,Tsik,definition,Twitter,Twitter,false,false,"[{""candidate"":""Infant Cry"",""token_ids"":[19433,517,42705],""token_count"":3,""sequence_logprob"":-8.436935424804688,""mean_token_logprob"":-2.812311808268229,""token_logprobs"":[-8.436627388000488,-2.0265558760002023e-06,-0.0003058442671317607]},{""candidate"":""Phee"",""token_ids"":[47,49053],""token_count"":2,""sequence_logprob"":-3.835437297821045,""mean_token_logprob"":-1.9177186489105225,""token_logprobs"":[-3.8353798389434814,-5.745722592109814e-05]},{""candidate"":""Seep"",""token_ids"":[1514,747],""token_count"":2,""sequence_logprob"":-1.3461264371871948,""mean_token_logprob"":-0.6730632185935974,""token_logprobs"":[-1.346123456954956,-2.9802276912960224e-06]},{""candidate"":""Trill"",""token_ids"":[1282,483],""token_count"":2,""sequence_logprob"":-4.541821002960205,""mean_token_logprob"":-2.2709105014801025,""token_logprobs"":[-3.8194162845611572,-0.7224047780036926]},{""candidate"":""Tsik"",""token_ids"":[52793,1579],""token_count"":2,""sequence_logprob"":-3.0030298233032227,""mean_token_logprob"":-1.5015149116516113,""token_logprobs"":[-3.003019094467163,-1.0847986231965479e-05]},{""candidate"":""Twitter"",""token_ids"":[24862],""token_count"":1,""sequence_logprob"":-0.3889480233192444,""mean_token_logprob"":-0.3889480233192444,""token_logprobs"":[-0.3889480233192444]}]"
508993,2022_12_3,Twitter,bare,Seep,Seep,false,false,"[{""candidate"":""Infant Cry"",""token_ids"":[19433,517,42705],""token_count"":3,""sequence_logprob"":-9.028029441833496,""mean_token_logprob"":-3.009343147277832,""token_logprobs"":[-9.027359962463379,-3.099436753473128e-06,-0.0006665153778158128]},{""candidate"":""Phee"",""token_ids"":[47,49053],""token_count"":2,""sequence_logprob"":-1.3130321502685547,""mean_token_logprob"":-0.6565160751342773,""token_logprobs"":[-1.3130215406417847,-1.0609570381348021e-05]},{""candidate"":""Seep"",""token_ids"":[1514,747],""token_count"":2,""sequence_logprob"":-1.2773605585098267,""mean_token_logprob"":-0.6386802792549133,""token_logprobs"":[-1.2773597240447998,-8.344646857949556e-07]},{""candidate"":""Trill"",""token_ids"":[1282,483],""token_count"":2,""sequence_logprob"":-5.887083530426025,""mean_token_logprob"":-2.9435417652130127,""token_logprobs"":[-3.125521659851074,-2.761561870574951]},{""candidate"":""Tsik"",""token_ids"":[52793,1579],""token_count"":2,""sequence_logprob"":-1.589998483657837,""mean_token_logprob"":-0.7949992418289185,""token_logprobs"":[-1.5898597240447998,-0.0001387499796692282]},{""candidate"":""Twitter"",""token_ids"":[24862],""token_count"":1,""sequence_logprob"":-1.8130215406417847,""mean_token_logprob"":-1.8130215406417847,""token_logprobs"":[-1.8130215406417847]}]"
508993,2022_12_3,Twitter,definition,Twitter,Twitter,true,true,"[{""candidate"":""Infant Cry"",""token_ids"":[19433,517,42705],""token_count"":3,""sequence_logprob"":-7.959281921386719,""mean_token_logprob"":-2.6530939737955728,""token_logprobs"":[-7.958993911743164,-1.7881377516459906e-06,-0.0002862997353076935]},{""candidate"":""Phee"",""token_ids"":[47,49053],""token_count"":2,""sequence_logprob"":-3.062591075897217,""mean_token_logprob"":-1.5312955379486084,""token_logprobs"":[-3.062544584274292,-4.660974445869215e-05]},{""candidate"":""Seep"",""token_ids"":[1514,747],""token_count"":2,""sequence_logprob"":-1.3339959383010864,""mean_token_logprob"":-0.6669979691505432,""token_logprobs"":[-1.3339941501617432,-1.7881377516459906e-06]},{""candidate"":""Trill"",""token_ids"":[1282,483],""token_count"":2,""sequence_logprob"":-5.2223920822143555,""mean_token_logprob"":-2.6111960411071777,""token_logprobs"":[-3.687544584274292,-1.5348472595214844]},{""candidate"":""Tsik"",""token_ids"":[52793,1579],""token_count"":2,""sequence_logprob"":-3.208998680114746,""mean_token_logprob"":-1.604499340057373,""token_logprobs"":[-3.208994150161743,-4.6491513785440475e-06]},{""candidate"":""Twitter"",""token_ids"":[24862],""token_count"":1,""sequence_logprob"":-0.5000446438789368,""mean_token_logprob"":-0.5000446438789368,""token_logprobs"":[-0.5000446438789368]}]"
509005,2022_12_3,Twitter,bare,Phee,Phee,false,false,"[{""candidate"":""Infant Cry"",""token_ids"":[19433,517,42705],""token_count"":3,""sequence_logprob"":-9.759268760681152,""mean_token_logprob"":-3.2530895868937173,""token_logprobs"":[-9.758773803710938,-2.145764938177308e-06,-0.0004935238393954933]},{""candidate"":""Phee"",""token_ids"":[47,49053],""token_count"":2,""sequence_logprob"":-1.2735226154327393,""mean_token_logprob"":-0.6367613077163696,""token_logprobs"":[-1.273511290550232,-1.1324817933200393e-05]},{""candidate"":""Seep"",""token_ids"":[1514,747],""token_count"":2,""sequence_logprob"":-1.3956421613693237,""mean_token_logprob"":-0.6978210806846619,""token_logprobs"":[-1.3956410884857178,-1.0728830375228426e-06]},{""candidate"":""Trill"",""token_ids"":[1282,483],""token_count"":2,""sequence_logprob"":-4.355563163757324,""mean_token_logprob"":-2.177781581878662,""token_logprobs"":[-3.257922410964966,-1.0976409912109375]},{""candidate"":""Tsik"",""token_ids"":[52793,1579],""token_count"":2,""sequence_logprob"":-1.5166146755218506,""mean_token_logprob"":-0.7583073377609253,""token_logprobs"":[-1.516375184059143,-0.00023946279543451965]},{""candidate"":""Twitter"",""token_ids"":[24862],""token_count"":1,""sequence_logprob"":-1.8854846954345703,""mean_token_logprob"":-1.8854846954345703,""token_logprobs"":[-1.8854846954345703]}]"
509005,2022_12_3,Twitter,definition,Twitter,Twitter,true,true,"[{""candidate"":""Infant Cry"",""token_ids"":[19433,517,42705],""token_count"":3,""sequence_logprob"":-7.761350154876709,""mean_token_logprob"":-2.5871167182922363,""token_logprobs"":[-7.7610673904418945,-1.1920922133867862e-06,-0.0002817710628733039]},{""candidate"":""Phee"",""token_ids"":[47,49053],""token_count"":2,""sequence_logprob"":-2.587667465209961,""mean_token_logprob"":-1.2938337326049805,""token_logprobs"":[-2.587630271911621,-3.731181277544238e-05]},{""candidate"":""Seep"",""token_ids"":[1514,747],""token_count"":2,""sequence_logprob"":-1.695771336555481,""mean_token_logprob"":-0.8478856682777405,""token_logprobs"":[-1.69576895236969,-2.3841830625315197e-06]},{""candidate"":""Trill"",""token_ids"":[1282,483],""token_count"":2,""sequence_logprob"":-5.486403942108154,""mean_token_logprob"":-2.743201971054077,""token_logprobs"":[-3.233900547027588,-2.2525033950805664]},{""candidate"":""Tsik"",""token_ids"":[52793,1579],""token_count"":2,""sequence_logprob"":-3.4562580585479736,""mean_token_logprob"":-1.7281290292739868,""token_logprobs"":[-3.456252336502075,-5.8412379075889476e-06]},{""candidate"":""Twitter"",""token_ids"":[24862],""token_count"":1,""sequence_logprob"":-0.47195252776145935,""mean_token_logprob"":-0.47195252776145935,""token_logprobs"":[-0.47195252776145935]}]"
509050,2022_12_3,Phee,bare,Seep,Seep,false,false,"[{""candidate"":""Infant Cry"",""token_ids"":[19433,517,42705],""token_count"":3,""sequence_logprob"":-9.041489601135254,""mean_token_logprob"":-3.0138298670450845,""token_logprobs"":[-9.040976524353027,-2.622600959512056e-06,-0.0005098473629914224]},{""candidate"":""Phee"",""token_ids"":[47,49053],""token_count"":2,""sequence_logprob"":-1.3018583059310913,""mean_token_logprob"":-0.6509291529655457,""token_logprobs"":[-1.3018465042114258,-1.1801649634435307e-05]},{""candidate"":""Seep"",""token_ids"":[1514,747],""token_count"":2,""sequence_logprob"":-0.878229022026062,""mean_token_logprob"":-0.439114511013031,""token_logprobs"":[-0.8782284259796143,-5.960462772236497e-07]},{""candidate"":""Trill"",""token_ids"":[1282,483],""token_count"":2,""sequence_logprob"":-7.097104072570801,""mean_token_logprob"":-3.5485520362854004,""token_logprobs"":[-3.2781224250793457,-3.818981409072876]},{""candidate"":""Tsik"",""token_ids"":[52793,1579],""token_count"":2,""sequence_logprob"":-2.1966657638549805,""mean_token_logprob"":-1.0983328819274902,""token_logprobs"":[-2.196537971496582,-0.00012790338951162994]},{""candidate"":""Twitter"",""token_ids"":[24862],""token_count"":1,""sequence_logprob"":-1.835264801979065,""mean_token_logprob"":-1.835264801979065,""token_logprobs"":[-1.835264801979065]}]"
509050,2022_12_3,Phee,definition,Twitter,Twitter,false,false,"[{""candidate"":""Infant Cry"",""token_ids"":[19433,517,42705],""token_count"":3,""sequence_logprob"":-8.090681076049805,""mean_token_logprob"":-2.6968936920166016,""token_logprobs"":[-8.090466499328613,-1.1920922133867862e-06,-0.0002134810492862016]},{""candidate"":""Phee"",""token_ids"":[47,49053],""token_count"":2,""sequence_logprob"":-2.9589719772338867,""mean_token_logprob"":-1.4794859886169434,""token_logprobs"":[-2.9589269161224365,-4.5060096454108134e-05]},{""candidate"":""Seep"",""token_ids"":[1514,747],""token_count"":2,""sequence_logprob"":-1.3293665647506714,""mean_token_logprob"":-0.6646832823753357,""token_logprobs"":[-1.3293650150299072,-1.5497195136049413e-06]},{""candidate"":""Trill"",""token_ids"":[1282,483],""token_count"":2,""sequence_logprob"":-5.601779460906982,""mean_token_logprob"":-2.800889730453491,""token_logprobs"":[-3.5431466102600098,-2.0586328506469727]},{""candidate"":""Tsik"",""token_ids"":[52793,1579],""token_count"":2,""sequence_logprob"":-3.447178840637207,""mean_token_logprob"":-1.7235894203186035,""token_logprobs"":[-3.4471750259399414,-3.814689989667386e-06]},{""candidate"":""Twitter"",""token_ids"":[24862],""token_count"":1,""sequence_logprob"":-0.5372756719589233,""mean_token_logprob"":-0.5372756719589233,""token_logprobs"":[-0.5372756719589233]}]"
509055,2022_12_3,Seep,bare,Seep,Seep,true,true,"[{""candidate"":""Infant Cry"",""token_ids"":[19433,517,42705],""token_count"":3,""sequence_logprob"":-8.152202606201172,""mean_token_logprob"":-2.717400868733724,""token_logprobs"":[-8.1516752243042,-3.099436753473128e-06,-0.0005249790847301483]},{""candidate"":""Phee"",""token_ids"":[47,49053],""token_count"":2,""sequence_logprob"":-1.2718755006790161,""mean_token_logprob"":-0.6359377503395081,""token_logprobs"":[-1.2718617916107178,-1.3708974620385561e-05]},{""candidate"":""Seep"",""token_ids"":[1514,747],""token_count"":2,""sequence_logprob"":-1.0218629837036133,""mean_token_logprob"":-0.5109314918518066,""token_logprobs"":[-1.0218617916107178,-1.1920922133867862e-06]},{""candidate"":""Trill"",""token_ids"":[1282,483],""token_count"":2,""sequence_logprob"":-4.223249912261963,""mean_token_logprob"":-2.1116249561309814,""token_logprobs"":[-3.0843617916107178,-1.1388881206512451]},{""candidate"":""Tsik"",""token_ids"":[52793,1579],""token_count"":2,""sequence_logprob"":-1.6830942630767822,""mean_token_logprob"":-0.8415471315383911,""token_logprobs"":[-1.6829249858856201,-0.00016926287207752466]},{""candidate"":""Twitter"",""token_ids"":[24862],""token_count"":1,""sequence_logprob"":-2.2093617916107178,""mean_token_logprob"":-2.2093617916107178,""token_logprobs"":[-2.2093617916107178]}]"
509055,2022_12_3,Seep,definition,Seep,Twitter,true,false,"[{""candidate"":""Infant Cry"",""token_ids"":[19433,517,42705],""token_count"":3,""sequence_logprob"":-6.858770847320557,""mean_token_logprob"":-2.286256949106852,""token_logprobs"":[-6.858547687530518,-1.0728830375228426e-06,-0.0002224197960458696]},{""candidate"":""Phee"",""token_ids"":[47,49053],""token_count"":2,""sequence_logprob"":-3.5235800743103027,""mean_token_logprob"":-1.7617900371551514,""token_logprobs"":[-3.52351450920105,-6.568216485902667e-05]},{""candidate"":""Seep"",""token_ids"":[1514,747],""token_count"":2,""sequence_logprob"":-1.023516297340393,""mean_token_logprob"":-0.5117581486701965,""token_logprobs"":[-1.0235145092010498,-1.7881377516459906e-06]},{""candidate"":""Trill"",""token_ids"":[1282,483],""token_count"":2,""sequence_logprob"":-5.771035194396973,""mean_token_logprob"":-2.8855175971984863,""token_logprobs"":[-3.58601450920105,-2.1850204467773438]},{""candidate"":""Tsik"",""token_ids"":[52793,1579],""token_count"":2,""sequence_logprob"":-2.9835517406463623,""mean_token_logprob"":-1.4917758703231812,""token_logprobs"":[-2.9835476875305176,-4.172316494077677e-06]},{""candidate"":""Twitter"",""token_ids"":[24862],""token_count"":1,""sequence_logprob"":-0.7110145092010498,""mean_token_logprob"":-0.7110145092010498,""token_logprobs"":[-0.7110145092010498]}]"
509065,2022_12_3,Seep,bare,Phee,Phee,false,false,"[{""candidate"":""Infant Cry"",""token_ids"":[19433,517,42705],""token_count"":3,""sequence_logprob"":-7.526760578155518,""mean_token_logprob"":-2.508920192718506,""token_logprobs"":[-7.52637243270874,-2.264974000354414e-06,-0.00038580605178140104]},{""candidate"":""Phee"",""token_ids"":[47,49053],""token_count"":2,""sequence_logprob"":-0.8388885259628296,""mean_token_logprob"":-0.4194442629814148,""token_logprobs"":[-0.8388723134994507,-1.6212332411669195e-05]},{""candidate"":""Seep"",""token_ids"":[1514,747],""token_count"":2,""sequence_logprob"":-1.2943412065505981,""mean_token_logprob"":-0.6471706032752991,""token_logprobs"":[-1.294339895248413,-1.311301275563892e-06]},{""candidate"":""Trill"",""token_ids"":[1282,483],""token_count"":2,""sequence_logprob"":-6.636457920074463,""mean_token_logprob"":-3.3182289600372314,""token_logprobs"":[-3.356839895248413,-3.27961802482605]},{""candidate"":""Tsik"",""token_ids"":[52793,1579],""token_count"":2,""sequence_logprob"":-2.1035845279693604,""mean_token_logprob"":-1.0517922639846802,""token_logprobs"":[-2.103487491607666,-9.703165414975956e-05]},{""candidate"":""Twitter"",""token_ids"":[24862],""token_count"":1,""sequence_logprob"":-2.081800937652588,""mean_token_logprob"":-2.081800937652588,""token_logprobs"":[-2.081800937652588]}]"
509065,2022_12_3,Seep,definition,Seep,Twitter,true,false,"[{""candidate"":""Infant Cry"",""token_ids"":[19433,517,42705],""token_count"":3,""sequence_logprob"":-6.402165412902832,""mean_token_logprob"":-2.1340551376342773,""token_logprobs"":[-6.401909351348877,-1.4305104514278355e-06,-0.0002548369811847806]},{""candidate"":""Phee"",""token_ids"":[47,49053],""token_count"":2,""sequence_logprob"":-3.0894765853881836,""mean_token_logprob"":-1.5447382926940918,""token_logprobs"":[-3.089409351348877,-6.723177648382261e-05]},{""candidate"":""Seep"",""token_ids"":[1514,747],""token_count"":2,""sequence_logprob"":-1.2483484745025635,""mean_token_logprob"":-0.6241742372512817,""token_logprobs"":[-1.2483470439910889,-1.4305104514278355e-06]},{""candidate"":""Trill"",""token_ids"":[1282,483],""token_count"":2,""sequence_logprob"":-5.681643486022949,""mean_token_logprob"":-2.8408217430114746,""token_logprobs"":[-3.373347043991089,-2.3082964420318604]},{""candidate"":""Tsik"",""token_ids"":[52793,1579],""token_count"":2,""sequence_logprob"":-3.0579826831817627,""mean_token_logprob"":-1.5289913415908813,""token_logprobs"":[-3.0579710006713867,-1.168244216387393e-05]},{""candidate"":""Twitter"",""token_ids"":[24862],""token_count"":1,""sequence_logprob"":-0.6296829581260681,""mean_token_logprob"":-0.6296829581260681,""token_logprobs"":[-0.6296829581260681]}]"
517703,2020_2_1,Trill,bare,Phee,Phee,false,false,"[{""candidate"":""Infant Cry"",""token_ids"":[19433,517,42705],""token_count"":3,""sequence_logprob"":-9.333039283752441,""mean_token_logprob"":-3.111013094584147,""token_logprobs"":[-9.331913948059082,-6.6756979322235566e-06,-0.0011191064259037375]},{""candidate"":""Phee"",""token_ids"":[47,49053],""token_count"":2,""sequence_logprob"":-1.0506787300109863,""mean_token_logprob"":-0.5253393650054932,""token_logprobs"":[-1.050663709640503,-1.5020257706055418e-05]},{""candidate"":""Seep"",""token_ids"":[1514,747],""token_count"":2,""sequence_logprob"":-1.3006649017333984,""mean_token_logprob"":-0.6503324508666992,""token_logprobs"":[-1.300663709640503,-1.1920922133867862e-06]},{""candidate"":""Trill"",""token_ids"":[1282,483],""token_count"":2,""sequence_logprob"":-6.599566459655762,""mean_token_logprob"":-3.299783229827881,""token_logprobs"":[-3.175663709640503,-3.4239025115966797]},{""candidate"":""Tsik"",""token_ids"":[52793,1579],""token_count"":2,""sequence_logprob"":-1.6758930683135986,""mean_token_logprob"":-0.8379465341567993,""token_logprobs"":[-1.675663709640503,-0.00022933237778488547]},{""candidate"":""Twitter"",""token_ids"":[24862],""token_count"":1,""sequence_logprob"":-2.300663709640503,""mean_token_logprob"":-2.300663709640503,""token_logprobs"":[-2.300663709640503]}]"
517703,2020_2_1,Trill,definition,Seep,Seep,false,false,"[{""candidate"":""Infant Cry"",""token_ids"":[19433,517,42705],""token_count"":3,""sequence_logprob"":-6.344201564788818,""mean_token_logprob"":-2.114733854929606,""token_logprobs"":[-6.343896389007568,-1.9073468138230965e-06,-0.00030322244856506586]},{""candidate"":""Phee"",""token_ids"":[47,49053],""token_count"":2,""sequence_logprob"":-1.7189396619796753,""mean_token_logprob"":-0.8594698309898376,""token_logprobs"":[-1.718896508216858,-4.31528314948082e-05]},{""candidate"":""Seep"",""token_ids"":[1514,747],""token_count"":2,""sequence_logprob"":-0.9063982963562012,""mean_token_logprob"":-0.4531991481781006,""token_logprobs"":[-0.9063965082168579,-1.7881377516459906e-06]},{""candidate"":""Trill"",""token_ids"":[1282,483],""token_count"":2,""sequence_logprob"":-5.2965803146362305,""mean_token_logprob"":-2.6482901573181152,""token_logprobs"":[-2.8438963890075684,-2.452683925628662]},{""candidate"":""Tsik"",""token_ids"":[52793,1579],""token_count"":2,""sequence_logprob"":-3.1564033031463623,""mean_token_logprob"":-1.5782016515731812,""token_logprobs"":[-3.1563963890075684,-6.9141146923357155e-06]},{""candidate"":""Twitter"",""token_ids"":[24862],""token_count"":1,""sequence_logprob"":-1.343896508216858,""mean_token_logprob"":-1.343896508216858,""token_logprobs"":[-1.343896508216858]}]"
518850,2022_12_4,Infant Cry,bare,Phee,Phee,false,false,"[{""candidate"":""Infant Cry"",""token_ids"":[19433,517,42705],""token_count"":3,""sequence_logprob"":-6.800248622894287,""mean_token_logprob"":-2.266749540964762,""token_logprobs"":[-6.799677848815918,-2.3841830625315197e-06,-0.0005683475756086409]},{""candidate"":""Phee"",""token_ids"":[47,49053],""token_count"":2,""sequence_logprob"":-0.8629688024520874,""mean_token_logprob"":-0.4314844012260437,""token_logprobs"":[-0.862959623336792,-9.179073458653875e-06]},{""candidate"":""Seep"",""token_ids"":[1514,747],""token_count"":2,""sequence_logprob"":-1.4821641445159912,""mean_token_logprob"":-0.7410820722579956,""token_logprobs"":[-1.482163667678833,-4.768370445162873e-07]},{""candidate"":""Trill"",""token_ids"":[1282,483],""token_count"":2,""sequence_logprob"":-5.445424556732178,""mean_token_logprob"":-2.722712278366089,""token_logprobs"":[-3.3731651306152344,-2.0722594261169434]},{""candidate"":""Tsik"",""token_ids"":[52793,1579],""token_count"":2,""sequence_logprob"":-1.9872690439224243,""mean_token_logprob"":-0.9936345219612122,""token_logprobs"":[-1.987177848815918,-9.119095193454996e-05]},{""candidate"":""Twitter"",""token_ids"":[24862],""token_count"":1,""sequence_logprob"":-2.050459623336792,""mean_token_logprob"":-2.050459623336792,""token_logprobs"":[-2.050459623336792]}]"
518850,2022_12_4,Infant Cry,definition,Seep,Twitter,false,false,"[{""candidate"":""Infant Cry"",""token_ids"":[19433,517,42705],""token_count"":3,""sequence_logprob"":-4.8708391189575195,""mean_token_logprob"":-1.6236130396525066,""token_logprobs"":[-4.870565891265869,-1.1920922133867862e-06,-0.00027223696815781295]},{""candidate"":""Phee"",""token_ids"":[47,49053],""token_count"":2,""sequence_logprob"":-1.936998724937439,""mean_token_logprob"":-0.9684993624687195,""token_logprobs"":[-1.9369614124298096,-3.731181277544238e-05]},{""candidate"":""Seep"",""token_ids"":[1514,747],""token_count"":2,""sequence_logprob"":-1.354317307472229,""mean_token_logprob"":-0.6771586537361145,""token_logprobs"":[-1.354316234588623,-1.0728830375228426e-06]},{""candidate"":""Trill"",""token_ids"":[1282,483],""token_count"":2,""sequence_logprob"":-4.8245849609375,""mean_token_logprob"":-2.41229248046875,""token_logprobs"":[-3.2718472480773926,-1.5527379512786865]},{""candidate"":""Tsik"",""token_ids"":[52793,1579],""token_count"":2,""sequence_logprob"":-2.9330694675445557,""mean_token_logprob"":-1.4665347337722778,""token_logprobs"":[-2.933065891265869,-3.6954811548639555e-06]},{""candidate"":""Twitter"",""token_ids"":[24862],""token_count"":1,""sequence_logprob"":-0.8119613528251648,""mean_token_logprob"":-0.8119613528251648,""token_logprobs"":[-0.8119613528251648]}]"
521545,2020_7_0,Phee,bare,Phee,Phee,true,true,"[{""candidate"":""Infant Cry"",""token_ids"":[19433,517,42705],""token_count"":3,""sequence_logprob"":-7.756475448608398,""mean_token_logprob"":-2.5854918162027993,""token_logprobs"":[-7.75596284866333,-2.264974000354414e-06,-0.0005103239673189819]},{""candidate"":""Phee"",""token_ids"":[47,49053],""token_count"":2,""sequence_logprob"":-0.6906535625457764,""mean_token_logprob"":-0.3453267812728882,""token_logprobs"":[-0.6906431913375854,-1.0371154530730564e-05]},{""candidate"":""Seep"",""token_ids"":[1514,747],""token_count"":2,""sequence_logprob"":-1.540014624595642,""mean_token_logprob"":-0.770007312297821,""token_logprobs"":[-1.5400131940841675,-1.4305104514278355e-06]},{""candidate"":""Trill"",""token_ids"":[1282,483],""token_count"":2,""sequence_logprob"":-6.025737762451172,""mean_token_logprob"":-3.012868881225586,""token_logprobs"":[-3.167511463165283,-2.8582262992858887]},{""candidate"":""Tsik"",""token_ids"":[52793,1579],""token_count"":2,""sequence_logprob"":-2.457338809967041,""mean_token_logprob"":-1.2286694049835205,""token_logprobs"":[-2.457235813140869,-0.00010299152199877426]},{""candidate"":""Twitter"",""token_ids"":[24862],""token_count"":1,""sequence_logprob"":-2.2431907653808594,""mean_token_logprob"":-2.2431907653808594,""token_logprobs"":[-2.2431907653808594]}]"
521545,2020_7_0,Phee,definition,Twitter,Twitter,false,false,"[{""candidate"":""Infant Cry"",""token_ids"":[19433,517,42705],""token_count"":3,""sequence_logprob"":-6.242713451385498,""mean_token_logprob"":-2.080904483795166,""token_logprobs"":[-6.242232799530029,-1.5497195136049413e-06,-0.00047922570956870914]},{""candidate"":""Phee"",""token_ids"":[47,49053],""token_count"":2,""sequence_logprob"":-2.084379196166992,""mean_token_logprob"":-1.042189598083496,""token_logprobs"":[-2.0843307971954346,-4.8397800128441304e-05]},{""candidate"":""Seep"",""token_ids"":[1514,747],""token_count"":2,""sequence_logprob"":-1.5416693687438965,""mean_token_logprob"":-0.7708346843719482,""token_logprobs"":[-1.534428358078003,-0.007240957580506802]},{""candidate"":""Trill"",""token_ids"":[1282,483],""token_count"":2,""sequence_logprob"":-5.717581748962402,""mean_token_logprob"":-2.858790874481201,""token_logprobs"":[-3.0976977348327637,-2.6198842525482178]},{""candidate"":""Tsik"",""token_ids"":[52793,1579],""token_count"":2,""sequence_logprob"":-3.083858013153076,""mean_token_logprob"":-1.541929006576538,""token_logprobs"":[-3.0838332176208496,-2.4914430468925275e-05]},{""candidate"":""Twitter"",""token_ids"":[24862],""token_count"":1,""sequence_logprob"":-0.6326411962509155,""mean_token_logprob"":-0.6326411962509155,""token_logprobs"":[-0.6326411962509155]}]"
524694,2023_3_0,Infant Cry,bare,Seep,Seep,false,false,"[{""candidate"":""Infant Cry"",""token_ids"":[19433,517,42705],""token_count"":3,""sequence_logprob"":-8.906481742858887,""mean_token_logprob"":-2.968827247619629,""token_logprobs"":[-8.90604019165039,-2.861018856492592e-06,-0.0004385939973872155]},{""candidate"":""Phee"",""token_ids"":[47,49053],""token_count"":2,""sequence_logprob"":-1.3471394777297974,""mean_token_logprob"":-0.6735697388648987,""token_logprobs"":[-1.347128987312317,-1.0490362910786644e-05]},{""candidate"":""Seep"",""token_ids"":[1514,747],""token_count"":2,""sequence_logprob"":-0.9761518239974976,""mean_token_logprob"":-0.4880759119987488,""token_logprobs"":[-0.9761511087417603,-7.152555099310121e-07]},{""candidate"":""Trill"",""token_ids"":[1282,483],""token_count"":2,""sequence_logprob"":-6.623530864715576,""mean_token_logprob"":-3.311765432357788,""token_logprobs"":[-3.2967686653137207,-3.3267621994018555]},{""candidate"":""Tsik"",""token_ids"":[52793,1579],""token_count"":2,""sequence_logprob"":-1.8986546993255615,""mean_token_logprob"":-0.9493273496627808,""token_logprobs"":[-1.898520588874817,-0.00013410145766101778]},{""candidate"":""Twitter"",""token_ids"":[24862],""token_count"":1,""sequence_logprob"":-2.1389689445495605,""mean_token_logprob"":-2.1389689445495605,""token_logprobs"":[-2.1389689445495605]}]"
524694,2023_3_0,Infant Cry,definition,Seep,Twitter,false,false,"[{""candidate"":""Infant Cry"",""token_ids"":[19433,517,42705],""token_count"":3,""sequence_logprob"":-6.855123043060303,""mean_token_logprob"":-2.285041014353434,""token_logprobs"":[-6.854828834533691,-1.6689286894688848e-06,-0.00029273517429828644]},{""candidate"":""Phee"",""token_ids"":[47,49053],""token_count"":2,""sequence_logprob"":-2.548649549484253,""mean_token_logprob"":-1.2743247747421265,""token_logprobs"":[-2.5486011505126953,-4.851700214203447e-05]},{""candidate"":""Seep"",""token_ids"":[1514,747],""token_count"":2,""sequence_logprob"":-1.105303406715393,""mean_token_logprob"":-0.5526517033576965,""token_logprobs"":[-1.105301856994629,-1.5497195136049413e-06]},{""candidate"":""Trill"",""token_ids"":[1282,483],""token_count"":2,""sequence_logprob"":-5.220977783203125,""mean_token_logprob"":-2.6104888916015625,""token_logprobs"":[-3.309889316558838,-1.911088228225708]},{""candidate"":""Tsik"",""token_ids"":[52793,1579],""token_count"":2,""sequence_logprob"":-3.172076940536499,""mean_token_logprob"":-1.5860384702682495,""token_logprobs"":[-3.1720690727233887,-7.867782187531702e-06]},{""candidate"":""Twitter"",""token_ids"":[24862],""token_count"":1,""sequence_logprob"":-0.7688976526260376,""mean_token_logprob"":-0.7688976526260376,""token_logprobs"":[-0.7688976526260376]}]"
526430,2021_1_0,Trill,bare,Seep,Seep,false,false,"[{""candidate"":""Infant Cry"",""token_ids"":[19433,517,42705],""token_count"":3,""sequence_logprob"":-9.228954315185547,""mean_token_logprob"":-3.076318105061849,""token_logprobs"":[-9.228317260742188,-3.099436753473128e-06,-0.000634111522231251]},{""candidate"":""Phee"",""token_ids"":[47,49053],""token_count"":2,""sequence_logprob"":-1.813127875328064,""mean_token_logprob"":-0.906563937664032,""token_logprobs"":[-1.8131113052368164,-1.6569954823353328e-05]},{""candidate"":""Seep"",""token_ids"":[1514,747],""token_count"":2,""sequence_logprob"":-0.5858747363090515,""mean_token_logprob"":-0.29293736815452576,""token_logprobs"":[-0.5858740210533142,-7.152555099310121e-07]},{""candidate"":""Trill"",""token_ids"":[1282,483],""token_count"":2,""sequence_logprob"":-4.6372809410095215,""mean_token_logprob"":-2.3186404705047607,""token_logprobs"":[-3.557600736618042,-1.0796802043914795]},{""candidate"":""Tsik"",""token_ids"":[52793,1579],""token_count"":2,""sequence_logprob"":-1.9050778150558472,""mean_token_logprob"":-0.9525389075279236,""token_logprobs"":[-1.904846429824829,-0.00023135847004596144]},{""candidate"":""Twitter"",""token_ids"":[24862],""token_count"":1,""sequence_logprob"":-2.699392318725586,""mean_token_logprob"":-2.699392318725586,""token_logprobs"":[-2.699392318725586]}]"
526430,2021_1_0,Trill,definition,Seep,Twitter,false,false,"[{""candidate"":""Infant Cry"",""token_ids"":[19433,517,42705],""token_count"":3,""sequence_logprob"":-7.6802778244018555,""mean_token_logprob"":-2.5600926081339517,""token_logprobs"":[-7.679887294769287,-1.4305104514278355e-06,-0.0003890234511345625]},{""candidate"":""Phee"",""token_ids"":[47,49053],""token_count"":2,""sequence_logprob"":-3.1159002780914307,""mean_token_logprob"":-1.5579501390457153,""token_logprobs"":[-3.1158485412597656,-5.173549288883805e-05]},{""candidate"":""Seep"",""token_ids"":[1514,747],""token_count"":2,""sequence_logprob"":-0.8685486912727356,""mean_token_logprob"":-0.4342743456363678,""token_logprobs"":[-0.8685471415519714,-1.5497195136049413e-06]},{""candidate"":""Trill"",""token_ids"":[1282,483],""token_count"":2,""sequence_logprob"":-5.92334508895874,""mean_token_logprob"":-2.96167254447937,""token_logprobs"":[-3.7145867347717285,-2.2087583541870117]},{""candidate"":""Tsik"",""token_ids"":[52793,1579],""token_count"":2,""sequence_logprob"":-3.395815372467041,""mean_token_logprob"":-1.6979076862335205,""token_logprobs"":[-3.3958065509796143,-8.940656698541716e-06]},{""candidate"":""Twitter"",""token_ids"":[24862],""token_count"":1,""sequence_logprob"":-0.8644417524337769,""mean_token_logprob"":-0.8644417524337769,""token_logprobs"":[-0.8644417524337769]}]"
526541,2021_1_0,Infant Cry,bare,Seep,Seep,false,false,"[{""candidate"":""Infant Cry"",""token_ids"":[19433,517,42705],""token_count"":3,""sequence_logprob"":-8.353438377380371,""mean_token_logprob"":-2.7844794591267905,""token_logprobs"":[-8.353043556213379,-1.9073468138230965e-06,-0.00039295581518672407]},{""candidate"":""Phee"",""token_ids"":[47,49053],""token_count"":2,""sequence_logprob"":-1.111602544784546,""mean_token_logprob"":-0.555801272392273,""token_logprobs"":[-1.1115912199020386,-1.1324817933200393e-05]},{""candidate"":""Seep"",""token_ids"":[1514,747],""token_count"":2,""sequence_logprob"":-0.7726174592971802,""mean_token_logprob"":-0.3863087296485901,""token_logprobs"":[-0.772616982460022,-4.768370445162873e-07]},{""candidate"":""Trill"",""token_ids"":[1282,483],""token_count"":2,""sequence_logprob"":-6.470361709594727,""mean_token_logprob"":-3.2351808547973633,""token_logprobs"":[-3.496090888977051,-2.9742705821990967]},{""candidate"":""Tsik"",""token_ids"":[52793,1579],""token_count"":2,""sequence_logprob"":-2.514251708984375,""mean_token_logprob"":-1.2571258544921875,""token_logprobs"":[-2.5141563415527344,-9.548207890475169e-05]},{""candidate"":""Twitter"",""token_ids"":[24862],""token_count"":1,""sequence_logprob"":-2.2718193531036377,""mean_token_logprob"":-2.2718193531036377,""token_logprobs"":[-2.2718193531036377]}]"
526541,2021_1_0,Infant Cry,definition,Seep,Seep,false,false,"[{""candidate"":""Infant Cry"",""token_ids"":[19433,517,42705],""token_count"":3,""sequence_logprob"":-6.263726234436035,""mean_token_logprob"":-2.0879087448120117,""token_logprobs"":[-6.26350736618042,-1.1920922133867862e-06,-0.0002181292074965313]},{""candidate"":""Phee"",""token_ids"":[47,49053],""token_count"":2,""sequence_logprob"":-2.6403934955596924,""mean_token_logprob"":-1.3201967477798462,""token_logprobs"":[-2.640353202819824,-4.0411134250462055e-05]},{""candidate"":""Seep"",""token_ids"":[1514,747],""token_count"":2,""sequence_logprob"":-0.7786917090415955,""mean_token_logprob"":-0.38934585452079773,""token_logprobs"":[-0.7786902785301208,-1.4305104514278355e-06]},{""candidate"":""Trill"",""token_ids"":[1282,483],""token_count"":2,""sequence_logprob"":-5.957095623016357,""mean_token_logprob"":-2.9785478115081787,""token_logprobs"":[-3.4894230365753174,-2.46767258644104]},{""candidate"":""Tsik"",""token_ids"":[52793,1579],""token_count"":2,""sequence_logprob"":-3.266932964324951,""mean_token_logprob"":-1.6334664821624756,""token_logprobs"":[-3.26692533493042,-7.629365427419543e-06]},{""candidate"":""Twitter"",""token_ids"":[24862],""token_count"":1,""sequence_logprob"":-1.016560435295105,""mean_token_logprob"":-1.016560435295105,""token_logprobs"":[-1.016560435295105]}]"
52861,2022_1_5,Trill,bare,Phee,Phee,false,false,"[{""candidate"":""Infant Cry"",""token_ids"":[19433,517,42705],""token_count"":3,""sequence_logprob"":-9.537108421325684,""mean_token_logprob"":-3.1790361404418945,""token_logprobs"":[-9.536346435546875,-2.9802276912960224e-06,-0.0007588367443531752]},{""candidate"":""Phee"",""token_ids"":[47,49053],""token_count"":2,""sequence_logprob"":-1.1301084756851196,""mean_token_logprob"":-0.5650542378425598,""token_logprobs"":[-1.130096673965454,-1.1801649634435307e-05]},{""candidate"":""Seep"",""token_ids"":[1514,747],""token_count"":2,""sequence_logprob"":-1.3800978660583496,""mean_token_logprob"":-0.6900489330291748,""token_logprobs"":[-1.380096673965454,-1.1920922133867862e-06]},{""candidate"":""Trill"",""token_ids"":[1282,483],""token_count"":2,""sequence_logprob"":-5.495377540588379,""mean_token_logprob"":-2.7476887702941895,""token_logprobs"":[-3.255096673965454,-2.2402806282043457]},{""candidate"":""Tsik"",""token_ids"":[52793,1579],""token_count"":2,""sequence_logprob"":-1.6927891969680786,""mean_token_logprob"":-0.8463945984840393,""token_logprobs"":[-1.692596673965454,-0.000192504478036426]},{""candidate"":""Twitter"",""token_ids"":[24862],""token_count"":1,""sequence_logprob"":-1.817596673965454,""mean_token_logprob"":-1.817596673965454,""token_logprobs"":[-1.817596673965454]}]"
52861,2022_1_5,Trill,definition,Twitter,Twitter,false,false,"[{""candidate"":""Infant Cry"",""token_ids"":[19433,517,42705],""token_count"":3,""sequence_logprob"":-7.018099784851074,""mean_token_logprob"":-2.339366594950358,""token_logprobs"":[-7.017836093902588,-1.1920922133867862e-06,-0.00026294111739844084]},{""candidate"":""Phee"",""token_ids"":[47,49053],""token_count"":2,""sequence_logprob"":-2.455366373062134,""mean_token_logprob"":-1.227683186531067,""token_logprobs"":[-2.455335855484009,-3.0636318115284666e-05]},{""candidate"":""Seep"",""token_ids"":[1514,747],""token_count"":2,""sequence_logprob"":-1.3928378820419312,""mean_token_logprob"":-0.6964189410209656,""token_logprobs"":[-1.3928358554840088,-2.0265558760002023e-06]},{""candidate"":""Trill"",""token_ids"":[1282,483],""token_count"":2,""sequence_logprob"":-4.642779350280762,""mean_token_logprob"":-2.321389675140381,""token_logprobs"":[-3.330335855484009,-1.3124433755874634]},{""candidate"":""Tsik"",""token_ids"":[52793,1579],""token_count"":2,""sequence_logprob"":-3.2678394317626953,""mean_token_logprob"":-1.6339197158813477,""token_logprobs"":[-3.267835855484009,-3.6954811548639555e-06]},{""candidate"":""Twitter"",""token_ids"":[24862],""token_count"":1,""sequence_logprob"":-0.5803359150886536,""mean_token_logprob"":-0.5803359150886536,""token_logprobs"":[-0.5803359150886536]}]"
533988,2020_7_0,Seep,bare,Seep,Seep,true,true,"[{""candidate"":""Infant Cry"",""token_ids"":[19433,517,42705],""token_count"":3,""sequence_logprob"":-8.176560401916504,""mean_token_logprob"":-2.725520133972168,""token_logprobs"":[-8.175592422485352,-2.861018856492592e-06,-0.0009650102583691478]},{""candidate"":""Phee"",""token_ids"":[47,49053],""token_count"":2,""sequence_logprob"":-1.5419716835021973,""mean_token_logprob"":-0.7709858417510986,""token_logprobs"":[-1.5419470071792603,-2.4676019165781327e-05]},{""candidate"":""Seep"",""token_ids"":[1514,747],""token_count"":2,""sequence_logprob"":-1.0625669956207275,""mean_token_logprob"":-0.5312834978103638,""token_logprobs"":[-1.062565803527832,-1.1920922133867862e-06]},{""candidate"":""Trill"",""token_ids"":[1282,483],""token_count"":2,""sequence_logprob"":-5.345606803894043,""mean_token_logprob"":-2.6728034019470215,""token_logprobs"":[-2.8399248123168945,-2.5056819915771484]},{""candidate"":""Tsik"",""token_ids"":[52793,1579],""token_count"":2,""sequence_logprob"":-1.5377329587936401,""mean_token_logprob"":-0.7688664793968201,""token_logprobs"":[-1.5374687910079956,-0.0002641328901518136]},{""candidate"":""Twitter"",""token_ids"":[24862],""token_count"":1,""sequence_logprob"":-2.0521230697631836,""mean_token_logprob"":-2.0521230697631836,""token_logprobs"":[-2.0521230697631836]}]"
533988,2020_7_0,Seep,definition,Twitter,Twitter,false,false,"[{""candidate"":""Infant Cry"",""token_ids"":[19433,517,42705],""token_count"":3,""sequence_logprob"":-6.241934299468994,""mean_token_logprob"":-2.0806447664896646,""token_logprobs"":[-6.241540908813477,-1.4305104514278355e-06,-0.00039188333903439343]},{""candidate"":""Phee"",""token_ids"":[47,49053],""token_count"":2,""sequence_logprob"":-2.0008256435394287,""mean_token_logprob"":-1.0004128217697144,""token_logprobs"":[-2.0007834434509277,-4.23184028477408e-05]},{""candidate"":""Seep"",""token_ids"":[1514,747],""token_count"":2,""sequence_logprob"":-1.3860244750976562,""mean_token_logprob"":-0.6930122375488281,""token_logprobs"":[-1.3860218524932861,-2.622600959512056e-06]},{""candidate"":""Trill"",""token_ids"":[1282,483],""token_count"":2,""sequence_logprob"":-4.365970134735107,""mean_token_logprob"":-2.1829850673675537,""token_logprobs"":[-2.94931960105896,-1.4166505336761475]},{""candidate"":""Tsik"",""token_ids"":[52793,1579],""token_count"":2,""sequence_logprob"":-3.4203600883483887,""mean_token_logprob"":-1.7101800441741943,""token_logprobs"":[-3.4203543663024902,-5.8412379075889476e-06]},{""candidate"":""Twitter"",""token_ids"":[24862],""token_count"":1,""sequence_logprob"":-0.6495711803436279,""mean_token_logprob"":-0.6495711803436279,""token_logprobs"":[-0.6495711803436279]}]"
539296,2020_3_0,Seep,bare,Seep,Seep,true,true,"[{""candidate"":""Infant Cry"",""token_ids"":[19433,517,42705],""token_count"":3,""sequence_logprob"":-8.505330085754395,""mean_token_logprob"":-2.8351100285847983,""token_logprobs"":[-8.504899024963379,-1.7881377516459906e-06,-0.0004294188693165779]},{""candidate"":""Phee"",""token_ids"":[47,49053],""token_count"":2,""sequence_logprob"":-1.4189772605895996,""mean_token_logprob"":-0.7094886302947998,""token_logprobs"":[-1.4189658164978027,-1.1444026313256472e-05]},{""candidate"":""Seep"",""token_ids"":[1514,747],""token_count"":2,""sequence_logprob"":-1.293284296989441,""mean_token_logprob"":-0.6466421484947205,""token_logprobs"":[-1.2932833433151245,-9.536738616588991e-07]},{""candidate"":""Trill"",""token_ids"":[1282,483],""token_count"":2,""sequence_logprob"":-4.582098484039307,""mean_token_logprob"":-2.2910492420196533,""token_logprobs"":[-3.0084919929504395,-1.5736063718795776]},{""candidate"":""Tsik"",""token_ids"":[52793,1579],""token_count"":2,""sequence_logprob"":-1.4425405263900757,""mean_token_logprob"":-0.7212702631950378,""token_logprobs"":[-1.4423987865447998,-0.00014172980445437133]},{""candidate"":""Twitter"",""token_ids"":[24862],""token_count"":1,""sequence_logprob"":-1.9814658164978027,""mean_token_logprob"":-1.9814658164978027,""token_logprobs"":[-1.9814658164978027]}]"
539296,2020_3_0,Seep,definition,Seep,Twitter,true,false,"[{""candidate"":""Infant Cry"",""token_ids"":[19433,517,42705],""token_count"":3,""sequence_logprob"":-7.094099044799805,""mean_token_logprob"":-2.364699681599935,""token_logprobs"":[-7.093876838684082,-1.5497195136049413e-06,-0.00022075122979003936]},{""candidate"":""Phee"",""token_ids"":[47,49053],""token_count"":2,""sequence_logprob"":-3.278238296508789,""mean_token_logprob"":-1.6391191482543945,""token_logprobs"":[-3.2781591415405273,-7.92710343375802e-05]},{""candidate"":""Seep"",""token_ids"":[1514,747],""token_count"":2,""sequence_logprob"":-1.1381354331970215,""mean_token_logprob"":-0.5690677165985107,""token_logprobs"":[-1.1381332874298096,-2.145764938177308e-06]},{""candidate"":""Trill"",""token_ids"":[1282,483],""token_count"":2,""sequence_logprob"":-6.147350788116455,""mean_token_logprob"":-3.0736753940582275,""token_logprobs"":[-3.320993423461914,-2.826357364654541]},{""candidate"":""Tsik"",""token_ids"":[52793,1579],""token_count"":2,""sequence_logprob"":-3.3438880443573,""mean_token_logprob"":-1.67194402217865,""token_logprobs"":[-3.343876600265503,-1.1444026313256472e-05]},{""candidate"":""Twitter"",""token_ids"":[24862],""token_count"":1,""sequence_logprob"":-0.5906592607498169,""mean_token_logprob"":-0.5906592607498169,""token_logprobs"":[-0.5906592607498169]}]"
547992,2020_7_0,Phee,bare,Phee,Phee,true,true,"[{""candidate"":""Infant Cry"",""token_ids"":[19433,517,42705],""token_count"":3,""sequence_logprob"":-7.7727556228637695,""mean_token_logprob"":-2.59091854095459,""token_logprobs"":[-7.772408485412598,-1.5497195136049413e-06,-0.0003457663697190583]},{""candidate"":""Phee"",""token_ids"":[47,49053],""token_count"":2,""sequence_logprob"":-0.7403692007064819,""mean_token_logprob"":-0.37018460035324097,""token_logprobs"":[-0.7403595447540283,-9.65590606938349e-06]},{""candidate"":""Seep"",""token_ids"":[1514,747],""token_count"":2,""sequence_logprob"":-1.3183995485305786,""mean_token_logprob"":-0.6591997742652893,""token_logprobs"":[-1.3183984756469727,-1.0728830375228426e-06]},{""candidate"":""Trill"",""token_ids"":[1282,483],""token_count"":2,""sequence_logprob"":-4.708856582641602,""mean_token_logprob"":-2.354428291320801,""token_logprobs"":[-3.39270281791687,-1.3161540031433105]},{""candidate"":""Tsik"",""token_ids"":[52793,1579],""token_count"":2,""sequence_logprob"":-2.5332705974578857,""mean_token_logprob"":-1.2666352987289429,""token_logprobs"":[-2.533200740814209,-6.985420623095706e-05]},{""candidate"":""Twitter"",""token_ids"":[24862],""token_count"":1,""sequence_logprob"":-2.0549235343933105,""mean_token_logprob"":-2.0549235343933105,""token_logprobs"":[-2.0549235343933105]}]"
547992,2020_7_0,Phee,definition,Twitter,Twitter,false,false,"[{""candidate"":""Infant Cry"",""token_ids"":[19433,517,42705],""token_count"":3,""sequence_logprob"":-6.750052452087402,""mean_token_logprob"":-2.2500174840291343,""token_logprobs"":[-6.749874591827393,-1.1920922133867862e-06,-0.00017712931730784476]},{""candidate"":""Phee"",""token_ids"":[47,49053],""token_count"":2,""sequence_logprob"":-2.2730860710144043,""mean_token_logprob"":-1.1365430355072021,""token_logprobs"":[-2.2730517387390137,-3.4450891689630225e-05]},{""candidate"":""Seep"",""token_ids"":[1514,747],""token_count"":2,""sequence_logprob"":-1.353665828704834,""mean_token_logprob"":-0.676832914352417,""token_logprobs"":[-1.3536646366119385,-1.1920922133867862e-06]},{""candidate"":""Trill"",""token_ids"":[1282,483],""token_count"":2,""sequence_logprob"":-6.20222806930542,""mean_token_logprob"":-3.10111403465271,""token_logprobs"":[-3.3767292499542236,-2.8254988193511963]},{""candidate"":""Tsik"",""token_ids"":[52793,1579],""token_count"":2,""sequence_logprob"":-3.1753575801849365,""mean_token_logprob"":-1.5876787900924683,""token_logprobs"":[-3.1753528118133545,-4.887569048150908e-06]},{""candidate"":""Twitter"",""token_ids"":[24862],""token_count"":1,""sequence_logprob"":-0.6487547755241394,""mean_token_logprob"":-0.6487547755241394,""token_logprobs"":[-0.6487547755241394]}]"
556866,2020_10_0,Twitter,bare,Seep,Seep,false,false,"[{""candidate"":""Infant Cry"",""token_ids"":[19433,517,42705],""token_count"":3,""sequence_logprob"":-9.428093910217285,""mean_token_logprob"":-3.1426979700724282,""token_logprobs"":[-9.427445411682129,-2.861018856492592e-06,-0.0006453100359067321]},{""candidate"":""Phee"",""token_ids"":[47,49053],""token_count"":2,""sequence_logprob"":-1.4603325128555298,""mean_token_logprob"":-0.7301662564277649,""token_logprobs"":[-1.4603204727172852,-1.2040065485052764e-05]},{""candidate"":""Seep"",""token_ids"":[1514,747],""token_count"":2,""sequence_logprob"":-1.2837204933166504,""mean_token_logprob"":-0.6418602466583252,""token_logprobs"":[-1.283719539642334,-9.536738616588991e-07]},{""candidate"":""Trill"",""token_ids"":[1282,483],""token_count"":2,""sequence_logprob"":-6.105307579040527,""mean_token_logprob"":-3.0526537895202637,""token_logprobs"":[-3.0869884490966797,-3.0183191299438477]},{""candidate"":""Tsik"",""token_ids"":[52793,1579],""token_count"":2,""sequence_logprob"":-1.556225299835205,""mean_token_logprob"":-0.7781126499176025,""token_logprobs"":[-1.5560095310211182,-0.0002157455455744639]},{""candidate"":""Twitter"",""token_ids"":[24862],""token_count"":1,""sequence_logprob"":-1.5228204727172852,""mean_token_logprob"":-1.5228204727172852,""token_logprobs"":[-1.5228204727172852]}]"
556866,2020_10_0,Twitter,definition,Twitter,Twitter,true,true,"[{""candidate"":""Infant Cry"",""token_ids"":[19433,517,42705],""token_count"":3,""sequence_logprob"":-7.350610256195068,""mean_token_logprob"":-2.4502034187316895,""token_logprobs"":[-7.350322723388672,-1.311301275563892e-06,-0.0002862997353076935]},{""candidate"":""Phee"",""token_ids"":[47,49053],""token_count"":2,""sequence_logprob"":-2.5421485900878906,""mean_token_logprob"":-1.2710742950439453,""token_logprobs"":[-2.5421125888824463,-3.611976353568025e-05]},{""candidate"":""Seep"",""token_ids"":[1514,747],""token_count"":2,""sequence_logprob"":-1.5471957921981812,""mean_token_logprob"":-0.7735978960990906,""token_logprobs"":[-1.547194242477417,-1.5497195136049413e-06]},{""candidate"":""Trill"",""token_ids"":[1282,483],""token_count"":2,""sequence_logprob"":-5.030073165893555,""mean_token_logprob"":-2.5150365829467773,""token_logprobs"":[-3.1995697021484375,-1.8305034637451172]},{""candidate"":""Tsik"",""token_ids"":[52793,1579],""token_count"":2,""sequence_logprob"":-3.352271318435669,""mean_token_logprob"":-1.6761356592178345,""token_logprobs"":[-3.352267265319824,-4.0531076592742465e-06]},{""candidate"":""Twitter"",""token_ids"":[24862],""token_count"":1,""sequence_logprob"":-0.47961267828941345,""mean_token_logprob"":-0.47961267828941345,""token_logprobs"":[-0.47961267828941345]}]"
558285,2020_10_0,Twitter,bare,Phee,Phee,false,false,"[{""candidate"":""Infant Cry"",""token_ids"":[19433,517,42705],""token_count"":3,""sequence_logprob"":-9.464797019958496,""mean_token_logprob"":-3.1549323399861655,""token_logprobs"":[-9.464102745056152,-2.9802276912960224e-06,-0.0006910558440722525]},{""candidate"":""Phee"",""token_ids"":[47,49053],""token_count"":2,""sequence_logprob"":-1.2902778387069702,""mean_token_logprob"":-0.6451389193534851,""token_logprobs"":[-1.2902679443359375,-9.894321920000948e-06]},{""candidate"":""Seep"",""token_ids"":[1514,747],""token_count"":2,""sequence_logprob"":-1.4159390926361084,""mean_token_logprob"":-0.7079695463180542,""token_logprobs"":[-1.415938138961792,-9.536738616588991e-07]},{""candidate"":""Trill"",""token_ids"":[1282,483],""token_count"":2,""sequence_logprob"":-5.040263652801514,""mean_token_logprob"":-2.520131826400757,""token_logprobs"":[-3.0306739807128906,-2.009589672088623]},{""candidate"":""Tsik"",""token_ids"":[52793,1579],""token_count"":2,""sequence_logprob"":-1.6976474523544312,""mean_token_logprob"":-0.8488237261772156,""token_logprobs"":[-1.6974862813949585,-0.00016115797916427255]},{""candidate"":""Twitter"",""token_ids"":[24862],""token_count"":1,""sequence_logprob"":-1.8193995952606201,""mean_token_logprob"":-1.8193995952606201,""token_logprobs"":[-1.8193995952606201]}]"
558285,2020_10_0,Twitter,definition,Twitter,Twitter,true,true,"[{""candidate"":""Infant Cry"",""token_ids"":[19433,517,42705],""token_count"":3,""sequence_logprob"":-7.220629692077637,""mean_token_logprob"":-2.406876564025879,""token_logprobs"":[-7.220417022705078,-1.1920922133867862e-06,-0.00021181246847845614]},{""candidate"":""Phee"",""token_ids"":[47,49053],""token_count"":2,""sequence_logprob"":-2.830435037612915,""mean_token_logprob"":-1.4152175188064575,""token_logprobs"":[-2.830397129058838,-3.790783375734463e-05]},{""candidate"":""Seep"",""token_ids"":[1514,747],""token_count"":2,""sequence_logprob"":-1.5063610076904297,""mean_token_logprob"":-0.7531805038452148,""token_logprobs"":[-1.506359338760376,-1.6689286894688848e-06]},{""candidate"":""Trill"",""token_ids"":[1282,483],""token_count"":2,""sequence_logprob"":-5.9061431884765625,""mean_token_logprob"":-2.9530715942382812,""token_logprobs"":[-3.559652090072632,-2.3464908599853516]},{""candidate"":""Tsik"",""token_ids"":[52793,1579],""token_count"":2,""sequence_logprob"":-2.935001850128174,""mean_token_logprob"":-1.467500925064087,""token_logprobs"":[-2.934995651245117,-6.318072337307967e-06]},{""candidate"":""Twitter"",""token_ids"":[24862],""token_count"":1,""sequence_logprob"":-0.4976481795310974,""mean_token_logprob"":-0.4976481795310974,""token_logprobs"":[-0.4976481795310974]}]"
558541,2020_10_0,Phee,bare,Phee,Phee,true,true,"[{""candidate"":""Infant Cry"",""token_ids"":[19433,517,42705],""token_count"":3,""sequence_logprob"":-8.148191452026367,""mean_token_logprob"":-2.7160638173421225,""token_logprobs"":[-8.147729873657227,-1.9073468138230965e-06,-0.0004592079494614154]},{""candidate"":""Phee"",""token_ids"":[47,49053],""token_count"":2,""sequence_logprob"":-0.8848369717597961,""mean_token_logprob"":-0.44241848587989807,""token_logprobs"":[-0.8848276734352112,-9.298280929215252e-06]},{""candidate"":""Seep"",""token_ids"":[1514,747],""token_count"":2,""sequence_logprob"":-1.1919692754745483,""mean_token_logprob"":-0.5959846377372742,""token_logprobs"":[-1.191968321800232,-9.536738616588991e-07]},{""candidate"":""Trill"",""token_ids"":[1282,483],""token_count"":2,""sequence_logprob"":-5.993492603302002,""mean_token_logprob"":-2.996746301651001,""token_logprobs"":[-3.1433868408203125,-2.8501057624816895]},{""candidate"":""Tsik"",""token_ids"":[52793,1579],""token_count"":2,""sequence_logprob"":-2.357499122619629,""mean_token_logprob"":-1.1787495613098145,""token_logprobs"":[-2.357316493988037,-0.00018261195509694517]},{""candidate"":""Twitter"",""token_ids"":[24862],""token_count"":1,""sequence_logprob"":-2.016123056411743,""mean_token_logprob"":-2.016123056411743,""token_logprobs"":[-2.016123056411743]}]"
558541,2020_10_0,Phee,definition,Twitter,Twitter,false,false,"[{""candidate"":""Infant Cry"",""token_ids"":[19433,517,42705],""token_count"":3,""sequence_logprob"":-6.841031551361084,""mean_token_logprob"":-2.280343850453695,""token_logprobs"":[-6.840777397155762,-9.536738616588991e-07,-0.00025328766787424684]},{""candidate"":""Phee"",""token_ids"":[47,49053],""token_count"":2,""sequence_logprob"":-1.9080864191055298,""mean_token_logprob"":-0.9540432095527649,""token_logprobs"":[-1.9080475568771362,-3.886147169396281e-05]},{""candidate"":""Seep"",""token_ids"":[1514,747],""token_count"":2,""sequence_logprob"":-1.394624948501587,""mean_token_logprob"":-0.6973124742507935,""token_logprobs"":[-1.394623875617981,-1.0728830375228426e-06]},{""candidate"":""Trill"",""token_ids"":[1282,483],""token_count"":2,""sequence_logprob"":-5.4696149826049805,""mean_token_logprob"":-2.7348074913024902,""token_logprobs"":[-3.3675496578216553,-2.1020655632019043]},{""candidate"":""Tsik"",""token_ids"":[52793,1579],""token_count"":2,""sequence_logprob"":-3.1872262954711914,""mean_token_logprob"":-1.5936131477355957,""token_logprobs"":[-3.187222957611084,-3.3378546504536644e-06]},{""candidate"":""Twitter"",""token_ids"":[24862],""token_count"":1,""sequence_logprob"":-0.685880184173584,""mean_token_logprob"":-0.685880184173584,""token_logprobs"":[-0.685880184173584]}]"
567471,2021_9_0,Twitter,bare,Phee,Phee,false,false,"[{""candidate"":""Infant Cry"",""token_ids"":[19433,517,42705],""token_count"":3,""sequence_logprob"":-8.573348045349121,""mean_token_logprob"":-2.8577826817830405,""token_logprobs"":[-8.57262897491455,-3.933898824470816e-06,-0.0007151191821321845]},{""candidate"":""Phee"",""token_ids"":[47,49053],""token_count"":2,""sequence_logprob"":-1.134125828742981,""mean_token_logprob"":-0.5670629143714905,""token_logprobs"":[-1.1341160535812378,-9.775113539944869e-06]},{""candidate"":""Seep"",""token_ids"":[1514,747],""token_count"":2,""sequence_logprob"":-1.5608986616134644,""mean_token_logprob"":-0.7804493308067322,""token_logprobs"":[-1.560897707939148,-9.536738616588991e-07]},{""candidate"":""Trill"",""token_ids"":[1282,483],""token_count"":2,""sequence_logprob"":-6.68264102935791,""mean_token_logprob"":-3.341320514678955,""token_logprobs"":[-3.2794604301452637,-3.4031805992126465]},{""candidate"":""Tsik"",""token_ids"":[52793,1579],""token_count"":2,""sequence_logprob"":-1.3104422092437744,""mean_token_logprob"":-0.6552211046218872,""token_logprobs"":[-1.3103306293487549,-0.00011157367407577112]},{""candidate"":""Twitter"",""token_ids"":[24862],""token_count"":1,""sequence_logprob"":-2.1070048809051514,""mean_token_logprob"":-2.1070048809051514,""token_logprobs"":[-2.1070048809051514]}]"
567471,2021_9_0,Twitter,definition,Seep,Twitter,false,true,"[{""candidate"":""Infant Cry"",""token_ids"":[19433,517,42705],""token_count"":3,""sequence_logprob"":-6.993328094482422,""mean_token_logprob"":-2.331109364827474,""token_logprobs"":[-6.993138313293457,-1.0728830375228426e-06,-0.00018869050836656243]},{""candidate"":""Phee"",""token_ids"":[47,49053],""token_count"":2,""sequence_logprob"":-2.147611379623413,""mean_token_logprob"":-1.0738056898117065,""token_logprobs"":[-2.1475701332092285,-4.136476854910143e-05]},{""candidate"":""Seep"",""token_ids"":[1514,747],""token_count"":2,""sequence_logprob"":-1.3101330995559692,""mean_token_logprob"":-0.6550665497779846,""token_logprobs"":[-1.3101320266723633,-1.0728830375228426e-06]},{""candidate"":""Trill"",""token_ids"":[1282,483],""token_count"":2,""sequence_logprob"":-4.756651401519775,""mean_token_logprob"":-2.3783257007598877,""token_logprobs"":[-3.0763869285583496,-1.6802644729614258]},{""candidate"":""Tsik"",""token_ids"":[52793,1579],""token_count"":2,""sequence_logprob"":-2.884406566619873,""mean_token_logprob"":-1.4422032833099365,""token_logprobs"":[-2.884401559829712,-5.006777428206988e-06]},{""candidate"":""Twitter"",""token_ids"":[24862],""token_count"":1,""sequence_logprob"":-0.8221617937088013,""mean_token_logprob"":-0.8221617937088013,""token_logprobs"":[-0.8221617937088013]}]"
572081,2020_10_1,Trill,bare,Phee,Phee,false,false,"[{""candidate"":""Infant Cry"",""token_ids"":[19433,517,42705],""token_count"":3,""sequence_logprob"":-9.220442771911621,""mean_token_logprob"":-3.0734809239705405,""token_logprobs"":[-9.220069885253906,-2.9802276912960224e-06,-0.00036995718255639076]},{""candidate"":""Phee"",""token_ids"":[47,49053],""token_count"":2,""sequence_logprob"":-1.1888337135314941,""mean_token_logprob"":-0.5944168567657471,""token_logprobs"":[-1.1888195276260376,-1.4185804502631072e-05]},{""candidate"":""Seep"",""token_ids"":[1514,747],""token_count"":2,""sequence_logprob"":-1.3763203620910645,""mean_token_logprob"":-0.6881601810455322,""token_logprobs"":[-1.3763195276260376,-8.344646857949556e-07]},{""candidate"":""Trill"",""token_ids"":[1282,483],""token_count"":2,""sequence_logprob"":-5.926746845245361,""mean_token_logprob"":-2.9633734226226807,""token_logprobs"":[-3.188819408416748,-2.7379274368286133]},{""candidate"":""Tsik"",""token_ids"":[52793,1579],""token_count"":2,""sequence_logprob"":-1.3764419555664062,""mean_token_logprob"":-0.6882209777832031,""token_logprobs"":[-1.3763195276260376,-0.00012242044613230973]},{""candidate"":""Twitter"",""token_ids"":[24862],""token_count"":1,""sequence_logprob"":-2.188819408416748,""mean_token_logprob"":-2.188819408416748,""token_logprobs"":[-2.188819408416748]}]"
572081,2020_10_1,Trill,definition,Twitter,Twitter,false,false,"[{""candidate"":""Infant Cry"",""token_ids"":[19433,517,42705],""token_count"":3,""sequence_logprob"":-8.317851066589355,""mean_token_logprob"":-2.7726170221964517,""token_logprobs"":[-8.317669868469238,-1.311301275563892e-06,-0.00018010901112575084]},{""candidate"":""Phee"",""token_ids"":[47,49053],""token_count"":2,""sequence_logprob"":-2.880209445953369,""mean_token_logprob"":-1.4401047229766846,""token_logprobs"":[-2.88016939163208,-4.005352093372494e-05]},{""candidate"":""Seep"",""token_ids"":[1514,747],""token_count"":2,""sequence_logprob"":-1.817671537399292,""mean_token_logprob"":-0.908835768699646,""token_logprobs"":[-1.81766939163208,-2.145764938177308e-06]},{""candidate"":""Trill"",""token_ids"":[1282,483],""token_count"":2,""sequence_logprob"":-5.5402727127075195,""mean_token_logprob"":-2.7701363563537598,""token_logprobs"":[-3.44266939163208,-2.0976035594940186]},{""candidate"":""Tsik"",""token_ids"":[52793,1579],""token_count"":2,""sequence_logprob"":-3.192673683166504,""mean_token_logprob"":-1.596336841583252,""token_logprobs"":[-3.19266939163208,-4.410734163684538e-06]},{""candidate"":""Twitter"",""token_ids"":[24862],""token_count"":1,""sequence_logprob"":-0.38016945123672485,""mean_token_logprob"":-0.38016945123672485,""token_logprobs"":[-0.38016945123672485]}]"
582600,2020_11_0,Phee,bare,Seep,Seep,false,false,"[{""candidate"":""Infant Cry"",""token_ids"":[19433,517,42705],""token_count"":3,""sequence_logprob"":-9.086185455322266,""mean_token_logprob"":-3.028728485107422,""token_logprobs"":[-9.085733413696289,-1.7881377516459906e-06,-0.00044967554276809096]},{""candidate"":""Phee"",""token_ids"":[47,49053],""token_count"":2,""sequence_logprob"":-1.2464326620101929,""mean_token_logprob"":-0.6232163310050964,""token_logprobs"":[-1.2464196681976318,-1.2993727978027891e-05]},{""candidate"":""Seep"",""token_ids"":[1514,747],""token_count"":2,""sequence_logprob"":-0.6648766994476318,""mean_token_logprob"":-0.3324383497238159,""token_logprobs"":[-0.6648762226104736,-4.768370445162873e-07]},{""candidate"":""Trill"",""token_ids"":[1282,483],""token_count"":2,""sequence_logprob"":-6.375430107116699,""mean_token_logprob"":-3.1877150535583496,""token_logprobs"":[-3.7631595134735107,-2.6122708320617676]},{""candidate"":""Tsik"",""token_ids"":[52793,1579],""token_count"":2,""sequence_logprob"":-2.687037706375122,""mean_token_logprob"":-1.343518853187561,""token_logprobs"":[-2.6869375705718994,-0.00010013079008786008]},{""candidate"":""Twitter"",""token_ids"":[24862],""token_count"":1,""sequence_logprob"":-2.746419668197632,""mean_token_logprob"":-2.746419668197632,""token_logprobs"":[-2.746419668197632]}]"
582600,2020_11_0,Phee,definition,Seep,Seep,false,false,"[{""candidate"":""Infant Cry"",""token_ids"":[19433,517,42705],""token_count"":3,""sequence_logprob"":-7.652564525604248,""mean_token_logprob"":-2.5508548418680825,""token_logprobs"":[-7.652337074279785,-1.5497195136049413e-06,-0.00022623363474849612]},{""candidate"":""Phee"",""token_ids"":[47,49053],""token_count"":2,""sequence_logprob"":-2.583904981613159,""mean_token_logprob"":-1.2919524908065796,""token_logprobs"":[-2.5838592052459717,-4.577531944960356e-05]},{""candidate"":""Seep"",""token_ids"":[1514,747],""token_count"":2,""sequence_logprob"":-0.8333333730697632,""mean_token_logprob"":-0.4166666865348816,""token_logprobs"":[-0.8333314657211304,-1.9073468138230965e-06]},{""candidate"":""Trill"",""token_ids"":[1282,483],""token_count"":2,""sequence_logprob"":-5.5850629806518555,""mean_token_logprob"":-2.7925314903259277,""token_logprobs"":[-3.7066750526428223,-1.8783881664276123]},{""candidate"":""Tsik"",""token_ids"":[52793,1579],""token_count"":2,""sequence_logprob"":-3.5294570922851562,""mean_token_logprob"":-1.7647285461425781,""token_logprobs"":[-3.5294432640075684,-1.3947389561508317e-05]},{""candidate"":""Twitter"",""token_ids"":[24862],""token_count"":1,""sequence_logprob"":-0.9588592052459717,""mean_token_logprob"":-0.9588592052459717,""token_logprobs"":[-0.9588592052459717]}]"
582662,2020_11_0,Seep,bare,Seep,Seep,true,true,"[{""candidate"":""Infant Cry"",""token_ids"":[19433,517,42705],""token_count"":3,""sequence_logprob"":-8.660143852233887,""mean_token_logprob"":-2.8867146174112954,""token_logprobs"":[-8.659786224365234,-2.3841830625315197e-06,-0.00035613393993116915]},{""candidate"":""Phee"",""token_ids"":[47,49053],""token_count"":2,""sequence_logprob"":-1.383123755455017,""mean_token_logprob"":-0.6915618777275085,""token_logprobs"":[-1.3831082582473755,-1.549708758830093e-05]},{""candidate"":""Seep"",""token_ids"":[1514,747],""token_count"":2,""sequence_logprob"":-1.097287893295288,""mean_token_logprob"":-0.548643946647644,""token_logprobs"":[-1.0972864627838135,-1.4305104514278355e-06]},{""candidate"":""Trill"",""token_ids"":[1282,483],""token_count"":2,""sequence_logprob"":-6.953377723693848,""mean_token_logprob"":-3.476688861846924,""token_logprobs"":[-3.258108139038086,-3.695269823074341]},{""candidate"":""Tsik"",""token_ids"":[52793,1579],""token_count"":2,""sequence_logprob"":-1.6678695678710938,""mean_token_logprob"":-0.8339347839355469,""token_logprobs"":[-1.6676862239837646,-0.0001833270798670128]},{""candidate"":""Twitter"",""token_ids"":[24862],""token_count"":1,""sequence_logprob"":-1.7725255489349365,""mean_token_logprob"":-1.7725255489349365,""token_logprobs"":[-1.7725255489349365]}]"
582662,2020_11_0,Seep,definition,Twitter,Twitter,false,false,"[{""candidate"":""Infant Cry"",""token_ids"":[19433,517,42705],""token_count"":3,""sequence_logprob"":-8.145628929138184,""mean_token_logprob"":-2.715209643046061,""token_logprobs"":[-8.145362854003906,-1.7881377516459906e-06,-0.0002640137099660933]},{""candidate"":""Phee"",""token_ids"":[47,49053],""token_count"":2,""sequence_logprob"":-3.7485547065734863,""mean_token_logprob"":-1.8742773532867432,""token_logprobs"":[-3.7484889030456543,-6.580135959666222e-05]},{""candidate"":""Seep"",""token_ids"":[1514,747],""token_count"":2,""sequence_logprob"":-1.207864761352539,""mean_token_logprob"":-0.6039323806762695,""token_logprobs"":[-1.2078628540039062,-1.9073468138230965e-06]},{""candidate"":""Trill"",""token_ids"":[1282,483],""token_count"":2,""sequence_logprob"":-6.3778181076049805,""mean_token_logprob"":-3.1889090538024902,""token_logprobs"":[-3.9359889030456543,-2.4418294429779053]},{""candidate"":""Tsik"",""token_ids"":[52793,1579],""token_count"":2,""sequence_logprob"":-3.3529090881347656,""mean_token_logprob"":-1.6764545440673828,""token_logprobs"":[-3.3529000282287598,-9.179073458653875e-06]},{""candidate"":""Twitter"",""token_ids"":[24862],""token_count"":1,""sequence_logprob"":-0.527938961982727,""mean_token_logprob"":-0.527938961982727,""token_logprobs"":[-0.527938961982727]}]"
583172,2020_10_1,Phee,bare,Phee,Phee,true,true,"[{""candidate"":""Infant Cry"",""token_ids"":[19433,517,42705],""token_count"":3,""sequence_logprob"":-8.631373405456543,""mean_token_logprob"":-2.877124468485514,""token_logprobs"":[-8.630879402160645,-2.9802276912960224e-06,-0.0004909025738015771]},{""candidate"":""Phee"",""token_ids"":[47,49053],""token_count"":2,""sequence_logprob"":-0.9356462359428406,""mean_token_logprob"":-0.4678231179714203,""token_logprobs"":[-0.9356370568275452,-9.179073458653875e-06]},{""candidate"":""Seep"",""token_ids"":[1514,747],""token_count"":2,""sequence_logprob"":-1.223701000213623,""mean_token_logprob"":-0.6118505001068115,""token_logprobs"":[-1.2236998081207275,-1.1920922133867862e-06]},{""candidate"":""Trill"",""token_ids"":[1282,483],""token_count"":2,""sequence_logprob"":-6.785744667053223,""mean_token_logprob"":-3.3928723335266113,""token_logprobs"":[-3.38299822807312,-3.4027464389801025]},{""candidate"":""Tsik"",""token_ids"":[52793,1579],""token_count"":2,""sequence_logprob"":-2.1627039909362793,""mean_token_logprob"":-1.0813519954681396,""token_logprobs"":[-2.162609577178955,-9.440929716220126e-05]},{""candidate"":""Twitter"",""token_ids"":[24862],""token_count"":1,""sequence_logprob"":-2.01210355758667,""mean_token_logprob"":-2.01210355758667,""token_logprobs"":[-2.01210355758667]}]"
583172,2020_10_1,Phee,definition,Seep,Twitter,false,false,"[{""candidate"":""Infant Cry"",""token_ids"":[19433,517,42705],""token_count"":3,""sequence_logprob"":-7.862020492553711,""mean_token_logprob"":-2.620673497517904,""token_logprobs"":[-7.861733436584473,-1.5497195136049413e-06,-0.000285584683297202]},{""candidate"":""Phee"",""token_ids"":[47,49053],""token_count"":2,""sequence_logprob"":-2.708747386932373,""mean_token_logprob"":-1.3543736934661865,""token_logprobs"":[-2.7086949348449707,-5.245071224635467e-05]},{""candidate"":""Seep"",""token_ids"":[1514,747],""token_count"":2,""sequence_logprob"":-1.0420554876327515,""mean_token_logprob"":-0.5210277438163757,""token_logprobs"":[-1.0420539379119873,-1.5497195136049413e-06]},{""candidate"":""Trill"",""token_ids"":[1282,483],""token_count"":2,""sequence_logprob"":-5.351874351501465,""mean_token_logprob"":-2.6759371757507324,""token_logprobs"":[-3.5104246139526367,-1.8414496183395386]},{""candidate"":""Tsik"",""token_ids"":[52793,1579],""token_count"":2,""sequence_logprob"":-3.2185590267181396,""mean_token_logprob"":-1.6092795133590698,""token_logprobs"":[-3.2185521125793457,-7.033323527139146e-06]},{""candidate"":""Twitter"",""token_ids"":[24862],""token_count"":1,""sequence_logprob"":-0.6824895143508911,""mean_token_logprob"":-0.6824895143508911,""token_logprobs"":[-0.6824895143508911]}]"
584362,2020_10_1,Seep,bare,Phee,Phee,false,false,"[{""candidate"":""Infant Cry"",""token_ids"":[19433,517,42705],""token_count"":3,""sequence_logprob"":-8.319286346435547,""mean_token_logprob"":-2.773095448811849,""token_logprobs"":[-8.318812370300293,-2.9802276912960224e-06,-0.00047064671525731683]},{""candidate"":""Phee"",""token_ids"":[47,49053],""token_count"":2,""sequence_logprob"":-0.8750988841056824,""mean_token_logprob"":-0.4375494420528412,""token_logprobs"":[-0.8750855326652527,-1.3351351299206726e-05]},{""candidate"":""Seep"",""token_ids"":[1514,747],""token_count"":2,""sequence_logprob"":-1.3750866651535034,""mean_token_logprob"":-0.6875433325767517,""token_logprobs"":[-1.3750855922698975,-1.0728830375228426e-06]},{""candidate"":""Trill"",""token_ids"":[1282,483],""token_count"":2,""sequence_logprob"":-4.1990556716918945,""mean_token_logprob"":-2.0995278358459473,""token_logprobs"":[-2.943812370300293,-1.2552434206008911]},{""candidate"":""Tsik"",""token_ids"":[52793,1579],""token_count"":2,""sequence_logprob"":-2.0689468383789062,""mean_token_logprob"":-1.0344734191894531,""token_logprobs"":[-2.068812370300293,-0.00013445904187392443]},{""candidate"":""Twitter"",""token_ids"":[24862],""token_count"":1,""sequence_logprob"":-2.2500855922698975,""mean_token_logprob"":-2.2500855922698975,""token_logprobs"":[-2.2500855922698975]}]"
584362,2020_10_1,Seep,definition,Twitter,Twitter,false,false,"[{""candidate"":""Infant Cry"",""token_ids"":[19433,517,42705],""token_count"":3,""sequence_logprob"":-6.1499505043029785,""mean_token_logprob"":-2.049983501434326,""token_logprobs"":[-6.1497087478637695,-1.311301275563892e-06,-0.00024029705673456192]},{""candidate"":""Phee"",""token_ids"":[47,49053],""token_count"":2,""sequence_logprob"":-2.6946372985839844,""mean_token_logprob"":-1.3473186492919922,""token_logprobs"":[-2.6945786476135254,-5.876845170860179e-05]},{""candidate"":""Seep"",""token_ids"":[1514,747],""token_count"":2,""sequence_logprob"":-1.319580078125,""mean_token_logprob"":-0.6597900390625,""token_logprobs"":[-1.3195786476135254,-1.4305104514278355e-06]},{""candidate"":""Trill"",""token_ids"":[1282,483],""token_count"":2,""sequence_logprob"":-5.447795391082764,""mean_token_logprob"":-2.723897695541382,""token_logprobs"":[-2.9622087478637695,-2.485586643218994]},{""candidate"":""Tsik"",""token_ids"":[52793,1579],""token_count"":2,""sequence_logprob"":-3.14971661567688,""mean_token_logprob"":-1.57485830783844,""token_logprobs"":[-3.1497087478637695,-7.867782187531702e-06]},{""candidate"":""Twitter"",""token_ids"":[24862],""token_count"":1,""sequence_logprob"":-0.6320785880088806,""mean_token_logprob"":-0.6320785880088806,""token_logprobs"":[-0.6320785880088806]}]"
586064,2020_10_1,Seep,bare,Seep,Seep,true,true,"[{""candidate"":""Infant Cry"",""token_ids"":[19433,517,42705],""token_count"":3,""sequence_logprob"":-7.053228378295898,""mean_token_logprob"":-2.351076126098633,""token_logprobs"":[-7.052851676940918,-2.264974000354414e-06,-0.00037424711626954377]},{""candidate"":""Phee"",""token_ids"":[47,49053],""token_count"":2,""sequence_logprob"":-1.240365743637085,""mean_token_logprob"":-0.6201828718185425,""token_logprobs"":[-1.2403514385223389,-1.4305012882687151e-05]},{""candidate"":""Seep"",""token_ids"":[1514,747],""token_count"":2,""sequence_logprob"":-1.1778525114059448,""mean_token_logprob"":-0.5889262557029724,""token_logprobs"":[-1.1778514385223389,-1.0728830375228426e-06]},{""candidate"":""Trill"",""token_ids"":[1282,483],""token_count"":2,""sequence_logprob"":-6.932238578796387,""mean_token_logprob"":-3.4661192893981934,""token_logprobs"":[-2.927851438522339,-4.004386901855469]},{""candidate"":""Tsik"",""token_ids"":[52793,1579],""token_count"":2,""sequence_logprob"":-1.865399718284607,""mean_token_logprob"":-0.9326998591423035,""token_logprobs"":[-1.8653514385223389,-4.827859811484814e-05]},{""candidate"":""Twitter"",""token_ids"":[24862],""token_count"":1,""sequence_logprob"":-1.8653514385223389,""mean_token_logprob"":-1.8653514385223389,""token_logprobs"":[-1.8653514385223389]}]"
586064,2020_10_1,Seep,definition,Twitter,Twitter,false,false,"[{""candidate"":""Infant Cry"",""token_ids"":[19433,517,42705],""token_count"":3,""sequence_logprob"":-5.932460784912109,""mean_token_logprob"":-1.9774869283040364,""token_logprobs"":[-5.932233810424805,-1.0728830375228426e-06,-0.00022587609419133514]},{""candidate"":""Phee"",""token_ids"":[47,49053],""token_count"":2,""sequence_logprob"":-1.869768738746643,""mean_token_logprob"":-0.9348843693733215,""token_logprobs"":[-1.8697338104248047,-3.4927710657939315e-05]},{""candidate"":""Seep"",""token_ids"":[1514,747],""token_count"":2,""sequence_logprob"":-1.4947350025177002,""mean_token_logprob"":-0.7473675012588501,""token_logprobs"":[-1.4947338104248047,-1.1920922133867862e-06]},{""candidate"":""Trill"",""token_ids"":[1282,483],""token_count"":2,""sequence_logprob"":-5.507286548614502,""mean_token_logprob"":-2.753643274307251,""token_logprobs"":[-3.1197338104248047,-2.3875527381896973]},{""candidate"":""Tsik"",""token_ids"":[52793,1579],""token_count"":2,""sequence_logprob"":-3.3072376251220703,""mean_token_logprob"":-1.6536188125610352,""token_logprobs"":[-3.3072338104248047,-3.814689989667386e-06]},{""candidate"":""Twitter"",""token_ids"":[24862],""token_count"":1,""sequence_logprob"":-0.6822338104248047,""mean_token_logprob"":-0.6822338104248047,""token_logprobs"":[-0.6822338104248047]}]"
594023,2020_10_1,Trill,bare,Tsik,Tsik,false,false,"[{""candidate"":""Infant Cry"",""token_ids"":[19433,517,42705],""token_count"":3,""sequence_logprob"":-9.819013595581055,""mean_token_logprob"":-3.2730045318603516,""token_logprobs"":[-9.818404197692871,-3.6954811548639555e-06,-0.0006055190460756421]},{""candidate"":""Phee"",""token_ids"":[47,49053],""token_count"":2,""sequence_logprob"":-1.4434186220169067,""mean_token_logprob"":-0.7217093110084534,""token_logprobs"":[-1.4434045553207397,-1.4066597032069694e-05]},{""candidate"":""Seep"",""token_ids"":[1514,747],""token_count"":2,""sequence_logprob"":-1.6309059858322144,""mean_token_logprob"":-0.8154529929161072,""token_logprobs"":[-1.6309045553207397,-1.4305104514278355e-06]},{""candidate"":""Trill"",""token_ids"":[1282,483],""token_count"":2,""sequence_logprob"":-6.069607257843018,""mean_token_logprob"":-3.034803628921509,""token_logprobs"":[-3.3184046745300293,-2.7512025833129883]},{""candidate"":""Tsik"",""token_ids"":[52793,1579],""token_count"":2,""sequence_logprob"":-1.0685405731201172,""mean_token_logprob"":-0.5342702865600586,""token_logprobs"":[-1.0684045553207397,-0.00013600854435935616]},{""candidate"":""Twitter"",""token_ids"":[24862],""token_count"":1,""sequence_logprob"":-1.9434045553207397,""mean_token_logprob"":-1.9434045553207397,""token_logprobs"":[-1.9434045553207397]}]"
594023,2020_10_1,Trill,definition,Twitter,Twitter,false,false,"[{""candidate"":""Infant Cry"",""token_ids"":[19433,517,42705],""token_count"":3,""sequence_logprob"":-8.182344436645508,""mean_token_logprob"":-2.7274481455485025,""token_logprobs"":[-8.182107925415039,-1.311301275563892e-06,-0.00023529145983047783]},{""candidate"":""Phee"",""token_ids"":[47,49053],""token_count"":2,""sequence_logprob"":-2.8071534633636475,""mean_token_logprob"":-1.4035767316818237,""token_logprobs"":[-2.8071084022521973,-4.5060096454108134e-05]},{""candidate"":""Seep"",""token_ids"":[1514,747],""token_count"":2,""sequence_logprob"":-1.6821106672286987,""mean_token_logprob"":-0.8410553336143494,""token_logprobs"":[-1.6821082830429077,-2.3841830625315197e-06]},{""candidate"":""Trill"",""token_ids"":[1282,483],""token_count"":2,""sequence_logprob"":-5.54923152923584,""mean_token_logprob"":-2.77461576461792,""token_logprobs"":[-3.3696084022521973,-2.1796228885650635]},{""candidate"":""Tsik"",""token_ids"":[52793,1579],""token_count"":2,""sequence_logprob"":-3.119612455368042,""mean_token_logprob"":-1.559806227684021,""token_logprobs"":[-3.1196084022521973,-4.0531076592742465e-06]},{""candidate"":""Twitter"",""token_ids"":[24862],""token_count"":1,""sequence_logprob"":-0.4321083128452301,""mean_token_logprob"":-0.4321083128452301,""token_logprobs"":[-0.4321083128452301]}]"
595018,2020_10_2,Trill,bare,Seep,Seep,false,false,"[{""candidate"":""Infant Cry"",""token_ids"":[19433,517,42705],""token_count"":3,""sequence_logprob"":-9.491644859313965,""mean_token_logprob"":-3.1638816197713218,""token_logprobs"":[-9.491067886352539,-2.9802276912960224e-06,-0.0005739472107961774]},{""candidate"":""Phee"",""token_ids"":[47,49053],""token_count"":2,""sequence_logprob"":-1.2410815954208374,""mean_token_logprob"":-0.6205407977104187,""token_logprobs"":[-1.2410677671432495,-1.3828182090946939e-05]},{""candidate"":""Seep"",""token_ids"":[1514,747],""token_count"":2,""sequence_logprob"":-1.053568720817566,""mean_token_logprob"":-0.526784360408783,""token_logprobs"":[-1.0535677671432495,-9.536738616588991e-07]},{""candidate"":""Trill"",""token_ids"":[1282,483],""token_count"":2,""sequence_logprob"":-5.997320175170898,""mean_token_logprob"":-2.998660087585449,""token_logprobs"":[-3.303567886352539,-2.6937522888183594]},{""candidate"":""Tsik"",""token_ids"":[52793,1579],""token_count"":2,""sequence_logprob"":-2.0536868572235107,""mean_token_logprob"":-1.0268434286117554,""token_logprobs"":[-2.053567886352539,-0.00011908298620255664]},{""candidate"":""Twitter"",""token_ids"":[24862],""token_count"":1,""sequence_logprob"":-1.8035677671432495,""mean_token_logprob"":-1.8035677671432495,""token_logprobs"":[-1.8035677671432495]}]"
595018,2020_10_2,Trill,definition,Twitter,Twitter,false,false,"[{""candidate"":""Infant Cry"",""token_ids"":[19433,517,42705],""token_count"":3,""sequence_logprob"":-7.564549922943115,""mean_token_logprob"":-2.5215166409810386,""token_logprobs"":[-7.5642900466918945,-1.4305104514278355e-06,-0.00025829317746683955]},{""candidate"":""Phee"",""token_ids"":[47,49053],""token_count"":2,""sequence_logprob"":-2.2518310546875,""mean_token_logprob"":-1.12591552734375,""token_logprobs"":[-2.2517900466918945,-4.1126360883936286e-05]},{""candidate"":""Seep"",""token_ids"":[1514,747],""token_count"":2,""sequence_logprob"":-1.3767914772033691,""mean_token_logprob"":-0.6883957386016846,""token_logprobs"":[-1.3767900466918945,-1.4305104514278355e-06]},{""candidate"":""Trill"",""token_ids"":[1282,483],""token_count"":2,""sequence_logprob"":-5.758855819702148,""mean_token_logprob"":-2.879427909851074,""token_logprobs"":[-3.5017900466918945,-2.257066011428833]},{""candidate"":""Tsik"",""token_ids"":[52793,1579],""token_count"":2,""sequence_logprob"":-3.251795530319214,""mean_token_logprob"":-1.625897765159607,""token_logprobs"":[-3.2517900466918945,-5.602820692729438e-06]},{""candidate"":""Twitter"",""token_ids"":[24862],""token_count"":1,""sequence_logprob"":-0.6267900466918945,""mean_token_logprob"":-0.6267900466918945,""token_logprobs"":[-0.6267900466918945]}]"
600731,2020_12_0,Twitter,bare,Phee,Phee,false,false,"[{""candidate"":""Infant Cry"",""token_ids"":[19433,517,42705],""token_count"":3,""sequence_logprob"":-8.719436645507812,""mean_token_logprob"":-2.9064788818359375,""token_logprobs"":[-8.719048500061035,-2.3841830625315197e-06,-0.00038652101648040116]},{""candidate"":""Phee"",""token_ids"":[47,49053],""token_count"":2,""sequence_logprob"":-0.8753095865249634,""mean_token_logprob"":-0.4376547932624817,""token_logprobs"":[-0.8752985000610352,-1.1086402082582936e-05]},{""candidate"":""Seep"",""token_ids"":[1514,747],""token_count"":2,""sequence_logprob"":-1.5002994537353516,""mean_token_logprob"":-0.7501497268676758,""token_logprobs"":[-1.5002985000610352,-9.536738616588991e-07]},{""candidate"":""Trill"",""token_ids"":[1282,483],""token_count"":2,""sequence_logprob"":-7.193696975708008,""mean_token_logprob"":-3.596848487854004,""token_logprobs"":[-3.437798500061035,-3.7558987140655518]},{""candidate"":""Tsik"",""token_ids"":[52793,1579],""token_count"":2,""sequence_logprob"":-2.000382661819458,""mean_token_logprob"":-1.000191330909729,""token_logprobs"":[-2.000298500061035,-8.427741704508662e-05]},{""candidate"":""Twitter"",""token_ids"":[24862],""token_count"":1,""sequence_logprob"":-1.8127985000610352,""mean_token_logprob"":-1.8127985000610352,""token_logprobs"":[-1.8127985000610352]}]"
600731,2020_12_0,Twitter,definition,Twitter,Twitter,true,true,"[{""candidate"":""Infant Cry"",""token_ids"":[19433,517,42705],""token_count"":3,""sequence_logprob"":-6.70074462890625,""mean_token_logprob"":-2.23358154296875,""token_logprobs"":[-6.700533866882324,-1.311301275563892e-06,-0.00020919041708111763]},{""candidate"":""Phee"",""token_ids"":[47,49053],""token_count"":2,""sequence_logprob"":-2.2630693912506104,""mean_token_logprob"":-1.1315346956253052,""token_logprobs"":[-2.263033866882324,-3.5523738915799186e-05]},{""candidate"":""Seep"",""token_ids"":[1514,747],""token_count"":2,""sequence_logprob"":-1.3880352973937988,""mean_token_logprob"":-0.6940176486968994,""token_logprobs"":[-1.3880338668823242,-1.4305104514278355e-06]},{""candidate"":""Trill"",""token_ids"":[1282,483],""token_count"":2,""sequence_logprob"":-5.274725437164307,""mean_token_logprob"":-2.6373627185821533,""token_logprobs"":[-3.450533866882324,-1.8241915702819824]},{""candidate"":""Tsik"",""token_ids"":[52793,1579],""token_count"":2,""sequence_logprob"":-2.9505388736724854,""mean_token_logprob"":-1.4752694368362427,""token_logprobs"":[-2.950533866882324,-5.125986263010418e-06]},{""candidate"":""Twitter"",""token_ids"":[24862],""token_count"":1,""sequence_logprob"":-0.638033926486969,""mean_token_logprob"":-0.638033926486969,""token_logprobs"":[-0.638033926486969]}]"
602268,2020_12_1,Twitter,bare,Phee,Twitter,false,true,"[{""candidate"":""Infant Cry"",""token_ids"":[19433,517,42705],""token_count"":3,""sequence_logprob"":-8.966711044311523,""mean_token_logprob"":-2.9889036814371743,""token_logprobs"":[-8.966279029846191,-2.861018856492592e-06,-0.0004292996891308576]},{""candidate"":""Phee"",""token_ids"":[47,49053],""token_count"":2,""sequence_logprob"":-1.361092448234558,""mean_token_logprob"":-0.680546224117279,""token_logprobs"":[-1.3610827922821045,-9.65590606938349e-06]},{""candidate"":""Seep"",""token_ids"":[1514,747],""token_count"":2,""sequence_logprob"":-1.3636687994003296,""mean_token_logprob"":-0.6818343997001648,""token_logprobs"":[-1.3636680841445923,-7.152555099310121e-07]},{""candidate"":""Trill"",""token_ids"":[1282,483],""token_count"":2,""sequence_logprob"":-5.300745487213135,""mean_token_logprob"":-2.6503727436065674,""token_logprobs"":[-3.088931083679199,-2.2118144035339355]},{""candidate"":""Tsik"",""token_ids"":[52793,1579],""token_count"":2,""sequence_logprob"":-1.9057672023773193,""mean_token_logprob"":-0.9528836011886597,""token_logprobs"":[-1.9056589603424072,-0.00010823617776622996]},{""candidate"":""Twitter"",""token_ids"":[24862],""token_count"":1,""sequence_logprob"":-1.2952184677124023,""mean_token_logprob"":-1.2952184677124023,""token_logprobs"":[-1.2952184677124023]}]"
602268,2020_12_1,Twitter,definition,Twitter,Twitter,true,true,"[{""candidate"":""Infant Cry"",""token_ids"":[19433,517,42705],""token_count"":3,""sequence_logprob"":-7.451719760894775,""mean_token_logprob"":-2.4839065869649253,""token_logprobs"":[-7.451351165771484,-1.1920922133867862e-06,-0.00036745471879839897]},{""candidate"":""Phee"",""token_ids"":[47,49053],""token_count"":2,""sequence_logprob"":-2.9008662700653076,""mean_token_logprob"":-1.4504331350326538,""token_logprobs"":[-2.9008281230926514,-3.814624506048858e-05]},{""candidate"":""Seep"",""token_ids"":[1514,747],""token_count"":2,""sequence_logprob"":-1.7590667009353638,""mean_token_logprob"":-0.8795333504676819,""token_logprobs"":[-1.7590653896331787,-1.311301275563892e-06]},{""candidate"":""Trill"",""token_ids"":[1282,483],""token_count"":2,""sequence_logprob"":-5.609073638916016,""mean_token_logprob"":-2.804536819458008,""token_logprobs"":[-3.5081632137298584,-2.1009106636047363]},{""candidate"":""Tsik"",""token_ids"":[52793,1579],""token_count"":2,""sequence_logprob"":-3.2635867595672607,""mean_token_logprob"":-1.6317933797836304,""token_logprobs"":[-3.2635817527770996,-5.125986263010418e-06]},{""candidate"":""Twitter"",""token_ids"":[24862],""token_count"":1,""sequence_logprob"":-0.40090712904930115,""mean_token_logprob"":-0.40090712904930115,""token_logprobs"":[-0.40090712904930115]}]"
604234,2020_12_1,Infant Cry,bare,Phee,Phee,false,false,"[{""candidate"":""Infant Cry"",""token_ids"":[19433,517,42705],""token_count"":3,""sequence_logprob"":-8.343351364135742,""mean_token_logprob"":-2.7811171213785806,""token_logprobs"":[-8.342916488647461,-2.3841830625315197e-06,-0.00043299360550008714]},{""candidate"":""Phee"",""token_ids"":[47,49053],""token_count"":2,""sequence_logprob"":-1.0141528844833374,""mean_token_logprob"":-0.5070764422416687,""token_logprobs"":[-1.0141451358795166,-7.748573807475623e-06]},{""candidate"":""Seep"",""token_ids"":[1514,747],""token_count"":2,""sequence_logprob"":-1.4404430389404297,""mean_token_logprob"":-0.7202215194702148,""token_logprobs"":[-1.4404420852661133,-9.536738616588991e-07]},{""candidate"":""Trill"",""token_ids"":[1282,483],""token_count"":2,""sequence_logprob"":-6.988500595092773,""mean_token_logprob"":-3.4942502975463867,""token_logprobs"":[-3.239009380340576,-3.7494912147521973]},{""candidate"":""Tsik"",""token_ids"":[52793,1579],""token_count"":2,""sequence_logprob"":-1.9678326845169067,""mean_token_logprob"":-0.9839163422584534,""token_logprobs"":[-1.9677320718765259,-0.0001006075763143599]},{""candidate"":""Twitter"",""token_ids"":[24862],""token_count"":1,""sequence_logprob"":-1.7466590404510498,""mean_token_logprob"":-1.7466590404510498,""token_logprobs"":[-1.7466590404510498]}]"
604234,2020_12_1,Infant Cry,definition,Twitter,Twitter,false,false,"[{""candidate"":""Infant Cry"",""token_ids"":[19433,517,42705],""token_count"":3,""sequence_logprob"":-7.086245059967041,""mean_token_logprob"":-2.36208168665568,""token_logprobs"":[-7.085972309112549,-1.1920922133867862e-06,-0.00027176024741493165]},{""candidate"":""Phee"",""token_ids"":[47,49053],""token_count"":2,""sequence_logprob"":-2.8867030143737793,""mean_token_logprob"":-1.4433515071868896,""token_logprobs"":[-2.886662483215332,-4.053033626405522e-05]},{""candidate"":""Seep"",""token_ids"":[1514,747],""token_count"":2,""sequence_logprob"":-1.68145751953125,""mean_token_logprob"":-0.840728759765625,""token_logprobs"":[-1.6814560890197754,-1.4305104514278355e-06]},{""candidate"":""Trill"",""token_ids"":[1282,483],""token_count"":2,""sequence_logprob"":-5.264245986938477,""mean_token_logprob"":-2.6321229934692383,""token_logprobs"":[-3.2457644939422607,-2.0184812545776367]},{""candidate"":""Tsik"",""token_ids"":[52793,1579],""token_count"":2,""sequence_logprob"":-3.3631629943847656,""mean_token_logprob"":-1.6815814971923828,""token_logprobs"":[-3.363154888153076,-8.106198947643861e-06]},{""candidate"":""Twitter"",""token_ids"":[24862],""token_count"":1,""sequence_logprob"":-0.42759278416633606,""mean_token_logprob"":-0.42759278416633606,""token_logprobs"":[-0.42759278416633606]}]"
609454,2020_10_2,Infant Cry,bare,Seep,Seep,false,false,"[{""candidate"":""Infant Cry"",""token_ids"":[19433,517,42705],""token_count"":3,""sequence_logprob"":-9.981234550476074,""mean_token_logprob"":-3.327078183492025,""token_logprobs"":[-9.980541229248047,-3.814689989667386e-06,-0.0006891497760079801]},{""candidate"":""Phee"",""token_ids"":[47,49053],""token_count"":2,""sequence_logprob"":-2.443929672241211,""mean_token_logprob"":-1.2219648361206055,""token_logprobs"":[-2.4439094066619873,-2.0265373677830212e-05]},{""candidate"":""Seep"",""token_ids"":[1514,747],""token_count"":2,""sequence_logprob"":-0.5467417240142822,""mean_token_logprob"":-0.2733708620071411,""token_logprobs"":[-0.5467410087585449,-7.152555099310121e-07]},{""candidate"":""Trill"",""token_ids"":[1282,483],""token_count"":2,""sequence_logprob"":-6.863690376281738,""mean_token_logprob"":-3.431845188140869,""token_logprobs"":[-3.698333740234375,-3.1653568744659424]},{""candidate"":""Tsik"",""token_ids"":[52793,1579],""token_count"":2,""sequence_logprob"":-1.5373986959457397,""mean_token_logprob"":-0.7686993479728699,""token_logprobs"":[-1.5371735095977783,-0.00022516099852509797]},{""candidate"":""Twitter"",""token_ids"":[24862],""token_count"":1,""sequence_logprob"":-2.7196428775787354,""mean_token_logprob"":-2.7196428775787354,""token_logprobs"":[-2.7196428775787354]}]"
609454,2020_10_2,Infant Cry,definition,Seep,Seep,false,false,"[{""candidate"":""Infant Cry"",""token_ids"":[19433,517,42705],""token_count"":3,""sequence_logprob"":-6.814431190490723,""mean_token_logprob"":-2.2714770634969077,""token_logprobs"":[-6.814105987548828,-1.5497195136049413e-06,-0.00032360086333937943]},{""candidate"":""Phee"",""token_ids"":[47,49053],""token_count"":2,""sequence_logprob"":-3.2514307498931885,""mean_token_logprob"":-1.6257153749465942,""token_logprobs"":[-3.251372814178467,-5.793403761344962e-05]},{""candidate"":""Seep"",""token_ids"":[1514,747],""token_count"":2,""sequence_logprob"":-0.8243733048439026,""mean_token_logprob"":-0.4121866524219513,""token_logprobs"":[-0.8243712782859802,-2.0265558760002023e-06]},{""candidate"":""Trill"",""token_ids"":[1282,483],""token_count"":2,""sequence_logprob"":-5.344719409942627,""mean_token_logprob"":-2.6723597049713135,""token_logprobs"":[-3.6512815952301025,-1.6934376955032349]},{""candidate"":""Tsik"",""token_ids"":[52793,1579],""token_count"":2,""sequence_logprob"":-2.727510452270508,""mean_token_logprob"":-1.363755226135254,""token_logprobs"":[-2.727499008178711,-1.1444026313256472e-05]},{""candidate"":""Twitter"",""token_ids"":[24862],""token_count"":1,""sequence_logprob"":-0.9287513494491577,""mean_token_logprob"":-0.9287513494491577,""token_logprobs"":[-0.9287513494491577]}]"
612715,2020_12_1,Infant Cry,bare,Phee,Phee,false,false,"[{""candidate"":""Infant Cry"",""token_ids"":[19433,517,42705],""token_count"":3,""sequence_logprob"":-7.879339694976807,""mean_token_logprob"":-2.626446564992269,""token_logprobs"":[-7.878973484039307,-2.0265558760002023e-06,-0.00036435641231946647]},{""candidate"":""Phee"",""token_ids"":[47,49053],""token_count"":2,""sequence_logprob"":-0.7539840340614319,""mean_token_logprob"":-0.37699201703071594,""token_logprobs"":[-0.7539733052253723,-1.07287787614041e-05]},{""candidate"":""Seep"",""token_ids"":[1514,747],""token_count"":2,""sequence_logprob"":-1.753974199295044,""mean_token_logprob"":-0.876987099647522,""token_logprobs"":[-1.7539732456207275,-9.536738616588991e-07]},{""candidate"":""Trill"",""token_ids"":[1282,483],""token_count"":2,""sequence_logprob"":-7.276538372039795,""mean_token_logprob"":-3.6382691860198975,""token_logprobs"":[-3.4267525672912598,-3.849785804748535]},{""candidate"":""Tsik"",""token_ids"":[52793,1579],""token_count"":2,""sequence_logprob"":-1.7923729419708252,""mean_token_logprob"":-0.8961864709854126,""token_logprobs"":[-1.7922983169555664,-7.462222856702283e-05]},{""candidate"":""Twitter"",""token_ids"":[24862],""token_count"":1,""sequence_logprob"":-1.9477421045303345,""mean_token_logprob"":-1.9477421045303345,""token_logprobs"":[-1.9477421045303345]}]"
612715,2020_12_1,Infant Cry,definition,Twitter,Twitter,false,false,"[{""candidate"":""Infant Cry"",""token_ids"":[19433,517,42705],""token_count"":3,""sequence_logprob"":-6.750950813293457,""mean_token_logprob"":-2.250316937764486,""token_logprobs"":[-6.750741958618164,-1.1920922133867862e-06,-0.00020787939138244838]},{""candidate"":""Phee"",""token_ids"":[47,49053],""token_count"":2,""sequence_logprob"":-2.750781774520874,""mean_token_logprob"":-1.375390887260437,""token_logprobs"":[-2.750741720199585,-4.005352093372494e-05]},{""candidate"":""Seep"",""token_ids"":[1514,747],""token_count"":2,""sequence_logprob"":-1.6882432699203491,""mean_token_logprob"":-0.8441216349601746,""token_logprobs"":[-1.688241720199585,-1.5497195136049413e-06]},{""candidate"":""Trill"",""token_ids"":[1282,483],""token_count"":2,""sequence_logprob"":-5.797099590301514,""mean_token_logprob"":-2.898549795150757,""token_logprobs"":[-3.6745312213897705,-2.122568368911743]},{""candidate"":""Tsik"",""token_ids"":[52793,1579],""token_count"":2,""sequence_logprob"":-3.215330123901367,""mean_token_logprob"":-1.6076650619506836,""token_logprobs"":[-3.2153193950653076,-1.07287787614041e-05]},{""candidate"":""Twitter"",""token_ids"":[24862],""token_count"":1,""sequence_logprob"":-0.44781890511512756,""mean_token_logprob"":-0.44781890511512756,""token_logprobs"":[-0.44781890511512756]}]"
614582,2021_1_1,Tsik,bare,Seep,Seep,false,false,"[{""candidate"":""Infant Cry"",""token_ids"":[19433,517,42705],""token_count"":3,""sequence_logprob"":-8.315678596496582,""mean_token_logprob"":-2.771892865498861,""token_logprobs"":[-8.315069198608398,-3.814689989667386e-06,-0.0006055190460756421]},{""candidate"":""Phee"",""token_ids"":[47,49053],""token_count"":2,""sequence_logprob"":-1.2213351726531982,""mean_token_logprob"":-0.6106675863265991,""token_logprobs"":[-1.2213194370269775,-1.5735502529423684e-05]},{""candidate"":""Seep"",""token_ids"":[1514,747],""token_count"":2,""sequence_logprob"":-1.0444369316101074,""mean_token_logprob"":-0.5222184658050537,""token_logprobs"":[-1.0444355010986328,-1.4305104514278355e-06]},{""candidate"":""Trill"",""token_ids"":[1282,483],""token_count"":2,""sequence_logprob"":-4.481305122375488,""mean_token_logprob"":-2.240652561187744,""token_logprobs"":[-3.0036282539367676,-1.4776769876480103]},{""candidate"":""Tsik"",""token_ids"":[52793,1579],""token_count"":2,""sequence_logprob"":-1.784021258354187,""mean_token_logprob"":-0.8920106291770935,""token_logprobs"":[-1.7838194370269775,-0.00020180096908006817]},{""candidate"":""Twitter"",""token_ids"":[24862],""token_count"":1,""sequence_logprob"":-2.1588194370269775,""mean_token_logprob"":-2.1588194370269775,""token_logprobs"":[-2.1588194370269775]}]"
614582,2021_1_1,Tsik,definition,Twitter,Twitter,false,false,"[{""candidate"":""Infant Cry"",""token_ids"":[19433,517,42705],""token_count"":3,""sequence_logprob"":-7.346446514129639,""mean_token_logprob"":-2.4488155047098794,""token_logprobs"":[-7.346177101135254,-1.4305104514278355e-06,-0.00026794656878337264]},{""candidate"":""Phee"",""token_ids"":[47,49053],""token_count"":2,""sequence_logprob"":-3.471240520477295,""mean_token_logprob"":-1.7356202602386475,""token_logprobs"":[-3.471176862716675,-6.3774932641536e-05]},{""candidate"":""Seep"",""token_ids"":[1514,747],""token_count"":2,""sequence_logprob"":-1.2954767942428589,""mean_token_logprob"":-0.6477383971214294,""token_logprobs"":[-1.2954745292663574,-2.264974000354414e-06]},{""candidate"":""Trill"",""token_ids"":[1282,483],""token_count"":2,""sequence_logprob"":-5.724445343017578,""mean_token_logprob"":-2.862222671508789,""token_logprobs"":[-3.432705879211426,-2.2917394638061523]},{""candidate"":""Tsik"",""token_ids"":[52793,1579],""token_count"":2,""sequence_logprob"":-3.096184015274048,""mean_token_logprob"":-1.548092007637024,""token_logprobs"":[-3.096176862716675,-7.152531907195225e-06]},{""candidate"":""Twitter"",""token_ids"":[24862],""token_count"":1,""sequence_logprob"":-0.4711768627166748,""mean_token_logprob"":-0.4711768627166748,""token_logprobs"":[-0.4711768627166748]}]"
61472,2022_2_0,Phee,bare,Seep,Seep,false,false,"[{""candidate"":""Infant Cry"",""token_ids"":[19433,517,42705],""token_count"":3,""sequence_logprob"":-8.340522766113281,""mean_token_logprob"":-2.7801742553710938,""token_logprobs"":[-8.339877128601074,-3.3378546504536644e-06,-0.0006423317245207727]},{""candidate"":""Phee"",""token_ids"":[47,49053],""token_count"":2,""sequence_logprob"":-1.1869126558303833,""mean_token_logprob"":-0.5934563279151917,""token_logprobs"":[-1.186901330947876,-1.1324817933200393e-05]},{""candidate"":""Seep"",""token_ids"":[1514,747],""token_count"":2,""sequence_logprob"":-0.8975342512130737,""mean_token_logprob"":-0.44876712560653687,""token_logprobs"":[-0.8975331783294678,-1.0728830375228426e-06]},{""candidate"":""Trill"",""token_ids"":[1282,483],""token_count"":2,""sequence_logprob"":-7.546056270599365,""mean_token_logprob"":-3.7730281352996826,""token_logprobs"":[-3.4848546981811523,-4.061201572418213]},{""candidate"":""Tsik"",""token_ids"":[52793,1579],""token_count"":2,""sequence_logprob"":-2.1697170734405518,""mean_token_logprob"":-1.0848585367202759,""token_logprobs"":[-2.169560432434082,-0.00015662873920518905]},{""candidate"":""Twitter"",""token_ids"":[24862],""token_count"":1,""sequence_logprob"":-2.4897422790527344,""mean_token_logprob"":-2.4897422790527344,""token_logprobs"":[-2.4897422790527344]}]"
61472,2022_2_0,Phee,definition,Seep,Twitter,false,false,"[{""candidate"":""Infant Cry"",""token_ids"":[19433,517,42705],""token_count"":3,""sequence_logprob"":-7.2547926902771,""mean_token_logprob"":-2.4182642300923667,""token_logprobs"":[-7.2545390129089355,-1.1920922133867862e-06,-0.0002525725867599249]},{""candidate"":""Phee"",""token_ids"":[47,49053],""token_count"":2,""sequence_logprob"":-2.6899147033691406,""mean_token_logprob"":-1.3449573516845703,""token_logprobs"":[-2.6898703575134277,-4.434487345861271e-05]},{""candidate"":""Seep"",""token_ids"":[1514,747],""token_count"":2,""sequence_logprob"":-0.97171950340271,""mean_token_logprob"":-0.485859751701355,""token_logprobs"":[-0.9717180728912354,-1.4305104514278355e-06]},{""candidate"":""Trill"",""token_ids"":[1282,483],""token_count"":2,""sequence_logprob"":-5.762298583984375,""mean_token_logprob"":-2.8811492919921875,""token_logprobs"":[-3.7855939865112305,-1.9767043590545654]},{""candidate"":""Tsik"",""token_ids"":[52793,1579],""token_count"":2,""sequence_logprob"":-3.1083998680114746,""mean_token_logprob"":-1.5541999340057373,""token_logprobs"":[-3.108393430709839,-6.556489552167477e-06]},{""candidate"":""Twitter"",""token_ids"":[24862],""token_count"":1,""sequence_logprob"":-0.7839823365211487,""mean_token_logprob"":-0.7839823365211487,""token_logprobs"":[-0.7839823365211487]}]"
622260,2020_10_2,Twitter,bare,Phee,Phee,false,false,"[{""candidate"":""Infant Cry"",""token_ids"":[19433,517,42705],""token_count"":3,""sequence_logprob"":-7.659005165100098,""mean_token_logprob"":-2.5530017217000327,""token_logprobs"":[-7.6583781242370605,-2.3841830625315197e-06,-0.0006248190766200423]},{""candidate"":""Phee"",""token_ids"":[47,49053],""token_count"":2,""sequence_logprob"":-1.06290602684021,""mean_token_logprob"":-0.531453013420105,""token_logprobs"":[-1.0628972053527832,-8.821448318485636e-06]},{""candidate"":""Seep"",""token_ids"":[1514,747],""token_count"":2,""sequence_logprob"":-1.4228817224502563,""mean_token_logprob"":-0.7114408612251282,""token_logprobs"":[-1.422881007194519,-7.152555099310121e-07]},{""candidate"":""Trill"",""token_ids"":[1282,483],""token_count"":2,""sequence_logprob"":-5.808993339538574,""mean_token_logprob"":-2.904496669769287,""token_logprobs"":[-3.238626718521118,-2.570366621017456]},{""candidate"":""Tsik"",""token_ids"":[52793,1579],""token_count"":2,""sequence_logprob"":-1.4710383415222168,""mean_token_logprob"":-0.7355191707611084,""token_logprobs"":[-1.470878005027771,-0.00016032364510465413]},{""candidate"":""Twitter"",""token_ids"":[24862],""token_count"":1,""sequence_logprob"":-2.062897205352783,""mean_token_logprob"":-2.062897205352783,""token_logprobs"":[-2.062897205352783]}]"
622260,2020_10_2,Twitter,definition,Seep,Twitter,false,true,"[{""candidate"":""Infant Cry"",""token_ids"":[19433,517,42705],""token_count"":3,""sequence_logprob"":-5.618020534515381,""mean_token_logprob"":-1.872673511505127,""token_logprobs"":[-5.6175217628479,-1.311301275563892e-06,-0.0004974558250978589]},{""candidate"":""Phee"",""token_ids"":[47,49053],""token_count"":2,""sequence_logprob"":-1.880773901939392,""mean_token_logprob"":-0.940386950969696,""token_logprobs"":[-1.8807309865951538,-4.2914423829643056e-05]},{""candidate"":""Seep"",""token_ids"":[1514,747],""token_count"":2,""sequence_logprob"":-1.3143125772476196,""mean_token_logprob"":-0.6571562886238098,""token_logprobs"":[-1.3099339008331299,-0.004378731828182936]},{""candidate"":""Trill"",""token_ids"":[1282,483],""token_count"":2,""sequence_logprob"":-5.313474655151367,""mean_token_logprob"":-2.6567373275756836,""token_logprobs"":[-3.0218193531036377,-2.2916550636291504]},{""candidate"":""Tsik"",""token_ids"":[52793,1579],""token_count"":2,""sequence_logprob"":-2.6175384521484375,""mean_token_logprob"":-1.3087692260742188,""token_logprobs"":[-2.6175217628479004,-1.6689160474925302e-05]},{""candidate"":""Twitter"",""token_ids"":[24862],""token_count"":1,""sequence_logprob"":-0.8807309865951538,""mean_token_logprob"":-0.8807309865951538,""token_logprobs"":[-0.8807309865951538]}]"
622312,2020_10_2,Tsik,bare,Seep,Seep,false,false,"[{""candidate"":""Infant Cry"",""token_ids"":[19433,517,42705],""token_count"":3,""sequence_logprob"":-8.233636856079102,""mean_token_logprob"":-2.7445456186930337,""token_logprobs"":[-8.233243942260742,-3.4570634852570947e-06,-0.0003895000845659524]},{""candidate"":""Phee"",""token_ids"":[47,49053],""token_count"":2,""sequence_logprob"":-1.2020100355148315,""mean_token_logprob"":-0.6010050177574158,""token_logprobs"":[-1.2019935846328735,-1.645074735279195e-05]},{""candidate"":""Seep"",""token_ids"":[1514,747],""token_count"":2,""sequence_logprob"":-1.201994776725769,""mean_token_logprob"":-0.6009973883628845,""token_logprobs"":[-1.2019935846328735,-1.1920922133867862e-06]},{""candidate"":""Trill"",""token_ids"":[1282,483],""token_count"":2,""sequence_logprob"":-5.738755226135254,""mean_token_logprob"":-2.869377613067627,""token_logprobs"":[-2.951993465423584,-2.78676176071167]},{""candidate"":""Tsik"",""token_ids"":[52793,1579],""token_count"":2,""sequence_logprob"":-1.70219087600708,""mean_token_logprob"":-0.85109543800354,""token_logprobs"":[-1.7019935846328735,-0.00019727191829588264]},{""candidate"":""Twitter"",""token_ids"":[24862],""token_count"":1,""sequence_logprob"":-2.076993465423584,""mean_token_logprob"":-2.076993465423584,""token_logprobs"":[-2.076993465423584]}]"
622312,2020_10_2,Tsik,definition,Twitter,Twitter,false,false,"[{""candidate"":""Infant Cry"",""token_ids"":[19433,517,42705],""token_count"":3,""sequence_logprob"":-6.544793605804443,""mean_token_logprob"":-2.181597868601481,""token_logprobs"":[-6.5445380210876465,-1.0728830375228426e-06,-0.0002548369811847806]},{""candidate"":""Phee"",""token_ids"":[47,49053],""token_count"":2,""sequence_logprob"":-2.982093095779419,""mean_token_logprob"":-1.4910465478897095,""token_logprobs"":[-2.9820380210876465,-5.507317473529838e-05]},{""candidate"":""Seep"",""token_ids"":[1514,747],""token_count"":2,""sequence_logprob"":-1.357041835784912,""mean_token_logprob"":-0.678520917892456,""token_logprobs"":[-1.357038140296936,-3.6954811548639555e-06]},{""candidate"":""Trill"",""token_ids"":[1282,483],""token_count"":2,""sequence_logprob"":-3.829493522644043,""mean_token_logprob"":-1.9147467613220215,""token_logprobs"":[-3.2945380210876465,-0.534955620765686]},{""candidate"":""Tsik"",""token_ids"":[52793,1579],""token_count"":2,""sequence_logprob"":-3.232046604156494,""mean_token_logprob"":-1.616023302078247,""token_logprobs"":[-3.2320380210876465,-8.583032467868179e-06]},{""candidate"":""Twitter"",""token_ids"":[24862],""token_count"":1,""sequence_logprob"":-0.544538140296936,""mean_token_logprob"":-0.544538140296936,""token_logprobs"":[-0.544538140296936]}]"
622417,2020_10_2,Seep,bare,Phee,Phee,false,false,"[{""candidate"":""Infant Cry"",""token_ids"":[19433,517,42705],""token_count"":3,""sequence_logprob"":-7.139532566070557,""mean_token_logprob"":-2.3798441886901855,""token_logprobs"":[-7.139097690582275,-1.4305104514278355e-06,-0.00043358939001336694]},{""candidate"":""Phee"",""token_ids"":[47,49053],""token_count"":2,""sequence_logprob"":-1.2016109228134155,""mean_token_logprob"":-0.6008054614067078,""token_logprobs"":[-1.2015975713729858,-1.3351351299206726e-05]},{""candidate"":""Seep"",""token_ids"":[1514,747],""token_count"":2,""sequence_logprob"":-1.2640987634658813,""mean_token_logprob"":-0.6320493817329407,""token_logprobs"":[-1.2640975713729858,-1.1920922133867862e-06]},{""candidate"":""Trill"",""token_ids"":[1282,483],""token_count"":2,""sequence_logprob"":-6.422978401184082,""mean_token_logprob"":-3.211489200592041,""token_logprobs"":[-2.8265976905822754,-3.5963804721832275]},{""candidate"":""Tsik"",""token_ids"":[52793,1579],""token_count"":2,""sequence_logprob"":-1.9516682624816895,""mean_token_logprob"":-0.9758341312408447,""token_logprobs"":[-1.9515975713729858,-7.068861305015162e-05]},{""candidate"":""Twitter"",""token_ids"":[24862],""token_count"":1,""sequence_logprob"":-1.7640975713729858,""mean_token_logprob"":-1.7640975713729858,""token_logprobs"":[-1.7640975713729858]}]"
622417,2020_10_2,Seep,definition,Twitter,Twitter,false,false,"[{""candidate"":""Infant Cry"",""token_ids"":[19433,517,42705],""token_count"":3,""sequence_logprob"":-6.013889312744141,""mean_token_logprob"":-2.0046297709147134,""token_logprobs"":[-6.013636112213135,-1.311301275563892e-06,-0.0002516191452741623]},{""candidate"":""Phee"",""token_ids"":[47,49053],""token_count"":2,""sequence_logprob"":-2.1386725902557373,""mean_token_logprob"":-1.0693362951278687,""token_logprobs"":[-2.1386361122131348,-3.659658250398934e-05]},{""candidate"":""Seep"",""token_ids"":[1514,747],""token_count"":2,""sequence_logprob"":-1.4511377811431885,""mean_token_logprob"":-0.7255688905715942,""token_logprobs"":[-1.4511361122131348,-1.6689286894688848e-06]},{""candidate"":""Trill"",""token_ids"":[1282,483],""token_count"":2,""sequence_logprob"":-5.618851661682129,""mean_token_logprob"":-2.8094258308410645,""token_logprobs"":[-2.9511361122131348,-2.6677157878875732]},{""candidate"":""Tsik"",""token_ids"":[52793,1579],""token_count"":2,""sequence_logprob"":-3.451145887374878,""mean_token_logprob"":-1.725572943687439,""token_logprobs"":[-3.4511361122131348,-9.894321920000948e-06]},{""candidate"":""Twitter"",""token_ids"":[24862],""token_count"":1,""sequence_logprob"":-0.6386361122131348,""mean_token_logprob"":-0.6386361122131348,""token_logprobs"":[-0.6386361122131348]}]"
622758,2020_10_2,Twitter,bare,Phee,Twitter,false,true,"[{""candidate"":""Infant Cry"",""token_ids"":[19433,517,42705],""token_count"":3,""sequence_logprob"":-8.41703987121582,""mean_token_logprob"":-2.80567995707194,""token_logprobs"":[-8.416690826416016,-1.6689286894688848e-06,-0.00034683887497521937]},{""candidate"":""Phee"",""token_ids"":[47,49053],""token_count"":2,""sequence_logprob"":-1.2833081483840942,""mean_token_logprob"":-0.6416540741920471,""token_logprobs"":[-1.2832973003387451,-1.0847986231965479e-05]},{""candidate"":""Seep"",""token_ids"":[1514,747],""token_count"":2,""sequence_logprob"":-1.729191541671753,""mean_token_logprob"":-0.8645957708358765,""token_logprobs"":[-1.729190468788147,-1.0728830375228426e-06]},{""candidate"":""Trill"",""token_ids"":[1282,483],""token_count"":2,""sequence_logprob"":-5.826128005981445,""mean_token_logprob"":-2.9130640029907227,""token_logprobs"":[-3.033297300338745,-2.792830467224121]},{""candidate"":""Tsik"",""token_ids"":[52793,1579],""token_count"":2,""sequence_logprob"":-1.6667839288711548,""mean_token_logprob"":-0.8333919644355774,""token_logprobs"":[-1.666690468788147,-9.345571743324399e-05]},{""candidate"":""Twitter"",""token_ids"":[24862],""token_count"":1,""sequence_logprob"":-1.2832973003387451,""mean_token_logprob"":-1.2832973003387451,""token_logprobs"":[-1.2832973003387451]}]"
622758,2020_10_2,Twitter,definition,Twitter,Twitter,true,true,"[{""candidate"":""Infant Cry"",""token_ids"":[19433,517,42705],""token_count"":3,""sequence_logprob"":-8.927332878112793,""mean_token_logprob"":-2.9757776260375977,""token_logprobs"":[-8.927151679992676,-1.311301275563892e-06,-0.00018034738604910672]},{""candidate"":""Phee"",""token_ids"":[47,49053],""token_count"":2,""sequence_logprob"":-3.657097339630127,""mean_token_logprob"":-1.8285486698150635,""token_logprobs"":[-3.657054901123047,-4.2437604861333966e-05]},{""candidate"":""Seep"",""token_ids"":[1514,747],""token_count"":2,""sequence_logprob"":-2.3959038257598877,""mean_token_logprob"":-1.1979519128799438,""token_logprobs"":[-2.395902156829834,-1.6689286894688848e-06]},{""candidate"":""Trill"",""token_ids"":[1282,483],""token_count"":2,""sequence_logprob"":-5.729132652282715,""mean_token_logprob"":-2.8645663261413574,""token_logprobs"":[-3.469554901123047,-2.259577989578247]},{""candidate"":""Tsik"",""token_ids"":[52793,1579],""token_count"":2,""sequence_logprob"":-3.8334059715270996,""mean_token_logprob"":-1.9167029857635498,""token_logprobs"":[-3.833402156829834,-3.814689989667386e-06]},{""candidate"":""Twitter"",""token_ids"":[24862],""token_count"":1,""sequence_logprob"":-0.2195548266172409,""mean_token_logprob"":-0.2195548266172409,""token_logprobs"":[-0.2195548266172409]}]"
623573,2020_10_2,Twitter,bare,Phee,Phee,false,false,"[{""candidate"":""Infant Cry"",""token_ids"":[19433,517,42705],""token_count"":3,""sequence_logprob"":-9.91722583770752,""mean_token_logprob"":-3.3057419459025064,""token_logprobs"":[-9.916647911071777,-2.145764938177308e-06,-0.0005757343024015427]},{""candidate"":""Phee"",""token_ids"":[47,49053],""token_count"":2,""sequence_logprob"":-1.1947797536849976,""mean_token_logprob"":-0.5973898768424988,""token_logprobs"":[-1.1947709321975708,-8.821448318485636e-06]},{""candidate"":""Seep"",""token_ids"":[1514,747],""token_count"":2,""sequence_logprob"":-1.3787825107574463,""mean_token_logprob"":-0.6893912553787231,""token_logprobs"":[-1.3787815570831299,-9.536738616588991e-07]},{""candidate"":""Trill"",""token_ids"":[1282,483],""token_count"":2,""sequence_logprob"":-6.7663893699646,""mean_token_logprob"":-3.3831946849823,""token_logprobs"":[-3.457770824432373,-3.3086185455322266]},{""candidate"":""Tsik"",""token_ids"":[52793,1579],""token_count"":2,""sequence_logprob"":-1.7869668006896973,""mean_token_logprob"":-0.8934834003448486,""token_logprobs"":[-1.786846399307251,-0.00012039413559250534]},{""candidate"":""Twitter"",""token_ids"":[24862],""token_count"":1,""sequence_logprob"":-1.6322709321975708,""mean_token_logprob"":-1.6322709321975708,""token_logprobs"":[-1.6322709321975708]}]"
623573,2020_10_2,Twitter,definition,Twitter,Twitter,true,true,"[{""candidate"":""Infant Cry"",""token_ids"":[19433,517,42705],""token_count"":3,""sequence_logprob"":-8.354442596435547,""mean_token_logprob"":-2.784814198811849,""token_logprobs"":[-8.354146003723145,-1.5497195136049413e-06,-0.0002944036095868796]},{""candidate"":""Phee"",""token_ids"":[47,49053],""token_count"":2,""sequence_logprob"":-2.904665946960449,""mean_token_logprob"":-1.4523329734802246,""token_logprobs"":[-2.904632091522217,-3.397406908334233e-05]},{""candidate"":""Seep"",""token_ids"":[1514,747],""token_count"":2,""sequence_logprob"":-1.8575246334075928,""mean_token_logprob"":-0.9287623167037964,""token_logprobs"":[-1.8575226068496704,-2.0265558760002023e-06]},{""candidate"":""Trill"",""token_ids"":[1282,483],""token_count"":2,""sequence_logprob"":-5.363490581512451,""mean_token_logprob"":-2.6817452907562256,""token_logprobs"":[-3.3899269104003906,-1.97356379032135]},{""candidate"":""Tsik"",""token_ids"":[52793,1579],""token_count"":2,""sequence_logprob"":-3.548717737197876,""mean_token_logprob"":-1.774358868598938,""token_logprobs"":[-3.548715114593506,-2.7418097943154862e-06]},{""candidate"":""Twitter"",""token_ids"":[24862],""token_count"":1,""sequence_logprob"":-0.3421321511268616,""mean_token_logprob"":-0.3421321511268616,""token_logprobs"":[-0.3421321511268616]}]"
623831,2020_10_2,Tsik,bare,Tsik,Tsik,true,true,"[{""candidate"":""Infant Cry"",""token_ids"":[19433,517,42705],""token_count"":3,""sequence_logprob"":-9.341185569763184,""mean_token_logprob"":-3.1137285232543945,""token_logprobs"":[-9.340679168701172,-3.814689989667386e-06,-0.0005023409612476826]},{""candidate"":""Phee"",""token_ids"":[47,49053],""token_count"":2,""sequence_logprob"":-1.4902071952819824,""mean_token_logprob"":-0.7451035976409912,""token_logprobs"":[-1.490194320678711,-1.2874520507466514e-05]},{""candidate"":""Seep"",""token_ids"":[1514,747],""token_count"":2,""sequence_logprob"":-1.5501447916030884,""mean_token_logprob"":-0.7750723958015442,""token_logprobs"":[-1.5501431226730347,-1.6689286894688848e-06]},{""candidate"":""Trill"",""token_ids"":[1282,483],""token_count"":2,""sequence_logprob"":-4.236476421356201,""mean_token_logprob"":-2.1182382106781006,""token_logprobs"":[-3.1835243701934814,-1.0529521703720093]},{""candidate"":""Tsik"",""token_ids"":[52793,1579],""token_count"":2,""sequence_logprob"":-1.1221754550933838,""mean_token_logprob"":-0.5610877275466919,""token_logprobs"":[-1.1219295263290405,-0.00024589852546341717]},{""candidate"":""Twitter"",""token_ids"":[24862],""token_count"":1,""sequence_logprob"":-1.990194320678711,""mean_token_logprob"":-1.990194320678711,""token_logprobs"":[-1.990194320678711]}]"
623831,2020_10_2,Tsik,definition,Twitter,Twitter,false,false,"[{""candidate"":""Infant Cry"",""token_ids"":[19433,517,42705],""token_count"":3,""sequence_logprob"":-7.343093395233154,""mean_token_logprob"":-2.4476977984110513,""token_logprobs"":[-7.342874050140381,-1.0728830375228426e-06,-0.0002184867626056075]},{""candidate"":""Phee"",""token_ids"":[47,49053],""token_count"":2,""sequence_logprob"":-3.219508647918701,""mean_token_logprob"":-1.6097543239593506,""token_logprobs"":[-3.219449281692505,-5.936446541454643e-05]},{""candidate"":""Seep"",""token_ids"":[1514,747],""token_count"":2,""sequence_logprob"":-1.3795260190963745,""mean_token_logprob"":-0.6897630095481873,""token_logprobs"":[-1.3795247077941895,-1.311301275563892e-06]},{""candidate"":""Trill"",""token_ids"":[1282,483],""token_count"":2,""sequence_logprob"":-5.442755699157715,""mean_token_logprob"":-2.7213778495788574,""token_logprobs"":[-3.1807138919830322,-2.2620418071746826]},{""candidate"":""Tsik"",""token_ids"":[52793,1579],""token_count"":2,""sequence_logprob"":-3.2491300106048584,""mean_token_logprob"":-1.6245650053024292,""token_logprobs"":[-3.249124050140381,-5.960446742392378e-06]},{""candidate"":""Twitter"",""token_ids"":[24862],""token_count"":1,""sequence_logprob"":-0.4694492220878601,""mean_token_logprob"":-0.4694492220878601,""token_logprobs"":[-0.4694492220878601]}]"
625053,2020_10_2,Twitter,bare,Seep,Twitter,false,true,"[{""candidate"":""Infant Cry"",""token_ids"":[19433,517,42705],""token_count"":3,""sequence_logprob"":-9.407835960388184,""mean_token_logprob"":-3.1359453201293945,""token_logprobs"":[-9.407368659973145,-2.145764938177308e-06,-0.0004650464979931712]},{""candidate"":""Phee"",""token_ids"":[47,49053],""token_count"":2,""sequence_logprob"":-1.6634304523468018,""mean_token_logprob"":-0.8317152261734009,""token_logprobs"":[-1.6634151935577393,-1.5258672647178173e-05]},{""candidate"":""Seep"",""token_ids"":[1514,747],""token_count"":2,""sequence_logprob"":-1.657369613647461,""mean_token_logprob"":-0.8286848068237305,""token_logprobs"":[-1.657368779182434,-8.344646857949556e-07]},{""candidate"":""Trill"",""token_ids"":[1282,483],""token_count"":2,""sequence_logprob"":-6.107588768005371,""mean_token_logprob"":-3.0537943840026855,""token_logprobs"":[-3.1634151935577393,-2.9441733360290527]},{""candidate"":""Tsik"",""token_ids"":[52793,1579],""token_count"":2,""sequence_logprob"":-1.7824748754501343,""mean_token_logprob"":-0.8912374377250671,""token_logprobs"":[-1.782368779182434,-0.00010609064338495955]},{""candidate"":""Twitter"",""token_ids"":[24862],""token_count"":1,""sequence_logprob"":-0.9759151339530945,""mean_token_logprob"":-0.9759151339530945,""token_logprobs"":[-0.9759151339530945]}]"
625053,2020_10_2,Twitter,definition,Twitter,Twitter,true,true,"[{""candidate"":""Infant Cry"",""token_ids"":[19433,517,42705],""token_count"":3,""sequence_logprob"":-8.787775039672852,""mean_token_logprob"":-2.929258346557617,""token_logprobs"":[-8.787541389465332,-1.5497195136049413e-06,-0.0002321927313460037]},{""candidate"":""Phee"",""token_ids"":[47,49053],""token_count"":2,""sequence_logprob"":-3.3022844791412354,""mean_token_logprob"":-1.6511422395706177,""token_logprobs"":[-3.302241086959839,-4.339123915997334e-05]},{""candidate"":""Seep"",""token_ids"":[1514,747],""token_count"":2,""sequence_logprob"":-2.2875444889068604,""mean_token_logprob"":-1.1437722444534302,""token_logprobs"":[-2.287541627883911,-2.861018856492592e-06]},{""candidate"":""Trill"",""token_ids"":[1282,483],""token_count"":2,""sequence_logprob"":-5.5122575759887695,""mean_token_logprob"":-2.7561287879943848,""token_logprobs"":[-3.739741086959839,-1.7725166082382202]},{""candidate"":""Tsik"",""token_ids"":[52793,1579],""token_count"":2,""sequence_logprob"":-3.787546396255493,""mean_token_logprob"":-1.8937731981277466,""token_logprobs"":[-3.787541627883911,-4.887569048150908e-06]},{""candidate"":""Twitter"",""token_ids"":[24862],""token_count"":1,""sequence_logprob"":-0.23974117636680603,""mean_token_logprob"":-0.23974117636680603,""token_logprobs"":[-0.23974117636680603]}]"
632037,2021_1_1,Tsik,bare,Phee,Phee,false,false,"[{""candidate"":""Infant Cry"",""token_ids"":[19433,517,42705],""token_count"":3,""sequence_logprob"":-8.347433090209961,""mean_token_logprob"":-2.782477696736654,""token_logprobs"":[-8.346890449523926,-2.0265558760002023e-06,-0.0005403488758020103]},{""candidate"":""Phee"",""token_ids"":[47,49053],""token_count"":2,""sequence_logprob"":-0.8156521320343018,""mean_token_logprob"":-0.4078260660171509,""token_logprobs"":[-0.8156400918960571,-1.2040065485052764e-05]},{""candidate"":""Seep"",""token_ids"":[1514,747],""token_count"":2,""sequence_logprob"":-1.7452034950256348,""mean_token_logprob"":-0.8726017475128174,""token_logprobs"":[-1.7452021837234497,-1.311301275563892e-06]},{""candidate"":""Trill"",""token_ids"":[1282,483],""token_count"":2,""sequence_logprob"":-4.76863431930542,""mean_token_logprob"":-2.38431715965271,""token_logprobs"":[-3.1564371585845947,-1.6121970415115356]},{""candidate"":""Tsik"",""token_ids"":[52793,1579],""token_count"":2,""sequence_logprob"":-1.6907622814178467,""mean_token_logprob"":-0.8453811407089233,""token_logprobs"":[-1.6906400918960571,-0.00012218205665703863]},{""candidate"":""Twitter"",""token_ids"":[24862],""token_count"":1,""sequence_logprob"":-2.0656399726867676,""mean_token_logprob"":-2.0656399726867676,""token_logprobs"":[-2.0656399726867676]}]"
632037,2021_1_1,Tsik,definition,Twitter,Twitter,false,false,"[{""candidate"":""Infant Cry"",""token_ids"":[19433,517,42705],""token_count"":3,""sequence_logprob"":-7.8704514503479,""mean_token_logprob"":-2.6234838167826333,""token_logprobs"":[-7.870250225067139,-1.311301275563892e-06,-0.00019977481861133128]},{""candidate"":""Phee"",""token_ids"":[47,49053],""token_count"":2,""sequence_logprob"":-3.4015655517578125,""mean_token_logprob"":-1.7007827758789062,""token_logprobs"":[-3.4014999866485596,-6.55629628454335e-05]},{""candidate"":""Seep"",""token_ids"":[1514,747],""token_count"":2,""sequence_logprob"":-1.7416383028030396,""mean_token_logprob"":-0.8708191514015198,""token_logprobs"":[-1.7416366338729858,-1.6689286894688848e-06]},{""candidate"":""Trill"",""token_ids"":[1282,483],""token_count"":2,""sequence_logprob"":-6.488142013549805,""mean_token_logprob"":-3.2440710067749023,""token_logprobs"":[-3.4976000785827637,-2.990541696548462]},{""candidate"":""Tsik"",""token_ids"":[52793,1579],""token_count"":2,""sequence_logprob"":-3.3390097618103027,""mean_token_logprob"":-1.6695048809051514,""token_logprobs"":[-3.3389999866485596,-9.775113539944869e-06]},{""candidate"":""Twitter"",""token_ids"":[24862],""token_count"":1,""sequence_logprob"":-0.33900001645088196,""mean_token_logprob"":-0.33900001645088196,""token_logprobs"":[-0.33900001645088196]}]"
632300,2021_1_1,Phee,bare,Phee,Phee,true,true,"[{""candidate"":""Infant Cry"",""token_ids"":[19433,517,42705],""token_count"":3,""sequence_logprob"":-6.947037696838379,""mean_token_logprob"":-2.3156792322794595,""token_logprobs"":[-6.946674823760986,-2.145764938177308e-06,-0.00036113892565481365]},{""candidate"":""Phee"",""token_ids"":[47,49053],""token_count"":2,""sequence_logprob"":-0.759185791015625,""mean_token_logprob"":-0.3795928955078125,""token_logprobs"":[-0.7591747045516968,-1.1086402082582936e-05]},{""candidate"":""Seep"",""token_ids"":[1514,747],""token_count"":2,""sequence_logprob"":-1.696675419807434,""mean_token_logprob"":-0.848337709903717,""token_logprobs"":[-1.6966747045516968,-7.152555099310121e-07]},{""candidate"":""Trill"",""token_ids"":[1282,483],""token_count"":2,""sequence_logprob"":-8.061323165893555,""mean_token_logprob"":-4.030661582946777,""token_logprobs"":[-3.2591748237609863,-4.802148342132568]},{""candidate"":""Tsik"",""token_ids"":[52793,1579],""token_count"":2,""sequence_logprob"":-2.3842339515686035,""mean_token_logprob"":-1.1921169757843018,""token_logprobs"":[-2.3841748237609863,-5.9126061387360096e-05]},{""candidate"":""Twitter"",""token_ids"":[24862],""token_count"":1,""sequence_logprob"":-1.6966747045516968,""mean_token_logprob"":-1.6966747045516968,""token_logprobs"":[-1.6966747045516968]}]"
632300,2021_1_1,Phee,definition,Twitter,Twitter,false,false,"[{""candidate"":""Infant Cry"",""token_ids"":[19433,517,42705],""token_count"":3,""sequence_logprob"":-6.928163528442383,""mean_token_logprob"":-2.3093878428141275,""token_logprobs"":[-6.927962779998779,-1.0728830375228426e-06,-0.0001998939987970516]},{""candidate"":""Phee"",""token_ids"":[47,49053],""token_count"":2,""sequence_logprob"":-2.1155030727386475,""mean_token_logprob"":-1.0577515363693237,""token_logprobs"":[-2.1154630184173584,-4.017272294731811e-05]},{""candidate"":""Seep"",""token_ids"":[1514,747],""token_count"":2,""sequence_logprob"":-1.615464687347412,""mean_token_logprob"":-0.807732343673706,""token_logprobs"":[-1.6154630184173584,-1.6689286894688848e-06]},{""candidate"":""Trill"",""token_ids"":[1282,483],""token_count"":2,""sequence_logprob"":-5.320367813110352,""mean_token_logprob"":-2.660183906555176,""token_logprobs"":[-3.3029630184173584,-2.0174050331115723]},{""candidate"":""Tsik"",""token_ids"":[52793,1579],""token_count"":2,""sequence_logprob"":-3.302967071533203,""mean_token_logprob"":-1.6514835357666016,""token_logprobs"":[-3.3029630184173584,-4.0531076592742465e-06]},{""candidate"":""Twitter"",""token_ids"":[24862],""token_count"":1,""sequence_logprob"":-0.5529629588127136,""mean_token_logprob"":-0.5529629588127136,""token_logprobs"":[-0.5529629588127136]}]"
632863,2021_1_1,Phee,bare,Phee,Phee,true,true,"[{""candidate"":""Infant Cry"",""token_ids"":[19433,517,42705],""token_count"":3,""sequence_logprob"":-8.836868286132812,""mean_token_logprob"":-2.945622762044271,""token_logprobs"":[-8.836474418640137,-2.3841830625315197e-06,-0.0003923600015696138]},{""candidate"":""Phee"",""token_ids"":[47,49053],""token_count"":2,""sequence_logprob"":-1.0118160247802734,""mean_token_logprob"":-0.5059080123901367,""token_logprobs"":[-1.0118046998977661,-1.1324817933200393e-05]},{""candidate"":""Seep"",""token_ids"":[1514,747],""token_count"":2,""sequence_logprob"":-1.3383132219314575,""mean_token_logprob"":-0.6691566109657288,""token_logprobs"":[-1.3383123874664307,-8.344646857949556e-07]},{""candidate"":""Trill"",""token_ids"":[1282,483],""token_count"":2,""sequence_logprob"":-6.075962066650391,""mean_token_logprob"":-3.0379810333251953,""token_logprobs"":[-3.357318878173828,-2.7186429500579834]},{""candidate"":""Tsik"",""token_ids"":[52793,1579],""token_count"":2,""sequence_logprob"":-2.0553369522094727,""mean_token_logprob"":-1.0276684761047363,""token_logprobs"":[-2.0552239418029785,-0.00011300401820335537]},{""candidate"":""Twitter"",""token_ids"":[24862],""token_count"":1,""sequence_logprob"":-1.7618046998977661,""mean_token_logprob"":-1.7618046998977661,""token_logprobs"":[-1.7618046998977661]}]"
632863,2021_1_1,Phee,definition,Seep,Twitter,false,false,"[{""candidate"":""Infant Cry"",""token_ids"":[19433,517,42705],""token_count"":3,""sequence_logprob"":-7.658914089202881,""mean_token_logprob"":-2.552971363067627,""token_logprobs"":[-7.658659934997559,-1.311301275563892e-06,-0.0002526917669456452]},{""candidate"":""Phee"",""token_ids"":[47,49053],""token_count"":2,""sequence_logprob"":-2.902742385864258,""mean_token_logprob"":-1.451371192932129,""token_logprobs"":[-2.902696371078491,-4.6132929128361866e-05]},{""candidate"":""Seep"",""token_ids"":[1514,747],""token_count"":2,""sequence_logprob"":-1.0870882272720337,""mean_token_logprob"":-0.5435441136360168,""token_logprobs"":[-1.0870869159698486,-1.311301275563892e-06]},{""candidate"":""Trill"",""token_ids"":[1282,483],""token_count"":2,""sequence_logprob"":-5.549393177032471,""mean_token_logprob"":-2.7746965885162354,""token_logprobs"":[-3.779832601547241,-1.769560694694519]},{""candidate"":""Tsik"",""token_ids"":[52793,1579],""token_count"":2,""sequence_logprob"":-3.2836687564849854,""mean_token_logprob"":-1.6418343782424927,""token_logprobs"":[-3.2836599349975586,-8.940656698541716e-06]},{""candidate"":""Twitter"",""token_ids"":[24862],""token_count"":1,""sequence_logprob"":-0.6526963114738464,""mean_token_logprob"":-0.6526963114738464,""token_logprobs"":[-0.6526963114738464]}]"
636120,2023_3_0,Tsik,bare,Tsik,Tsik,true,true,"[{""candidate"":""Infant Cry"",""token_ids"":[19433,517,42705],""token_count"":3,""sequence_logprob"":-9.133278846740723,""mean_token_logprob"":-3.0444262822469077,""token_logprobs"":[-9.132494926452637,-4.768360213347478e-06,-0.0007787294453009963]},{""candidate"":""Phee"",""token_ids"":[47,49053],""token_count"":2,""sequence_logprob"":-1.3665932416915894,""mean_token_logprob"":-0.6832966208457947,""token_logprobs"":[-1.3665807247161865,-1.2516897186287679e-05]},{""candidate"":""Seep"",""token_ids"":[1514,747],""token_count"":2,""sequence_logprob"":-1.8824964761734009,""mean_token_logprob"":-0.9412482380867004,""token_logprobs"":[-1.8824948072433472,-1.6689286894688848e-06]},{""candidate"":""Trill"",""token_ids"":[1282,483],""token_count"":2,""sequence_logprob"":-5.9281816482543945,""mean_token_logprob"":-2.9640908241271973,""token_logprobs"":[-3.3040807247161865,-2.624100923538208]},{""candidate"":""Tsik"",""token_ids"":[52793,1579],""token_count"":2,""sequence_logprob"":-1.0701597929000854,""mean_token_logprob"":-0.5350798964500427,""token_logprobs"":[-1.0699948072433472,-0.00016497205069754273]},{""candidate"":""Twitter"",""token_ids"":[24862],""token_count"":1,""sequence_logprob"":-1.8665807247161865,""mean_token_logprob"":-1.8665807247161865,""token_logprobs"":[-1.8665807247161865]}]"
636120,2023_3_0,Tsik,definition,Twitter,Twitter,false,false,"[{""candidate"":""Infant Cry"",""token_ids"":[19433,517,42705],""token_count"":3,""sequence_logprob"":-7.133311748504639,""mean_token_logprob"":-2.3777705828348794,""token_logprobs"":[-7.1331095695495605,-1.1920922133867862e-06,-0.00020144341397099197]},{""candidate"":""Phee"",""token_ids"":[47,49053],""token_count"":2,""sequence_logprob"":-2.6175918579101562,""mean_token_logprob"":-1.3087959289550781,""token_logprobs"":[-2.617550849914551,-4.100715523236431e-05]},{""candidate"":""Seep"",""token_ids"":[1514,747],""token_count"":2,""sequence_logprob"":-1.6956127882003784,""mean_token_logprob"":-0.8478063941001892,""token_logprobs"":[-1.6956095695495605,-3.2186455882765586e-06]},{""candidate"":""Trill"",""token_ids"":[1282,483],""token_count"":2,""sequence_logprob"":-4.754331588745117,""mean_token_logprob"":-2.3771657943725586,""token_logprobs"":[-3.430050849914551,-1.3242807388305664]},{""candidate"":""Tsik"",""token_ids"":[52793,1579],""token_count"":2,""sequence_logprob"":-3.2581138610839844,""mean_token_logprob"":-1.6290569305419922,""token_logprobs"":[-3.2581095695495605,-4.410734163684538e-06]},{""candidate"":""Twitter"",""token_ids"":[24862],""token_count"":1,""sequence_logprob"":-0.43005073070526123,""mean_token_logprob"":-0.43005073070526123,""token_logprobs"":[-0.43005073070526123]}]"
638580,2023_3_0,Phee,bare,Phee,Phee,true,true,"[{""candidate"":""Infant Cry"",""token_ids"":[19433,517,42705],""token_count"":3,""sequence_logprob"":-7.698105812072754,""mean_token_logprob"":-2.566035270690918,""token_logprobs"":[-7.697653770446777,-1.7881377516459906e-06,-0.00045015214709565043]},{""candidate"":""Phee"",""token_ids"":[47,49053],""token_count"":2,""sequence_logprob"":-0.7668799161911011,""mean_token_logprob"":-0.38343995809555054,""token_logprobs"":[-0.7668682336807251,-1.168244216387393e-05]},{""candidate"":""Seep"",""token_ids"":[1514,747],""token_count"":2,""sequence_logprob"":-1.2996445894241333,""mean_token_logprob"":-0.6498222947120667,""token_logprobs"":[-1.299643635749817,-9.536738616588991e-07]},{""candidate"":""Trill"",""token_ids"":[1282,483],""token_count"":2,""sequence_logprob"":-6.43426513671875,""mean_token_logprob"":-3.217132568359375,""token_logprobs"":[-3.3967602252960205,-3.0375049114227295]},{""candidate"":""Tsik"",""token_ids"":[52793,1579],""token_count"":2,""sequence_logprob"":-2.255594253540039,""mean_token_logprob"":-1.1277971267700195,""token_logprobs"":[-2.255495309829712,-9.893881360767409e-05]},{""candidate"":""Twitter"",""token_ids"":[24862],""token_count"":1,""sequence_logprob"":-2.0982747077941895,""mean_token_logprob"":-2.0982747077941895,""token_logprobs"":[-2.0982747077941895]}]"
638580,2023_3_0,Phee,definition,Seep,Twitter,false,false,"[{""candidate"":""Infant Cry"",""token_ids"":[19433,517,42705],""token_count"":3,""sequence_logprob"":-7.080470561981201,""mean_token_logprob"":-2.360156853993734,""token_logprobs"":[-7.080244541168213,-1.311301275563892e-06,-0.00022456508304458112]},{""candidate"":""Phee"",""token_ids"":[47,49053],""token_count"":2,""sequence_logprob"":-2.2694339752197266,""mean_token_logprob"":-1.1347169876098633,""token_logprobs"":[-2.2693827152252197,-5.1377883210079744e-05]},{""candidate"":""Seep"",""token_ids"":[1514,747],""token_count"":2,""sequence_logprob"":-1.025711178779602,""mean_token_logprob"":-0.512855589389801,""token_logprobs"":[-1.025709867477417,-1.311301275563892e-06]},{""candidate"":""Trill"",""token_ids"":[1282,483],""token_count"":2,""sequence_logprob"":-5.210483551025391,""mean_token_logprob"":-2.6052417755126953,""token_logprobs"":[-3.6198432445526123,-1.5906405448913574]},{""candidate"":""Tsik"",""token_ids"":[52793,1579],""token_count"":2,""sequence_logprob"":-3.1072537899017334,""mean_token_logprob"":-1.5536268949508667,""token_logprobs"":[-3.107247829437256,-5.960446742392378e-06]},{""candidate"":""Twitter"",""token_ids"":[24862],""token_count"":1,""sequence_logprob"":-0.7970991134643555,""mean_token_logprob"":-0.7970991134643555,""token_logprobs"":[-0.7970991134643555]}]"
638810,2023_3_1,Trill,bare,Tsik,Tsik,false,false,"[{""candidate"":""Infant Cry"",""token_ids"":[19433,517,42705],""token_count"":3,""sequence_logprob"":-10.18246841430664,""mean_token_logprob"":-3.3941561381022134,""token_logprobs"":[-10.181625366210938,-3.4570634852570947e-06,-0.0008391196606680751]},{""candidate"":""Phee"",""token_ids"":[47,49053],""token_count"":2,""sequence_logprob"":-2.0978269577026367,""mean_token_logprob"":-1.0489134788513184,""token_logprobs"":[-2.097813129425049,-1.3947389561508317e-05]},{""candidate"":""Seep"",""token_ids"":[1514,747],""token_count"":2,""sequence_logprob"":-2.3241732120513916,""mean_token_logprob"":-1.1620866060256958,""token_logprobs"":[-2.324172019958496,-1.1920922133867862e-06]},{""candidate"":""Trill"",""token_ids"":[1282,483],""token_count"":2,""sequence_logprob"":-5.207165718078613,""mean_token_logprob"":-2.6035828590393066,""token_logprobs"":[-4.088235855102539,-1.1189301013946533]},{""candidate"":""Tsik"",""token_ids"":[52793,1579],""token_count"":2,""sequence_logprob"":-0.4773438572883606,""mean_token_logprob"":-0.2386719286441803,""token_logprobs"":[-0.47711417078971863,-0.00022968991834204644]},{""candidate"":""Twitter"",""token_ids"":[24862],""token_count"":1,""sequence_logprob"":-2.2753751277923584,""mean_token_logprob"":-2.2753751277923584,""token_logprobs"":[-2.2753751277923584]}]"
638810,2023_3_1,Trill,definition,Twitter,Twitter,false,false,"[{""candidate"":""Infant Cry"",""token_ids"":[19433,517,42705],""token_count"":3,""sequence_logprob"":-7.622710704803467,""mean_token_logprob"":-2.5409035682678223,""token_logprobs"":[-7.622435092926025,-1.1920922133867862e-06,-0.00027450130437500775]},{""candidate"":""Phee"",""token_ids"":[47,49053],""token_count"":2,""sequence_logprob"":-2.8485398292541504,""mean_token_logprob"":-1.4242699146270752,""token_logprobs"":[-2.848497152328491,-4.279521817807108e-05]},{""candidate"":""Seep"",""token_ids"":[1514,747],""token_count"":2,""sequence_logprob"":-1.5441259145736694,""mean_token_logprob"":-0.7720629572868347,""token_logprobs"":[-1.5441243648529053,-1.5497195136049413e-06]},{""candidate"":""Trill"",""token_ids"":[1282,483],""token_count"":2,""sequence_logprob"":-5.395679950714111,""mean_token_logprob"":-2.6978399753570557,""token_logprobs"":[-3.4616658687591553,-1.9340139627456665]},{""candidate"":""Tsik"",""token_ids"":[52793,1579],""token_count"":2,""sequence_logprob"":-3.0111587047576904,""mean_token_logprob"":-1.5055793523788452,""token_logprobs"":[-3.011139392852783,-1.9430925021879375e-05]},{""candidate"":""Twitter"",""token_ids"":[24862],""token_count"":1,""sequence_logprob"":-0.5286852121353149,""mean_token_logprob"":-0.5286852121353149,""token_logprobs"":[-0.5286852121353149]}]"
652668,2023_3_1,Seep,bare,Phee,Phee,false,false,"[{""candidate"":""Infant Cry"",""token_ids"":[19433,517,42705],""token_count"":3,""sequence_logprob"":-8.8069486618042,""mean_token_logprob"":-2.935649553934733,""token_logprobs"":[-8.806201934814453,-6.198863957251888e-06,-0.0007410878897644579]},{""candidate"":""Phee"",""token_ids"":[47,49053],""token_count"":2,""sequence_logprob"":-0.7714545726776123,""mean_token_logprob"":-0.38572728633880615,""token_logprobs"":[-0.7714407444000244,-1.3828182090946939e-05]},{""candidate"":""Seep"",""token_ids"":[1514,747],""token_count"":2,""sequence_logprob"":-1.333942174911499,""mean_token_logprob"":-0.6669710874557495,""token_logprobs"":[-1.3339407444000244,-1.4305104514278355e-06]},{""candidate"":""Trill"",""token_ids"":[1282,483],""token_count"":2,""sequence_logprob"":-5.403744697570801,""mean_token_logprob"":-2.7018723487854004,""token_logprobs"":[-3.2714407444000244,-2.1323037147521973]},{""candidate"":""Tsik"",""token_ids"":[52793,1579],""token_count"":2,""sequence_logprob"":-2.0841376781463623,""mean_token_logprob"":-1.0420688390731812,""token_logprobs"":[-2.0839407444000244,-0.00019691436318680644]},{""candidate"":""Twitter"",""token_ids"":[24862],""token_count"":1,""sequence_logprob"":-2.5839407444000244,""mean_token_logprob"":-2.5839407444000244,""token_logprobs"":[-2.5839407444000244]}]"
652668,2023_3_1,Seep,definition,Seep,Twitter,true,false,"[{""candidate"":""Infant Cry"",""token_ids"":[19433,517,42705],""token_count"":3,""sequence_logprob"":-5.726812362670898,""mean_token_logprob"":-1.9089374542236328,""token_logprobs"":[-5.726530075073242,-1.6689286894688848e-06,-0.0002810560108628124]},{""candidate"":""Phee"",""token_ids"":[47,49053],""token_count"":2,""sequence_logprob"":-1.8594812154769897,""mean_token_logprob"":-0.9297406077384949,""token_logprobs"":[-1.8594268560409546,-5.435795901576057e-05]},{""candidate"":""Seep"",""token_ids"":[1514,747],""token_count"":2,""sequence_logprob"":-1.0469287633895874,""mean_token_logprob"":-0.5234643816947937,""token_logprobs"":[-1.0469268560409546,-1.9073468138230965e-06]},{""candidate"":""Trill"",""token_ids"":[1282,483],""token_count"":2,""sequence_logprob"":-4.888363361358643,""mean_token_logprob"":-2.4441816806793213,""token_logprobs"":[-2.921926975250244,-1.9664363861083984]},{""candidate"":""Tsik"",""token_ids"":[52793,1579],""token_count"":2,""sequence_logprob"":-3.1094391345977783,""mean_token_logprob"":-1.5547195672988892,""token_logprobs"":[-3.109426975250244,-1.2159273865108844e-05]},{""candidate"":""Twitter"",""token_ids"":[24862],""token_count"":1,""sequence_logprob"":-1.0469268560409546,""mean_token_logprob"":-1.0469268560409546,""token_logprobs"":[-1.0469268560409546]}]"
654915,2023_3_1,Tsik,bare,Tsik,Tsik,true,true,"[{""candidate"":""Infant Cry"",""token_ids"":[19433,517,42705],""token_count"":3,""sequence_logprob"":-10.32629108428955,""mean_token_logprob"":-3.442097028096517,""token_logprobs"":[-10.325645446777344,-2.9802276912960224e-06,-0.0006423317245207727]},{""candidate"":""Phee"",""token_ids"":[47,49053],""token_count"":2,""sequence_logprob"":-2.714026689529419,""mean_token_logprob"":-1.3570133447647095,""token_logprobs"":[-2.7140121459960938,-1.4662635294371285e-05]},{""candidate"":""Seep"",""token_ids"":[1514,747],""token_count"":2,""sequence_logprob"":-2.684248208999634,""mean_token_logprob"":-1.342124104499817,""token_logprobs"":[-2.684244155883789,-4.0531076592742465e-06]},{""candidate"":""Trill"",""token_ids"":[1282,483],""token_count"":2,""sequence_logprob"":-6.709188938140869,""mean_token_logprob"":-3.3545944690704346,""token_logprobs"":[-3.306025266647339,-3.4031636714935303]},{""candidate"":""Tsik"",""token_ids"":[52793,1579],""token_count"":2,""sequence_logprob"":-0.4773903787136078,""mean_token_logprob"":-0.2386951893568039,""token_logprobs"":[-0.4767308831214905,-0.0006594866863451898]},{""candidate"":""Twitter"",""token_ids"":[24862],""token_count"":1,""sequence_logprob"":-1.7379677295684814,""mean_token_logprob"":-1.7379677295684814,""token_logprobs"":[-1.7379677295684814]}]"
654915,2023_3_1,Tsik,definition,Twitter,Twitter,false,false,"[{""candidate"":""Infant Cry"",""token_ids"":[19433,517,42705],""token_count"":3,""sequence_logprob"":-8.84471607208252,""mean_token_logprob"":-2.9482386906941733,""token_logprobs"":[-8.84449577331543,-1.4305104514278355e-06,-0.00021896349790040404]},{""candidate"":""Phee"",""token_ids"":[47,49053],""token_count"":2,""sequence_logprob"":-3.5628466606140137,""mean_token_logprob"":-1.7814233303070068,""token_logprobs"":[-3.562786102294922,-6.067568756407127e-05]},{""candidate"":""Seep"",""token_ids"":[1514,747],""token_count"":2,""sequence_logprob"":-2.4793543815612793,""mean_token_logprob"":-1.2396771907806396,""token_logprobs"":[-2.4793519973754883,-2.50339189733495e-06]},{""candidate"":""Trill"",""token_ids"":[1282,483],""token_count"":2,""sequence_logprob"":-5.386772155761719,""mean_token_logprob"":-2.6933860778808594,""token_logprobs"":[-3.302243709564209,-2.0845284461975098]},{""candidate"":""Tsik"",""token_ids"":[52793,1579],""token_count"":2,""sequence_logprob"":-3.424870014190674,""mean_token_logprob"":-1.712435007095337,""token_logprobs"":[-3.424860954284668,-9.179073458653875e-06]},{""candidate"":""Twitter"",""token_ids"":[24862],""token_count"":1,""sequence_logprob"":-0.24462321400642395,""mean_token_logprob"":-0.24462321400642395,""token_logprobs"":[-0.24462321400642395]}]"
666571,2020_11_1,Tsik,bare,Tsik,Tsik,true,true,"[{""candidate"":""Infant Cry"",""token_ids"":[19433,517,42705],""token_count"":3,""sequence_logprob"":-9.40799617767334,""mean_token_logprob"":-3.1359987258911133,""token_logprobs"":[-9.407222747802734,-2.7418097943154862e-06,-0.000770510348957032]},{""candidate"":""Phee"",""token_ids"":[47,49053],""token_count"":2,""sequence_logprob"":-2.3548903465270996,""mean_token_logprob"":-1.1774451732635498,""token_logprobs"":[-2.3548736572265625,-1.680836794548668e-05]},{""candidate"":""Seep"",""token_ids"":[1514,747],""token_count"":2,""sequence_logprob"":-1.85975182056427,""mean_token_logprob"":-0.929875910282135,""token_logprobs"":[-1.8597500324249268,-1.7881377516459906e-06]},{""candidate"":""Trill"",""token_ids"":[1282,483],""token_count"":2,""sequence_logprob"":-4.817096710205078,""mean_token_logprob"":-2.408548355102539,""token_logprobs"":[-3.4222500324249268,-1.3948469161987305]},{""candidate"":""Tsik"",""token_ids"":[52793,1579],""token_count"":2,""sequence_logprob"":-0.7198889851570129,""mean_token_logprob"":-0.35994449257850647,""token_logprobs"":[-0.7197229266166687,-0.00016604475968051702]},{""candidate"":""Twitter"",""token_ids"":[24862],""token_count"":1,""sequence_logprob"":-1.9173736572265625,""mean_token_logprob"":-1.9173736572265625,""token_logprobs"":[-1.9173736572265625]}]"
666571,2020_11_1,Tsik,definition,Twitter,Twitter,false,false,"[{""candidate"":""Infant Cry"",""token_ids"":[19433,517,42705],""token_count"":3,""sequence_logprob"":-7.547056674957275,""mean_token_logprob"":-2.515685558319092,""token_logprobs"":[-7.546809673309326,-1.0728830375228426e-06,-0.00024589852546341717]},{""candidate"":""Phee"",""token_ids"":[47,49053],""token_count"":2,""sequence_logprob"":-3.4678053855895996,""mean_token_logprob"":-1.7339026927947998,""token_logprobs"":[-3.467721939086914,-8.34430247778073e-05]},{""candidate"":""Seep"",""token_ids"":[1514,747],""token_count"":2,""sequence_logprob"":-1.6502761840820312,""mean_token_logprob"":-0.8251380920410156,""token_logprobs"":[-1.6502745151519775,-1.6689286894688848e-06]},{""candidate"":""Trill"",""token_ids"":[1282,483],""token_count"":2,""sequence_logprob"":-6.104576110839844,""mean_token_logprob"":-3.052288055419922,""token_logprobs"":[-3.6502745151519775,-2.4543018341064453]},{""candidate"":""Tsik"",""token_ids"":[52793,1579],""token_count"":2,""sequence_logprob"":-3.046818494796753,""mean_token_logprob"":-1.5234092473983765,""token_logprobs"":[-3.046809673309326,-8.940656698541716e-06]},{""candidate"":""Twitter"",""token_ids"":[24862],""token_count"":1,""sequence_logprob"":-0.46772199869155884,""mean_token_logprob"":-0.46772199869155884,""token_logprobs"":[-0.46772199869155884]}]"
667042,2020_11_1,Trill,bare,Seep,Seep,false,false,"[{""candidate"":""Infant Cry"",""token_ids"":[19433,517,42705],""token_count"":3,""sequence_logprob"":-10.190194129943848,""mean_token_logprob"":-3.396731376647949,""token_logprobs"":[-10.18959903717041,-3.6954811548639555e-06,-0.0005912224878557026]},{""candidate"":""Phee"",""token_ids"":[47,49053],""token_count"":2,""sequence_logprob"":-1.3660945892333984,""mean_token_logprob"":-0.6830472946166992,""token_logprobs"":[-1.3660824298858643,-1.2159273865108844e-05]},{""candidate"":""Seep"",""token_ids"":[1514,747],""token_count"":2,""sequence_logprob"":-1.140076756477356,""mean_token_logprob"":-0.570038378238678,""token_logprobs"":[-1.140075922012329,-8.344646857949556e-07]},{""candidate"":""Trill"",""token_ids"":[1282,483],""token_count"":2,""sequence_logprob"":-5.9905524253845215,""mean_token_logprob"":-2.9952762126922607,""token_logprobs"":[-3.476710319519043,-2.5138421058654785]},{""candidate"":""Tsik"",""token_ids"":[52793,1579],""token_count"":2,""sequence_logprob"":-1.9383623600006104,""mean_token_logprob"":-0.9691811800003052,""token_logprobs"":[-1.938202977180481,-0.00015937011630740017]},{""candidate"":""Twitter"",""token_ids"":[24862],""token_count"":1,""sequence_logprob"":-1.5535824298858643,""mean_token_logprob"":-1.5535824298858643,""token_logprobs"":[-1.5535824298858643]}]"
667042,2020_11_1,Trill,definition,Twitter,Twitter,false,false,"[{""candidate"":""Infant Cry"",""token_ids"":[19433,517,42705],""token_count"":3,""sequence_logprob"":-8.477577209472656,""mean_token_logprob"":-2.8258590698242188,""token_logprobs"":[-8.477304458618164,-2.0265558760002023e-06,-0.00027044929447583854]},{""candidate"":""Phee"",""token_ids"":[47,49053],""token_count"":2,""sequence_logprob"":-2.8507330417633057,""mean_token_logprob"":-1.4253665208816528,""token_logprobs"":[-2.8506927490234375,-4.0411134250462055e-05]},{""candidate"":""Seep"",""token_ids"":[1514,747],""token_count"":2,""sequence_logprob"":-1.644153118133545,""mean_token_logprob"":-0.8220765590667725,""token_logprobs"":[-1.644151210784912,-1.9073468138230965e-06]},{""candidate"":""Trill"",""token_ids"":[1282,483],""token_count"":2,""sequence_logprob"":-5.673241138458252,""mean_token_logprob"":-2.836620569229126,""token_logprobs"":[-3.830561876296997,-1.8426791429519653]},{""candidate"":""Tsik"",""token_ids"":[52793,1579],""token_count"":2,""sequence_logprob"":-3.4452619552612305,""mean_token_logprob"":-1.7226309776306152,""token_logprobs"":[-3.4452531337738037,-8.940656698541716e-06]},{""candidate"":""Twitter"",""token_ids"":[24862],""token_count"":1,""sequence_logprob"":-0.41319283843040466,""mean_token_logprob"":-0.41319283843040466,""token_logprobs"":[-0.41319283843040466]}]"
667130,2020_11_1,Seep,bare,Phee,Phee,false,false,"[{""candidate"":""Infant Cry"",""token_ids"":[19433,517,42705],""token_count"":3,""sequence_logprob"":-7.6301493644714355,""mean_token_logprob"":-2.5433831214904785,""token_logprobs"":[-7.6294355392456055,-2.9802276912960224e-06,-0.0007109498255886137]},{""candidate"":""Phee"",""token_ids"":[47,49053],""token_count"":2,""sequence_logprob"":-1.2252453565597534,""mean_token_logprob"":-0.6126226782798767,""token_logprobs"":[-1.2252298593521118,-1.549708758830093e-05]},{""candidate"":""Seep"",""token_ids"":[1514,747],""token_count"":2,""sequence_logprob"":-1.2439793348312378,""mean_token_logprob"":-0.6219896674156189,""token_logprobs"":[-1.2439779043197632,-1.4305104514278355e-06]},{""candidate"":""Trill"",""token_ids"":[1282,483],""token_count"":2,""sequence_logprob"":-6.909457206726074,""mean_token_logprob"":-3.454728603363037,""token_logprobs"":[-2.8984317779541016,-4.011025428771973]},{""candidate"":""Tsik"",""token_ids"":[52793,1579],""token_count"":2,""sequence_logprob"":-1.611836552619934,""mean_token_logprob"":-0.805918276309967,""token_logprobs"":[-1.6117589473724365,-7.760223525110632e-05]},{""candidate"":""Twitter"",""token_ids"":[24862],""token_count"":1,""sequence_logprob"":-1.9314779043197632,""mean_token_logprob"":-1.9314779043197632,""token_logprobs"":[-1.9314779043197632]}]"
667130,2020_11_1,Seep,definition,Seep,Twitter,true,false,"[{""candidate"":""Infant Cry"",""token_ids"":[19433,517,42705],""token_count"":3,""sequence_logprob"":-5.817842483520508,""mean_token_logprob"":-1.9392808278401692,""token_logprobs"":[-5.8175554275512695,-1.311301275563892e-06,-0.000285584683297202]},{""candidate"":""Phee"",""token_ids"":[47,49053],""token_count"":2,""sequence_logprob"":-2.0560529232025146,""mean_token_logprob"":-1.0280264616012573,""token_logprobs"":[-2.056014060974121,-3.8980677345534787e-05]},{""candidate"":""Seep"",""token_ids"":[1514,747],""token_count"":2,""sequence_logprob"":-1.3162919282913208,""mean_token_logprob"":-0.6581459641456604,""token_logprobs"":[-1.3162899017333984,-2.0265558760002023e-06]},{""candidate"":""Trill"",""token_ids"":[1282,483],""token_count"":2,""sequence_logprob"":-5.24299955368042,""mean_token_logprob"":-2.62149977684021,""token_logprobs"":[-2.966421127319336,-2.276578426361084]},{""candidate"":""Tsik"",""token_ids"":[52793,1579],""token_count"":2,""sequence_logprob"":-3.14479923248291,""mean_token_logprob"":-1.572399616241455,""token_logprobs"":[-3.144793748855591,-5.483612312673358e-06]},{""candidate"":""Twitter"",""token_ids"":[24862],""token_count"":1,""sequence_logprob"":-0.7537899613380432,""mean_token_logprob"":-0.7537899613380432,""token_logprobs"":[-0.7537899613380432]}]"
667582,2020_11_1,Tsik,bare,Tsik,Tsik,true,true,"[{""candidate"":""Infant Cry"",""token_ids"":[19433,517,42705],""token_count"":3,""sequence_logprob"":-9.992547035217285,""mean_token_logprob"":-3.330849011739095,""token_logprobs"":[-9.991695404052734,-2.7418097943154862e-06,-0.0008485292200930417]},{""candidate"":""Phee"",""token_ids"":[47,49053],""token_count"":2,""sequence_logprob"":-2.0854644775390625,""mean_token_logprob"":-1.0427322387695312,""token_logprobs"":[-2.085444927215576,-1.9550132492440753e-05]},{""candidate"":""Seep"",""token_ids"":[1514,747],""token_count"":2,""sequence_logprob"":-2.21044659614563,""mean_token_logprob"":-1.105223298072815,""token_logprobs"":[-2.210444927215576,-1.7881377516459906e-06]},{""candidate"":""Trill"",""token_ids"":[1282,483],""token_count"":2,""sequence_logprob"":-5.2719621658325195,""mean_token_logprob"":-2.6359810829162598,""token_logprobs"":[-3.397944927215576,-1.874017357826233]},{""candidate"":""Tsik"",""token_ids"":[52793,1579],""token_count"":2,""sequence_logprob"":-0.6482512354850769,""mean_token_logprob"":-0.32412561774253845,""token_logprobs"":[-0.6479449272155762,-0.00030632095877081156]},{""candidate"":""Twitter"",""token_ids"":[24862],""token_count"":1,""sequence_logprob"":-1.8354449272155762,""mean_token_logprob"":-1.8354449272155762,""token_logprobs"":[-1.8354449272155762]}]"
667582,2020_11_1,Tsik,definition,Twitter,Twitter,false,false,"[{""candidate"":""Infant Cry"",""token_ids"":[19433,517,42705],""token_count"":3,""sequence_logprob"":-7.475656986236572,""mean_token_logprob"":-2.4918856620788574,""token_logprobs"":[-7.4753618240356445,-1.7881377516459906e-06,-0.00029345019720494747]},{""candidate"":""Phee"",""token_ids"":[47,49053],""token_count"":2,""sequence_logprob"":-3.2879116535186768,""mean_token_logprob"":-1.6439558267593384,""token_logprobs"":[-3.2878618240356445,-4.994744449504651e-05]},{""candidate"":""Seep"",""token_ids"":[1514,747],""token_count"":2,""sequence_logprob"":-1.9128639698028564,""mean_token_logprob"":-0.9564319849014282,""token_logprobs"":[-1.9128618240356445,-2.145764938177308e-06]},{""candidate"":""Trill"",""token_ids"":[1282,483],""token_count"":2,""sequence_logprob"":-4.045782089233398,""mean_token_logprob"":-2.022891044616699,""token_logprobs"":[-3.3503618240356445,-0.6954200863838196]},{""candidate"":""Tsik"",""token_ids"":[52793,1579],""token_count"":2,""sequence_logprob"":-3.2878713607788086,""mean_token_logprob"":-1.6439356803894043,""token_logprobs"":[-3.2878618240356445,-9.65590606938349e-06]},{""candidate"":""Twitter"",""token_ids"":[24862],""token_count"":1,""sequence_logprob"":-0.35036179423332214,""mean_token_logprob"":-0.35036179423332214,""token_logprobs"":[-0.35036179423332214]}]"
670039,2020_11_1,Infant Cry,bare,Phee,Phee,false,false,"[{""candidate"":""Infant Cry"",""token_ids"":[19433,517,42705],""token_count"":3,""sequence_logprob"":-8.80124282836914,""mean_token_logprob"":-2.9337476094563804,""token_logprobs"":[-8.800398826599121,-2.9802276912960224e-06,-0.0008415018673986197]},{""candidate"":""Phee"",""token_ids"":[47,49053],""token_count"":2,""sequence_logprob"":-0.5645174980163574,""mean_token_logprob"":-0.2822587490081787,""token_logprobs"":[-0.5645098686218262,-7.629365427419543e-06]},{""candidate"":""Seep"",""token_ids"":[1514,747],""token_count"":2,""sequence_logprob"":-1.6303672790527344,""mean_token_logprob"":-0.8151836395263672,""token_logprobs"":[-1.6303662061691284,-1.0728830375228426e-06]},{""candidate"":""Trill"",""token_ids"":[1282,483],""token_count"":2,""sequence_logprob"":-6.018832206726074,""mean_token_logprob"":-3.009416103363037,""token_logprobs"":[-3.6125969886779785,-2.4062349796295166]},{""candidate"":""Tsik"",""token_ids"":[52793,1579],""token_count"":2,""sequence_logprob"":-2.2490086555480957,""mean_token_logprob"":-1.1245043277740479,""token_logprobs"":[-2.2488629817962646,-0.00014578233822248876]},{""candidate"":""Twitter"",""token_ids"":[24862],""token_count"":1,""sequence_logprob"":-2.604743480682373,""mean_token_logprob"":-2.604743480682373,""token_logprobs"":[-2.604743480682373]}]"
670039,2020_11_1,Infant Cry,definition,Seep,Seep,false,false,"[{""candidate"":""Infant Cry"",""token_ids"":[19433,517,42705],""token_count"":3,""sequence_logprob"":-5.463418006896973,""mean_token_logprob"":-1.8211393356323242,""token_logprobs"":[-5.463125228881836,-1.0728830375228426e-06,-0.0002917817619163543]},{""candidate"":""Phee"",""token_ids"":[47,49053],""token_count"":2,""sequence_logprob"":-1.3328033685684204,""mean_token_logprob"":-0.6664016842842102,""token_logprobs"":[-1.3327704668045044,-3.290122185717337e-05]},{""candidate"":""Seep"",""token_ids"":[1514,747],""token_count"":2,""sequence_logprob"":-1.099293828010559,""mean_token_logprob"":-0.5496469140052795,""token_logprobs"":[-1.099292516708374,-1.311301275563892e-06]},{""candidate"":""Trill"",""token_ids"":[1282,483],""token_count"":2,""sequence_logprob"":-4.678116321563721,""mean_token_logprob"":-2.3390581607818604,""token_logprobs"":[-2.9853968620300293,-1.6927194595336914]},{""candidate"":""Tsik"",""token_ids"":[52793,1579],""token_count"":2,""sequence_logprob"":-3.0954010486602783,""mean_token_logprob"":-1.5477005243301392,""token_logprobs"":[-3.095390558242798,-1.0609570381348021e-05]},{""candidate"":""Twitter"",""token_ids"":[24862],""token_count"":1,""sequence_logprob"":-1.3778787851333618,""mean_token_logprob"":-1.3778787851333618,""token_logprobs"":[-1.3778787851333618]}]"
708365,2023_4_2,Phee,bare,Phee,Phee,true,true,"[{""candidate"":""Infant Cry"",""token_ids"":[19433,517,42705],""token_count"":3,""sequence_logprob"":-8.199882507324219,""mean_token_logprob"":-2.7332941691080728,""token_logprobs"":[-8.199318885803223,-3.814689989667386e-06,-0.0005596501869149506]},{""candidate"":""Phee"",""token_ids"":[47,49053],""token_count"":2,""sequence_logprob"":-0.7777025699615479,""mean_token_logprob"":-0.3888512849807739,""token_logprobs"":[-0.7776929140090942,-9.65590606938349e-06]},{""candidate"":""Seep"",""token_ids"":[1514,747],""token_count"":2,""sequence_logprob"":-1.451549768447876,""mean_token_logprob"":-0.725774884223938,""token_logprobs"":[-1.4515488147735596,-9.536738616588991e-07]},{""candidate"":""Trill"",""token_ids"":[1282,483],""token_count"":2,""sequence_logprob"":-6.778473854064941,""mean_token_logprob"":-3.3892369270324707,""token_logprobs"":[-3.3956167697906494,-3.382857084274292]},{""candidate"":""Tsik"",""token_ids"":[52793,1579],""token_count"":2,""sequence_logprob"":-2.0776777267456055,""mean_token_logprob"":-1.0388388633728027,""token_logprobs"":[-2.0776114463806152,-6.639736966462806e-05]},{""candidate"":""Twitter"",""token_ids"":[24862],""token_count"":1,""sequence_logprob"":-1.9265336990356445,""mean_token_logprob"":-1.9265336990356445,""token_logprobs"":[-1.9265336990356445]}]"
708365,2023_4_2,Phee,definition,Seep,Twitter,false,false,"[{""candidate"":""Infant Cry"",""token_ids"":[19433,517,42705],""token_count"":3,""sequence_logprob"":-7.0705037117004395,""mean_token_logprob"":-2.356834570566813,""token_logprobs"":[-7.070250988006592,-1.311301275563892e-06,-0.000251142424531281]},{""candidate"":""Phee"",""token_ids"":[47,49053],""token_count"":2,""sequence_logprob"":-2.345200777053833,""mean_token_logprob"":-1.1726003885269165,""token_logprobs"":[-2.34515643119812,-4.434487345861271e-05]},{""candidate"":""Seep"",""token_ids"":[1514,747],""token_count"":2,""sequence_logprob"":-1.1322892904281616,""mean_token_logprob"":-0.5661446452140808,""token_logprobs"":[-1.1322879791259766,-1.311301275563892e-06]},{""candidate"":""Trill"",""token_ids"":[1282,483],""token_count"":2,""sequence_logprob"":-5.051787376403809,""mean_token_logprob"":-2.5258936882019043,""token_logprobs"":[-3.5362071990966797,-1.5155802965164185]},{""candidate"":""Tsik"",""token_ids"":[52793,1579],""token_count"":2,""sequence_logprob"":-3.187587261199951,""mean_token_logprob"":-1.5937936305999756,""token_logprobs"":[-3.187582492828369,-4.768360213347478e-06]},{""candidate"":""Twitter"",""token_ids"":[24862],""token_count"":1,""sequence_logprob"":-0.7606825232505798,""mean_token_logprob"":-0.7606825232505798,""token_logprobs"":[-0.7606825232505798]}]"
729021,2023_2_1,Infant Cry,bare,Seep,Seep,false,false,"[{""candidate"":""Infant Cry"",""token_ids"":[19433,517,42705],""token_count"":3,""sequence_logprob"":-9.208949089050293,""mean_token_logprob"":-3.0696496963500977,""token_logprobs"":[-9.208230972290039,-2.264974000354414e-06,-0.000715833914000541]},{""candidate"":""Phee"",""token_ids"":[47,49053],""token_count"":2,""sequence_logprob"":-1.2420628070831299,""mean_token_logprob"":-0.6210314035415649,""token_logprobs"":[-1.2420530319213867,-9.775113539944869e-06]},{""candidate"":""Seep"",""token_ids"":[1514,747],""token_count"":2,""sequence_logprob"":-0.8712490200996399,""mean_token_logprob"":-0.43562451004981995,""token_logprobs"":[-0.8712483048439026,-7.152555099310121e-07]},{""candidate"":""Trill"",""token_ids"":[1282,483],""token_count"":2,""sequence_logprob"":-5.579148292541504,""mean_token_logprob"":-2.789574146270752,""token_logprobs"":[-3.340149402618408,-2.2389986515045166]},{""candidate"":""Tsik"",""token_ids"":[52793,1579],""token_count"":2,""sequence_logprob"":-2.1432271003723145,""mean_token_logprob"":-1.0716135501861572,""token_logprobs"":[-2.143052577972412,-0.00017450717859901488]},{""candidate"":""Twitter"",""token_ids"":[24862],""token_count"":1,""sequence_logprob"":-2.14359188079834,""mean_token_logprob"":-2.14359188079834,""token_logprobs"":[-2.14359188079834]}]"
729021,2023_2_1,Infant Cry,definition,Seep,Twitter,false,false,"[{""candidate"":""Infant Cry"",""token_ids"":[19433,517,42705],""token_count"":3,""sequence_logprob"":-6.547974586486816,""mean_token_logprob"":-2.1826581954956055,""token_logprobs"":[-6.547648906707764,-1.4305104514278355e-06,-0.00032443503732793033]},{""candidate"":""Phee"",""token_ids"":[47,49053],""token_count"":2,""sequence_logprob"":-2.5893585681915283,""mean_token_logprob"":-1.2946792840957642,""token_logprobs"":[-2.5893118381500244,-4.684815212385729e-05]},{""candidate"":""Seep"",""token_ids"":[1514,747],""token_count"":2,""sequence_logprob"":-1.0461132526397705,""mean_token_logprob"":-0.5230566263198853,""token_logprobs"":[-1.0461114645004272,-1.7881377516459906e-06]},{""candidate"":""Trill"",""token_ids"":[1282,483],""token_count"":2,""sequence_logprob"":-4.806354522705078,""mean_token_logprob"":-2.403177261352539,""token_logprobs"":[-3.306488513946533,-1.499866008758545]},{""candidate"":""Tsik"",""token_ids"":[52793,1579],""token_count"":2,""sequence_logprob"":-3.185702085494995,""mean_token_logprob"":-1.5928510427474976,""token_logprobs"":[-3.185690402984619,-1.1801649634435307e-05]},{""candidate"":""Twitter"",""token_ids"":[24862],""token_count"":1,""sequence_logprob"":-0.9852463603019714,""mean_token_logprob"":-0.9852463603019714,""token_logprobs"":[-0.9852463603019714]}]"
768697,2023_3_5,Twitter,bare,Tsik,Tsik,false,false,"[{""candidate"":""Infant Cry"",""token_ids"":[19433,517,42705],""token_count"":3,""sequence_logprob"":-9.72381591796875,""mean_token_logprob"":-3.24127197265625,""token_logprobs"":[-9.723063468933105,-4.0531076592742465e-06,-0.0007484733941964805]},{""candidate"":""Phee"",""token_ids"":[47,49053],""token_count"":2,""sequence_logprob"":-1.4951016902923584,""mean_token_logprob"":-0.7475508451461792,""token_logprobs"":[-1.4950876235961914,-1.4066597032069694e-05]},{""candidate"":""Seep"",""token_ids"":[1514,747],""token_count"":2,""sequence_logprob"":-1.4953912496566772,""mean_token_logprob"":-0.7476956248283386,""token_logprobs"":[-1.495389699935913,-1.5497195136049413e-06]},{""candidate"":""Trill"",""token_ids"":[1282,483],""token_count"":2,""sequence_logprob"":-6.799654006958008,""mean_token_logprob"":-3.399827003479004,""token_logprobs"":[-3.1344072818756104,-3.6652469635009766]},{""candidate"":""Tsik"",""token_ids"":[52793,1579],""token_count"":2,""sequence_logprob"":-1.0765559673309326,""mean_token_logprob"":-0.5382779836654663,""token_logprobs"":[-1.0763293504714966,-0.00022659118985757232]},{""candidate"":""Twitter"",""token_ids"":[24862],""token_count"":1,""sequence_logprob"":-1.9978896379470825,""mean_token_logprob"":-1.9978896379470825,""token_logprobs"":[-1.9978896379470825]}]"
768697,2023_3_5,Twitter,definition,Twitter,Twitter,true,true,"[{""candidate"":""Infant Cry"",""token_ids"":[19433,517,42705],""token_count"":3,""sequence_logprob"":-8.14069938659668,""mean_token_logprob"":-2.713566462198893,""token_logprobs"":[-8.14037799835205,-1.4305104514278355e-06,-0.0003203832311555743]},{""candidate"":""Phee"",""token_ids"":[47,49053],""token_count"":2,""sequence_logprob"":-2.9209721088409424,""mean_token_logprob"":-1.4604860544204712,""token_logprobs"":[-2.920917272567749,-5.495397272170521e-05]},{""candidate"":""Seep"",""token_ids"":[1514,747],""token_count"":2,""sequence_logprob"":-1.3750211000442505,""mean_token_logprob"":-0.6875105500221252,""token_logprobs"":[-1.3750200271606445,-1.0728830375228426e-06]},{""candidate"":""Trill"",""token_ids"":[1282,483],""token_count"":2,""sequence_logprob"":-5.1816086769104,""mean_token_logprob"":-2.5908043384552,""token_logprobs"":[-3.346369981765747,-1.8352386951446533]},{""candidate"":""Tsik"",""token_ids"":[52793,1579],""token_count"":2,""sequence_logprob"":-2.816577672958374,""mean_token_logprob"":-1.408288836479187,""token_logprobs"":[-2.8165736198425293,-4.172316494077677e-06]},{""candidate"":""Twitter"",""token_ids"":[24862],""token_count"":1,""sequence_logprob"":-0.6000321507453918,""mean_token_logprob"":-0.6000321507453918,""token_logprobs"":[-0.6000321507453918]}]"
781044,2023_3_6,Trill,bare,Tsik,Tsik,false,false,"[{""candidate"":""Infant Cry"",""token_ids"":[19433,517,42705],""token_count"":3,""sequence_logprob"":-8.591072082519531,""mean_token_logprob"":-2.8636906941731772,""token_logprobs"":[-8.590118408203125,-2.3841830625315197e-06,-0.0009513143450021744]},{""candidate"":""Phee"",""token_ids"":[47,49053],""token_count"":2,""sequence_logprob"":-1.940551519393921,""mean_token_logprob"":-0.9702757596969604,""token_logprobs"":[-1.940537691116333,-1.3828182090946939e-05]},{""candidate"":""Seep"",""token_ids"":[1514,747],""token_count"":2,""sequence_logprob"":-2.06068754196167,""mean_token_logprob"":-1.030343770980835,""token_logprobs"":[-2.0606861114501953,-1.4305104514278355e-06]},{""candidate"":""Trill"",""token_ids"":[1282,483],""token_count"":2,""sequence_logprob"":-4.484133720397949,""mean_token_logprob"":-2.2420668601989746,""token_logprobs"":[-3.4026424884796143,-1.0814911127090454]},{""candidate"":""Tsik"",""token_ids"":[52793,1579],""token_count"":2,""sequence_logprob"":-0.6792516708374023,""mean_token_logprob"":-0.33962583541870117,""token_logprobs"":[-0.6789968609809875,-0.0002548369811847806]},{""candidate"":""Twitter"",""token_ids"":[24862],""token_count"":1,""sequence_logprob"":-1.9573566913604736,""mean_token_logprob"":-1.9573566913604736,""token_logprobs"":[-1.9573566913604736]}]"
781044,2023_3_6,Trill,definition,Seep,Twitter,false,false,"[{""candidate"":""Infant Cry"",""token_ids"":[19433,517,42705],""token_count"":3,""sequence_logprob"":-5.499835014343262,""mean_token_logprob"":-1.8332783381144206,""token_logprobs"":[-5.499565124511719,-1.0728830375228426e-06,-0.00026901919045485556]},{""candidate"":""Phee"",""token_ids"":[47,49053],""token_count"":2,""sequence_logprob"":-2.0745584964752197,""mean_token_logprob"":-1.0372792482376099,""token_logprobs"":[-2.074514627456665,-4.386805812828243e-05]},{""candidate"":""Seep"",""token_ids"":[1514,747],""token_count"":2,""sequence_logprob"":-1.4506269693374634,""mean_token_logprob"":-0.7253134846687317,""token_logprobs"":[-1.4506250619888306,-1.9073468138230965e-06]},{""candidate"":""Trill"",""token_ids"":[1282,483],""token_count"":2,""sequence_logprob"":-5.320141315460205,""mean_token_logprob"":-2.6600706577301025,""token_logprobs"":[-3.2984299659729004,-2.0217113494873047]},{""candidate"":""Tsik"",""token_ids"":[52793,1579],""token_count"":2,""sequence_logprob"":-2.6796486377716064,""mean_token_logprob"":-1.3398243188858032,""token_logprobs"":[-2.67964506149292,-3.6954811548639555e-06]},{""candidate"":""Twitter"",""token_ids"":[24862],""token_count"":1,""sequence_logprob"":-0.7418957352638245,""mean_token_logprob"":-0.7418957352638245,""token_logprobs"":[-0.7418957352638245]}]"
787004,2020_11_2,Tsik,bare,Tsik,Tsik,true,true,"[{""candidate"":""Infant Cry"",""token_ids"":[19433,517,42705],""token_count"":3,""sequence_logprob"":-9.325140953063965,""mean_token_logprob"":-3.1083803176879883,""token_logprobs"":[-9.324499130249023,-3.933898824470816e-06,-0.0006375664379447699]},{""candidate"":""Phee"",""token_ids"":[47,49053],""token_count"":2,""sequence_logprob"":-1.5430811643600464,""mean_token_logprob"":-0.7715405821800232,""token_logprobs"":[-1.5430655479431152,-1.5616295058862306e-05]},{""candidate"":""Seep"",""token_ids"":[1514,747],""token_count"":2,""sequence_logprob"":-2.016603946685791,""mean_token_logprob"":-1.0083019733428955,""token_logprobs"":[-2.0166027545928955,-1.311301275563892e-06]},{""candidate"":""Trill"",""token_ids"":[1282,483],""token_count"":2,""sequence_logprob"":-6.405040740966797,""mean_token_logprob"":-3.2025203704833984,""token_logprobs"":[-2.8746893405914307,-3.5303516387939453]},{""candidate"":""Tsik"",""token_ids"":[52793,1579],""token_count"":2,""sequence_logprob"":-1.000219702720642,""mean_token_logprob"":-0.500109851360321,""token_logprobs"":[-1.0000953674316406,-0.00012432756193447858]},{""candidate"":""Twitter"",""token_ids"":[24862],""token_count"":1,""sequence_logprob"":-1.6787350177764893,""mean_token_logprob"":-1.6787350177764893,""token_logprobs"":[-1.6787350177764893]}]"
787004,2020_11_2,Tsik,definition,Twitter,Twitter,false,false,"[{""candidate"":""Infant Cry"",""token_ids"":[19433,517,42705],""token_count"":3,""sequence_logprob"":-7.087670803070068,""mean_token_logprob"":-2.3625569343566895,""token_logprobs"":[-7.08738374710083,-2.0265558760002023e-06,-0.000285227142740041]},{""candidate"":""Phee"",""token_ids"":[47,49053],""token_count"":2,""sequence_logprob"":-2.5335748195648193,""mean_token_logprob"":-1.2667874097824097,""token_logprobs"":[-2.533527374267578,-4.7444173105759546e-05]},{""candidate"":""Seep"",""token_ids"":[1514,747],""token_count"":2,""sequence_logprob"":-1.5856740474700928,""mean_token_logprob"":-0.7928370237350464,""token_logprobs"":[-1.5856726169586182,-1.4305104514278355e-06]},{""candidate"":""Trill"",""token_ids"":[1282,483],""token_count"":2,""sequence_logprob"":-4.193535804748535,""mean_token_logprob"":-2.0967679023742676,""token_logprobs"":[-2.802325487136841,-1.3912105560302734]},{""candidate"":""Tsik"",""token_ids"":[52793,1579],""token_count"":2,""sequence_logprob"":-3.13097882270813,""mean_token_logprob"":-1.565489411354065,""token_logprobs"":[-3.1309726238250732,-6.198863957251888e-06]},{""candidate"":""Twitter"",""token_ids"":[24862],""token_count"":1,""sequence_logprob"":-0.5667915940284729,""mean_token_logprob"":-0.5667915940284729,""token_logprobs"":[-0.5667915940284729]}]"
794037,2023_3_7,Seep,bare,Phee,Phee,false,false,"[{""candidate"":""Infant Cry"",""token_ids"":[19433,517,42705],""token_count"":3,""sequence_logprob"":-9.030854225158691,""mean_token_logprob"":-3.010284741719564,""token_logprobs"":[-9.030295372009277,-2.861018856492592e-06,-0.000556314189452678]},{""candidate"":""Phee"",""token_ids"":[47,49053],""token_count"":2,""sequence_logprob"":-1.2237566709518433,""mean_token_logprob"":-0.6118783354759216,""token_logprobs"":[-1.2237420082092285,-1.4662635294371285e-05]},{""candidate"":""Seep"",""token_ids"":[1514,747],""token_count"":2,""sequence_logprob"":-1.3808214664459229,""mean_token_logprob"":-0.6904107332229614,""token_logprobs"":[-1.3808200359344482,-1.4305104514278355e-06]},{""candidate"":""Trill"",""token_ids"":[1282,483],""token_count"":2,""sequence_logprob"":-4.121148109436035,""mean_token_logprob"":-2.0605740547180176,""token_logprobs"":[-3.0072131156921387,-1.1139349937438965]},{""candidate"":""Tsik"",""token_ids"":[52793,1579],""token_count"":2,""sequence_logprob"":-1.592993974685669,""mean_token_logprob"":-0.7964969873428345,""token_logprobs"":[-1.592795491218567,-0.0001984637783607468]},{""candidate"":""Twitter"",""token_ids"":[24862],""token_count"":1,""sequence_logprob"":-1.9737420082092285,""mean_token_logprob"":-1.9737420082092285,""token_logprobs"":[-1.9737420082092285]}]"
794037,2023_3_7,Seep,definition,Twitter,Twitter,false,false,"[{""candidate"":""Infant Cry"",""token_ids"":[19433,517,42705],""token_count"":3,""sequence_logprob"":-7.5949625968933105,""mean_token_logprob"":-2.531654198964437,""token_logprobs"":[-7.594741344451904,-1.4305104514278355e-06,-0.00022003613412380219]},{""candidate"":""Phee"",""token_ids"":[47,49053],""token_count"":2,""sequence_logprob"":-3.0218405723571777,""mean_token_logprob"":-1.5109202861785889,""token_logprobs"":[-3.021780014038086,-6.05564855504781e-05]},{""candidate"":""Seep"",""token_ids"":[1514,747],""token_count"":2,""sequence_logprob"":-1.7145953178405762,""mean_token_logprob"":-0.8572976589202881,""token_logprobs"":[-1.7145934104919434,-1.9073468138230965e-06]},{""candidate"":""Trill"",""token_ids"":[1282,483],""token_count"":2,""sequence_logprob"":-5.384921073913574,""mean_token_logprob"":-2.692460536956787,""token_logprobs"":[-3.451352834701538,-1.9335683584213257]},{""candidate"":""Tsik"",""token_ids"":[52793,1579],""token_count"":2,""sequence_logprob"":-3.1884994506835938,""mean_token_logprob"":-1.5942497253417969,""token_logprobs"":[-3.1884913444519043,-8.106198947643861e-06]},{""candidate"":""Twitter"",""token_ids"":[24862],""token_count"":1,""sequence_logprob"":-0.3967798948287964,""mean_token_logprob"":-0.3967798948287964,""token_logprobs"":[-0.3967798948287964]}]"
799377,2023_4_4,Tsik,bare,Tsik,Tsik,true,true,"[{""candidate"":""Infant Cry"",""token_ids"":[19433,517,42705],""token_count"":3,""sequence_logprob"":-8.81196403503418,""mean_token_logprob"":-2.937321345011393,""token_logprobs"":[-8.81142520904541,-2.0265558760002023e-06,-0.000536655425094068]},{""candidate"":""Phee"",""token_ids"":[47,49053],""token_count"":2,""sequence_logprob"":-1.6239380836486816,""mean_token_logprob"":-0.8119690418243408,""token_logprobs"":[-1.623924970626831,-1.3112935448589269e-05]},{""candidate"":""Seep"",""token_ids"":[1514,747],""token_count"":2,""sequence_logprob"":-1.9989265203475952,""mean_token_logprob"":-0.9994632601737976,""token_logprobs"":[-1.998924970626831,-1.5497195136049413e-06]},{""candidate"":""Trill"",""token_ids"":[1282,483],""token_count"":2,""sequence_logprob"":-5.411775588989258,""mean_token_logprob"":-2.705887794494629,""token_logprobs"":[-2.998924970626831,-2.412850856781006]},{""candidate"":""Tsik"",""token_ids"":[52793,1579],""token_count"":2,""sequence_logprob"":-0.9366260170936584,""mean_token_logprob"":-0.4683130085468292,""token_logprobs"":[-0.9364249110221863,-0.00020108585886191577]},{""candidate"":""Twitter"",""token_ids"":[24862],""token_count"":1,""sequence_logprob"":-1.748924970626831,""mean_token_logprob"":-1.748924970626831,""token_logprobs"":[-1.748924970626831]}]"
799377,2023_4_4,Tsik,definition,Twitter,Twitter,false,false,"[{""candidate"":""Infant Cry"",""token_ids"":[19433,517,42705],""token_count"":3,""sequence_logprob"":-7.612694263458252,""mean_token_logprob"":-2.537564754486084,""token_logprobs"":[-7.6124372482299805,-1.1920922133867862e-06,-0.00025602878304198384]},{""candidate"":""Phee"",""token_ids"":[47,49053],""token_count"":2,""sequence_logprob"":-3.1437346935272217,""mean_token_logprob"":-1.5718673467636108,""token_logprobs"":[-3.1436874866485596,-4.732496745418757e-05]},{""candidate"":""Seep"",""token_ids"":[1514,747],""token_count"":2,""sequence_logprob"":-1.7686909437179565,""mean_token_logprob"":-0.8843454718589783,""token_logprobs"":[-1.7686874866485596,-3.4570634852570947e-06]},{""candidate"":""Trill"",""token_ids"":[1282,483],""token_count"":2,""sequence_logprob"":-3.982973575592041,""mean_token_logprob"":-1.9914867877960205,""token_logprobs"":[-3.0811874866485596,-0.9017859697341919]},{""candidate"":""Tsik"",""token_ids"":[52793,1579],""token_count"":2,""sequence_logprob"":-3.268695831298828,""mean_token_logprob"":-1.634347915649414,""token_logprobs"":[-3.2686874866485596,-8.4638240878121e-06]},{""candidate"":""Twitter"",""token_ids"":[24862],""token_count"":1,""sequence_logprob"":-0.3936874568462372,""mean_token_logprob"":-0.3936874568462372,""token_logprobs"":[-0.3936874568462372]}]"
804713,2023_4_5,Tsik,bare,Phee,Phee,false,false,"[{""candidate"":""Infant Cry"",""token_ids"":[19433,517,42705],""token_count"":3,""sequence_logprob"":-9.415312767028809,""mean_token_logprob"":-3.138437589009603,""token_logprobs"":[-9.414721488952637,-3.4570634852570947e-06,-0.0005876483046449721]},{""candidate"":""Phee"",""token_ids"":[47,49053],""token_count"":2,""sequence_logprob"":-1.0549155473709106,""mean_token_logprob"":-0.5274577736854553,""token_logprobs"":[-1.0549046993255615,-1.0847986231965479e-05]},{""candidate"":""Seep"",""token_ids"":[1514,747],""token_count"":2,""sequence_logprob"":-1.1323696374893188,""mean_token_logprob"":-0.5661848187446594,""token_logprobs"":[-1.1323686838150024,-9.536738616588991e-07]},{""candidate"":""Trill"",""token_ids"":[1282,483],""token_count"":2,""sequence_logprob"":-6.047528266906738,""mean_token_logprob"":-3.023764133453369,""token_logprobs"":[-3.069868564605713,-2.9776597023010254]},{""candidate"":""Tsik"",""token_ids"":[52793,1579],""token_count"":2,""sequence_logprob"":-1.6565186977386475,""mean_token_logprob"":-0.8282593488693237,""token_logprobs"":[-1.6563584804534912,-0.00016020445036701858]},{""candidate"":""Twitter"",""token_ids"":[24862],""token_count"":1,""sequence_logprob"":-2.2389492988586426,""mean_token_logprob"":-2.2389492988586426,""token_logprobs"":[-2.2389492988586426]}]"
804713,2023_4_5,Tsik,definition,Seep,Twitter,false,false,"[{""candidate"":""Infant Cry"",""token_ids"":[19433,517,42705],""token_count"":3,""sequence_logprob"":-7.326160430908203,""mean_token_logprob"":-2.442053476969401,""token_logprobs"":[-7.325906753540039,-1.5497195136049413e-06,-0.00025245340657420456]},{""candidate"":""Phee"",""token_ids"":[47,49053],""token_count"":2,""sequence_logprob"":-2.547934055328369,""mean_token_logprob"":-1.2739670276641846,""token_logprobs"":[-2.5478999614715576,-3.421248038648628e-05]},{""candidate"":""Seep"",""token_ids"":[1514,747],""token_count"":2,""sequence_logprob"":-1.0747467279434204,""mean_token_logprob"":-0.5373733639717102,""token_logprobs"":[-1.0747454166412354,-1.311301275563892e-06]},{""candidate"":""Trill"",""token_ids"":[1282,483],""token_count"":2,""sequence_logprob"":-4.576719284057617,""mean_token_logprob"":-2.2883596420288086,""token_logprobs"":[-3.3247454166412354,-1.2519736289978027]},{""candidate"":""Tsik"",""token_ids"":[52793,1579],""token_count"":2,""sequence_logprob"":-3.3222546577453613,""mean_token_logprob"":-1.6611273288726807,""token_logprobs"":[-3.3222475051879883,-7.271740287251305e-06]},{""candidate"":""Twitter"",""token_ids"":[24862],""token_count"":1,""sequence_logprob"":-0.7245584726333618,""mean_token_logprob"":-0.7245584726333618,""token_logprobs"":[-0.7245584726333618]}]"
809280,2023_4_5,Trill,bare,Seep,Seep,false,false,"[{""candidate"":""Infant Cry"",""token_ids"":[19433,517,42705],""token_count"":3,""sequence_logprob"":-9.247976303100586,""mean_token_logprob"":-3.0826587677001953,""token_logprobs"":[-9.247505187988281,-2.50339189733495e-06,-0.00046790618216618896]},{""candidate"":""Phee"",""token_ids"":[47,49053],""token_count"":2,""sequence_logprob"":-1.1328003406524658,""mean_token_logprob"":-0.5664001703262329,""token_logprobs"":[-1.1327898502349854,-1.0490362910786644e-05]},{""candidate"":""Seep"",""token_ids"":[1514,747],""token_count"":2,""sequence_logprob"":-0.9487695693969727,""mean_token_logprob"":-0.47438478469848633,""token_logprobs"":[-0.9487686157226562,-9.536738616588991e-07]},{""candidate"":""Trill"",""token_ids"":[1282,483],""token_count"":2,""sequence_logprob"":-4.853832244873047,""mean_token_logprob"":-2.4269161224365234,""token_logprobs"":[-3.3945438861846924,-1.459288239479065]},{""candidate"":""Tsik"",""token_ids"":[52793,1579],""token_count"":2,""sequence_logprob"":-1.9939340353012085,""mean_token_logprob"":-0.9969670176506042,""token_logprobs"":[-1.9937489032745361,-0.0001851148990681395]},{""candidate"":""Twitter"",""token_ids"":[24862],""token_count"":1,""sequence_logprob"":-2.4843947887420654,""mean_token_logprob"":-2.4843947887420654,""token_logprobs"":[-2.4843947887420654]}]"
809280,2023_4_5,Trill,definition,Twitter,Twitter,false,false,"[{""candidate"":""Infant Cry"",""token_ids"":[19433,517,42705],""token_count"":3,""sequence_logprob"":-6.82520055770874,""mean_token_logprob"":-2.27506685256958,""token_logprobs"":[-6.82490873336792,-1.1920922133867862e-06,-0.0002910667099058628]},{""candidate"":""Phee"",""token_ids"":[47,49053],""token_count"":2,""sequence_logprob"":-2.216928005218506,""mean_token_logprob"":-1.108464002609253,""token_logprobs"":[-2.216890335083008,-3.766942609217949e-05]},{""candidate"":""Seep"",""token_ids"":[1514,747],""token_count"":2,""sequence_logprob"":-1.3359724283218384,""mean_token_logprob"":-0.6679862141609192,""token_logprobs"":[-1.3359706401824951,-1.7881377516459906e-06]},{""candidate"":""Trill"",""token_ids"":[1282,483],""token_count"":2,""sequence_logprob"":-5.548985481262207,""mean_token_logprob"":-2.7744927406311035,""token_logprobs"":[-3.301273822784424,-2.247711420059204]},{""candidate"":""Tsik"",""token_ids"":[52793,1579],""token_count"":2,""sequence_logprob"":-3.234160900115967,""mean_token_logprob"":-1.6170804500579834,""token_logprobs"":[-3.234144687652588,-1.6331539882230572e-05]},{""candidate"":""Twitter"",""token_ids"":[24862],""token_count"":1,""sequence_logprob"":-0.6615759134292603,""mean_token_logprob"":-0.6615759134292603,""token_logprobs"":[-0.6615759134292603]}]"
822050,2023_4_6,Phee,bare,Phee,Phee,true,true,"[{""candidate"":""Infant Cry"",""token_ids"":[19433,517,42705],""token_count"":3,""sequence_logprob"":-8.024267196655273,""mean_token_logprob"":-2.6747557322184243,""token_logprobs"":[-8.023639678955078,-2.7418097943154862e-06,-0.0006250573205761611]},{""candidate"":""Phee"",""token_ids"":[47,49053],""token_count"":2,""sequence_logprob"":-0.8955144286155701,""mean_token_logprob"":-0.44775721430778503,""token_logprobs"":[-0.895504891872406,-9.536697689327411e-06]},{""candidate"":""Seep"",""token_ids"":[1514,747],""token_count"":2,""sequence_logprob"":-1.3164194822311401,""mean_token_logprob"":-0.6582097411155701,""token_logprobs"":[-1.3164184093475342,-1.0728830375228426e-06]},{""candidate"":""Trill"",""token_ids"":[1282,483],""token_count"":2,""sequence_logprob"":-6.772274017333984,""mean_token_logprob"":-3.386137008666992,""token_logprobs"":[-3.2214956283569336,-3.55077862739563]},{""candidate"":""Tsik"",""token_ids"":[52793,1579],""token_count"":2,""sequence_logprob"":-1.9606324434280396,""mean_token_logprob"":-0.9803162217140198,""token_logprobs"":[-1.9605259895324707,-0.00010644822759786621]},{""candidate"":""Twitter"",""token_ids"":[24862],""token_count"":1,""sequence_logprob"":-2.007359027862549,""mean_token_logprob"":-2.007359027862549,""token_logprobs"":[-2.007359027862549]}]"
822050,2023_4_6,Phee,definition,Seep,Twitter,false,false,"[{""candidate"":""Infant Cry"",""token_ids"":[19433,517,42705],""token_count"":3,""sequence_logprob"":-7.195497512817383,""mean_token_logprob"":-2.3984991709391275,""token_logprobs"":[-7.19527530670166,-1.5497195136049413e-06,-0.00022075122979003936]},{""candidate"":""Phee"",""token_ids"":[47,49053],""token_count"":2,""sequence_logprob"":-2.784369707107544,""mean_token_logprob"":-1.392184853553772,""token_logprobs"":[-2.7843239307403564,-4.589452510117553e-05]},{""candidate"":""Seep"",""token_ids"":[1514,747],""token_count"":2,""sequence_logprob"":-1.003477931022644,""mean_token_logprob"":-0.501738965511322,""token_logprobs"":[-1.0034759044647217,-2.0265558760002023e-06]},{""candidate"":""Trill"",""token_ids"":[1282,483],""token_count"":2,""sequence_logprob"":-5.395075798034668,""mean_token_logprob"":-2.697537899017334,""token_logprobs"":[-3.4250707626342773,-1.9700052738189697]},{""candidate"":""Tsik"",""token_ids"":[52793,1579],""token_count"":2,""sequence_logprob"":-3.05529522895813,""mean_token_logprob"":-1.527647614479065,""token_logprobs"":[-3.0552895069122314,-5.8412379075889476e-06]},{""candidate"":""Twitter"",""token_ids"":[24862],""token_count"":1,""sequence_logprob"":-0.8181555867195129,""mean_token_logprob"":-0.8181555867195129,""token_logprobs"":[-0.8181555867195129]}]"
822265,2023_4_6,Phee,bare,Phee,Phee,true,true,"[{""candidate"":""Infant Cry"",""token_ids"":[19433,517,42705],""token_count"":3,""sequence_logprob"":-7.826956272125244,""mean_token_logprob"":-2.608985424041748,""token_logprobs"":[-7.826501369476318,-2.264974000354414e-06,-0.00045265440712682903]},{""candidate"":""Phee"",""token_ids"":[47,49053],""token_count"":2,""sequence_logprob"":-1.0830740928649902,""mean_token_logprob"":-0.5415370464324951,""token_logprobs"":[-1.0830646753311157,-9.417489309271332e-06]},{""candidate"":""Seep"",""token_ids"":[1514,747],""token_count"":2,""sequence_logprob"":-1.1845840215682983,""mean_token_logprob"":-0.5922920107841492,""token_logprobs"":[-1.1845831871032715,-8.344646857949556e-07]},{""candidate"":""Trill"",""token_ids"":[1282,483],""token_count"":2,""sequence_logprob"":-7.80037784576416,""mean_token_logprob"":-3.90018892288208,""token_logprobs"":[-3.175283670425415,-4.625093936920166]},{""candidate"":""Tsik"",""token_ids"":[52793,1579],""token_count"":2,""sequence_logprob"":-2.1390466690063477,""mean_token_logprob"":-1.0695233345031738,""token_logprobs"":[-2.1390013694763184,-4.541770613286644e-05]},{""candidate"":""Twitter"",""token_ids"":[24862],""token_count"":1,""sequence_logprob"":-1.9580646753311157,""mean_token_logprob"":-1.9580646753311157,""token_logprobs"":[-1.9580646753311157]}]"
822265,2023_4_6,Phee,definition,Twitter,Twitter,false,false,"[{""candidate"":""Infant Cry"",""token_ids"":[19433,517,42705],""token_count"":3,""sequence_logprob"":-7.4769697189331055,""mean_token_logprob"":-2.4923232396443686,""token_logprobs"":[-7.476768493652344,-1.311301275563892e-06,-0.0001998939987970516]},{""candidate"":""Phee"",""token_ids"":[47,49053],""token_count"":2,""sequence_logprob"":-2.6330621242523193,""mean_token_logprob"":-1.3165310621261597,""token_logprobs"":[-2.6330156326293945,-4.660974445869215e-05]},{""candidate"":""Seep"",""token_ids"":[1514,747],""token_count"":2,""sequence_logprob"":-1.3328273296356201,""mean_token_logprob"":-0.6664136648178101,""token_logprobs"":[-1.3328256607055664,-1.6689286894688848e-06]},{""candidate"":""Trill"",""token_ids"":[1282,483],""token_count"":2,""sequence_logprob"":-4.975804328918457,""mean_token_logprob"":-2.4879021644592285,""token_logprobs"":[-3.1735072135925293,-1.8022971153259277]},{""candidate"":""Tsik"",""token_ids"":[52793,1579],""token_count"":2,""sequence_logprob"":-3.1642770767211914,""mean_token_logprob"":-1.5821385383605957,""token_logprobs"":[-3.1642684936523438,-8.702239938429557e-06]},{""candidate"":""Twitter"",""token_ids"":[24862],""token_count"":1,""sequence_logprob"":-0.5705156326293945,""mean_token_logprob"":-0.5705156326293945,""token_logprobs"":[-0.5705156326293945]}]"
827373,2023_4_7,Trill,bare,Tsik,Tsik,false,false,"[{""candidate"":""Infant Cry"",""token_ids"":[19433,517,42705],""token_count"":3,""sequence_logprob"":-10.327956199645996,""mean_token_logprob"":-3.4426520665486655,""token_logprobs"":[-10.327298164367676,-6.198863957251888e-06,-0.0006519814487546682]},{""candidate"":""Phee"",""token_ids"":[47,49053],""token_count"":2,""sequence_logprob"":-1.2648118734359741,""mean_token_logprob"":-0.6324059367179871,""token_logprobs"":[-1.2647978067398071,-1.4066597032069694e-05]},{""candidate"":""Seep"",""token_ids"":[1514,747],""token_count"":2,""sequence_logprob"":-1.4522989988327026,""mean_token_logprob"":-0.7261494994163513,""token_logprobs"":[-1.4522978067398071,-1.1920922133867862e-06]},{""candidate"":""Trill"",""token_ids"":[1282,483],""token_count"":2,""sequence_logprob"":-5.9521331787109375,""mean_token_logprob"":-2.9760665893554688,""token_logprobs"":[-3.3272976875305176,-2.62483549118042]},{""candidate"":""Tsik"",""token_ids"":[52793,1579],""token_count"":2,""sequence_logprob"":-1.2025047540664673,""mean_token_logprob"":-0.6012523770332336,""token_logprobs"":[-1.2022978067398071,-0.00020692592079285532]},{""candidate"":""Twitter"",""token_ids"":[24862],""token_count"":1,""sequence_logprob"":-2.2647976875305176,""mean_token_logprob"":-2.2647976875305176,""token_logprobs"":[-2.2647976875305176]}]"
827373,2023_4_7,Trill,definition,Twitter,Twitter,false,false,"[{""candidate"":""Infant Cry"",""token_ids"":[19433,517,42705],""token_count"":3,""sequence_logprob"":-7.373917579650879,""mean_token_logprob"":-2.457972526550293,""token_logprobs"":[-7.373669624328613,-1.311301275563892e-06,-0.0002466136065777391]},{""candidate"":""Phee"",""token_ids"":[47,49053],""token_count"":2,""sequence_logprob"":-2.4987099170684814,""mean_token_logprob"":-1.2493549585342407,""token_logprobs"":[-2.4986696243286133,-4.0411134250462055e-05]},{""candidate"":""Seep"",""token_ids"":[1514,747],""token_count"":2,""sequence_logprob"":-1.561171054840088,""mean_token_logprob"":-0.780585527420044,""token_logprobs"":[-1.5611696243286133,-1.4305104514278355e-06]},{""candidate"":""Trill"",""token_ids"":[1282,483],""token_count"":2,""sequence_logprob"":-5.325947284698486,""mean_token_logprob"":-2.662973642349243,""token_logprobs"":[-3.4986696243286133,-1.8272775411605835]},{""candidate"":""Tsik"",""token_ids"":[52793,1579],""token_count"":2,""sequence_logprob"":-3.186173439025879,""mean_token_logprob"":-1.5930867195129395,""token_logprobs"":[-3.1861696243286133,-3.933898824470816e-06]},{""candidate"":""Twitter"",""token_ids"":[24862],""token_count"":1,""sequence_logprob"":-0.4986696243286133,""mean_token_logprob"":-0.4986696243286133,""token_logprobs"":[-0.4986696243286133]}]"
837515,2023_4_8,Trill,bare,Phee,Phee,false,false,"[{""candidate"":""Infant Cry"",""token_ids"":[19433,517,42705],""token_count"":3,""sequence_logprob"":-9.706924438476562,""mean_token_logprob"":-3.2356414794921875,""token_logprobs"":[-9.70639419555664,-3.6954811548639555e-06,-0.0005260513862594962]},{""candidate"":""Phee"",""token_ids"":[47,49053],""token_count"":2,""sequence_logprob"":-1.2048676013946533,""mean_token_logprob"":-0.6024338006973267,""token_logprobs"":[-1.2048566341400146,-1.0967194612021558e-05]},{""candidate"":""Seep"",""token_ids"":[1514,747],""token_count"":2,""sequence_logprob"":-1.312065601348877,""mean_token_logprob"":-0.6560328006744385,""token_logprobs"":[-1.31206476688385,-8.344646857949556e-07]},{""candidate"":""Trill"",""token_ids"":[1282,483],""token_count"":2,""sequence_logprob"":-4.834794998168945,""mean_token_logprob"":-2.4173974990844727,""token_logprobs"":[-3.2606019973754883,-1.574192762374878]},{""candidate"":""Tsik"",""token_ids"":[52793,1579],""token_count"":2,""sequence_logprob"":-1.3688347339630127,""mean_token_logprob"":-0.6844173669815063,""token_logprobs"":[-1.368735432624817,-9.929640509653836e-05]},{""candidate"":""Twitter"",""token_ids"":[24862],""token_count"":1,""sequence_logprob"":-2.0634713172912598,""mean_token_logprob"":-2.0634713172912598,""token_logprobs"":[-2.0634713172912598]}]"
837515,2023_4_8,Trill,definition,Twitter,Twitter,false,false,"[{""candidate"":""Infant Cry"",""token_ids"":[19433,517,42705],""token_count"":3,""sequence_logprob"":-8.572073936462402,""mean_token_logprob"":-2.857357978820801,""token_logprobs"":[-8.571698188781738,-1.7881377516459906e-06,-0.0003736513026524335]},{""candidate"":""Phee"",""token_ids"":[47,49053],""token_count"":2,""sequence_logprob"":-2.923386335372925,""mean_token_logprob"":-1.4616931676864624,""token_logprobs"":[-2.9233434200286865,-4.303362584323622e-05]},{""candidate"":""Seep"",""token_ids"":[1514,747],""token_count"":2,""sequence_logprob"":-1.7665592432022095,""mean_token_logprob"":-0.8832796216011047,""token_logprobs"":[-1.7628676891326904,-0.0036915268283337355]},{""candidate"":""Trill"",""token_ids"":[1282,483],""token_count"":2,""sequence_logprob"":-5.679601669311523,""mean_token_logprob"":-2.8398008346557617,""token_logprobs"":[-3.8871517181396484,-1.792450189590454]},{""candidate"":""Tsik"",""token_ids"":[52793,1579],""token_count"":2,""sequence_logprob"":-3.3197643756866455,""mean_token_logprob"":-1.6598821878433228,""token_logprobs"":[-3.319739818572998,-2.4676019165781327e-05]},{""candidate"":""Twitter"",""token_ids"":[24862],""token_count"":1,""sequence_logprob"":-0.36656999588012695,""mean_token_logprob"":-0.36656999588012695,""token_logprobs"":[-0.36656999588012695]}]"
84477,2022_1_6,Twitter,bare,Phee,Phee,false,false,"[{""candidate"":""Infant Cry"",""token_ids"":[19433,517,42705],""token_count"":3,""sequence_logprob"":-7.882491111755371,""mean_token_logprob"":-2.6274970372517905,""token_logprobs"":[-7.882050514221191,-2.0265558760002023e-06,-0.00043847484630532563]},{""candidate"":""Phee"",""token_ids"":[47,49053],""token_count"":2,""sequence_logprob"":-1.0084888935089111,""mean_token_logprob"":-0.5042444467544556,""token_logprobs"":[-1.008479118347168,-9.775113539944869e-06]},{""candidate"":""Seep"",""token_ids"":[1514,747],""token_count"":2,""sequence_logprob"":-1.5149260759353638,""mean_token_logprob"":-0.7574630379676819,""token_logprobs"":[-1.5149250030517578,-1.0728830375228426e-06]},{""candidate"":""Trill"",""token_ids"":[1282,483],""token_count"":2,""sequence_logprob"":-6.84968900680542,""mean_token_logprob"":-3.42484450340271,""token_logprobs"":[-3.217850685119629,-3.631838321685791]},{""candidate"":""Tsik"",""token_ids"":[52793,1579],""token_count"":2,""sequence_logprob"":-2.0769736766815186,""mean_token_logprob"":-1.0384868383407593,""token_logprobs"":[-2.076868772506714,-0.00010501786891836673]},{""candidate"":""Twitter"",""token_ids"":[24862],""token_count"":1,""sequence_logprob"":-1.5665969848632812,""mean_token_logprob"":-1.5665969848632812,""token_logprobs"":[-1.5665969848632812]}]"
84477,2022_1_6,Twitter,definition,Twitter,Twitter,true,true,"[{""candidate"":""Infant Cry"",""token_ids"":[19433,517,42705],""token_count"":3,""sequence_logprob"":-7.58087158203125,""mean_token_logprob"":-2.5269571940104165,""token_logprobs"":[-7.5807271003723145,-9.536738616588991e-07,-0.00014351768186315894]},{""candidate"":""Phee"",""token_ids"":[47,49053],""token_count"":2,""sequence_logprob"":-2.8820178508758545,""mean_token_logprob"":-1.4410089254379272,""token_logprobs"":[-2.8819751739501953,-4.2676016164477915e-05]},{""candidate"":""Seep"",""token_ids"":[1514,747],""token_count"":2,""sequence_logprob"":-1.6187820434570312,""mean_token_logprob"":-0.8093910217285156,""token_logprobs"":[-1.618780255317688,-1.7881377516459906e-06]},{""candidate"":""Trill"",""token_ids"":[1282,483],""token_count"":2,""sequence_logprob"":-5.632577896118164,""mean_token_logprob"":-2.816288948059082,""token_logprobs"":[-3.5320217609405518,-2.1005563735961914]},{""candidate"":""Tsik"",""token_ids"":[52793,1579],""token_count"":2,""sequence_logprob"":-3.481172800064087,""mean_token_logprob"":-1.7405864000320435,""token_logprobs"":[-3.4811675548553467,-5.364403477869928e-06]},{""candidate"":""Twitter"",""token_ids"":[24862],""token_count"":1,""sequence_logprob"":-0.48976612091064453,""mean_token_logprob"":-0.48976612091064453,""token_logprobs"":[-0.48976612091064453]}]"
851385,2023_4_9,Twitter,bare,Phee,Phee,false,false,"[{""candidate"":""Infant Cry"",""token_ids"":[19433,517,42705],""token_count"":3,""sequence_logprob"":-8.17533016204834,""mean_token_logprob"":-2.7251100540161133,""token_logprobs"":[-8.174880981445312,-2.50339189733495e-06,-0.0004459816846065223]},{""candidate"":""Phee"",""token_ids"":[47,49053],""token_count"":2,""sequence_logprob"":-1.0837706327438354,""mean_token_logprob"":-0.5418853163719177,""token_logprobs"":[-1.08375883102417,-1.1801649634435307e-05]},{""candidate"":""Seep"",""token_ids"":[1514,747],""token_count"":2,""sequence_logprob"":-1.5185456275939941,""mean_token_logprob"":-0.7592728137969971,""token_logprobs"":[-1.5185444355010986,-1.1920922133867862e-06]},{""candidate"":""Trill"",""token_ids"":[1282,483],""token_count"":2,""sequence_logprob"":-4.819042205810547,""mean_token_logprob"":-2.4095211029052734,""token_logprobs"":[-3.1525495052337646,-1.6664924621582031]},{""candidate"":""Tsik"",""token_ids"":[52793,1579],""token_count"":2,""sequence_logprob"":-1.6507294178009033,""mean_token_logprob"":-0.8253647089004517,""token_logprobs"":[-1.6504809856414795,-0.000248401309363544]},{""candidate"":""Twitter"",""token_ids"":[24862],""token_count"":1,""sequence_logprob"":-1.838154911994934,""mean_token_logprob"":-1.838154911994934,""token_logprobs"":[-1.838154911994934]}]"
851385,2023_4_9,Twitter,definition,Twitter,Twitter,true,true,"[{""candidate"":""Infant Cry"",""token_ids"":[19433,517,42705],""token_count"":3,""sequence_logprob"":-7.662844657897949,""mean_token_logprob"":-2.55428155263265,""token_logprobs"":[-7.66262149810791,-1.0728830375228426e-06,-0.00022230061586014926]},{""candidate"":""Phee"",""token_ids"":[47,49053],""token_count"":2,""sequence_logprob"":-3.0604090690612793,""mean_token_logprob"":-1.5302045345306396,""token_logprobs"":[-3.0603644847869873,-4.470248313737102e-05]},{""candidate"":""Seep"",""token_ids"":[1514,747],""token_count"":2,""sequence_logprob"":-1.7670507431030273,""mean_token_logprob"":-0.8835253715515137,""token_logprobs"":[-1.7670478820800781,-2.861018856492592e-06]},{""candidate"":""Trill"",""token_ids"":[1282,483],""token_count"":2,""sequence_logprob"":-5.961495399475098,""mean_token_logprob"":-2.980747699737549,""token_logprobs"":[-3.2641375064849854,-2.697357654571533]},{""candidate"":""Tsik"",""token_ids"":[52793,1579],""token_count"":2,""sequence_logprob"":-3.3156919479370117,""mean_token_logprob"":-1.6578459739685059,""token_logprobs"":[-3.3156840801239014,-7.867782187531702e-06]},{""candidate"":""Twitter"",""token_ids"":[24862],""token_count"":1,""sequence_logprob"":-0.3892281949520111,""mean_token_logprob"":-0.3892281949520111,""token_logprobs"":[-0.3892281949520111]}]"
857186,2023_4_10,Seep,bare,Phee,Phee,false,false,"[{""candidate"":""Infant Cry"",""token_ids"":[19433,517,42705],""token_count"":3,""sequence_logprob"":-7.4349799156188965,""mean_token_logprob"":-2.4783266385396323,""token_logprobs"":[-7.434649467468262,-1.5497195136049413e-06,-0.0003292018664069474]},{""candidate"":""Phee"",""token_ids"":[47,49053],""token_count"":2,""sequence_logprob"":-0.997215747833252,""mean_token_logprob"":-0.498607873916626,""token_logprobs"":[-0.9972034692764282,-1.2278481335670222e-05]},{""candidate"":""Seep"",""token_ids"":[1514,747],""token_count"":2,""sequence_logprob"":-1.1242032051086426,""mean_token_logprob"":-0.5621016025543213,""token_logprobs"":[-1.1242022514343262,-9.536738616588991e-07]},{""candidate"":""Trill"",""token_ids"":[1282,483],""token_count"":2,""sequence_logprob"":-5.060418128967285,""mean_token_logprob"":-2.5302090644836426,""token_logprobs"":[-3.184621810913086,-1.8757963180541992]},{""candidate"":""Tsik"",""token_ids"":[52793,1579],""token_count"":2,""sequence_logprob"":-2.1223361492156982,""mean_token_logprob"":-1.0611680746078491,""token_logprobs"":[-2.122149705886841,-0.00018654513405635953]},{""candidate"":""Twitter"",""token_ids"":[24862],""token_count"":1,""sequence_logprob"":-2.1222033500671387,""mean_token_logprob"":-2.1222033500671387,""token_logprobs"":[-2.1222033500671387]}]"
857186,2023_4_10,Seep,definition,Twitter,Twitter,false,false,"[{""candidate"":""Infant Cry"",""token_ids"":[19433,517,42705],""token_count"":3,""sequence_logprob"":-6.704936981201172,""mean_token_logprob"":-2.234978993733724,""token_logprobs"":[-6.704780101776123,-9.536738616588991e-07,-0.0001560327800689265]},{""candidate"":""Phee"",""token_ids"":[47,49053],""token_count"":2,""sequence_logprob"":-2.9947621822357178,""mean_token_logprob"":-1.4973810911178589,""token_logprobs"":[-2.994691848754883,-7.045020902296528e-05]},{""candidate"":""Seep"",""token_ids"":[1514,747],""token_count"":2,""sequence_logprob"":-1.343644142150879,""mean_token_logprob"":-0.6718220710754395,""token_logprobs"":[-1.3436425924301147,-1.5497195136049413e-06]},{""candidate"":""Trill"",""token_ids"":[1282,483],""token_count"":2,""sequence_logprob"":-6.319495677947998,""mean_token_logprob"":-3.159747838973999,""token_logprobs"":[-3.367795467376709,-2.951700210571289]},{""candidate"":""Tsik"",""token_ids"":[52793,1579],""token_count"":2,""sequence_logprob"":-3.204787254333496,""mean_token_logprob"":-1.602393627166748,""token_logprobs"":[-3.204780101776123,-7.271740287251305e-06]},{""candidate"":""Twitter"",""token_ids"":[24862],""token_count"":1,""sequence_logprob"":-0.4946918785572052,""mean_token_logprob"":-0.4946918785572052,""token_logprobs"":[-0.4946918785572052]}]"
859379,2020_10_3,Trill,bare,Phee,Phee,false,false,"[{""candidate"":""Infant Cry"",""token_ids"":[19433,517,42705],""token_count"":3,""sequence_logprob"":-9.874905586242676,""mean_token_logprob"":-3.291635195414225,""token_logprobs"":[-9.874248504638672,-3.814689989667386e-06,-0.0006536492728628218]},{""candidate"":""Phee"",""token_ids"":[47,49053],""token_count"":2,""sequence_logprob"":-0.954386293888092,""mean_token_logprob"":-0.477193146944046,""token_logprobs"":[-0.9543758034706116,-1.0490362910786644e-05]},{""candidate"":""Seep"",""token_ids"":[1514,747],""token_count"":2,""sequence_logprob"":-1.8941786289215088,""mean_token_logprob"":-0.9470893144607544,""token_logprobs"":[-1.8941770792007446,-1.5497195136049413e-06]},{""candidate"":""Trill"",""token_ids"":[1282,483],""token_count"":2,""sequence_logprob"":-6.0097150802612305,""mean_token_logprob"":-3.0048575401306152,""token_logprobs"":[-3.355926513671875,-2.6537888050079346]},{""candidate"":""Tsik"",""token_ids"":[52793,1579],""token_count"":2,""sequence_logprob"":-1.5618877410888672,""mean_token_logprob"":-0.7809438705444336,""token_logprobs"":[-1.5617481470108032,-0.00013958434283267707]},{""candidate"":""Twitter"",""token_ids"":[24862],""token_count"":1,""sequence_logprob"":-1.7043757438659668,""mean_token_logprob"":-1.7043757438659668,""token_logprobs"":[-1.7043757438659668]}]"
859379,2020_10_3,Trill,definition,Twitter,Twitter,false,false,"[{""candidate"":""Infant Cry"",""token_ids"":[19433,517,42705],""token_count"":3,""sequence_logprob"":-7.564171314239502,""mean_token_logprob"":-2.521390438079834,""token_logprobs"":[-7.563787460327148,-1.1920922133867862e-06,-0.000382707774406299]},{""candidate"":""Phee"",""token_ids"":[47,49053],""token_count"":2,""sequence_logprob"":-2.501368284225464,""mean_token_logprob"":-1.250684142112732,""token_logprobs"":[-2.501321792602539,-4.649054244509898e-05]},{""candidate"":""Seep"",""token_ids"":[1514,747],""token_count"":2,""sequence_logprob"":-1.76835036277771,""mean_token_logprob"":-0.884175181388855,""token_logprobs"":[-1.7683484554290771,-1.9073468138230965e-06]},{""candidate"":""Trill"",""token_ids"":[1282,483],""token_count"":2,""sequence_logprob"":-4.071178913116455,""mean_token_logprob"":-2.0355894565582275,""token_logprobs"":[-3.1465632915496826,-0.9246155023574829]},{""candidate"":""Tsik"",""token_ids"":[52793,1579],""token_count"":2,""sequence_logprob"":-3.15755295753479,""mean_token_logprob"":-1.578776478767395,""token_logprobs"":[-3.1575374603271484,-1.5616295058862306e-05]},{""candidate"":""Twitter"",""token_ids"":[24862],""token_count"":1,""sequence_logprob"":-0.5013216733932495,""mean_token_logprob"":-0.5013216733932495,""token_logprobs"":[-0.5013216733932495]}]"
860537,2020_10_3,Phee,bare,Phee,Phee,true,true,"[{""candidate"":""Infant Cry"",""token_ids"":[19433,517,42705],""token_count"":3,""sequence_logprob"":-8.2882661819458,""mean_token_logprob"":-2.7627553939819336,""token_logprobs"":[-8.287681579589844,-3.2186455882765586e-06,-0.0005819296347908676]},{""candidate"":""Phee"",""token_ids"":[47,49053],""token_count"":2,""sequence_logprob"":-0.8430644273757935,""mean_token_logprob"":-0.42153221368789673,""token_logprobs"":[-0.8430535793304443,-1.0847986231965479e-05]},{""candidate"":""Seep"",""token_ids"":[1514,747],""token_count"":2,""sequence_logprob"":-1.381433367729187,""mean_token_logprob"":-0.6907166838645935,""token_logprobs"":[-1.381432056427002,-1.311301275563892e-06]},{""candidate"":""Trill"",""token_ids"":[1282,483],""token_count"":2,""sequence_logprob"":-6.314764022827148,""mean_token_logprob"":-3.157382011413574,""token_logprobs"":[-3.2805535793304443,-3.034210443496704]},{""candidate"":""Tsik"",""token_ids"":[52793,1579],""token_count"":2,""sequence_logprob"":-2.0065183639526367,""mean_token_logprob"":-1.0032591819763184,""token_logprobs"":[-2.006432056427002,-8.630380034446716e-05]},{""candidate"":""Twitter"",""token_ids"":[24862],""token_count"":1,""sequence_logprob"":-2.0930535793304443,""mean_token_logprob"":-2.0930535793304443,""token_logprobs"":[-2.0930535793304443]}]"
860537,2020_10_3,Phee,definition,Twitter,Twitter,false,false,"[{""candidate"":""Infant Cry"",""token_ids"":[19433,517,42705],""token_count"":3,""sequence_logprob"":-7.606306552886963,""mean_token_logprob"":-2.535435517628988,""token_logprobs"":[-7.606077194213867,-1.311301275563892e-06,-0.00022802136663813144]},{""candidate"":""Phee"",""token_ids"":[47,49053],""token_count"":2,""sequence_logprob"":-2.5973949432373047,""mean_token_logprob"":-1.2986974716186523,""token_logprobs"":[-2.5973525047302246,-4.2437604861333966e-05]},{""candidate"":""Seep"",""token_ids"":[1514,747],""token_count"":2,""sequence_logprob"":-1.387329339981079,""mean_token_logprob"":-0.6936646699905396,""token_logprobs"":[-1.3873271942138672,-2.145764938177308e-06]},{""candidate"":""Trill"",""token_ids"":[1282,483],""token_count"":2,""sequence_logprob"":-5.774814605712891,""mean_token_logprob"":-2.8874073028564453,""token_logprobs"":[-3.4098525047302246,-2.364961862564087]},{""candidate"":""Tsik"",""token_ids"":[52793,1579],""token_count"":2,""sequence_logprob"":-3.3248307704925537,""mean_token_logprob"":-1.6624153852462769,""token_logprobs"":[-3.324827194213867,-3.576272320060525e-06]},{""candidate"":""Twitter"",""token_ids"":[24862],""token_count"":1,""sequence_logprob"":-0.5348525047302246,""mean_token_logprob"":-0.5348525047302246,""token_logprobs"":[-0.5348525047302246]}]"
867780,2020_11_3,Trill,bare,Phee,Phee,false,false,"[{""candidate"":""Infant Cry"",""token_ids"":[19433,517,42705],""token_count"":3,""sequence_logprob"":-10.114831924438477,""mean_token_logprob"":-3.371610641479492,""token_logprobs"":[-10.11404800415039,-2.622600959512056e-06,-0.0007813499541953206]},{""candidate"":""Phee"",""token_ids"":[47,49053],""token_count"":2,""sequence_logprob"":-0.7528484463691711,""mean_token_logprob"":-0.37642422318458557,""token_logprobs"":[-0.7528367638587952,-1.168244216387393e-05]},{""candidate"":""Seep"",""token_ids"":[1514,747],""token_count"":2,""sequence_logprob"":-1.6563708782196045,""mean_token_logprob"":-0.8281854391098022,""token_logprobs"":[-1.6563692092895508,-1.6689286894688848e-06]},{""candidate"":""Trill"",""token_ids"":[1282,483],""token_count"":2,""sequence_logprob"":-4.2303924560546875,""mean_token_logprob"":-2.1151962280273438,""token_logprobs"":[-3.272824287414551,-0.9575680494308472]},{""candidate"":""Tsik"",""token_ids"":[52793,1579],""token_count"":2,""sequence_logprob"":-1.9976047277450562,""mean_token_logprob"":-0.9988023638725281,""token_logprobs"":[-1.997222661972046,-0.00038211196078918874]},{""candidate"":""Twitter"",""token_ids"":[24862],""token_count"":1,""sequence_logprob"":-2.1812853813171387,""mean_token_logprob"":-2.1812853813171387,""token_logprobs"":[-2.1812853813171387]}]"
867780,2020_11_3,Trill,definition,Twitter,Twitter,false,false,"[{""candidate"":""Infant Cry"",""token_ids"":[19433,517,42705],""token_count"":3,""sequence_logprob"":-8.330509185791016,""mean_token_logprob"":-2.776836395263672,""token_logprobs"":[-8.33023738861084,-1.5497195136049413e-06,-0.00027021096320822835]},{""candidate"":""Phee"",""token_ids"":[47,49053],""token_count"":2,""sequence_logprob"":-2.5352461338043213,""mean_token_logprob"":-1.2676230669021606,""token_logprobs"":[-2.5351996421813965,-4.649054244509898e-05]},{""candidate"":""Seep"",""token_ids"":[1514,747],""token_count"":2,""sequence_logprob"":-1.686993956565857,""mean_token_logprob"":-0.8434969782829285,""token_logprobs"":[-1.6869906187057495,-3.3378546504536644e-06]},{""candidate"":""Trill"",""token_ids"":[1282,483],""token_count"":2,""sequence_logprob"":-5.754607200622559,""mean_token_logprob"":-2.8773036003112793,""token_logprobs"":[-3.507235288619995,-2.2473719120025635]},{""candidate"":""Tsik"",""token_ids"":[52793,1579],""token_count"":2,""sequence_logprob"":-3.5040268898010254,""mean_token_logprob"":-1.7520134449005127,""token_logprobs"":[-3.504016637802124,-1.0251946150674485e-05]},{""candidate"":""Twitter"",""token_ids"":[24862],""token_count"":1,""sequence_logprob"":-0.4356168210506439,""mean_token_logprob"":-0.4356168210506439,""token_logprobs"":[-0.4356168210506439]}]"
9024,2022_1_0,Infant Cry,bare,Phee,Phee,false,false,"[{""candidate"":""Infant Cry"",""token_ids"":[19433,517,42705],""token_count"":3,""sequence_logprob"":-8.918493270874023,""mean_token_logprob"":-2.9728310902913413,""token_logprobs"":[-8.91796875,-2.861018856492592e-06,-0.0005214046686887741]},{""candidate"":""Phee"",""token_ids"":[47,49053],""token_count"":2,""sequence_logprob"":-0.5883702635765076,""mean_token_logprob"":-0.2941851317882538,""token_logprobs"":[-0.5883616805076599,-8.583032467868179e-06]},{""candidate"":""Seep"",""token_ids"":[1514,747],""token_count"":2,""sequence_logprob"":-1.7587794065475464,""mean_token_logprob"":-0.8793897032737732,""token_logprobs"":[-1.75877845287323,-9.536738616588991e-07]},{""candidate"":""Trill"",""token_ids"":[1282,483],""token_count"":2,""sequence_logprob"":-7.225895881652832,""mean_token_logprob"":-3.612947940826416,""token_logprobs"":[-3.755281448364258,-3.470614194869995]},{""candidate"":""Tsik"",""token_ids"":[52793,1579],""token_count"":2,""sequence_logprob"":-2.496048927307129,""mean_token_logprob"":-1.2480244636535645,""token_logprobs"":[-2.4959237575531006,-0.00012516192509792745]},{""candidate"":""Twitter"",""token_ids"":[24862],""token_count"":1,""sequence_logprob"":-2.396742343902588,""mean_token_logprob"":-2.396742343902588,""token_logprobs"":[-2.396742343902588]}]"
9024,2022_1_0,Infant Cry,definition,Twitter,Twitter,false,false,"[{""candidate"":""Infant Cry"",""token_ids"":[19433,517,42705],""token_count"":3,""sequence_logprob"":-6.680532932281494,""mean_token_logprob"":-2.226844310760498,""token_logprobs"":[-6.680251598358154,-1.4305104514278355e-06,-0.0002797450579237193]},{""candidate"":""Phee"",""token_ids"":[47,49053],""token_count"":2,""sequence_logprob"":-1.9177749156951904,""mean_token_logprob"":-0.9588874578475952,""token_logprobs"":[-1.9177303314208984,-4.458328112377785e-05]},{""candidate"":""Seep"",""token_ids"":[1514,747],""token_count"":2,""sequence_logprob"":-1.4546126127243042,""mean_token_logprob"":-0.7273063063621521,""token_logprobs"":[-1.45461106300354,-1.5497195136049413e-06]},{""candidate"":""Trill"",""token_ids"":[1282,483],""token_count"":2,""sequence_logprob"":-5.7497663497924805,""mean_token_logprob"":-2.8748831748962402,""token_logprobs"":[-3.5967226028442383,-2.153043746948242]},{""candidate"":""Tsik"",""token_ids"":[52793,1579],""token_count"":2,""sequence_logprob"":-3.133557081222534,""mean_token_logprob"":-1.566778540611267,""token_logprobs"":[-3.133551836013794,-5.364403477869928e-06]},{""candidate"":""Twitter"",""token_ids"":[24862],""token_count"":1,""sequence_logprob"":-0.6696956753730774,""mean_token_logprob"":-0.6696956753730774,""token_logprobs"":[-0.6696956753730774]}]"
