event_id,target,target_output,support_k_per_class,support_k_total,method,readout,raw_prediction,candidate_scores_json,prediction,correct
31471,Tsik,Tsik,1,6,audio_icl_candidate,candidate,,"[{""candidate"":""Infant Cry"",""token_ids"":[19433,517,42705],""token_count"":3,""sequence_logprob"":-2.857638120651245,""mean_token_logprob"":-0.9525460402170817,""token_logprobs"":[-2.856973171234131,-4.529942543740617e-06,-0.0006603206275030971]},{""candidate"":""Phee"",""token_ids"":[47,49053],""token_count"":2,""sequence_logprob"":-2.538363456726074,""mean_token_logprob"":-1.269181728363037,""token_logprobs"":[-2.5381791591644287,-0.0001842805795604363]},{""candidate"":""Seep"",""token_ids"":[1514,747],""token_count"":2,""sequence_logprob"":-2.288336992263794,""mean_token_logprob"":-1.144168496131897,""token_logprobs"":[-2.2881791591644287,-0.0001578206429257989]},{""candidate"":""Trill"",""token_ids"":[1282,483],""token_count"":2,""sequence_logprob"":-6.763004302978516,""mean_token_logprob"":-3.381502151489258,""token_logprobs"":[-2.2256791591644287,-4.537324905395508]},{""candidate"":""Tsik"",""token_ids"":[52793,1579],""token_count"":2,""sequence_logprob"":-2.1009879112243652,""mean_token_logprob"":-1.0504939556121826,""token_logprobs"":[-2.1006791591644287,-0.00030882356804795563]},{""candidate"":""Twitter"",""token_ids"":[24862],""token_count"":1,""sequence_logprob"":-0.7902867794036865,""mean_token_logprob"":-0.7902867794036865,""token_logprobs"":[-0.7902867794036865]}]",Twitter,false
31828,Seep,Seep,1,6,audio_icl_candidate,candidate,,"[{""candidate"":""Infant Cry"",""token_ids"":[19433,517,42705],""token_count"":3,""sequence_logprob"":-2.3634815216064453,""mean_token_logprob"":-0.7878271738688151,""token_logprobs"":[-2.3630855083465576,-3.3378546504536644e-06,-0.000392598332837224]},{""candidate"":""Phee"",""token_ids"":[47,49053],""token_count"":2,""sequence_logprob"":-2.4667351245880127,""mean_token_logprob"":-1.2333675622940063,""token_logprobs"":[-2.4666099548339844,-0.00012516192509792745]},{""candidate"":""Seep"",""token_ids"":[1514,747],""token_count"":2,""sequence_logprob"":-1.7791459560394287,""mean_token_logprob"":-0.8895729780197144,""token_logprobs"":[-1.779110074043274,-3.58813522325363e-05]},{""candidate"":""Trill"",""token_ids"":[1282,483],""token_count"":2,""sequence_logprob"":-5.726629734039307,""mean_token_logprob"":-2.8633148670196533,""token_logprobs"":[-1.591610074043274,-4.135019779205322]},{""candidate"":""Tsik"",""token_ids"":[52793,1579],""token_count"":2,""sequence_logprob"":-1.9042246341705322,""mean_token_logprob"":-0.9521123170852661,""token_logprobs"":[-1.904110074043274,-0.00011455356434453279]},{""candidate"":""Twitter"",""token_ids"":[24862],""token_count"":1,""sequence_logprob"":-1.2276339530944824,""mean_token_logprob"":-1.2276339530944824,""token_logprobs"":[-1.2276339530944824]}]",Infant Cry,false
34756,Phee,Phee,1,6,audio_icl_candidate,candidate,,"[{""candidate"":""Infant Cry"",""token_ids"":[19433,517,42705],""token_count"":3,""sequence_logprob"":-2.7969322204589844,""mean_token_logprob"":-0.9323107401529948,""token_logprobs"":[-2.7965078353881836,-2.50339189733495e-06,-0.0004220310365781188]},{""candidate"":""Phee"",""token_ids"":[47,49053],""token_count"":2,""sequence_logprob"":-1.8700625896453857,""mean_token_logprob"":-0.9350312948226929,""token_logprobs"":[-1.8698867559432983,-0.00017581824795342982]},{""candidate"":""Seep"",""token_ids"":[1514,747],""token_count"":2,""sequence_logprob"":-1.1200968027114868,""mean_token_logprob"":-0.5600484013557434,""token_logprobs"":[-1.1198867559432983,-0.00021002470748499036]},{""candidate"":""Trill"",""token_ids"":[1282,483],""token_count"":2,""sequence_logprob"":-6.4879608154296875,""mean_token_logprob"":-3.2439804077148438,""token_logprobs"":[-2.494886875152588,-3.9930739402770996]},{""candidate"":""Tsik"",""token_ids"":[52793,1579],""token_count"":2,""sequence_logprob"":-2.682530641555786,""mean_token_logprob"":-1.341265320777893,""token_logprobs"":[-2.682386875152588,-0.00014375607133843005]},{""candidate"":""Twitter"",""token_ids"":[24862],""token_count"":1,""sequence_logprob"":-1.1102747917175293,""mean_token_logprob"":-1.1102747917175293,""token_logprobs"":[-1.1102747917175293]}]",Seep,false
36485,Phee,Phee,1,6,audio_icl_candidate,candidate,,"[{""candidate"":""Infant Cry"",""token_ids"":[19433,517,42705],""token_count"":3,""sequence_logprob"":-2.7936391830444336,""mean_token_logprob"":-0.9312130610148112,""token_logprobs"":[-2.7931203842163086,-3.099436753473128e-06,-0.0005156855913810432]},{""candidate"":""Phee"",""token_ids"":[47,49053],""token_count"":2,""sequence_logprob"":-2.211721658706665,""mean_token_logprob"":-1.1058608293533325,""token_logprobs"":[-2.2115559577941895,-0.0001656871900195256]},{""candidate"":""Seep"",""token_ids"":[1514,747],""token_count"":2,""sequence_logprob"":-1.2116645574569702,""mean_token_logprob"":-0.6058322787284851,""token_logprobs"":[-1.211556077003479,-0.00010847456724150106]},{""candidate"":""Trill"",""token_ids"":[1282,483],""token_count"":2,""sequence_logprob"":-6.506662845611572,""mean_token_logprob"":-3.253331422805786,""token_logprobs"":[-2.4615559577941895,-4.045106887817383]},{""candidate"":""Tsik"",""token_ids"":[52793,1579],""token_count"":2,""sequence_logprob"":-3.0242674350738525,""mean_token_logprob"":-1.5121337175369263,""token_logprobs"":[-3.0240559577941895,-0.00021145492792129517]},{""candidate"":""Twitter"",""token_ids"":[24862],""token_count"":1,""sequence_logprob"":-0.9612520933151245,""mean_token_logprob"":-0.9612520933151245,""token_logprobs"":[-0.9612520933151245]}]",Seep,false
36522,Twitter,Twitter,1,6,audio_icl_candidate,candidate,,"[{""candidate"":""Infant Cry"",""token_ids"":[19433,517,42705],""token_count"":3,""sequence_logprob"":-3.2207696437835693,""mean_token_logprob"":-1.0735898812611897,""token_logprobs"":[-3.2204296588897705,-1.5497195136049413e-06,-0.00033849707688204944]},{""candidate"":""Phee"",""token_ids"":[47,49053],""token_count"":2,""sequence_logprob"":-2.463359832763672,""mean_token_logprob"":-1.231679916381836,""token_logprobs"":[-2.4632647037506104,-9.512448741588742e-05]},{""candidate"":""Seep"",""token_ids"":[1514,747],""token_count"":2,""sequence_logprob"":-1.3385300636291504,""mean_token_logprob"":-0.6692650318145752,""token_logprobs"":[-1.3382647037506104,-0.0002653246629051864]},{""candidate"":""Trill"",""token_ids"":[1282,483],""token_count"":2,""sequence_logprob"":-6.5833539962768555,""mean_token_logprob"":-3.2916769981384277,""token_logprobs"":[-2.1507647037506104,-4.432589530944824]},{""candidate"":""Tsik"",""token_ids"":[52793,1579],""token_count"":2,""sequence_logprob"":-2.900895833969116,""mean_token_logprob"":-1.450447916984558,""token_logprobs"":[-2.9007647037506104,-0.00013124081306159496]},{""candidate"":""Twitter"",""token_ids"":[24862],""token_count"":1,""sequence_logprob"":-1.050342321395874,""mean_token_logprob"":-1.050342321395874,""token_logprobs"":[-1.050342321395874]}]",Seep,false
405841,Infant Cry,Infant Cry,1,6,audio_icl_candidate,candidate,,"[{""candidate"":""Infant Cry"",""token_ids"":[19433,517,42705],""token_count"":3,""sequence_logprob"":-3.352215528488159,""mean_token_logprob"":-1.1174051761627197,""token_logprobs"":[-3.3518786430358887,-2.145764938177308e-06,-0.00033480284037068486]},{""candidate"":""Phee"",""token_ids"":[47,49053],""token_count"":2,""sequence_logprob"":-2.433957099914551,""mean_token_logprob"":-1.2169785499572754,""token_logprobs"":[-2.433854579925537,-0.00010251473577227443]},{""candidate"":""Seep"",""token_ids"":[1514,747],""token_count"":2,""sequence_logprob"":-1.3718849420547485,""mean_token_logprob"":-0.6859424710273743,""token_logprobs"":[-1.3713544607162476,-0.0005304598016664386]},{""candidate"":""Trill"",""token_ids"":[1282,483],""token_count"":2,""sequence_logprob"":-6.9975810050964355,""mean_token_logprob"":-3.4987905025482178,""token_logprobs"":[-2.746354579925537,-4.251226425170898]},{""candidate"":""Tsik"",""token_ids"":[52793,1579],""token_count"":2,""sequence_logprob"":-2.746729612350464,""mean_token_logprob"":-1.373364806175232,""token_logprobs"":[-2.746354579925537,-0.00037496211007237434]},{""candidate"":""Twitter"",""token_ids"":[24862],""token_count"":1,""sequence_logprob"":-0.8490822315216064,""mean_token_logprob"":-0.8490822315216064,""token_logprobs"":[-0.8490822315216064]}]",Seep,false
408631,Phee,Phee,1,6,audio_icl_candidate,candidate,,"[{""candidate"":""Infant Cry"",""token_ids"":[19433,517,42705],""token_count"":3,""sequence_logprob"":-2.652148723602295,""mean_token_logprob"":-0.8840495745340983,""token_logprobs"":[-2.651677131652832,-2.861018856492592e-06,-0.0004686211177613586]},{""candidate"":""Phee"",""token_ids"":[47,49053],""token_count"":2,""sequence_logprob"":-2.0914971828460693,""mean_token_logprob"":-1.0457485914230347,""token_logprobs"":[-2.091343641281128,-0.00015364897262770683]},{""candidate"":""Seep"",""token_ids"":[1514,747],""token_count"":2,""sequence_logprob"":-2.0289080142974854,""mean_token_logprob"":-1.0144540071487427,""token_logprobs"":[-2.028843641281128,-6.437094270950183e-05]},{""candidate"":""Trill"",""token_ids"":[1282,483],""token_count"":2,""sequence_logprob"":-6.342034339904785,""mean_token_logprob"":-3.1710171699523926,""token_logprobs"":[-2.216343641281128,-4.125690937042236]},{""candidate"":""Tsik"",""token_ids"":[52793,1579],""token_count"":2,""sequence_logprob"":-2.466468334197998,""mean_token_logprob"":-1.233234167098999,""token_logprobs"":[-2.466343641281128,-0.00012468514614738524]},{""candidate"":""Twitter"",""token_ids"":[24862],""token_count"":1,""sequence_logprob"":-0.834632933139801,""mean_token_logprob"":-0.834632933139801,""token_logprobs"":[-0.834632933139801]}]",Twitter,false
50919,Tsik,Tsik,1,6,audio_icl_candidate,candidate,,"[{""candidate"":""Infant Cry"",""token_ids"":[19433,517,42705],""token_count"":3,""sequence_logprob"":-3.1190710067749023,""mean_token_logprob"":-1.039690335591634,""token_logprobs"":[-3.11863374710083,-1.9073468138230965e-06,-0.00043525759247131646]},{""candidate"":""Phee"",""token_ids"":[47,49053],""token_count"":2,""sequence_logprob"":-2.7756826877593994,""mean_token_logprob"":-1.3878413438796997,""token_logprobs"":[-2.77559757232666,-8.511180931236595e-05]},{""candidate"":""Seep"",""token_ids"":[1514,747],""token_count"":2,""sequence_logprob"":-1.5257375240325928,""mean_token_logprob"":-0.7628687620162964,""token_logprobs"":[-1.5255975723266602,-0.0001399419124936685]},{""candidate"":""Trill"",""token_ids"":[1282,483],""token_count"":2,""sequence_logprob"":-6.577445983886719,""mean_token_logprob"":-3.2887229919433594,""token_logprobs"":[-2.58809757232666,-3.9893481731414795]},{""candidate"":""Tsik"",""token_ids"":[52793,1579],""token_count"":2,""sequence_logprob"":-2.6506896018981934,""mean_token_logprob"":-1.3253448009490967,""token_logprobs"":[-2.65059757232666,-9.214453893946484e-05]},{""candidate"":""Twitter"",""token_ids"":[24862],""token_count"":1,""sequence_logprob"":-1.078727126121521,""mean_token_logprob"":-1.078727126121521,""token_logprobs"":[-1.078727126121521]}]",Seep,false
51436,Trill,Trill,1,6,audio_icl_candidate,candidate,,"[{""candidate"":""Infant Cry"",""token_ids"":[19433,517,42705],""token_count"":3,""sequence_logprob"":-3.6339895725250244,""mean_token_logprob"":-1.2113298575083415,""token_logprobs"":[-3.633620262145996,-2.0265558760002023e-06,-0.00036745471879839897]},{""candidate"":""Phee"",""token_ids"":[47,49053],""token_count"":2,""sequence_logprob"":-2.269836664199829,""mean_token_logprob"":-1.1349183320999146,""token_logprobs"":[-2.2697370052337646,-9.965400386136025e-05]},{""candidate"":""Seep"",""token_ids"":[1514,747],""token_count"":2,""sequence_logprob"":-1.2075082063674927,""mean_token_logprob"":-0.6037541031837463,""token_logprobs"":[-1.2072370052337646,-0.0002711643755901605]},{""candidate"":""Trill"",""token_ids"":[1282,483],""token_count"":2,""sequence_logprob"":-6.903651237487793,""mean_token_logprob"":-3.4518256187438965,""token_logprobs"":[-2.7697370052337646,-4.133913993835449]},{""candidate"":""Tsik"",""token_ids"":[52793,1579],""token_count"":2,""sequence_logprob"":-2.8949851989746094,""mean_token_logprob"":-1.4474925994873047,""token_logprobs"":[-2.8947370052337646,-0.00024816294899210334]},{""candidate"":""Twitter"",""token_ids"":[24862],""token_count"":1,""sequence_logprob"":-0.9325543642044067,""mean_token_logprob"":-0.9325543642044067,""token_logprobs"":[-0.9325543642044067]}]",Seep,false
517703,Trill,Trill,1,6,audio_icl_candidate,candidate,,"[{""candidate"":""Infant Cry"",""token_ids"":[19433,517,42705],""token_count"":3,""sequence_logprob"":-3.234837532043457,""mean_token_logprob"":-1.078279177347819,""token_logprobs"":[-3.2345163822174072,-2.3841830625315197e-06,-0.00031871485407464206]},{""candidate"":""Phee"",""token_ids"":[47,49053],""token_count"":2,""sequence_logprob"":-2.327742099761963,""mean_token_logprob"":-1.1638710498809814,""token_logprobs"":[-2.327639102935791,-0.00010299152199877426]},{""candidate"":""Seep"",""token_ids"":[1514,747],""token_count"":2,""sequence_logprob"":-1.5154515504837036,""mean_token_logprob"":-0.7577257752418518,""token_logprobs"":[-1.5151389837265015,-0.00031251792097464204]},{""candidate"":""Trill"",""token_ids"":[1282,483],""token_count"":2,""sequence_logprob"":-6.69126558303833,""mean_token_logprob"":-3.345632791519165,""token_logprobs"":[-2.327639102935791,-4.363626480102539]},{""candidate"":""Tsik"",""token_ids"":[52793,1579],""token_count"":2,""sequence_logprob"":-2.7652699947357178,""mean_token_logprob"":-1.3826349973678589,""token_logprobs"":[-2.765139102935791,-0.00013100242358632386]},{""candidate"":""Twitter"",""token_ids"":[24862],""token_count"":1,""sequence_logprob"":-1.0204572677612305,""mean_token_logprob"":-1.0204572677612305,""token_logprobs"":[-1.0204572677612305]}]",Seep,false
518079,Phee,Phee,1,6,audio_icl_candidate,candidate,,"[{""candidate"":""Infant Cry"",""token_ids"":[19433,517,42705],""token_count"":3,""sequence_logprob"":-3.0956919193267822,""mean_token_logprob"":-1.0318973064422607,""token_logprobs"":[-3.095186233520508,-2.264974000354414e-06,-0.0005035324720665812]},{""candidate"":""Phee"",""token_ids"":[47,49053],""token_count"":2,""sequence_logprob"":-2.5204451084136963,""mean_token_logprob"":-1.2602225542068481,""token_logprobs"":[-2.5202808380126953,-0.00016437610611319542]},{""candidate"":""Seep"",""token_ids"":[1514,747],""token_count"":2,""sequence_logprob"":-1.2079219818115234,""mean_token_logprob"":-0.6039609909057617,""token_logprobs"":[-1.2077807188034058,-0.00014125302550382912]},{""candidate"":""Trill"",""token_ids"":[1282,483],""token_count"":2,""sequence_logprob"":-5.01847505569458,""mean_token_logprob"":-2.50923752784729,""token_logprobs"":[-2.4577808380126953,-2.5606942176818848]},{""candidate"":""Tsik"",""token_ids"":[52793,1579],""token_count"":2,""sequence_logprob"":-3.145400047302246,""mean_token_logprob"":-1.572700023651123,""token_logprobs"":[-3.1452808380126953,-0.00011932138295378536]},{""candidate"":""Twitter"",""token_ids"":[24862],""token_count"":1,""sequence_logprob"":-0.9284530878067017,""mean_token_logprob"":-0.9284530878067017,""token_logprobs"":[-0.9284530878067017]}]",Seep,false
521545,Phee,Phee,1,6,audio_icl_candidate,candidate,,"[{""candidate"":""Infant Cry"",""token_ids"":[19433,517,42705],""token_count"":3,""sequence_logprob"":-4.9000654220581055,""mean_token_logprob"":-1.6333551406860352,""token_logprobs"":[-2.7324557304382324,-2.145764938177308e-06,-2.1676080226898193]},{""candidate"":""Phee"",""token_ids"":[47,49053],""token_count"":2,""sequence_logprob"":-2.4647064208984375,""mean_token_logprob"":-1.2323532104492188,""token_logprobs"":[-2.46456241607666,-0.00014411364099942148]},{""candidate"":""Seep"",""token_ids"":[1514,747],""token_count"":2,""sequence_logprob"":-1.1520955562591553,""mean_token_logprob"":-0.5760477781295776,""token_logprobs"":[-1.1520625352859497,-3.302042750874534e-05]},{""candidate"":""Trill"",""token_ids"":[1282,483],""token_count"":2,""sequence_logprob"":-5.246682167053223,""mean_token_logprob"":-2.6233410835266113,""token_logprobs"":[-2.15206241607666,-3.0946195125579834]},{""candidate"":""Tsik"",""token_ids"":[52793,1579],""token_count"":2,""sequence_logprob"":-2.8396685123443604,""mean_token_logprob"":-1.4198342561721802,""token_logprobs"":[-2.83956241607666,-0.00010609064338495955]},{""candidate"":""Twitter"",""token_ids"":[24862],""token_count"":1,""sequence_logprob"":-1.3525209426879883,""mean_token_logprob"":-1.3525209426879883,""token_logprobs"":[-1.3525209426879883]}]",Seep,false
52861,Trill,Trill,1,6,audio_icl_candidate,candidate,,"[{""candidate"":""Infant Cry"",""token_ids"":[19433,517,42705],""token_count"":3,""sequence_logprob"":-3.7229175567626953,""mean_token_logprob"":-1.2409725189208984,""token_logprobs"":[-3.72259521484375,-1.6689286894688848e-06,-0.00032062159152701497]},{""candidate"":""Phee"",""token_ids"":[47,49053],""token_count"":2,""sequence_logprob"":-2.0498316287994385,""mean_token_logprob"":-1.0249158143997192,""token_logprobs"":[-2.049748420715332,-8.332382276421413e-05]},{""candidate"":""Seep"",""token_ids"":[1514,747],""token_count"":2,""sequence_logprob"":-1.425018072128296,""mean_token_logprob"":-0.712509036064148,""token_logprobs"":[-1.4247485399246216,-0.0002694958820939064]},{""candidate"":""Trill"",""token_ids"":[1282,483],""token_count"":2,""sequence_logprob"":-7.140673637390137,""mean_token_logprob"":-3.5703368186950684,""token_logprobs"":[-2.799748420715332,-4.340925216674805]},{""candidate"":""Tsik"",""token_ids"":[52793,1579],""token_count"":2,""sequence_logprob"":-2.924884796142578,""mean_token_logprob"":-1.462442398071289,""token_logprobs"":[-2.924748420715332,-0.00013648532330989838]},{""candidate"":""Twitter"",""token_ids"":[24862],""token_count"":1,""sequence_logprob"":-0.7417459487915039,""mean_token_logprob"":-0.7417459487915039,""token_logprobs"":[-0.7417459487915039]}]",Seep,false
533988,Seep,Seep,1,6,audio_icl_candidate,candidate,,"[{""candidate"":""Infant Cry"",""token_ids"":[19433,517,42705],""token_count"":3,""sequence_logprob"":-3.341825008392334,""mean_token_logprob"":-1.1139416694641113,""token_logprobs"":[-3.3414950370788574,-1.4305104514278355e-06,-0.00032860602368600667]},{""candidate"":""Phee"",""token_ids"":[47,49053],""token_count"":2,""sequence_logprob"":-1.6360117197036743,""mean_token_logprob"":-0.8180058598518372,""token_logprobs"":[-1.6359336376190186,-7.807903602952138e-05]},{""candidate"":""Seep"",""token_ids"":[1514,747],""token_count"":2,""sequence_logprob"":-1.1986924409866333,""mean_token_logprob"":-0.5993462204933167,""token_logprobs"":[-1.1984336376190186,-0.00025876989820972085]},{""candidate"":""Trill"",""token_ids"":[1282,483],""token_count"":2,""sequence_logprob"":-6.532715797424316,""mean_token_logprob"":-3.266357898712158,""token_logprobs"":[-2.4484336376190186,-4.084281921386719]},{""candidate"":""Tsik"",""token_ids"":[52793,1579],""token_count"":2,""sequence_logprob"":-3.0735836029052734,""mean_token_logprob"":-1.5367918014526367,""token_logprobs"":[-3.0734336376190186,-0.00014995403762441128]},{""candidate"":""Twitter"",""token_ids"":[24862],""token_count"":1,""sequence_logprob"":-1.0357118844985962,""mean_token_logprob"":-1.0357118844985962,""token_logprobs"":[-1.0357118844985962]}]",Seep,true
54180,Phee,Phee,1,6,audio_icl_candidate,candidate,,"[{""candidate"":""Infant Cry"",""token_ids"":[19433,517,42705],""token_count"":3,""sequence_logprob"":-2.9464731216430664,""mean_token_logprob"":-0.9821577072143555,""token_logprobs"":[-2.9460391998291016,-3.2186455882765586e-06,-0.00043084874050691724]},{""candidate"":""Phee"",""token_ids"":[47,49053],""token_count"":2,""sequence_logprob"":-2.2931413650512695,""mean_token_logprob"":-1.1465706825256348,""token_logprobs"":[-2.2930009365081787,-0.00014053787162993103]},{""candidate"":""Seep"",""token_ids"":[1514,747],""token_count"":2,""sequence_logprob"":-1.4807629585266113,""mean_token_logprob"":-0.7403814792633057,""token_logprobs"":[-1.4805009365081787,-0.0002619877050165087]},{""candidate"":""Trill"",""token_ids"":[1282,483],""token_count"":2,""sequence_logprob"":-6.379746913909912,""mean_token_logprob"":-3.189873456954956,""token_logprobs"":[-2.4180009365081787,-3.9617459774017334]},{""candidate"":""Tsik"",""token_ids"":[52793,1579],""token_count"":2,""sequence_logprob"":-3.043116331100464,""mean_token_logprob"":-1.521558165550232,""token_logprobs"":[-3.0430009365081787,-0.00011538793478393927]},{""candidate"":""Twitter"",""token_ids"":[24862],""token_count"":1,""sequence_logprob"":-0.9410447478294373,""mean_token_logprob"":-0.9410447478294373,""token_logprobs"":[-0.9410447478294373]}]",Seep,false
547929,Twitter,Twitter,1,6,audio_icl_candidate,candidate,,"[{""candidate"":""Infant Cry"",""token_ids"":[19433,517,42705],""token_count"":3,""sequence_logprob"":-3.0395846366882324,""mean_token_logprob"":-1.0131948788960774,""token_logprobs"":[-3.039158582687378,-1.9073468138230965e-06,-0.00042417587246745825]},{""candidate"":""Phee"",""token_ids"":[47,49053],""token_count"":2,""sequence_logprob"":-2.3127946853637695,""mean_token_logprob"":-1.1563973426818848,""token_logprobs"":[-2.3127071857452393,-8.761498611420393e-05]},{""candidate"":""Seep"",""token_ids"":[1514,747],""token_count"":2,""sequence_logprob"":-1.3756853342056274,""mean_token_logprob"":-0.6878426671028137,""token_logprobs"":[-1.3752071857452393,-0.0004781533498317003]},{""candidate"":""Trill"",""token_ids"":[1282,483],""token_count"":2,""sequence_logprob"":-6.657288551330566,""mean_token_logprob"":-3.328644275665283,""token_logprobs"":[-2.1877071857452393,-4.469581604003906]},{""candidate"":""Tsik"",""token_ids"":[52793,1579],""token_count"":2,""sequence_logprob"":-2.6877822875976562,""mean_token_logprob"":-1.3438911437988281,""token_logprobs"":[-2.6877071857452393,-7.521823135903105e-05]},{""candidate"":""Twitter"",""token_ids"":[24862],""token_count"":1,""sequence_logprob"":-0.9828554391860962,""mean_token_logprob"":-0.9828554391860962,""token_logprobs"":[-0.9828554391860962]}]",Seep,false
547992,Phee,Phee,1,6,audio_icl_candidate,candidate,,"[{""candidate"":""Infant Cry"",""token_ids"":[19433,517,42705],""token_count"":3,""sequence_logprob"":-2.9938056468963623,""mean_token_logprob"":-0.9979352156321207,""token_logprobs"":[-2.7680373191833496,-9.536738616588991e-07,-0.22576728463172913]},{""candidate"":""Phee"",""token_ids"":[47,49053],""token_count"":2,""sequence_logprob"":-2.252444267272949,""mean_token_logprob"":-1.1262221336364746,""token_logprobs"":[-2.2523140907287598,-0.00013028726971242577]},{""candidate"":""Seep"",""token_ids"":[1514,747],""token_count"":2,""sequence_logprob"":-1.06485116481781,""mean_token_logprob"":-0.532425582408905,""token_logprobs"":[-1.0648140907287598,-3.707340147229843e-05]},{""candidate"":""Trill"",""token_ids"":[1282,483],""token_count"":2,""sequence_logprob"":-4.845096588134766,""mean_token_logprob"":-2.422548294067383,""token_logprobs"":[-2.3773140907287598,-2.467782735824585]},{""candidate"":""Tsik"",""token_ids"":[52793,1579],""token_count"":2,""sequence_logprob"":-2.8773813247680664,""mean_token_logprob"":-1.4386906623840332,""token_logprobs"":[-2.8773140907287598,-6.723177648382261e-05]},{""candidate"":""Twitter"",""token_ids"":[24862],""token_count"":1,""sequence_logprob"":-1.3538942337036133,""mean_token_logprob"":-1.3538942337036133,""token_logprobs"":[-1.3538942337036133]}]",Seep,false
548798,Trill,Trill,1,6,audio_icl_candidate,candidate,,"[{""candidate"":""Infant Cry"",""token_ids"":[19433,517,42705],""token_count"":3,""sequence_logprob"":-3.961329936981201,""mean_token_logprob"":-1.3204433123270671,""token_logprobs"":[-3.960981607437134,-1.0728830375228426e-06,-0.0003474347176961601]},{""candidate"":""Phee"",""token_ids"":[47,49053],""token_count"":2,""sequence_logprob"":-2.3441522121429443,""mean_token_logprob"":-1.1720761060714722,""token_logprobs"":[-2.3440661430358887,-8.606540359323844e-05]},{""candidate"":""Seep"",""token_ids"":[1514,747],""token_count"":2,""sequence_logprob"":-1.2817686796188354,""mean_token_logprob"":-0.6408843398094177,""token_logprobs"":[-1.2815662622451782,-0.00020239688456058502]},{""candidate"":""Trill"",""token_ids"":[1282,483],""token_count"":2,""sequence_logprob"":-6.86458683013916,""mean_token_logprob"":-3.43229341506958,""token_logprobs"":[-2.9690661430358887,-3.8955209255218506]},{""candidate"":""Tsik"",""token_ids"":[52793,1579],""token_count"":2,""sequence_logprob"":-2.844205379486084,""mean_token_logprob"":-1.422102689743042,""token_logprobs"":[-2.8440661430358887,-0.00013934595335740596]},{""candidate"":""Twitter"",""token_ids"":[24862],""token_count"":1,""sequence_logprob"":-0.6891980767250061,""mean_token_logprob"":-0.6891980767250061,""token_logprobs"":[-0.6891980767250061]}]",Seep,false
56195,Trill,Trill,1,6,audio_icl_candidate,candidate,,"[{""candidate"":""Infant Cry"",""token_ids"":[19433,517,42705],""token_count"":3,""sequence_logprob"":-3.853276252746582,""mean_token_logprob"":-1.284425417582194,""token_logprobs"":[-3.8529882431030273,-1.311301275563892e-06,-0.00028689560713246465]},{""candidate"":""Phee"",""token_ids"":[47,49053],""token_count"":2,""sequence_logprob"":-1.9472023248672485,""mean_token_logprob"":-0.9736011624336243,""token_logprobs"":[-1.9471079111099243,-9.440929716220126e-05]},{""candidate"":""Seep"",""token_ids"":[1514,747],""token_count"":2,""sequence_logprob"":-1.1975820064544678,""mean_token_logprob"":-0.5987910032272339,""token_logprobs"":[-1.1971079111099243,-0.0004741021548397839]},{""candidate"":""Trill"",""token_ids"":[1282,483],""token_count"":2,""sequence_logprob"":-6.914923191070557,""mean_token_logprob"":-3.4574615955352783,""token_logprobs"":[-2.6346077919006348,-4.280315399169922]},{""candidate"":""Tsik"",""token_ids"":[52793,1579],""token_count"":2,""sequence_logprob"":-2.884700059890747,""mean_token_logprob"":-1.4423500299453735,""token_logprobs"":[-2.8846077919006348,-9.226373367710039e-05]},{""candidate"":""Twitter"",""token_ids"":[24862],""token_count"":1,""sequence_logprob"":-0.8529955148696899,""mean_token_logprob"":-0.8529955148696899,""token_logprobs"":[-0.8529955148696899]}]",Seep,false
580149,Trill,Trill,1,6,audio_icl_candidate,candidate,,"[{""candidate"":""Infant Cry"",""token_ids"":[19433,517,42705],""token_count"":3,""sequence_logprob"":-4.106346130371094,""mean_token_logprob"":-1.3687820434570312,""token_logprobs"":[-2.8251900672912598,-4.768360213347478e-06,-1.281151533126831]},{""candidate"":""Phee"",""token_ids"":[47,49053],""token_count"":2,""sequence_logprob"":-2.0025343894958496,""mean_token_logprob"":-1.0012671947479248,""token_logprobs"":[-2.0023550987243652,-0.0001793938863556832]},{""candidate"":""Seep"",""token_ids"":[1514,747],""token_count"":2,""sequence_logprob"":-1.002480149269104,""mean_token_logprob"":-0.501240074634552,""token_logprobs"":[-1.0023552179336548,-0.00012492353562265635]},{""candidate"":""Trill"",""token_ids"":[1282,483],""token_count"":2,""sequence_logprob"":-5.895611763000488,""mean_token_logprob"":-2.947805881500244,""token_logprobs"":[-2.6898550987243652,-3.205756425857544]},{""candidate"":""Tsik"",""token_ids"":[52793,1579],""token_count"":2,""sequence_logprob"":-2.9400930404663086,""mean_token_logprob"":-1.4700465202331543,""token_logprobs"":[-2.9398550987243652,-0.00023803261865396053]},{""candidate"":""Twitter"",""token_ids"":[24862],""token_count"":1,""sequence_logprob"":-1.3553376197814941,""mean_token_logprob"":-1.3553376197814941,""token_logprobs"":[-1.3553376197814941]}]",Seep,false
580352,Phee,Phee,1,6,audio_icl_candidate,candidate,,"[{""candidate"":""Infant Cry"",""token_ids"":[19433,517,42705],""token_count"":3,""sequence_logprob"":-4.6267991065979,""mean_token_logprob"":-1.5422663688659668,""token_logprobs"":[-2.9990007877349854,-2.622600959512056e-06,-1.627795934677124]},{""candidate"":""Phee"",""token_ids"":[47,49053],""token_count"":2,""sequence_logprob"":-2.2975778579711914,""mean_token_logprob"":-1.1487889289855957,""token_logprobs"":[-2.2974019050598145,-0.0001760566228767857]},{""candidate"":""Seep"",""token_ids"":[1514,747],""token_count"":2,""sequence_logprob"":-1.1099677085876465,""mean_token_logprob"":-0.5549838542938232,""token_logprobs"":[-1.1099019050598145,-6.580135959666222e-05]},{""candidate"":""Trill"",""token_ids"":[1282,483],""token_count"":2,""sequence_logprob"":-5.092341423034668,""mean_token_logprob"":-2.546170711517334,""token_logprobs"":[-2.3599019050598145,-2.7324392795562744]},{""candidate"":""Tsik"",""token_ids"":[52793,1579],""token_count"":2,""sequence_logprob"":-2.9850571155548096,""mean_token_logprob"":-1.4925285577774048,""token_logprobs"":[-2.9849019050598145,-0.0001551984460093081]},{""candidate"":""Twitter"",""token_ids"":[24862],""token_count"":1,""sequence_logprob"":-1.1108163595199585,""mean_token_logprob"":-1.1108163595199585,""token_logprobs"":[-1.1108163595199585]}]",Seep,false
590590,Phee,Phee,1,6,audio_icl_candidate,candidate,,"[{""candidate"":""Infant Cry"",""token_ids"":[19433,517,42705],""token_count"":3,""sequence_logprob"":-2.8725879192352295,""mean_token_logprob"":-0.9575293064117432,""token_logprobs"":[-2.8721530437469482,-2.50339189733495e-06,-0.0004325169720686972]},{""candidate"":""Phee"",""token_ids"":[47,49053],""token_count"":2,""sequence_logprob"":-1.8673505783081055,""mean_token_logprob"":-0.9336752891540527,""token_logprobs"":[-1.8671562671661377,-0.00019429226813372225]},{""candidate"":""Seep"",""token_ids"":[1514,747],""token_count"":2,""sequence_logprob"":-1.9297322034835815,""mean_token_logprob"":-0.9648661017417908,""token_logprobs"":[-1.9296562671661377,-7.593343616463244e-05]},{""candidate"":""Trill"",""token_ids"":[1282,483],""token_count"":2,""sequence_logprob"":-6.550962448120117,""mean_token_logprob"":-3.2754812240600586,""token_logprobs"":[-2.3671562671661377,-4.183806419372559]},{""candidate"":""Tsik"",""token_ids"":[52793,1579],""token_count"":2,""sequence_logprob"":-2.6797523498535156,""mean_token_logprob"":-1.3398761749267578,""token_logprobs"":[-2.6796562671661377,-9.619726915843785e-05]},{""candidate"":""Twitter"",""token_ids"":[24862],""token_count"":1,""sequence_logprob"":-0.809134840965271,""mean_token_logprob"":-0.809134840965271,""token_logprobs"":[-0.809134840965271]}]",Twitter,false
592253,Trill,Trill,1,6,audio_icl_candidate,candidate,,"[{""candidate"":""Infant Cry"",""token_ids"":[19433,517,42705],""token_count"":3,""sequence_logprob"":-3.8918349742889404,""mean_token_logprob"":-1.2972783247629802,""token_logprobs"":[-3.891493082046509,-1.7881377516459906e-06,-0.0003401654539629817]},{""candidate"":""Phee"",""token_ids"":[47,49053],""token_count"":2,""sequence_logprob"":-2.377448797225952,""mean_token_logprob"":-1.188724398612976,""token_logprobs"":[-2.3773531913757324,-9.572047565598041e-05]},{""candidate"":""Seep"",""token_ids"":[1514,747],""token_count"":2,""sequence_logprob"":-1.3775469064712524,""mean_token_logprob"":-0.6887734532356262,""token_logprobs"":[-1.3773531913757324,-0.00019369633810129017]},{""candidate"":""Trill"",""token_ids"":[1282,483],""token_count"":2,""sequence_logprob"":-6.9053263664245605,""mean_token_logprob"":-3.4526631832122803,""token_logprobs"":[-2.5648531913757324,-4.340473175048828]},{""candidate"":""Tsik"",""token_ids"":[52793,1579],""token_count"":2,""sequence_logprob"":-2.752450704574585,""mean_token_logprob"":-1.3762253522872925,""token_logprobs"":[-2.7523531913757324,-9.762764238985255e-05]},{""candidate"":""Twitter"",""token_ids"":[24862],""token_count"":1,""sequence_logprob"":-0.7431233525276184,""mean_token_logprob"":-0.7431233525276184,""token_logprobs"":[-0.7431233525276184]}]",Seep,false
592286,Twitter,Twitter,1,6,audio_icl_candidate,candidate,,"[{""candidate"":""Infant Cry"",""token_ids"":[19433,517,42705],""token_count"":3,""sequence_logprob"":-3.5389044284820557,""mean_token_logprob"":-1.1796348094940186,""token_logprobs"":[-3.2785539627075195,-3.099436753473128e-06,-0.2603473663330078]},{""candidate"":""Phee"",""token_ids"":[47,49053],""token_count"":2,""sequence_logprob"":-2.5789589881896973,""mean_token_logprob"":-1.2894794940948486,""token_logprobs"":[-2.578796625137329,-0.00016234986833296716]},{""candidate"":""Seep"",""token_ids"":[1514,747],""token_count"":2,""sequence_logprob"":-0.7663258910179138,""mean_token_logprob"":-0.3831629455089569,""token_logprobs"":[-0.7662966847419739,-2.9205850296420977e-05]},{""candidate"":""Trill"",""token_ids"":[1282,483],""token_count"":2,""sequence_logprob"":-6.112570762634277,""mean_token_logprob"":-3.0562853813171387,""token_logprobs"":[-2.703796625137329,-3.408773899078369]},{""candidate"":""Tsik"",""token_ids"":[52793,1579],""token_count"":2,""sequence_logprob"":-2.9538729190826416,""mean_token_logprob"":-1.4769364595413208,""token_logprobs"":[-2.953796625137329,-7.64102369430475e-05]},{""candidate"":""Twitter"",""token_ids"":[24862],""token_count"":1,""sequence_logprob"":-1.2222681045532227,""mean_token_logprob"":-1.2222681045532227,""token_logprobs"":[-1.2222681045532227]}]",Seep,false
595018,Trill,Trill,1,6,audio_icl_candidate,candidate,,"[{""candidate"":""Infant Cry"",""token_ids"":[19433,517,42705],""token_count"":3,""sequence_logprob"":-3.40842604637146,""mean_token_logprob"":-1.1361420154571533,""token_logprobs"":[-3.4080612659454346,-2.264974000354414e-06,-0.0003625689132604748]},{""candidate"":""Phee"",""token_ids"":[47,49053],""token_count"":2,""sequence_logprob"":-2.0803701877593994,""mean_token_logprob"":-1.0401850938796997,""token_logprobs"":[-2.0802807807922363,-8.95221673999913e-05]},{""candidate"":""Seep"",""token_ids"":[1514,747],""token_count"":2,""sequence_logprob"":-0.8930463194847107,""mean_token_logprob"":-0.44652315974235535,""token_logprobs"":[-0.8927809000015259,-0.00026544384309090674]},{""candidate"":""Trill"",""token_ids"":[1282,483],""token_count"":2,""sequence_logprob"":-6.671806812286377,""mean_token_logprob"":-3.3359034061431885,""token_logprobs"":[-2.5802807807922363,-4.091526031494141]},{""candidate"":""Tsik"",""token_ids"":[52793,1579],""token_count"":2,""sequence_logprob"":-2.9554593563079834,""mean_token_logprob"":-1.4777296781539917,""token_logprobs"":[-2.9552807807922363,-0.00017867876158561558]},{""candidate"":""Twitter"",""token_ids"":[24862],""token_count"":1,""sequence_logprob"":-1.302929162979126,""mean_token_logprob"":-1.302929162979126,""token_logprobs"":[-1.302929162979126]}]",Seep,false
598116,Twitter,Twitter,1,6,audio_icl_candidate,candidate,,"[{""candidate"":""Infant Cry"",""token_ids"":[19433,517,42705],""token_count"":3,""sequence_logprob"":-3.673797845840454,""mean_token_logprob"":-1.224599281946818,""token_logprobs"":[-3.38525128364563,-3.099436753473128e-06,-0.28854334354400635]},{""candidate"":""Phee"",""token_ids"":[47,49053],""token_count"":2,""sequence_logprob"":-2.496042013168335,""mean_token_logprob"":-1.2480210065841675,""token_logprobs"":[-2.495854139328003,-0.00018785618885885924]},{""candidate"":""Seep"",""token_ids"":[1514,747],""token_count"":2,""sequence_logprob"":-1.4334214925765991,""mean_token_logprob"":-0.7167107462882996,""token_logprobs"":[-1.433354139328003,-6.735097849741578e-05]},{""candidate"":""Trill"",""token_ids"":[1282,483],""token_count"":2,""sequence_logprob"":-5.427846908569336,""mean_token_logprob"":-2.713923454284668,""token_logprobs"":[-2.620854139328003,-2.806992530822754]},{""candidate"":""Tsik"",""token_ids"":[52793,1579],""token_count"":2,""sequence_logprob"":-2.995997667312622,""mean_token_logprob"":-1.497998833656311,""token_logprobs"":[-2.995854139328003,-0.00014351768186315894]},{""candidate"":""Twitter"",""token_ids"":[24862],""token_count"":1,""sequence_logprob"":-0.7713871002197266,""mean_token_logprob"":-0.7713871002197266,""token_logprobs"":[-0.7713871002197266]}]",Seep,false
598781,Twitter,Twitter,1,6,audio_icl_candidate,candidate,,"[{""candidate"":""Infant Cry"",""token_ids"":[19433,517,42705],""token_count"":3,""sequence_logprob"":-2.9289205074310303,""mean_token_logprob"":-0.9763068358103434,""token_logprobs"":[-2.9284775257110596,-1.9073468138230965e-06,-0.0004409771354403347]},{""candidate"":""Phee"",""token_ids"":[47,49053],""token_count"":2,""sequence_logprob"":-2.440704107284546,""mean_token_logprob"":-1.220352053642273,""token_logprobs"":[-2.4405899047851562,-0.00011431517486926168]},{""candidate"":""Seep"",""token_ids"":[1514,747],""token_count"":2,""sequence_logprob"":-1.0656594038009644,""mean_token_logprob"":-0.5328297019004822,""token_logprobs"":[-1.0655897855758667,-6.961580220377073e-05]},{""candidate"":""Trill"",""token_ids"":[1282,483],""token_count"":2,""sequence_logprob"":-6.351744651794434,""mean_token_logprob"":-3.175872325897217,""token_logprobs"":[-2.4405899047851562,-3.9111549854278564]},{""candidate"":""Tsik"",""token_ids"":[52793,1579],""token_count"":2,""sequence_logprob"":-2.6907126903533936,""mean_token_logprob"":-1.3453563451766968,""token_logprobs"":[-2.6905899047851562,-0.0001227780303452164]},{""candidate"":""Twitter"",""token_ids"":[24862],""token_count"":1,""sequence_logprob"":-1.1689057350158691,""mean_token_logprob"":-1.1689057350158691,""token_logprobs"":[-1.1689057350158691]}]",Seep,false
609454,Infant Cry,Infant Cry,1,6,audio_icl_candidate,candidate,,"[{""candidate"":""Infant Cry"",""token_ids"":[19433,517,42705],""token_count"":3,""sequence_logprob"":-3.397496461868286,""mean_token_logprob"":-1.132498820622762,""token_logprobs"":[-3.3971121311187744,-2.7418097943154862e-06,-0.0003817544784396887]},{""candidate"":""Phee"",""token_ids"":[47,49053],""token_count"":2,""sequence_logprob"":-2.3739330768585205,""mean_token_logprob"":-1.1869665384292603,""token_logprobs"":[-2.3738508224487305,-8.225102646974847e-05]},{""candidate"":""Seep"",""token_ids"":[1514,747],""token_count"":2,""sequence_logprob"":-1.4368146657943726,""mean_token_logprob"":-0.7184073328971863,""token_logprobs"":[-1.4363508224487305,-0.0004638549580704421]},{""candidate"":""Trill"",""token_ids"":[1282,483],""token_count"":2,""sequence_logprob"":-6.688955307006836,""mean_token_logprob"":-3.344477653503418,""token_logprobs"":[-2.5613508224487305,-4.1276044845581055]},{""candidate"":""Tsik"",""token_ids"":[52793,1579],""token_count"":2,""sequence_logprob"":-2.4992318153381348,""mean_token_logprob"":-1.2496159076690674,""token_logprobs"":[-2.4988508224487305,-0.0003810394846368581]},{""candidate"":""Twitter"",""token_ids"":[24862],""token_count"":1,""sequence_logprob"":-0.8457401394844055,""mean_token_logprob"":-0.8457401394844055,""token_logprobs"":[-0.8457401394844055]}]",Seep,false
610080,Tsik,Tsik,1,6,audio_icl_candidate,candidate,,"[{""candidate"":""Infant Cry"",""token_ids"":[19433,517,42705],""token_count"":3,""sequence_logprob"":-3.244622230529785,""mean_token_logprob"":-1.0815407435099285,""token_logprobs"":[-3.243799924850464,-7.390948667307384e-06,-0.0008148210472427309]},{""candidate"":""Phee"",""token_ids"":[47,49053],""token_count"":2,""sequence_logprob"":-2.662630319595337,""mean_token_logprob"":-1.3313151597976685,""token_logprobs"":[-2.662442207336426,-0.00018809456378221512]},{""candidate"":""Seep"",""token_ids"":[1514,747],""token_count"":2,""sequence_logprob"":-1.912515640258789,""mean_token_logprob"":-0.9562578201293945,""token_logprobs"":[-1.9124422073364258,-7.343022298300639e-05]},{""candidate"":""Trill"",""token_ids"":[1282,483],""token_count"":2,""sequence_logprob"":-6.689981460571289,""mean_token_logprob"":-3.3449907302856445,""token_logprobs"":[-2.537442207336426,-4.152539253234863]},{""candidate"":""Tsik"",""token_ids"":[52793,1579],""token_count"":2,""sequence_logprob"":-2.412641763687134,""mean_token_logprob"":-1.206320881843567,""token_logprobs"":[-2.412442207336426,-0.00019965562387369573]},{""candidate"":""Twitter"",""token_ids"":[24862],""token_count"":1,""sequence_logprob"":-0.7698235511779785,""mean_token_logprob"":-0.7698235511779785,""token_logprobs"":[-0.7698235511779785]}]",Twitter,false
614582,Tsik,Tsik,1,6,audio_icl_candidate,candidate,,"[{""candidate"":""Infant Cry"",""token_ids"":[19433,517,42705],""token_count"":3,""sequence_logprob"":-2.8161394596099854,""mean_token_logprob"":-0.9387131532033285,""token_logprobs"":[-2.8153913021087646,-6.318072337307967e-06,-0.0007419217727147043]},{""candidate"":""Phee"",""token_ids"":[47,49053],""token_count"":2,""sequence_logprob"":-2.541534662246704,""mean_token_logprob"":-1.270767331123352,""token_logprobs"":[-2.5413784980773926,-0.00015627116954419762]},{""candidate"":""Seep"",""token_ids"":[1514,747],""token_count"":2,""sequence_logprob"":-1.6039620637893677,""mean_token_logprob"":-0.8019810318946838,""token_logprobs"":[-1.603878378868103,-8.368142152903602e-05]},{""candidate"":""Trill"",""token_ids"":[1282,483],""token_count"":2,""sequence_logprob"":-6.5993123054504395,""mean_token_logprob"":-3.2996561527252197,""token_logprobs"":[-2.1663784980773926,-4.432933807373047]},{""candidate"":""Tsik"",""token_ids"":[52793,1579],""token_count"":2,""sequence_logprob"":-2.541494846343994,""mean_token_logprob"":-1.270747423171997,""token_logprobs"":[-2.5413784980773926,-0.00011634149996098131]},{""candidate"":""Twitter"",""token_ids"":[24862],""token_count"":1,""sequence_logprob"":-0.9111173152923584,""mean_token_logprob"":-0.9111173152923584,""token_logprobs"":[-0.9111173152923584]}]",Seep,false
614794,Tsik,Tsik,1,6,audio_icl_candidate,candidate,,"[{""candidate"":""Infant Cry"",""token_ids"":[19433,517,42705],""token_count"":3,""sequence_logprob"":-2.5748531818389893,""mean_token_logprob"":-0.8582843939463297,""token_logprobs"":[-2.5741477012634277,-3.4570634852570947e-06,-0.0007021345663815737]},{""candidate"":""Phee"",""token_ids"":[47,49053],""token_count"":2,""sequence_logprob"":-2.7245988845825195,""mean_token_logprob"":-1.3622994422912598,""token_logprobs"":[-2.7244491577148438,-0.00014983485743869096]},{""candidate"":""Seep"",""token_ids"":[1514,747],""token_count"":2,""sequence_logprob"":-1.6620017290115356,""mean_token_logprob"":-0.8310008645057678,""token_logprobs"":[-1.6619491577148438,-5.2569914259947836e-05]},{""candidate"":""Trill"",""token_ids"":[1282,483],""token_count"":2,""sequence_logprob"":-6.705394744873047,""mean_token_logprob"":-3.3526973724365234,""token_logprobs"":[-1.9744491577148438,-4.730945587158203]},{""candidate"":""Tsik"",""token_ids"":[52793,1579],""token_count"":2,""sequence_logprob"":-2.3495614528656006,""mean_token_logprob"":-1.1747807264328003,""token_logprobs"":[-2.3494491577148438,-0.00011228884250158444]},{""candidate"":""Twitter"",""token_ids"":[24862],""token_count"":1,""sequence_logprob"":-1.1036566495895386,""mean_token_logprob"":-1.1036566495895386,""token_logprobs"":[-1.1036566495895386]}]",Seep,false
622260,Twitter,Twitter,1,6,audio_icl_candidate,candidate,,"[{""candidate"":""Infant Cry"",""token_ids"":[19433,517,42705],""token_count"":3,""sequence_logprob"":-3.1898016929626465,""mean_token_logprob"":-1.0632672309875488,""token_logprobs"":[-2.6555063724517822,-1.4305104514278355e-06,-0.5342940092086792]},{""candidate"":""Phee"",""token_ids"":[47,49053],""token_count"":2,""sequence_logprob"":-2.237504720687866,""mean_token_logprob"":-1.118752360343933,""token_logprobs"":[-2.237396717071533,-0.0001081169830285944]},{""candidate"":""Seep"",""token_ids"":[1514,747],""token_count"":2,""sequence_logprob"":-1.1749310493469238,""mean_token_logprob"":-0.5874655246734619,""token_logprobs"":[-1.1748965978622437,-3.4450891689630225e-05]},{""candidate"":""Trill"",""token_ids"":[1282,483],""token_count"":2,""sequence_logprob"":-5.846875190734863,""mean_token_logprob"":-2.9234375953674316,""token_logprobs"":[-2.174896717071533,-3.671978712081909]},{""candidate"":""Tsik"",""token_ids"":[52793,1579],""token_count"":2,""sequence_logprob"":-2.675016403198242,""mean_token_logprob"":-1.337508201599121,""token_logprobs"":[-2.674896717071533,-0.00011967896716669202]},{""candidate"":""Twitter"",""token_ids"":[24862],""token_count"":1,""sequence_logprob"":-1.6207867860794067,""mean_token_logprob"":-1.6207867860794067,""token_logprobs"":[-1.6207867860794067]}]",Seep,false
622312,Tsik,Tsik,1,6,audio_icl_candidate,candidate,,"[{""candidate"":""Infant Cry"",""token_ids"":[19433,517,42705],""token_count"":3,""sequence_logprob"":-2.913951873779297,""mean_token_logprob"":-0.9713172912597656,""token_logprobs"":[-2.9133400917053223,-2.3841830625315197e-06,-0.0006093314150348306]},{""candidate"":""Phee"",""token_ids"":[47,49053],""token_count"":2,""sequence_logprob"":-2.697441339492798,""mean_token_logprob"":-1.348720669746399,""token_logprobs"":[-2.6972529888153076,-0.000188332938705571]},{""candidate"":""Seep"",""token_ids"":[1514,747],""token_count"":2,""sequence_logprob"":-1.6348209381103516,""mean_token_logprob"":-0.8174104690551758,""token_logprobs"":[-1.6347529888153076,-6.794698856538162e-05]},{""candidate"":""Trill"",""token_ids"":[1282,483],""token_count"":2,""sequence_logprob"":-6.855079650878906,""mean_token_logprob"":-3.427539825439453,""token_logprobs"":[-2.4472529888153076,-4.4078264236450195]},{""candidate"":""Tsik"",""token_ids"":[52793,1579],""token_count"":2,""sequence_logprob"":-2.6974430084228516,""mean_token_logprob"":-1.3487215042114258,""token_logprobs"":[-2.6972529888153076,-0.00019012074335478246]},{""candidate"":""Twitter"",""token_ids"":[24862],""token_count"":1,""sequence_logprob"":-0.7922601699829102,""mean_token_logprob"":-0.7922601699829102,""token_logprobs"":[-0.7922601699829102]}]",Twitter,false
622320,Trill,Trill,1,6,audio_icl_candidate,candidate,,"[{""candidate"":""Infant Cry"",""token_ids"":[19433,517,42705],""token_count"":3,""sequence_logprob"":-3.44433331489563,""mean_token_logprob"":-1.14811110496521,""token_logprobs"":[-3.4438953399658203,-1.9073468138230965e-06,-0.000436091679148376]},{""candidate"":""Phee"",""token_ids"":[47,49053],""token_count"":2,""sequence_logprob"":-2.2656545639038086,""mean_token_logprob"":-1.1328272819519043,""token_logprobs"":[-2.265540838241577,-0.00011383838864276186]},{""candidate"":""Seep"",""token_ids"":[1514,747],""token_count"":2,""sequence_logprob"":-1.4532610177993774,""mean_token_logprob"":-0.7266305088996887,""token_logprobs"":[-1.4530408382415771,-0.00022015532886143774]},{""candidate"":""Trill"",""token_ids"":[1282,483],""token_count"":2,""sequence_logprob"":-6.786701202392578,""mean_token_logprob"":-3.393350601196289,""token_logprobs"":[-2.453040838241577,-4.33366060256958]},{""candidate"":""Tsik"",""token_ids"":[52793,1579],""token_count"":2,""sequence_logprob"":-2.640667676925659,""mean_token_logprob"":-1.3203338384628296,""token_logprobs"":[-2.640540838241577,-0.00012683063687290996]},{""candidate"":""Twitter"",""token_ids"":[24862],""token_count"":1,""sequence_logprob"":-0.8126799464225769,""mean_token_logprob"":-0.8126799464225769,""token_logprobs"":[-0.8126799464225769]}]",Seep,false
622417,Seep,Seep,1,6,audio_icl_candidate,candidate,,"[{""candidate"":""Infant Cry"",""token_ids"":[19433,517,42705],""token_count"":3,""sequence_logprob"":-2.850339651107788,""mean_token_logprob"":-0.9501132170359293,""token_logprobs"":[-2.849989175796509,-1.5497195136049413e-06,-0.0003491030656732619]},{""candidate"":""Phee"",""token_ids"":[47,49053],""token_count"":2,""sequence_logprob"":-2.863809108734131,""mean_token_logprob"":-1.4319045543670654,""token_logprobs"":[-2.8636600971221924,-0.00014911970356479287]},{""candidate"":""Seep"",""token_ids"":[1514,747],""token_count"":2,""sequence_logprob"":-1.8637231588363647,""mean_token_logprob"":-0.9318615794181824,""token_logprobs"":[-1.8636600971221924,-6.305972783593461e-05]},{""candidate"":""Trill"",""token_ids"":[1282,483],""token_count"":2,""sequence_logprob"":-6.299018859863281,""mean_token_logprob"":-3.1495094299316406,""token_logprobs"":[-2.1761600971221924,-4.122859001159668]},{""candidate"":""Tsik"",""token_ids"":[52793,1579],""token_count"":2,""sequence_logprob"":-2.613922595977783,""mean_token_logprob"":-1.3069612979888916,""token_logprobs"":[-2.6136600971221924,-0.00026258357684127986]},{""candidate"":""Twitter"",""token_ids"":[24862],""token_count"":1,""sequence_logprob"":-0.7029330730438232,""mean_token_logprob"":-0.7029330730438232,""token_logprobs"":[-0.7029330730438232]}]",Twitter,false
622758,Twitter,Twitter,1,6,audio_icl_candidate,candidate,,"[{""candidate"":""Infant Cry"",""token_ids"":[19433,517,42705],""token_count"":3,""sequence_logprob"":-4.163051605224609,""mean_token_logprob"":-1.3876838684082031,""token_logprobs"":[-3.0384130477905273,-2.145764938177308e-06,-1.1246364116668701]},{""candidate"":""Phee"",""token_ids"":[47,49053],""token_count"":2,""sequence_logprob"":-2.4616622924804688,""mean_token_logprob"":-1.2308311462402344,""token_logprobs"":[-2.461463689804077,-0.00019870213873218745]},{""candidate"":""Seep"",""token_ids"":[1514,747],""token_count"":2,""sequence_logprob"":-1.1490123271942139,""mean_token_logprob"":-0.5745061635971069,""token_logprobs"":[-1.1489636898040771,-4.8636207793606445e-05]},{""candidate"":""Trill"",""token_ids"":[1282,483],""token_count"":2,""sequence_logprob"":-5.464369297027588,""mean_token_logprob"":-2.732184648513794,""token_logprobs"":[-2.523963689804077,-2.9404056072235107]},{""candidate"":""Tsik"",""token_ids"":[52793,1579],""token_count"":2,""sequence_logprob"":-2.8367137908935547,""mean_token_logprob"":-1.4183568954467773,""token_logprobs"":[-2.836463689804077,-0.00025018901214934886]},{""candidate"":""Twitter"",""token_ids"":[24862],""token_count"":1,""sequence_logprob"":-1.0599732398986816,""mean_token_logprob"":-1.0599732398986816,""token_logprobs"":[-1.0599732398986816]}]",Seep,false
623382,Seep,Seep,1,6,audio_icl_candidate,candidate,,"[{""candidate"":""Infant Cry"",""token_ids"":[19433,517,42705],""token_count"":3,""sequence_logprob"":-2.9003114700317383,""mean_token_logprob"":-0.9667704900105795,""token_logprobs"":[-2.899688720703125,-3.2186455882765586e-06,-0.000619696278590709]},{""candidate"":""Phee"",""token_ids"":[47,49053],""token_count"":2,""sequence_logprob"":-2.4333994388580322,""mean_token_logprob"":-1.2166997194290161,""token_logprobs"":[-2.4332945346832275,-0.00010489867418073118]},{""candidate"":""Seep"",""token_ids"":[1514,747],""token_count"":2,""sequence_logprob"":-1.933376431465149,""mean_token_logprob"":-0.9666882157325745,""token_logprobs"":[-1.9332945346832275,-8.189342770492658e-05]},{""candidate"":""Trill"",""token_ids"":[1282,483],""token_count"":2,""sequence_logprob"":-6.325058937072754,""mean_token_logprob"":-3.162529468536377,""token_logprobs"":[-2.2457945346832275,-4.0792646408081055]},{""candidate"":""Tsik"",""token_ids"":[52793,1579],""token_count"":2,""sequence_logprob"":-2.3084917068481445,""mean_token_logprob"":-1.1542458534240723,""token_logprobs"":[-2.3082945346832275,-0.0001971527235582471]},{""candidate"":""Twitter"",""token_ids"":[24862],""token_count"":1,""sequence_logprob"":-0.8906145095825195,""mean_token_logprob"":-0.8906145095825195,""token_logprobs"":[-0.8906145095825195]}]",Twitter,false
623573,Twitter,Twitter,1,6,audio_icl_candidate,candidate,,"[{""candidate"":""Infant Cry"",""token_ids"":[19433,517,42705],""token_count"":3,""sequence_logprob"":-3.0425949096679688,""mean_token_logprob"":-1.0141983032226562,""token_logprobs"":[-3.0422277450561523,-2.0265558760002023e-06,-0.00036530973738990724]},{""candidate"":""Phee"",""token_ids"":[47,49053],""token_count"":2,""sequence_logprob"":-2.179324150085449,""mean_token_logprob"":-1.0896620750427246,""token_logprobs"":[-2.1792097091674805,-0.00011455356434453279]},{""candidate"":""Seep"",""token_ids"":[1514,747],""token_count"":2,""sequence_logprob"":-1.366821527481079,""mean_token_logprob"":-0.6834107637405396,""token_logprobs"":[-1.3667097091674805,-0.00011181206355104223]},{""candidate"":""Trill"",""token_ids"":[1282,483],""token_count"":2,""sequence_logprob"":-6.711823463439941,""mean_token_logprob"":-3.3559117317199707,""token_logprobs"":[-2.3667097091674805,-4.345113754272461]},{""candidate"":""Tsik"",""token_ids"":[52793,1579],""token_count"":2,""sequence_logprob"":-2.6168313026428223,""mean_token_logprob"":-1.3084156513214111,""token_logprobs"":[-2.6167097091674805,-0.00012158608296886086]},{""candidate"":""Twitter"",""token_ids"":[24862],""token_count"":1,""sequence_logprob"":-1.2008399963378906,""mean_token_logprob"":-1.2008399963378906,""token_logprobs"":[-1.2008399963378906]}]",Seep,false
623621,Seep,Seep,1,6,audio_icl_candidate,candidate,,"[{""candidate"":""Infant Cry"",""token_ids"":[19433,517,42705],""token_count"":3,""sequence_logprob"":-3.097726821899414,""mean_token_logprob"":-1.0325756072998047,""token_logprobs"":[-3.097212553024292,-5.722029527532868e-06,-0.0005085367010906339]},{""candidate"":""Phee"",""token_ids"":[47,49053],""token_count"":2,""sequence_logprob"":-2.926100492477417,""mean_token_logprob"":-1.4630502462387085,""token_logprobs"":[-2.9259743690490723,-0.0001262346631847322]},{""candidate"":""Seep"",""token_ids"":[1514,747],""token_count"":2,""sequence_logprob"":-1.551032304763794,""mean_token_logprob"":-0.775516152381897,""token_logprobs"":[-1.5509742498397827,-5.8053239627042785e-05]},{""candidate"":""Trill"",""token_ids"":[1282,483],""token_count"":2,""sequence_logprob"":-6.318789958953857,""mean_token_logprob"":-3.1593949794769287,""token_logprobs"":[-2.1134743690490723,-4.205315589904785]},{""candidate"":""Tsik"",""token_ids"":[52793,1579],""token_count"":2,""sequence_logprob"":-2.7389075756073,""mean_token_logprob"":-1.36945378780365,""token_logprobs"":[-2.7384743690490723,-0.000433112756581977]},{""candidate"":""Twitter"",""token_ids"":[24862],""token_count"":1,""sequence_logprob"":-0.7551923394203186,""mean_token_logprob"":-0.7551923394203186,""token_logprobs"":[-0.7551923394203186]}]",Twitter,false
623676,Infant Cry,Infant Cry,1,6,audio_icl_candidate,candidate,,"[{""candidate"":""Infant Cry"",""token_ids"":[19433,517,42705],""token_count"":3,""sequence_logprob"":-3.0962488651275635,""mean_token_logprob"":-1.0320829550425212,""token_logprobs"":[-3.095754623413086,-2.50339189733495e-06,-0.000491855782456696]},{""candidate"":""Phee"",""token_ids"":[47,49053],""token_count"":2,""sequence_logprob"":-2.5756783485412598,""mean_token_logprob"":-1.2878391742706299,""token_logprobs"":[-2.57560133934021,-7.712543447269127e-05]},{""candidate"":""Seep"",""token_ids"":[1514,747],""token_count"":2,""sequence_logprob"":-1.1385464668273926,""mean_token_logprob"":-0.5692732334136963,""token_logprobs"":[-1.13810133934021,-0.0004451475979294628]},{""candidate"":""Trill"",""token_ids"":[1282,483],""token_count"":2,""sequence_logprob"":-6.62374210357666,""mean_token_logprob"":-3.31187105178833,""token_logprobs"":[-2.45060133934021,-4.173141002655029]},{""candidate"":""Tsik"",""token_ids"":[52793,1579],""token_count"":2,""sequence_logprob"":-2.6384918689727783,""mean_token_logprob"":-1.3192459344863892,""token_logprobs"":[-2.63810133934021,-0.00039057256071828306]},{""candidate"":""Twitter"",""token_ids"":[24862],""token_count"":1,""sequence_logprob"":-1.106823205947876,""mean_token_logprob"":-1.106823205947876,""token_logprobs"":[-1.106823205947876]}]",Seep,false
623691,Infant Cry,Infant Cry,1,6,audio_icl_candidate,candidate,,"[{""candidate"":""Infant Cry"",""token_ids"":[19433,517,42705],""token_count"":3,""sequence_logprob"":-3.67276668548584,""mean_token_logprob"":-1.2242555618286133,""token_logprobs"":[-3.6724190711975098,-2.145764938177308e-06,-0.0003455280384514481]},{""candidate"":""Phee"",""token_ids"":[47,49053],""token_count"":2,""sequence_logprob"":-2.547849655151367,""mean_token_logprob"":-1.2739248275756836,""token_logprobs"":[-2.5477547645568848,-9.500529267825186e-05]},{""candidate"":""Seep"",""token_ids"":[1514,747],""token_count"":2,""sequence_logprob"":-1.54829740524292,""mean_token_logprob"":-0.77414870262146,""token_logprobs"":[-1.5477546453475952,-0.0005427317810244858]},{""candidate"":""Trill"",""token_ids"":[1282,483],""token_count"":2,""sequence_logprob"":-6.987824440002441,""mean_token_logprob"":-3.4939122200012207,""token_logprobs"":[-2.6727547645568848,-4.315069675445557]},{""candidate"":""Tsik"",""token_ids"":[52793,1579],""token_count"":2,""sequence_logprob"":-2.5481624603271484,""mean_token_logprob"":-1.2740812301635742,""token_logprobs"":[-2.5477547645568848,-0.0004076126788277179]},{""candidate"":""Twitter"",""token_ids"":[24862],""token_count"":1,""sequence_logprob"":-0.8353818655014038,""mean_token_logprob"":-0.8353818655014038,""token_logprobs"":[-0.8353818655014038]}]",Seep,false
623713,Seep,Seep,1,6,audio_icl_candidate,candidate,,"[{""candidate"":""Infant Cry"",""token_ids"":[19433,517,42705],""token_count"":3,""sequence_logprob"":-2.871569871902466,""mean_token_logprob"":-0.9571899573008219,""token_logprobs"":[-2.870985984802246,-4.410734163684538e-06,-0.000579546787776053]},{""candidate"":""Phee"",""token_ids"":[47,49053],""token_count"":2,""sequence_logprob"":-2.727736711502075,""mean_token_logprob"":-1.3638683557510376,""token_logprobs"":[-2.727546215057373,-0.00019059749320149422]},{""candidate"":""Seep"",""token_ids"":[1514,747],""token_count"":2,""sequence_logprob"":-1.5401031970977783,""mean_token_logprob"":-0.7700515985488892,""token_logprobs"":[-1.540046215057373,-5.6980417866725475e-05]},{""candidate"":""Trill"",""token_ids"":[1282,483],""token_count"":2,""sequence_logprob"":-6.4528937339782715,""mean_token_logprob"":-3.2264468669891357,""token_logprobs"":[-2.227546215057373,-4.225347518920898]},{""candidate"":""Tsik"",""token_ids"":[52793,1579],""token_count"":2,""sequence_logprob"":-2.7278549671173096,""mean_token_logprob"":-1.3639274835586548,""token_logprobs"":[-2.727546215057373,-0.00030882356804795563]},{""candidate"":""Twitter"",""token_ids"":[24862],""token_count"":1,""sequence_logprob"":-0.9348793625831604,""mean_token_logprob"":-0.9348793625831604,""token_logprobs"":[-0.9348793625831604]}]",Seep,true
623831,Tsik,Tsik,1,6,audio_icl_candidate,candidate,,"[{""candidate"":""Infant Cry"",""token_ids"":[19433,517,42705],""token_count"":3,""sequence_logprob"":-3.0714426040649414,""mean_token_logprob"":-1.0238142013549805,""token_logprobs"":[-3.070748805999756,-4.410734163684538e-06,-0.0006895071710459888]},{""candidate"":""Phee"",""token_ids"":[47,49053],""token_count"":2,""sequence_logprob"":-2.822216033935547,""mean_token_logprob"":-1.4111080169677734,""token_logprobs"":[-2.8220062255859375,-0.00020990552729927003]},{""candidate"":""Seep"",""token_ids"":[1514,747],""token_count"":2,""sequence_logprob"":-1.8222389221191406,""mean_token_logprob"":-0.9111194610595703,""token_logprobs"":[-1.8220062255859375,-0.00023266946664080024]},{""candidate"":""Trill"",""token_ids"":[1282,483],""token_count"":2,""sequence_logprob"":-7.04962158203125,""mean_token_logprob"":-3.524810791015625,""token_logprobs"":[-2.5095062255859375,-4.5401153564453125]},{""candidate"":""Tsik"",""token_ids"":[52793,1579],""token_count"":2,""sequence_logprob"":-2.697268486022949,""mean_token_logprob"":-1.3486342430114746,""token_logprobs"":[-2.6970062255859375,-0.0002623452164698392]},{""candidate"":""Twitter"",""token_ids"":[24862],""token_count"":1,""sequence_logprob"":-0.6962104439735413,""mean_token_logprob"":-0.6962104439735413,""token_logprobs"":[-0.6962104439735413]}]",Twitter,false
624179,Twitter,Twitter,1,6,audio_icl_candidate,candidate,,"[{""candidate"":""Infant Cry"",""token_ids"":[19433,517,42705],""token_count"":3,""sequence_logprob"":-5.001359939575195,""mean_token_logprob"":-1.6671199798583984,""token_logprobs"":[-3.414999008178711,-2.145764938177308e-06,-1.5863590240478516]},{""candidate"":""Phee"",""token_ids"":[47,49053],""token_count"":2,""sequence_logprob"":-2.4984078407287598,""mean_token_logprob"":-1.2492039203643799,""token_logprobs"":[-2.4983181953430176,-8.976056415122002e-05]},{""candidate"":""Seep"",""token_ids"":[1514,747],""token_count"":2,""sequence_logprob"":-0.8733463287353516,""mean_token_logprob"":-0.4366731643676758,""token_logprobs"":[-0.8733183145523071,-2.8013790142722428e-05]},{""candidate"":""Trill"",""token_ids"":[1282,483],""token_count"":2,""sequence_logprob"":-5.059218883514404,""mean_token_logprob"":-2.529609441757202,""token_logprobs"":[-2.4983181953430176,-2.5609006881713867]},{""candidate"":""Tsik"",""token_ids"":[52793,1579],""token_count"":2,""sequence_logprob"":-2.873478651046753,""mean_token_logprob"":-1.4367393255233765,""token_logprobs"":[-2.8733181953430176,-0.00016056202002801]},{""candidate"":""Twitter"",""token_ids"":[24862],""token_count"":1,""sequence_logprob"":-1.2871160507202148,""mean_token_logprob"":-1.2871160507202148,""token_logprobs"":[-1.2871160507202148]}]",Seep,false
624712,Trill,Trill,1,6,audio_icl_candidate,candidate,,"[{""candidate"":""Infant Cry"",""token_ids"":[19433,517,42705],""token_count"":3,""sequence_logprob"":-3.149897336959839,""mean_token_logprob"":-1.049965778986613,""token_logprobs"":[-3.1494317054748535,-3.3378546504536644e-06,-0.00046230596490204334]},{""candidate"":""Phee"",""token_ids"":[47,49053],""token_count"":2,""sequence_logprob"":-1.75629460811615,""mean_token_logprob"":-0.878147304058075,""token_logprobs"":[-1.7561732530593872,-0.00012134769349358976]},{""candidate"":""Seep"",""token_ids"":[1514,747],""token_count"":2,""sequence_logprob"":-1.1938530206680298,""mean_token_logprob"":-0.5969265103340149,""token_logprobs"":[-1.1936732530593872,-0.00017975145601667464]},{""candidate"":""Trill"",""token_ids"":[1282,483],""token_count"":2,""sequence_logprob"":-6.978271484375,""mean_token_logprob"":-3.4891357421875,""token_logprobs"":[-2.6311731338500977,-4.347098350524902]},{""candidate"":""Tsik"",""token_ids"":[52793,1579],""token_count"":2,""sequence_logprob"":-2.5690360069274902,""mean_token_logprob"":-1.2845180034637451,""token_logprobs"":[-2.5686731338500977,-0.000362807244528085]},{""candidate"":""Twitter"",""token_ids"":[24862],""token_count"":1,""sequence_logprob"":-1.3766587972640991,""mean_token_logprob"":-1.3766587972640991,""token_logprobs"":[-1.3766587972640991]}]",Seep,false
625053,Twitter,Twitter,1,6,audio_icl_candidate,candidate,,"[{""candidate"":""Infant Cry"",""token_ids"":[19433,517,42705],""token_count"":3,""sequence_logprob"":-3.2491273880004883,""mean_token_logprob"":-1.0830424626668294,""token_logprobs"":[-3.2486369609832764,-2.3841830625315197e-06,-0.0004880429187323898]},{""candidate"":""Phee"",""token_ids"":[47,49053],""token_count"":2,""sequence_logprob"":-2.4058585166931152,""mean_token_logprob"":-1.2029292583465576,""token_logprobs"":[-2.4057726860046387,-8.594620157964528e-05]},{""candidate"":""Seep"",""token_ids"":[1514,747],""token_count"":2,""sequence_logprob"":-1.0308148860931396,""mean_token_logprob"":-0.5154074430465698,""token_logprobs"":[-1.0307726860046387,-4.2199197196168825e-05]},{""candidate"":""Trill"",""token_ids"":[1282,483],""token_count"":2,""sequence_logprob"":-5.073845863342285,""mean_token_logprob"":-2.5369229316711426,""token_logprobs"":[-2.6557726860046387,-2.4180731773376465]},{""candidate"":""Tsik"",""token_ids"":[52793,1579],""token_count"":2,""sequence_logprob"":-2.9059977531433105,""mean_token_logprob"":-1.4529988765716553,""token_logprobs"":[-2.9057726860046387,-0.00022504181833937764]},{""candidate"":""Twitter"",""token_ids"":[24862],""token_count"":1,""sequence_logprob"":-1.0608289241790771,""mean_token_logprob"":-1.0608289241790771,""token_logprobs"":[-1.0608289241790771]}]",Seep,false
628729,Infant Cry,Infant Cry,1,6,audio_icl_candidate,candidate,,"[{""candidate"":""Infant Cry"",""token_ids"":[19433,517,42705],""token_count"":3,""sequence_logprob"":-3.2882614135742188,""mean_token_logprob"":-1.096087137858073,""token_logprobs"":[-3.2878732681274414,-2.7418097943154862e-06,-0.0003854485403280705]},{""candidate"":""Phee"",""token_ids"":[47,49053],""token_count"":2,""sequence_logprob"":-2.4989748001098633,""mean_token_logprob"":-1.2494874000549316,""token_logprobs"":[-2.4989004135131836,-7.438383181579411e-05]},{""candidate"":""Seep"",""token_ids"":[1514,747],""token_count"":2,""sequence_logprob"":-1.1866865158081055,""mean_token_logprob"":-0.5933432579040527,""token_logprobs"":[-1.1864005327224731,-0.0002859421947505325]},{""candidate"":""Trill"",""token_ids"":[1282,483],""token_count"":2,""sequence_logprob"":-6.932619094848633,""mean_token_logprob"":-3.4663095474243164,""token_logprobs"":[-2.6239004135131836,-4.308718681335449]},{""candidate"":""Tsik"",""token_ids"":[52793,1579],""token_count"":2,""sequence_logprob"":-2.561711549758911,""mean_token_logprob"":-1.2808557748794556,""token_logprobs"":[-2.5614004135131836,-0.0003110878460574895]},{""candidate"":""Twitter"",""token_ids"":[24862],""token_count"":1,""sequence_logprob"":-1.0099914073944092,""mean_token_logprob"":-1.0099914073944092,""token_logprobs"":[-1.0099914073944092]}]",Seep,false
631448,Trill,Trill,1,6,audio_icl_candidate,candidate,,"[{""candidate"":""Infant Cry"",""token_ids"":[19433,517,42705],""token_count"":3,""sequence_logprob"":-3.6508424282073975,""mean_token_logprob"":-1.2169474760691326,""token_logprobs"":[-3.6504976749420166,-1.6689286894688848e-06,-0.0003430254873819649]},{""candidate"":""Phee"",""token_ids"":[47,49053],""token_count"":2,""sequence_logprob"":-2.2413711547851562,""mean_token_logprob"":-1.1206855773925781,""token_logprobs"":[-2.241260528564453,-0.00011062010162277147]},{""candidate"":""Seep"",""token_ids"":[1514,747],""token_count"":2,""sequence_logprob"":-1.7419809103012085,""mean_token_logprob"":-0.8709904551506042,""token_logprobs"":[-1.7412604093551636,-0.0007204797584563494]},{""candidate"":""Trill"",""token_ids"":[1282,483],""token_count"":2,""sequence_logprob"":-6.897407531738281,""mean_token_logprob"":-3.4487037658691406,""token_logprobs"":[-2.491260528564453,-4.406147003173828]},{""candidate"":""Tsik"",""token_ids"":[52793,1579],""token_count"":2,""sequence_logprob"":-2.616426944732666,""mean_token_logprob"":-1.308213472366333,""token_logprobs"":[-2.616260528564453,-0.00016640232934150845]},{""candidate"":""Twitter"",""token_ids"":[24862],""token_count"":1,""sequence_logprob"":-0.8412168025970459,""mean_token_logprob"":-0.8412168025970459,""token_logprobs"":[-0.8412168025970459]}]",Twitter,false
631485,Phee,Phee,1,6,audio_icl_candidate,candidate,,"[{""candidate"":""Infant Cry"",""token_ids"":[19433,517,42705],""token_count"":3,""sequence_logprob"":-2.4921822547912598,""mean_token_logprob"":-0.8307274182637533,""token_logprobs"":[-2.491617441177368,-3.814689989667386e-06,-0.0005610798834823072]},{""candidate"":""Phee"",""token_ids"":[47,49053],""token_count"":2,""sequence_logprob"":-2.0170655250549316,""mean_token_logprob"":-1.0085327625274658,""token_logprobs"":[-2.016921043395996,-0.00014447122521232814]},{""candidate"":""Seep"",""token_ids"":[1514,747],""token_count"":2,""sequence_logprob"":-1.9544744491577148,""mean_token_logprob"":-0.9772372245788574,""token_logprobs"":[-1.9544211626052856,-5.328513361746445e-05]},{""candidate"":""Trill"",""token_ids"":[1282,483],""token_count"":2,""sequence_logprob"":-6.140366077423096,""mean_token_logprob"":-3.070183038711548,""token_logprobs"":[-2.204421043395996,-3.9359450340270996]},{""candidate"":""Tsik"",""token_ids"":[52793,1579],""token_count"":2,""sequence_logprob"":-2.6420326232910156,""mean_token_logprob"":-1.3210163116455078,""token_logprobs"":[-2.641921043395996,-0.00011157367407577112]},{""candidate"":""Twitter"",""token_ids"":[24862],""token_count"":1,""sequence_logprob"":-0.976577877998352,""mean_token_logprob"":-0.976577877998352,""token_logprobs"":[-0.976577877998352]}]",Infant Cry,false
631861,Infant Cry,Infant Cry,1,6,audio_icl_candidate,candidate,,"[{""candidate"":""Infant Cry"",""token_ids"":[19433,517,42705],""token_count"":3,""sequence_logprob"":-2.95501971244812,""mean_token_logprob"":-0.98500657081604,""token_logprobs"":[-2.954662322998047,-1.5497195136049413e-06,-0.00035601475974544883]},{""candidate"":""Phee"",""token_ids"":[47,49053],""token_count"":2,""sequence_logprob"":-2.3001978397369385,""mean_token_logprob"":-1.1500989198684692,""token_logprobs"":[-2.3001346588134766,-6.329813186312094e-05]},{""candidate"":""Seep"",""token_ids"":[1514,747],""token_count"":2,""sequence_logprob"":-1.1127493381500244,""mean_token_logprob"":-0.5563746690750122,""token_logprobs"":[-1.112634539604187,-0.0001147919538198039]},{""candidate"":""Trill"",""token_ids"":[1282,483],""token_count"":2,""sequence_logprob"":-6.821303367614746,""mean_token_logprob"":-3.410651683807373,""token_logprobs"":[-2.4876346588134766,-4.3336687088012695]},{""candidate"":""Tsik"",""token_ids"":[52793,1579],""token_count"":2,""sequence_logprob"":-2.6129796504974365,""mean_token_logprob"":-1.3064898252487183,""token_logprobs"":[-2.6126346588134766,-0.00034505134681239724]},{""candidate"":""Twitter"",""token_ids"":[24862],""token_count"":1,""sequence_logprob"":-1.1898694038391113,""mean_token_logprob"":-1.1898694038391113,""token_logprobs"":[-1.1898694038391113]}]",Seep,false
631947,Tsik,Tsik,1,6,audio_icl_candidate,candidate,,"[{""candidate"":""Infant Cry"",""token_ids"":[19433,517,42705],""token_count"":3,""sequence_logprob"":-2.654982566833496,""mean_token_logprob"":-0.8849941889444987,""token_logprobs"":[-2.6543920040130615,-5.006777428206988e-06,-0.0005855038180015981]},{""candidate"":""Phee"",""token_ids"":[47,49053],""token_count"":2,""sequence_logprob"":-2.1735990047454834,""mean_token_logprob"":-1.0867995023727417,""token_logprobs"":[-2.173448085784912,-0.0001510267611593008]},{""candidate"":""Seep"",""token_ids"":[1514,747],""token_count"":2,""sequence_logprob"":-1.48601496219635,""mean_token_logprob"":-0.743007481098175,""token_logprobs"":[-1.485948085784912,-6.687417771900073e-05]},{""candidate"":""Trill"",""token_ids"":[1282,483],""token_count"":2,""sequence_logprob"":-6.398468494415283,""mean_token_logprob"":-3.1992342472076416,""token_logprobs"":[-2.298448085784912,-4.100020408630371]},{""candidate"":""Tsik"",""token_ids"":[52793,1579],""token_count"":2,""sequence_logprob"":-2.2361345291137695,""mean_token_logprob"":-1.1180672645568848,""token_logprobs"":[-2.235948085784912,-0.00018654513405635953]},{""candidate"":""Twitter"",""token_ids"":[24862],""token_count"":1,""sequence_logprob"":-1.2251167297363281,""mean_token_logprob"":-1.2251167297363281,""token_logprobs"":[-1.2251167297363281]}]",Seep,false
632037,Tsik,Tsik,1,6,audio_icl_candidate,candidate,,"[{""candidate"":""Infant Cry"",""token_ids"":[19433,517,42705],""token_count"":3,""sequence_logprob"":-2.6894993782043457,""mean_token_logprob"":-0.8964997927347819,""token_logprobs"":[-2.688770294189453,-2.264974000354414e-06,-0.0007270314963534474]},{""candidate"":""Phee"",""token_ids"":[47,49053],""token_count"":2,""sequence_logprob"":-2.4647953510284424,""mean_token_logprob"":-1.2323976755142212,""token_logprobs"":[-2.4646005630493164,-0.00019476900342851877]},{""candidate"":""Seep"",""token_ids"":[1514,747],""token_count"":2,""sequence_logprob"":-1.714673638343811,""mean_token_logprob"":-0.8573368191719055,""token_logprobs"":[-1.7146005630493164,-7.30726242181845e-05]},{""candidate"":""Trill"",""token_ids"":[1282,483],""token_count"":2,""sequence_logprob"":-6.4846415519714355,""mean_token_logprob"":-3.2423207759857178,""token_logprobs"":[-2.2146005630493164,-4.270040988922119]},{""candidate"":""Tsik"",""token_ids"":[52793,1579],""token_count"":2,""sequence_logprob"":-2.589815378189087,""mean_token_logprob"":-1.2949076890945435,""token_logprobs"":[-2.5896005630493164,-0.00021491125517059118]},{""candidate"":""Twitter"",""token_ids"":[24862],""token_count"":1,""sequence_logprob"":-0.9362020492553711,""mean_token_logprob"":-0.9362020492553711,""token_logprobs"":[-0.9362020492553711]}]",Seep,false
632300,Phee,Phee,1,6,audio_icl_candidate,candidate,,"[{""candidate"":""Infant Cry"",""token_ids"":[19433,517,42705],""token_count"":3,""sequence_logprob"":-2.7097747325897217,""mean_token_logprob"":-0.9032582441965739,""token_logprobs"":[-2.70928955078125,-1.5497195136049413e-06,-0.00048375347978435457]},{""candidate"":""Phee"",""token_ids"":[47,49053],""token_count"":2,""sequence_logprob"":-2.09574031829834,""mean_token_logprob"":-1.04787015914917,""token_logprobs"":[-2.0955865383148193,-0.0001538873475510627]},{""candidate"":""Seep"",""token_ids"":[1514,747],""token_count"":2,""sequence_logprob"":-1.9082238674163818,""mean_token_logprob"":-0.9541119337081909,""token_logprobs"":[-1.9080865383148193,-0.00013731967192143202]},{""candidate"":""Trill"",""token_ids"":[1282,483],""token_count"":2,""sequence_logprob"":-6.451846122741699,""mean_token_logprob"":-3.2259230613708496,""token_logprobs"":[-2.2205865383148193,-4.231259346008301]},{""candidate"":""Tsik"",""token_ids"":[52793,1579],""token_count"":2,""sequence_logprob"":-2.5956690311431885,""mean_token_logprob"":-1.2978345155715942,""token_logprobs"":[-2.5955865383148193,-8.260862523457035e-05]},{""candidate"":""Twitter"",""token_ids"":[24862],""token_count"":1,""sequence_logprob"":-0.8077650666236877,""mean_token_logprob"":-0.8077650666236877,""token_logprobs"":[-0.8077650666236877]}]",Twitter,false
632381,Twitter,Twitter,1,6,audio_icl_candidate,candidate,,"[{""candidate"":""Infant Cry"",""token_ids"":[19433,517,42705],""token_count"":3,""sequence_logprob"":-2.510169506072998,""mean_token_logprob"":-0.8367231686909994,""token_logprobs"":[-2.5096912384033203,-3.4570634852570947e-06,-0.0004748170613311231]},{""candidate"":""Phee"",""token_ids"":[47,49053],""token_count"":2,""sequence_logprob"":-1.968740701675415,""mean_token_logprob"":-0.9843703508377075,""token_logprobs"":[-1.9685629606246948,-0.00017772526189219207]},{""candidate"":""Seep"",""token_ids"":[1514,747],""token_count"":2,""sequence_logprob"":-1.6561578512191772,""mean_token_logprob"":-0.8280789256095886,""token_logprobs"":[-1.6560629606246948,-9.48860906646587e-05]},{""candidate"":""Trill"",""token_ids"":[1282,483],""token_count"":2,""sequence_logprob"":-6.667149543762207,""mean_token_logprob"":-3.3335747718811035,""token_logprobs"":[-2.3435630798339844,-4.323586463928223]},{""candidate"":""Tsik"",""token_ids"":[52793,1579],""token_count"":2,""sequence_logprob"":-2.281367540359497,""mean_token_logprob"":-1.1406837701797485,""token_logprobs"":[-2.2810630798339844,-0.0003045333724003285]},{""candidate"":""Twitter"",""token_ids"":[24862],""token_count"":1,""sequence_logprob"":-1.3270593881607056,""mean_token_logprob"":-1.3270593881607056,""token_logprobs"":[-1.3270593881607056]}]",Seep,false
632863,Phee,Phee,1,6,audio_icl_candidate,candidate,,"[{""candidate"":""Infant Cry"",""token_ids"":[19433,517,42705],""token_count"":3,""sequence_logprob"":-3.0268056392669678,""mean_token_logprob"":-1.0089352130889893,""token_logprobs"":[-3.026339530944824,-5.722029527532868e-06,-0.0004602803383022547]},{""candidate"":""Phee"",""token_ids"":[47,49053],""token_count"":2,""sequence_logprob"":-2.122892379760742,""mean_token_logprob"":-1.061446189880371,""token_logprobs"":[-2.122738838195801,-0.00015352977789007127]},{""candidate"":""Seep"",""token_ids"":[1514,747],""token_count"":2,""sequence_logprob"":-1.3105642795562744,""mean_token_logprob"":-0.6552821397781372,""token_logprobs"":[-1.3102387189865112,-0.00032550760079175234]},{""candidate"":""Trill"",""token_ids"":[1282,483],""token_count"":2,""sequence_logprob"":-6.6834716796875,""mean_token_logprob"":-3.34173583984375,""token_logprobs"":[-2.497738838195801,-4.185732841491699]},{""candidate"":""Tsik"",""token_ids"":[52793,1579],""token_count"":2,""sequence_logprob"":-2.997915267944336,""mean_token_logprob"":-1.498957633972168,""token_logprobs"":[-2.997738838195801,-0.00017641419253777713]},{""candidate"":""Twitter"",""token_ids"":[24862],""token_count"":1,""sequence_logprob"":-1.0873464345932007,""mean_token_logprob"":-1.0873464345932007,""token_logprobs"":[-1.0873464345932007]}]",Seep,false
633531,Phee,Phee,1,6,audio_icl_candidate,candidate,,"[{""candidate"":""Infant Cry"",""token_ids"":[19433,517,42705],""token_count"":3,""sequence_logprob"":-3.1370677947998047,""mean_token_logprob"":-1.0456892649332683,""token_logprobs"":[-3.1365058422088623,-2.861018856492592e-06,-0.0005590544897131622]},{""candidate"":""Phee"",""token_ids"":[47,49053],""token_count"":2,""sequence_logprob"":-2.060941457748413,""mean_token_logprob"":-1.0304707288742065,""token_logprobs"":[-2.060798168182373,-0.0001433984871255234]},{""candidate"":""Seep"",""token_ids"":[1514,747],""token_count"":2,""sequence_logprob"":-1.310906171798706,""mean_token_logprob"":-0.655453085899353,""token_logprobs"":[-1.3107980489730835,-0.0001081169830285944]},{""candidate"":""Trill"",""token_ids"":[1282,483],""token_count"":2,""sequence_logprob"":-6.483069896697998,""mean_token_logprob"":-3.241534948348999,""token_logprobs"":[-2.248298168182373,-4.234771728515625]},{""candidate"":""Tsik"",""token_ids"":[52793,1579],""token_count"":2,""sequence_logprob"":-2.7485642433166504,""mean_token_logprob"":-1.3742821216583252,""token_logprobs"":[-2.748298168182373,-0.0002661589242052287]},{""candidate"":""Twitter"",""token_ids"":[24862],""token_count"":1,""sequence_logprob"":-1.1916725635528564,""mean_token_logprob"":-1.1916725635528564,""token_logprobs"":[-1.1916725635528564]}]",Seep,false
642827,Tsik,Tsik,1,6,audio_icl_candidate,candidate,,"[{""candidate"":""Infant Cry"",""token_ids"":[19433,517,42705],""token_count"":3,""sequence_logprob"":-3.346785306930542,""mean_token_logprob"":-1.1155951023101807,""token_logprobs"":[-3.3463425636291504,-2.145764938177308e-06,-0.0004406196530908346]},{""candidate"":""Phee"",""token_ids"":[47,49053],""token_count"":2,""sequence_logprob"":-2.5248379707336426,""mean_token_logprob"":-1.2624189853668213,""token_logprobs"":[-2.5247507095336914,-8.737658936297521e-05]},{""candidate"":""Seep"",""token_ids"":[1514,747],""token_count"":2,""sequence_logprob"":-1.4624745845794678,""mean_token_logprob"":-0.7312372922897339,""token_logprobs"":[-1.4622507095336914,-0.00022384998737834394]},{""candidate"":""Trill"",""token_ids"":[1282,483],""token_count"":2,""sequence_logprob"":-6.77622127532959,""mean_token_logprob"":-3.388110637664795,""token_logprobs"":[-2.5247507095336914,-4.251470565795898]},{""candidate"":""Tsik"",""token_ids"":[52793,1579],""token_count"":2,""sequence_logprob"":-2.524854898452759,""mean_token_logprob"":-1.2624274492263794,""token_logprobs"":[-2.5247507095336914,-0.00010430268594063818]},{""candidate"":""Twitter"",""token_ids"":[24862],""token_count"":1,""sequence_logprob"":-0.8038643598556519,""mean_token_logprob"":-0.8038643598556519,""token_logprobs"":[-0.8038643598556519]}]",Seep,false
647588,Phee,Phee,1,6,audio_icl_candidate,candidate,,"[{""candidate"":""Infant Cry"",""token_ids"":[19433,517,42705],""token_count"":3,""sequence_logprob"":-3.97149658203125,""mean_token_logprob"":-1.3238321940104167,""token_logprobs"":[-3.2617108821868896,-2.50339189733495e-06,-0.7097833752632141]},{""candidate"":""Phee"",""token_ids"":[47,49053],""token_count"":2,""sequence_logprob"":-2.7986862659454346,""mean_token_logprob"":-1.3993431329727173,""token_logprobs"":[-2.7985036373138428,-0.00018261195509694517]},{""candidate"":""Seep"",""token_ids"":[1514,747],""token_count"":2,""sequence_logprob"":-0.9860321879386902,""mean_token_logprob"":-0.4930160939693451,""token_logprobs"":[-0.9860036969184875,-2.8490614567999728e-05]},{""candidate"":""Trill"",""token_ids"":[1282,483],""token_count"":2,""sequence_logprob"":-4.725767612457275,""mean_token_logprob"":-2.3628838062286377,""token_logprobs"":[-2.1110036373138428,-2.6147639751434326]},{""candidate"":""Tsik"",""token_ids"":[52793,1579],""token_count"":2,""sequence_logprob"":-2.736140012741089,""mean_token_logprob"":-1.3680700063705444,""token_logprobs"":[-2.7360036373138428,-0.00013648532330989838]},{""candidate"":""Twitter"",""token_ids"":[24862],""token_count"":1,""sequence_logprob"":-1.328507900238037,""mean_token_logprob"":-1.328507900238037,""token_logprobs"":[-1.328507900238037]}]",Seep,false
695230,Trill,Trill,1,6,audio_icl_candidate,candidate,,"[{""candidate"":""Infant Cry"",""token_ids"":[19433,517,42705],""token_count"":3,""sequence_logprob"":-3.7042200565338135,""mean_token_logprob"":-1.2347400188446045,""token_logprobs"":[-3.7037301063537598,-2.50339189733495e-06,-0.00048756631440483034]},{""candidate"":""Phee"",""token_ids"":[47,49053],""token_count"":2,""sequence_logprob"":-2.334529399871826,""mean_token_logprob"":-1.167264699935913,""token_logprobs"":[-2.334439277648926,-9.011816291604191e-05]},{""candidate"":""Seep"",""token_ids"":[1514,747],""token_count"":2,""sequence_logprob"":-1.2098289728164673,""mean_token_logprob"":-0.6049144864082336,""token_logprobs"":[-1.2094392776489258,-0.0003897384158335626]},{""candidate"":""Trill"",""token_ids"":[1282,483],""token_count"":2,""sequence_logprob"":-7.129298210144043,""mean_token_logprob"":-3.5646491050720215,""token_logprobs"":[-2.646939277648926,-4.482358932495117]},{""candidate"":""Tsik"",""token_ids"":[52793,1579],""token_count"":2,""sequence_logprob"":-2.9596810340881348,""mean_token_logprob"":-1.4798405170440674,""token_logprobs"":[-2.959439277648926,-0.00024172721896320581]},{""candidate"":""Twitter"",""token_ids"":[24862],""token_count"":1,""sequence_logprob"":-0.8077164888381958,""mean_token_logprob"":-0.8077164888381958,""token_logprobs"":[-0.8077164888381958]}]",Seep,false
699227,Twitter,Twitter,1,6,audio_icl_candidate,candidate,,"[{""candidate"":""Infant Cry"",""token_ids"":[19433,517,42705],""token_count"":3,""sequence_logprob"":-3.125654935836792,""mean_token_logprob"":-1.041884978612264,""token_logprobs"":[-3.125324249267578,-2.9802276912960224e-06,-0.00032789100077934563]},{""candidate"":""Phee"",""token_ids"":[47,49053],""token_count"":2,""sequence_logprob"":-2.2246198654174805,""mean_token_logprob"":-1.1123099327087402,""token_logprobs"":[-2.224501609802246,-0.00011836781777674332]},{""candidate"":""Seep"",""token_ids"":[1514,747],""token_count"":2,""sequence_logprob"":-1.099554181098938,""mean_token_logprob"":-0.549777090549469,""token_logprobs"":[-1.0995017290115356,-5.245071224635467e-05]},{""candidate"":""Trill"",""token_ids"":[1282,483],""token_count"":2,""sequence_logprob"":-5.413448333740234,""mean_token_logprob"":-2.706724166870117,""token_logprobs"":[-2.662001609802246,-2.7514467239379883]},{""candidate"":""Tsik"",""token_ids"":[52793,1579],""token_count"":2,""sequence_logprob"":-2.9746580123901367,""mean_token_logprob"":-1.4873290061950684,""token_logprobs"":[-2.974501609802246,-0.0001565095444675535]},{""candidate"":""Twitter"",""token_ids"":[24862],""token_count"":1,""sequence_logprob"":-1.0553536415100098,""mean_token_logprob"":-1.0553536415100098,""token_logprobs"":[-1.0553536415100098]}]",Seep,false
706021,Phee,Phee,1,6,audio_icl_candidate,candidate,,"[{""candidate"":""Infant Cry"",""token_ids"":[19433,517,42705],""token_count"":3,""sequence_logprob"":-2.713468074798584,""mean_token_logprob"":-0.9044893582661947,""token_logprobs"":[-2.712977170944214,-3.6954811548639555e-06,-0.00048720886115916073]},{""candidate"":""Phee"",""token_ids"":[47,49053],""token_count"":2,""sequence_logprob"":-2.0470001697540283,""mean_token_logprob"":-1.0235000848770142,""token_logprobs"":[-2.046809673309326,-0.00019047829846385866]},{""candidate"":""Seep"",""token_ids"":[1514,747],""token_count"":2,""sequence_logprob"":-2.1094188690185547,""mean_token_logprob"":-1.0547094345092773,""token_logprobs"":[-2.109309673309326,-0.00010930894495686516]},{""candidate"":""Trill"",""token_ids"":[1282,483],""token_count"":2,""sequence_logprob"":-6.34446907043457,""mean_token_logprob"":-3.172234535217285,""token_logprobs"":[-2.234309673309326,-4.110159397125244]},{""candidate"":""Tsik"",""token_ids"":[52793,1579],""token_count"":2,""sequence_logprob"":-2.5468897819519043,""mean_token_logprob"":-1.2734448909759521,""token_logprobs"":[-2.546809673309326,-8.022463589441031e-05]},{""candidate"":""Twitter"",""token_ids"":[24862],""token_count"":1,""sequence_logprob"":-0.8450308442115784,""mean_token_logprob"":-0.8450308442115784,""token_logprobs"":[-0.8450308442115784]}]",Twitter,false
708875,Trill,Trill,1,6,audio_icl_candidate,candidate,,"[{""candidate"":""Infant Cry"",""token_ids"":[19433,517,42705],""token_count"":3,""sequence_logprob"":-3.020308494567871,""mean_token_logprob"":-1.0067694981892903,""token_logprobs"":[-3.0199921131134033,-2.622600959512056e-06,-0.00031382881570607424]},{""candidate"":""Phee"",""token_ids"":[47,49053],""token_count"":2,""sequence_logprob"":-2.152038097381592,""mean_token_logprob"":-1.076019048690796,""token_logprobs"":[-2.1519529819488525,-8.523101132595912e-05]},{""candidate"":""Seep"",""token_ids"":[1514,747],""token_count"":2,""sequence_logprob"":-1.0896413326263428,""mean_token_logprob"":-0.5448206663131714,""token_logprobs"":[-1.0894529819488525,-0.000188332938705571]},{""candidate"":""Trill"",""token_ids"":[1282,483],""token_count"":2,""sequence_logprob"":-6.961535453796387,""mean_token_logprob"":-3.4807677268981934,""token_logprobs"":[-2.6519529819488525,-4.309582233428955]},{""candidate"":""Tsik"",""token_ids"":[52793,1579],""token_count"":2,""sequence_logprob"":-2.8395824432373047,""mean_token_logprob"":-1.4197912216186523,""token_logprobs"":[-2.8394529819488525,-0.0001294529065489769]},{""candidate"":""Twitter"",""token_ids"":[24862],""token_count"":1,""sequence_logprob"":-1.2003040313720703,""mean_token_logprob"":-1.2003040313720703,""token_logprobs"":[-1.2003040313720703]}]",Seep,false
715845,Seep,Seep,1,6,audio_icl_candidate,candidate,,"[{""candidate"":""Infant Cry"",""token_ids"":[19433,517,42705],""token_count"":3,""sequence_logprob"":-2.668313503265381,""mean_token_logprob"":-0.8894378344217936,""token_logprobs"":[-2.667956590652466,-2.264974000354414e-06,-0.00035482310340739787]},{""candidate"":""Phee"",""token_ids"":[47,49053],""token_count"":2,""sequence_logprob"":-2.141231060028076,""mean_token_logprob"":-1.070615530014038,""token_logprobs"":[-2.1411068439483643,-0.00012420836719684303]},{""candidate"":""Seep"",""token_ids"":[1514,747],""token_count"":2,""sequence_logprob"":-1.5787174701690674,""mean_token_logprob"":-0.7893587350845337,""token_logprobs"":[-1.5786068439483643,-0.00011062010162277147]},{""candidate"":""Trill"",""token_ids"":[1282,483],""token_count"":2,""sequence_logprob"":-5.677273750305176,""mean_token_logprob"":-2.838636875152588,""token_logprobs"":[-2.0786068439483643,-3.5986666679382324]},{""candidate"":""Tsik"",""token_ids"":[52793,1579],""token_count"":2,""sequence_logprob"":-2.266263246536255,""mean_token_logprob"":-1.1331316232681274,""token_logprobs"":[-2.2661068439483643,-0.00015639036428183317]},{""candidate"":""Twitter"",""token_ids"":[24862],""token_count"":1,""sequence_logprob"":-1.0598196983337402,""mean_token_logprob"":-1.0598196983337402,""token_logprobs"":[-1.0598196983337402]}]",Seep,true
716490,Tsik,Tsik,1,6,audio_icl_candidate,candidate,,"[{""candidate"":""Infant Cry"",""token_ids"":[19433,517,42705],""token_count"":3,""sequence_logprob"":-3.479625940322876,""mean_token_logprob"":-1.1598753134409587,""token_logprobs"":[-3.478701591491699,-3.814689989667386e-06,-0.0009205871028825641]},{""candidate"":""Phee"",""token_ids"":[47,49053],""token_count"":2,""sequence_logprob"":-3.0913894176483154,""mean_token_logprob"":-1.5456947088241577,""token_logprobs"":[-3.091306686401367,-8.284702198579907e-05]},{""candidate"":""Seep"",""token_ids"":[1514,747],""token_count"":2,""sequence_logprob"":-1.5914870500564575,""mean_token_logprob"":-0.7957435250282288,""token_logprobs"":[-1.5913065671920776,-0.00018046658078674227]},{""candidate"":""Trill"",""token_ids"":[1282,483],""token_count"":2,""sequence_logprob"":-6.73779296875,""mean_token_logprob"":-3.368896484375,""token_logprobs"":[-2.778806686401367,-3.958986282348633]},{""candidate"":""Tsik"",""token_ids"":[52793,1579],""token_count"":2,""sequence_logprob"":-2.7164862155914307,""mean_token_logprob"":-1.3582431077957153,""token_logprobs"":[-2.716306686401367,-0.00017963226127903908]},{""candidate"":""Twitter"",""token_ids"":[24862],""token_count"":1,""sequence_logprob"":-0.8015663623809814,""mean_token_logprob"":-0.8015663623809814,""token_logprobs"":[-0.8015663623809814]}]",Seep,false
737715,Twitter,Twitter,1,6,audio_icl_candidate,candidate,,"[{""candidate"":""Infant Cry"",""token_ids"":[19433,517,42705],""token_count"":3,""sequence_logprob"":-3.2937307357788086,""mean_token_logprob"":-1.0979102452596028,""token_logprobs"":[-2.975090742111206,-2.264974000354414e-06,-0.3186379373073578]},{""candidate"":""Phee"",""token_ids"":[47,49053],""token_count"":2,""sequence_logprob"":-2.27163028717041,""mean_token_logprob"":-1.135815143585205,""token_logprobs"":[-2.2714624404907227,-0.0001679517881711945]},{""candidate"":""Seep"",""token_ids"":[1514,747],""token_count"":2,""sequence_logprob"":-1.0215020179748535,""mean_token_logprob"":-0.5107510089874268,""token_logprobs"":[-1.0214624404907227,-3.957670196541585e-05]},{""candidate"":""Trill"",""token_ids"":[1282,483],""token_count"":2,""sequence_logprob"":-5.455417156219482,""mean_token_logprob"":-2.727708578109741,""token_logprobs"":[-2.3339624404907227,-3.1214547157287598]},{""candidate"":""Tsik"",""token_ids"":[52793,1579],""token_count"":2,""sequence_logprob"":-2.771547317504883,""mean_token_logprob"":-1.3857736587524414,""token_logprobs"":[-2.7714624404907227,-8.487341256113723e-05]},{""candidate"":""Twitter"",""token_ids"":[24862],""token_count"":1,""sequence_logprob"":-1.3296997547149658,""mean_token_logprob"":-1.3296997547149658,""token_logprobs"":[-1.3296997547149658]}]",Seep,false
738495,Trill,Trill,1,6,audio_icl_candidate,candidate,,"[{""candidate"":""Infant Cry"",""token_ids"":[19433,517,42705],""token_count"":3,""sequence_logprob"":-3.5777206420898438,""mean_token_logprob"":-1.1925735473632812,""token_logprobs"":[-3.5772294998168945,-2.3841830625315197e-06,-0.0004887578543275595]},{""candidate"":""Phee"",""token_ids"":[47,49053],""token_count"":2,""sequence_logprob"":-2.6193745136260986,""mean_token_logprob"":-1.3096872568130493,""token_logprobs"":[-2.6192593574523926,-0.00011514954530866817]},{""candidate"":""Seep"",""token_ids"":[1514,747],""token_count"":2,""sequence_logprob"":-1.5570207834243774,""mean_token_logprob"":-0.7785103917121887,""token_logprobs"":[-1.5567593574523926,-0.0002613918040879071]},{""candidate"":""Trill"",""token_ids"":[1282,483],""token_count"":2,""sequence_logprob"":-6.846998691558838,""mean_token_logprob"":-3.423499345779419,""token_logprobs"":[-2.4317593574523926,-4.415239334106445]},{""candidate"":""Tsik"",""token_ids"":[52793,1579],""token_count"":2,""sequence_logprob"":-2.807034730911255,""mean_token_logprob"":-1.4035173654556274,""token_logprobs"":[-2.8067593574523926,-0.00027533553657121956]},{""candidate"":""Twitter"",""token_ids"":[24862],""token_count"":1,""sequence_logprob"":-0.691398024559021,""mean_token_logprob"":-0.691398024559021,""token_logprobs"":[-0.691398024559021]}]",Twitter,false
742006,Infant Cry,Infant Cry,1,6,audio_icl_candidate,candidate,,"[{""candidate"":""Infant Cry"",""token_ids"":[19433,517,42705],""token_count"":3,""sequence_logprob"":-3.478584051132202,""mean_token_logprob"":-1.1595280170440674,""token_logprobs"":[-3.478242874145508,-1.9073468138230965e-06,-0.0003392120997887105]},{""candidate"":""Phee"",""token_ids"":[47,49053],""token_count"":2,""sequence_logprob"":-2.714798927307129,""mean_token_logprob"":-1.3573994636535645,""token_logprobs"":[-2.714721202850342,-7.784063927829266e-05]},{""candidate"":""Seep"",""token_ids"":[1514,747],""token_count"":2,""sequence_logprob"":-1.4025064706802368,""mean_token_logprob"":-0.7012532353401184,""token_logprobs"":[-1.4022210836410522,-0.00028534632292576134]},{""candidate"":""Trill"",""token_ids"":[1282,483],""token_count"":2,""sequence_logprob"":-6.839616298675537,""mean_token_logprob"":-3.4198081493377686,""token_logprobs"":[-2.589721202850342,-4.249895095825195]},{""candidate"":""Tsik"",""token_ids"":[52793,1579],""token_count"":2,""sequence_logprob"":-2.7150375843048096,""mean_token_logprob"":-1.3575187921524048,""token_logprobs"":[-2.714721202850342,-0.0003163314249832183]},{""candidate"":""Twitter"",""token_ids"":[24862],""token_count"":1,""sequence_logprob"":-0.873397946357727,""mean_token_logprob"":-0.873397946357727,""token_logprobs"":[-0.873397946357727]}]",Seep,false
755986,Tsik,Tsik,1,6,audio_icl_candidate,candidate,,"[{""candidate"":""Infant Cry"",""token_ids"":[19433,517,42705],""token_count"":3,""sequence_logprob"":-2.9388368129730225,""mean_token_logprob"":-0.9796122709910074,""token_logprobs"":[-2.9380886554718018,-3.814689989667386e-06,-0.0007444233051501215]},{""candidate"":""Phee"",""token_ids"":[47,49053],""token_count"":2,""sequence_logprob"":-2.356487989425659,""mean_token_logprob"":-1.1782439947128296,""token_logprobs"":[-2.3562917709350586,-0.00019631843315437436]},{""candidate"":""Seep"",""token_ids"":[1514,747],""token_count"":2,""sequence_logprob"":-1.6688814163208008,""mean_token_logprob"":-0.8344407081604004,""token_logprobs"":[-1.6687917709350586,-8.964136941358447e-05]},{""candidate"":""Trill"",""token_ids"":[1282,483],""token_count"":2,""sequence_logprob"":-6.907106399536133,""mean_token_logprob"":-3.4535531997680664,""token_logprobs"":[-2.3562917709350586,-4.550814628601074]},{""candidate"":""Tsik"",""token_ids"":[52793,1579],""token_count"":2,""sequence_logprob"":-2.4816346168518066,""mean_token_logprob"":-1.2408173084259033,""token_logprobs"":[-2.4812917709350586,-0.00034278715611435473]},{""candidate"":""Twitter"",""token_ids"":[24862],""token_count"":1,""sequence_logprob"":-0.8517614603042603,""mean_token_logprob"":-0.8517614603042603,""token_logprobs"":[-0.8517614603042603]}]",Seep,false
758751,Phee,Phee,1,6,audio_icl_candidate,candidate,,"[{""candidate"":""Infant Cry"",""token_ids"":[19433,517,42705],""token_count"":3,""sequence_logprob"":-2.9515416622161865,""mean_token_logprob"":-0.9838472207387289,""token_logprobs"":[-2.9510979652404785,-1.9073468138230965e-06,-0.00044169207103550434]},{""candidate"":""Phee"",""token_ids"":[47,49053],""token_count"":2,""sequence_logprob"":-2.601083755493164,""mean_token_logprob"":-1.300541877746582,""token_logprobs"":[-2.6009068489074707,-0.0001770101225702092]},{""candidate"":""Seep"",""token_ids"":[1514,747],""token_count"":2,""sequence_logprob"":-1.6011484861373901,""mean_token_logprob"":-0.8005742430686951,""token_logprobs"":[-1.6009067296981812,-0.00024172721896320581]},{""candidate"":""Trill"",""token_ids"":[1282,483],""token_count"":2,""sequence_logprob"":-6.478775501251221,""mean_token_logprob"":-3.2393877506256104,""token_logprobs"":[-2.4759068489074707,-4.00286865234375]},{""candidate"":""Tsik"",""token_ids"":[52793,1579],""token_count"":2,""sequence_logprob"":-3.0385725498199463,""mean_token_logprob"":-1.5192862749099731,""token_logprobs"":[-3.0384068489074707,-0.0001656871900195256]},{""candidate"":""Twitter"",""token_ids"":[24862],""token_count"":1,""sequence_logprob"":-0.7310398817062378,""mean_token_logprob"":-0.7310398817062378,""token_logprobs"":[-0.7310398817062378]}]",Twitter,false
788000,Phee,Phee,1,6,audio_icl_candidate,candidate,,"[{""candidate"":""Infant Cry"",""token_ids"":[19433,517,42705],""token_count"":3,""sequence_logprob"":-2.9546236991882324,""mean_token_logprob"":-0.9848745663960775,""token_logprobs"":[-2.9540669918060303,-2.145764938177308e-06,-0.0005545270396396518]},{""candidate"":""Phee"",""token_ids"":[47,49053],""token_count"":2,""sequence_logprob"":-2.1763250827789307,""mean_token_logprob"":-1.0881625413894653,""token_logprobs"":[-2.1761443614959717,-0.00018070495571009815]},{""candidate"":""Seep"",""token_ids"":[1514,747],""token_count"":2,""sequence_logprob"":-1.738818645477295,""mean_token_logprob"":-0.8694093227386475,""token_logprobs"":[-1.7386443614959717,-0.00017426878912374377]},{""candidate"":""Trill"",""token_ids"":[1282,483],""token_count"":2,""sequence_logprob"":-6.467991828918457,""mean_token_logprob"":-3.2339959144592285,""token_logprobs"":[-2.1136443614959717,-4.3543477058410645]},{""candidate"":""Tsik"",""token_ids"":[52793,1579],""token_count"":2,""sequence_logprob"":-2.4262630939483643,""mean_token_logprob"":-1.2131315469741821,""token_logprobs"":[-2.4261443614959717,-0.00011872540198964998]},{""candidate"":""Twitter"",""token_ids"":[24862],""token_count"":1,""sequence_logprob"":-0.886182427406311,""mean_token_logprob"":-0.886182427406311,""token_logprobs"":[-0.886182427406311]}]",Seep,false
794666,Phee,Phee,1,6,audio_icl_candidate,candidate,,"[{""candidate"":""Infant Cry"",""token_ids"":[19433,517,42705],""token_count"":3,""sequence_logprob"":-2.997715711593628,""mean_token_logprob"":-0.9992385705312093,""token_logprobs"":[-2.997077465057373,-1.311301275563892e-06,-0.0006370898918248713]},{""candidate"":""Phee"",""token_ids"":[47,49053],""token_count"":2,""sequence_logprob"":-2.3820865154266357,""mean_token_logprob"":-1.1910432577133179,""token_logprobs"":[-2.3819193840026855,-0.00016723664884921163]},{""candidate"":""Seep"",""token_ids"":[1514,747],""token_count"":2,""sequence_logprob"":-1.3195812702178955,""mean_token_logprob"":-0.6597906351089478,""token_logprobs"":[-1.3194193840026855,-0.0001618731184862554]},{""candidate"":""Trill"",""token_ids"":[1282,483],""token_count"":2,""sequence_logprob"":-4.531464576721191,""mean_token_logprob"":-2.2657322883605957,""token_logprobs"":[-2.4444193840026855,-2.087045192718506]},{""candidate"":""Tsik"",""token_ids"":[52793,1579],""token_count"":2,""sequence_logprob"":-2.944774627685547,""mean_token_logprob"":-1.4723873138427734,""token_logprobs"":[-2.9444193840026855,-0.00035529976594261825]},{""candidate"":""Twitter"",""token_ids"":[24862],""token_count"":1,""sequence_logprob"":-1.0683902502059937,""mean_token_logprob"":-1.0683902502059937,""token_logprobs"":[-1.0683902502059937]}]",Seep,false
799377,Tsik,Tsik,1,6,audio_icl_candidate,candidate,,"[{""candidate"":""Infant Cry"",""token_ids"":[19433,517,42705],""token_count"":3,""sequence_logprob"":-3.04067325592041,""mean_token_logprob"":-1.01355775197347,""token_logprobs"":[-3.039783239364624,-2.861018856492592e-06,-0.0008871195605024695]},{""candidate"":""Phee"",""token_ids"":[47,49053],""token_count"":2,""sequence_logprob"":-2.7795403003692627,""mean_token_logprob"":-1.3897701501846313,""token_logprobs"":[-2.7793362140655518,-0.00020418466010596603]},{""candidate"":""Seep"",""token_ids"":[1514,747],""token_count"":2,""sequence_logprob"":-1.5294300317764282,""mean_token_logprob"":-0.7647150158882141,""token_logprobs"":[-1.5293362140655518,-9.381330892210826e-05]},{""candidate"":""Trill"",""token_ids"":[1282,483],""token_count"":2,""sequence_logprob"":-6.858094215393066,""mean_token_logprob"":-3.429047107696533,""token_logprobs"":[-2.4043362140655518,-4.453758239746094]},{""candidate"":""Tsik"",""token_ids"":[52793,1579],""token_count"":2,""sequence_logprob"":-2.7794814109802246,""mean_token_logprob"":-1.3897407054901123,""token_logprobs"":[-2.7793362140655518,-0.00014530557382386178]},{""candidate"":""Twitter"",""token_ids"":[24862],""token_count"":1,""sequence_logprob"":-0.7518202662467957,""mean_token_logprob"":-0.7518202662467957,""token_logprobs"":[-0.7518202662467957]}]",Twitter,false
859379,Trill,Trill,1,6,audio_icl_candidate,candidate,,"[{""candidate"":""Infant Cry"",""token_ids"":[19433,517,42705],""token_count"":3,""sequence_logprob"":-3.439220666885376,""mean_token_logprob"":-1.146406888961792,""token_logprobs"":[-3.438814163208008,-1.5497195136049413e-06,-0.0004049911512993276]},{""candidate"":""Phee"",""token_ids"":[47,49053],""token_count"":2,""sequence_logprob"":-2.1954903602600098,""mean_token_logprob"":-1.0977451801300049,""token_logprobs"":[-2.1953792572021484,-0.0001110968878492713]},{""candidate"":""Seep"",""token_ids"":[1514,747],""token_count"":2,""sequence_logprob"":-1.3830097913742065,""mean_token_logprob"":-0.6915048956871033,""token_logprobs"":[-1.3828792572021484,-0.00013052565918769687]},{""candidate"":""Trill"",""token_ids"":[1282,483],""token_count"":2,""sequence_logprob"":-6.827139854431152,""mean_token_logprob"":-3.413569927215576,""token_logprobs"":[-2.6328792572021484,-4.194260597229004]},{""candidate"":""Tsik"",""token_ids"":[52793,1579],""token_count"":2,""sequence_logprob"":-2.758147954940796,""mean_token_logprob"":-1.379073977470398,""token_logprobs"":[-2.7578792572021484,-0.0002687808300834149]},{""candidate"":""Twitter"",""token_ids"":[24862],""token_count"":1,""sequence_logprob"":-0.8623352646827698,""mean_token_logprob"":-0.8623352646827698,""token_logprobs"":[-0.8623352646827698]}]",Seep,false
860537,Phee,Phee,1,6,audio_icl_candidate,candidate,,"[{""candidate"":""Infant Cry"",""token_ids"":[19433,517,42705],""token_count"":3,""sequence_logprob"":-2.943547010421753,""mean_token_logprob"":-0.981182336807251,""token_logprobs"":[-2.943021535873413,-2.9802276912960224e-06,-0.0005227153305895627]},{""candidate"":""Phee"",""token_ids"":[47,49053],""token_count"":2,""sequence_logprob"":-1.9616957902908325,""mean_token_logprob"":-0.9808478951454163,""token_logprobs"":[-1.9615813493728638,-0.00011443436960689723]},{""candidate"":""Seep"",""token_ids"":[1514,747],""token_count"":2,""sequence_logprob"":-1.211679220199585,""mean_token_logprob"":-0.6058396100997925,""token_logprobs"":[-1.2115813493728638,-9.786603914108127e-05]},{""candidate"":""Trill"",""token_ids"":[1282,483],""token_count"":2,""sequence_logprob"":-4.855818748474121,""mean_token_logprob"":-2.4279093742370605,""token_logprobs"":[-2.524081230163574,-2.331737756729126]},{""candidate"":""Tsik"",""token_ids"":[52793,1579],""token_count"":2,""sequence_logprob"":-2.6493163108825684,""mean_token_logprob"":-1.3246581554412842,""token_logprobs"":[-2.649081230163574,-0.0002351722796447575]},{""candidate"":""Twitter"",""token_ids"":[24862],""token_count"":1,""sequence_logprob"":-1.0132076740264893,""mean_token_logprob"":-1.0132076740264893,""token_logprobs"":[-1.0132076740264893]}]",Seep,false
861790,Trill,Trill,1,6,audio_icl_candidate,candidate,,"[{""candidate"":""Infant Cry"",""token_ids"":[19433,517,42705],""token_count"":3,""sequence_logprob"":-3.049161434173584,""mean_token_logprob"":-1.016387144724528,""token_logprobs"":[-3.0485870838165283,-4.768360213347478e-06,-0.0005695389700122178]},{""candidate"":""Phee"",""token_ids"":[47,49053],""token_count"":2,""sequence_logprob"":-2.2847752571105957,""mean_token_logprob"":-1.1423876285552979,""token_logprobs"":[-2.2845778465270996,-0.00019739109848160297]},{""candidate"":""Seep"",""token_ids"":[1514,747],""token_count"":2,""sequence_logprob"":-1.0971945524215698,""mean_token_logprob"":-0.5485972762107849,""token_logprobs"":[-1.09707772731781,-0.00011681827891152352]},{""candidate"":""Trill"",""token_ids"":[1282,483],""token_count"":2,""sequence_logprob"":-6.752405643463135,""mean_token_logprob"":-3.3762028217315674,""token_logprobs"":[-2.5345778465270996,-4.217827796936035]},{""candidate"":""Tsik"",""token_ids"":[52793,1579],""token_count"":2,""sequence_logprob"":-3.034823179244995,""mean_token_logprob"":-1.5174115896224976,""token_logprobs"":[-3.0345778465270996,-0.0002454218047205359]},{""candidate"":""Twitter"",""token_ids"":[24862],""token_count"":1,""sequence_logprob"":-0.9452441930770874,""mean_token_logprob"":-0.9452441930770874,""token_logprobs"":[-0.9452441930770874]}]",Seep,false
