event_id,target,target_output,support_k_per_class,support_k_total,method,readout,raw_prediction,candidate_scores_json,prediction,correct
31471,Tsik,D,0,0,audio_icl_candidate,candidate,,"[{""candidate"":""F"",""token_ids"":[37],""token_count"":1,""sequence_logprob"":-1.2196650505065918,""mean_token_logprob"":-1.2196650505065918,""token_logprobs"":[-1.2196650505065918]},{""candidate"":""A"",""token_ids"":[32],""token_count"":1,""sequence_logprob"":-1.1571650505065918,""mean_token_logprob"":-1.1571650505065918,""token_logprobs"":[-1.1571650505065918]},{""candidate"":""B"",""token_ids"":[33],""token_count"":1,""sequence_logprob"":-1.7196650505065918,""mean_token_logprob"":-1.7196650505065918,""token_logprobs"":[-1.7196650505065918]},{""candidate"":""C"",""token_ids"":[34],""token_count"":1,""sequence_logprob"":-3.657165050506592,""mean_token_logprob"":-3.657165050506592,""token_logprobs"":[-3.657165050506592]},{""candidate"":""D"",""token_ids"":[35],""token_count"":1,""sequence_logprob"":-4.719665050506592,""mean_token_logprob"":-4.719665050506592,""token_logprobs"":[-4.719665050506592]},{""candidate"":""E"",""token_ids"":[36],""token_count"":1,""sequence_logprob"":-2.157165050506592,""mean_token_logprob"":-2.157165050506592,""token_logprobs"":[-2.157165050506592]}]",A,false
31828,Seep,B,0,0,audio_icl_candidate,candidate,,"[{""candidate"":""F"",""token_ids"":[37],""token_count"":1,""sequence_logprob"":-1.364667296409607,""mean_token_logprob"":-1.364667296409607,""token_logprobs"":[-1.364667296409607]},{""candidate"":""A"",""token_ids"":[32],""token_count"":1,""sequence_logprob"":-1.489667296409607,""mean_token_logprob"":-1.489667296409607,""token_logprobs"":[-1.489667296409607]},{""candidate"":""B"",""token_ids"":[33],""token_count"":1,""sequence_logprob"":-1.552167296409607,""mean_token_logprob"":-1.552167296409607,""token_logprobs"":[-1.552167296409607]},{""candidate"":""C"",""token_ids"":[34],""token_count"":1,""sequence_logprob"":-3.5521674156188965,""mean_token_logprob"":-3.5521674156188965,""token_logprobs"":[-3.5521674156188965]},{""candidate"":""D"",""token_ids"":[35],""token_count"":1,""sequence_logprob"":-3.3021674156188965,""mean_token_logprob"":-3.3021674156188965,""token_logprobs"":[-3.3021674156188965]},{""candidate"":""E"",""token_ids"":[36],""token_count"":1,""sequence_logprob"":-1.739667296409607,""mean_token_logprob"":-1.739667296409607,""token_logprobs"":[-1.739667296409607]}]",F,false
34756,Phee,A,0,0,audio_icl_candidate,candidate,,"[{""candidate"":""F"",""token_ids"":[37],""token_count"":1,""sequence_logprob"":-1.401809811592102,""mean_token_logprob"":-1.401809811592102,""token_logprobs"":[-1.401809811592102]},{""candidate"":""A"",""token_ids"":[32],""token_count"":1,""sequence_logprob"":-1.464309811592102,""mean_token_logprob"":-1.464309811592102,""token_logprobs"":[-1.464309811592102]},{""candidate"":""B"",""token_ids"":[33],""token_count"":1,""sequence_logprob"":-1.651809811592102,""mean_token_logprob"":-1.651809811592102,""token_logprobs"":[-1.651809811592102]},{""candidate"":""C"",""token_ids"":[34],""token_count"":1,""sequence_logprob"":-3.4018096923828125,""mean_token_logprob"":-3.4018096923828125,""token_logprobs"":[-3.4018096923828125]},{""candidate"":""D"",""token_ids"":[35],""token_count"":1,""sequence_logprob"":-3.9018096923828125,""mean_token_logprob"":-3.9018096923828125,""token_logprobs"":[-3.9018096923828125]},{""candidate"":""E"",""token_ids"":[36],""token_count"":1,""sequence_logprob"":-1.714309811592102,""mean_token_logprob"":-1.714309811592102,""token_logprobs"":[-1.714309811592102]}]",F,false
36485,Phee,A,0,0,audio_icl_candidate,candidate,,"[{""candidate"":""F"",""token_ids"":[37],""token_count"":1,""sequence_logprob"":-1.3651628494262695,""mean_token_logprob"":-1.3651628494262695,""token_logprobs"":[-1.3651628494262695]},{""candidate"":""A"",""token_ids"":[32],""token_count"":1,""sequence_logprob"":-1.6151628494262695,""mean_token_logprob"":-1.6151628494262695,""token_logprobs"":[-1.6151628494262695]},{""candidate"":""B"",""token_ids"":[33],""token_count"":1,""sequence_logprob"":-1.6151628494262695,""mean_token_logprob"":-1.6151628494262695,""token_logprobs"":[-1.6151628494262695]},{""candidate"":""C"",""token_ids"":[34],""token_count"":1,""sequence_logprob"":-3.1151628494262695,""mean_token_logprob"":-3.1151628494262695,""token_logprobs"":[-3.1151628494262695]},{""candidate"":""D"",""token_ids"":[35],""token_count"":1,""sequence_logprob"":-3.8026628494262695,""mean_token_logprob"":-3.8026628494262695,""token_logprobs"":[-3.8026628494262695]},{""candidate"":""E"",""token_ids"":[36],""token_count"":1,""sequence_logprob"":-1.5526628494262695,""mean_token_logprob"":-1.5526628494262695,""token_logprobs"":[-1.5526628494262695]}]",F,false
36522,Twitter,E,0,0,audio_icl_candidate,candidate,,"[{""candidate"":""F"",""token_ids"":[37],""token_count"":1,""sequence_logprob"":-1.241990566253662,""mean_token_logprob"":-1.241990566253662,""token_logprobs"":[-1.241990566253662]},{""candidate"":""A"",""token_ids"":[32],""token_count"":1,""sequence_logprob"":-1.491990566253662,""mean_token_logprob"":-1.491990566253662,""token_logprobs"":[-1.491990566253662]},{""candidate"":""B"",""token_ids"":[33],""token_count"":1,""sequence_logprob"":-1.554490566253662,""mean_token_logprob"":-1.554490566253662,""token_logprobs"":[-1.554490566253662]},{""candidate"":""C"",""token_ids"":[34],""token_count"":1,""sequence_logprob"":-3.616990566253662,""mean_token_logprob"":-3.616990566253662,""token_logprobs"":[-3.616990566253662]},{""candidate"":""D"",""token_ids"":[35],""token_count"":1,""sequence_logprob"":-3.616990566253662,""mean_token_logprob"":-3.616990566253662,""token_logprobs"":[-3.616990566253662]},{""candidate"":""E"",""token_ids"":[36],""token_count"":1,""sequence_logprob"":-1.804490566253662,""mean_token_logprob"":-1.804490566253662,""token_logprobs"":[-1.804490566253662]}]",F,false
405841,Infant Cry,F,0,0,audio_icl_candidate,candidate,,"[{""candidate"":""F"",""token_ids"":[37],""token_count"":1,""sequence_logprob"":-1.4025236368179321,""mean_token_logprob"":-1.4025236368179321,""token_logprobs"":[-1.4025236368179321]},{""candidate"":""A"",""token_ids"":[32],""token_count"":1,""sequence_logprob"":-1.5275236368179321,""mean_token_logprob"":-1.5275236368179321,""token_logprobs"":[-1.5275236368179321]},{""candidate"":""B"",""token_ids"":[33],""token_count"":1,""sequence_logprob"":-1.7150236368179321,""mean_token_logprob"":-1.7150236368179321,""token_logprobs"":[-1.7150236368179321]},{""candidate"":""C"",""token_ids"":[34],""token_count"":1,""sequence_logprob"":-3.5900235176086426,""mean_token_logprob"":-3.5900235176086426,""token_logprobs"":[-3.5900235176086426]},{""candidate"":""D"",""token_ids"":[35],""token_count"":1,""sequence_logprob"":-3.9650235176086426,""mean_token_logprob"":-3.9650235176086426,""token_logprobs"":[-3.9650235176086426]},{""candidate"":""E"",""token_ids"":[36],""token_count"":1,""sequence_logprob"":-1.5275236368179321,""mean_token_logprob"":-1.5275236368179321,""token_logprobs"":[-1.5275236368179321]}]",F,true
408631,Phee,A,0,0,audio_icl_candidate,candidate,,"[{""candidate"":""F"",""token_ids"":[37],""token_count"":1,""sequence_logprob"":-1.4140232801437378,""mean_token_logprob"":-1.4140232801437378,""token_logprobs"":[-1.4140232801437378]},{""candidate"":""A"",""token_ids"":[32],""token_count"":1,""sequence_logprob"":-1.5390232801437378,""mean_token_logprob"":-1.5390232801437378,""token_logprobs"":[-1.5390232801437378]},{""candidate"":""B"",""token_ids"":[33],""token_count"":1,""sequence_logprob"":-1.6015232801437378,""mean_token_logprob"":-1.6015232801437378,""token_logprobs"":[-1.6015232801437378]},{""candidate"":""C"",""token_ids"":[34],""token_count"":1,""sequence_logprob"":-2.7890233993530273,""mean_token_logprob"":-2.7890233993530273,""token_logprobs"":[-2.7890233993530273]},{""candidate"":""D"",""token_ids"":[35],""token_count"":1,""sequence_logprob"":-3.7265233993530273,""mean_token_logprob"":-3.7265233993530273,""token_logprobs"":[-3.7265233993530273]},{""candidate"":""E"",""token_ids"":[36],""token_count"":1,""sequence_logprob"":-1.6640232801437378,""mean_token_logprob"":-1.6640232801437378,""token_logprobs"":[-1.6640232801437378]}]",F,false
50919,Tsik,D,0,0,audio_icl_candidate,candidate,,"[{""candidate"":""F"",""token_ids"":[37],""token_count"":1,""sequence_logprob"":-1.2001488208770752,""mean_token_logprob"":-1.2001488208770752,""token_logprobs"":[-1.2001488208770752]},{""candidate"":""A"",""token_ids"":[32],""token_count"":1,""sequence_logprob"":-1.5751488208770752,""mean_token_logprob"":-1.5751488208770752,""token_logprobs"":[-1.5751488208770752]},{""candidate"":""B"",""token_ids"":[33],""token_count"":1,""sequence_logprob"":-1.6376488208770752,""mean_token_logprob"":-1.6376488208770752,""token_logprobs"":[-1.6376488208770752]},{""candidate"":""C"",""token_ids"":[34],""token_count"":1,""sequence_logprob"":-3.637648820877075,""mean_token_logprob"":-3.637648820877075,""token_logprobs"":[-3.637648820877075]},{""candidate"":""D"",""token_ids"":[35],""token_count"":1,""sequence_logprob"":-4.262648582458496,""mean_token_logprob"":-4.262648582458496,""token_logprobs"":[-4.262648582458496]},{""candidate"":""E"",""token_ids"":[36],""token_count"":1,""sequence_logprob"":-1.7001488208770752,""mean_token_logprob"":-1.7001488208770752,""token_logprobs"":[-1.7001488208770752]}]",F,false
51436,Trill,C,0,0,audio_icl_candidate,candidate,,"[{""candidate"":""F"",""token_ids"":[37],""token_count"":1,""sequence_logprob"":-1.357789158821106,""mean_token_logprob"":-1.357789158821106,""token_logprobs"":[-1.357789158821106]},{""candidate"":""A"",""token_ids"":[32],""token_count"":1,""sequence_logprob"":-1.607789158821106,""mean_token_logprob"":-1.607789158821106,""token_logprobs"":[-1.607789158821106]},{""candidate"":""B"",""token_ids"":[33],""token_count"":1,""sequence_logprob"":-1.545289158821106,""mean_token_logprob"":-1.545289158821106,""token_logprobs"":[-1.545289158821106]},{""candidate"":""C"",""token_ids"":[34],""token_count"":1,""sequence_logprob"":-3.6077890396118164,""mean_token_logprob"":-3.6077890396118164,""token_logprobs"":[-3.6077890396118164]},{""candidate"":""D"",""token_ids"":[35],""token_count"":1,""sequence_logprob"":-3.6702890396118164,""mean_token_logprob"":-3.6702890396118164,""token_logprobs"":[-3.6702890396118164]},{""candidate"":""E"",""token_ids"":[36],""token_count"":1,""sequence_logprob"":-1.795289158821106,""mean_token_logprob"":-1.795289158821106,""token_logprobs"":[-1.795289158821106]}]",F,false
517703,Trill,C,0,0,audio_icl_candidate,candidate,,"[{""candidate"":""F"",""token_ids"":[37],""token_count"":1,""sequence_logprob"":-1.4716880321502686,""mean_token_logprob"":-1.4716880321502686,""token_logprobs"":[-1.4716880321502686]},{""candidate"":""A"",""token_ids"":[32],""token_count"":1,""sequence_logprob"":-1.5966880321502686,""mean_token_logprob"":-1.5966880321502686,""token_logprobs"":[-1.5966880321502686]},{""candidate"":""B"",""token_ids"":[33],""token_count"":1,""sequence_logprob"":-1.5966880321502686,""mean_token_logprob"":-1.5966880321502686,""token_logprobs"":[-1.5966880321502686]},{""candidate"":""C"",""token_ids"":[34],""token_count"":1,""sequence_logprob"":-3.4716880321502686,""mean_token_logprob"":-3.4716880321502686,""token_logprobs"":[-3.4716880321502686]},{""candidate"":""D"",""token_ids"":[35],""token_count"":1,""sequence_logprob"":-4.159188270568848,""mean_token_logprob"":-4.159188270568848,""token_logprobs"":[-4.159188270568848]},{""candidate"":""E"",""token_ids"":[36],""token_count"":1,""sequence_logprob"":-1.5966880321502686,""mean_token_logprob"":-1.5966880321502686,""token_logprobs"":[-1.5966880321502686]}]",F,false
518079,Phee,A,0,0,audio_icl_candidate,candidate,,"[{""candidate"":""F"",""token_ids"":[37],""token_count"":1,""sequence_logprob"":-1.3249518871307373,""mean_token_logprob"":-1.3249518871307373,""token_logprobs"":[-1.3249518871307373]},{""candidate"":""A"",""token_ids"":[32],""token_count"":1,""sequence_logprob"":-1.5749518871307373,""mean_token_logprob"":-1.5749518871307373,""token_logprobs"":[-1.5749518871307373]},{""candidate"":""B"",""token_ids"":[33],""token_count"":1,""sequence_logprob"":-1.6374518871307373,""mean_token_logprob"":-1.6374518871307373,""token_logprobs"":[-1.6374518871307373]},{""candidate"":""C"",""token_ids"":[34],""token_count"":1,""sequence_logprob"":-3.0749518871307373,""mean_token_logprob"":-3.0749518871307373,""token_logprobs"":[-3.0749518871307373]},{""candidate"":""D"",""token_ids"":[35],""token_count"":1,""sequence_logprob"":-3.7624518871307373,""mean_token_logprob"":-3.7624518871307373,""token_logprobs"":[-3.7624518871307373]},{""candidate"":""E"",""token_ids"":[36],""token_count"":1,""sequence_logprob"":-1.6374518871307373,""mean_token_logprob"":-1.6374518871307373,""token_logprobs"":[-1.6374518871307373]}]",F,false
521545,Phee,A,0,0,audio_icl_candidate,candidate,,"[{""candidate"":""F"",""token_ids"":[37],""token_count"":1,""sequence_logprob"":-1.224743127822876,""mean_token_logprob"":-1.224743127822876,""token_logprobs"":[-1.224743127822876]},{""candidate"":""A"",""token_ids"":[32],""token_count"":1,""sequence_logprob"":-1.537243127822876,""mean_token_logprob"":-1.537243127822876,""token_logprobs"":[-1.537243127822876]},{""candidate"":""B"",""token_ids"":[33],""token_count"":1,""sequence_logprob"":-1.724743127822876,""mean_token_logprob"":-1.724743127822876,""token_logprobs"":[-1.724743127822876]},{""candidate"":""C"",""token_ids"":[34],""token_count"":1,""sequence_logprob"":-3.912243127822876,""mean_token_logprob"":-3.912243127822876,""token_logprobs"":[-3.912243127822876]},{""candidate"":""D"",""token_ids"":[35],""token_count"":1,""sequence_logprob"":-4.224742889404297,""mean_token_logprob"":-4.224742889404297,""token_logprobs"":[-4.224742889404297]},{""candidate"":""E"",""token_ids"":[36],""token_count"":1,""sequence_logprob"":-1.537243127822876,""mean_token_logprob"":-1.537243127822876,""token_logprobs"":[-1.537243127822876]}]",F,false
52861,Trill,C,0,0,audio_icl_candidate,candidate,,"[{""candidate"":""F"",""token_ids"":[37],""token_count"":1,""sequence_logprob"":-1.2872262001037598,""mean_token_logprob"":-1.2872262001037598,""token_logprobs"":[-1.2872262001037598]},{""candidate"":""A"",""token_ids"":[32],""token_count"":1,""sequence_logprob"":-1.5997262001037598,""mean_token_logprob"":-1.5997262001037598,""token_logprobs"":[-1.5997262001037598]},{""candidate"":""B"",""token_ids"":[33],""token_count"":1,""sequence_logprob"":-1.6622262001037598,""mean_token_logprob"":-1.6622262001037598,""token_logprobs"":[-1.6622262001037598]},{""candidate"":""C"",""token_ids"":[34],""token_count"":1,""sequence_logprob"":-3.2872262001037598,""mean_token_logprob"":-3.2872262001037598,""token_logprobs"":[-3.2872262001037598]},{""candidate"":""D"",""token_ids"":[35],""token_count"":1,""sequence_logprob"":-3.5997262001037598,""mean_token_logprob"":-3.5997262001037598,""token_logprobs"":[-3.5997262001037598]},{""candidate"":""E"",""token_ids"":[36],""token_count"":1,""sequence_logprob"":-1.7247262001037598,""mean_token_logprob"":-1.7247262001037598,""token_logprobs"":[-1.7247262001037598]}]",F,false
533988,Seep,B,0,0,audio_icl_candidate,candidate,,"[{""candidate"":""F"",""token_ids"":[37],""token_count"":1,""sequence_logprob"":-1.3776201009750366,""mean_token_logprob"":-1.3776201009750366,""token_logprobs"":[-1.3776201009750366]},{""candidate"":""A"",""token_ids"":[32],""token_count"":1,""sequence_logprob"":-1.4401201009750366,""mean_token_logprob"":-1.4401201009750366,""token_logprobs"":[-1.4401201009750366]},{""candidate"":""B"",""token_ids"":[33],""token_count"":1,""sequence_logprob"":-1.6276201009750366,""mean_token_logprob"":-1.6276201009750366,""token_logprobs"":[-1.6276201009750366]},{""candidate"":""C"",""token_ids"":[34],""token_count"":1,""sequence_logprob"":-3.627620220184326,""mean_token_logprob"":-3.627620220184326,""token_logprobs"":[-3.627620220184326]},{""candidate"":""D"",""token_ids"":[35],""token_count"":1,""sequence_logprob"":-3.940120220184326,""mean_token_logprob"":-3.940120220184326,""token_logprobs"":[-3.940120220184326]},{""candidate"":""E"",""token_ids"":[36],""token_count"":1,""sequence_logprob"":-1.6276201009750366,""mean_token_logprob"":-1.6276201009750366,""token_logprobs"":[-1.6276201009750366]}]",F,false
54180,Phee,A,0,0,audio_icl_candidate,candidate,,"[{""candidate"":""F"",""token_ids"":[37],""token_count"":1,""sequence_logprob"":-1.460397720336914,""mean_token_logprob"":-1.460397720336914,""token_logprobs"":[-1.460397720336914]},{""candidate"":""A"",""token_ids"":[32],""token_count"":1,""sequence_logprob"":-1.585397720336914,""mean_token_logprob"":-1.585397720336914,""token_logprobs"":[-1.585397720336914]},{""candidate"":""B"",""token_ids"":[33],""token_count"":1,""sequence_logprob"":-1.585397720336914,""mean_token_logprob"":-1.585397720336914,""token_logprobs"":[-1.585397720336914]},{""candidate"":""C"",""token_ids"":[34],""token_count"":1,""sequence_logprob"":-3.710397720336914,""mean_token_logprob"":-3.710397720336914,""token_logprobs"":[-3.710397720336914]},{""candidate"":""D"",""token_ids"":[35],""token_count"":1,""sequence_logprob"":-4.272897720336914,""mean_token_logprob"":-4.272897720336914,""token_logprobs"":[-4.272897720336914]},{""candidate"":""E"",""token_ids"":[36],""token_count"":1,""sequence_logprob"":-1.522897720336914,""mean_token_logprob"":-1.522897720336914,""token_logprobs"":[-1.522897720336914]}]",F,false
547929,Twitter,E,0,0,audio_icl_candidate,candidate,,"[{""candidate"":""F"",""token_ids"":[37],""token_count"":1,""sequence_logprob"":-1.4361249208450317,""mean_token_logprob"":-1.4361249208450317,""token_logprobs"":[-1.4361249208450317]},{""candidate"":""A"",""token_ids"":[32],""token_count"":1,""sequence_logprob"":-1.5611249208450317,""mean_token_logprob"":-1.5611249208450317,""token_logprobs"":[-1.5611249208450317]},{""candidate"":""B"",""token_ids"":[33],""token_count"":1,""sequence_logprob"":-1.6236249208450317,""mean_token_logprob"":-1.6236249208450317,""token_logprobs"":[-1.6236249208450317]},{""candidate"":""C"",""token_ids"":[34],""token_count"":1,""sequence_logprob"":-3.498624801635742,""mean_token_logprob"":-3.498624801635742,""token_logprobs"":[-3.498624801635742]},{""candidate"":""D"",""token_ids"":[35],""token_count"":1,""sequence_logprob"":-3.811124801635742,""mean_token_logprob"":-3.811124801635742,""token_logprobs"":[-3.811124801635742]},{""candidate"":""E"",""token_ids"":[36],""token_count"":1,""sequence_logprob"":-1.6236249208450317,""mean_token_logprob"":-1.6236249208450317,""token_logprobs"":[-1.6236249208450317]}]",F,false
547992,Phee,A,0,0,audio_icl_candidate,candidate,,"[{""candidate"":""F"",""token_ids"":[37],""token_count"":1,""sequence_logprob"":-1.38859224319458,""mean_token_logprob"":-1.38859224319458,""token_logprobs"":[-1.38859224319458]},{""candidate"":""A"",""token_ids"":[32],""token_count"":1,""sequence_logprob"":-1.57609224319458,""mean_token_logprob"":-1.57609224319458,""token_logprobs"":[-1.57609224319458]},{""candidate"":""B"",""token_ids"":[33],""token_count"":1,""sequence_logprob"":-1.63859224319458,""mean_token_logprob"":-1.63859224319458,""token_logprobs"":[-1.63859224319458]},{""candidate"":""C"",""token_ids"":[34],""token_count"":1,""sequence_logprob"":-3.20109224319458,""mean_token_logprob"":-3.20109224319458,""token_logprobs"":[-3.20109224319458]},{""candidate"":""D"",""token_ids"":[35],""token_count"":1,""sequence_logprob"":-3.57609224319458,""mean_token_logprob"":-3.57609224319458,""token_logprobs"":[-3.57609224319458]},{""candidate"":""E"",""token_ids"":[36],""token_count"":1,""sequence_logprob"":-1.57609224319458,""mean_token_logprob"":-1.57609224319458,""token_logprobs"":[-1.57609224319458]}]",F,false
548798,Trill,C,0,0,audio_icl_candidate,candidate,,"[{""candidate"":""F"",""token_ids"":[37],""token_count"":1,""sequence_logprob"":-1.3855103254318237,""mean_token_logprob"":-1.3855103254318237,""token_logprobs"":[-1.3855103254318237]},{""candidate"":""A"",""token_ids"":[32],""token_count"":1,""sequence_logprob"":-1.5730103254318237,""mean_token_logprob"":-1.5730103254318237,""token_logprobs"":[-1.5730103254318237]},{""candidate"":""B"",""token_ids"":[33],""token_count"":1,""sequence_logprob"":-1.5730103254318237,""mean_token_logprob"":-1.5730103254318237,""token_logprobs"":[-1.5730103254318237]},{""candidate"":""C"",""token_ids"":[34],""token_count"":1,""sequence_logprob"":-3.5105104446411133,""mean_token_logprob"":-3.5105104446411133,""token_logprobs"":[-3.5105104446411133]},{""candidate"":""D"",""token_ids"":[35],""token_count"":1,""sequence_logprob"":-3.3230104446411133,""mean_token_logprob"":-3.3230104446411133,""token_logprobs"":[-3.3230104446411133]},{""candidate"":""E"",""token_ids"":[36],""token_count"":1,""sequence_logprob"":-1.7605103254318237,""mean_token_logprob"":-1.7605103254318237,""token_logprobs"":[-1.7605103254318237]}]",F,false
56195,Trill,C,0,0,audio_icl_candidate,candidate,,"[{""candidate"":""F"",""token_ids"":[37],""token_count"":1,""sequence_logprob"":-1.3143086433410645,""mean_token_logprob"":-1.3143086433410645,""token_logprobs"":[-1.3143086433410645]},{""candidate"":""A"",""token_ids"":[32],""token_count"":1,""sequence_logprob"":-1.6268086433410645,""mean_token_logprob"":-1.6268086433410645,""token_logprobs"":[-1.6268086433410645]},{""candidate"":""B"",""token_ids"":[33],""token_count"":1,""sequence_logprob"":-1.6893086433410645,""mean_token_logprob"":-1.6893086433410645,""token_logprobs"":[-1.6893086433410645]},{""candidate"":""C"",""token_ids"":[34],""token_count"":1,""sequence_logprob"":-3.3143086433410645,""mean_token_logprob"":-3.3143086433410645,""token_logprobs"":[-3.3143086433410645]},{""candidate"":""D"",""token_ids"":[35],""token_count"":1,""sequence_logprob"":-3.9393086433410645,""mean_token_logprob"":-3.9393086433410645,""token_logprobs"":[-3.9393086433410645]},{""candidate"":""E"",""token_ids"":[36],""token_count"":1,""sequence_logprob"":-1.6268086433410645,""mean_token_logprob"":-1.6268086433410645,""token_logprobs"":[-1.6268086433410645]}]",F,false
580149,Trill,C,0,0,audio_icl_candidate,candidate,,"[{""candidate"":""F"",""token_ids"":[37],""token_count"":1,""sequence_logprob"":-1.48965322971344,""mean_token_logprob"":-1.48965322971344,""token_logprobs"":[-1.48965322971344]},{""candidate"":""A"",""token_ids"":[32],""token_count"":1,""sequence_logprob"":-1.36465322971344,""mean_token_logprob"":-1.36465322971344,""token_logprobs"":[-1.36465322971344]},{""candidate"":""B"",""token_ids"":[33],""token_count"":1,""sequence_logprob"":-1.48965322971344,""mean_token_logprob"":-1.48965322971344,""token_logprobs"":[-1.48965322971344]},{""candidate"":""C"",""token_ids"":[34],""token_count"":1,""sequence_logprob"":-3.9271531105041504,""mean_token_logprob"":-3.9271531105041504,""token_logprobs"":[-3.9271531105041504]},{""candidate"":""D"",""token_ids"":[35],""token_count"":1,""sequence_logprob"":-3.9896531105041504,""mean_token_logprob"":-3.9896531105041504,""token_logprobs"":[-3.9896531105041504]},{""candidate"":""E"",""token_ids"":[36],""token_count"":1,""sequence_logprob"":-1.73965322971344,""mean_token_logprob"":-1.73965322971344,""token_logprobs"":[-1.73965322971344]}]",A,false
580352,Phee,A,0,0,audio_icl_candidate,candidate,,"[{""candidate"":""F"",""token_ids"":[37],""token_count"":1,""sequence_logprob"":-1.4651378393173218,""mean_token_logprob"":-1.4651378393173218,""token_logprobs"":[-1.4651378393173218]},{""candidate"":""A"",""token_ids"":[32],""token_count"":1,""sequence_logprob"":-1.5276378393173218,""mean_token_logprob"":-1.5276378393173218,""token_logprobs"":[-1.5276378393173218]},{""candidate"":""B"",""token_ids"":[33],""token_count"":1,""sequence_logprob"":-1.6526378393173218,""mean_token_logprob"":-1.6526378393173218,""token_logprobs"":[-1.6526378393173218]},{""candidate"":""C"",""token_ids"":[34],""token_count"":1,""sequence_logprob"":-3.4026379585266113,""mean_token_logprob"":-3.4026379585266113,""token_logprobs"":[-3.4026379585266113]},{""candidate"":""D"",""token_ids"":[35],""token_count"":1,""sequence_logprob"":-3.6526379585266113,""mean_token_logprob"":-3.6526379585266113,""token_logprobs"":[-3.6526379585266113]},{""candidate"":""E"",""token_ids"":[36],""token_count"":1,""sequence_logprob"":-1.5276378393173218,""mean_token_logprob"":-1.5276378393173218,""token_logprobs"":[-1.5276378393173218]}]",F,false
590590,Phee,A,0,0,audio_icl_candidate,candidate,,"[{""candidate"":""F"",""token_ids"":[37],""token_count"":1,""sequence_logprob"":-1.393291711807251,""mean_token_logprob"":-1.393291711807251,""token_logprobs"":[-1.393291711807251]},{""candidate"":""A"",""token_ids"":[32],""token_count"":1,""sequence_logprob"":-1.643291711807251,""mean_token_logprob"":-1.643291711807251,""token_logprobs"":[-1.643291711807251]},{""candidate"":""B"",""token_ids"":[33],""token_count"":1,""sequence_logprob"":-1.580791711807251,""mean_token_logprob"":-1.580791711807251,""token_logprobs"":[-1.580791711807251]},{""candidate"":""C"",""token_ids"":[34],""token_count"":1,""sequence_logprob"":-3.018291711807251,""mean_token_logprob"":-3.018291711807251,""token_logprobs"":[-3.018291711807251]},{""candidate"":""D"",""token_ids"":[35],""token_count"":1,""sequence_logprob"":-3.830791711807251,""mean_token_logprob"":-3.830791711807251,""token_logprobs"":[-3.830791711807251]},{""candidate"":""E"",""token_ids"":[36],""token_count"":1,""sequence_logprob"":-1.580791711807251,""mean_token_logprob"":-1.580791711807251,""token_logprobs"":[-1.580791711807251]}]",F,false
592253,Trill,C,0,0,audio_icl_candidate,candidate,,"[{""candidate"":""F"",""token_ids"":[37],""token_count"":1,""sequence_logprob"":-1.2561649084091187,""mean_token_logprob"":-1.2561649084091187,""token_logprobs"":[-1.2561649084091187]},{""candidate"":""A"",""token_ids"":[32],""token_count"":1,""sequence_logprob"":-1.6311649084091187,""mean_token_logprob"":-1.6311649084091187,""token_logprobs"":[-1.6311649084091187]},{""candidate"":""B"",""token_ids"":[33],""token_count"":1,""sequence_logprob"":-1.6936649084091187,""mean_token_logprob"":-1.6936649084091187,""token_logprobs"":[-1.6936649084091187]},{""candidate"":""C"",""token_ids"":[34],""token_count"":1,""sequence_logprob"":-3.443665027618408,""mean_token_logprob"":-3.443665027618408,""token_logprobs"":[-3.443665027618408]},{""candidate"":""D"",""token_ids"":[35],""token_count"":1,""sequence_logprob"":-3.568665027618408,""mean_token_logprob"":-3.568665027618408,""token_logprobs"":[-3.568665027618408]},{""candidate"":""E"",""token_ids"":[36],""token_count"":1,""sequence_logprob"":-1.6936649084091187,""mean_token_logprob"":-1.6936649084091187,""token_logprobs"":[-1.6936649084091187]}]",F,false
592286,Twitter,E,0,0,audio_icl_candidate,candidate,,"[{""candidate"":""F"",""token_ids"":[37],""token_count"":1,""sequence_logprob"":-1.4576166868209839,""mean_token_logprob"":-1.4576166868209839,""token_logprobs"":[-1.4576166868209839]},{""candidate"":""A"",""token_ids"":[32],""token_count"":1,""sequence_logprob"":-1.2701166868209839,""mean_token_logprob"":-1.2701166868209839,""token_logprobs"":[-1.2701166868209839]},{""candidate"":""B"",""token_ids"":[33],""token_count"":1,""sequence_logprob"":-1.3951166868209839,""mean_token_logprob"":-1.3951166868209839,""token_logprobs"":[-1.3951166868209839]},{""candidate"":""C"",""token_ids"":[34],""token_count"":1,""sequence_logprob"":-4.145116806030273,""mean_token_logprob"":-4.145116806030273,""token_logprobs"":[-4.145116806030273]},{""candidate"":""D"",""token_ids"":[35],""token_count"":1,""sequence_logprob"":-4.145116806030273,""mean_token_logprob"":-4.145116806030273,""token_logprobs"":[-4.145116806030273]},{""candidate"":""E"",""token_ids"":[36],""token_count"":1,""sequence_logprob"":-2.0201168060302734,""mean_token_logprob"":-2.0201168060302734,""token_logprobs"":[-2.0201168060302734]}]",A,false
595018,Trill,C,0,0,audio_icl_candidate,candidate,,"[{""candidate"":""F"",""token_ids"":[37],""token_count"":1,""sequence_logprob"":-1.2944082021713257,""mean_token_logprob"":-1.2944082021713257,""token_logprobs"":[-1.2944082021713257]},{""candidate"":""A"",""token_ids"":[32],""token_count"":1,""sequence_logprob"":-1.6069082021713257,""mean_token_logprob"":-1.6069082021713257,""token_logprobs"":[-1.6069082021713257]},{""candidate"":""B"",""token_ids"":[33],""token_count"":1,""sequence_logprob"":-1.6069082021713257,""mean_token_logprob"":-1.6069082021713257,""token_logprobs"":[-1.6069082021713257]},{""candidate"":""C"",""token_ids"":[34],""token_count"":1,""sequence_logprob"":-3.3569083213806152,""mean_token_logprob"":-3.3569083213806152,""token_logprobs"":[-3.3569083213806152]},{""candidate"":""D"",""token_ids"":[35],""token_count"":1,""sequence_logprob"":-3.7944083213806152,""mean_token_logprob"":-3.7944083213806152,""token_logprobs"":[-3.7944083213806152]},{""candidate"":""E"",""token_ids"":[36],""token_count"":1,""sequence_logprob"":-1.6694082021713257,""mean_token_logprob"":-1.6694082021713257,""token_logprobs"":[-1.6694082021713257]}]",F,false
598116,Twitter,E,0,0,audio_icl_candidate,candidate,,"[{""candidate"":""F"",""token_ids"":[37],""token_count"":1,""sequence_logprob"":-1.5118242502212524,""mean_token_logprob"":-1.5118242502212524,""token_logprobs"":[-1.5118242502212524]},{""candidate"":""A"",""token_ids"":[32],""token_count"":1,""sequence_logprob"":-1.5118242502212524,""mean_token_logprob"":-1.5118242502212524,""token_logprobs"":[-1.5118242502212524]},{""candidate"":""B"",""token_ids"":[33],""token_count"":1,""sequence_logprob"":-1.4493242502212524,""mean_token_logprob"":-1.4493242502212524,""token_logprobs"":[-1.4493242502212524]},{""candidate"":""C"",""token_ids"":[34],""token_count"":1,""sequence_logprob"":-3.636824131011963,""mean_token_logprob"":-3.636824131011963,""token_logprobs"":[-3.636824131011963]},{""candidate"":""D"",""token_ids"":[35],""token_count"":1,""sequence_logprob"":-3.511824131011963,""mean_token_logprob"":-3.511824131011963,""token_logprobs"":[-3.511824131011963]},{""candidate"":""E"",""token_ids"":[36],""token_count"":1,""sequence_logprob"":-1.6368242502212524,""mean_token_logprob"":-1.6368242502212524,""token_logprobs"":[-1.6368242502212524]}]",B,false
598781,Twitter,E,0,0,audio_icl_candidate,candidate,,"[{""candidate"":""F"",""token_ids"":[37],""token_count"":1,""sequence_logprob"":-1.4544683694839478,""mean_token_logprob"":-1.4544683694839478,""token_logprobs"":[-1.4544683694839478]},{""candidate"":""A"",""token_ids"":[32],""token_count"":1,""sequence_logprob"":-1.4544683694839478,""mean_token_logprob"":-1.4544683694839478,""token_logprobs"":[-1.4544683694839478]},{""candidate"":""B"",""token_ids"":[33],""token_count"":1,""sequence_logprob"":-1.5169683694839478,""mean_token_logprob"":-1.5169683694839478,""token_logprobs"":[-1.5169683694839478]},{""candidate"":""C"",""token_ids"":[34],""token_count"":1,""sequence_logprob"":-3.766968250274658,""mean_token_logprob"":-3.766968250274658,""token_logprobs"":[-3.766968250274658]},{""candidate"":""D"",""token_ids"":[35],""token_count"":1,""sequence_logprob"":-3.641968250274658,""mean_token_logprob"":-3.641968250274658,""token_logprobs"":[-3.641968250274658]},{""candidate"":""E"",""token_ids"":[36],""token_count"":1,""sequence_logprob"":-1.7669683694839478,""mean_token_logprob"":-1.7669683694839478,""token_logprobs"":[-1.7669683694839478]}]",F,false
609454,Infant Cry,F,0,0,audio_icl_candidate,candidate,,"[{""candidate"":""F"",""token_ids"":[37],""token_count"":1,""sequence_logprob"":-1.4604570865631104,""mean_token_logprob"":-1.4604570865631104,""token_logprobs"":[-1.4604570865631104]},{""candidate"":""A"",""token_ids"":[32],""token_count"":1,""sequence_logprob"":-1.5229570865631104,""mean_token_logprob"":-1.5229570865631104,""token_logprobs"":[-1.5229570865631104]},{""candidate"":""B"",""token_ids"":[33],""token_count"":1,""sequence_logprob"":-1.6479570865631104,""mean_token_logprob"":-1.6479570865631104,""token_logprobs"":[-1.6479570865631104]},{""candidate"":""C"",""token_ids"":[34],""token_count"":1,""sequence_logprob"":-3.4604570865631104,""mean_token_logprob"":-3.4604570865631104,""token_logprobs"":[-3.4604570865631104]},{""candidate"":""D"",""token_ids"":[35],""token_count"":1,""sequence_logprob"":-3.8979570865631104,""mean_token_logprob"":-3.8979570865631104,""token_logprobs"":[-3.8979570865631104]},{""candidate"":""E"",""token_ids"":[36],""token_count"":1,""sequence_logprob"":-1.5229570865631104,""mean_token_logprob"":-1.5229570865631104,""token_logprobs"":[-1.5229570865631104]}]",F,true
610080,Tsik,D,0,0,audio_icl_candidate,candidate,,"[{""candidate"":""F"",""token_ids"":[37],""token_count"":1,""sequence_logprob"":-1.252455711364746,""mean_token_logprob"":-1.252455711364746,""token_logprobs"":[-1.252455711364746]},{""candidate"":""A"",""token_ids"":[32],""token_count"":1,""sequence_logprob"":-1.502455711364746,""mean_token_logprob"":-1.502455711364746,""token_logprobs"":[-1.502455711364746]},{""candidate"":""B"",""token_ids"":[33],""token_count"":1,""sequence_logprob"":-1.627455711364746,""mean_token_logprob"":-1.627455711364746,""token_logprobs"":[-1.627455711364746]},{""candidate"":""C"",""token_ids"":[34],""token_count"":1,""sequence_logprob"":-4.127455711364746,""mean_token_logprob"":-4.127455711364746,""token_logprobs"":[-4.127455711364746]},{""candidate"":""D"",""token_ids"":[35],""token_count"":1,""sequence_logprob"":-4.439955711364746,""mean_token_logprob"":-4.439955711364746,""token_logprobs"":[-4.439955711364746]},{""candidate"":""E"",""token_ids"":[36],""token_count"":1,""sequence_logprob"":-1.689955711364746,""mean_token_logprob"":-1.689955711364746,""token_logprobs"":[-1.689955711364746]}]",F,false
614582,Tsik,D,0,0,audio_icl_candidate,candidate,,"[{""candidate"":""F"",""token_ids"":[37],""token_count"":1,""sequence_logprob"":-1.1970810890197754,""mean_token_logprob"":-1.1970810890197754,""token_logprobs"":[-1.1970810890197754]},{""candidate"":""A"",""token_ids"":[32],""token_count"":1,""sequence_logprob"":-1.4470810890197754,""mean_token_logprob"":-1.4470810890197754,""token_logprobs"":[-1.4470810890197754]},{""candidate"":""B"",""token_ids"":[33],""token_count"":1,""sequence_logprob"":-1.6345810890197754,""mean_token_logprob"":-1.6345810890197754,""token_logprobs"":[-1.6345810890197754]},{""candidate"":""C"",""token_ids"":[34],""token_count"":1,""sequence_logprob"":-3.9470810890197754,""mean_token_logprob"":-3.9470810890197754,""token_logprobs"":[-3.9470810890197754]},{""candidate"":""D"",""token_ids"":[35],""token_count"":1,""sequence_logprob"":-4.509581089019775,""mean_token_logprob"":-4.509581089019775,""token_logprobs"":[-4.509581089019775]},{""candidate"":""E"",""token_ids"":[36],""token_count"":1,""sequence_logprob"":-1.8845810890197754,""mean_token_logprob"":-1.8845810890197754,""token_logprobs"":[-1.8845810890197754]}]",F,false
614794,Tsik,D,0,0,audio_icl_candidate,candidate,,"[{""candidate"":""F"",""token_ids"":[37],""token_count"":1,""sequence_logprob"":-1.3077683448791504,""mean_token_logprob"":-1.3077683448791504,""token_logprobs"":[-1.3077683448791504]},{""candidate"":""A"",""token_ids"":[32],""token_count"":1,""sequence_logprob"":-1.4952683448791504,""mean_token_logprob"":-1.4952683448791504,""token_logprobs"":[-1.4952683448791504]},{""candidate"":""B"",""token_ids"":[33],""token_count"":1,""sequence_logprob"":-1.6827683448791504,""mean_token_logprob"":-1.6827683448791504,""token_logprobs"":[-1.6827683448791504]},{""candidate"":""C"",""token_ids"":[34],""token_count"":1,""sequence_logprob"":-3.6827683448791504,""mean_token_logprob"":-3.6827683448791504,""token_logprobs"":[-3.6827683448791504]},{""candidate"":""D"",""token_ids"":[35],""token_count"":1,""sequence_logprob"":-3.6202683448791504,""mean_token_logprob"":-3.6202683448791504,""token_logprobs"":[-3.6202683448791504]},{""candidate"":""E"",""token_ids"":[36],""token_count"":1,""sequence_logprob"":-1.7452683448791504,""mean_token_logprob"":-1.7452683448791504,""token_logprobs"":[-1.7452683448791504]}]",F,false
622260,Twitter,E,0,0,audio_icl_candidate,candidate,,"[{""candidate"":""F"",""token_ids"":[37],""token_count"":1,""sequence_logprob"":-1.3993293046951294,""mean_token_logprob"":-1.3993293046951294,""token_logprobs"":[-1.3993293046951294]},{""candidate"":""A"",""token_ids"":[32],""token_count"":1,""sequence_logprob"":-1.3993293046951294,""mean_token_logprob"":-1.3993293046951294,""token_logprobs"":[-1.3993293046951294]},{""candidate"":""B"",""token_ids"":[33],""token_count"":1,""sequence_logprob"":-1.6493293046951294,""mean_token_logprob"":-1.6493293046951294,""token_logprobs"":[-1.6493293046951294]},{""candidate"":""C"",""token_ids"":[34],""token_count"":1,""sequence_logprob"":-3.96182918548584,""mean_token_logprob"":-3.96182918548584,""token_logprobs"":[-3.96182918548584]},{""candidate"":""D"",""token_ids"":[35],""token_count"":1,""sequence_logprob"":-3.71182918548584,""mean_token_logprob"":-3.71182918548584,""token_logprobs"":[-3.71182918548584]},{""candidate"":""E"",""token_ids"":[36],""token_count"":1,""sequence_logprob"":-1.5868293046951294,""mean_token_logprob"":-1.5868293046951294,""token_logprobs"":[-1.5868293046951294]}]",F,false
622312,Tsik,D,0,0,audio_icl_candidate,candidate,,"[{""candidate"":""F"",""token_ids"":[37],""token_count"":1,""sequence_logprob"":-1.2198559045791626,""mean_token_logprob"":-1.2198559045791626,""token_logprobs"":[-1.2198559045791626]},{""candidate"":""A"",""token_ids"":[32],""token_count"":1,""sequence_logprob"":-1.5323559045791626,""mean_token_logprob"":-1.5323559045791626,""token_logprobs"":[-1.5323559045791626]},{""candidate"":""B"",""token_ids"":[33],""token_count"":1,""sequence_logprob"":-1.6573559045791626,""mean_token_logprob"":-1.6573559045791626,""token_logprobs"":[-1.6573559045791626]},{""candidate"":""C"",""token_ids"":[34],""token_count"":1,""sequence_logprob"":-3.969855785369873,""mean_token_logprob"":-3.969855785369873,""token_logprobs"":[-3.969855785369873]},{""candidate"":""D"",""token_ids"":[35],""token_count"":1,""sequence_logprob"":-4.094855785369873,""mean_token_logprob"":-4.094855785369873,""token_logprobs"":[-4.094855785369873]},{""candidate"":""E"",""token_ids"":[36],""token_count"":1,""sequence_logprob"":-1.7198559045791626,""mean_token_logprob"":-1.7198559045791626,""token_logprobs"":[-1.7198559045791626]}]",F,false
622320,Trill,C,0,0,audio_icl_candidate,candidate,,"[{""candidate"":""F"",""token_ids"":[37],""token_count"":1,""sequence_logprob"":-1.2567884922027588,""mean_token_logprob"":-1.2567884922027588,""token_logprobs"":[-1.2567884922027588]},{""candidate"":""A"",""token_ids"":[32],""token_count"":1,""sequence_logprob"":-1.5692884922027588,""mean_token_logprob"":-1.5692884922027588,""token_logprobs"":[-1.5692884922027588]},{""candidate"":""B"",""token_ids"":[33],""token_count"":1,""sequence_logprob"":-1.6942884922027588,""mean_token_logprob"":-1.6942884922027588,""token_logprobs"":[-1.6942884922027588]},{""candidate"":""C"",""token_ids"":[34],""token_count"":1,""sequence_logprob"":-3.569288492202759,""mean_token_logprob"":-3.569288492202759,""token_logprobs"":[-3.569288492202759]},{""candidate"":""D"",""token_ids"":[35],""token_count"":1,""sequence_logprob"":-4.13178825378418,""mean_token_logprob"":-4.13178825378418,""token_logprobs"":[-4.13178825378418]},{""candidate"":""E"",""token_ids"":[36],""token_count"":1,""sequence_logprob"":-1.7567884922027588,""mean_token_logprob"":-1.7567884922027588,""token_logprobs"":[-1.7567884922027588]}]",F,false
622417,Seep,B,0,0,audio_icl_candidate,candidate,,"[{""candidate"":""F"",""token_ids"":[37],""token_count"":1,""sequence_logprob"":-1.2605739831924438,""mean_token_logprob"":-1.2605739831924438,""token_logprobs"":[-1.2605739831924438]},{""candidate"":""A"",""token_ids"":[32],""token_count"":1,""sequence_logprob"":-1.3855739831924438,""mean_token_logprob"":-1.3855739831924438,""token_logprobs"":[-1.3855739831924438]},{""candidate"":""B"",""token_ids"":[33],""token_count"":1,""sequence_logprob"":-1.6980739831924438,""mean_token_logprob"":-1.6980739831924438,""token_logprobs"":[-1.6980739831924438]},{""candidate"":""C"",""token_ids"":[34],""token_count"":1,""sequence_logprob"":-3.3230738639831543,""mean_token_logprob"":-3.3230738639831543,""token_logprobs"":[-3.3230738639831543]},{""candidate"":""D"",""token_ids"":[35],""token_count"":1,""sequence_logprob"":-4.323073863983154,""mean_token_logprob"":-4.323073863983154,""token_logprobs"":[-4.323073863983154]},{""candidate"":""E"",""token_ids"":[36],""token_count"":1,""sequence_logprob"":-1.7605739831924438,""mean_token_logprob"":-1.7605739831924438,""token_logprobs"":[-1.7605739831924438]}]",F,false
622758,Twitter,E,0,0,audio_icl_candidate,candidate,,"[{""candidate"":""F"",""token_ids"":[37],""token_count"":1,""sequence_logprob"":-1.6088387966156006,""mean_token_logprob"":-1.6088387966156006,""token_logprobs"":[-1.6088387966156006]},{""candidate"":""A"",""token_ids"":[32],""token_count"":1,""sequence_logprob"":-1.4213387966156006,""mean_token_logprob"":-1.4213387966156006,""token_logprobs"":[-1.4213387966156006]},{""candidate"":""B"",""token_ids"":[33],""token_count"":1,""sequence_logprob"":-1.4838387966156006,""mean_token_logprob"":-1.4838387966156006,""token_logprobs"":[-1.4838387966156006]},{""candidate"":""C"",""token_ids"":[34],""token_count"":1,""sequence_logprob"":-3.2963387966156006,""mean_token_logprob"":-3.2963387966156006,""token_logprobs"":[-3.2963387966156006]},{""candidate"":""D"",""token_ids"":[35],""token_count"":1,""sequence_logprob"":-3.2338387966156006,""mean_token_logprob"":-3.2338387966156006,""token_logprobs"":[-3.2338387966156006]},{""candidate"":""E"",""token_ids"":[36],""token_count"":1,""sequence_logprob"":-1.7338387966156006,""mean_token_logprob"":-1.7338387966156006,""token_logprobs"":[-1.7338387966156006]}]",A,false
623382,Seep,B,0,0,audio_icl_candidate,candidate,,"[{""candidate"":""F"",""token_ids"":[37],""token_count"":1,""sequence_logprob"":-1.3099497556686401,""mean_token_logprob"":-1.3099497556686401,""token_logprobs"":[-1.3099497556686401]},{""candidate"":""A"",""token_ids"":[32],""token_count"":1,""sequence_logprob"":-1.3724497556686401,""mean_token_logprob"":-1.3724497556686401,""token_logprobs"":[-1.3724497556686401]},{""candidate"":""B"",""token_ids"":[33],""token_count"":1,""sequence_logprob"":-1.8099497556686401,""mean_token_logprob"":-1.8099497556686401,""token_logprobs"":[-1.8099497556686401]},{""candidate"":""C"",""token_ids"":[34],""token_count"":1,""sequence_logprob"":-3.6224498748779297,""mean_token_logprob"":-3.6224498748779297,""token_logprobs"":[-3.6224498748779297]},{""candidate"":""D"",""token_ids"":[35],""token_count"":1,""sequence_logprob"":-3.8724498748779297,""mean_token_logprob"":-3.8724498748779297,""token_logprobs"":[-3.8724498748779297]},{""candidate"":""E"",""token_ids"":[36],""token_count"":1,""sequence_logprob"":-1.7474497556686401,""mean_token_logprob"":-1.7474497556686401,""token_logprobs"":[-1.7474497556686401]}]",F,false
623573,Twitter,E,0,0,audio_icl_candidate,candidate,,"[{""candidate"":""F"",""token_ids"":[37],""token_count"":1,""sequence_logprob"":-1.2669637203216553,""mean_token_logprob"":-1.2669637203216553,""token_logprobs"":[-1.2669637203216553]},{""candidate"":""A"",""token_ids"":[32],""token_count"":1,""sequence_logprob"":-1.5794637203216553,""mean_token_logprob"":-1.5794637203216553,""token_logprobs"":[-1.5794637203216553]},{""candidate"":""B"",""token_ids"":[33],""token_count"":1,""sequence_logprob"":-1.7044637203216553,""mean_token_logprob"":-1.7044637203216553,""token_logprobs"":[-1.7044637203216553]},{""candidate"":""C"",""token_ids"":[34],""token_count"":1,""sequence_logprob"":-4.204463958740234,""mean_token_logprob"":-4.204463958740234,""token_logprobs"":[-4.204463958740234]},{""candidate"":""D"",""token_ids"":[35],""token_count"":1,""sequence_logprob"":-4.579463958740234,""mean_token_logprob"":-4.579463958740234,""token_logprobs"":[-4.579463958740234]},{""candidate"":""E"",""token_ids"":[36],""token_count"":1,""sequence_logprob"":-1.7669637203216553,""mean_token_logprob"":-1.7669637203216553,""token_logprobs"":[-1.7669637203216553]}]",F,false
623621,Seep,B,0,0,audio_icl_candidate,candidate,,"[{""candidate"":""F"",""token_ids"":[37],""token_count"":1,""sequence_logprob"":-1.3358194828033447,""mean_token_logprob"":-1.3358194828033447,""token_logprobs"":[-1.3358194828033447]},{""candidate"":""A"",""token_ids"":[32],""token_count"":1,""sequence_logprob"":-1.3358194828033447,""mean_token_logprob"":-1.3358194828033447,""token_logprobs"":[-1.3358194828033447]},{""candidate"":""B"",""token_ids"":[33],""token_count"":1,""sequence_logprob"":-1.6483194828033447,""mean_token_logprob"":-1.6483194828033447,""token_logprobs"":[-1.6483194828033447]},{""candidate"":""C"",""token_ids"":[34],""token_count"":1,""sequence_logprob"":-3.1483194828033447,""mean_token_logprob"":-3.1483194828033447,""token_logprobs"":[-3.1483194828033447]},{""candidate"":""D"",""token_ids"":[35],""token_count"":1,""sequence_logprob"":-3.6483194828033447,""mean_token_logprob"":-3.6483194828033447,""token_logprobs"":[-3.6483194828033447]},{""candidate"":""E"",""token_ids"":[36],""token_count"":1,""sequence_logprob"":-1.8983194828033447,""mean_token_logprob"":-1.8983194828033447,""token_logprobs"":[-1.8983194828033447]}]",F,false
623676,Infant Cry,F,0,0,audio_icl_candidate,candidate,,"[{""candidate"":""F"",""token_ids"":[37],""token_count"":1,""sequence_logprob"":-1.4708490371704102,""mean_token_logprob"":-1.4708490371704102,""token_logprobs"":[-1.4708490371704102]},{""candidate"":""A"",""token_ids"":[32],""token_count"":1,""sequence_logprob"":-1.5333490371704102,""mean_token_logprob"":-1.5333490371704102,""token_logprobs"":[-1.5333490371704102]},{""candidate"":""B"",""token_ids"":[33],""token_count"":1,""sequence_logprob"":-1.5958490371704102,""mean_token_logprob"":-1.5958490371704102,""token_logprobs"":[-1.5958490371704102]},{""candidate"":""C"",""token_ids"":[34],""token_count"":1,""sequence_logprob"":-3.40834903717041,""mean_token_logprob"":-3.40834903717041,""token_logprobs"":[-3.40834903717041]},{""candidate"":""D"",""token_ids"":[35],""token_count"":1,""sequence_logprob"":-3.78334903717041,""mean_token_logprob"":-3.78334903717041,""token_logprobs"":[-3.78334903717041]},{""candidate"":""E"",""token_ids"":[36],""token_count"":1,""sequence_logprob"":-1.5958490371704102,""mean_token_logprob"":-1.5958490371704102,""token_logprobs"":[-1.5958490371704102]}]",F,true
623691,Infant Cry,F,0,0,audio_icl_candidate,candidate,,"[{""candidate"":""F"",""token_ids"":[37],""token_count"":1,""sequence_logprob"":-1.418354868888855,""mean_token_logprob"":-1.418354868888855,""token_logprobs"":[-1.418354868888855]},{""candidate"":""A"",""token_ids"":[32],""token_count"":1,""sequence_logprob"":-1.480854868888855,""mean_token_logprob"":-1.480854868888855,""token_logprobs"":[-1.480854868888855]},{""candidate"":""B"",""token_ids"":[33],""token_count"":1,""sequence_logprob"":-1.605854868888855,""mean_token_logprob"":-1.605854868888855,""token_logprobs"":[-1.605854868888855]},{""candidate"":""C"",""token_ids"":[34],""token_count"":1,""sequence_logprob"":-3.4808549880981445,""mean_token_logprob"":-3.4808549880981445,""token_logprobs"":[-3.4808549880981445]},{""candidate"":""D"",""token_ids"":[35],""token_count"":1,""sequence_logprob"":-4.0433549880981445,""mean_token_logprob"":-4.0433549880981445,""token_logprobs"":[-4.0433549880981445]},{""candidate"":""E"",""token_ids"":[36],""token_count"":1,""sequence_logprob"":-1.605854868888855,""mean_token_logprob"":-1.605854868888855,""token_logprobs"":[-1.605854868888855]}]",F,true
623713,Seep,B,0,0,audio_icl_candidate,candidate,,"[{""candidate"":""F"",""token_ids"":[37],""token_count"":1,""sequence_logprob"":-1.4342505931854248,""mean_token_logprob"":-1.4342505931854248,""token_logprobs"":[-1.4342505931854248]},{""candidate"":""A"",""token_ids"":[32],""token_count"":1,""sequence_logprob"":-1.3717505931854248,""mean_token_logprob"":-1.3717505931854248,""token_logprobs"":[-1.3717505931854248]},{""candidate"":""B"",""token_ids"":[33],""token_count"":1,""sequence_logprob"":-1.6842505931854248,""mean_token_logprob"":-1.6842505931854248,""token_logprobs"":[-1.6842505931854248]},{""candidate"":""C"",""token_ids"":[34],""token_count"":1,""sequence_logprob"":-3.246750593185425,""mean_token_logprob"":-3.246750593185425,""token_logprobs"":[-3.246750593185425]},{""candidate"":""D"",""token_ids"":[35],""token_count"":1,""sequence_logprob"":-3.684250593185425,""mean_token_logprob"":-3.684250593185425,""token_logprobs"":[-3.684250593185425]},{""candidate"":""E"",""token_ids"":[36],""token_count"":1,""sequence_logprob"":-1.7467505931854248,""mean_token_logprob"":-1.7467505931854248,""token_logprobs"":[-1.7467505931854248]}]",A,false
623831,Tsik,D,0,0,audio_icl_candidate,candidate,,"[{""candidate"":""F"",""token_ids"":[37],""token_count"":1,""sequence_logprob"":-1.3179295063018799,""mean_token_logprob"":-1.3179295063018799,""token_logprobs"":[-1.3179295063018799]},{""candidate"":""A"",""token_ids"":[32],""token_count"":1,""sequence_logprob"":-1.4429295063018799,""mean_token_logprob"":-1.4429295063018799,""token_logprobs"":[-1.4429295063018799]},{""candidate"":""B"",""token_ids"":[33],""token_count"":1,""sequence_logprob"":-1.6304295063018799,""mean_token_logprob"":-1.6304295063018799,""token_logprobs"":[-1.6304295063018799]},{""candidate"":""C"",""token_ids"":[34],""token_count"":1,""sequence_logprob"":-3.75542950630188,""mean_token_logprob"":-3.75542950630188,""token_logprobs"":[-3.75542950630188]},{""candidate"":""D"",""token_ids"":[35],""token_count"":1,""sequence_logprob"":-4.505429267883301,""mean_token_logprob"":-4.505429267883301,""token_logprobs"":[-4.505429267883301]},{""candidate"":""E"",""token_ids"":[36],""token_count"":1,""sequence_logprob"":-1.8179295063018799,""mean_token_logprob"":-1.8179295063018799,""token_logprobs"":[-1.8179295063018799]}]",F,false
624179,Twitter,E,0,0,audio_icl_candidate,candidate,,"[{""candidate"":""F"",""token_ids"":[37],""token_count"":1,""sequence_logprob"":-1.6135494709014893,""mean_token_logprob"":-1.6135494709014893,""token_logprobs"":[-1.6135494709014893]},{""candidate"":""A"",""token_ids"":[32],""token_count"":1,""sequence_logprob"":-1.3635494709014893,""mean_token_logprob"":-1.3635494709014893,""token_logprobs"":[-1.3635494709014893]},{""candidate"":""B"",""token_ids"":[33],""token_count"":1,""sequence_logprob"":-1.3635494709014893,""mean_token_logprob"":-1.3635494709014893,""token_logprobs"":[-1.3635494709014893]},{""candidate"":""C"",""token_ids"":[34],""token_count"":1,""sequence_logprob"":-3.9260494709014893,""mean_token_logprob"":-3.9260494709014893,""token_logprobs"":[-3.9260494709014893]},{""candidate"":""D"",""token_ids"":[35],""token_count"":1,""sequence_logprob"":-3.9260494709014893,""mean_token_logprob"":-3.9260494709014893,""token_logprobs"":[-3.9260494709014893]},{""candidate"":""E"",""token_ids"":[36],""token_count"":1,""sequence_logprob"":-1.7385494709014893,""mean_token_logprob"":-1.7385494709014893,""token_logprobs"":[-1.7385494709014893]}]",A,false
624712,Trill,C,0,0,audio_icl_candidate,candidate,,"[{""candidate"":""F"",""token_ids"":[37],""token_count"":1,""sequence_logprob"":-1.393674612045288,""mean_token_logprob"":-1.393674612045288,""token_logprobs"":[-1.393674612045288]},{""candidate"":""A"",""token_ids"":[32],""token_count"":1,""sequence_logprob"":-1.518674612045288,""mean_token_logprob"":-1.518674612045288,""token_logprobs"":[-1.518674612045288]},{""candidate"":""B"",""token_ids"":[33],""token_count"":1,""sequence_logprob"":-1.581174612045288,""mean_token_logprob"":-1.581174612045288,""token_logprobs"":[-1.581174612045288]},{""candidate"":""C"",""token_ids"":[34],""token_count"":1,""sequence_logprob"":-3.518674612045288,""mean_token_logprob"":-3.518674612045288,""token_logprobs"":[-3.518674612045288]},{""candidate"":""D"",""token_ids"":[35],""token_count"":1,""sequence_logprob"":-4.206174850463867,""mean_token_logprob"":-4.206174850463867,""token_logprobs"":[-4.206174850463867]},{""candidate"":""E"",""token_ids"":[36],""token_count"":1,""sequence_logprob"":-1.643674612045288,""mean_token_logprob"":-1.643674612045288,""token_logprobs"":[-1.643674612045288]}]",F,false
625053,Twitter,E,0,0,audio_icl_candidate,candidate,,"[{""candidate"":""F"",""token_ids"":[37],""token_count"":1,""sequence_logprob"":-1.4393576383590698,""mean_token_logprob"":-1.4393576383590698,""token_logprobs"":[-1.4393576383590698]},{""candidate"":""A"",""token_ids"":[32],""token_count"":1,""sequence_logprob"":-1.3768576383590698,""mean_token_logprob"":-1.3768576383590698,""token_logprobs"":[-1.3768576383590698]},{""candidate"":""B"",""token_ids"":[33],""token_count"":1,""sequence_logprob"":-1.3768576383590698,""mean_token_logprob"":-1.3768576383590698,""token_logprobs"":[-1.3768576383590698]},{""candidate"":""C"",""token_ids"":[34],""token_count"":1,""sequence_logprob"":-4.251857757568359,""mean_token_logprob"":-4.251857757568359,""token_logprobs"":[-4.251857757568359]},{""candidate"":""D"",""token_ids"":[35],""token_count"":1,""sequence_logprob"":-4.126857757568359,""mean_token_logprob"":-4.126857757568359,""token_logprobs"":[-4.126857757568359]},{""candidate"":""E"",""token_ids"":[36],""token_count"":1,""sequence_logprob"":-1.6893576383590698,""mean_token_logprob"":-1.6893576383590698,""token_logprobs"":[-1.6893576383590698]}]",A,false
628729,Infant Cry,F,0,0,audio_icl_candidate,candidate,,"[{""candidate"":""F"",""token_ids"":[37],""token_count"":1,""sequence_logprob"":-1.6856186389923096,""mean_token_logprob"":-1.6856186389923096,""token_logprobs"":[-1.6856186389923096]},{""candidate"":""A"",""token_ids"":[32],""token_count"":1,""sequence_logprob"":-1.5606186389923096,""mean_token_logprob"":-1.5606186389923096,""token_logprobs"":[-1.5606186389923096]},{""candidate"":""B"",""token_ids"":[33],""token_count"":1,""sequence_logprob"":-1.6231186389923096,""mean_token_logprob"":-1.6231186389923096,""token_logprobs"":[-1.6231186389923096]},{""candidate"":""C"",""token_ids"":[34],""token_count"":1,""sequence_logprob"":-3.3106186389923096,""mean_token_logprob"":-3.3106186389923096,""token_logprobs"":[-3.3106186389923096]},{""candidate"":""D"",""token_ids"":[35],""token_count"":1,""sequence_logprob"":-3.3731186389923096,""mean_token_logprob"":-3.3731186389923096,""token_logprobs"":[-3.3731186389923096]},{""candidate"":""E"",""token_ids"":[36],""token_count"":1,""sequence_logprob"":-1.4356186389923096,""mean_token_logprob"":-1.4356186389923096,""token_logprobs"":[-1.4356186389923096]}]",E,false
631448,Trill,C,0,0,audio_icl_candidate,candidate,,"[{""candidate"":""F"",""token_ids"":[37],""token_count"":1,""sequence_logprob"":-1.3344131708145142,""mean_token_logprob"":-1.3344131708145142,""token_logprobs"":[-1.3344131708145142]},{""candidate"":""A"",""token_ids"":[32],""token_count"":1,""sequence_logprob"":-1.5219131708145142,""mean_token_logprob"":-1.5219131708145142,""token_logprobs"":[-1.5219131708145142]},{""candidate"":""B"",""token_ids"":[33],""token_count"":1,""sequence_logprob"":-1.6469131708145142,""mean_token_logprob"":-1.6469131708145142,""token_logprobs"":[-1.6469131708145142]},{""candidate"":""C"",""token_ids"":[34],""token_count"":1,""sequence_logprob"":-3.4594130516052246,""mean_token_logprob"":-3.4594130516052246,""token_logprobs"":[-3.4594130516052246]},{""candidate"":""D"",""token_ids"":[35],""token_count"":1,""sequence_logprob"":-3.7719130516052246,""mean_token_logprob"":-3.7719130516052246,""token_logprobs"":[-3.7719130516052246]},{""candidate"":""E"",""token_ids"":[36],""token_count"":1,""sequence_logprob"":-1.6469131708145142,""mean_token_logprob"":-1.6469131708145142,""token_logprobs"":[-1.6469131708145142]}]",F,false
631485,Phee,A,0,0,audio_icl_candidate,candidate,,"[{""candidate"":""F"",""token_ids"":[37],""token_count"":1,""sequence_logprob"":-1.3175792694091797,""mean_token_logprob"":-1.3175792694091797,""token_logprobs"":[-1.3175792694091797]},{""candidate"":""A"",""token_ids"":[32],""token_count"":1,""sequence_logprob"":-1.5675792694091797,""mean_token_logprob"":-1.5675792694091797,""token_logprobs"":[-1.5675792694091797]},{""candidate"":""B"",""token_ids"":[33],""token_count"":1,""sequence_logprob"":-1.6300792694091797,""mean_token_logprob"":-1.6300792694091797,""token_logprobs"":[-1.6300792694091797]},{""candidate"":""C"",""token_ids"":[34],""token_count"":1,""sequence_logprob"":-2.6300792694091797,""mean_token_logprob"":-2.6300792694091797,""token_logprobs"":[-2.6300792694091797]},{""candidate"":""D"",""token_ids"":[35],""token_count"":1,""sequence_logprob"":-4.13007926940918,""mean_token_logprob"":-4.13007926940918,""token_logprobs"":[-4.13007926940918]},{""candidate"":""E"",""token_ids"":[36],""token_count"":1,""sequence_logprob"":-1.6300792694091797,""mean_token_logprob"":-1.6300792694091797,""token_logprobs"":[-1.6300792694091797]}]",F,false
631861,Infant Cry,F,0,0,audio_icl_candidate,candidate,,"[{""candidate"":""F"",""token_ids"":[37],""token_count"":1,""sequence_logprob"":-1.5437709093093872,""mean_token_logprob"":-1.5437709093093872,""token_logprobs"":[-1.5437709093093872]},{""candidate"":""A"",""token_ids"":[32],""token_count"":1,""sequence_logprob"":-1.4812709093093872,""mean_token_logprob"":-1.4812709093093872,""token_logprobs"":[-1.4812709093093872]},{""candidate"":""B"",""token_ids"":[33],""token_count"":1,""sequence_logprob"":-1.5437709093093872,""mean_token_logprob"":-1.5437709093093872,""token_logprobs"":[-1.5437709093093872]},{""candidate"":""C"",""token_ids"":[34],""token_count"":1,""sequence_logprob"":-3.4187707901000977,""mean_token_logprob"":-3.4187707901000977,""token_logprobs"":[-3.4187707901000977]},{""candidate"":""D"",""token_ids"":[35],""token_count"":1,""sequence_logprob"":-3.4187707901000977,""mean_token_logprob"":-3.4187707901000977,""token_logprobs"":[-3.4187707901000977]},{""candidate"":""E"",""token_ids"":[36],""token_count"":1,""sequence_logprob"":-1.6062709093093872,""mean_token_logprob"":-1.6062709093093872,""token_logprobs"":[-1.6062709093093872]}]",A,false
631947,Tsik,D,0,0,audio_icl_candidate,candidate,,"[{""candidate"":""F"",""token_ids"":[37],""token_count"":1,""sequence_logprob"":-1.3387740850448608,""mean_token_logprob"":-1.3387740850448608,""token_logprobs"":[-1.3387740850448608]},{""candidate"":""A"",""token_ids"":[32],""token_count"":1,""sequence_logprob"":-1.4637740850448608,""mean_token_logprob"":-1.4637740850448608,""token_logprobs"":[-1.4637740850448608]},{""candidate"":""B"",""token_ids"":[33],""token_count"":1,""sequence_logprob"":-1.5262740850448608,""mean_token_logprob"":-1.5262740850448608,""token_logprobs"":[-1.5262740850448608]},{""candidate"":""C"",""token_ids"":[34],""token_count"":1,""sequence_logprob"":-3.5262742042541504,""mean_token_logprob"":-3.5262742042541504,""token_logprobs"":[-3.5262742042541504]},{""candidate"":""D"",""token_ids"":[35],""token_count"":1,""sequence_logprob"":-4.02627420425415,""mean_token_logprob"":-4.02627420425415,""token_logprobs"":[-4.02627420425415]},{""candidate"":""E"",""token_ids"":[36],""token_count"":1,""sequence_logprob"":-1.8387740850448608,""mean_token_logprob"":-1.8387740850448608,""token_logprobs"":[-1.8387740850448608]}]",F,false
632037,Tsik,D,0,0,audio_icl_candidate,candidate,,"[{""candidate"":""F"",""token_ids"":[37],""token_count"":1,""sequence_logprob"":-1.2194818258285522,""mean_token_logprob"":-1.2194818258285522,""token_logprobs"":[-1.2194818258285522]},{""candidate"":""A"",""token_ids"":[32],""token_count"":1,""sequence_logprob"":-1.4694818258285522,""mean_token_logprob"":-1.4694818258285522,""token_logprobs"":[-1.4694818258285522]},{""candidate"":""B"",""token_ids"":[33],""token_count"":1,""sequence_logprob"":-1.4694818258285522,""mean_token_logprob"":-1.4694818258285522,""token_logprobs"":[-1.4694818258285522]},{""candidate"":""C"",""token_ids"":[34],""token_count"":1,""sequence_logprob"":-4.469481945037842,""mean_token_logprob"":-4.469481945037842,""token_logprobs"":[-4.469481945037842]},{""candidate"":""D"",""token_ids"":[35],""token_count"":1,""sequence_logprob"":-4.406981945037842,""mean_token_logprob"":-4.406981945037842,""token_logprobs"":[-4.406981945037842]},{""candidate"":""E"",""token_ids"":[36],""token_count"":1,""sequence_logprob"":-1.9069818258285522,""mean_token_logprob"":-1.9069818258285522,""token_logprobs"":[-1.9069818258285522]}]",F,false
632300,Phee,A,0,0,audio_icl_candidate,candidate,,"[{""candidate"":""F"",""token_ids"":[37],""token_count"":1,""sequence_logprob"":-1.559320092201233,""mean_token_logprob"":-1.559320092201233,""token_logprobs"":[-1.559320092201233]},{""candidate"":""A"",""token_ids"":[32],""token_count"":1,""sequence_logprob"":-1.496820092201233,""mean_token_logprob"":-1.496820092201233,""token_logprobs"":[-1.496820092201233]},{""candidate"":""B"",""token_ids"":[33],""token_count"":1,""sequence_logprob"":-1.684320092201233,""mean_token_logprob"":-1.684320092201233,""token_logprobs"":[-1.684320092201233]},{""candidate"":""C"",""token_ids"":[34],""token_count"":1,""sequence_logprob"":-2.6218199729919434,""mean_token_logprob"":-2.6218199729919434,""token_logprobs"":[-2.6218199729919434]},{""candidate"":""D"",""token_ids"":[35],""token_count"":1,""sequence_logprob"":-4.246819972991943,""mean_token_logprob"":-4.246819972991943,""token_logprobs"":[-4.246819972991943]},{""candidate"":""E"",""token_ids"":[36],""token_count"":1,""sequence_logprob"":-1.496820092201233,""mean_token_logprob"":-1.496820092201233,""token_logprobs"":[-1.496820092201233]}]",A,true
632381,Twitter,E,0,0,audio_icl_candidate,candidate,,"[{""candidate"":""F"",""token_ids"":[37],""token_count"":1,""sequence_logprob"":-1.4004894495010376,""mean_token_logprob"":-1.4004894495010376,""token_logprobs"":[-1.4004894495010376]},{""candidate"":""A"",""token_ids"":[32],""token_count"":1,""sequence_logprob"":-1.5254894495010376,""mean_token_logprob"":-1.5254894495010376,""token_logprobs"":[-1.5254894495010376]},{""candidate"":""B"",""token_ids"":[33],""token_count"":1,""sequence_logprob"":-1.4629894495010376,""mean_token_logprob"":-1.4629894495010376,""token_logprobs"":[-1.4629894495010376]},{""candidate"":""C"",""token_ids"":[34],""token_count"":1,""sequence_logprob"":-3.587989330291748,""mean_token_logprob"":-3.587989330291748,""token_logprobs"":[-3.587989330291748]},{""candidate"":""D"",""token_ids"":[35],""token_count"":1,""sequence_logprob"":-3.962989330291748,""mean_token_logprob"":-3.962989330291748,""token_logprobs"":[-3.962989330291748]},{""candidate"":""E"",""token_ids"":[36],""token_count"":1,""sequence_logprob"":-1.6504894495010376,""mean_token_logprob"":-1.6504894495010376,""token_logprobs"":[-1.6504894495010376]}]",F,false
632863,Phee,A,0,0,audio_icl_candidate,candidate,,"[{""candidate"":""F"",""token_ids"":[37],""token_count"":1,""sequence_logprob"":-1.4088776111602783,""mean_token_logprob"":-1.4088776111602783,""token_logprobs"":[-1.4088776111602783]},{""candidate"":""A"",""token_ids"":[32],""token_count"":1,""sequence_logprob"":-1.5338776111602783,""mean_token_logprob"":-1.5338776111602783,""token_logprobs"":[-1.5338776111602783]},{""candidate"":""B"",""token_ids"":[33],""token_count"":1,""sequence_logprob"":-1.7213776111602783,""mean_token_logprob"":-1.7213776111602783,""token_logprobs"":[-1.7213776111602783]},{""candidate"":""C"",""token_ids"":[34],""token_count"":1,""sequence_logprob"":-3.2838776111602783,""mean_token_logprob"":-3.2838776111602783,""token_logprobs"":[-3.2838776111602783]},{""candidate"":""D"",""token_ids"":[35],""token_count"":1,""sequence_logprob"":-3.7838776111602783,""mean_token_logprob"":-3.7838776111602783,""token_logprobs"":[-3.7838776111602783]},{""candidate"":""E"",""token_ids"":[36],""token_count"":1,""sequence_logprob"":-1.7213776111602783,""mean_token_logprob"":-1.7213776111602783,""token_logprobs"":[-1.7213776111602783]}]",F,false
633531,Phee,A,0,0,audio_icl_candidate,candidate,,"[{""candidate"":""F"",""token_ids"":[37],""token_count"":1,""sequence_logprob"":-1.347876787185669,""mean_token_logprob"":-1.347876787185669,""token_logprobs"":[-1.347876787185669]},{""candidate"":""A"",""token_ids"":[32],""token_count"":1,""sequence_logprob"":-1.472876787185669,""mean_token_logprob"":-1.472876787185669,""token_logprobs"":[-1.472876787185669]},{""candidate"":""B"",""token_ids"":[33],""token_count"":1,""sequence_logprob"":-1.660376787185669,""mean_token_logprob"":-1.660376787185669,""token_logprobs"":[-1.660376787185669]},{""candidate"":""C"",""token_ids"":[34],""token_count"":1,""sequence_logprob"":-3.472876787185669,""mean_token_logprob"":-3.472876787185669,""token_logprobs"":[-3.472876787185669]},{""candidate"":""D"",""token_ids"":[35],""token_count"":1,""sequence_logprob"":-4.03537654876709,""mean_token_logprob"":-4.03537654876709,""token_logprobs"":[-4.03537654876709]},{""candidate"":""E"",""token_ids"":[36],""token_count"":1,""sequence_logprob"":-1.722876787185669,""mean_token_logprob"":-1.722876787185669,""token_logprobs"":[-1.722876787185669]}]",F,false
642827,Tsik,D,0,0,audio_icl_candidate,candidate,,"[{""candidate"":""F"",""token_ids"":[37],""token_count"":1,""sequence_logprob"":-1.2904181480407715,""mean_token_logprob"":-1.2904181480407715,""token_logprobs"":[-1.2904181480407715]},{""candidate"":""A"",""token_ids"":[32],""token_count"":1,""sequence_logprob"":-1.5404181480407715,""mean_token_logprob"":-1.5404181480407715,""token_logprobs"":[-1.5404181480407715]},{""candidate"":""B"",""token_ids"":[33],""token_count"":1,""sequence_logprob"":-1.7279181480407715,""mean_token_logprob"":-1.7279181480407715,""token_logprobs"":[-1.7279181480407715]},{""candidate"":""C"",""token_ids"":[34],""token_count"":1,""sequence_logprob"":-3.4779181480407715,""mean_token_logprob"":-3.4779181480407715,""token_logprobs"":[-3.4779181480407715]},{""candidate"":""D"",""token_ids"":[35],""token_count"":1,""sequence_logprob"":-4.2904181480407715,""mean_token_logprob"":-4.2904181480407715,""token_logprobs"":[-4.2904181480407715]},{""candidate"":""E"",""token_ids"":[36],""token_count"":1,""sequence_logprob"":-1.7279181480407715,""mean_token_logprob"":-1.7279181480407715,""token_logprobs"":[-1.7279181480407715]}]",F,false
647588,Phee,A,0,0,audio_icl_candidate,candidate,,"[{""candidate"":""F"",""token_ids"":[37],""token_count"":1,""sequence_logprob"":-1.3290013074874878,""mean_token_logprob"":-1.3290013074874878,""token_logprobs"":[-1.3290013074874878]},{""candidate"":""A"",""token_ids"":[32],""token_count"":1,""sequence_logprob"":-1.5790013074874878,""mean_token_logprob"":-1.5790013074874878,""token_logprobs"":[-1.5790013074874878]},{""candidate"":""B"",""token_ids"":[33],""token_count"":1,""sequence_logprob"":-1.5790013074874878,""mean_token_logprob"":-1.5790013074874878,""token_logprobs"":[-1.5790013074874878]},{""candidate"":""C"",""token_ids"":[34],""token_count"":1,""sequence_logprob"":-3.2665014266967773,""mean_token_logprob"":-3.2665014266967773,""token_logprobs"":[-3.2665014266967773]},{""candidate"":""D"",""token_ids"":[35],""token_count"":1,""sequence_logprob"":-3.5165014266967773,""mean_token_logprob"":-3.5165014266967773,""token_logprobs"":[-3.5165014266967773]},{""candidate"":""E"",""token_ids"":[36],""token_count"":1,""sequence_logprob"":-1.7665013074874878,""mean_token_logprob"":-1.7665013074874878,""token_logprobs"":[-1.7665013074874878]}]",F,false
695230,Trill,C,0,0,audio_icl_candidate,candidate,,"[{""candidate"":""F"",""token_ids"":[37],""token_count"":1,""sequence_logprob"":-1.314849615097046,""mean_token_logprob"":-1.314849615097046,""token_logprobs"":[-1.314849615097046]},{""candidate"":""A"",""token_ids"":[32],""token_count"":1,""sequence_logprob"":-1.564849615097046,""mean_token_logprob"":-1.564849615097046,""token_logprobs"":[-1.564849615097046]},{""candidate"":""B"",""token_ids"":[33],""token_count"":1,""sequence_logprob"":-1.502349615097046,""mean_token_logprob"":-1.502349615097046,""token_logprobs"":[-1.502349615097046]},{""candidate"":""C"",""token_ids"":[34],""token_count"":1,""sequence_logprob"":-3.564849615097046,""mean_token_logprob"":-3.564849615097046,""token_logprobs"":[-3.564849615097046]},{""candidate"":""D"",""token_ids"":[35],""token_count"":1,""sequence_logprob"":-3.877349615097046,""mean_token_logprob"":-3.877349615097046,""token_logprobs"":[-3.877349615097046]},{""candidate"":""E"",""token_ids"":[36],""token_count"":1,""sequence_logprob"":-1.752349615097046,""mean_token_logprob"":-1.752349615097046,""token_logprobs"":[-1.752349615097046]}]",F,false
699227,Twitter,E,0,0,audio_icl_candidate,candidate,,"[{""candidate"":""F"",""token_ids"":[37],""token_count"":1,""sequence_logprob"":-1.3944463729858398,""mean_token_logprob"":-1.3944463729858398,""token_logprobs"":[-1.3944463729858398]},{""candidate"":""A"",""token_ids"":[32],""token_count"":1,""sequence_logprob"":-1.5194463729858398,""mean_token_logprob"":-1.5194463729858398,""token_logprobs"":[-1.5194463729858398]},{""candidate"":""B"",""token_ids"":[33],""token_count"":1,""sequence_logprob"":-1.5194463729858398,""mean_token_logprob"":-1.5194463729858398,""token_logprobs"":[-1.5194463729858398]},{""candidate"":""C"",""token_ids"":[34],""token_count"":1,""sequence_logprob"":-3.58194637298584,""mean_token_logprob"":-3.58194637298584,""token_logprobs"":[-3.58194637298584]},{""candidate"":""D"",""token_ids"":[35],""token_count"":1,""sequence_logprob"":-3.58194637298584,""mean_token_logprob"":-3.58194637298584,""token_logprobs"":[-3.58194637298584]},{""candidate"":""E"",""token_ids"":[36],""token_count"":1,""sequence_logprob"":-1.7069463729858398,""mean_token_logprob"":-1.7069463729858398,""token_logprobs"":[-1.7069463729858398]}]",F,false
706021,Phee,A,0,0,audio_icl_candidate,candidate,,"[{""candidate"":""F"",""token_ids"":[37],""token_count"":1,""sequence_logprob"":-1.4203362464904785,""mean_token_logprob"":-1.4203362464904785,""token_logprobs"":[-1.4203362464904785]},{""candidate"":""A"",""token_ids"":[32],""token_count"":1,""sequence_logprob"":-1.5453362464904785,""mean_token_logprob"":-1.5453362464904785,""token_logprobs"":[-1.5453362464904785]},{""candidate"":""B"",""token_ids"":[33],""token_count"":1,""sequence_logprob"":-1.6078362464904785,""mean_token_logprob"":-1.6078362464904785,""token_logprobs"":[-1.6078362464904785]},{""candidate"":""C"",""token_ids"":[34],""token_count"":1,""sequence_logprob"":-2.9828362464904785,""mean_token_logprob"":-2.9828362464904785,""token_logprobs"":[-2.9828362464904785]},{""candidate"":""D"",""token_ids"":[35],""token_count"":1,""sequence_logprob"":-3.8578362464904785,""mean_token_logprob"":-3.8578362464904785,""token_logprobs"":[-3.8578362464904785]},{""candidate"":""E"",""token_ids"":[36],""token_count"":1,""sequence_logprob"":-1.5453362464904785,""mean_token_logprob"":-1.5453362464904785,""token_logprobs"":[-1.5453362464904785]}]",F,false
708875,Trill,C,0,0,audio_icl_candidate,candidate,,"[{""candidate"":""F"",""token_ids"":[37],""token_count"":1,""sequence_logprob"":-1.337679386138916,""mean_token_logprob"":-1.337679386138916,""token_logprobs"":[-1.337679386138916]},{""candidate"":""A"",""token_ids"":[32],""token_count"":1,""sequence_logprob"":-1.587679386138916,""mean_token_logprob"":-1.587679386138916,""token_logprobs"":[-1.587679386138916]},{""candidate"":""B"",""token_ids"":[33],""token_count"":1,""sequence_logprob"":-1.650179386138916,""mean_token_logprob"":-1.650179386138916,""token_logprobs"":[-1.650179386138916]},{""candidate"":""C"",""token_ids"":[34],""token_count"":1,""sequence_logprob"":-3.712679386138916,""mean_token_logprob"":-3.712679386138916,""token_logprobs"":[-3.712679386138916]},{""candidate"":""D"",""token_ids"":[35],""token_count"":1,""sequence_logprob"":-3.712679386138916,""mean_token_logprob"":-3.712679386138916,""token_logprobs"":[-3.712679386138916]},{""candidate"":""E"",""token_ids"":[36],""token_count"":1,""sequence_logprob"":-1.525179386138916,""mean_token_logprob"":-1.525179386138916,""token_logprobs"":[-1.525179386138916]}]",F,false
715845,Seep,B,0,0,audio_icl_candidate,candidate,,"[{""candidate"":""F"",""token_ids"":[37],""token_count"":1,""sequence_logprob"":-1.2887428998947144,""mean_token_logprob"":-1.2887428998947144,""token_logprobs"":[-1.2887428998947144]},{""candidate"":""A"",""token_ids"":[32],""token_count"":1,""sequence_logprob"":-1.4762428998947144,""mean_token_logprob"":-1.4762428998947144,""token_logprobs"":[-1.4762428998947144]},{""candidate"":""B"",""token_ids"":[33],""token_count"":1,""sequence_logprob"":-1.6637428998947144,""mean_token_logprob"":-1.6637428998947144,""token_logprobs"":[-1.6637428998947144]},{""candidate"":""C"",""token_ids"":[34],""token_count"":1,""sequence_logprob"":-3.288743019104004,""mean_token_logprob"":-3.288743019104004,""token_logprobs"":[-3.288743019104004]},{""candidate"":""D"",""token_ids"":[35],""token_count"":1,""sequence_logprob"":-3.976243019104004,""mean_token_logprob"":-3.976243019104004,""token_logprobs"":[-3.976243019104004]},{""candidate"":""E"",""token_ids"":[36],""token_count"":1,""sequence_logprob"":-1.7262428998947144,""mean_token_logprob"":-1.7262428998947144,""token_logprobs"":[-1.7262428998947144]}]",F,false
716490,Tsik,D,0,0,audio_icl_candidate,candidate,,"[{""candidate"":""F"",""token_ids"":[37],""token_count"":1,""sequence_logprob"":-1.1366188526153564,""mean_token_logprob"":-1.1366188526153564,""token_logprobs"":[-1.1366188526153564]},{""candidate"":""A"",""token_ids"":[32],""token_count"":1,""sequence_logprob"":-1.5116188526153564,""mean_token_logprob"":-1.5116188526153564,""token_logprobs"":[-1.5116188526153564]},{""candidate"":""B"",""token_ids"":[33],""token_count"":1,""sequence_logprob"":-1.6991188526153564,""mean_token_logprob"":-1.6991188526153564,""token_logprobs"":[-1.6991188526153564]},{""candidate"":""C"",""token_ids"":[34],""token_count"":1,""sequence_logprob"":-3.9491188526153564,""mean_token_logprob"":-3.9491188526153564,""token_logprobs"":[-3.9491188526153564]},{""candidate"":""D"",""token_ids"":[35],""token_count"":1,""sequence_logprob"":-4.261618614196777,""mean_token_logprob"":-4.261618614196777,""token_logprobs"":[-4.261618614196777]},{""candidate"":""E"",""token_ids"":[36],""token_count"":1,""sequence_logprob"":-1.8866188526153564,""mean_token_logprob"":-1.8866188526153564,""token_logprobs"":[-1.8866188526153564]}]",F,false
737715,Twitter,E,0,0,audio_icl_candidate,candidate,,"[{""candidate"":""F"",""token_ids"":[37],""token_count"":1,""sequence_logprob"":-1.3114063739776611,""mean_token_logprob"":-1.3114063739776611,""token_logprobs"":[-1.3114063739776611]},{""candidate"":""A"",""token_ids"":[32],""token_count"":1,""sequence_logprob"":-1.4364063739776611,""mean_token_logprob"":-1.4364063739776611,""token_logprobs"":[-1.4364063739776611]},{""candidate"":""B"",""token_ids"":[33],""token_count"":1,""sequence_logprob"":-1.4364063739776611,""mean_token_logprob"":-1.4364063739776611,""token_logprobs"":[-1.4364063739776611]},{""candidate"":""C"",""token_ids"":[34],""token_count"":1,""sequence_logprob"":-4.123906135559082,""mean_token_logprob"":-4.123906135559082,""token_logprobs"":[-4.123906135559082]},{""candidate"":""D"",""token_ids"":[35],""token_count"":1,""sequence_logprob"":-3.998906373977661,""mean_token_logprob"":-3.998906373977661,""token_logprobs"":[-3.998906373977661]},{""candidate"":""E"",""token_ids"":[36],""token_count"":1,""sequence_logprob"":-1.8739063739776611,""mean_token_logprob"":-1.8739063739776611,""token_logprobs"":[-1.8739063739776611]}]",F,false
738495,Trill,C,0,0,audio_icl_candidate,candidate,,"[{""candidate"":""F"",""token_ids"":[37],""token_count"":1,""sequence_logprob"":-1.3584476709365845,""mean_token_logprob"":-1.3584476709365845,""token_logprobs"":[-1.3584476709365845]},{""candidate"":""A"",""token_ids"":[32],""token_count"":1,""sequence_logprob"":-1.5459476709365845,""mean_token_logprob"":-1.5459476709365845,""token_logprobs"":[-1.5459476709365845]},{""candidate"":""B"",""token_ids"":[33],""token_count"":1,""sequence_logprob"":-1.6709476709365845,""mean_token_logprob"":-1.6709476709365845,""token_logprobs"":[-1.6709476709365845]},{""candidate"":""C"",""token_ids"":[34],""token_count"":1,""sequence_logprob"":-3.483447551727295,""mean_token_logprob"":-3.483447551727295,""token_logprobs"":[-3.483447551727295]},{""candidate"":""D"",""token_ids"":[35],""token_count"":1,""sequence_logprob"":-4.045947551727295,""mean_token_logprob"":-4.045947551727295,""token_logprobs"":[-4.045947551727295]},{""candidate"":""E"",""token_ids"":[36],""token_count"":1,""sequence_logprob"":-1.6084476709365845,""mean_token_logprob"":-1.6084476709365845,""token_logprobs"":[-1.6084476709365845]}]",F,false
742006,Infant Cry,F,0,0,audio_icl_candidate,candidate,,"[{""candidate"":""F"",""token_ids"":[37],""token_count"":1,""sequence_logprob"":-1.492526888847351,""mean_token_logprob"":-1.492526888847351,""token_logprobs"":[-1.492526888847351]},{""candidate"":""A"",""token_ids"":[32],""token_count"":1,""sequence_logprob"":-1.492526888847351,""mean_token_logprob"":-1.492526888847351,""token_logprobs"":[-1.492526888847351]},{""candidate"":""B"",""token_ids"":[33],""token_count"":1,""sequence_logprob"":-1.742526888847351,""mean_token_logprob"":-1.742526888847351,""token_logprobs"":[-1.742526888847351]},{""candidate"":""C"",""token_ids"":[34],""token_count"":1,""sequence_logprob"":-3.2425270080566406,""mean_token_logprob"":-3.2425270080566406,""token_logprobs"":[-3.2425270080566406]},{""candidate"":""D"",""token_ids"":[35],""token_count"":1,""sequence_logprob"":-3.3050270080566406,""mean_token_logprob"":-3.3050270080566406,""token_logprobs"":[-3.3050270080566406]},{""candidate"":""E"",""token_ids"":[36],""token_count"":1,""sequence_logprob"":-1.555026888847351,""mean_token_logprob"":-1.555026888847351,""token_logprobs"":[-1.555026888847351]}]",F,true
755986,Tsik,D,0,0,audio_icl_candidate,candidate,,"[{""candidate"":""F"",""token_ids"":[37],""token_count"":1,""sequence_logprob"":-1.1805503368377686,""mean_token_logprob"":-1.1805503368377686,""token_logprobs"":[-1.1805503368377686]},{""candidate"":""A"",""token_ids"":[32],""token_count"":1,""sequence_logprob"":-1.4930503368377686,""mean_token_logprob"":-1.4930503368377686,""token_logprobs"":[-1.4930503368377686]},{""candidate"":""B"",""token_ids"":[33],""token_count"":1,""sequence_logprob"":-1.6180503368377686,""mean_token_logprob"":-1.6180503368377686,""token_logprobs"":[-1.6180503368377686]},{""candidate"":""C"",""token_ids"":[34],""token_count"":1,""sequence_logprob"":-3.9305503368377686,""mean_token_logprob"":-3.9305503368377686,""token_logprobs"":[-3.9305503368377686]},{""candidate"":""D"",""token_ids"":[35],""token_count"":1,""sequence_logprob"":-4.586800575256348,""mean_token_logprob"":-4.586800575256348,""token_logprobs"":[-4.586800575256348]},{""candidate"":""E"",""token_ids"":[36],""token_count"":1,""sequence_logprob"":-1.8680503368377686,""mean_token_logprob"":-1.8680503368377686,""token_logprobs"":[-1.8680503368377686]}]",F,false
758751,Phee,A,0,0,audio_icl_candidate,candidate,,"[{""candidate"":""F"",""token_ids"":[37],""token_count"":1,""sequence_logprob"":-1.3988912105560303,""mean_token_logprob"":-1.3988912105560303,""token_logprobs"":[-1.3988912105560303]},{""candidate"":""A"",""token_ids"":[32],""token_count"":1,""sequence_logprob"":-1.6488912105560303,""mean_token_logprob"":-1.6488912105560303,""token_logprobs"":[-1.6488912105560303]},{""candidate"":""B"",""token_ids"":[33],""token_count"":1,""sequence_logprob"":-1.5863912105560303,""mean_token_logprob"":-1.5863912105560303,""token_logprobs"":[-1.5863912105560303]},{""candidate"":""C"",""token_ids"":[34],""token_count"":1,""sequence_logprob"":-3.3988912105560303,""mean_token_logprob"":-3.3988912105560303,""token_logprobs"":[-3.3988912105560303]},{""candidate"":""D"",""token_ids"":[35],""token_count"":1,""sequence_logprob"":-4.148891448974609,""mean_token_logprob"":-4.148891448974609,""token_logprobs"":[-4.148891448974609]},{""candidate"":""E"",""token_ids"":[36],""token_count"":1,""sequence_logprob"":-1.5238912105560303,""mean_token_logprob"":-1.5238912105560303,""token_logprobs"":[-1.5238912105560303]}]",F,false
788000,Phee,A,0,0,audio_icl_candidate,candidate,,"[{""candidate"":""F"",""token_ids"":[37],""token_count"":1,""sequence_logprob"":-1.4347307682037354,""mean_token_logprob"":-1.4347307682037354,""token_logprobs"":[-1.4347307682037354]},{""candidate"":""A"",""token_ids"":[32],""token_count"":1,""sequence_logprob"":-1.6222307682037354,""mean_token_logprob"":-1.6222307682037354,""token_logprobs"":[-1.6222307682037354]},{""candidate"":""B"",""token_ids"":[33],""token_count"":1,""sequence_logprob"":-1.6222307682037354,""mean_token_logprob"":-1.6222307682037354,""token_logprobs"":[-1.6222307682037354]},{""candidate"":""C"",""token_ids"":[34],""token_count"":1,""sequence_logprob"":-2.9972307682037354,""mean_token_logprob"":-2.9972307682037354,""token_logprobs"":[-2.9972307682037354]},{""candidate"":""D"",""token_ids"":[35],""token_count"":1,""sequence_logprob"":-3.1847307682037354,""mean_token_logprob"":-3.1847307682037354,""token_logprobs"":[-3.1847307682037354]},{""candidate"":""E"",""token_ids"":[36],""token_count"":1,""sequence_logprob"":-1.5597307682037354,""mean_token_logprob"":-1.5597307682037354,""token_logprobs"":[-1.5597307682037354]}]",F,false
794666,Phee,A,0,0,audio_icl_candidate,candidate,,"[{""candidate"":""F"",""token_ids"":[37],""token_count"":1,""sequence_logprob"":-1.4044560194015503,""mean_token_logprob"":-1.4044560194015503,""token_logprobs"":[-1.4044560194015503]},{""candidate"":""A"",""token_ids"":[32],""token_count"":1,""sequence_logprob"":-1.5919560194015503,""mean_token_logprob"":-1.5919560194015503,""token_logprobs"":[-1.5919560194015503]},{""candidate"":""B"",""token_ids"":[33],""token_count"":1,""sequence_logprob"":-1.5919560194015503,""mean_token_logprob"":-1.5919560194015503,""token_logprobs"":[-1.5919560194015503]},{""candidate"":""C"",""token_ids"":[34],""token_count"":1,""sequence_logprob"":-3.40445613861084,""mean_token_logprob"":-3.40445613861084,""token_logprobs"":[-3.40445613861084]},{""candidate"":""D"",""token_ids"":[35],""token_count"":1,""sequence_logprob"":-3.52945613861084,""mean_token_logprob"":-3.52945613861084,""token_logprobs"":[-3.52945613861084]},{""candidate"":""E"",""token_ids"":[36],""token_count"":1,""sequence_logprob"":-1.5919560194015503,""mean_token_logprob"":-1.5919560194015503,""token_logprobs"":[-1.5919560194015503]}]",F,false
799377,Tsik,D,0,0,audio_icl_candidate,candidate,,"[{""candidate"":""F"",""token_ids"":[37],""token_count"":1,""sequence_logprob"":-1.239511489868164,""mean_token_logprob"":-1.239511489868164,""token_logprobs"":[-1.239511489868164]},{""candidate"":""A"",""token_ids"":[32],""token_count"":1,""sequence_logprob"":-1.489511489868164,""mean_token_logprob"":-1.489511489868164,""token_logprobs"":[-1.489511489868164]},{""candidate"":""B"",""token_ids"":[33],""token_count"":1,""sequence_logprob"":-1.802011489868164,""mean_token_logprob"":-1.802011489868164,""token_logprobs"":[-1.802011489868164]},{""candidate"":""C"",""token_ids"":[34],""token_count"":1,""sequence_logprob"":-4.114511489868164,""mean_token_logprob"":-4.114511489868164,""token_logprobs"":[-4.114511489868164]},{""candidate"":""D"",""token_ids"":[35],""token_count"":1,""sequence_logprob"":-4.239511489868164,""mean_token_logprob"":-4.239511489868164,""token_logprobs"":[-4.239511489868164]},{""candidate"":""E"",""token_ids"":[36],""token_count"":1,""sequence_logprob"":-1.802011489868164,""mean_token_logprob"":-1.802011489868164,""token_logprobs"":[-1.802011489868164]}]",F,false
859379,Trill,C,0,0,audio_icl_candidate,candidate,,"[{""candidate"":""F"",""token_ids"":[37],""token_count"":1,""sequence_logprob"":-1.2380714416503906,""mean_token_logprob"":-1.2380714416503906,""token_logprobs"":[-1.2380714416503906]},{""candidate"":""A"",""token_ids"":[32],""token_count"":1,""sequence_logprob"":-1.6130714416503906,""mean_token_logprob"":-1.6130714416503906,""token_logprobs"":[-1.6130714416503906]},{""candidate"":""B"",""token_ids"":[33],""token_count"":1,""sequence_logprob"":-1.6755714416503906,""mean_token_logprob"":-1.6755714416503906,""token_logprobs"":[-1.6755714416503906]},{""candidate"":""C"",""token_ids"":[34],""token_count"":1,""sequence_logprob"":-3.6130714416503906,""mean_token_logprob"":-3.6130714416503906,""token_logprobs"":[-3.6130714416503906]},{""candidate"":""D"",""token_ids"":[35],""token_count"":1,""sequence_logprob"":-3.8005714416503906,""mean_token_logprob"":-3.8005714416503906,""token_logprobs"":[-3.8005714416503906]},{""candidate"":""E"",""token_ids"":[36],""token_count"":1,""sequence_logprob"":-1.6755714416503906,""mean_token_logprob"":-1.6755714416503906,""token_logprobs"":[-1.6755714416503906]}]",F,false
860537,Phee,A,0,0,audio_icl_candidate,candidate,,"[{""candidate"":""F"",""token_ids"":[37],""token_count"":1,""sequence_logprob"":-1.4246007204055786,""mean_token_logprob"":-1.4246007204055786,""token_logprobs"":[-1.4246007204055786]},{""candidate"":""A"",""token_ids"":[32],""token_count"":1,""sequence_logprob"":-1.5496007204055786,""mean_token_logprob"":-1.5496007204055786,""token_logprobs"":[-1.5496007204055786]},{""candidate"":""B"",""token_ids"":[33],""token_count"":1,""sequence_logprob"":-1.5496007204055786,""mean_token_logprob"":-1.5496007204055786,""token_logprobs"":[-1.5496007204055786]},{""candidate"":""C"",""token_ids"":[34],""token_count"":1,""sequence_logprob"":-3.612100601196289,""mean_token_logprob"":-3.612100601196289,""token_logprobs"":[-3.612100601196289]},{""candidate"":""D"",""token_ids"":[35],""token_count"":1,""sequence_logprob"":-3.174600601196289,""mean_token_logprob"":-3.174600601196289,""token_logprobs"":[-3.174600601196289]},{""candidate"":""E"",""token_ids"":[36],""token_count"":1,""sequence_logprob"":-1.6121007204055786,""mean_token_logprob"":-1.6121007204055786,""token_logprobs"":[-1.6121007204055786]}]",F,false
861790,Trill,C,0,0,audio_icl_candidate,candidate,,"[{""candidate"":""F"",""token_ids"":[37],""token_count"":1,""sequence_logprob"":-1.4271448850631714,""mean_token_logprob"":-1.4271448850631714,""token_logprobs"":[-1.4271448850631714]},{""candidate"":""A"",""token_ids"":[32],""token_count"":1,""sequence_logprob"":-1.4896448850631714,""mean_token_logprob"":-1.4896448850631714,""token_logprobs"":[-1.4896448850631714]},{""candidate"":""B"",""token_ids"":[33],""token_count"":1,""sequence_logprob"":-1.5521448850631714,""mean_token_logprob"":-1.5521448850631714,""token_logprobs"":[-1.5521448850631714]},{""candidate"":""C"",""token_ids"":[34],""token_count"":1,""sequence_logprob"":-3.802145004272461,""mean_token_logprob"":-3.802145004272461,""token_logprobs"":[-3.802145004272461]},{""candidate"":""D"",""token_ids"":[35],""token_count"":1,""sequence_logprob"":-4.052145004272461,""mean_token_logprob"":-4.052145004272461,""token_logprobs"":[-4.052145004272461]},{""candidate"":""E"",""token_ids"":[36],""token_count"":1,""sequence_logprob"":-1.7396448850631714,""mean_token_logprob"":-1.7396448850631714,""token_logprobs"":[-1.7396448850631714]}]",F,false
31471,Tsik,D,1,6,audio_icl_candidate,candidate,,"[{""candidate"":""F"",""token_ids"":[37],""token_count"":1,""sequence_logprob"":-1.2270678281784058,""mean_token_logprob"":-1.2270678281784058,""token_logprobs"":[-1.2270678281784058]},{""candidate"":""A"",""token_ids"":[32],""token_count"":1,""sequence_logprob"":-1.1020678281784058,""mean_token_logprob"":-1.1020678281784058,""token_logprobs"":[-1.1020678281784058]},{""candidate"":""B"",""token_ids"":[33],""token_count"":1,""sequence_logprob"":-2.0395679473876953,""mean_token_logprob"":-2.0395679473876953,""token_logprobs"":[-2.0395679473876953]},{""candidate"":""C"",""token_ids"":[34],""token_count"":1,""sequence_logprob"":-4.102067947387695,""mean_token_logprob"":-4.102067947387695,""token_logprobs"":[-4.102067947387695]},{""candidate"":""D"",""token_ids"":[35],""token_count"":1,""sequence_logprob"":-5.477067947387695,""mean_token_logprob"":-5.477067947387695,""token_logprobs"":[-5.477067947387695]},{""candidate"":""E"",""token_ids"":[36],""token_count"":1,""sequence_logprob"":-2.5395679473876953,""mean_token_logprob"":-2.5395679473876953,""token_logprobs"":[-2.5395679473876953]}]",A,false
31828,Seep,B,1,6,audio_icl_candidate,candidate,,"[{""candidate"":""F"",""token_ids"":[37],""token_count"":1,""sequence_logprob"":-1.3579514026641846,""mean_token_logprob"":-1.3579514026641846,""token_logprobs"":[-1.3579514026641846]},{""candidate"":""A"",""token_ids"":[32],""token_count"":1,""sequence_logprob"":-1.2954514026641846,""mean_token_logprob"":-1.2954514026641846,""token_logprobs"":[-1.2954514026641846]},{""candidate"":""B"",""token_ids"":[33],""token_count"":1,""sequence_logprob"":-1.8579514026641846,""mean_token_logprob"":-1.8579514026641846,""token_logprobs"":[-1.8579514026641846]},{""candidate"":""C"",""token_ids"":[34],""token_count"":1,""sequence_logprob"":-4.9829511642456055,""mean_token_logprob"":-4.9829511642456055,""token_logprobs"":[-4.9829511642456055]},{""candidate"":""D"",""token_ids"":[35],""token_count"":1,""sequence_logprob"":-5.7329511642456055,""mean_token_logprob"":-5.7329511642456055,""token_logprobs"":[-5.7329511642456055]},{""candidate"":""E"",""token_ids"":[36],""token_count"":1,""sequence_logprob"":-1.8579514026641846,""mean_token_logprob"":-1.8579514026641846,""token_logprobs"":[-1.8579514026641846]}]",A,false
34756,Phee,A,1,6,audio_icl_candidate,candidate,,"[{""candidate"":""F"",""token_ids"":[37],""token_count"":1,""sequence_logprob"":-1.4344907999038696,""mean_token_logprob"":-1.4344907999038696,""token_logprobs"":[-1.4344907999038696]},{""candidate"":""A"",""token_ids"":[32],""token_count"":1,""sequence_logprob"":-1.2469907999038696,""mean_token_logprob"":-1.2469907999038696,""token_logprobs"":[-1.2469907999038696]},{""candidate"":""B"",""token_ids"":[33],""token_count"":1,""sequence_logprob"":-1.8094907999038696,""mean_token_logprob"":-1.8094907999038696,""token_logprobs"":[-1.8094907999038696]},{""candidate"":""C"",""token_ids"":[34],""token_count"":1,""sequence_logprob"":-4.49699068069458,""mean_token_logprob"":-4.49699068069458,""token_logprobs"":[-4.49699068069458]},{""candidate"":""D"",""token_ids"":[35],""token_count"":1,""sequence_logprob"":-5.74699068069458,""mean_token_logprob"":-5.74699068069458,""token_logprobs"":[-5.74699068069458]},{""candidate"":""E"",""token_ids"":[36],""token_count"":1,""sequence_logprob"":-1.8094907999038696,""mean_token_logprob"":-1.8094907999038696,""token_logprobs"":[-1.8094907999038696]}]",A,true
36485,Phee,A,1,6,audio_icl_candidate,candidate,,"[{""candidate"":""F"",""token_ids"":[37],""token_count"":1,""sequence_logprob"":-1.413907766342163,""mean_token_logprob"":-1.413907766342163,""token_logprobs"":[-1.413907766342163]},{""candidate"":""A"",""token_ids"":[32],""token_count"":1,""sequence_logprob"":-1.038907766342163,""mean_token_logprob"":-1.038907766342163,""token_logprobs"":[-1.038907766342163]},{""candidate"":""B"",""token_ids"":[33],""token_count"":1,""sequence_logprob"":-1.788907766342163,""mean_token_logprob"":-1.788907766342163,""token_logprobs"":[-1.788907766342163]},{""candidate"":""C"",""token_ids"":[34],""token_count"":1,""sequence_logprob"":-4.413908004760742,""mean_token_logprob"":-4.413908004760742,""token_logprobs"":[-4.413908004760742]},{""candidate"":""D"",""token_ids"":[35],""token_count"":1,""sequence_logprob"":-6.413908004760742,""mean_token_logprob"":-6.413908004760742,""token_logprobs"":[-6.413908004760742]},{""candidate"":""E"",""token_ids"":[36],""token_count"":1,""sequence_logprob"":-2.351407766342163,""mean_token_logprob"":-2.351407766342163,""token_logprobs"":[-2.351407766342163]}]",A,true
36522,Twitter,E,1,6,audio_icl_candidate,candidate,,"[{""candidate"":""F"",""token_ids"":[37],""token_count"":1,""sequence_logprob"":-1.3340413570404053,""mean_token_logprob"":-1.3340413570404053,""token_logprobs"":[-1.3340413570404053]},{""candidate"":""A"",""token_ids"":[32],""token_count"":1,""sequence_logprob"":-1.0215413570404053,""mean_token_logprob"":-1.0215413570404053,""token_logprobs"":[-1.0215413570404053]},{""candidate"":""B"",""token_ids"":[33],""token_count"":1,""sequence_logprob"":-1.7090413570404053,""mean_token_logprob"":-1.7090413570404053,""token_logprobs"":[-1.7090413570404053]},{""candidate"":""C"",""token_ids"":[34],""token_count"":1,""sequence_logprob"":-4.584041595458984,""mean_token_logprob"":-4.584041595458984,""token_logprobs"":[-4.584041595458984]},{""candidate"":""D"",""token_ids"":[35],""token_count"":1,""sequence_logprob"":-5.959041595458984,""mean_token_logprob"":-5.959041595458984,""token_logprobs"":[-5.959041595458984]},{""candidate"":""E"",""token_ids"":[36],""token_count"":1,""sequence_logprob"":-2.3965413570404053,""mean_token_logprob"":-2.3965413570404053,""token_logprobs"":[-2.3965413570404053]}]",A,false
405841,Infant Cry,F,1,6,audio_icl_candidate,candidate,,"[{""candidate"":""F"",""token_ids"":[37],""token_count"":1,""sequence_logprob"":-1.2752279043197632,""mean_token_logprob"":-1.2752279043197632,""token_logprobs"":[-1.2752279043197632]},{""candidate"":""A"",""token_ids"":[32],""token_count"":1,""sequence_logprob"":-1.2127279043197632,""mean_token_logprob"":-1.2127279043197632,""token_logprobs"":[-1.2127279043197632]},{""candidate"":""B"",""token_ids"":[33],""token_count"":1,""sequence_logprob"":-1.8377279043197632,""mean_token_logprob"":-1.8377279043197632,""token_logprobs"":[-1.8377279043197632]},{""candidate"":""C"",""token_ids"":[34],""token_count"":1,""sequence_logprob"":-3.8377280235290527,""mean_token_logprob"":-3.8377280235290527,""token_logprobs"":[-3.8377280235290527]},{""candidate"":""D"",""token_ids"":[35],""token_count"":1,""sequence_logprob"":-6.275228023529053,""mean_token_logprob"":-6.275228023529053,""token_logprobs"":[-6.275228023529053]},{""candidate"":""E"",""token_ids"":[36],""token_count"":1,""sequence_logprob"":-2.3377280235290527,""mean_token_logprob"":-2.3377280235290527,""token_logprobs"":[-2.3377280235290527]}]",A,false
408631,Phee,A,1,6,audio_icl_candidate,candidate,,"[{""candidate"":""F"",""token_ids"":[37],""token_count"":1,""sequence_logprob"":-1.3437151908874512,""mean_token_logprob"":-1.3437151908874512,""token_logprobs"":[-1.3437151908874512]},{""candidate"":""A"",""token_ids"":[32],""token_count"":1,""sequence_logprob"":-1.0937151908874512,""mean_token_logprob"":-1.0937151908874512,""token_logprobs"":[-1.0937151908874512]},{""candidate"":""B"",""token_ids"":[33],""token_count"":1,""sequence_logprob"":-1.7187151908874512,""mean_token_logprob"":-1.7187151908874512,""token_logprobs"":[-1.7187151908874512]},{""candidate"":""C"",""token_ids"":[34],""token_count"":1,""sequence_logprob"":-4.468715190887451,""mean_token_logprob"":-4.468715190887451,""token_logprobs"":[-4.468715190887451]},{""candidate"":""D"",""token_ids"":[35],""token_count"":1,""sequence_logprob"":-5.843715190887451,""mean_token_logprob"":-5.843715190887451,""token_logprobs"":[-5.843715190887451]},{""candidate"":""E"",""token_ids"":[36],""token_count"":1,""sequence_logprob"":-2.281215190887451,""mean_token_logprob"":-2.281215190887451,""token_logprobs"":[-2.281215190887451]}]",A,true
50919,Tsik,D,1,6,audio_icl_candidate,candidate,,"[{""candidate"":""F"",""token_ids"":[37],""token_count"":1,""sequence_logprob"":-1.3228895664215088,""mean_token_logprob"":-1.3228895664215088,""token_logprobs"":[-1.3228895664215088]},{""candidate"":""A"",""token_ids"":[32],""token_count"":1,""sequence_logprob"":-1.1978895664215088,""mean_token_logprob"":-1.1978895664215088,""token_logprobs"":[-1.1978895664215088]},{""candidate"":""B"",""token_ids"":[33],""token_count"":1,""sequence_logprob"":-1.8228895664215088,""mean_token_logprob"":-1.8228895664215088,""token_logprobs"":[-1.8228895664215088]},{""candidate"":""C"",""token_ids"":[34],""token_count"":1,""sequence_logprob"":-4.32288932800293,""mean_token_logprob"":-4.32288932800293,""token_logprobs"":[-4.32288932800293]},{""candidate"":""D"",""token_ids"":[35],""token_count"":1,""sequence_logprob"":-5.94788932800293,""mean_token_logprob"":-5.94788932800293,""token_logprobs"":[-5.94788932800293]},{""candidate"":""E"",""token_ids"":[36],""token_count"":1,""sequence_logprob"":-2.322889566421509,""mean_token_logprob"":-2.322889566421509,""token_logprobs"":[-2.322889566421509]}]",A,false
51436,Trill,C,1,6,audio_icl_candidate,candidate,,"[{""candidate"":""F"",""token_ids"":[37],""token_count"":1,""sequence_logprob"":-1.371277093887329,""mean_token_logprob"":-1.371277093887329,""token_logprobs"":[-1.371277093887329]},{""candidate"":""A"",""token_ids"":[32],""token_count"":1,""sequence_logprob"":-1.246277093887329,""mean_token_logprob"":-1.246277093887329,""token_logprobs"":[-1.246277093887329]},{""candidate"":""B"",""token_ids"":[33],""token_count"":1,""sequence_logprob"":-1.683777093887329,""mean_token_logprob"":-1.683777093887329,""token_logprobs"":[-1.683777093887329]},{""candidate"":""C"",""token_ids"":[34],""token_count"":1,""sequence_logprob"":-4.24627685546875,""mean_token_logprob"":-4.24627685546875,""token_logprobs"":[-4.24627685546875]},{""candidate"":""D"",""token_ids"":[35],""token_count"":1,""sequence_logprob"":-5.24627685546875,""mean_token_logprob"":-5.24627685546875,""token_logprobs"":[-5.24627685546875]},{""candidate"":""E"",""token_ids"":[36],""token_count"":1,""sequence_logprob"":-2.121277093887329,""mean_token_logprob"":-2.121277093887329,""token_logprobs"":[-2.121277093887329]}]",A,false
517703,Trill,C,1,6,audio_icl_candidate,candidate,,"[{""candidate"":""F"",""token_ids"":[37],""token_count"":1,""sequence_logprob"":-1.3007097244262695,""mean_token_logprob"":-1.3007097244262695,""token_logprobs"":[-1.3007097244262695]},{""candidate"":""A"",""token_ids"":[32],""token_count"":1,""sequence_logprob"":-1.3632097244262695,""mean_token_logprob"":-1.3632097244262695,""token_logprobs"":[-1.3632097244262695]},{""candidate"":""B"",""token_ids"":[33],""token_count"":1,""sequence_logprob"":-1.8632097244262695,""mean_token_logprob"":-1.8632097244262695,""token_logprobs"":[-1.8632097244262695]},{""candidate"":""C"",""token_ids"":[34],""token_count"":1,""sequence_logprob"":-4.6132097244262695,""mean_token_logprob"":-4.6132097244262695,""token_logprobs"":[-4.6132097244262695]},{""candidate"":""D"",""token_ids"":[35],""token_count"":1,""sequence_logprob"":-5.8007097244262695,""mean_token_logprob"":-5.8007097244262695,""token_logprobs"":[-5.8007097244262695]},{""candidate"":""E"",""token_ids"":[36],""token_count"":1,""sequence_logprob"":-1.9882097244262695,""mean_token_logprob"":-1.9882097244262695,""token_logprobs"":[-1.9882097244262695]}]",F,false
518079,Phee,A,1,6,audio_icl_candidate,candidate,,"[{""candidate"":""F"",""token_ids"":[37],""token_count"":1,""sequence_logprob"":-1.2922868728637695,""mean_token_logprob"":-1.2922868728637695,""token_logprobs"":[-1.2922868728637695]},{""candidate"":""A"",""token_ids"":[32],""token_count"":1,""sequence_logprob"":-1.1672868728637695,""mean_token_logprob"":-1.1672868728637695,""token_logprobs"":[-1.1672868728637695]},{""candidate"":""B"",""token_ids"":[33],""token_count"":1,""sequence_logprob"":-1.7922868728637695,""mean_token_logprob"":-1.7922868728637695,""token_logprobs"":[-1.7922868728637695]},{""candidate"":""C"",""token_ids"":[34],""token_count"":1,""sequence_logprob"":-4.2922868728637695,""mean_token_logprob"":-4.2922868728637695,""token_logprobs"":[-4.2922868728637695]},{""candidate"":""D"",""token_ids"":[35],""token_count"":1,""sequence_logprob"":-5.6672868728637695,""mean_token_logprob"":-5.6672868728637695,""token_logprobs"":[-5.6672868728637695]},{""candidate"":""E"",""token_ids"":[36],""token_count"":1,""sequence_logprob"":-1.9797868728637695,""mean_token_logprob"":-1.9797868728637695,""token_logprobs"":[-1.9797868728637695]}]",A,true
521545,Phee,A,1,6,audio_icl_candidate,candidate,,"[{""candidate"":""F"",""token_ids"":[37],""token_count"":1,""sequence_logprob"":-1.1504405736923218,""mean_token_logprob"":-1.1504405736923218,""token_logprobs"":[-1.1504405736923218]},{""candidate"":""A"",""token_ids"":[32],""token_count"":1,""sequence_logprob"":-1.4004405736923218,""mean_token_logprob"":-1.4004405736923218,""token_logprobs"":[-1.4004405736923218]},{""candidate"":""B"",""token_ids"":[33],""token_count"":1,""sequence_logprob"":-2.0879406929016113,""mean_token_logprob"":-2.0879406929016113,""token_logprobs"":[-2.0879406929016113]},{""candidate"":""C"",""token_ids"":[34],""token_count"":1,""sequence_logprob"":-4.462940692901611,""mean_token_logprob"":-4.462940692901611,""token_logprobs"":[-4.462940692901611]},{""candidate"":""D"",""token_ids"":[35],""token_count"":1,""sequence_logprob"":-5.650440692901611,""mean_token_logprob"":-5.650440692901611,""token_logprobs"":[-5.650440692901611]},{""candidate"":""E"",""token_ids"":[36],""token_count"":1,""sequence_logprob"":-1.7754405736923218,""mean_token_logprob"":-1.7754405736923218,""token_logprobs"":[-1.7754405736923218]}]",F,false
52861,Trill,C,1,6,audio_icl_candidate,candidate,,"[{""candidate"":""F"",""token_ids"":[37],""token_count"":1,""sequence_logprob"":-1.25165855884552,""mean_token_logprob"":-1.25165855884552,""token_logprobs"":[-1.25165855884552]},{""candidate"":""A"",""token_ids"":[32],""token_count"":1,""sequence_logprob"":-1.12665855884552,""mean_token_logprob"":-1.12665855884552,""token_logprobs"":[-1.12665855884552]},{""candidate"":""B"",""token_ids"":[33],""token_count"":1,""sequence_logprob"":-1.81415855884552,""mean_token_logprob"":-1.81415855884552,""token_logprobs"":[-1.81415855884552]},{""candidate"":""C"",""token_ids"":[34],""token_count"":1,""sequence_logprob"":-4.6891584396362305,""mean_token_logprob"":-4.6891584396362305,""token_logprobs"":[-4.6891584396362305]},{""candidate"":""D"",""token_ids"":[35],""token_count"":1,""sequence_logprob"":-5.9391584396362305,""mean_token_logprob"":-5.9391584396362305,""token_logprobs"":[-5.9391584396362305]},{""candidate"":""E"",""token_ids"":[36],""token_count"":1,""sequence_logprob"":-2.4391584396362305,""mean_token_logprob"":-2.4391584396362305,""token_logprobs"":[-2.4391584396362305]}]",A,false
533988,Seep,B,1,6,audio_icl_candidate,candidate,,"[{""candidate"":""F"",""token_ids"":[37],""token_count"":1,""sequence_logprob"":-1.3473585844039917,""mean_token_logprob"":-1.3473585844039917,""token_logprobs"":[-1.3473585844039917]},{""candidate"":""A"",""token_ids"":[32],""token_count"":1,""sequence_logprob"":-1.0973585844039917,""mean_token_logprob"":-1.0973585844039917,""token_logprobs"":[-1.0973585844039917]},{""candidate"":""B"",""token_ids"":[33],""token_count"":1,""sequence_logprob"":-1.8473585844039917,""mean_token_logprob"":-1.8473585844039917,""token_logprobs"":[-1.8473585844039917]},{""candidate"":""C"",""token_ids"":[34],""token_count"":1,""sequence_logprob"":-4.909858703613281,""mean_token_logprob"":-4.909858703613281,""token_logprobs"":[-4.909858703613281]},{""candidate"":""D"",""token_ids"":[35],""token_count"":1,""sequence_logprob"":-5.847358703613281,""mean_token_logprob"":-5.847358703613281,""token_logprobs"":[-5.847358703613281]},{""candidate"":""E"",""token_ids"":[36],""token_count"":1,""sequence_logprob"":-2.0348587036132812,""mean_token_logprob"":-2.0348587036132812,""token_logprobs"":[-2.0348587036132812]}]",A,false
54180,Phee,A,1,6,audio_icl_candidate,candidate,,"[{""candidate"":""F"",""token_ids"":[37],""token_count"":1,""sequence_logprob"":-1.401275634765625,""mean_token_logprob"":-1.401275634765625,""token_logprobs"":[-1.401275634765625]},{""candidate"":""A"",""token_ids"":[32],""token_count"":1,""sequence_logprob"":-1.213775634765625,""mean_token_logprob"":-1.213775634765625,""token_logprobs"":[-1.213775634765625]},{""candidate"":""B"",""token_ids"":[33],""token_count"":1,""sequence_logprob"":-1.838775634765625,""mean_token_logprob"":-1.838775634765625,""token_logprobs"":[-1.838775634765625]},{""candidate"":""C"",""token_ids"":[34],""token_count"":1,""sequence_logprob"":-4.651275634765625,""mean_token_logprob"":-4.651275634765625,""token_logprobs"":[-4.651275634765625]},{""candidate"":""D"",""token_ids"":[35],""token_count"":1,""sequence_logprob"":-6.213775634765625,""mean_token_logprob"":-6.213775634765625,""token_logprobs"":[-6.213775634765625]},{""candidate"":""E"",""token_ids"":[36],""token_count"":1,""sequence_logprob"":-1.838775634765625,""mean_token_logprob"":-1.838775634765625,""token_logprobs"":[-1.838775634765625]}]",A,true
547929,Twitter,E,1,6,audio_icl_candidate,candidate,,"[{""candidate"":""F"",""token_ids"":[37],""token_count"":1,""sequence_logprob"":-1.366899013519287,""mean_token_logprob"":-1.366899013519287,""token_logprobs"":[-1.366899013519287]},{""candidate"":""A"",""token_ids"":[32],""token_count"":1,""sequence_logprob"":-1.179399013519287,""mean_token_logprob"":-1.179399013519287,""token_logprobs"":[-1.179399013519287]},{""candidate"":""B"",""token_ids"":[33],""token_count"":1,""sequence_logprob"":-1.741899013519287,""mean_token_logprob"":-1.741899013519287,""token_logprobs"":[-1.741899013519287]},{""candidate"":""C"",""token_ids"":[34],""token_count"":1,""sequence_logprob"":-4.804399013519287,""mean_token_logprob"":-4.804399013519287,""token_logprobs"":[-4.804399013519287]},{""candidate"":""D"",""token_ids"":[35],""token_count"":1,""sequence_logprob"":-5.804399013519287,""mean_token_logprob"":-5.804399013519287,""token_logprobs"":[-5.804399013519287]},{""candidate"":""E"",""token_ids"":[36],""token_count"":1,""sequence_logprob"":-2.116899013519287,""mean_token_logprob"":-2.116899013519287,""token_logprobs"":[-2.116899013519287]}]",A,false
547992,Phee,A,1,6,audio_icl_candidate,candidate,,"[{""candidate"":""F"",""token_ids"":[37],""token_count"":1,""sequence_logprob"":-1.3058788776397705,""mean_token_logprob"":-1.3058788776397705,""token_logprobs"":[-1.3058788776397705]},{""candidate"":""A"",""token_ids"":[32],""token_count"":1,""sequence_logprob"":-1.0558788776397705,""mean_token_logprob"":-1.0558788776397705,""token_logprobs"":[-1.0558788776397705]},{""candidate"":""B"",""token_ids"":[33],""token_count"":1,""sequence_logprob"":-1.9308788776397705,""mean_token_logprob"":-1.9308788776397705,""token_logprobs"":[-1.9308788776397705]},{""candidate"":""C"",""token_ids"":[34],""token_count"":1,""sequence_logprob"":-4.555878639221191,""mean_token_logprob"":-4.555878639221191,""token_logprobs"":[-4.555878639221191]},{""candidate"":""D"",""token_ids"":[35],""token_count"":1,""sequence_logprob"":-5.868378639221191,""mean_token_logprob"":-5.868378639221191,""token_logprobs"":[-5.868378639221191]},{""candidate"":""E"",""token_ids"":[36],""token_count"":1,""sequence_logprob"":-2.1183788776397705,""mean_token_logprob"":-2.1183788776397705,""token_logprobs"":[-2.1183788776397705]}]",A,true
548798,Trill,C,1,6,audio_icl_candidate,candidate,,"[{""candidate"":""F"",""token_ids"":[37],""token_count"":1,""sequence_logprob"":-1.4078707695007324,""mean_token_logprob"":-1.4078707695007324,""token_logprobs"":[-1.4078707695007324]},{""candidate"":""A"",""token_ids"":[32],""token_count"":1,""sequence_logprob"":-1.0328707695007324,""mean_token_logprob"":-1.0328707695007324,""token_logprobs"":[-1.0328707695007324]},{""candidate"":""B"",""token_ids"":[33],""token_count"":1,""sequence_logprob"":-1.6578707695007324,""mean_token_logprob"":-1.6578707695007324,""token_logprobs"":[-1.6578707695007324]},{""candidate"":""C"",""token_ids"":[34],""token_count"":1,""sequence_logprob"":-4.595370769500732,""mean_token_logprob"":-4.595370769500732,""token_logprobs"":[-4.595370769500732]},{""candidate"":""D"",""token_ids"":[35],""token_count"":1,""sequence_logprob"":-5.470370769500732,""mean_token_logprob"":-5.470370769500732,""token_logprobs"":[-5.470370769500732]},{""candidate"":""E"",""token_ids"":[36],""token_count"":1,""sequence_logprob"":-2.3453707695007324,""mean_token_logprob"":-2.3453707695007324,""token_logprobs"":[-2.3453707695007324]}]",A,false
56195,Trill,C,1,6,audio_icl_candidate,candidate,,"[{""candidate"":""F"",""token_ids"":[37],""token_count"":1,""sequence_logprob"":-1.351768970489502,""mean_token_logprob"":-1.351768970489502,""token_logprobs"":[-1.351768970489502]},{""candidate"":""A"",""token_ids"":[32],""token_count"":1,""sequence_logprob"":-1.289268970489502,""mean_token_logprob"":-1.289268970489502,""token_logprobs"":[-1.289268970489502]},{""candidate"":""B"",""token_ids"":[33],""token_count"":1,""sequence_logprob"":-1.914268970489502,""mean_token_logprob"":-1.914268970489502,""token_logprobs"":[-1.914268970489502]},{""candidate"":""C"",""token_ids"":[34],""token_count"":1,""sequence_logprob"":-4.351768970489502,""mean_token_logprob"":-4.351768970489502,""token_logprobs"":[-4.351768970489502]},{""candidate"":""D"",""token_ids"":[35],""token_count"":1,""sequence_logprob"":-5.289268970489502,""mean_token_logprob"":-5.289268970489502,""token_logprobs"":[-5.289268970489502]},{""candidate"":""E"",""token_ids"":[36],""token_count"":1,""sequence_logprob"":-1.914268970489502,""mean_token_logprob"":-1.914268970489502,""token_logprobs"":[-1.914268970489502]}]",A,false
580149,Trill,C,1,6,audio_icl_candidate,candidate,,"[{""candidate"":""F"",""token_ids"":[37],""token_count"":1,""sequence_logprob"":-1.3840292692184448,""mean_token_logprob"":-1.3840292692184448,""token_logprobs"":[-1.3840292692184448]},{""candidate"":""A"",""token_ids"":[32],""token_count"":1,""sequence_logprob"":-1.2590292692184448,""mean_token_logprob"":-1.2590292692184448,""token_logprobs"":[-1.2590292692184448]},{""candidate"":""B"",""token_ids"":[33],""token_count"":1,""sequence_logprob"":-1.6965292692184448,""mean_token_logprob"":-1.6965292692184448,""token_logprobs"":[-1.6965292692184448]},{""candidate"":""C"",""token_ids"":[34],""token_count"":1,""sequence_logprob"":-4.571529388427734,""mean_token_logprob"":-4.571529388427734,""token_logprobs"":[-4.571529388427734]},{""candidate"":""D"",""token_ids"":[35],""token_count"":1,""sequence_logprob"":-5.759029388427734,""mean_token_logprob"":-5.759029388427734,""token_logprobs"":[-5.759029388427734]},{""candidate"":""E"",""token_ids"":[36],""token_count"":1,""sequence_logprob"":-1.7590292692184448,""mean_token_logprob"":-1.7590292692184448,""token_logprobs"":[-1.7590292692184448]}]",A,false
580352,Phee,A,1,6,audio_icl_candidate,candidate,,"[{""candidate"":""F"",""token_ids"":[37],""token_count"":1,""sequence_logprob"":-1.3728693723678589,""mean_token_logprob"":-1.3728693723678589,""token_logprobs"":[-1.3728693723678589]},{""candidate"":""A"",""token_ids"":[32],""token_count"":1,""sequence_logprob"":-1.3728693723678589,""mean_token_logprob"":-1.3728693723678589,""token_logprobs"":[-1.3728693723678589]},{""candidate"":""B"",""token_ids"":[33],""token_count"":1,""sequence_logprob"":-1.8728693723678589,""mean_token_logprob"":-1.8728693723678589,""token_logprobs"":[-1.8728693723678589]},{""candidate"":""C"",""token_ids"":[34],""token_count"":1,""sequence_logprob"":-4.310369491577148,""mean_token_logprob"":-4.310369491577148,""token_logprobs"":[-4.310369491577148]},{""candidate"":""D"",""token_ids"":[35],""token_count"":1,""sequence_logprob"":-5.935369491577148,""mean_token_logprob"":-5.935369491577148,""token_logprobs"":[-5.935369491577148]},{""candidate"":""E"",""token_ids"":[36],""token_count"":1,""sequence_logprob"":-1.6228693723678589,""mean_token_logprob"":-1.6228693723678589,""token_logprobs"":[-1.6228693723678589]}]",F,false
590590,Phee,A,1,6,audio_icl_candidate,candidate,,"[{""candidate"":""F"",""token_ids"":[37],""token_count"":1,""sequence_logprob"":-1.3725861310958862,""mean_token_logprob"":-1.3725861310958862,""token_logprobs"":[-1.3725861310958862]},{""candidate"":""A"",""token_ids"":[32],""token_count"":1,""sequence_logprob"":-1.1225861310958862,""mean_token_logprob"":-1.1225861310958862,""token_logprobs"":[-1.1225861310958862]},{""candidate"":""B"",""token_ids"":[33],""token_count"":1,""sequence_logprob"":-1.8100861310958862,""mean_token_logprob"":-1.8100861310958862,""token_logprobs"":[-1.8100861310958862]},{""candidate"":""C"",""token_ids"":[34],""token_count"":1,""sequence_logprob"":-4.747586250305176,""mean_token_logprob"":-4.747586250305176,""token_logprobs"":[-4.747586250305176]},{""candidate"":""D"",""token_ids"":[35],""token_count"":1,""sequence_logprob"":-6.372586250305176,""mean_token_logprob"":-6.372586250305176,""token_logprobs"":[-6.372586250305176]},{""candidate"":""E"",""token_ids"":[36],""token_count"":1,""sequence_logprob"":-2.122586250305176,""mean_token_logprob"":-2.122586250305176,""token_logprobs"":[-2.122586250305176]}]",A,true
592253,Trill,C,1,6,audio_icl_candidate,candidate,,"[{""candidate"":""F"",""token_ids"":[37],""token_count"":1,""sequence_logprob"":-1.3453402519226074,""mean_token_logprob"":-1.3453402519226074,""token_logprobs"":[-1.3453402519226074]},{""candidate"":""A"",""token_ids"":[32],""token_count"":1,""sequence_logprob"":-1.1578402519226074,""mean_token_logprob"":-1.1578402519226074,""token_logprobs"":[-1.1578402519226074]},{""candidate"":""B"",""token_ids"":[33],""token_count"":1,""sequence_logprob"":-1.7828402519226074,""mean_token_logprob"":-1.7828402519226074,""token_logprobs"":[-1.7828402519226074]},{""candidate"":""C"",""token_ids"":[34],""token_count"":1,""sequence_logprob"":-4.595340251922607,""mean_token_logprob"":-4.595340251922607,""token_logprobs"":[-4.595340251922607]},{""candidate"":""D"",""token_ids"":[35],""token_count"":1,""sequence_logprob"":-5.720340251922607,""mean_token_logprob"":-5.720340251922607,""token_logprobs"":[-5.720340251922607]},{""candidate"":""E"",""token_ids"":[36],""token_count"":1,""sequence_logprob"":-2.2828402519226074,""mean_token_logprob"":-2.2828402519226074,""token_logprobs"":[-2.2828402519226074]}]",A,false
592286,Twitter,E,1,6,audio_icl_candidate,candidate,,"[{""candidate"":""F"",""token_ids"":[37],""token_count"":1,""sequence_logprob"":-1.4496629238128662,""mean_token_logprob"":-1.4496629238128662,""token_logprobs"":[-1.4496629238128662]},{""candidate"":""A"",""token_ids"":[32],""token_count"":1,""sequence_logprob"":-0.699662983417511,""mean_token_logprob"":-0.699662983417511,""token_logprobs"":[-0.699662983417511]},{""candidate"":""B"",""token_ids"":[33],""token_count"":1,""sequence_logprob"":-1.9496629238128662,""mean_token_logprob"":-1.9496629238128662,""token_logprobs"":[-1.9496629238128662]},{""candidate"":""C"",""token_ids"":[34],""token_count"":1,""sequence_logprob"":-4.887163162231445,""mean_token_logprob"":-4.887163162231445,""token_logprobs"":[-4.887163162231445]},{""candidate"":""D"",""token_ids"":[35],""token_count"":1,""sequence_logprob"":-6.824663162231445,""mean_token_logprob"":-6.824663162231445,""token_logprobs"":[-6.824663162231445]},{""candidate"":""E"",""token_ids"":[36],""token_count"":1,""sequence_logprob"":-3.512162923812866,""mean_token_logprob"":-3.512162923812866,""token_logprobs"":[-3.512162923812866]}]",A,false
595018,Trill,C,1,6,audio_icl_candidate,candidate,,"[{""candidate"":""F"",""token_ids"":[37],""token_count"":1,""sequence_logprob"":-1.2991445064544678,""mean_token_logprob"":-1.2991445064544678,""token_logprobs"":[-1.2991445064544678]},{""candidate"":""A"",""token_ids"":[32],""token_count"":1,""sequence_logprob"":-1.2991445064544678,""mean_token_logprob"":-1.2991445064544678,""token_logprobs"":[-1.2991445064544678]},{""candidate"":""B"",""token_ids"":[33],""token_count"":1,""sequence_logprob"":-1.6741445064544678,""mean_token_logprob"":-1.6741445064544678,""token_logprobs"":[-1.6741445064544678]},{""candidate"":""C"",""token_ids"":[34],""token_count"":1,""sequence_logprob"":-4.361644744873047,""mean_token_logprob"":-4.361644744873047,""token_logprobs"":[-4.361644744873047]},{""candidate"":""D"",""token_ids"":[35],""token_count"":1,""sequence_logprob"":-5.799144744873047,""mean_token_logprob"":-5.799144744873047,""token_logprobs"":[-5.799144744873047]},{""candidate"":""E"",""token_ids"":[36],""token_count"":1,""sequence_logprob"":-2.0491445064544678,""mean_token_logprob"":-2.0491445064544678,""token_logprobs"":[-2.0491445064544678]}]",F,false
598116,Twitter,E,1,6,audio_icl_candidate,candidate,,"[{""candidate"":""F"",""token_ids"":[37],""token_count"":1,""sequence_logprob"":-1.366180658340454,""mean_token_logprob"":-1.366180658340454,""token_logprobs"":[-1.366180658340454]},{""candidate"":""A"",""token_ids"":[32],""token_count"":1,""sequence_logprob"":-1.241180658340454,""mean_token_logprob"":-1.241180658340454,""token_logprobs"":[-1.241180658340454]},{""candidate"":""B"",""token_ids"":[33],""token_count"":1,""sequence_logprob"":-1.803680658340454,""mean_token_logprob"":-1.803680658340454,""token_logprobs"":[-1.803680658340454]},{""candidate"":""C"",""token_ids"":[34],""token_count"":1,""sequence_logprob"":-4.241180419921875,""mean_token_logprob"":-4.241180419921875,""token_logprobs"":[-4.241180419921875]},{""candidate"":""D"",""token_ids"":[35],""token_count"":1,""sequence_logprob"":-5.616180419921875,""mean_token_logprob"":-5.616180419921875,""token_logprobs"":[-5.616180419921875]},{""candidate"":""E"",""token_ids"":[36],""token_count"":1,""sequence_logprob"":-1.928680658340454,""mean_token_logprob"":-1.928680658340454,""token_logprobs"":[-1.928680658340454]}]",A,false
598781,Twitter,E,1,6,audio_icl_candidate,candidate,,"[{""candidate"":""F"",""token_ids"":[37],""token_count"":1,""sequence_logprob"":-1.3301912546157837,""mean_token_logprob"":-1.3301912546157837,""token_logprobs"":[-1.3301912546157837]},{""candidate"":""A"",""token_ids"":[32],""token_count"":1,""sequence_logprob"":-1.1426912546157837,""mean_token_logprob"":-1.1426912546157837,""token_logprobs"":[-1.1426912546157837]},{""candidate"":""B"",""token_ids"":[33],""token_count"":1,""sequence_logprob"":-1.8301912546157837,""mean_token_logprob"":-1.8301912546157837,""token_logprobs"":[-1.8301912546157837]},{""candidate"":""C"",""token_ids"":[34],""token_count"":1,""sequence_logprob"":-4.767691135406494,""mean_token_logprob"":-4.767691135406494,""token_logprobs"":[-4.767691135406494]},{""candidate"":""D"",""token_ids"":[35],""token_count"":1,""sequence_logprob"":-5.830191135406494,""mean_token_logprob"":-5.830191135406494,""token_logprobs"":[-5.830191135406494]},{""candidate"":""E"",""token_ids"":[36],""token_count"":1,""sequence_logprob"":-2.017691135406494,""mean_token_logprob"":-2.017691135406494,""token_logprobs"":[-2.017691135406494]}]",A,false
609454,Infant Cry,F,1,6,audio_icl_candidate,candidate,,"[{""candidate"":""F"",""token_ids"":[37],""token_count"":1,""sequence_logprob"":-1.3016475439071655,""mean_token_logprob"":-1.3016475439071655,""token_logprobs"":[-1.3016475439071655]},{""candidate"":""A"",""token_ids"":[32],""token_count"":1,""sequence_logprob"":-1.3016475439071655,""mean_token_logprob"":-1.3016475439071655,""token_logprobs"":[-1.3016475439071655]},{""candidate"":""B"",""token_ids"":[33],""token_count"":1,""sequence_logprob"":-1.8641475439071655,""mean_token_logprob"":-1.8641475439071655,""token_logprobs"":[-1.8641475439071655]},{""candidate"":""C"",""token_ids"":[34],""token_count"":1,""sequence_logprob"":-3.989147663116455,""mean_token_logprob"":-3.989147663116455,""token_logprobs"":[-3.989147663116455]},{""candidate"":""D"",""token_ids"":[35],""token_count"":1,""sequence_logprob"":-5.864147663116455,""mean_token_logprob"":-5.864147663116455,""token_logprobs"":[-5.864147663116455]},{""candidate"":""E"",""token_ids"":[36],""token_count"":1,""sequence_logprob"":-1.9891475439071655,""mean_token_logprob"":-1.9891475439071655,""token_logprobs"":[-1.9891475439071655]}]",F,true
610080,Tsik,D,1,6,audio_icl_candidate,candidate,,"[{""candidate"":""F"",""token_ids"":[37],""token_count"":1,""sequence_logprob"":-1.2550565004348755,""mean_token_logprob"":-1.2550565004348755,""token_logprobs"":[-1.2550565004348755]},{""candidate"":""A"",""token_ids"":[32],""token_count"":1,""sequence_logprob"":-1.1925565004348755,""mean_token_logprob"":-1.1925565004348755,""token_logprobs"":[-1.1925565004348755]},{""candidate"":""B"",""token_ids"":[33],""token_count"":1,""sequence_logprob"":-1.7550565004348755,""mean_token_logprob"":-1.7550565004348755,""token_logprobs"":[-1.7550565004348755]},{""candidate"":""C"",""token_ids"":[34],""token_count"":1,""sequence_logprob"":-3.880056381225586,""mean_token_logprob"":-3.880056381225586,""token_logprobs"":[-3.880056381225586]},{""candidate"":""D"",""token_ids"":[35],""token_count"":1,""sequence_logprob"":-5.567556381225586,""mean_token_logprob"":-5.567556381225586,""token_logprobs"":[-5.567556381225586]},{""candidate"":""E"",""token_ids"":[36],""token_count"":1,""sequence_logprob"":-2.442556381225586,""mean_token_logprob"":-2.442556381225586,""token_logprobs"":[-2.442556381225586]}]",A,false
614582,Tsik,D,1,6,audio_icl_candidate,candidate,,"[{""candidate"":""F"",""token_ids"":[37],""token_count"":1,""sequence_logprob"":-1.3560049533843994,""mean_token_logprob"":-1.3560049533843994,""token_logprobs"":[-1.3560049533843994]},{""candidate"":""A"",""token_ids"":[32],""token_count"":1,""sequence_logprob"":-1.2310049533843994,""mean_token_logprob"":-1.2310049533843994,""token_logprobs"":[-1.2310049533843994]},{""candidate"":""B"",""token_ids"":[33],""token_count"":1,""sequence_logprob"":-1.8560049533843994,""mean_token_logprob"":-1.8560049533843994,""token_logprobs"":[-1.8560049533843994]},{""candidate"":""C"",""token_ids"":[34],""token_count"":1,""sequence_logprob"":-4.04350471496582,""mean_token_logprob"":-4.04350471496582,""token_logprobs"":[-4.04350471496582]},{""candidate"":""D"",""token_ids"":[35],""token_count"":1,""sequence_logprob"":-5.85600471496582,""mean_token_logprob"":-5.85600471496582,""token_logprobs"":[-5.85600471496582]},{""candidate"":""E"",""token_ids"":[36],""token_count"":1,""sequence_logprob"":-2.0435049533843994,""mean_token_logprob"":-2.0435049533843994,""token_logprobs"":[-2.0435049533843994]}]",A,false
614794,Tsik,D,1,6,audio_icl_candidate,candidate,,"[{""candidate"":""F"",""token_ids"":[37],""token_count"":1,""sequence_logprob"":-1.2365739345550537,""mean_token_logprob"":-1.2365739345550537,""token_logprobs"":[-1.2365739345550537]},{""candidate"":""A"",""token_ids"":[32],""token_count"":1,""sequence_logprob"":-1.2365739345550537,""mean_token_logprob"":-1.2365739345550537,""token_logprobs"":[-1.2365739345550537]},{""candidate"":""B"",""token_ids"":[33],""token_count"":1,""sequence_logprob"":-1.8615739345550537,""mean_token_logprob"":-1.8615739345550537,""token_logprobs"":[-1.8615739345550537]},{""candidate"":""C"",""token_ids"":[34],""token_count"":1,""sequence_logprob"":-4.049074172973633,""mean_token_logprob"":-4.049074172973633,""token_logprobs"":[-4.049074172973633]},{""candidate"":""D"",""token_ids"":[35],""token_count"":1,""sequence_logprob"":-5.861574172973633,""mean_token_logprob"":-5.861574172973633,""token_logprobs"":[-5.861574172973633]},{""candidate"":""E"",""token_ids"":[36],""token_count"":1,""sequence_logprob"":-2.1740739345550537,""mean_token_logprob"":-2.1740739345550537,""token_logprobs"":[-2.1740739345550537]}]",F,false
622260,Twitter,E,1,6,audio_icl_candidate,candidate,,"[{""candidate"":""F"",""token_ids"":[37],""token_count"":1,""sequence_logprob"":-1.3626902103424072,""mean_token_logprob"":-1.3626902103424072,""token_logprobs"":[-1.3626902103424072]},{""candidate"":""A"",""token_ids"":[32],""token_count"":1,""sequence_logprob"":-1.1751902103424072,""mean_token_logprob"":-1.1751902103424072,""token_logprobs"":[-1.1751902103424072]},{""candidate"":""B"",""token_ids"":[33],""token_count"":1,""sequence_logprob"":-1.7376902103424072,""mean_token_logprob"":-1.7376902103424072,""token_logprobs"":[-1.7376902103424072]},{""candidate"":""C"",""token_ids"":[34],""token_count"":1,""sequence_logprob"":-4.925189971923828,""mean_token_logprob"":-4.925189971923828,""token_logprobs"":[-4.925189971923828]},{""candidate"":""D"",""token_ids"":[35],""token_count"":1,""sequence_logprob"":-5.862689971923828,""mean_token_logprob"":-5.862689971923828,""token_logprobs"":[-5.862689971923828]},{""candidate"":""E"",""token_ids"":[36],""token_count"":1,""sequence_logprob"":-1.9251902103424072,""mean_token_logprob"":-1.9251902103424072,""token_logprobs"":[-1.9251902103424072]}]",A,false
622312,Tsik,D,1,6,audio_icl_candidate,candidate,,"[{""candidate"":""F"",""token_ids"":[37],""token_count"":1,""sequence_logprob"":-1.2679805755615234,""mean_token_logprob"":-1.2679805755615234,""token_logprobs"":[-1.2679805755615234]},{""candidate"":""A"",""token_ids"":[32],""token_count"":1,""sequence_logprob"":-1.1429805755615234,""mean_token_logprob"":-1.1429805755615234,""token_logprobs"":[-1.1429805755615234]},{""candidate"":""B"",""token_ids"":[33],""token_count"":1,""sequence_logprob"":-1.8929805755615234,""mean_token_logprob"":-1.8929805755615234,""token_logprobs"":[-1.8929805755615234]},{""candidate"":""C"",""token_ids"":[34],""token_count"":1,""sequence_logprob"":-4.580480575561523,""mean_token_logprob"":-4.580480575561523,""token_logprobs"":[-4.580480575561523]},{""candidate"":""D"",""token_ids"":[35],""token_count"":1,""sequence_logprob"":-6.017980575561523,""mean_token_logprob"":-6.017980575561523,""token_logprobs"":[-6.017980575561523]},{""candidate"":""E"",""token_ids"":[36],""token_count"":1,""sequence_logprob"":-2.2054805755615234,""mean_token_logprob"":-2.2054805755615234,""token_logprobs"":[-2.2054805755615234]}]",A,false
622320,Trill,C,1,6,audio_icl_candidate,candidate,,"[{""candidate"":""F"",""token_ids"":[37],""token_count"":1,""sequence_logprob"":-1.2576991319656372,""mean_token_logprob"":-1.2576991319656372,""token_logprobs"":[-1.2576991319656372]},{""candidate"":""A"",""token_ids"":[32],""token_count"":1,""sequence_logprob"":-1.1951991319656372,""mean_token_logprob"":-1.1951991319656372,""token_logprobs"":[-1.1951991319656372]},{""candidate"":""B"",""token_ids"":[33],""token_count"":1,""sequence_logprob"":-1.8826991319656372,""mean_token_logprob"":-1.8826991319656372,""token_logprobs"":[-1.8826991319656372]},{""candidate"":""C"",""token_ids"":[34],""token_count"":1,""sequence_logprob"":-4.445199012756348,""mean_token_logprob"":-4.445199012756348,""token_logprobs"":[-4.445199012756348]},{""candidate"":""D"",""token_ids"":[35],""token_count"":1,""sequence_logprob"":-5.695199012756348,""mean_token_logprob"":-5.695199012756348,""token_logprobs"":[-5.695199012756348]},{""candidate"":""E"",""token_ids"":[36],""token_count"":1,""sequence_logprob"":-2.1951990127563477,""mean_token_logprob"":-2.1951990127563477,""token_logprobs"":[-2.1951990127563477]}]",A,false
622417,Seep,B,1,6,audio_icl_candidate,candidate,,"[{""candidate"":""F"",""token_ids"":[37],""token_count"":1,""sequence_logprob"":-1.164143681526184,""mean_token_logprob"":-1.164143681526184,""token_logprobs"":[-1.164143681526184]},{""candidate"":""A"",""token_ids"":[32],""token_count"":1,""sequence_logprob"":-1.226643681526184,""mean_token_logprob"":-1.226643681526184,""token_logprobs"":[-1.226643681526184]},{""candidate"":""B"",""token_ids"":[33],""token_count"":1,""sequence_logprob"":-1.914143681526184,""mean_token_logprob"":-1.914143681526184,""token_logprobs"":[-1.914143681526184]},{""candidate"":""C"",""token_ids"":[34],""token_count"":1,""sequence_logprob"":-4.9766435623168945,""mean_token_logprob"":-4.9766435623168945,""token_logprobs"":[-4.9766435623168945]},{""candidate"":""D"",""token_ids"":[35],""token_count"":1,""sequence_logprob"":-6.2266435623168945,""mean_token_logprob"":-6.2266435623168945,""token_logprobs"":[-6.2266435623168945]},{""candidate"":""E"",""token_ids"":[36],""token_count"":1,""sequence_logprob"":-2.4766435623168945,""mean_token_logprob"":-2.4766435623168945,""token_logprobs"":[-2.4766435623168945]}]",F,false
622758,Twitter,E,1,6,audio_icl_candidate,candidate,,"[{""candidate"":""F"",""token_ids"":[37],""token_count"":1,""sequence_logprob"":-1.397249460220337,""mean_token_logprob"":-1.397249460220337,""token_logprobs"":[-1.397249460220337]},{""candidate"":""A"",""token_ids"":[32],""token_count"":1,""sequence_logprob"":-1.334749460220337,""mean_token_logprob"":-1.334749460220337,""token_logprobs"":[-1.334749460220337]},{""candidate"":""B"",""token_ids"":[33],""token_count"":1,""sequence_logprob"":-1.772249460220337,""mean_token_logprob"":-1.772249460220337,""token_logprobs"":[-1.772249460220337]},{""candidate"":""C"",""token_ids"":[34],""token_count"":1,""sequence_logprob"":-4.272249221801758,""mean_token_logprob"":-4.272249221801758,""token_logprobs"":[-4.272249221801758]},{""candidate"":""D"",""token_ids"":[35],""token_count"":1,""sequence_logprob"":-5.459749221801758,""mean_token_logprob"":-5.459749221801758,""token_logprobs"":[-5.459749221801758]},{""candidate"":""E"",""token_ids"":[36],""token_count"":1,""sequence_logprob"":-1.647249460220337,""mean_token_logprob"":-1.647249460220337,""token_logprobs"":[-1.647249460220337]}]",A,false
623382,Seep,B,1,6,audio_icl_candidate,candidate,,"[{""candidate"":""F"",""token_ids"":[37],""token_count"":1,""sequence_logprob"":-1.3316367864608765,""mean_token_logprob"":-1.3316367864608765,""token_logprobs"":[-1.3316367864608765]},{""candidate"":""A"",""token_ids"":[32],""token_count"":1,""sequence_logprob"":-1.3316367864608765,""mean_token_logprob"":-1.3316367864608765,""token_logprobs"":[-1.3316367864608765]},{""candidate"":""B"",""token_ids"":[33],""token_count"":1,""sequence_logprob"":-2.144136905670166,""mean_token_logprob"":-2.144136905670166,""token_logprobs"":[-2.144136905670166]},{""candidate"":""C"",""token_ids"":[34],""token_count"":1,""sequence_logprob"":-5.144136905670166,""mean_token_logprob"":-5.144136905670166,""token_logprobs"":[-5.144136905670166]},{""candidate"":""D"",""token_ids"":[35],""token_count"":1,""sequence_logprob"":-6.081636905670166,""mean_token_logprob"":-6.081636905670166,""token_logprobs"":[-6.081636905670166]},{""candidate"":""E"",""token_ids"":[36],""token_count"":1,""sequence_logprob"":-1.8316367864608765,""mean_token_logprob"":-1.8316367864608765,""token_logprobs"":[-1.8316367864608765]}]",F,false
623573,Twitter,E,1,6,audio_icl_candidate,candidate,,"[{""candidate"":""F"",""token_ids"":[37],""token_count"":1,""sequence_logprob"":-1.331412672996521,""mean_token_logprob"":-1.331412672996521,""token_logprobs"":[-1.331412672996521]},{""candidate"":""A"",""token_ids"":[32],""token_count"":1,""sequence_logprob"":-1.268912672996521,""mean_token_logprob"":-1.268912672996521,""token_logprobs"":[-1.268912672996521]},{""candidate"":""B"",""token_ids"":[33],""token_count"":1,""sequence_logprob"":-1.831412672996521,""mean_token_logprob"":-1.831412672996521,""token_logprobs"":[-1.831412672996521]},{""candidate"":""C"",""token_ids"":[34],""token_count"":1,""sequence_logprob"":-4.5814127922058105,""mean_token_logprob"":-4.5814127922058105,""token_logprobs"":[-4.5814127922058105]},{""candidate"":""D"",""token_ids"":[35],""token_count"":1,""sequence_logprob"":-5.8939127922058105,""mean_token_logprob"":-5.8939127922058105,""token_logprobs"":[-5.8939127922058105]},{""candidate"":""E"",""token_ids"":[36],""token_count"":1,""sequence_logprob"":-1.956412672996521,""mean_token_logprob"":-1.956412672996521,""token_logprobs"":[-1.956412672996521]}]",A,false
623621,Seep,B,1,6,audio_icl_candidate,candidate,,"[{""candidate"":""F"",""token_ids"":[37],""token_count"":1,""sequence_logprob"":-1.3422945737838745,""mean_token_logprob"":-1.3422945737838745,""token_logprobs"":[-1.3422945737838745]},{""candidate"":""A"",""token_ids"":[32],""token_count"":1,""sequence_logprob"":-1.3422945737838745,""mean_token_logprob"":-1.3422945737838745,""token_logprobs"":[-1.3422945737838745]},{""candidate"":""B"",""token_ids"":[33],""token_count"":1,""sequence_logprob"":-1.8422945737838745,""mean_token_logprob"":-1.8422945737838745,""token_logprobs"":[-1.8422945737838745]},{""candidate"":""C"",""token_ids"":[34],""token_count"":1,""sequence_logprob"":-4.592294692993164,""mean_token_logprob"":-4.592294692993164,""token_logprobs"":[-4.592294692993164]},{""candidate"":""D"",""token_ids"":[35],""token_count"":1,""sequence_logprob"":-5.717294692993164,""mean_token_logprob"":-5.717294692993164,""token_logprobs"":[-5.717294692993164]},{""candidate"":""E"",""token_ids"":[36],""token_count"":1,""sequence_logprob"":-1.9047945737838745,""mean_token_logprob"":-1.9047945737838745,""token_logprobs"":[-1.9047945737838745]}]",F,false
623676,Infant Cry,F,1,6,audio_icl_candidate,candidate,,"[{""candidate"":""F"",""token_ids"":[37],""token_count"":1,""sequence_logprob"":-1.2312923669815063,""mean_token_logprob"":-1.2312923669815063,""token_logprobs"":[-1.2312923669815063]},{""candidate"":""A"",""token_ids"":[32],""token_count"":1,""sequence_logprob"":-1.2312923669815063,""mean_token_logprob"":-1.2312923669815063,""token_logprobs"":[-1.2312923669815063]},{""candidate"":""B"",""token_ids"":[33],""token_count"":1,""sequence_logprob"":-1.9187923669815063,""mean_token_logprob"":-1.9187923669815063,""token_logprobs"":[-1.9187923669815063]},{""candidate"":""C"",""token_ids"":[34],""token_count"":1,""sequence_logprob"":-4.168792247772217,""mean_token_logprob"":-4.168792247772217,""token_logprobs"":[-4.168792247772217]},{""candidate"":""D"",""token_ids"":[35],""token_count"":1,""sequence_logprob"":-6.106292247772217,""mean_token_logprob"":-6.106292247772217,""token_logprobs"":[-6.106292247772217]},{""candidate"":""E"",""token_ids"":[36],""token_count"":1,""sequence_logprob"":-2.168792247772217,""mean_token_logprob"":-2.168792247772217,""token_logprobs"":[-2.168792247772217]}]",F,true
623691,Infant Cry,F,1,6,audio_icl_candidate,candidate,,"[{""candidate"":""F"",""token_ids"":[37],""token_count"":1,""sequence_logprob"":-1.2335001230239868,""mean_token_logprob"":-1.2335001230239868,""token_logprobs"":[-1.2335001230239868]},{""candidate"":""A"",""token_ids"":[32],""token_count"":1,""sequence_logprob"":-1.2960001230239868,""mean_token_logprob"":-1.2960001230239868,""token_logprobs"":[-1.2960001230239868]},{""candidate"":""B"",""token_ids"":[33],""token_count"":1,""sequence_logprob"":-1.9210001230239868,""mean_token_logprob"":-1.9210001230239868,""token_logprobs"":[-1.9210001230239868]},{""candidate"":""C"",""token_ids"":[34],""token_count"":1,""sequence_logprob"":-4.046000003814697,""mean_token_logprob"":-4.046000003814697,""token_logprobs"":[-4.046000003814697]},{""candidate"":""D"",""token_ids"":[35],""token_count"":1,""sequence_logprob"":-6.421000003814697,""mean_token_logprob"":-6.421000003814697,""token_logprobs"":[-6.421000003814697]},{""candidate"":""E"",""token_ids"":[36],""token_count"":1,""sequence_logprob"":-2.1085000038146973,""mean_token_logprob"":-2.1085000038146973,""token_logprobs"":[-2.1085000038146973]}]",F,true
623713,Seep,B,1,6,audio_icl_candidate,candidate,,"[{""candidate"":""F"",""token_ids"":[37],""token_count"":1,""sequence_logprob"":-1.2571396827697754,""mean_token_logprob"":-1.2571396827697754,""token_logprobs"":[-1.2571396827697754]},{""candidate"":""A"",""token_ids"":[32],""token_count"":1,""sequence_logprob"":-1.1946396827697754,""mean_token_logprob"":-1.1946396827697754,""token_logprobs"":[-1.1946396827697754]},{""candidate"":""B"",""token_ids"":[33],""token_count"":1,""sequence_logprob"":-2.0696396827697754,""mean_token_logprob"":-2.0696396827697754,""token_logprobs"":[-2.0696396827697754]},{""candidate"":""C"",""token_ids"":[34],""token_count"":1,""sequence_logprob"":-5.007139682769775,""mean_token_logprob"":-5.007139682769775,""token_logprobs"":[-5.007139682769775]},{""candidate"":""D"",""token_ids"":[35],""token_count"":1,""sequence_logprob"":-6.069639682769775,""mean_token_logprob"":-6.069639682769775,""token_logprobs"":[-6.069639682769775]},{""candidate"":""E"",""token_ids"":[36],""token_count"":1,""sequence_logprob"":-2.2571396827697754,""mean_token_logprob"":-2.2571396827697754,""token_logprobs"":[-2.2571396827697754]}]",A,false
623831,Tsik,D,1,6,audio_icl_candidate,candidate,,"[{""candidate"":""F"",""token_ids"":[37],""token_count"":1,""sequence_logprob"":-1.253388524055481,""mean_token_logprob"":-1.253388524055481,""token_logprobs"":[-1.253388524055481]},{""candidate"":""A"",""token_ids"":[32],""token_count"":1,""sequence_logprob"":-1.128388524055481,""mean_token_logprob"":-1.128388524055481,""token_logprobs"":[-1.128388524055481]},{""candidate"":""B"",""token_ids"":[33],""token_count"":1,""sequence_logprob"":-1.940888524055481,""mean_token_logprob"":-1.940888524055481,""token_logprobs"":[-1.940888524055481]},{""candidate"":""C"",""token_ids"":[34],""token_count"":1,""sequence_logprob"":-4.065888404846191,""mean_token_logprob"":-4.065888404846191,""token_logprobs"":[-4.065888404846191]},{""candidate"":""D"",""token_ids"":[35],""token_count"":1,""sequence_logprob"":-6.065888404846191,""mean_token_logprob"":-6.065888404846191,""token_logprobs"":[-6.065888404846191]},{""candidate"":""E"",""token_ids"":[36],""token_count"":1,""sequence_logprob"":-2.5658884048461914,""mean_token_logprob"":-2.5658884048461914,""token_logprobs"":[-2.5658884048461914]}]",A,false
624179,Twitter,E,1,6,audio_icl_candidate,candidate,,"[{""candidate"":""F"",""token_ids"":[37],""token_count"":1,""sequence_logprob"":-1.500016689300537,""mean_token_logprob"":-1.500016689300537,""token_logprobs"":[-1.500016689300537]},{""candidate"":""A"",""token_ids"":[32],""token_count"":1,""sequence_logprob"":-0.8125166296958923,""mean_token_logprob"":-0.8125166296958923,""token_logprobs"":[-0.8125166296958923]},{""candidate"":""B"",""token_ids"":[33],""token_count"":1,""sequence_logprob"":-1.750016689300537,""mean_token_logprob"":-1.750016689300537,""token_logprobs"":[-1.750016689300537]},{""candidate"":""C"",""token_ids"":[34],""token_count"":1,""sequence_logprob"":-5.062516689300537,""mean_token_logprob"":-5.062516689300537,""token_logprobs"":[-5.062516689300537]},{""candidate"":""D"",""token_ids"":[35],""token_count"":1,""sequence_logprob"":-6.437516689300537,""mean_token_logprob"":-6.437516689300537,""token_logprobs"":[-6.437516689300537]},{""candidate"":""E"",""token_ids"":[36],""token_count"":1,""sequence_logprob"":-2.625016689300537,""mean_token_logprob"":-2.625016689300537,""token_logprobs"":[-2.625016689300537]}]",A,false
624712,Trill,C,1,6,audio_icl_candidate,candidate,,"[{""candidate"":""F"",""token_ids"":[37],""token_count"":1,""sequence_logprob"":-1.535125970840454,""mean_token_logprob"":-1.535125970840454,""token_logprobs"":[-1.535125970840454]},{""candidate"":""A"",""token_ids"":[32],""token_count"":1,""sequence_logprob"":-1.285125970840454,""mean_token_logprob"":-1.285125970840454,""token_logprobs"":[-1.285125970840454]},{""candidate"":""B"",""token_ids"":[33],""token_count"":1,""sequence_logprob"":-1.785125970840454,""mean_token_logprob"":-1.785125970840454,""token_logprobs"":[-1.785125970840454]},{""candidate"":""C"",""token_ids"":[34],""token_count"":1,""sequence_logprob"":-4.597625732421875,""mean_token_logprob"":-4.597625732421875,""token_logprobs"":[-4.597625732421875]},{""candidate"":""D"",""token_ids"":[35],""token_count"":1,""sequence_logprob"":-5.785125732421875,""mean_token_logprob"":-5.785125732421875,""token_logprobs"":[-5.785125732421875]},{""candidate"":""E"",""token_ids"":[36],""token_count"":1,""sequence_logprob"":-1.785125970840454,""mean_token_logprob"":-1.785125970840454,""token_logprobs"":[-1.785125970840454]}]",A,false
625053,Twitter,E,1,6,audio_icl_candidate,candidate,,"[{""candidate"":""F"",""token_ids"":[37],""token_count"":1,""sequence_logprob"":-1.5103960037231445,""mean_token_logprob"":-1.5103960037231445,""token_logprobs"":[-1.5103960037231445]},{""candidate"":""A"",""token_ids"":[32],""token_count"":1,""sequence_logprob"":-0.8228960633277893,""mean_token_logprob"":-0.8228960633277893,""token_logprobs"":[-0.8228960633277893]},{""candidate"":""B"",""token_ids"":[33],""token_count"":1,""sequence_logprob"":-1.5728960037231445,""mean_token_logprob"":-1.5728960037231445,""token_logprobs"":[-1.5728960037231445]},{""candidate"":""C"",""token_ids"":[34],""token_count"":1,""sequence_logprob"":-5.2603960037231445,""mean_token_logprob"":-5.2603960037231445,""token_logprobs"":[-5.2603960037231445]},{""candidate"":""D"",""token_ids"":[35],""token_count"":1,""sequence_logprob"":-6.5103960037231445,""mean_token_logprob"":-6.5103960037231445,""token_logprobs"":[-6.5103960037231445]},{""candidate"":""E"",""token_ids"":[36],""token_count"":1,""sequence_logprob"":-2.7603960037231445,""mean_token_logprob"":-2.7603960037231445,""token_logprobs"":[-2.7603960037231445]}]",A,false
628729,Infant Cry,F,1,6,audio_icl_candidate,candidate,,"[{""candidate"":""F"",""token_ids"":[37],""token_count"":1,""sequence_logprob"":-1.480194330215454,""mean_token_logprob"":-1.480194330215454,""token_logprobs"":[-1.480194330215454]},{""candidate"":""A"",""token_ids"":[32],""token_count"":1,""sequence_logprob"":-1.230194330215454,""mean_token_logprob"":-1.230194330215454,""token_logprobs"":[-1.230194330215454]},{""candidate"":""B"",""token_ids"":[33],""token_count"":1,""sequence_logprob"":-1.730194330215454,""mean_token_logprob"":-1.730194330215454,""token_logprobs"":[-1.730194330215454]},{""candidate"":""C"",""token_ids"":[34],""token_count"":1,""sequence_logprob"":-3.855194330215454,""mean_token_logprob"":-3.855194330215454,""token_logprobs"":[-3.855194330215454]},{""candidate"":""D"",""token_ids"":[35],""token_count"":1,""sequence_logprob"":-5.542694091796875,""mean_token_logprob"":-5.542694091796875,""token_logprobs"":[-5.542694091796875]},{""candidate"":""E"",""token_ids"":[36],""token_count"":1,""sequence_logprob"":-2.167694330215454,""mean_token_logprob"":-2.167694330215454,""token_logprobs"":[-2.167694330215454]}]",A,false
631448,Trill,C,1,6,audio_icl_candidate,candidate,,"[{""candidate"":""F"",""token_ids"":[37],""token_count"":1,""sequence_logprob"":-1.3222073316574097,""mean_token_logprob"":-1.3222073316574097,""token_logprobs"":[-1.3222073316574097]},{""candidate"":""A"",""token_ids"":[32],""token_count"":1,""sequence_logprob"":-1.2597073316574097,""mean_token_logprob"":-1.2597073316574097,""token_logprobs"":[-1.2597073316574097]},{""candidate"":""B"",""token_ids"":[33],""token_count"":1,""sequence_logprob"":-1.8847073316574097,""mean_token_logprob"":-1.8847073316574097,""token_logprobs"":[-1.8847073316574097]},{""candidate"":""C"",""token_ids"":[34],""token_count"":1,""sequence_logprob"":-4.759707450866699,""mean_token_logprob"":-4.759707450866699,""token_logprobs"":[-4.759707450866699]},{""candidate"":""D"",""token_ids"":[35],""token_count"":1,""sequence_logprob"":-5.572207450866699,""mean_token_logprob"":-5.572207450866699,""token_logprobs"":[-5.572207450866699]},{""candidate"":""E"",""token_ids"":[36],""token_count"":1,""sequence_logprob"":-1.8222073316574097,""mean_token_logprob"":-1.8222073316574097,""token_logprobs"":[-1.8222073316574097]}]",A,false
631485,Phee,A,1,6,audio_icl_candidate,candidate,,"[{""candidate"":""F"",""token_ids"":[37],""token_count"":1,""sequence_logprob"":-1.3491957187652588,""mean_token_logprob"":-1.3491957187652588,""token_logprobs"":[-1.3491957187652588]},{""candidate"":""A"",""token_ids"":[32],""token_count"":1,""sequence_logprob"":-1.1616957187652588,""mean_token_logprob"":-1.1616957187652588,""token_logprobs"":[-1.1616957187652588]},{""candidate"":""B"",""token_ids"":[33],""token_count"":1,""sequence_logprob"":-1.7866957187652588,""mean_token_logprob"":-1.7866957187652588,""token_logprobs"":[-1.7866957187652588]},{""candidate"":""C"",""token_ids"":[34],""token_count"":1,""sequence_logprob"":-4.41169548034668,""mean_token_logprob"":-4.41169548034668,""token_logprobs"":[-4.41169548034668]},{""candidate"":""D"",""token_ids"":[35],""token_count"":1,""sequence_logprob"":-5.97419548034668,""mean_token_logprob"":-5.97419548034668,""token_logprobs"":[-5.97419548034668]},{""candidate"":""E"",""token_ids"":[36],""token_count"":1,""sequence_logprob"":-1.9741957187652588,""mean_token_logprob"":-1.9741957187652588,""token_logprobs"":[-1.9741957187652588]}]",A,true
631861,Infant Cry,F,1,6,audio_icl_candidate,candidate,,"[{""candidate"":""F"",""token_ids"":[37],""token_count"":1,""sequence_logprob"":-1.393672227859497,""mean_token_logprob"":-1.393672227859497,""token_logprobs"":[-1.393672227859497]},{""candidate"":""A"",""token_ids"":[32],""token_count"":1,""sequence_logprob"":-1.143672227859497,""mean_token_logprob"":-1.143672227859497,""token_logprobs"":[-1.143672227859497]},{""candidate"":""B"",""token_ids"":[33],""token_count"":1,""sequence_logprob"":-1.768672227859497,""mean_token_logprob"":-1.768672227859497,""token_logprobs"":[-1.768672227859497]},{""candidate"":""C"",""token_ids"":[34],""token_count"":1,""sequence_logprob"":-3.768672227859497,""mean_token_logprob"":-3.768672227859497,""token_logprobs"":[-3.768672227859497]},{""candidate"":""D"",""token_ids"":[35],""token_count"":1,""sequence_logprob"":-5.956171989440918,""mean_token_logprob"":-5.956171989440918,""token_logprobs"":[-5.956171989440918]},{""candidate"":""E"",""token_ids"":[36],""token_count"":1,""sequence_logprob"":-2.081172227859497,""mean_token_logprob"":-2.081172227859497,""token_logprobs"":[-2.081172227859497]}]",A,false
631947,Tsik,D,1,6,audio_icl_candidate,candidate,,"[{""candidate"":""F"",""token_ids"":[37],""token_count"":1,""sequence_logprob"":-1.4509438276290894,""mean_token_logprob"":-1.4509438276290894,""token_logprobs"":[-1.4509438276290894]},{""candidate"":""A"",""token_ids"":[32],""token_count"":1,""sequence_logprob"":-1.2634438276290894,""mean_token_logprob"":-1.2634438276290894,""token_logprobs"":[-1.2634438276290894]},{""candidate"":""B"",""token_ids"":[33],""token_count"":1,""sequence_logprob"":-1.7634438276290894,""mean_token_logprob"":-1.7634438276290894,""token_logprobs"":[-1.7634438276290894]},{""candidate"":""C"",""token_ids"":[34],""token_count"":1,""sequence_logprob"":-4.763443946838379,""mean_token_logprob"":-4.763443946838379,""token_logprobs"":[-4.763443946838379]},{""candidate"":""D"",""token_ids"":[35],""token_count"":1,""sequence_logprob"":-5.513443946838379,""mean_token_logprob"":-5.513443946838379,""token_logprobs"":[-5.513443946838379]},{""candidate"":""E"",""token_ids"":[36],""token_count"":1,""sequence_logprob"":-1.7009438276290894,""mean_token_logprob"":-1.7009438276290894,""token_logprobs"":[-1.7009438276290894]}]",A,false
632037,Tsik,D,1,6,audio_icl_candidate,candidate,,"[{""candidate"":""F"",""token_ids"":[37],""token_count"":1,""sequence_logprob"":-1.4158401489257812,""mean_token_logprob"":-1.4158401489257812,""token_logprobs"":[-1.4158401489257812]},{""candidate"":""A"",""token_ids"":[32],""token_count"":1,""sequence_logprob"":-1.2908401489257812,""mean_token_logprob"":-1.2908401489257812,""token_logprobs"":[-1.2908401489257812]},{""candidate"":""B"",""token_ids"":[33],""token_count"":1,""sequence_logprob"":-1.7908401489257812,""mean_token_logprob"":-1.7908401489257812,""token_logprobs"":[-1.7908401489257812]},{""candidate"":""C"",""token_ids"":[34],""token_count"":1,""sequence_logprob"":-3.8533401489257812,""mean_token_logprob"":-3.8533401489257812,""token_logprobs"":[-3.8533401489257812]},{""candidate"":""D"",""token_ids"":[35],""token_count"":1,""sequence_logprob"":-5.603340148925781,""mean_token_logprob"":-5.603340148925781,""token_logprobs"":[-5.603340148925781]},{""candidate"":""E"",""token_ids"":[36],""token_count"":1,""sequence_logprob"":-1.8533401489257812,""mean_token_logprob"":-1.8533401489257812,""token_logprobs"":[-1.8533401489257812]}]",A,false
632300,Phee,A,1,6,audio_icl_candidate,candidate,,"[{""candidate"":""F"",""token_ids"":[37],""token_count"":1,""sequence_logprob"":-1.342082142829895,""mean_token_logprob"":-1.342082142829895,""token_logprobs"":[-1.342082142829895]},{""candidate"":""A"",""token_ids"":[32],""token_count"":1,""sequence_logprob"":-1.154582142829895,""mean_token_logprob"":-1.154582142829895,""token_logprobs"":[-1.154582142829895]},{""candidate"":""B"",""token_ids"":[33],""token_count"":1,""sequence_logprob"":-1.654582142829895,""mean_token_logprob"":-1.654582142829895,""token_logprobs"":[-1.654582142829895]},{""candidate"":""C"",""token_ids"":[34],""token_count"":1,""sequence_logprob"":-4.7170820236206055,""mean_token_logprob"":-4.7170820236206055,""token_logprobs"":[-4.7170820236206055]},{""candidate"":""D"",""token_ids"":[35],""token_count"":1,""sequence_logprob"":-6.3420820236206055,""mean_token_logprob"":-6.3420820236206055,""token_logprobs"":[-6.3420820236206055]},{""candidate"":""E"",""token_ids"":[36],""token_count"":1,""sequence_logprob"":-2.0920820236206055,""mean_token_logprob"":-2.0920820236206055,""token_logprobs"":[-2.0920820236206055]}]",A,true
632381,Twitter,E,1,6,audio_icl_candidate,candidate,,"[{""candidate"":""F"",""token_ids"":[37],""token_count"":1,""sequence_logprob"":-1.222998857498169,""mean_token_logprob"":-1.222998857498169,""token_logprobs"":[-1.222998857498169]},{""candidate"":""A"",""token_ids"":[32],""token_count"":1,""sequence_logprob"":-0.972998857498169,""mean_token_logprob"":-0.972998857498169,""token_logprobs"":[-0.972998857498169]},{""candidate"":""B"",""token_ids"":[33],""token_count"":1,""sequence_logprob"":-1.847998857498169,""mean_token_logprob"":-1.847998857498169,""token_logprobs"":[-1.847998857498169]},{""candidate"":""C"",""token_ids"":[34],""token_count"":1,""sequence_logprob"":-4.84799861907959,""mean_token_logprob"":-4.84799861907959,""token_logprobs"":[-4.84799861907959]},{""candidate"":""D"",""token_ids"":[35],""token_count"":1,""sequence_logprob"":-6.16049861907959,""mean_token_logprob"":-6.16049861907959,""token_logprobs"":[-6.16049861907959]},{""candidate"":""E"",""token_ids"":[36],""token_count"":1,""sequence_logprob"":-2.722998857498169,""mean_token_logprob"":-2.722998857498169,""token_logprobs"":[-2.722998857498169]}]",A,false
632863,Phee,A,1,6,audio_icl_candidate,candidate,,"[{""candidate"":""F"",""token_ids"":[37],""token_count"":1,""sequence_logprob"":-1.4911518096923828,""mean_token_logprob"":-1.4911518096923828,""token_logprobs"":[-1.4911518096923828]},{""candidate"":""A"",""token_ids"":[32],""token_count"":1,""sequence_logprob"":-1.1786518096923828,""mean_token_logprob"":-1.1786518096923828,""token_logprobs"":[-1.1786518096923828]},{""candidate"":""B"",""token_ids"":[33],""token_count"":1,""sequence_logprob"":-1.8036518096923828,""mean_token_logprob"":-1.8036518096923828,""token_logprobs"":[-1.8036518096923828]},{""candidate"":""C"",""token_ids"":[34],""token_count"":1,""sequence_logprob"":-4.491151809692383,""mean_token_logprob"":-4.491151809692383,""token_logprobs"":[-4.491151809692383]},{""candidate"":""D"",""token_ids"":[35],""token_count"":1,""sequence_logprob"":-5.803651809692383,""mean_token_logprob"":-5.803651809692383,""token_logprobs"":[-5.803651809692383]},{""candidate"":""E"",""token_ids"":[36],""token_count"":1,""sequence_logprob"":-1.8661518096923828,""mean_token_logprob"":-1.8661518096923828,""token_logprobs"":[-1.8661518096923828]}]",A,true
633531,Phee,A,1,6,audio_icl_candidate,candidate,,"[{""candidate"":""F"",""token_ids"":[37],""token_count"":1,""sequence_logprob"":-1.5088928937911987,""mean_token_logprob"":-1.5088928937911987,""token_logprobs"":[-1.5088928937911987]},{""candidate"":""A"",""token_ids"":[32],""token_count"":1,""sequence_logprob"":-1.3213928937911987,""mean_token_logprob"":-1.3213928937911987,""token_logprobs"":[-1.3213928937911987]},{""candidate"":""B"",""token_ids"":[33],""token_count"":1,""sequence_logprob"":-1.8213928937911987,""mean_token_logprob"":-1.8213928937911987,""token_logprobs"":[-1.8213928937911987]},{""candidate"":""C"",""token_ids"":[34],""token_count"":1,""sequence_logprob"":-4.446393013000488,""mean_token_logprob"":-4.446393013000488,""token_logprobs"":[-4.446393013000488]},{""candidate"":""D"",""token_ids"":[35],""token_count"":1,""sequence_logprob"":-5.508893013000488,""mean_token_logprob"":-5.508893013000488,""token_logprobs"":[-5.508893013000488]},{""candidate"":""E"",""token_ids"":[36],""token_count"":1,""sequence_logprob"":-1.7588928937911987,""mean_token_logprob"":-1.7588928937911987,""token_logprobs"":[-1.7588928937911987]}]",A,true
642827,Tsik,D,1,6,audio_icl_candidate,candidate,,"[{""candidate"":""F"",""token_ids"":[37],""token_count"":1,""sequence_logprob"":-1.3335555791854858,""mean_token_logprob"":-1.3335555791854858,""token_logprobs"":[-1.3335555791854858]},{""candidate"":""A"",""token_ids"":[32],""token_count"":1,""sequence_logprob"":-1.3335555791854858,""mean_token_logprob"":-1.3335555791854858,""token_logprobs"":[-1.3335555791854858]},{""candidate"":""B"",""token_ids"":[33],""token_count"":1,""sequence_logprob"":-1.9585555791854858,""mean_token_logprob"":-1.9585555791854858,""token_logprobs"":[-1.9585555791854858]},{""candidate"":""C"",""token_ids"":[34],""token_count"":1,""sequence_logprob"":-4.396055698394775,""mean_token_logprob"":-4.396055698394775,""token_logprobs"":[-4.396055698394775]},{""candidate"":""D"",""token_ids"":[35],""token_count"":1,""sequence_logprob"":-5.958555698394775,""mean_token_logprob"":-5.958555698394775,""token_logprobs"":[-5.958555698394775]},{""candidate"":""E"",""token_ids"":[36],""token_count"":1,""sequence_logprob"":-1.7710555791854858,""mean_token_logprob"":-1.7710555791854858,""token_logprobs"":[-1.7710555791854858]}]",F,false
647588,Phee,A,1,6,audio_icl_candidate,candidate,,"[{""candidate"":""F"",""token_ids"":[37],""token_count"":1,""sequence_logprob"":-1.3687717914581299,""mean_token_logprob"":-1.3687717914581299,""token_logprobs"":[-1.3687717914581299]},{""candidate"":""A"",""token_ids"":[32],""token_count"":1,""sequence_logprob"":-1.3687717914581299,""mean_token_logprob"":-1.3687717914581299,""token_logprobs"":[-1.3687717914581299]},{""candidate"":""B"",""token_ids"":[33],""token_count"":1,""sequence_logprob"":-1.8687717914581299,""mean_token_logprob"":-1.8687717914581299,""token_logprobs"":[-1.8687717914581299]},{""candidate"":""C"",""token_ids"":[34],""token_count"":1,""sequence_logprob"":-4.681271553039551,""mean_token_logprob"":-4.681271553039551,""token_logprobs"":[-4.681271553039551]},{""candidate"":""D"",""token_ids"":[35],""token_count"":1,""sequence_logprob"":-5.306271553039551,""mean_token_logprob"":-5.306271553039551,""token_logprobs"":[-5.306271553039551]},{""candidate"":""E"",""token_ids"":[36],""token_count"":1,""sequence_logprob"":-1.4312717914581299,""mean_token_logprob"":-1.4312717914581299,""token_logprobs"":[-1.4312717914581299]}]",F,false
695230,Trill,C,1,6,audio_icl_candidate,candidate,,"[{""candidate"":""F"",""token_ids"":[37],""token_count"":1,""sequence_logprob"":-1.312694787979126,""mean_token_logprob"":-1.312694787979126,""token_logprobs"":[-1.312694787979126]},{""candidate"":""A"",""token_ids"":[32],""token_count"":1,""sequence_logprob"":-1.125194787979126,""mean_token_logprob"":-1.125194787979126,""token_logprobs"":[-1.125194787979126]},{""candidate"":""B"",""token_ids"":[33],""token_count"":1,""sequence_logprob"":-1.875194787979126,""mean_token_logprob"":-1.875194787979126,""token_logprobs"":[-1.875194787979126]},{""candidate"":""C"",""token_ids"":[34],""token_count"":1,""sequence_logprob"":-4.437694549560547,""mean_token_logprob"":-4.437694549560547,""token_logprobs"":[-4.437694549560547]},{""candidate"":""D"",""token_ids"":[35],""token_count"":1,""sequence_logprob"":-5.937694549560547,""mean_token_logprob"":-5.937694549560547,""token_logprobs"":[-5.937694549560547]},{""candidate"":""E"",""token_ids"":[36],""token_count"":1,""sequence_logprob"":-2.250194787979126,""mean_token_logprob"":-2.250194787979126,""token_logprobs"":[-2.250194787979126]}]",A,false
699227,Twitter,E,1,6,audio_icl_candidate,candidate,,"[{""candidate"":""F"",""token_ids"":[37],""token_count"":1,""sequence_logprob"":-1.428246259689331,""mean_token_logprob"":-1.428246259689331,""token_logprobs"":[-1.428246259689331]},{""candidate"":""A"",""token_ids"":[32],""token_count"":1,""sequence_logprob"":-1.240746259689331,""mean_token_logprob"":-1.240746259689331,""token_logprobs"":[-1.240746259689331]},{""candidate"":""B"",""token_ids"":[33],""token_count"":1,""sequence_logprob"":-1.740746259689331,""mean_token_logprob"":-1.740746259689331,""token_logprobs"":[-1.740746259689331]},{""candidate"":""C"",""token_ids"":[34],""token_count"":1,""sequence_logprob"":-4.55324649810791,""mean_token_logprob"":-4.55324649810791,""token_logprobs"":[-4.55324649810791]},{""candidate"":""D"",""token_ids"":[35],""token_count"":1,""sequence_logprob"":-5.80324649810791,""mean_token_logprob"":-5.80324649810791,""token_logprobs"":[-5.80324649810791]},{""candidate"":""E"",""token_ids"":[36],""token_count"":1,""sequence_logprob"":-1.740746259689331,""mean_token_logprob"":-1.740746259689331,""token_logprobs"":[-1.740746259689331]}]",A,false
706021,Phee,A,1,6,audio_icl_candidate,candidate,,"[{""candidate"":""F"",""token_ids"":[37],""token_count"":1,""sequence_logprob"":-1.375187635421753,""mean_token_logprob"":-1.375187635421753,""token_logprobs"":[-1.375187635421753]},{""candidate"":""A"",""token_ids"":[32],""token_count"":1,""sequence_logprob"":-1.187687635421753,""mean_token_logprob"":-1.187687635421753,""token_logprobs"":[-1.187687635421753]},{""candidate"":""B"",""token_ids"":[33],""token_count"":1,""sequence_logprob"":-1.750187635421753,""mean_token_logprob"":-1.750187635421753,""token_logprobs"":[-1.750187635421753]},{""candidate"":""C"",""token_ids"":[34],""token_count"":1,""sequence_logprob"":-4.750187873840332,""mean_token_logprob"":-4.750187873840332,""token_logprobs"":[-4.750187873840332]},{""candidate"":""D"",""token_ids"":[35],""token_count"":1,""sequence_logprob"":-5.875187873840332,""mean_token_logprob"":-5.875187873840332,""token_logprobs"":[-5.875187873840332]},{""candidate"":""E"",""token_ids"":[36],""token_count"":1,""sequence_logprob"":-1.875187635421753,""mean_token_logprob"":-1.875187635421753,""token_logprobs"":[-1.875187635421753]}]",A,true
708875,Trill,C,1,6,audio_icl_candidate,candidate,,"[{""candidate"":""F"",""token_ids"":[37],""token_count"":1,""sequence_logprob"":-1.3388290405273438,""mean_token_logprob"":-1.3388290405273438,""token_logprobs"":[-1.3388290405273438]},{""candidate"":""A"",""token_ids"":[32],""token_count"":1,""sequence_logprob"":-1.2763290405273438,""mean_token_logprob"":-1.2763290405273438,""token_logprobs"":[-1.2763290405273438]},{""candidate"":""B"",""token_ids"":[33],""token_count"":1,""sequence_logprob"":-1.7138290405273438,""mean_token_logprob"":-1.7138290405273438,""token_logprobs"":[-1.7138290405273438]},{""candidate"":""C"",""token_ids"":[34],""token_count"":1,""sequence_logprob"":-4.463829040527344,""mean_token_logprob"":-4.463829040527344,""token_logprobs"":[-4.463829040527344]},{""candidate"":""D"",""token_ids"":[35],""token_count"":1,""sequence_logprob"":-5.651329040527344,""mean_token_logprob"":-5.651329040527344,""token_logprobs"":[-5.651329040527344]},{""candidate"":""E"",""token_ids"":[36],""token_count"":1,""sequence_logprob"":-2.0888290405273438,""mean_token_logprob"":-2.0888290405273438,""token_logprobs"":[-2.0888290405273438]}]",A,false
715845,Seep,B,1,6,audio_icl_candidate,candidate,,"[{""candidate"":""F"",""token_ids"":[37],""token_count"":1,""sequence_logprob"":-1.2650601863861084,""mean_token_logprob"":-1.2650601863861084,""token_logprobs"":[-1.2650601863861084]},{""candidate"":""A"",""token_ids"":[32],""token_count"":1,""sequence_logprob"":-1.2650601863861084,""mean_token_logprob"":-1.2650601863861084,""token_logprobs"":[-1.2650601863861084]},{""candidate"":""B"",""token_ids"":[33],""token_count"":1,""sequence_logprob"":-1.9525601863861084,""mean_token_logprob"":-1.9525601863861084,""token_logprobs"":[-1.9525601863861084]},{""candidate"":""C"",""token_ids"":[34],""token_count"":1,""sequence_logprob"":-5.3275604248046875,""mean_token_logprob"":-5.3275604248046875,""token_logprobs"":[-5.3275604248046875]},{""candidate"":""D"",""token_ids"":[35],""token_count"":1,""sequence_logprob"":-6.3900604248046875,""mean_token_logprob"":-6.3900604248046875,""token_logprobs"":[-6.3900604248046875]},{""candidate"":""E"",""token_ids"":[36],""token_count"":1,""sequence_logprob"":-2.0775601863861084,""mean_token_logprob"":-2.0775601863861084,""token_logprobs"":[-2.0775601863861084]}]",F,false
716490,Tsik,D,1,6,audio_icl_candidate,candidate,,"[{""candidate"":""F"",""token_ids"":[37],""token_count"":1,""sequence_logprob"":-1.5145881175994873,""mean_token_logprob"":-1.5145881175994873,""token_logprobs"":[-1.5145881175994873]},{""candidate"":""A"",""token_ids"":[32],""token_count"":1,""sequence_logprob"":-0.8895881175994873,""mean_token_logprob"":-0.8895881175994873,""token_logprobs"":[-0.8895881175994873]},{""candidate"":""B"",""token_ids"":[33],""token_count"":1,""sequence_logprob"":-1.6395881175994873,""mean_token_logprob"":-1.6395881175994873,""token_logprobs"":[-1.6395881175994873]},{""candidate"":""C"",""token_ids"":[34],""token_count"":1,""sequence_logprob"":-4.639588356018066,""mean_token_logprob"":-4.639588356018066,""token_logprobs"":[-4.639588356018066]},{""candidate"":""D"",""token_ids"":[35],""token_count"":1,""sequence_logprob"":-6.139588356018066,""mean_token_logprob"":-6.139588356018066,""token_logprobs"":[-6.139588356018066]},{""candidate"":""E"",""token_ids"":[36],""token_count"":1,""sequence_logprob"":-2.7645881175994873,""mean_token_logprob"":-2.7645881175994873,""token_logprobs"":[-2.7645881175994873]}]",A,false
737715,Twitter,E,1,6,audio_icl_candidate,candidate,,"[{""candidate"":""F"",""token_ids"":[37],""token_count"":1,""sequence_logprob"":-1.2121189832687378,""mean_token_logprob"":-1.2121189832687378,""token_logprobs"":[-1.2121189832687378]},{""candidate"":""A"",""token_ids"":[32],""token_count"":1,""sequence_logprob"":-1.2746189832687378,""mean_token_logprob"":-1.2746189832687378,""token_logprobs"":[-1.2746189832687378]},{""candidate"":""B"",""token_ids"":[33],""token_count"":1,""sequence_logprob"":-1.9621189832687378,""mean_token_logprob"":-1.9621189832687378,""token_logprobs"":[-1.9621189832687378]},{""candidate"":""C"",""token_ids"":[34],""token_count"":1,""sequence_logprob"":-4.149619102478027,""mean_token_logprob"":-4.149619102478027,""token_logprobs"":[-4.149619102478027]},{""candidate"":""D"",""token_ids"":[35],""token_count"":1,""sequence_logprob"":-5.587119102478027,""mean_token_logprob"":-5.587119102478027,""token_logprobs"":[-5.587119102478027]},{""candidate"":""E"",""token_ids"":[36],""token_count"":1,""sequence_logprob"":-1.9621189832687378,""mean_token_logprob"":-1.9621189832687378,""token_logprobs"":[-1.9621189832687378]}]",F,false
738495,Trill,C,1,6,audio_icl_candidate,candidate,,"[{""candidate"":""F"",""token_ids"":[37],""token_count"":1,""sequence_logprob"":-1.2038495540618896,""mean_token_logprob"":-1.2038495540618896,""token_logprobs"":[-1.2038495540618896]},{""candidate"":""A"",""token_ids"":[32],""token_count"":1,""sequence_logprob"":-1.2038495540618896,""mean_token_logprob"":-1.2038495540618896,""token_logprobs"":[-1.2038495540618896]},{""candidate"":""B"",""token_ids"":[33],""token_count"":1,""sequence_logprob"":-1.8913495540618896,""mean_token_logprob"":-1.8913495540618896,""token_logprobs"":[-1.8913495540618896]},{""candidate"":""C"",""token_ids"":[34],""token_count"":1,""sequence_logprob"":-4.391349792480469,""mean_token_logprob"":-4.391349792480469,""token_logprobs"":[-4.391349792480469]},{""candidate"":""D"",""token_ids"":[35],""token_count"":1,""sequence_logprob"":-5.953849792480469,""mean_token_logprob"":-5.953849792480469,""token_logprobs"":[-5.953849792480469]},{""candidate"":""E"",""token_ids"":[36],""token_count"":1,""sequence_logprob"":-2.3913495540618896,""mean_token_logprob"":-2.3913495540618896,""token_logprobs"":[-2.3913495540618896]}]",F,false
742006,Infant Cry,F,1,6,audio_icl_candidate,candidate,,"[{""candidate"":""F"",""token_ids"":[37],""token_count"":1,""sequence_logprob"":-1.2735483646392822,""mean_token_logprob"":-1.2735483646392822,""token_logprobs"":[-1.2735483646392822]},{""candidate"":""A"",""token_ids"":[32],""token_count"":1,""sequence_logprob"":-1.2735483646392822,""mean_token_logprob"":-1.2735483646392822,""token_logprobs"":[-1.2735483646392822]},{""candidate"":""B"",""token_ids"":[33],""token_count"":1,""sequence_logprob"":-1.8985483646392822,""mean_token_logprob"":-1.8985483646392822,""token_logprobs"":[-1.8985483646392822]},{""candidate"":""C"",""token_ids"":[34],""token_count"":1,""sequence_logprob"":-3.8360483646392822,""mean_token_logprob"":-3.8360483646392822,""token_logprobs"":[-3.8360483646392822]},{""candidate"":""D"",""token_ids"":[35],""token_count"":1,""sequence_logprob"":-6.086048126220703,""mean_token_logprob"":-6.086048126220703,""token_logprobs"":[-6.086048126220703]},{""candidate"":""E"",""token_ids"":[36],""token_count"":1,""sequence_logprob"":-2.1485483646392822,""mean_token_logprob"":-2.1485483646392822,""token_logprobs"":[-2.1485483646392822]}]",F,true
755986,Tsik,D,1,6,audio_icl_candidate,candidate,,"[{""candidate"":""F"",""token_ids"":[37],""token_count"":1,""sequence_logprob"":-1.2222371101379395,""mean_token_logprob"":-1.2222371101379395,""token_logprobs"":[-1.2222371101379395]},{""candidate"":""A"",""token_ids"":[32],""token_count"":1,""sequence_logprob"":-1.1597371101379395,""mean_token_logprob"":-1.1597371101379395,""token_logprobs"":[-1.1597371101379395]},{""candidate"":""B"",""token_ids"":[33],""token_count"":1,""sequence_logprob"":-1.9722371101379395,""mean_token_logprob"":-1.9722371101379395,""token_logprobs"":[-1.9722371101379395]},{""candidate"":""C"",""token_ids"":[34],""token_count"":1,""sequence_logprob"":-4.1597371101379395,""mean_token_logprob"":-4.1597371101379395,""token_logprobs"":[-4.1597371101379395]},{""candidate"":""D"",""token_ids"":[35],""token_count"":1,""sequence_logprob"":-6.3472371101379395,""mean_token_logprob"":-6.3472371101379395,""token_logprobs"":[-6.3472371101379395]},{""candidate"":""E"",""token_ids"":[36],""token_count"":1,""sequence_logprob"":-2.2847371101379395,""mean_token_logprob"":-2.2847371101379395,""token_logprobs"":[-2.2847371101379395]}]",A,false
758751,Phee,A,1,6,audio_icl_candidate,candidate,,"[{""candidate"":""F"",""token_ids"":[37],""token_count"":1,""sequence_logprob"":-1.2897456884384155,""mean_token_logprob"":-1.2897456884384155,""token_logprobs"":[-1.2897456884384155]},{""candidate"":""A"",""token_ids"":[32],""token_count"":1,""sequence_logprob"":-1.0397456884384155,""mean_token_logprob"":-1.0397456884384155,""token_logprobs"":[-1.0397456884384155]},{""candidate"":""B"",""token_ids"":[33],""token_count"":1,""sequence_logprob"":-1.8522456884384155,""mean_token_logprob"":-1.8522456884384155,""token_logprobs"":[-1.8522456884384155]},{""candidate"":""C"",""token_ids"":[34],""token_count"":1,""sequence_logprob"":-4.664745807647705,""mean_token_logprob"":-4.664745807647705,""token_logprobs"":[-4.664745807647705]},{""candidate"":""D"",""token_ids"":[35],""token_count"":1,""sequence_logprob"":-6.664745807647705,""mean_token_logprob"":-6.664745807647705,""token_logprobs"":[-6.664745807647705]},{""candidate"":""E"",""token_ids"":[36],""token_count"":1,""sequence_logprob"":-2.477245807647705,""mean_token_logprob"":-2.477245807647705,""token_logprobs"":[-2.477245807647705]}]",A,true
788000,Phee,A,1,6,audio_icl_candidate,candidate,,"[{""candidate"":""F"",""token_ids"":[37],""token_count"":1,""sequence_logprob"":-1.4184750318527222,""mean_token_logprob"":-1.4184750318527222,""token_logprobs"":[-1.4184750318527222]},{""candidate"":""A"",""token_ids"":[32],""token_count"":1,""sequence_logprob"":-1.2934750318527222,""mean_token_logprob"":-1.2934750318527222,""token_logprobs"":[-1.2934750318527222]},{""candidate"":""B"",""token_ids"":[33],""token_count"":1,""sequence_logprob"":-1.6684750318527222,""mean_token_logprob"":-1.6684750318527222,""token_logprobs"":[-1.6684750318527222]},{""candidate"":""C"",""token_ids"":[34],""token_count"":1,""sequence_logprob"":-4.668475151062012,""mean_token_logprob"":-4.668475151062012,""token_logprobs"":[-4.668475151062012]},{""candidate"":""D"",""token_ids"":[35],""token_count"":1,""sequence_logprob"":-5.605975151062012,""mean_token_logprob"":-5.605975151062012,""token_logprobs"":[-5.605975151062012]},{""candidate"":""E"",""token_ids"":[36],""token_count"":1,""sequence_logprob"":-1.6684750318527222,""mean_token_logprob"":-1.6684750318527222,""token_logprobs"":[-1.6684750318527222]}]",A,true
794666,Phee,A,1,6,audio_icl_candidate,candidate,,"[{""candidate"":""F"",""token_ids"":[37],""token_count"":1,""sequence_logprob"":-1.4430288076400757,""mean_token_logprob"":-1.4430288076400757,""token_logprobs"":[-1.4430288076400757]},{""candidate"":""A"",""token_ids"":[32],""token_count"":1,""sequence_logprob"":-1.1930288076400757,""mean_token_logprob"":-1.1930288076400757,""token_logprobs"":[-1.1930288076400757]},{""candidate"":""B"",""token_ids"":[33],""token_count"":1,""sequence_logprob"":-1.6930288076400757,""mean_token_logprob"":-1.6930288076400757,""token_logprobs"":[-1.6930288076400757]},{""candidate"":""C"",""token_ids"":[34],""token_count"":1,""sequence_logprob"":-4.443028926849365,""mean_token_logprob"":-4.443028926849365,""token_logprobs"":[-4.443028926849365]},{""candidate"":""D"",""token_ids"":[35],""token_count"":1,""sequence_logprob"":-5.880528926849365,""mean_token_logprob"":-5.880528926849365,""token_logprobs"":[-5.880528926849365]},{""candidate"":""E"",""token_ids"":[36],""token_count"":1,""sequence_logprob"":-1.8805288076400757,""mean_token_logprob"":-1.8805288076400757,""token_logprobs"":[-1.8805288076400757]}]",A,true
799377,Tsik,D,1,6,audio_icl_candidate,candidate,,"[{""candidate"":""F"",""token_ids"":[37],""token_count"":1,""sequence_logprob"":-1.2399733066558838,""mean_token_logprob"":-1.2399733066558838,""token_logprobs"":[-1.2399733066558838]},{""candidate"":""A"",""token_ids"":[32],""token_count"":1,""sequence_logprob"":-1.1774733066558838,""mean_token_logprob"":-1.1774733066558838,""token_logprobs"":[-1.1774733066558838]},{""candidate"":""B"",""token_ids"":[33],""token_count"":1,""sequence_logprob"":-1.8024733066558838,""mean_token_logprob"":-1.8024733066558838,""token_logprobs"":[-1.8024733066558838]},{""candidate"":""C"",""token_ids"":[34],""token_count"":1,""sequence_logprob"":-4.614973068237305,""mean_token_logprob"":-4.614973068237305,""token_logprobs"":[-4.614973068237305]},{""candidate"":""D"",""token_ids"":[35],""token_count"":1,""sequence_logprob"":-5.864973068237305,""mean_token_logprob"":-5.864973068237305,""token_logprobs"":[-5.864973068237305]},{""candidate"":""E"",""token_ids"":[36],""token_count"":1,""sequence_logprob"":-2.239973306655884,""mean_token_logprob"":-2.239973306655884,""token_logprobs"":[-2.239973306655884]}]",A,false
859379,Trill,C,1,6,audio_icl_candidate,candidate,,"[{""candidate"":""F"",""token_ids"":[37],""token_count"":1,""sequence_logprob"":-1.317848801612854,""mean_token_logprob"":-1.317848801612854,""token_logprobs"":[-1.317848801612854]},{""candidate"":""A"",""token_ids"":[32],""token_count"":1,""sequence_logprob"":-1.192848801612854,""mean_token_logprob"":-1.192848801612854,""token_logprobs"":[-1.192848801612854]},{""candidate"":""B"",""token_ids"":[33],""token_count"":1,""sequence_logprob"":-1.880348801612854,""mean_token_logprob"":-1.880348801612854,""token_logprobs"":[-1.880348801612854]},{""candidate"":""C"",""token_ids"":[34],""token_count"":1,""sequence_logprob"":-4.2553486824035645,""mean_token_logprob"":-4.2553486824035645,""token_logprobs"":[-4.2553486824035645]},{""candidate"":""D"",""token_ids"":[35],""token_count"":1,""sequence_logprob"":-5.4428486824035645,""mean_token_logprob"":-5.4428486824035645,""token_logprobs"":[-5.4428486824035645]},{""candidate"":""E"",""token_ids"":[36],""token_count"":1,""sequence_logprob"":-2.0678486824035645,""mean_token_logprob"":-2.0678486824035645,""token_logprobs"":[-2.0678486824035645]}]",A,false
860537,Phee,A,1,6,audio_icl_candidate,candidate,,"[{""candidate"":""F"",""token_ids"":[37],""token_count"":1,""sequence_logprob"":-1.4944853782653809,""mean_token_logprob"":-1.4944853782653809,""token_logprobs"":[-1.4944853782653809]},{""candidate"":""A"",""token_ids"":[32],""token_count"":1,""sequence_logprob"":-1.3069853782653809,""mean_token_logprob"":-1.3069853782653809,""token_logprobs"":[-1.3069853782653809]},{""candidate"":""B"",""token_ids"":[33],""token_count"":1,""sequence_logprob"":-1.7444853782653809,""mean_token_logprob"":-1.7444853782653809,""token_logprobs"":[-1.7444853782653809]},{""candidate"":""C"",""token_ids"":[34],""token_count"":1,""sequence_logprob"":-4.556985378265381,""mean_token_logprob"":-4.556985378265381,""token_logprobs"":[-4.556985378265381]},{""candidate"":""D"",""token_ids"":[35],""token_count"":1,""sequence_logprob"":-5.431985378265381,""mean_token_logprob"":-5.431985378265381,""token_logprobs"":[-5.431985378265381]},{""candidate"":""E"",""token_ids"":[36],""token_count"":1,""sequence_logprob"":-1.6194853782653809,""mean_token_logprob"":-1.6194853782653809,""token_logprobs"":[-1.6194853782653809]}]",A,true
861790,Trill,C,1,6,audio_icl_candidate,candidate,,"[{""candidate"":""F"",""token_ids"":[37],""token_count"":1,""sequence_logprob"":-1.474074125289917,""mean_token_logprob"":-1.474074125289917,""token_logprobs"":[-1.474074125289917]},{""candidate"":""A"",""token_ids"":[32],""token_count"":1,""sequence_logprob"":-1.286574125289917,""mean_token_logprob"":-1.286574125289917,""token_logprobs"":[-1.286574125289917]},{""candidate"":""B"",""token_ids"":[33],""token_count"":1,""sequence_logprob"":-1.724074125289917,""mean_token_logprob"":-1.724074125289917,""token_logprobs"":[-1.724074125289917]},{""candidate"":""C"",""token_ids"":[34],""token_count"":1,""sequence_logprob"":-4.536574363708496,""mean_token_logprob"":-4.536574363708496,""token_logprobs"":[-4.536574363708496]},{""candidate"":""D"",""token_ids"":[35],""token_count"":1,""sequence_logprob"":-5.724074363708496,""mean_token_logprob"":-5.724074363708496,""token_logprobs"":[-5.724074363708496]},{""candidate"":""E"",""token_ids"":[36],""token_count"":1,""sequence_logprob"":-1.786574125289917,""mean_token_logprob"":-1.786574125289917,""token_logprobs"":[-1.786574125289917]}]",A,false
