event_id,target,target_output,support_k_per_class,support_k_total,method,readout,raw_prediction,candidate_scores_json,prediction,correct
31471,Tsik,F,0,0,audio_icl_candidate,candidate,,"[{""candidate"":""B"",""token_ids"":[33],""token_count"":1,""sequence_logprob"":-1.0337845087051392,""mean_token_logprob"":-1.0337845087051392,""token_logprobs"":[-1.0337845087051392]},{""candidate"":""C"",""token_ids"":[34],""token_count"":1,""sequence_logprob"":-2.6587843894958496,""mean_token_logprob"":-2.6587843894958496,""token_logprobs"":[-2.6587843894958496]},{""candidate"":""D"",""token_ids"":[35],""token_count"":1,""sequence_logprob"":-3.0962843894958496,""mean_token_logprob"":-3.0962843894958496,""token_logprobs"":[-3.0962843894958496]},{""candidate"":""E"",""token_ids"":[36],""token_count"":1,""sequence_logprob"":-1.5962845087051392,""mean_token_logprob"":-1.5962845087051392,""token_logprobs"":[-1.5962845087051392]},{""candidate"":""F"",""token_ids"":[37],""token_count"":1,""sequence_logprob"":-4.28378438949585,""mean_token_logprob"":-4.28378438949585,""token_logprobs"":[-4.28378438949585]},{""candidate"":""A"",""token_ids"":[32],""token_count"":1,""sequence_logprob"":-1.3462845087051392,""mean_token_logprob"":-1.3462845087051392,""token_logprobs"":[-1.3462845087051392]}]",B,false
31828,Seep,D,0,0,audio_icl_candidate,candidate,,"[{""candidate"":""B"",""token_ids"":[33],""token_count"":1,""sequence_logprob"":-1.1467007398605347,""mean_token_logprob"":-1.1467007398605347,""token_logprobs"":[-1.1467007398605347]},{""candidate"":""C"",""token_ids"":[34],""token_count"":1,""sequence_logprob"":-3.209200859069824,""mean_token_logprob"":-3.209200859069824,""token_logprobs"":[-3.209200859069824]},{""candidate"":""D"",""token_ids"":[35],""token_count"":1,""sequence_logprob"":-3.146700859069824,""mean_token_logprob"":-3.146700859069824,""token_logprobs"":[-3.146700859069824]},{""candidate"":""E"",""token_ids"":[36],""token_count"":1,""sequence_logprob"":-1.5217007398605347,""mean_token_logprob"":-1.5217007398605347,""token_logprobs"":[-1.5217007398605347]},{""candidate"":""F"",""token_ids"":[37],""token_count"":1,""sequence_logprob"":-2.021700859069824,""mean_token_logprob"":-2.021700859069824,""token_logprobs"":[-2.021700859069824]},{""candidate"":""A"",""token_ids"":[32],""token_count"":1,""sequence_logprob"":-1.6467007398605347,""mean_token_logprob"":-1.6467007398605347,""token_logprobs"":[-1.6467007398605347]}]",B,false
34756,Phee,C,0,0,audio_icl_candidate,candidate,,"[{""candidate"":""B"",""token_ids"":[33],""token_count"":1,""sequence_logprob"":-1.1632969379425049,""mean_token_logprob"":-1.1632969379425049,""token_logprobs"":[-1.1632969379425049]},{""candidate"":""C"",""token_ids"":[34],""token_count"":1,""sequence_logprob"":-3.350796937942505,""mean_token_logprob"":-3.350796937942505,""token_logprobs"":[-3.350796937942505]},{""candidate"":""D"",""token_ids"":[35],""token_count"":1,""sequence_logprob"":-3.288296937942505,""mean_token_logprob"":-3.288296937942505,""token_logprobs"":[-3.288296937942505]},{""candidate"":""E"",""token_ids"":[36],""token_count"":1,""sequence_logprob"":-1.7257969379425049,""mean_token_logprob"":-1.7257969379425049,""token_logprobs"":[-1.7257969379425049]},{""candidate"":""F"",""token_ids"":[37],""token_count"":1,""sequence_logprob"":-1.7257969379425049,""mean_token_logprob"":-1.7257969379425049,""token_logprobs"":[-1.7257969379425049]},{""candidate"":""A"",""token_ids"":[32],""token_count"":1,""sequence_logprob"":-1.6007969379425049,""mean_token_logprob"":-1.6007969379425049,""token_logprobs"":[-1.6007969379425049]}]",B,false
36485,Phee,C,0,0,audio_icl_candidate,candidate,,"[{""candidate"":""B"",""token_ids"":[33],""token_count"":1,""sequence_logprob"":-1.1349245309829712,""mean_token_logprob"":-1.1349245309829712,""token_logprobs"":[-1.1349245309829712]},{""candidate"":""C"",""token_ids"":[34],""token_count"":1,""sequence_logprob"":-2.9474244117736816,""mean_token_logprob"":-2.9474244117736816,""token_logprobs"":[-2.9474244117736816]},{""candidate"":""D"",""token_ids"":[35],""token_count"":1,""sequence_logprob"":-2.6349244117736816,""mean_token_logprob"":-2.6349244117736816,""token_logprobs"":[-2.6349244117736816]},{""candidate"":""E"",""token_ids"":[36],""token_count"":1,""sequence_logprob"":-1.3849245309829712,""mean_token_logprob"":-1.3849245309829712,""token_logprobs"":[-1.3849245309829712]},{""candidate"":""F"",""token_ids"":[37],""token_count"":1,""sequence_logprob"":-3.8224244117736816,""mean_token_logprob"":-3.8224244117736816,""token_logprobs"":[-3.8224244117736816]},{""candidate"":""A"",""token_ids"":[32],""token_count"":1,""sequence_logprob"":-1.5724245309829712,""mean_token_logprob"":-1.5724245309829712,""token_logprobs"":[-1.5724245309829712]}]",B,false
36522,Twitter,A,0,0,audio_icl_candidate,candidate,,"[{""candidate"":""B"",""token_ids"":[33],""token_count"":1,""sequence_logprob"":-0.9272382855415344,""mean_token_logprob"":-0.9272382855415344,""token_logprobs"":[-0.9272382855415344]},{""candidate"":""C"",""token_ids"":[34],""token_count"":1,""sequence_logprob"":-3.1147382259368896,""mean_token_logprob"":-3.1147382259368896,""token_logprobs"":[-3.1147382259368896]},{""candidate"":""D"",""token_ids"":[35],""token_count"":1,""sequence_logprob"":-3.2397382259368896,""mean_token_logprob"":-3.2397382259368896,""token_logprobs"":[-3.2397382259368896]},{""candidate"":""E"",""token_ids"":[36],""token_count"":1,""sequence_logprob"":-1.5522382259368896,""mean_token_logprob"":-1.5522382259368896,""token_logprobs"":[-1.5522382259368896]},{""candidate"":""F"",""token_ids"":[37],""token_count"":1,""sequence_logprob"":-3.6772382259368896,""mean_token_logprob"":-3.6772382259368896,""token_logprobs"":[-3.6772382259368896]},{""candidate"":""A"",""token_ids"":[32],""token_count"":1,""sequence_logprob"":-1.3647382259368896,""mean_token_logprob"":-1.3647382259368896,""token_logprobs"":[-1.3647382259368896]}]",B,false
405841,Infant Cry,B,0,0,audio_icl_candidate,candidate,,"[{""candidate"":""B"",""token_ids"":[33],""token_count"":1,""sequence_logprob"":-1.2150392532348633,""mean_token_logprob"":-1.2150392532348633,""token_logprobs"":[-1.2150392532348633]},{""candidate"":""C"",""token_ids"":[34],""token_count"":1,""sequence_logprob"":-3.2775392532348633,""mean_token_logprob"":-3.2775392532348633,""token_logprobs"":[-3.2775392532348633]},{""candidate"":""D"",""token_ids"":[35],""token_count"":1,""sequence_logprob"":-3.5275392532348633,""mean_token_logprob"":-3.5275392532348633,""token_logprobs"":[-3.5275392532348633]},{""candidate"":""E"",""token_ids"":[36],""token_count"":1,""sequence_logprob"":-1.4650392532348633,""mean_token_logprob"":-1.4650392532348633,""token_logprobs"":[-1.4650392532348633]},{""candidate"":""F"",""token_ids"":[37],""token_count"":1,""sequence_logprob"":-1.9025392532348633,""mean_token_logprob"":-1.9025392532348633,""token_logprobs"":[-1.9025392532348633]},{""candidate"":""A"",""token_ids"":[32],""token_count"":1,""sequence_logprob"":-1.6525392532348633,""mean_token_logprob"":-1.6525392532348633,""token_logprobs"":[-1.6525392532348633]}]",B,true
408631,Phee,C,0,0,audio_icl_candidate,candidate,,"[{""candidate"":""B"",""token_ids"":[33],""token_count"":1,""sequence_logprob"":-1.2763612270355225,""mean_token_logprob"":-1.2763612270355225,""token_logprobs"":[-1.2763612270355225]},{""candidate"":""C"",""token_ids"":[34],""token_count"":1,""sequence_logprob"":-2.9013612270355225,""mean_token_logprob"":-2.9013612270355225,""token_logprobs"":[-2.9013612270355225]},{""candidate"":""D"",""token_ids"":[35],""token_count"":1,""sequence_logprob"":-2.7138612270355225,""mean_token_logprob"":-2.7138612270355225,""token_logprobs"":[-2.7138612270355225]},{""candidate"":""E"",""token_ids"":[36],""token_count"":1,""sequence_logprob"":-1.5263612270355225,""mean_token_logprob"":-1.5263612270355225,""token_logprobs"":[-1.5263612270355225]},{""candidate"":""F"",""token_ids"":[37],""token_count"":1,""sequence_logprob"":-2.2763612270355225,""mean_token_logprob"":-2.2763612270355225,""token_logprobs"":[-2.2763612270355225]},{""candidate"":""A"",""token_ids"":[32],""token_count"":1,""sequence_logprob"":-1.5263612270355225,""mean_token_logprob"":-1.5263612270355225,""token_logprobs"":[-1.5263612270355225]}]",B,false
50919,Tsik,F,0,0,audio_icl_candidate,candidate,,"[{""candidate"":""B"",""token_ids"":[33],""token_count"":1,""sequence_logprob"":-1.0133535861968994,""mean_token_logprob"":-1.0133535861968994,""token_logprobs"":[-1.0133535861968994]},{""candidate"":""C"",""token_ids"":[34],""token_count"":1,""sequence_logprob"":-2.9508535861968994,""mean_token_logprob"":-2.9508535861968994,""token_logprobs"":[-2.9508535861968994]},{""candidate"":""D"",""token_ids"":[35],""token_count"":1,""sequence_logprob"":-3.4508535861968994,""mean_token_logprob"":-3.4508535861968994,""token_logprobs"":[-3.4508535861968994]},{""candidate"":""E"",""token_ids"":[36],""token_count"":1,""sequence_logprob"":-1.3883535861968994,""mean_token_logprob"":-1.3883535861968994,""token_logprobs"":[-1.3883535861968994]},{""candidate"":""F"",""token_ids"":[37],""token_count"":1,""sequence_logprob"":-3.2008535861968994,""mean_token_logprob"":-3.2008535861968994,""token_logprobs"":[-3.2008535861968994]},{""candidate"":""A"",""token_ids"":[32],""token_count"":1,""sequence_logprob"":-1.5133535861968994,""mean_token_logprob"":-1.5133535861968994,""token_logprobs"":[-1.5133535861968994]}]",B,false
51436,Trill,E,0,0,audio_icl_candidate,candidate,,"[{""candidate"":""B"",""token_ids"":[33],""token_count"":1,""sequence_logprob"":-1.2194554805755615,""mean_token_logprob"":-1.2194554805755615,""token_logprobs"":[-1.2194554805755615]},{""candidate"":""C"",""token_ids"":[34],""token_count"":1,""sequence_logprob"":-2.8444554805755615,""mean_token_logprob"":-2.8444554805755615,""token_logprobs"":[-2.8444554805755615]},{""candidate"":""D"",""token_ids"":[35],""token_count"":1,""sequence_logprob"":-2.7819554805755615,""mean_token_logprob"":-2.7819554805755615,""token_logprobs"":[-2.7819554805755615]},{""candidate"":""E"",""token_ids"":[36],""token_count"":1,""sequence_logprob"":-1.7819554805755615,""mean_token_logprob"":-1.7819554805755615,""token_logprobs"":[-1.7819554805755615]},{""candidate"":""F"",""token_ids"":[37],""token_count"":1,""sequence_logprob"":-1.7194554805755615,""mean_token_logprob"":-1.7194554805755615,""token_logprobs"":[-1.7194554805755615]},{""candidate"":""A"",""token_ids"":[32],""token_count"":1,""sequence_logprob"":-1.5944554805755615,""mean_token_logprob"":-1.5944554805755615,""token_logprobs"":[-1.5944554805755615]}]",B,false
517703,Trill,E,0,0,audio_icl_candidate,candidate,,"[{""candidate"":""B"",""token_ids"":[33],""token_count"":1,""sequence_logprob"":-1.3063944578170776,""mean_token_logprob"":-1.3063944578170776,""token_logprobs"":[-1.3063944578170776]},{""candidate"":""C"",""token_ids"":[34],""token_count"":1,""sequence_logprob"":-2.806394577026367,""mean_token_logprob"":-2.806394577026367,""token_logprobs"":[-2.806394577026367]},{""candidate"":""D"",""token_ids"":[35],""token_count"":1,""sequence_logprob"":-3.243894577026367,""mean_token_logprob"":-3.243894577026367,""token_logprobs"":[-3.243894577026367]},{""candidate"":""E"",""token_ids"":[36],""token_count"":1,""sequence_logprob"":-1.5563944578170776,""mean_token_logprob"":-1.5563944578170776,""token_logprobs"":[-1.5563944578170776]},{""candidate"":""F"",""token_ids"":[37],""token_count"":1,""sequence_logprob"":-1.8688944578170776,""mean_token_logprob"":-1.8688944578170776,""token_logprobs"":[-1.8688944578170776]},{""candidate"":""A"",""token_ids"":[32],""token_count"":1,""sequence_logprob"":-1.6188944578170776,""mean_token_logprob"":-1.6188944578170776,""token_logprobs"":[-1.6188944578170776]}]",B,false
518079,Phee,C,0,0,audio_icl_candidate,candidate,,"[{""candidate"":""B"",""token_ids"":[33],""token_count"":1,""sequence_logprob"":-1.2959485054016113,""mean_token_logprob"":-1.2959485054016113,""token_logprobs"":[-1.2959485054016113]},{""candidate"":""C"",""token_ids"":[34],""token_count"":1,""sequence_logprob"":-3.1709485054016113,""mean_token_logprob"":-3.1709485054016113,""token_logprobs"":[-3.1709485054016113]},{""candidate"":""D"",""token_ids"":[35],""token_count"":1,""sequence_logprob"":-3.0459485054016113,""mean_token_logprob"":-3.0459485054016113,""token_logprobs"":[-3.0459485054016113]},{""candidate"":""E"",""token_ids"":[36],""token_count"":1,""sequence_logprob"":-1.6709485054016113,""mean_token_logprob"":-1.6709485054016113,""token_logprobs"":[-1.6709485054016113]},{""candidate"":""F"",""token_ids"":[37],""token_count"":1,""sequence_logprob"":-1.5459485054016113,""mean_token_logprob"":-1.5459485054016113,""token_logprobs"":[-1.5459485054016113]},{""candidate"":""A"",""token_ids"":[32],""token_count"":1,""sequence_logprob"":-1.6084485054016113,""mean_token_logprob"":-1.6084485054016113,""token_logprobs"":[-1.6084485054016113]}]",B,false
521545,Phee,C,0,0,audio_icl_candidate,candidate,,"[{""candidate"":""B"",""token_ids"":[33],""token_count"":1,""sequence_logprob"":-1.0417399406433105,""mean_token_logprob"":-1.0417399406433105,""token_logprobs"":[-1.0417399406433105]},{""candidate"":""C"",""token_ids"":[34],""token_count"":1,""sequence_logprob"":-3.3542399406433105,""mean_token_logprob"":-3.3542399406433105,""token_logprobs"":[-3.3542399406433105]},{""candidate"":""D"",""token_ids"":[35],""token_count"":1,""sequence_logprob"":-3.1042399406433105,""mean_token_logprob"":-3.1042399406433105,""token_logprobs"":[-3.1042399406433105]},{""candidate"":""E"",""token_ids"":[36],""token_count"":1,""sequence_logprob"":-1.2917399406433105,""mean_token_logprob"":-1.2917399406433105,""token_logprobs"":[-1.2917399406433105]},{""candidate"":""F"",""token_ids"":[37],""token_count"":1,""sequence_logprob"":-5.2292399406433105,""mean_token_logprob"":-5.2292399406433105,""token_logprobs"":[-5.2292399406433105]},{""candidate"":""A"",""token_ids"":[32],""token_count"":1,""sequence_logprob"":-1.5417399406433105,""mean_token_logprob"":-1.5417399406433105,""token_logprobs"":[-1.5417399406433105]}]",B,false
52861,Trill,E,0,0,audio_icl_candidate,candidate,,"[{""candidate"":""B"",""token_ids"":[33],""token_count"":1,""sequence_logprob"":-1.2815606594085693,""mean_token_logprob"":-1.2815606594085693,""token_logprobs"":[-1.2815606594085693]},{""candidate"":""C"",""token_ids"":[34],""token_count"":1,""sequence_logprob"":-2.7815606594085693,""mean_token_logprob"":-2.7815606594085693,""token_logprobs"":[-2.7815606594085693]},{""candidate"":""D"",""token_ids"":[35],""token_count"":1,""sequence_logprob"":-2.9690606594085693,""mean_token_logprob"":-2.9690606594085693,""token_logprobs"":[-2.9690606594085693]},{""candidate"":""E"",""token_ids"":[36],""token_count"":1,""sequence_logprob"":-1.6565606594085693,""mean_token_logprob"":-1.6565606594085693,""token_logprobs"":[-1.6565606594085693]},{""candidate"":""F"",""token_ids"":[37],""token_count"":1,""sequence_logprob"":-1.7190606594085693,""mean_token_logprob"":-1.7190606594085693,""token_logprobs"":[-1.7190606594085693]},{""candidate"":""A"",""token_ids"":[32],""token_count"":1,""sequence_logprob"":-1.5940606594085693,""mean_token_logprob"":-1.5940606594085693,""token_logprobs"":[-1.5940606594085693]}]",B,false
533988,Seep,D,0,0,audio_icl_candidate,candidate,,"[{""candidate"":""B"",""token_ids"":[33],""token_count"":1,""sequence_logprob"":-0.9660950899124146,""mean_token_logprob"":-0.9660950899124146,""token_logprobs"":[-0.9660950899124146]},{""candidate"":""C"",""token_ids"":[34],""token_count"":1,""sequence_logprob"":-3.153594970703125,""mean_token_logprob"":-3.153594970703125,""token_logprobs"":[-3.153594970703125]},{""candidate"":""D"",""token_ids"":[35],""token_count"":1,""sequence_logprob"":-3.466094970703125,""mean_token_logprob"":-3.466094970703125,""token_logprobs"":[-3.466094970703125]},{""candidate"":""E"",""token_ids"":[36],""token_count"":1,""sequence_logprob"":-1.3410950899124146,""mean_token_logprob"":-1.3410950899124146,""token_logprobs"":[-1.3410950899124146]},{""candidate"":""F"",""token_ids"":[37],""token_count"":1,""sequence_logprob"":-4.278594970703125,""mean_token_logprob"":-4.278594970703125,""token_logprobs"":[-4.278594970703125]},{""candidate"":""A"",""token_ids"":[32],""token_count"":1,""sequence_logprob"":-1.5285950899124146,""mean_token_logprob"":-1.5285950899124146,""token_logprobs"":[-1.5285950899124146]}]",B,false
54180,Phee,C,0,0,audio_icl_candidate,candidate,,"[{""candidate"":""B"",""token_ids"":[33],""token_count"":1,""sequence_logprob"":-0.994633674621582,""mean_token_logprob"":-0.994633674621582,""token_logprobs"":[-0.994633674621582]},{""candidate"":""C"",""token_ids"":[34],""token_count"":1,""sequence_logprob"":-3.244633674621582,""mean_token_logprob"":-3.244633674621582,""token_logprobs"":[-3.244633674621582]},{""candidate"":""D"",""token_ids"":[35],""token_count"":1,""sequence_logprob"":-3.119633674621582,""mean_token_logprob"":-3.119633674621582,""token_logprobs"":[-3.119633674621582]},{""candidate"":""E"",""token_ids"":[36],""token_count"":1,""sequence_logprob"":-1.369633674621582,""mean_token_logprob"":-1.369633674621582,""token_logprobs"":[-1.369633674621582]},{""candidate"":""F"",""token_ids"":[37],""token_count"":1,""sequence_logprob"":-4.588383674621582,""mean_token_logprob"":-4.588383674621582,""token_logprobs"":[-4.588383674621582]},{""candidate"":""A"",""token_ids"":[32],""token_count"":1,""sequence_logprob"":-1.619633674621582,""mean_token_logprob"":-1.619633674621582,""token_logprobs"":[-1.619633674621582]}]",B,false
547929,Twitter,A,0,0,audio_icl_candidate,candidate,,"[{""candidate"":""B"",""token_ids"":[33],""token_count"":1,""sequence_logprob"":-1.0076466798782349,""mean_token_logprob"":-1.0076466798782349,""token_logprobs"":[-1.0076466798782349]},{""candidate"":""C"",""token_ids"":[34],""token_count"":1,""sequence_logprob"":-3.1326465606689453,""mean_token_logprob"":-3.1326465606689453,""token_logprobs"":[-3.1326465606689453]},{""candidate"":""D"",""token_ids"":[35],""token_count"":1,""sequence_logprob"":-3.1326465606689453,""mean_token_logprob"":-3.1326465606689453,""token_logprobs"":[-3.1326465606689453]},{""candidate"":""E"",""token_ids"":[36],""token_count"":1,""sequence_logprob"":-1.3826466798782349,""mean_token_logprob"":-1.3826466798782349,""token_logprobs"":[-1.3826466798782349]},{""candidate"":""F"",""token_ids"":[37],""token_count"":1,""sequence_logprob"":-3.7576465606689453,""mean_token_logprob"":-3.7576465606689453,""token_logprobs"":[-3.7576465606689453]},{""candidate"":""A"",""token_ids"":[32],""token_count"":1,""sequence_logprob"":-1.5076466798782349,""mean_token_logprob"":-1.5076466798782349,""token_logprobs"":[-1.5076466798782349]}]",B,false
547992,Phee,C,0,0,audio_icl_candidate,candidate,,"[{""candidate"":""B"",""token_ids"":[33],""token_count"":1,""sequence_logprob"":-1.3210393190383911,""mean_token_logprob"":-1.3210393190383911,""token_logprobs"":[-1.3210393190383911]},{""candidate"":""C"",""token_ids"":[34],""token_count"":1,""sequence_logprob"":-2.8835391998291016,""mean_token_logprob"":-2.8835391998291016,""token_logprobs"":[-2.8835391998291016]},{""candidate"":""D"",""token_ids"":[35],""token_count"":1,""sequence_logprob"":-2.6335391998291016,""mean_token_logprob"":-2.6335391998291016,""token_logprobs"":[-2.6335391998291016]},{""candidate"":""E"",""token_ids"":[36],""token_count"":1,""sequence_logprob"":-1.6335393190383911,""mean_token_logprob"":-1.6335393190383911,""token_logprobs"":[-1.6335393190383911]},{""candidate"":""F"",""token_ids"":[37],""token_count"":1,""sequence_logprob"":-2.0710391998291016,""mean_token_logprob"":-2.0710391998291016,""token_logprobs"":[-2.0710391998291016]},{""candidate"":""A"",""token_ids"":[32],""token_count"":1,""sequence_logprob"":-1.5085393190383911,""mean_token_logprob"":-1.5085393190383911,""token_logprobs"":[-1.5085393190383911]}]",B,false
548798,Trill,E,0,0,audio_icl_candidate,candidate,,"[{""candidate"":""B"",""token_ids"":[33],""token_count"":1,""sequence_logprob"":-1.2223705053329468,""mean_token_logprob"":-1.2223705053329468,""token_logprobs"":[-1.2223705053329468]},{""candidate"":""C"",""token_ids"":[34],""token_count"":1,""sequence_logprob"":-2.8473706245422363,""mean_token_logprob"":-2.8473706245422363,""token_logprobs"":[-2.8473706245422363]},{""candidate"":""D"",""token_ids"":[35],""token_count"":1,""sequence_logprob"":-2.7848706245422363,""mean_token_logprob"":-2.7848706245422363,""token_logprobs"":[-2.7848706245422363]},{""candidate"":""E"",""token_ids"":[36],""token_count"":1,""sequence_logprob"":-1.7223705053329468,""mean_token_logprob"":-1.7223705053329468,""token_logprobs"":[-1.7223705053329468]},{""candidate"":""F"",""token_ids"":[37],""token_count"":1,""sequence_logprob"":-1.8473705053329468,""mean_token_logprob"":-1.8473705053329468,""token_logprobs"":[-1.8473705053329468]},{""candidate"":""A"",""token_ids"":[32],""token_count"":1,""sequence_logprob"":-1.5348705053329468,""mean_token_logprob"":-1.5348705053329468,""token_logprobs"":[-1.5348705053329468]}]",B,false
56195,Trill,E,0,0,audio_icl_candidate,candidate,,"[{""candidate"":""B"",""token_ids"":[33],""token_count"":1,""sequence_logprob"":-1.347735047340393,""mean_token_logprob"":-1.347735047340393,""token_logprobs"":[-1.347735047340393]},{""candidate"":""C"",""token_ids"":[34],""token_count"":1,""sequence_logprob"":-2.7852349281311035,""mean_token_logprob"":-2.7852349281311035,""token_logprobs"":[-2.7852349281311035]},{""candidate"":""D"",""token_ids"":[35],""token_count"":1,""sequence_logprob"":-3.1602349281311035,""mean_token_logprob"":-3.1602349281311035,""token_logprobs"":[-3.1602349281311035]},{""candidate"":""E"",""token_ids"":[36],""token_count"":1,""sequence_logprob"":-1.660235047340393,""mean_token_logprob"":-1.660235047340393,""token_logprobs"":[-1.660235047340393]},{""candidate"":""F"",""token_ids"":[37],""token_count"":1,""sequence_logprob"":-1.722735047340393,""mean_token_logprob"":-1.722735047340393,""token_logprobs"":[-1.722735047340393]},{""candidate"":""A"",""token_ids"":[32],""token_count"":1,""sequence_logprob"":-1.535235047340393,""mean_token_logprob"":-1.535235047340393,""token_logprobs"":[-1.535235047340393]}]",B,false
580149,Trill,E,0,0,audio_icl_candidate,candidate,,"[{""candidate"":""B"",""token_ids"":[33],""token_count"":1,""sequence_logprob"":-0.901063859462738,""mean_token_logprob"":-0.901063859462738,""token_logprobs"":[-0.901063859462738]},{""candidate"":""C"",""token_ids"":[34],""token_count"":1,""sequence_logprob"":-3.276063919067383,""mean_token_logprob"":-3.276063919067383,""token_logprobs"":[-3.276063919067383]},{""candidate"":""D"",""token_ids"":[35],""token_count"":1,""sequence_logprob"":-3.651063919067383,""mean_token_logprob"":-3.651063919067383,""token_logprobs"":[-3.651063919067383]},{""candidate"":""E"",""token_ids"":[36],""token_count"":1,""sequence_logprob"":-1.5260639190673828,""mean_token_logprob"":-1.5260639190673828,""token_logprobs"":[-1.5260639190673828]},{""candidate"":""F"",""token_ids"":[37],""token_count"":1,""sequence_logprob"":-3.713563919067383,""mean_token_logprob"":-3.713563919067383,""token_logprobs"":[-3.713563919067383]},{""candidate"":""A"",""token_ids"":[32],""token_count"":1,""sequence_logprob"":-1.4010639190673828,""mean_token_logprob"":-1.4010639190673828,""token_logprobs"":[-1.4010639190673828]}]",B,false
580352,Phee,C,0,0,audio_icl_candidate,candidate,,"[{""candidate"":""B"",""token_ids"":[33],""token_count"":1,""sequence_logprob"":-1.116995096206665,""mean_token_logprob"":-1.116995096206665,""token_logprobs"":[-1.116995096206665]},{""candidate"":""C"",""token_ids"":[34],""token_count"":1,""sequence_logprob"":-3.054495096206665,""mean_token_logprob"":-3.054495096206665,""token_logprobs"":[-3.054495096206665]},{""candidate"":""D"",""token_ids"":[35],""token_count"":1,""sequence_logprob"":-2.929495096206665,""mean_token_logprob"":-2.929495096206665,""token_logprobs"":[-2.929495096206665]},{""candidate"":""E"",""token_ids"":[36],""token_count"":1,""sequence_logprob"":-1.491995096206665,""mean_token_logprob"":-1.491995096206665,""token_logprobs"":[-1.491995096206665]},{""candidate"":""F"",""token_ids"":[37],""token_count"":1,""sequence_logprob"":-2.804495096206665,""mean_token_logprob"":-2.804495096206665,""token_logprobs"":[-2.804495096206665]},{""candidate"":""A"",""token_ids"":[32],""token_count"":1,""sequence_logprob"":-1.491995096206665,""mean_token_logprob"":-1.491995096206665,""token_logprobs"":[-1.491995096206665]}]",B,false
590590,Phee,C,0,0,audio_icl_candidate,candidate,,"[{""candidate"":""B"",""token_ids"":[33],""token_count"":1,""sequence_logprob"":-1.1326063871383667,""mean_token_logprob"":-1.1326063871383667,""token_logprobs"":[-1.1326063871383667]},{""candidate"":""C"",""token_ids"":[34],""token_count"":1,""sequence_logprob"":-2.9451065063476562,""mean_token_logprob"":-2.9451065063476562,""token_logprobs"":[-2.9451065063476562]},{""candidate"":""D"",""token_ids"":[35],""token_count"":1,""sequence_logprob"":-2.7576065063476562,""mean_token_logprob"":-2.7576065063476562,""token_logprobs"":[-2.7576065063476562]},{""candidate"":""E"",""token_ids"":[36],""token_count"":1,""sequence_logprob"":-1.4451063871383667,""mean_token_logprob"":-1.4451063871383667,""token_logprobs"":[-1.4451063871383667]},{""candidate"":""F"",""token_ids"":[37],""token_count"":1,""sequence_logprob"":-2.8826065063476562,""mean_token_logprob"":-2.8826065063476562,""token_logprobs"":[-2.8826065063476562]},{""candidate"":""A"",""token_ids"":[32],""token_count"":1,""sequence_logprob"":-1.5701063871383667,""mean_token_logprob"":-1.5701063871383667,""token_logprobs"":[-1.5701063871383667]}]",B,false
592253,Trill,E,0,0,audio_icl_candidate,candidate,,"[{""candidate"":""B"",""token_ids"":[33],""token_count"":1,""sequence_logprob"":-1.371335506439209,""mean_token_logprob"":-1.371335506439209,""token_logprobs"":[-1.371335506439209]},{""candidate"":""C"",""token_ids"":[34],""token_count"":1,""sequence_logprob"":-2.871335506439209,""mean_token_logprob"":-2.871335506439209,""token_logprobs"":[-2.871335506439209]},{""candidate"":""D"",""token_ids"":[35],""token_count"":1,""sequence_logprob"":-2.746335506439209,""mean_token_logprob"":-2.746335506439209,""token_logprobs"":[-2.746335506439209]},{""candidate"":""E"",""token_ids"":[36],""token_count"":1,""sequence_logprob"":-1.621335506439209,""mean_token_logprob"":-1.621335506439209,""token_logprobs"":[-1.621335506439209]},{""candidate"":""F"",""token_ids"":[37],""token_count"":1,""sequence_logprob"":-1.746335506439209,""mean_token_logprob"":-1.746335506439209,""token_logprobs"":[-1.746335506439209]},{""candidate"":""A"",""token_ids"":[32],""token_count"":1,""sequence_logprob"":-1.558835506439209,""mean_token_logprob"":-1.558835506439209,""token_logprobs"":[-1.558835506439209]}]",B,false
592286,Twitter,A,0,0,audio_icl_candidate,candidate,,"[{""candidate"":""B"",""token_ids"":[33],""token_count"":1,""sequence_logprob"":-0.8371564745903015,""mean_token_logprob"":-0.8371564745903015,""token_logprobs"":[-0.8371564745903015]},{""candidate"":""C"",""token_ids"":[34],""token_count"":1,""sequence_logprob"":-3.1496565341949463,""mean_token_logprob"":-3.1496565341949463,""token_logprobs"":[-3.1496565341949463]},{""candidate"":""D"",""token_ids"":[35],""token_count"":1,""sequence_logprob"":-3.5871565341949463,""mean_token_logprob"":-3.5871565341949463,""token_logprobs"":[-3.5871565341949463]},{""candidate"":""E"",""token_ids"":[36],""token_count"":1,""sequence_logprob"":-1.8371565341949463,""mean_token_logprob"":-1.8371565341949463,""token_logprobs"":[-1.8371565341949463]},{""candidate"":""F"",""token_ids"":[37],""token_count"":1,""sequence_logprob"":-3.8996565341949463,""mean_token_logprob"":-3.8996565341949463,""token_logprobs"":[-3.8996565341949463]},{""candidate"":""A"",""token_ids"":[32],""token_count"":1,""sequence_logprob"":-1.3371565341949463,""mean_token_logprob"":-1.3371565341949463,""token_logprobs"":[-1.3371565341949463]}]",B,false
595018,Trill,E,0,0,audio_icl_candidate,candidate,,"[{""candidate"":""B"",""token_ids"":[33],""token_count"":1,""sequence_logprob"":-1.2067681550979614,""mean_token_logprob"":-1.2067681550979614,""token_logprobs"":[-1.2067681550979614]},{""candidate"":""C"",""token_ids"":[34],""token_count"":1,""sequence_logprob"":-2.831768035888672,""mean_token_logprob"":-2.831768035888672,""token_logprobs"":[-2.831768035888672]},{""candidate"":""D"",""token_ids"":[35],""token_count"":1,""sequence_logprob"":-3.269268035888672,""mean_token_logprob"":-3.269268035888672,""token_logprobs"":[-3.269268035888672]},{""candidate"":""E"",""token_ids"":[36],""token_count"":1,""sequence_logprob"":-1.6442681550979614,""mean_token_logprob"":-1.6442681550979614,""token_logprobs"":[-1.6442681550979614]},{""candidate"":""F"",""token_ids"":[37],""token_count"":1,""sequence_logprob"":-1.8317681550979614,""mean_token_logprob"":-1.8317681550979614,""token_logprobs"":[-1.8317681550979614]},{""candidate"":""A"",""token_ids"":[32],""token_count"":1,""sequence_logprob"":-1.5817681550979614,""mean_token_logprob"":-1.5817681550979614,""token_logprobs"":[-1.5817681550979614]}]",B,false
598116,Twitter,A,0,0,audio_icl_candidate,candidate,,"[{""candidate"":""B"",""token_ids"":[33],""token_count"":1,""sequence_logprob"":-1.061307430267334,""mean_token_logprob"":-1.061307430267334,""token_logprobs"":[-1.061307430267334]},{""candidate"":""C"",""token_ids"":[34],""token_count"":1,""sequence_logprob"":-3.061307430267334,""mean_token_logprob"":-3.061307430267334,""token_logprobs"":[-3.061307430267334]},{""candidate"":""D"",""token_ids"":[35],""token_count"":1,""sequence_logprob"":-3.061307430267334,""mean_token_logprob"":-3.061307430267334,""token_logprobs"":[-3.061307430267334]},{""candidate"":""E"",""token_ids"":[36],""token_count"":1,""sequence_logprob"":-1.561307430267334,""mean_token_logprob"":-1.561307430267334,""token_logprobs"":[-1.561307430267334]},{""candidate"":""F"",""token_ids"":[37],""token_count"":1,""sequence_logprob"":-2.436307430267334,""mean_token_logprob"":-2.436307430267334,""token_logprobs"":[-2.436307430267334]},{""candidate"":""A"",""token_ids"":[32],""token_count"":1,""sequence_logprob"":-1.498807430267334,""mean_token_logprob"":-1.498807430267334,""token_logprobs"":[-1.498807430267334]}]",B,false
598781,Twitter,A,0,0,audio_icl_candidate,candidate,,"[{""candidate"":""B"",""token_ids"":[33],""token_count"":1,""sequence_logprob"":-0.9791408777236938,""mean_token_logprob"":-0.9791408777236938,""token_logprobs"":[-0.9791408777236938]},{""candidate"":""C"",""token_ids"":[34],""token_count"":1,""sequence_logprob"":-3.1666407585144043,""mean_token_logprob"":-3.1666407585144043,""token_logprobs"":[-3.1666407585144043]},{""candidate"":""D"",""token_ids"":[35],""token_count"":1,""sequence_logprob"":-2.9166407585144043,""mean_token_logprob"":-2.9166407585144043,""token_logprobs"":[-2.9166407585144043]},{""candidate"":""E"",""token_ids"":[36],""token_count"":1,""sequence_logprob"":-1.5416408777236938,""mean_token_logprob"":-1.5416408777236938,""token_logprobs"":[-1.5416408777236938]},{""candidate"":""F"",""token_ids"":[37],""token_count"":1,""sequence_logprob"":-3.4166407585144043,""mean_token_logprob"":-3.4166407585144043,""token_logprobs"":[-3.4166407585144043]},{""candidate"":""A"",""token_ids"":[32],""token_count"":1,""sequence_logprob"":-1.4791408777236938,""mean_token_logprob"":-1.4791408777236938,""token_logprobs"":[-1.4791408777236938]}]",B,false
609454,Infant Cry,B,0,0,audio_icl_candidate,candidate,,"[{""candidate"":""B"",""token_ids"":[33],""token_count"":1,""sequence_logprob"":-1.2327443361282349,""mean_token_logprob"":-1.2327443361282349,""token_logprobs"":[-1.2327443361282349]},{""candidate"":""C"",""token_ids"":[34],""token_count"":1,""sequence_logprob"":-2.9202442169189453,""mean_token_logprob"":-2.9202442169189453,""token_logprobs"":[-2.9202442169189453]},{""candidate"":""D"",""token_ids"":[35],""token_count"":1,""sequence_logprob"":-3.4827442169189453,""mean_token_logprob"":-3.4827442169189453,""token_logprobs"":[-3.4827442169189453]},{""candidate"":""E"",""token_ids"":[36],""token_count"":1,""sequence_logprob"":-1.4827443361282349,""mean_token_logprob"":-1.4827443361282349,""token_logprobs"":[-1.4827443361282349]},{""candidate"":""F"",""token_ids"":[37],""token_count"":1,""sequence_logprob"":-1.9202443361282349,""mean_token_logprob"":-1.9202443361282349,""token_logprobs"":[-1.9202443361282349]},{""candidate"":""A"",""token_ids"":[32],""token_count"":1,""sequence_logprob"":-1.6077443361282349,""mean_token_logprob"":-1.6077443361282349,""token_logprobs"":[-1.6077443361282349]}]",B,true
610080,Tsik,F,0,0,audio_icl_candidate,candidate,,"[{""candidate"":""B"",""token_ids"":[33],""token_count"":1,""sequence_logprob"":-1.0250179767608643,""mean_token_logprob"":-1.0250179767608643,""token_logprobs"":[-1.0250179767608643]},{""candidate"":""C"",""token_ids"":[34],""token_count"":1,""sequence_logprob"":-3.0875179767608643,""mean_token_logprob"":-3.0875179767608643,""token_logprobs"":[-3.0875179767608643]},{""candidate"":""D"",""token_ids"":[35],""token_count"":1,""sequence_logprob"":-3.1500179767608643,""mean_token_logprob"":-3.1500179767608643,""token_logprobs"":[-3.1500179767608643]},{""candidate"":""E"",""token_ids"":[36],""token_count"":1,""sequence_logprob"":-1.3375179767608643,""mean_token_logprob"":-1.3375179767608643,""token_logprobs"":[-1.3375179767608643]},{""candidate"":""F"",""token_ids"":[37],""token_count"":1,""sequence_logprob"":-4.212517738342285,""mean_token_logprob"":-4.212517738342285,""token_logprobs"":[-4.212517738342285]},{""candidate"":""A"",""token_ids"":[32],""token_count"":1,""sequence_logprob"":-1.5250179767608643,""mean_token_logprob"":-1.5250179767608643,""token_logprobs"":[-1.5250179767608643]}]",B,false
614582,Tsik,F,0,0,audio_icl_candidate,candidate,,"[{""candidate"":""B"",""token_ids"":[33],""token_count"":1,""sequence_logprob"":-1.1212949752807617,""mean_token_logprob"":-1.1212949752807617,""token_logprobs"":[-1.1212949752807617]},{""candidate"":""C"",""token_ids"":[34],""token_count"":1,""sequence_logprob"":-3.1212949752807617,""mean_token_logprob"":-3.1212949752807617,""token_logprobs"":[-3.1212949752807617]},{""candidate"":""D"",""token_ids"":[35],""token_count"":1,""sequence_logprob"":-3.2462949752807617,""mean_token_logprob"":-3.2462949752807617,""token_logprobs"":[-3.2462949752807617]},{""candidate"":""E"",""token_ids"":[36],""token_count"":1,""sequence_logprob"":-1.3712949752807617,""mean_token_logprob"":-1.3712949752807617,""token_logprobs"":[-1.3712949752807617]},{""candidate"":""F"",""token_ids"":[37],""token_count"":1,""sequence_logprob"":-3.8712949752807617,""mean_token_logprob"":-3.8712949752807617,""token_logprobs"":[-3.8712949752807617]},{""candidate"":""A"",""token_ids"":[32],""token_count"":1,""sequence_logprob"":-1.3712949752807617,""mean_token_logprob"":-1.3712949752807617,""token_logprobs"":[-1.3712949752807617]}]",B,false
614794,Tsik,F,0,0,audio_icl_candidate,candidate,,"[{""candidate"":""B"",""token_ids"":[33],""token_count"":1,""sequence_logprob"":-1.1832290887832642,""mean_token_logprob"":-1.1832290887832642,""token_logprobs"":[-1.1832290887832642]},{""candidate"":""C"",""token_ids"":[34],""token_count"":1,""sequence_logprob"":-2.9957289695739746,""mean_token_logprob"":-2.9957289695739746,""token_logprobs"":[-2.9957289695739746]},{""candidate"":""D"",""token_ids"":[35],""token_count"":1,""sequence_logprob"":-2.6207289695739746,""mean_token_logprob"":-2.6207289695739746,""token_logprobs"":[-2.6207289695739746]},{""candidate"":""E"",""token_ids"":[36],""token_count"":1,""sequence_logprob"":-1.3082290887832642,""mean_token_logprob"":-1.3082290887832642,""token_logprobs"":[-1.3082290887832642]},{""candidate"":""F"",""token_ids"":[37],""token_count"":1,""sequence_logprob"":-4.245728969573975,""mean_token_logprob"":-4.245728969573975,""token_logprobs"":[-4.245728969573975]},{""candidate"":""A"",""token_ids"":[32],""token_count"":1,""sequence_logprob"":-1.4332290887832642,""mean_token_logprob"":-1.4332290887832642,""token_logprobs"":[-1.4332290887832642]}]",B,false
622260,Twitter,A,0,0,audio_icl_candidate,candidate,,"[{""candidate"":""B"",""token_ids"":[33],""token_count"":1,""sequence_logprob"":-1.279274582862854,""mean_token_logprob"":-1.279274582862854,""token_logprobs"":[-1.279274582862854]},{""candidate"":""C"",""token_ids"":[34],""token_count"":1,""sequence_logprob"":-3.3417744636535645,""mean_token_logprob"":-3.3417744636535645,""token_logprobs"":[-3.3417744636535645]},{""candidate"":""D"",""token_ids"":[35],""token_count"":1,""sequence_logprob"":-2.7167744636535645,""mean_token_logprob"":-2.7167744636535645,""token_logprobs"":[-2.7167744636535645]},{""candidate"":""E"",""token_ids"":[36],""token_count"":1,""sequence_logprob"":-1.591774582862854,""mean_token_logprob"":-1.591774582862854,""token_logprobs"":[-1.591774582862854]},{""candidate"":""F"",""token_ids"":[37],""token_count"":1,""sequence_logprob"":-1.779274582862854,""mean_token_logprob"":-1.779274582862854,""token_logprobs"":[-1.779274582862854]},{""candidate"":""A"",""token_ids"":[32],""token_count"":1,""sequence_logprob"":-1.591774582862854,""mean_token_logprob"":-1.591774582862854,""token_logprobs"":[-1.591774582862854]}]",B,false
622312,Tsik,F,0,0,audio_icl_candidate,candidate,,"[{""candidate"":""B"",""token_ids"":[33],""token_count"":1,""sequence_logprob"":-1.0719189643859863,""mean_token_logprob"":-1.0719189643859863,""token_logprobs"":[-1.0719189643859863]},{""candidate"":""C"",""token_ids"":[34],""token_count"":1,""sequence_logprob"":-3.0719189643859863,""mean_token_logprob"":-3.0719189643859863,""token_logprobs"":[-3.0719189643859863]},{""candidate"":""D"",""token_ids"":[35],""token_count"":1,""sequence_logprob"":-3.5719189643859863,""mean_token_logprob"":-3.5719189643859863,""token_logprobs"":[-3.5719189643859863]},{""candidate"":""E"",""token_ids"":[36],""token_count"":1,""sequence_logprob"":-1.5094189643859863,""mean_token_logprob"":-1.5094189643859863,""token_logprobs"":[-1.5094189643859863]},{""candidate"":""F"",""token_ids"":[37],""token_count"":1,""sequence_logprob"":-2.2594189643859863,""mean_token_logprob"":-2.2594189643859863,""token_logprobs"":[-2.2594189643859863]},{""candidate"":""A"",""token_ids"":[32],""token_count"":1,""sequence_logprob"":-1.5094189643859863,""mean_token_logprob"":-1.5094189643859863,""token_logprobs"":[-1.5094189643859863]}]",B,false
622320,Trill,E,0,0,audio_icl_candidate,candidate,,"[{""candidate"":""B"",""token_ids"":[33],""token_count"":1,""sequence_logprob"":-1.1116423606872559,""mean_token_logprob"":-1.1116423606872559,""token_logprobs"":[-1.1116423606872559]},{""candidate"":""C"",""token_ids"":[34],""token_count"":1,""sequence_logprob"":-2.924142360687256,""mean_token_logprob"":-2.924142360687256,""token_logprobs"":[-2.924142360687256]},{""candidate"":""D"",""token_ids"":[35],""token_count"":1,""sequence_logprob"":-3.549142360687256,""mean_token_logprob"":-3.549142360687256,""token_logprobs"":[-3.549142360687256]},{""candidate"":""E"",""token_ids"":[36],""token_count"":1,""sequence_logprob"":-1.6116423606872559,""mean_token_logprob"":-1.6116423606872559,""token_logprobs"":[-1.6116423606872559]},{""candidate"":""F"",""token_ids"":[37],""token_count"":1,""sequence_logprob"":-1.8616423606872559,""mean_token_logprob"":-1.8616423606872559,""token_logprobs"":[-1.8616423606872559]},{""candidate"":""A"",""token_ids"":[32],""token_count"":1,""sequence_logprob"":-1.6116423606872559,""mean_token_logprob"":-1.6116423606872559,""token_logprobs"":[-1.6116423606872559]}]",B,false
622417,Seep,D,0,0,audio_icl_candidate,candidate,,"[{""candidate"":""B"",""token_ids"":[33],""token_count"":1,""sequence_logprob"":-0.9997679591178894,""mean_token_logprob"":-0.9997679591178894,""token_logprobs"":[-0.9997679591178894]},{""candidate"":""C"",""token_ids"":[34],""token_count"":1,""sequence_logprob"":-3.249768018722534,""mean_token_logprob"":-3.249768018722534,""token_logprobs"":[-3.249768018722534]},{""candidate"":""D"",""token_ids"":[35],""token_count"":1,""sequence_logprob"":-3.749768018722534,""mean_token_logprob"":-3.749768018722534,""token_logprobs"":[-3.749768018722534]},{""candidate"":""E"",""token_ids"":[36],""token_count"":1,""sequence_logprob"":-1.3747680187225342,""mean_token_logprob"":-1.3747680187225342,""token_logprobs"":[-1.3747680187225342]},{""candidate"":""F"",""token_ids"":[37],""token_count"":1,""sequence_logprob"":-3.249768018722534,""mean_token_logprob"":-3.249768018722534,""token_logprobs"":[-3.249768018722534]},{""candidate"":""A"",""token_ids"":[32],""token_count"":1,""sequence_logprob"":-1.4997680187225342,""mean_token_logprob"":-1.4997680187225342,""token_logprobs"":[-1.4997680187225342]}]",B,false
622758,Twitter,A,0,0,audio_icl_candidate,candidate,,"[{""candidate"":""B"",""token_ids"":[33],""token_count"":1,""sequence_logprob"":-1.0061800479888916,""mean_token_logprob"":-1.0061800479888916,""token_logprobs"":[-1.0061800479888916]},{""candidate"":""C"",""token_ids"":[34],""token_count"":1,""sequence_logprob"":-3.0061800479888916,""mean_token_logprob"":-3.0061800479888916,""token_logprobs"":[-3.0061800479888916]},{""candidate"":""D"",""token_ids"":[35],""token_count"":1,""sequence_logprob"":-2.8811800479888916,""mean_token_logprob"":-2.8811800479888916,""token_logprobs"":[-2.8811800479888916]},{""candidate"":""E"",""token_ids"":[36],""token_count"":1,""sequence_logprob"":-1.5686800479888916,""mean_token_logprob"":-1.5686800479888916,""token_logprobs"":[-1.5686800479888916]},{""candidate"":""F"",""token_ids"":[37],""token_count"":1,""sequence_logprob"":-2.7561800479888916,""mean_token_logprob"":-2.7561800479888916,""token_logprobs"":[-2.7561800479888916]},{""candidate"":""A"",""token_ids"":[32],""token_count"":1,""sequence_logprob"":-1.5686800479888916,""mean_token_logprob"":-1.5686800479888916,""token_logprobs"":[-1.5686800479888916]}]",B,false
623382,Seep,D,0,0,audio_icl_candidate,candidate,,"[{""candidate"":""B"",""token_ids"":[33],""token_count"":1,""sequence_logprob"":-1.2092007398605347,""mean_token_logprob"":-1.2092007398605347,""token_logprobs"":[-1.2092007398605347]},{""candidate"":""C"",""token_ids"":[34],""token_count"":1,""sequence_logprob"":-3.334200859069824,""mean_token_logprob"":-3.334200859069824,""token_logprobs"":[-3.334200859069824]},{""candidate"":""D"",""token_ids"":[35],""token_count"":1,""sequence_logprob"":-3.521700859069824,""mean_token_logprob"":-3.521700859069824,""token_logprobs"":[-3.521700859069824]},{""candidate"":""E"",""token_ids"":[36],""token_count"":1,""sequence_logprob"":-1.3967007398605347,""mean_token_logprob"":-1.3967007398605347,""token_logprobs"":[-1.3967007398605347]},{""candidate"":""F"",""token_ids"":[37],""token_count"":1,""sequence_logprob"":-2.459200859069824,""mean_token_logprob"":-2.459200859069824,""token_logprobs"":[-2.459200859069824]},{""candidate"":""A"",""token_ids"":[32],""token_count"":1,""sequence_logprob"":-1.3967007398605347,""mean_token_logprob"":-1.3967007398605347,""token_logprobs"":[-1.3967007398605347]}]",B,false
623573,Twitter,A,0,0,audio_icl_candidate,candidate,,"[{""candidate"":""B"",""token_ids"":[33],""token_count"":1,""sequence_logprob"":-1.1134014129638672,""mean_token_logprob"":-1.1134014129638672,""token_logprobs"":[-1.1134014129638672]},{""candidate"":""C"",""token_ids"":[34],""token_count"":1,""sequence_logprob"":-3.363401412963867,""mean_token_logprob"":-3.363401412963867,""token_logprobs"":[-3.363401412963867]},{""candidate"":""D"",""token_ids"":[35],""token_count"":1,""sequence_logprob"":-3.925901412963867,""mean_token_logprob"":-3.925901412963867,""token_logprobs"":[-3.925901412963867]},{""candidate"":""E"",""token_ids"":[36],""token_count"":1,""sequence_logprob"":-1.6134014129638672,""mean_token_logprob"":-1.6134014129638672,""token_logprobs"":[-1.6134014129638672]},{""candidate"":""F"",""token_ids"":[37],""token_count"":1,""sequence_logprob"":-1.8009014129638672,""mean_token_logprob"":-1.8009014129638672,""token_logprobs"":[-1.8009014129638672]},{""candidate"":""A"",""token_ids"":[32],""token_count"":1,""sequence_logprob"":-1.6134014129638672,""mean_token_logprob"":-1.6134014129638672,""token_logprobs"":[-1.6134014129638672]}]",B,false
623621,Seep,D,0,0,audio_icl_candidate,candidate,,"[{""candidate"":""B"",""token_ids"":[33],""token_count"":1,""sequence_logprob"":-1.132830262184143,""mean_token_logprob"":-1.132830262184143,""token_logprobs"":[-1.132830262184143]},{""candidate"":""C"",""token_ids"":[34],""token_count"":1,""sequence_logprob"":-2.6953301429748535,""mean_token_logprob"":-2.6953301429748535,""token_logprobs"":[-2.6953301429748535]},{""candidate"":""D"",""token_ids"":[35],""token_count"":1,""sequence_logprob"":-2.7578301429748535,""mean_token_logprob"":-2.7578301429748535,""token_logprobs"":[-2.7578301429748535]},{""candidate"":""E"",""token_ids"":[36],""token_count"":1,""sequence_logprob"":-1.695330262184143,""mean_token_logprob"":-1.695330262184143,""token_logprobs"":[-1.695330262184143]},{""candidate"":""F"",""token_ids"":[37],""token_count"":1,""sequence_logprob"":-3.1328301429748535,""mean_token_logprob"":-3.1328301429748535,""token_logprobs"":[-3.1328301429748535]},{""candidate"":""A"",""token_ids"":[32],""token_count"":1,""sequence_logprob"":-1.320330262184143,""mean_token_logprob"":-1.320330262184143,""token_logprobs"":[-1.320330262184143]}]",B,false
623676,Infant Cry,B,0,0,audio_icl_candidate,candidate,,"[{""candidate"":""B"",""token_ids"":[33],""token_count"":1,""sequence_logprob"":-1.2554494142532349,""mean_token_logprob"":-1.2554494142532349,""token_logprobs"":[-1.2554494142532349]},{""candidate"":""C"",""token_ids"":[34],""token_count"":1,""sequence_logprob"":-2.9429492950439453,""mean_token_logprob"":-2.9429492950439453,""token_logprobs"":[-2.9429492950439453]},{""candidate"":""D"",""token_ids"":[35],""token_count"":1,""sequence_logprob"":-3.5054492950439453,""mean_token_logprob"":-3.5054492950439453,""token_logprobs"":[-3.5054492950439453]},{""candidate"":""E"",""token_ids"":[36],""token_count"":1,""sequence_logprob"":-1.4429494142532349,""mean_token_logprob"":-1.4429494142532349,""token_logprobs"":[-1.4429494142532349]},{""candidate"":""F"",""token_ids"":[37],""token_count"":1,""sequence_logprob"":-2.0054492950439453,""mean_token_logprob"":-2.0054492950439453,""token_logprobs"":[-2.0054492950439453]},{""candidate"":""A"",""token_ids"":[32],""token_count"":1,""sequence_logprob"":-1.5679494142532349,""mean_token_logprob"":-1.5679494142532349,""token_logprobs"":[-1.5679494142532349]}]",B,true
623691,Infant Cry,B,0,0,audio_icl_candidate,candidate,,"[{""candidate"":""B"",""token_ids"":[33],""token_count"":1,""sequence_logprob"":-1.1455808877944946,""mean_token_logprob"":-1.1455808877944946,""token_logprobs"":[-1.1455808877944946]},{""candidate"":""C"",""token_ids"":[34],""token_count"":1,""sequence_logprob"":-3.208080768585205,""mean_token_logprob"":-3.208080768585205,""token_logprobs"":[-3.208080768585205]},{""candidate"":""D"",""token_ids"":[35],""token_count"":1,""sequence_logprob"":-3.583080768585205,""mean_token_logprob"":-3.583080768585205,""token_logprobs"":[-3.583080768585205]},{""candidate"":""E"",""token_ids"":[36],""token_count"":1,""sequence_logprob"":-1.5830808877944946,""mean_token_logprob"":-1.5830808877944946,""token_logprobs"":[-1.5830808877944946]},{""candidate"":""F"",""token_ids"":[37],""token_count"":1,""sequence_logprob"":-1.9580808877944946,""mean_token_logprob"":-1.9580808877944946,""token_logprobs"":[-1.9580808877944946]},{""candidate"":""A"",""token_ids"":[32],""token_count"":1,""sequence_logprob"":-1.5830808877944946,""mean_token_logprob"":-1.5830808877944946,""token_logprobs"":[-1.5830808877944946]}]",B,true
623713,Seep,D,0,0,audio_icl_candidate,candidate,,"[{""candidate"":""B"",""token_ids"":[33],""token_count"":1,""sequence_logprob"":-1.0941234827041626,""mean_token_logprob"":-1.0941234827041626,""token_logprobs"":[-1.0941234827041626]},{""candidate"":""C"",""token_ids"":[34],""token_count"":1,""sequence_logprob"":-3.094123363494873,""mean_token_logprob"":-3.094123363494873,""token_logprobs"":[-3.094123363494873]},{""candidate"":""D"",""token_ids"":[35],""token_count"":1,""sequence_logprob"":-3.094123363494873,""mean_token_logprob"":-3.094123363494873,""token_logprobs"":[-3.094123363494873]},{""candidate"":""E"",""token_ids"":[36],""token_count"":1,""sequence_logprob"":-1.4691234827041626,""mean_token_logprob"":-1.4691234827041626,""token_logprobs"":[-1.4691234827041626]},{""candidate"":""F"",""token_ids"":[37],""token_count"":1,""sequence_logprob"":-2.844123363494873,""mean_token_logprob"":-2.844123363494873,""token_logprobs"":[-2.844123363494873]},{""candidate"":""A"",""token_ids"":[32],""token_count"":1,""sequence_logprob"":-1.4691234827041626,""mean_token_logprob"":-1.4691234827041626,""token_logprobs"":[-1.4691234827041626]}]",B,false
623831,Tsik,F,0,0,audio_icl_candidate,candidate,,"[{""candidate"":""B"",""token_ids"":[33],""token_count"":1,""sequence_logprob"":-1.1018071174621582,""mean_token_logprob"":-1.1018071174621582,""token_logprobs"":[-1.1018071174621582]},{""candidate"":""C"",""token_ids"":[34],""token_count"":1,""sequence_logprob"":-2.976807117462158,""mean_token_logprob"":-2.976807117462158,""token_logprobs"":[-2.976807117462158]},{""candidate"":""D"",""token_ids"":[35],""token_count"":1,""sequence_logprob"":-3.164307117462158,""mean_token_logprob"":-3.164307117462158,""token_logprobs"":[-3.164307117462158]},{""candidate"":""E"",""token_ids"":[36],""token_count"":1,""sequence_logprob"":-1.3518071174621582,""mean_token_logprob"":-1.3518071174621582,""token_logprobs"":[-1.3518071174621582]},{""candidate"":""F"",""token_ids"":[37],""token_count"":1,""sequence_logprob"":-3.976807117462158,""mean_token_logprob"":-3.976807117462158,""token_logprobs"":[-3.976807117462158]},{""candidate"":""A"",""token_ids"":[32],""token_count"":1,""sequence_logprob"":-1.4768071174621582,""mean_token_logprob"":-1.4768071174621582,""token_logprobs"":[-1.4768071174621582]}]",B,false
624179,Twitter,A,0,0,audio_icl_candidate,candidate,,"[{""candidate"":""B"",""token_ids"":[33],""token_count"":1,""sequence_logprob"":-0.8854814171791077,""mean_token_logprob"":-0.8854814171791077,""token_logprobs"":[-0.8854814171791077]},{""candidate"":""C"",""token_ids"":[34],""token_count"":1,""sequence_logprob"":-3.385481357574463,""mean_token_logprob"":-3.385481357574463,""token_logprobs"":[-3.385481357574463]},{""candidate"":""D"",""token_ids"":[35],""token_count"":1,""sequence_logprob"":-3.510481357574463,""mean_token_logprob"":-3.510481357574463,""token_logprobs"":[-3.510481357574463]},{""candidate"":""E"",""token_ids"":[36],""token_count"":1,""sequence_logprob"":-1.572981357574463,""mean_token_logprob"":-1.572981357574463,""token_logprobs"":[-1.572981357574463]},{""candidate"":""F"",""token_ids"":[37],""token_count"":1,""sequence_logprob"":-3.322981357574463,""mean_token_logprob"":-3.322981357574463,""token_logprobs"":[-3.322981357574463]},{""candidate"":""A"",""token_ids"":[32],""token_count"":1,""sequence_logprob"":-1.447981357574463,""mean_token_logprob"":-1.447981357574463,""token_logprobs"":[-1.447981357574463]}]",B,false
624712,Trill,E,0,0,audio_icl_candidate,candidate,,"[{""candidate"":""B"",""token_ids"":[33],""token_count"":1,""sequence_logprob"":-1.0842056274414062,""mean_token_logprob"":-1.0842056274414062,""token_logprobs"":[-1.0842056274414062]},{""candidate"":""C"",""token_ids"":[34],""token_count"":1,""sequence_logprob"":-3.0217056274414062,""mean_token_logprob"":-3.0217056274414062,""token_logprobs"":[-3.0217056274414062]},{""candidate"":""D"",""token_ids"":[35],""token_count"":1,""sequence_logprob"":-3.6467056274414062,""mean_token_logprob"":-3.6467056274414062,""token_logprobs"":[-3.6467056274414062]},{""candidate"":""E"",""token_ids"":[36],""token_count"":1,""sequence_logprob"":-1.6467056274414062,""mean_token_logprob"":-1.6467056274414062,""token_logprobs"":[-1.6467056274414062]},{""candidate"":""F"",""token_ids"":[37],""token_count"":1,""sequence_logprob"":-1.9592056274414062,""mean_token_logprob"":-1.9592056274414062,""token_logprobs"":[-1.9592056274414062]},{""candidate"":""A"",""token_ids"":[32],""token_count"":1,""sequence_logprob"":-1.5842056274414062,""mean_token_logprob"":-1.5842056274414062,""token_logprobs"":[-1.5842056274414062]}]",B,false
625053,Twitter,A,0,0,audio_icl_candidate,candidate,,"[{""candidate"":""B"",""token_ids"":[33],""token_count"":1,""sequence_logprob"":-0.9385995864868164,""mean_token_logprob"":-0.9385995864868164,""token_logprobs"":[-0.9385995864868164]},{""candidate"":""C"",""token_ids"":[34],""token_count"":1,""sequence_logprob"":-3.5010995864868164,""mean_token_logprob"":-3.5010995864868164,""token_logprobs"":[-3.5010995864868164]},{""candidate"":""D"",""token_ids"":[35],""token_count"":1,""sequence_logprob"":-3.7510995864868164,""mean_token_logprob"":-3.7510995864868164,""token_logprobs"":[-3.7510995864868164]},{""candidate"":""E"",""token_ids"":[36],""token_count"":1,""sequence_logprob"":-1.5635995864868164,""mean_token_logprob"":-1.5635995864868164,""token_logprobs"":[-1.5635995864868164]},{""candidate"":""F"",""token_ids"":[37],""token_count"":1,""sequence_logprob"":-2.3760995864868164,""mean_token_logprob"":-2.3760995864868164,""token_logprobs"":[-2.3760995864868164]},{""candidate"":""A"",""token_ids"":[32],""token_count"":1,""sequence_logprob"":-1.5010995864868164,""mean_token_logprob"":-1.5010995864868164,""token_logprobs"":[-1.5010995864868164]}]",B,false
628729,Infant Cry,B,0,0,audio_icl_candidate,candidate,,"[{""candidate"":""B"",""token_ids"":[33],""token_count"":1,""sequence_logprob"":-1.3294843435287476,""mean_token_logprob"":-1.3294843435287476,""token_logprobs"":[-1.3294843435287476]},{""candidate"":""C"",""token_ids"":[34],""token_count"":1,""sequence_logprob"":-2.891984462738037,""mean_token_logprob"":-2.891984462738037,""token_logprobs"":[-2.891984462738037]},{""candidate"":""D"",""token_ids"":[35],""token_count"":1,""sequence_logprob"":-3.079484462738037,""mean_token_logprob"":-3.079484462738037,""token_logprobs"":[-3.079484462738037]},{""candidate"":""E"",""token_ids"":[36],""token_count"":1,""sequence_logprob"":-1.5169843435287476,""mean_token_logprob"":-1.5169843435287476,""token_logprobs"":[-1.5169843435287476]},{""candidate"":""F"",""token_ids"":[37],""token_count"":1,""sequence_logprob"":-1.7669843435287476,""mean_token_logprob"":-1.7669843435287476,""token_logprobs"":[-1.7669843435287476]},{""candidate"":""A"",""token_ids"":[32],""token_count"":1,""sequence_logprob"":-1.7044843435287476,""mean_token_logprob"":-1.7044843435287476,""token_logprobs"":[-1.7044843435287476]}]",B,true
631448,Trill,E,0,0,audio_icl_candidate,candidate,,"[{""candidate"":""B"",""token_ids"":[33],""token_count"":1,""sequence_logprob"":-1.069244146347046,""mean_token_logprob"":-1.069244146347046,""token_logprobs"":[-1.069244146347046]},{""candidate"":""C"",""token_ids"":[34],""token_count"":1,""sequence_logprob"":-3.131744146347046,""mean_token_logprob"":-3.131744146347046,""token_logprobs"":[-3.131744146347046]},{""candidate"":""D"",""token_ids"":[35],""token_count"":1,""sequence_logprob"":-3.069244146347046,""mean_token_logprob"":-3.069244146347046,""token_logprobs"":[-3.069244146347046]},{""candidate"":""E"",""token_ids"":[36],""token_count"":1,""sequence_logprob"":-1.256744146347046,""mean_token_logprob"":-1.256744146347046,""token_logprobs"":[-1.256744146347046]},{""candidate"":""F"",""token_ids"":[37],""token_count"":1,""sequence_logprob"":-3.256744146347046,""mean_token_logprob"":-3.256744146347046,""token_logprobs"":[-3.256744146347046]},{""candidate"":""A"",""token_ids"":[32],""token_count"":1,""sequence_logprob"":-1.631744146347046,""mean_token_logprob"":-1.631744146347046,""token_logprobs"":[-1.631744146347046]}]",B,false
631485,Phee,C,0,0,audio_icl_candidate,candidate,,"[{""candidate"":""B"",""token_ids"":[33],""token_count"":1,""sequence_logprob"":-1.1457927227020264,""mean_token_logprob"":-1.1457927227020264,""token_logprobs"":[-1.1457927227020264]},{""candidate"":""C"",""token_ids"":[34],""token_count"":1,""sequence_logprob"":-2.7707927227020264,""mean_token_logprob"":-2.7707927227020264,""token_logprobs"":[-2.7707927227020264]},{""candidate"":""D"",""token_ids"":[35],""token_count"":1,""sequence_logprob"":-2.9582927227020264,""mean_token_logprob"":-2.9582927227020264,""token_logprobs"":[-2.9582927227020264]},{""candidate"":""E"",""token_ids"":[36],""token_count"":1,""sequence_logprob"":-1.5832927227020264,""mean_token_logprob"":-1.5832927227020264,""token_logprobs"":[-1.5832927227020264]},{""candidate"":""F"",""token_ids"":[37],""token_count"":1,""sequence_logprob"":-2.5207927227020264,""mean_token_logprob"":-2.5207927227020264,""token_logprobs"":[-2.5207927227020264]},{""candidate"":""A"",""token_ids"":[32],""token_count"":1,""sequence_logprob"":-1.4582927227020264,""mean_token_logprob"":-1.4582927227020264,""token_logprobs"":[-1.4582927227020264]}]",B,false
631861,Infant Cry,B,0,0,audio_icl_candidate,candidate,,"[{""candidate"":""B"",""token_ids"":[33],""token_count"":1,""sequence_logprob"":-1.134595513343811,""mean_token_logprob"":-1.134595513343811,""token_logprobs"":[-1.134595513343811]},{""candidate"":""C"",""token_ids"":[34],""token_count"":1,""sequence_logprob"":-3.0720953941345215,""mean_token_logprob"":-3.0720953941345215,""token_logprobs"":[-3.0720953941345215]},{""candidate"":""D"",""token_ids"":[35],""token_count"":1,""sequence_logprob"":-3.0720953941345215,""mean_token_logprob"":-3.0720953941345215,""token_logprobs"":[-3.0720953941345215]},{""candidate"":""E"",""token_ids"":[36],""token_count"":1,""sequence_logprob"":-1.572095513343811,""mean_token_logprob"":-1.572095513343811,""token_logprobs"":[-1.572095513343811]},{""candidate"":""F"",""token_ids"":[37],""token_count"":1,""sequence_logprob"":-2.1970953941345215,""mean_token_logprob"":-2.1970953941345215,""token_logprobs"":[-2.1970953941345215]},{""candidate"":""A"",""token_ids"":[32],""token_count"":1,""sequence_logprob"":-1.509595513343811,""mean_token_logprob"":-1.509595513343811,""token_logprobs"":[-1.509595513343811]}]",B,true
631947,Tsik,F,0,0,audio_icl_candidate,candidate,,"[{""candidate"":""B"",""token_ids"":[33],""token_count"":1,""sequence_logprob"":-1.1403090953826904,""mean_token_logprob"":-1.1403090953826904,""token_logprobs"":[-1.1403090953826904]},{""candidate"":""C"",""token_ids"":[34],""token_count"":1,""sequence_logprob"":-3.0153090953826904,""mean_token_logprob"":-3.0153090953826904,""token_logprobs"":[-3.0153090953826904]},{""candidate"":""D"",""token_ids"":[35],""token_count"":1,""sequence_logprob"":-3.0778090953826904,""mean_token_logprob"":-3.0778090953826904,""token_logprobs"":[-3.0778090953826904]},{""candidate"":""E"",""token_ids"":[36],""token_count"":1,""sequence_logprob"":-1.7653090953826904,""mean_token_logprob"":-1.7653090953826904,""token_logprobs"":[-1.7653090953826904]},{""candidate"":""F"",""token_ids"":[37],""token_count"":1,""sequence_logprob"":-2.1403090953826904,""mean_token_logprob"":-2.1403090953826904,""token_logprobs"":[-2.1403090953826904]},{""candidate"":""A"",""token_ids"":[32],""token_count"":1,""sequence_logprob"":-1.4528090953826904,""mean_token_logprob"":-1.4528090953826904,""token_logprobs"":[-1.4528090953826904]}]",B,false
632037,Tsik,F,0,0,audio_icl_candidate,candidate,,"[{""candidate"":""B"",""token_ids"":[33],""token_count"":1,""sequence_logprob"":-0.880892276763916,""mean_token_logprob"":-0.880892276763916,""token_logprobs"":[-0.880892276763916]},{""candidate"":""C"",""token_ids"":[34],""token_count"":1,""sequence_logprob"":-3.380892276763916,""mean_token_logprob"":-3.380892276763916,""token_logprobs"":[-3.380892276763916]},{""candidate"":""D"",""token_ids"":[35],""token_count"":1,""sequence_logprob"":-2.943392276763916,""mean_token_logprob"":-2.943392276763916,""token_logprobs"":[-2.943392276763916]},{""candidate"":""E"",""token_ids"":[36],""token_count"":1,""sequence_logprob"":-1.568392276763916,""mean_token_logprob"":-1.568392276763916,""token_logprobs"":[-1.568392276763916]},{""candidate"":""F"",""token_ids"":[37],""token_count"":1,""sequence_logprob"":-3.568392276763916,""mean_token_logprob"":-3.568392276763916,""token_logprobs"":[-3.568392276763916]},{""candidate"":""A"",""token_ids"":[32],""token_count"":1,""sequence_logprob"":-1.568392276763916,""mean_token_logprob"":-1.568392276763916,""token_logprobs"":[-1.568392276763916]}]",B,false
632300,Phee,C,0,0,audio_icl_candidate,candidate,,"[{""candidate"":""B"",""token_ids"":[33],""token_count"":1,""sequence_logprob"":-1.0832631587982178,""mean_token_logprob"":-1.0832631587982178,""token_logprobs"":[-1.0832631587982178]},{""candidate"":""C"",""token_ids"":[34],""token_count"":1,""sequence_logprob"":-3.2082631587982178,""mean_token_logprob"":-3.2082631587982178,""token_logprobs"":[-3.2082631587982178]},{""candidate"":""D"",""token_ids"":[35],""token_count"":1,""sequence_logprob"":-3.2707631587982178,""mean_token_logprob"":-3.2707631587982178,""token_logprobs"":[-3.2707631587982178]},{""candidate"":""E"",""token_ids"":[36],""token_count"":1,""sequence_logprob"":-1.3957631587982178,""mean_token_logprob"":-1.3957631587982178,""token_logprobs"":[-1.3957631587982178]},{""candidate"":""F"",""token_ids"":[37],""token_count"":1,""sequence_logprob"":-2.7082631587982178,""mean_token_logprob"":-2.7082631587982178,""token_logprobs"":[-2.7082631587982178]},{""candidate"":""A"",""token_ids"":[32],""token_count"":1,""sequence_logprob"":-1.6457631587982178,""mean_token_logprob"":-1.6457631587982178,""token_logprobs"":[-1.6457631587982178]}]",B,false
632381,Twitter,A,0,0,audio_icl_candidate,candidate,,"[{""candidate"":""B"",""token_ids"":[33],""token_count"":1,""sequence_logprob"":-0.981890082359314,""mean_token_logprob"":-0.981890082359314,""token_logprobs"":[-0.981890082359314]},{""candidate"":""C"",""token_ids"":[34],""token_count"":1,""sequence_logprob"":-2.9193902015686035,""mean_token_logprob"":-2.9193902015686035,""token_logprobs"":[-2.9193902015686035]},{""candidate"":""D"",""token_ids"":[35],""token_count"":1,""sequence_logprob"":-3.1693902015686035,""mean_token_logprob"":-3.1693902015686035,""token_logprobs"":[-3.1693902015686035]},{""candidate"":""E"",""token_ids"":[36],""token_count"":1,""sequence_logprob"":-1.544390082359314,""mean_token_logprob"":-1.544390082359314,""token_logprobs"":[-1.544390082359314]},{""candidate"":""F"",""token_ids"":[37],""token_count"":1,""sequence_logprob"":-3.0443902015686035,""mean_token_logprob"":-3.0443902015686035,""token_logprobs"":[-3.0443902015686035]},{""candidate"":""A"",""token_ids"":[32],""token_count"":1,""sequence_logprob"":-1.544390082359314,""mean_token_logprob"":-1.544390082359314,""token_logprobs"":[-1.544390082359314]}]",B,false
632863,Phee,C,0,0,audio_icl_candidate,candidate,,"[{""candidate"":""B"",""token_ids"":[33],""token_count"":1,""sequence_logprob"":-1.1247150897979736,""mean_token_logprob"":-1.1247150897979736,""token_logprobs"":[-1.1247150897979736]},{""candidate"":""C"",""token_ids"":[34],""token_count"":1,""sequence_logprob"":-2.8122150897979736,""mean_token_logprob"":-2.8122150897979736,""token_logprobs"":[-2.8122150897979736]},{""candidate"":""D"",""token_ids"":[35],""token_count"":1,""sequence_logprob"":-2.6247150897979736,""mean_token_logprob"":-2.6247150897979736,""token_logprobs"":[-2.6247150897979736]},{""candidate"":""E"",""token_ids"":[36],""token_count"":1,""sequence_logprob"":-1.4997150897979736,""mean_token_logprob"":-1.4997150897979736,""token_logprobs"":[-1.4997150897979736]},{""candidate"":""F"",""token_ids"":[37],""token_count"":1,""sequence_logprob"":-4.0622148513793945,""mean_token_logprob"":-4.0622148513793945,""token_logprobs"":[-4.0622148513793945]},{""candidate"":""A"",""token_ids"":[32],""token_count"":1,""sequence_logprob"":-1.4997150897979736,""mean_token_logprob"":-1.4997150897979736,""token_logprobs"":[-1.4997150897979736]}]",B,false
633531,Phee,C,0,0,audio_icl_candidate,candidate,,"[{""candidate"":""B"",""token_ids"":[33],""token_count"":1,""sequence_logprob"":-1.1701879501342773,""mean_token_logprob"":-1.1701879501342773,""token_logprobs"":[-1.1701879501342773]},{""candidate"":""C"",""token_ids"":[34],""token_count"":1,""sequence_logprob"":-3.1076879501342773,""mean_token_logprob"":-3.1076879501342773,""token_logprobs"":[-3.1076879501342773]},{""candidate"":""D"",""token_ids"":[35],""token_count"":1,""sequence_logprob"":-3.5451879501342773,""mean_token_logprob"":-3.5451879501342773,""token_logprobs"":[-3.5451879501342773]},{""candidate"":""E"",""token_ids"":[36],""token_count"":1,""sequence_logprob"":-1.6701879501342773,""mean_token_logprob"":-1.6701879501342773,""token_logprobs"":[-1.6701879501342773]},{""candidate"":""F"",""token_ids"":[37],""token_count"":1,""sequence_logprob"":-1.7951879501342773,""mean_token_logprob"":-1.7951879501342773,""token_logprobs"":[-1.7951879501342773]},{""candidate"":""A"",""token_ids"":[32],""token_count"":1,""sequence_logprob"":-1.6076879501342773,""mean_token_logprob"":-1.6076879501342773,""token_logprobs"":[-1.6076879501342773]}]",B,false
642827,Tsik,F,0,0,audio_icl_candidate,candidate,,"[{""candidate"":""B"",""token_ids"":[33],""token_count"":1,""sequence_logprob"":-1.0645079612731934,""mean_token_logprob"":-1.0645079612731934,""token_logprobs"":[-1.0645079612731934]},{""candidate"":""C"",""token_ids"":[34],""token_count"":1,""sequence_logprob"":-2.8770079612731934,""mean_token_logprob"":-2.8770079612731934,""token_logprobs"":[-2.8770079612731934]},{""candidate"":""D"",""token_ids"":[35],""token_count"":1,""sequence_logprob"":-3.3145079612731934,""mean_token_logprob"":-3.3145079612731934,""token_logprobs"":[-3.3145079612731934]},{""candidate"":""E"",""token_ids"":[36],""token_count"":1,""sequence_logprob"":-1.3770079612731934,""mean_token_logprob"":-1.3770079612731934,""token_logprobs"":[-1.3770079612731934]},{""candidate"":""F"",""token_ids"":[37],""token_count"":1,""sequence_logprob"":-3.4395079612731934,""mean_token_logprob"":-3.4395079612731934,""token_logprobs"":[-3.4395079612731934]},{""candidate"":""A"",""token_ids"":[32],""token_count"":1,""sequence_logprob"":-1.5020079612731934,""mean_token_logprob"":-1.5020079612731934,""token_logprobs"":[-1.5020079612731934]}]",B,false
647588,Phee,C,0,0,audio_icl_candidate,candidate,,"[{""candidate"":""B"",""token_ids"":[33],""token_count"":1,""sequence_logprob"":-1.24150550365448,""mean_token_logprob"":-1.24150550365448,""token_logprobs"":[-1.24150550365448]},{""candidate"":""C"",""token_ids"":[34],""token_count"":1,""sequence_logprob"":-2.8665056228637695,""mean_token_logprob"":-2.8665056228637695,""token_logprobs"":[-2.8665056228637695]},{""candidate"":""D"",""token_ids"":[35],""token_count"":1,""sequence_logprob"":-2.5540056228637695,""mean_token_logprob"":-2.5540056228637695,""token_logprobs"":[-2.5540056228637695]},{""candidate"":""E"",""token_ids"":[36],""token_count"":1,""sequence_logprob"":-1.86650550365448,""mean_token_logprob"":-1.86650550365448,""token_logprobs"":[-1.86650550365448]},{""candidate"":""F"",""token_ids"":[37],""token_count"":1,""sequence_logprob"":-1.92900550365448,""mean_token_logprob"":-1.92900550365448,""token_logprobs"":[-1.92900550365448]},{""candidate"":""A"",""token_ids"":[32],""token_count"":1,""sequence_logprob"":-1.55400550365448,""mean_token_logprob"":-1.55400550365448,""token_logprobs"":[-1.55400550365448]}]",B,false
695230,Trill,E,0,0,audio_icl_candidate,candidate,,"[{""candidate"":""B"",""token_ids"":[33],""token_count"":1,""sequence_logprob"":-1.0346508026123047,""mean_token_logprob"":-1.0346508026123047,""token_logprobs"":[-1.0346508026123047]},{""candidate"":""C"",""token_ids"":[34],""token_count"":1,""sequence_logprob"":-2.8471508026123047,""mean_token_logprob"":-2.8471508026123047,""token_logprobs"":[-2.8471508026123047]},{""candidate"":""D"",""token_ids"":[35],""token_count"":1,""sequence_logprob"":-3.3471508026123047,""mean_token_logprob"":-3.3471508026123047,""token_logprobs"":[-3.3471508026123047]},{""candidate"":""E"",""token_ids"":[36],""token_count"":1,""sequence_logprob"":-1.6596508026123047,""mean_token_logprob"":-1.6596508026123047,""token_logprobs"":[-1.6596508026123047]},{""candidate"":""F"",""token_ids"":[37],""token_count"":1,""sequence_logprob"":-2.0346508026123047,""mean_token_logprob"":-2.0346508026123047,""token_logprobs"":[-2.0346508026123047]},{""candidate"":""A"",""token_ids"":[32],""token_count"":1,""sequence_logprob"":-1.6596508026123047,""mean_token_logprob"":-1.6596508026123047,""token_logprobs"":[-1.6596508026123047]}]",B,false
699227,Twitter,A,0,0,audio_icl_candidate,candidate,,"[{""candidate"":""B"",""token_ids"":[33],""token_count"":1,""sequence_logprob"":-1.1090307235717773,""mean_token_logprob"":-1.1090307235717773,""token_logprobs"":[-1.1090307235717773]},{""candidate"":""C"",""token_ids"":[34],""token_count"":1,""sequence_logprob"":-3.0465307235717773,""mean_token_logprob"":-3.0465307235717773,""token_logprobs"":[-3.0465307235717773]},{""candidate"":""D"",""token_ids"":[35],""token_count"":1,""sequence_logprob"":-3.3590307235717773,""mean_token_logprob"":-3.3590307235717773,""token_logprobs"":[-3.3590307235717773]},{""candidate"":""E"",""token_ids"":[36],""token_count"":1,""sequence_logprob"":-1.7340307235717773,""mean_token_logprob"":-1.7340307235717773,""token_logprobs"":[-1.7340307235717773]},{""candidate"":""F"",""token_ids"":[37],""token_count"":1,""sequence_logprob"":-1.7965307235717773,""mean_token_logprob"":-1.7965307235717773,""token_logprobs"":[-1.7965307235717773]},{""candidate"":""A"",""token_ids"":[32],""token_count"":1,""sequence_logprob"":-1.5465307235717773,""mean_token_logprob"":-1.5465307235717773,""token_logprobs"":[-1.5465307235717773]}]",B,false
706021,Phee,C,0,0,audio_icl_candidate,candidate,,"[{""candidate"":""B"",""token_ids"":[33],""token_count"":1,""sequence_logprob"":-1.2357579469680786,""mean_token_logprob"":-1.2357579469680786,""token_logprobs"":[-1.2357579469680786]},{""candidate"":""C"",""token_ids"":[34],""token_count"":1,""sequence_logprob"":-2.923257827758789,""mean_token_logprob"":-2.923257827758789,""token_logprobs"":[-2.923257827758789]},{""candidate"":""D"",""token_ids"":[35],""token_count"":1,""sequence_logprob"":-2.673257827758789,""mean_token_logprob"":-2.673257827758789,""token_logprobs"":[-2.673257827758789]},{""candidate"":""E"",""token_ids"":[36],""token_count"":1,""sequence_logprob"":-1.5482579469680786,""mean_token_logprob"":-1.5482579469680786,""token_logprobs"":[-1.5482579469680786]},{""candidate"":""F"",""token_ids"":[37],""token_count"":1,""sequence_logprob"":-2.298257827758789,""mean_token_logprob"":-2.298257827758789,""token_logprobs"":[-2.298257827758789]},{""candidate"":""A"",""token_ids"":[32],""token_count"":1,""sequence_logprob"":-1.5482579469680786,""mean_token_logprob"":-1.5482579469680786,""token_logprobs"":[-1.5482579469680786]}]",B,false
708875,Trill,E,0,0,audio_icl_candidate,candidate,,"[{""candidate"":""B"",""token_ids"":[33],""token_count"":1,""sequence_logprob"":-1.2326972484588623,""mean_token_logprob"":-1.2326972484588623,""token_logprobs"":[-1.2326972484588623]},{""candidate"":""C"",""token_ids"":[34],""token_count"":1,""sequence_logprob"":-3.1076972484588623,""mean_token_logprob"":-3.1076972484588623,""token_logprobs"":[-3.1076972484588623]},{""candidate"":""D"",""token_ids"":[35],""token_count"":1,""sequence_logprob"":-3.1701972484588623,""mean_token_logprob"":-3.1701972484588623,""token_logprobs"":[-3.1701972484588623]},{""candidate"":""E"",""token_ids"":[36],""token_count"":1,""sequence_logprob"":-1.4826972484588623,""mean_token_logprob"":-1.4826972484588623,""token_logprobs"":[-1.4826972484588623]},{""candidate"":""F"",""token_ids"":[37],""token_count"":1,""sequence_logprob"":-1.9201972484588623,""mean_token_logprob"":-1.9201972484588623,""token_logprobs"":[-1.9201972484588623]},{""candidate"":""A"",""token_ids"":[32],""token_count"":1,""sequence_logprob"":-1.5451972484588623,""mean_token_logprob"":-1.5451972484588623,""token_logprobs"":[-1.5451972484588623]}]",B,false
715845,Seep,D,0,0,audio_icl_candidate,candidate,,"[{""candidate"":""B"",""token_ids"":[33],""token_count"":1,""sequence_logprob"":-1.1895090341567993,""mean_token_logprob"":-1.1895090341567993,""token_logprobs"":[-1.1895090341567993]},{""candidate"":""C"",""token_ids"":[34],""token_count"":1,""sequence_logprob"":-3.3145089149475098,""mean_token_logprob"":-3.3145089149475098,""token_logprobs"":[-3.3145089149475098]},{""candidate"":""D"",""token_ids"":[35],""token_count"":1,""sequence_logprob"":-3.5645089149475098,""mean_token_logprob"":-3.5645089149475098,""token_logprobs"":[-3.5645089149475098]},{""candidate"":""E"",""token_ids"":[36],""token_count"":1,""sequence_logprob"":-1.4395090341567993,""mean_token_logprob"":-1.4395090341567993,""token_logprobs"":[-1.4395090341567993]},{""candidate"":""F"",""token_ids"":[37],""token_count"":1,""sequence_logprob"":-1.8770090341567993,""mean_token_logprob"":-1.8770090341567993,""token_logprobs"":[-1.8770090341567993]},{""candidate"":""A"",""token_ids"":[32],""token_count"":1,""sequence_logprob"":-1.6270090341567993,""mean_token_logprob"":-1.6270090341567993,""token_logprobs"":[-1.6270090341567993]}]",B,false
716490,Tsik,F,0,0,audio_icl_candidate,candidate,,"[{""candidate"":""B"",""token_ids"":[33],""token_count"":1,""sequence_logprob"":-0.9624371528625488,""mean_token_logprob"":-0.9624371528625488,""token_logprobs"":[-0.9624371528625488]},{""candidate"":""C"",""token_ids"":[34],""token_count"":1,""sequence_logprob"":-2.837437152862549,""mean_token_logprob"":-2.837437152862549,""token_logprobs"":[-2.837437152862549]},{""candidate"":""D"",""token_ids"":[35],""token_count"":1,""sequence_logprob"":-3.337437152862549,""mean_token_logprob"":-3.337437152862549,""token_logprobs"":[-3.337437152862549]},{""candidate"":""E"",""token_ids"":[36],""token_count"":1,""sequence_logprob"":-1.5249371528625488,""mean_token_logprob"":-1.5249371528625488,""token_logprobs"":[-1.5249371528625488]},{""candidate"":""F"",""token_ids"":[37],""token_count"":1,""sequence_logprob"":-3.524937152862549,""mean_token_logprob"":-3.524937152862549,""token_logprobs"":[-3.524937152862549]},{""candidate"":""A"",""token_ids"":[32],""token_count"":1,""sequence_logprob"":-1.4624371528625488,""mean_token_logprob"":-1.4624371528625488,""token_logprobs"":[-1.4624371528625488]}]",B,false
737715,Twitter,A,0,0,audio_icl_candidate,candidate,,"[{""candidate"":""B"",""token_ids"":[33],""token_count"":1,""sequence_logprob"":-0.9127059578895569,""mean_token_logprob"":-0.9127059578895569,""token_logprobs"":[-0.9127059578895569]},{""candidate"":""C"",""token_ids"":[34],""token_count"":1,""sequence_logprob"":-3.162705898284912,""mean_token_logprob"":-3.162705898284912,""token_logprobs"":[-3.162705898284912]},{""candidate"":""D"",""token_ids"":[35],""token_count"":1,""sequence_logprob"":-3.162705898284912,""mean_token_logprob"":-3.162705898284912,""token_logprobs"":[-3.162705898284912]},{""candidate"":""E"",""token_ids"":[36],""token_count"":1,""sequence_logprob"":-1.662705898284912,""mean_token_logprob"":-1.662705898284912,""token_logprobs"":[-1.662705898284912]},{""candidate"":""F"",""token_ids"":[37],""token_count"":1,""sequence_logprob"":-2.725205898284912,""mean_token_logprob"":-2.725205898284912,""token_logprobs"":[-2.725205898284912]},{""candidate"":""A"",""token_ids"":[32],""token_count"":1,""sequence_logprob"":-1.475205898284912,""mean_token_logprob"":-1.475205898284912,""token_logprobs"":[-1.475205898284912]}]",B,false
738495,Trill,E,0,0,audio_icl_candidate,candidate,,"[{""candidate"":""B"",""token_ids"":[33],""token_count"":1,""sequence_logprob"":-1.134958267211914,""mean_token_logprob"":-1.134958267211914,""token_logprobs"":[-1.134958267211914]},{""candidate"":""C"",""token_ids"":[34],""token_count"":1,""sequence_logprob"":-3.009958267211914,""mean_token_logprob"":-3.009958267211914,""token_logprobs"":[-3.009958267211914]},{""candidate"":""D"",""token_ids"":[35],""token_count"":1,""sequence_logprob"":-3.447458267211914,""mean_token_logprob"":-3.447458267211914,""token_logprobs"":[-3.447458267211914]},{""candidate"":""E"",""token_ids"":[36],""token_count"":1,""sequence_logprob"":-1.634958267211914,""mean_token_logprob"":-1.634958267211914,""token_logprobs"":[-1.634958267211914]},{""candidate"":""F"",""token_ids"":[37],""token_count"":1,""sequence_logprob"":-1.884958267211914,""mean_token_logprob"":-1.884958267211914,""token_logprobs"":[-1.884958267211914]},{""candidate"":""A"",""token_ids"":[32],""token_count"":1,""sequence_logprob"":-1.572458267211914,""mean_token_logprob"":-1.572458267211914,""token_logprobs"":[-1.572458267211914]}]",B,false
742006,Infant Cry,B,0,0,audio_icl_candidate,candidate,,"[{""candidate"":""B"",""token_ids"":[33],""token_count"":1,""sequence_logprob"":-1.2146482467651367,""mean_token_logprob"":-1.2146482467651367,""token_logprobs"":[-1.2146482467651367]},{""candidate"":""C"",""token_ids"":[34],""token_count"":1,""sequence_logprob"":-2.9646482467651367,""mean_token_logprob"":-2.9646482467651367,""token_logprobs"":[-2.9646482467651367]},{""candidate"":""D"",""token_ids"":[35],""token_count"":1,""sequence_logprob"":-3.2146482467651367,""mean_token_logprob"":-3.2146482467651367,""token_logprobs"":[-3.2146482467651367]},{""candidate"":""E"",""token_ids"":[36],""token_count"":1,""sequence_logprob"":-1.5896482467651367,""mean_token_logprob"":-1.5896482467651367,""token_logprobs"":[-1.5896482467651367]},{""candidate"":""F"",""token_ids"":[37],""token_count"":1,""sequence_logprob"":-1.9646482467651367,""mean_token_logprob"":-1.9646482467651367,""token_logprobs"":[-1.9646482467651367]},{""candidate"":""A"",""token_ids"":[32],""token_count"":1,""sequence_logprob"":-1.5271482467651367,""mean_token_logprob"":-1.5271482467651367,""token_logprobs"":[-1.5271482467651367]}]",B,true
755986,Tsik,F,0,0,audio_icl_candidate,candidate,,"[{""candidate"":""B"",""token_ids"":[33],""token_count"":1,""sequence_logprob"":-0.9998270273208618,""mean_token_logprob"":-0.9998270273208618,""token_logprobs"":[-0.9998270273208618]},{""candidate"":""C"",""token_ids"":[34],""token_count"":1,""sequence_logprob"":-2.9373269081115723,""mean_token_logprob"":-2.9373269081115723,""token_logprobs"":[-2.9373269081115723]},{""candidate"":""D"",""token_ids"":[35],""token_count"":1,""sequence_logprob"":-3.3123269081115723,""mean_token_logprob"":-3.3123269081115723,""token_logprobs"":[-3.3123269081115723]},{""candidate"":""E"",""token_ids"":[36],""token_count"":1,""sequence_logprob"":-1.3123270273208618,""mean_token_logprob"":-1.3123270273208618,""token_logprobs"":[-1.3123270273208618]},{""candidate"":""F"",""token_ids"":[37],""token_count"":1,""sequence_logprob"":-4.374826908111572,""mean_token_logprob"":-4.374826908111572,""token_logprobs"":[-4.374826908111572]},{""candidate"":""A"",""token_ids"":[32],""token_count"":1,""sequence_logprob"":-1.5623270273208618,""mean_token_logprob"":-1.5623270273208618,""token_logprobs"":[-1.5623270273208618]}]",B,false
758751,Phee,C,0,0,audio_icl_candidate,candidate,,"[{""candidate"":""B"",""token_ids"":[33],""token_count"":1,""sequence_logprob"":-0.9876002073287964,""mean_token_logprob"":-0.9876002073287964,""token_logprobs"":[-0.9876002073287964]},{""candidate"":""C"",""token_ids"":[34],""token_count"":1,""sequence_logprob"":-3.112600326538086,""mean_token_logprob"":-3.112600326538086,""token_logprobs"":[-3.112600326538086]},{""candidate"":""D"",""token_ids"":[35],""token_count"":1,""sequence_logprob"":-2.987600326538086,""mean_token_logprob"":-2.987600326538086,""token_logprobs"":[-2.987600326538086]},{""candidate"":""E"",""token_ids"":[36],""token_count"":1,""sequence_logprob"":-1.4251002073287964,""mean_token_logprob"":-1.4251002073287964,""token_logprobs"":[-1.4251002073287964]},{""candidate"":""F"",""token_ids"":[37],""token_count"":1,""sequence_logprob"":-4.331350326538086,""mean_token_logprob"":-4.331350326538086,""token_logprobs"":[-4.331350326538086]},{""candidate"":""A"",""token_ids"":[32],""token_count"":1,""sequence_logprob"":-1.6126002073287964,""mean_token_logprob"":-1.6126002073287964,""token_logprobs"":[-1.6126002073287964]}]",B,false
788000,Phee,C,0,0,audio_icl_candidate,candidate,,"[{""candidate"":""B"",""token_ids"":[33],""token_count"":1,""sequence_logprob"":-1.4197261333465576,""mean_token_logprob"":-1.4197261333465576,""token_logprobs"":[-1.4197261333465576]},{""candidate"":""C"",""token_ids"":[34],""token_count"":1,""sequence_logprob"":-2.7322261333465576,""mean_token_logprob"":-2.7322261333465576,""token_logprobs"":[-2.7322261333465576]},{""candidate"":""D"",""token_ids"":[35],""token_count"":1,""sequence_logprob"":-2.1697261333465576,""mean_token_logprob"":-2.1697261333465576,""token_logprobs"":[-2.1697261333465576]},{""candidate"":""E"",""token_ids"":[36],""token_count"":1,""sequence_logprob"":-1.4822261333465576,""mean_token_logprob"":-1.4822261333465576,""token_logprobs"":[-1.4822261333465576]},{""candidate"":""F"",""token_ids"":[37],""token_count"":1,""sequence_logprob"":-2.3572261333465576,""mean_token_logprob"":-2.3572261333465576,""token_logprobs"":[-2.3572261333465576]},{""candidate"":""A"",""token_ids"":[32],""token_count"":1,""sequence_logprob"":-1.6072261333465576,""mean_token_logprob"":-1.6072261333465576,""token_logprobs"":[-1.6072261333465576]}]",B,false
794666,Phee,C,0,0,audio_icl_candidate,candidate,,"[{""candidate"":""B"",""token_ids"":[33],""token_count"":1,""sequence_logprob"":-1.1503407955169678,""mean_token_logprob"":-1.1503407955169678,""token_logprobs"":[-1.1503407955169678]},{""candidate"":""C"",""token_ids"":[34],""token_count"":1,""sequence_logprob"":-3.0253407955169678,""mean_token_logprob"":-3.0253407955169678,""token_logprobs"":[-3.0253407955169678]},{""candidate"":""D"",""token_ids"":[35],""token_count"":1,""sequence_logprob"":-3.4003407955169678,""mean_token_logprob"":-3.4003407955169678,""token_logprobs"":[-3.4003407955169678]},{""candidate"":""E"",""token_ids"":[36],""token_count"":1,""sequence_logprob"":-1.6503407955169678,""mean_token_logprob"":-1.6503407955169678,""token_logprobs"":[-1.6503407955169678]},{""candidate"":""F"",""token_ids"":[37],""token_count"":1,""sequence_logprob"":-1.9003407955169678,""mean_token_logprob"":-1.9003407955169678,""token_logprobs"":[-1.9003407955169678]},{""candidate"":""A"",""token_ids"":[32],""token_count"":1,""sequence_logprob"":-1.5253407955169678,""mean_token_logprob"":-1.5253407955169678,""token_logprobs"":[-1.5253407955169678]}]",B,false
799377,Tsik,F,0,0,audio_icl_candidate,candidate,,"[{""candidate"":""B"",""token_ids"":[33],""token_count"":1,""sequence_logprob"":-1.0608456134796143,""mean_token_logprob"":-1.0608456134796143,""token_logprobs"":[-1.0608456134796143]},{""candidate"":""C"",""token_ids"":[34],""token_count"":1,""sequence_logprob"":-3.1233456134796143,""mean_token_logprob"":-3.1233456134796143,""token_logprobs"":[-3.1233456134796143]},{""candidate"":""D"",""token_ids"":[35],""token_count"":1,""sequence_logprob"":-3.4983456134796143,""mean_token_logprob"":-3.4983456134796143,""token_logprobs"":[-3.4983456134796143]},{""candidate"":""E"",""token_ids"":[36],""token_count"":1,""sequence_logprob"":-1.6233456134796143,""mean_token_logprob"":-1.6233456134796143,""token_logprobs"":[-1.6233456134796143]},{""candidate"":""F"",""token_ids"":[37],""token_count"":1,""sequence_logprob"":-2.1233456134796143,""mean_token_logprob"":-2.1233456134796143,""token_logprobs"":[-2.1233456134796143]},{""candidate"":""A"",""token_ids"":[32],""token_count"":1,""sequence_logprob"":-1.4983456134796143,""mean_token_logprob"":-1.4983456134796143,""token_logprobs"":[-1.4983456134796143]}]",B,false
859379,Trill,E,0,0,audio_icl_candidate,candidate,,"[{""candidate"":""B"",""token_ids"":[33],""token_count"":1,""sequence_logprob"":-1.1267470121383667,""mean_token_logprob"":-1.1267470121383667,""token_logprobs"":[-1.1267470121383667]},{""candidate"":""C"",""token_ids"":[34],""token_count"":1,""sequence_logprob"":-3.0017471313476562,""mean_token_logprob"":-3.0017471313476562,""token_logprobs"":[-3.0017471313476562]},{""candidate"":""D"",""token_ids"":[35],""token_count"":1,""sequence_logprob"":-3.2517471313476562,""mean_token_logprob"":-3.2517471313476562,""token_logprobs"":[-3.2517471313476562]},{""candidate"":""E"",""token_ids"":[36],""token_count"":1,""sequence_logprob"":-1.5642470121383667,""mean_token_logprob"":-1.5642470121383667,""token_logprobs"":[-1.5642470121383667]},{""candidate"":""F"",""token_ids"":[37],""token_count"":1,""sequence_logprob"":-1.9392470121383667,""mean_token_logprob"":-1.9392470121383667,""token_logprobs"":[-1.9392470121383667]},{""candidate"":""A"",""token_ids"":[32],""token_count"":1,""sequence_logprob"":-1.6267470121383667,""mean_token_logprob"":-1.6267470121383667,""token_logprobs"":[-1.6267470121383667]}]",B,false
860537,Phee,C,0,0,audio_icl_candidate,candidate,,"[{""candidate"":""B"",""token_ids"":[33],""token_count"":1,""sequence_logprob"":-1.3164865970611572,""mean_token_logprob"":-1.3164865970611572,""token_logprobs"":[-1.3164865970611572]},{""candidate"":""C"",""token_ids"":[34],""token_count"":1,""sequence_logprob"":-3.0664865970611572,""mean_token_logprob"":-3.0664865970611572,""token_logprobs"":[-3.0664865970611572]},{""candidate"":""D"",""token_ids"":[35],""token_count"":1,""sequence_logprob"":-2.7539865970611572,""mean_token_logprob"":-2.7539865970611572,""token_logprobs"":[-2.7539865970611572]},{""candidate"":""E"",""token_ids"":[36],""token_count"":1,""sequence_logprob"":-1.6914865970611572,""mean_token_logprob"":-1.6914865970611572,""token_logprobs"":[-1.6914865970611572]},{""candidate"":""F"",""token_ids"":[37],""token_count"":1,""sequence_logprob"":-1.7539865970611572,""mean_token_logprob"":-1.7539865970611572,""token_logprobs"":[-1.7539865970611572]},{""candidate"":""A"",""token_ids"":[32],""token_count"":1,""sequence_logprob"":-1.5664865970611572,""mean_token_logprob"":-1.5664865970611572,""token_logprobs"":[-1.5664865970611572]}]",B,false
861790,Trill,E,0,0,audio_icl_candidate,candidate,,"[{""candidate"":""B"",""token_ids"":[33],""token_count"":1,""sequence_logprob"":-1.0257219076156616,""mean_token_logprob"":-1.0257219076156616,""token_logprobs"":[-1.0257219076156616]},{""candidate"":""C"",""token_ids"":[34],""token_count"":1,""sequence_logprob"":-2.963222026824951,""mean_token_logprob"":-2.963222026824951,""token_logprobs"":[-2.963222026824951]},{""candidate"":""D"",""token_ids"":[35],""token_count"":1,""sequence_logprob"":-3.088222026824951,""mean_token_logprob"":-3.088222026824951,""token_logprobs"":[-3.088222026824951]},{""candidate"":""E"",""token_ids"":[36],""token_count"":1,""sequence_logprob"":-1.4632219076156616,""mean_token_logprob"":-1.4632219076156616,""token_logprobs"":[-1.4632219076156616]},{""candidate"":""F"",""token_ids"":[37],""token_count"":1,""sequence_logprob"":-4.525722026824951,""mean_token_logprob"":-4.525722026824951,""token_logprobs"":[-4.525722026824951]},{""candidate"":""A"",""token_ids"":[32],""token_count"":1,""sequence_logprob"":-1.4632219076156616,""mean_token_logprob"":-1.4632219076156616,""token_logprobs"":[-1.4632219076156616]}]",B,false
31471,Tsik,F,1,6,audio_icl_candidate,candidate,,"[{""candidate"":""B"",""token_ids"":[33],""token_count"":1,""sequence_logprob"":-1.4016664028167725,""mean_token_logprob"":-1.4016664028167725,""token_logprobs"":[-1.4016664028167725]},{""candidate"":""C"",""token_ids"":[34],""token_count"":1,""sequence_logprob"":-5.714166641235352,""mean_token_logprob"":-5.714166641235352,""token_logprobs"":[-5.714166641235352]},{""candidate"":""D"",""token_ids"":[35],""token_count"":1,""sequence_logprob"":-5.526666641235352,""mean_token_logprob"":-5.526666641235352,""token_logprobs"":[-5.526666641235352]},{""candidate"":""E"",""token_ids"":[36],""token_count"":1,""sequence_logprob"":-0.9641664028167725,""mean_token_logprob"":-0.9641664028167725,""token_logprobs"":[-0.9641664028167725]},{""candidate"":""F"",""token_ids"":[37],""token_count"":1,""sequence_logprob"":-2.6516664028167725,""mean_token_logprob"":-2.6516664028167725,""token_logprobs"":[-2.6516664028167725]},{""candidate"":""A"",""token_ids"":[32],""token_count"":1,""sequence_logprob"":-1.5891664028167725,""mean_token_logprob"":-1.5891664028167725,""token_logprobs"":[-1.5891664028167725]}]",E,false
31828,Seep,D,1,6,audio_icl_candidate,candidate,,"[{""candidate"":""B"",""token_ids"":[33],""token_count"":1,""sequence_logprob"":-1.3913600444793701,""mean_token_logprob"":-1.3913600444793701,""token_logprobs"":[-1.3913600444793701]},{""candidate"":""C"",""token_ids"":[34],""token_count"":1,""sequence_logprob"":-6.016359806060791,""mean_token_logprob"":-6.016359806060791,""token_logprobs"":[-6.016359806060791]},{""candidate"":""D"",""token_ids"":[35],""token_count"":1,""sequence_logprob"":-5.641359806060791,""mean_token_logprob"":-5.641359806060791,""token_logprobs"":[-5.641359806060791]},{""candidate"":""E"",""token_ids"":[36],""token_count"":1,""sequence_logprob"":-0.8913599848747253,""mean_token_logprob"":-0.8913599848747253,""token_logprobs"":[-0.8913599848747253]},{""candidate"":""F"",""token_ids"":[37],""token_count"":1,""sequence_logprob"":-4.078859806060791,""mean_token_logprob"":-4.078859806060791,""token_logprobs"":[-4.078859806060791]},{""candidate"":""A"",""token_ids"":[32],""token_count"":1,""sequence_logprob"":-1.5163600444793701,""mean_token_logprob"":-1.5163600444793701,""token_logprobs"":[-1.5163600444793701]}]",E,false
34756,Phee,C,1,6,audio_icl_candidate,candidate,,"[{""candidate"":""B"",""token_ids"":[33],""token_count"":1,""sequence_logprob"":-1.5201530456542969,""mean_token_logprob"":-1.5201530456542969,""token_logprobs"":[-1.5201530456542969]},{""candidate"":""C"",""token_ids"":[34],""token_count"":1,""sequence_logprob"":-6.270153045654297,""mean_token_logprob"":-6.270153045654297,""token_logprobs"":[-6.270153045654297]},{""candidate"":""D"",""token_ids"":[35],""token_count"":1,""sequence_logprob"":-6.020153045654297,""mean_token_logprob"":-6.020153045654297,""token_logprobs"":[-6.020153045654297]},{""candidate"":""E"",""token_ids"":[36],""token_count"":1,""sequence_logprob"":-0.7701529860496521,""mean_token_logprob"":-0.7701529860496521,""token_logprobs"":[-0.7701529860496521]},{""candidate"":""F"",""token_ids"":[37],""token_count"":1,""sequence_logprob"":-4.395153045654297,""mean_token_logprob"":-4.395153045654297,""token_logprobs"":[-4.395153045654297]},{""candidate"":""A"",""token_ids"":[32],""token_count"":1,""sequence_logprob"":-1.5201530456542969,""mean_token_logprob"":-1.5201530456542969,""token_logprobs"":[-1.5201530456542969]}]",E,false
36485,Phee,C,1,6,audio_icl_candidate,candidate,,"[{""candidate"":""B"",""token_ids"":[33],""token_count"":1,""sequence_logprob"":-1.536595344543457,""mean_token_logprob"":-1.536595344543457,""token_logprobs"":[-1.536595344543457]},{""candidate"":""C"",""token_ids"":[34],""token_count"":1,""sequence_logprob"":-6.349095344543457,""mean_token_logprob"":-6.349095344543457,""token_logprobs"":[-6.349095344543457]},{""candidate"":""D"",""token_ids"":[35],""token_count"":1,""sequence_logprob"":-5.599095344543457,""mean_token_logprob"":-5.599095344543457,""token_logprobs"":[-5.599095344543457]},{""candidate"":""E"",""token_ids"":[36],""token_count"":1,""sequence_logprob"":-0.6615952849388123,""mean_token_logprob"":-0.6615952849388123,""token_logprobs"":[-0.6615952849388123]},{""candidate"":""F"",""token_ids"":[37],""token_count"":1,""sequence_logprob"":-4.411595344543457,""mean_token_logprob"":-4.411595344543457,""token_logprobs"":[-4.411595344543457]},{""candidate"":""A"",""token_ids"":[32],""token_count"":1,""sequence_logprob"":-1.786595344543457,""mean_token_logprob"":-1.786595344543457,""token_logprobs"":[-1.786595344543457]}]",E,false
36522,Twitter,A,1,6,audio_icl_candidate,candidate,,"[{""candidate"":""B"",""token_ids"":[33],""token_count"":1,""sequence_logprob"":-1.6188076734542847,""mean_token_logprob"":-1.6188076734542847,""token_logprobs"":[-1.6188076734542847]},{""candidate"":""C"",""token_ids"":[34],""token_count"":1,""sequence_logprob"":-5.743807792663574,""mean_token_logprob"":-5.743807792663574,""token_logprobs"":[-5.743807792663574]},{""candidate"":""D"",""token_ids"":[35],""token_count"":1,""sequence_logprob"":-5.493807792663574,""mean_token_logprob"":-5.493807792663574,""token_logprobs"":[-5.493807792663574]},{""candidate"":""E"",""token_ids"":[36],""token_count"":1,""sequence_logprob"":-0.7438076734542847,""mean_token_logprob"":-0.7438076734542847,""token_logprobs"":[-0.7438076734542847]},{""candidate"":""F"",""token_ids"":[37],""token_count"":1,""sequence_logprob"":-4.181307792663574,""mean_token_logprob"":-4.181307792663574,""token_logprobs"":[-4.181307792663574]},{""candidate"":""A"",""token_ids"":[32],""token_count"":1,""sequence_logprob"":-1.6188076734542847,""mean_token_logprob"":-1.6188076734542847,""token_logprobs"":[-1.6188076734542847]}]",E,false
405841,Infant Cry,B,1,6,audio_icl_candidate,candidate,,"[{""candidate"":""B"",""token_ids"":[33],""token_count"":1,""sequence_logprob"":-1.4382727146148682,""mean_token_logprob"":-1.4382727146148682,""token_logprobs"":[-1.4382727146148682]},{""candidate"":""C"",""token_ids"":[34],""token_count"":1,""sequence_logprob"":-6.000772476196289,""mean_token_logprob"":-6.000772476196289,""token_logprobs"":[-6.000772476196289]},{""candidate"":""D"",""token_ids"":[35],""token_count"":1,""sequence_logprob"":-5.938272476196289,""mean_token_logprob"":-5.938272476196289,""token_logprobs"":[-5.938272476196289]},{""candidate"":""E"",""token_ids"":[36],""token_count"":1,""sequence_logprob"":-0.7507726550102234,""mean_token_logprob"":-0.7507726550102234,""token_logprobs"":[-0.7507726550102234]},{""candidate"":""F"",""token_ids"":[37],""token_count"":1,""sequence_logprob"":-3.563272714614868,""mean_token_logprob"":-3.563272714614868,""token_logprobs"":[-3.563272714614868]},{""candidate"":""A"",""token_ids"":[32],""token_count"":1,""sequence_logprob"":-1.7507727146148682,""mean_token_logprob"":-1.7507727146148682,""token_logprobs"":[-1.7507727146148682]}]",E,false
408631,Phee,C,1,6,audio_icl_candidate,candidate,,"[{""candidate"":""B"",""token_ids"":[33],""token_count"":1,""sequence_logprob"":-1.4622349739074707,""mean_token_logprob"":-1.4622349739074707,""token_logprobs"":[-1.4622349739074707]},{""candidate"":""C"",""token_ids"":[34],""token_count"":1,""sequence_logprob"":-6.024734973907471,""mean_token_logprob"":-6.024734973907471,""token_logprobs"":[-6.024734973907471]},{""candidate"":""D"",""token_ids"":[35],""token_count"":1,""sequence_logprob"":-5.962234973907471,""mean_token_logprob"":-5.962234973907471,""token_logprobs"":[-5.962234973907471]},{""candidate"":""E"",""token_ids"":[36],""token_count"":1,""sequence_logprob"":-0.7122349739074707,""mean_token_logprob"":-0.7122349739074707,""token_logprobs"":[-0.7122349739074707]},{""candidate"":""F"",""token_ids"":[37],""token_count"":1,""sequence_logprob"":-3.2122349739074707,""mean_token_logprob"":-3.2122349739074707,""token_logprobs"":[-3.2122349739074707]},{""candidate"":""A"",""token_ids"":[32],""token_count"":1,""sequence_logprob"":-1.7747349739074707,""mean_token_logprob"":-1.7747349739074707,""token_logprobs"":[-1.7747349739074707]}]",E,false
50919,Tsik,F,1,6,audio_icl_candidate,candidate,,"[{""candidate"":""B"",""token_ids"":[33],""token_count"":1,""sequence_logprob"":-1.4437203407287598,""mean_token_logprob"":-1.4437203407287598,""token_logprobs"":[-1.4437203407287598]},{""candidate"":""C"",""token_ids"":[34],""token_count"":1,""sequence_logprob"":-6.13122034072876,""mean_token_logprob"":-6.13122034072876,""token_logprobs"":[-6.13122034072876]},{""candidate"":""D"",""token_ids"":[35],""token_count"":1,""sequence_logprob"":-5.81872034072876,""mean_token_logprob"":-5.81872034072876,""token_logprobs"":[-5.81872034072876]},{""candidate"":""E"",""token_ids"":[36],""token_count"":1,""sequence_logprob"":-0.7562203407287598,""mean_token_logprob"":-0.7562203407287598,""token_logprobs"":[-0.7562203407287598]},{""candidate"":""F"",""token_ids"":[37],""token_count"":1,""sequence_logprob"":-3.8812203407287598,""mean_token_logprob"":-3.8812203407287598,""token_logprobs"":[-3.8812203407287598]},{""candidate"":""A"",""token_ids"":[32],""token_count"":1,""sequence_logprob"":-1.6937203407287598,""mean_token_logprob"":-1.6937203407287598,""token_logprobs"":[-1.6937203407287598]}]",E,false
51436,Trill,E,1,6,audio_icl_candidate,candidate,,"[{""candidate"":""B"",""token_ids"":[33],""token_count"":1,""sequence_logprob"":-1.4713584184646606,""mean_token_logprob"":-1.4713584184646606,""token_logprobs"":[-1.4713584184646606]},{""candidate"":""C"",""token_ids"":[34],""token_count"":1,""sequence_logprob"":-6.033858299255371,""mean_token_logprob"":-6.033858299255371,""token_logprobs"":[-6.033858299255371]},{""candidate"":""D"",""token_ids"":[35],""token_count"":1,""sequence_logprob"":-5.721358299255371,""mean_token_logprob"":-5.721358299255371,""token_logprobs"":[-5.721358299255371]},{""candidate"":""E"",""token_ids"":[36],""token_count"":1,""sequence_logprob"":-0.7213584184646606,""mean_token_logprob"":-0.7213584184646606,""token_logprobs"":[-0.7213584184646606]},{""candidate"":""F"",""token_ids"":[37],""token_count"":1,""sequence_logprob"":-4.033858299255371,""mean_token_logprob"":-4.033858299255371,""token_logprobs"":[-4.033858299255371]},{""candidate"":""A"",""token_ids"":[32],""token_count"":1,""sequence_logprob"":-1.7213584184646606,""mean_token_logprob"":-1.7213584184646606,""token_logprobs"":[-1.7213584184646606]}]",E,true
517703,Trill,E,1,6,audio_icl_candidate,candidate,,"[{""candidate"":""B"",""token_ids"":[33],""token_count"":1,""sequence_logprob"":-1.3528101444244385,""mean_token_logprob"":-1.3528101444244385,""token_logprobs"":[-1.3528101444244385]},{""candidate"":""C"",""token_ids"":[34],""token_count"":1,""sequence_logprob"":-6.352810382843018,""mean_token_logprob"":-6.352810382843018,""token_logprobs"":[-6.352810382843018]},{""candidate"":""D"",""token_ids"":[35],""token_count"":1,""sequence_logprob"":-5.477810382843018,""mean_token_logprob"":-5.477810382843018,""token_logprobs"":[-5.477810382843018]},{""candidate"":""E"",""token_ids"":[36],""token_count"":1,""sequence_logprob"":-0.8528102040290833,""mean_token_logprob"":-0.8528102040290833,""token_logprobs"":[-0.8528102040290833]},{""candidate"":""F"",""token_ids"":[37],""token_count"":1,""sequence_logprob"":-3.7278101444244385,""mean_token_logprob"":-3.7278101444244385,""token_logprobs"":[-3.7278101444244385]},{""candidate"":""A"",""token_ids"":[32],""token_count"":1,""sequence_logprob"":-1.6653101444244385,""mean_token_logprob"":-1.6653101444244385,""token_logprobs"":[-1.6653101444244385]}]",E,true
518079,Phee,C,1,6,audio_icl_candidate,candidate,,"[{""candidate"":""B"",""token_ids"":[33],""token_count"":1,""sequence_logprob"":-1.5653877258300781,""mean_token_logprob"":-1.5653877258300781,""token_logprobs"":[-1.5653877258300781]},{""candidate"":""C"",""token_ids"":[34],""token_count"":1,""sequence_logprob"":-6.127887725830078,""mean_token_logprob"":-6.127887725830078,""token_logprobs"":[-6.127887725830078]},{""candidate"":""D"",""token_ids"":[35],""token_count"":1,""sequence_logprob"":-5.940387725830078,""mean_token_logprob"":-5.940387725830078,""token_logprobs"":[-5.940387725830078]},{""candidate"":""E"",""token_ids"":[36],""token_count"":1,""sequence_logprob"":-0.6903877258300781,""mean_token_logprob"":-0.6903877258300781,""token_logprobs"":[-0.6903877258300781]},{""candidate"":""F"",""token_ids"":[37],""token_count"":1,""sequence_logprob"":-4.127887725830078,""mean_token_logprob"":-4.127887725830078,""token_logprobs"":[-4.127887725830078]},{""candidate"":""A"",""token_ids"":[32],""token_count"":1,""sequence_logprob"":-1.5653877258300781,""mean_token_logprob"":-1.5653877258300781,""token_logprobs"":[-1.5653877258300781]}]",E,false
521545,Phee,C,1,6,audio_icl_candidate,candidate,,"[{""candidate"":""B"",""token_ids"":[33],""token_count"":1,""sequence_logprob"":-1.529778242111206,""mean_token_logprob"":-1.529778242111206,""token_logprobs"":[-1.529778242111206]},{""candidate"":""C"",""token_ids"":[34],""token_count"":1,""sequence_logprob"":-5.967278480529785,""mean_token_logprob"":-5.967278480529785,""token_logprobs"":[-5.967278480529785]},{""candidate"":""D"",""token_ids"":[35],""token_count"":1,""sequence_logprob"":-6.029778480529785,""mean_token_logprob"":-6.029778480529785,""token_logprobs"":[-6.029778480529785]},{""candidate"":""E"",""token_ids"":[36],""token_count"":1,""sequence_logprob"":-0.717278242111206,""mean_token_logprob"":-0.717278242111206,""token_logprobs"":[-0.717278242111206]},{""candidate"":""F"",""token_ids"":[37],""token_count"":1,""sequence_logprob"":-3.654778242111206,""mean_token_logprob"":-3.654778242111206,""token_logprobs"":[-3.654778242111206]},{""candidate"":""A"",""token_ids"":[32],""token_count"":1,""sequence_logprob"":-1.592278242111206,""mean_token_logprob"":-1.592278242111206,""token_logprobs"":[-1.592278242111206]}]",E,false
52861,Trill,E,1,6,audio_icl_candidate,candidate,,"[{""candidate"":""B"",""token_ids"":[33],""token_count"":1,""sequence_logprob"":-1.4306387901306152,""mean_token_logprob"":-1.4306387901306152,""token_logprobs"":[-1.4306387901306152]},{""candidate"":""C"",""token_ids"":[34],""token_count"":1,""sequence_logprob"":-6.118138790130615,""mean_token_logprob"":-6.118138790130615,""token_logprobs"":[-6.118138790130615]},{""candidate"":""D"",""token_ids"":[35],""token_count"":1,""sequence_logprob"":-5.993138790130615,""mean_token_logprob"":-5.993138790130615,""token_logprobs"":[-5.993138790130615]},{""candidate"":""E"",""token_ids"":[36],""token_count"":1,""sequence_logprob"":-0.7431387901306152,""mean_token_logprob"":-0.7431387901306152,""token_logprobs"":[-0.7431387901306152]},{""candidate"":""F"",""token_ids"":[37],""token_count"":1,""sequence_logprob"":-3.4931387901306152,""mean_token_logprob"":-3.4931387901306152,""token_logprobs"":[-3.4931387901306152]},{""candidate"":""A"",""token_ids"":[32],""token_count"":1,""sequence_logprob"":-1.8056387901306152,""mean_token_logprob"":-1.8056387901306152,""token_logprobs"":[-1.8056387901306152]}]",E,true
533988,Seep,D,1,6,audio_icl_candidate,candidate,,"[{""candidate"":""B"",""token_ids"":[33],""token_count"":1,""sequence_logprob"":-1.3329110145568848,""mean_token_logprob"":-1.3329110145568848,""token_logprobs"":[-1.3329110145568848]},{""candidate"":""C"",""token_ids"":[34],""token_count"":1,""sequence_logprob"":-5.832911014556885,""mean_token_logprob"":-5.832911014556885,""token_logprobs"":[-5.832911014556885]},{""candidate"":""D"",""token_ids"":[35],""token_count"":1,""sequence_logprob"":-5.895411014556885,""mean_token_logprob"":-5.895411014556885,""token_logprobs"":[-5.895411014556885]},{""candidate"":""E"",""token_ids"":[36],""token_count"":1,""sequence_logprob"":-0.8329110741615295,""mean_token_logprob"":-0.8329110741615295,""token_logprobs"":[-0.8329110741615295]},{""candidate"":""F"",""token_ids"":[37],""token_count"":1,""sequence_logprob"":-3.7079110145568848,""mean_token_logprob"":-3.7079110145568848,""token_logprobs"":[-3.7079110145568848]},{""candidate"":""A"",""token_ids"":[32],""token_count"":1,""sequence_logprob"":-1.6454110145568848,""mean_token_logprob"":-1.6454110145568848,""token_logprobs"":[-1.6454110145568848]}]",E,false
54180,Phee,C,1,6,audio_icl_candidate,candidate,,"[{""candidate"":""B"",""token_ids"":[33],""token_count"":1,""sequence_logprob"":-1.4477477073669434,""mean_token_logprob"":-1.4477477073669434,""token_logprobs"":[-1.4477477073669434]},{""candidate"":""C"",""token_ids"":[34],""token_count"":1,""sequence_logprob"":-6.260247707366943,""mean_token_logprob"":-6.260247707366943,""token_logprobs"":[-6.260247707366943]},{""candidate"":""D"",""token_ids"":[35],""token_count"":1,""sequence_logprob"":-6.135247707366943,""mean_token_logprob"":-6.135247707366943,""token_logprobs"":[-6.135247707366943]},{""candidate"":""E"",""token_ids"":[36],""token_count"":1,""sequence_logprob"":-0.8227477669715881,""mean_token_logprob"":-0.8227477669715881,""token_logprobs"":[-0.8227477669715881]},{""candidate"":""F"",""token_ids"":[37],""token_count"":1,""sequence_logprob"":-4.135247707366943,""mean_token_logprob"":-4.135247707366943,""token_logprobs"":[-4.135247707366943]},{""candidate"":""A"",""token_ids"":[32],""token_count"":1,""sequence_logprob"":-1.4477477073669434,""mean_token_logprob"":-1.4477477073669434,""token_logprobs"":[-1.4477477073669434]}]",E,false
547929,Twitter,A,1,6,audio_icl_candidate,candidate,,"[{""candidate"":""B"",""token_ids"":[33],""token_count"":1,""sequence_logprob"":-1.3787736892700195,""mean_token_logprob"":-1.3787736892700195,""token_logprobs"":[-1.3787736892700195]},{""candidate"":""C"",""token_ids"":[34],""token_count"":1,""sequence_logprob"":-6.1912736892700195,""mean_token_logprob"":-6.1912736892700195,""token_logprobs"":[-6.1912736892700195]},{""candidate"":""D"",""token_ids"":[35],""token_count"":1,""sequence_logprob"":-6.0037736892700195,""mean_token_logprob"":-6.0037736892700195,""token_logprobs"":[-6.0037736892700195]},{""candidate"":""E"",""token_ids"":[36],""token_count"":1,""sequence_logprob"":-0.8787736892700195,""mean_token_logprob"":-0.8787736892700195,""token_logprobs"":[-0.8787736892700195]},{""candidate"":""F"",""token_ids"":[37],""token_count"":1,""sequence_logprob"":-4.1912736892700195,""mean_token_logprob"":-4.1912736892700195,""token_logprobs"":[-4.1912736892700195]},{""candidate"":""A"",""token_ids"":[32],""token_count"":1,""sequence_logprob"":-1.5037736892700195,""mean_token_logprob"":-1.5037736892700195,""token_logprobs"":[-1.5037736892700195]}]",E,false
547992,Phee,C,1,6,audio_icl_candidate,candidate,,"[{""candidate"":""B"",""token_ids"":[33],""token_count"":1,""sequence_logprob"":-1.4399266242980957,""mean_token_logprob"":-1.4399266242980957,""token_logprobs"":[-1.4399266242980957]},{""candidate"":""C"",""token_ids"":[34],""token_count"":1,""sequence_logprob"":-6.002426624298096,""mean_token_logprob"":-6.002426624298096,""token_logprobs"":[-6.002426624298096]},{""candidate"":""D"",""token_ids"":[35],""token_count"":1,""sequence_logprob"":-6.314926624298096,""mean_token_logprob"":-6.314926624298096,""token_logprobs"":[-6.314926624298096]},{""candidate"":""E"",""token_ids"":[36],""token_count"":1,""sequence_logprob"":-0.7524266839027405,""mean_token_logprob"":-0.7524266839027405,""token_logprobs"":[-0.7524266839027405]},{""candidate"":""F"",""token_ids"":[37],""token_count"":1,""sequence_logprob"":-3.7524266242980957,""mean_token_logprob"":-3.7524266242980957,""token_logprobs"":[-3.7524266242980957]},{""candidate"":""A"",""token_ids"":[32],""token_count"":1,""sequence_logprob"":-1.6274266242980957,""mean_token_logprob"":-1.6274266242980957,""token_logprobs"":[-1.6274266242980957]}]",E,false
548798,Trill,E,1,6,audio_icl_candidate,candidate,,"[{""candidate"":""B"",""token_ids"":[33],""token_count"":1,""sequence_logprob"":-1.5202560424804688,""mean_token_logprob"":-1.5202560424804688,""token_logprobs"":[-1.5202560424804688]},{""candidate"":""C"",""token_ids"":[34],""token_count"":1,""sequence_logprob"":-5.957756042480469,""mean_token_logprob"":-5.957756042480469,""token_logprobs"":[-5.957756042480469]},{""candidate"":""D"",""token_ids"":[35],""token_count"":1,""sequence_logprob"":-5.707756042480469,""mean_token_logprob"":-5.707756042480469,""token_logprobs"":[-5.707756042480469]},{""candidate"":""E"",""token_ids"":[36],""token_count"":1,""sequence_logprob"":-0.645255982875824,""mean_token_logprob"":-0.645255982875824,""token_logprobs"":[-0.645255982875824]},{""candidate"":""F"",""token_ids"":[37],""token_count"":1,""sequence_logprob"":-4.082756042480469,""mean_token_logprob"":-4.082756042480469,""token_logprobs"":[-4.082756042480469]},{""candidate"":""A"",""token_ids"":[32],""token_count"":1,""sequence_logprob"":-1.8952560424804688,""mean_token_logprob"":-1.8952560424804688,""token_logprobs"":[-1.8952560424804688]}]",E,true
56195,Trill,E,1,6,audio_icl_candidate,candidate,,"[{""candidate"":""B"",""token_ids"":[33],""token_count"":1,""sequence_logprob"":-1.5533044338226318,""mean_token_logprob"":-1.5533044338226318,""token_logprobs"":[-1.5533044338226318]},{""candidate"":""C"",""token_ids"":[34],""token_count"":1,""sequence_logprob"":-6.115804195404053,""mean_token_logprob"":-6.115804195404053,""token_logprobs"":[-6.115804195404053]},{""candidate"":""D"",""token_ids"":[35],""token_count"":1,""sequence_logprob"":-5.803304195404053,""mean_token_logprob"":-5.803304195404053,""token_logprobs"":[-5.803304195404053]},{""candidate"":""E"",""token_ids"":[36],""token_count"":1,""sequence_logprob"":-0.7408043742179871,""mean_token_logprob"":-0.7408043742179871,""token_logprobs"":[-0.7408043742179871]},{""candidate"":""F"",""token_ids"":[37],""token_count"":1,""sequence_logprob"":-3.553304433822632,""mean_token_logprob"":-3.553304433822632,""token_logprobs"":[-3.553304433822632]},{""candidate"":""A"",""token_ids"":[32],""token_count"":1,""sequence_logprob"":-1.6783044338226318,""mean_token_logprob"":-1.6783044338226318,""token_logprobs"":[-1.6783044338226318]}]",E,true
580149,Trill,E,1,6,audio_icl_candidate,candidate,,"[{""candidate"":""B"",""token_ids"":[33],""token_count"":1,""sequence_logprob"":-1.6004555225372314,""mean_token_logprob"":-1.6004555225372314,""token_logprobs"":[-1.6004555225372314]},{""candidate"":""C"",""token_ids"":[34],""token_count"":1,""sequence_logprob"":-6.225455284118652,""mean_token_logprob"":-6.225455284118652,""token_logprobs"":[-6.225455284118652]},{""candidate"":""D"",""token_ids"":[35],""token_count"":1,""sequence_logprob"":-6.100455284118652,""mean_token_logprob"":-6.100455284118652,""token_logprobs"":[-6.100455284118652]},{""candidate"":""E"",""token_ids"":[36],""token_count"":1,""sequence_logprob"":-0.7254554629325867,""mean_token_logprob"":-0.7254554629325867,""token_logprobs"":[-0.7254554629325867]},{""candidate"":""F"",""token_ids"":[37],""token_count"":1,""sequence_logprob"":-3.9754555225372314,""mean_token_logprob"":-3.9754555225372314,""token_logprobs"":[-3.9754555225372314]},{""candidate"":""A"",""token_ids"":[32],""token_count"":1,""sequence_logprob"":-1.4754555225372314,""mean_token_logprob"":-1.4754555225372314,""token_logprobs"":[-1.4754555225372314]}]",E,true
580352,Phee,C,1,6,audio_icl_candidate,candidate,,"[{""candidate"":""B"",""token_ids"":[33],""token_count"":1,""sequence_logprob"":-1.4735767841339111,""mean_token_logprob"":-1.4735767841339111,""token_logprobs"":[-1.4735767841339111]},{""candidate"":""C"",""token_ids"":[34],""token_count"":1,""sequence_logprob"":-6.22357702255249,""mean_token_logprob"":-6.22357702255249,""token_logprobs"":[-6.22357702255249]},{""candidate"":""D"",""token_ids"":[35],""token_count"":1,""sequence_logprob"":-6.34857702255249,""mean_token_logprob"":-6.34857702255249,""token_logprobs"":[-6.34857702255249]},{""candidate"":""E"",""token_ids"":[36],""token_count"":1,""sequence_logprob"":-0.7235768437385559,""mean_token_logprob"":-0.7235768437385559,""token_logprobs"":[-0.7235768437385559]},{""candidate"":""F"",""token_ids"":[37],""token_count"":1,""sequence_logprob"":-3.848576784133911,""mean_token_logprob"":-3.848576784133911,""token_logprobs"":[-3.848576784133911]},{""candidate"":""A"",""token_ids"":[32],""token_count"":1,""sequence_logprob"":-1.5985767841339111,""mean_token_logprob"":-1.5985767841339111,""token_logprobs"":[-1.5985767841339111]}]",E,false
590590,Phee,C,1,6,audio_icl_candidate,candidate,,"[{""candidate"":""B"",""token_ids"":[33],""token_count"":1,""sequence_logprob"":-1.5128651857376099,""mean_token_logprob"":-1.5128651857376099,""token_logprobs"":[-1.5128651857376099]},{""candidate"":""C"",""token_ids"":[34],""token_count"":1,""sequence_logprob"":-6.13786506652832,""mean_token_logprob"":-6.13786506652832,""token_logprobs"":[-6.13786506652832]},{""candidate"":""D"",""token_ids"":[35],""token_count"":1,""sequence_logprob"":-5.76286506652832,""mean_token_logprob"":-5.76286506652832,""token_logprobs"":[-5.76286506652832]},{""candidate"":""E"",""token_ids"":[36],""token_count"":1,""sequence_logprob"":-0.7628651857376099,""mean_token_logprob"":-0.7628651857376099,""token_logprobs"":[-0.7628651857376099]},{""candidate"":""F"",""token_ids"":[37],""token_count"":1,""sequence_logprob"":-3.2628650665283203,""mean_token_logprob"":-3.2628650665283203,""token_logprobs"":[-3.2628650665283203]},{""candidate"":""A"",""token_ids"":[32],""token_count"":1,""sequence_logprob"":-1.6378651857376099,""mean_token_logprob"":-1.6378651857376099,""token_logprobs"":[-1.6378651857376099]}]",E,false
592253,Trill,E,1,6,audio_icl_candidate,candidate,,"[{""candidate"":""B"",""token_ids"":[33],""token_count"":1,""sequence_logprob"":-1.4775457382202148,""mean_token_logprob"":-1.4775457382202148,""token_logprobs"":[-1.4775457382202148]},{""candidate"":""C"",""token_ids"":[34],""token_count"":1,""sequence_logprob"":-6.352545738220215,""mean_token_logprob"":-6.352545738220215,""token_logprobs"":[-6.352545738220215]},{""candidate"":""D"",""token_ids"":[35],""token_count"":1,""sequence_logprob"":-5.915045738220215,""mean_token_logprob"":-5.915045738220215,""token_logprobs"":[-5.915045738220215]},{""candidate"":""E"",""token_ids"":[36],""token_count"":1,""sequence_logprob"":-0.7275456786155701,""mean_token_logprob"":-0.7275456786155701,""token_logprobs"":[-0.7275456786155701]},{""candidate"":""F"",""token_ids"":[37],""token_count"":1,""sequence_logprob"":-4.165045738220215,""mean_token_logprob"":-4.165045738220215,""token_logprobs"":[-4.165045738220215]},{""candidate"":""A"",""token_ids"":[32],""token_count"":1,""sequence_logprob"":-1.7275457382202148,""mean_token_logprob"":-1.7275457382202148,""token_logprobs"":[-1.7275457382202148]}]",E,true
592286,Twitter,A,1,6,audio_icl_candidate,candidate,,"[{""candidate"":""B"",""token_ids"":[33],""token_count"":1,""sequence_logprob"":-1.4431393146514893,""mean_token_logprob"":-1.4431393146514893,""token_logprobs"":[-1.4431393146514893]},{""candidate"":""C"",""token_ids"":[34],""token_count"":1,""sequence_logprob"":-5.31813907623291,""mean_token_logprob"":-5.31813907623291,""token_logprobs"":[-5.31813907623291]},{""candidate"":""D"",""token_ids"":[35],""token_count"":1,""sequence_logprob"":-5.25563907623291,""mean_token_logprob"":-5.25563907623291,""token_logprobs"":[-5.25563907623291]},{""candidate"":""E"",""token_ids"":[36],""token_count"":1,""sequence_logprob"":-0.8181392550468445,""mean_token_logprob"":-0.8181392550468445,""token_logprobs"":[-0.8181392550468445]},{""candidate"":""F"",""token_ids"":[37],""token_count"":1,""sequence_logprob"":-4.63063907623291,""mean_token_logprob"":-4.63063907623291,""token_logprobs"":[-4.63063907623291]},{""candidate"":""A"",""token_ids"":[32],""token_count"":1,""sequence_logprob"":-1.8181393146514893,""mean_token_logprob"":-1.8181393146514893,""token_logprobs"":[-1.8181393146514893]}]",E,false
595018,Trill,E,1,6,audio_icl_candidate,candidate,,"[{""candidate"":""B"",""token_ids"":[33],""token_count"":1,""sequence_logprob"":-1.4738123416900635,""mean_token_logprob"":-1.4738123416900635,""token_logprobs"":[-1.4738123416900635]},{""candidate"":""C"",""token_ids"":[34],""token_count"":1,""sequence_logprob"":-6.286312103271484,""mean_token_logprob"":-6.286312103271484,""token_logprobs"":[-6.286312103271484]},{""candidate"":""D"",""token_ids"":[35],""token_count"":1,""sequence_logprob"":-5.661312103271484,""mean_token_logprob"":-5.661312103271484,""token_logprobs"":[-5.661312103271484]},{""candidate"":""E"",""token_ids"":[36],""token_count"":1,""sequence_logprob"":-0.7238123416900635,""mean_token_logprob"":-0.7238123416900635,""token_logprobs"":[-0.7238123416900635]},{""candidate"":""F"",""token_ids"":[37],""token_count"":1,""sequence_logprob"":-3.6613123416900635,""mean_token_logprob"":-3.6613123416900635,""token_logprobs"":[-3.6613123416900635]},{""candidate"":""A"",""token_ids"":[32],""token_count"":1,""sequence_logprob"":-1.7238123416900635,""mean_token_logprob"":-1.7238123416900635,""token_logprobs"":[-1.7238123416900635]}]",E,true
598116,Twitter,A,1,6,audio_icl_candidate,candidate,,"[{""candidate"":""B"",""token_ids"":[33],""token_count"":1,""sequence_logprob"":-1.5821211338043213,""mean_token_logprob"":-1.5821211338043213,""token_logprobs"":[-1.5821211338043213]},{""candidate"":""C"",""token_ids"":[34],""token_count"":1,""sequence_logprob"":-5.957120895385742,""mean_token_logprob"":-5.957120895385742,""token_logprobs"":[-5.957120895385742]},{""candidate"":""D"",""token_ids"":[35],""token_count"":1,""sequence_logprob"":-5.582120895385742,""mean_token_logprob"":-5.582120895385742,""token_logprobs"":[-5.582120895385742]},{""candidate"":""E"",""token_ids"":[36],""token_count"":1,""sequence_logprob"":-0.7071211338043213,""mean_token_logprob"":-0.7071211338043213,""token_logprobs"":[-0.7071211338043213]},{""candidate"":""F"",""token_ids"":[37],""token_count"":1,""sequence_logprob"":-4.582120895385742,""mean_token_logprob"":-4.582120895385742,""token_logprobs"":[-4.582120895385742]},{""candidate"":""A"",""token_ids"":[32],""token_count"":1,""sequence_logprob"":-1.5821211338043213,""mean_token_logprob"":-1.5821211338043213,""token_logprobs"":[-1.5821211338043213]}]",E,false
598781,Twitter,A,1,6,audio_icl_candidate,candidate,,"[{""candidate"":""B"",""token_ids"":[33],""token_count"":1,""sequence_logprob"":-1.6206622123718262,""mean_token_logprob"":-1.6206622123718262,""token_logprobs"":[-1.6206622123718262]},{""candidate"":""C"",""token_ids"":[34],""token_count"":1,""sequence_logprob"":-6.308162212371826,""mean_token_logprob"":-6.308162212371826,""token_logprobs"":[-6.308162212371826]},{""candidate"":""D"",""token_ids"":[35],""token_count"":1,""sequence_logprob"":-6.245662212371826,""mean_token_logprob"":-6.245662212371826,""token_logprobs"":[-6.245662212371826]},{""candidate"":""E"",""token_ids"":[36],""token_count"":1,""sequence_logprob"":-0.870662271976471,""mean_token_logprob"":-0.870662271976471,""token_logprobs"":[-0.870662271976471]},{""candidate"":""F"",""token_ids"":[37],""token_count"":1,""sequence_logprob"":-3.620662212371826,""mean_token_logprob"":-3.620662212371826,""token_logprobs"":[-3.620662212371826]},{""candidate"":""A"",""token_ids"":[32],""token_count"":1,""sequence_logprob"":-1.2456622123718262,""mean_token_logprob"":-1.2456622123718262,""token_logprobs"":[-1.2456622123718262]}]",E,false
609454,Infant Cry,B,1,6,audio_icl_candidate,candidate,,"[{""candidate"":""B"",""token_ids"":[33],""token_count"":1,""sequence_logprob"":-1.4964518547058105,""mean_token_logprob"":-1.4964518547058105,""token_logprobs"":[-1.4964518547058105]},{""candidate"":""C"",""token_ids"":[34],""token_count"":1,""sequence_logprob"":-6.2464518547058105,""mean_token_logprob"":-6.2464518547058105,""token_logprobs"":[-6.2464518547058105]},{""candidate"":""D"",""token_ids"":[35],""token_count"":1,""sequence_logprob"":-5.8714518547058105,""mean_token_logprob"":-5.8714518547058105,""token_logprobs"":[-5.8714518547058105]},{""candidate"":""E"",""token_ids"":[36],""token_count"":1,""sequence_logprob"":-0.8714519143104553,""mean_token_logprob"":-0.8714519143104553,""token_logprobs"":[-0.8714519143104553]},{""candidate"":""F"",""token_ids"":[37],""token_count"":1,""sequence_logprob"":-3.6214518547058105,""mean_token_logprob"":-3.6214518547058105,""token_logprobs"":[-3.6214518547058105]},{""candidate"":""A"",""token_ids"":[32],""token_count"":1,""sequence_logprob"":-1.3714518547058105,""mean_token_logprob"":-1.3714518547058105,""token_logprobs"":[-1.3714518547058105]}]",E,false
610080,Tsik,F,1,6,audio_icl_candidate,candidate,,"[{""candidate"":""B"",""token_ids"":[33],""token_count"":1,""sequence_logprob"":-1.4568519592285156,""mean_token_logprob"":-1.4568519592285156,""token_logprobs"":[-1.4568519592285156]},{""candidate"":""C"",""token_ids"":[34],""token_count"":1,""sequence_logprob"":-6.019351959228516,""mean_token_logprob"":-6.019351959228516,""token_logprobs"":[-6.019351959228516]},{""candidate"":""D"",""token_ids"":[35],""token_count"":1,""sequence_logprob"":-5.956851959228516,""mean_token_logprob"":-5.956851959228516,""token_logprobs"":[-5.956851959228516]},{""candidate"":""E"",""token_ids"":[36],""token_count"":1,""sequence_logprob"":-0.8318519592285156,""mean_token_logprob"":-0.8318519592285156,""token_logprobs"":[-0.8318519592285156]},{""candidate"":""F"",""token_ids"":[37],""token_count"":1,""sequence_logprob"":-2.9568519592285156,""mean_token_logprob"":-2.9568519592285156,""token_logprobs"":[-2.9568519592285156]},{""candidate"":""A"",""token_ids"":[32],""token_count"":1,""sequence_logprob"":-1.5818519592285156,""mean_token_logprob"":-1.5818519592285156,""token_logprobs"":[-1.5818519592285156]}]",E,false
614582,Tsik,F,1,6,audio_icl_candidate,candidate,,"[{""candidate"":""B"",""token_ids"":[33],""token_count"":1,""sequence_logprob"":-1.5488940477371216,""mean_token_logprob"":-1.5488940477371216,""token_logprobs"":[-1.5488940477371216]},{""candidate"":""C"",""token_ids"":[34],""token_count"":1,""sequence_logprob"":-6.236393928527832,""mean_token_logprob"":-6.236393928527832,""token_logprobs"":[-6.236393928527832]},{""candidate"":""D"",""token_ids"":[35],""token_count"":1,""sequence_logprob"":-6.236393928527832,""mean_token_logprob"":-6.236393928527832,""token_logprobs"":[-6.236393928527832]},{""candidate"":""E"",""token_ids"":[36],""token_count"":1,""sequence_logprob"":-0.9238940477371216,""mean_token_logprob"":-0.9238940477371216,""token_logprobs"":[-0.9238940477371216]},{""candidate"":""F"",""token_ids"":[37],""token_count"":1,""sequence_logprob"":-2.798893928527832,""mean_token_logprob"":-2.798893928527832,""token_logprobs"":[-2.798893928527832]},{""candidate"":""A"",""token_ids"":[32],""token_count"":1,""sequence_logprob"":-1.4238940477371216,""mean_token_logprob"":-1.4238940477371216,""token_logprobs"":[-1.4238940477371216]}]",E,false
614794,Tsik,F,1,6,audio_icl_candidate,candidate,,"[{""candidate"":""B"",""token_ids"":[33],""token_count"":1,""sequence_logprob"":-1.3504366874694824,""mean_token_logprob"":-1.3504366874694824,""token_logprobs"":[-1.3504366874694824]},{""candidate"":""C"",""token_ids"":[34],""token_count"":1,""sequence_logprob"":-6.350436687469482,""mean_token_logprob"":-6.350436687469482,""token_logprobs"":[-6.350436687469482]},{""candidate"":""D"",""token_ids"":[35],""token_count"":1,""sequence_logprob"":-6.225436687469482,""mean_token_logprob"":-6.225436687469482,""token_logprobs"":[-6.225436687469482]},{""candidate"":""E"",""token_ids"":[36],""token_count"":1,""sequence_logprob"":-0.8504367470741272,""mean_token_logprob"":-0.8504367470741272,""token_logprobs"":[-0.8504367470741272]},{""candidate"":""F"",""token_ids"":[37],""token_count"":1,""sequence_logprob"":-2.9754366874694824,""mean_token_logprob"":-2.9754366874694824,""token_logprobs"":[-2.9754366874694824]},{""candidate"":""A"",""token_ids"":[32],""token_count"":1,""sequence_logprob"":-1.6004366874694824,""mean_token_logprob"":-1.6004366874694824,""token_logprobs"":[-1.6004366874694824]}]",E,false
622260,Twitter,A,1,6,audio_icl_candidate,candidate,,"[{""candidate"":""B"",""token_ids"":[33],""token_count"":1,""sequence_logprob"":-1.4314663410186768,""mean_token_logprob"":-1.4314663410186768,""token_logprobs"":[-1.4314663410186768]},{""candidate"":""C"",""token_ids"":[34],""token_count"":1,""sequence_logprob"":-6.431466579437256,""mean_token_logprob"":-6.431466579437256,""token_logprobs"":[-6.431466579437256]},{""candidate"":""D"",""token_ids"":[35],""token_count"":1,""sequence_logprob"":-6.431466579437256,""mean_token_logprob"":-6.431466579437256,""token_logprobs"":[-6.431466579437256]},{""candidate"":""E"",""token_ids"":[36],""token_count"":1,""sequence_logprob"":-0.8064664006233215,""mean_token_logprob"":-0.8064664006233215,""token_logprobs"":[-0.8064664006233215]},{""candidate"":""F"",""token_ids"":[37],""token_count"":1,""sequence_logprob"":-4.243966579437256,""mean_token_logprob"":-4.243966579437256,""token_logprobs"":[-4.243966579437256]},{""candidate"":""A"",""token_ids"":[32],""token_count"":1,""sequence_logprob"":-1.4314663410186768,""mean_token_logprob"":-1.4314663410186768,""token_logprobs"":[-1.4314663410186768]}]",E,false
622312,Tsik,F,1,6,audio_icl_candidate,candidate,,"[{""candidate"":""B"",""token_ids"":[33],""token_count"":1,""sequence_logprob"":-1.4694502353668213,""mean_token_logprob"":-1.4694502353668213,""token_logprobs"":[-1.4694502353668213]},{""candidate"":""C"",""token_ids"":[34],""token_count"":1,""sequence_logprob"":-6.344449996948242,""mean_token_logprob"":-6.344449996948242,""token_logprobs"":[-6.344449996948242]},{""candidate"":""D"",""token_ids"":[35],""token_count"":1,""sequence_logprob"":-6.219449996948242,""mean_token_logprob"":-6.219449996948242,""token_logprobs"":[-6.219449996948242]},{""candidate"":""E"",""token_ids"":[36],""token_count"":1,""sequence_logprob"":-0.8444502353668213,""mean_token_logprob"":-0.8444502353668213,""token_logprobs"":[-0.8444502353668213]},{""candidate"":""F"",""token_ids"":[37],""token_count"":1,""sequence_logprob"":-4.406949996948242,""mean_token_logprob"":-4.406949996948242,""token_logprobs"":[-4.406949996948242]},{""candidate"":""A"",""token_ids"":[32],""token_count"":1,""sequence_logprob"":-1.3444502353668213,""mean_token_logprob"":-1.3444502353668213,""token_logprobs"":[-1.3444502353668213]}]",E,false
622320,Trill,E,1,6,audio_icl_candidate,candidate,,"[{""candidate"":""B"",""token_ids"":[33],""token_count"":1,""sequence_logprob"":-1.476142406463623,""mean_token_logprob"":-1.476142406463623,""token_logprobs"":[-1.476142406463623]},{""candidate"":""C"",""token_ids"":[34],""token_count"":1,""sequence_logprob"":-5.976142406463623,""mean_token_logprob"":-5.976142406463623,""token_logprobs"":[-5.976142406463623]},{""candidate"":""D"",""token_ids"":[35],""token_count"":1,""sequence_logprob"":-6.288642406463623,""mean_token_logprob"":-6.288642406463623,""token_logprobs"":[-6.288642406463623]},{""candidate"":""E"",""token_ids"":[36],""token_count"":1,""sequence_logprob"":-0.913642406463623,""mean_token_logprob"":-0.913642406463623,""token_logprobs"":[-0.913642406463623]},{""candidate"":""F"",""token_ids"":[37],""token_count"":1,""sequence_logprob"":-3.038642406463623,""mean_token_logprob"":-3.038642406463623,""token_logprobs"":[-3.038642406463623]},{""candidate"":""A"",""token_ids"":[32],""token_count"":1,""sequence_logprob"":-1.413642406463623,""mean_token_logprob"":-1.413642406463623,""token_logprobs"":[-1.413642406463623]}]",E,true
622417,Seep,D,1,6,audio_icl_candidate,candidate,,"[{""candidate"":""B"",""token_ids"":[33],""token_count"":1,""sequence_logprob"":-1.40285062789917,""mean_token_logprob"":-1.40285062789917,""token_logprobs"":[-1.40285062789917]},{""candidate"":""C"",""token_ids"":[34],""token_count"":1,""sequence_logprob"":-6.02785062789917,""mean_token_logprob"":-6.02785062789917,""token_logprobs"":[-6.02785062789917]},{""candidate"":""D"",""token_ids"":[35],""token_count"":1,""sequence_logprob"":-6.21535062789917,""mean_token_logprob"":-6.21535062789917,""token_logprobs"":[-6.21535062789917]},{""candidate"":""E"",""token_ids"":[36],""token_count"":1,""sequence_logprob"":-0.7153506278991699,""mean_token_logprob"":-0.7153506278991699,""token_logprobs"":[-0.7153506278991699]},{""candidate"":""F"",""token_ids"":[37],""token_count"":1,""sequence_logprob"":-4.02785062789917,""mean_token_logprob"":-4.02785062789917,""token_logprobs"":[-4.02785062789917]},{""candidate"":""A"",""token_ids"":[32],""token_count"":1,""sequence_logprob"":-1.96535062789917,""mean_token_logprob"":-1.96535062789917,""token_logprobs"":[-1.96535062789917]}]",E,false
622758,Twitter,A,1,6,audio_icl_candidate,candidate,,"[{""candidate"":""B"",""token_ids"":[33],""token_count"":1,""sequence_logprob"":-1.5659738779067993,""mean_token_logprob"":-1.5659738779067993,""token_logprobs"":[-1.5659738779067993]},{""candidate"":""C"",""token_ids"":[34],""token_count"":1,""sequence_logprob"":-5.94097375869751,""mean_token_logprob"":-5.94097375869751,""token_logprobs"":[-5.94097375869751]},{""candidate"":""D"",""token_ids"":[35],""token_count"":1,""sequence_logprob"":-5.81597375869751,""mean_token_logprob"":-5.81597375869751,""token_logprobs"":[-5.81597375869751]},{""candidate"":""E"",""token_ids"":[36],""token_count"":1,""sequence_logprob"":-0.7534738779067993,""mean_token_logprob"":-0.7534738779067993,""token_logprobs"":[-0.7534738779067993]},{""candidate"":""F"",""token_ids"":[37],""token_count"":1,""sequence_logprob"":-3.8159737586975098,""mean_token_logprob"":-3.8159737586975098,""token_logprobs"":[-3.8159737586975098]},{""candidate"":""A"",""token_ids"":[32],""token_count"":1,""sequence_logprob"":-1.5034738779067993,""mean_token_logprob"":-1.5034738779067993,""token_logprobs"":[-1.5034738779067993]}]",E,false
623382,Seep,D,1,6,audio_icl_candidate,candidate,,"[{""candidate"":""B"",""token_ids"":[33],""token_count"":1,""sequence_logprob"":-1.542668104171753,""mean_token_logprob"":-1.542668104171753,""token_logprobs"":[-1.542668104171753]},{""candidate"":""C"",""token_ids"":[34],""token_count"":1,""sequence_logprob"":-6.480168342590332,""mean_token_logprob"":-6.480168342590332,""token_logprobs"":[-6.480168342590332]},{""candidate"":""D"",""token_ids"":[35],""token_count"":1,""sequence_logprob"":-6.292668342590332,""mean_token_logprob"":-6.292668342590332,""token_logprobs"":[-6.292668342590332]},{""candidate"":""E"",""token_ids"":[36],""token_count"":1,""sequence_logprob"":-0.7926681041717529,""mean_token_logprob"":-0.7926681041717529,""token_logprobs"":[-0.7926681041717529]},{""candidate"":""F"",""token_ids"":[37],""token_count"":1,""sequence_logprob"":-4.230168342590332,""mean_token_logprob"":-4.230168342590332,""token_logprobs"":[-4.230168342590332]},{""candidate"":""A"",""token_ids"":[32],""token_count"":1,""sequence_logprob"":-1.542668104171753,""mean_token_logprob"":-1.542668104171753,""token_logprobs"":[-1.542668104171753]}]",E,false
623573,Twitter,A,1,6,audio_icl_candidate,candidate,,"[{""candidate"":""B"",""token_ids"":[33],""token_count"":1,""sequence_logprob"":-1.5406265258789062,""mean_token_logprob"":-1.5406265258789062,""token_logprobs"":[-1.5406265258789062]},{""candidate"":""C"",""token_ids"":[34],""token_count"":1,""sequence_logprob"":-6.290626525878906,""mean_token_logprob"":-6.290626525878906,""token_logprobs"":[-6.290626525878906]},{""candidate"":""D"",""token_ids"":[35],""token_count"":1,""sequence_logprob"":-6.165626525878906,""mean_token_logprob"":-6.165626525878906,""token_logprobs"":[-6.165626525878906]},{""candidate"":""E"",""token_ids"":[36],""token_count"":1,""sequence_logprob"":-0.7281264662742615,""mean_token_logprob"":-0.7281264662742615,""token_logprobs"":[-0.7281264662742615]},{""candidate"":""F"",""token_ids"":[37],""token_count"":1,""sequence_logprob"":-4.228126525878906,""mean_token_logprob"":-4.228126525878906,""token_logprobs"":[-4.228126525878906]},{""candidate"":""A"",""token_ids"":[32],""token_count"":1,""sequence_logprob"":-1.5406265258789062,""mean_token_logprob"":-1.5406265258789062,""token_logprobs"":[-1.5406265258789062]}]",E,false
623621,Seep,D,1,6,audio_icl_candidate,candidate,,"[{""candidate"":""B"",""token_ids"":[33],""token_count"":1,""sequence_logprob"":-1.5391480922698975,""mean_token_logprob"":-1.5391480922698975,""token_logprobs"":[-1.5391480922698975]},{""candidate"":""C"",""token_ids"":[34],""token_count"":1,""sequence_logprob"":-6.164148330688477,""mean_token_logprob"":-6.164148330688477,""token_logprobs"":[-6.164148330688477]},{""candidate"":""D"",""token_ids"":[35],""token_count"":1,""sequence_logprob"":-5.976648330688477,""mean_token_logprob"":-5.976648330688477,""token_logprobs"":[-5.976648330688477]},{""candidate"":""E"",""token_ids"":[36],""token_count"":1,""sequence_logprob"":-0.9141480922698975,""mean_token_logprob"":-0.9141480922698975,""token_logprobs"":[-0.9141480922698975]},{""candidate"":""F"",""token_ids"":[37],""token_count"":1,""sequence_logprob"":-4.226648330688477,""mean_token_logprob"":-4.226648330688477,""token_logprobs"":[-4.226648330688477]},{""candidate"":""A"",""token_ids"":[32],""token_count"":1,""sequence_logprob"":-1.2891480922698975,""mean_token_logprob"":-1.2891480922698975,""token_logprobs"":[-1.2891480922698975]}]",E,false
623676,Infant Cry,B,1,6,audio_icl_candidate,candidate,,"[{""candidate"":""B"",""token_ids"":[33],""token_count"":1,""sequence_logprob"":-1.379239559173584,""mean_token_logprob"":-1.379239559173584,""token_logprobs"":[-1.379239559173584]},{""candidate"":""C"",""token_ids"":[34],""token_count"":1,""sequence_logprob"":-6.504239559173584,""mean_token_logprob"":-6.504239559173584,""token_logprobs"":[-6.504239559173584]},{""candidate"":""D"",""token_ids"":[35],""token_count"":1,""sequence_logprob"":-6.004239559173584,""mean_token_logprob"":-6.004239559173584,""token_logprobs"":[-6.004239559173584]},{""candidate"":""E"",""token_ids"":[36],""token_count"":1,""sequence_logprob"":-0.8792394995689392,""mean_token_logprob"":-0.8792394995689392,""token_logprobs"":[-0.8792394995689392]},{""candidate"":""F"",""token_ids"":[37],""token_count"":1,""sequence_logprob"":-3.504239559173584,""mean_token_logprob"":-3.504239559173584,""token_logprobs"":[-3.504239559173584]},{""candidate"":""A"",""token_ids"":[32],""token_count"":1,""sequence_logprob"":-1.504239559173584,""mean_token_logprob"":-1.504239559173584,""token_logprobs"":[-1.504239559173584]}]",E,false
623691,Infant Cry,B,1,6,audio_icl_candidate,candidate,,"[{""candidate"":""B"",""token_ids"":[33],""token_count"":1,""sequence_logprob"":-1.4743833541870117,""mean_token_logprob"":-1.4743833541870117,""token_logprobs"":[-1.4743833541870117]},{""candidate"":""C"",""token_ids"":[34],""token_count"":1,""sequence_logprob"":-6.224383354187012,""mean_token_logprob"":-6.224383354187012,""token_logprobs"":[-6.224383354187012]},{""candidate"":""D"",""token_ids"":[35],""token_count"":1,""sequence_logprob"":-6.036883354187012,""mean_token_logprob"":-6.036883354187012,""token_logprobs"":[-6.036883354187012]},{""candidate"":""E"",""token_ids"":[36],""token_count"":1,""sequence_logprob"":-0.8493833541870117,""mean_token_logprob"":-0.8493833541870117,""token_logprobs"":[-0.8493833541870117]},{""candidate"":""F"",""token_ids"":[37],""token_count"":1,""sequence_logprob"":-3.4743833541870117,""mean_token_logprob"":-3.4743833541870117,""token_logprobs"":[-3.4743833541870117]},{""candidate"":""A"",""token_ids"":[32],""token_count"":1,""sequence_logprob"":-1.4743833541870117,""mean_token_logprob"":-1.4743833541870117,""token_logprobs"":[-1.4743833541870117]}]",E,false
623713,Seep,D,1,6,audio_icl_candidate,candidate,,"[{""candidate"":""B"",""token_ids"":[33],""token_count"":1,""sequence_logprob"":-1.4977593421936035,""mean_token_logprob"":-1.4977593421936035,""token_logprobs"":[-1.4977593421936035]},{""candidate"":""C"",""token_ids"":[34],""token_count"":1,""sequence_logprob"":-6.3727593421936035,""mean_token_logprob"":-6.3727593421936035,""token_logprobs"":[-6.3727593421936035]},{""candidate"":""D"",""token_ids"":[35],""token_count"":1,""sequence_logprob"":-6.3102593421936035,""mean_token_logprob"":-6.3102593421936035,""token_logprobs"":[-6.3102593421936035]},{""candidate"":""E"",""token_ids"":[36],""token_count"":1,""sequence_logprob"":-0.7477594017982483,""mean_token_logprob"":-0.7477594017982483,""token_logprobs"":[-0.7477594017982483]},{""candidate"":""F"",""token_ids"":[37],""token_count"":1,""sequence_logprob"":-4.2477593421936035,""mean_token_logprob"":-4.2477593421936035,""token_logprobs"":[-4.2477593421936035]},{""candidate"":""A"",""token_ids"":[32],""token_count"":1,""sequence_logprob"":-1.6227593421936035,""mean_token_logprob"":-1.6227593421936035,""token_logprobs"":[-1.6227593421936035]}]",E,false
623831,Tsik,F,1,6,audio_icl_candidate,candidate,,"[{""candidate"":""B"",""token_ids"":[33],""token_count"":1,""sequence_logprob"":-1.4208086729049683,""mean_token_logprob"":-1.4208086729049683,""token_logprobs"":[-1.4208086729049683]},{""candidate"":""C"",""token_ids"":[34],""token_count"":1,""sequence_logprob"":-6.045808792114258,""mean_token_logprob"":-6.045808792114258,""token_logprobs"":[-6.045808792114258]},{""candidate"":""D"",""token_ids"":[35],""token_count"":1,""sequence_logprob"":-6.170808792114258,""mean_token_logprob"":-6.170808792114258,""token_logprobs"":[-6.170808792114258]},{""candidate"":""E"",""token_ids"":[36],""token_count"":1,""sequence_logprob"":-0.7958086729049683,""mean_token_logprob"":-0.7958086729049683,""token_logprobs"":[-0.7958086729049683]},{""candidate"":""F"",""token_ids"":[37],""token_count"":1,""sequence_logprob"":-3.170808792114258,""mean_token_logprob"":-3.170808792114258,""token_logprobs"":[-3.170808792114258]},{""candidate"":""A"",""token_ids"":[32],""token_count"":1,""sequence_logprob"":-1.6708086729049683,""mean_token_logprob"":-1.6708086729049683,""token_logprobs"":[-1.6708086729049683]}]",E,false
624179,Twitter,A,1,6,audio_icl_candidate,candidate,,"[{""candidate"":""B"",""token_ids"":[33],""token_count"":1,""sequence_logprob"":-1.635636329650879,""mean_token_logprob"":-1.635636329650879,""token_logprobs"":[-1.635636329650879]},{""candidate"":""C"",""token_ids"":[34],""token_count"":1,""sequence_logprob"":-5.635636329650879,""mean_token_logprob"":-5.635636329650879,""token_logprobs"":[-5.635636329650879]},{""candidate"":""D"",""token_ids"":[35],""token_count"":1,""sequence_logprob"":-5.635636329650879,""mean_token_logprob"":-5.635636329650879,""token_logprobs"":[-5.635636329650879]},{""candidate"":""E"",""token_ids"":[36],""token_count"":1,""sequence_logprob"":-0.6981363892555237,""mean_token_logprob"":-0.6981363892555237,""token_logprobs"":[-0.6981363892555237]},{""candidate"":""F"",""token_ids"":[37],""token_count"":1,""sequence_logprob"":-4.510636329650879,""mean_token_logprob"":-4.510636329650879,""token_logprobs"":[-4.510636329650879]},{""candidate"":""A"",""token_ids"":[32],""token_count"":1,""sequence_logprob"":-1.635636329650879,""mean_token_logprob"":-1.635636329650879,""token_logprobs"":[-1.635636329650879]}]",E,false
624712,Trill,E,1,6,audio_icl_candidate,candidate,,"[{""candidate"":""B"",""token_ids"":[33],""token_count"":1,""sequence_logprob"":-1.4269311428070068,""mean_token_logprob"":-1.4269311428070068,""token_logprobs"":[-1.4269311428070068]},{""candidate"":""C"",""token_ids"":[34],""token_count"":1,""sequence_logprob"":-6.239431381225586,""mean_token_logprob"":-6.239431381225586,""token_logprobs"":[-6.239431381225586]},{""candidate"":""D"",""token_ids"":[35],""token_count"":1,""sequence_logprob"":-5.676931381225586,""mean_token_logprob"":-5.676931381225586,""token_logprobs"":[-5.676931381225586]},{""candidate"":""E"",""token_ids"":[36],""token_count"":1,""sequence_logprob"":-0.8019311428070068,""mean_token_logprob"":-0.8019311428070068,""token_logprobs"":[-0.8019311428070068]},{""candidate"":""F"",""token_ids"":[37],""token_count"":1,""sequence_logprob"":-4.364431381225586,""mean_token_logprob"":-4.364431381225586,""token_logprobs"":[-4.364431381225586]},{""candidate"":""A"",""token_ids"":[32],""token_count"":1,""sequence_logprob"":-1.5519311428070068,""mean_token_logprob"":-1.5519311428070068,""token_logprobs"":[-1.5519311428070068]}]",E,true
625053,Twitter,A,1,6,audio_icl_candidate,candidate,,"[{""candidate"":""B"",""token_ids"":[33],""token_count"":1,""sequence_logprob"":-1.6394867897033691,""mean_token_logprob"":-1.6394867897033691,""token_logprobs"":[-1.6394867897033691]},{""candidate"":""C"",""token_ids"":[34],""token_count"":1,""sequence_logprob"":-5.889486789703369,""mean_token_logprob"":-5.889486789703369,""token_logprobs"":[-5.889486789703369]},{""candidate"":""D"",""token_ids"":[35],""token_count"":1,""sequence_logprob"":-5.389486789703369,""mean_token_logprob"":-5.389486789703369,""token_logprobs"":[-5.389486789703369]},{""candidate"":""E"",""token_ids"":[36],""token_count"":1,""sequence_logprob"":-0.6394867300987244,""mean_token_logprob"":-0.6394867300987244,""token_logprobs"":[-0.6394867300987244]},{""candidate"":""F"",""token_ids"":[37],""token_count"":1,""sequence_logprob"":-4.326986789703369,""mean_token_logprob"":-4.326986789703369,""token_logprobs"":[-4.326986789703369]},{""candidate"":""A"",""token_ids"":[32],""token_count"":1,""sequence_logprob"":-1.7644867897033691,""mean_token_logprob"":-1.7644867897033691,""token_logprobs"":[-1.7644867897033691]}]",E,false
628729,Infant Cry,B,1,6,audio_icl_candidate,candidate,,"[{""candidate"":""B"",""token_ids"":[33],""token_count"":1,""sequence_logprob"":-1.4856112003326416,""mean_token_logprob"":-1.4856112003326416,""token_logprobs"":[-1.4856112003326416]},{""candidate"":""C"",""token_ids"":[34],""token_count"":1,""sequence_logprob"":-6.1731109619140625,""mean_token_logprob"":-6.1731109619140625,""token_logprobs"":[-6.1731109619140625]},{""candidate"":""D"",""token_ids"":[35],""token_count"":1,""sequence_logprob"":-5.2981109619140625,""mean_token_logprob"":-5.2981109619140625,""token_logprobs"":[-5.2981109619140625]},{""candidate"":""E"",""token_ids"":[36],""token_count"":1,""sequence_logprob"":-0.8606112003326416,""mean_token_logprob"":-0.8606112003326416,""token_logprobs"":[-0.8606112003326416]},{""candidate"":""F"",""token_ids"":[37],""token_count"":1,""sequence_logprob"":-3.4856112003326416,""mean_token_logprob"":-3.4856112003326416,""token_logprobs"":[-3.4856112003326416]},{""candidate"":""A"",""token_ids"":[32],""token_count"":1,""sequence_logprob"":-1.4856112003326416,""mean_token_logprob"":-1.4856112003326416,""token_logprobs"":[-1.4856112003326416]}]",E,false
631448,Trill,E,1,6,audio_icl_candidate,candidate,,"[{""candidate"":""B"",""token_ids"":[33],""token_count"":1,""sequence_logprob"":-1.5404748916625977,""mean_token_logprob"":-1.5404748916625977,""token_logprobs"":[-1.5404748916625977]},{""candidate"":""C"",""token_ids"":[34],""token_count"":1,""sequence_logprob"":-6.352974891662598,""mean_token_logprob"":-6.352974891662598,""token_logprobs"":[-6.352974891662598]},{""candidate"":""D"",""token_ids"":[35],""token_count"":1,""sequence_logprob"":-6.352974891662598,""mean_token_logprob"":-6.352974891662598,""token_logprobs"":[-6.352974891662598]},{""candidate"":""E"",""token_ids"":[36],""token_count"":1,""sequence_logprob"":-0.7904749512672424,""mean_token_logprob"":-0.7904749512672424,""token_logprobs"":[-0.7904749512672424]},{""candidate"":""F"",""token_ids"":[37],""token_count"":1,""sequence_logprob"":-4.102974891662598,""mean_token_logprob"":-4.102974891662598,""token_logprobs"":[-4.102974891662598]},{""candidate"":""A"",""token_ids"":[32],""token_count"":1,""sequence_logprob"":-1.4154748916625977,""mean_token_logprob"":-1.4154748916625977,""token_logprobs"":[-1.4154748916625977]}]",E,true
631485,Phee,C,1,6,audio_icl_candidate,candidate,,"[{""candidate"":""B"",""token_ids"":[33],""token_count"":1,""sequence_logprob"":-1.5776829719543457,""mean_token_logprob"":-1.5776829719543457,""token_logprobs"":[-1.5776829719543457]},{""candidate"":""C"",""token_ids"":[34],""token_count"":1,""sequence_logprob"":-5.890182971954346,""mean_token_logprob"":-5.890182971954346,""token_logprobs"":[-5.890182971954346]},{""candidate"":""D"",""token_ids"":[35],""token_count"":1,""sequence_logprob"":-5.577682971954346,""mean_token_logprob"":-5.577682971954346,""token_logprobs"":[-5.577682971954346]},{""candidate"":""E"",""token_ids"":[36],""token_count"":1,""sequence_logprob"":-0.7026829123497009,""mean_token_logprob"":-0.7026829123497009,""token_logprobs"":[-0.7026829123497009]},{""candidate"":""F"",""token_ids"":[37],""token_count"":1,""sequence_logprob"":-3.2651829719543457,""mean_token_logprob"":-3.2651829719543457,""token_logprobs"":[-3.2651829719543457]},{""candidate"":""A"",""token_ids"":[32],""token_count"":1,""sequence_logprob"":-1.7026829719543457,""mean_token_logprob"":-1.7026829719543457,""token_logprobs"":[-1.7026829719543457]}]",E,false
631861,Infant Cry,B,1,6,audio_icl_candidate,candidate,,"[{""candidate"":""B"",""token_ids"":[33],""token_count"":1,""sequence_logprob"":-1.4228507280349731,""mean_token_logprob"":-1.4228507280349731,""token_logprobs"":[-1.4228507280349731]},{""candidate"":""C"",""token_ids"":[34],""token_count"":1,""sequence_logprob"":-6.235350608825684,""mean_token_logprob"":-6.235350608825684,""token_logprobs"":[-6.235350608825684]},{""candidate"":""D"",""token_ids"":[35],""token_count"":1,""sequence_logprob"":-6.047850608825684,""mean_token_logprob"":-6.047850608825684,""token_logprobs"":[-6.047850608825684]},{""candidate"":""E"",""token_ids"":[36],""token_count"":1,""sequence_logprob"":-0.7978507280349731,""mean_token_logprob"":-0.7978507280349731,""token_logprobs"":[-0.7978507280349731]},{""candidate"":""F"",""token_ids"":[37],""token_count"":1,""sequence_logprob"":-3.7978506088256836,""mean_token_logprob"":-3.7978506088256836,""token_logprobs"":[-3.7978506088256836]},{""candidate"":""A"",""token_ids"":[32],""token_count"":1,""sequence_logprob"":-1.5478507280349731,""mean_token_logprob"":-1.5478507280349731,""token_logprobs"":[-1.5478507280349731]}]",E,false
631947,Tsik,F,1,6,audio_icl_candidate,candidate,,"[{""candidate"":""B"",""token_ids"":[33],""token_count"":1,""sequence_logprob"":-1.4068045616149902,""mean_token_logprob"":-1.4068045616149902,""token_logprobs"":[-1.4068045616149902]},{""candidate"":""C"",""token_ids"":[34],""token_count"":1,""sequence_logprob"":-6.46930456161499,""mean_token_logprob"":-6.46930456161499,""token_logprobs"":[-6.46930456161499]},{""candidate"":""D"",""token_ids"":[35],""token_count"":1,""sequence_logprob"":-6.21930456161499,""mean_token_logprob"":-6.21930456161499,""token_logprobs"":[-6.21930456161499]},{""candidate"":""E"",""token_ids"":[36],""token_count"":1,""sequence_logprob"":-0.9068045020103455,""mean_token_logprob"":-0.9068045020103455,""token_logprobs"":[-0.9068045020103455]},{""candidate"":""F"",""token_ids"":[37],""token_count"":1,""sequence_logprob"":-4.59430456161499,""mean_token_logprob"":-4.59430456161499,""token_logprobs"":[-4.59430456161499]},{""candidate"":""A"",""token_ids"":[32],""token_count"":1,""sequence_logprob"":-1.2818045616149902,""mean_token_logprob"":-1.2818045616149902,""token_logprobs"":[-1.2818045616149902]}]",E,false
632037,Tsik,F,1,6,audio_icl_candidate,candidate,,"[{""candidate"":""B"",""token_ids"":[33],""token_count"":1,""sequence_logprob"":-1.4308843612670898,""mean_token_logprob"":-1.4308843612670898,""token_logprobs"":[-1.4308843612670898]},{""candidate"":""C"",""token_ids"":[34],""token_count"":1,""sequence_logprob"":-6.18088436126709,""mean_token_logprob"":-6.18088436126709,""token_logprobs"":[-6.18088436126709]},{""candidate"":""D"",""token_ids"":[35],""token_count"":1,""sequence_logprob"":-5.99338436126709,""mean_token_logprob"":-5.99338436126709,""token_logprobs"":[-5.99338436126709]},{""candidate"":""E"",""token_ids"":[36],""token_count"":1,""sequence_logprob"":-0.9308844208717346,""mean_token_logprob"":-0.9308844208717346,""token_logprobs"":[-0.9308844208717346]},{""candidate"":""F"",""token_ids"":[37],""token_count"":1,""sequence_logprob"":-3.05588436126709,""mean_token_logprob"":-3.05588436126709,""token_logprobs"":[-3.05588436126709]},{""candidate"":""A"",""token_ids"":[32],""token_count"":1,""sequence_logprob"":-1.4308843612670898,""mean_token_logprob"":-1.4308843612670898,""token_logprobs"":[-1.4308843612670898]}]",E,false
632300,Phee,C,1,6,audio_icl_candidate,candidate,,"[{""candidate"":""B"",""token_ids"":[33],""token_count"":1,""sequence_logprob"":-1.4713809490203857,""mean_token_logprob"":-1.4713809490203857,""token_logprobs"":[-1.4713809490203857]},{""candidate"":""C"",""token_ids"":[34],""token_count"":1,""sequence_logprob"":-6.096381187438965,""mean_token_logprob"":-6.096381187438965,""token_logprobs"":[-6.096381187438965]},{""candidate"":""D"",""token_ids"":[35],""token_count"":1,""sequence_logprob"":-6.158881187438965,""mean_token_logprob"":-6.158881187438965,""token_logprobs"":[-6.158881187438965]},{""candidate"":""E"",""token_ids"":[36],""token_count"":1,""sequence_logprob"":-0.8463809490203857,""mean_token_logprob"":-0.8463809490203857,""token_logprobs"":[-0.8463809490203857]},{""candidate"":""F"",""token_ids"":[37],""token_count"":1,""sequence_logprob"":-3.0963809490203857,""mean_token_logprob"":-3.0963809490203857,""token_logprobs"":[-3.0963809490203857]},{""candidate"":""A"",""token_ids"":[32],""token_count"":1,""sequence_logprob"":-1.4713809490203857,""mean_token_logprob"":-1.4713809490203857,""token_logprobs"":[-1.4713809490203857]}]",E,false
632381,Twitter,A,1,6,audio_icl_candidate,candidate,,"[{""candidate"":""B"",""token_ids"":[33],""token_count"":1,""sequence_logprob"":-1.4069358110427856,""mean_token_logprob"":-1.4069358110427856,""token_logprobs"":[-1.4069358110427856]},{""candidate"":""C"",""token_ids"":[34],""token_count"":1,""sequence_logprob"":-5.844435691833496,""mean_token_logprob"":-5.844435691833496,""token_logprobs"":[-5.844435691833496]},{""candidate"":""D"",""token_ids"":[35],""token_count"":1,""sequence_logprob"":-5.781935691833496,""mean_token_logprob"":-5.781935691833496,""token_logprobs"":[-5.781935691833496]},{""candidate"":""E"",""token_ids"":[36],""token_count"":1,""sequence_logprob"":-0.7819358110427856,""mean_token_logprob"":-0.7819358110427856,""token_logprobs"":[-0.7819358110427856]},{""candidate"":""F"",""token_ids"":[37],""token_count"":1,""sequence_logprob"":-3.281935691833496,""mean_token_logprob"":-3.281935691833496,""token_logprobs"":[-3.281935691833496]},{""candidate"":""A"",""token_ids"":[32],""token_count"":1,""sequence_logprob"":-1.6569358110427856,""mean_token_logprob"":-1.6569358110427856,""token_logprobs"":[-1.6569358110427856]}]",E,false
632863,Phee,C,1,6,audio_icl_candidate,candidate,,"[{""candidate"":""B"",""token_ids"":[33],""token_count"":1,""sequence_logprob"":-1.4972732067108154,""mean_token_logprob"":-1.4972732067108154,""token_logprobs"":[-1.4972732067108154]},{""candidate"":""C"",""token_ids"":[34],""token_count"":1,""sequence_logprob"":-6.1847734451293945,""mean_token_logprob"":-6.1847734451293945,""token_logprobs"":[-6.1847734451293945]},{""candidate"":""D"",""token_ids"":[35],""token_count"":1,""sequence_logprob"":-5.3097734451293945,""mean_token_logprob"":-5.3097734451293945,""token_logprobs"":[-5.3097734451293945]},{""candidate"":""E"",""token_ids"":[36],""token_count"":1,""sequence_logprob"":-0.7472732663154602,""mean_token_logprob"":-0.7472732663154602,""token_logprobs"":[-0.7472732663154602]},{""candidate"":""F"",""token_ids"":[37],""token_count"":1,""sequence_logprob"":-4.1222734451293945,""mean_token_logprob"":-4.1222734451293945,""token_logprobs"":[-4.1222734451293945]},{""candidate"":""A"",""token_ids"":[32],""token_count"":1,""sequence_logprob"":-1.6222732067108154,""mean_token_logprob"":-1.6222732067108154,""token_logprobs"":[-1.6222732067108154]}]",E,false
633531,Phee,C,1,6,audio_icl_candidate,candidate,,"[{""candidate"":""B"",""token_ids"":[33],""token_count"":1,""sequence_logprob"":-1.483398675918579,""mean_token_logprob"":-1.483398675918579,""token_logprobs"":[-1.483398675918579]},{""candidate"":""C"",""token_ids"":[34],""token_count"":1,""sequence_logprob"":-6.295898914337158,""mean_token_logprob"":-6.295898914337158,""token_logprobs"":[-6.295898914337158]},{""candidate"":""D"",""token_ids"":[35],""token_count"":1,""sequence_logprob"":-5.983398914337158,""mean_token_logprob"":-5.983398914337158,""token_logprobs"":[-5.983398914337158]},{""candidate"":""E"",""token_ids"":[36],""token_count"":1,""sequence_logprob"":-0.7333987355232239,""mean_token_logprob"":-0.7333987355232239,""token_logprobs"":[-0.7333987355232239]},{""candidate"":""F"",""token_ids"":[37],""token_count"":1,""sequence_logprob"":-4.358398914337158,""mean_token_logprob"":-4.358398914337158,""token_logprobs"":[-4.358398914337158]},{""candidate"":""A"",""token_ids"":[32],""token_count"":1,""sequence_logprob"":-1.608398675918579,""mean_token_logprob"":-1.608398675918579,""token_logprobs"":[-1.608398675918579]}]",E,false
642827,Tsik,F,1,6,audio_icl_candidate,candidate,,"[{""candidate"":""B"",""token_ids"":[33],""token_count"":1,""sequence_logprob"":-1.5164679288864136,""mean_token_logprob"":-1.5164679288864136,""token_logprobs"":[-1.5164679288864136]},{""candidate"":""C"",""token_ids"":[34],""token_count"":1,""sequence_logprob"":-6.578968048095703,""mean_token_logprob"":-6.578968048095703,""token_logprobs"":[-6.578968048095703]},{""candidate"":""D"",""token_ids"":[35],""token_count"":1,""sequence_logprob"":-6.328968048095703,""mean_token_logprob"":-6.328968048095703,""token_logprobs"":[-6.328968048095703]},{""candidate"":""E"",""token_ids"":[36],""token_count"":1,""sequence_logprob"":-0.8914679288864136,""mean_token_logprob"":-0.8914679288864136,""token_logprobs"":[-0.8914679288864136]},{""candidate"":""F"",""token_ids"":[37],""token_count"":1,""sequence_logprob"":-4.203968048095703,""mean_token_logprob"":-4.203968048095703,""token_logprobs"":[-4.203968048095703]},{""candidate"":""A"",""token_ids"":[32],""token_count"":1,""sequence_logprob"":-1.2664679288864136,""mean_token_logprob"":-1.2664679288864136,""token_logprobs"":[-1.2664679288864136]}]",E,false
647588,Phee,C,1,6,audio_icl_candidate,candidate,,"[{""candidate"":""B"",""token_ids"":[33],""token_count"":1,""sequence_logprob"":-1.4768716096878052,""mean_token_logprob"":-1.4768716096878052,""token_logprobs"":[-1.4768716096878052]},{""candidate"":""C"",""token_ids"":[34],""token_count"":1,""sequence_logprob"":-6.226871490478516,""mean_token_logprob"":-6.226871490478516,""token_logprobs"":[-6.226871490478516]},{""candidate"":""D"",""token_ids"":[35],""token_count"":1,""sequence_logprob"":-6.039371490478516,""mean_token_logprob"":-6.039371490478516,""token_logprobs"":[-6.039371490478516]},{""candidate"":""E"",""token_ids"":[36],""token_count"":1,""sequence_logprob"":-0.8518716096878052,""mean_token_logprob"":-0.8518716096878052,""token_logprobs"":[-0.8518716096878052]},{""candidate"":""F"",""token_ids"":[37],""token_count"":1,""sequence_logprob"":-2.8518714904785156,""mean_token_logprob"":-2.8518714904785156,""token_logprobs"":[-2.8518714904785156]},{""candidate"":""A"",""token_ids"":[32],""token_count"":1,""sequence_logprob"":-1.4768716096878052,""mean_token_logprob"":-1.4768716096878052,""token_logprobs"":[-1.4768716096878052]}]",E,false
695230,Trill,E,1,6,audio_icl_candidate,candidate,,"[{""candidate"":""B"",""token_ids"":[33],""token_count"":1,""sequence_logprob"":-1.4507043361663818,""mean_token_logprob"":-1.4507043361663818,""token_logprobs"":[-1.4507043361663818]},{""candidate"":""C"",""token_ids"":[34],""token_count"":1,""sequence_logprob"":-6.013204574584961,""mean_token_logprob"":-6.013204574584961,""token_logprobs"":[-6.013204574584961]},{""candidate"":""D"",""token_ids"":[35],""token_count"":1,""sequence_logprob"":-5.888204574584961,""mean_token_logprob"":-5.888204574584961,""token_logprobs"":[-5.888204574584961]},{""candidate"":""E"",""token_ids"":[36],""token_count"":1,""sequence_logprob"":-0.8257043361663818,""mean_token_logprob"":-0.8257043361663818,""token_logprobs"":[-0.8257043361663818]},{""candidate"":""F"",""token_ids"":[37],""token_count"":1,""sequence_logprob"":-3.325704336166382,""mean_token_logprob"":-3.325704336166382,""token_logprobs"":[-3.325704336166382]},{""candidate"":""A"",""token_ids"":[32],""token_count"":1,""sequence_logprob"":-1.6382043361663818,""mean_token_logprob"":-1.6382043361663818,""token_logprobs"":[-1.6382043361663818]}]",E,true
699227,Twitter,A,1,6,audio_icl_candidate,candidate,,"[{""candidate"":""B"",""token_ids"":[33],""token_count"":1,""sequence_logprob"":-1.6998703479766846,""mean_token_logprob"":-1.6998703479766846,""token_logprobs"":[-1.6998703479766846]},{""candidate"":""C"",""token_ids"":[34],""token_count"":1,""sequence_logprob"":-6.387370586395264,""mean_token_logprob"":-6.387370586395264,""token_logprobs"":[-6.387370586395264]},{""candidate"":""D"",""token_ids"":[35],""token_count"":1,""sequence_logprob"":-6.012370586395264,""mean_token_logprob"":-6.012370586395264,""token_logprobs"":[-6.012370586395264]},{""candidate"":""E"",""token_ids"":[36],""token_count"":1,""sequence_logprob"":-0.9498704075813293,""mean_token_logprob"":-0.9498704075813293,""token_logprobs"":[-0.9498704075813293]},{""candidate"":""F"",""token_ids"":[37],""token_count"":1,""sequence_logprob"":-4.324870586395264,""mean_token_logprob"":-4.324870586395264,""token_logprobs"":[-4.324870586395264]},{""candidate"":""A"",""token_ids"":[32],""token_count"":1,""sequence_logprob"":-1.1998703479766846,""mean_token_logprob"":-1.1998703479766846,""token_logprobs"":[-1.1998703479766846]}]",E,false
706021,Phee,C,1,6,audio_icl_candidate,candidate,,"[{""candidate"":""B"",""token_ids"":[33],""token_count"":1,""sequence_logprob"":-1.54116952419281,""mean_token_logprob"":-1.54116952419281,""token_logprobs"":[-1.54116952419281]},{""candidate"":""C"",""token_ids"":[34],""token_count"":1,""sequence_logprob"":-6.0411696434021,""mean_token_logprob"":-6.0411696434021,""token_logprobs"":[-6.0411696434021]},{""candidate"":""D"",""token_ids"":[35],""token_count"":1,""sequence_logprob"":-5.8536696434021,""mean_token_logprob"":-5.8536696434021,""token_logprobs"":[-5.8536696434021]},{""candidate"":""E"",""token_ids"":[36],""token_count"":1,""sequence_logprob"":-0.7911695241928101,""mean_token_logprob"":-0.7911695241928101,""token_logprobs"":[-0.7911695241928101]},{""candidate"":""F"",""token_ids"":[37],""token_count"":1,""sequence_logprob"":-3.2286696434020996,""mean_token_logprob"":-3.2286696434020996,""token_logprobs"":[-3.2286696434020996]},{""candidate"":""A"",""token_ids"":[32],""token_count"":1,""sequence_logprob"":-1.54116952419281,""mean_token_logprob"":-1.54116952419281,""token_logprobs"":[-1.54116952419281]}]",E,false
708875,Trill,E,1,6,audio_icl_candidate,candidate,,"[{""candidate"":""B"",""token_ids"":[33],""token_count"":1,""sequence_logprob"":-1.5051627159118652,""mean_token_logprob"":-1.5051627159118652,""token_logprobs"":[-1.5051627159118652]},{""candidate"":""C"",""token_ids"":[34],""token_count"":1,""sequence_logprob"":-6.192662715911865,""mean_token_logprob"":-6.192662715911865,""token_logprobs"":[-6.192662715911865]},{""candidate"":""D"",""token_ids"":[35],""token_count"":1,""sequence_logprob"":-5.630162715911865,""mean_token_logprob"":-5.630162715911865,""token_logprobs"":[-5.630162715911865]},{""candidate"":""E"",""token_ids"":[36],""token_count"":1,""sequence_logprob"":-0.6926626563072205,""mean_token_logprob"":-0.6926626563072205,""token_logprobs"":[-0.6926626563072205]},{""candidate"":""F"",""token_ids"":[37],""token_count"":1,""sequence_logprob"":-4.005162715911865,""mean_token_logprob"":-4.005162715911865,""token_logprobs"":[-4.005162715911865]},{""candidate"":""A"",""token_ids"":[32],""token_count"":1,""sequence_logprob"":-1.7551627159118652,""mean_token_logprob"":-1.7551627159118652,""token_logprobs"":[-1.7551627159118652]}]",E,true
715845,Seep,D,1,6,audio_icl_candidate,candidate,,"[{""candidate"":""B"",""token_ids"":[33],""token_count"":1,""sequence_logprob"":-1.4577715396881104,""mean_token_logprob"":-1.4577715396881104,""token_logprobs"":[-1.4577715396881104]},{""candidate"":""C"",""token_ids"":[34],""token_count"":1,""sequence_logprob"":-6.457771301269531,""mean_token_logprob"":-6.457771301269531,""token_logprobs"":[-6.457771301269531]},{""candidate"":""D"",""token_ids"":[35],""token_count"":1,""sequence_logprob"":-6.395271301269531,""mean_token_logprob"":-6.395271301269531,""token_logprobs"":[-6.395271301269531]},{""candidate"":""E"",""token_ids"":[36],""token_count"":1,""sequence_logprob"":-0.8327715396881104,""mean_token_logprob"":-0.8327715396881104,""token_logprobs"":[-0.8327715396881104]},{""candidate"":""F"",""token_ids"":[37],""token_count"":1,""sequence_logprob"":-4.082771301269531,""mean_token_logprob"":-4.082771301269531,""token_logprobs"":[-4.082771301269531]},{""candidate"":""A"",""token_ids"":[32],""token_count"":1,""sequence_logprob"":-1.4577715396881104,""mean_token_logprob"":-1.4577715396881104,""token_logprobs"":[-1.4577715396881104]}]",E,false
716490,Tsik,F,1,6,audio_icl_candidate,candidate,,"[{""candidate"":""B"",""token_ids"":[33],""token_count"":1,""sequence_logprob"":-1.675691843032837,""mean_token_logprob"":-1.675691843032837,""token_logprobs"":[-1.675691843032837]},{""candidate"":""C"",""token_ids"":[34],""token_count"":1,""sequence_logprob"":-6.050691604614258,""mean_token_logprob"":-6.050691604614258,""token_logprobs"":[-6.050691604614258]},{""candidate"":""D"",""token_ids"":[35],""token_count"":1,""sequence_logprob"":-5.300691604614258,""mean_token_logprob"":-5.300691604614258,""token_logprobs"":[-5.300691604614258]},{""candidate"":""E"",""token_ids"":[36],""token_count"":1,""sequence_logprob"":-0.6756918430328369,""mean_token_logprob"":-0.6756918430328369,""token_logprobs"":[-0.6756918430328369]},{""candidate"":""F"",""token_ids"":[37],""token_count"":1,""sequence_logprob"":-4.363191604614258,""mean_token_logprob"":-4.363191604614258,""token_logprobs"":[-4.363191604614258]},{""candidate"":""A"",""token_ids"":[32],""token_count"":1,""sequence_logprob"":-1.675691843032837,""mean_token_logprob"":-1.675691843032837,""token_logprobs"":[-1.675691843032837]}]",E,false
737715,Twitter,A,1,6,audio_icl_candidate,candidate,,"[{""candidate"":""B"",""token_ids"":[33],""token_count"":1,""sequence_logprob"":-1.4584017992019653,""mean_token_logprob"":-1.4584017992019653,""token_logprobs"":[-1.4584017992019653]},{""candidate"":""C"",""token_ids"":[34],""token_count"":1,""sequence_logprob"":-5.770901679992676,""mean_token_logprob"":-5.770901679992676,""token_logprobs"":[-5.770901679992676]},{""candidate"":""D"",""token_ids"":[35],""token_count"":1,""sequence_logprob"":-5.708401679992676,""mean_token_logprob"":-5.708401679992676,""token_logprobs"":[-5.708401679992676]},{""candidate"":""E"",""token_ids"":[36],""token_count"":1,""sequence_logprob"":-0.7709017992019653,""mean_token_logprob"":-0.7709017992019653,""token_logprobs"":[-0.7709017992019653]},{""candidate"":""F"",""token_ids"":[37],""token_count"":1,""sequence_logprob"":-3.895901679992676,""mean_token_logprob"":-3.895901679992676,""token_logprobs"":[-3.895901679992676]},{""candidate"":""A"",""token_ids"":[32],""token_count"":1,""sequence_logprob"":-1.5834017992019653,""mean_token_logprob"":-1.5834017992019653,""token_logprobs"":[-1.5834017992019653]}]",E,false
738495,Trill,E,1,6,audio_icl_candidate,candidate,,"[{""candidate"":""B"",""token_ids"":[33],""token_count"":1,""sequence_logprob"":-1.373725175857544,""mean_token_logprob"":-1.373725175857544,""token_logprobs"":[-1.373725175857544]},{""candidate"":""C"",""token_ids"":[34],""token_count"":1,""sequence_logprob"":-5.936225414276123,""mean_token_logprob"":-5.936225414276123,""token_logprobs"":[-5.936225414276123]},{""candidate"":""D"",""token_ids"":[35],""token_count"":1,""sequence_logprob"":-6.061225414276123,""mean_token_logprob"":-6.061225414276123,""token_logprobs"":[-6.061225414276123]},{""candidate"":""E"",""token_ids"":[36],""token_count"":1,""sequence_logprob"":-0.8737252354621887,""mean_token_logprob"":-0.8737252354621887,""token_logprobs"":[-0.8737252354621887]},{""candidate"":""F"",""token_ids"":[37],""token_count"":1,""sequence_logprob"":-2.811225175857544,""mean_token_logprob"":-2.811225175857544,""token_logprobs"":[-2.811225175857544]},{""candidate"":""A"",""token_ids"":[32],""token_count"":1,""sequence_logprob"":-1.686225175857544,""mean_token_logprob"":-1.686225175857544,""token_logprobs"":[-1.686225175857544]}]",E,true
742006,Infant Cry,B,1,6,audio_icl_candidate,candidate,,"[{""candidate"":""B"",""token_ids"":[33],""token_count"":1,""sequence_logprob"":-1.4381062984466553,""mean_token_logprob"":-1.4381062984466553,""token_logprobs"":[-1.4381062984466553]},{""candidate"":""C"",""token_ids"":[34],""token_count"":1,""sequence_logprob"":-6.250606536865234,""mean_token_logprob"":-6.250606536865234,""token_logprobs"":[-6.250606536865234]},{""candidate"":""D"",""token_ids"":[35],""token_count"":1,""sequence_logprob"":-6.188106536865234,""mean_token_logprob"":-6.188106536865234,""token_logprobs"":[-6.188106536865234]},{""candidate"":""E"",""token_ids"":[36],""token_count"":1,""sequence_logprob"":-0.8131063580513,""mean_token_logprob"":-0.8131063580513,""token_logprobs"":[-0.8131063580513]},{""candidate"":""F"",""token_ids"":[37],""token_count"":1,""sequence_logprob"":-3.5631062984466553,""mean_token_logprob"":-3.5631062984466553,""token_logprobs"":[-3.5631062984466553]},{""candidate"":""A"",""token_ids"":[32],""token_count"":1,""sequence_logprob"":-1.5631062984466553,""mean_token_logprob"":-1.5631062984466553,""token_logprobs"":[-1.5631062984466553]}]",E,false
755986,Tsik,F,1,6,audio_icl_candidate,candidate,,"[{""candidate"":""B"",""token_ids"":[33],""token_count"":1,""sequence_logprob"":-1.5084848403930664,""mean_token_logprob"":-1.5084848403930664,""token_logprobs"":[-1.5084848403930664]},{""candidate"":""C"",""token_ids"":[34],""token_count"":1,""sequence_logprob"":-6.070984840393066,""mean_token_logprob"":-6.070984840393066,""token_logprobs"":[-6.070984840393066]},{""candidate"":""D"",""token_ids"":[35],""token_count"":1,""sequence_logprob"":-6.508484840393066,""mean_token_logprob"":-6.508484840393066,""token_logprobs"":[-6.508484840393066]},{""candidate"":""E"",""token_ids"":[36],""token_count"":1,""sequence_logprob"":-0.8834848999977112,""mean_token_logprob"":-0.8834848999977112,""token_logprobs"":[-0.8834848999977112]},{""candidate"":""F"",""token_ids"":[37],""token_count"":1,""sequence_logprob"":-2.6334848403930664,""mean_token_logprob"":-2.6334848403930664,""token_logprobs"":[-2.6334848403930664]},{""candidate"":""A"",""token_ids"":[32],""token_count"":1,""sequence_logprob"":-1.5084848403930664,""mean_token_logprob"":-1.5084848403930664,""token_logprobs"":[-1.5084848403930664]}]",E,false
758751,Phee,C,1,6,audio_icl_candidate,candidate,,"[{""candidate"":""B"",""token_ids"":[33],""token_count"":1,""sequence_logprob"":-1.3830695152282715,""mean_token_logprob"":-1.3830695152282715,""token_logprobs"":[-1.3830695152282715]},{""candidate"":""C"",""token_ids"":[34],""token_count"":1,""sequence_logprob"":-6.1955695152282715,""mean_token_logprob"":-6.1955695152282715,""token_logprobs"":[-6.1955695152282715]},{""candidate"":""D"",""token_ids"":[35],""token_count"":1,""sequence_logprob"":-6.0705695152282715,""mean_token_logprob"":-6.0705695152282715,""token_logprobs"":[-6.0705695152282715]},{""candidate"":""E"",""token_ids"":[36],""token_count"":1,""sequence_logprob"":-0.7580695748329163,""mean_token_logprob"":-0.7580695748329163,""token_logprobs"":[-0.7580695748329163]},{""candidate"":""F"",""token_ids"":[37],""token_count"":1,""sequence_logprob"":-4.2580695152282715,""mean_token_logprob"":-4.2580695152282715,""token_logprobs"":[-4.2580695152282715]},{""candidate"":""A"",""token_ids"":[32],""token_count"":1,""sequence_logprob"":-1.6955695152282715,""mean_token_logprob"":-1.6955695152282715,""token_logprobs"":[-1.6955695152282715]}]",E,false
788000,Phee,C,1,6,audio_icl_candidate,candidate,,"[{""candidate"":""B"",""token_ids"":[33],""token_count"":1,""sequence_logprob"":-1.651014804840088,""mean_token_logprob"":-1.651014804840088,""token_logprobs"":[-1.651014804840088]},{""candidate"":""C"",""token_ids"":[34],""token_count"":1,""sequence_logprob"":-6.151014804840088,""mean_token_logprob"":-6.151014804840088,""token_logprobs"":[-6.151014804840088]},{""candidate"":""D"",""token_ids"":[35],""token_count"":1,""sequence_logprob"":-5.838514804840088,""mean_token_logprob"":-5.838514804840088,""token_logprobs"":[-5.838514804840088]},{""candidate"":""E"",""token_ids"":[36],""token_count"":1,""sequence_logprob"":-0.7760148048400879,""mean_token_logprob"":-0.7760148048400879,""token_logprobs"":[-0.7760148048400879]},{""candidate"":""F"",""token_ids"":[37],""token_count"":1,""sequence_logprob"":-3.276014804840088,""mean_token_logprob"":-3.276014804840088,""token_logprobs"":[-3.276014804840088]},{""candidate"":""A"",""token_ids"":[32],""token_count"":1,""sequence_logprob"":-1.401014804840088,""mean_token_logprob"":-1.401014804840088,""token_logprobs"":[-1.401014804840088]}]",E,false
794666,Phee,C,1,6,audio_icl_candidate,candidate,,"[{""candidate"":""B"",""token_ids"":[33],""token_count"":1,""sequence_logprob"":-1.4386587142944336,""mean_token_logprob"":-1.4386587142944336,""token_logprobs"":[-1.4386587142944336]},{""candidate"":""C"",""token_ids"":[34],""token_count"":1,""sequence_logprob"":-6.251158714294434,""mean_token_logprob"":-6.251158714294434,""token_logprobs"":[-6.251158714294434]},{""candidate"":""D"",""token_ids"":[35],""token_count"":1,""sequence_logprob"":-5.751158714294434,""mean_token_logprob"":-5.751158714294434,""token_logprobs"":[-5.751158714294434]},{""candidate"":""E"",""token_ids"":[36],""token_count"":1,""sequence_logprob"":-0.8136587738990784,""mean_token_logprob"":-0.8136587738990784,""token_logprobs"":[-0.8136587738990784]},{""candidate"":""F"",""token_ids"":[37],""token_count"":1,""sequence_logprob"":-3.9386587142944336,""mean_token_logprob"":-3.9386587142944336,""token_logprobs"":[-3.9386587142944336]},{""candidate"":""A"",""token_ids"":[32],""token_count"":1,""sequence_logprob"":-1.5636587142944336,""mean_token_logprob"":-1.5636587142944336,""token_logprobs"":[-1.5636587142944336]}]",E,false
799377,Tsik,F,1,6,audio_icl_candidate,candidate,,"[{""candidate"":""B"",""token_ids"":[33],""token_count"":1,""sequence_logprob"":-1.4502626657485962,""mean_token_logprob"":-1.4502626657485962,""token_logprobs"":[-1.4502626657485962]},{""candidate"":""C"",""token_ids"":[34],""token_count"":1,""sequence_logprob"":-6.200262546539307,""mean_token_logprob"":-6.200262546539307,""token_logprobs"":[-6.200262546539307]},{""candidate"":""D"",""token_ids"":[35],""token_count"":1,""sequence_logprob"":-6.012762546539307,""mean_token_logprob"":-6.012762546539307,""token_logprobs"":[-6.012762546539307]},{""candidate"":""E"",""token_ids"":[36],""token_count"":1,""sequence_logprob"":-0.8252626657485962,""mean_token_logprob"":-0.8252626657485962,""token_logprobs"":[-0.8252626657485962]},{""candidate"":""F"",""token_ids"":[37],""token_count"":1,""sequence_logprob"":-4.262762546539307,""mean_token_logprob"":-4.262762546539307,""token_logprobs"":[-4.262762546539307]},{""candidate"":""A"",""token_ids"":[32],""token_count"":1,""sequence_logprob"":-1.4502626657485962,""mean_token_logprob"":-1.4502626657485962,""token_logprobs"":[-1.4502626657485962]}]",E,false
859379,Trill,E,1,6,audio_icl_candidate,candidate,,"[{""candidate"":""B"",""token_ids"":[33],""token_count"":1,""sequence_logprob"":-1.4287636280059814,""mean_token_logprob"":-1.4287636280059814,""token_logprobs"":[-1.4287636280059814]},{""candidate"":""C"",""token_ids"":[34],""token_count"":1,""sequence_logprob"":-5.741263389587402,""mean_token_logprob"":-5.741263389587402,""token_logprobs"":[-5.741263389587402]},{""candidate"":""D"",""token_ids"":[35],""token_count"":1,""sequence_logprob"":-5.866263389587402,""mean_token_logprob"":-5.866263389587402,""token_logprobs"":[-5.866263389587402]},{""candidate"":""E"",""token_ids"":[36],""token_count"":1,""sequence_logprob"":-0.9287636280059814,""mean_token_logprob"":-0.9287636280059814,""token_logprobs"":[-0.9287636280059814]},{""candidate"":""F"",""token_ids"":[37],""token_count"":1,""sequence_logprob"":-2.7412636280059814,""mean_token_logprob"":-2.7412636280059814,""token_logprobs"":[-2.7412636280059814]},{""candidate"":""A"",""token_ids"":[32],""token_count"":1,""sequence_logprob"":-1.5537636280059814,""mean_token_logprob"":-1.5537636280059814,""token_logprobs"":[-1.5537636280059814]}]",E,true
860537,Phee,C,1,6,audio_icl_candidate,candidate,,"[{""candidate"":""B"",""token_ids"":[33],""token_count"":1,""sequence_logprob"":-1.5352299213409424,""mean_token_logprob"":-1.5352299213409424,""token_logprobs"":[-1.5352299213409424]},{""candidate"":""C"",""token_ids"":[34],""token_count"":1,""sequence_logprob"":-6.410229682922363,""mean_token_logprob"":-6.410229682922363,""token_logprobs"":[-6.410229682922363]},{""candidate"":""D"",""token_ids"":[35],""token_count"":1,""sequence_logprob"":-6.097729682922363,""mean_token_logprob"":-6.097729682922363,""token_logprobs"":[-6.097729682922363]},{""candidate"":""E"",""token_ids"":[36],""token_count"":1,""sequence_logprob"":-0.7852298617362976,""mean_token_logprob"":-0.7852298617362976,""token_logprobs"":[-0.7852298617362976]},{""candidate"":""F"",""token_ids"":[37],""token_count"":1,""sequence_logprob"":-3.9727299213409424,""mean_token_logprob"":-3.9727299213409424,""token_logprobs"":[-3.9727299213409424]},{""candidate"":""A"",""token_ids"":[32],""token_count"":1,""sequence_logprob"":-1.4102299213409424,""mean_token_logprob"":-1.4102299213409424,""token_logprobs"":[-1.4102299213409424]}]",E,false
861790,Trill,E,1,6,audio_icl_candidate,candidate,,"[{""candidate"":""B"",""token_ids"":[33],""token_count"":1,""sequence_logprob"":-1.4928466081619263,""mean_token_logprob"":-1.4928466081619263,""token_logprobs"":[-1.4928466081619263]},{""candidate"":""C"",""token_ids"":[34],""token_count"":1,""sequence_logprob"":-6.305346488952637,""mean_token_logprob"":-6.305346488952637,""token_logprobs"":[-6.305346488952637]},{""candidate"":""D"",""token_ids"":[35],""token_count"":1,""sequence_logprob"":-5.617846488952637,""mean_token_logprob"":-5.617846488952637,""token_logprobs"":[-5.617846488952637]},{""candidate"":""E"",""token_ids"":[36],""token_count"":1,""sequence_logprob"":-0.7428466081619263,""mean_token_logprob"":-0.7428466081619263,""token_logprobs"":[-0.7428466081619263]},{""candidate"":""F"",""token_ids"":[37],""token_count"":1,""sequence_logprob"":-4.492846488952637,""mean_token_logprob"":-4.492846488952637,""token_logprobs"":[-4.492846488952637]},{""candidate"":""A"",""token_ids"":[32],""token_count"":1,""sequence_logprob"":-1.6178466081619263,""mean_token_logprob"":-1.6178466081619263,""token_logprobs"":[-1.6178466081619263]}]",E,true
