event_id,target,target_output,support_k_per_class,support_k_total,method,readout,raw_prediction,candidate_scores_json,prediction,correct
31471,Tsik,A,0,0,audio_icl_candidate,candidate,,"[{""candidate"":""C"",""token_ids"":[34],""token_count"":1,""sequence_logprob"":-1.3255624771118164,""mean_token_logprob"":-1.3255624771118164,""token_logprobs"":[-1.3255624771118164]},{""candidate"":""D"",""token_ids"":[35],""token_count"":1,""sequence_logprob"":-3.5755624771118164,""mean_token_logprob"":-3.5755624771118164,""token_logprobs"":[-3.5755624771118164]},{""candidate"":""E"",""token_ids"":[36],""token_count"":1,""sequence_logprob"":-2.3880624771118164,""mean_token_logprob"":-2.3880624771118164,""token_logprobs"":[-2.3880624771118164]},{""candidate"":""F"",""token_ids"":[37],""token_count"":1,""sequence_logprob"":-5.263062477111816,""mean_token_logprob"":-5.263062477111816,""token_logprobs"":[-5.263062477111816]},{""candidate"":""A"",""token_ids"":[32],""token_count"":1,""sequence_logprob"":-1.1380624771118164,""mean_token_logprob"":-1.1380624771118164,""token_logprobs"":[-1.1380624771118164]},{""candidate"":""B"",""token_ids"":[33],""token_count"":1,""sequence_logprob"":-1.3255624771118164,""mean_token_logprob"":-1.3255624771118164,""token_logprobs"":[-1.3255624771118164]}]",A,true
31828,Seep,E,0,0,audio_icl_candidate,candidate,,"[{""candidate"":""C"",""token_ids"":[34],""token_count"":1,""sequence_logprob"":-1.5434017181396484,""mean_token_logprob"":-1.5434017181396484,""token_logprobs"":[-1.5434017181396484]},{""candidate"":""D"",""token_ids"":[35],""token_count"":1,""sequence_logprob"":-3.0434017181396484,""mean_token_logprob"":-3.0434017181396484,""token_logprobs"":[-3.0434017181396484]},{""candidate"":""E"",""token_ids"":[36],""token_count"":1,""sequence_logprob"":-1.9184017181396484,""mean_token_logprob"":-1.9184017181396484,""token_logprobs"":[-1.9184017181396484]},{""candidate"":""F"",""token_ids"":[37],""token_count"":1,""sequence_logprob"":-6.074651718139648,""mean_token_logprob"":-6.074651718139648,""token_logprobs"":[-6.074651718139648]},{""candidate"":""A"",""token_ids"":[32],""token_count"":1,""sequence_logprob"":-1.4184017181396484,""mean_token_logprob"":-1.4184017181396484,""token_logprobs"":[-1.4184017181396484]},{""candidate"":""B"",""token_ids"":[33],""token_count"":1,""sequence_logprob"":-1.1684017181396484,""mean_token_logprob"":-1.1684017181396484,""token_logprobs"":[-1.1684017181396484]}]",B,false
34756,Phee,D,0,0,audio_icl_candidate,candidate,,"[{""candidate"":""C"",""token_ids"":[34],""token_count"":1,""sequence_logprob"":-1.3134069442749023,""mean_token_logprob"":-1.3134069442749023,""token_logprobs"":[-1.3134069442749023]},{""candidate"":""D"",""token_ids"":[35],""token_count"":1,""sequence_logprob"":-3.2509069442749023,""mean_token_logprob"":-3.2509069442749023,""token_logprobs"":[-3.2509069442749023]},{""candidate"":""E"",""token_ids"":[36],""token_count"":1,""sequence_logprob"":-1.9384069442749023,""mean_token_logprob"":-1.9384069442749023,""token_logprobs"":[-1.9384069442749023]},{""candidate"":""F"",""token_ids"":[37],""token_count"":1,""sequence_logprob"":-5.438406944274902,""mean_token_logprob"":-5.438406944274902,""token_logprobs"":[-5.438406944274902]},{""candidate"":""A"",""token_ids"":[32],""token_count"":1,""sequence_logprob"":-1.4384069442749023,""mean_token_logprob"":-1.4384069442749023,""token_logprobs"":[-1.4384069442749023]},{""candidate"":""B"",""token_ids"":[33],""token_count"":1,""sequence_logprob"":-1.3134069442749023,""mean_token_logprob"":-1.3134069442749023,""token_logprobs"":[-1.3134069442749023]}]",C,false
36485,Phee,D,0,0,audio_icl_candidate,candidate,,"[{""candidate"":""C"",""token_ids"":[34],""token_count"":1,""sequence_logprob"":-1.5082520246505737,""mean_token_logprob"":-1.5082520246505737,""token_logprobs"":[-1.5082520246505737]},{""candidate"":""D"",""token_ids"":[35],""token_count"":1,""sequence_logprob"":-3.5082521438598633,""mean_token_logprob"":-3.5082521438598633,""token_logprobs"":[-3.5082521438598633]},{""candidate"":""E"",""token_ids"":[36],""token_count"":1,""sequence_logprob"":-1.8207520246505737,""mean_token_logprob"":-1.8207520246505737,""token_logprobs"":[-1.8207520246505737]},{""candidate"":""F"",""token_ids"":[37],""token_count"":1,""sequence_logprob"":-2.6332521438598633,""mean_token_logprob"":-2.6332521438598633,""token_logprobs"":[-2.6332521438598633]},{""candidate"":""A"",""token_ids"":[32],""token_count"":1,""sequence_logprob"":-1.4457520246505737,""mean_token_logprob"":-1.4457520246505737,""token_logprobs"":[-1.4457520246505737]},{""candidate"":""B"",""token_ids"":[33],""token_count"":1,""sequence_logprob"":-1.3832520246505737,""mean_token_logprob"":-1.3832520246505737,""token_logprobs"":[-1.3832520246505737]}]",B,false
36522,Twitter,B,0,0,audio_icl_candidate,candidate,,"[{""candidate"":""C"",""token_ids"":[34],""token_count"":1,""sequence_logprob"":-1.1453548669815063,""mean_token_logprob"":-1.1453548669815063,""token_logprobs"":[-1.1453548669815063]},{""candidate"":""D"",""token_ids"":[35],""token_count"":1,""sequence_logprob"":-3.457854747772217,""mean_token_logprob"":-3.457854747772217,""token_logprobs"":[-3.457854747772217]},{""candidate"":""E"",""token_ids"":[36],""token_count"":1,""sequence_logprob"":-2.207854747772217,""mean_token_logprob"":-2.207854747772217,""token_logprobs"":[-2.207854747772217]},{""candidate"":""F"",""token_ids"":[37],""token_count"":1,""sequence_logprob"":-2.770354747772217,""mean_token_logprob"":-2.770354747772217,""token_logprobs"":[-2.770354747772217]},{""candidate"":""A"",""token_ids"":[32],""token_count"":1,""sequence_logprob"":-1.4578548669815063,""mean_token_logprob"":-1.4578548669815063,""token_logprobs"":[-1.4578548669815063]},{""candidate"":""B"",""token_ids"":[33],""token_count"":1,""sequence_logprob"":-1.4578548669815063,""mean_token_logprob"":-1.4578548669815063,""token_logprobs"":[-1.4578548669815063]}]",C,false
405841,Infant Cry,C,0,0,audio_icl_candidate,candidate,,"[{""candidate"":""C"",""token_ids"":[34],""token_count"":1,""sequence_logprob"":-1.2830435037612915,""mean_token_logprob"":-1.2830435037612915,""token_logprobs"":[-1.2830435037612915]},{""candidate"":""D"",""token_ids"":[35],""token_count"":1,""sequence_logprob"":-3.908043384552002,""mean_token_logprob"":-3.908043384552002,""token_logprobs"":[-3.908043384552002]},{""candidate"":""E"",""token_ids"":[36],""token_count"":1,""sequence_logprob"":-1.8455435037612915,""mean_token_logprob"":-1.8455435037612915,""token_logprobs"":[-1.8455435037612915]},{""candidate"":""F"",""token_ids"":[37],""token_count"":1,""sequence_logprob"":-3.970543384552002,""mean_token_logprob"":-3.970543384552002,""token_logprobs"":[-3.970543384552002]},{""candidate"":""A"",""token_ids"":[32],""token_count"":1,""sequence_logprob"":-1.4705435037612915,""mean_token_logprob"":-1.4705435037612915,""token_logprobs"":[-1.4705435037612915]},{""candidate"":""B"",""token_ids"":[33],""token_count"":1,""sequence_logprob"":-1.3455435037612915,""mean_token_logprob"":-1.3455435037612915,""token_logprobs"":[-1.3455435037612915]}]",C,true
408631,Phee,D,0,0,audio_icl_candidate,candidate,,"[{""candidate"":""C"",""token_ids"":[34],""token_count"":1,""sequence_logprob"":-1.586656928062439,""mean_token_logprob"":-1.586656928062439,""token_logprobs"":[-1.586656928062439]},{""candidate"":""D"",""token_ids"":[35],""token_count"":1,""sequence_logprob"":-3.6491570472717285,""mean_token_logprob"":-3.6491570472717285,""token_logprobs"":[-3.6491570472717285]},{""candidate"":""E"",""token_ids"":[36],""token_count"":1,""sequence_logprob"":-1.961656928062439,""mean_token_logprob"":-1.961656928062439,""token_logprobs"":[-1.961656928062439]},{""candidate"":""F"",""token_ids"":[37],""token_count"":1,""sequence_logprob"":-2.0866570472717285,""mean_token_logprob"":-2.0866570472717285,""token_logprobs"":[-2.0866570472717285]},{""candidate"":""A"",""token_ids"":[32],""token_count"":1,""sequence_logprob"":-1.461656928062439,""mean_token_logprob"":-1.461656928062439,""token_logprobs"":[-1.461656928062439]},{""candidate"":""B"",""token_ids"":[33],""token_count"":1,""sequence_logprob"":-1.399156928062439,""mean_token_logprob"":-1.399156928062439,""token_logprobs"":[-1.399156928062439]}]",B,false
50919,Tsik,A,0,0,audio_icl_candidate,candidate,,"[{""candidate"":""C"",""token_ids"":[34],""token_count"":1,""sequence_logprob"":-1.2673659324645996,""mean_token_logprob"":-1.2673659324645996,""token_logprobs"":[-1.2673659324645996]},{""candidate"":""D"",""token_ids"":[35],""token_count"":1,""sequence_logprob"":-3.3298659324645996,""mean_token_logprob"":-3.3298659324645996,""token_logprobs"":[-3.3298659324645996]},{""candidate"":""E"",""token_ids"":[36],""token_count"":1,""sequence_logprob"":-1.7048659324645996,""mean_token_logprob"":-1.7048659324645996,""token_logprobs"":[-1.7048659324645996]},{""candidate"":""F"",""token_ids"":[37],""token_count"":1,""sequence_logprob"":-5.7986159324646,""mean_token_logprob"":-5.7986159324646,""token_logprobs"":[-5.7986159324646]},{""candidate"":""A"",""token_ids"":[32],""token_count"":1,""sequence_logprob"":-1.5173659324645996,""mean_token_logprob"":-1.5173659324645996,""token_logprobs"":[-1.5173659324645996]},{""candidate"":""B"",""token_ids"":[33],""token_count"":1,""sequence_logprob"":-1.3923659324645996,""mean_token_logprob"":-1.3923659324645996,""token_logprobs"":[-1.3923659324645996]}]",C,false
51436,Trill,F,0,0,audio_icl_candidate,candidate,,"[{""candidate"":""C"",""token_ids"":[34],""token_count"":1,""sequence_logprob"":-1.354876160621643,""mean_token_logprob"":-1.354876160621643,""token_logprobs"":[-1.354876160621643]},{""candidate"":""D"",""token_ids"":[35],""token_count"":1,""sequence_logprob"":-3.6048760414123535,""mean_token_logprob"":-3.6048760414123535,""token_logprobs"":[-3.6048760414123535]},{""candidate"":""E"",""token_ids"":[36],""token_count"":1,""sequence_logprob"":-2.0423760414123535,""mean_token_logprob"":-2.0423760414123535,""token_logprobs"":[-2.0423760414123535]},{""candidate"":""F"",""token_ids"":[37],""token_count"":1,""sequence_logprob"":-3.1048760414123535,""mean_token_logprob"":-3.1048760414123535,""token_logprobs"":[-3.1048760414123535]},{""candidate"":""A"",""token_ids"":[32],""token_count"":1,""sequence_logprob"":-1.479876160621643,""mean_token_logprob"":-1.479876160621643,""token_logprobs"":[-1.479876160621643]},{""candidate"":""B"",""token_ids"":[33],""token_count"":1,""sequence_logprob"":-1.292376160621643,""mean_token_logprob"":-1.292376160621643,""token_logprobs"":[-1.292376160621643]}]",B,false
517703,Trill,F,0,0,audio_icl_candidate,candidate,,"[{""candidate"":""C"",""token_ids"":[34],""token_count"":1,""sequence_logprob"":-1.6601485013961792,""mean_token_logprob"":-1.6601485013961792,""token_logprobs"":[-1.6601485013961792]},{""candidate"":""D"",""token_ids"":[35],""token_count"":1,""sequence_logprob"":-3.7851486206054688,""mean_token_logprob"":-3.7851486206054688,""token_logprobs"":[-3.7851486206054688]},{""candidate"":""E"",""token_ids"":[36],""token_count"":1,""sequence_logprob"":-1.9726485013961792,""mean_token_logprob"":-1.9726485013961792,""token_logprobs"":[-1.9726485013961792]},{""candidate"":""F"",""token_ids"":[37],""token_count"":1,""sequence_logprob"":-3.4101486206054688,""mean_token_logprob"":-3.4101486206054688,""token_logprobs"":[-3.4101486206054688]},{""candidate"":""A"",""token_ids"":[32],""token_count"":1,""sequence_logprob"":-1.4101485013961792,""mean_token_logprob"":-1.4101485013961792,""token_logprobs"":[-1.4101485013961792]},{""candidate"":""B"",""token_ids"":[33],""token_count"":1,""sequence_logprob"":-1.1601485013961792,""mean_token_logprob"":-1.1601485013961792,""token_logprobs"":[-1.1601485013961792]}]",B,false
518079,Phee,D,0,0,audio_icl_candidate,candidate,,"[{""candidate"":""C"",""token_ids"":[34],""token_count"":1,""sequence_logprob"":-1.2656501531600952,""mean_token_logprob"":-1.2656501531600952,""token_logprobs"":[-1.2656501531600952]},{""candidate"":""D"",""token_ids"":[35],""token_count"":1,""sequence_logprob"":-3.8281502723693848,""mean_token_logprob"":-3.8281502723693848,""token_logprobs"":[-3.8281502723693848]},{""candidate"":""E"",""token_ids"":[36],""token_count"":1,""sequence_logprob"":-1.8906501531600952,""mean_token_logprob"":-1.8906501531600952,""token_logprobs"":[-1.8906501531600952]},{""candidate"":""F"",""token_ids"":[37],""token_count"":1,""sequence_logprob"":-5.265650272369385,""mean_token_logprob"":-5.265650272369385,""token_logprobs"":[-5.265650272369385]},{""candidate"":""A"",""token_ids"":[32],""token_count"":1,""sequence_logprob"":-1.3906501531600952,""mean_token_logprob"":-1.3906501531600952,""token_logprobs"":[-1.3906501531600952]},{""candidate"":""B"",""token_ids"":[33],""token_count"":1,""sequence_logprob"":-1.3906501531600952,""mean_token_logprob"":-1.3906501531600952,""token_logprobs"":[-1.3906501531600952]}]",C,false
521545,Phee,D,0,0,audio_icl_candidate,candidate,,"[{""candidate"":""C"",""token_ids"":[34],""token_count"":1,""sequence_logprob"":-1.4087830781936646,""mean_token_logprob"":-1.4087830781936646,""token_logprobs"":[-1.4087830781936646]},{""candidate"":""D"",""token_ids"":[35],""token_count"":1,""sequence_logprob"":-4.033782958984375,""mean_token_logprob"":-4.033782958984375,""token_logprobs"":[-4.033782958984375]},{""candidate"":""E"",""token_ids"":[36],""token_count"":1,""sequence_logprob"":-1.8462830781936646,""mean_token_logprob"":-1.8462830781936646,""token_logprobs"":[-1.8462830781936646]},{""candidate"":""F"",""token_ids"":[37],""token_count"":1,""sequence_logprob"":-2.471282958984375,""mean_token_logprob"":-2.471282958984375,""token_logprobs"":[-2.471282958984375]},{""candidate"":""A"",""token_ids"":[32],""token_count"":1,""sequence_logprob"":-1.4712830781936646,""mean_token_logprob"":-1.4712830781936646,""token_logprobs"":[-1.4712830781936646]},{""candidate"":""B"",""token_ids"":[33],""token_count"":1,""sequence_logprob"":-1.4087830781936646,""mean_token_logprob"":-1.4087830781936646,""token_logprobs"":[-1.4087830781936646]}]",C,false
52861,Trill,F,0,0,audio_icl_candidate,candidate,,"[{""candidate"":""C"",""token_ids"":[34],""token_count"":1,""sequence_logprob"":-1.2988582849502563,""mean_token_logprob"":-1.2988582849502563,""token_logprobs"":[-1.2988582849502563]},{""candidate"":""D"",""token_ids"":[35],""token_count"":1,""sequence_logprob"":-3.486358165740967,""mean_token_logprob"":-3.486358165740967,""token_logprobs"":[-3.486358165740967]},{""candidate"":""E"",""token_ids"":[36],""token_count"":1,""sequence_logprob"":-2.111358165740967,""mean_token_logprob"":-2.111358165740967,""token_logprobs"":[-2.111358165740967]},{""candidate"":""F"",""token_ids"":[37],""token_count"":1,""sequence_logprob"":-2.861358165740967,""mean_token_logprob"":-2.861358165740967,""token_logprobs"":[-2.861358165740967]},{""candidate"":""A"",""token_ids"":[32],""token_count"":1,""sequence_logprob"":-1.4863582849502563,""mean_token_logprob"":-1.4863582849502563,""token_logprobs"":[-1.4863582849502563]},{""candidate"":""B"",""token_ids"":[33],""token_count"":1,""sequence_logprob"":-1.3613582849502563,""mean_token_logprob"":-1.3613582849502563,""token_logprobs"":[-1.3613582849502563]}]",C,false
533988,Seep,E,0,0,audio_icl_candidate,candidate,,"[{""candidate"":""C"",""token_ids"":[34],""token_count"":1,""sequence_logprob"":-1.3314114809036255,""mean_token_logprob"":-1.3314114809036255,""token_logprobs"":[-1.3314114809036255]},{""candidate"":""D"",""token_ids"":[35],""token_count"":1,""sequence_logprob"":-3.831411361694336,""mean_token_logprob"":-3.831411361694336,""token_logprobs"":[-3.831411361694336]},{""candidate"":""E"",""token_ids"":[36],""token_count"":1,""sequence_logprob"":-1.9564114809036255,""mean_token_logprob"":-1.9564114809036255,""token_logprobs"":[-1.9564114809036255]},{""candidate"":""F"",""token_ids"":[37],""token_count"":1,""sequence_logprob"":-2.831411361694336,""mean_token_logprob"":-2.831411361694336,""token_logprobs"":[-2.831411361694336]},{""candidate"":""A"",""token_ids"":[32],""token_count"":1,""sequence_logprob"":-1.4564114809036255,""mean_token_logprob"":-1.4564114809036255,""token_logprobs"":[-1.4564114809036255]},{""candidate"":""B"",""token_ids"":[33],""token_count"":1,""sequence_logprob"":-1.3939114809036255,""mean_token_logprob"":-1.3939114809036255,""token_logprobs"":[-1.3939114809036255]}]",C,false
54180,Phee,D,0,0,audio_icl_candidate,candidate,,"[{""candidate"":""C"",""token_ids"":[34],""token_count"":1,""sequence_logprob"":-1.4349013566970825,""mean_token_logprob"":-1.4349013566970825,""token_logprobs"":[-1.4349013566970825]},{""candidate"":""D"",""token_ids"":[35],""token_count"":1,""sequence_logprob"":-3.872401237487793,""mean_token_logprob"":-3.872401237487793,""token_logprobs"":[-3.872401237487793]},{""candidate"":""E"",""token_ids"":[36],""token_count"":1,""sequence_logprob"":-1.8724013566970825,""mean_token_logprob"":-1.8724013566970825,""token_logprobs"":[-1.8724013566970825]},{""candidate"":""F"",""token_ids"":[37],""token_count"":1,""sequence_logprob"":-2.747401237487793,""mean_token_logprob"":-2.747401237487793,""token_logprobs"":[-2.747401237487793]},{""candidate"":""A"",""token_ids"":[32],""token_count"":1,""sequence_logprob"":-1.4974013566970825,""mean_token_logprob"":-1.4974013566970825,""token_logprobs"":[-1.4974013566970825]},{""candidate"":""B"",""token_ids"":[33],""token_count"":1,""sequence_logprob"":-1.3099013566970825,""mean_token_logprob"":-1.3099013566970825,""token_logprobs"":[-1.3099013566970825]}]",B,false
547929,Twitter,B,0,0,audio_icl_candidate,candidate,,"[{""candidate"":""C"",""token_ids"":[34],""token_count"":1,""sequence_logprob"":-1.4595304727554321,""mean_token_logprob"":-1.4595304727554321,""token_logprobs"":[-1.4595304727554321]},{""candidate"":""D"",""token_ids"":[35],""token_count"":1,""sequence_logprob"":-3.3345303535461426,""mean_token_logprob"":-3.3345303535461426,""token_logprobs"":[-3.3345303535461426]},{""candidate"":""E"",""token_ids"":[36],""token_count"":1,""sequence_logprob"":-1.9595304727554321,""mean_token_logprob"":-1.9595304727554321,""token_logprobs"":[-1.9595304727554321]},{""candidate"":""F"",""token_ids"":[37],""token_count"":1,""sequence_logprob"":-2.7720303535461426,""mean_token_logprob"":-2.7720303535461426,""token_logprobs"":[-2.7720303535461426]},{""candidate"":""A"",""token_ids"":[32],""token_count"":1,""sequence_logprob"":-1.3970304727554321,""mean_token_logprob"":-1.3970304727554321,""token_logprobs"":[-1.3970304727554321]},{""candidate"":""B"",""token_ids"":[33],""token_count"":1,""sequence_logprob"":-1.3345304727554321,""mean_token_logprob"":-1.3345304727554321,""token_logprobs"":[-1.3345304727554321]}]",B,true
547992,Phee,D,0,0,audio_icl_candidate,candidate,,"[{""candidate"":""C"",""token_ids"":[34],""token_count"":1,""sequence_logprob"":-1.5203129053115845,""mean_token_logprob"":-1.5203129053115845,""token_logprobs"":[-1.5203129053115845]},{""candidate"":""D"",""token_ids"":[35],""token_count"":1,""sequence_logprob"":-3.582812786102295,""mean_token_logprob"":-3.582812786102295,""token_logprobs"":[-3.582812786102295]},{""candidate"":""E"",""token_ids"":[36],""token_count"":1,""sequence_logprob"":-1.8328129053115845,""mean_token_logprob"":-1.8328129053115845,""token_logprobs"":[-1.8328129053115845]},{""candidate"":""F"",""token_ids"":[37],""token_count"":1,""sequence_logprob"":-2.582812786102295,""mean_token_logprob"":-2.582812786102295,""token_logprobs"":[-2.582812786102295]},{""candidate"":""A"",""token_ids"":[32],""token_count"":1,""sequence_logprob"":-1.3953129053115845,""mean_token_logprob"":-1.3953129053115845,""token_logprobs"":[-1.3953129053115845]},{""candidate"":""B"",""token_ids"":[33],""token_count"":1,""sequence_logprob"":-1.4578129053115845,""mean_token_logprob"":-1.4578129053115845,""token_logprobs"":[-1.4578129053115845]}]",A,false
548798,Trill,F,0,0,audio_icl_candidate,candidate,,"[{""candidate"":""C"",""token_ids"":[34],""token_count"":1,""sequence_logprob"":-1.1865135431289673,""mean_token_logprob"":-1.1865135431289673,""token_logprobs"":[-1.1865135431289673]},{""candidate"":""D"",""token_ids"":[35],""token_count"":1,""sequence_logprob"":-3.3115134239196777,""mean_token_logprob"":-3.3115134239196777,""token_logprobs"":[-3.3115134239196777]},{""candidate"":""E"",""token_ids"":[36],""token_count"":1,""sequence_logprob"":-2.1240134239196777,""mean_token_logprob"":-2.1240134239196777,""token_logprobs"":[-2.1240134239196777]},{""candidate"":""F"",""token_ids"":[37],""token_count"":1,""sequence_logprob"":-3.5615134239196777,""mean_token_logprob"":-3.5615134239196777,""token_logprobs"":[-3.5615134239196777]},{""candidate"":""A"",""token_ids"":[32],""token_count"":1,""sequence_logprob"":-1.4990135431289673,""mean_token_logprob"":-1.4990135431289673,""token_logprobs"":[-1.4990135431289673]},{""candidate"":""B"",""token_ids"":[33],""token_count"":1,""sequence_logprob"":-1.3740135431289673,""mean_token_logprob"":-1.3740135431289673,""token_logprobs"":[-1.3740135431289673]}]",C,false
56195,Trill,F,0,0,audio_icl_candidate,candidate,,"[{""candidate"":""C"",""token_ids"":[34],""token_count"":1,""sequence_logprob"":-1.4266157150268555,""mean_token_logprob"":-1.4266157150268555,""token_logprobs"":[-1.4266157150268555]},{""candidate"":""D"",""token_ids"":[35],""token_count"":1,""sequence_logprob"":-3.8016157150268555,""mean_token_logprob"":-3.8016157150268555,""token_logprobs"":[-3.8016157150268555]},{""candidate"":""E"",""token_ids"":[36],""token_count"":1,""sequence_logprob"":-1.9891157150268555,""mean_token_logprob"":-1.9891157150268555,""token_logprobs"":[-1.9891157150268555]},{""candidate"":""F"",""token_ids"":[37],""token_count"":1,""sequence_logprob"":-3.1141157150268555,""mean_token_logprob"":-3.1141157150268555,""token_logprobs"":[-3.1141157150268555]},{""candidate"":""A"",""token_ids"":[32],""token_count"":1,""sequence_logprob"":-1.3641157150268555,""mean_token_logprob"":-1.3641157150268555,""token_logprobs"":[-1.3641157150268555]},{""candidate"":""B"",""token_ids"":[33],""token_count"":1,""sequence_logprob"":-1.3641157150268555,""mean_token_logprob"":-1.3641157150268555,""token_logprobs"":[-1.3641157150268555]}]",A,false
580149,Trill,F,0,0,audio_icl_candidate,candidate,,"[{""candidate"":""C"",""token_ids"":[34],""token_count"":1,""sequence_logprob"":-1.1687092781066895,""mean_token_logprob"":-1.1687092781066895,""token_logprobs"":[-1.1687092781066895]},{""candidate"":""D"",""token_ids"":[35],""token_count"":1,""sequence_logprob"":-3.7312092781066895,""mean_token_logprob"":-3.7312092781066895,""token_logprobs"":[-3.7312092781066895]},{""candidate"":""E"",""token_ids"":[36],""token_count"":1,""sequence_logprob"":-1.9187092781066895,""mean_token_logprob"":-1.9187092781066895,""token_logprobs"":[-1.9187092781066895]},{""candidate"":""F"",""token_ids"":[37],""token_count"":1,""sequence_logprob"":-6.1999592781066895,""mean_token_logprob"":-6.1999592781066895,""token_logprobs"":[-6.1999592781066895]},{""candidate"":""A"",""token_ids"":[32],""token_count"":1,""sequence_logprob"":-1.4187092781066895,""mean_token_logprob"":-1.4187092781066895,""token_logprobs"":[-1.4187092781066895]},{""candidate"":""B"",""token_ids"":[33],""token_count"":1,""sequence_logprob"":-1.4812092781066895,""mean_token_logprob"":-1.4812092781066895,""token_logprobs"":[-1.4812092781066895]}]",C,false
580352,Phee,D,0,0,audio_icl_candidate,candidate,,"[{""candidate"":""C"",""token_ids"":[34],""token_count"":1,""sequence_logprob"":-1.414978265762329,""mean_token_logprob"":-1.414978265762329,""token_logprobs"":[-1.414978265762329]},{""candidate"":""D"",""token_ids"":[35],""token_count"":1,""sequence_logprob"":-3.414978265762329,""mean_token_logprob"":-3.414978265762329,""token_logprobs"":[-3.414978265762329]},{""candidate"":""E"",""token_ids"":[36],""token_count"":1,""sequence_logprob"":-1.727478265762329,""mean_token_logprob"":-1.727478265762329,""token_logprobs"":[-1.727478265762329]},{""candidate"":""F"",""token_ids"":[37],""token_count"":1,""sequence_logprob"":-5.82122802734375,""mean_token_logprob"":-5.82122802734375,""token_logprobs"":[-5.82122802734375]},{""candidate"":""A"",""token_ids"":[32],""token_count"":1,""sequence_logprob"":-1.414978265762329,""mean_token_logprob"":-1.414978265762329,""token_logprobs"":[-1.414978265762329]},{""candidate"":""B"",""token_ids"":[33],""token_count"":1,""sequence_logprob"":-1.352478265762329,""mean_token_logprob"":-1.352478265762329,""token_logprobs"":[-1.352478265762329]}]",B,false
590590,Phee,D,0,0,audio_icl_candidate,candidate,,"[{""candidate"":""C"",""token_ids"":[34],""token_count"":1,""sequence_logprob"":-1.5511300563812256,""mean_token_logprob"":-1.5511300563812256,""token_logprobs"":[-1.5511300563812256]},{""candidate"":""D"",""token_ids"":[35],""token_count"":1,""sequence_logprob"":-3.3636300563812256,""mean_token_logprob"":-3.3636300563812256,""token_logprobs"":[-3.3636300563812256]},{""candidate"":""E"",""token_ids"":[36],""token_count"":1,""sequence_logprob"":-1.9261300563812256,""mean_token_logprob"":-1.9261300563812256,""token_logprobs"":[-1.9261300563812256]},{""candidate"":""F"",""token_ids"":[37],""token_count"":1,""sequence_logprob"":-2.1761300563812256,""mean_token_logprob"":-2.1761300563812256,""token_logprobs"":[-2.1761300563812256]},{""candidate"":""A"",""token_ids"":[32],""token_count"":1,""sequence_logprob"":-1.5511300563812256,""mean_token_logprob"":-1.5511300563812256,""token_logprobs"":[-1.5511300563812256]},{""candidate"":""B"",""token_ids"":[33],""token_count"":1,""sequence_logprob"":-1.3636300563812256,""mean_token_logprob"":-1.3636300563812256,""token_logprobs"":[-1.3636300563812256]}]",B,false
592253,Trill,F,0,0,audio_icl_candidate,candidate,,"[{""candidate"":""C"",""token_ids"":[34],""token_count"":1,""sequence_logprob"":-1.4367644786834717,""mean_token_logprob"":-1.4367644786834717,""token_logprobs"":[-1.4367644786834717]},{""candidate"":""D"",""token_ids"":[35],""token_count"":1,""sequence_logprob"":-3.3742644786834717,""mean_token_logprob"":-3.3742644786834717,""token_logprobs"":[-3.3742644786834717]},{""candidate"":""E"",""token_ids"":[36],""token_count"":1,""sequence_logprob"":-1.9367644786834717,""mean_token_logprob"":-1.9367644786834717,""token_logprobs"":[-1.9367644786834717]},{""candidate"":""F"",""token_ids"":[37],""token_count"":1,""sequence_logprob"":-3.4367644786834717,""mean_token_logprob"":-3.4367644786834717,""token_logprobs"":[-3.4367644786834717]},{""candidate"":""A"",""token_ids"":[32],""token_count"":1,""sequence_logprob"":-1.4367644786834717,""mean_token_logprob"":-1.4367644786834717,""token_logprobs"":[-1.4367644786834717]},{""candidate"":""B"",""token_ids"":[33],""token_count"":1,""sequence_logprob"":-1.3117644786834717,""mean_token_logprob"":-1.3117644786834717,""token_logprobs"":[-1.3117644786834717]}]",B,false
592286,Twitter,B,0,0,audio_icl_candidate,candidate,,"[{""candidate"":""C"",""token_ids"":[34],""token_count"":1,""sequence_logprob"":-1.0290727615356445,""mean_token_logprob"":-1.0290727615356445,""token_logprobs"":[-1.0290727615356445]},{""candidate"":""D"",""token_ids"":[35],""token_count"":1,""sequence_logprob"":-4.4665727615356445,""mean_token_logprob"":-4.4665727615356445,""token_logprobs"":[-4.4665727615356445]},{""candidate"":""E"",""token_ids"":[36],""token_count"":1,""sequence_logprob"":-2.2790727615356445,""mean_token_logprob"":-2.2790727615356445,""token_logprobs"":[-2.2790727615356445]},{""candidate"":""F"",""token_ids"":[37],""token_count"":1,""sequence_logprob"":-6.1228227615356445,""mean_token_logprob"":-6.1228227615356445,""token_logprobs"":[-6.1228227615356445]},{""candidate"":""A"",""token_ids"":[32],""token_count"":1,""sequence_logprob"":-1.3415727615356445,""mean_token_logprob"":-1.3415727615356445,""token_logprobs"":[-1.3415727615356445]},{""candidate"":""B"",""token_ids"":[33],""token_count"":1,""sequence_logprob"":-1.5290727615356445,""mean_token_logprob"":-1.5290727615356445,""token_logprobs"":[-1.5290727615356445]}]",C,false
595018,Trill,F,0,0,audio_icl_candidate,candidate,,"[{""candidate"":""C"",""token_ids"":[34],""token_count"":1,""sequence_logprob"":-1.126435399055481,""mean_token_logprob"":-1.126435399055481,""token_logprobs"":[-1.126435399055481]},{""candidate"":""D"",""token_ids"":[35],""token_count"":1,""sequence_logprob"":-3.8764352798461914,""mean_token_logprob"":-3.8764352798461914,""token_logprobs"":[-3.8764352798461914]},{""candidate"":""E"",""token_ids"":[36],""token_count"":1,""sequence_logprob"":-2.1264352798461914,""mean_token_logprob"":-2.1264352798461914,""token_logprobs"":[-2.1264352798461914]},{""candidate"":""F"",""token_ids"":[37],""token_count"":1,""sequence_logprob"":-3.6264352798461914,""mean_token_logprob"":-3.6264352798461914,""token_logprobs"":[-3.6264352798461914]},{""candidate"":""A"",""token_ids"":[32],""token_count"":1,""sequence_logprob"":-1.501435399055481,""mean_token_logprob"":-1.501435399055481,""token_logprobs"":[-1.501435399055481]},{""candidate"":""B"",""token_ids"":[33],""token_count"":1,""sequence_logprob"":-1.376435399055481,""mean_token_logprob"":-1.376435399055481,""token_logprobs"":[-1.376435399055481]}]",C,false
598116,Twitter,B,0,0,audio_icl_candidate,candidate,,"[{""candidate"":""C"",""token_ids"":[34],""token_count"":1,""sequence_logprob"":-1.287516474723816,""mean_token_logprob"":-1.287516474723816,""token_logprobs"":[-1.287516474723816]},{""candidate"":""D"",""token_ids"":[35],""token_count"":1,""sequence_logprob"":-3.6625165939331055,""mean_token_logprob"":-3.6625165939331055,""token_logprobs"":[-3.6625165939331055]},{""candidate"":""E"",""token_ids"":[36],""token_count"":1,""sequence_logprob"":-1.912516474723816,""mean_token_logprob"":-1.912516474723816,""token_logprobs"":[-1.912516474723816]},{""candidate"":""F"",""token_ids"":[37],""token_count"":1,""sequence_logprob"":-3.5375165939331055,""mean_token_logprob"":-3.5375165939331055,""token_logprobs"":[-3.5375165939331055]},{""candidate"":""A"",""token_ids"":[32],""token_count"":1,""sequence_logprob"":-1.412516474723816,""mean_token_logprob"":-1.412516474723816,""token_logprobs"":[-1.412516474723816]},{""candidate"":""B"",""token_ids"":[33],""token_count"":1,""sequence_logprob"":-1.412516474723816,""mean_token_logprob"":-1.412516474723816,""token_logprobs"":[-1.412516474723816]}]",C,false
598781,Twitter,B,0,0,audio_icl_candidate,candidate,,"[{""candidate"":""C"",""token_ids"":[34],""token_count"":1,""sequence_logprob"":-1.340625286102295,""mean_token_logprob"":-1.340625286102295,""token_logprobs"":[-1.340625286102295]},{""candidate"":""D"",""token_ids"":[35],""token_count"":1,""sequence_logprob"":-3.465625286102295,""mean_token_logprob"":-3.465625286102295,""token_logprobs"":[-3.465625286102295]},{""candidate"":""E"",""token_ids"":[36],""token_count"":1,""sequence_logprob"":-2.090625286102295,""mean_token_logprob"":-2.090625286102295,""token_logprobs"":[-2.090625286102295]},{""candidate"":""F"",""token_ids"":[37],""token_count"":1,""sequence_logprob"":-3.653125286102295,""mean_token_logprob"":-3.653125286102295,""token_logprobs"":[-3.653125286102295]},{""candidate"":""A"",""token_ids"":[32],""token_count"":1,""sequence_logprob"":-1.340625286102295,""mean_token_logprob"":-1.340625286102295,""token_logprobs"":[-1.340625286102295]},{""candidate"":""B"",""token_ids"":[33],""token_count"":1,""sequence_logprob"":-1.340625286102295,""mean_token_logprob"":-1.340625286102295,""token_logprobs"":[-1.340625286102295]}]",C,false
609454,Infant Cry,C,0,0,audio_icl_candidate,candidate,,"[{""candidate"":""C"",""token_ids"":[34],""token_count"":1,""sequence_logprob"":-1.4290452003479004,""mean_token_logprob"":-1.4290452003479004,""token_logprobs"":[-1.4290452003479004]},{""candidate"":""D"",""token_ids"":[35],""token_count"":1,""sequence_logprob"":-3.7415452003479004,""mean_token_logprob"":-3.7415452003479004,""token_logprobs"":[-3.7415452003479004]},{""candidate"":""E"",""token_ids"":[36],""token_count"":1,""sequence_logprob"":-1.8665452003479004,""mean_token_logprob"":-1.8665452003479004,""token_logprobs"":[-1.8665452003479004]},{""candidate"":""F"",""token_ids"":[37],""token_count"":1,""sequence_logprob"":-4.0540452003479,""mean_token_logprob"":-4.0540452003479,""token_logprobs"":[-4.0540452003479]},{""candidate"":""A"",""token_ids"":[32],""token_count"":1,""sequence_logprob"":-1.3665452003479004,""mean_token_logprob"":-1.3665452003479004,""token_logprobs"":[-1.3665452003479004]},{""candidate"":""B"",""token_ids"":[33],""token_count"":1,""sequence_logprob"":-1.3040452003479004,""mean_token_logprob"":-1.3040452003479004,""token_logprobs"":[-1.3040452003479004]}]",B,false
610080,Tsik,A,0,0,audio_icl_candidate,candidate,,"[{""candidate"":""C"",""token_ids"":[34],""token_count"":1,""sequence_logprob"":-1.281653642654419,""mean_token_logprob"":-1.281653642654419,""token_logprobs"":[-1.281653642654419]},{""candidate"":""D"",""token_ids"":[35],""token_count"":1,""sequence_logprob"":-3.656653642654419,""mean_token_logprob"":-3.656653642654419,""token_logprobs"":[-3.656653642654419]},{""candidate"":""E"",""token_ids"":[36],""token_count"":1,""sequence_logprob"":-1.906653642654419,""mean_token_logprob"":-1.906653642654419,""token_logprobs"":[-1.906653642654419]},{""candidate"":""F"",""token_ids"":[37],""token_count"":1,""sequence_logprob"":-4.34415340423584,""mean_token_logprob"":-4.34415340423584,""token_logprobs"":[-4.34415340423584]},{""candidate"":""A"",""token_ids"":[32],""token_count"":1,""sequence_logprob"":-1.406653642654419,""mean_token_logprob"":-1.406653642654419,""token_logprobs"":[-1.406653642654419]},{""candidate"":""B"",""token_ids"":[33],""token_count"":1,""sequence_logprob"":-1.344153642654419,""mean_token_logprob"":-1.344153642654419,""token_logprobs"":[-1.344153642654419]}]",C,false
614582,Tsik,A,0,0,audio_icl_candidate,candidate,,"[{""candidate"":""C"",""token_ids"":[34],""token_count"":1,""sequence_logprob"":-1.2435282468795776,""mean_token_logprob"":-1.2435282468795776,""token_logprobs"":[-1.2435282468795776]},{""candidate"":""D"",""token_ids"":[35],""token_count"":1,""sequence_logprob"":-3.931028366088867,""mean_token_logprob"":-3.931028366088867,""token_logprobs"":[-3.931028366088867]},{""candidate"":""E"",""token_ids"":[36],""token_count"":1,""sequence_logprob"":-2.118528366088867,""mean_token_logprob"":-2.118528366088867,""token_logprobs"":[-2.118528366088867]},{""candidate"":""F"",""token_ids"":[37],""token_count"":1,""sequence_logprob"":-3.868528366088867,""mean_token_logprob"":-3.868528366088867,""token_logprobs"":[-3.868528366088867]},{""candidate"":""A"",""token_ids"":[32],""token_count"":1,""sequence_logprob"":-1.3060282468795776,""mean_token_logprob"":-1.3060282468795776,""token_logprobs"":[-1.3060282468795776]},{""candidate"":""B"",""token_ids"":[33],""token_count"":1,""sequence_logprob"":-1.3685282468795776,""mean_token_logprob"":-1.3685282468795776,""token_logprobs"":[-1.3685282468795776]}]",C,false
614794,Tsik,A,0,0,audio_icl_candidate,candidate,,"[{""candidate"":""C"",""token_ids"":[34],""token_count"":1,""sequence_logprob"":-1.4334250688552856,""mean_token_logprob"":-1.4334250688552856,""token_logprobs"":[-1.4334250688552856]},{""candidate"":""D"",""token_ids"":[35],""token_count"":1,""sequence_logprob"":-3.120924949645996,""mean_token_logprob"":-3.120924949645996,""token_logprobs"":[-3.120924949645996]},{""candidate"":""E"",""token_ids"":[36],""token_count"":1,""sequence_logprob"":-2.058424949645996,""mean_token_logprob"":-2.058424949645996,""token_logprobs"":[-2.058424949645996]},{""candidate"":""F"",""token_ids"":[37],""token_count"":1,""sequence_logprob"":-4.620924949645996,""mean_token_logprob"":-4.620924949645996,""token_logprobs"":[-4.620924949645996]},{""candidate"":""A"",""token_ids"":[32],""token_count"":1,""sequence_logprob"":-1.2459250688552856,""mean_token_logprob"":-1.2459250688552856,""token_logprobs"":[-1.2459250688552856]},{""candidate"":""B"",""token_ids"":[33],""token_count"":1,""sequence_logprob"":-1.3084250688552856,""mean_token_logprob"":-1.3084250688552856,""token_logprobs"":[-1.3084250688552856]}]",A,true
622260,Twitter,B,0,0,audio_icl_candidate,candidate,,"[{""candidate"":""C"",""token_ids"":[34],""token_count"":1,""sequence_logprob"":-1.5460630655288696,""mean_token_logprob"":-1.5460630655288696,""token_logprobs"":[-1.5460630655288696]},{""candidate"":""D"",""token_ids"":[35],""token_count"":1,""sequence_logprob"":-2.92106294631958,""mean_token_logprob"":-2.92106294631958,""token_logprobs"":[-2.92106294631958]},{""candidate"":""E"",""token_ids"":[36],""token_count"":1,""sequence_logprob"":-1.9210630655288696,""mean_token_logprob"":-1.9210630655288696,""token_logprobs"":[-1.9210630655288696]},{""candidate"":""F"",""token_ids"":[37],""token_count"":1,""sequence_logprob"":-3.10856294631958,""mean_token_logprob"":-3.10856294631958,""token_logprobs"":[-3.10856294631958]},{""candidate"":""A"",""token_ids"":[32],""token_count"":1,""sequence_logprob"":-1.4210630655288696,""mean_token_logprob"":-1.4210630655288696,""token_logprobs"":[-1.4210630655288696]},{""candidate"":""B"",""token_ids"":[33],""token_count"":1,""sequence_logprob"":-1.2960630655288696,""mean_token_logprob"":-1.2960630655288696,""token_logprobs"":[-1.2960630655288696]}]",B,true
622312,Tsik,A,0,0,audio_icl_candidate,candidate,,"[{""candidate"":""C"",""token_ids"":[34],""token_count"":1,""sequence_logprob"":-1.293604850769043,""mean_token_logprob"":-1.293604850769043,""token_logprobs"":[-1.293604850769043]},{""candidate"":""D"",""token_ids"":[35],""token_count"":1,""sequence_logprob"":-3.606104850769043,""mean_token_logprob"":-3.606104850769043,""token_logprobs"":[-3.606104850769043]},{""candidate"":""E"",""token_ids"":[36],""token_count"":1,""sequence_logprob"":-1.856104850769043,""mean_token_logprob"":-1.856104850769043,""token_logprobs"":[-1.856104850769043]},{""candidate"":""F"",""token_ids"":[37],""token_count"":1,""sequence_logprob"":-5.668604850769043,""mean_token_logprob"":-5.668604850769043,""token_logprobs"":[-5.668604850769043]},{""candidate"":""A"",""token_ids"":[32],""token_count"":1,""sequence_logprob"":-1.356104850769043,""mean_token_logprob"":-1.356104850769043,""token_logprobs"":[-1.356104850769043]},{""candidate"":""B"",""token_ids"":[33],""token_count"":1,""sequence_logprob"":-1.356104850769043,""mean_token_logprob"":-1.356104850769043,""token_logprobs"":[-1.356104850769043]}]",C,false
622320,Trill,F,0,0,audio_icl_candidate,candidate,,"[{""candidate"":""C"",""token_ids"":[34],""token_count"":1,""sequence_logprob"":-1.396126627922058,""mean_token_logprob"":-1.396126627922058,""token_logprobs"":[-1.396126627922058]},{""candidate"":""D"",""token_ids"":[35],""token_count"":1,""sequence_logprob"":-3.5211267471313477,""mean_token_logprob"":-3.5211267471313477,""token_logprobs"":[-3.5211267471313477]},{""candidate"":""E"",""token_ids"":[36],""token_count"":1,""sequence_logprob"":-2.1461267471313477,""mean_token_logprob"":-2.1461267471313477,""token_logprobs"":[-2.1461267471313477]},{""candidate"":""F"",""token_ids"":[37],""token_count"":1,""sequence_logprob"":-2.0211267471313477,""mean_token_logprob"":-2.0211267471313477,""token_logprobs"":[-2.0211267471313477]},{""candidate"":""A"",""token_ids"":[32],""token_count"":1,""sequence_logprob"":-1.583626627922058,""mean_token_logprob"":-1.583626627922058,""token_logprobs"":[-1.583626627922058]},{""candidate"":""B"",""token_ids"":[33],""token_count"":1,""sequence_logprob"":-1.396126627922058,""mean_token_logprob"":-1.396126627922058,""token_logprobs"":[-1.396126627922058]}]",C,false
622417,Seep,E,0,0,audio_icl_candidate,candidate,,"[{""candidate"":""C"",""token_ids"":[34],""token_count"":1,""sequence_logprob"":-1.3062705993652344,""mean_token_logprob"":-1.3062705993652344,""token_logprobs"":[-1.3062705993652344]},{""candidate"":""D"",""token_ids"":[35],""token_count"":1,""sequence_logprob"":-3.6812705993652344,""mean_token_logprob"":-3.6812705993652344,""token_logprobs"":[-3.6812705993652344]},{""candidate"":""E"",""token_ids"":[36],""token_count"":1,""sequence_logprob"":-1.8062705993652344,""mean_token_logprob"":-1.8062705993652344,""token_logprobs"":[-1.8062705993652344]},{""candidate"":""F"",""token_ids"":[37],""token_count"":1,""sequence_logprob"":-6.181270599365234,""mean_token_logprob"":-6.181270599365234,""token_logprobs"":[-6.181270599365234]},{""candidate"":""A"",""token_ids"":[32],""token_count"":1,""sequence_logprob"":-1.4312705993652344,""mean_token_logprob"":-1.4312705993652344,""token_logprobs"":[-1.4312705993652344]},{""candidate"":""B"",""token_ids"":[33],""token_count"":1,""sequence_logprob"":-1.3687705993652344,""mean_token_logprob"":-1.3687705993652344,""token_logprobs"":[-1.3687705993652344]}]",C,false
622758,Twitter,B,0,0,audio_icl_candidate,candidate,,"[{""candidate"":""C"",""token_ids"":[34],""token_count"":1,""sequence_logprob"":-1.296607494354248,""mean_token_logprob"":-1.296607494354248,""token_logprobs"":[-1.296607494354248]},{""candidate"":""D"",""token_ids"":[35],""token_count"":1,""sequence_logprob"":-2.984107494354248,""mean_token_logprob"":-2.984107494354248,""token_logprobs"":[-2.984107494354248]},{""candidate"":""E"",""token_ids"":[36],""token_count"":1,""sequence_logprob"":-2.046607494354248,""mean_token_logprob"":-2.046607494354248,""token_logprobs"":[-2.046607494354248]},{""candidate"":""F"",""token_ids"":[37],""token_count"":1,""sequence_logprob"":-6.046607494354248,""mean_token_logprob"":-6.046607494354248,""token_logprobs"":[-6.046607494354248]},{""candidate"":""A"",""token_ids"":[32],""token_count"":1,""sequence_logprob"":-1.421607494354248,""mean_token_logprob"":-1.421607494354248,""token_logprobs"":[-1.421607494354248]},{""candidate"":""B"",""token_ids"":[33],""token_count"":1,""sequence_logprob"":-1.359107494354248,""mean_token_logprob"":-1.359107494354248,""token_logprobs"":[-1.359107494354248]}]",C,false
623382,Seep,E,0,0,audio_icl_candidate,candidate,,"[{""candidate"":""C"",""token_ids"":[34],""token_count"":1,""sequence_logprob"":-1.3915797472000122,""mean_token_logprob"":-1.3915797472000122,""token_logprobs"":[-1.3915797472000122]},{""candidate"":""D"",""token_ids"":[35],""token_count"":1,""sequence_logprob"":-3.3915796279907227,""mean_token_logprob"":-3.3915796279907227,""token_logprobs"":[-3.3915796279907227]},{""candidate"":""E"",""token_ids"":[36],""token_count"":1,""sequence_logprob"":-1.8915797472000122,""mean_token_logprob"":-1.8915797472000122,""token_logprobs"":[-1.8915797472000122]},{""candidate"":""F"",""token_ids"":[37],""token_count"":1,""sequence_logprob"":-6.422829627990723,""mean_token_logprob"":-6.422829627990723,""token_logprobs"":[-6.422829627990723]},{""candidate"":""A"",""token_ids"":[32],""token_count"":1,""sequence_logprob"":-1.2040797472000122,""mean_token_logprob"":-1.2040797472000122,""token_logprobs"":[-1.2040797472000122]},{""candidate"":""B"",""token_ids"":[33],""token_count"":1,""sequence_logprob"":-1.4540797472000122,""mean_token_logprob"":-1.4540797472000122,""token_logprobs"":[-1.4540797472000122]}]",A,false
623573,Twitter,B,0,0,audio_icl_candidate,candidate,,"[{""candidate"":""C"",""token_ids"":[34],""token_count"":1,""sequence_logprob"":-1.2075929641723633,""mean_token_logprob"":-1.2075929641723633,""token_logprobs"":[-1.2075929641723633]},{""candidate"":""D"",""token_ids"":[35],""token_count"":1,""sequence_logprob"":-3.5825929641723633,""mean_token_logprob"":-3.5825929641723633,""token_logprobs"":[-3.5825929641723633]},{""candidate"":""E"",""token_ids"":[36],""token_count"":1,""sequence_logprob"":-1.9575929641723633,""mean_token_logprob"":-1.9575929641723633,""token_logprobs"":[-1.9575929641723633]},{""candidate"":""F"",""token_ids"":[37],""token_count"":1,""sequence_logprob"":-5.582592964172363,""mean_token_logprob"":-5.582592964172363,""token_logprobs"":[-5.582592964172363]},{""candidate"":""A"",""token_ids"":[32],""token_count"":1,""sequence_logprob"":-1.5200929641723633,""mean_token_logprob"":-1.5200929641723633,""token_logprobs"":[-1.5200929641723633]},{""candidate"":""B"",""token_ids"":[33],""token_count"":1,""sequence_logprob"":-1.2700929641723633,""mean_token_logprob"":-1.2700929641723633,""token_logprobs"":[-1.2700929641723633]}]",C,false
623621,Seep,E,0,0,audio_icl_candidate,candidate,,"[{""candidate"":""C"",""token_ids"":[34],""token_count"":1,""sequence_logprob"":-1.2917444705963135,""mean_token_logprob"":-1.2917444705963135,""token_logprobs"":[-1.2917444705963135]},{""candidate"":""D"",""token_ids"":[35],""token_count"":1,""sequence_logprob"":-3.0417444705963135,""mean_token_logprob"":-3.0417444705963135,""token_logprobs"":[-3.0417444705963135]},{""candidate"":""E"",""token_ids"":[36],""token_count"":1,""sequence_logprob"":-2.2292444705963135,""mean_token_logprob"":-2.2292444705963135,""token_logprobs"":[-2.2292444705963135]},{""candidate"":""F"",""token_ids"":[37],""token_count"":1,""sequence_logprob"":-5.697994232177734,""mean_token_logprob"":-5.697994232177734,""token_logprobs"":[-5.697994232177734]},{""candidate"":""A"",""token_ids"":[32],""token_count"":1,""sequence_logprob"":-1.3542444705963135,""mean_token_logprob"":-1.3542444705963135,""token_logprobs"":[-1.3542444705963135]},{""candidate"":""B"",""token_ids"":[33],""token_count"":1,""sequence_logprob"":-1.2917444705963135,""mean_token_logprob"":-1.2917444705963135,""token_logprobs"":[-1.2917444705963135]}]",C,false
623676,Infant Cry,C,0,0,audio_icl_candidate,candidate,,"[{""candidate"":""C"",""token_ids"":[34],""token_count"":1,""sequence_logprob"":-1.3805689811706543,""mean_token_logprob"":-1.3805689811706543,""token_logprobs"":[-1.3805689811706543]},{""candidate"":""D"",""token_ids"":[35],""token_count"":1,""sequence_logprob"":-3.7555689811706543,""mean_token_logprob"":-3.7555689811706543,""token_logprobs"":[-3.7555689811706543]},{""candidate"":""E"",""token_ids"":[36],""token_count"":1,""sequence_logprob"":-1.7555689811706543,""mean_token_logprob"":-1.7555689811706543,""token_logprobs"":[-1.7555689811706543]},{""candidate"":""F"",""token_ids"":[37],""token_count"":1,""sequence_logprob"":-4.193068981170654,""mean_token_logprob"":-4.193068981170654,""token_logprobs"":[-4.193068981170654]},{""candidate"":""A"",""token_ids"":[32],""token_count"":1,""sequence_logprob"":-1.3805689811706543,""mean_token_logprob"":-1.3805689811706543,""token_logprobs"":[-1.3805689811706543]},{""candidate"":""B"",""token_ids"":[33],""token_count"":1,""sequence_logprob"":-1.3805689811706543,""mean_token_logprob"":-1.3805689811706543,""token_logprobs"":[-1.3805689811706543]}]",C,true
623691,Infant Cry,C,0,0,audio_icl_candidate,candidate,,"[{""candidate"":""C"",""token_ids"":[34],""token_count"":1,""sequence_logprob"":-1.4438987970352173,""mean_token_logprob"":-1.4438987970352173,""token_logprobs"":[-1.4438987970352173]},{""candidate"":""D"",""token_ids"":[35],""token_count"":1,""sequence_logprob"":-3.6313986778259277,""mean_token_logprob"":-3.6313986778259277,""token_logprobs"":[-3.6313986778259277]},{""candidate"":""E"",""token_ids"":[36],""token_count"":1,""sequence_logprob"":-1.8813987970352173,""mean_token_logprob"":-1.8813987970352173,""token_logprobs"":[-1.8813987970352173]},{""candidate"":""F"",""token_ids"":[37],""token_count"":1,""sequence_logprob"":-4.131398677825928,""mean_token_logprob"":-4.131398677825928,""token_logprobs"":[-4.131398677825928]},{""candidate"":""A"",""token_ids"":[32],""token_count"":1,""sequence_logprob"":-1.4438987970352173,""mean_token_logprob"":-1.4438987970352173,""token_logprobs"":[-1.4438987970352173]},{""candidate"":""B"",""token_ids"":[33],""token_count"":1,""sequence_logprob"":-1.2563987970352173,""mean_token_logprob"":-1.2563987970352173,""token_logprobs"":[-1.2563987970352173]}]",B,false
623713,Seep,E,0,0,audio_icl_candidate,candidate,,"[{""candidate"":""C"",""token_ids"":[34],""token_count"":1,""sequence_logprob"":-1.3018473386764526,""mean_token_logprob"":-1.3018473386764526,""token_logprobs"":[-1.3018473386764526]},{""candidate"":""D"",""token_ids"":[35],""token_count"":1,""sequence_logprob"":-3.239347457885742,""mean_token_logprob"":-3.239347457885742,""token_logprobs"":[-3.239347457885742]},{""candidate"":""E"",""token_ids"":[36],""token_count"":1,""sequence_logprob"":-1.9268473386764526,""mean_token_logprob"":-1.9268473386764526,""token_logprobs"":[-1.9268473386764526]},{""candidate"":""F"",""token_ids"":[37],""token_count"":1,""sequence_logprob"":-5.864347457885742,""mean_token_logprob"":-5.864347457885742,""token_logprobs"":[-5.864347457885742]},{""candidate"":""A"",""token_ids"":[32],""token_count"":1,""sequence_logprob"":-1.3643473386764526,""mean_token_logprob"":-1.3643473386764526,""token_logprobs"":[-1.3643473386764526]},{""candidate"":""B"",""token_ids"":[33],""token_count"":1,""sequence_logprob"":-1.4268473386764526,""mean_token_logprob"":-1.4268473386764526,""token_logprobs"":[-1.4268473386764526]}]",C,false
623831,Tsik,A,0,0,audio_icl_candidate,candidate,,"[{""candidate"":""C"",""token_ids"":[34],""token_count"":1,""sequence_logprob"":-1.3910279273986816,""mean_token_logprob"":-1.3910279273986816,""token_logprobs"":[-1.3910279273986816]},{""candidate"":""D"",""token_ids"":[35],""token_count"":1,""sequence_logprob"":-3.3910279273986816,""mean_token_logprob"":-3.3910279273986816,""token_logprobs"":[-3.3910279273986816]},{""candidate"":""E"",""token_ids"":[36],""token_count"":1,""sequence_logprob"":-2.0160279273986816,""mean_token_logprob"":-2.0160279273986816,""token_logprobs"":[-2.0160279273986816]},{""candidate"":""F"",""token_ids"":[37],""token_count"":1,""sequence_logprob"":-3.7035279273986816,""mean_token_logprob"":-3.7035279273986816,""token_logprobs"":[-3.7035279273986816]},{""candidate"":""A"",""token_ids"":[32],""token_count"":1,""sequence_logprob"":-1.3910279273986816,""mean_token_logprob"":-1.3910279273986816,""token_logprobs"":[-1.3910279273986816]},{""candidate"":""B"",""token_ids"":[33],""token_count"":1,""sequence_logprob"":-1.2660279273986816,""mean_token_logprob"":-1.2660279273986816,""token_logprobs"":[-1.2660279273986816]}]",B,false
624179,Twitter,B,0,0,audio_icl_candidate,candidate,,"[{""candidate"":""C"",""token_ids"":[34],""token_count"":1,""sequence_logprob"":-1.1309250593185425,""mean_token_logprob"":-1.1309250593185425,""token_logprobs"":[-1.1309250593185425]},{""candidate"":""D"",""token_ids"":[35],""token_count"":1,""sequence_logprob"":-4.005925178527832,""mean_token_logprob"":-4.005925178527832,""token_logprobs"":[-4.005925178527832]},{""candidate"":""E"",""token_ids"":[36],""token_count"":1,""sequence_logprob"":-1.9434250593185425,""mean_token_logprob"":-1.9434250593185425,""token_logprobs"":[-1.9434250593185425]},{""candidate"":""F"",""token_ids"":[37],""token_count"":1,""sequence_logprob"":-6.630925178527832,""mean_token_logprob"":-6.630925178527832,""token_logprobs"":[-6.630925178527832]},{""candidate"":""A"",""token_ids"":[32],""token_count"":1,""sequence_logprob"":-1.4434250593185425,""mean_token_logprob"":-1.4434250593185425,""token_logprobs"":[-1.4434250593185425]},{""candidate"":""B"",""token_ids"":[33],""token_count"":1,""sequence_logprob"":-1.4434250593185425,""mean_token_logprob"":-1.4434250593185425,""token_logprobs"":[-1.4434250593185425]}]",C,false
624712,Trill,F,0,0,audio_icl_candidate,candidate,,"[{""candidate"":""C"",""token_ids"":[34],""token_count"":1,""sequence_logprob"":-1.2418900728225708,""mean_token_logprob"":-1.2418900728225708,""token_logprobs"":[-1.2418900728225708]},{""candidate"":""D"",""token_ids"":[35],""token_count"":1,""sequence_logprob"":-3.3668899536132812,""mean_token_logprob"":-3.3668899536132812,""token_logprobs"":[-3.3668899536132812]},{""candidate"":""E"",""token_ids"":[36],""token_count"":1,""sequence_logprob"":-1.8043900728225708,""mean_token_logprob"":-1.8043900728225708,""token_logprobs"":[-1.8043900728225708]},{""candidate"":""F"",""token_ids"":[37],""token_count"":1,""sequence_logprob"":-6.085639953613281,""mean_token_logprob"":-6.085639953613281,""token_logprobs"":[-6.085639953613281]},{""candidate"":""A"",""token_ids"":[32],""token_count"":1,""sequence_logprob"":-1.4918900728225708,""mean_token_logprob"":-1.4918900728225708,""token_logprobs"":[-1.4918900728225708]},{""candidate"":""B"",""token_ids"":[33],""token_count"":1,""sequence_logprob"":-1.3668900728225708,""mean_token_logprob"":-1.3668900728225708,""token_logprobs"":[-1.3668900728225708]}]",C,false
625053,Twitter,B,0,0,audio_icl_candidate,candidate,,"[{""candidate"":""C"",""token_ids"":[34],""token_count"":1,""sequence_logprob"":-1.2404639720916748,""mean_token_logprob"":-1.2404639720916748,""token_logprobs"":[-1.2404639720916748]},{""candidate"":""D"",""token_ids"":[35],""token_count"":1,""sequence_logprob"":-3.552963972091675,""mean_token_logprob"":-3.552963972091675,""token_logprobs"":[-3.552963972091675]},{""candidate"":""E"",""token_ids"":[36],""token_count"":1,""sequence_logprob"":-1.9279639720916748,""mean_token_logprob"":-1.9279639720916748,""token_logprobs"":[-1.9279639720916748]},{""candidate"":""F"",""token_ids"":[37],""token_count"":1,""sequence_logprob"":-6.584214210510254,""mean_token_logprob"":-6.584214210510254,""token_logprobs"":[-6.584214210510254]},{""candidate"":""A"",""token_ids"":[32],""token_count"":1,""sequence_logprob"":-1.4279639720916748,""mean_token_logprob"":-1.4279639720916748,""token_logprobs"":[-1.4279639720916748]},{""candidate"":""B"",""token_ids"":[33],""token_count"":1,""sequence_logprob"":-1.3029639720916748,""mean_token_logprob"":-1.3029639720916748,""token_logprobs"":[-1.3029639720916748]}]",C,false
628729,Infant Cry,C,0,0,audio_icl_candidate,candidate,,"[{""candidate"":""C"",""token_ids"":[34],""token_count"":1,""sequence_logprob"":-1.6218383312225342,""mean_token_logprob"":-1.6218383312225342,""token_logprobs"":[-1.6218383312225342]},{""candidate"":""D"",""token_ids"":[35],""token_count"":1,""sequence_logprob"":-3.621838331222534,""mean_token_logprob"":-3.621838331222534,""token_logprobs"":[-3.621838331222534]},{""candidate"":""E"",""token_ids"":[36],""token_count"":1,""sequence_logprob"":-1.7468383312225342,""mean_token_logprob"":-1.7468383312225342,""token_logprobs"":[-1.7468383312225342]},{""candidate"":""F"",""token_ids"":[37],""token_count"":1,""sequence_logprob"":-3.246838331222534,""mean_token_logprob"":-3.246838331222534,""token_logprobs"":[-3.246838331222534]},{""candidate"":""A"",""token_ids"":[32],""token_count"":1,""sequence_logprob"":-1.4343383312225342,""mean_token_logprob"":-1.4343383312225342,""token_logprobs"":[-1.4343383312225342]},{""candidate"":""B"",""token_ids"":[33],""token_count"":1,""sequence_logprob"":-1.3093383312225342,""mean_token_logprob"":-1.3093383312225342,""token_logprobs"":[-1.3093383312225342]}]",B,false
631448,Trill,F,0,0,audio_icl_candidate,candidate,,"[{""candidate"":""C"",""token_ids"":[34],""token_count"":1,""sequence_logprob"":-1.556814432144165,""mean_token_logprob"":-1.556814432144165,""token_logprobs"":[-1.556814432144165]},{""candidate"":""D"",""token_ids"":[35],""token_count"":1,""sequence_logprob"":-3.369314432144165,""mean_token_logprob"":-3.369314432144165,""token_logprobs"":[-3.369314432144165]},{""candidate"":""E"",""token_ids"":[36],""token_count"":1,""sequence_logprob"":-1.994314432144165,""mean_token_logprob"":-1.994314432144165,""token_logprobs"":[-1.994314432144165]},{""candidate"":""F"",""token_ids"":[37],""token_count"":1,""sequence_logprob"":-2.431814432144165,""mean_token_logprob"":-2.431814432144165,""token_logprobs"":[-2.431814432144165]},{""candidate"":""A"",""token_ids"":[32],""token_count"":1,""sequence_logprob"":-1.431814432144165,""mean_token_logprob"":-1.431814432144165,""token_logprobs"":[-1.431814432144165]},{""candidate"":""B"",""token_ids"":[33],""token_count"":1,""sequence_logprob"":-1.306814432144165,""mean_token_logprob"":-1.306814432144165,""token_logprobs"":[-1.306814432144165]}]",B,false
631485,Phee,D,0,0,audio_icl_candidate,candidate,,"[{""candidate"":""C"",""token_ids"":[34],""token_count"":1,""sequence_logprob"":-1.417310118675232,""mean_token_logprob"":-1.417310118675232,""token_logprobs"":[-1.417310118675232]},{""candidate"":""D"",""token_ids"":[35],""token_count"":1,""sequence_logprob"":-3.7298102378845215,""mean_token_logprob"":-3.7298102378845215,""token_logprobs"":[-3.7298102378845215]},{""candidate"":""E"",""token_ids"":[36],""token_count"":1,""sequence_logprob"":-2.1048102378845215,""mean_token_logprob"":-2.1048102378845215,""token_logprobs"":[-2.1048102378845215]},{""candidate"":""F"",""token_ids"":[37],""token_count"":1,""sequence_logprob"":-2.1673102378845215,""mean_token_logprob"":-2.1673102378845215,""token_logprobs"":[-2.1673102378845215]},{""candidate"":""A"",""token_ids"":[32],""token_count"":1,""sequence_logprob"":-1.417310118675232,""mean_token_logprob"":-1.417310118675232,""token_logprobs"":[-1.417310118675232]},{""candidate"":""B"",""token_ids"":[33],""token_count"":1,""sequence_logprob"":-1.479810118675232,""mean_token_logprob"":-1.479810118675232,""token_logprobs"":[-1.479810118675232]}]",C,false
631861,Infant Cry,C,0,0,audio_icl_candidate,candidate,,"[{""candidate"":""C"",""token_ids"":[34],""token_count"":1,""sequence_logprob"":-1.329026222229004,""mean_token_logprob"":-1.329026222229004,""token_logprobs"":[-1.329026222229004]},{""candidate"":""D"",""token_ids"":[35],""token_count"":1,""sequence_logprob"":-3.329026222229004,""mean_token_logprob"":-3.329026222229004,""token_logprobs"":[-3.329026222229004]},{""candidate"":""E"",""token_ids"":[36],""token_count"":1,""sequence_logprob"":-2.016526222229004,""mean_token_logprob"":-2.016526222229004,""token_logprobs"":[-2.016526222229004]},{""candidate"":""F"",""token_ids"":[37],""token_count"":1,""sequence_logprob"":-4.266526222229004,""mean_token_logprob"":-4.266526222229004,""token_logprobs"":[-4.266526222229004]},{""candidate"":""A"",""token_ids"":[32],""token_count"":1,""sequence_logprob"":-1.329026222229004,""mean_token_logprob"":-1.329026222229004,""token_logprobs"":[-1.329026222229004]},{""candidate"":""B"",""token_ids"":[33],""token_count"":1,""sequence_logprob"":-1.391526222229004,""mean_token_logprob"":-1.391526222229004,""token_logprobs"":[-1.391526222229004]}]",C,true
631947,Tsik,A,0,0,audio_icl_candidate,candidate,,"[{""candidate"":""C"",""token_ids"":[34],""token_count"":1,""sequence_logprob"":-1.4216411113739014,""mean_token_logprob"":-1.4216411113739014,""token_logprobs"":[-1.4216411113739014]},{""candidate"":""D"",""token_ids"":[35],""token_count"":1,""sequence_logprob"":-3.4841411113739014,""mean_token_logprob"":-3.4841411113739014,""token_logprobs"":[-3.4841411113739014]},{""candidate"":""E"",""token_ids"":[36],""token_count"":1,""sequence_logprob"":-2.4216411113739014,""mean_token_logprob"":-2.4216411113739014,""token_logprobs"":[-2.4216411113739014]},{""candidate"":""F"",""token_ids"":[37],""token_count"":1,""sequence_logprob"":-2.4216411113739014,""mean_token_logprob"":-2.4216411113739014,""token_logprobs"":[-2.4216411113739014]},{""candidate"":""A"",""token_ids"":[32],""token_count"":1,""sequence_logprob"":-1.3591411113739014,""mean_token_logprob"":-1.3591411113739014,""token_logprobs"":[-1.3591411113739014]},{""candidate"":""B"",""token_ids"":[33],""token_count"":1,""sequence_logprob"":-1.3591411113739014,""mean_token_logprob"":-1.3591411113739014,""token_logprobs"":[-1.3591411113739014]}]",A,true
632037,Tsik,A,0,0,audio_icl_candidate,candidate,,"[{""candidate"":""C"",""token_ids"":[34],""token_count"":1,""sequence_logprob"":-1.4476920366287231,""mean_token_logprob"":-1.4476920366287231,""token_logprobs"":[-1.4476920366287231]},{""candidate"":""D"",""token_ids"":[35],""token_count"":1,""sequence_logprob"":-3.5726919174194336,""mean_token_logprob"":-3.5726919174194336,""token_logprobs"":[-3.5726919174194336]},{""candidate"":""E"",""token_ids"":[36],""token_count"":1,""sequence_logprob"":-1.9476920366287231,""mean_token_logprob"":-1.9476920366287231,""token_logprobs"":[-1.9476920366287231]},{""candidate"":""F"",""token_ids"":[37],""token_count"":1,""sequence_logprob"":-3.3851919174194336,""mean_token_logprob"":-3.3851919174194336,""token_logprobs"":[-3.3851919174194336]},{""candidate"":""A"",""token_ids"":[32],""token_count"":1,""sequence_logprob"":-1.3851920366287231,""mean_token_logprob"":-1.3851920366287231,""token_logprobs"":[-1.3851920366287231]},{""candidate"":""B"",""token_ids"":[33],""token_count"":1,""sequence_logprob"":-1.2601920366287231,""mean_token_logprob"":-1.2601920366287231,""token_logprobs"":[-1.2601920366287231]}]",B,false
632300,Phee,D,0,0,audio_icl_candidate,candidate,,"[{""candidate"":""C"",""token_ids"":[34],""token_count"":1,""sequence_logprob"":-1.4572670459747314,""mean_token_logprob"":-1.4572670459747314,""token_logprobs"":[-1.4572670459747314]},{""candidate"":""D"",""token_ids"":[35],""token_count"":1,""sequence_logprob"":-3.7072670459747314,""mean_token_logprob"":-3.7072670459747314,""token_logprobs"":[-3.7072670459747314]},{""candidate"":""E"",""token_ids"":[36],""token_count"":1,""sequence_logprob"":-1.9572670459747314,""mean_token_logprob"":-1.9572670459747314,""token_logprobs"":[-1.9572670459747314]},{""candidate"":""F"",""token_ids"":[37],""token_count"":1,""sequence_logprob"":-2.3322670459747314,""mean_token_logprob"":-2.3322670459747314,""token_logprobs"":[-2.3322670459747314]},{""candidate"":""A"",""token_ids"":[32],""token_count"":1,""sequence_logprob"":-1.5822670459747314,""mean_token_logprob"":-1.5822670459747314,""token_logprobs"":[-1.5822670459747314]},{""candidate"":""B"",""token_ids"":[33],""token_count"":1,""sequence_logprob"":-1.3322670459747314,""mean_token_logprob"":-1.3322670459747314,""token_logprobs"":[-1.3322670459747314]}]",B,false
632381,Twitter,B,0,0,audio_icl_candidate,candidate,,"[{""candidate"":""C"",""token_ids"":[34],""token_count"":1,""sequence_logprob"":-1.2231436967849731,""mean_token_logprob"":-1.2231436967849731,""token_logprobs"":[-1.2231436967849731]},{""candidate"":""D"",""token_ids"":[35],""token_count"":1,""sequence_logprob"":-3.5356435775756836,""mean_token_logprob"":-3.5356435775756836,""token_logprobs"":[-3.5356435775756836]},{""candidate"":""E"",""token_ids"":[36],""token_count"":1,""sequence_logprob"":-2.0356435775756836,""mean_token_logprob"":-2.0356435775756836,""token_logprobs"":[-2.0356435775756836]},{""candidate"":""F"",""token_ids"":[37],""token_count"":1,""sequence_logprob"":-2.7231435775756836,""mean_token_logprob"":-2.7231435775756836,""token_logprobs"":[-2.7231435775756836]},{""candidate"":""A"",""token_ids"":[32],""token_count"":1,""sequence_logprob"":-1.5356436967849731,""mean_token_logprob"":-1.5356436967849731,""token_logprobs"":[-1.5356436967849731]},{""candidate"":""B"",""token_ids"":[33],""token_count"":1,""sequence_logprob"":-1.4106436967849731,""mean_token_logprob"":-1.4106436967849731,""token_logprobs"":[-1.4106436967849731]}]",C,false
632863,Phee,D,0,0,audio_icl_candidate,candidate,,"[{""candidate"":""C"",""token_ids"":[34],""token_count"":1,""sequence_logprob"":-1.2955423593521118,""mean_token_logprob"":-1.2955423593521118,""token_logprobs"":[-1.2955423593521118]},{""candidate"":""D"",""token_ids"":[35],""token_count"":1,""sequence_logprob"":-3.5455422401428223,""mean_token_logprob"":-3.5455422401428223,""token_logprobs"":[-3.5455422401428223]},{""candidate"":""E"",""token_ids"":[36],""token_count"":1,""sequence_logprob"":-2.0455422401428223,""mean_token_logprob"":-2.0455422401428223,""token_logprobs"":[-2.0455422401428223]},{""candidate"":""F"",""token_ids"":[37],""token_count"":1,""sequence_logprob"":-2.6705422401428223,""mean_token_logprob"":-2.6705422401428223,""token_logprobs"":[-2.6705422401428223]},{""candidate"":""A"",""token_ids"":[32],""token_count"":1,""sequence_logprob"":-1.4205423593521118,""mean_token_logprob"":-1.4205423593521118,""token_logprobs"":[-1.4205423593521118]},{""candidate"":""B"",""token_ids"":[33],""token_count"":1,""sequence_logprob"":-1.4830423593521118,""mean_token_logprob"":-1.4830423593521118,""token_logprobs"":[-1.4830423593521118]}]",C,false
633531,Phee,D,0,0,audio_icl_candidate,candidate,,"[{""candidate"":""C"",""token_ids"":[34],""token_count"":1,""sequence_logprob"":-1.221593976020813,""mean_token_logprob"":-1.221593976020813,""token_logprobs"":[-1.221593976020813]},{""candidate"":""D"",""token_ids"":[35],""token_count"":1,""sequence_logprob"":-3.3465938568115234,""mean_token_logprob"":-3.3465938568115234,""token_logprobs"":[-3.3465938568115234]},{""candidate"":""E"",""token_ids"":[36],""token_count"":1,""sequence_logprob"":-1.846593976020813,""mean_token_logprob"":-1.846593976020813,""token_logprobs"":[-1.846593976020813]},{""candidate"":""F"",""token_ids"":[37],""token_count"":1,""sequence_logprob"":-5.377843856811523,""mean_token_logprob"":-5.377843856811523,""token_logprobs"":[-5.377843856811523]},{""candidate"":""A"",""token_ids"":[32],""token_count"":1,""sequence_logprob"":-1.471593976020813,""mean_token_logprob"":-1.471593976020813,""token_logprobs"":[-1.471593976020813]},{""candidate"":""B"",""token_ids"":[33],""token_count"":1,""sequence_logprob"":-1.409093976020813,""mean_token_logprob"":-1.409093976020813,""token_logprobs"":[-1.409093976020813]}]",C,false
642827,Tsik,A,0,0,audio_icl_candidate,candidate,,"[{""candidate"":""C"",""token_ids"":[34],""token_count"":1,""sequence_logprob"":-1.3242000341415405,""mean_token_logprob"":-1.3242000341415405,""token_logprobs"":[-1.3242000341415405]},{""candidate"":""D"",""token_ids"":[35],""token_count"":1,""sequence_logprob"":-3.51170015335083,""mean_token_logprob"":-3.51170015335083,""token_logprobs"":[-3.51170015335083]},{""candidate"":""E"",""token_ids"":[36],""token_count"":1,""sequence_logprob"":-1.7617000341415405,""mean_token_logprob"":-1.7617000341415405,""token_logprobs"":[-1.7617000341415405]},{""candidate"":""F"",""token_ids"":[37],""token_count"":1,""sequence_logprob"":-5.69920015335083,""mean_token_logprob"":-5.69920015335083,""token_logprobs"":[-5.69920015335083]},{""candidate"":""A"",""token_ids"":[32],""token_count"":1,""sequence_logprob"":-1.4492000341415405,""mean_token_logprob"":-1.4492000341415405,""token_logprobs"":[-1.4492000341415405]},{""candidate"":""B"",""token_ids"":[33],""token_count"":1,""sequence_logprob"":-1.3242000341415405,""mean_token_logprob"":-1.3242000341415405,""token_logprobs"":[-1.3242000341415405]}]",C,false
647588,Phee,D,0,0,audio_icl_candidate,candidate,,"[{""candidate"":""C"",""token_ids"":[34],""token_count"":1,""sequence_logprob"":-1.4414904117584229,""mean_token_logprob"":-1.4414904117584229,""token_logprobs"":[-1.4414904117584229]},{""candidate"":""D"",""token_ids"":[35],""token_count"":1,""sequence_logprob"":-3.253990411758423,""mean_token_logprob"":-3.253990411758423,""token_logprobs"":[-3.253990411758423]},{""candidate"":""E"",""token_ids"":[36],""token_count"":1,""sequence_logprob"":-1.9414904117584229,""mean_token_logprob"":-1.9414904117584229,""token_logprobs"":[-1.9414904117584229]},{""candidate"":""F"",""token_ids"":[37],""token_count"":1,""sequence_logprob"":-5.253990173339844,""mean_token_logprob"":-5.253990173339844,""token_logprobs"":[-5.253990173339844]},{""candidate"":""A"",""token_ids"":[32],""token_count"":1,""sequence_logprob"":-1.3789904117584229,""mean_token_logprob"":-1.3789904117584229,""token_logprobs"":[-1.3789904117584229]},{""candidate"":""B"",""token_ids"":[33],""token_count"":1,""sequence_logprob"":-1.3164904117584229,""mean_token_logprob"":-1.3164904117584229,""token_logprobs"":[-1.3164904117584229]}]",B,false
695230,Trill,F,0,0,audio_icl_candidate,candidate,,"[{""candidate"":""C"",""token_ids"":[34],""token_count"":1,""sequence_logprob"":-1.3555620908737183,""mean_token_logprob"":-1.3555620908737183,""token_logprobs"":[-1.3555620908737183]},{""candidate"":""D"",""token_ids"":[35],""token_count"":1,""sequence_logprob"":-3.543062210083008,""mean_token_logprob"":-3.543062210083008,""token_logprobs"":[-3.543062210083008]},{""candidate"":""E"",""token_ids"":[36],""token_count"":1,""sequence_logprob"":-2.168062210083008,""mean_token_logprob"":-2.168062210083008,""token_logprobs"":[-2.168062210083008]},{""candidate"":""F"",""token_ids"":[37],""token_count"":1,""sequence_logprob"":-2.168062210083008,""mean_token_logprob"":-2.168062210083008,""token_logprobs"":[-2.168062210083008]},{""candidate"":""A"",""token_ids"":[32],""token_count"":1,""sequence_logprob"":-1.6680620908737183,""mean_token_logprob"":-1.6680620908737183,""token_logprobs"":[-1.6680620908737183]},{""candidate"":""B"",""token_ids"":[33],""token_count"":1,""sequence_logprob"":-1.2930620908737183,""mean_token_logprob"":-1.2930620908737183,""token_logprobs"":[-1.2930620908737183]}]",B,false
699227,Twitter,B,0,0,audio_icl_candidate,candidate,,"[{""candidate"":""C"",""token_ids"":[34],""token_count"":1,""sequence_logprob"":-1.2340513467788696,""mean_token_logprob"":-1.2340513467788696,""token_logprobs"":[-1.2340513467788696]},{""candidate"":""D"",""token_ids"":[35],""token_count"":1,""sequence_logprob"":-3.67155122756958,""mean_token_logprob"":-3.67155122756958,""token_logprobs"":[-3.67155122756958]},{""candidate"":""E"",""token_ids"":[36],""token_count"":1,""sequence_logprob"":-1.9840513467788696,""mean_token_logprob"":-1.9840513467788696,""token_logprobs"":[-1.9840513467788696]},{""candidate"":""F"",""token_ids"":[37],""token_count"":1,""sequence_logprob"":-5.98405122756958,""mean_token_logprob"":-5.98405122756958,""token_logprobs"":[-5.98405122756958]},{""candidate"":""A"",""token_ids"":[32],""token_count"":1,""sequence_logprob"":-1.4215513467788696,""mean_token_logprob"":-1.4215513467788696,""token_logprobs"":[-1.4215513467788696]},{""candidate"":""B"",""token_ids"":[33],""token_count"":1,""sequence_logprob"":-1.3590513467788696,""mean_token_logprob"":-1.3590513467788696,""token_logprobs"":[-1.3590513467788696]}]",C,false
706021,Phee,D,0,0,audio_icl_candidate,candidate,,"[{""candidate"":""C"",""token_ids"":[34],""token_count"":1,""sequence_logprob"":-1.4620431661605835,""mean_token_logprob"":-1.4620431661605835,""token_logprobs"":[-1.4620431661605835]},{""candidate"":""D"",""token_ids"":[35],""token_count"":1,""sequence_logprob"":-3.399543285369873,""mean_token_logprob"":-3.399543285369873,""token_logprobs"":[-3.399543285369873]},{""candidate"":""E"",""token_ids"":[36],""token_count"":1,""sequence_logprob"":-2.024543285369873,""mean_token_logprob"":-2.024543285369873,""token_logprobs"":[-2.024543285369873]},{""candidate"":""F"",""token_ids"":[37],""token_count"":1,""sequence_logprob"":-2.087043285369873,""mean_token_logprob"":-2.087043285369873,""token_logprobs"":[-2.087043285369873]},{""candidate"":""A"",""token_ids"":[32],""token_count"":1,""sequence_logprob"":-1.5870431661605835,""mean_token_logprob"":-1.5870431661605835,""token_logprobs"":[-1.5870431661605835]},{""candidate"":""B"",""token_ids"":[33],""token_count"":1,""sequence_logprob"":-1.3995431661605835,""mean_token_logprob"":-1.3995431661605835,""token_logprobs"":[-1.3995431661605835]}]",B,false
708875,Trill,F,0,0,audio_icl_candidate,candidate,,"[{""candidate"":""C"",""token_ids"":[34],""token_count"":1,""sequence_logprob"":-1.203498125076294,""mean_token_logprob"":-1.203498125076294,""token_logprobs"":[-1.203498125076294]},{""candidate"":""D"",""token_ids"":[35],""token_count"":1,""sequence_logprob"":-3.765998125076294,""mean_token_logprob"":-3.765998125076294,""token_logprobs"":[-3.765998125076294]},{""candidate"":""E"",""token_ids"":[36],""token_count"":1,""sequence_logprob"":-1.890998125076294,""mean_token_logprob"":-1.890998125076294,""token_logprobs"":[-1.890998125076294]},{""candidate"":""F"",""token_ids"":[37],""token_count"":1,""sequence_logprob"":-3.578498125076294,""mean_token_logprob"":-3.578498125076294,""token_logprobs"":[-3.578498125076294]},{""candidate"":""A"",""token_ids"":[32],""token_count"":1,""sequence_logprob"":-1.453498125076294,""mean_token_logprob"":-1.453498125076294,""token_logprobs"":[-1.453498125076294]},{""candidate"":""B"",""token_ids"":[33],""token_count"":1,""sequence_logprob"":-1.453498125076294,""mean_token_logprob"":-1.453498125076294,""token_logprobs"":[-1.453498125076294]}]",C,false
715845,Seep,E,0,0,audio_icl_candidate,candidate,,"[{""candidate"":""C"",""token_ids"":[34],""token_count"":1,""sequence_logprob"":-1.289489507675171,""mean_token_logprob"":-1.289489507675171,""token_logprobs"":[-1.289489507675171]},{""candidate"":""D"",""token_ids"":[35],""token_count"":1,""sequence_logprob"":-3.476989507675171,""mean_token_logprob"":-3.476989507675171,""token_logprobs"":[-3.476989507675171]},{""candidate"":""E"",""token_ids"":[36],""token_count"":1,""sequence_logprob"":-1.851989507675171,""mean_token_logprob"":-1.851989507675171,""token_logprobs"":[-1.851989507675171]},{""candidate"":""F"",""token_ids"":[37],""token_count"":1,""sequence_logprob"":-5.69573974609375,""mean_token_logprob"":-5.69573974609375,""token_logprobs"":[-5.69573974609375]},{""candidate"":""A"",""token_ids"":[32],""token_count"":1,""sequence_logprob"":-1.414489507675171,""mean_token_logprob"":-1.414489507675171,""token_logprobs"":[-1.414489507675171]},{""candidate"":""B"",""token_ids"":[33],""token_count"":1,""sequence_logprob"":-1.351989507675171,""mean_token_logprob"":-1.351989507675171,""token_logprobs"":[-1.351989507675171]}]",C,false
716490,Tsik,A,0,0,audio_icl_candidate,candidate,,"[{""candidate"":""C"",""token_ids"":[34],""token_count"":1,""sequence_logprob"":-1.0368294715881348,""mean_token_logprob"":-1.0368294715881348,""token_logprobs"":[-1.0368294715881348]},{""candidate"":""D"",""token_ids"":[35],""token_count"":1,""sequence_logprob"":-3.7243294715881348,""mean_token_logprob"":-3.7243294715881348,""token_logprobs"":[-3.7243294715881348]},{""candidate"":""E"",""token_ids"":[36],""token_count"":1,""sequence_logprob"":-2.1618294715881348,""mean_token_logprob"":-2.1618294715881348,""token_logprobs"":[-2.1618294715881348]},{""candidate"":""F"",""token_ids"":[37],""token_count"":1,""sequence_logprob"":-5.474329471588135,""mean_token_logprob"":-5.474329471588135,""token_logprobs"":[-5.474329471588135]},{""candidate"":""A"",""token_ids"":[32],""token_count"":1,""sequence_logprob"":-1.4743294715881348,""mean_token_logprob"":-1.4743294715881348,""token_logprobs"":[-1.4743294715881348]},{""candidate"":""B"",""token_ids"":[33],""token_count"":1,""sequence_logprob"":-1.4118294715881348,""mean_token_logprob"":-1.4118294715881348,""token_logprobs"":[-1.4118294715881348]}]",C,false
737715,Twitter,B,0,0,audio_icl_candidate,candidate,,"[{""candidate"":""C"",""token_ids"":[34],""token_count"":1,""sequence_logprob"":-1.2132738828659058,""mean_token_logprob"":-1.2132738828659058,""token_logprobs"":[-1.2132738828659058]},{""candidate"":""D"",""token_ids"":[35],""token_count"":1,""sequence_logprob"":-3.6507740020751953,""mean_token_logprob"":-3.6507740020751953,""token_logprobs"":[-3.6507740020751953]},{""candidate"":""E"",""token_ids"":[36],""token_count"":1,""sequence_logprob"":-2.0882740020751953,""mean_token_logprob"":-2.0882740020751953,""token_logprobs"":[-2.0882740020751953]},{""candidate"":""F"",""token_ids"":[37],""token_count"":1,""sequence_logprob"":-5.275774002075195,""mean_token_logprob"":-5.275774002075195,""token_logprobs"":[-5.275774002075195]},{""candidate"":""A"",""token_ids"":[32],""token_count"":1,""sequence_logprob"":-1.3382738828659058,""mean_token_logprob"":-1.3382738828659058,""token_logprobs"":[-1.3382738828659058]},{""candidate"":""B"",""token_ids"":[33],""token_count"":1,""sequence_logprob"":-1.3382738828659058,""mean_token_logprob"":-1.3382738828659058,""token_logprobs"":[-1.3382738828659058]}]",C,false
738495,Trill,F,0,0,audio_icl_candidate,candidate,,"[{""candidate"":""C"",""token_ids"":[34],""token_count"":1,""sequence_logprob"":-1.4262632131576538,""mean_token_logprob"":-1.4262632131576538,""token_logprobs"":[-1.4262632131576538]},{""candidate"":""D"",""token_ids"":[35],""token_count"":1,""sequence_logprob"":-3.3012633323669434,""mean_token_logprob"":-3.3012633323669434,""token_logprobs"":[-3.3012633323669434]},{""candidate"":""E"",""token_ids"":[36],""token_count"":1,""sequence_logprob"":-2.1137633323669434,""mean_token_logprob"":-2.1137633323669434,""token_logprobs"":[-2.1137633323669434]},{""candidate"":""F"",""token_ids"":[37],""token_count"":1,""sequence_logprob"":-2.3012633323669434,""mean_token_logprob"":-2.3012633323669434,""token_logprobs"":[-2.3012633323669434]},{""candidate"":""A"",""token_ids"":[32],""token_count"":1,""sequence_logprob"":-1.4887632131576538,""mean_token_logprob"":-1.4887632131576538,""token_logprobs"":[-1.4887632131576538]},{""candidate"":""B"",""token_ids"":[33],""token_count"":1,""sequence_logprob"":-1.3637632131576538,""mean_token_logprob"":-1.3637632131576538,""token_logprobs"":[-1.3637632131576538]}]",B,false
742006,Infant Cry,C,0,0,audio_icl_candidate,candidate,,"[{""candidate"":""C"",""token_ids"":[34],""token_count"":1,""sequence_logprob"":-1.2669129371643066,""mean_token_logprob"":-1.2669129371643066,""token_logprobs"":[-1.2669129371643066]},{""candidate"":""D"",""token_ids"":[35],""token_count"":1,""sequence_logprob"":-3.5169129371643066,""mean_token_logprob"":-3.5169129371643066,""token_logprobs"":[-3.5169129371643066]},{""candidate"":""E"",""token_ids"":[36],""token_count"":1,""sequence_logprob"":-2.0794129371643066,""mean_token_logprob"":-2.0794129371643066,""token_logprobs"":[-2.0794129371643066]},{""candidate"":""F"",""token_ids"":[37],""token_count"":1,""sequence_logprob"":-3.5794129371643066,""mean_token_logprob"":-3.5794129371643066,""token_logprobs"":[-3.5794129371643066]},{""candidate"":""A"",""token_ids"":[32],""token_count"":1,""sequence_logprob"":-1.3919129371643066,""mean_token_logprob"":-1.3919129371643066,""token_logprobs"":[-1.3919129371643066]},{""candidate"":""B"",""token_ids"":[33],""token_count"":1,""sequence_logprob"":-1.3919129371643066,""mean_token_logprob"":-1.3919129371643066,""token_logprobs"":[-1.3919129371643066]}]",C,true
755986,Tsik,A,0,0,audio_icl_candidate,candidate,,"[{""candidate"":""C"",""token_ids"":[34],""token_count"":1,""sequence_logprob"":-1.298145055770874,""mean_token_logprob"":-1.298145055770874,""token_logprobs"":[-1.298145055770874]},{""candidate"":""D"",""token_ids"":[35],""token_count"":1,""sequence_logprob"":-3.735645055770874,""mean_token_logprob"":-3.735645055770874,""token_logprobs"":[-3.735645055770874]},{""candidate"":""E"",""token_ids"":[36],""token_count"":1,""sequence_logprob"":-1.923145055770874,""mean_token_logprob"":-1.923145055770874,""token_logprobs"":[-1.923145055770874]},{""candidate"":""F"",""token_ids"":[37],""token_count"":1,""sequence_logprob"":-4.485645294189453,""mean_token_logprob"":-4.485645294189453,""token_logprobs"":[-4.485645294189453]},{""candidate"":""A"",""token_ids"":[32],""token_count"":1,""sequence_logprob"":-1.423145055770874,""mean_token_logprob"":-1.423145055770874,""token_logprobs"":[-1.423145055770874]},{""candidate"":""B"",""token_ids"":[33],""token_count"":1,""sequence_logprob"":-1.298145055770874,""mean_token_logprob"":-1.298145055770874,""token_logprobs"":[-1.298145055770874]}]",C,false
758751,Phee,D,0,0,audio_icl_candidate,candidate,,"[{""candidate"":""C"",""token_ids"":[34],""token_count"":1,""sequence_logprob"":-1.4503659009933472,""mean_token_logprob"":-1.4503659009933472,""token_logprobs"":[-1.4503659009933472]},{""candidate"":""D"",""token_ids"":[35],""token_count"":1,""sequence_logprob"":-3.8253660202026367,""mean_token_logprob"":-3.8253660202026367,""token_logprobs"":[-3.8253660202026367]},{""candidate"":""E"",""token_ids"":[36],""token_count"":1,""sequence_logprob"":-2.0128660202026367,""mean_token_logprob"":-2.0128660202026367,""token_logprobs"":[-2.0128660202026367]},{""candidate"":""F"",""token_ids"":[37],""token_count"":1,""sequence_logprob"":-2.5753660202026367,""mean_token_logprob"":-2.5753660202026367,""token_logprobs"":[-2.5753660202026367]},{""candidate"":""A"",""token_ids"":[32],""token_count"":1,""sequence_logprob"":-1.5128659009933472,""mean_token_logprob"":-1.5128659009933472,""token_logprobs"":[-1.5128659009933472]},{""candidate"":""B"",""token_ids"":[33],""token_count"":1,""sequence_logprob"":-1.2628659009933472,""mean_token_logprob"":-1.2628659009933472,""token_logprobs"":[-1.2628659009933472]}]",B,false
788000,Phee,D,0,0,audio_icl_candidate,candidate,,"[{""candidate"":""C"",""token_ids"":[34],""token_count"":1,""sequence_logprob"":-1.528802514076233,""mean_token_logprob"":-1.528802514076233,""token_logprobs"":[-1.528802514076233]},{""candidate"":""D"",""token_ids"":[35],""token_count"":1,""sequence_logprob"":-2.7788023948669434,""mean_token_logprob"":-2.7788023948669434,""token_logprobs"":[-2.7788023948669434]},{""candidate"":""E"",""token_ids"":[36],""token_count"":1,""sequence_logprob"":-1.903802514076233,""mean_token_logprob"":-1.903802514076233,""token_logprobs"":[-1.903802514076233]},{""candidate"":""F"",""token_ids"":[37],""token_count"":1,""sequence_logprob"":-2.4663023948669434,""mean_token_logprob"":-2.4663023948669434,""token_logprobs"":[-2.4663023948669434]},{""candidate"":""A"",""token_ids"":[32],""token_count"":1,""sequence_logprob"":-1.528802514076233,""mean_token_logprob"":-1.528802514076233,""token_logprobs"":[-1.528802514076233]},{""candidate"":""B"",""token_ids"":[33],""token_count"":1,""sequence_logprob"":-1.403802514076233,""mean_token_logprob"":-1.403802514076233,""token_logprobs"":[-1.403802514076233]}]",B,false
794666,Phee,D,0,0,audio_icl_candidate,candidate,,"[{""candidate"":""C"",""token_ids"":[34],""token_count"":1,""sequence_logprob"":-1.307329535484314,""mean_token_logprob"":-1.307329535484314,""token_logprobs"":[-1.307329535484314]},{""candidate"":""D"",""token_ids"":[35],""token_count"":1,""sequence_logprob"":-3.6823296546936035,""mean_token_logprob"":-3.6823296546936035,""token_logprobs"":[-3.6823296546936035]},{""candidate"":""E"",""token_ids"":[36],""token_count"":1,""sequence_logprob"":-1.932329535484314,""mean_token_logprob"":-1.932329535484314,""token_logprobs"":[-1.932329535484314]},{""candidate"":""F"",""token_ids"":[37],""token_count"":1,""sequence_logprob"":-5.4635796546936035,""mean_token_logprob"":-5.4635796546936035,""token_logprobs"":[-5.4635796546936035]},{""candidate"":""A"",""token_ids"":[32],""token_count"":1,""sequence_logprob"":-1.432329535484314,""mean_token_logprob"":-1.432329535484314,""token_logprobs"":[-1.432329535484314]},{""candidate"":""B"",""token_ids"":[33],""token_count"":1,""sequence_logprob"":-1.307329535484314,""mean_token_logprob"":-1.307329535484314,""token_logprobs"":[-1.307329535484314]}]",C,false
799377,Tsik,A,0,0,audio_icl_candidate,candidate,,"[{""candidate"":""C"",""token_ids"":[34],""token_count"":1,""sequence_logprob"":-1.2766311168670654,""mean_token_logprob"":-1.2766311168670654,""token_logprobs"":[-1.2766311168670654]},{""candidate"":""D"",""token_ids"":[35],""token_count"":1,""sequence_logprob"":-3.4641311168670654,""mean_token_logprob"":-3.4641311168670654,""token_logprobs"":[-3.4641311168670654]},{""candidate"":""E"",""token_ids"":[36],""token_count"":1,""sequence_logprob"":-1.9016311168670654,""mean_token_logprob"":-1.9016311168670654,""token_logprobs"":[-1.9016311168670654]},{""candidate"":""F"",""token_ids"":[37],""token_count"":1,""sequence_logprob"":-5.7766313552856445,""mean_token_logprob"":-5.7766313552856445,""token_logprobs"":[-5.7766313552856445]},{""candidate"":""A"",""token_ids"":[32],""token_count"":1,""sequence_logprob"":-1.3391311168670654,""mean_token_logprob"":-1.3391311168670654,""token_logprobs"":[-1.3391311168670654]},{""candidate"":""B"",""token_ids"":[33],""token_count"":1,""sequence_logprob"":-1.4016311168670654,""mean_token_logprob"":-1.4016311168670654,""token_logprobs"":[-1.4016311168670654]}]",C,false
859379,Trill,F,0,0,audio_icl_candidate,candidate,,"[{""candidate"":""C"",""token_ids"":[34],""token_count"":1,""sequence_logprob"":-1.3646169900894165,""mean_token_logprob"":-1.3646169900894165,""token_logprobs"":[-1.3646169900894165]},{""candidate"":""D"",""token_ids"":[35],""token_count"":1,""sequence_logprob"":-3.302116870880127,""mean_token_logprob"":-3.302116870880127,""token_logprobs"":[-3.302116870880127]},{""candidate"":""E"",""token_ids"":[36],""token_count"":1,""sequence_logprob"":-2.177116870880127,""mean_token_logprob"":-2.177116870880127,""token_logprobs"":[-2.177116870880127]},{""candidate"":""F"",""token_ids"":[37],""token_count"":1,""sequence_logprob"":-2.114616870880127,""mean_token_logprob"":-2.114616870880127,""token_logprobs"":[-2.114616870880127]},{""candidate"":""A"",""token_ids"":[32],""token_count"":1,""sequence_logprob"":-1.5521169900894165,""mean_token_logprob"":-1.5521169900894165,""token_logprobs"":[-1.5521169900894165]},{""candidate"":""B"",""token_ids"":[33],""token_count"":1,""sequence_logprob"":-1.4271169900894165,""mean_token_logprob"":-1.4271169900894165,""token_logprobs"":[-1.4271169900894165]}]",C,false
860537,Phee,D,0,0,audio_icl_candidate,candidate,,"[{""candidate"":""C"",""token_ids"":[34],""token_count"":1,""sequence_logprob"":-1.4911900758743286,""mean_token_logprob"":-1.4911900758743286,""token_logprobs"":[-1.4911900758743286]},{""candidate"":""D"",""token_ids"":[35],""token_count"":1,""sequence_logprob"":-2.866189956665039,""mean_token_logprob"":-2.866189956665039,""token_logprobs"":[-2.866189956665039]},{""candidate"":""E"",""token_ids"":[36],""token_count"":1,""sequence_logprob"":-1.9911900758743286,""mean_token_logprob"":-1.9911900758743286,""token_logprobs"":[-1.9911900758743286]},{""candidate"":""F"",""token_ids"":[37],""token_count"":1,""sequence_logprob"":-5.022439956665039,""mean_token_logprob"":-5.022439956665039,""token_logprobs"":[-5.022439956665039]},{""candidate"":""A"",""token_ids"":[32],""token_count"":1,""sequence_logprob"":-1.4286900758743286,""mean_token_logprob"":-1.4286900758743286,""token_logprobs"":[-1.4286900758743286]},{""candidate"":""B"",""token_ids"":[33],""token_count"":1,""sequence_logprob"":-1.2411900758743286,""mean_token_logprob"":-1.2411900758743286,""token_logprobs"":[-1.2411900758743286]}]",B,false
861790,Trill,F,0,0,audio_icl_candidate,candidate,,"[{""candidate"":""C"",""token_ids"":[34],""token_count"":1,""sequence_logprob"":-1.3567607402801514,""mean_token_logprob"":-1.3567607402801514,""token_logprobs"":[-1.3567607402801514]},{""candidate"":""D"",""token_ids"":[35],""token_count"":1,""sequence_logprob"":-3.4192607402801514,""mean_token_logprob"":-3.4192607402801514,""token_logprobs"":[-3.4192607402801514]},{""candidate"":""E"",""token_ids"":[36],""token_count"":1,""sequence_logprob"":-1.9817607402801514,""mean_token_logprob"":-1.9817607402801514,""token_logprobs"":[-1.9817607402801514]},{""candidate"":""F"",""token_ids"":[37],""token_count"":1,""sequence_logprob"":-2.8567607402801514,""mean_token_logprob"":-2.8567607402801514,""token_logprobs"":[-2.8567607402801514]},{""candidate"":""A"",""token_ids"":[32],""token_count"":1,""sequence_logprob"":-1.4192607402801514,""mean_token_logprob"":-1.4192607402801514,""token_logprobs"":[-1.4192607402801514]},{""candidate"":""B"",""token_ids"":[33],""token_count"":1,""sequence_logprob"":-1.4192607402801514,""mean_token_logprob"":-1.4192607402801514,""token_logprobs"":[-1.4192607402801514]}]",C,false
31471,Tsik,A,1,6,audio_icl_candidate,candidate,,"[{""candidate"":""C"",""token_ids"":[34],""token_count"":1,""sequence_logprob"":-1.5495082139968872,""mean_token_logprob"":-1.5495082139968872,""token_logprobs"":[-1.5495082139968872]},{""candidate"":""D"",""token_ids"":[35],""token_count"":1,""sequence_logprob"":-5.362008094787598,""mean_token_logprob"":-5.362008094787598,""token_logprobs"":[-5.362008094787598]},{""candidate"":""E"",""token_ids"":[36],""token_count"":1,""sequence_logprob"":-1.2370082139968872,""mean_token_logprob"":-1.2370082139968872,""token_logprobs"":[-1.2370082139968872]},{""candidate"":""F"",""token_ids"":[37],""token_count"":1,""sequence_logprob"":-1.7370082139968872,""mean_token_logprob"":-1.7370082139968872,""token_logprobs"":[-1.7370082139968872]},{""candidate"":""A"",""token_ids"":[32],""token_count"":1,""sequence_logprob"":-1.4245082139968872,""mean_token_logprob"":-1.4245082139968872,""token_logprobs"":[-1.4245082139968872]},{""candidate"":""B"",""token_ids"":[33],""token_count"":1,""sequence_logprob"":-3.1745080947875977,""mean_token_logprob"":-3.1745080947875977,""token_logprobs"":[-3.1745080947875977]}]",E,false
31828,Seep,E,1,6,audio_icl_candidate,candidate,,"[{""candidate"":""C"",""token_ids"":[34],""token_count"":1,""sequence_logprob"":-1.724886417388916,""mean_token_logprob"":-1.724886417388916,""token_logprobs"":[-1.724886417388916]},{""candidate"":""D"",""token_ids"":[35],""token_count"":1,""sequence_logprob"":-5.349886417388916,""mean_token_logprob"":-5.349886417388916,""token_logprobs"":[-5.349886417388916]},{""candidate"":""E"",""token_ids"":[36],""token_count"":1,""sequence_logprob"":-0.912386417388916,""mean_token_logprob"":-0.912386417388916,""token_logprobs"":[-0.912386417388916]},{""candidate"":""F"",""token_ids"":[37],""token_count"":1,""sequence_logprob"":-2.974886417388916,""mean_token_logprob"":-2.974886417388916,""token_logprobs"":[-2.974886417388916]},{""candidate"":""A"",""token_ids"":[32],""token_count"":1,""sequence_logprob"":-1.412386417388916,""mean_token_logprob"":-1.412386417388916,""token_logprobs"":[-1.412386417388916]},{""candidate"":""B"",""token_ids"":[33],""token_count"":1,""sequence_logprob"":-2.474886417388916,""mean_token_logprob"":-2.474886417388916,""token_logprobs"":[-2.474886417388916]}]",E,true
34756,Phee,D,1,6,audio_icl_candidate,candidate,,"[{""candidate"":""C"",""token_ids"":[34],""token_count"":1,""sequence_logprob"":-1.7596311569213867,""mean_token_logprob"":-1.7596311569213867,""token_logprobs"":[-1.7596311569213867]},{""candidate"":""D"",""token_ids"":[35],""token_count"":1,""sequence_logprob"":-5.509631156921387,""mean_token_logprob"":-5.509631156921387,""token_logprobs"":[-5.509631156921387]},{""candidate"":""E"",""token_ids"":[36],""token_count"":1,""sequence_logprob"":-0.8846311569213867,""mean_token_logprob"":-0.8846311569213867,""token_logprobs"":[-0.8846311569213867]},{""candidate"":""F"",""token_ids"":[37],""token_count"":1,""sequence_logprob"":-2.5721311569213867,""mean_token_logprob"":-2.5721311569213867,""token_logprobs"":[-2.5721311569213867]},{""candidate"":""A"",""token_ids"":[32],""token_count"":1,""sequence_logprob"":-1.5096311569213867,""mean_token_logprob"":-1.5096311569213867,""token_logprobs"":[-1.5096311569213867]},{""candidate"":""B"",""token_ids"":[33],""token_count"":1,""sequence_logprob"":-2.5096311569213867,""mean_token_logprob"":-2.5096311569213867,""token_logprobs"":[-2.5096311569213867]}]",E,false
36485,Phee,D,1,6,audio_icl_candidate,candidate,,"[{""candidate"":""C"",""token_ids"":[34],""token_count"":1,""sequence_logprob"":-1.7004201412200928,""mean_token_logprob"":-1.7004201412200928,""token_logprobs"":[-1.7004201412200928]},{""candidate"":""D"",""token_ids"":[35],""token_count"":1,""sequence_logprob"":-5.012919902801514,""mean_token_logprob"":-5.012919902801514,""token_logprobs"":[-5.012919902801514]},{""candidate"":""E"",""token_ids"":[36],""token_count"":1,""sequence_logprob"":-0.825420081615448,""mean_token_logprob"":-0.825420081615448,""token_logprobs"":[-0.825420081615448]},{""candidate"":""F"",""token_ids"":[37],""token_count"":1,""sequence_logprob"":-2.5129201412200928,""mean_token_logprob"":-2.5129201412200928,""token_logprobs"":[-2.5129201412200928]},{""candidate"":""A"",""token_ids"":[32],""token_count"":1,""sequence_logprob"":-1.5754201412200928,""mean_token_logprob"":-1.5754201412200928,""token_logprobs"":[-1.5754201412200928]},{""candidate"":""B"",""token_ids"":[33],""token_count"":1,""sequence_logprob"":-3.0129201412200928,""mean_token_logprob"":-3.0129201412200928,""token_logprobs"":[-3.0129201412200928]}]",E,false
36522,Twitter,B,1,6,audio_icl_candidate,candidate,,"[{""candidate"":""C"",""token_ids"":[34],""token_count"":1,""sequence_logprob"":-1.775099515914917,""mean_token_logprob"":-1.775099515914917,""token_logprobs"":[-1.775099515914917]},{""candidate"":""D"",""token_ids"":[35],""token_count"":1,""sequence_logprob"":-5.212599754333496,""mean_token_logprob"":-5.212599754333496,""token_logprobs"":[-5.212599754333496]},{""candidate"":""E"",""token_ids"":[36],""token_count"":1,""sequence_logprob"":-0.6500995755195618,""mean_token_logprob"":-0.6500995755195618,""token_logprobs"":[-0.6500995755195618]},{""candidate"":""F"",""token_ids"":[37],""token_count"":1,""sequence_logprob"":-3.150099515914917,""mean_token_logprob"":-3.150099515914917,""token_logprobs"":[-3.150099515914917]},{""candidate"":""A"",""token_ids"":[32],""token_count"":1,""sequence_logprob"":-1.650099515914917,""mean_token_logprob"":-1.650099515914917,""token_logprobs"":[-1.650099515914917]},{""candidate"":""B"",""token_ids"":[33],""token_count"":1,""sequence_logprob"":-3.337599515914917,""mean_token_logprob"":-3.337599515914917,""token_logprobs"":[-3.337599515914917]}]",E,false
405841,Infant Cry,C,1,6,audio_icl_candidate,candidate,,"[{""candidate"":""C"",""token_ids"":[34],""token_count"":1,""sequence_logprob"":-1.6385867595672607,""mean_token_logprob"":-1.6385867595672607,""token_logprobs"":[-1.6385867595672607]},{""candidate"":""D"",""token_ids"":[35],""token_count"":1,""sequence_logprob"":-5.826086521148682,""mean_token_logprob"":-5.826086521148682,""token_logprobs"":[-5.826086521148682]},{""candidate"":""E"",""token_ids"":[36],""token_count"":1,""sequence_logprob"":-0.888586699962616,""mean_token_logprob"":-0.888586699962616,""token_logprobs"":[-0.888586699962616]},{""candidate"":""F"",""token_ids"":[37],""token_count"":1,""sequence_logprob"":-2.2635867595672607,""mean_token_logprob"":-2.2635867595672607,""token_logprobs"":[-2.2635867595672607]},{""candidate"":""A"",""token_ids"":[32],""token_count"":1,""sequence_logprob"":-1.6385867595672607,""mean_token_logprob"":-1.6385867595672607,""token_logprobs"":[-1.6385867595672607]},{""candidate"":""B"",""token_ids"":[33],""token_count"":1,""sequence_logprob"":-2.8885867595672607,""mean_token_logprob"":-2.8885867595672607,""token_logprobs"":[-2.8885867595672607]}]",E,false
408631,Phee,D,1,6,audio_icl_candidate,candidate,,"[{""candidate"":""C"",""token_ids"":[34],""token_count"":1,""sequence_logprob"":-1.6642169952392578,""mean_token_logprob"":-1.6642169952392578,""token_logprobs"":[-1.6642169952392578]},{""candidate"":""D"",""token_ids"":[35],""token_count"":1,""sequence_logprob"":-5.414216995239258,""mean_token_logprob"":-5.414216995239258,""token_logprobs"":[-5.414216995239258]},{""candidate"":""E"",""token_ids"":[36],""token_count"":1,""sequence_logprob"":-0.914216935634613,""mean_token_logprob"":-0.914216935634613,""token_logprobs"":[-0.914216935634613]},{""candidate"":""F"",""token_ids"":[37],""token_count"":1,""sequence_logprob"":-2.039216995239258,""mean_token_logprob"":-2.039216995239258,""token_logprobs"":[-2.039216995239258]},{""candidate"":""A"",""token_ids"":[32],""token_count"":1,""sequence_logprob"":-1.6642169952392578,""mean_token_logprob"":-1.6642169952392578,""token_logprobs"":[-1.6642169952392578]},{""candidate"":""B"",""token_ids"":[33],""token_count"":1,""sequence_logprob"":-2.914216995239258,""mean_token_logprob"":-2.914216995239258,""token_logprobs"":[-2.914216995239258]}]",E,false
50919,Tsik,A,1,6,audio_icl_candidate,candidate,,"[{""candidate"":""C"",""token_ids"":[34],""token_count"":1,""sequence_logprob"":-1.6277071237564087,""mean_token_logprob"":-1.6277071237564087,""token_logprobs"":[-1.6277071237564087]},{""candidate"":""D"",""token_ids"":[35],""token_count"":1,""sequence_logprob"":-5.627707004547119,""mean_token_logprob"":-5.627707004547119,""token_logprobs"":[-5.627707004547119]},{""candidate"":""E"",""token_ids"":[36],""token_count"":1,""sequence_logprob"":-0.8777071237564087,""mean_token_logprob"":-0.8777071237564087,""token_logprobs"":[-0.8777071237564087]},{""candidate"":""F"",""token_ids"":[37],""token_count"":1,""sequence_logprob"":-2.377707004547119,""mean_token_logprob"":-2.377707004547119,""token_logprobs"":[-2.377707004547119]},{""candidate"":""A"",""token_ids"":[32],""token_count"":1,""sequence_logprob"":-1.6277071237564087,""mean_token_logprob"":-1.6277071237564087,""token_logprobs"":[-1.6277071237564087]},{""candidate"":""B"",""token_ids"":[33],""token_count"":1,""sequence_logprob"":-2.940207004547119,""mean_token_logprob"":-2.940207004547119,""token_logprobs"":[-2.940207004547119]}]",E,false
51436,Trill,F,1,6,audio_icl_candidate,candidate,,"[{""candidate"":""C"",""token_ids"":[34],""token_count"":1,""sequence_logprob"":-1.7371535301208496,""mean_token_logprob"":-1.7371535301208496,""token_logprobs"":[-1.7371535301208496]},{""candidate"":""D"",""token_ids"":[35],""token_count"":1,""sequence_logprob"":-5.36215353012085,""mean_token_logprob"":-5.36215353012085,""token_logprobs"":[-5.36215353012085]},{""candidate"":""E"",""token_ids"":[36],""token_count"":1,""sequence_logprob"":-0.8621535301208496,""mean_token_logprob"":-0.8621535301208496,""token_logprobs"":[-0.8621535301208496]},{""candidate"":""F"",""token_ids"":[37],""token_count"":1,""sequence_logprob"":-2.5496535301208496,""mean_token_logprob"":-2.5496535301208496,""token_logprobs"":[-2.5496535301208496]},{""candidate"":""A"",""token_ids"":[32],""token_count"":1,""sequence_logprob"":-1.4871535301208496,""mean_token_logprob"":-1.4871535301208496,""token_logprobs"":[-1.4871535301208496]},{""candidate"":""B"",""token_ids"":[33],""token_count"":1,""sequence_logprob"":-2.7996535301208496,""mean_token_logprob"":-2.7996535301208496,""token_logprobs"":[-2.7996535301208496]}]",E,false
517703,Trill,F,1,6,audio_icl_candidate,candidate,,"[{""candidate"":""C"",""token_ids"":[34],""token_count"":1,""sequence_logprob"":-1.6218290328979492,""mean_token_logprob"":-1.6218290328979492,""token_logprobs"":[-1.6218290328979492]},{""candidate"":""D"",""token_ids"":[35],""token_count"":1,""sequence_logprob"":-5.121829032897949,""mean_token_logprob"":-5.121829032897949,""token_logprobs"":[-5.121829032897949]},{""candidate"":""E"",""token_ids"":[36],""token_count"":1,""sequence_logprob"":-0.934329092502594,""mean_token_logprob"":-0.934329092502594,""token_logprobs"":[-0.934329092502594]},{""candidate"":""F"",""token_ids"":[37],""token_count"":1,""sequence_logprob"":-2.434329032897949,""mean_token_logprob"":-2.434329032897949,""token_logprobs"":[-2.434329032897949]},{""candidate"":""A"",""token_ids"":[32],""token_count"":1,""sequence_logprob"":-1.5593290328979492,""mean_token_logprob"":-1.5593290328979492,""token_logprobs"":[-1.5593290328979492]},{""candidate"":""B"",""token_ids"":[33],""token_count"":1,""sequence_logprob"":-2.746829032897949,""mean_token_logprob"":-2.746829032897949,""token_logprobs"":[-2.746829032897949]}]",E,false
518079,Phee,D,1,6,audio_icl_candidate,candidate,,"[{""candidate"":""C"",""token_ids"":[34],""token_count"":1,""sequence_logprob"":-1.6990723609924316,""mean_token_logprob"":-1.6990723609924316,""token_logprobs"":[-1.6990723609924316]},{""candidate"":""D"",""token_ids"":[35],""token_count"":1,""sequence_logprob"":-5.574072360992432,""mean_token_logprob"":-5.574072360992432,""token_logprobs"":[-5.574072360992432]},{""candidate"":""E"",""token_ids"":[36],""token_count"":1,""sequence_logprob"":-0.8240724205970764,""mean_token_logprob"":-0.8240724205970764,""token_logprobs"":[-0.8240724205970764]},{""candidate"":""F"",""token_ids"":[37],""token_count"":1,""sequence_logprob"":-2.5115723609924316,""mean_token_logprob"":-2.5115723609924316,""token_logprobs"":[-2.5115723609924316]},{""candidate"":""A"",""token_ids"":[32],""token_count"":1,""sequence_logprob"":-1.5740723609924316,""mean_token_logprob"":-1.5740723609924316,""token_logprobs"":[-1.5740723609924316]},{""candidate"":""B"",""token_ids"":[33],""token_count"":1,""sequence_logprob"":-2.8865723609924316,""mean_token_logprob"":-2.8865723609924316,""token_logprobs"":[-2.8865723609924316]}]",E,false
521545,Phee,D,1,6,audio_icl_candidate,candidate,,"[{""candidate"":""C"",""token_ids"":[34],""token_count"":1,""sequence_logprob"":-1.622348666191101,""mean_token_logprob"":-1.622348666191101,""token_logprobs"":[-1.622348666191101]},{""candidate"":""D"",""token_ids"":[35],""token_count"":1,""sequence_logprob"":-5.434848785400391,""mean_token_logprob"":-5.434848785400391,""token_logprobs"":[-5.434848785400391]},{""candidate"":""E"",""token_ids"":[36],""token_count"":1,""sequence_logprob"":-0.8723486661911011,""mean_token_logprob"":-0.8723486661911011,""token_logprobs"":[-0.8723486661911011]},{""candidate"":""F"",""token_ids"":[37],""token_count"":1,""sequence_logprob"":-2.8098487854003906,""mean_token_logprob"":-2.8098487854003906,""token_logprobs"":[-2.8098487854003906]},{""candidate"":""A"",""token_ids"":[32],""token_count"":1,""sequence_logprob"":-1.622348666191101,""mean_token_logprob"":-1.622348666191101,""token_logprobs"":[-1.622348666191101]},{""candidate"":""B"",""token_ids"":[33],""token_count"":1,""sequence_logprob"":-2.5598487854003906,""mean_token_logprob"":-2.5598487854003906,""token_logprobs"":[-2.5598487854003906]}]",E,false
52861,Trill,F,1,6,audio_icl_candidate,candidate,,"[{""candidate"":""C"",""token_ids"":[34],""token_count"":1,""sequence_logprob"":-1.5858521461486816,""mean_token_logprob"":-1.5858521461486816,""token_logprobs"":[-1.5858521461486816]},{""candidate"":""D"",""token_ids"":[35],""token_count"":1,""sequence_logprob"":-5.523352146148682,""mean_token_logprob"":-5.523352146148682,""token_logprobs"":[-5.523352146148682]},{""candidate"":""E"",""token_ids"":[36],""token_count"":1,""sequence_logprob"":-0.8983521461486816,""mean_token_logprob"":-0.8983521461486816,""token_logprobs"":[-0.8983521461486816]},{""candidate"":""F"",""token_ids"":[37],""token_count"":1,""sequence_logprob"":-2.5233521461486816,""mean_token_logprob"":-2.5233521461486816,""token_logprobs"":[-2.5233521461486816]},{""candidate"":""A"",""token_ids"":[32],""token_count"":1,""sequence_logprob"":-1.5858521461486816,""mean_token_logprob"":-1.5858521461486816,""token_logprobs"":[-1.5858521461486816]},{""candidate"":""B"",""token_ids"":[33],""token_count"":1,""sequence_logprob"":-2.8358521461486816,""mean_token_logprob"":-2.8358521461486816,""token_logprobs"":[-2.8358521461486816]}]",E,false
533988,Seep,E,1,6,audio_icl_candidate,candidate,,"[{""candidate"":""C"",""token_ids"":[34],""token_count"":1,""sequence_logprob"":-1.6290569305419922,""mean_token_logprob"":-1.6290569305419922,""token_logprobs"":[-1.6290569305419922]},{""candidate"":""D"",""token_ids"":[35],""token_count"":1,""sequence_logprob"":-5.691556930541992,""mean_token_logprob"":-5.691556930541992,""token_logprobs"":[-5.691556930541992]},{""candidate"":""E"",""token_ids"":[36],""token_count"":1,""sequence_logprob"":-0.879056990146637,""mean_token_logprob"":-0.879056990146637,""token_logprobs"":[-0.879056990146637]},{""candidate"":""F"",""token_ids"":[37],""token_count"":1,""sequence_logprob"":-2.691556930541992,""mean_token_logprob"":-2.691556930541992,""token_logprobs"":[-2.691556930541992]},{""candidate"":""A"",""token_ids"":[32],""token_count"":1,""sequence_logprob"":-1.5665569305419922,""mean_token_logprob"":-1.5665569305419922,""token_logprobs"":[-1.5665569305419922]},{""candidate"":""B"",""token_ids"":[33],""token_count"":1,""sequence_logprob"":-2.691556930541992,""mean_token_logprob"":-2.691556930541992,""token_logprobs"":[-2.691556930541992]}]",E,true
54180,Phee,D,1,6,audio_icl_candidate,candidate,,"[{""candidate"":""C"",""token_ids"":[34],""token_count"":1,""sequence_logprob"":-1.7333993911743164,""mean_token_logprob"":-1.7333993911743164,""token_logprobs"":[-1.7333993911743164]},{""candidate"":""D"",""token_ids"":[35],""token_count"":1,""sequence_logprob"":-5.983399391174316,""mean_token_logprob"":-5.983399391174316,""token_logprobs"":[-5.983399391174316]},{""candidate"":""E"",""token_ids"":[36],""token_count"":1,""sequence_logprob"":-0.8583993911743164,""mean_token_logprob"":-0.8583993911743164,""token_logprobs"":[-0.8583993911743164]},{""candidate"":""F"",""token_ids"":[37],""token_count"":1,""sequence_logprob"":-2.6083993911743164,""mean_token_logprob"":-2.6083993911743164,""token_logprobs"":[-2.6083993911743164]},{""candidate"":""A"",""token_ids"":[32],""token_count"":1,""sequence_logprob"":-1.4833993911743164,""mean_token_logprob"":-1.4833993911743164,""token_logprobs"":[-1.4833993911743164]},{""candidate"":""B"",""token_ids"":[33],""token_count"":1,""sequence_logprob"":-2.6708993911743164,""mean_token_logprob"":-2.6708993911743164,""token_logprobs"":[-2.6708993911743164]}]",E,false
547929,Twitter,B,1,6,audio_icl_candidate,candidate,,"[{""candidate"":""C"",""token_ids"":[34],""token_count"":1,""sequence_logprob"":-1.722330093383789,""mean_token_logprob"":-1.722330093383789,""token_logprobs"":[-1.722330093383789]},{""candidate"":""D"",""token_ids"":[35],""token_count"":1,""sequence_logprob"":-5.659830093383789,""mean_token_logprob"":-5.659830093383789,""token_logprobs"":[-5.659830093383789]},{""candidate"":""E"",""token_ids"":[36],""token_count"":1,""sequence_logprob"":-0.8473300933837891,""mean_token_logprob"":-0.8473300933837891,""token_logprobs"":[-0.8473300933837891]},{""candidate"":""F"",""token_ids"":[37],""token_count"":1,""sequence_logprob"":-2.847330093383789,""mean_token_logprob"":-2.847330093383789,""token_logprobs"":[-2.847330093383789]},{""candidate"":""A"",""token_ids"":[32],""token_count"":1,""sequence_logprob"":-1.472330093383789,""mean_token_logprob"":-1.472330093383789,""token_logprobs"":[-1.472330093383789]},{""candidate"":""B"",""token_ids"":[33],""token_count"":1,""sequence_logprob"":-2.784830093383789,""mean_token_logprob"":-2.784830093383789,""token_logprobs"":[-2.784830093383789]}]",E,false
547992,Phee,D,1,6,audio_icl_candidate,candidate,,"[{""candidate"":""C"",""token_ids"":[34],""token_count"":1,""sequence_logprob"":-1.5222454071044922,""mean_token_logprob"":-1.5222454071044922,""token_logprobs"":[-1.5222454071044922]},{""candidate"":""D"",""token_ids"":[35],""token_count"":1,""sequence_logprob"":-5.584745407104492,""mean_token_logprob"":-5.584745407104492,""token_logprobs"":[-5.584745407104492]},{""candidate"":""E"",""token_ids"":[36],""token_count"":1,""sequence_logprob"":-0.959745466709137,""mean_token_logprob"":-0.959745466709137,""token_logprobs"":[-0.959745466709137]},{""candidate"":""F"",""token_ids"":[37],""token_count"":1,""sequence_logprob"":-2.647245407104492,""mean_token_logprob"":-2.647245407104492,""token_logprobs"":[-2.647245407104492]},{""candidate"":""A"",""token_ids"":[32],""token_count"":1,""sequence_logprob"":-1.5222454071044922,""mean_token_logprob"":-1.5222454071044922,""token_logprobs"":[-1.5222454071044922]},{""candidate"":""B"",""token_ids"":[33],""token_count"":1,""sequence_logprob"":-2.647245407104492,""mean_token_logprob"":-2.647245407104492,""token_logprobs"":[-2.647245407104492]}]",E,false
548798,Trill,F,1,6,audio_icl_candidate,candidate,,"[{""candidate"":""C"",""token_ids"":[34],""token_count"":1,""sequence_logprob"":-1.8046656847000122,""mean_token_logprob"":-1.8046656847000122,""token_logprobs"":[-1.8046656847000122]},{""candidate"":""D"",""token_ids"":[35],""token_count"":1,""sequence_logprob"":-5.242165565490723,""mean_token_logprob"":-5.242165565490723,""token_logprobs"":[-5.242165565490723]},{""candidate"":""E"",""token_ids"":[36],""token_count"":1,""sequence_logprob"":-0.6796656847000122,""mean_token_logprob"":-0.6796656847000122,""token_logprobs"":[-0.6796656847000122]},{""candidate"":""F"",""token_ids"":[37],""token_count"":1,""sequence_logprob"":-2.9921655654907227,""mean_token_logprob"":-2.9921655654907227,""token_logprobs"":[-2.9921655654907227]},{""candidate"":""A"",""token_ids"":[32],""token_count"":1,""sequence_logprob"":-1.6171656847000122,""mean_token_logprob"":-1.6171656847000122,""token_logprobs"":[-1.6171656847000122]},{""candidate"":""B"",""token_ids"":[33],""token_count"":1,""sequence_logprob"":-3.1796655654907227,""mean_token_logprob"":-3.1796655654907227,""token_logprobs"":[-3.1796655654907227]}]",E,false
56195,Trill,F,1,6,audio_icl_candidate,candidate,,"[{""candidate"":""C"",""token_ids"":[34],""token_count"":1,""sequence_logprob"":-1.7007155418395996,""mean_token_logprob"":-1.7007155418395996,""token_logprobs"":[-1.7007155418395996]},{""candidate"":""D"",""token_ids"":[35],""token_count"":1,""sequence_logprob"":-5.5757155418396,""mean_token_logprob"":-5.5757155418396,""token_logprobs"":[-5.5757155418396]},{""candidate"":""E"",""token_ids"":[36],""token_count"":1,""sequence_logprob"":-1.0132155418395996,""mean_token_logprob"":-1.0132155418395996,""token_logprobs"":[-1.0132155418395996]},{""candidate"":""F"",""token_ids"":[37],""token_count"":1,""sequence_logprob"":-2.3882155418395996,""mean_token_logprob"":-2.3882155418395996,""token_logprobs"":[-2.3882155418395996]},{""candidate"":""A"",""token_ids"":[32],""token_count"":1,""sequence_logprob"":-1.3882155418395996,""mean_token_logprob"":-1.3882155418395996,""token_logprobs"":[-1.3882155418395996]},{""candidate"":""B"",""token_ids"":[33],""token_count"":1,""sequence_logprob"":-2.6382155418395996,""mean_token_logprob"":-2.6382155418395996,""token_logprobs"":[-2.6382155418395996]}]",E,false
580149,Trill,F,1,6,audio_icl_candidate,candidate,,"[{""candidate"":""C"",""token_ids"":[34],""token_count"":1,""sequence_logprob"":-1.7945741415023804,""mean_token_logprob"":-1.7945741415023804,""token_logprobs"":[-1.7945741415023804]},{""candidate"":""D"",""token_ids"":[35],""token_count"":1,""sequence_logprob"":-5.35707426071167,""mean_token_logprob"":-5.35707426071167,""token_logprobs"":[-5.35707426071167]},{""candidate"":""E"",""token_ids"":[36],""token_count"":1,""sequence_logprob"":-0.7945741415023804,""mean_token_logprob"":-0.7945741415023804,""token_logprobs"":[-0.7945741415023804]},{""candidate"":""F"",""token_ids"":[37],""token_count"":1,""sequence_logprob"":-2.66957426071167,""mean_token_logprob"":-2.66957426071167,""token_logprobs"":[-2.66957426071167]},{""candidate"":""A"",""token_ids"":[32],""token_count"":1,""sequence_logprob"":-1.5445741415023804,""mean_token_logprob"":-1.5445741415023804,""token_logprobs"":[-1.5445741415023804]},{""candidate"":""B"",""token_ids"":[33],""token_count"":1,""sequence_logprob"":-2.79457426071167,""mean_token_logprob"":-2.79457426071167,""token_logprobs"":[-2.79457426071167]}]",E,false
580352,Phee,D,1,6,audio_icl_candidate,candidate,,"[{""candidate"":""C"",""token_ids"":[34],""token_count"":1,""sequence_logprob"":-1.6010222434997559,""mean_token_logprob"":-1.6010222434997559,""token_logprobs"":[-1.6010222434997559]},{""candidate"":""D"",""token_ids"":[35],""token_count"":1,""sequence_logprob"":-5.476022243499756,""mean_token_logprob"":-5.476022243499756,""token_logprobs"":[-5.476022243499756]},{""candidate"":""E"",""token_ids"":[36],""token_count"":1,""sequence_logprob"":-0.9135221838951111,""mean_token_logprob"":-0.9135221838951111,""token_logprobs"":[-0.9135221838951111]},{""candidate"":""F"",""token_ids"":[37],""token_count"":1,""sequence_logprob"":-2.663522243499756,""mean_token_logprob"":-2.663522243499756,""token_logprobs"":[-2.663522243499756]},{""candidate"":""A"",""token_ids"":[32],""token_count"":1,""sequence_logprob"":-1.5385222434997559,""mean_token_logprob"":-1.5385222434997559,""token_logprobs"":[-1.5385222434997559]},{""candidate"":""B"",""token_ids"":[33],""token_count"":1,""sequence_logprob"":-2.538522243499756,""mean_token_logprob"":-2.538522243499756,""token_logprobs"":[-2.538522243499756]}]",E,false
590590,Phee,D,1,6,audio_icl_candidate,candidate,,"[{""candidate"":""C"",""token_ids"":[34],""token_count"":1,""sequence_logprob"":-1.685384750366211,""mean_token_logprob"":-1.685384750366211,""token_logprobs"":[-1.685384750366211]},{""candidate"":""D"",""token_ids"":[35],""token_count"":1,""sequence_logprob"":-5.622884750366211,""mean_token_logprob"":-5.622884750366211,""token_logprobs"":[-5.622884750366211]},{""candidate"":""E"",""token_ids"":[36],""token_count"":1,""sequence_logprob"":-0.9353847503662109,""mean_token_logprob"":-0.9353847503662109,""token_logprobs"":[-0.9353847503662109]},{""candidate"":""F"",""token_ids"":[37],""token_count"":1,""sequence_logprob"":-1.997884750366211,""mean_token_logprob"":-1.997884750366211,""token_logprobs"":[-1.997884750366211]},{""candidate"":""A"",""token_ids"":[32],""token_count"":1,""sequence_logprob"":-1.685384750366211,""mean_token_logprob"":-1.685384750366211,""token_logprobs"":[-1.685384750366211]},{""candidate"":""B"",""token_ids"":[33],""token_count"":1,""sequence_logprob"":-2.810384750366211,""mean_token_logprob"":-2.810384750366211,""token_logprobs"":[-2.810384750366211]}]",E,false
592253,Trill,F,1,6,audio_icl_candidate,candidate,,"[{""candidate"":""C"",""token_ids"":[34],""token_count"":1,""sequence_logprob"":-1.634474277496338,""mean_token_logprob"":-1.634474277496338,""token_logprobs"":[-1.634474277496338]},{""candidate"":""D"",""token_ids"":[35],""token_count"":1,""sequence_logprob"":-5.384474277496338,""mean_token_logprob"":-5.384474277496338,""token_logprobs"":[-5.384474277496338]},{""candidate"":""E"",""token_ids"":[36],""token_count"":1,""sequence_logprob"":-0.8844742178916931,""mean_token_logprob"":-0.8844742178916931,""token_logprobs"":[-0.8844742178916931]},{""candidate"":""F"",""token_ids"":[37],""token_count"":1,""sequence_logprob"":-2.571974277496338,""mean_token_logprob"":-2.571974277496338,""token_logprobs"":[-2.571974277496338]},{""candidate"":""A"",""token_ids"":[32],""token_count"":1,""sequence_logprob"":-1.509474277496338,""mean_token_logprob"":-1.509474277496338,""token_logprobs"":[-1.509474277496338]},{""candidate"":""B"",""token_ids"":[33],""token_count"":1,""sequence_logprob"":-2.946974277496338,""mean_token_logprob"":-2.946974277496338,""token_logprobs"":[-2.946974277496338]}]",E,false
592286,Twitter,B,1,6,audio_icl_candidate,candidate,,"[{""candidate"":""C"",""token_ids"":[34],""token_count"":1,""sequence_logprob"":-1.4473211765289307,""mean_token_logprob"":-1.4473211765289307,""token_logprobs"":[-1.4473211765289307]},{""candidate"":""D"",""token_ids"":[35],""token_count"":1,""sequence_logprob"":-5.447320938110352,""mean_token_logprob"":-5.447320938110352,""token_logprobs"":[-5.447320938110352]},{""candidate"":""E"",""token_ids"":[36],""token_count"":1,""sequence_logprob"":-0.6348211765289307,""mean_token_logprob"":-0.6348211765289307,""token_logprobs"":[-0.6348211765289307]},{""candidate"":""F"",""token_ids"":[37],""token_count"":1,""sequence_logprob"":-3.7598211765289307,""mean_token_logprob"":-3.7598211765289307,""token_logprobs"":[-3.7598211765289307]},{""candidate"":""A"",""token_ids"":[32],""token_count"":1,""sequence_logprob"":-1.9473211765289307,""mean_token_logprob"":-1.9473211765289307,""token_logprobs"":[-1.9473211765289307]},{""candidate"":""B"",""token_ids"":[33],""token_count"":1,""sequence_logprob"":-3.6973211765289307,""mean_token_logprob"":-3.6973211765289307,""token_logprobs"":[-3.6973211765289307]}]",E,false
595018,Trill,F,1,6,audio_icl_candidate,candidate,,"[{""candidate"":""C"",""token_ids"":[34],""token_count"":1,""sequence_logprob"":-1.764207124710083,""mean_token_logprob"":-1.764207124710083,""token_logprobs"":[-1.764207124710083]},{""candidate"":""D"",""token_ids"":[35],""token_count"":1,""sequence_logprob"":-5.326706886291504,""mean_token_logprob"":-5.326706886291504,""token_logprobs"":[-5.326706886291504]},{""candidate"":""E"",""token_ids"":[36],""token_count"":1,""sequence_logprob"":-0.826707124710083,""mean_token_logprob"":-0.826707124710083,""token_logprobs"":[-0.826707124710083]},{""candidate"":""F"",""token_ids"":[37],""token_count"":1,""sequence_logprob"":-2.451707124710083,""mean_token_logprob"":-2.451707124710083,""token_logprobs"":[-2.451707124710083]},{""candidate"":""A"",""token_ids"":[32],""token_count"":1,""sequence_logprob"":-1.576707124710083,""mean_token_logprob"":-1.576707124710083,""token_logprobs"":[-1.576707124710083]},{""candidate"":""B"",""token_ids"":[33],""token_count"":1,""sequence_logprob"":-2.826707124710083,""mean_token_logprob"":-2.826707124710083,""token_logprobs"":[-2.826707124710083]}]",E,false
598116,Twitter,B,1,6,audio_icl_candidate,candidate,,"[{""candidate"":""C"",""token_ids"":[34],""token_count"":1,""sequence_logprob"":-1.6447535753250122,""mean_token_logprob"":-1.6447535753250122,""token_logprobs"":[-1.6447535753250122]},{""candidate"":""D"",""token_ids"":[35],""token_count"":1,""sequence_logprob"":-5.019753456115723,""mean_token_logprob"":-5.019753456115723,""token_logprobs"":[-5.019753456115723]},{""candidate"":""E"",""token_ids"":[36],""token_count"":1,""sequence_logprob"":-0.8322535753250122,""mean_token_logprob"":-0.8322535753250122,""token_logprobs"":[-0.8322535753250122]},{""candidate"":""F"",""token_ids"":[37],""token_count"":1,""sequence_logprob"":-2.8322534561157227,""mean_token_logprob"":-2.8322534561157227,""token_logprobs"":[-2.8322534561157227]},{""candidate"":""A"",""token_ids"":[32],""token_count"":1,""sequence_logprob"":-1.5197535753250122,""mean_token_logprob"":-1.5197535753250122,""token_logprobs"":[-1.5197535753250122]},{""candidate"":""B"",""token_ids"":[33],""token_count"":1,""sequence_logprob"":-2.8322534561157227,""mean_token_logprob"":-2.8322534561157227,""token_logprobs"":[-2.8322534561157227]}]",E,false
598781,Twitter,B,1,6,audio_icl_candidate,candidate,,"[{""candidate"":""C"",""token_ids"":[34],""token_count"":1,""sequence_logprob"":-1.8147776126861572,""mean_token_logprob"":-1.8147776126861572,""token_logprobs"":[-1.8147776126861572]},{""candidate"":""D"",""token_ids"":[35],""token_count"":1,""sequence_logprob"":-5.689777374267578,""mean_token_logprob"":-5.689777374267578,""token_logprobs"":[-5.689777374267578]},{""candidate"":""E"",""token_ids"":[36],""token_count"":1,""sequence_logprob"":-0.8772776126861572,""mean_token_logprob"":-0.8772776126861572,""token_logprobs"":[-0.8772776126861572]},{""candidate"":""F"",""token_ids"":[37],""token_count"":1,""sequence_logprob"":-2.4397776126861572,""mean_token_logprob"":-2.4397776126861572,""token_logprobs"":[-2.4397776126861572]},{""candidate"":""A"",""token_ids"":[32],""token_count"":1,""sequence_logprob"":-1.5022776126861572,""mean_token_logprob"":-1.5022776126861572,""token_logprobs"":[-1.5022776126861572]},{""candidate"":""B"",""token_ids"":[33],""token_count"":1,""sequence_logprob"":-2.5647776126861572,""mean_token_logprob"":-2.5647776126861572,""token_logprobs"":[-2.5647776126861572]}]",E,false
609454,Infant Cry,C,1,6,audio_icl_candidate,candidate,,"[{""candidate"":""C"",""token_ids"":[34],""token_count"":1,""sequence_logprob"":-1.6008397340774536,""mean_token_logprob"":-1.6008397340774536,""token_logprobs"":[-1.6008397340774536]},{""candidate"":""D"",""token_ids"":[35],""token_count"":1,""sequence_logprob"":-5.663339614868164,""mean_token_logprob"":-5.663339614868164,""token_logprobs"":[-5.663339614868164]},{""candidate"":""E"",""token_ids"":[36],""token_count"":1,""sequence_logprob"":-1.0383397340774536,""mean_token_logprob"":-1.0383397340774536,""token_logprobs"":[-1.0383397340774536]},{""candidate"":""F"",""token_ids"":[37],""token_count"":1,""sequence_logprob"":-2.163339614868164,""mean_token_logprob"":-2.163339614868164,""token_logprobs"":[-2.163339614868164]},{""candidate"":""A"",""token_ids"":[32],""token_count"":1,""sequence_logprob"":-1.5383397340774536,""mean_token_logprob"":-1.5383397340774536,""token_logprobs"":[-1.5383397340774536]},{""candidate"":""B"",""token_ids"":[33],""token_count"":1,""sequence_logprob"":-2.663339614868164,""mean_token_logprob"":-2.663339614868164,""token_logprobs"":[-2.663339614868164]}]",E,false
610080,Tsik,A,1,6,audio_icl_candidate,candidate,,"[{""candidate"":""C"",""token_ids"":[34],""token_count"":1,""sequence_logprob"":-1.631972312927246,""mean_token_logprob"":-1.631972312927246,""token_logprobs"":[-1.631972312927246]},{""candidate"":""D"",""token_ids"":[35],""token_count"":1,""sequence_logprob"":-5.569472312927246,""mean_token_logprob"":-5.569472312927246,""token_logprobs"":[-5.569472312927246]},{""candidate"":""E"",""token_ids"":[36],""token_count"":1,""sequence_logprob"":-0.9444723129272461,""mean_token_logprob"":-0.9444723129272461,""token_logprobs"":[-0.9444723129272461]},{""candidate"":""F"",""token_ids"":[37],""token_count"":1,""sequence_logprob"":-2.131972312927246,""mean_token_logprob"":-2.131972312927246,""token_logprobs"":[-2.131972312927246]},{""candidate"":""A"",""token_ids"":[32],""token_count"":1,""sequence_logprob"":-1.569472312927246,""mean_token_logprob"":-1.569472312927246,""token_logprobs"":[-1.569472312927246]},{""candidate"":""B"",""token_ids"":[33],""token_count"":1,""sequence_logprob"":-2.881972312927246,""mean_token_logprob"":-2.881972312927246,""token_logprobs"":[-2.881972312927246]}]",E,false
614582,Tsik,A,1,6,audio_icl_candidate,candidate,,"[{""candidate"":""C"",""token_ids"":[34],""token_count"":1,""sequence_logprob"":-1.6263865232467651,""mean_token_logprob"":-1.6263865232467651,""token_logprobs"":[-1.6263865232467651]},{""candidate"":""D"",""token_ids"":[35],""token_count"":1,""sequence_logprob"":-5.876386642456055,""mean_token_logprob"":-5.876386642456055,""token_logprobs"":[-5.876386642456055]},{""candidate"":""E"",""token_ids"":[36],""token_count"":1,""sequence_logprob"":-1.0013865232467651,""mean_token_logprob"":-1.0013865232467651,""token_logprobs"":[-1.0013865232467651]},{""candidate"":""F"",""token_ids"":[37],""token_count"":1,""sequence_logprob"":-2.1263866424560547,""mean_token_logprob"":-2.1263866424560547,""token_logprobs"":[-2.1263866424560547]},{""candidate"":""A"",""token_ids"":[32],""token_count"":1,""sequence_logprob"":-1.5013865232467651,""mean_token_logprob"":-1.5013865232467651,""token_logprobs"":[-1.5013865232467651]},{""candidate"":""B"",""token_ids"":[33],""token_count"":1,""sequence_logprob"":-2.7513866424560547,""mean_token_logprob"":-2.7513866424560547,""token_logprobs"":[-2.7513866424560547]}]",E,false
614794,Tsik,A,1,6,audio_icl_candidate,candidate,,"[{""candidate"":""C"",""token_ids"":[34],""token_count"":1,""sequence_logprob"":-1.5696078538894653,""mean_token_logprob"":-1.5696078538894653,""token_logprobs"":[-1.5696078538894653]},{""candidate"":""D"",""token_ids"":[35],""token_count"":1,""sequence_logprob"":-5.694607734680176,""mean_token_logprob"":-5.694607734680176,""token_logprobs"":[-5.694607734680176]},{""candidate"":""E"",""token_ids"":[36],""token_count"":1,""sequence_logprob"":-1.0696078538894653,""mean_token_logprob"":-1.0696078538894653,""token_logprobs"":[-1.0696078538894653]},{""candidate"":""F"",""token_ids"":[37],""token_count"":1,""sequence_logprob"":-2.069607734680176,""mean_token_logprob"":-2.069607734680176,""token_logprobs"":[-2.069607734680176]},{""candidate"":""A"",""token_ids"":[32],""token_count"":1,""sequence_logprob"":-1.4446078538894653,""mean_token_logprob"":-1.4446078538894653,""token_logprobs"":[-1.4446078538894653]},{""candidate"":""B"",""token_ids"":[33],""token_count"":1,""sequence_logprob"":-2.882107734680176,""mean_token_logprob"":-2.882107734680176,""token_logprobs"":[-2.882107734680176]}]",E,false
622260,Twitter,B,1,6,audio_icl_candidate,candidate,,"[{""candidate"":""C"",""token_ids"":[34],""token_count"":1,""sequence_logprob"":-1.6752132177352905,""mean_token_logprob"":-1.6752132177352905,""token_logprobs"":[-1.6752132177352905]},{""candidate"":""D"",""token_ids"":[35],""token_count"":1,""sequence_logprob"":-5.48771333694458,""mean_token_logprob"":-5.48771333694458,""token_logprobs"":[-5.48771333694458]},{""candidate"":""E"",""token_ids"":[36],""token_count"":1,""sequence_logprob"":-0.8002132177352905,""mean_token_logprob"":-0.8002132177352905,""token_logprobs"":[-0.8002132177352905]},{""candidate"":""F"",""token_ids"":[37],""token_count"":1,""sequence_logprob"":-3.23771333694458,""mean_token_logprob"":-3.23771333694458,""token_logprobs"":[-3.23771333694458]},{""candidate"":""A"",""token_ids"":[32],""token_count"":1,""sequence_logprob"":-1.6127132177352905,""mean_token_logprob"":-1.6127132177352905,""token_logprobs"":[-1.6127132177352905]},{""candidate"":""B"",""token_ids"":[33],""token_count"":1,""sequence_logprob"":-2.48771333694458,""mean_token_logprob"":-2.48771333694458,""token_logprobs"":[-2.48771333694458]}]",E,false
622312,Tsik,A,1,6,audio_icl_candidate,candidate,,"[{""candidate"":""C"",""token_ids"":[34],""token_count"":1,""sequence_logprob"":-1.5150880813598633,""mean_token_logprob"":-1.5150880813598633,""token_logprobs"":[-1.5150880813598633]},{""candidate"":""D"",""token_ids"":[35],""token_count"":1,""sequence_logprob"":-5.640088081359863,""mean_token_logprob"":-5.640088081359863,""token_logprobs"":[-5.640088081359863]},{""candidate"":""E"",""token_ids"":[36],""token_count"":1,""sequence_logprob"":-0.9525880813598633,""mean_token_logprob"":-0.9525880813598633,""token_logprobs"":[-0.9525880813598633]},{""candidate"":""F"",""token_ids"":[37],""token_count"":1,""sequence_logprob"":-2.7650880813598633,""mean_token_logprob"":-2.7650880813598633,""token_logprobs"":[-2.7650880813598633]},{""candidate"":""A"",""token_ids"":[32],""token_count"":1,""sequence_logprob"":-1.5150880813598633,""mean_token_logprob"":-1.5150880813598633,""token_logprobs"":[-1.5150880813598633]},{""candidate"":""B"",""token_ids"":[33],""token_count"":1,""sequence_logprob"":-2.7025880813598633,""mean_token_logprob"":-2.7025880813598633,""token_logprobs"":[-2.7025880813598633]}]",E,false
622320,Trill,F,1,6,audio_icl_candidate,candidate,,"[{""candidate"":""C"",""token_ids"":[34],""token_count"":1,""sequence_logprob"":-1.5865867137908936,""mean_token_logprob"":-1.5865867137908936,""token_logprobs"":[-1.5865867137908936]},{""candidate"":""D"",""token_ids"":[35],""token_count"":1,""sequence_logprob"":-5.586586952209473,""mean_token_logprob"":-5.586586952209473,""token_logprobs"":[-5.586586952209473]},{""candidate"":""E"",""token_ids"":[36],""token_count"":1,""sequence_logprob"":-1.0240867137908936,""mean_token_logprob"":-1.0240867137908936,""token_logprobs"":[-1.0240867137908936]},{""candidate"":""F"",""token_ids"":[37],""token_count"":1,""sequence_logprob"":-2.3365867137908936,""mean_token_logprob"":-2.3365867137908936,""token_logprobs"":[-2.3365867137908936]},{""candidate"":""A"",""token_ids"":[32],""token_count"":1,""sequence_logprob"":-1.4615867137908936,""mean_token_logprob"":-1.4615867137908936,""token_logprobs"":[-1.4615867137908936]},{""candidate"":""B"",""token_ids"":[33],""token_count"":1,""sequence_logprob"":-2.7115867137908936,""mean_token_logprob"":-2.7115867137908936,""token_logprobs"":[-2.7115867137908936]}]",E,false
622417,Seep,E,1,6,audio_icl_candidate,candidate,,"[{""candidate"":""C"",""token_ids"":[34],""token_count"":1,""sequence_logprob"":-1.5389267206192017,""mean_token_logprob"":-1.5389267206192017,""token_logprobs"":[-1.5389267206192017]},{""candidate"":""D"",""token_ids"":[35],""token_count"":1,""sequence_logprob"":-6.038926601409912,""mean_token_logprob"":-6.038926601409912,""token_logprobs"":[-6.038926601409912]},{""candidate"":""E"",""token_ids"":[36],""token_count"":1,""sequence_logprob"":-0.8514267206192017,""mean_token_logprob"":-0.8514267206192017,""token_logprobs"":[-0.8514267206192017]},{""candidate"":""F"",""token_ids"":[37],""token_count"":1,""sequence_logprob"":-2.663926601409912,""mean_token_logprob"":-2.663926601409912,""token_logprobs"":[-2.663926601409912]},{""candidate"":""A"",""token_ids"":[32],""token_count"":1,""sequence_logprob"":-1.6639267206192017,""mean_token_logprob"":-1.6639267206192017,""token_logprobs"":[-1.6639267206192017]},{""candidate"":""B"",""token_ids"":[33],""token_count"":1,""sequence_logprob"":-2.976426601409912,""mean_token_logprob"":-2.976426601409912,""token_logprobs"":[-2.976426601409912]}]",E,true
622758,Twitter,B,1,6,audio_icl_candidate,candidate,,"[{""candidate"":""C"",""token_ids"":[34],""token_count"":1,""sequence_logprob"":-1.7698014974594116,""mean_token_logprob"":-1.7698014974594116,""token_logprobs"":[-1.7698014974594116]},{""candidate"":""D"",""token_ids"":[35],""token_count"":1,""sequence_logprob"":-5.332301616668701,""mean_token_logprob"":-5.332301616668701,""token_logprobs"":[-5.332301616668701]},{""candidate"":""E"",""token_ids"":[36],""token_count"":1,""sequence_logprob"":-0.8323014974594116,""mean_token_logprob"":-0.8323014974594116,""token_logprobs"":[-0.8323014974594116]},{""candidate"":""F"",""token_ids"":[37],""token_count"":1,""sequence_logprob"":-2.707301616668701,""mean_token_logprob"":-2.707301616668701,""token_logprobs"":[-2.707301616668701]},{""candidate"":""A"",""token_ids"":[32],""token_count"":1,""sequence_logprob"":-1.4573014974594116,""mean_token_logprob"":-1.4573014974594116,""token_logprobs"":[-1.4573014974594116]},{""candidate"":""B"",""token_ids"":[33],""token_count"":1,""sequence_logprob"":-2.832301616668701,""mean_token_logprob"":-2.832301616668701,""token_logprobs"":[-2.832301616668701]}]",E,false
623382,Seep,E,1,6,audio_icl_candidate,candidate,,"[{""candidate"":""C"",""token_ids"":[34],""token_count"":1,""sequence_logprob"":-1.6359069347381592,""mean_token_logprob"":-1.6359069347381592,""token_logprobs"":[-1.6359069347381592]},{""candidate"":""D"",""token_ids"":[35],""token_count"":1,""sequence_logprob"":-5.948407173156738,""mean_token_logprob"":-5.948407173156738,""token_logprobs"":[-5.948407173156738]},{""candidate"":""E"",""token_ids"":[36],""token_count"":1,""sequence_logprob"":-1.0109069347381592,""mean_token_logprob"":-1.0109069347381592,""token_logprobs"":[-1.0109069347381592]},{""candidate"":""F"",""token_ids"":[37],""token_count"":1,""sequence_logprob"":-2.760906934738159,""mean_token_logprob"":-2.760906934738159,""token_logprobs"":[-2.760906934738159]},{""candidate"":""A"",""token_ids"":[32],""token_count"":1,""sequence_logprob"":-1.3859069347381592,""mean_token_logprob"":-1.3859069347381592,""token_logprobs"":[-1.3859069347381592]},{""candidate"":""B"",""token_ids"":[33],""token_count"":1,""sequence_logprob"":-2.510906934738159,""mean_token_logprob"":-2.510906934738159,""token_logprobs"":[-2.510906934738159]}]",E,true
623573,Twitter,B,1,6,audio_icl_candidate,candidate,,"[{""candidate"":""C"",""token_ids"":[34],""token_count"":1,""sequence_logprob"":-1.574487566947937,""mean_token_logprob"":-1.574487566947937,""token_logprobs"":[-1.574487566947937]},{""candidate"":""D"",""token_ids"":[35],""token_count"":1,""sequence_logprob"":-5.824487686157227,""mean_token_logprob"":-5.824487686157227,""token_logprobs"":[-5.824487686157227]},{""candidate"":""E"",""token_ids"":[36],""token_count"":1,""sequence_logprob"":-0.886987566947937,""mean_token_logprob"":-0.886987566947937,""token_logprobs"":[-0.886987566947937]},{""candidate"":""F"",""token_ids"":[37],""token_count"":1,""sequence_logprob"":-2.5119876861572266,""mean_token_logprob"":-2.5119876861572266,""token_logprobs"":[-2.5119876861572266]},{""candidate"":""A"",""token_ids"":[32],""token_count"":1,""sequence_logprob"":-1.574487566947937,""mean_token_logprob"":-1.574487566947937,""token_logprobs"":[-1.574487566947937]},{""candidate"":""B"",""token_ids"":[33],""token_count"":1,""sequence_logprob"":-2.9494876861572266,""mean_token_logprob"":-2.9494876861572266,""token_logprobs"":[-2.9494876861572266]}]",E,false
623621,Seep,E,1,6,audio_icl_candidate,candidate,,"[{""candidate"":""C"",""token_ids"":[34],""token_count"":1,""sequence_logprob"":-1.516157865524292,""mean_token_logprob"":-1.516157865524292,""token_logprobs"":[-1.516157865524292]},{""candidate"":""D"",""token_ids"":[35],""token_count"":1,""sequence_logprob"":-5.391158103942871,""mean_token_logprob"":-5.391158103942871,""token_logprobs"":[-5.391158103942871]},{""candidate"":""E"",""token_ids"":[36],""token_count"":1,""sequence_logprob"":-1.016157865524292,""mean_token_logprob"":-1.016157865524292,""token_logprobs"":[-1.016157865524292]},{""candidate"":""F"",""token_ids"":[37],""token_count"":1,""sequence_logprob"":-2.703657865524292,""mean_token_logprob"":-2.703657865524292,""token_logprobs"":[-2.703657865524292]},{""candidate"":""A"",""token_ids"":[32],""token_count"":1,""sequence_logprob"":-1.516157865524292,""mean_token_logprob"":-1.516157865524292,""token_logprobs"":[-1.516157865524292]},{""candidate"":""B"",""token_ids"":[33],""token_count"":1,""sequence_logprob"":-2.391157865524292,""mean_token_logprob"":-2.391157865524292,""token_logprobs"":[-2.391157865524292]}]",E,true
623676,Infant Cry,C,1,6,audio_icl_candidate,candidate,,"[{""candidate"":""C"",""token_ids"":[34],""token_count"":1,""sequence_logprob"":-1.6302902698516846,""mean_token_logprob"":-1.6302902698516846,""token_logprobs"":[-1.6302902698516846]},{""candidate"":""D"",""token_ids"":[35],""token_count"":1,""sequence_logprob"":-5.8177900314331055,""mean_token_logprob"":-5.8177900314331055,""token_logprobs"":[-5.8177900314331055]},{""candidate"":""E"",""token_ids"":[36],""token_count"":1,""sequence_logprob"":-1.0052902698516846,""mean_token_logprob"":-1.0052902698516846,""token_logprobs"":[-1.0052902698516846]},{""candidate"":""F"",""token_ids"":[37],""token_count"":1,""sequence_logprob"":-2.0677902698516846,""mean_token_logprob"":-2.0677902698516846,""token_logprobs"":[-2.0677902698516846]},{""candidate"":""A"",""token_ids"":[32],""token_count"":1,""sequence_logprob"":-1.5052902698516846,""mean_token_logprob"":-1.5052902698516846,""token_logprobs"":[-1.5052902698516846]},{""candidate"":""B"",""token_ids"":[33],""token_count"":1,""sequence_logprob"":-2.8802902698516846,""mean_token_logprob"":-2.8802902698516846,""token_logprobs"":[-2.8802902698516846]}]",E,false
623691,Infant Cry,C,1,6,audio_icl_candidate,candidate,,"[{""candidate"":""C"",""token_ids"":[34],""token_count"":1,""sequence_logprob"":-1.4912457466125488,""mean_token_logprob"":-1.4912457466125488,""token_logprobs"":[-1.4912457466125488]},{""candidate"":""D"",""token_ids"":[35],""token_count"":1,""sequence_logprob"":-5.991245746612549,""mean_token_logprob"":-5.991245746612549,""token_logprobs"":[-5.991245746612549]},{""candidate"":""E"",""token_ids"":[36],""token_count"":1,""sequence_logprob"":-0.9912457466125488,""mean_token_logprob"":-0.9912457466125488,""token_logprobs"":[-0.9912457466125488]},{""candidate"":""F"",""token_ids"":[37],""token_count"":1,""sequence_logprob"":-2.241245746612549,""mean_token_logprob"":-2.241245746612549,""token_logprobs"":[-2.241245746612549]},{""candidate"":""A"",""token_ids"":[32],""token_count"":1,""sequence_logprob"":-1.6162457466125488,""mean_token_logprob"":-1.6162457466125488,""token_logprobs"":[-1.6162457466125488]},{""candidate"":""B"",""token_ids"":[33],""token_count"":1,""sequence_logprob"":-2.866245746612549,""mean_token_logprob"":-2.866245746612549,""token_logprobs"":[-2.866245746612549]}]",E,false
623713,Seep,E,1,6,audio_icl_candidate,candidate,,"[{""candidate"":""C"",""token_ids"":[34],""token_count"":1,""sequence_logprob"":-1.5376598834991455,""mean_token_logprob"":-1.5376598834991455,""token_logprobs"":[-1.5376598834991455]},{""candidate"":""D"",""token_ids"":[35],""token_count"":1,""sequence_logprob"":-5.912659645080566,""mean_token_logprob"":-5.912659645080566,""token_logprobs"":[-5.912659645080566]},{""candidate"":""E"",""token_ids"":[36],""token_count"":1,""sequence_logprob"":-0.9126598834991455,""mean_token_logprob"":-0.9126598834991455,""token_logprobs"":[-0.9126598834991455]},{""candidate"":""F"",""token_ids"":[37],""token_count"":1,""sequence_logprob"":-2.7251598834991455,""mean_token_logprob"":-2.7251598834991455,""token_logprobs"":[-2.7251598834991455]},{""candidate"":""A"",""token_ids"":[32],""token_count"":1,""sequence_logprob"":-1.5376598834991455,""mean_token_logprob"":-1.5376598834991455,""token_logprobs"":[-1.5376598834991455]},{""candidate"":""B"",""token_ids"":[33],""token_count"":1,""sequence_logprob"":-2.7876598834991455,""mean_token_logprob"":-2.7876598834991455,""token_logprobs"":[-2.7876598834991455]}]",E,true
623831,Tsik,A,1,6,audio_icl_candidate,candidate,,"[{""candidate"":""C"",""token_ids"":[34],""token_count"":1,""sequence_logprob"":-1.4604945182800293,""mean_token_logprob"":-1.4604945182800293,""token_logprobs"":[-1.4604945182800293]},{""candidate"":""D"",""token_ids"":[35],""token_count"":1,""sequence_logprob"":-5.772994518280029,""mean_token_logprob"":-5.772994518280029,""token_logprobs"":[-5.772994518280029]},{""candidate"":""E"",""token_ids"":[36],""token_count"":1,""sequence_logprob"":-0.9604945778846741,""mean_token_logprob"":-0.9604945778846741,""token_logprobs"":[-0.9604945778846741]},{""candidate"":""F"",""token_ids"":[37],""token_count"":1,""sequence_logprob"":-2.2104945182800293,""mean_token_logprob"":-2.2104945182800293,""token_logprobs"":[-2.2104945182800293]},{""candidate"":""A"",""token_ids"":[32],""token_count"":1,""sequence_logprob"":-1.7104945182800293,""mean_token_logprob"":-1.7104945182800293,""token_logprobs"":[-1.7104945182800293]},{""candidate"":""B"",""token_ids"":[33],""token_count"":1,""sequence_logprob"":-2.8979945182800293,""mean_token_logprob"":-2.8979945182800293,""token_logprobs"":[-2.8979945182800293]}]",E,false
624179,Twitter,B,1,6,audio_icl_candidate,candidate,,"[{""candidate"":""C"",""token_ids"":[34],""token_count"":1,""sequence_logprob"":-1.7469279766082764,""mean_token_logprob"":-1.7469279766082764,""token_logprobs"":[-1.7469279766082764]},{""candidate"":""D"",""token_ids"":[35],""token_count"":1,""sequence_logprob"":-5.621927738189697,""mean_token_logprob"":-5.621927738189697,""token_logprobs"":[-5.621927738189697]},{""candidate"":""E"",""token_ids"":[36],""token_count"":1,""sequence_logprob"":-0.4969279170036316,""mean_token_logprob"":-0.4969279170036316,""token_logprobs"":[-0.4969279170036316]},{""candidate"":""F"",""token_ids"":[37],""token_count"":1,""sequence_logprob"":-3.8094279766082764,""mean_token_logprob"":-3.8094279766082764,""token_logprobs"":[-3.8094279766082764]},{""candidate"":""A"",""token_ids"":[32],""token_count"":1,""sequence_logprob"":-1.9969279766082764,""mean_token_logprob"":-1.9969279766082764,""token_logprobs"":[-1.9969279766082764]},{""candidate"":""B"",""token_ids"":[33],""token_count"":1,""sequence_logprob"":-3.6219279766082764,""mean_token_logprob"":-3.6219279766082764,""token_logprobs"":[-3.6219279766082764]}]",E,false
624712,Trill,F,1,6,audio_icl_candidate,candidate,,"[{""candidate"":""C"",""token_ids"":[34],""token_count"":1,""sequence_logprob"":-1.760444164276123,""mean_token_logprob"":-1.760444164276123,""token_logprobs"":[-1.760444164276123]},{""candidate"":""D"",""token_ids"":[35],""token_count"":1,""sequence_logprob"":-5.260444164276123,""mean_token_logprob"":-5.260444164276123,""token_logprobs"":[-5.260444164276123]},{""candidate"":""E"",""token_ids"":[36],""token_count"":1,""sequence_logprob"":-0.885444164276123,""mean_token_logprob"":-0.885444164276123,""token_logprobs"":[-0.885444164276123]},{""candidate"":""F"",""token_ids"":[37],""token_count"":1,""sequence_logprob"":-2.447944164276123,""mean_token_logprob"":-2.447944164276123,""token_logprobs"":[-2.447944164276123]},{""candidate"":""A"",""token_ids"":[32],""token_count"":1,""sequence_logprob"":-1.510444164276123,""mean_token_logprob"":-1.510444164276123,""token_logprobs"":[-1.510444164276123]},{""candidate"":""B"",""token_ids"":[33],""token_count"":1,""sequence_logprob"":-2.697944164276123,""mean_token_logprob"":-2.697944164276123,""token_logprobs"":[-2.697944164276123]}]",E,false
625053,Twitter,B,1,6,audio_icl_candidate,candidate,,"[{""candidate"":""C"",""token_ids"":[34],""token_count"":1,""sequence_logprob"":-1.7811217308044434,""mean_token_logprob"":-1.7811217308044434,""token_logprobs"":[-1.7811217308044434]},{""candidate"":""D"",""token_ids"":[35],""token_count"":1,""sequence_logprob"":-5.718621730804443,""mean_token_logprob"":-5.718621730804443,""token_logprobs"":[-5.718621730804443]},{""candidate"":""E"",""token_ids"":[36],""token_count"":1,""sequence_logprob"":-0.5311217308044434,""mean_token_logprob"":-0.5311217308044434,""token_logprobs"":[-0.5311217308044434]},{""candidate"":""F"",""token_ids"":[37],""token_count"":1,""sequence_logprob"":-3.9061217308044434,""mean_token_logprob"":-3.9061217308044434,""token_logprobs"":[-3.9061217308044434]},{""candidate"":""A"",""token_ids"":[32],""token_count"":1,""sequence_logprob"":-1.7811217308044434,""mean_token_logprob"":-1.7811217308044434,""token_logprobs"":[-1.7811217308044434]},{""candidate"":""B"",""token_ids"":[33],""token_count"":1,""sequence_logprob"":-3.4686217308044434,""mean_token_logprob"":-3.4686217308044434,""token_logprobs"":[-3.4686217308044434]}]",E,false
628729,Infant Cry,C,1,6,audio_icl_candidate,candidate,,"[{""candidate"":""C"",""token_ids"":[34],""token_count"":1,""sequence_logprob"":-1.652012586593628,""mean_token_logprob"":-1.652012586593628,""token_logprobs"":[-1.652012586593628]},{""candidate"":""D"",""token_ids"":[35],""token_count"":1,""sequence_logprob"":-5.339512825012207,""mean_token_logprob"":-5.339512825012207,""token_logprobs"":[-5.339512825012207]},{""candidate"":""E"",""token_ids"":[36],""token_count"":1,""sequence_logprob"":-1.027012586593628,""mean_token_logprob"":-1.027012586593628,""token_logprobs"":[-1.027012586593628]},{""candidate"":""F"",""token_ids"":[37],""token_count"":1,""sequence_logprob"":-2.089512586593628,""mean_token_logprob"":-2.089512586593628,""token_logprobs"":[-2.089512586593628]},{""candidate"":""A"",""token_ids"":[32],""token_count"":1,""sequence_logprob"":-1.527012586593628,""mean_token_logprob"":-1.527012586593628,""token_logprobs"":[-1.527012586593628]},{""candidate"":""B"",""token_ids"":[33],""token_count"":1,""sequence_logprob"":-2.714512586593628,""mean_token_logprob"":-2.714512586593628,""token_logprobs"":[-2.714512586593628]}]",E,false
631448,Trill,F,1,6,audio_icl_candidate,candidate,,"[{""candidate"":""C"",""token_ids"":[34],""token_count"":1,""sequence_logprob"":-1.6497218608856201,""mean_token_logprob"":-1.6497218608856201,""token_logprobs"":[-1.6497218608856201]},{""candidate"":""D"",""token_ids"":[35],""token_count"":1,""sequence_logprob"":-5.712222099304199,""mean_token_logprob"":-5.712222099304199,""token_logprobs"":[-5.712222099304199]},{""candidate"":""E"",""token_ids"":[36],""token_count"":1,""sequence_logprob"":-0.8997218608856201,""mean_token_logprob"":-0.8997218608856201,""token_logprobs"":[-0.8997218608856201]},{""candidate"":""F"",""token_ids"":[37],""token_count"":1,""sequence_logprob"":-2.64972186088562,""mean_token_logprob"":-2.64972186088562,""token_logprobs"":[-2.64972186088562]},{""candidate"":""A"",""token_ids"":[32],""token_count"":1,""sequence_logprob"":-1.5247218608856201,""mean_token_logprob"":-1.5247218608856201,""token_logprobs"":[-1.5247218608856201]},{""candidate"":""B"",""token_ids"":[33],""token_count"":1,""sequence_logprob"":-2.64972186088562,""mean_token_logprob"":-2.64972186088562,""token_logprobs"":[-2.64972186088562]}]",E,false
631485,Phee,D,1,6,audio_icl_candidate,candidate,,"[{""candidate"":""C"",""token_ids"":[34],""token_count"":1,""sequence_logprob"":-1.7453231811523438,""mean_token_logprob"":-1.7453231811523438,""token_logprobs"":[-1.7453231811523438]},{""candidate"":""D"",""token_ids"":[35],""token_count"":1,""sequence_logprob"":-5.120323181152344,""mean_token_logprob"":-5.120323181152344,""token_logprobs"":[-5.120323181152344]},{""candidate"":""E"",""token_ids"":[36],""token_count"":1,""sequence_logprob"":-0.9328231811523438,""mean_token_logprob"":-0.9328231811523438,""token_logprobs"":[-0.9328231811523438]},{""candidate"":""F"",""token_ids"":[37],""token_count"":1,""sequence_logprob"":-1.9328231811523438,""mean_token_logprob"":-1.9328231811523438,""token_logprobs"":[-1.9328231811523438]},{""candidate"":""A"",""token_ids"":[32],""token_count"":1,""sequence_logprob"":-1.6828231811523438,""mean_token_logprob"":-1.6828231811523438,""token_logprobs"":[-1.6828231811523438]},{""candidate"":""B"",""token_ids"":[33],""token_count"":1,""sequence_logprob"":-2.8078231811523438,""mean_token_logprob"":-2.8078231811523438,""token_logprobs"":[-2.8078231811523438]}]",E,false
631861,Infant Cry,C,1,6,audio_icl_candidate,candidate,,"[{""candidate"":""C"",""token_ids"":[34],""token_count"":1,""sequence_logprob"":-1.5693345069885254,""mean_token_logprob"":-1.5693345069885254,""token_logprobs"":[-1.5693345069885254]},{""candidate"":""D"",""token_ids"":[35],""token_count"":1,""sequence_logprob"":-5.694334506988525,""mean_token_logprob"":-5.694334506988525,""token_logprobs"":[-5.694334506988525]},{""candidate"":""E"",""token_ids"":[36],""token_count"":1,""sequence_logprob"":-1.0693345069885254,""mean_token_logprob"":-1.0693345069885254,""token_logprobs"":[-1.0693345069885254]},{""candidate"":""F"",""token_ids"":[37],""token_count"":1,""sequence_logprob"":-2.1943345069885254,""mean_token_logprob"":-2.1943345069885254,""token_logprobs"":[-2.1943345069885254]},{""candidate"":""A"",""token_ids"":[32],""token_count"":1,""sequence_logprob"":-1.4443345069885254,""mean_token_logprob"":-1.4443345069885254,""token_logprobs"":[-1.4443345069885254]},{""candidate"":""B"",""token_ids"":[33],""token_count"":1,""sequence_logprob"":-2.7568345069885254,""mean_token_logprob"":-2.7568345069885254,""token_logprobs"":[-2.7568345069885254]}]",E,false
631947,Tsik,A,1,6,audio_icl_candidate,candidate,,"[{""candidate"":""C"",""token_ids"":[34],""token_count"":1,""sequence_logprob"":-1.5944963693618774,""mean_token_logprob"":-1.5944963693618774,""token_logprobs"":[-1.5944963693618774]},{""candidate"":""D"",""token_ids"":[35],""token_count"":1,""sequence_logprob"":-5.656996250152588,""mean_token_logprob"":-5.656996250152588,""token_logprobs"":[-5.656996250152588]},{""candidate"":""E"",""token_ids"":[36],""token_count"":1,""sequence_logprob"":-0.9694963693618774,""mean_token_logprob"":-0.9694963693618774,""token_logprobs"":[-0.9694963693618774]},{""candidate"":""F"",""token_ids"":[37],""token_count"":1,""sequence_logprob"":-2.656996250152588,""mean_token_logprob"":-2.656996250152588,""token_logprobs"":[-2.656996250152588]},{""candidate"":""A"",""token_ids"":[32],""token_count"":1,""sequence_logprob"":-1.4694963693618774,""mean_token_logprob"":-1.4694963693618774,""token_logprobs"":[-1.4694963693618774]},{""candidate"":""B"",""token_ids"":[33],""token_count"":1,""sequence_logprob"":-2.531996250152588,""mean_token_logprob"":-2.531996250152588,""token_logprobs"":[-2.531996250152588]}]",E,false
632037,Tsik,A,1,6,audio_icl_candidate,candidate,,"[{""candidate"":""C"",""token_ids"":[34],""token_count"":1,""sequence_logprob"":-1.6504894495010376,""mean_token_logprob"":-1.6504894495010376,""token_logprobs"":[-1.6504894495010376]},{""candidate"":""D"",""token_ids"":[35],""token_count"":1,""sequence_logprob"":-5.650489330291748,""mean_token_logprob"":-5.650489330291748,""token_logprobs"":[-5.650489330291748]},{""candidate"":""E"",""token_ids"":[36],""token_count"":1,""sequence_logprob"":-1.0254894495010376,""mean_token_logprob"":-1.0254894495010376,""token_logprobs"":[-1.0254894495010376]},{""candidate"":""F"",""token_ids"":[37],""token_count"":1,""sequence_logprob"":-2.150489330291748,""mean_token_logprob"":-2.150489330291748,""token_logprobs"":[-2.150489330291748]},{""candidate"":""A"",""token_ids"":[32],""token_count"":1,""sequence_logprob"":-1.5254894495010376,""mean_token_logprob"":-1.5254894495010376,""token_logprobs"":[-1.5254894495010376]},{""candidate"":""B"",""token_ids"":[33],""token_count"":1,""sequence_logprob"":-2.462989330291748,""mean_token_logprob"":-2.462989330291748,""token_logprobs"":[-2.462989330291748]}]",E,false
632300,Phee,D,1,6,audio_icl_candidate,candidate,,"[{""candidate"":""C"",""token_ids"":[34],""token_count"":1,""sequence_logprob"":-1.7683444023132324,""mean_token_logprob"":-1.7683444023132324,""token_logprobs"":[-1.7683444023132324]},{""candidate"":""D"",""token_ids"":[35],""token_count"":1,""sequence_logprob"":-5.705844402313232,""mean_token_logprob"":-5.705844402313232,""token_logprobs"":[-5.705844402313232]},{""candidate"":""E"",""token_ids"":[36],""token_count"":1,""sequence_logprob"":-0.8933443427085876,""mean_token_logprob"":-0.8933443427085876,""token_logprobs"":[-0.8933443427085876]},{""candidate"":""F"",""token_ids"":[37],""token_count"":1,""sequence_logprob"":-2.0183444023132324,""mean_token_logprob"":-2.0183444023132324,""token_logprobs"":[-2.0183444023132324]},{""candidate"":""A"",""token_ids"":[32],""token_count"":1,""sequence_logprob"":-1.6433444023132324,""mean_token_logprob"":-1.6433444023132324,""token_logprobs"":[-1.6433444023132324]},{""candidate"":""B"",""token_ids"":[33],""token_count"":1,""sequence_logprob"":-2.7683444023132324,""mean_token_logprob"":-2.7683444023132324,""token_logprobs"":[-2.7683444023132324]}]",E,false
632381,Twitter,B,1,6,audio_icl_candidate,candidate,,"[{""candidate"":""C"",""token_ids"":[34],""token_count"":1,""sequence_logprob"":-1.657912254333496,""mean_token_logprob"":-1.657912254333496,""token_logprobs"":[-1.657912254333496]},{""candidate"":""D"",""token_ids"":[35],""token_count"":1,""sequence_logprob"":-5.657912254333496,""mean_token_logprob"":-5.657912254333496,""token_logprobs"":[-5.657912254333496]},{""candidate"":""E"",""token_ids"":[36],""token_count"":1,""sequence_logprob"":-0.9079122543334961,""mean_token_logprob"":-0.9079122543334961,""token_logprobs"":[-0.9079122543334961]},{""candidate"":""F"",""token_ids"":[37],""token_count"":1,""sequence_logprob"":-1.970412254333496,""mean_token_logprob"":-1.970412254333496,""token_logprobs"":[-1.970412254333496]},{""candidate"":""A"",""token_ids"":[32],""token_count"":1,""sequence_logprob"":-1.657912254333496,""mean_token_logprob"":-1.657912254333496,""token_logprobs"":[-1.657912254333496]},{""candidate"":""B"",""token_ids"":[33],""token_count"":1,""sequence_logprob"":-3.157912254333496,""mean_token_logprob"":-3.157912254333496,""token_logprobs"":[-3.157912254333496]}]",E,false
632863,Phee,D,1,6,audio_icl_candidate,candidate,,"[{""candidate"":""C"",""token_ids"":[34],""token_count"":1,""sequence_logprob"":-1.7682337760925293,""mean_token_logprob"":-1.7682337760925293,""token_logprobs"":[-1.7682337760925293]},{""candidate"":""D"",""token_ids"":[35],""token_count"":1,""sequence_logprob"":-5.018233776092529,""mean_token_logprob"":-5.018233776092529,""token_logprobs"":[-5.018233776092529]},{""candidate"":""E"",""token_ids"":[36],""token_count"":1,""sequence_logprob"":-0.8307338356971741,""mean_token_logprob"":-0.8307338356971741,""token_logprobs"":[-0.8307338356971741]},{""candidate"":""F"",""token_ids"":[37],""token_count"":1,""sequence_logprob"":-2.3932337760925293,""mean_token_logprob"":-2.3932337760925293,""token_logprobs"":[-2.3932337760925293]},{""candidate"":""A"",""token_ids"":[32],""token_count"":1,""sequence_logprob"":-1.6432337760925293,""mean_token_logprob"":-1.6432337760925293,""token_logprobs"":[-1.6432337760925293]},{""candidate"":""B"",""token_ids"":[33],""token_count"":1,""sequence_logprob"":-2.7057337760925293,""mean_token_logprob"":-2.7057337760925293,""token_logprobs"":[-2.7057337760925293]}]",E,false
633531,Phee,D,1,6,audio_icl_candidate,candidate,,"[{""candidate"":""C"",""token_ids"":[34],""token_count"":1,""sequence_logprob"":-1.7463295459747314,""mean_token_logprob"":-1.7463295459747314,""token_logprobs"":[-1.7463295459747314]},{""candidate"":""D"",""token_ids"":[35],""token_count"":1,""sequence_logprob"":-5.371329307556152,""mean_token_logprob"":-5.371329307556152,""token_logprobs"":[-5.371329307556152]},{""candidate"":""E"",""token_ids"":[36],""token_count"":1,""sequence_logprob"":-0.8713295459747314,""mean_token_logprob"":-0.8713295459747314,""token_logprobs"":[-0.8713295459747314]},{""candidate"":""F"",""token_ids"":[37],""token_count"":1,""sequence_logprob"":-2.4963295459747314,""mean_token_logprob"":-2.4963295459747314,""token_logprobs"":[-2.4963295459747314]},{""candidate"":""A"",""token_ids"":[32],""token_count"":1,""sequence_logprob"":-1.4963295459747314,""mean_token_logprob"":-1.4963295459747314,""token_logprobs"":[-1.4963295459747314]},{""candidate"":""B"",""token_ids"":[33],""token_count"":1,""sequence_logprob"":-2.7463295459747314,""mean_token_logprob"":-2.7463295459747314,""token_logprobs"":[-2.7463295459747314]}]",E,false
642827,Tsik,A,1,6,audio_icl_candidate,candidate,,"[{""candidate"":""C"",""token_ids"":[34],""token_count"":1,""sequence_logprob"":-1.6696178913116455,""mean_token_logprob"":-1.6696178913116455,""token_logprobs"":[-1.6696178913116455]},{""candidate"":""D"",""token_ids"":[35],""token_count"":1,""sequence_logprob"":-6.169617652893066,""mean_token_logprob"":-6.169617652893066,""token_logprobs"":[-6.169617652893066]},{""candidate"":""E"",""token_ids"":[36],""token_count"":1,""sequence_logprob"":-0.9196178913116455,""mean_token_logprob"":-0.9196178913116455,""token_logprobs"":[-0.9196178913116455]},{""candidate"":""F"",""token_ids"":[37],""token_count"":1,""sequence_logprob"":-2.4821178913116455,""mean_token_logprob"":-2.4821178913116455,""token_logprobs"":[-2.4821178913116455]},{""candidate"":""A"",""token_ids"":[32],""token_count"":1,""sequence_logprob"":-1.5446178913116455,""mean_token_logprob"":-1.5446178913116455,""token_logprobs"":[-1.5446178913116455]},{""candidate"":""B"",""token_ids"":[33],""token_count"":1,""sequence_logprob"":-2.5446178913116455,""mean_token_logprob"":-2.5446178913116455,""token_logprobs"":[-2.5446178913116455]}]",E,false
647588,Phee,D,1,6,audio_icl_candidate,candidate,,"[{""candidate"":""C"",""token_ids"":[34],""token_count"":1,""sequence_logprob"":-1.6539306640625,""mean_token_logprob"":-1.6539306640625,""token_logprobs"":[-1.6539306640625]},{""candidate"":""D"",""token_ids"":[35],""token_count"":1,""sequence_logprob"":-5.5289306640625,""mean_token_logprob"":-5.5289306640625,""token_logprobs"":[-5.5289306640625]},{""candidate"":""E"",""token_ids"":[36],""token_count"":1,""sequence_logprob"":-1.0289306640625,""mean_token_logprob"":-1.0289306640625,""token_logprobs"":[-1.0289306640625]},{""candidate"":""F"",""token_ids"":[37],""token_count"":1,""sequence_logprob"":-2.6539306640625,""mean_token_logprob"":-2.6539306640625,""token_logprobs"":[-2.6539306640625]},{""candidate"":""A"",""token_ids"":[32],""token_count"":1,""sequence_logprob"":-1.4039306640625,""mean_token_logprob"":-1.4039306640625,""token_logprobs"":[-1.4039306640625]},{""candidate"":""B"",""token_ids"":[33],""token_count"":1,""sequence_logprob"":-2.2789306640625,""mean_token_logprob"":-2.2789306640625,""token_logprobs"":[-2.2789306640625]}]",E,false
695230,Trill,F,1,6,audio_icl_candidate,candidate,,"[{""candidate"":""C"",""token_ids"":[34],""token_count"":1,""sequence_logprob"":-1.6231472492218018,""mean_token_logprob"":-1.6231472492218018,""token_logprobs"":[-1.6231472492218018]},{""candidate"":""D"",""token_ids"":[35],""token_count"":1,""sequence_logprob"":-5.373147010803223,""mean_token_logprob"":-5.373147010803223,""token_logprobs"":[-5.373147010803223]},{""candidate"":""E"",""token_ids"":[36],""token_count"":1,""sequence_logprob"":-0.873147189617157,""mean_token_logprob"":-0.873147189617157,""token_logprobs"":[-0.873147189617157]},{""candidate"":""F"",""token_ids"":[37],""token_count"":1,""sequence_logprob"":-2.4981472492218018,""mean_token_logprob"":-2.4981472492218018,""token_logprobs"":[-2.4981472492218018]},{""candidate"":""A"",""token_ids"":[32],""token_count"":1,""sequence_logprob"":-1.5606472492218018,""mean_token_logprob"":-1.5606472492218018,""token_logprobs"":[-1.5606472492218018]},{""candidate"":""B"",""token_ids"":[33],""token_count"":1,""sequence_logprob"":-2.9981472492218018,""mean_token_logprob"":-2.9981472492218018,""token_logprobs"":[-2.9981472492218018]}]",E,false
699227,Twitter,B,1,6,audio_icl_candidate,candidate,,"[{""candidate"":""C"",""token_ids"":[34],""token_count"":1,""sequence_logprob"":-1.9476367235183716,""mean_token_logprob"":-1.9476367235183716,""token_logprobs"":[-1.9476367235183716]},{""candidate"":""D"",""token_ids"":[35],""token_count"":1,""sequence_logprob"":-5.760136604309082,""mean_token_logprob"":-5.760136604309082,""token_logprobs"":[-5.760136604309082]},{""candidate"":""E"",""token_ids"":[36],""token_count"":1,""sequence_logprob"":-0.7601367235183716,""mean_token_logprob"":-0.7601367235183716,""token_logprobs"":[-0.7601367235183716]},{""candidate"":""F"",""token_ids"":[37],""token_count"":1,""sequence_logprob"":-2.760136604309082,""mean_token_logprob"":-2.760136604309082,""token_logprobs"":[-2.760136604309082]},{""candidate"":""A"",""token_ids"":[32],""token_count"":1,""sequence_logprob"":-1.5101367235183716,""mean_token_logprob"":-1.5101367235183716,""token_logprobs"":[-1.5101367235183716]},{""candidate"":""B"",""token_ids"":[33],""token_count"":1,""sequence_logprob"":-2.572636604309082,""mean_token_logprob"":-2.572636604309082,""token_logprobs"":[-2.572636604309082]}]",E,false
706021,Phee,D,1,6,audio_icl_candidate,candidate,,"[{""candidate"":""C"",""token_ids"":[34],""token_count"":1,""sequence_logprob"":-1.8842484951019287,""mean_token_logprob"":-1.8842484951019287,""token_logprobs"":[-1.8842484951019287]},{""candidate"":""D"",""token_ids"":[35],""token_count"":1,""sequence_logprob"":-5.696748733520508,""mean_token_logprob"":-5.696748733520508,""token_logprobs"":[-5.696748733520508]},{""candidate"":""E"",""token_ids"":[36],""token_count"":1,""sequence_logprob"":-0.9467484951019287,""mean_token_logprob"":-0.9467484951019287,""token_logprobs"":[-0.9467484951019287]},{""candidate"":""F"",""token_ids"":[37],""token_count"":1,""sequence_logprob"":-1.9467484951019287,""mean_token_logprob"":-1.9467484951019287,""token_logprobs"":[-1.9467484951019287]},{""candidate"":""A"",""token_ids"":[32],""token_count"":1,""sequence_logprob"":-1.5717484951019287,""mean_token_logprob"":-1.5717484951019287,""token_logprobs"":[-1.5717484951019287]},{""candidate"":""B"",""token_ids"":[33],""token_count"":1,""sequence_logprob"":-2.5717484951019287,""mean_token_logprob"":-2.5717484951019287,""token_logprobs"":[-2.5717484951019287]}]",E,false
708875,Trill,F,1,6,audio_icl_candidate,candidate,,"[{""candidate"":""C"",""token_ids"":[34],""token_count"":1,""sequence_logprob"":-1.7378616333007812,""mean_token_logprob"":-1.7378616333007812,""token_logprobs"":[-1.7378616333007812]},{""candidate"":""D"",""token_ids"":[35],""token_count"":1,""sequence_logprob"":-5.300361633300781,""mean_token_logprob"":-5.300361633300781,""token_logprobs"":[-5.300361633300781]},{""candidate"":""E"",""token_ids"":[36],""token_count"":1,""sequence_logprob"":-0.800361692905426,""mean_token_logprob"":-0.800361692905426,""token_logprobs"":[-0.800361692905426]},{""candidate"":""F"",""token_ids"":[37],""token_count"":1,""sequence_logprob"":-2.6128616333007812,""mean_token_logprob"":-2.6128616333007812,""token_logprobs"":[-2.6128616333007812]},{""candidate"":""A"",""token_ids"":[32],""token_count"":1,""sequence_logprob"":-1.5503616333007812,""mean_token_logprob"":-1.5503616333007812,""token_logprobs"":[-1.5503616333007812]},{""candidate"":""B"",""token_ids"":[33],""token_count"":1,""sequence_logprob"":-2.9253616333007812,""mean_token_logprob"":-2.9253616333007812,""token_logprobs"":[-2.9253616333007812]}]",E,false
715845,Seep,E,1,6,audio_icl_candidate,candidate,,"[{""candidate"":""C"",""token_ids"":[34],""token_count"":1,""sequence_logprob"":-1.599854826927185,""mean_token_logprob"":-1.599854826927185,""token_logprobs"":[-1.599854826927185]},{""candidate"":""D"",""token_ids"":[35],""token_count"":1,""sequence_logprob"":-5.849854946136475,""mean_token_logprob"":-5.849854946136475,""token_logprobs"":[-5.849854946136475]},{""candidate"":""E"",""token_ids"":[36],""token_count"":1,""sequence_logprob"":-0.9748548269271851,""mean_token_logprob"":-0.9748548269271851,""token_logprobs"":[-0.9748548269271851]},{""candidate"":""F"",""token_ids"":[37],""token_count"":1,""sequence_logprob"":-2.7248549461364746,""mean_token_logprob"":-2.7248549461364746,""token_logprobs"":[-2.7248549461364746]},{""candidate"":""A"",""token_ids"":[32],""token_count"":1,""sequence_logprob"":-1.474854826927185,""mean_token_logprob"":-1.474854826927185,""token_logprobs"":[-1.474854826927185]},{""candidate"":""B"",""token_ids"":[33],""token_count"":1,""sequence_logprob"":-2.5998549461364746,""mean_token_logprob"":-2.5998549461364746,""token_logprobs"":[-2.5998549461364746]}]",E,true
716490,Tsik,A,1,6,audio_icl_candidate,candidate,,"[{""candidate"":""C"",""token_ids"":[34],""token_count"":1,""sequence_logprob"":-1.8627448081970215,""mean_token_logprob"":-1.8627448081970215,""token_logprobs"":[-1.8627448081970215]},{""candidate"":""D"",""token_ids"":[35],""token_count"":1,""sequence_logprob"":-5.2377448081970215,""mean_token_logprob"":-5.2377448081970215,""token_logprobs"":[-5.2377448081970215]},{""candidate"":""E"",""token_ids"":[36],""token_count"":1,""sequence_logprob"":-0.6127448678016663,""mean_token_logprob"":-0.6127448678016663,""token_logprobs"":[-0.6127448678016663]},{""candidate"":""F"",""token_ids"":[37],""token_count"":1,""sequence_logprob"":-3.0502448081970215,""mean_token_logprob"":-3.0502448081970215,""token_logprobs"":[-3.0502448081970215]},{""candidate"":""A"",""token_ids"":[32],""token_count"":1,""sequence_logprob"":-1.6752448081970215,""mean_token_logprob"":-1.6752448081970215,""token_logprobs"":[-1.6752448081970215]},{""candidate"":""B"",""token_ids"":[33],""token_count"":1,""sequence_logprob"":-3.4252448081970215,""mean_token_logprob"":-3.4252448081970215,""token_logprobs"":[-3.4252448081970215]}]",E,false
737715,Twitter,B,1,6,audio_icl_candidate,candidate,,"[{""candidate"":""C"",""token_ids"":[34],""token_count"":1,""sequence_logprob"":-1.5411192178726196,""mean_token_logprob"":-1.5411192178726196,""token_logprobs"":[-1.5411192178726196]},{""candidate"":""D"",""token_ids"":[35],""token_count"":1,""sequence_logprob"":-5.16611909866333,""mean_token_logprob"":-5.16611909866333,""token_logprobs"":[-5.16611909866333]},{""candidate"":""E"",""token_ids"":[36],""token_count"":1,""sequence_logprob"":-0.9786192178726196,""mean_token_logprob"":-0.9786192178726196,""token_logprobs"":[-0.9786192178726196]},{""candidate"":""F"",""token_ids"":[37],""token_count"":1,""sequence_logprob"":-2.54111909866333,""mean_token_logprob"":-2.54111909866333,""token_logprobs"":[-2.54111909866333]},{""candidate"":""A"",""token_ids"":[32],""token_count"":1,""sequence_logprob"":-1.5411192178726196,""mean_token_logprob"":-1.5411192178726196,""token_logprobs"":[-1.5411192178726196]},{""candidate"":""B"",""token_ids"":[33],""token_count"":1,""sequence_logprob"":-2.66611909866333,""mean_token_logprob"":-2.66611909866333,""token_logprobs"":[-2.66611909866333]}]",E,false
738495,Trill,F,1,6,audio_icl_candidate,candidate,,"[{""candidate"":""C"",""token_ids"":[34],""token_count"":1,""sequence_logprob"":-1.5399935245513916,""mean_token_logprob"":-1.5399935245513916,""token_logprobs"":[-1.5399935245513916]},{""candidate"":""D"",""token_ids"":[35],""token_count"":1,""sequence_logprob"":-5.5399932861328125,""mean_token_logprob"":-5.5399932861328125,""token_logprobs"":[-5.5399932861328125]},{""candidate"":""E"",""token_ids"":[36],""token_count"":1,""sequence_logprob"":-0.9149934649467468,""mean_token_logprob"":-0.9149934649467468,""token_logprobs"":[-0.9149934649467468]},{""candidate"":""F"",""token_ids"":[37],""token_count"":1,""sequence_logprob"":-2.1649935245513916,""mean_token_logprob"":-2.1649935245513916,""token_logprobs"":[-2.1649935245513916]},{""candidate"":""A"",""token_ids"":[32],""token_count"":1,""sequence_logprob"":-1.7274935245513916,""mean_token_logprob"":-1.7274935245513916,""token_logprobs"":[-1.7274935245513916]},{""candidate"":""B"",""token_ids"":[33],""token_count"":1,""sequence_logprob"":-3.0399935245513916,""mean_token_logprob"":-3.0399935245513916,""token_logprobs"":[-3.0399935245513916]}]",E,false
742006,Infant Cry,C,1,6,audio_icl_candidate,candidate,,"[{""candidate"":""C"",""token_ids"":[34],""token_count"":1,""sequence_logprob"":-1.5434279441833496,""mean_token_logprob"":-1.5434279441833496,""token_logprobs"":[-1.5434279441833496]},{""candidate"":""D"",""token_ids"":[35],""token_count"":1,""sequence_logprob"":-6.16842794418335,""mean_token_logprob"":-6.16842794418335,""token_logprobs"":[-6.16842794418335]},{""candidate"":""E"",""token_ids"":[36],""token_count"":1,""sequence_logprob"":-0.9184280037879944,""mean_token_logprob"":-0.9184280037879944,""token_logprobs"":[-0.9184280037879944]},{""candidate"":""F"",""token_ids"":[37],""token_count"":1,""sequence_logprob"":-2.2309279441833496,""mean_token_logprob"":-2.2309279441833496,""token_logprobs"":[-2.2309279441833496]},{""candidate"":""A"",""token_ids"":[32],""token_count"":1,""sequence_logprob"":-1.6684279441833496,""mean_token_logprob"":-1.6684279441833496,""token_logprobs"":[-1.6684279441833496]},{""candidate"":""B"",""token_ids"":[33],""token_count"":1,""sequence_logprob"":-2.9184279441833496,""mean_token_logprob"":-2.9184279441833496,""token_logprobs"":[-2.9184279441833496]}]",E,false
755986,Tsik,A,1,6,audio_icl_candidate,candidate,,"[{""candidate"":""C"",""token_ids"":[34],""token_count"":1,""sequence_logprob"":-1.539764404296875,""mean_token_logprob"":-1.539764404296875,""token_logprobs"":[-1.539764404296875]},{""candidate"":""D"",""token_ids"":[35],""token_count"":1,""sequence_logprob"":-5.789764404296875,""mean_token_logprob"":-5.789764404296875,""token_logprobs"":[-5.789764404296875]},{""candidate"":""E"",""token_ids"":[36],""token_count"":1,""sequence_logprob"":-0.9772644639015198,""mean_token_logprob"":-0.9772644639015198,""token_logprobs"":[-0.9772644639015198]},{""candidate"":""F"",""token_ids"":[37],""token_count"":1,""sequence_logprob"":-2.039764404296875,""mean_token_logprob"":-2.039764404296875,""token_logprobs"":[-2.039764404296875]},{""candidate"":""A"",""token_ids"":[32],""token_count"":1,""sequence_logprob"":-1.727264404296875,""mean_token_logprob"":-1.727264404296875,""token_logprobs"":[-1.727264404296875]},{""candidate"":""B"",""token_ids"":[33],""token_count"":1,""sequence_logprob"":-2.789764404296875,""mean_token_logprob"":-2.789764404296875,""token_logprobs"":[-2.789764404296875]}]",E,false
758751,Phee,D,1,6,audio_icl_candidate,candidate,,"[{""candidate"":""C"",""token_ids"":[34],""token_count"":1,""sequence_logprob"":-1.6648308038711548,""mean_token_logprob"":-1.6648308038711548,""token_logprobs"":[-1.6648308038711548]},{""candidate"":""D"",""token_ids"":[35],""token_count"":1,""sequence_logprob"":-5.727330684661865,""mean_token_logprob"":-5.727330684661865,""token_logprobs"":[-5.727330684661865]},{""candidate"":""E"",""token_ids"":[36],""token_count"":1,""sequence_logprob"":-0.7898308038711548,""mean_token_logprob"":-0.7898308038711548,""token_logprobs"":[-0.7898308038711548]},{""candidate"":""F"",""token_ids"":[37],""token_count"":1,""sequence_logprob"":-2.5398306846618652,""mean_token_logprob"":-2.5398306846618652,""token_logprobs"":[-2.5398306846618652]},{""candidate"":""A"",""token_ids"":[32],""token_count"":1,""sequence_logprob"":-1.6648308038711548,""mean_token_logprob"":-1.6648308038711548,""token_logprobs"":[-1.6648308038711548]},{""candidate"":""B"",""token_ids"":[33],""token_count"":1,""sequence_logprob"":-2.9148306846618652,""mean_token_logprob"":-2.9148306846618652,""token_logprobs"":[-2.9148306846618652]}]",E,false
788000,Phee,D,1,6,audio_icl_candidate,candidate,,"[{""candidate"":""C"",""token_ids"":[34],""token_count"":1,""sequence_logprob"":-1.9823811054229736,""mean_token_logprob"":-1.9823811054229736,""token_logprobs"":[-1.9823811054229736]},{""candidate"":""D"",""token_ids"":[35],""token_count"":1,""sequence_logprob"":-5.357381343841553,""mean_token_logprob"":-5.357381343841553,""token_logprobs"":[-5.357381343841553]},{""candidate"":""E"",""token_ids"":[36],""token_count"":1,""sequence_logprob"":-0.9823811650276184,""mean_token_logprob"":-0.9823811650276184,""token_logprobs"":[-0.9823811650276184]},{""candidate"":""F"",""token_ids"":[37],""token_count"":1,""sequence_logprob"":-2.0448811054229736,""mean_token_logprob"":-2.0448811054229736,""token_logprobs"":[-2.0448811054229736]},{""candidate"":""A"",""token_ids"":[32],""token_count"":1,""sequence_logprob"":-1.4823811054229736,""mean_token_logprob"":-1.4823811054229736,""token_logprobs"":[-1.4823811054229736]},{""candidate"":""B"",""token_ids"":[33],""token_count"":1,""sequence_logprob"":-2.3573811054229736,""mean_token_logprob"":-2.3573811054229736,""token_logprobs"":[-2.3573811054229736]}]",E,false
794666,Phee,D,1,6,audio_icl_candidate,candidate,,"[{""candidate"":""C"",""token_ids"":[34],""token_count"":1,""sequence_logprob"":-1.6929351091384888,""mean_token_logprob"":-1.6929351091384888,""token_logprobs"":[-1.6929351091384888]},{""candidate"":""D"",""token_ids"":[35],""token_count"":1,""sequence_logprob"":-5.317934989929199,""mean_token_logprob"":-5.317934989929199,""token_logprobs"":[-5.317934989929199]},{""candidate"":""E"",""token_ids"":[36],""token_count"":1,""sequence_logprob"":-0.8804351091384888,""mean_token_logprob"":-0.8804351091384888,""token_logprobs"":[-0.8804351091384888]},{""candidate"":""F"",""token_ids"":[37],""token_count"":1,""sequence_logprob"":-2.567934989929199,""mean_token_logprob"":-2.567934989929199,""token_logprobs"":[-2.567934989929199]},{""candidate"":""A"",""token_ids"":[32],""token_count"":1,""sequence_logprob"":-1.5679351091384888,""mean_token_logprob"":-1.5679351091384888,""token_logprobs"":[-1.5679351091384888]},{""candidate"":""B"",""token_ids"":[33],""token_count"":1,""sequence_logprob"":-2.567934989929199,""mean_token_logprob"":-2.567934989929199,""token_logprobs"":[-2.567934989929199]}]",E,false
799377,Tsik,A,1,6,audio_icl_candidate,candidate,,"[{""candidate"":""C"",""token_ids"":[34],""token_count"":1,""sequence_logprob"":-1.490067481994629,""mean_token_logprob"":-1.490067481994629,""token_logprobs"":[-1.490067481994629]},{""candidate"":""D"",""token_ids"":[35],""token_count"":1,""sequence_logprob"":-5.802567481994629,""mean_token_logprob"":-5.802567481994629,""token_logprobs"":[-5.802567481994629]},{""candidate"":""E"",""token_ids"":[36],""token_count"":1,""sequence_logprob"":-0.8650674819946289,""mean_token_logprob"":-0.8650674819946289,""token_logprobs"":[-0.8650674819946289]},{""candidate"":""F"",""token_ids"":[37],""token_count"":1,""sequence_logprob"":-2.865067481994629,""mean_token_logprob"":-2.865067481994629,""token_logprobs"":[-2.865067481994629]},{""candidate"":""A"",""token_ids"":[32],""token_count"":1,""sequence_logprob"":-1.615067481994629,""mean_token_logprob"":-1.615067481994629,""token_logprobs"":[-1.615067481994629]},{""candidate"":""B"",""token_ids"":[33],""token_count"":1,""sequence_logprob"":-2.802567481994629,""mean_token_logprob"":-2.802567481994629,""token_logprobs"":[-2.802567481994629]}]",E,false
859379,Trill,F,1,6,audio_icl_candidate,candidate,,"[{""candidate"":""C"",""token_ids"":[34],""token_count"":1,""sequence_logprob"":-1.636383056640625,""mean_token_logprob"":-1.636383056640625,""token_logprobs"":[-1.636383056640625]},{""candidate"":""D"",""token_ids"":[35],""token_count"":1,""sequence_logprob"":-5.448883056640625,""mean_token_logprob"":-5.448883056640625,""token_logprobs"":[-5.448883056640625]},{""candidate"":""E"",""token_ids"":[36],""token_count"":1,""sequence_logprob"":-0.948883056640625,""mean_token_logprob"":-0.948883056640625,""token_logprobs"":[-0.948883056640625]},{""candidate"":""F"",""token_ids"":[37],""token_count"":1,""sequence_logprob"":-2.198883056640625,""mean_token_logprob"":-2.198883056640625,""token_logprobs"":[-2.198883056640625]},{""candidate"":""A"",""token_ids"":[32],""token_count"":1,""sequence_logprob"":-1.573883056640625,""mean_token_logprob"":-1.573883056640625,""token_logprobs"":[-1.573883056640625]},{""candidate"":""B"",""token_ids"":[33],""token_count"":1,""sequence_logprob"":-2.823883056640625,""mean_token_logprob"":-2.823883056640625,""token_logprobs"":[-2.823883056640625]}]",E,false
860537,Phee,D,1,6,audio_icl_candidate,candidate,,"[{""candidate"":""C"",""token_ids"":[34],""token_count"":1,""sequence_logprob"":-1.70665442943573,""mean_token_logprob"":-1.70665442943573,""token_logprobs"":[-1.70665442943573]},{""candidate"":""D"",""token_ids"":[35],""token_count"":1,""sequence_logprob"":-5.4566545486450195,""mean_token_logprob"":-5.4566545486450195,""token_logprobs"":[-5.4566545486450195]},{""candidate"":""E"",""token_ids"":[36],""token_count"":1,""sequence_logprob"":-0.89415442943573,""mean_token_logprob"":-0.89415442943573,""token_logprobs"":[-0.89415442943573]},{""candidate"":""F"",""token_ids"":[37],""token_count"":1,""sequence_logprob"":-2.6441545486450195,""mean_token_logprob"":-2.6441545486450195,""token_logprobs"":[-2.6441545486450195]},{""candidate"":""A"",""token_ids"":[32],""token_count"":1,""sequence_logprob"":-1.51915442943573,""mean_token_logprob"":-1.51915442943573,""token_logprobs"":[-1.51915442943573]},{""candidate"":""B"",""token_ids"":[33],""token_count"":1,""sequence_logprob"":-2.4566545486450195,""mean_token_logprob"":-2.4566545486450195,""token_logprobs"":[-2.4566545486450195]}]",E,false
861790,Trill,F,1,6,audio_icl_candidate,candidate,,"[{""candidate"":""C"",""token_ids"":[34],""token_count"":1,""sequence_logprob"":-1.8933725357055664,""mean_token_logprob"":-1.8933725357055664,""token_logprobs"":[-1.8933725357055664]},{""candidate"":""D"",""token_ids"":[35],""token_count"":1,""sequence_logprob"":-5.393372535705566,""mean_token_logprob"":-5.393372535705566,""token_logprobs"":[-5.393372535705566]},{""candidate"":""E"",""token_ids"":[36],""token_count"":1,""sequence_logprob"":-0.7683725953102112,""mean_token_logprob"":-0.7683725953102112,""token_logprobs"":[-0.7683725953102112]},{""candidate"":""F"",""token_ids"":[37],""token_count"":1,""sequence_logprob"":-2.7058725357055664,""mean_token_logprob"":-2.7058725357055664,""token_logprobs"":[-2.7058725357055664]},{""candidate"":""A"",""token_ids"":[32],""token_count"":1,""sequence_logprob"":-1.5183725357055664,""mean_token_logprob"":-1.5183725357055664,""token_logprobs"":[-1.5183725357055664]},{""candidate"":""B"",""token_ids"":[33],""token_count"":1,""sequence_logprob"":-2.7058725357055664,""mean_token_logprob"":-2.7058725357055664,""token_logprobs"":[-2.7058725357055664]}]",E,false
