model_id,event_id,condition,target,raw_prediction,prediction,correct,batch_size
Qwen/Qwen2.5-Omni-7B,193131,full_0-8k,Infant Cry,Seep,Seep,false,1
Qwen/Qwen2.5-Omni-7B,213327,full_0-8k,Infant Cry,Seep,Seep,false,1
Qwen/Qwen2.5-Omni-7B,223077,full_0-8k,Infant Cry,Tsik,Tsik,false,1
Qwen/Qwen2.5-Omni-7B,223312,full_0-8k,Infant Cry,Tsik,Tsik,false,1
Qwen/Qwen2.5-Omni-7B,223332,full_0-8k,Infant Cry,Seep,Seep,false,1
Qwen/Qwen2.5-Omni-7B,223352,full_0-8k,Infant Cry,Seep,Seep,false,1
Qwen/Qwen2.5-Omni-7B,223383,full_0-8k,Infant Cry,Seep,Seep,false,1
Qwen/Qwen2.5-Omni-7B,223396,full_0-8k,Infant Cry,Seep,Seep,false,1
Qwen/Qwen2.5-Omni-7B,223400,full_0-8k,Infant Cry,Seep,Seep,false,1
Qwen/Qwen2.5-Omni-7B,299793,full_0-8k,Infant Cry,Tsik,Tsik,false,1
Qwen/Qwen2.5-Omni-7B,329778,full_0-8k,Infant Cry,Seep,Seep,false,1
Qwen/Qwen2.5-Omni-7B,342684,full_0-8k,Infant Cry,Seep,Seep,false,1
Qwen/Qwen2.5-Omni-7B,352081,full_0-8k,Infant Cry,Seep,Seep,false,1
Qwen/Qwen2.5-Omni-7B,354197,full_0-8k,Infant Cry,Tsik,Tsik,false,1
Qwen/Qwen2.5-Omni-7B,357670,full_0-8k,Infant Cry,Seep,Seep,false,1
Qwen/Qwen2.5-Omni-7B,405841,full_0-8k,Infant Cry,Seep,Seep,false,1
Qwen/Qwen2.5-Omni-7B,508764,full_0-8k,Infant Cry,Seep,Seep,false,1
Qwen/Qwen2.5-Omni-7B,508801,full_0-8k,Infant Cry,Seep,Seep,false,1
Qwen/Qwen2.5-Omni-7B,509083,full_0-8k,Infant Cry,Tsik,Tsik,false,1
Qwen/Qwen2.5-Omni-7B,509091,full_0-8k,Infant Cry,Phee,Phee,false,1
Qwen/Qwen2.5-Omni-7B,518850,full_0-8k,Infant Cry,Phee,Phee,false,1
Qwen/Qwen2.5-Omni-7B,526040,full_0-8k,Infant Cry,Seep,Seep,false,1
Qwen/Qwen2.5-Omni-7B,526671,full_0-8k,Infant Cry,Seep,Seep,false,1
Qwen/Qwen2.5-Omni-7B,526711,full_0-8k,Infant Cry,Seep,Seep,false,1
Qwen/Qwen2.5-Omni-7B,540984,full_0-8k,Infant Cry,Seep,Seep,false,1
Qwen/Qwen2.5-Omni-7B,558438,full_0-8k,Infant Cry,Seep,Seep,false,1
Qwen/Qwen2.5-Omni-7B,558594,full_0-8k,Infant Cry,Seep,Seep,false,1
Qwen/Qwen2.5-Omni-7B,558633,full_0-8k,Infant Cry,Phee,Phee,false,1
Qwen/Qwen2.5-Omni-7B,565266,full_0-8k,Infant Cry,Phee,Phee,false,1
Qwen/Qwen2.5-Omni-7B,583214,full_0-8k,Infant Cry,Phee,Phee,false,1
Qwen/Qwen2.5-Omni-7B,604234,full_0-8k,Infant Cry,Seep,Seep,false,1
Qwen/Qwen2.5-Omni-7B,609454,full_0-8k,Infant Cry,Seep,Seep,false,1
Qwen/Qwen2.5-Omni-7B,612455,full_0-8k,Infant Cry,Seep,Seep,false,1
Qwen/Qwen2.5-Omni-7B,618440,full_0-8k,Infant Cry,Tsik,Tsik,false,1
Qwen/Qwen2.5-Omni-7B,623691,full_0-8k,Infant Cry,Seep,Seep,false,1
Qwen/Qwen2.5-Omni-7B,628729,full_0-8k,Infant Cry,Seep,Seep,false,1
Qwen/Qwen2.5-Omni-7B,631861,full_0-8k,Infant Cry,Tsik,Tsik,false,1
Qwen/Qwen2.5-Omni-7B,6633,full_0-8k,Infant Cry,Tsik,Tsik,false,1
Qwen/Qwen2.5-Omni-7B,667865,full_0-8k,Infant Cry,Seep,Seep,false,1
Qwen/Qwen2.5-Omni-7B,667905,full_0-8k,Infant Cry,Seep,Seep,false,1
Qwen/Qwen2.5-Omni-7B,670039,full_0-8k,Infant Cry,Phee,Phee,false,1
Qwen/Qwen2.5-Omni-7B,691528,full_0-8k,Infant Cry,Tsik,Tsik,false,1
Qwen/Qwen2.5-Omni-7B,693164,full_0-8k,Infant Cry,Seep,Seep,false,1
Qwen/Qwen2.5-Omni-7B,731937,full_0-8k,Infant Cry,Seep,Seep,false,1
Qwen/Qwen2.5-Omni-7B,742006,full_0-8k,Infant Cry,Phee,Phee,false,1
Qwen/Qwen2.5-Omni-7B,763863,full_0-8k,Infant Cry,Seep,Seep,false,1
Qwen/Qwen2.5-Omni-7B,765458,full_0-8k,Infant Cry,Phee,Phee,false,1
Qwen/Qwen2.5-Omni-7B,799579,full_0-8k,Infant Cry,Phee,Phee,false,1
Qwen/Qwen2.5-Omni-7B,817109,full_0-8k,Infant Cry,Seep,Seep,false,1
Qwen/Qwen2.5-Omni-7B,9024,full_0-8k,Infant Cry,Phee,Phee,false,1
Qwen/Qwen2.5-Omni-7B,108998,full_0-8k,Phee,Phee,Phee,true,1
Qwen/Qwen2.5-Omni-7B,202978,full_0-8k,Phee,Seep,Seep,false,1
Qwen/Qwen2.5-Omni-7B,221515,full_0-8k,Phee,Phee,Phee,true,1
Qwen/Qwen2.5-Omni-7B,223196,full_0-8k,Phee,Phee,Phee,true,1
Qwen/Qwen2.5-Omni-7B,223206,full_0-8k,Phee,Phee,Phee,true,1
Qwen/Qwen2.5-Omni-7B,223208,full_0-8k,Phee,Phee,Phee,true,1
Qwen/Qwen2.5-Omni-7B,268974,full_0-8k,Phee,Phee,Phee,true,1
Qwen/Qwen2.5-Omni-7B,285967,full_0-8k,Phee,Phee,Phee,true,1
Qwen/Qwen2.5-Omni-7B,36485,full_0-8k,Phee,Seep,Seep,false,1
Qwen/Qwen2.5-Omni-7B,377896,full_0-8k,Phee,Tsik,Tsik,false,1
Qwen/Qwen2.5-Omni-7B,389438,full_0-8k,Phee,Phee,Phee,true,1
Qwen/Qwen2.5-Omni-7B,395548,full_0-8k,Phee,Phee,Phee,true,1
Qwen/Qwen2.5-Omni-7B,408631,full_0-8k,Phee,Phee,Phee,true,1
Qwen/Qwen2.5-Omni-7B,508696,full_0-8k,Phee,Phee,Phee,true,1
Qwen/Qwen2.5-Omni-7B,508775,full_0-8k,Phee,Seep,Seep,false,1
Qwen/Qwen2.5-Omni-7B,508966,full_0-8k,Phee,Phee,Phee,true,1
Qwen/Qwen2.5-Omni-7B,509009,full_0-8k,Phee,Seep,Seep,false,1
Qwen/Qwen2.5-Omni-7B,509036,full_0-8k,Phee,Phee,Phee,true,1
Qwen/Qwen2.5-Omni-7B,509047,full_0-8k,Phee,Seep,Seep,false,1
Qwen/Qwen2.5-Omni-7B,509050,full_0-8k,Phee,Seep,Seep,false,1
Qwen/Qwen2.5-Omni-7B,511620,full_0-8k,Phee,Seep,Seep,false,1
Qwen/Qwen2.5-Omni-7B,525796,full_0-8k,Phee,Phee,Phee,true,1
Qwen/Qwen2.5-Omni-7B,525942,full_0-8k,Phee,Seep,Seep,false,1
Qwen/Qwen2.5-Omni-7B,527518,full_0-8k,Phee,Seep,Seep,false,1
Qwen/Qwen2.5-Omni-7B,528688,full_0-8k,Phee,Phee,Phee,true,1
Qwen/Qwen2.5-Omni-7B,536094,full_0-8k,Phee,Phee,Phee,true,1
Qwen/Qwen2.5-Omni-7B,539354,full_0-8k,Phee,Phee,Phee,true,1
Qwen/Qwen2.5-Omni-7B,54180,full_0-8k,Phee,Seep,Seep,false,1
Qwen/Qwen2.5-Omni-7B,558541,full_0-8k,Phee,Phee,Phee,true,1
Qwen/Qwen2.5-Omni-7B,582669,full_0-8k,Phee,Phee,Phee,true,1
Qwen/Qwen2.5-Omni-7B,583172,full_0-8k,Phee,Seep,Seep,false,1
Qwen/Qwen2.5-Omni-7B,584012,full_0-8k,Phee,Phee,Phee,true,1
Qwen/Qwen2.5-Omni-7B,61472,full_0-8k,Phee,Seep,Seep,false,1
Qwen/Qwen2.5-Omni-7B,631485,full_0-8k,Phee,Phee,Phee,true,1
Qwen/Qwen2.5-Omni-7B,632863,full_0-8k,Phee,Seep,Seep,false,1
Qwen/Qwen2.5-Omni-7B,638580,full_0-8k,Phee,Phee,Phee,true,1
Qwen/Qwen2.5-Omni-7B,639491,full_0-8k,Phee,Seep,Seep,false,1
Qwen/Qwen2.5-Omni-7B,647588,full_0-8k,Phee,Phee,Phee,true,1
Qwen/Qwen2.5-Omni-7B,658275,full_0-8k,Phee,Seep,Seep,false,1
Qwen/Qwen2.5-Omni-7B,669577,full_0-8k,Phee,Phee,Phee,true,1
Qwen/Qwen2.5-Omni-7B,773651,full_0-8k,Phee,Phee,Phee,true,1
Qwen/Qwen2.5-Omni-7B,788000,full_0-8k,Phee,Phee,Phee,true,1
Qwen/Qwen2.5-Omni-7B,794666,full_0-8k,Phee,Phee,Phee,true,1
Qwen/Qwen2.5-Omni-7B,822050,full_0-8k,Phee,Seep,Seep,false,1
Qwen/Qwen2.5-Omni-7B,824405,full_0-8k,Phee,Phee,Phee,true,1
Qwen/Qwen2.5-Omni-7B,851005,full_0-8k,Phee,Phee,Phee,true,1
Qwen/Qwen2.5-Omni-7B,852264,full_0-8k,Phee,Seep,Seep,false,1
Qwen/Qwen2.5-Omni-7B,857896,full_0-8k,Phee,Phee,Phee,true,1
Qwen/Qwen2.5-Omni-7B,860537,full_0-8k,Phee,Phee,Phee,true,1
Qwen/Qwen2.5-Omni-7B,862343,full_0-8k,Phee,Phee,Phee,true,1
Qwen/Qwen2.5-Omni-7B,211832,full_0-8k,Seep,Tsik,Tsik,false,1
Qwen/Qwen2.5-Omni-7B,211974,full_0-8k,Seep,Tsik,Tsik,false,1
Qwen/Qwen2.5-Omni-7B,212002,full_0-8k,Seep,Phee,Phee,false,1
Qwen/Qwen2.5-Omni-7B,212106,full_0-8k,Seep,Seep,Seep,true,1
Qwen/Qwen2.5-Omni-7B,212109,full_0-8k,Seep,Tsik,Tsik,false,1
Qwen/Qwen2.5-Omni-7B,212110,full_0-8k,Seep,Tsik,Tsik,false,1
Qwen/Qwen2.5-Omni-7B,212120,full_0-8k,Seep,Tsik,Tsik,false,1
Qwen/Qwen2.5-Omni-7B,212127,full_0-8k,Seep,Phee,Phee,false,1
Qwen/Qwen2.5-Omni-7B,212130,full_0-8k,Seep,Phee,Phee,false,1
Qwen/Qwen2.5-Omni-7B,223298,full_0-8k,Seep,Phee,Phee,false,1
Qwen/Qwen2.5-Omni-7B,235891,full_0-8k,Seep,Seep,Seep,true,1
Qwen/Qwen2.5-Omni-7B,294079,full_0-8k,Seep,Tsik,Tsik,false,1
Qwen/Qwen2.5-Omni-7B,297892,full_0-8k,Seep,Seep,Seep,true,1
Qwen/Qwen2.5-Omni-7B,303572,full_0-8k,Seep,Tsik,Tsik,false,1
Qwen/Qwen2.5-Omni-7B,411252,full_0-8k,Seep,Seep,Seep,true,1
Qwen/Qwen2.5-Omni-7B,414997,full_0-8k,Seep,Phee,Phee,false,1
Qwen/Qwen2.5-Omni-7B,495081,full_0-8k,Seep,Phee,Phee,false,1
Qwen/Qwen2.5-Omni-7B,508896,full_0-8k,Seep,Seep,Seep,true,1
Qwen/Qwen2.5-Omni-7B,509065,full_0-8k,Seep,Phee,Phee,false,1
Qwen/Qwen2.5-Omni-7B,523406,full_0-8k,Seep,Tsik,Tsik,false,1
Qwen/Qwen2.5-Omni-7B,527437,full_0-8k,Seep,Phee,Phee,false,1
Qwen/Qwen2.5-Omni-7B,533988,full_0-8k,Seep,Seep,Seep,true,1
Qwen/Qwen2.5-Omni-7B,541326,full_0-8k,Seep,Phee,Phee,false,1
Qwen/Qwen2.5-Omni-7B,556028,full_0-8k,Seep,Tsik,Tsik,false,1
Qwen/Qwen2.5-Omni-7B,571992,full_0-8k,Seep,Phee,Phee,false,1
Qwen/Qwen2.5-Omni-7B,582662,full_0-8k,Seep,Seep,Seep,true,1
Qwen/Qwen2.5-Omni-7B,583884,full_0-8k,Seep,Phee,Phee,false,1
Qwen/Qwen2.5-Omni-7B,584362,full_0-8k,Seep,Phee,Phee,false,1
Qwen/Qwen2.5-Omni-7B,586064,full_0-8k,Seep,Seep,Seep,true,1
Qwen/Qwen2.5-Omni-7B,617822,full_0-8k,Seep,Tsik,Tsik,false,1
Qwen/Qwen2.5-Omni-7B,619623,full_0-8k,Seep,Phee,Phee,false,1
Qwen/Qwen2.5-Omni-7B,622417,full_0-8k,Seep,Phee,Phee,false,1
Qwen/Qwen2.5-Omni-7B,623382,full_0-8k,Seep,Phee,Phee,false,1
Qwen/Qwen2.5-Omni-7B,631021,full_0-8k,Seep,Phee,Phee,false,1
Qwen/Qwen2.5-Omni-7B,637669,full_0-8k,Seep,Tsik,Tsik,false,1
Qwen/Qwen2.5-Omni-7B,652668,full_0-8k,Seep,Phee,Phee,false,1
Qwen/Qwen2.5-Omni-7B,655868,full_0-8k,Seep,Seep,Seep,true,1
Qwen/Qwen2.5-Omni-7B,667130,full_0-8k,Seep,Phee,Phee,false,1
Qwen/Qwen2.5-Omni-7B,669272,full_0-8k,Seep,Seep,Seep,true,1
Qwen/Qwen2.5-Omni-7B,669273,full_0-8k,Seep,Tsik,Tsik,false,1
Qwen/Qwen2.5-Omni-7B,670290,full_0-8k,Seep,Phee,Phee,false,1
Qwen/Qwen2.5-Omni-7B,697899,full_0-8k,Seep,Phee,Phee,false,1
Qwen/Qwen2.5-Omni-7B,734314,full_0-8k,Seep,Phee,Phee,false,1
Qwen/Qwen2.5-Omni-7B,739815,full_0-8k,Seep,Phee,Phee,false,1
Qwen/Qwen2.5-Omni-7B,741056,full_0-8k,Seep,Seep,Seep,true,1
Qwen/Qwen2.5-Omni-7B,769489,full_0-8k,Seep,Phee,Phee,false,1
Qwen/Qwen2.5-Omni-7B,773125,full_0-8k,Seep,Phee,Phee,false,1
Qwen/Qwen2.5-Omni-7B,81191,full_0-8k,Seep,Phee,Phee,false,1
Qwen/Qwen2.5-Omni-7B,857186,full_0-8k,Seep,Phee,Phee,false,1
Qwen/Qwen2.5-Omni-7B,866655,full_0-8k,Seep,Tsik,Tsik,false,1
Qwen/Qwen2.5-Omni-7B,161850,full_0-8k,Trill,Tsik,Tsik,false,1
Qwen/Qwen2.5-Omni-7B,172015,full_0-8k,Trill,Phee,Phee,false,1
Qwen/Qwen2.5-Omni-7B,195490,full_0-8k,Trill,Phee,Phee,false,1
Qwen/Qwen2.5-Omni-7B,223144,full_0-8k,Trill,Tsik,Tsik,false,1
Qwen/Qwen2.5-Omni-7B,238981,full_0-8k,Trill,Tsik,Tsik,false,1
Qwen/Qwen2.5-Omni-7B,354379,full_0-8k,Trill,Phee,Phee,false,1
Qwen/Qwen2.5-Omni-7B,397118,full_0-8k,Trill,Phee,Phee,false,1
Qwen/Qwen2.5-Omni-7B,436313,full_0-8k,Trill,Seep,Seep,false,1
Qwen/Qwen2.5-Omni-7B,456914,full_0-8k,Trill,Phee,Phee,false,1
Qwen/Qwen2.5-Omni-7B,463226,full_0-8k,Trill,Tsik,Tsik,false,1
Qwen/Qwen2.5-Omni-7B,470849,full_0-8k,Trill,Phee,Phee,false,1
Qwen/Qwen2.5-Omni-7B,51436,full_0-8k,Trill,Tsik,Tsik,false,1
Qwen/Qwen2.5-Omni-7B,515398,full_0-8k,Trill,Phee,Phee,false,1
Qwen/Qwen2.5-Omni-7B,548798,full_0-8k,Trill,Tsik,Tsik,false,1
Qwen/Qwen2.5-Omni-7B,549295,full_0-8k,Trill,Tsik,Tsik,false,1
Qwen/Qwen2.5-Omni-7B,549995,full_0-8k,Trill,Phee,Phee,false,1
Qwen/Qwen2.5-Omni-7B,56195,full_0-8k,Trill,Tsik,Tsik,false,1
Qwen/Qwen2.5-Omni-7B,564626,full_0-8k,Trill,Tsik,Tsik,false,1
Qwen/Qwen2.5-Omni-7B,572081,full_0-8k,Trill,Tsik,Tsik,false,1
Qwen/Qwen2.5-Omni-7B,589438,full_0-8k,Trill,Tsik,Tsik,false,1
Qwen/Qwen2.5-Omni-7B,592253,full_0-8k,Trill,Tsik,Tsik,false,1
Qwen/Qwen2.5-Omni-7B,592365,full_0-8k,Trill,Tsik,Tsik,false,1
Qwen/Qwen2.5-Omni-7B,592485,full_0-8k,Trill,Tsik,Tsik,false,1
Qwen/Qwen2.5-Omni-7B,594023,full_0-8k,Trill,Tsik,Tsik,false,1
Qwen/Qwen2.5-Omni-7B,622320,full_0-8k,Trill,Phee,Phee,false,1
Qwen/Qwen2.5-Omni-7B,624712,full_0-8k,Trill,Seep,Seep,false,1
Qwen/Qwen2.5-Omni-7B,630476,full_0-8k,Trill,Tsik,Tsik,false,1
Qwen/Qwen2.5-Omni-7B,631448,full_0-8k,Trill,Phee,Phee,false,1
Qwen/Qwen2.5-Omni-7B,638810,full_0-8k,Trill,Tsik,Tsik,false,1
Qwen/Qwen2.5-Omni-7B,639917,full_0-8k,Trill,Tsik,Tsik,false,1
Qwen/Qwen2.5-Omni-7B,666889,full_0-8k,Trill,Tsik,Tsik,false,1
Qwen/Qwen2.5-Omni-7B,667042,full_0-8k,Trill,Phee,Phee,false,1
Qwen/Qwen2.5-Omni-7B,667091,full_0-8k,Trill,Phee,Phee,false,1
Qwen/Qwen2.5-Omni-7B,667312,full_0-8k,Trill,Phee,Phee,false,1
Qwen/Qwen2.5-Omni-7B,668428,full_0-8k,Trill,Seep,Seep,false,1
Qwen/Qwen2.5-Omni-7B,669075,full_0-8k,Trill,Phee,Phee,false,1
Qwen/Qwen2.5-Omni-7B,691986,full_0-8k,Trill,Phee,Phee,false,1
Qwen/Qwen2.5-Omni-7B,695230,full_0-8k,Trill,Tsik,Tsik,false,1
Qwen/Qwen2.5-Omni-7B,707417,full_0-8k,Trill,Tsik,Tsik,false,1
Qwen/Qwen2.5-Omni-7B,708875,full_0-8k,Trill,Seep,Seep,false,1
Qwen/Qwen2.5-Omni-7B,714664,full_0-8k,Trill,Seep,Seep,false,1
Qwen/Qwen2.5-Omni-7B,738495,full_0-8k,Trill,Phee,Phee,false,1
Qwen/Qwen2.5-Omni-7B,762457,full_0-8k,Trill,Phee,Phee,false,1
Qwen/Qwen2.5-Omni-7B,804279,full_0-8k,Trill,Seep,Seep,false,1
Qwen/Qwen2.5-Omni-7B,805610,full_0-8k,Trill,Seep,Seep,false,1
Qwen/Qwen2.5-Omni-7B,809280,full_0-8k,Trill,Phee,Phee,false,1
Qwen/Qwen2.5-Omni-7B,827373,full_0-8k,Trill,Tsik,Tsik,false,1
Qwen/Qwen2.5-Omni-7B,852107,full_0-8k,Trill,Phee,Phee,false,1
Qwen/Qwen2.5-Omni-7B,867502,full_0-8k,Trill,Seep,Seep,false,1
Qwen/Qwen2.5-Omni-7B,867780,full_0-8k,Trill,Phee,Phee,false,1
Qwen/Qwen2.5-Omni-7B,110359,full_0-8k,Tsik,Tsik,Tsik,true,1
Qwen/Qwen2.5-Omni-7B,110581,full_0-8k,Tsik,Tsik,Tsik,true,1
Qwen/Qwen2.5-Omni-7B,122742,full_0-8k,Tsik,Tsik,Tsik,true,1
Qwen/Qwen2.5-Omni-7B,143307,full_0-8k,Tsik,Phee,Phee,false,1
Qwen/Qwen2.5-Omni-7B,170858,full_0-8k,Tsik,Seep,Seep,false,1
Qwen/Qwen2.5-Omni-7B,209834,full_0-8k,Tsik,Tsik,Tsik,true,1
Qwen/Qwen2.5-Omni-7B,209838,full_0-8k,Tsik,Tsik,Tsik,true,1
Qwen/Qwen2.5-Omni-7B,209851,full_0-8k,Tsik,Tsik,Tsik,true,1
Qwen/Qwen2.5-Omni-7B,209853,full_0-8k,Tsik,Tsik,Tsik,true,1
Qwen/Qwen2.5-Omni-7B,209876,full_0-8k,Tsik,Tsik,Tsik,true,1
Qwen/Qwen2.5-Omni-7B,209886,full_0-8k,Tsik,Seep,Seep,false,1
Qwen/Qwen2.5-Omni-7B,209893,full_0-8k,Tsik,Tsik,Tsik,true,1
Qwen/Qwen2.5-Omni-7B,209901,full_0-8k,Tsik,Tsik,Tsik,true,1
Qwen/Qwen2.5-Omni-7B,209905,full_0-8k,Tsik,Tsik,Tsik,true,1
Qwen/Qwen2.5-Omni-7B,209919,full_0-8k,Tsik,Tsik,Tsik,true,1
Qwen/Qwen2.5-Omni-7B,223371,full_0-8k,Tsik,Tsik,Tsik,true,1
Qwen/Qwen2.5-Omni-7B,31471,full_0-8k,Tsik,Tsik,Tsik,true,1
Qwen/Qwen2.5-Omni-7B,335642,full_0-8k,Tsik,Tsik,Tsik,true,1
Qwen/Qwen2.5-Omni-7B,423771,full_0-8k,Tsik,Tsik,Tsik,true,1
Qwen/Qwen2.5-Omni-7B,480809,full_0-8k,Tsik,Tsik,Tsik,true,1
Qwen/Qwen2.5-Omni-7B,508866,full_0-8k,Tsik,Seep,Seep,false,1
Qwen/Qwen2.5-Omni-7B,508903,full_0-8k,Tsik,Tsik,Tsik,true,1
Qwen/Qwen2.5-Omni-7B,50919,full_0-8k,Tsik,Tsik,Tsik,true,1
Qwen/Qwen2.5-Omni-7B,525735,full_0-8k,Tsik,Tsik,Tsik,true,1
Qwen/Qwen2.5-Omni-7B,526904,full_0-8k,Tsik,Tsik,Tsik,true,1
Qwen/Qwen2.5-Omni-7B,549904,full_0-8k,Tsik,Tsik,Tsik,true,1
Qwen/Qwen2.5-Omni-7B,558254,full_0-8k,Tsik,Tsik,Tsik,true,1
Qwen/Qwen2.5-Omni-7B,563468,full_0-8k,Tsik,Tsik,Tsik,true,1
Qwen/Qwen2.5-Omni-7B,610080,full_0-8k,Tsik,Tsik,Tsik,true,1
Qwen/Qwen2.5-Omni-7B,622312,full_0-8k,Tsik,Seep,Seep,false,1
Qwen/Qwen2.5-Omni-7B,631947,full_0-8k,Tsik,Tsik,Tsik,true,1
Qwen/Qwen2.5-Omni-7B,632037,full_0-8k,Tsik,Phee,Phee,false,1
Qwen/Qwen2.5-Omni-7B,636120,full_0-8k,Tsik,Tsik,Tsik,true,1
Qwen/Qwen2.5-Omni-7B,636151,full_0-8k,Tsik,Tsik,Tsik,true,1
Qwen/Qwen2.5-Omni-7B,642827,full_0-8k,Tsik,Tsik,Tsik,true,1
Qwen/Qwen2.5-Omni-7B,654915,full_0-8k,Tsik,Tsik,Tsik,true,1
Qwen/Qwen2.5-Omni-7B,663998,full_0-8k,Tsik,Tsik,Tsik,true,1
Qwen/Qwen2.5-Omni-7B,666571,full_0-8k,Tsik,Tsik,Tsik,true,1
Qwen/Qwen2.5-Omni-7B,667582,full_0-8k,Tsik,Tsik,Tsik,true,1
Qwen/Qwen2.5-Omni-7B,746198,full_0-8k,Tsik,Tsik,Tsik,true,1
Qwen/Qwen2.5-Omni-7B,753447,full_0-8k,Tsik,Tsik,Tsik,true,1
Qwen/Qwen2.5-Omni-7B,770853,full_0-8k,Tsik,Tsik,Tsik,true,1
Qwen/Qwen2.5-Omni-7B,784804,full_0-8k,Tsik,Tsik,Tsik,true,1
Qwen/Qwen2.5-Omni-7B,792714,full_0-8k,Tsik,Tsik,Tsik,true,1
Qwen/Qwen2.5-Omni-7B,804713,full_0-8k,Tsik,Seep,Seep,false,1
Qwen/Qwen2.5-Omni-7B,807122,full_0-8k,Tsik,Tsik,Tsik,true,1
Qwen/Qwen2.5-Omni-7B,816990,full_0-8k,Tsik,Tsik,Tsik,true,1
Qwen/Qwen2.5-Omni-7B,847877,full_0-8k,Tsik,Phee,Phee,false,1
Qwen/Qwen2.5-Omni-7B,853911,full_0-8k,Tsik,Tsik,Tsik,true,1
Qwen/Qwen2.5-Omni-7B,867489,full_0-8k,Tsik,Seep,Seep,false,1
Qwen/Qwen2.5-Omni-7B,137886,full_0-8k,Twitter,Twitter,Twitter,true,1
Qwen/Qwen2.5-Omni-7B,166603,full_0-8k,Twitter,Seep,Seep,false,1
Qwen/Qwen2.5-Omni-7B,174653,full_0-8k,Twitter,Twitter,Twitter,true,1
Qwen/Qwen2.5-Omni-7B,211769,full_0-8k,Twitter,Tsik,Tsik,false,1
Qwen/Qwen2.5-Omni-7B,223149,full_0-8k,Twitter,Phee,Phee,false,1
Qwen/Qwen2.5-Omni-7B,227303,full_0-8k,Twitter,Tsik,Tsik,false,1
Qwen/Qwen2.5-Omni-7B,241125,full_0-8k,Twitter,Phee,Phee,false,1
Qwen/Qwen2.5-Omni-7B,248263,full_0-8k,Twitter,Tsik,Tsik,false,1
Qwen/Qwen2.5-Omni-7B,248296,full_0-8k,Twitter,Twitter,Twitter,true,1
Qwen/Qwen2.5-Omni-7B,273977,full_0-8k,Twitter,Phee,Phee,false,1
Qwen/Qwen2.5-Omni-7B,274918,full_0-8k,Twitter,Seep,Seep,false,1
Qwen/Qwen2.5-Omni-7B,313999,full_0-8k,Twitter,Tsik,Tsik,false,1
Qwen/Qwen2.5-Omni-7B,363877,full_0-8k,Twitter,Phee,Phee,false,1
Qwen/Qwen2.5-Omni-7B,36522,full_0-8k,Twitter,Phee,Phee,false,1
Qwen/Qwen2.5-Omni-7B,400874,full_0-8k,Twitter,Phee,Phee,false,1
Qwen/Qwen2.5-Omni-7B,508636,full_0-8k,Twitter,Tsik,Tsik,false,1
Qwen/Qwen2.5-Omni-7B,508777,full_0-8k,Twitter,Tsik,Tsik,false,1
Qwen/Qwen2.5-Omni-7B,508992,full_0-8k,Twitter,Seep,Seep,false,1
Qwen/Qwen2.5-Omni-7B,509005,full_0-8k,Twitter,Tsik,Tsik,false,1
Qwen/Qwen2.5-Omni-7B,509026,full_0-8k,Twitter,Tsik,Tsik,false,1
Qwen/Qwen2.5-Omni-7B,509046,full_0-8k,Twitter,Tsik,Tsik,false,1
Qwen/Qwen2.5-Omni-7B,547929,full_0-8k,Twitter,Tsik,Tsik,false,1
Qwen/Qwen2.5-Omni-7B,550353,full_0-8k,Twitter,Phee,Phee,false,1
Qwen/Qwen2.5-Omni-7B,550482,full_0-8k,Twitter,Phee,Phee,false,1
Qwen/Qwen2.5-Omni-7B,556866,full_0-8k,Twitter,Seep,Seep,false,1
Qwen/Qwen2.5-Omni-7B,558285,full_0-8k,Twitter,Phee,Phee,false,1
Qwen/Qwen2.5-Omni-7B,592286,full_0-8k,Twitter,Twitter,Twitter,true,1
Qwen/Qwen2.5-Omni-7B,598781,full_0-8k,Twitter,Seep,Seep,false,1
Qwen/Qwen2.5-Omni-7B,600731,full_0-8k,Twitter,Phee,Phee,false,1
Qwen/Qwen2.5-Omni-7B,601927,full_0-8k,Twitter,Phee,Phee,false,1
Qwen/Qwen2.5-Omni-7B,602268,full_0-8k,Twitter,Twitter,Twitter,true,1
Qwen/Qwen2.5-Omni-7B,622758,full_0-8k,Twitter,Phee,Phee,false,1
Qwen/Qwen2.5-Omni-7B,624179,full_0-8k,Twitter,Twitter,Twitter,true,1
Qwen/Qwen2.5-Omni-7B,632381,full_0-8k,Twitter,Phee,Phee,false,1
Qwen/Qwen2.5-Omni-7B,651229,full_0-8k,Twitter,Tsik,Tsik,false,1
Qwen/Qwen2.5-Omni-7B,662800,full_0-8k,Twitter,Phee,Phee,false,1
Qwen/Qwen2.5-Omni-7B,680295,full_0-8k,Twitter,Tsik,Tsik,false,1
Qwen/Qwen2.5-Omni-7B,680791,full_0-8k,Twitter,Tsik,Tsik,false,1
Qwen/Qwen2.5-Omni-7B,766645,full_0-8k,Twitter,Phee,Phee,false,1
Qwen/Qwen2.5-Omni-7B,768697,full_0-8k,Twitter,Tsik,Tsik,false,1
Qwen/Qwen2.5-Omni-7B,786011,full_0-8k,Twitter,Phee,Phee,false,1
Qwen/Qwen2.5-Omni-7B,807189,full_0-8k,Twitter,Phee,Phee,false,1
Qwen/Qwen2.5-Omni-7B,811393,full_0-8k,Twitter,Phee,Phee,false,1
Qwen/Qwen2.5-Omni-7B,820757,full_0-8k,Twitter,Tsik,Tsik,false,1
Qwen/Qwen2.5-Omni-7B,836799,full_0-8k,Twitter,Seep,Seep,false,1
Qwen/Qwen2.5-Omni-7B,844274,full_0-8k,Twitter,Tsik,Tsik,false,1
Qwen/Qwen2.5-Omni-7B,861853,full_0-8k,Twitter,Twitter,Twitter,true,1
Qwen/Qwen2.5-Omni-7B,866525,full_0-8k,Twitter,Seep,Seep,false,1
Qwen/Qwen2.5-Omni-7B,866533,full_0-8k,Twitter,Seep,Seep,false,1
Qwen/Qwen2.5-Omni-7B,866838,full_0-8k,Twitter,Seep,Seep,false,1
Qwen/Qwen2.5-Omni-7B,108998,lp_0-1000_rms_matched,Phee,Phee,Phee,true,1
Qwen/Qwen2.5-Omni-7B,110359,lp_0-1000_rms_matched,Tsik,Phee,Phee,false,1
Qwen/Qwen2.5-Omni-7B,110581,lp_0-1000_rms_matched,Tsik,Phee,Phee,false,1
Qwen/Qwen2.5-Omni-7B,122742,lp_0-1000_rms_matched,Tsik,Phee,Phee,false,1
Qwen/Qwen2.5-Omni-7B,137886,lp_0-1000_rms_matched,Twitter,Phee,Phee,false,1
Qwen/Qwen2.5-Omni-7B,143307,lp_0-1000_rms_matched,Tsik,Phee,Phee,false,1
Qwen/Qwen2.5-Omni-7B,161850,lp_0-1000_rms_matched,Trill,Phee,Phee,false,1
Qwen/Qwen2.5-Omni-7B,166603,lp_0-1000_rms_matched,Twitter,Phee,Phee,false,1
Qwen/Qwen2.5-Omni-7B,170858,lp_0-1000_rms_matched,Tsik,Seep,Seep,false,1
Qwen/Qwen2.5-Omni-7B,172015,lp_0-1000_rms_matched,Trill,Phee,Phee,false,1
Qwen/Qwen2.5-Omni-7B,174653,lp_0-1000_rms_matched,Twitter,Phee,Phee,false,1
Qwen/Qwen2.5-Omni-7B,193131,lp_0-1000_rms_matched,Infant Cry,Phee,Phee,false,1
Qwen/Qwen2.5-Omni-7B,195490,lp_0-1000_rms_matched,Trill,Phee,Phee,false,1
Qwen/Qwen2.5-Omni-7B,202978,lp_0-1000_rms_matched,Phee,Phee,Phee,true,1
Qwen/Qwen2.5-Omni-7B,209834,lp_0-1000_rms_matched,Tsik,Phee,Phee,false,1
Qwen/Qwen2.5-Omni-7B,209838,lp_0-1000_rms_matched,Tsik,Phee,Phee,false,1
Qwen/Qwen2.5-Omni-7B,209851,lp_0-1000_rms_matched,Tsik,Seep,Seep,false,1
Qwen/Qwen2.5-Omni-7B,209853,lp_0-1000_rms_matched,Tsik,Phee,Phee,false,1
Qwen/Qwen2.5-Omni-7B,209876,lp_0-1000_rms_matched,Tsik,Phee,Phee,false,1
Qwen/Qwen2.5-Omni-7B,209886,lp_0-1000_rms_matched,Tsik,Seep,Seep,false,1
Qwen/Qwen2.5-Omni-7B,209893,lp_0-1000_rms_matched,Tsik,Phee,Phee,false,1
Qwen/Qwen2.5-Omni-7B,209901,lp_0-1000_rms_matched,Tsik,Seep,Seep,false,1
Qwen/Qwen2.5-Omni-7B,209905,lp_0-1000_rms_matched,Tsik,Phee,Phee,false,1
Qwen/Qwen2.5-Omni-7B,209919,lp_0-1000_rms_matched,Tsik,Seep,Seep,false,1
Qwen/Qwen2.5-Omni-7B,211769,lp_0-1000_rms_matched,Twitter,Phee,Phee,false,1
Qwen/Qwen2.5-Omni-7B,211832,lp_0-1000_rms_matched,Seep,Seep,Seep,true,1
Qwen/Qwen2.5-Omni-7B,211974,lp_0-1000_rms_matched,Seep,Phee,Phee,false,1
Qwen/Qwen2.5-Omni-7B,212002,lp_0-1000_rms_matched,Seep,Phee,Phee,false,1
Qwen/Qwen2.5-Omni-7B,212106,lp_0-1000_rms_matched,Seep,Seep,Seep,true,1
Qwen/Qwen2.5-Omni-7B,212109,lp_0-1000_rms_matched,Seep,Seep,Seep,true,1
Qwen/Qwen2.5-Omni-7B,212110,lp_0-1000_rms_matched,Seep,Phee,Phee,false,1
Qwen/Qwen2.5-Omni-7B,212120,lp_0-1000_rms_matched,Seep,Phee,Phee,false,1
Qwen/Qwen2.5-Omni-7B,212127,lp_0-1000_rms_matched,Seep,Seep,Seep,true,1
Qwen/Qwen2.5-Omni-7B,212130,lp_0-1000_rms_matched,Seep,Phee,Phee,false,1
Qwen/Qwen2.5-Omni-7B,213327,lp_0-1000_rms_matched,Infant Cry,Seep,Seep,false,1
Qwen/Qwen2.5-Omni-7B,221515,lp_0-1000_rms_matched,Phee,Phee,Phee,true,1
Qwen/Qwen2.5-Omni-7B,223077,lp_0-1000_rms_matched,Infant Cry,Seep,Seep,false,1
Qwen/Qwen2.5-Omni-7B,223144,lp_0-1000_rms_matched,Trill,Phee,Phee,false,1
Qwen/Qwen2.5-Omni-7B,223149,lp_0-1000_rms_matched,Twitter,Phee,Phee,false,1
Qwen/Qwen2.5-Omni-7B,223196,lp_0-1000_rms_matched,Phee,Phee,Phee,true,1
Qwen/Qwen2.5-Omni-7B,223206,lp_0-1000_rms_matched,Phee,Phee,Phee,true,1
Qwen/Qwen2.5-Omni-7B,223208,lp_0-1000_rms_matched,Phee,Phee,Phee,true,1
Qwen/Qwen2.5-Omni-7B,223298,lp_0-1000_rms_matched,Seep,Phee,Phee,false,1
Qwen/Qwen2.5-Omni-7B,223312,lp_0-1000_rms_matched,Infant Cry,Phee,Phee,false,1
Qwen/Qwen2.5-Omni-7B,223332,lp_0-1000_rms_matched,Infant Cry,Seep,Seep,false,1
Qwen/Qwen2.5-Omni-7B,223352,lp_0-1000_rms_matched,Infant Cry,Seep,Seep,false,1
Qwen/Qwen2.5-Omni-7B,223371,lp_0-1000_rms_matched,Tsik,Phee,Phee,false,1
Qwen/Qwen2.5-Omni-7B,223383,lp_0-1000_rms_matched,Infant Cry,Phee,Phee,false,1
Qwen/Qwen2.5-Omni-7B,223396,lp_0-1000_rms_matched,Infant Cry,Phee,Phee,false,1
Qwen/Qwen2.5-Omni-7B,223400,lp_0-1000_rms_matched,Infant Cry,Phee,Phee,false,1
Qwen/Qwen2.5-Omni-7B,227303,lp_0-1000_rms_matched,Twitter,Phee,Phee,false,1
Qwen/Qwen2.5-Omni-7B,235891,lp_0-1000_rms_matched,Seep,Phee,Phee,false,1
Qwen/Qwen2.5-Omni-7B,238981,lp_0-1000_rms_matched,Trill,Seep,Seep,false,1
Qwen/Qwen2.5-Omni-7B,241125,lp_0-1000_rms_matched,Twitter,Phee,Phee,false,1
Qwen/Qwen2.5-Omni-7B,248263,lp_0-1000_rms_matched,Twitter,Phee,Phee,false,1
Qwen/Qwen2.5-Omni-7B,248296,lp_0-1000_rms_matched,Twitter,Phee,Phee,false,1
Qwen/Qwen2.5-Omni-7B,268974,lp_0-1000_rms_matched,Phee,Phee,Phee,true,1
Qwen/Qwen2.5-Omni-7B,273977,lp_0-1000_rms_matched,Twitter,Phee,Phee,false,1
Qwen/Qwen2.5-Omni-7B,274918,lp_0-1000_rms_matched,Twitter,Phee,Phee,false,1
Qwen/Qwen2.5-Omni-7B,285967,lp_0-1000_rms_matched,Phee,Phee,Phee,true,1
Qwen/Qwen2.5-Omni-7B,294079,lp_0-1000_rms_matched,Seep,Phee,Phee,false,1
Qwen/Qwen2.5-Omni-7B,297892,lp_0-1000_rms_matched,Seep,Seep,Seep,true,1
Qwen/Qwen2.5-Omni-7B,299793,lp_0-1000_rms_matched,Infant Cry,Phee,Phee,false,1
Qwen/Qwen2.5-Omni-7B,303572,lp_0-1000_rms_matched,Seep,Phee,Phee,false,1
Qwen/Qwen2.5-Omni-7B,313999,lp_0-1000_rms_matched,Twitter,Phee,Phee,false,1
Qwen/Qwen2.5-Omni-7B,31471,lp_0-1000_rms_matched,Tsik,Phee,Phee,false,1
Qwen/Qwen2.5-Omni-7B,329778,lp_0-1000_rms_matched,Infant Cry,Phee,Phee,false,1
Qwen/Qwen2.5-Omni-7B,335642,lp_0-1000_rms_matched,Tsik,Phee,Phee,false,1
Qwen/Qwen2.5-Omni-7B,342684,lp_0-1000_rms_matched,Infant Cry,Phee,Phee,false,1
Qwen/Qwen2.5-Omni-7B,352081,lp_0-1000_rms_matched,Infant Cry,Phee,Phee,false,1
Qwen/Qwen2.5-Omni-7B,354197,lp_0-1000_rms_matched,Infant Cry,Seep,Seep,false,1
Qwen/Qwen2.5-Omni-7B,354379,lp_0-1000_rms_matched,Trill,Phee,Phee,false,1
Qwen/Qwen2.5-Omni-7B,357670,lp_0-1000_rms_matched,Infant Cry,Phee,Phee,false,1
Qwen/Qwen2.5-Omni-7B,363877,lp_0-1000_rms_matched,Twitter,Phee,Phee,false,1
Qwen/Qwen2.5-Omni-7B,36485,lp_0-1000_rms_matched,Phee,Seep,Seep,false,1
Qwen/Qwen2.5-Omni-7B,36522,lp_0-1000_rms_matched,Twitter,Phee,Phee,false,1
Qwen/Qwen2.5-Omni-7B,377896,lp_0-1000_rms_matched,Phee,Phee,Phee,true,1
Qwen/Qwen2.5-Omni-7B,389438,lp_0-1000_rms_matched,Phee,Phee,Phee,true,1
Qwen/Qwen2.5-Omni-7B,395548,lp_0-1000_rms_matched,Phee,Phee,Phee,true,1
Qwen/Qwen2.5-Omni-7B,397118,lp_0-1000_rms_matched,Trill,Phee,Phee,false,1
Qwen/Qwen2.5-Omni-7B,400874,lp_0-1000_rms_matched,Twitter,Phee,Phee,false,1
Qwen/Qwen2.5-Omni-7B,405841,lp_0-1000_rms_matched,Infant Cry,Phee,Phee,false,1
Qwen/Qwen2.5-Omni-7B,408631,lp_0-1000_rms_matched,Phee,Phee,Phee,true,1
Qwen/Qwen2.5-Omni-7B,411252,lp_0-1000_rms_matched,Seep,Seep,Seep,true,1
Qwen/Qwen2.5-Omni-7B,414997,lp_0-1000_rms_matched,Seep,Phee,Phee,false,1
Qwen/Qwen2.5-Omni-7B,423771,lp_0-1000_rms_matched,Tsik,Seep,Seep,false,1
Qwen/Qwen2.5-Omni-7B,436313,lp_0-1000_rms_matched,Trill,Phee,Phee,false,1
Qwen/Qwen2.5-Omni-7B,456914,lp_0-1000_rms_matched,Trill,Phee,Phee,false,1
Qwen/Qwen2.5-Omni-7B,463226,lp_0-1000_rms_matched,Trill,Phee,Phee,false,1
Qwen/Qwen2.5-Omni-7B,470849,lp_0-1000_rms_matched,Trill,Phee,Phee,false,1
Qwen/Qwen2.5-Omni-7B,480809,lp_0-1000_rms_matched,Tsik,Phee,Phee,false,1
Qwen/Qwen2.5-Omni-7B,495081,lp_0-1000_rms_matched,Seep,Phee,Phee,false,1
Qwen/Qwen2.5-Omni-7B,508636,lp_0-1000_rms_matched,Twitter,Phee,Phee,false,1
Qwen/Qwen2.5-Omni-7B,508696,lp_0-1000_rms_matched,Phee,Phee,Phee,true,1
Qwen/Qwen2.5-Omni-7B,508764,lp_0-1000_rms_matched,Infant Cry,Phee,Phee,false,1
Qwen/Qwen2.5-Omni-7B,508775,lp_0-1000_rms_matched,Phee,Phee,Phee,true,1
Qwen/Qwen2.5-Omni-7B,508777,lp_0-1000_rms_matched,Twitter,Seep,Seep,false,1
Qwen/Qwen2.5-Omni-7B,508801,lp_0-1000_rms_matched,Infant Cry,Phee,Phee,false,1
Qwen/Qwen2.5-Omni-7B,508866,lp_0-1000_rms_matched,Tsik,Phee,Phee,false,1
Qwen/Qwen2.5-Omni-7B,508896,lp_0-1000_rms_matched,Seep,Seep,Seep,true,1
Qwen/Qwen2.5-Omni-7B,508903,lp_0-1000_rms_matched,Tsik,Seep,Seep,false,1
Qwen/Qwen2.5-Omni-7B,508966,lp_0-1000_rms_matched,Phee,Phee,Phee,true,1
Qwen/Qwen2.5-Omni-7B,508992,lp_0-1000_rms_matched,Twitter,Seep,Seep,false,1
Qwen/Qwen2.5-Omni-7B,509005,lp_0-1000_rms_matched,Twitter,Phee,Phee,false,1
Qwen/Qwen2.5-Omni-7B,509009,lp_0-1000_rms_matched,Phee,Seep,Seep,false,1
Qwen/Qwen2.5-Omni-7B,509026,lp_0-1000_rms_matched,Twitter,Seep,Seep,false,1
Qwen/Qwen2.5-Omni-7B,509036,lp_0-1000_rms_matched,Phee,Phee,Phee,true,1
Qwen/Qwen2.5-Omni-7B,509046,lp_0-1000_rms_matched,Twitter,Seep,Seep,false,1
Qwen/Qwen2.5-Omni-7B,509047,lp_0-1000_rms_matched,Phee,Seep,Seep,false,1
Qwen/Qwen2.5-Omni-7B,509050,lp_0-1000_rms_matched,Phee,Seep,Seep,false,1
Qwen/Qwen2.5-Omni-7B,509065,lp_0-1000_rms_matched,Seep,Phee,Phee,false,1
Qwen/Qwen2.5-Omni-7B,509083,lp_0-1000_rms_matched,Infant Cry,Phee,Phee,false,1
Qwen/Qwen2.5-Omni-7B,509091,lp_0-1000_rms_matched,Infant Cry,Phee,Phee,false,1
Qwen/Qwen2.5-Omni-7B,50919,lp_0-1000_rms_matched,Tsik,Seep,Seep,false,1
Qwen/Qwen2.5-Omni-7B,511620,lp_0-1000_rms_matched,Phee,Seep,Seep,false,1
Qwen/Qwen2.5-Omni-7B,51436,lp_0-1000_rms_matched,Trill,Phee,Phee,false,1
Qwen/Qwen2.5-Omni-7B,515398,lp_0-1000_rms_matched,Trill,Phee,Phee,false,1
Qwen/Qwen2.5-Omni-7B,518850,lp_0-1000_rms_matched,Infant Cry,Phee,Phee,false,1
Qwen/Qwen2.5-Omni-7B,523406,lp_0-1000_rms_matched,Seep,Seep,Seep,true,1
Qwen/Qwen2.5-Omni-7B,525735,lp_0-1000_rms_matched,Tsik,Seep,Seep,false,1
Qwen/Qwen2.5-Omni-7B,525796,lp_0-1000_rms_matched,Phee,Phee,Phee,true,1
Qwen/Qwen2.5-Omni-7B,525942,lp_0-1000_rms_matched,Phee,Phee,Phee,true,1
Qwen/Qwen2.5-Omni-7B,526040,lp_0-1000_rms_matched,Infant Cry,Phee,Phee,false,1
Qwen/Qwen2.5-Omni-7B,526671,lp_0-1000_rms_matched,Infant Cry,Seep,Seep,false,1
Qwen/Qwen2.5-Omni-7B,526711,lp_0-1000_rms_matched,Infant Cry,Seep,Seep,false,1
Qwen/Qwen2.5-Omni-7B,526904,lp_0-1000_rms_matched,Tsik,Seep,Seep,false,1
Qwen/Qwen2.5-Omni-7B,527437,lp_0-1000_rms_matched,Seep,Phee,Phee,false,1
Qwen/Qwen2.5-Omni-7B,527518,lp_0-1000_rms_matched,Phee,Seep,Seep,false,1
Qwen/Qwen2.5-Omni-7B,528688,lp_0-1000_rms_matched,Phee,Phee,Phee,true,1
Qwen/Qwen2.5-Omni-7B,533988,lp_0-1000_rms_matched,Seep,Seep,Seep,true,1
Qwen/Qwen2.5-Omni-7B,536094,lp_0-1000_rms_matched,Phee,Phee,Phee,true,1
Qwen/Qwen2.5-Omni-7B,539354,lp_0-1000_rms_matched,Phee,Phee,Phee,true,1
Qwen/Qwen2.5-Omni-7B,540984,lp_0-1000_rms_matched,Infant Cry,Seep,Seep,false,1
Qwen/Qwen2.5-Omni-7B,541326,lp_0-1000_rms_matched,Seep,Phee,Phee,false,1
Qwen/Qwen2.5-Omni-7B,54180,lp_0-1000_rms_matched,Phee,Seep,Seep,false,1
Qwen/Qwen2.5-Omni-7B,547929,lp_0-1000_rms_matched,Twitter,Phee,Phee,false,1
Qwen/Qwen2.5-Omni-7B,548798,lp_0-1000_rms_matched,Trill,Phee,Phee,false,1
Qwen/Qwen2.5-Omni-7B,549295,lp_0-1000_rms_matched,Trill,Phee,Phee,false,1
Qwen/Qwen2.5-Omni-7B,549904,lp_0-1000_rms_matched,Tsik,Phee,Phee,false,1
Qwen/Qwen2.5-Omni-7B,549995,lp_0-1000_rms_matched,Trill,Phee,Phee,false,1
Qwen/Qwen2.5-Omni-7B,550353,lp_0-1000_rms_matched,Twitter,Phee,Phee,false,1
Qwen/Qwen2.5-Omni-7B,550482,lp_0-1000_rms_matched,Twitter,Phee,Phee,false,1
Qwen/Qwen2.5-Omni-7B,556028,lp_0-1000_rms_matched,Seep,Phee,Phee,false,1
Qwen/Qwen2.5-Omni-7B,556866,lp_0-1000_rms_matched,Twitter,Seep,Seep,false,1
Qwen/Qwen2.5-Omni-7B,558254,lp_0-1000_rms_matched,Tsik,Seep,Seep,false,1
Qwen/Qwen2.5-Omni-7B,558285,lp_0-1000_rms_matched,Twitter,Phee,Phee,false,1
Qwen/Qwen2.5-Omni-7B,558438,lp_0-1000_rms_matched,Infant Cry,Phee,Phee,false,1
Qwen/Qwen2.5-Omni-7B,558541,lp_0-1000_rms_matched,Phee,Phee,Phee,true,1
Qwen/Qwen2.5-Omni-7B,558594,lp_0-1000_rms_matched,Infant Cry,Phee,Phee,false,1
Qwen/Qwen2.5-Omni-7B,558633,lp_0-1000_rms_matched,Infant Cry,Seep,Seep,false,1
Qwen/Qwen2.5-Omni-7B,56195,lp_0-1000_rms_matched,Trill,Phee,Phee,false,1
Qwen/Qwen2.5-Omni-7B,563468,lp_0-1000_rms_matched,Tsik,Seep,Seep,false,1
Qwen/Qwen2.5-Omni-7B,564626,lp_0-1000_rms_matched,Trill,Phee,Phee,false,1
Qwen/Qwen2.5-Omni-7B,565266,lp_0-1000_rms_matched,Infant Cry,Phee,Phee,false,1
Qwen/Qwen2.5-Omni-7B,571992,lp_0-1000_rms_matched,Seep,Phee,Phee,false,1
Qwen/Qwen2.5-Omni-7B,572081,lp_0-1000_rms_matched,Trill,Phee,Phee,false,1
Qwen/Qwen2.5-Omni-7B,582662,lp_0-1000_rms_matched,Seep,Phee,Phee,false,1
Qwen/Qwen2.5-Omni-7B,582669,lp_0-1000_rms_matched,Phee,Phee,Phee,true,1
Qwen/Qwen2.5-Omni-7B,583172,lp_0-1000_rms_matched,Phee,Phee,Phee,true,1
Qwen/Qwen2.5-Omni-7B,583214,lp_0-1000_rms_matched,Infant Cry,Seep,Seep,false,1
Qwen/Qwen2.5-Omni-7B,583884,lp_0-1000_rms_matched,Seep,Phee,Phee,false,1
Qwen/Qwen2.5-Omni-7B,584012,lp_0-1000_rms_matched,Phee,Phee,Phee,true,1
Qwen/Qwen2.5-Omni-7B,584362,lp_0-1000_rms_matched,Seep,Phee,Phee,false,1
Qwen/Qwen2.5-Omni-7B,586064,lp_0-1000_rms_matched,Seep,Phee,Phee,false,1
Qwen/Qwen2.5-Omni-7B,589438,lp_0-1000_rms_matched,Trill,Seep,Seep,false,1
Qwen/Qwen2.5-Omni-7B,592253,lp_0-1000_rms_matched,Trill,Phee,Phee,false,1
Qwen/Qwen2.5-Omni-7B,592286,lp_0-1000_rms_matched,Twitter,Phee,Phee,false,1
Qwen/Qwen2.5-Omni-7B,592365,lp_0-1000_rms_matched,Trill,Phee,Phee,false,1
Qwen/Qwen2.5-Omni-7B,592485,lp_0-1000_rms_matched,Trill,Phee,Phee,false,1
Qwen/Qwen2.5-Omni-7B,594023,lp_0-1000_rms_matched,Trill,Phee,Phee,false,1
Qwen/Qwen2.5-Omni-7B,598781,lp_0-1000_rms_matched,Twitter,Phee,Phee,false,1
Qwen/Qwen2.5-Omni-7B,600731,lp_0-1000_rms_matched,Twitter,Phee,Phee,false,1
Qwen/Qwen2.5-Omni-7B,601927,lp_0-1000_rms_matched,Twitter,Phee,Phee,false,1
Qwen/Qwen2.5-Omni-7B,602268,lp_0-1000_rms_matched,Twitter,Phee,Phee,false,1
Qwen/Qwen2.5-Omni-7B,604234,lp_0-1000_rms_matched,Infant Cry,Seep,Seep,false,1
Qwen/Qwen2.5-Omni-7B,609454,lp_0-1000_rms_matched,Infant Cry,Phee,Phee,false,1
Qwen/Qwen2.5-Omni-7B,610080,lp_0-1000_rms_matched,Tsik,Phee,Phee,false,1
Qwen/Qwen2.5-Omni-7B,612455,lp_0-1000_rms_matched,Infant Cry,Phee,Phee,false,1
Qwen/Qwen2.5-Omni-7B,61472,lp_0-1000_rms_matched,Phee,Seep,Seep,false,1
Qwen/Qwen2.5-Omni-7B,617822,lp_0-1000_rms_matched,Seep,Phee,Phee,false,1
Qwen/Qwen2.5-Omni-7B,618440,lp_0-1000_rms_matched,Infant Cry,Phee,Phee,false,1
Qwen/Qwen2.5-Omni-7B,619623,lp_0-1000_rms_matched,Seep,Phee,Phee,false,1
Qwen/Qwen2.5-Omni-7B,622312,lp_0-1000_rms_matched,Tsik,Seep,Seep,false,1
Qwen/Qwen2.5-Omni-7B,622320,lp_0-1000_rms_matched,Trill,Phee,Phee,false,1
Qwen/Qwen2.5-Omni-7B,622417,lp_0-1000_rms_matched,Seep,Seep,Seep,true,1
Qwen/Qwen2.5-Omni-7B,622758,lp_0-1000_rms_matched,Twitter,Phee,Phee,false,1
Qwen/Qwen2.5-Omni-7B,623382,lp_0-1000_rms_matched,Seep,Seep,Seep,true,1
Qwen/Qwen2.5-Omni-7B,623691,lp_0-1000_rms_matched,Infant Cry,Seep,Seep,false,1
Qwen/Qwen2.5-Omni-7B,624179,lp_0-1000_rms_matched,Twitter,Phee,Phee,false,1
Qwen/Qwen2.5-Omni-7B,624712,lp_0-1000_rms_matched,Trill,Phee,Phee,false,1
Qwen/Qwen2.5-Omni-7B,628729,lp_0-1000_rms_matched,Infant Cry,Phee,Phee,false,1
Qwen/Qwen2.5-Omni-7B,630476,lp_0-1000_rms_matched,Trill,Phee,Phee,false,1
Qwen/Qwen2.5-Omni-7B,631021,lp_0-1000_rms_matched,Seep,Phee,Phee,false,1
Qwen/Qwen2.5-Omni-7B,631448,lp_0-1000_rms_matched,Trill,Phee,Phee,false,1
Qwen/Qwen2.5-Omni-7B,631485,lp_0-1000_rms_matched,Phee,Phee,Phee,true,1
Qwen/Qwen2.5-Omni-7B,631861,lp_0-1000_rms_matched,Infant Cry,Phee,Phee,false,1
Qwen/Qwen2.5-Omni-7B,631947,lp_0-1000_rms_matched,Tsik,Phee,Phee,false,1
Qwen/Qwen2.5-Omni-7B,632037,lp_0-1000_rms_matched,Tsik,Phee,Phee,false,1
Qwen/Qwen2.5-Omni-7B,632381,lp_0-1000_rms_matched,Twitter,Phee,Phee,false,1
Qwen/Qwen2.5-Omni-7B,632863,lp_0-1000_rms_matched,Phee,Seep,Seep,false,1
Qwen/Qwen2.5-Omni-7B,636120,lp_0-1000_rms_matched,Tsik,Phee,Phee,false,1
Qwen/Qwen2.5-Omni-7B,636151,lp_0-1000_rms_matched,Tsik,Phee,Phee,false,1
Qwen/Qwen2.5-Omni-7B,637669,lp_0-1000_rms_matched,Seep,Phee,Phee,false,1
Qwen/Qwen2.5-Omni-7B,638580,lp_0-1000_rms_matched,Phee,Phee,Phee,true,1
Qwen/Qwen2.5-Omni-7B,638810,lp_0-1000_rms_matched,Trill,Phee,Phee,false,1
Qwen/Qwen2.5-Omni-7B,639491,lp_0-1000_rms_matched,Phee,Phee,Phee,true,1
Qwen/Qwen2.5-Omni-7B,639917,lp_0-1000_rms_matched,Trill,Phee,Phee,false,1
Qwen/Qwen2.5-Omni-7B,642827,lp_0-1000_rms_matched,Tsik,Phee,Phee,false,1
Qwen/Qwen2.5-Omni-7B,647588,lp_0-1000_rms_matched,Phee,Phee,Phee,true,1
Qwen/Qwen2.5-Omni-7B,651229,lp_0-1000_rms_matched,Twitter,Phee,Phee,false,1
Qwen/Qwen2.5-Omni-7B,652668,lp_0-1000_rms_matched,Seep,Seep,Seep,true,1
Qwen/Qwen2.5-Omni-7B,654915,lp_0-1000_rms_matched,Tsik,Phee,Phee,false,1
Qwen/Qwen2.5-Omni-7B,655868,lp_0-1000_rms_matched,Seep,Phee,Phee,false,1
Qwen/Qwen2.5-Omni-7B,658275,lp_0-1000_rms_matched,Phee,Phee,Phee,true,1
Qwen/Qwen2.5-Omni-7B,662800,lp_0-1000_rms_matched,Twitter,Phee,Phee,false,1
Qwen/Qwen2.5-Omni-7B,6633,lp_0-1000_rms_matched,Infant Cry,Phee,Phee,false,1
Qwen/Qwen2.5-Omni-7B,663998,lp_0-1000_rms_matched,Tsik,Phee,Phee,false,1
Qwen/Qwen2.5-Omni-7B,666571,lp_0-1000_rms_matched,Tsik,Phee,Phee,false,1
Qwen/Qwen2.5-Omni-7B,666889,lp_0-1000_rms_matched,Trill,Phee,Phee,false,1
Qwen/Qwen2.5-Omni-7B,667042,lp_0-1000_rms_matched,Trill,Phee,Phee,false,1
Qwen/Qwen2.5-Omni-7B,667091,lp_0-1000_rms_matched,Trill,Phee,Phee,false,1
Qwen/Qwen2.5-Omni-7B,667130,lp_0-1000_rms_matched,Seep,Phee,Phee,false,1
Qwen/Qwen2.5-Omni-7B,667312,lp_0-1000_rms_matched,Trill,Phee,Phee,false,1
Qwen/Qwen2.5-Omni-7B,667582,lp_0-1000_rms_matched,Tsik,Seep,Seep,false,1
Qwen/Qwen2.5-Omni-7B,667865,lp_0-1000_rms_matched,Infant Cry,Seep,Seep,false,1
Qwen/Qwen2.5-Omni-7B,667905,lp_0-1000_rms_matched,Infant Cry,Phee,Phee,false,1
Qwen/Qwen2.5-Omni-7B,668428,lp_0-1000_rms_matched,Trill,Phee,Phee,false,1
Qwen/Qwen2.5-Omni-7B,669075,lp_0-1000_rms_matched,Trill,Phee,Phee,false,1
Qwen/Qwen2.5-Omni-7B,669272,lp_0-1000_rms_matched,Seep,Phee,Phee,false,1
Qwen/Qwen2.5-Omni-7B,669273,lp_0-1000_rms_matched,Seep,Phee,Phee,false,1
Qwen/Qwen2.5-Omni-7B,669577,lp_0-1000_rms_matched,Phee,Phee,Phee,true,1
Qwen/Qwen2.5-Omni-7B,670039,lp_0-1000_rms_matched,Infant Cry,Seep,Seep,false,1
Qwen/Qwen2.5-Omni-7B,670290,lp_0-1000_rms_matched,Seep,Seep,Seep,true,1
Qwen/Qwen2.5-Omni-7B,680295,lp_0-1000_rms_matched,Twitter,Phee,Phee,false,1
Qwen/Qwen2.5-Omni-7B,680791,lp_0-1000_rms_matched,Twitter,Phee,Phee,false,1
Qwen/Qwen2.5-Omni-7B,691528,lp_0-1000_rms_matched,Infant Cry,Phee,Phee,false,1
Qwen/Qwen2.5-Omni-7B,691986,lp_0-1000_rms_matched,Trill,Phee,Phee,false,1
Qwen/Qwen2.5-Omni-7B,693164,lp_0-1000_rms_matched,Infant Cry,Phee,Phee,false,1
Qwen/Qwen2.5-Omni-7B,695230,lp_0-1000_rms_matched,Trill,Phee,Phee,false,1
Qwen/Qwen2.5-Omni-7B,697899,lp_0-1000_rms_matched,Seep,Phee,Phee,false,1
Qwen/Qwen2.5-Omni-7B,707417,lp_0-1000_rms_matched,Trill,Phee,Phee,false,1
Qwen/Qwen2.5-Omni-7B,708875,lp_0-1000_rms_matched,Trill,Phee,Phee,false,1
Qwen/Qwen2.5-Omni-7B,714664,lp_0-1000_rms_matched,Trill,Phee,Phee,false,1
Qwen/Qwen2.5-Omni-7B,731937,lp_0-1000_rms_matched,Infant Cry,Phee,Phee,false,1
Qwen/Qwen2.5-Omni-7B,734314,lp_0-1000_rms_matched,Seep,Phee,Phee,false,1
Qwen/Qwen2.5-Omni-7B,738495,lp_0-1000_rms_matched,Trill,Phee,Phee,false,1
Qwen/Qwen2.5-Omni-7B,739815,lp_0-1000_rms_matched,Seep,Phee,Phee,false,1
Qwen/Qwen2.5-Omni-7B,741056,lp_0-1000_rms_matched,Seep,Phee,Phee,false,1
Qwen/Qwen2.5-Omni-7B,742006,lp_0-1000_rms_matched,Infant Cry,Phee,Phee,false,1
Qwen/Qwen2.5-Omni-7B,746198,lp_0-1000_rms_matched,Tsik,Phee,Phee,false,1
Qwen/Qwen2.5-Omni-7B,753447,lp_0-1000_rms_matched,Tsik,Phee,Phee,false,1
Qwen/Qwen2.5-Omni-7B,762457,lp_0-1000_rms_matched,Trill,Phee,Phee,false,1
Qwen/Qwen2.5-Omni-7B,763863,lp_0-1000_rms_matched,Infant Cry,Seep,Seep,false,1
Qwen/Qwen2.5-Omni-7B,765458,lp_0-1000_rms_matched,Infant Cry,Seep,Seep,false,1
Qwen/Qwen2.5-Omni-7B,766645,lp_0-1000_rms_matched,Twitter,Phee,Phee,false,1
Qwen/Qwen2.5-Omni-7B,768697,lp_0-1000_rms_matched,Twitter,Phee,Phee,false,1
Qwen/Qwen2.5-Omni-7B,769489,lp_0-1000_rms_matched,Seep,Seep,Seep,true,1
Qwen/Qwen2.5-Omni-7B,770853,lp_0-1000_rms_matched,Tsik,Phee,Phee,false,1
Qwen/Qwen2.5-Omni-7B,773125,lp_0-1000_rms_matched,Seep,Phee,Phee,false,1
Qwen/Qwen2.5-Omni-7B,773651,lp_0-1000_rms_matched,Phee,Phee,Phee,true,1
Qwen/Qwen2.5-Omni-7B,784804,lp_0-1000_rms_matched,Tsik,Seep,Seep,false,1
Qwen/Qwen2.5-Omni-7B,786011,lp_0-1000_rms_matched,Twitter,Phee,Phee,false,1
Qwen/Qwen2.5-Omni-7B,788000,lp_0-1000_rms_matched,Phee,Phee,Phee,true,1
Qwen/Qwen2.5-Omni-7B,792714,lp_0-1000_rms_matched,Tsik,Phee,Phee,false,1
Qwen/Qwen2.5-Omni-7B,794666,lp_0-1000_rms_matched,Phee,Phee,Phee,true,1
Qwen/Qwen2.5-Omni-7B,799579,lp_0-1000_rms_matched,Infant Cry,Seep,Seep,false,1
Qwen/Qwen2.5-Omni-7B,804279,lp_0-1000_rms_matched,Trill,Phee,Phee,false,1
Qwen/Qwen2.5-Omni-7B,804713,lp_0-1000_rms_matched,Tsik,Seep,Seep,false,1
Qwen/Qwen2.5-Omni-7B,805610,lp_0-1000_rms_matched,Trill,Phee,Phee,false,1
Qwen/Qwen2.5-Omni-7B,807122,lp_0-1000_rms_matched,Tsik,Seep,Seep,false,1
Qwen/Qwen2.5-Omni-7B,807189,lp_0-1000_rms_matched,Twitter,Phee,Phee,false,1
Qwen/Qwen2.5-Omni-7B,809280,lp_0-1000_rms_matched,Trill,Phee,Phee,false,1
Qwen/Qwen2.5-Omni-7B,811393,lp_0-1000_rms_matched,Twitter,Phee,Phee,false,1
Qwen/Qwen2.5-Omni-7B,81191,lp_0-1000_rms_matched,Seep,Phee,Phee,false,1
Qwen/Qwen2.5-Omni-7B,816990,lp_0-1000_rms_matched,Tsik,Phee,Phee,false,1
Qwen/Qwen2.5-Omni-7B,817109,lp_0-1000_rms_matched,Infant Cry,Phee,Phee,false,1
Qwen/Qwen2.5-Omni-7B,820757,lp_0-1000_rms_matched,Twitter,Phee,Phee,false,1
Qwen/Qwen2.5-Omni-7B,822050,lp_0-1000_rms_matched,Phee,Phee,Phee,true,1
Qwen/Qwen2.5-Omni-7B,824405,lp_0-1000_rms_matched,Phee,Phee,Phee,true,1
Qwen/Qwen2.5-Omni-7B,827373,lp_0-1000_rms_matched,Trill,Phee,Phee,false,1
Qwen/Qwen2.5-Omni-7B,836799,lp_0-1000_rms_matched,Twitter,Phee,Phee,false,1
Qwen/Qwen2.5-Omni-7B,844274,lp_0-1000_rms_matched,Twitter,Seep,Seep,false,1
Qwen/Qwen2.5-Omni-7B,847877,lp_0-1000_rms_matched,Tsik,Phee,Phee,false,1
Qwen/Qwen2.5-Omni-7B,851005,lp_0-1000_rms_matched,Phee,Phee,Phee,true,1
Qwen/Qwen2.5-Omni-7B,852107,lp_0-1000_rms_matched,Trill,Phee,Phee,false,1
Qwen/Qwen2.5-Omni-7B,852264,lp_0-1000_rms_matched,Phee,Phee,Phee,true,1
Qwen/Qwen2.5-Omni-7B,853911,lp_0-1000_rms_matched,Tsik,Seep,Seep,false,1
Qwen/Qwen2.5-Omni-7B,857186,lp_0-1000_rms_matched,Seep,Phee,Phee,false,1
Qwen/Qwen2.5-Omni-7B,857896,lp_0-1000_rms_matched,Phee,Phee,Phee,true,1
Qwen/Qwen2.5-Omni-7B,860537,lp_0-1000_rms_matched,Phee,Phee,Phee,true,1
Qwen/Qwen2.5-Omni-7B,861853,lp_0-1000_rms_matched,Twitter,Phee,Phee,false,1
Qwen/Qwen2.5-Omni-7B,862343,lp_0-1000_rms_matched,Phee,Phee,Phee,true,1
Qwen/Qwen2.5-Omni-7B,866525,lp_0-1000_rms_matched,Twitter,Phee,Phee,false,1
Qwen/Qwen2.5-Omni-7B,866533,lp_0-1000_rms_matched,Twitter,Phee,Phee,false,1
Qwen/Qwen2.5-Omni-7B,866655,lp_0-1000_rms_matched,Seep,Phee,Phee,false,1
Qwen/Qwen2.5-Omni-7B,866838,lp_0-1000_rms_matched,Twitter,Phee,Phee,false,1
Qwen/Qwen2.5-Omni-7B,867489,lp_0-1000_rms_matched,Tsik,Phee,Phee,false,1
Qwen/Qwen2.5-Omni-7B,867502,lp_0-1000_rms_matched,Trill,Phee,Phee,false,1
Qwen/Qwen2.5-Omni-7B,867780,lp_0-1000_rms_matched,Trill,Phee,Phee,false,1
Qwen/Qwen2.5-Omni-7B,9024,lp_0-1000_rms_matched,Infant Cry,Seep,Seep,false,1
Qwen/Qwen2.5-Omni-7B,108998,lp_0-2000_rms_matched,Phee,Phee,Phee,true,1
Qwen/Qwen2.5-Omni-7B,110359,lp_0-2000_rms_matched,Tsik,Phee,Phee,false,1
Qwen/Qwen2.5-Omni-7B,110581,lp_0-2000_rms_matched,Tsik,Tsik,Tsik,true,1
Qwen/Qwen2.5-Omni-7B,122742,lp_0-2000_rms_matched,Tsik,Tsik,Tsik,true,1
Qwen/Qwen2.5-Omni-7B,137886,lp_0-2000_rms_matched,Twitter,Phee,Phee,false,1
Qwen/Qwen2.5-Omni-7B,143307,lp_0-2000_rms_matched,Tsik,Phee,Phee,false,1
Qwen/Qwen2.5-Omni-7B,161850,lp_0-2000_rms_matched,Trill,Phee,Phee,false,1
Qwen/Qwen2.5-Omni-7B,166603,lp_0-2000_rms_matched,Twitter,Phee,Phee,false,1
Qwen/Qwen2.5-Omni-7B,170858,lp_0-2000_rms_matched,Tsik,Seep,Seep,false,1
Qwen/Qwen2.5-Omni-7B,172015,lp_0-2000_rms_matched,Trill,Phee,Phee,false,1
Qwen/Qwen2.5-Omni-7B,174653,lp_0-2000_rms_matched,Twitter,Phee,Phee,false,1
Qwen/Qwen2.5-Omni-7B,193131,lp_0-2000_rms_matched,Infant Cry,Phee,Phee,false,1
Qwen/Qwen2.5-Omni-7B,195490,lp_0-2000_rms_matched,Trill,Phee,Phee,false,1
Qwen/Qwen2.5-Omni-7B,202978,lp_0-2000_rms_matched,Phee,Phee,Phee,true,1
Qwen/Qwen2.5-Omni-7B,209834,lp_0-2000_rms_matched,Tsik,Phee,Phee,false,1
Qwen/Qwen2.5-Omni-7B,209838,lp_0-2000_rms_matched,Tsik,Phee,Phee,false,1
Qwen/Qwen2.5-Omni-7B,209851,lp_0-2000_rms_matched,Tsik,Phee,Phee,false,1
Qwen/Qwen2.5-Omni-7B,209853,lp_0-2000_rms_matched,Tsik,Phee,Phee,false,1
Qwen/Qwen2.5-Omni-7B,209876,lp_0-2000_rms_matched,Tsik,Tsik,Tsik,true,1
Qwen/Qwen2.5-Omni-7B,209886,lp_0-2000_rms_matched,Tsik,Phee,Phee,false,1
Qwen/Qwen2.5-Omni-7B,209893,lp_0-2000_rms_matched,Tsik,Phee,Phee,false,1
Qwen/Qwen2.5-Omni-7B,209901,lp_0-2000_rms_matched,Tsik,Phee,Phee,false,1
Qwen/Qwen2.5-Omni-7B,209905,lp_0-2000_rms_matched,Tsik,Phee,Phee,false,1
Qwen/Qwen2.5-Omni-7B,209919,lp_0-2000_rms_matched,Tsik,Phee,Phee,false,1
Qwen/Qwen2.5-Omni-7B,211769,lp_0-2000_rms_matched,Twitter,Phee,Phee,false,1
Qwen/Qwen2.5-Omni-7B,211832,lp_0-2000_rms_matched,Seep,Phee,Phee,false,1
Qwen/Qwen2.5-Omni-7B,211974,lp_0-2000_rms_matched,Seep,Phee,Phee,false,1
Qwen/Qwen2.5-Omni-7B,212002,lp_0-2000_rms_matched,Seep,Phee,Phee,false,1
Qwen/Qwen2.5-Omni-7B,212106,lp_0-2000_rms_matched,Seep,Seep,Seep,true,1
Qwen/Qwen2.5-Omni-7B,212109,lp_0-2000_rms_matched,Seep,Seep,Seep,true,1
Qwen/Qwen2.5-Omni-7B,212110,lp_0-2000_rms_matched,Seep,Phee,Phee,false,1
Qwen/Qwen2.5-Omni-7B,212120,lp_0-2000_rms_matched,Seep,Phee,Phee,false,1
Qwen/Qwen2.5-Omni-7B,212127,lp_0-2000_rms_matched,Seep,Phee,Phee,false,1
Qwen/Qwen2.5-Omni-7B,212130,lp_0-2000_rms_matched,Seep,Seep,Seep,true,1
Qwen/Qwen2.5-Omni-7B,213327,lp_0-2000_rms_matched,Infant Cry,Phee,Phee,false,1
Qwen/Qwen2.5-Omni-7B,221515,lp_0-2000_rms_matched,Phee,Phee,Phee,true,1
Qwen/Qwen2.5-Omni-7B,223077,lp_0-2000_rms_matched,Infant Cry,Phee,Phee,false,1
Qwen/Qwen2.5-Omni-7B,223144,lp_0-2000_rms_matched,Trill,Phee,Phee,false,1
Qwen/Qwen2.5-Omni-7B,223149,lp_0-2000_rms_matched,Twitter,Phee,Phee,false,1
Qwen/Qwen2.5-Omni-7B,223196,lp_0-2000_rms_matched,Phee,Phee,Phee,true,1
Qwen/Qwen2.5-Omni-7B,223206,lp_0-2000_rms_matched,Phee,Phee,Phee,true,1
Qwen/Qwen2.5-Omni-7B,223208,lp_0-2000_rms_matched,Phee,Tsik,Tsik,false,1
Qwen/Qwen2.5-Omni-7B,223298,lp_0-2000_rms_matched,Seep,Phee,Phee,false,1
Qwen/Qwen2.5-Omni-7B,223312,lp_0-2000_rms_matched,Infant Cry,Phee,Phee,false,1
Qwen/Qwen2.5-Omni-7B,223332,lp_0-2000_rms_matched,Infant Cry,Phee,Phee,false,1
Qwen/Qwen2.5-Omni-7B,223352,lp_0-2000_rms_matched,Infant Cry,Phee,Phee,false,1
Qwen/Qwen2.5-Omni-7B,223371,lp_0-2000_rms_matched,Tsik,Phee,Phee,false,1
Qwen/Qwen2.5-Omni-7B,223383,lp_0-2000_rms_matched,Infant Cry,Phee,Phee,false,1
Qwen/Qwen2.5-Omni-7B,223396,lp_0-2000_rms_matched,Infant Cry,Phee,Phee,false,1
Qwen/Qwen2.5-Omni-7B,223400,lp_0-2000_rms_matched,Infant Cry,Phee,Phee,false,1
Qwen/Qwen2.5-Omni-7B,227303,lp_0-2000_rms_matched,Twitter,Phee,Phee,false,1
Qwen/Qwen2.5-Omni-7B,235891,lp_0-2000_rms_matched,Seep,Phee,Phee,false,1
Qwen/Qwen2.5-Omni-7B,238981,lp_0-2000_rms_matched,Trill,Tsik,Tsik,false,1
Qwen/Qwen2.5-Omni-7B,241125,lp_0-2000_rms_matched,Twitter,Phee,Phee,false,1
Qwen/Qwen2.5-Omni-7B,248263,lp_0-2000_rms_matched,Twitter,Phee,Phee,false,1
Qwen/Qwen2.5-Omni-7B,248296,lp_0-2000_rms_matched,Twitter,Phee,Phee,false,1
Qwen/Qwen2.5-Omni-7B,268974,lp_0-2000_rms_matched,Phee,Phee,Phee,true,1
Qwen/Qwen2.5-Omni-7B,273977,lp_0-2000_rms_matched,Twitter,Phee,Phee,false,1
Qwen/Qwen2.5-Omni-7B,274918,lp_0-2000_rms_matched,Twitter,Phee,Phee,false,1
Qwen/Qwen2.5-Omni-7B,285967,lp_0-2000_rms_matched,Phee,Phee,Phee,true,1
Qwen/Qwen2.5-Omni-7B,294079,lp_0-2000_rms_matched,Seep,Phee,Phee,false,1
Qwen/Qwen2.5-Omni-7B,297892,lp_0-2000_rms_matched,Seep,Seep,Seep,true,1
Qwen/Qwen2.5-Omni-7B,299793,lp_0-2000_rms_matched,Infant Cry,Phee,Phee,false,1
Qwen/Qwen2.5-Omni-7B,303572,lp_0-2000_rms_matched,Seep,Seep,Seep,true,1
Qwen/Qwen2.5-Omni-7B,313999,lp_0-2000_rms_matched,Twitter,Phee,Phee,false,1
Qwen/Qwen2.5-Omni-7B,31471,lp_0-2000_rms_matched,Tsik,Phee,Phee,false,1
Qwen/Qwen2.5-Omni-7B,329778,lp_0-2000_rms_matched,Infant Cry,Phee,Phee,false,1
Qwen/Qwen2.5-Omni-7B,335642,lp_0-2000_rms_matched,Tsik,Phee,Phee,false,1
Qwen/Qwen2.5-Omni-7B,342684,lp_0-2000_rms_matched,Infant Cry,Phee,Phee,false,1
Qwen/Qwen2.5-Omni-7B,352081,lp_0-2000_rms_matched,Infant Cry,Phee,Phee,false,1
Qwen/Qwen2.5-Omni-7B,354197,lp_0-2000_rms_matched,Infant Cry,Phee,Phee,false,1
Qwen/Qwen2.5-Omni-7B,354379,lp_0-2000_rms_matched,Trill,Phee,Phee,false,1
Qwen/Qwen2.5-Omni-7B,357670,lp_0-2000_rms_matched,Infant Cry,Phee,Phee,false,1
Qwen/Qwen2.5-Omni-7B,363877,lp_0-2000_rms_matched,Twitter,Phee,Phee,false,1
Qwen/Qwen2.5-Omni-7B,36485,lp_0-2000_rms_matched,Phee,Seep,Seep,false,1
Qwen/Qwen2.5-Omni-7B,36522,lp_0-2000_rms_matched,Twitter,Phee,Phee,false,1
Qwen/Qwen2.5-Omni-7B,377896,lp_0-2000_rms_matched,Phee,Seep,Seep,false,1
Qwen/Qwen2.5-Omni-7B,389438,lp_0-2000_rms_matched,Phee,Phee,Phee,true,1
Qwen/Qwen2.5-Omni-7B,395548,lp_0-2000_rms_matched,Phee,Phee,Phee,true,1
Qwen/Qwen2.5-Omni-7B,397118,lp_0-2000_rms_matched,Trill,Phee,Phee,false,1
Qwen/Qwen2.5-Omni-7B,400874,lp_0-2000_rms_matched,Twitter,Phee,Phee,false,1
Qwen/Qwen2.5-Omni-7B,405841,lp_0-2000_rms_matched,Infant Cry,Phee,Phee,false,1
Qwen/Qwen2.5-Omni-7B,408631,lp_0-2000_rms_matched,Phee,Phee,Phee,true,1
Qwen/Qwen2.5-Omni-7B,411252,lp_0-2000_rms_matched,Seep,Seep,Seep,true,1
Qwen/Qwen2.5-Omni-7B,414997,lp_0-2000_rms_matched,Seep,Phee,Phee,false,1
Qwen/Qwen2.5-Omni-7B,423771,lp_0-2000_rms_matched,Tsik,Seep,Seep,false,1
Qwen/Qwen2.5-Omni-7B,436313,lp_0-2000_rms_matched,Trill,Phee,Phee,false,1
Qwen/Qwen2.5-Omni-7B,456914,lp_0-2000_rms_matched,Trill,Phee,Phee,false,1
Qwen/Qwen2.5-Omni-7B,463226,lp_0-2000_rms_matched,Trill,Phee,Phee,false,1
Qwen/Qwen2.5-Omni-7B,470849,lp_0-2000_rms_matched,Trill,Phee,Phee,false,1
Qwen/Qwen2.5-Omni-7B,480809,lp_0-2000_rms_matched,Tsik,Phee,Phee,false,1
Qwen/Qwen2.5-Omni-7B,495081,lp_0-2000_rms_matched,Seep,Phee,Phee,false,1
Qwen/Qwen2.5-Omni-7B,508636,lp_0-2000_rms_matched,Twitter,Phee,Phee,false,1
Qwen/Qwen2.5-Omni-7B,508696,lp_0-2000_rms_matched,Phee,Seep,Seep,false,1
Qwen/Qwen2.5-Omni-7B,508764,lp_0-2000_rms_matched,Infant Cry,Phee,Phee,false,1
Qwen/Qwen2.5-Omni-7B,508775,lp_0-2000_rms_matched,Phee,Phee,Phee,true,1
Qwen/Qwen2.5-Omni-7B,508777,lp_0-2000_rms_matched,Twitter,Seep,Seep,false,1
Qwen/Qwen2.5-Omni-7B,508801,lp_0-2000_rms_matched,Infant Cry,Phee,Phee,false,1
Qwen/Qwen2.5-Omni-7B,508866,lp_0-2000_rms_matched,Tsik,Phee,Phee,false,1
Qwen/Qwen2.5-Omni-7B,508896,lp_0-2000_rms_matched,Seep,Phee,Phee,false,1
Qwen/Qwen2.5-Omni-7B,508903,lp_0-2000_rms_matched,Tsik,Phee,Phee,false,1
Qwen/Qwen2.5-Omni-7B,508966,lp_0-2000_rms_matched,Phee,Phee,Phee,true,1
Qwen/Qwen2.5-Omni-7B,508992,lp_0-2000_rms_matched,Twitter,Phee,Phee,false,1
Qwen/Qwen2.5-Omni-7B,509005,lp_0-2000_rms_matched,Twitter,Phee,Phee,false,1
Qwen/Qwen2.5-Omni-7B,509009,lp_0-2000_rms_matched,Phee,Seep,Seep,false,1
Qwen/Qwen2.5-Omni-7B,509026,lp_0-2000_rms_matched,Twitter,Tsik,Tsik,false,1
Qwen/Qwen2.5-Omni-7B,509036,lp_0-2000_rms_matched,Phee,Phee,Phee,true,1
Qwen/Qwen2.5-Omni-7B,509046,lp_0-2000_rms_matched,Twitter,Seep,Seep,false,1
Qwen/Qwen2.5-Omni-7B,509047,lp_0-2000_rms_matched,Phee,Seep,Seep,false,1
Qwen/Qwen2.5-Omni-7B,509050,lp_0-2000_rms_matched,Phee,Seep,Seep,false,1
Qwen/Qwen2.5-Omni-7B,509065,lp_0-2000_rms_matched,Seep,Phee,Phee,false,1
Qwen/Qwen2.5-Omni-7B,509083,lp_0-2000_rms_matched,Infant Cry,Phee,Phee,false,1
Qwen/Qwen2.5-Omni-7B,509091,lp_0-2000_rms_matched,Infant Cry,Phee,Phee,false,1
Qwen/Qwen2.5-Omni-7B,50919,lp_0-2000_rms_matched,Tsik,Seep,Seep,false,1
Qwen/Qwen2.5-Omni-7B,511620,lp_0-2000_rms_matched,Phee,Seep,Seep,false,1
Qwen/Qwen2.5-Omni-7B,51436,lp_0-2000_rms_matched,Trill,Phee,Phee,false,1
Qwen/Qwen2.5-Omni-7B,515398,lp_0-2000_rms_matched,Trill,Phee,Phee,false,1
Qwen/Qwen2.5-Omni-7B,518850,lp_0-2000_rms_matched,Infant Cry,Phee,Phee,false,1
Qwen/Qwen2.5-Omni-7B,523406,lp_0-2000_rms_matched,Seep,Seep,Seep,true,1
Qwen/Qwen2.5-Omni-7B,525735,lp_0-2000_rms_matched,Tsik,Seep,Seep,false,1
Qwen/Qwen2.5-Omni-7B,525796,lp_0-2000_rms_matched,Phee,Phee,Phee,true,1
Qwen/Qwen2.5-Omni-7B,525942,lp_0-2000_rms_matched,Phee,Seep,Seep,false,1
Qwen/Qwen2.5-Omni-7B,526040,lp_0-2000_rms_matched,Infant Cry,Phee,Phee,false,1
Qwen/Qwen2.5-Omni-7B,526671,lp_0-2000_rms_matched,Infant Cry,Phee,Phee,false,1
Qwen/Qwen2.5-Omni-7B,526711,lp_0-2000_rms_matched,Infant Cry,Phee,Phee,false,1
Qwen/Qwen2.5-Omni-7B,526904,lp_0-2000_rms_matched,Tsik,Phee,Phee,false,1
Qwen/Qwen2.5-Omni-7B,527437,lp_0-2000_rms_matched,Seep,Phee,Phee,false,1
Qwen/Qwen2.5-Omni-7B,527518,lp_0-2000_rms_matched,Phee,Seep,Seep,false,1
Qwen/Qwen2.5-Omni-7B,528688,lp_0-2000_rms_matched,Phee,Phee,Phee,true,1
Qwen/Qwen2.5-Omni-7B,533988,lp_0-2000_rms_matched,Seep,Seep,Seep,true,1
Qwen/Qwen2.5-Omni-7B,536094,lp_0-2000_rms_matched,Phee,Phee,Phee,true,1
Qwen/Qwen2.5-Omni-7B,539354,lp_0-2000_rms_matched,Phee,Phee,Phee,true,1
Qwen/Qwen2.5-Omni-7B,540984,lp_0-2000_rms_matched,Infant Cry,Phee,Phee,false,1
Qwen/Qwen2.5-Omni-7B,541326,lp_0-2000_rms_matched,Seep,Phee,Phee,false,1
Qwen/Qwen2.5-Omni-7B,54180,lp_0-2000_rms_matched,Phee,Seep,Seep,false,1
Qwen/Qwen2.5-Omni-7B,547929,lp_0-2000_rms_matched,Twitter,Phee,Phee,false,1
Qwen/Qwen2.5-Omni-7B,548798,lp_0-2000_rms_matched,Trill,Phee,Phee,false,1
Qwen/Qwen2.5-Omni-7B,549295,lp_0-2000_rms_matched,Trill,Phee,Phee,false,1
Qwen/Qwen2.5-Omni-7B,549904,lp_0-2000_rms_matched,Tsik,Phee,Phee,false,1
Qwen/Qwen2.5-Omni-7B,549995,lp_0-2000_rms_matched,Trill,Phee,Phee,false,1
Qwen/Qwen2.5-Omni-7B,550353,lp_0-2000_rms_matched,Twitter,Phee,Phee,false,1
Qwen/Qwen2.5-Omni-7B,550482,lp_0-2000_rms_matched,Twitter,Phee,Phee,false,1
Qwen/Qwen2.5-Omni-7B,556028,lp_0-2000_rms_matched,Seep,Phee,Phee,false,1
Qwen/Qwen2.5-Omni-7B,556866,lp_0-2000_rms_matched,Twitter,Phee,Phee,false,1
Qwen/Qwen2.5-Omni-7B,558254,lp_0-2000_rms_matched,Tsik,Phee,Phee,false,1
Qwen/Qwen2.5-Omni-7B,558285,lp_0-2000_rms_matched,Twitter,Phee,Phee,false,1
Qwen/Qwen2.5-Omni-7B,558438,lp_0-2000_rms_matched,Infant Cry,Seep,Seep,false,1
Qwen/Qwen2.5-Omni-7B,558541,lp_0-2000_rms_matched,Phee,Phee,Phee,true,1
Qwen/Qwen2.5-Omni-7B,558594,lp_0-2000_rms_matched,Infant Cry,Phee,Phee,false,1
Qwen/Qwen2.5-Omni-7B,558633,lp_0-2000_rms_matched,Infant Cry,Seep,Seep,false,1
Qwen/Qwen2.5-Omni-7B,56195,lp_0-2000_rms_matched,Trill,Phee,Phee,false,1
Qwen/Qwen2.5-Omni-7B,563468,lp_0-2000_rms_matched,Tsik,Seep,Seep,false,1
Qwen/Qwen2.5-Omni-7B,564626,lp_0-2000_rms_matched,Trill,Phee,Phee,false,1
Qwen/Qwen2.5-Omni-7B,565266,lp_0-2000_rms_matched,Infant Cry,Phee,Phee,false,1
Qwen/Qwen2.5-Omni-7B,571992,lp_0-2000_rms_matched,Seep,Phee,Phee,false,1
Qwen/Qwen2.5-Omni-7B,572081,lp_0-2000_rms_matched,Trill,Phee,Phee,false,1
Qwen/Qwen2.5-Omni-7B,582662,lp_0-2000_rms_matched,Seep,Phee,Phee,false,1
Qwen/Qwen2.5-Omni-7B,582669,lp_0-2000_rms_matched,Phee,Phee,Phee,true,1
Qwen/Qwen2.5-Omni-7B,583172,lp_0-2000_rms_matched,Phee,Seep,Seep,false,1
Qwen/Qwen2.5-Omni-7B,583214,lp_0-2000_rms_matched,Infant Cry,Seep,Seep,false,1
Qwen/Qwen2.5-Omni-7B,583884,lp_0-2000_rms_matched,Seep,Phee,Phee,false,1
Qwen/Qwen2.5-Omni-7B,584012,lp_0-2000_rms_matched,Phee,Phee,Phee,true,1
Qwen/Qwen2.5-Omni-7B,584362,lp_0-2000_rms_matched,Seep,Phee,Phee,false,1
Qwen/Qwen2.5-Omni-7B,586064,lp_0-2000_rms_matched,Seep,Phee,Phee,false,1
Qwen/Qwen2.5-Omni-7B,589438,lp_0-2000_rms_matched,Trill,Seep,Seep,false,1
Qwen/Qwen2.5-Omni-7B,592253,lp_0-2000_rms_matched,Trill,Phee,Phee,false,1
Qwen/Qwen2.5-Omni-7B,592286,lp_0-2000_rms_matched,Twitter,Phee,Phee,false,1
Qwen/Qwen2.5-Omni-7B,592365,lp_0-2000_rms_matched,Trill,Phee,Phee,false,1
Qwen/Qwen2.5-Omni-7B,592485,lp_0-2000_rms_matched,Trill,Phee,Phee,false,1
Qwen/Qwen2.5-Omni-7B,594023,lp_0-2000_rms_matched,Trill,Phee,Phee,false,1
Qwen/Qwen2.5-Omni-7B,598781,lp_0-2000_rms_matched,Twitter,Phee,Phee,false,1
Qwen/Qwen2.5-Omni-7B,600731,lp_0-2000_rms_matched,Twitter,Phee,Phee,false,1
Qwen/Qwen2.5-Omni-7B,601927,lp_0-2000_rms_matched,Twitter,Phee,Phee,false,1
Qwen/Qwen2.5-Omni-7B,602268,lp_0-2000_rms_matched,Twitter,Phee,Phee,false,1
Qwen/Qwen2.5-Omni-7B,604234,lp_0-2000_rms_matched,Infant Cry,Phee,Phee,false,1
Qwen/Qwen2.5-Omni-7B,609454,lp_0-2000_rms_matched,Infant Cry,Tsik,Tsik,false,1
Qwen/Qwen2.5-Omni-7B,610080,lp_0-2000_rms_matched,Tsik,Phee,Phee,false,1
Qwen/Qwen2.5-Omni-7B,612455,lp_0-2000_rms_matched,Infant Cry,Phee,Phee,false,1
Qwen/Qwen2.5-Omni-7B,61472,lp_0-2000_rms_matched,Phee,Seep,Seep,false,1
Qwen/Qwen2.5-Omni-7B,617822,lp_0-2000_rms_matched,Seep,Phee,Phee,false,1
Qwen/Qwen2.5-Omni-7B,618440,lp_0-2000_rms_matched,Infant Cry,Phee,Phee,false,1
Qwen/Qwen2.5-Omni-7B,619623,lp_0-2000_rms_matched,Seep,Phee,Phee,false,1
Qwen/Qwen2.5-Omni-7B,622312,lp_0-2000_rms_matched,Tsik,Phee,Phee,false,1
Qwen/Qwen2.5-Omni-7B,622320,lp_0-2000_rms_matched,Trill,Phee,Phee,false,1
Qwen/Qwen2.5-Omni-7B,622417,lp_0-2000_rms_matched,Seep,Phee,Phee,false,1
Qwen/Qwen2.5-Omni-7B,622758,lp_0-2000_rms_matched,Twitter,Phee,Phee,false,1
Qwen/Qwen2.5-Omni-7B,623382,lp_0-2000_rms_matched,Seep,Phee,Phee,false,1
Qwen/Qwen2.5-Omni-7B,623691,lp_0-2000_rms_matched,Infant Cry,Seep,Seep,false,1
Qwen/Qwen2.5-Omni-7B,624179,lp_0-2000_rms_matched,Twitter,Phee,Phee,false,1
Qwen/Qwen2.5-Omni-7B,624712,lp_0-2000_rms_matched,Trill,Phee,Phee,false,1
Qwen/Qwen2.5-Omni-7B,628729,lp_0-2000_rms_matched,Infant Cry,Phee,Phee,false,1
Qwen/Qwen2.5-Omni-7B,630476,lp_0-2000_rms_matched,Trill,Phee,Phee,false,1
Qwen/Qwen2.5-Omni-7B,631021,lp_0-2000_rms_matched,Seep,Phee,Phee,false,1
Qwen/Qwen2.5-Omni-7B,631448,lp_0-2000_rms_matched,Trill,Phee,Phee,false,1
Qwen/Qwen2.5-Omni-7B,631485,lp_0-2000_rms_matched,Phee,Phee,Phee,true,1
Qwen/Qwen2.5-Omni-7B,631861,lp_0-2000_rms_matched,Infant Cry,Phee,Phee,false,1
Qwen/Qwen2.5-Omni-7B,631947,lp_0-2000_rms_matched,Tsik,Phee,Phee,false,1
Qwen/Qwen2.5-Omni-7B,632037,lp_0-2000_rms_matched,Tsik,Phee,Phee,false,1
Qwen/Qwen2.5-Omni-7B,632381,lp_0-2000_rms_matched,Twitter,Phee,Phee,false,1
Qwen/Qwen2.5-Omni-7B,632863,lp_0-2000_rms_matched,Phee,Phee,Phee,true,1
Qwen/Qwen2.5-Omni-7B,636120,lp_0-2000_rms_matched,Tsik,Phee,Phee,false,1
Qwen/Qwen2.5-Omni-7B,636151,lp_0-2000_rms_matched,Tsik,Seep,Seep,false,1
Qwen/Qwen2.5-Omni-7B,637669,lp_0-2000_rms_matched,Seep,Phee,Phee,false,1
Qwen/Qwen2.5-Omni-7B,638580,lp_0-2000_rms_matched,Phee,Phee,Phee,true,1
Qwen/Qwen2.5-Omni-7B,638810,lp_0-2000_rms_matched,Trill,Phee,Phee,false,1
Qwen/Qwen2.5-Omni-7B,639491,lp_0-2000_rms_matched,Phee,Seep,Seep,false,1
Qwen/Qwen2.5-Omni-7B,639917,lp_0-2000_rms_matched,Trill,Phee,Phee,false,1
Qwen/Qwen2.5-Omni-7B,642827,lp_0-2000_rms_matched,Tsik,Seep,Seep,false,1
Qwen/Qwen2.5-Omni-7B,647588,lp_0-2000_rms_matched,Phee,Phee,Phee,true,1
Qwen/Qwen2.5-Omni-7B,651229,lp_0-2000_rms_matched,Twitter,Phee,Phee,false,1
Qwen/Qwen2.5-Omni-7B,652668,lp_0-2000_rms_matched,Seep,Phee,Phee,false,1
Qwen/Qwen2.5-Omni-7B,654915,lp_0-2000_rms_matched,Tsik,Phee,Phee,false,1
Qwen/Qwen2.5-Omni-7B,655868,lp_0-2000_rms_matched,Seep,Phee,Phee,false,1
Qwen/Qwen2.5-Omni-7B,658275,lp_0-2000_rms_matched,Phee,Seep,Seep,false,1
Qwen/Qwen2.5-Omni-7B,662800,lp_0-2000_rms_matched,Twitter,Phee,Phee,false,1
Qwen/Qwen2.5-Omni-7B,6633,lp_0-2000_rms_matched,Infant Cry,Phee,Phee,false,1
Qwen/Qwen2.5-Omni-7B,663998,lp_0-2000_rms_matched,Tsik,Phee,Phee,false,1
Qwen/Qwen2.5-Omni-7B,666571,lp_0-2000_rms_matched,Tsik,Phee,Phee,false,1
Qwen/Qwen2.5-Omni-7B,666889,lp_0-2000_rms_matched,Trill,Phee,Phee,false,1
Qwen/Qwen2.5-Omni-7B,667042,lp_0-2000_rms_matched,Trill,Phee,Phee,false,1
Qwen/Qwen2.5-Omni-7B,667091,lp_0-2000_rms_matched,Trill,Phee,Phee,false,1
Qwen/Qwen2.5-Omni-7B,667130,lp_0-2000_rms_matched,Seep,Phee,Phee,false,1
Qwen/Qwen2.5-Omni-7B,667312,lp_0-2000_rms_matched,Trill,Phee,Phee,false,1
Qwen/Qwen2.5-Omni-7B,667582,lp_0-2000_rms_matched,Tsik,Phee,Phee,false,1
Qwen/Qwen2.5-Omni-7B,667865,lp_0-2000_rms_matched,Infant Cry,Phee,Phee,false,1
Qwen/Qwen2.5-Omni-7B,667905,lp_0-2000_rms_matched,Infant Cry,Phee,Phee,false,1
Qwen/Qwen2.5-Omni-7B,668428,lp_0-2000_rms_matched,Trill,Phee,Phee,false,1
Qwen/Qwen2.5-Omni-7B,669075,lp_0-2000_rms_matched,Trill,Phee,Phee,false,1
Qwen/Qwen2.5-Omni-7B,669272,lp_0-2000_rms_matched,Seep,Phee,Phee,false,1
Qwen/Qwen2.5-Omni-7B,669273,lp_0-2000_rms_matched,Seep,Phee,Phee,false,1
Qwen/Qwen2.5-Omni-7B,669577,lp_0-2000_rms_matched,Phee,Phee,Phee,true,1
Qwen/Qwen2.5-Omni-7B,670039,lp_0-2000_rms_matched,Infant Cry,Seep,Seep,false,1
Qwen/Qwen2.5-Omni-7B,670290,lp_0-2000_rms_matched,Seep,Phee,Phee,false,1
Qwen/Qwen2.5-Omni-7B,680295,lp_0-2000_rms_matched,Twitter,Phee,Phee,false,1
Qwen/Qwen2.5-Omni-7B,680791,lp_0-2000_rms_matched,Twitter,Tsik,Tsik,false,1
Qwen/Qwen2.5-Omni-7B,691528,lp_0-2000_rms_matched,Infant Cry,Phee,Phee,false,1
Qwen/Qwen2.5-Omni-7B,691986,lp_0-2000_rms_matched,Trill,Phee,Phee,false,1
Qwen/Qwen2.5-Omni-7B,693164,lp_0-2000_rms_matched,Infant Cry,Phee,Phee,false,1
Qwen/Qwen2.5-Omni-7B,695230,lp_0-2000_rms_matched,Trill,Phee,Phee,false,1
Qwen/Qwen2.5-Omni-7B,697899,lp_0-2000_rms_matched,Seep,Phee,Phee,false,1
Qwen/Qwen2.5-Omni-7B,707417,lp_0-2000_rms_matched,Trill,Phee,Phee,false,1
Qwen/Qwen2.5-Omni-7B,708875,lp_0-2000_rms_matched,Trill,Phee,Phee,false,1
Qwen/Qwen2.5-Omni-7B,714664,lp_0-2000_rms_matched,Trill,Phee,Phee,false,1
Qwen/Qwen2.5-Omni-7B,731937,lp_0-2000_rms_matched,Infant Cry,Phee,Phee,false,1
Qwen/Qwen2.5-Omni-7B,734314,lp_0-2000_rms_matched,Seep,Phee,Phee,false,1
Qwen/Qwen2.5-Omni-7B,738495,lp_0-2000_rms_matched,Trill,Phee,Phee,false,1
Qwen/Qwen2.5-Omni-7B,739815,lp_0-2000_rms_matched,Seep,Phee,Phee,false,1
Qwen/Qwen2.5-Omni-7B,741056,lp_0-2000_rms_matched,Seep,Phee,Phee,false,1
Qwen/Qwen2.5-Omni-7B,742006,lp_0-2000_rms_matched,Infant Cry,Phee,Phee,false,1
Qwen/Qwen2.5-Omni-7B,746198,lp_0-2000_rms_matched,Tsik,Phee,Phee,false,1
Qwen/Qwen2.5-Omni-7B,753447,lp_0-2000_rms_matched,Tsik,Tsik,Tsik,true,1
Qwen/Qwen2.5-Omni-7B,762457,lp_0-2000_rms_matched,Trill,Phee,Phee,false,1
Qwen/Qwen2.5-Omni-7B,763863,lp_0-2000_rms_matched,Infant Cry,Seep,Seep,false,1
Qwen/Qwen2.5-Omni-7B,765458,lp_0-2000_rms_matched,Infant Cry,Phee,Phee,false,1
Qwen/Qwen2.5-Omni-7B,766645,lp_0-2000_rms_matched,Twitter,Phee,Phee,false,1
Qwen/Qwen2.5-Omni-7B,768697,lp_0-2000_rms_matched,Twitter,Phee,Phee,false,1
Qwen/Qwen2.5-Omni-7B,769489,lp_0-2000_rms_matched,Seep,Seep,Seep,true,1
Qwen/Qwen2.5-Omni-7B,770853,lp_0-2000_rms_matched,Tsik,Phee,Phee,false,1
Qwen/Qwen2.5-Omni-7B,773125,lp_0-2000_rms_matched,Seep,Phee,Phee,false,1
Qwen/Qwen2.5-Omni-7B,773651,lp_0-2000_rms_matched,Phee,Phee,Phee,true,1
Qwen/Qwen2.5-Omni-7B,784804,lp_0-2000_rms_matched,Tsik,Seep,Seep,false,1
Qwen/Qwen2.5-Omni-7B,786011,lp_0-2000_rms_matched,Twitter,Phee,Phee,false,1
Qwen/Qwen2.5-Omni-7B,788000,lp_0-2000_rms_matched,Phee,Phee,Phee,true,1
Qwen/Qwen2.5-Omni-7B,792714,lp_0-2000_rms_matched,Tsik,Phee,Phee,false,1
Qwen/Qwen2.5-Omni-7B,794666,lp_0-2000_rms_matched,Phee,Phee,Phee,true,1
Qwen/Qwen2.5-Omni-7B,799579,lp_0-2000_rms_matched,Infant Cry,Phee,Phee,false,1
Qwen/Qwen2.5-Omni-7B,804279,lp_0-2000_rms_matched,Trill,Phee,Phee,false,1
Qwen/Qwen2.5-Omni-7B,804713,lp_0-2000_rms_matched,Tsik,Phee,Phee,false,1
Qwen/Qwen2.5-Omni-7B,805610,lp_0-2000_rms_matched,Trill,Phee,Phee,false,1
Qwen/Qwen2.5-Omni-7B,807122,lp_0-2000_rms_matched,Tsik,Seep,Seep,false,1
Qwen/Qwen2.5-Omni-7B,807189,lp_0-2000_rms_matched,Twitter,Phee,Phee,false,1
Qwen/Qwen2.5-Omni-7B,809280,lp_0-2000_rms_matched,Trill,Phee,Phee,false,1
Qwen/Qwen2.5-Omni-7B,811393,lp_0-2000_rms_matched,Twitter,Phee,Phee,false,1
Qwen/Qwen2.5-Omni-7B,81191,lp_0-2000_rms_matched,Seep,Phee,Phee,false,1
Qwen/Qwen2.5-Omni-7B,816990,lp_0-2000_rms_matched,Tsik,Phee,Phee,false,1
Qwen/Qwen2.5-Omni-7B,817109,lp_0-2000_rms_matched,Infant Cry,Phee,Phee,false,1
Qwen/Qwen2.5-Omni-7B,820757,lp_0-2000_rms_matched,Twitter,Phee,Phee,false,1
Qwen/Qwen2.5-Omni-7B,822050,lp_0-2000_rms_matched,Phee,Phee,Phee,true,1
Qwen/Qwen2.5-Omni-7B,824405,lp_0-2000_rms_matched,Phee,Phee,Phee,true,1
Qwen/Qwen2.5-Omni-7B,827373,lp_0-2000_rms_matched,Trill,Phee,Phee,false,1
Qwen/Qwen2.5-Omni-7B,836799,lp_0-2000_rms_matched,Twitter,Phee,Phee,false,1
Qwen/Qwen2.5-Omni-7B,844274,lp_0-2000_rms_matched,Twitter,Seep,Seep,false,1
Qwen/Qwen2.5-Omni-7B,847877,lp_0-2000_rms_matched,Tsik,Phee,Phee,false,1
Qwen/Qwen2.5-Omni-7B,851005,lp_0-2000_rms_matched,Phee,Phee,Phee,true,1
Qwen/Qwen2.5-Omni-7B,852107,lp_0-2000_rms_matched,Trill,Phee,Phee,false,1
Qwen/Qwen2.5-Omni-7B,852264,lp_0-2000_rms_matched,Phee,Phee,Phee,true,1
Qwen/Qwen2.5-Omni-7B,853911,lp_0-2000_rms_matched,Tsik,Seep,Seep,false,1
Qwen/Qwen2.5-Omni-7B,857186,lp_0-2000_rms_matched,Seep,Phee,Phee,false,1
Qwen/Qwen2.5-Omni-7B,857896,lp_0-2000_rms_matched,Phee,Phee,Phee,true,1
Qwen/Qwen2.5-Omni-7B,860537,lp_0-2000_rms_matched,Phee,Phee,Phee,true,1
Qwen/Qwen2.5-Omni-7B,861853,lp_0-2000_rms_matched,Twitter,Phee,Phee,false,1
Qwen/Qwen2.5-Omni-7B,862343,lp_0-2000_rms_matched,Phee,Phee,Phee,true,1
Qwen/Qwen2.5-Omni-7B,866525,lp_0-2000_rms_matched,Twitter,Phee,Phee,false,1
Qwen/Qwen2.5-Omni-7B,866533,lp_0-2000_rms_matched,Twitter,Seep,Seep,false,1
Qwen/Qwen2.5-Omni-7B,866655,lp_0-2000_rms_matched,Seep,Phee,Phee,false,1
Qwen/Qwen2.5-Omni-7B,866838,lp_0-2000_rms_matched,Twitter,Phee,Phee,false,1
Qwen/Qwen2.5-Omni-7B,867489,lp_0-2000_rms_matched,Tsik,Phee,Phee,false,1
Qwen/Qwen2.5-Omni-7B,867502,lp_0-2000_rms_matched,Trill,Phee,Phee,false,1
Qwen/Qwen2.5-Omni-7B,867780,lp_0-2000_rms_matched,Trill,Phee,Phee,false,1
Qwen/Qwen2.5-Omni-7B,9024,lp_0-2000_rms_matched,Infant Cry,Phee,Phee,false,1
Qwen/Qwen2.5-Omni-7B,108998,lp_0-4000_rms_matched,Phee,Phee,Phee,true,1
Qwen/Qwen2.5-Omni-7B,110359,lp_0-4000_rms_matched,Tsik,Tsik,Tsik,true,1
Qwen/Qwen2.5-Omni-7B,110581,lp_0-4000_rms_matched,Tsik,Tsik,Tsik,true,1
Qwen/Qwen2.5-Omni-7B,122742,lp_0-4000_rms_matched,Tsik,Tsik,Tsik,true,1
Qwen/Qwen2.5-Omni-7B,137886,lp_0-4000_rms_matched,Twitter,Phee,Phee,false,1
Qwen/Qwen2.5-Omni-7B,143307,lp_0-4000_rms_matched,Tsik,Phee,Phee,false,1
Qwen/Qwen2.5-Omni-7B,161850,lp_0-4000_rms_matched,Trill,Phee,Phee,false,1
Qwen/Qwen2.5-Omni-7B,166603,lp_0-4000_rms_matched,Twitter,Phee,Phee,false,1
Qwen/Qwen2.5-Omni-7B,170858,lp_0-4000_rms_matched,Tsik,Phee,Phee,false,1
Qwen/Qwen2.5-Omni-7B,172015,lp_0-4000_rms_matched,Trill,Phee,Phee,false,1
Qwen/Qwen2.5-Omni-7B,174653,lp_0-4000_rms_matched,Twitter,Phee,Phee,false,1
Qwen/Qwen2.5-Omni-7B,193131,lp_0-4000_rms_matched,Infant Cry,Phee,Phee,false,1
Qwen/Qwen2.5-Omni-7B,195490,lp_0-4000_rms_matched,Trill,Phee,Phee,false,1
Qwen/Qwen2.5-Omni-7B,202978,lp_0-4000_rms_matched,Phee,Phee,Phee,true,1
Qwen/Qwen2.5-Omni-7B,209834,lp_0-4000_rms_matched,Tsik,Phee,Phee,false,1
Qwen/Qwen2.5-Omni-7B,209838,lp_0-4000_rms_matched,Tsik,Tsik,Tsik,true,1
Qwen/Qwen2.5-Omni-7B,209851,lp_0-4000_rms_matched,Tsik,Tsik,Tsik,true,1
Qwen/Qwen2.5-Omni-7B,209853,lp_0-4000_rms_matched,Tsik,Phee,Phee,false,1
Qwen/Qwen2.5-Omni-7B,209876,lp_0-4000_rms_matched,Tsik,Tsik,Tsik,true,1
Qwen/Qwen2.5-Omni-7B,209886,lp_0-4000_rms_matched,Tsik,Phee,Phee,false,1
Qwen/Qwen2.5-Omni-7B,209893,lp_0-4000_rms_matched,Tsik,Phee,Phee,false,1
Qwen/Qwen2.5-Omni-7B,209901,lp_0-4000_rms_matched,Tsik,Tsik,Tsik,true,1
Qwen/Qwen2.5-Omni-7B,209905,lp_0-4000_rms_matched,Tsik,Tsik,Tsik,true,1
Qwen/Qwen2.5-Omni-7B,209919,lp_0-4000_rms_matched,Tsik,Tsik,Tsik,true,1
Qwen/Qwen2.5-Omni-7B,211769,lp_0-4000_rms_matched,Twitter,Phee,Phee,false,1
Qwen/Qwen2.5-Omni-7B,211832,lp_0-4000_rms_matched,Seep,Phee,Phee,false,1
Qwen/Qwen2.5-Omni-7B,211974,lp_0-4000_rms_matched,Seep,Phee,Phee,false,1
Qwen/Qwen2.5-Omni-7B,212002,lp_0-4000_rms_matched,Seep,Phee,Phee,false,1
Qwen/Qwen2.5-Omni-7B,212106,lp_0-4000_rms_matched,Seep,Seep,Seep,true,1
Qwen/Qwen2.5-Omni-7B,212109,lp_0-4000_rms_matched,Seep,Phee,Phee,false,1
Qwen/Qwen2.5-Omni-7B,212110,lp_0-4000_rms_matched,Seep,Phee,Phee,false,1
Qwen/Qwen2.5-Omni-7B,212120,lp_0-4000_rms_matched,Seep,Phee,Phee,false,1
Qwen/Qwen2.5-Omni-7B,212127,lp_0-4000_rms_matched,Seep,Phee,Phee,false,1
Qwen/Qwen2.5-Omni-7B,212130,lp_0-4000_rms_matched,Seep,Phee,Phee,false,1
Qwen/Qwen2.5-Omni-7B,213327,lp_0-4000_rms_matched,Infant Cry,Phee,Phee,false,1
Qwen/Qwen2.5-Omni-7B,221515,lp_0-4000_rms_matched,Phee,Phee,Phee,true,1
Qwen/Qwen2.5-Omni-7B,223077,lp_0-4000_rms_matched,Infant Cry,Phee,Phee,false,1
Qwen/Qwen2.5-Omni-7B,223144,lp_0-4000_rms_matched,Trill,Tsik,Tsik,false,1
Qwen/Qwen2.5-Omni-7B,223149,lp_0-4000_rms_matched,Twitter,Phee,Phee,false,1
Qwen/Qwen2.5-Omni-7B,223196,lp_0-4000_rms_matched,Phee,Phee,Phee,true,1
Qwen/Qwen2.5-Omni-7B,223206,lp_0-4000_rms_matched,Phee,Phee,Phee,true,1
Qwen/Qwen2.5-Omni-7B,223208,lp_0-4000_rms_matched,Phee,Tsik,Tsik,false,1
Qwen/Qwen2.5-Omni-7B,223298,lp_0-4000_rms_matched,Seep,Phee,Phee,false,1
Qwen/Qwen2.5-Omni-7B,223312,lp_0-4000_rms_matched,Infant Cry,Phee,Phee,false,1
Qwen/Qwen2.5-Omni-7B,223332,lp_0-4000_rms_matched,Infant Cry,Phee,Phee,false,1
Qwen/Qwen2.5-Omni-7B,223352,lp_0-4000_rms_matched,Infant Cry,Phee,Phee,false,1
Qwen/Qwen2.5-Omni-7B,223371,lp_0-4000_rms_matched,Tsik,Phee,Phee,false,1
Qwen/Qwen2.5-Omni-7B,223383,lp_0-4000_rms_matched,Infant Cry,Phee,Phee,false,1
Qwen/Qwen2.5-Omni-7B,223396,lp_0-4000_rms_matched,Infant Cry,Phee,Phee,false,1
Qwen/Qwen2.5-Omni-7B,223400,lp_0-4000_rms_matched,Infant Cry,Phee,Phee,false,1
Qwen/Qwen2.5-Omni-7B,227303,lp_0-4000_rms_matched,Twitter,Phee,Phee,false,1
Qwen/Qwen2.5-Omni-7B,235891,lp_0-4000_rms_matched,Seep,Seep,Seep,true,1
Qwen/Qwen2.5-Omni-7B,238981,lp_0-4000_rms_matched,Trill,Tsik,Tsik,false,1
Qwen/Qwen2.5-Omni-7B,241125,lp_0-4000_rms_matched,Twitter,Phee,Phee,false,1
Qwen/Qwen2.5-Omni-7B,248263,lp_0-4000_rms_matched,Twitter,Tsik,Tsik,false,1
Qwen/Qwen2.5-Omni-7B,248296,lp_0-4000_rms_matched,Twitter,Phee,Phee,false,1
Qwen/Qwen2.5-Omni-7B,268974,lp_0-4000_rms_matched,Phee,Phee,Phee,true,1
Qwen/Qwen2.5-Omni-7B,273977,lp_0-4000_rms_matched,Twitter,Phee,Phee,false,1
Qwen/Qwen2.5-Omni-7B,274918,lp_0-4000_rms_matched,Twitter,Phee,Phee,false,1
Qwen/Qwen2.5-Omni-7B,285967,lp_0-4000_rms_matched,Phee,Phee,Phee,true,1
Qwen/Qwen2.5-Omni-7B,294079,lp_0-4000_rms_matched,Seep,Phee,Phee,false,1
Qwen/Qwen2.5-Omni-7B,297892,lp_0-4000_rms_matched,Seep,Phee,Phee,false,1
Qwen/Qwen2.5-Omni-7B,299793,lp_0-4000_rms_matched,Infant Cry,Phee,Phee,false,1
Qwen/Qwen2.5-Omni-7B,303572,lp_0-4000_rms_matched,Seep,Seep,Seep,true,1
Qwen/Qwen2.5-Omni-7B,313999,lp_0-4000_rms_matched,Twitter,Phee,Phee,false,1
Qwen/Qwen2.5-Omni-7B,31471,lp_0-4000_rms_matched,Tsik,Phee,Phee,false,1
Qwen/Qwen2.5-Omni-7B,329778,lp_0-4000_rms_matched,Infant Cry,Phee,Phee,false,1
Qwen/Qwen2.5-Omni-7B,335642,lp_0-4000_rms_matched,Tsik,Phee,Phee,false,1
Qwen/Qwen2.5-Omni-7B,342684,lp_0-4000_rms_matched,Infant Cry,Phee,Phee,false,1
Qwen/Qwen2.5-Omni-7B,352081,lp_0-4000_rms_matched,Infant Cry,Phee,Phee,false,1
Qwen/Qwen2.5-Omni-7B,354197,lp_0-4000_rms_matched,Infant Cry,Tsik,Tsik,false,1
Qwen/Qwen2.5-Omni-7B,354379,lp_0-4000_rms_matched,Trill,Phee,Phee,false,1
Qwen/Qwen2.5-Omni-7B,357670,lp_0-4000_rms_matched,Infant Cry,Tsik,Tsik,false,1
Qwen/Qwen2.5-Omni-7B,363877,lp_0-4000_rms_matched,Twitter,Phee,Phee,false,1
Qwen/Qwen2.5-Omni-7B,36485,lp_0-4000_rms_matched,Phee,Tsik,Tsik,false,1
Qwen/Qwen2.5-Omni-7B,36522,lp_0-4000_rms_matched,Twitter,Phee,Phee,false,1
Qwen/Qwen2.5-Omni-7B,377896,lp_0-4000_rms_matched,Phee,Seep,Seep,false,1
Qwen/Qwen2.5-Omni-7B,389438,lp_0-4000_rms_matched,Phee,Phee,Phee,true,1
Qwen/Qwen2.5-Omni-7B,395548,lp_0-4000_rms_matched,Phee,Phee,Phee,true,1
Qwen/Qwen2.5-Omni-7B,397118,lp_0-4000_rms_matched,Trill,Phee,Phee,false,1
Qwen/Qwen2.5-Omni-7B,400874,lp_0-4000_rms_matched,Twitter,Seep,Seep,false,1
Qwen/Qwen2.5-Omni-7B,405841,lp_0-4000_rms_matched,Infant Cry,Tsik,Tsik,false,1
Qwen/Qwen2.5-Omni-7B,408631,lp_0-4000_rms_matched,Phee,Tsik,Tsik,false,1
Qwen/Qwen2.5-Omni-7B,411252,lp_0-4000_rms_matched,Seep,Seep,Seep,true,1
Qwen/Qwen2.5-Omni-7B,414997,lp_0-4000_rms_matched,Seep,Phee,Phee,false,1
Qwen/Qwen2.5-Omni-7B,423771,lp_0-4000_rms_matched,Tsik,Tsik,Tsik,true,1
Qwen/Qwen2.5-Omni-7B,436313,lp_0-4000_rms_matched,Trill,Phee,Phee,false,1
Qwen/Qwen2.5-Omni-7B,456914,lp_0-4000_rms_matched,Trill,Phee,Phee,false,1
Qwen/Qwen2.5-Omni-7B,463226,lp_0-4000_rms_matched,Trill,Phee,Phee,false,1
Qwen/Qwen2.5-Omni-7B,470849,lp_0-4000_rms_matched,Trill,Phee,Phee,false,1
Qwen/Qwen2.5-Omni-7B,480809,lp_0-4000_rms_matched,Tsik,Phee,Phee,false,1
Qwen/Qwen2.5-Omni-7B,495081,lp_0-4000_rms_matched,Seep,Phee,Phee,false,1
Qwen/Qwen2.5-Omni-7B,508636,lp_0-4000_rms_matched,Twitter,Phee,Phee,false,1
Qwen/Qwen2.5-Omni-7B,508696,lp_0-4000_rms_matched,Phee,Phee,Phee,true,1
Qwen/Qwen2.5-Omni-7B,508764,lp_0-4000_rms_matched,Infant Cry,Phee,Phee,false,1
Qwen/Qwen2.5-Omni-7B,508775,lp_0-4000_rms_matched,Phee,Phee,Phee,true,1
Qwen/Qwen2.5-Omni-7B,508777,lp_0-4000_rms_matched,Twitter,Tsik,Tsik,false,1
Qwen/Qwen2.5-Omni-7B,508801,lp_0-4000_rms_matched,Infant Cry,Phee,Phee,false,1
Qwen/Qwen2.5-Omni-7B,508866,lp_0-4000_rms_matched,Tsik,Seep,Seep,false,1
Qwen/Qwen2.5-Omni-7B,508896,lp_0-4000_rms_matched,Seep,Phee,Phee,false,1
Qwen/Qwen2.5-Omni-7B,508903,lp_0-4000_rms_matched,Tsik,Tsik,Tsik,true,1
Qwen/Qwen2.5-Omni-7B,508966,lp_0-4000_rms_matched,Phee,Phee,Phee,true,1
Qwen/Qwen2.5-Omni-7B,508992,lp_0-4000_rms_matched,Twitter,Phee,Phee,false,1
Qwen/Qwen2.5-Omni-7B,509005,lp_0-4000_rms_matched,Twitter,Phee,Phee,false,1
Qwen/Qwen2.5-Omni-7B,509009,lp_0-4000_rms_matched,Phee,Tsik,Tsik,false,1
Qwen/Qwen2.5-Omni-7B,509026,lp_0-4000_rms_matched,Twitter,Phee,Phee,false,1
Qwen/Qwen2.5-Omni-7B,509036,lp_0-4000_rms_matched,Phee,Phee,Phee,true,1
Qwen/Qwen2.5-Omni-7B,509046,lp_0-4000_rms_matched,Twitter,Phee,Phee,false,1
Qwen/Qwen2.5-Omni-7B,509047,lp_0-4000_rms_matched,Phee,Tsik,Tsik,false,1
Qwen/Qwen2.5-Omni-7B,509050,lp_0-4000_rms_matched,Phee,Seep,Seep,false,1
Qwen/Qwen2.5-Omni-7B,509065,lp_0-4000_rms_matched,Seep,Phee,Phee,false,1
Qwen/Qwen2.5-Omni-7B,509083,lp_0-4000_rms_matched,Infant Cry,Tsik,Tsik,false,1
Qwen/Qwen2.5-Omni-7B,509091,lp_0-4000_rms_matched,Infant Cry,Phee,Phee,false,1
Qwen/Qwen2.5-Omni-7B,50919,lp_0-4000_rms_matched,Tsik,Tsik,Tsik,true,1
Qwen/Qwen2.5-Omni-7B,511620,lp_0-4000_rms_matched,Phee,Tsik,Tsik,false,1
Qwen/Qwen2.5-Omni-7B,51436,lp_0-4000_rms_matched,Trill,Phee,Phee,false,1
Qwen/Qwen2.5-Omni-7B,515398,lp_0-4000_rms_matched,Trill,Phee,Phee,false,1
Qwen/Qwen2.5-Omni-7B,518850,lp_0-4000_rms_matched,Infant Cry,Phee,Phee,false,1
Qwen/Qwen2.5-Omni-7B,523406,lp_0-4000_rms_matched,Seep,Phee,Phee,false,1
Qwen/Qwen2.5-Omni-7B,525735,lp_0-4000_rms_matched,Tsik,Seep,Seep,false,1
Qwen/Qwen2.5-Omni-7B,525796,lp_0-4000_rms_matched,Phee,Phee,Phee,true,1
Qwen/Qwen2.5-Omni-7B,525942,lp_0-4000_rms_matched,Phee,Seep,Seep,false,1
Qwen/Qwen2.5-Omni-7B,526040,lp_0-4000_rms_matched,Infant Cry,Phee,Phee,false,1
Qwen/Qwen2.5-Omni-7B,526671,lp_0-4000_rms_matched,Infant Cry,Tsik,Tsik,false,1
Qwen/Qwen2.5-Omni-7B,526711,lp_0-4000_rms_matched,Infant Cry,Tsik,Tsik,false,1
Qwen/Qwen2.5-Omni-7B,526904,lp_0-4000_rms_matched,Tsik,Phee,Phee,false,1
Qwen/Qwen2.5-Omni-7B,527437,lp_0-4000_rms_matched,Seep,Phee,Phee,false,1
Qwen/Qwen2.5-Omni-7B,527518,lp_0-4000_rms_matched,Phee,Seep,Seep,false,1
Qwen/Qwen2.5-Omni-7B,528688,lp_0-4000_rms_matched,Phee,Phee,Phee,true,1
Qwen/Qwen2.5-Omni-7B,533988,lp_0-4000_rms_matched,Seep,Seep,Seep,true,1
Qwen/Qwen2.5-Omni-7B,536094,lp_0-4000_rms_matched,Phee,Phee,Phee,true,1
Qwen/Qwen2.5-Omni-7B,539354,lp_0-4000_rms_matched,Phee,Phee,Phee,true,1
Qwen/Qwen2.5-Omni-7B,540984,lp_0-4000_rms_matched,Infant Cry,Phee,Phee,false,1
Qwen/Qwen2.5-Omni-7B,541326,lp_0-4000_rms_matched,Seep,Phee,Phee,false,1
Qwen/Qwen2.5-Omni-7B,54180,lp_0-4000_rms_matched,Phee,Seep,Seep,false,1
Qwen/Qwen2.5-Omni-7B,547929,lp_0-4000_rms_matched,Twitter,Phee,Phee,false,1
Qwen/Qwen2.5-Omni-7B,548798,lp_0-4000_rms_matched,Trill,Tsik,Tsik,false,1
Qwen/Qwen2.5-Omni-7B,549295,lp_0-4000_rms_matched,Trill,Phee,Phee,false,1
Qwen/Qwen2.5-Omni-7B,549904,lp_0-4000_rms_matched,Tsik,Phee,Phee,false,1
Qwen/Qwen2.5-Omni-7B,549995,lp_0-4000_rms_matched,Trill,Phee,Phee,false,1
Qwen/Qwen2.5-Omni-7B,550353,lp_0-4000_rms_matched,Twitter,Phee,Phee,false,1
Qwen/Qwen2.5-Omni-7B,550482,lp_0-4000_rms_matched,Twitter,Phee,Phee,false,1
Qwen/Qwen2.5-Omni-7B,556028,lp_0-4000_rms_matched,Seep,Phee,Phee,false,1
Qwen/Qwen2.5-Omni-7B,556866,lp_0-4000_rms_matched,Twitter,Seep,Seep,false,1
Qwen/Qwen2.5-Omni-7B,558254,lp_0-4000_rms_matched,Tsik,Tsik,Tsik,true,1
Qwen/Qwen2.5-Omni-7B,558285,lp_0-4000_rms_matched,Twitter,Phee,Phee,false,1
Qwen/Qwen2.5-Omni-7B,558438,lp_0-4000_rms_matched,Infant Cry,Tsik,Tsik,false,1
Qwen/Qwen2.5-Omni-7B,558541,lp_0-4000_rms_matched,Phee,Phee,Phee,true,1
Qwen/Qwen2.5-Omni-7B,558594,lp_0-4000_rms_matched,Infant Cry,Phee,Phee,false,1
Qwen/Qwen2.5-Omni-7B,558633,lp_0-4000_rms_matched,Infant Cry,Phee,Phee,false,1
Qwen/Qwen2.5-Omni-7B,56195,lp_0-4000_rms_matched,Trill,Phee,Phee,false,1
Qwen/Qwen2.5-Omni-7B,563468,lp_0-4000_rms_matched,Tsik,Tsik,Tsik,true,1
Qwen/Qwen2.5-Omni-7B,564626,lp_0-4000_rms_matched,Trill,Phee,Phee,false,1
Qwen/Qwen2.5-Omni-7B,565266,lp_0-4000_rms_matched,Infant Cry,Phee,Phee,false,1
Qwen/Qwen2.5-Omni-7B,571992,lp_0-4000_rms_matched,Seep,Phee,Phee,false,1
Qwen/Qwen2.5-Omni-7B,572081,lp_0-4000_rms_matched,Trill,Tsik,Tsik,false,1
Qwen/Qwen2.5-Omni-7B,582662,lp_0-4000_rms_matched,Seep,Phee,Phee,false,1
Qwen/Qwen2.5-Omni-7B,582669,lp_0-4000_rms_matched,Phee,Phee,Phee,true,1
Qwen/Qwen2.5-Omni-7B,583172,lp_0-4000_rms_matched,Phee,Tsik,Tsik,false,1
Qwen/Qwen2.5-Omni-7B,583214,lp_0-4000_rms_matched,Infant Cry,Phee,Phee,false,1
Qwen/Qwen2.5-Omni-7B,583884,lp_0-4000_rms_matched,Seep,Phee,Phee,false,1
Qwen/Qwen2.5-Omni-7B,584012,lp_0-4000_rms_matched,Phee,Phee,Phee,true,1
Qwen/Qwen2.5-Omni-7B,584362,lp_0-4000_rms_matched,Seep,Phee,Phee,false,1
Qwen/Qwen2.5-Omni-7B,586064,lp_0-4000_rms_matched,Seep,Phee,Phee,false,1
Qwen/Qwen2.5-Omni-7B,589438,lp_0-4000_rms_matched,Trill,Seep,Seep,false,1
Qwen/Qwen2.5-Omni-7B,592253,lp_0-4000_rms_matched,Trill,Phee,Phee,false,1
Qwen/Qwen2.5-Omni-7B,592286,lp_0-4000_rms_matched,Twitter,Phee,Phee,false,1
Qwen/Qwen2.5-Omni-7B,592365,lp_0-4000_rms_matched,Trill,Seep,Seep,false,1
Qwen/Qwen2.5-Omni-7B,592485,lp_0-4000_rms_matched,Trill,Tsik,Tsik,false,1
Qwen/Qwen2.5-Omni-7B,594023,lp_0-4000_rms_matched,Trill,Tsik,Tsik,false,1
Qwen/Qwen2.5-Omni-7B,598781,lp_0-4000_rms_matched,Twitter,Phee,Phee,false,1
Qwen/Qwen2.5-Omni-7B,600731,lp_0-4000_rms_matched,Twitter,Phee,Phee,false,1
Qwen/Qwen2.5-Omni-7B,601927,lp_0-4000_rms_matched,Twitter,Tsik,Tsik,false,1
Qwen/Qwen2.5-Omni-7B,602268,lp_0-4000_rms_matched,Twitter,Phee,Phee,false,1
Qwen/Qwen2.5-Omni-7B,604234,lp_0-4000_rms_matched,Infant Cry,Phee,Phee,false,1
Qwen/Qwen2.5-Omni-7B,609454,lp_0-4000_rms_matched,Infant Cry,Tsik,Tsik,false,1
Qwen/Qwen2.5-Omni-7B,610080,lp_0-4000_rms_matched,Tsik,Phee,Phee,false,1
Qwen/Qwen2.5-Omni-7B,612455,lp_0-4000_rms_matched,Infant Cry,Phee,Phee,false,1
Qwen/Qwen2.5-Omni-7B,61472,lp_0-4000_rms_matched,Phee,Seep,Seep,false,1
Qwen/Qwen2.5-Omni-7B,617822,lp_0-4000_rms_matched,Seep,Phee,Phee,false,1
Qwen/Qwen2.5-Omni-7B,618440,lp_0-4000_rms_matched,Infant Cry,Phee,Phee,false,1
Qwen/Qwen2.5-Omni-7B,619623,lp_0-4000_rms_matched,Seep,Phee,Phee,false,1
Qwen/Qwen2.5-Omni-7B,622312,lp_0-4000_rms_matched,Tsik,Phee,Phee,false,1
Qwen/Qwen2.5-Omni-7B,622320,lp_0-4000_rms_matched,Trill,Phee,Phee,false,1
Qwen/Qwen2.5-Omni-7B,622417,lp_0-4000_rms_matched,Seep,Phee,Phee,false,1
Qwen/Qwen2.5-Omni-7B,622758,lp_0-4000_rms_matched,Twitter,Phee,Phee,false,1
Qwen/Qwen2.5-Omni-7B,623382,lp_0-4000_rms_matched,Seep,Phee,Phee,false,1
Qwen/Qwen2.5-Omni-7B,623691,lp_0-4000_rms_matched,Infant Cry,Phee,Phee,false,1
Qwen/Qwen2.5-Omni-7B,624179,lp_0-4000_rms_matched,Twitter,Phee,Phee,false,1
Qwen/Qwen2.5-Omni-7B,624712,lp_0-4000_rms_matched,Trill,Phee,Phee,false,1
Qwen/Qwen2.5-Omni-7B,628729,lp_0-4000_rms_matched,Infant Cry,Phee,Phee,false,1
Qwen/Qwen2.5-Omni-7B,630476,lp_0-4000_rms_matched,Trill,Phee,Phee,false,1
Qwen/Qwen2.5-Omni-7B,631021,lp_0-4000_rms_matched,Seep,Phee,Phee,false,1
Qwen/Qwen2.5-Omni-7B,631448,lp_0-4000_rms_matched,Trill,Phee,Phee,false,1
Qwen/Qwen2.5-Omni-7B,631485,lp_0-4000_rms_matched,Phee,Phee,Phee,true,1
Qwen/Qwen2.5-Omni-7B,631861,lp_0-4000_rms_matched,Infant Cry,Tsik,Tsik,false,1
Qwen/Qwen2.5-Omni-7B,631947,lp_0-4000_rms_matched,Tsik,Phee,Phee,false,1
Qwen/Qwen2.5-Omni-7B,632037,lp_0-4000_rms_matched,Tsik,Phee,Phee,false,1
Qwen/Qwen2.5-Omni-7B,632381,lp_0-4000_rms_matched,Twitter,Tsik,Tsik,false,1
Qwen/Qwen2.5-Omni-7B,632863,lp_0-4000_rms_matched,Phee,Tsik,Tsik,false,1
Qwen/Qwen2.5-Omni-7B,636120,lp_0-4000_rms_matched,Tsik,Phee,Phee,false,1
Qwen/Qwen2.5-Omni-7B,636151,lp_0-4000_rms_matched,Tsik,Phee,Phee,false,1
Qwen/Qwen2.5-Omni-7B,637669,lp_0-4000_rms_matched,Seep,Phee,Phee,false,1
Qwen/Qwen2.5-Omni-7B,638580,lp_0-4000_rms_matched,Phee,Tsik,Tsik,false,1
Qwen/Qwen2.5-Omni-7B,638810,lp_0-4000_rms_matched,Trill,Phee,Phee,false,1
Qwen/Qwen2.5-Omni-7B,639491,lp_0-4000_rms_matched,Phee,Phee,Phee,true,1
Qwen/Qwen2.5-Omni-7B,639917,lp_0-4000_rms_matched,Trill,Phee,Phee,false,1
Qwen/Qwen2.5-Omni-7B,642827,lp_0-4000_rms_matched,Tsik,Seep,Seep,false,1
Qwen/Qwen2.5-Omni-7B,647588,lp_0-4000_rms_matched,Phee,Phee,Phee,true,1
Qwen/Qwen2.5-Omni-7B,651229,lp_0-4000_rms_matched,Twitter,Phee,Phee,false,1
Qwen/Qwen2.5-Omni-7B,652668,lp_0-4000_rms_matched,Seep,Phee,Phee,false,1
Qwen/Qwen2.5-Omni-7B,654915,lp_0-4000_rms_matched,Tsik,Tsik,Tsik,true,1
Qwen/Qwen2.5-Omni-7B,655868,lp_0-4000_rms_matched,Seep,Phee,Phee,false,1
Qwen/Qwen2.5-Omni-7B,658275,lp_0-4000_rms_matched,Phee,Seep,Seep,false,1
Qwen/Qwen2.5-Omni-7B,662800,lp_0-4000_rms_matched,Twitter,Phee,Phee,false,1
Qwen/Qwen2.5-Omni-7B,6633,lp_0-4000_rms_matched,Infant Cry,Phee,Phee,false,1
Qwen/Qwen2.5-Omni-7B,663998,lp_0-4000_rms_matched,Tsik,Phee,Phee,false,1
Qwen/Qwen2.5-Omni-7B,666571,lp_0-4000_rms_matched,Tsik,Phee,Phee,false,1
Qwen/Qwen2.5-Omni-7B,666889,lp_0-4000_rms_matched,Trill,Phee,Phee,false,1
Qwen/Qwen2.5-Omni-7B,667042,lp_0-4000_rms_matched,Trill,Phee,Phee,false,1
Qwen/Qwen2.5-Omni-7B,667091,lp_0-4000_rms_matched,Trill,Phee,Phee,false,1
Qwen/Qwen2.5-Omni-7B,667130,lp_0-4000_rms_matched,Seep,Phee,Phee,false,1
Qwen/Qwen2.5-Omni-7B,667312,lp_0-4000_rms_matched,Trill,Phee,Phee,false,1
Qwen/Qwen2.5-Omni-7B,667582,lp_0-4000_rms_matched,Tsik,Phee,Phee,false,1
Qwen/Qwen2.5-Omni-7B,667865,lp_0-4000_rms_matched,Infant Cry,Phee,Phee,false,1
Qwen/Qwen2.5-Omni-7B,667905,lp_0-4000_rms_matched,Infant Cry,Phee,Phee,false,1
Qwen/Qwen2.5-Omni-7B,668428,lp_0-4000_rms_matched,Trill,Phee,Phee,false,1
Qwen/Qwen2.5-Omni-7B,669075,lp_0-4000_rms_matched,Trill,Phee,Phee,false,1
Qwen/Qwen2.5-Omni-7B,669272,lp_0-4000_rms_matched,Seep,Phee,Phee,false,1
Qwen/Qwen2.5-Omni-7B,669273,lp_0-4000_rms_matched,Seep,Phee,Phee,false,1
Qwen/Qwen2.5-Omni-7B,669577,lp_0-4000_rms_matched,Phee,Phee,Phee,true,1
Qwen/Qwen2.5-Omni-7B,670039,lp_0-4000_rms_matched,Infant Cry,Phee,Phee,false,1
Qwen/Qwen2.5-Omni-7B,670290,lp_0-4000_rms_matched,Seep,Phee,Phee,false,1
Qwen/Qwen2.5-Omni-7B,680295,lp_0-4000_rms_matched,Twitter,Phee,Phee,false,1
Qwen/Qwen2.5-Omni-7B,680791,lp_0-4000_rms_matched,Twitter,Tsik,Tsik,false,1
Qwen/Qwen2.5-Omni-7B,691528,lp_0-4000_rms_matched,Infant Cry,Phee,Phee,false,1
Qwen/Qwen2.5-Omni-7B,691986,lp_0-4000_rms_matched,Trill,Phee,Phee,false,1
Qwen/Qwen2.5-Omni-7B,693164,lp_0-4000_rms_matched,Infant Cry,Phee,Phee,false,1
Qwen/Qwen2.5-Omni-7B,695230,lp_0-4000_rms_matched,Trill,Phee,Phee,false,1
Qwen/Qwen2.5-Omni-7B,697899,lp_0-4000_rms_matched,Seep,Phee,Phee,false,1
Qwen/Qwen2.5-Omni-7B,707417,lp_0-4000_rms_matched,Trill,Phee,Phee,false,1
Qwen/Qwen2.5-Omni-7B,708875,lp_0-4000_rms_matched,Trill,Phee,Phee,false,1
Qwen/Qwen2.5-Omni-7B,714664,lp_0-4000_rms_matched,Trill,Phee,Phee,false,1
Qwen/Qwen2.5-Omni-7B,731937,lp_0-4000_rms_matched,Infant Cry,Phee,Phee,false,1
Qwen/Qwen2.5-Omni-7B,734314,lp_0-4000_rms_matched,Seep,Phee,Phee,false,1
Qwen/Qwen2.5-Omni-7B,738495,lp_0-4000_rms_matched,Trill,Phee,Phee,false,1
Qwen/Qwen2.5-Omni-7B,739815,lp_0-4000_rms_matched,Seep,Phee,Phee,false,1
Qwen/Qwen2.5-Omni-7B,741056,lp_0-4000_rms_matched,Seep,Phee,Phee,false,1
Qwen/Qwen2.5-Omni-7B,742006,lp_0-4000_rms_matched,Infant Cry,Phee,Phee,false,1
Qwen/Qwen2.5-Omni-7B,746198,lp_0-4000_rms_matched,Tsik,Phee,Phee,false,1
Qwen/Qwen2.5-Omni-7B,753447,lp_0-4000_rms_matched,Tsik,Tsik,Tsik,true,1
Qwen/Qwen2.5-Omni-7B,762457,lp_0-4000_rms_matched,Trill,Phee,Phee,false,1
Qwen/Qwen2.5-Omni-7B,763863,lp_0-4000_rms_matched,Infant Cry,Seep,Seep,false,1
Qwen/Qwen2.5-Omni-7B,765458,lp_0-4000_rms_matched,Infant Cry,Phee,Phee,false,1
Qwen/Qwen2.5-Omni-7B,766645,lp_0-4000_rms_matched,Twitter,Phee,Phee,false,1
Qwen/Qwen2.5-Omni-7B,768697,lp_0-4000_rms_matched,Twitter,Phee,Phee,false,1
Qwen/Qwen2.5-Omni-7B,769489,lp_0-4000_rms_matched,Seep,Phee,Phee,false,1
Qwen/Qwen2.5-Omni-7B,770853,lp_0-4000_rms_matched,Tsik,Tsik,Tsik,true,1
Qwen/Qwen2.5-Omni-7B,773125,lp_0-4000_rms_matched,Seep,Phee,Phee,false,1
Qwen/Qwen2.5-Omni-7B,773651,lp_0-4000_rms_matched,Phee,Phee,Phee,true,1
Qwen/Qwen2.5-Omni-7B,784804,lp_0-4000_rms_matched,Tsik,Tsik,Tsik,true,1
Qwen/Qwen2.5-Omni-7B,786011,lp_0-4000_rms_matched,Twitter,Phee,Phee,false,1
Qwen/Qwen2.5-Omni-7B,788000,lp_0-4000_rms_matched,Phee,Phee,Phee,true,1
Qwen/Qwen2.5-Omni-7B,792714,lp_0-4000_rms_matched,Tsik,Tsik,Tsik,true,1
Qwen/Qwen2.5-Omni-7B,794666,lp_0-4000_rms_matched,Phee,Phee,Phee,true,1
Qwen/Qwen2.5-Omni-7B,799579,lp_0-4000_rms_matched,Infant Cry,Phee,Phee,false,1
Qwen/Qwen2.5-Omni-7B,804279,lp_0-4000_rms_matched,Trill,Phee,Phee,false,1
Qwen/Qwen2.5-Omni-7B,804713,lp_0-4000_rms_matched,Tsik,Phee,Phee,false,1
Qwen/Qwen2.5-Omni-7B,805610,lp_0-4000_rms_matched,Trill,Phee,Phee,false,1
Qwen/Qwen2.5-Omni-7B,807122,lp_0-4000_rms_matched,Tsik,Tsik,Tsik,true,1
Qwen/Qwen2.5-Omni-7B,807189,lp_0-4000_rms_matched,Twitter,Phee,Phee,false,1
Qwen/Qwen2.5-Omni-7B,809280,lp_0-4000_rms_matched,Trill,Phee,Phee,false,1
Qwen/Qwen2.5-Omni-7B,811393,lp_0-4000_rms_matched,Twitter,Phee,Phee,false,1
Qwen/Qwen2.5-Omni-7B,81191,lp_0-4000_rms_matched,Seep,Phee,Phee,false,1
Qwen/Qwen2.5-Omni-7B,816990,lp_0-4000_rms_matched,Tsik,Phee,Phee,false,1
Qwen/Qwen2.5-Omni-7B,817109,lp_0-4000_rms_matched,Infant Cry,Phee,Phee,false,1
Qwen/Qwen2.5-Omni-7B,820757,lp_0-4000_rms_matched,Twitter,Phee,Phee,false,1
Qwen/Qwen2.5-Omni-7B,822050,lp_0-4000_rms_matched,Phee,Seep,Seep,false,1
Qwen/Qwen2.5-Omni-7B,824405,lp_0-4000_rms_matched,Phee,Phee,Phee,true,1
Qwen/Qwen2.5-Omni-7B,827373,lp_0-4000_rms_matched,Trill,Phee,Phee,false,1
Qwen/Qwen2.5-Omni-7B,836799,lp_0-4000_rms_matched,Twitter,Tsik,Tsik,false,1
Qwen/Qwen2.5-Omni-7B,844274,lp_0-4000_rms_matched,Twitter,Seep,Seep,false,1
Qwen/Qwen2.5-Omni-7B,847877,lp_0-4000_rms_matched,Tsik,Phee,Phee,false,1
Qwen/Qwen2.5-Omni-7B,851005,lp_0-4000_rms_matched,Phee,Phee,Phee,true,1
Qwen/Qwen2.5-Omni-7B,852107,lp_0-4000_rms_matched,Trill,Phee,Phee,false,1
Qwen/Qwen2.5-Omni-7B,852264,lp_0-4000_rms_matched,Phee,Phee,Phee,true,1
Qwen/Qwen2.5-Omni-7B,853911,lp_0-4000_rms_matched,Tsik,Seep,Seep,false,1
Qwen/Qwen2.5-Omni-7B,857186,lp_0-4000_rms_matched,Seep,Phee,Phee,false,1
Qwen/Qwen2.5-Omni-7B,857896,lp_0-4000_rms_matched,Phee,Phee,Phee,true,1
Qwen/Qwen2.5-Omni-7B,860537,lp_0-4000_rms_matched,Phee,Phee,Phee,true,1
Qwen/Qwen2.5-Omni-7B,861853,lp_0-4000_rms_matched,Twitter,Phee,Phee,false,1
Qwen/Qwen2.5-Omni-7B,862343,lp_0-4000_rms_matched,Phee,Phee,Phee,true,1
Qwen/Qwen2.5-Omni-7B,866525,lp_0-4000_rms_matched,Twitter,Phee,Phee,false,1
Qwen/Qwen2.5-Omni-7B,866533,lp_0-4000_rms_matched,Twitter,Phee,Phee,false,1
Qwen/Qwen2.5-Omni-7B,866655,lp_0-4000_rms_matched,Seep,Phee,Phee,false,1
Qwen/Qwen2.5-Omni-7B,866838,lp_0-4000_rms_matched,Twitter,Phee,Phee,false,1
Qwen/Qwen2.5-Omni-7B,867489,lp_0-4000_rms_matched,Tsik,Phee,Phee,false,1
Qwen/Qwen2.5-Omni-7B,867502,lp_0-4000_rms_matched,Trill,Phee,Phee,false,1
Qwen/Qwen2.5-Omni-7B,867780,lp_0-4000_rms_matched,Trill,Phee,Phee,false,1
Qwen/Qwen2.5-Omni-7B,9024,lp_0-4000_rms_matched,Infant Cry,Phee,Phee,false,1
Qwen/Qwen2.5-Omni-7B,108998,shuffled_audio,Phee,Tsik,Tsik,false,1
Qwen/Qwen2.5-Omni-7B,110359,shuffled_audio,Tsik,Twitter,Twitter,false,1
Qwen/Qwen2.5-Omni-7B,110581,shuffled_audio,Tsik,Seep,Seep,false,1
Qwen/Qwen2.5-Omni-7B,122742,shuffled_audio,Tsik,Twitter,Twitter,false,1
Qwen/Qwen2.5-Omni-7B,137886,shuffled_audio,Twitter,Seep,Seep,false,1
Qwen/Qwen2.5-Omni-7B,143307,shuffled_audio,Tsik,Tsik,Tsik,true,1
Qwen/Qwen2.5-Omni-7B,161850,shuffled_audio,Trill,Tsik,Tsik,false,1
Qwen/Qwen2.5-Omni-7B,166603,shuffled_audio,Twitter,Seep,Seep,false,1
Qwen/Qwen2.5-Omni-7B,170858,shuffled_audio,Tsik,Phee,Phee,false,1
Qwen/Qwen2.5-Omni-7B,172015,shuffled_audio,Trill,Tsik,Tsik,false,1
Qwen/Qwen2.5-Omni-7B,174653,shuffled_audio,Twitter,Tsik,Tsik,false,1
Qwen/Qwen2.5-Omni-7B,193131,shuffled_audio,Infant Cry,Phee,Phee,false,1
Qwen/Qwen2.5-Omni-7B,195490,shuffled_audio,Trill,Tsik,Tsik,false,1
Qwen/Qwen2.5-Omni-7B,202978,shuffled_audio,Phee,Tsik,Tsik,false,1
Qwen/Qwen2.5-Omni-7B,209834,shuffled_audio,Tsik,Tsik,Tsik,true,1
Qwen/Qwen2.5-Omni-7B,209838,shuffled_audio,Tsik,Phee,Phee,false,1
Qwen/Qwen2.5-Omni-7B,209851,shuffled_audio,Tsik,Tsik,Tsik,true,1
Qwen/Qwen2.5-Omni-7B,209853,shuffled_audio,Tsik,Twitter,Twitter,false,1
Qwen/Qwen2.5-Omni-7B,209876,shuffled_audio,Tsik,Phee,Phee,false,1
Qwen/Qwen2.5-Omni-7B,209886,shuffled_audio,Tsik,Seep,Seep,false,1
Qwen/Qwen2.5-Omni-7B,209893,shuffled_audio,Tsik,Tsik,Tsik,true,1
Qwen/Qwen2.5-Omni-7B,209901,shuffled_audio,Tsik,Phee,Phee,false,1
Qwen/Qwen2.5-Omni-7B,209905,shuffled_audio,Tsik,Phee,Phee,false,1
Qwen/Qwen2.5-Omni-7B,209919,shuffled_audio,Tsik,Phee,Phee,false,1
Qwen/Qwen2.5-Omni-7B,211769,shuffled_audio,Twitter,Tsik,Tsik,false,1
Qwen/Qwen2.5-Omni-7B,211832,shuffled_audio,Seep,Tsik,Tsik,false,1
Qwen/Qwen2.5-Omni-7B,211974,shuffled_audio,Seep,Phee,Phee,false,1
Qwen/Qwen2.5-Omni-7B,212002,shuffled_audio,Seep,Phee,Phee,false,1
Qwen/Qwen2.5-Omni-7B,212106,shuffled_audio,Seep,Tsik,Tsik,false,1
Qwen/Qwen2.5-Omni-7B,212109,shuffled_audio,Seep,Tsik,Tsik,false,1
Qwen/Qwen2.5-Omni-7B,212110,shuffled_audio,Seep,Phee,Phee,false,1
Qwen/Qwen2.5-Omni-7B,212120,shuffled_audio,Seep,Phee,Phee,false,1
Qwen/Qwen2.5-Omni-7B,212127,shuffled_audio,Seep,Seep,Seep,true,1
Qwen/Qwen2.5-Omni-7B,212130,shuffled_audio,Seep,Phee,Phee,false,1
Qwen/Qwen2.5-Omni-7B,213327,shuffled_audio,Infant Cry,Seep,Seep,false,1
Qwen/Qwen2.5-Omni-7B,221515,shuffled_audio,Phee,Phee,Phee,true,1
Qwen/Qwen2.5-Omni-7B,223077,shuffled_audio,Infant Cry,Phee,Phee,false,1
Qwen/Qwen2.5-Omni-7B,223144,shuffled_audio,Trill,Phee,Phee,false,1
Qwen/Qwen2.5-Omni-7B,223149,shuffled_audio,Twitter,Seep,Seep,false,1
Qwen/Qwen2.5-Omni-7B,223196,shuffled_audio,Phee,Seep,Seep,false,1
Qwen/Qwen2.5-Omni-7B,223206,shuffled_audio,Phee,Tsik,Tsik,false,1
Qwen/Qwen2.5-Omni-7B,223208,shuffled_audio,Phee,Tsik,Tsik,false,1
Qwen/Qwen2.5-Omni-7B,223298,shuffled_audio,Seep,Tsik,Tsik,false,1
Qwen/Qwen2.5-Omni-7B,223312,shuffled_audio,Infant Cry,Phee,Phee,false,1
Qwen/Qwen2.5-Omni-7B,223332,shuffled_audio,Infant Cry,Phee,Phee,false,1
Qwen/Qwen2.5-Omni-7B,223352,shuffled_audio,Infant Cry,Phee,Phee,false,1
Qwen/Qwen2.5-Omni-7B,223371,shuffled_audio,Tsik,Tsik,Tsik,true,1
Qwen/Qwen2.5-Omni-7B,223383,shuffled_audio,Infant Cry,Phee,Phee,false,1
Qwen/Qwen2.5-Omni-7B,223396,shuffled_audio,Infant Cry,Phee,Phee,false,1
Qwen/Qwen2.5-Omni-7B,223400,shuffled_audio,Infant Cry,Seep,Seep,false,1
Qwen/Qwen2.5-Omni-7B,227303,shuffled_audio,Twitter,Seep,Seep,false,1
Qwen/Qwen2.5-Omni-7B,235891,shuffled_audio,Seep,Phee,Phee,false,1
Qwen/Qwen2.5-Omni-7B,238981,shuffled_audio,Trill,Seep,Seep,false,1
Qwen/Qwen2.5-Omni-7B,241125,shuffled_audio,Twitter,Seep,Seep,false,1
Qwen/Qwen2.5-Omni-7B,248263,shuffled_audio,Twitter,Seep,Seep,false,1
Qwen/Qwen2.5-Omni-7B,248296,shuffled_audio,Twitter,Seep,Seep,false,1
Qwen/Qwen2.5-Omni-7B,268974,shuffled_audio,Phee,Tsik,Tsik,false,1
Qwen/Qwen2.5-Omni-7B,273977,shuffled_audio,Twitter,Tsik,Tsik,false,1
Qwen/Qwen2.5-Omni-7B,274918,shuffled_audio,Twitter,Seep,Seep,false,1
Qwen/Qwen2.5-Omni-7B,285967,shuffled_audio,Phee,Phee,Phee,true,1
Qwen/Qwen2.5-Omni-7B,294079,shuffled_audio,Seep,Tsik,Tsik,false,1
Qwen/Qwen2.5-Omni-7B,297892,shuffled_audio,Seep,Phee,Phee,false,1
Qwen/Qwen2.5-Omni-7B,299793,shuffled_audio,Infant Cry,Tsik,Tsik,false,1
Qwen/Qwen2.5-Omni-7B,303572,shuffled_audio,Seep,Tsik,Tsik,false,1
Qwen/Qwen2.5-Omni-7B,313999,shuffled_audio,Twitter,Seep,Seep,false,1
Qwen/Qwen2.5-Omni-7B,31471,shuffled_audio,Tsik,Tsik,Tsik,true,1
Qwen/Qwen2.5-Omni-7B,329778,shuffled_audio,Infant Cry,Phee,Phee,false,1
Qwen/Qwen2.5-Omni-7B,335642,shuffled_audio,Tsik,Seep,Seep,false,1
Qwen/Qwen2.5-Omni-7B,342684,shuffled_audio,Infant Cry,Phee,Phee,false,1
Qwen/Qwen2.5-Omni-7B,352081,shuffled_audio,Infant Cry,Phee,Phee,false,1
Qwen/Qwen2.5-Omni-7B,354197,shuffled_audio,Infant Cry,Phee,Phee,false,1
Qwen/Qwen2.5-Omni-7B,354379,shuffled_audio,Trill,Tsik,Tsik,false,1
Qwen/Qwen2.5-Omni-7B,357670,shuffled_audio,Infant Cry,Seep,Seep,false,1
Qwen/Qwen2.5-Omni-7B,363877,shuffled_audio,Twitter,Seep,Seep,false,1
Qwen/Qwen2.5-Omni-7B,36485,shuffled_audio,Phee,Phee,Phee,true,1
Qwen/Qwen2.5-Omni-7B,36522,shuffled_audio,Twitter,Tsik,Tsik,false,1
Qwen/Qwen2.5-Omni-7B,377896,shuffled_audio,Phee,Phee,Phee,true,1
Qwen/Qwen2.5-Omni-7B,389438,shuffled_audio,Phee,Seep,Seep,false,1
Qwen/Qwen2.5-Omni-7B,395548,shuffled_audio,Phee,Tsik,Tsik,false,1
Qwen/Qwen2.5-Omni-7B,397118,shuffled_audio,Trill,Tsik,Tsik,false,1
Qwen/Qwen2.5-Omni-7B,400874,shuffled_audio,Twitter,Seep,Seep,false,1
Qwen/Qwen2.5-Omni-7B,405841,shuffled_audio,Infant Cry,Phee,Phee,false,1
Qwen/Qwen2.5-Omni-7B,408631,shuffled_audio,Phee,Seep,Seep,false,1
Qwen/Qwen2.5-Omni-7B,411252,shuffled_audio,Seep,Tsik,Tsik,false,1
Qwen/Qwen2.5-Omni-7B,414997,shuffled_audio,Seep,Phee,Phee,false,1
Qwen/Qwen2.5-Omni-7B,423771,shuffled_audio,Tsik,Tsik,Tsik,true,1
Qwen/Qwen2.5-Omni-7B,436313,shuffled_audio,Trill,Tsik,Tsik,false,1
Qwen/Qwen2.5-Omni-7B,456914,shuffled_audio,Trill,Tsik,Tsik,false,1
Qwen/Qwen2.5-Omni-7B,463226,shuffled_audio,Trill,Tsik,Tsik,false,1
Qwen/Qwen2.5-Omni-7B,470849,shuffled_audio,Trill,Seep,Seep,false,1
Qwen/Qwen2.5-Omni-7B,480809,shuffled_audio,Tsik,Tsik,Tsik,true,1
Qwen/Qwen2.5-Omni-7B,495081,shuffled_audio,Seep,Tsik,Tsik,false,1
Qwen/Qwen2.5-Omni-7B,508636,shuffled_audio,Twitter,Seep,Seep,false,1
Qwen/Qwen2.5-Omni-7B,508696,shuffled_audio,Phee,Tsik,Tsik,false,1
Qwen/Qwen2.5-Omni-7B,508764,shuffled_audio,Infant Cry,Seep,Seep,false,1
Qwen/Qwen2.5-Omni-7B,508775,shuffled_audio,Phee,Seep,Seep,false,1
Qwen/Qwen2.5-Omni-7B,508777,shuffled_audio,Twitter,Seep,Seep,false,1
Qwen/Qwen2.5-Omni-7B,508801,shuffled_audio,Infant Cry,Phee,Phee,false,1
Qwen/Qwen2.5-Omni-7B,508866,shuffled_audio,Tsik,Tsik,Tsik,true,1
Qwen/Qwen2.5-Omni-7B,508896,shuffled_audio,Seep,Tsik,Tsik,false,1
Qwen/Qwen2.5-Omni-7B,508903,shuffled_audio,Tsik,Tsik,Tsik,true,1
Qwen/Qwen2.5-Omni-7B,508966,shuffled_audio,Phee,Phee,Phee,true,1
Qwen/Qwen2.5-Omni-7B,508992,shuffled_audio,Twitter,Seep,Seep,false,1
Qwen/Qwen2.5-Omni-7B,509005,shuffled_audio,Twitter,Tsik,Tsik,false,1
Qwen/Qwen2.5-Omni-7B,509009,shuffled_audio,Phee,Phee,Phee,true,1
Qwen/Qwen2.5-Omni-7B,509026,shuffled_audio,Twitter,Phee,Phee,false,1
Qwen/Qwen2.5-Omni-7B,509036,shuffled_audio,Phee,Seep,Seep,false,1
Qwen/Qwen2.5-Omni-7B,509046,shuffled_audio,Twitter,Phee,Phee,false,1
Qwen/Qwen2.5-Omni-7B,509047,shuffled_audio,Phee,Phee,Phee,true,1
Qwen/Qwen2.5-Omni-7B,509050,shuffled_audio,Phee,Tsik,Tsik,false,1
Qwen/Qwen2.5-Omni-7B,509065,shuffled_audio,Seep,Tsik,Tsik,false,1
Qwen/Qwen2.5-Omni-7B,509083,shuffled_audio,Infant Cry,Seep,Seep,false,1
Qwen/Qwen2.5-Omni-7B,509091,shuffled_audio,Infant Cry,Seep,Seep,false,1
Qwen/Qwen2.5-Omni-7B,50919,shuffled_audio,Tsik,Phee,Phee,false,1
Qwen/Qwen2.5-Omni-7B,511620,shuffled_audio,Phee,Phee,Phee,true,1
Qwen/Qwen2.5-Omni-7B,51436,shuffled_audio,Trill,Tsik,Tsik,false,1
Qwen/Qwen2.5-Omni-7B,515398,shuffled_audio,Trill,Tsik,Tsik,false,1
Qwen/Qwen2.5-Omni-7B,518850,shuffled_audio,Infant Cry,Seep,Seep,false,1
Qwen/Qwen2.5-Omni-7B,523406,shuffled_audio,Seep,Tsik,Tsik,false,1
Qwen/Qwen2.5-Omni-7B,525735,shuffled_audio,Tsik,Phee,Phee,false,1
Qwen/Qwen2.5-Omni-7B,525796,shuffled_audio,Phee,Seep,Seep,false,1
Qwen/Qwen2.5-Omni-7B,525942,shuffled_audio,Phee,Phee,Phee,true,1
Qwen/Qwen2.5-Omni-7B,526040,shuffled_audio,Infant Cry,Phee,Phee,false,1
Qwen/Qwen2.5-Omni-7B,526671,shuffled_audio,Infant Cry,Seep,Seep,false,1
Qwen/Qwen2.5-Omni-7B,526711,shuffled_audio,Infant Cry,Seep,Seep,false,1
Qwen/Qwen2.5-Omni-7B,526904,shuffled_audio,Tsik,Seep,Seep,false,1
Qwen/Qwen2.5-Omni-7B,527437,shuffled_audio,Seep,Tsik,Tsik,false,1
Qwen/Qwen2.5-Omni-7B,527518,shuffled_audio,Phee,Tsik,Tsik,false,1
Qwen/Qwen2.5-Omni-7B,528688,shuffled_audio,Phee,Phee,Phee,true,1
Qwen/Qwen2.5-Omni-7B,533988,shuffled_audio,Seep,Tsik,Tsik,false,1
Qwen/Qwen2.5-Omni-7B,536094,shuffled_audio,Phee,Seep,Seep,false,1
Qwen/Qwen2.5-Omni-7B,539354,shuffled_audio,Phee,Phee,Phee,true,1
Qwen/Qwen2.5-Omni-7B,540984,shuffled_audio,Infant Cry,Phee,Phee,false,1
Qwen/Qwen2.5-Omni-7B,541326,shuffled_audio,Seep,Tsik,Tsik,false,1
Qwen/Qwen2.5-Omni-7B,54180,shuffled_audio,Phee,Phee,Phee,true,1
Qwen/Qwen2.5-Omni-7B,547929,shuffled_audio,Twitter,Seep,Seep,false,1
Qwen/Qwen2.5-Omni-7B,548798,shuffled_audio,Trill,Tsik,Tsik,false,1
Qwen/Qwen2.5-Omni-7B,549295,shuffled_audio,Trill,Tsik,Tsik,false,1
Qwen/Qwen2.5-Omni-7B,549904,shuffled_audio,Tsik,Phee,Phee,false,1
Qwen/Qwen2.5-Omni-7B,549995,shuffled_audio,Trill,Tsik,Tsik,false,1
Qwen/Qwen2.5-Omni-7B,550353,shuffled_audio,Twitter,Seep,Seep,false,1
Qwen/Qwen2.5-Omni-7B,550482,shuffled_audio,Twitter,Seep,Seep,false,1
Qwen/Qwen2.5-Omni-7B,556028,shuffled_audio,Seep,Tsik,Tsik,false,1
Qwen/Qwen2.5-Omni-7B,556866,shuffled_audio,Twitter,Seep,Seep,false,1
Qwen/Qwen2.5-Omni-7B,558254,shuffled_audio,Tsik,Twitter,Twitter,false,1
Qwen/Qwen2.5-Omni-7B,558285,shuffled_audio,Twitter,Seep,Seep,false,1
Qwen/Qwen2.5-Omni-7B,558438,shuffled_audio,Infant Cry,Phee,Phee,false,1
Qwen/Qwen2.5-Omni-7B,558541,shuffled_audio,Phee,Seep,Seep,false,1
Qwen/Qwen2.5-Omni-7B,558594,shuffled_audio,Infant Cry,Phee,Phee,false,1
Qwen/Qwen2.5-Omni-7B,558633,shuffled_audio,Infant Cry,Seep,Seep,false,1
Qwen/Qwen2.5-Omni-7B,56195,shuffled_audio,Trill,Tsik,Tsik,false,1
Qwen/Qwen2.5-Omni-7B,563468,shuffled_audio,Tsik,Seep,Seep,false,1
Qwen/Qwen2.5-Omni-7B,564626,shuffled_audio,Trill,Tsik,Tsik,false,1
Qwen/Qwen2.5-Omni-7B,565266,shuffled_audio,Infant Cry,Phee,Phee,false,1
Qwen/Qwen2.5-Omni-7B,571992,shuffled_audio,Seep,Phee,Phee,false,1
Qwen/Qwen2.5-Omni-7B,572081,shuffled_audio,Trill,Tsik,Tsik,false,1
Qwen/Qwen2.5-Omni-7B,582662,shuffled_audio,Seep,Seep,Seep,true,1
Qwen/Qwen2.5-Omni-7B,582669,shuffled_audio,Phee,Tsik,Tsik,false,1
Qwen/Qwen2.5-Omni-7B,583172,shuffled_audio,Phee,Phee,Phee,true,1
Qwen/Qwen2.5-Omni-7B,583214,shuffled_audio,Infant Cry,Phee,Phee,false,1
Qwen/Qwen2.5-Omni-7B,583884,shuffled_audio,Seep,Tsik,Tsik,false,1
Qwen/Qwen2.5-Omni-7B,584012,shuffled_audio,Phee,Phee,Phee,true,1
Qwen/Qwen2.5-Omni-7B,584362,shuffled_audio,Seep,Phee,Phee,false,1
Qwen/Qwen2.5-Omni-7B,586064,shuffled_audio,Seep,Tsik,Tsik,false,1
Qwen/Qwen2.5-Omni-7B,589438,shuffled_audio,Trill,Tsik,Tsik,false,1
Qwen/Qwen2.5-Omni-7B,592253,shuffled_audio,Trill,Seep,Seep,false,1
Qwen/Qwen2.5-Omni-7B,592286,shuffled_audio,Twitter,Seep,Seep,false,1
Qwen/Qwen2.5-Omni-7B,592365,shuffled_audio,Trill,Tsik,Tsik,false,1
Qwen/Qwen2.5-Omni-7B,592485,shuffled_audio,Trill,Tsik,Tsik,false,1
Qwen/Qwen2.5-Omni-7B,594023,shuffled_audio,Trill,Tsik,Tsik,false,1
Qwen/Qwen2.5-Omni-7B,598781,shuffled_audio,Twitter,Phee,Phee,false,1
Qwen/Qwen2.5-Omni-7B,600731,shuffled_audio,Twitter,Phee,Phee,false,1
Qwen/Qwen2.5-Omni-7B,601927,shuffled_audio,Twitter,Phee,Phee,false,1
Qwen/Qwen2.5-Omni-7B,602268,shuffled_audio,Twitter,Seep,Seep,false,1
Qwen/Qwen2.5-Omni-7B,604234,shuffled_audio,Infant Cry,Seep,Seep,false,1
Qwen/Qwen2.5-Omni-7B,609454,shuffled_audio,Infant Cry,Phee,Phee,false,1
Qwen/Qwen2.5-Omni-7B,610080,shuffled_audio,Tsik,Phee,Phee,false,1
Qwen/Qwen2.5-Omni-7B,612455,shuffled_audio,Infant Cry,Seep,Seep,false,1
Qwen/Qwen2.5-Omni-7B,61472,shuffled_audio,Phee,Phee,Phee,true,1
Qwen/Qwen2.5-Omni-7B,617822,shuffled_audio,Seep,Tsik,Tsik,false,1
Qwen/Qwen2.5-Omni-7B,618440,shuffled_audio,Infant Cry,Phee,Phee,false,1
Qwen/Qwen2.5-Omni-7B,619623,shuffled_audio,Seep,Tsik,Tsik,false,1
Qwen/Qwen2.5-Omni-7B,622312,shuffled_audio,Tsik,Phee,Phee,false,1
Qwen/Qwen2.5-Omni-7B,622320,shuffled_audio,Trill,Tsik,Tsik,false,1
Qwen/Qwen2.5-Omni-7B,622417,shuffled_audio,Seep,Phee,Phee,false,1
Qwen/Qwen2.5-Omni-7B,622758,shuffled_audio,Twitter,Seep,Seep,false,1
Qwen/Qwen2.5-Omni-7B,623382,shuffled_audio,Seep,Phee,Phee,false,1
Qwen/Qwen2.5-Omni-7B,623691,shuffled_audio,Infant Cry,Seep,Seep,false,1
Qwen/Qwen2.5-Omni-7B,624179,shuffled_audio,Twitter,Seep,Seep,false,1
Qwen/Qwen2.5-Omni-7B,624712,shuffled_audio,Trill,Tsik,Tsik,false,1
Qwen/Qwen2.5-Omni-7B,628729,shuffled_audio,Infant Cry,Phee,Phee,false,1
Qwen/Qwen2.5-Omni-7B,630476,shuffled_audio,Trill,Tsik,Tsik,false,1
Qwen/Qwen2.5-Omni-7B,631021,shuffled_audio,Seep,Phee,Phee,false,1
Qwen/Qwen2.5-Omni-7B,631448,shuffled_audio,Trill,Tsik,Tsik,false,1
Qwen/Qwen2.5-Omni-7B,631485,shuffled_audio,Phee,Phee,Phee,true,1
Qwen/Qwen2.5-Omni-7B,631861,shuffled_audio,Infant Cry,Seep,Seep,false,1
Qwen/Qwen2.5-Omni-7B,631947,shuffled_audio,Tsik,Twitter,Twitter,false,1
Qwen/Qwen2.5-Omni-7B,632037,shuffled_audio,Tsik,Phee,Phee,false,1
Qwen/Qwen2.5-Omni-7B,632381,shuffled_audio,Twitter,Tsik,Tsik,false,1
Qwen/Qwen2.5-Omni-7B,632863,shuffled_audio,Phee,Tsik,Tsik,false,1
Qwen/Qwen2.5-Omni-7B,636120,shuffled_audio,Tsik,Twitter,Twitter,false,1
Qwen/Qwen2.5-Omni-7B,636151,shuffled_audio,Tsik,Phee,Phee,false,1
Qwen/Qwen2.5-Omni-7B,637669,shuffled_audio,Seep,Seep,Seep,true,1
Qwen/Qwen2.5-Omni-7B,638580,shuffled_audio,Phee,Phee,Phee,true,1
Qwen/Qwen2.5-Omni-7B,638810,shuffled_audio,Trill,Tsik,Tsik,false,1
Qwen/Qwen2.5-Omni-7B,639491,shuffled_audio,Phee,Seep,Seep,false,1
Qwen/Qwen2.5-Omni-7B,639917,shuffled_audio,Trill,Seep,Seep,false,1
Qwen/Qwen2.5-Omni-7B,642827,shuffled_audio,Tsik,Tsik,Tsik,true,1
Qwen/Qwen2.5-Omni-7B,647588,shuffled_audio,Phee,Phee,Phee,true,1
Qwen/Qwen2.5-Omni-7B,651229,shuffled_audio,Twitter,Seep,Seep,false,1
Qwen/Qwen2.5-Omni-7B,652668,shuffled_audio,Seep,Phee,Phee,false,1
Qwen/Qwen2.5-Omni-7B,654915,shuffled_audio,Tsik,Phee,Phee,false,1
Qwen/Qwen2.5-Omni-7B,655868,shuffled_audio,Seep,Phee,Phee,false,1
Qwen/Qwen2.5-Omni-7B,658275,shuffled_audio,Phee,Seep,Seep,false,1
Qwen/Qwen2.5-Omni-7B,662800,shuffled_audio,Twitter,Seep,Seep,false,1
Qwen/Qwen2.5-Omni-7B,6633,shuffled_audio,Infant Cry,Phee,Phee,false,1
Qwen/Qwen2.5-Omni-7B,663998,shuffled_audio,Tsik,Tsik,Tsik,true,1
Qwen/Qwen2.5-Omni-7B,666571,shuffled_audio,Tsik,Tsik,Tsik,true,1
Qwen/Qwen2.5-Omni-7B,666889,shuffled_audio,Trill,Tsik,Tsik,false,1
Qwen/Qwen2.5-Omni-7B,667042,shuffled_audio,Trill,Phee,Phee,false,1
Qwen/Qwen2.5-Omni-7B,667091,shuffled_audio,Trill,Tsik,Tsik,false,1
Qwen/Qwen2.5-Omni-7B,667130,shuffled_audio,Seep,Tsik,Tsik,false,1
Qwen/Qwen2.5-Omni-7B,667312,shuffled_audio,Trill,Tsik,Tsik,false,1
Qwen/Qwen2.5-Omni-7B,667582,shuffled_audio,Tsik,Phee,Phee,false,1
Qwen/Qwen2.5-Omni-7B,667865,shuffled_audio,Infant Cry,Seep,Seep,false,1
Qwen/Qwen2.5-Omni-7B,667905,shuffled_audio,Infant Cry,Phee,Phee,false,1
Qwen/Qwen2.5-Omni-7B,668428,shuffled_audio,Trill,Tsik,Tsik,false,1
Qwen/Qwen2.5-Omni-7B,669075,shuffled_audio,Trill,Tsik,Tsik,false,1
Qwen/Qwen2.5-Omni-7B,669272,shuffled_audio,Seep,Tsik,Tsik,false,1
Qwen/Qwen2.5-Omni-7B,669273,shuffled_audio,Seep,Seep,Seep,true,1
Qwen/Qwen2.5-Omni-7B,669577,shuffled_audio,Phee,Tsik,Tsik,false,1
Qwen/Qwen2.5-Omni-7B,670039,shuffled_audio,Infant Cry,Phee,Phee,false,1
Qwen/Qwen2.5-Omni-7B,670290,shuffled_audio,Seep,Seep,Seep,true,1
Qwen/Qwen2.5-Omni-7B,680295,shuffled_audio,Twitter,Tsik,Tsik,false,1
Qwen/Qwen2.5-Omni-7B,680791,shuffled_audio,Twitter,Tsik,Tsik,false,1
Qwen/Qwen2.5-Omni-7B,691528,shuffled_audio,Infant Cry,Phee,Phee,false,1
Qwen/Qwen2.5-Omni-7B,691986,shuffled_audio,Trill,Tsik,Tsik,false,1
Qwen/Qwen2.5-Omni-7B,693164,shuffled_audio,Infant Cry,Phee,Phee,false,1
Qwen/Qwen2.5-Omni-7B,695230,shuffled_audio,Trill,Tsik,Tsik,false,1
Qwen/Qwen2.5-Omni-7B,697899,shuffled_audio,Seep,Phee,Phee,false,1
Qwen/Qwen2.5-Omni-7B,707417,shuffled_audio,Trill,Tsik,Tsik,false,1
Qwen/Qwen2.5-Omni-7B,708875,shuffled_audio,Trill,Tsik,Tsik,false,1
Qwen/Qwen2.5-Omni-7B,714664,shuffled_audio,Trill,Tsik,Tsik,false,1
Qwen/Qwen2.5-Omni-7B,731937,shuffled_audio,Infant Cry,Seep,Seep,false,1
Qwen/Qwen2.5-Omni-7B,734314,shuffled_audio,Seep,Phee,Phee,false,1
Qwen/Qwen2.5-Omni-7B,738495,shuffled_audio,Trill,Tsik,Tsik,false,1
Qwen/Qwen2.5-Omni-7B,739815,shuffled_audio,Seep,Seep,Seep,true,1
Qwen/Qwen2.5-Omni-7B,741056,shuffled_audio,Seep,Seep,Seep,true,1
Qwen/Qwen2.5-Omni-7B,742006,shuffled_audio,Infant Cry,Phee,Phee,false,1
Qwen/Qwen2.5-Omni-7B,746198,shuffled_audio,Tsik,Tsik,Tsik,true,1
Qwen/Qwen2.5-Omni-7B,753447,shuffled_audio,Tsik,Phee,Phee,false,1
Qwen/Qwen2.5-Omni-7B,762457,shuffled_audio,Trill,Tsik,Tsik,false,1
Qwen/Qwen2.5-Omni-7B,763863,shuffled_audio,Infant Cry,Phee,Phee,false,1
Qwen/Qwen2.5-Omni-7B,765458,shuffled_audio,Infant Cry,Seep,Seep,false,1
Qwen/Qwen2.5-Omni-7B,766645,shuffled_audio,Twitter,Seep,Seep,false,1
Qwen/Qwen2.5-Omni-7B,768697,shuffled_audio,Twitter,Seep,Seep,false,1
Qwen/Qwen2.5-Omni-7B,769489,shuffled_audio,Seep,Phee,Phee,false,1
Qwen/Qwen2.5-Omni-7B,770853,shuffled_audio,Tsik,Phee,Phee,false,1
Qwen/Qwen2.5-Omni-7B,773125,shuffled_audio,Seep,Tsik,Tsik,false,1
Qwen/Qwen2.5-Omni-7B,773651,shuffled_audio,Phee,Phee,Phee,true,1
Qwen/Qwen2.5-Omni-7B,784804,shuffled_audio,Tsik,Phee,Phee,false,1
Qwen/Qwen2.5-Omni-7B,786011,shuffled_audio,Twitter,Phee,Phee,false,1
Qwen/Qwen2.5-Omni-7B,788000,shuffled_audio,Phee,Phee,Phee,true,1
Qwen/Qwen2.5-Omni-7B,792714,shuffled_audio,Tsik,Tsik,Tsik,true,1
Qwen/Qwen2.5-Omni-7B,794666,shuffled_audio,Phee,Phee,Phee,true,1
Qwen/Qwen2.5-Omni-7B,799579,shuffled_audio,Infant Cry,Phee,Phee,false,1
Qwen/Qwen2.5-Omni-7B,804279,shuffled_audio,Trill,Tsik,Tsik,false,1
Qwen/Qwen2.5-Omni-7B,804713,shuffled_audio,Tsik,Seep,Seep,false,1
Qwen/Qwen2.5-Omni-7B,805610,shuffled_audio,Trill,Seep,Seep,false,1
Qwen/Qwen2.5-Omni-7B,807122,shuffled_audio,Tsik,Tsik,Tsik,true,1
Qwen/Qwen2.5-Omni-7B,807189,shuffled_audio,Twitter,Tsik,Tsik,false,1
Qwen/Qwen2.5-Omni-7B,809280,shuffled_audio,Trill,Tsik,Tsik,false,1
Qwen/Qwen2.5-Omni-7B,811393,shuffled_audio,Twitter,Seep,Seep,false,1
Qwen/Qwen2.5-Omni-7B,81191,shuffled_audio,Seep,Phee,Phee,false,1
Qwen/Qwen2.5-Omni-7B,816990,shuffled_audio,Tsik,Twitter,Twitter,false,1
Qwen/Qwen2.5-Omni-7B,817109,shuffled_audio,Infant Cry,Phee,Phee,false,1
Qwen/Qwen2.5-Omni-7B,820757,shuffled_audio,Twitter,Seep,Seep,false,1
Qwen/Qwen2.5-Omni-7B,822050,shuffled_audio,Phee,Phee,Phee,true,1
Qwen/Qwen2.5-Omni-7B,824405,shuffled_audio,Phee,Seep,Seep,false,1
Qwen/Qwen2.5-Omni-7B,827373,shuffled_audio,Trill,Tsik,Tsik,false,1
Qwen/Qwen2.5-Omni-7B,836799,shuffled_audio,Twitter,Phee,Phee,false,1
Qwen/Qwen2.5-Omni-7B,844274,shuffled_audio,Twitter,Seep,Seep,false,1
Qwen/Qwen2.5-Omni-7B,847877,shuffled_audio,Tsik,Seep,Seep,false,1
Qwen/Qwen2.5-Omni-7B,851005,shuffled_audio,Phee,Phee,Phee,true,1
Qwen/Qwen2.5-Omni-7B,852107,shuffled_audio,Trill,Phee,Phee,false,1
Qwen/Qwen2.5-Omni-7B,852264,shuffled_audio,Phee,Phee,Phee,true,1
Qwen/Qwen2.5-Omni-7B,853911,shuffled_audio,Tsik,Seep,Seep,false,1
Qwen/Qwen2.5-Omni-7B,857186,shuffled_audio,Seep,Seep,Seep,true,1
Qwen/Qwen2.5-Omni-7B,857896,shuffled_audio,Phee,Phee,Phee,true,1
Qwen/Qwen2.5-Omni-7B,860537,shuffled_audio,Phee,Phee,Phee,true,1
Qwen/Qwen2.5-Omni-7B,861853,shuffled_audio,Twitter,Phee,Phee,false,1
Qwen/Qwen2.5-Omni-7B,862343,shuffled_audio,Phee,Tsik,Tsik,false,1
Qwen/Qwen2.5-Omni-7B,866525,shuffled_audio,Twitter,Phee,Phee,false,1
Qwen/Qwen2.5-Omni-7B,866533,shuffled_audio,Twitter,Seep,Seep,false,1
Qwen/Qwen2.5-Omni-7B,866655,shuffled_audio,Seep,Phee,Phee,false,1
Qwen/Qwen2.5-Omni-7B,866838,shuffled_audio,Twitter,Phee,Phee,false,1
Qwen/Qwen2.5-Omni-7B,867489,shuffled_audio,Tsik,Seep,Seep,false,1
Qwen/Qwen2.5-Omni-7B,867502,shuffled_audio,Trill,Tsik,Tsik,false,1
Qwen/Qwen2.5-Omni-7B,867780,shuffled_audio,Trill,Seep,Seep,false,1
Qwen/Qwen2.5-Omni-7B,9024,shuffled_audio,Infant Cry,Phee,Phee,false,1
Qwen/Qwen2.5-Omni-7B,108998,silence,Phee,Phee,Phee,true,1
Qwen/Qwen2.5-Omni-7B,110359,silence,Tsik,Phee,Phee,false,1
Qwen/Qwen2.5-Omni-7B,110581,silence,Tsik,Phee,Phee,false,1
Qwen/Qwen2.5-Omni-7B,122742,silence,Tsik,Seep,Seep,false,1
Qwen/Qwen2.5-Omni-7B,137886,silence,Twitter,Phee,Phee,false,1
Qwen/Qwen2.5-Omni-7B,143307,silence,Tsik,Phee,Phee,false,1
Qwen/Qwen2.5-Omni-7B,161850,silence,Trill,Phee,Phee,false,1
Qwen/Qwen2.5-Omni-7B,166603,silence,Twitter,Phee,Phee,false,1
Qwen/Qwen2.5-Omni-7B,170858,silence,Tsik,Seep,Seep,false,1
Qwen/Qwen2.5-Omni-7B,172015,silence,Trill,Phee,Phee,false,1
Qwen/Qwen2.5-Omni-7B,174653,silence,Twitter,Phee,Phee,false,1
Qwen/Qwen2.5-Omni-7B,193131,silence,Infant Cry,Phee,Phee,false,1
Qwen/Qwen2.5-Omni-7B,195490,silence,Trill,Phee,Phee,false,1
Qwen/Qwen2.5-Omni-7B,202978,silence,Phee,Seep,Seep,false,1
Qwen/Qwen2.5-Omni-7B,209834,silence,Tsik,Phee,Phee,false,1
Qwen/Qwen2.5-Omni-7B,209838,silence,Tsik,Phee,Phee,false,1
Qwen/Qwen2.5-Omni-7B,209851,silence,Tsik,Seep,Seep,false,1
Qwen/Qwen2.5-Omni-7B,209853,silence,Tsik,Phee,Phee,false,1
Qwen/Qwen2.5-Omni-7B,209876,silence,Tsik,Phee,Phee,false,1
Qwen/Qwen2.5-Omni-7B,209886,silence,Tsik,Phee,Phee,false,1
Qwen/Qwen2.5-Omni-7B,209893,silence,Tsik,Phee,Phee,false,1
Qwen/Qwen2.5-Omni-7B,209901,silence,Tsik,Seep,Seep,false,1
Qwen/Qwen2.5-Omni-7B,209905,silence,Tsik,Phee,Phee,false,1
Qwen/Qwen2.5-Omni-7B,209919,silence,Tsik,Phee,Phee,false,1
Qwen/Qwen2.5-Omni-7B,211769,silence,Twitter,Phee,Phee,false,1
Qwen/Qwen2.5-Omni-7B,211832,silence,Seep,Phee,Phee,false,1
Qwen/Qwen2.5-Omni-7B,211974,silence,Seep,Phee,Phee,false,1
Qwen/Qwen2.5-Omni-7B,212002,silence,Seep,Phee,Phee,false,1
Qwen/Qwen2.5-Omni-7B,212106,silence,Seep,Seep,Seep,true,1
Qwen/Qwen2.5-Omni-7B,212109,silence,Seep,Seep,Seep,true,1
Qwen/Qwen2.5-Omni-7B,212110,silence,Seep,Phee,Phee,false,1
Qwen/Qwen2.5-Omni-7B,212120,silence,Seep,Phee,Phee,false,1
Qwen/Qwen2.5-Omni-7B,212127,silence,Seep,Phee,Phee,false,1
Qwen/Qwen2.5-Omni-7B,212130,silence,Seep,Phee,Phee,false,1
Qwen/Qwen2.5-Omni-7B,213327,silence,Infant Cry,Phee,Phee,false,1
Qwen/Qwen2.5-Omni-7B,221515,silence,Phee,Phee,Phee,true,1
Qwen/Qwen2.5-Omni-7B,223077,silence,Infant Cry,Phee,Phee,false,1
Qwen/Qwen2.5-Omni-7B,223144,silence,Trill,Phee,Phee,false,1
Qwen/Qwen2.5-Omni-7B,223149,silence,Twitter,Phee,Phee,false,1
Qwen/Qwen2.5-Omni-7B,223196,silence,Phee,Phee,Phee,true,1
Qwen/Qwen2.5-Omni-7B,223206,silence,Phee,Phee,Phee,true,1
Qwen/Qwen2.5-Omni-7B,223208,silence,Phee,Phee,Phee,true,1
Qwen/Qwen2.5-Omni-7B,223298,silence,Seep,Phee,Phee,false,1
Qwen/Qwen2.5-Omni-7B,223312,silence,Infant Cry,Phee,Phee,false,1
Qwen/Qwen2.5-Omni-7B,223332,silence,Infant Cry,Phee,Phee,false,1
Qwen/Qwen2.5-Omni-7B,223352,silence,Infant Cry,Phee,Phee,false,1
Qwen/Qwen2.5-Omni-7B,223371,silence,Tsik,Phee,Phee,false,1
Qwen/Qwen2.5-Omni-7B,223383,silence,Infant Cry,Phee,Phee,false,1
Qwen/Qwen2.5-Omni-7B,223396,silence,Infant Cry,Phee,Phee,false,1
Qwen/Qwen2.5-Omni-7B,223400,silence,Infant Cry,Phee,Phee,false,1
Qwen/Qwen2.5-Omni-7B,227303,silence,Twitter,Phee,Phee,false,1
Qwen/Qwen2.5-Omni-7B,235891,silence,Seep,Phee,Phee,false,1
Qwen/Qwen2.5-Omni-7B,238981,silence,Trill,Phee,Phee,false,1
Qwen/Qwen2.5-Omni-7B,241125,silence,Twitter,Phee,Phee,false,1
Qwen/Qwen2.5-Omni-7B,248263,silence,Twitter,Phee,Phee,false,1
Qwen/Qwen2.5-Omni-7B,248296,silence,Twitter,Phee,Phee,false,1
Qwen/Qwen2.5-Omni-7B,268974,silence,Phee,Phee,Phee,true,1
Qwen/Qwen2.5-Omni-7B,273977,silence,Twitter,Phee,Phee,false,1
Qwen/Qwen2.5-Omni-7B,274918,silence,Twitter,Phee,Phee,false,1
Qwen/Qwen2.5-Omni-7B,285967,silence,Phee,Phee,Phee,true,1
Qwen/Qwen2.5-Omni-7B,294079,silence,Seep,Phee,Phee,false,1
Qwen/Qwen2.5-Omni-7B,297892,silence,Seep,Phee,Phee,false,1
Qwen/Qwen2.5-Omni-7B,299793,silence,Infant Cry,Phee,Phee,false,1
Qwen/Qwen2.5-Omni-7B,303572,silence,Seep,Phee,Phee,false,1
Qwen/Qwen2.5-Omni-7B,313999,silence,Twitter,Phee,Phee,false,1
Qwen/Qwen2.5-Omni-7B,31471,silence,Tsik,Phee,Phee,false,1
Qwen/Qwen2.5-Omni-7B,329778,silence,Infant Cry,Phee,Phee,false,1
Qwen/Qwen2.5-Omni-7B,335642,silence,Tsik,Phee,Phee,false,1
Qwen/Qwen2.5-Omni-7B,342684,silence,Infant Cry,Phee,Phee,false,1
Qwen/Qwen2.5-Omni-7B,352081,silence,Infant Cry,Phee,Phee,false,1
Qwen/Qwen2.5-Omni-7B,354197,silence,Infant Cry,Phee,Phee,false,1
Qwen/Qwen2.5-Omni-7B,354379,silence,Trill,Phee,Phee,false,1
Qwen/Qwen2.5-Omni-7B,357670,silence,Infant Cry,Phee,Phee,false,1
Qwen/Qwen2.5-Omni-7B,363877,silence,Twitter,Phee,Phee,false,1
Qwen/Qwen2.5-Omni-7B,36485,silence,Phee,Seep,Seep,false,1
Qwen/Qwen2.5-Omni-7B,36522,silence,Twitter,Phee,Phee,false,1
Qwen/Qwen2.5-Omni-7B,377896,silence,Phee,Phee,Phee,true,1
Qwen/Qwen2.5-Omni-7B,389438,silence,Phee,Phee,Phee,true,1
Qwen/Qwen2.5-Omni-7B,395548,silence,Phee,Phee,Phee,true,1
Qwen/Qwen2.5-Omni-7B,397118,silence,Trill,Phee,Phee,false,1
Qwen/Qwen2.5-Omni-7B,400874,silence,Twitter,Phee,Phee,false,1
Qwen/Qwen2.5-Omni-7B,405841,silence,Infant Cry,Phee,Phee,false,1
Qwen/Qwen2.5-Omni-7B,408631,silence,Phee,Phee,Phee,true,1
Qwen/Qwen2.5-Omni-7B,411252,silence,Seep,Phee,Phee,false,1
Qwen/Qwen2.5-Omni-7B,414997,silence,Seep,Phee,Phee,false,1
Qwen/Qwen2.5-Omni-7B,423771,silence,Tsik,Seep,Seep,false,1
Qwen/Qwen2.5-Omni-7B,436313,silence,Trill,Seep,Seep,false,1
Qwen/Qwen2.5-Omni-7B,456914,silence,Trill,Phee,Phee,false,1
Qwen/Qwen2.5-Omni-7B,463226,silence,Trill,Seep,Seep,false,1
Qwen/Qwen2.5-Omni-7B,470849,silence,Trill,Phee,Phee,false,1
Qwen/Qwen2.5-Omni-7B,480809,silence,Tsik,Phee,Phee,false,1
Qwen/Qwen2.5-Omni-7B,495081,silence,Seep,Phee,Phee,false,1
Qwen/Qwen2.5-Omni-7B,508636,silence,Twitter,Phee,Phee,false,1
Qwen/Qwen2.5-Omni-7B,508696,silence,Phee,Phee,Phee,true,1
Qwen/Qwen2.5-Omni-7B,508764,silence,Infant Cry,Phee,Phee,false,1
Qwen/Qwen2.5-Omni-7B,508775,silence,Phee,Phee,Phee,true,1
Qwen/Qwen2.5-Omni-7B,508777,silence,Twitter,Seep,Seep,false,1
Qwen/Qwen2.5-Omni-7B,508801,silence,Infant Cry,Phee,Phee,false,1
Qwen/Qwen2.5-Omni-7B,508866,silence,Tsik,Phee,Phee,false,1
Qwen/Qwen2.5-Omni-7B,508896,silence,Seep,Phee,Phee,false,1
Qwen/Qwen2.5-Omni-7B,508903,silence,Tsik,Seep,Seep,false,1
Qwen/Qwen2.5-Omni-7B,508966,silence,Phee,Phee,Phee,true,1
Qwen/Qwen2.5-Omni-7B,508992,silence,Twitter,Phee,Phee,false,1
Qwen/Qwen2.5-Omni-7B,509005,silence,Twitter,Phee,Phee,false,1
Qwen/Qwen2.5-Omni-7B,509009,silence,Phee,Phee,Phee,true,1
Qwen/Qwen2.5-Omni-7B,509026,silence,Twitter,Seep,Seep,false,1
Qwen/Qwen2.5-Omni-7B,509036,silence,Phee,Phee,Phee,true,1
Qwen/Qwen2.5-Omni-7B,509046,silence,Twitter,Phee,Phee,false,1
Qwen/Qwen2.5-Omni-7B,509047,silence,Phee,Seep,Seep,false,1
Qwen/Qwen2.5-Omni-7B,509050,silence,Phee,Phee,Phee,true,1
Qwen/Qwen2.5-Omni-7B,509065,silence,Seep,Phee,Phee,false,1
Qwen/Qwen2.5-Omni-7B,509083,silence,Infant Cry,Phee,Phee,false,1
Qwen/Qwen2.5-Omni-7B,509091,silence,Infant Cry,Phee,Phee,false,1
Qwen/Qwen2.5-Omni-7B,50919,silence,Tsik,Seep,Seep,false,1
Qwen/Qwen2.5-Omni-7B,511620,silence,Phee,Seep,Seep,false,1
Qwen/Qwen2.5-Omni-7B,51436,silence,Trill,Seep,Seep,false,1
Qwen/Qwen2.5-Omni-7B,515398,silence,Trill,Phee,Phee,false,1
Qwen/Qwen2.5-Omni-7B,518850,silence,Infant Cry,Phee,Phee,false,1
Qwen/Qwen2.5-Omni-7B,523406,silence,Seep,Seep,Seep,true,1
Qwen/Qwen2.5-Omni-7B,525735,silence,Tsik,Seep,Seep,false,1
Qwen/Qwen2.5-Omni-7B,525796,silence,Phee,Phee,Phee,true,1
Qwen/Qwen2.5-Omni-7B,525942,silence,Phee,Phee,Phee,true,1
Qwen/Qwen2.5-Omni-7B,526040,silence,Infant Cry,Phee,Phee,false,1
Qwen/Qwen2.5-Omni-7B,526671,silence,Infant Cry,Phee,Phee,false,1
Qwen/Qwen2.5-Omni-7B,526711,silence,Infant Cry,Phee,Phee,false,1
Qwen/Qwen2.5-Omni-7B,526904,silence,Tsik,Seep,Seep,false,1
Qwen/Qwen2.5-Omni-7B,527437,silence,Seep,Phee,Phee,false,1
Qwen/Qwen2.5-Omni-7B,527518,silence,Phee,Seep,Seep,false,1
Qwen/Qwen2.5-Omni-7B,528688,silence,Phee,Phee,Phee,true,1
Qwen/Qwen2.5-Omni-7B,533988,silence,Seep,Phee,Phee,false,1
Qwen/Qwen2.5-Omni-7B,536094,silence,Phee,Phee,Phee,true,1
Qwen/Qwen2.5-Omni-7B,539354,silence,Phee,Phee,Phee,true,1
Qwen/Qwen2.5-Omni-7B,540984,silence,Infant Cry,Phee,Phee,false,1
Qwen/Qwen2.5-Omni-7B,541326,silence,Seep,Phee,Phee,false,1
Qwen/Qwen2.5-Omni-7B,54180,silence,Phee,Seep,Seep,false,1
Qwen/Qwen2.5-Omni-7B,547929,silence,Twitter,Phee,Phee,false,1
Qwen/Qwen2.5-Omni-7B,548798,silence,Trill,Seep,Seep,false,1
Qwen/Qwen2.5-Omni-7B,549295,silence,Trill,Seep,Seep,false,1
Qwen/Qwen2.5-Omni-7B,549904,silence,Tsik,Seep,Seep,false,1
Qwen/Qwen2.5-Omni-7B,549995,silence,Trill,Phee,Phee,false,1
Qwen/Qwen2.5-Omni-7B,550353,silence,Twitter,Phee,Phee,false,1
Qwen/Qwen2.5-Omni-7B,550482,silence,Twitter,Phee,Phee,false,1
Qwen/Qwen2.5-Omni-7B,556028,silence,Seep,Phee,Phee,false,1
Qwen/Qwen2.5-Omni-7B,556866,silence,Twitter,Seep,Seep,false,1
Qwen/Qwen2.5-Omni-7B,558254,silence,Tsik,Seep,Seep,false,1
Qwen/Qwen2.5-Omni-7B,558285,silence,Twitter,Phee,Phee,false,1
Qwen/Qwen2.5-Omni-7B,558438,silence,Infant Cry,Phee,Phee,false,1
Qwen/Qwen2.5-Omni-7B,558541,silence,Phee,Phee,Phee,true,1
Qwen/Qwen2.5-Omni-7B,558594,silence,Infant Cry,Phee,Phee,false,1
Qwen/Qwen2.5-Omni-7B,558633,silence,Infant Cry,Phee,Phee,false,1
Qwen/Qwen2.5-Omni-7B,56195,silence,Trill,Seep,Seep,false,1
Qwen/Qwen2.5-Omni-7B,563468,silence,Tsik,Seep,Seep,false,1
Qwen/Qwen2.5-Omni-7B,564626,silence,Trill,Seep,Seep,false,1
Qwen/Qwen2.5-Omni-7B,565266,silence,Infant Cry,Phee,Phee,false,1
Qwen/Qwen2.5-Omni-7B,571992,silence,Seep,Phee,Phee,false,1
Qwen/Qwen2.5-Omni-7B,572081,silence,Trill,Seep,Seep,false,1
Qwen/Qwen2.5-Omni-7B,582662,silence,Seep,Phee,Phee,false,1
Qwen/Qwen2.5-Omni-7B,582669,silence,Phee,Phee,Phee,true,1
Qwen/Qwen2.5-Omni-7B,583172,silence,Phee,Phee,Phee,true,1
Qwen/Qwen2.5-Omni-7B,583214,silence,Infant Cry,Phee,Phee,false,1
Qwen/Qwen2.5-Omni-7B,583884,silence,Seep,Phee,Phee,false,1
Qwen/Qwen2.5-Omni-7B,584012,silence,Phee,Phee,Phee,true,1
Qwen/Qwen2.5-Omni-7B,584362,silence,Seep,Phee,Phee,false,1
Qwen/Qwen2.5-Omni-7B,586064,silence,Seep,Phee,Phee,false,1
Qwen/Qwen2.5-Omni-7B,589438,silence,Trill,Phee,Phee,false,1
Qwen/Qwen2.5-Omni-7B,592253,silence,Trill,Seep,Seep,false,1
Qwen/Qwen2.5-Omni-7B,592286,silence,Twitter,Phee,Phee,false,1
Qwen/Qwen2.5-Omni-7B,592365,silence,Trill,Seep,Seep,false,1
Qwen/Qwen2.5-Omni-7B,592485,silence,Trill,Seep,Seep,false,1
Qwen/Qwen2.5-Omni-7B,594023,silence,Trill,Seep,Seep,false,1
Qwen/Qwen2.5-Omni-7B,598781,silence,Twitter,Phee,Phee,false,1
Qwen/Qwen2.5-Omni-7B,600731,silence,Twitter,Phee,Phee,false,1
Qwen/Qwen2.5-Omni-7B,601927,silence,Twitter,Phee,Phee,false,1
Qwen/Qwen2.5-Omni-7B,602268,silence,Twitter,Phee,Phee,false,1
Qwen/Qwen2.5-Omni-7B,604234,silence,Infant Cry,Phee,Phee,false,1
Qwen/Qwen2.5-Omni-7B,609454,silence,Infant Cry,Phee,Phee,false,1
Qwen/Qwen2.5-Omni-7B,610080,silence,Tsik,Phee,Phee,false,1
Qwen/Qwen2.5-Omni-7B,612455,silence,Infant Cry,Phee,Phee,false,1
Qwen/Qwen2.5-Omni-7B,61472,silence,Phee,Phee,Phee,true,1
Qwen/Qwen2.5-Omni-7B,617822,silence,Seep,Phee,Phee,false,1
Qwen/Qwen2.5-Omni-7B,618440,silence,Infant Cry,Phee,Phee,false,1
Qwen/Qwen2.5-Omni-7B,619623,silence,Seep,Phee,Phee,false,1
Qwen/Qwen2.5-Omni-7B,622312,silence,Tsik,Seep,Seep,false,1
Qwen/Qwen2.5-Omni-7B,622320,silence,Trill,Phee,Phee,false,1
Qwen/Qwen2.5-Omni-7B,622417,silence,Seep,Phee,Phee,false,1
Qwen/Qwen2.5-Omni-7B,622758,silence,Twitter,Phee,Phee,false,1
Qwen/Qwen2.5-Omni-7B,623382,silence,Seep,Phee,Phee,false,1
Qwen/Qwen2.5-Omni-7B,623691,silence,Infant Cry,Phee,Phee,false,1
Qwen/Qwen2.5-Omni-7B,624179,silence,Twitter,Phee,Phee,false,1
Qwen/Qwen2.5-Omni-7B,624712,silence,Trill,Phee,Phee,false,1
Qwen/Qwen2.5-Omni-7B,628729,silence,Infant Cry,Phee,Phee,false,1
Qwen/Qwen2.5-Omni-7B,630476,silence,Trill,Phee,Phee,false,1
Qwen/Qwen2.5-Omni-7B,631021,silence,Seep,Phee,Phee,false,1
Qwen/Qwen2.5-Omni-7B,631448,silence,Trill,Phee,Phee,false,1
Qwen/Qwen2.5-Omni-7B,631485,silence,Phee,Phee,Phee,true,1
Qwen/Qwen2.5-Omni-7B,631861,silence,Infant Cry,Phee,Phee,false,1
Qwen/Qwen2.5-Omni-7B,631947,silence,Tsik,Phee,Phee,false,1
Qwen/Qwen2.5-Omni-7B,632037,silence,Tsik,Phee,Phee,false,1
Qwen/Qwen2.5-Omni-7B,632381,silence,Twitter,Phee,Phee,false,1
Qwen/Qwen2.5-Omni-7B,632863,silence,Phee,Seep,Seep,false,1
Qwen/Qwen2.5-Omni-7B,636120,silence,Tsik,Phee,Phee,false,1
Qwen/Qwen2.5-Omni-7B,636151,silence,Tsik,Seep,Seep,false,1
Qwen/Qwen2.5-Omni-7B,637669,silence,Seep,Phee,Phee,false,1
Qwen/Qwen2.5-Omni-7B,638580,silence,Phee,Phee,Phee,true,1
Qwen/Qwen2.5-Omni-7B,638810,silence,Trill,Phee,Phee,false,1
Qwen/Qwen2.5-Omni-7B,639491,silence,Phee,Seep,Seep,false,1
Qwen/Qwen2.5-Omni-7B,639917,silence,Trill,Seep,Seep,false,1
Qwen/Qwen2.5-Omni-7B,642827,silence,Tsik,Seep,Seep,false,1
Qwen/Qwen2.5-Omni-7B,647588,silence,Phee,Phee,Phee,true,1
Qwen/Qwen2.5-Omni-7B,651229,silence,Twitter,Phee,Phee,false,1
Qwen/Qwen2.5-Omni-7B,652668,silence,Seep,Phee,Phee,false,1
Qwen/Qwen2.5-Omni-7B,654915,silence,Tsik,Phee,Phee,false,1
Qwen/Qwen2.5-Omni-7B,655868,silence,Seep,Phee,Phee,false,1
Qwen/Qwen2.5-Omni-7B,658275,silence,Phee,Phee,Phee,true,1
Qwen/Qwen2.5-Omni-7B,662800,silence,Twitter,Phee,Phee,false,1
Qwen/Qwen2.5-Omni-7B,6633,silence,Infant Cry,Phee,Phee,false,1
Qwen/Qwen2.5-Omni-7B,663998,silence,Tsik,Phee,Phee,false,1
Qwen/Qwen2.5-Omni-7B,666571,silence,Tsik,Phee,Phee,false,1
Qwen/Qwen2.5-Omni-7B,666889,silence,Trill,Phee,Phee,false,1
Qwen/Qwen2.5-Omni-7B,667042,silence,Trill,Phee,Phee,false,1
Qwen/Qwen2.5-Omni-7B,667091,silence,Trill,Phee,Phee,false,1
Qwen/Qwen2.5-Omni-7B,667130,silence,Seep,Phee,Phee,false,1
Qwen/Qwen2.5-Omni-7B,667312,silence,Trill,Phee,Phee,false,1
Qwen/Qwen2.5-Omni-7B,667582,silence,Tsik,Seep,Seep,false,1
Qwen/Qwen2.5-Omni-7B,667865,silence,Infant Cry,Phee,Phee,false,1
Qwen/Qwen2.5-Omni-7B,667905,silence,Infant Cry,Phee,Phee,false,1
Qwen/Qwen2.5-Omni-7B,668428,silence,Trill,Phee,Phee,false,1
Qwen/Qwen2.5-Omni-7B,669075,silence,Trill,Phee,Phee,false,1
Qwen/Qwen2.5-Omni-7B,669272,silence,Seep,Phee,Phee,false,1
Qwen/Qwen2.5-Omni-7B,669273,silence,Seep,Phee,Phee,false,1
Qwen/Qwen2.5-Omni-7B,669577,silence,Phee,Phee,Phee,true,1
Qwen/Qwen2.5-Omni-7B,670039,silence,Infant Cry,Phee,Phee,false,1
Qwen/Qwen2.5-Omni-7B,670290,silence,Seep,Phee,Phee,false,1
Qwen/Qwen2.5-Omni-7B,680295,silence,Twitter,Phee,Phee,false,1
Qwen/Qwen2.5-Omni-7B,680791,silence,Twitter,Seep,Seep,false,1
Qwen/Qwen2.5-Omni-7B,691528,silence,Infant Cry,Phee,Phee,false,1
Qwen/Qwen2.5-Omni-7B,691986,silence,Trill,Phee,Phee,false,1
Qwen/Qwen2.5-Omni-7B,693164,silence,Infant Cry,Phee,Phee,false,1
Qwen/Qwen2.5-Omni-7B,695230,silence,Trill,Phee,Phee,false,1
Qwen/Qwen2.5-Omni-7B,697899,silence,Seep,Phee,Phee,false,1
Qwen/Qwen2.5-Omni-7B,707417,silence,Trill,Phee,Phee,false,1
Qwen/Qwen2.5-Omni-7B,708875,silence,Trill,Seep,Seep,false,1
Qwen/Qwen2.5-Omni-7B,714664,silence,Trill,Phee,Phee,false,1
Qwen/Qwen2.5-Omni-7B,731937,silence,Infant Cry,Phee,Phee,false,1
Qwen/Qwen2.5-Omni-7B,734314,silence,Seep,Phee,Phee,false,1
Qwen/Qwen2.5-Omni-7B,738495,silence,Trill,Phee,Phee,false,1
Qwen/Qwen2.5-Omni-7B,739815,silence,Seep,Phee,Phee,false,1
Qwen/Qwen2.5-Omni-7B,741056,silence,Seep,Phee,Phee,false,1
Qwen/Qwen2.5-Omni-7B,742006,silence,Infant Cry,Phee,Phee,false,1
Qwen/Qwen2.5-Omni-7B,746198,silence,Tsik,Phee,Phee,false,1
Qwen/Qwen2.5-Omni-7B,753447,silence,Tsik,Seep,Seep,false,1
Qwen/Qwen2.5-Omni-7B,762457,silence,Trill,Seep,Seep,false,1
Qwen/Qwen2.5-Omni-7B,763863,silence,Infant Cry,Phee,Phee,false,1
Qwen/Qwen2.5-Omni-7B,765458,silence,Infant Cry,Phee,Phee,false,1
Qwen/Qwen2.5-Omni-7B,766645,silence,Twitter,Phee,Phee,false,1
Qwen/Qwen2.5-Omni-7B,768697,silence,Twitter,Phee,Phee,false,1
Qwen/Qwen2.5-Omni-7B,769489,silence,Seep,Phee,Phee,false,1
Qwen/Qwen2.5-Omni-7B,770853,silence,Tsik,Seep,Seep,false,1
Qwen/Qwen2.5-Omni-7B,773125,silence,Seep,Phee,Phee,false,1
Qwen/Qwen2.5-Omni-7B,773651,silence,Phee,Phee,Phee,true,1
Qwen/Qwen2.5-Omni-7B,784804,silence,Tsik,Seep,Seep,false,1
Qwen/Qwen2.5-Omni-7B,786011,silence,Twitter,Phee,Phee,false,1
Qwen/Qwen2.5-Omni-7B,788000,silence,Phee,Phee,Phee,true,1
Qwen/Qwen2.5-Omni-7B,792714,silence,Tsik,Seep,Seep,false,1
Qwen/Qwen2.5-Omni-7B,794666,silence,Phee,Phee,Phee,true,1
Qwen/Qwen2.5-Omni-7B,799579,silence,Infant Cry,Phee,Phee,false,1
Qwen/Qwen2.5-Omni-7B,804279,silence,Trill,Seep,Seep,false,1
Qwen/Qwen2.5-Omni-7B,804713,silence,Tsik,Seep,Seep,false,1
Qwen/Qwen2.5-Omni-7B,805610,silence,Trill,Phee,Phee,false,1
Qwen/Qwen2.5-Omni-7B,807122,silence,Tsik,Seep,Seep,false,1
Qwen/Qwen2.5-Omni-7B,807189,silence,Twitter,Phee,Phee,false,1
Qwen/Qwen2.5-Omni-7B,809280,silence,Trill,Phee,Phee,false,1
Qwen/Qwen2.5-Omni-7B,811393,silence,Twitter,Phee,Phee,false,1
Qwen/Qwen2.5-Omni-7B,81191,silence,Seep,Phee,Phee,false,1
Qwen/Qwen2.5-Omni-7B,816990,silence,Tsik,Phee,Phee,false,1
Qwen/Qwen2.5-Omni-7B,817109,silence,Infant Cry,Phee,Phee,false,1
Qwen/Qwen2.5-Omni-7B,820757,silence,Twitter,Phee,Phee,false,1
Qwen/Qwen2.5-Omni-7B,822050,silence,Phee,Phee,Phee,true,1
Qwen/Qwen2.5-Omni-7B,824405,silence,Phee,Phee,Phee,true,1
Qwen/Qwen2.5-Omni-7B,827373,silence,Trill,Seep,Seep,false,1
Qwen/Qwen2.5-Omni-7B,836799,silence,Twitter,Phee,Phee,false,1
Qwen/Qwen2.5-Omni-7B,844274,silence,Twitter,Seep,Seep,false,1
Qwen/Qwen2.5-Omni-7B,847877,silence,Tsik,Phee,Phee,false,1
Qwen/Qwen2.5-Omni-7B,851005,silence,Phee,Phee,Phee,true,1
Qwen/Qwen2.5-Omni-7B,852107,silence,Trill,Phee,Phee,false,1
Qwen/Qwen2.5-Omni-7B,852264,silence,Phee,Phee,Phee,true,1
Qwen/Qwen2.5-Omni-7B,853911,silence,Tsik,Seep,Seep,false,1
Qwen/Qwen2.5-Omni-7B,857186,silence,Seep,Phee,Phee,false,1
Qwen/Qwen2.5-Omni-7B,857896,silence,Phee,Phee,Phee,true,1
Qwen/Qwen2.5-Omni-7B,860537,silence,Phee,Phee,Phee,true,1
Qwen/Qwen2.5-Omni-7B,861853,silence,Twitter,Phee,Phee,false,1
Qwen/Qwen2.5-Omni-7B,862343,silence,Phee,Phee,Phee,true,1
Qwen/Qwen2.5-Omni-7B,866525,silence,Twitter,Phee,Phee,false,1
Qwen/Qwen2.5-Omni-7B,866533,silence,Twitter,Seep,Seep,false,1
Qwen/Qwen2.5-Omni-7B,866655,silence,Seep,Phee,Phee,false,1
Qwen/Qwen2.5-Omni-7B,866838,silence,Twitter,Phee,Phee,false,1
Qwen/Qwen2.5-Omni-7B,867489,silence,Tsik,Seep,Seep,false,1
Qwen/Qwen2.5-Omni-7B,867502,silence,Trill,Phee,Phee,false,1
Qwen/Qwen2.5-Omni-7B,867780,silence,Trill,Phee,Phee,false,1
Qwen/Qwen2.5-Omni-7B,9024,silence,Infant Cry,Phee,Phee,false,1
