event_id,target,target_output,support_k_per_class,support_k_total,method,readout,raw_prediction,candidate_scores_json,prediction,correct
31471,Tsik,Tsik,4,24,audio_icl_candidate,candidate,,"[{""candidate"":""Infant Cry"",""token_ids"":[19433,517,42705],""token_count"":3,""sequence_logprob"":-12.049903869628906,""mean_token_logprob"":-4.016634623209636,""token_logprobs"":[-10.499881744384766,-2.50339189733495e-06,-1.5500195026397705]},{""candidate"":""Phee"",""token_ids"":[47,49053],""token_count"":2,""sequence_logprob"":-6.592166423797607,""mean_token_logprob"":-3.2960832118988037,""token_logprobs"":[-6.592064380645752,-0.00010227633902104571]},{""candidate"":""Seep"",""token_ids"":[1514,747],""token_count"":2,""sequence_logprob"":-5.092072486877441,""mean_token_logprob"":-2.5460362434387207,""token_logprobs"":[-5.092064380645752,-7.986990567587782e-06]},{""candidate"":""Trill"",""token_ids"":[1282,483],""token_count"":2,""sequence_logprob"":-4.494801044464111,""mean_token_logprob"":-2.2474005222320557,""token_logprobs"":[-4.467064380645752,-0.027736686170101166]},{""candidate"":""Tsik"",""token_ids"":[52793,1579],""token_count"":2,""sequence_logprob"":-5.155542850494385,""mean_token_logprob"":-2.5777714252471924,""token_logprobs"":[-5.154564380645752,-0.0009784678695723414]},{""candidate"":""Twitter"",""token_ids"":[24862],""token_count"":1,""sequence_logprob"":-0.029829910025000572,""mean_token_logprob"":-0.029829910025000572,""token_logprobs"":[-0.029829910025000572]}]",Twitter,false
31828,Seep,Seep,4,24,audio_icl_candidate,candidate,,"[{""candidate"":""Infant Cry"",""token_ids"":[19433,517,42705],""token_count"":3,""sequence_logprob"":-8.742538452148438,""mean_token_logprob"":-2.914179484049479,""token_logprobs"":[-7.459618091583252,-8.344646857949556e-07,-1.2829190492630005]},{""candidate"":""Phee"",""token_ids"":[47,49053],""token_count"":2,""sequence_logprob"":-4.763001441955566,""mean_token_logprob"":-2.381500720977783,""token_logprobs"":[-4.762803554534912,-0.00019774865359067917]},{""candidate"":""Seep"",""token_ids"":[1514,747],""token_count"":2,""sequence_logprob"":-4.075307369232178,""mean_token_logprob"":-2.037653684616089,""token_logprobs"":[-4.075303554534912,-3.814689989667386e-06]},{""candidate"":""Trill"",""token_ids"":[1282,483],""token_count"":2,""sequence_logprob"":-2.8447458744049072,""mean_token_logprob"":-1.4223729372024536,""token_logprobs"":[-2.825303554534912,-0.019442344084382057]},{""candidate"":""Tsik"",""token_ids"":[52793,1579],""token_count"":2,""sequence_logprob"":-3.5134055614471436,""mean_token_logprob"":-1.7567027807235718,""token_logprobs"":[-3.512803554534912,-0.0006019449210725725]},{""candidate"":""Twitter"",""token_ids"":[24862],""token_count"":1,""sequence_logprob"":-0.14862631261348724,""mean_token_logprob"":-0.14862631261348724,""token_logprobs"":[-0.14862631261348724]}]",Twitter,false
34756,Phee,Phee,4,24,audio_icl_candidate,candidate,,"[{""candidate"":""Infant Cry"",""token_ids"":[19433,517,42705],""token_count"":3,""sequence_logprob"":-9.903010368347168,""mean_token_logprob"":-3.3010034561157227,""token_logprobs"":[-9.393298149108887,-9.536738616588991e-07,-0.509710967540741]},{""candidate"":""Phee"",""token_ids"":[47,49053],""token_count"":2,""sequence_logprob"":-5.7060747146606445,""mean_token_logprob"":-2.8530373573303223,""token_logprobs"":[-5.705941677093506,-0.00013326710904948413]},{""candidate"":""Seep"",""token_ids"":[1514,747],""token_count"":2,""sequence_logprob"":-4.330953121185303,""mean_token_logprob"":-2.1654765605926514,""token_logprobs"":[-4.330941677093506,-1.156323378381785e-05]},{""candidate"":""Trill"",""token_ids"":[1282,483],""token_count"":2,""sequence_logprob"":-3.156806230545044,""mean_token_logprob"":-1.578403115272522,""token_logprobs"":[-3.1434414386749268,-0.013364847749471664]},{""candidate"":""Tsik"",""token_ids"":[52793,1579],""token_count"":2,""sequence_logprob"":-4.518915176391602,""mean_token_logprob"":-2.259457588195801,""token_logprobs"":[-4.518441677093506,-0.00047362555051222444]},{""candidate"":""Twitter"",""token_ids"":[24862],""token_count"":1,""sequence_logprob"":-0.08574946224689484,""mean_token_logprob"":-0.08574946224689484,""token_logprobs"":[-0.08574946224689484]}]",Twitter,false
36485,Phee,Phee,4,24,audio_icl_candidate,candidate,,"[{""candidate"":""Infant Cry"",""token_ids"":[19433,517,42705],""token_count"":3,""sequence_logprob"":-10.730186462402344,""mean_token_logprob"":-3.5767288208007812,""token_logprobs"":[-9.178074836730957,-7.152555099310121e-07,-1.5521103143692017]},{""candidate"":""Phee"",""token_ids"":[47,49053],""token_count"":2,""sequence_logprob"":-5.520390033721924,""mean_token_logprob"":-2.760195016860962,""token_logprobs"":[-5.52027702331543,-0.00011300401820335537]},{""candidate"":""Seep"",""token_ids"":[1514,747],""token_count"":2,""sequence_logprob"":-4.39528226852417,""mean_token_logprob"":-2.197641134262085,""token_logprobs"":[-4.39527702331543,-5.245195097813848e-06]},{""candidate"":""Trill"",""token_ids"":[1282,483],""token_count"":2,""sequence_logprob"":-3.1627883911132812,""mean_token_logprob"":-1.5813941955566406,""token_logprobs"":[-3.1452767848968506,-0.017511636018753052]},{""candidate"":""Tsik"",""token_ids"":[52793,1579],""token_count"":2,""sequence_logprob"":-4.396047115325928,""mean_token_logprob"":-2.198023557662964,""token_logprobs"":[-4.39527702331543,-0.0007702721050009131]},{""candidate"":""Twitter"",""token_ids"":[24862],""token_count"":1,""sequence_logprob"":-0.07897865027189255,""mean_token_logprob"":-0.07897865027189255,""token_logprobs"":[-0.07897865027189255]}]",Twitter,false
36522,Twitter,Twitter,4,24,audio_icl_candidate,candidate,,"[{""candidate"":""Infant Cry"",""token_ids"":[19433,517,42705],""token_count"":3,""sequence_logprob"":-11.875497817993164,""mean_token_logprob"":-3.958499272664388,""token_logprobs"":[-10.28294563293457,-1.5497195136049413e-06,-1.5925499200820923]},{""candidate"":""Phee"",""token_ids"":[47,49053],""token_count"":2,""sequence_logprob"":-6.190845012664795,""mean_token_logprob"":-3.0954225063323975,""token_logprobs"":[-6.190739154815674,-0.00010597144137136638]},{""candidate"":""Seep"",""token_ids"":[1514,747],""token_count"":2,""sequence_logprob"":-4.065743446350098,""mean_token_logprob"":-2.032871723175049,""token_logprobs"":[-4.065739154815674,-4.172316494077677e-06]},{""candidate"":""Trill"",""token_ids"":[1282,483],""token_count"":2,""sequence_logprob"":-3.5384106636047363,""mean_token_logprob"":-1.7692053318023682,""token_logprobs"":[-3.503239154815674,-0.035171523690223694]},{""candidate"":""Tsik"",""token_ids"":[52793,1579],""token_count"":2,""sequence_logprob"":-4.754940986633301,""mean_token_logprob"":-2.3774704933166504,""token_logprobs"":[-4.753239154815674,-0.0017018134240061045]},{""candidate"":""Twitter"",""token_ids"":[24862],""token_count"":1,""sequence_logprob"":-0.06581170111894608,""mean_token_logprob"":-0.06581170111894608,""token_logprobs"":[-0.06581170111894608]}]",Twitter,true
405841,Infant Cry,Infant Cry,4,24,audio_icl_candidate,candidate,,"[{""candidate"":""Infant Cry"",""token_ids"":[19433,517,42705],""token_count"":3,""sequence_logprob"":-10.830198287963867,""mean_token_logprob"":-3.6100660959879556,""token_logprobs"":[-9.602188110351562,-1.4305104514278355e-06,-1.2280089855194092]},{""candidate"":""Phee"",""token_ids"":[47,49053],""token_count"":2,""sequence_logprob"":-5.8160600662231445,""mean_token_logprob"":-2.9080300331115723,""token_logprobs"":[-5.815890312194824,-0.0001699779968475923]},{""candidate"":""Seep"",""token_ids"":[1514,747],""token_count"":2,""sequence_logprob"":-4.5659098625183105,""mean_token_logprob"":-2.2829549312591553,""token_logprobs"":[-4.565890312194824,-1.9550132492440753e-05]},{""candidate"":""Trill"",""token_ids"":[1282,483],""token_count"":2,""sequence_logprob"":-3.399360418319702,""mean_token_logprob"":-1.699680209159851,""token_logprobs"":[-3.3783905506134033,-0.020969944074749947]},{""candidate"":""Tsik"",""token_ids"":[52793,1579],""token_count"":2,""sequence_logprob"":-4.631016731262207,""mean_token_logprob"":-2.3155083656311035,""token_logprobs"":[-4.628390312194824,-0.0026261862367391586]},{""candidate"":""Twitter"",""token_ids"":[24862],""token_count"":1,""sequence_logprob"":-0.06834408640861511,""mean_token_logprob"":-0.06834408640861511,""token_logprobs"":[-0.06834408640861511]}]",Twitter,false
408631,Phee,Phee,4,24,audio_icl_candidate,candidate,,"[{""candidate"":""Infant Cry"",""token_ids"":[19433,517,42705],""token_count"":3,""sequence_logprob"":-9.036856651306152,""mean_token_logprob"":-3.0122855504353843,""token_logprobs"":[-8.382814407348633,-5.960462772236497e-07,-0.6540408730506897]},{""candidate"":""Phee"",""token_ids"":[47,49053],""token_count"":2,""sequence_logprob"":-5.011617660522461,""mean_token_logprob"":-2.5058088302612305,""token_logprobs"":[-5.011484622955322,-0.00013290952483657748]},{""candidate"":""Seep"",""token_ids"":[1514,747],""token_count"":2,""sequence_logprob"":-4.073991775512695,""mean_token_logprob"":-2.0369958877563477,""token_logprobs"":[-4.073984622955322,-7.152531907195225e-06]},{""candidate"":""Trill"",""token_ids"":[1282,483],""token_count"":2,""sequence_logprob"":-2.715878486633301,""mean_token_logprob"":-1.3579392433166504,""token_logprobs"":[-2.6989846229553223,-0.016893882304430008]},{""candidate"":""Tsik"",""token_ids"":[52793,1579],""token_count"":2,""sequence_logprob"":-3.6995158195495605,""mean_token_logprob"":-1.8497579097747803,""token_logprobs"":[-3.6989846229553223,-0.0005312938592396677]},{""candidate"":""Twitter"",""token_ids"":[24862],""token_count"":1,""sequence_logprob"":-0.11664486676454544,""mean_token_logprob"":-0.11664486676454544,""token_logprobs"":[-0.11664486676454544]}]",Twitter,false
50919,Tsik,Tsik,4,24,audio_icl_candidate,candidate,,"[{""candidate"":""Infant Cry"",""token_ids"":[19433,517,42705],""token_count"":3,""sequence_logprob"":-11.684070587158203,""mean_token_logprob"":-3.894690195719401,""token_logprobs"":[-9.629616737365723,-7.152555099310121e-07,-2.054452657699585]},{""candidate"":""Phee"",""token_ids"":[47,49053],""token_count"":2,""sequence_logprob"":-6.188058376312256,""mean_token_logprob"":-3.094029188156128,""token_logprobs"":[-6.187819004058838,-0.00023922442051116377]},{""candidate"":""Seep"",""token_ids"":[1514,747],""token_count"":2,""sequence_logprob"":-4.5628252029418945,""mean_token_logprob"":-2.2814126014709473,""token_logprobs"":[-4.562819004058838,-6.437280717364047e-06]},{""candidate"":""Trill"",""token_ids"":[1282,483],""token_count"":2,""sequence_logprob"":-3.464467763900757,""mean_token_logprob"":-1.7322338819503784,""token_logprobs"":[-3.437818765640259,-0.02664896287024021]},{""candidate"":""Tsik"",""token_ids"":[52793,1579],""token_count"":2,""sequence_logprob"":-4.627898216247559,""mean_token_logprob"":-2.3139491081237793,""token_logprobs"":[-4.625319004058838,-0.0025789830833673477]},{""candidate"":""Twitter"",""token_ids"":[24862],""token_count"":1,""sequence_logprob"":-0.0659746453166008,""mean_token_logprob"":-0.0659746453166008,""token_logprobs"":[-0.0659746453166008]}]",Twitter,false
51436,Trill,Trill,4,24,audio_icl_candidate,candidate,,"[{""candidate"":""Infant Cry"",""token_ids"":[19433,517,42705],""token_count"":3,""sequence_logprob"":-11.732797622680664,""mean_token_logprob"":-3.9109325408935547,""token_logprobs"":[-10.515857696533203,-1.7881377516459906e-06,-1.21693754196167]},{""candidate"":""Phee"",""token_ids"":[47,49053],""token_count"":2,""sequence_logprob"":-7.228983402252197,""mean_token_logprob"":-3.6144917011260986,""token_logprobs"":[-7.228780746459961,-0.00020251607929822057]},{""candidate"":""Seep"",""token_ids"":[1514,747],""token_count"":2,""sequence_logprob"":-5.041287899017334,""mean_token_logprob"":-2.520643949508667,""token_logprobs"":[-5.041280746459961,-7.271740287251305e-06]},{""candidate"":""Trill"",""token_ids"":[1282,483],""token_count"":2,""sequence_logprob"":-3.805746555328369,""mean_token_logprob"":-1.9028732776641846,""token_logprobs"":[-3.791280746459961,-0.014465698041021824]},{""candidate"":""Tsik"",""token_ids"":[52793,1579],""token_count"":2,""sequence_logprob"":-5.10507345199585,""mean_token_logprob"":-2.552536725997925,""token_logprobs"":[-5.103780746459961,-0.00129270413890481]},{""candidate"":""Twitter"",""token_ids"":[24862],""token_count"":1,""sequence_logprob"":-0.03911590576171875,""mean_token_logprob"":-0.03911590576171875,""token_logprobs"":[-0.03911590576171875]}]",Twitter,false
517703,Trill,Trill,4,24,audio_icl_candidate,candidate,,"[{""candidate"":""Infant Cry"",""token_ids"":[19433,517,42705],""token_count"":3,""sequence_logprob"":-10.534867286682129,""mean_token_logprob"":-3.511622428894043,""token_logprobs"":[-9.276317596435547,-1.0728830375228426e-06,-1.2585489749908447]},{""candidate"":""Phee"",""token_ids"":[47,49053],""token_count"":2,""sequence_logprob"":-6.733644485473633,""mean_token_logprob"":-3.3668222427368164,""token_logprobs"":[-6.733482837677002,-0.00016175392374861985]},{""candidate"":""Seep"",""token_ids"":[1514,747],""token_count"":2,""sequence_logprob"":-4.920993804931641,""mean_token_logprob"":-2.4604969024658203,""token_logprobs"":[-4.920982837677002,-1.0847986231965479e-05]},{""candidate"":""Trill"",""token_ids"":[1282,483],""token_count"":2,""sequence_logprob"":-3.751697063446045,""mean_token_logprob"":-1.8758485317230225,""token_logprobs"":[-3.733482837677002,-0.018214227631688118]},{""candidate"":""Tsik"",""token_ids"":[52793,1579],""token_count"":2,""sequence_logprob"":-4.985051155090332,""mean_token_logprob"":-2.492525577545166,""token_logprobs"":[-4.983482837677002,-0.0015683980891481042]},{""candidate"":""Twitter"",""token_ids"":[24862],""token_count"":1,""sequence_logprob"":-0.04946688562631607,""mean_token_logprob"":-0.04946688562631607,""token_logprobs"":[-0.04946688562631607]}]",Twitter,false
518079,Phee,Phee,4,24,audio_icl_candidate,candidate,,"[{""candidate"":""Infant Cry"",""token_ids"":[19433,517,42705],""token_count"":3,""sequence_logprob"":-9.756623268127441,""mean_token_logprob"":-3.2522077560424805,""token_logprobs"":[-8.678571701049805,-7.152555099310121e-07,-1.0780506134033203]},{""candidate"":""Phee"",""token_ids"":[47,49053],""token_count"":2,""sequence_logprob"":-5.058481693267822,""mean_token_logprob"":-2.529240846633911,""token_logprobs"":[-5.058233261108398,-0.000248401309363544]},{""candidate"":""Seep"",""token_ids"":[1514,747],""token_count"":2,""sequence_logprob"":-4.183243751525879,""mean_token_logprob"":-2.0916218757629395,""token_logprobs"":[-4.183233261108398,-1.0371154530730564e-05]},{""candidate"":""Trill"",""token_ids"":[1282,483],""token_count"":2,""sequence_logprob"":-2.8244032859802246,""mean_token_logprob"":-1.4122016429901123,""token_logprobs"":[-2.8082332611083984,-0.016170069575309753]},{""candidate"":""Tsik"",""token_ids"":[52793,1579],""token_count"":2,""sequence_logprob"":-3.8715059757232666,""mean_token_logprob"":-1.9357529878616333,""token_logprobs"":[-3.8707332611083984,-0.0007726544863544405]},{""candidate"":""Twitter"",""token_ids"":[24862],""token_count"":1,""sequence_logprob"":-0.11298632621765137,""mean_token_logprob"":-0.11298632621765137,""token_logprobs"":[-0.11298632621765137]}]",Twitter,false
521545,Phee,Phee,4,24,audio_icl_candidate,candidate,,"[{""candidate"":""Infant Cry"",""token_ids"":[19433,517,42705],""token_count"":3,""sequence_logprob"":-8.08714771270752,""mean_token_logprob"":-2.69571590423584,""token_logprobs"":[-6.753168106079102,-8.344646857949556e-07,-1.3339787721633911]},{""candidate"":""Phee"",""token_ids"":[47,49053],""token_count"":2,""sequence_logprob"":-4.533069610595703,""mean_token_logprob"":-2.2665348052978516,""token_logprobs"":[-4.532930374145508,-0.0001392267586197704]},{""candidate"":""Seep"",""token_ids"":[1514,747],""token_count"":2,""sequence_logprob"":-3.4704349040985107,""mean_token_logprob"":-1.7352174520492554,""token_logprobs"":[-3.470430612564087,-4.291525328881107e-06]},{""candidate"":""Trill"",""token_ids"":[1282,483],""token_count"":2,""sequence_logprob"":-2.2302486896514893,""mean_token_logprob"":-1.1151243448257446,""token_logprobs"":[-2.220430612564087,-0.009818119928240776]},{""candidate"":""Tsik"",""token_ids"":[52793,1579],""token_count"":2,""sequence_logprob"":-3.470891237258911,""mean_token_logprob"":-1.7354456186294556,""token_logprobs"":[-3.470430612564087,-0.0004606377915479243]},{""candidate"":""Twitter"",""token_ids"":[24862],""token_count"":1,""sequence_logprob"":-0.2233293056488037,""mean_token_logprob"":-0.2233293056488037,""token_logprobs"":[-0.2233293056488037]}]",Twitter,false
52861,Trill,Trill,4,24,audio_icl_candidate,candidate,,"[{""candidate"":""Infant Cry"",""token_ids"":[19433,517,42705],""token_count"":3,""sequence_logprob"":-11.627768516540527,""mean_token_logprob"":-3.8759228388468423,""token_logprobs"":[-10.302201271057129,-9.536738616588991e-07,-1.3255665302276611]},{""candidate"":""Phee"",""token_ids"":[47,49053],""token_count"":2,""sequence_logprob"":-7.045780181884766,""mean_token_logprob"":-3.522890090942383,""token_logprobs"":[-7.045591354370117,-0.00018904806347563863]},{""candidate"":""Seep"",""token_ids"":[1514,747],""token_count"":2,""sequence_logprob"":-5.045599460601807,""mean_token_logprob"":-2.5227997303009033,""token_logprobs"":[-5.045591354370117,-7.986990567587782e-06]},{""candidate"":""Trill"",""token_ids"":[1282,483],""token_count"":2,""sequence_logprob"":-3.6878581047058105,""mean_token_logprob"":-1.8439290523529053,""token_logprobs"":[-3.670591354370117,-0.017266783863306046]},{""candidate"":""Tsik"",""token_ids"":[52793,1579],""token_count"":2,""sequence_logprob"":-4.984495162963867,""mean_token_logprob"":-2.4922475814819336,""token_logprobs"":[-4.983091354370117,-0.0014038955559954047]},{""candidate"":""Twitter"",""token_ids"":[24862],""token_count"":1,""sequence_logprob"":-0.049075160175561905,""mean_token_logprob"":-0.049075160175561905,""token_logprobs"":[-0.049075160175561905]}]",Twitter,false
533988,Seep,Seep,4,24,audio_icl_candidate,candidate,,"[{""candidate"":""Infant Cry"",""token_ids"":[19433,517,42705],""token_count"":3,""sequence_logprob"":-9.82752799987793,""mean_token_logprob"":-3.2758426666259766,""token_logprobs"":[-8.337385177612305,-7.152555099310121e-07,-1.4901422262191772]},{""candidate"":""Phee"",""token_ids"":[47,49053],""token_count"":2,""sequence_logprob"":-5.8521013259887695,""mean_token_logprob"":-2.9260506629943848,""token_logprobs"":[-5.851961612701416,-0.00013982271775603294]},{""candidate"":""Seep"",""token_ids"":[1514,747],""token_count"":2,""sequence_logprob"":-4.351968288421631,""mean_token_logprob"":-2.1759841442108154,""token_logprobs"":[-4.351961612701416,-6.556489552167477e-06]},{""candidate"":""Trill"",""token_ids"":[1282,483],""token_count"":2,""sequence_logprob"":-2.9306275844573975,""mean_token_logprob"":-1.4653137922286987,""token_logprobs"":[-2.914461612701416,-0.01616596430540085]},{""candidate"":""Tsik"",""token_ids"":[52793,1579],""token_count"":2,""sequence_logprob"":-4.102465629577637,""mean_token_logprob"":-2.0512328147888184,""token_logprobs"":[-4.101961612701416,-0.0005042473785579205]},{""candidate"":""Twitter"",""token_ids"":[24862],""token_count"":1,""sequence_logprob"":-0.11031753569841385,""mean_token_logprob"":-0.11031753569841385,""token_logprobs"":[-0.11031753569841385]}]",Twitter,false
54180,Phee,Phee,4,24,audio_icl_candidate,candidate,,"[{""candidate"":""Infant Cry"",""token_ids"":[19433,517,42705],""token_count"":3,""sequence_logprob"":-10.806981086730957,""mean_token_logprob"":-3.602327028910319,""token_logprobs"":[-9.359585762023926,-7.152555099310121e-07,-1.4473943710327148]},{""candidate"":""Phee"",""token_ids"":[47,49053],""token_count"":2,""sequence_logprob"":-5.7769365310668945,""mean_token_logprob"":-2.8884682655334473,""token_logprobs"":[-5.776834964752197,-0.00010144196130568162]},{""candidate"":""Seep"",""token_ids"":[1514,747],""token_count"":2,""sequence_logprob"":-4.276839733123779,""mean_token_logprob"":-2.1384198665618896,""token_logprobs"":[-4.276834964752197,-5.006777428206988e-06]},{""candidate"":""Trill"",""token_ids"":[1282,483],""token_count"":2,""sequence_logprob"":-3.0457355976104736,""mean_token_logprob"":-1.5228677988052368,""token_logprobs"":[-3.0268349647521973,-0.018900536000728607]},{""candidate"":""Tsik"",""token_ids"":[52793,1579],""token_count"":2,""sequence_logprob"":-4.402414321899414,""mean_token_logprob"":-2.201207160949707,""token_logprobs"":[-4.401834964752197,-0.0005793085438199341]},{""candidate"":""Twitter"",""token_ids"":[24862],""token_count"":1,""sequence_logprob"":-0.084988534450531,""mean_token_logprob"":-0.084988534450531,""token_logprobs"":[-0.084988534450531]}]",Twitter,false
547929,Twitter,Twitter,4,24,audio_icl_candidate,candidate,,"[{""candidate"":""Infant Cry"",""token_ids"":[19433,517,42705],""token_count"":3,""sequence_logprob"":-12.929641723632812,""mean_token_logprob"":-4.3098805745442705,""token_logprobs"":[-11.16519832611084,-2.50339189733495e-06,-1.7644405364990234]},{""candidate"":""Phee"",""token_ids"":[47,49053],""token_count"":2,""sequence_logprob"":-6.670216083526611,""mean_token_logprob"":-3.3351080417633057,""token_logprobs"":[-6.670051097869873,-0.00016497205069754273]},{""candidate"":""Seep"",""token_ids"":[1514,747],""token_count"":2,""sequence_logprob"":-4.6075568199157715,""mean_token_logprob"":-2.3037784099578857,""token_logprobs"":[-4.607551097869873,-5.960446742392378e-06]},{""candidate"":""Trill"",""token_ids"":[1282,483],""token_count"":2,""sequence_logprob"":-3.832350015640259,""mean_token_logprob"":-1.9161750078201294,""token_logprobs"":[-3.795051097869873,-0.03729887306690216]},{""candidate"":""Tsik"",""token_ids"":[52793,1579],""token_count"":2,""sequence_logprob"":-5.2342753410339355,""mean_token_logprob"":-2.6171376705169678,""token_logprobs"":[-5.232551097869873,-0.0017244244227185845]},{""candidate"":""Twitter"",""token_ids"":[24862],""token_count"":1,""sequence_logprob"":-0.0433337539434433,""mean_token_logprob"":-0.0433337539434433,""token_logprobs"":[-0.0433337539434433]}]",Twitter,true
547992,Phee,Phee,4,24,audio_icl_candidate,candidate,,"[{""candidate"":""Infant Cry"",""token_ids"":[19433,517,42705],""token_count"":3,""sequence_logprob"":-7.884882926940918,""mean_token_logprob"":-2.628294308980306,""token_logprobs"":[-6.81441068649292,-5.960462772236497e-07,-1.0704717636108398]},{""candidate"":""Phee"",""token_ids"":[47,49053],""token_count"":2,""sequence_logprob"":-4.299196720123291,""mean_token_logprob"":-2.1495983600616455,""token_logprobs"":[-4.299100875854492,-9.572047565598041e-05]},{""candidate"":""Seep"",""token_ids"":[1514,747],""token_count"":2,""sequence_logprob"":-3.486605167388916,""mean_token_logprob"":-1.743302583694458,""token_logprobs"":[-3.4866011142730713,-4.172316494077677e-06]},{""candidate"":""Trill"",""token_ids"":[1282,483],""token_count"":2,""sequence_logprob"":-2.6267166137695312,""mean_token_logprob"":-1.3133583068847656,""token_logprobs"":[-2.6116011142730713,-0.015115599147975445]},{""candidate"":""Tsik"",""token_ids"":[52793,1579],""token_count"":2,""sequence_logprob"":-3.6119871139526367,""mean_token_logprob"":-1.8059935569763184,""token_logprobs"":[-3.6116011142730713,-0.0003860443539451808]},{""candidate"":""Twitter"",""token_ids"":[24862],""token_count"":1,""sequence_logprob"":-0.19255168735980988,""mean_token_logprob"":-0.19255168735980988,""token_logprobs"":[-0.19255168735980988]}]",Twitter,false
548798,Trill,Trill,4,24,audio_icl_candidate,candidate,,"[{""candidate"":""Infant Cry"",""token_ids"":[19433,517,42705],""token_count"":3,""sequence_logprob"":-12.703386306762695,""mean_token_logprob"":-4.2344621022542315,""token_logprobs"":[-11.443408012390137,-1.0728830375228426e-06,-1.259977102279663]},{""candidate"":""Phee"",""token_ids"":[47,49053],""token_count"":2,""sequence_logprob"":-7.478274822235107,""mean_token_logprob"":-3.7391374111175537,""token_logprobs"":[-7.4781317710876465,-0.00014327930693980306]},{""candidate"":""Seep"",""token_ids"":[1514,747],""token_count"":2,""sequence_logprob"":-4.97814416885376,""mean_token_logprob"":-2.48907208442688,""token_logprobs"":[-4.9781317710876465,-1.2516897186287679e-05]},{""candidate"":""Trill"",""token_ids"":[1282,483],""token_count"":2,""sequence_logprob"":-3.8674607276916504,""mean_token_logprob"":-1.9337303638458252,""token_logprobs"":[-3.8531320095062256,-0.01432880386710167]},{""candidate"":""Tsik"",""token_ids"":[52793,1579],""token_count"":2,""sequence_logprob"":-5.104231357574463,""mean_token_logprob"":-2.5521156787872314,""token_logprobs"":[-5.1031317710876465,-0.0010996968485414982]},{""candidate"":""Twitter"",""token_ids"":[24862],""token_count"":1,""sequence_logprob"":-0.03904494270682335,""mean_token_logprob"":-0.03904494270682335,""token_logprobs"":[-0.03904494270682335]}]",Twitter,false
56195,Trill,Trill,4,24,audio_icl_candidate,candidate,,"[{""candidate"":""Infant Cry"",""token_ids"":[19433,517,42705],""token_count"":3,""sequence_logprob"":-10.716097831726074,""mean_token_logprob"":-3.572032610575358,""token_logprobs"":[-9.341377258300781,-1.6689286894688848e-06,-1.3747187852859497]},{""candidate"":""Phee"",""token_ids"":[47,49053],""token_count"":2,""sequence_logprob"":-6.307509899139404,""mean_token_logprob"":-3.153754949569702,""token_logprobs"":[-6.307354927062988,-0.00015507926582358778]},{""candidate"":""Seep"",""token_ids"":[1514,747],""token_count"":2,""sequence_logprob"":-4.557365894317627,""mean_token_logprob"":-2.2786829471588135,""token_logprobs"":[-4.557354927062988,-1.1086402082582936e-05]},{""candidate"":""Trill"",""token_ids"":[1282,483],""token_count"":2,""sequence_logprob"":-3.637566566467285,""mean_token_logprob"":-1.8187832832336426,""token_logprobs"":[-3.6198549270629883,-0.017711572349071503]},{""candidate"":""Tsik"",""token_ids"":[52793,1579],""token_count"":2,""sequence_logprob"":-4.621069431304932,""mean_token_logprob"":-2.310534715652466,""token_logprobs"":[-4.619854927062988,-0.0012143626809120178]},{""candidate"":""Twitter"",""token_ids"":[24862],""token_count"":1,""sequence_logprob"":-0.0619778111577034,""mean_token_logprob"":-0.0619778111577034,""token_logprobs"":[-0.0619778111577034]}]",Twitter,false
580149,Trill,Trill,4,24,audio_icl_candidate,candidate,,"[{""candidate"":""Infant Cry"",""token_ids"":[19433,517,42705],""token_count"":3,""sequence_logprob"":-9.243447303771973,""mean_token_logprob"":-3.081149101257324,""token_logprobs"":[-8.319998741149902,-9.536738616588991e-07,-0.9234476685523987]},{""candidate"":""Phee"",""token_ids"":[47,49053],""token_count"":2,""sequence_logprob"":-5.55472993850708,""mean_token_logprob"":-2.77736496925354,""token_logprobs"":[-5.553268909454346,-0.0014609150821343064]},{""candidate"":""Seep"",""token_ids"":[1514,747],""token_count"":2,""sequence_logprob"":-3.9907751083374023,""mean_token_logprob"":-1.9953875541687012,""token_logprobs"":[-3.9907689094543457,-6.318072337307967e-06]},{""candidate"":""Trill"",""token_ids"":[1282,483],""token_count"":2,""sequence_logprob"":-2.8761825561523438,""mean_token_logprob"":-1.4380912780761719,""token_logprobs"":[-2.8657689094543457,-0.010413595475256443]},{""candidate"":""Tsik"",""token_ids"":[52793,1579],""token_count"":2,""sequence_logprob"":-3.9288330078125,""mean_token_logprob"":-1.96441650390625,""token_logprobs"":[-3.9282689094543457,-0.0005640584276989102]},{""candidate"":""Twitter"",""token_ids"":[24862],""token_count"":1,""sequence_logprob"":-0.11737234145402908,""mean_token_logprob"":-0.11737234145402908,""token_logprobs"":[-0.11737234145402908]}]",Twitter,false
580352,Phee,Phee,4,24,audio_icl_candidate,candidate,,"[{""candidate"":""Infant Cry"",""token_ids"":[19433,517,42705],""token_count"":3,""sequence_logprob"":-7.9690775871276855,""mean_token_logprob"":-2.6563591957092285,""token_logprobs"":[-7.421228408813477,-5.960462772236497e-07,-0.5478488206863403]},{""candidate"":""Phee"",""token_ids"":[47,49053],""token_count"":2,""sequence_logprob"":-4.577768325805664,""mean_token_logprob"":-2.288884162902832,""token_logprobs"":[-4.575887680053711,-0.0018807833548635244]},{""candidate"":""Seep"",""token_ids"":[1514,747],""token_count"":2,""sequence_logprob"":-3.263394355773926,""mean_token_logprob"":-1.631697177886963,""token_logprobs"":[-3.26338791847229,-6.556489552167477e-06]},{""candidate"":""Trill"",""token_ids"":[1282,483],""token_count"":2,""sequence_logprob"":-2.4009058475494385,""mean_token_logprob"":-1.2004529237747192,""token_logprobs"":[-2.38838791847229,-0.012518047355115414]},{""candidate"":""Tsik"",""token_ids"":[52793,1579],""token_count"":2,""sequence_logprob"":-3.638962984085083,""mean_token_logprob"":-1.8194814920425415,""token_logprobs"":[-3.63838791847229,-0.0005750194541178644]},{""candidate"":""Twitter"",""token_ids"":[24862],""token_count"":1,""sequence_logprob"":-0.17576949298381805,""mean_token_logprob"":-0.17576949298381805,""token_logprobs"":[-0.17576949298381805]}]",Twitter,false
590590,Phee,Phee,4,24,audio_icl_candidate,candidate,,"[{""candidate"":""Infant Cry"",""token_ids"":[19433,517,42705],""token_count"":3,""sequence_logprob"":-10.500873565673828,""mean_token_logprob"":-3.500291188557943,""token_logprobs"":[-9.613359451293945,-2.3841830625315197e-06,-0.8875119686126709]},{""candidate"":""Phee"",""token_ids"":[47,49053],""token_count"":2,""sequence_logprob"":-5.88565731048584,""mean_token_logprob"":-2.94282865524292,""token_logprobs"":[-5.885517120361328,-0.0001401803019689396]},{""candidate"":""Seep"",""token_ids"":[1514,747],""token_count"":2,""sequence_logprob"":-4.635521411895752,""mean_token_logprob"":-2.317760705947876,""token_logprobs"":[-4.635517120361328,-4.291525328881107e-06]},{""candidate"":""Trill"",""token_ids"":[1282,483],""token_count"":2,""sequence_logprob"":-3.2762510776519775,""mean_token_logprob"":-1.6381255388259888,""token_logprobs"":[-3.2605173587799072,-0.01573362946510315]},{""candidate"":""Tsik"",""token_ids"":[52793,1579],""token_count"":2,""sequence_logprob"":-4.386096477508545,""mean_token_logprob"":-2.1930482387542725,""token_logprobs"":[-4.385517120361328,-0.0005791893927380443]},{""candidate"":""Twitter"",""token_ids"":[24862],""token_count"":1,""sequence_logprob"":-0.07384774833917618,""mean_token_logprob"":-0.07384774833917618,""token_logprobs"":[-0.07384774833917618]}]",Twitter,false
592253,Trill,Trill,4,24,audio_icl_candidate,candidate,,"[{""candidate"":""Infant Cry"",""token_ids"":[19433,517,42705],""token_count"":3,""sequence_logprob"":-11.72620677947998,""mean_token_logprob"":-3.9087355931599936,""token_logprobs"":[-10.293323516845703,-1.0728830375228426e-06,-1.4328818321228027]},{""candidate"":""Phee"",""token_ids"":[47,49053],""token_count"":2,""sequence_logprob"":-6.978002548217773,""mean_token_logprob"":-3.4890012741088867,""token_logprobs"":[-6.977789878845215,-0.00021288513380568475]},{""candidate"":""Seep"",""token_ids"":[1514,747],""token_count"":2,""sequence_logprob"":-4.977799892425537,""mean_token_logprob"":-2.4888999462127686,""token_logprobs"":[-4.977789878845215,-1.0132738680113107e-05]},{""candidate"":""Trill"",""token_ids"":[1282,483],""token_count"":2,""sequence_logprob"":-3.869257926940918,""mean_token_logprob"":-1.934628963470459,""token_logprobs"":[-3.852790117263794,-0.016467725858092308]},{""candidate"":""Tsik"",""token_ids"":[52793,1579],""token_count"":2,""sequence_logprob"":-5.166575908660889,""mean_token_logprob"":-2.5832879543304443,""token_logprobs"":[-5.165289878845215,-0.0012861560098826885]},{""candidate"":""Twitter"",""token_ids"":[24862],""token_count"":1,""sequence_logprob"":-0.04810289666056633,""mean_token_logprob"":-0.04810289666056633,""token_logprobs"":[-0.04810289666056633]}]",Twitter,false
592286,Twitter,Twitter,4,24,audio_icl_candidate,candidate,,"[{""candidate"":""Infant Cry"",""token_ids"":[19433,517,42705],""token_count"":3,""sequence_logprob"":-11.418381690979004,""mean_token_logprob"":-3.8061272303263345,""token_logprobs"":[-10.085694313049316,-8.344646857949556e-07,-1.332686424255371]},{""candidate"":""Phee"",""token_ids"":[47,49053],""token_count"":2,""sequence_logprob"":-6.6474289894104,""mean_token_logprob"":-3.3237144947052,""token_logprobs"":[-6.647322654724121,-0.00010656742961145937]},{""candidate"":""Seep"",""token_ids"":[1514,747],""token_count"":2,""sequence_logprob"":-4.397329807281494,""mean_token_logprob"":-2.198664903640747,""token_logprobs"":[-4.397322654724121,-7.152531907195225e-06]},{""candidate"":""Trill"",""token_ids"":[1282,483],""token_count"":2,""sequence_logprob"":-3.1013903617858887,""mean_token_logprob"":-1.5506951808929443,""token_logprobs"":[-3.084822416305542,-0.016567979007959366]},{""candidate"":""Tsik"",""token_ids"":[52793,1579],""token_count"":2,""sequence_logprob"":-4.210790157318115,""mean_token_logprob"":-2.1053950786590576,""token_logprobs"":[-4.209822654724121,-0.0009673921740613878]},{""candidate"":""Twitter"",""token_ids"":[24862],""token_count"":1,""sequence_logprob"":-0.08386589586734772,""mean_token_logprob"":-0.08386589586734772,""token_logprobs"":[-0.08386589586734772]}]",Twitter,true
595018,Trill,Trill,4,24,audio_icl_candidate,candidate,,"[{""candidate"":""Infant Cry"",""token_ids"":[19433,517,42705],""token_count"":3,""sequence_logprob"":-10.288044929504395,""mean_token_logprob"":-3.4293483098347983,""token_logprobs"":[-9.076326370239258,-9.536738616588991e-07,-1.2117178440093994]},{""candidate"":""Phee"",""token_ids"":[47,49053],""token_count"":2,""sequence_logprob"":-6.263532638549805,""mean_token_logprob"":-3.1317663192749023,""token_logprobs"":[-6.263400554656982,-0.00013195598148740828]},{""candidate"":""Seep"",""token_ids"":[1514,747],""token_count"":2,""sequence_logprob"":-4.325906753540039,""mean_token_logprob"":-2.1629533767700195,""token_logprobs"":[-4.325900554656982,-6.437280717364047e-06]},{""candidate"":""Trill"",""token_ids"":[1282,483],""token_count"":2,""sequence_logprob"":-3.2171874046325684,""mean_token_logprob"":-1.6085937023162842,""token_logprobs"":[-3.2009005546569824,-0.01628689095377922]},{""candidate"":""Tsik"",""token_ids"":[52793,1579],""token_count"":2,""sequence_logprob"":-4.5768818855285645,""mean_token_logprob"":-2.2884409427642822,""token_logprobs"":[-4.575900554656982,-0.0009815642843022943]},{""candidate"":""Twitter"",""token_ids"":[24862],""token_count"":1,""sequence_logprob"":-0.07437774538993835,""mean_token_logprob"":-0.07437774538993835,""token_logprobs"":[-0.07437774538993835]}]",Twitter,false
598116,Twitter,Twitter,4,24,audio_icl_candidate,candidate,,"[{""candidate"":""Infant Cry"",""token_ids"":[19433,517,42705],""token_count"":3,""sequence_logprob"":-10.092887878417969,""mean_token_logprob"":-3.3642959594726562,""token_logprobs"":[-8.949006080627441,-1.0728830375228426e-06,-1.14388108253479]},{""candidate"":""Phee"",""token_ids"":[47,49053],""token_count"":2,""sequence_logprob"":-5.744764804840088,""mean_token_logprob"":-2.872382402420044,""token_logprobs"":[-5.744674205780029,-9.047575440490618e-05]},{""candidate"":""Seep"",""token_ids"":[1514,747],""token_count"":2,""sequence_logprob"":-4.0571770668029785,""mean_token_logprob"":-2.0285885334014893,""token_logprobs"":[-4.057174205780029,-3.099436753473128e-06]},{""candidate"":""Trill"",""token_ids"":[1282,483],""token_count"":2,""sequence_logprob"":-2.8262388706207275,""mean_token_logprob"":-1.4131194353103638,""token_logprobs"":[-2.80717396736145,-0.019064992666244507]},{""candidate"":""Tsik"",""token_ids"":[52793,1579],""token_count"":2,""sequence_logprob"":-3.8075640201568604,""mean_token_logprob"":-1.9037820100784302,""token_logprobs"":[-3.80717396736145,-0.00039009589818306267]},{""candidate"":""Twitter"",""token_ids"":[24862],""token_count"":1,""sequence_logprob"":-0.11863017827272415,""mean_token_logprob"":-0.11863017827272415,""token_logprobs"":[-0.11863017827272415]}]",Twitter,true
598781,Twitter,Twitter,4,24,audio_icl_candidate,candidate,,"[{""candidate"":""Infant Cry"",""token_ids"":[19433,517,42705],""token_count"":3,""sequence_logprob"":-11.583663940429688,""mean_token_logprob"":-3.8612213134765625,""token_logprobs"":[-10.83749771118164,-8.344646857949556e-07,-0.7461655139923096]},{""candidate"":""Phee"",""token_ids"":[47,49053],""token_count"":2,""sequence_logprob"":-6.74242639541626,""mean_token_logprob"":-3.37121319770813,""token_logprobs"":[-6.742245197296143,-0.00018130090029444546]},{""candidate"":""Seep"",""token_ids"":[1514,747],""token_count"":2,""sequence_logprob"":-4.867250919342041,""mean_token_logprob"":-2.4336254596710205,""token_logprobs"":[-4.867245197296143,-5.960446742392378e-06]},{""candidate"":""Trill"",""token_ids"":[1282,483],""token_count"":2,""sequence_logprob"":-3.570610523223877,""mean_token_logprob"":-1.7853052616119385,""token_logprobs"":[-3.5547451972961426,-0.015865284949541092]},{""candidate"":""Tsik"",""token_ids"":[52793,1579],""token_count"":2,""sequence_logprob"":-4.617911338806152,""mean_token_logprob"":-2.308955669403076,""token_logprobs"":[-4.617245197296143,-0.000666277133859694]},{""candidate"":""Twitter"",""token_ids"":[24862],""token_count"":1,""sequence_logprob"":-0.05611491948366165,""mean_token_logprob"":-0.05611491948366165,""token_logprobs"":[-0.05611491948366165]}]",Twitter,true
609454,Infant Cry,Infant Cry,4,24,audio_icl_candidate,candidate,,"[{""candidate"":""Infant Cry"",""token_ids"":[19433,517,42705],""token_count"":3,""sequence_logprob"":-10.787837028503418,""mean_token_logprob"":-3.595945676167806,""token_logprobs"":[-9.895000457763672,-9.536738616588991e-07,-0.8928360939025879]},{""candidate"":""Phee"",""token_ids"":[47,49053],""token_count"":2,""sequence_logprob"":-5.993615627288818,""mean_token_logprob"":-2.996807813644409,""token_logprobs"":[-5.993382453918457,-0.00023338454775512218]},{""candidate"":""Seep"",""token_ids"":[1514,747],""token_count"":2,""sequence_logprob"":-4.55588960647583,""mean_token_logprob"":-2.277944803237915,""token_logprobs"":[-4.555882453918457,-7.390948667307384e-06]},{""candidate"":""Trill"",""token_ids"":[1282,483],""token_count"":2,""sequence_logprob"":-3.638594388961792,""mean_token_logprob"":-1.819297194480896,""token_logprobs"":[-3.618382692337036,-0.02021169289946556]},{""candidate"":""Tsik"",""token_ids"":[52793,1579],""token_count"":2,""sequence_logprob"":-4.808049201965332,""mean_token_logprob"":-2.404024600982666,""token_logprobs"":[-4.805882453918457,-0.002166901947930455]},{""candidate"":""Twitter"",""token_ids"":[24862],""token_count"":1,""sequence_logprob"":-0.04561684653162956,""mean_token_logprob"":-0.04561684653162956,""token_logprobs"":[-0.04561684653162956]}]",Twitter,false
610080,Tsik,Tsik,4,24,audio_icl_candidate,candidate,,"[{""candidate"":""Infant Cry"",""token_ids"":[19433,517,42705],""token_count"":3,""sequence_logprob"":-11.580583572387695,""mean_token_logprob"":-3.860194524129232,""token_logprobs"":[-10.63349437713623,-1.1920922133867862e-06,-0.9470880031585693]},{""candidate"":""Phee"",""token_ids"":[47,49053],""token_count"":2,""sequence_logprob"":-6.047567367553711,""mean_token_logprob"":-3.0237836837768555,""token_logprobs"":[-6.04742956161499,-0.0001380348257953301]},{""candidate"":""Seep"",""token_ids"":[1514,747],""token_count"":2,""sequence_logprob"":-4.672442436218262,""mean_token_logprob"":-2.336221218109131,""token_logprobs"":[-4.67242956161499,-1.2874520507466514e-05]},{""candidate"":""Trill"",""token_ids"":[1282,483],""token_count"":2,""sequence_logprob"":-3.826179027557373,""mean_token_logprob"":-1.9130895137786865,""token_logprobs"":[-3.7974298000335693,-0.028749212622642517]},{""candidate"":""Tsik"",""token_ids"":[52793,1579],""token_count"":2,""sequence_logprob"":-4.986801624298096,""mean_token_logprob"":-2.493400812149048,""token_logprobs"":[-4.98492956161499,-0.001871859421953559]},{""candidate"":""Twitter"",""token_ids"":[24862],""token_count"":1,""sequence_logprob"":-0.043949421495199203,""mean_token_logprob"":-0.043949421495199203,""token_logprobs"":[-0.043949421495199203]}]",Twitter,false
614582,Tsik,Tsik,4,24,audio_icl_candidate,candidate,,"[{""candidate"":""Infant Cry"",""token_ids"":[19433,517,42705],""token_count"":3,""sequence_logprob"":-10.698808670043945,""mean_token_logprob"":-3.566269556681315,""token_logprobs"":[-9.346518516540527,-7.152555099310121e-07,-1.3522894382476807]},{""candidate"":""Phee"",""token_ids"":[47,49053],""token_count"":2,""sequence_logprob"":-5.508688449859619,""mean_token_logprob"":-2.7543442249298096,""token_logprobs"":[-5.50859260559082,-9.583967766957358e-05]},{""candidate"":""Seep"",""token_ids"":[1514,747],""token_count"":2,""sequence_logprob"":-4.383606433868408,""mean_token_logprob"":-2.191803216934204,""token_logprobs"":[-4.38359260559082,-1.3708974620385561e-05]},{""candidate"":""Trill"",""token_ids"":[1282,483],""token_count"":2,""sequence_logprob"":-3.4176461696624756,""mean_token_logprob"":-1.7088230848312378,""token_logprobs"":[-3.3835926055908203,-0.03405361250042915]},{""candidate"":""Tsik"",""token_ids"":[52793,1579],""token_count"":2,""sequence_logprob"":-4.510163307189941,""mean_token_logprob"":-2.2550816535949707,""token_logprobs"":[-4.50859260559082,-0.0015705404803156853]},{""candidate"":""Twitter"",""token_ids"":[24862],""token_count"":1,""sequence_logprob"":-0.06293276697397232,""mean_token_logprob"":-0.06293276697397232,""token_logprobs"":[-0.06293276697397232]}]",Twitter,false
614794,Tsik,Tsik,4,24,audio_icl_candidate,candidate,,"[{""candidate"":""Infant Cry"",""token_ids"":[19433,517,42705],""token_count"":3,""sequence_logprob"":-10.835956573486328,""mean_token_logprob"":-3.611985524495443,""token_logprobs"":[-9.226999282836914,-9.536738616588991e-07,-1.608955979347229]},{""candidate"":""Phee"",""token_ids"":[47,49053],""token_count"":2,""sequence_logprob"":-5.811539649963379,""mean_token_logprob"":-2.9057698249816895,""token_logprobs"":[-5.811436176300049,-0.00010334911348763853]},{""candidate"":""Seep"",""token_ids"":[1514,747],""token_count"":2,""sequence_logprob"":-4.373942852020264,""mean_token_logprob"":-2.186971426010132,""token_logprobs"":[-4.373936176300049,-6.794906312279636e-06]},{""candidate"":""Trill"",""token_ids"":[1282,483],""token_count"":2,""sequence_logprob"":-3.6005828380584717,""mean_token_logprob"":-1.8002914190292358,""token_logprobs"":[-3.561436414718628,-0.03914651274681091]},{""candidate"":""Tsik"",""token_ids"":[52793,1579],""token_count"":2,""sequence_logprob"":-4.6881103515625,""mean_token_logprob"":-2.34405517578125,""token_logprobs"":[-4.686436176300049,-0.001674322527833283]},{""candidate"":""Twitter"",""token_ids"":[24862],""token_count"":1,""sequence_logprob"":-0.06075218319892883,""mean_token_logprob"":-0.06075218319892883,""token_logprobs"":[-0.06075218319892883]}]",Twitter,false
622260,Twitter,Twitter,4,24,audio_icl_candidate,candidate,,"[{""candidate"":""Infant Cry"",""token_ids"":[19433,517,42705],""token_count"":3,""sequence_logprob"":-10.887727737426758,""mean_token_logprob"":-3.6292425791422525,""token_logprobs"":[-9.572080612182617,-1.311301275563892e-06,-1.3156464099884033]},{""candidate"":""Phee"",""token_ids"":[47,49053],""token_count"":2,""sequence_logprob"":-6.510522842407227,""mean_token_logprob"":-3.2552614212036133,""token_logprobs"":[-6.510309219360352,-0.00021360022947192192]},{""candidate"":""Seep"",""token_ids"":[1514,747],""token_count"":2,""sequence_logprob"":-4.697813034057617,""mean_token_logprob"":-2.3489065170288086,""token_logprobs"":[-4.697809219360352,-3.933898824470816e-06]},{""candidate"":""Trill"",""token_ids"":[1282,483],""token_count"":2,""sequence_logprob"":-3.276150703430176,""mean_token_logprob"":-1.638075351715088,""token_logprobs"":[-3.2603092193603516,-0.015841582790017128]},{""candidate"":""Tsik"",""token_ids"":[52793,1579],""token_count"":2,""sequence_logprob"":-4.261814594268799,""mean_token_logprob"":-2.1309072971343994,""token_logprobs"":[-4.260309219360352,-0.001505433232523501]},{""candidate"":""Twitter"",""token_ids"":[24862],""token_count"":1,""sequence_logprob"":-0.07313842326402664,""mean_token_logprob"":-0.07313842326402664,""token_logprobs"":[-0.07313842326402664]}]",Twitter,true
622312,Tsik,Tsik,4,24,audio_icl_candidate,candidate,,"[{""candidate"":""Infant Cry"",""token_ids"":[19433,517,42705],""token_count"":3,""sequence_logprob"":-12.008501052856445,""mean_token_logprob"":-4.0028336842854815,""token_logprobs"":[-9.691035270690918,-1.0728830375228426e-06,-2.317464590072632]},{""candidate"":""Phee"",""token_ids"":[47,49053],""token_count"":2,""sequence_logprob"":-6.3025641441345215,""mean_token_logprob"":-3.1512820720672607,""token_logprobs"":[-6.302371025085449,-0.0001931004080688581]},{""candidate"":""Seep"",""token_ids"":[1514,747],""token_count"":2,""sequence_logprob"":-4.802379608154297,""mean_token_logprob"":-2.4011898040771484,""token_logprobs"":[-4.802371025085449,-8.583032467868179e-06]},{""candidate"":""Trill"",""token_ids"":[1282,483],""token_count"":2,""sequence_logprob"":-3.6317238807678223,""mean_token_logprob"":-1.8158619403839111,""token_logprobs"":[-3.6148712635040283,-0.016852622851729393]},{""candidate"":""Tsik"",""token_ids"":[52793,1579],""token_count"":2,""sequence_logprob"":-4.803163528442383,""mean_token_logprob"":-2.4015817642211914,""token_logprobs"":[-4.802371025085449,-0.0007924277451820672]},{""candidate"":""Twitter"",""token_ids"":[24862],""token_count"":1,""sequence_logprob"":-0.055783968418836594,""mean_token_logprob"":-0.055783968418836594,""token_logprobs"":[-0.055783968418836594]}]",Twitter,false
622320,Trill,Trill,4,24,audio_icl_candidate,candidate,,"[{""candidate"":""Infant Cry"",""token_ids"":[19433,517,42705],""token_count"":3,""sequence_logprob"":-11.914114952087402,""mean_token_logprob"":-3.971371650695801,""token_logprobs"":[-10.309374809265137,-1.311301275563892e-06,-1.6047395467758179]},{""candidate"":""Phee"",""token_ids"":[47,49053],""token_count"":2,""sequence_logprob"":-6.437524318695068,""mean_token_logprob"":-3.218762159347534,""token_logprobs"":[-6.4373650550842285,-0.0001591317413840443]},{""candidate"":""Seep"",""token_ids"":[1514,747],""token_count"":2,""sequence_logprob"":-4.624870777130127,""mean_token_logprob"":-2.3124353885650635,""token_logprobs"":[-4.6248650550842285,-5.722029527532868e-06]},{""candidate"":""Trill"",""token_ids"":[1282,483],""token_count"":2,""sequence_logprob"":-3.3921453952789307,""mean_token_logprob"":-1.6960726976394653,""token_logprobs"":[-3.3748652935028076,-0.01728014089167118]},{""candidate"":""Tsik"",""token_ids"":[52793,1579],""token_count"":2,""sequence_logprob"":-4.756189823150635,""mean_token_logprob"":-2.3780949115753174,""token_logprobs"":[-4.7498650550842285,-0.006324988789856434]},{""candidate"":""Twitter"",""token_ids"":[24862],""token_count"":1,""sequence_logprob"":-0.06541504710912704,""mean_token_logprob"":-0.06541504710912704,""token_logprobs"":[-0.06541504710912704]}]",Twitter,false
622417,Seep,Seep,4,24,audio_icl_candidate,candidate,,"[{""candidate"":""Infant Cry"",""token_ids"":[19433,517,42705],""token_count"":3,""sequence_logprob"":-9.785374641418457,""mean_token_logprob"":-3.261791547139486,""token_logprobs"":[-7.711219787597656,-5.960462772236497e-07,-2.0741541385650635]},{""candidate"":""Phee"",""token_ids"":[47,49053],""token_count"":2,""sequence_logprob"":-5.135373115539551,""mean_token_logprob"":-2.5676865577697754,""token_logprobs"":[-5.135231018066406,-0.00014232576359063387]},{""candidate"":""Seep"",""token_ids"":[1514,747],""token_count"":2,""sequence_logprob"":-3.947737216949463,""mean_token_logprob"":-1.9738686084747314,""token_logprobs"":[-3.947730779647827,-6.437280717364047e-06]},{""candidate"":""Trill"",""token_ids"":[1282,483],""token_count"":2,""sequence_logprob"":-2.651914358139038,""mean_token_logprob"":-1.325957179069519,""token_logprobs"":[-2.635230779647827,-0.016683582216501236]},{""candidate"":""Tsik"",""token_ids"":[52793,1579],""token_count"":2,""sequence_logprob"":-4.011934757232666,""mean_token_logprob"":-2.005967378616333,""token_logprobs"":[-4.010231018066406,-0.001703955582343042]},{""candidate"":""Twitter"",""token_ids"":[24862],""token_count"":1,""sequence_logprob"":-0.122958242893219,""mean_token_logprob"":-0.122958242893219,""token_logprobs"":[-0.122958242893219]}]",Twitter,false
622758,Twitter,Twitter,4,24,audio_icl_candidate,candidate,,"[{""candidate"":""Infant Cry"",""token_ids"":[19433,517,42705],""token_count"":3,""sequence_logprob"":-9.322269439697266,""mean_token_logprob"":-3.1074231465657554,""token_logprobs"":[-8.390523910522461,-9.536738616588991e-07,-0.9317449331283569]},{""candidate"":""Phee"",""token_ids"":[47,49053],""token_count"":2,""sequence_logprob"":-5.58023738861084,""mean_token_logprob"":-2.79011869430542,""token_logprobs"":[-5.577975273132324,-0.002262296387925744]},{""candidate"":""Seep"",""token_ids"":[1514,747],""token_count"":2,""sequence_logprob"":-3.7654809951782227,""mean_token_logprob"":-1.8827404975891113,""token_logprobs"":[-3.765475273132324,-5.8412379075889476e-06]},{""candidate"":""Trill"",""token_ids"":[1282,483],""token_count"":2,""sequence_logprob"":-2.653512716293335,""mean_token_logprob"":-1.3267563581466675,""token_logprobs"":[-2.640475273132324,-0.013037439435720444]},{""candidate"":""Tsik"",""token_ids"":[52793,1579],""token_count"":2,""sequence_logprob"":-3.8284547328948975,""mean_token_logprob"":-1.9142273664474487,""token_logprobs"":[-3.827975273132324,-0.000479344860650599]},{""candidate"":""Twitter"",""token_ids"":[24862],""token_count"":1,""sequence_logprob"":-0.15125714242458344,""mean_token_logprob"":-0.15125714242458344,""token_logprobs"":[-0.15125714242458344]}]",Twitter,true
623382,Seep,Seep,4,24,audio_icl_candidate,candidate,,"[{""candidate"":""Infant Cry"",""token_ids"":[19433,517,42705],""token_count"":3,""sequence_logprob"":-10.821194648742676,""mean_token_logprob"":-3.607064882914225,""token_logprobs"":[-9.112936019897461,-1.1920922133867862e-06,-1.7082579135894775]},{""candidate"":""Phee"",""token_ids"":[47,49053],""token_count"":2,""sequence_logprob"":-5.754225730895996,""mean_token_logprob"":-2.877112865447998,""token_logprobs"":[-5.754055023193359,-0.00017069313616957515]},{""candidate"":""Seep"",""token_ids"":[1514,747],""token_count"":2,""sequence_logprob"":-4.5665602684021,""mean_token_logprob"":-2.28328013420105,""token_logprobs"":[-4.566555023193359,-5.125986263010418e-06]},{""candidate"":""Trill"",""token_ids"":[1282,483],""token_count"":2,""sequence_logprob"":-3.4617271423339844,""mean_token_logprob"":-1.7308635711669922,""token_logprobs"":[-3.4415552616119385,-0.02017185464501381]},{""candidate"":""Tsik"",""token_ids"":[52793,1579],""token_count"":2,""sequence_logprob"":-4.442616939544678,""mean_token_logprob"":-2.221308469772339,""token_logprobs"":[-4.441555023193359,-0.0010618292726576328]},{""candidate"":""Twitter"",""token_ids"":[24862],""token_count"":1,""sequence_logprob"":-0.06679433584213257,""mean_token_logprob"":-0.06679433584213257,""token_logprobs"":[-0.06679433584213257]}]",Twitter,false
623573,Twitter,Twitter,4,24,audio_icl_candidate,candidate,,"[{""candidate"":""Infant Cry"",""token_ids"":[19433,517,42705],""token_count"":3,""sequence_logprob"":-10.403024673461914,""mean_token_logprob"":-3.467674891153971,""token_logprobs"":[-9.800663948059082,-1.6689286894688848e-06,-0.6023592352867126]},{""candidate"":""Phee"",""token_ids"":[47,49053],""token_count"":2,""sequence_logprob"":-6.203299045562744,""mean_token_logprob"":-3.101649522781372,""token_logprobs"":[-6.203111171722412,-0.0001879753835964948]},{""candidate"":""Seep"",""token_ids"":[1514,747],""token_count"":2,""sequence_logprob"":-4.453114986419678,""mean_token_logprob"":-2.226557493209839,""token_logprobs"":[-4.453111171722412,-3.6954811548639555e-06]},{""candidate"":""Trill"",""token_ids"":[1282,483],""token_count"":2,""sequence_logprob"":-3.2193446159362793,""mean_token_logprob"":-1.6096723079681396,""token_logprobs"":[-3.203111171722412,-0.016233526170253754]},{""candidate"":""Tsik"",""token_ids"":[52793,1579],""token_count"":2,""sequence_logprob"":-4.328769207000732,""mean_token_logprob"":-2.164384603500366,""token_logprobs"":[-4.328111171722412,-0.000658057106193155]},{""candidate"":""Twitter"",""token_ids"":[24862],""token_count"":1,""sequence_logprob"":-0.09290220588445663,""mean_token_logprob"":-0.09290220588445663,""token_logprobs"":[-0.09290220588445663]}]",Twitter,true
623621,Seep,Seep,4,24,audio_icl_candidate,candidate,,"[{""candidate"":""Infant Cry"",""token_ids"":[19433,517,42705],""token_count"":3,""sequence_logprob"":-11.153297424316406,""mean_token_logprob"":-3.7177658081054688,""token_logprobs"":[-9.157793045043945,-9.536738616588991e-07,-1.9955036640167236]},{""candidate"":""Phee"",""token_ids"":[47,49053],""token_count"":2,""sequence_logprob"":-5.716267108917236,""mean_token_logprob"":-2.858133554458618,""token_logprobs"":[-5.716054916381836,-0.00021205084340181202]},{""candidate"":""Seep"",""token_ids"":[1514,747],""token_count"":2,""sequence_logprob"":-4.216061115264893,""mean_token_logprob"":-2.1080305576324463,""token_logprobs"":[-4.216054916381836,-6.437280717364047e-06]},{""candidate"":""Trill"",""token_ids"":[1282,483],""token_count"":2,""sequence_logprob"":-3.1103224754333496,""mean_token_logprob"":-1.5551612377166748,""token_logprobs"":[-3.091054916381836,-0.01926754228770733]},{""candidate"":""Tsik"",""token_ids"":[52793,1579],""token_count"":2,""sequence_logprob"":-4.21757173538208,""mean_token_logprob"":-2.10878586769104,""token_logprobs"":[-4.216054916381836,-0.0015168600948527455]},{""candidate"":""Twitter"",""token_ids"":[24862],""token_count"":1,""sequence_logprob"":-0.08219818025827408,""mean_token_logprob"":-0.08219818025827408,""token_logprobs"":[-0.08219818025827408]}]",Twitter,false
623676,Infant Cry,Infant Cry,4,24,audio_icl_candidate,candidate,,"[{""candidate"":""Infant Cry"",""token_ids"":[19433,517,42705],""token_count"":3,""sequence_logprob"":-9.543486595153809,""mean_token_logprob"":-3.181162198384603,""token_logprobs"":[-8.288888931274414,-9.536738616588991e-07,-1.2545969486236572]},{""candidate"":""Phee"",""token_ids"":[47,49053],""token_count"":2,""sequence_logprob"":-5.0401763916015625,""mean_token_logprob"":-2.5200881958007812,""token_logprobs"":[-5.040012359619141,-0.00016425691137555987]},{""candidate"":""Seep"",""token_ids"":[1514,747],""token_count"":2,""sequence_logprob"":-4.0400261878967285,""mean_token_logprob"":-2.0200130939483643,""token_logprobs"":[-4.040012359619141,-1.3828182090946939e-05]},{""candidate"":""Trill"",""token_ids"":[1282,483],""token_count"":2,""sequence_logprob"":-3.060591459274292,""mean_token_logprob"":-1.530295729637146,""token_logprobs"":[-3.0400121212005615,-0.020579388365149498]},{""candidate"":""Tsik"",""token_ids"":[52793,1579],""token_count"":2,""sequence_logprob"":-4.168025493621826,""mean_token_logprob"":-2.084012746810913,""token_logprobs"":[-4.165012359619141,-0.0030130010563880205]},{""candidate"":""Twitter"",""token_ids"":[24862],""token_count"":1,""sequence_logprob"":-0.10506483167409897,""mean_token_logprob"":-0.10506483167409897,""token_logprobs"":[-0.10506483167409897]}]",Twitter,false
623691,Infant Cry,Infant Cry,4,24,audio_icl_candidate,candidate,,"[{""candidate"":""Infant Cry"",""token_ids"":[19433,517,42705],""token_count"":3,""sequence_logprob"":-10.21468448638916,""mean_token_logprob"":-3.4048948287963867,""token_logprobs"":[-8.890007972717285,-9.536738616588991e-07,-1.32467520236969]},{""candidate"":""Phee"",""token_ids"":[47,49053],""token_count"":2,""sequence_logprob"":-5.582858562469482,""mean_token_logprob"":-2.791429281234741,""token_logprobs"":[-5.5826849937438965,-0.00017379203927703202]},{""candidate"":""Seep"",""token_ids"":[1514,747],""token_count"":2,""sequence_logprob"":-4.5201945304870605,""mean_token_logprob"":-2.2600972652435303,""token_logprobs"":[-4.5201849937438965,-9.65590606938349e-06]},{""candidate"":""Trill"",""token_ids"":[1282,483],""token_count"":2,""sequence_logprob"":-3.1617279052734375,""mean_token_logprob"":-1.5808639526367188,""token_logprobs"":[-3.1451849937438965,-0.016542887315154076]},{""candidate"":""Tsik"",""token_ids"":[52793,1579],""token_count"":2,""sequence_logprob"":-4.334521293640137,""mean_token_logprob"":-2.1672606468200684,""token_logprobs"":[-4.3326849937438965,-0.0018365198047831655]},{""candidate"":""Twitter"",""token_ids"":[24862],""token_count"":1,""sequence_logprob"":-0.08022747933864594,""mean_token_logprob"":-0.08022747933864594,""token_logprobs"":[-0.08022747933864594]}]",Twitter,false
623713,Seep,Seep,4,24,audio_icl_candidate,candidate,,"[{""candidate"":""Infant Cry"",""token_ids"":[19433,517,42705],""token_count"":3,""sequence_logprob"":-11.115641593933105,""mean_token_logprob"":-3.7052138646443686,""token_logprobs"":[-9.2090482711792,-9.536738616588991e-07,-1.906592607498169]},{""candidate"":""Phee"",""token_ids"":[47,49053],""token_count"":2,""sequence_logprob"":-5.829014778137207,""mean_token_logprob"":-2.9145073890686035,""token_logprobs"":[-5.828884124755859,-0.0001308832288486883]},{""candidate"":""Seep"",""token_ids"":[1514,747],""token_count"":2,""sequence_logprob"":-4.328900337219238,""mean_token_logprob"":-2.164450168609619,""token_logprobs"":[-4.328884124755859,-1.6212332411669195e-05]},{""candidate"":""Trill"",""token_ids"":[1282,483],""token_count"":2,""sequence_logprob"":-3.1600937843322754,""mean_token_logprob"":-1.5800468921661377,""token_logprobs"":[-3.1413838863372803,-0.01870996132493019]},{""candidate"":""Tsik"",""token_ids"":[52793,1579],""token_count"":2,""sequence_logprob"":-4.6431756019592285,""mean_token_logprob"":-2.3215878009796143,""token_logprobs"":[-4.641384124755859,-0.0017916593933477998]},{""candidate"":""Twitter"",""token_ids"":[24862],""token_count"":1,""sequence_logprob"":-0.06992678344249725,""mean_token_logprob"":-0.06992678344249725,""token_logprobs"":[-0.06992678344249725]}]",Twitter,false
623831,Tsik,Tsik,4,24,audio_icl_candidate,candidate,,"[{""candidate"":""Infant Cry"",""token_ids"":[19433,517,42705],""token_count"":3,""sequence_logprob"":-11.45007610321045,""mean_token_logprob"":-3.816692034403483,""token_logprobs"":[-10.329354286193848,-1.4305104514278355e-06,-1.1207209825515747]},{""candidate"":""Phee"",""token_ids"":[47,49053],""token_count"":2,""sequence_logprob"":-6.048712730407715,""mean_token_logprob"":-3.0243563652038574,""token_logprobs"":[-6.048578262329102,-0.00013457823661156]},{""candidate"":""Seep"",""token_ids"":[1514,747],""token_count"":2,""sequence_logprob"":-4.736086845397949,""mean_token_logprob"":-2.3680434226989746,""token_logprobs"":[-4.736078262329102,-8.821448318485636e-06]},{""candidate"":""Trill"",""token_ids"":[1282,483],""token_count"":2,""sequence_logprob"":-3.766714096069336,""mean_token_logprob"":-1.883357048034668,""token_logprobs"":[-3.7360782623291016,-0.030635938048362732]},{""candidate"":""Tsik"",""token_ids"":[52793,1579],""token_count"":2,""sequence_logprob"":-4.925676345825195,""mean_token_logprob"":-2.4628381729125977,""token_logprobs"":[-4.923578262329102,-0.0020981458947062492]},{""candidate"":""Twitter"",""token_ids"":[24862],""token_count"":1,""sequence_logprob"":-0.04689505323767662,""mean_token_logprob"":-0.04689505323767662,""token_logprobs"":[-0.04689505323767662]}]",Twitter,false
624179,Twitter,Twitter,4,24,audio_icl_candidate,candidate,,"[{""candidate"":""Infant Cry"",""token_ids"":[19433,517,42705],""token_count"":3,""sequence_logprob"":-8.945645332336426,""mean_token_logprob"":-2.981881777445475,""token_logprobs"":[-8.262941360473633,-7.152555099310121e-07,-0.6827028393745422]},{""candidate"":""Phee"",""token_ids"":[47,49053],""token_count"":2,""sequence_logprob"":-5.577850818634033,""mean_token_logprob"":-2.7889254093170166,""token_logprobs"":[-5.575305461883545,-0.0025452144909650087]},{""candidate"":""Seep"",""token_ids"":[1514,747],""token_count"":2,""sequence_logprob"":-3.450313091278076,""mean_token_logprob"":-1.725156545639038,""token_logprobs"":[-3.450305461883545,-7.748573807475623e-06]},{""candidate"":""Trill"",""token_ids"":[1282,483],""token_count"":2,""sequence_logprob"":-2.2709596157073975,""mean_token_logprob"":-1.1354798078536987,""token_logprobs"":[-2.262805461883545,-0.008154078386723995]},{""candidate"":""Tsik"",""token_ids"":[52793,1579],""token_count"":2,""sequence_logprob"":-3.5135746002197266,""mean_token_logprob"":-1.7567873001098633,""token_logprobs"":[-3.512805461883545,-0.0007692000363022089]},{""candidate"":""Twitter"",""token_ids"":[24862],""token_count"":1,""sequence_logprob"":-0.22075240314006805,""mean_token_logprob"":-0.22075240314006805,""token_logprobs"":[-0.22075240314006805]}]",Twitter,true
624712,Trill,Trill,4,24,audio_icl_candidate,candidate,,"[{""candidate"":""Infant Cry"",""token_ids"":[19433,517,42705],""token_count"":3,""sequence_logprob"":-9.909085273742676,""mean_token_logprob"":-3.303028424580892,""token_logprobs"":[-9.341497421264648,-1.4305104514278355e-06,-0.5675866603851318]},{""candidate"":""Phee"",""token_ids"":[47,49053],""token_count"":2,""sequence_logprob"":-5.707037925720215,""mean_token_logprob"":-2.8535189628601074,""token_logprobs"":[-5.706879138946533,-0.00015901254664640874]},{""candidate"":""Seep"",""token_ids"":[1514,747],""token_count"":2,""sequence_logprob"":-4.331888675689697,""mean_token_logprob"":-2.1659443378448486,""token_logprobs"":[-4.331879138946533,-9.775113539944869e-06]},{""candidate"":""Trill"",""token_ids"":[1282,483],""token_count"":2,""sequence_logprob"":-3.2214300632476807,""mean_token_logprob"":-1.6107150316238403,""token_logprobs"":[-3.206879138946533,-0.014550996944308281]},{""candidate"":""Tsik"",""token_ids"":[52793,1579],""token_count"":2,""sequence_logprob"":-4.269988536834717,""mean_token_logprob"":-2.1349942684173584,""token_logprobs"":[-4.269379138946533,-0.0006093314150348306]},{""candidate"":""Twitter"",""token_ids"":[24862],""token_count"":1,""sequence_logprob"":-0.10123282670974731,""mean_token_logprob"":-0.10123282670974731,""token_logprobs"":[-0.10123282670974731]}]",Twitter,false
625053,Twitter,Twitter,4,24,audio_icl_candidate,candidate,,"[{""candidate"":""Infant Cry"",""token_ids"":[19433,517,42705],""token_count"":3,""sequence_logprob"":-12.08219051361084,""mean_token_logprob"":-4.02739683787028,""token_logprobs"":[-10.956063270568848,-1.7881377516459906e-06,-1.1261253356933594]},{""candidate"":""Phee"",""token_ids"":[47,49053],""token_count"":2,""sequence_logprob"":-6.793841361999512,""mean_token_logprob"":-3.396920680999756,""token_logprobs"":[-6.793491840362549,-0.0003494605771265924]},{""candidate"":""Seep"",""token_ids"":[1514,747],""token_count"":2,""sequence_logprob"":-4.918501853942871,""mean_token_logprob"":-2.4592509269714355,""token_logprobs"":[-4.918491840362549,-1.0013530300057027e-05]},{""candidate"":""Trill"",""token_ids"":[1282,483],""token_count"":2,""sequence_logprob"":-3.8083677291870117,""mean_token_logprob"":-1.9041838645935059,""token_logprobs"":[-3.7934916019439697,-0.014876148663461208]},{""candidate"":""Tsik"",""token_ids"":[52793,1579],""token_count"":2,""sequence_logprob"":-4.981844425201416,""mean_token_logprob"":-2.490922212600708,""token_logprobs"":[-4.980991840362549,-0.0008525789016857743]},{""candidate"":""Twitter"",""token_ids"":[24862],""token_count"":1,""sequence_logprob"":-0.04201291874051094,""mean_token_logprob"":-0.04201291874051094,""token_logprobs"":[-0.04201291874051094]}]",Twitter,true
628729,Infant Cry,Infant Cry,4,24,audio_icl_candidate,candidate,,"[{""candidate"":""Infant Cry"",""token_ids"":[19433,517,42705],""token_count"":3,""sequence_logprob"":-10.171146392822266,""mean_token_logprob"":-3.3903821309407554,""token_logprobs"":[-9.061373710632324,-1.1920922133867862e-06,-1.1097720861434937]},{""candidate"":""Phee"",""token_ids"":[47,49053],""token_count"":2,""sequence_logprob"":-5.8085222244262695,""mean_token_logprob"":-2.9042611122131348,""token_logprobs"":[-5.8083815574646,-0.0001408954558428377]},{""candidate"":""Seep"",""token_ids"":[1514,747],""token_count"":2,""sequence_logprob"":-4.620912551879883,""mean_token_logprob"":-2.3104562759399414,""token_logprobs"":[-4.6208815574646,-3.099393507000059e-05]},{""candidate"":""Trill"",""token_ids"":[1282,483],""token_count"":2,""sequence_logprob"":-3.639573097229004,""mean_token_logprob"":-1.819786548614502,""token_logprobs"":[-3.6208817958831787,-0.018691357225179672]},{""candidate"":""Tsik"",""token_ids"":[52793,1579],""token_count"":2,""sequence_logprob"":-4.560425281524658,""mean_token_logprob"":-2.280212640762329,""token_logprobs"":[-4.5583815574646,-0.0020437799394130707]},{""candidate"":""Twitter"",""token_ids"":[24862],""token_count"":1,""sequence_logprob"":-0.06326818466186523,""mean_token_logprob"":-0.06326818466186523,""token_logprobs"":[-0.06326818466186523]}]",Twitter,false
631448,Trill,Trill,4,24,audio_icl_candidate,candidate,,"[{""candidate"":""Infant Cry"",""token_ids"":[19433,517,42705],""token_count"":3,""sequence_logprob"":-12.094427108764648,""mean_token_logprob"":-4.03147570292155,""token_logprobs"":[-10.539603233337402,-2.7418097943154862e-06,-1.5548210144042969]},{""candidate"":""Phee"",""token_ids"":[47,49053],""token_count"":2,""sequence_logprob"":-6.239791393280029,""mean_token_logprob"":-3.1198956966400146,""token_logprobs"":[-6.239668846130371,-0.00012242044613230973]},{""candidate"":""Seep"",""token_ids"":[1514,747],""token_count"":2,""sequence_logprob"":-4.489675045013428,""mean_token_logprob"":-2.244837522506714,""token_logprobs"":[-4.489668846130371,-6.079655122448457e-06]},{""candidate"":""Trill"",""token_ids"":[1282,483],""token_count"":2,""sequence_logprob"":-3.712571382522583,""mean_token_logprob"":-1.8562856912612915,""token_logprobs"":[-3.677168607711792,-0.03540271148085594]},{""candidate"":""Tsik"",""token_ids"":[52793,1579],""token_count"":2,""sequence_logprob"":-4.991015434265137,""mean_token_logprob"":-2.4955077171325684,""token_logprobs"":[-4.989668846130371,-0.0013466347008943558]},{""candidate"":""Twitter"",""token_ids"":[24862],""token_count"":1,""sequence_logprob"":-0.046473413705825806,""mean_token_logprob"":-0.046473413705825806,""token_logprobs"":[-0.046473413705825806]}]",Twitter,false
631485,Phee,Phee,4,24,audio_icl_candidate,candidate,,"[{""candidate"":""Infant Cry"",""token_ids"":[19433,517,42705],""token_count"":3,""sequence_logprob"":-9.370607376098633,""mean_token_logprob"":-3.1235357920328775,""token_logprobs"":[-8.750632286071777,-7.152555099310121e-07,-0.6199741959571838]},{""candidate"":""Phee"",""token_ids"":[47,49053],""token_count"":2,""sequence_logprob"":-5.172479152679443,""mean_token_logprob"":-2.5862395763397217,""token_logprobs"":[-5.17235803604126,-0.0001209901092806831]},{""candidate"":""Seep"",""token_ids"":[1514,747],""token_count"":2,""sequence_logprob"":-4.109861850738525,""mean_token_logprob"":-2.0549309253692627,""token_logprobs"":[-4.10985803604126,-4.0531076592742465e-06]},{""candidate"":""Trill"",""token_ids"":[1282,483],""token_count"":2,""sequence_logprob"":-2.9390671253204346,""mean_token_logprob"":-1.4695335626602173,""token_logprobs"":[-2.9223580360412598,-0.016709139570593834]},{""candidate"":""Tsik"",""token_ids"":[52793,1579],""token_count"":2,""sequence_logprob"":-3.985342025756836,""mean_token_logprob"":-1.992671012878418,""token_logprobs"":[-3.9848580360412598,-0.00048387263086624444]},{""candidate"":""Twitter"",""token_ids"":[24862],""token_count"":1,""sequence_logprob"":-0.10869017988443375,""mean_token_logprob"":-0.10869017988443375,""token_logprobs"":[-0.10869017988443375]}]",Twitter,false
631861,Infant Cry,Infant Cry,4,24,audio_icl_candidate,candidate,,"[{""candidate"":""Infant Cry"",""token_ids"":[19433,517,42705],""token_count"":3,""sequence_logprob"":-9.098060607910156,""mean_token_logprob"":-3.0326868693033853,""token_logprobs"":[-7.804427623748779,-9.536738616588991e-07,-1.2936320304870605]},{""candidate"":""Phee"",""token_ids"":[47,49053],""token_count"":2,""sequence_logprob"":-4.993165969848633,""mean_token_logprob"":-2.4965829849243164,""token_logprobs"":[-4.993033409118652,-0.00013255194062367082]},{""candidate"":""Seep"",""token_ids"":[1514,747],""token_count"":2,""sequence_logprob"":-4.055539131164551,""mean_token_logprob"":-2.0277695655822754,""token_logprobs"":[-4.055533409118652,-5.960446742392378e-06]},{""candidate"":""Trill"",""token_ids"":[1282,483],""token_count"":2,""sequence_logprob"":-2.8906445503234863,""mean_token_logprob"":-1.4453222751617432,""token_logprobs"":[-2.8680334091186523,-0.022611064836382866]},{""candidate"":""Tsik"",""token_ids"":[52793,1579],""token_count"":2,""sequence_logprob"":-3.9950380325317383,""mean_token_logprob"":-1.9975190162658691,""token_logprobs"":[-3.9930334091186523,-0.002004639245569706]},{""candidate"":""Twitter"",""token_ids"":[24862],""token_count"":1,""sequence_logprob"":-0.13231822848320007,""mean_token_logprob"":-0.13231822848320007,""token_logprobs"":[-0.13231822848320007]}]",Twitter,false
631947,Tsik,Tsik,4,24,audio_icl_candidate,candidate,,"[{""candidate"":""Infant Cry"",""token_ids"":[19433,517,42705],""token_count"":3,""sequence_logprob"":-11.147028923034668,""mean_token_logprob"":-3.7156763076782227,""token_logprobs"":[-9.744878768920898,-7.152555099310121e-07,-1.4021492004394531]},{""candidate"":""Phee"",""token_ids"":[47,49053],""token_count"":2,""sequence_logprob"":-5.946908473968506,""mean_token_logprob"":-2.973454236984253,""token_logprobs"":[-5.946568965911865,-0.00033968876232393086]},{""candidate"":""Seep"",""token_ids"":[1514,747],""token_count"":2,""sequence_logprob"":-4.571572780609131,""mean_token_logprob"":-2.2857863903045654,""token_logprobs"":[-4.571568965911865,-3.933898824470816e-06]},{""candidate"":""Trill"",""token_ids"":[1282,483],""token_count"":2,""sequence_logprob"":-3.2758893966674805,""mean_token_logprob"":-1.6379446983337402,""token_logprobs"":[-3.2590689659118652,-0.016820505261421204]},{""candidate"":""Tsik"",""token_ids"":[52793,1579],""token_count"":2,""sequence_logprob"":-4.50974178314209,""mean_token_logprob"":-2.254870891571045,""token_logprobs"":[-4.509068965911865,-0.0006727101281285286]},{""candidate"":""Twitter"",""token_ids"":[24862],""token_count"":1,""sequence_logprob"":-0.08914611488580704,""mean_token_logprob"":-0.08914611488580704,""token_logprobs"":[-0.08914611488580704]}]",Twitter,false
632037,Tsik,Tsik,4,24,audio_icl_candidate,candidate,,"[{""candidate"":""Infant Cry"",""token_ids"":[19433,517,42705],""token_count"":3,""sequence_logprob"":-10.403366088867188,""mean_token_logprob"":-3.4677886962890625,""token_logprobs"":[-9.292872428894043,-7.152555099310121e-07,-1.1104927062988281]},{""candidate"":""Phee"",""token_ids"":[47,49053],""token_count"":2,""sequence_logprob"":-5.3893961906433105,""mean_token_logprob"":-2.6946980953216553,""token_logprobs"":[-5.38930606842041,-8.999896090244874e-05]},{""candidate"":""Seep"",""token_ids"":[1514,747],""token_count"":2,""sequence_logprob"":-4.264318466186523,""mean_token_logprob"":-2.1321592330932617,""token_logprobs"":[-4.26430606842041,-1.2636104656849056e-05]},{""candidate"":""Trill"",""token_ids"":[1282,483],""token_count"":2,""sequence_logprob"":-3.360306739807129,""mean_token_logprob"":-1.6801533699035645,""token_logprobs"":[-3.3268063068389893,-0.03350041061639786]},{""candidate"":""Tsik"",""token_ids"":[52793,1579],""token_count"":2,""sequence_logprob"":-4.453248023986816,""mean_token_logprob"":-2.226624011993408,""token_logprobs"":[-4.45180606842041,-0.0014419882791116834]},{""candidate"":""Twitter"",""token_ids"":[24862],""token_count"":1,""sequence_logprob"":-0.07155836373567581,""mean_token_logprob"":-0.07155836373567581,""token_logprobs"":[-0.07155836373567581]}]",Twitter,false
632300,Phee,Phee,4,24,audio_icl_candidate,candidate,,"[{""candidate"":""Infant Cry"",""token_ids"":[19433,517,42705],""token_count"":3,""sequence_logprob"":-10.62268352508545,""mean_token_logprob"":-3.5408945083618164,""token_logprobs"":[-9.850316047668457,-7.152555099310121e-07,-0.7723664045333862]},{""candidate"":""Phee"",""token_ids"":[47,49053],""token_count"":2,""sequence_logprob"":-5.955912113189697,""mean_token_logprob"":-2.9779560565948486,""token_logprobs"":[-5.95570182800293,-0.0002101439022226259]},{""candidate"":""Seep"",""token_ids"":[1514,747],""token_count"":2,""sequence_logprob"":-4.580705642700195,""mean_token_logprob"":-2.2903528213500977,""token_logprobs"":[-4.58070182800293,-4.0531076592742465e-06]},{""candidate"":""Trill"",""token_ids"":[1282,483],""token_count"":2,""sequence_logprob"":-3.1610677242279053,""mean_token_logprob"":-1.5805338621139526,""token_logprobs"":[-3.143202066421509,-0.017865685746073723]},{""candidate"":""Tsik"",""token_ids"":[52793,1579],""token_count"":2,""sequence_logprob"":-4.268797874450684,""mean_token_logprob"":-2.134398937225342,""token_logprobs"":[-4.26820182800293,-0.0005959880072623491]},{""candidate"":""Twitter"",""token_ids"":[24862],""token_count"":1,""sequence_logprob"":-0.07627583295106888,""mean_token_logprob"":-0.07627583295106888,""token_logprobs"":[-0.07627583295106888]}]",Twitter,false
632381,Twitter,Twitter,4,24,audio_icl_candidate,candidate,,"[{""candidate"":""Infant Cry"",""token_ids"":[19433,517,42705],""token_count"":3,""sequence_logprob"":-10.690311431884766,""mean_token_logprob"":-3.5634371439615884,""token_logprobs"":[-9.924483299255371,-1.311301275563892e-06,-0.7658268809318542]},{""candidate"":""Phee"",""token_ids"":[47,49053],""token_count"":2,""sequence_logprob"":-6.265119552612305,""mean_token_logprob"":-3.1325597763061523,""token_logprobs"":[-6.264989852905273,-0.000129691296024248]},{""candidate"":""Seep"",""token_ids"":[1514,747],""token_count"":2,""sequence_logprob"":-4.5149993896484375,""mean_token_logprob"":-2.2574996948242188,""token_logprobs"":[-4.514989852905273,-9.536697689327411e-06]},{""candidate"":""Trill"",""token_ids"":[1282,483],""token_count"":2,""sequence_logprob"":-3.2201201915740967,""mean_token_logprob"":-1.6100600957870483,""token_logprobs"":[-3.2024900913238525,-0.01763005740940571]},{""candidate"":""Tsik"",""token_ids"":[52793,1579],""token_count"":2,""sequence_logprob"":-4.3282270431518555,""mean_token_logprob"":-2.1641135215759277,""token_logprobs"":[-4.327489852905273,-0.0007373951375484467]},{""candidate"":""Twitter"",""token_ids"":[24862],""token_count"":1,""sequence_logprob"":-0.08530154079198837,""mean_token_logprob"":-0.08530154079198837,""token_logprobs"":[-0.08530154079198837]}]",Twitter,true
632863,Phee,Phee,4,24,audio_icl_candidate,candidate,,"[{""candidate"":""Infant Cry"",""token_ids"":[19433,517,42705],""token_count"":3,""sequence_logprob"":-10.574284553527832,""mean_token_logprob"":-3.524761517842611,""token_logprobs"":[-8.883506774902344,-8.344646857949556e-07,-1.69077730178833]},{""candidate"":""Phee"",""token_ids"":[47,49053],""token_count"":2,""sequence_logprob"":-4.919466018676758,""mean_token_logprob"":-2.459733009338379,""token_logprobs"":[-4.919355392456055,-0.00011073929636040702]},{""candidate"":""Seep"",""token_ids"":[1514,747],""token_count"":2,""sequence_logprob"":-4.044363498687744,""mean_token_logprob"":-2.022181749343872,""token_logprobs"":[-4.044355392456055,-8.34461570775602e-06]},{""candidate"":""Trill"",""token_ids"":[1282,483],""token_count"":2,""sequence_logprob"":-3.0657787322998047,""mean_token_logprob"":-1.5328893661499023,""token_logprobs"":[-3.044355630874634,-0.02142312563955784]},{""candidate"":""Tsik"",""token_ids"":[52793,1579],""token_count"":2,""sequence_logprob"":-3.982670307159424,""mean_token_logprob"":-1.991335153579712,""token_logprobs"":[-3.981855630874634,-0.000814582861494273]},{""candidate"":""Twitter"",""token_ids"":[24862],""token_count"":1,""sequence_logprob"":-0.09953374415636063,""mean_token_logprob"":-0.09953374415636063,""token_logprobs"":[-0.09953374415636063]}]",Twitter,false
633531,Phee,Phee,4,24,audio_icl_candidate,candidate,,"[{""candidate"":""Infant Cry"",""token_ids"":[19433,517,42705],""token_count"":3,""sequence_logprob"":-9.746307373046875,""mean_token_logprob"":-3.2487691243489585,""token_logprobs"":[-9.186812400817871,-7.152555099310121e-07,-0.5594941973686218]},{""candidate"":""Phee"",""token_ids"":[47,49053],""token_count"":2,""sequence_logprob"":-5.477814197540283,""mean_token_logprob"":-2.7389070987701416,""token_logprobs"":[-5.477652072906494,-0.00016223068814724684]},{""candidate"":""Seep"",""token_ids"":[1514,747],""token_count"":2,""sequence_logprob"":-4.165157318115234,""mean_token_logprob"":-2.082578659057617,""token_logprobs"":[-4.165152072906494,-5.483612312673358e-06]},{""candidate"":""Trill"",""token_ids"":[1282,483],""token_count"":2,""sequence_logprob"":-2.9308688640594482,""mean_token_logprob"":-1.4654344320297241,""token_logprobs"":[-2.915152072906494,-0.01571684703230858]},{""candidate"":""Tsik"",""token_ids"":[52793,1579],""token_count"":2,""sequence_logprob"":-4.228157043457031,""mean_token_logprob"":-2.1140785217285156,""token_logprobs"":[-4.227652072906494,-0.0005049622268415987]},{""candidate"":""Twitter"",""token_ids"":[24862],""token_count"":1,""sequence_logprob"":-0.08317779749631882,""mean_token_logprob"":-0.08317779749631882,""token_logprobs"":[-0.08317779749631882]}]",Twitter,false
642827,Tsik,Tsik,4,24,audio_icl_candidate,candidate,,"[{""candidate"":""Infant Cry"",""token_ids"":[19433,517,42705],""token_count"":3,""sequence_logprob"":-12.406828880310059,""mean_token_logprob"":-4.1356096267700195,""token_logprobs"":[-10.23141098022461,-1.0728830375228426e-06,-2.175416946411133]},{""candidate"":""Phee"",""token_ids"":[47,49053],""token_count"":2,""sequence_logprob"":-6.368337631225586,""mean_token_logprob"":-3.184168815612793,""token_logprobs"":[-6.368105411529541,-0.0002320735511602834]},{""candidate"":""Seep"",""token_ids"":[1514,747],""token_count"":2,""sequence_logprob"":-4.680614948272705,""mean_token_logprob"":-2.3403074741363525,""token_logprobs"":[-4.680605411529541,-9.536697689327411e-06]},{""candidate"":""Trill"",""token_ids"":[1282,483],""token_count"":2,""sequence_logprob"":-3.5734500885009766,""mean_token_logprob"":-1.7867250442504883,""token_logprobs"":[-3.555605173110962,-0.01784496009349823]},{""candidate"":""Tsik"",""token_ids"":[52793,1579],""token_count"":2,""sequence_logprob"":-4.74456262588501,""mean_token_logprob"":-2.372281312942505,""token_logprobs"":[-4.743105411529541,-0.0014573440421372652]},{""candidate"":""Twitter"",""token_ids"":[24862],""token_count"":1,""sequence_logprob"":-0.04593956843018532,""mean_token_logprob"":-0.04593956843018532,""token_logprobs"":[-0.04593956843018532]}]",Twitter,false
647588,Phee,Phee,4,24,audio_icl_candidate,candidate,,"[{""candidate"":""Infant Cry"",""token_ids"":[19433,517,42705],""token_count"":3,""sequence_logprob"":-9.1571683883667,""mean_token_logprob"":-3.0523894627889,""token_logprobs"":[-6.662655830383301,-9.536738616588991e-07,-2.494511604309082]},{""candidate"":""Phee"",""token_ids"":[47,49053],""token_count"":2,""sequence_logprob"":-4.189459800720215,""mean_token_logprob"":-2.0947299003601074,""token_logprobs"":[-4.189328670501709,-0.00013100242358632386]},{""candidate"":""Seep"",""token_ids"":[1514,747],""token_count"":2,""sequence_logprob"":-3.126837730407715,""mean_token_logprob"":-1.5634188652038574,""token_logprobs"":[-3.126828670501709,-9.179073458653875e-06]},{""candidate"":""Trill"",""token_ids"":[1282,483],""token_count"":2,""sequence_logprob"":-2.267378091812134,""mean_token_logprob"":-1.133689045906067,""token_logprobs"":[-2.251828670501709,-0.015549374744296074]},{""candidate"":""Tsik"",""token_ids"":[52793,1579],""token_count"":2,""sequence_logprob"":-3.252467393875122,""mean_token_logprob"":-1.626233696937561,""token_logprobs"":[-3.251828670501709,-0.0006386386230587959]},{""candidate"":""Twitter"",""token_ids"":[24862],""token_count"":1,""sequence_logprob"":-0.2646690011024475,""mean_token_logprob"":-0.2646690011024475,""token_logprobs"":[-0.2646690011024475]}]",Twitter,false
695230,Trill,Trill,4,24,audio_icl_candidate,candidate,,"[{""candidate"":""Infant Cry"",""token_ids"":[19433,517,42705],""token_count"":3,""sequence_logprob"":-12.252826690673828,""mean_token_logprob"":-4.084275563557942,""token_logprobs"":[-10.714106559753418,-1.6689286894688848e-06,-1.5387177467346191]},{""candidate"":""Phee"",""token_ids"":[47,49053],""token_count"":2,""sequence_logprob"":-6.6752471923828125,""mean_token_logprob"":-3.3376235961914062,""token_logprobs"":[-6.675079345703125,-0.0001679517881711945]},{""candidate"":""Seep"",""token_ids"":[1514,747],""token_count"":2,""sequence_logprob"":-4.675085544586182,""mean_token_logprob"":-2.337542772293091,""token_logprobs"":[-4.675079345703125,-6.198863957251888e-06]},{""candidate"":""Trill"",""token_ids"":[1282,483],""token_count"":2,""sequence_logprob"":-3.6270339488983154,""mean_token_logprob"":-1.8135169744491577,""token_logprobs"":[-3.612579345703125,-0.014454535208642483]},{""candidate"":""Tsik"",""token_ids"":[52793,1579],""token_count"":2,""sequence_logprob"":-5.055241584777832,""mean_token_logprob"":-2.527620792388916,""token_logprobs"":[-5.050079345703125,-0.00516200577840209]},{""candidate"":""Twitter"",""token_ids"":[24862],""token_count"":1,""sequence_logprob"":-0.051432278007268906,""mean_token_logprob"":-0.051432278007268906,""token_logprobs"":[-0.051432278007268906]}]",Twitter,false
699227,Twitter,Twitter,4,24,audio_icl_candidate,candidate,,"[{""candidate"":""Infant Cry"",""token_ids"":[19433,517,42705],""token_count"":3,""sequence_logprob"":-12.17962646484375,""mean_token_logprob"":-4.05987548828125,""token_logprobs"":[-11.215910911560059,-9.536738616588991e-07,-0.9637150168418884]},{""candidate"":""Phee"",""token_ids"":[47,49053],""token_count"":2,""sequence_logprob"":-7.045727252960205,""mean_token_logprob"":-3.5228636264801025,""token_logprobs"":[-7.04553747177124,-0.00018976318824570626]},{""candidate"":""Seep"",""token_ids"":[1514,747],""token_count"":2,""sequence_logprob"":-4.920547008514404,""mean_token_logprob"":-2.460273504257202,""token_logprobs"":[-4.92053747177124,-9.417489309271332e-06]},{""candidate"":""Trill"",""token_ids"":[1282,483],""token_count"":2,""sequence_logprob"":-3.751084327697754,""mean_token_logprob"":-1.875542163848877,""token_logprobs"":[-3.7330374717712402,-0.018046822398900986]},{""candidate"":""Tsik"",""token_ids"":[52793,1579],""token_count"":2,""sequence_logprob"":-4.858908176422119,""mean_token_logprob"":-2.4294540882110596,""token_logprobs"":[-4.85803747177124,-0.0008709213580004871]},{""candidate"":""Twitter"",""token_ids"":[24862],""token_count"":1,""sequence_logprob"":-0.04720405861735344,""mean_token_logprob"":-0.04720405861735344,""token_logprobs"":[-0.04720405861735344]}]",Twitter,true
706021,Phee,Phee,4,24,audio_icl_candidate,candidate,,"[{""candidate"":""Infant Cry"",""token_ids"":[19433,517,42705],""token_count"":3,""sequence_logprob"":-9.761573791503906,""mean_token_logprob"":-3.2538579305013022,""token_logprobs"":[-9.017772674560547,-1.311301275563892e-06,-0.7438004612922668]},{""candidate"":""Phee"",""token_ids"":[47,49053],""token_count"":2,""sequence_logprob"":-5.290676116943359,""mean_token_logprob"":-2.6453380584716797,""token_logprobs"":[-5.290530681610107,-0.0001454247540095821]},{""candidate"":""Seep"",""token_ids"":[1514,747],""token_count"":2,""sequence_logprob"":-4.165533065795898,""mean_token_logprob"":-2.082766532897949,""token_logprobs"":[-4.165530681610107,-2.622600959512056e-06]},{""candidate"":""Trill"",""token_ids"":[1282,483],""token_count"":2,""sequence_logprob"":-2.9943673610687256,""mean_token_logprob"":-1.4971836805343628,""token_logprobs"":[-2.9780304431915283,-0.016336852684617043]},{""candidate"":""Tsik"",""token_ids"":[52793,1579],""token_count"":2,""sequence_logprob"":-4.103489875793457,""mean_token_logprob"":-2.0517449378967285,""token_logprobs"":[-4.103030681610107,-0.0004592079494614154]},{""candidate"":""Twitter"",""token_ids"":[24862],""token_count"":1,""sequence_logprob"":-0.10648731142282486,""mean_token_logprob"":-0.10648731142282486,""token_logprobs"":[-0.10648731142282486]}]",Twitter,false
708875,Trill,Trill,4,24,audio_icl_candidate,candidate,,"[{""candidate"":""Infant Cry"",""token_ids"":[19433,517,42705],""token_count"":3,""sequence_logprob"":-10.582316398620605,""mean_token_logprob"":-3.5274387995402017,""token_logprobs"":[-8.903721809387207,-9.536738616588991e-07,-1.6785938739776611]},{""candidate"":""Phee"",""token_ids"":[47,49053],""token_count"":2,""sequence_logprob"":-5.9132609367370605,""mean_token_logprob"":-2.9566304683685303,""token_logprobs"":[-5.913116931915283,-0.00014411364099942148]},{""candidate"":""Seep"",""token_ids"":[1514,747],""token_count"":2,""sequence_logprob"":-4.038122653961182,""mean_token_logprob"":-2.019061326980591,""token_logprobs"":[-4.038116931915283,-5.722029527532868e-06]},{""candidate"":""Trill"",""token_ids"":[1282,483],""token_count"":2,""sequence_logprob"":-2.991844415664673,""mean_token_logprob"":-1.4959222078323364,""token_logprobs"":[-2.975616931915283,-0.016227543354034424]},{""candidate"":""Tsik"",""token_ids"":[52793,1579],""token_count"":2,""sequence_logprob"":-4.164095878601074,""mean_token_logprob"":-2.082047939300537,""token_logprobs"":[-4.163116931915283,-0.0009789442410692573]},{""candidate"":""Twitter"",""token_ids"":[24862],""token_count"":1,""sequence_logprob"":-0.09856083989143372,""mean_token_logprob"":-0.09856083989143372,""token_logprobs"":[-0.09856083989143372]}]",Twitter,false
715845,Seep,Seep,4,24,audio_icl_candidate,candidate,,"[{""candidate"":""Infant Cry"",""token_ids"":[19433,517,42705],""token_count"":3,""sequence_logprob"":-10.456859588623047,""mean_token_logprob"":-3.485619862874349,""token_logprobs"":[-9.203115463256836,-1.4305104514278355e-06,-1.2537435293197632]},{""candidate"":""Phee"",""token_ids"":[47,49053],""token_count"":2,""sequence_logprob"":-5.406693935394287,""mean_token_logprob"":-2.7033469676971436,""token_logprobs"":[-5.406528472900391,-0.0001656871900195256]},{""candidate"":""Seep"",""token_ids"":[1514,747],""token_count"":2,""sequence_logprob"":-4.1565351486206055,""mean_token_logprob"":-2.0782675743103027,""token_logprobs"":[-4.156528472900391,-6.794906312279636e-06]},{""candidate"":""Trill"",""token_ids"":[1282,483],""token_count"":2,""sequence_logprob"":-3.0479893684387207,""mean_token_logprob"":-1.5239946842193604,""token_logprobs"":[-3.0315284729003906,-0.016460806131362915]},{""candidate"":""Tsik"",""token_ids"":[52793,1579],""token_count"":2,""sequence_logprob"":-4.34496545791626,""mean_token_logprob"":-2.17248272895813,""token_logprobs"":[-4.344028472900391,-0.0009367844904772937]},{""candidate"":""Twitter"",""token_ids"":[24862],""token_count"":1,""sequence_logprob"":-0.07494031637907028,""mean_token_logprob"":-0.07494031637907028,""token_logprobs"":[-0.07494031637907028]}]",Twitter,false
716490,Tsik,Tsik,4,24,audio_icl_candidate,candidate,,"[{""candidate"":""Infant Cry"",""token_ids"":[19433,517,42705],""token_count"":3,""sequence_logprob"":-11.919181823730469,""mean_token_logprob"":-3.9730606079101562,""token_logprobs"":[-9.565278053283691,-9.536738616588991e-07,-2.353902816772461]},{""candidate"":""Phee"",""token_ids"":[47,49053],""token_count"":2,""sequence_logprob"":-5.89509916305542,""mean_token_logprob"":-2.94754958152771,""token_logprobs"":[-5.89492130279541,-0.00017808281700126827]},{""candidate"":""Seep"",""token_ids"":[1514,747],""token_count"":2,""sequence_logprob"":-4.207427501678467,""mean_token_logprob"":-2.1037137508392334,""token_logprobs"":[-4.20742130279541,-6.318072337307967e-06]},{""candidate"":""Trill"",""token_ids"":[1282,483],""token_count"":2,""sequence_logprob"":-3.227027654647827,""mean_token_logprob"":-1.6135138273239136,""token_logprobs"":[-3.20742130279541,-0.01960636116564274]},{""candidate"":""Tsik"",""token_ids"":[52793,1579],""token_count"":2,""sequence_logprob"":-4.3348188400268555,""mean_token_logprob"":-2.1674094200134277,""token_logprobs"":[-4.33242130279541,-0.0023974028881639242]},{""candidate"":""Twitter"",""token_ids"":[24862],""token_count"":1,""sequence_logprob"":-0.08118968456983566,""mean_token_logprob"":-0.08118968456983566,""token_logprobs"":[-0.08118968456983566]}]",Twitter,false
737715,Twitter,Twitter,4,24,audio_icl_candidate,candidate,,"[{""candidate"":""Infant Cry"",""token_ids"":[19433,517,42705],""token_count"":3,""sequence_logprob"":-9.978116989135742,""mean_token_logprob"":-3.3260389963785806,""token_logprobs"":[-8.571971893310547,-5.960462772236497e-07,-1.4061439037322998]},{""candidate"":""Phee"",""token_ids"":[47,49053],""token_count"":2,""sequence_logprob"":-5.6312360763549805,""mean_token_logprob"":-2.8156180381774902,""token_logprobs"":[-5.631136417388916,-9.97731985989958e-05]},{""candidate"":""Seep"",""token_ids"":[1514,747],""token_count"":2,""sequence_logprob"":-3.8811404705047607,""mean_token_logprob"":-1.9405702352523804,""token_logprobs"":[-3.881136655807495,-3.814689989667386e-06]},{""candidate"":""Trill"",""token_ids"":[1282,483],""token_count"":2,""sequence_logprob"":-2.714179277420044,""mean_token_logprob"":-1.357089638710022,""token_logprobs"":[-2.693636655807495,-0.020542718470096588]},{""candidate"":""Tsik"",""token_ids"":[52793,1579],""token_count"":2,""sequence_logprob"":-3.8815054893493652,""mean_token_logprob"":-1.9407527446746826,""token_logprobs"":[-3.881136655807495,-0.0003688847064040601]},{""candidate"":""Twitter"",""token_ids"":[24862],""token_count"":1,""sequence_logprob"":-0.12798777222633362,""mean_token_logprob"":-0.12798777222633362,""token_logprobs"":[-0.12798777222633362]}]",Twitter,true
738495,Trill,Trill,4,24,audio_icl_candidate,candidate,,"[{""candidate"":""Infant Cry"",""token_ids"":[19433,517,42705],""token_count"":3,""sequence_logprob"":-10.592095375061035,""mean_token_logprob"":-3.5306984583536782,""token_logprobs"":[-9.087757110595703,-1.4305104514278355e-06,-1.504336953163147]},{""candidate"":""Phee"",""token_ids"":[47,49053],""token_count"":2,""sequence_logprob"":-5.84633731842041,""mean_token_logprob"":-2.923168659210205,""token_logprobs"":[-5.84619665145874,-0.00014053787162993103]},{""candidate"":""Seep"",""token_ids"":[1514,747],""token_count"":2,""sequence_logprob"":-4.158707618713379,""mean_token_logprob"":-2.0793538093566895,""token_logprobs"":[-4.15869665145874,-1.0967194612021558e-05]},{""candidate"":""Trill"",""token_ids"":[1282,483],""token_count"":2,""sequence_logprob"":-2.988701581954956,""mean_token_logprob"":-1.494350790977478,""token_logprobs"":[-2.9711968898773193,-0.017504723742604256]},{""candidate"":""Tsik"",""token_ids"":[52793,1579],""token_count"":2,""sequence_logprob"":-4.351837635040283,""mean_token_logprob"":-2.1759188175201416,""token_logprobs"":[-4.34619665145874,-0.005641135852783918]},{""candidate"":""Twitter"",""token_ids"":[24862],""token_count"":1,""sequence_logprob"":-0.08581183105707169,""mean_token_logprob"":-0.08581183105707169,""token_logprobs"":[-0.08581183105707169]}]",Twitter,false
742006,Infant Cry,Infant Cry,4,24,audio_icl_candidate,candidate,,"[{""candidate"":""Infant Cry"",""token_ids"":[19433,517,42705],""token_count"":3,""sequence_logprob"":-10.42896556854248,""mean_token_logprob"":-3.4763218561808267,""token_logprobs"":[-8.460264205932617,-1.1920922133867862e-06,-1.9686999320983887]},{""candidate"":""Phee"",""token_ids"":[47,49053],""token_count"":2,""sequence_logprob"":-5.3433146476745605,""mean_token_logprob"":-2.6716573238372803,""token_logprobs"":[-5.3431477546691895,-0.00016675988445058465]},{""candidate"":""Seep"",""token_ids"":[1514,747],""token_count"":2,""sequence_logprob"":-4.343154430389404,""mean_token_logprob"":-2.171577215194702,""token_logprobs"":[-4.3431477546691895,-6.6756979322235566e-06]},{""candidate"":""Trill"",""token_ids"":[1282,483],""token_count"":2,""sequence_logprob"":-3.0468485355377197,""mean_token_logprob"":-1.5234242677688599,""token_logprobs"":[-3.0306479930877686,-0.01620044931769371]},{""candidate"":""Tsik"",""token_ids"":[52793,1579],""token_count"":2,""sequence_logprob"":-4.283116340637207,""mean_token_logprob"":-2.1415581703186035,""token_logprobs"":[-4.2806477546691895,-0.0024683980736881495]},{""candidate"":""Twitter"",""token_ids"":[24862],""token_count"":1,""sequence_logprob"":-0.0931069552898407,""mean_token_logprob"":-0.0931069552898407,""token_logprobs"":[-0.0931069552898407]}]",Twitter,false
755986,Tsik,Tsik,4,24,audio_icl_candidate,candidate,,"[{""candidate"":""Infant Cry"",""token_ids"":[19433,517,42705],""token_count"":3,""sequence_logprob"":-11.273948669433594,""mean_token_logprob"":-3.7579828898111978,""token_logprobs"":[-10.236205101013184,-5.006777428206988e-06,-1.037738561630249]},{""candidate"":""Phee"",""token_ids"":[47,49053],""token_count"":2,""sequence_logprob"":-5.735793113708496,""mean_token_logprob"":-2.867896556854248,""token_logprobs"":[-5.735676288604736,-0.00011669908417388797]},{""candidate"":""Seep"",""token_ids"":[1514,747],""token_count"":2,""sequence_logprob"":-4.735686779022217,""mean_token_logprob"":-2.3678433895111084,""token_logprobs"":[-4.735676288604736,-1.0490362910786644e-05]},{""candidate"":""Trill"",""token_ids"":[1282,483],""token_count"":2,""sequence_logprob"":-3.825208902359009,""mean_token_logprob"":-1.9126044511795044,""token_logprobs"":[-3.7981762886047363,-0.027032632380723953]},{""candidate"":""Tsik"",""token_ids"":[52793,1579],""token_count"":2,""sequence_logprob"":-4.924393177032471,""mean_token_logprob"":-2.4621965885162354,""token_logprobs"":[-4.923176288604736,-0.0012168630491942167]},{""candidate"":""Twitter"",""token_ids"":[24862],""token_count"":1,""sequence_logprob"":-0.04562937468290329,""mean_token_logprob"":-0.04562937468290329,""token_logprobs"":[-0.04562937468290329]}]",Twitter,false
758751,Phee,Phee,4,24,audio_icl_candidate,candidate,,"[{""candidate"":""Infant Cry"",""token_ids"":[19433,517,42705],""token_count"":3,""sequence_logprob"":-11.094918251037598,""mean_token_logprob"":-3.698306083679199,""token_logprobs"":[-9.387283325195312,-7.152555099310121e-07,-1.7076336145401]},{""candidate"":""Phee"",""token_ids"":[47,49053],""token_count"":2,""sequence_logprob"":-5.820212364196777,""mean_token_logprob"":-2.9101061820983887,""token_logprobs"":[-5.820085048675537,-0.00012754580529872328]},{""candidate"":""Seep"",""token_ids"":[1514,747],""token_count"":2,""sequence_logprob"":-4.632598876953125,""mean_token_logprob"":-2.3162994384765625,""token_logprobs"":[-4.632585048675537,-1.3947389561508317e-05]},{""candidate"":""Trill"",""token_ids"":[1282,483],""token_count"":2,""sequence_logprob"":-3.340355634689331,""mean_token_logprob"":-1.6701778173446655,""token_logprobs"":[-3.320085048675537,-0.020270688459277153]},{""candidate"":""Tsik"",""token_ids"":[52793,1579],""token_count"":2,""sequence_logprob"":-4.44567346572876,""mean_token_logprob"":-2.22283673286438,""token_logprobs"":[-4.445085048675537,-0.0005886013968847692]},{""candidate"":""Twitter"",""token_ids"":[24862],""token_count"":1,""sequence_logprob"":-0.0716986283659935,""mean_token_logprob"":-0.0716986283659935,""token_logprobs"":[-0.0716986283659935]}]",Twitter,false
788000,Phee,Phee,4,24,audio_icl_candidate,candidate,,"[{""candidate"":""Infant Cry"",""token_ids"":[19433,517,42705],""token_count"":3,""sequence_logprob"":-8.768458366394043,""mean_token_logprob"":-2.922819455464681,""token_logprobs"":[-8.181057929992676,-9.536738616588991e-07,-0.587399423122406]},{""candidate"":""Phee"",""token_ids"":[47,49053],""token_count"":2,""sequence_logprob"":-4.554861545562744,""mean_token_logprob"":-2.277430772781372,""token_logprobs"":[-4.554710865020752,-0.00015054999676067382]},{""candidate"":""Seep"",""token_ids"":[1514,747],""token_count"":2,""sequence_logprob"":-3.3672144412994385,""mean_token_logprob"":-1.6836072206497192,""token_logprobs"":[-3.367211103439331,-3.3378546504536644e-06]},{""candidate"":""Trill"",""token_ids"":[1282,483],""token_count"":2,""sequence_logprob"":-2.5687427520751953,""mean_token_logprob"":-1.2843713760375977,""token_logprobs"":[-2.554711103439331,-0.014031568542122841]},{""candidate"":""Tsik"",""token_ids"":[52793,1579],""token_count"":2,""sequence_logprob"":-3.555227518081665,""mean_token_logprob"":-1.7776137590408325,""token_logprobs"":[-3.554711103439331,-0.0005164004978723824]},{""candidate"":""Twitter"",""token_ids"":[24862],""token_count"":1,""sequence_logprob"":-0.13670247793197632,""mean_token_logprob"":-0.13670247793197632,""token_logprobs"":[-0.13670247793197632]}]",Twitter,false
794666,Phee,Phee,4,24,audio_icl_candidate,candidate,,"[{""candidate"":""Infant Cry"",""token_ids"":[19433,517,42705],""token_count"":3,""sequence_logprob"":-10.26387882232666,""mean_token_logprob"":-3.4212929407755532,""token_logprobs"":[-9.030393600463867,-9.536738616588991e-07,-1.233484148979187]},{""candidate"":""Phee"",""token_ids"":[47,49053],""token_count"":2,""sequence_logprob"":-5.285284042358398,""mean_token_logprob"":-2.642642021179199,""token_logprobs"":[-5.284851551055908,-0.0004325169720686972]},{""candidate"":""Seep"",""token_ids"":[1514,747],""token_count"":2,""sequence_logprob"":-4.159860134124756,""mean_token_logprob"":-2.079930067062378,""token_logprobs"":[-4.159851551055908,-8.821448318485636e-06]},{""candidate"":""Trill"",""token_ids"":[1282,483],""token_count"":2,""sequence_logprob"":-2.984712839126587,""mean_token_logprob"":-1.4923564195632935,""token_logprobs"":[-2.972351551055908,-0.012361342087388039]},{""candidate"":""Tsik"",""token_ids"":[52793,1579],""token_count"":2,""sequence_logprob"":-4.3480682373046875,""mean_token_logprob"":-2.1740341186523438,""token_logprobs"":[-4.347351551055908,-0.0007165487040765584]},{""candidate"":""Twitter"",""token_ids"":[24862],""token_count"":1,""sequence_logprob"":-0.08742886036634445,""mean_token_logprob"":-0.08742886036634445,""token_logprobs"":[-0.08742886036634445]}]",Twitter,false
799377,Tsik,Tsik,4,24,audio_icl_candidate,candidate,,"[{""candidate"":""Infant Cry"",""token_ids"":[19433,517,42705],""token_count"":3,""sequence_logprob"":-12.406103134155273,""mean_token_logprob"":-4.135367711385091,""token_logprobs"":[-9.81441593170166,-1.0728830375228426e-06,-2.591686248779297]},{""candidate"":""Phee"",""token_ids"":[47,49053],""token_count"":2,""sequence_logprob"":-6.317743301391602,""mean_token_logprob"":-3.158871650695801,""token_logprobs"":[-6.31756067276001,-0.00018249277491122484]},{""candidate"":""Seep"",""token_ids"":[1514,747],""token_count"":2,""sequence_logprob"":-4.630075931549072,""mean_token_logprob"":-2.315037965774536,""token_logprobs"":[-4.63006067276001,-1.5258672647178173e-05]},{""candidate"":""Trill"",""token_ids"":[1282,483],""token_count"":2,""sequence_logprob"":-3.2698943614959717,""mean_token_logprob"":-1.6349471807479858,""token_logprobs"":[-3.255060911178589,-0.014833396300673485]},{""candidate"":""Tsik"",""token_ids"":[52793,1579],""token_count"":2,""sequence_logprob"":-4.693208694458008,""mean_token_logprob"":-2.346604347229004,""token_logprobs"":[-4.69256067276001,-0.0006480501033365726]},{""candidate"":""Twitter"",""token_ids"":[24862],""token_count"":1,""sequence_logprob"":-0.06077013164758682,""mean_token_logprob"":-0.06077013164758682,""token_logprobs"":[-0.06077013164758682]}]",Twitter,false
859379,Trill,Trill,4,24,audio_icl_candidate,candidate,,"[{""candidate"":""Infant Cry"",""token_ids"":[19433,517,42705],""token_count"":3,""sequence_logprob"":-12.09046745300293,""mean_token_logprob"":-4.0301558176676435,""token_logprobs"":[-10.410850524902344,-1.0728830375228426e-06,-1.6796162128448486]},{""candidate"":""Phee"",""token_ids"":[47,49053],""token_count"":2,""sequence_logprob"":-6.30980110168457,""mean_token_logprob"":-3.154900550842285,""token_logprobs"":[-6.309646129608154,-0.00015496007108595222]},{""candidate"":""Seep"",""token_ids"":[1514,747],""token_count"":2,""sequence_logprob"":-4.622150421142578,""mean_token_logprob"":-2.311075210571289,""token_logprobs"":[-4.622146129608154,-4.529942543740617e-06]},{""candidate"":""Trill"",""token_ids"":[1282,483],""token_count"":2,""sequence_logprob"":-3.4509048461914062,""mean_token_logprob"":-1.7254524230957031,""token_logprobs"":[-3.4346461296081543,-0.016258742660284042]},{""candidate"":""Tsik"",""token_ids"":[52793,1579],""token_count"":2,""sequence_logprob"":-4.815795421600342,""mean_token_logprob"":-2.407897710800171,""token_logprobs"":[-4.809646129608154,-0.0061493003740906715]},{""candidate"":""Twitter"",""token_ids"":[24862],""token_count"":1,""sequence_logprob"":-0.05890990421175957,""mean_token_logprob"":-0.05890990421175957,""token_logprobs"":[-0.05890990421175957]}]",Twitter,false
860537,Phee,Phee,4,24,audio_icl_candidate,candidate,,"[{""candidate"":""Infant Cry"",""token_ids"":[19433,517,42705],""token_count"":3,""sequence_logprob"":-9.765496253967285,""mean_token_logprob"":-3.255165417989095,""token_logprobs"":[-8.59798526763916,-1.1920922133867862e-06,-1.1675097942352295]},{""candidate"":""Phee"",""token_ids"":[47,49053],""token_count"":2,""sequence_logprob"":-5.046041488647461,""mean_token_logprob"":-2.5230207443237305,""token_logprobs"":[-5.0455732345581055,-0.0004680253332480788]},{""candidate"":""Seep"",""token_ids"":[1514,747],""token_count"":2,""sequence_logprob"":-3.9205803871154785,""mean_token_logprob"":-1.9602901935577393,""token_logprobs"":[-3.9205732345581055,-7.152531907195225e-06]},{""candidate"":""Trill"",""token_ids"":[1282,483],""token_count"":2,""sequence_logprob"":-2.9993910789489746,""mean_token_logprob"":-1.4996955394744873,""token_logprobs"":[-2.9830732345581055,-0.016317853704094887]},{""candidate"":""Tsik"",""token_ids"":[52793,1579],""token_count"":2,""sequence_logprob"":-4.171333312988281,""mean_token_logprob"":-2.0856666564941406,""token_logprobs"":[-4.1705732345581055,-0.0007600279641337693]},{""candidate"":""Twitter"",""token_ids"":[24862],""token_count"":1,""sequence_logprob"":-0.10523159056901932,""mean_token_logprob"":-0.10523159056901932,""token_logprobs"":[-0.10523159056901932]}]",Twitter,false
861790,Trill,Trill,4,24,audio_icl_candidate,candidate,,"[{""candidate"":""Infant Cry"",""token_ids"":[19433,517,42705],""token_count"":3,""sequence_logprob"":-11.224494934082031,""mean_token_logprob"":-3.7414983113606772,""token_logprobs"":[-9.875372886657715,-3.099436753473128e-06,-1.349118947982788]},{""candidate"":""Phee"",""token_ids"":[47,49053],""token_count"":2,""sequence_logprob"":-5.8138885498046875,""mean_token_logprob"":-2.9069442749023438,""token_logprobs"":[-5.813774108886719,-0.00011455356434453279]},{""candidate"":""Seep"",""token_ids"":[1514,747],""token_count"":2,""sequence_logprob"":-4.501282691955566,""mean_token_logprob"":-2.250641345977783,""token_logprobs"":[-4.501274108886719,-8.702239938429557e-06]},{""candidate"":""Trill"",""token_ids"":[1282,483],""token_count"":2,""sequence_logprob"":-3.521838665008545,""mean_token_logprob"":-1.7609193325042725,""token_logprobs"":[-3.5012741088867188,-0.020564673468470573]},{""candidate"":""Tsik"",""token_ids"":[52793,1579],""token_count"":2,""sequence_logprob"":-4.564669609069824,""mean_token_logprob"":-2.282334804534912,""token_logprobs"":[-4.563774108886719,-0.0008954567601904273]},{""candidate"":""Twitter"",""token_ids"":[24862],""token_count"":1,""sequence_logprob"":-0.059275105595588684,""mean_token_logprob"":-0.059275105595588684,""token_logprobs"":[-0.059275105595588684]}]",Twitter,false
